"id","stationId","timestamp","confidence","probability","score","certainty","algorithm","metadata","lat","lon","favorite","species.id","species.commonName","species.scientificName","species.color","species.classification","species.imageUrl","species.thumbnailUrl","species.pngUrl","species.thumbhash","soundscape.id","soundscape.url","soundscape.startTime","soundscape.endTime","soundscape.mode"
8000223114,6891,"2026-05-22T01:33:27.000+02:00",0.75,0.00578421074897051,3.6354999589005,"very_likely","2p4",NA,51.568,6.0071,FALSE,242,"Barn Owl","Tyto alba","#c57e94","avian","https://media.birdweather.com/species/242/BarnOwl-standard-8bec9306e3928726cbb18b498dd33c03.jpg","https://media.birdweather.com/species/242/BarnOwl-thumbnail-f2dc3ee81bc91e5f2214d7a2b7be6eef.jpg","https://media.birdweather.com/species/242/BarnOwl-png200-fe95e07244e391ae77d98d1c722d7699.png","4PgFFwKCFGWPgIlpq2aJdXiHiQRFCWME",12106363249,"https://media.birdweather.com/soundscapes/6891/6891-20260521-233327.flac",0,3,"birdnetpi"
7999407312,6891,"2026-05-22T00:56:04.000+02:00",0.85,0.00578421074897051,3.91041881168365,"very_likely","2p4",NA,51.5657,6.0044,FALSE,242,"Barn Owl","Tyto alba","#c57e94","avian","https://media.birdweather.com/species/242/BarnOwl-standard-8bec9306e3928726cbb18b498dd33c03.jpg","https://media.birdweather.com/species/242/BarnOwl-thumbnail-f2dc3ee81bc91e5f2214d7a2b7be6eef.jpg","https://media.birdweather.com/species/242/BarnOwl-png200-fe95e07244e391ae77d98d1c722d7699.png","4PgFFwKCFGWPgIlpq2aJdXiHiQRFCWME",12105310071,"https://media.birdweather.com/soundscapes/6891/6891-20260521-225604.flac",0,3,"birdnetpi"
7999032420,6891,"2026-05-22T00:39:05.000+02:00",0.86,0.00578421074897051,3.93510416422232,"very_likely","2p4",NA,51.5676,6.006,FALSE,242,"Barn Owl","Tyto alba","#c57e94","avian","https://media.birdweather.com/species/242/BarnOwl-standard-8bec9306e3928726cbb18b498dd33c03.jpg","https://media.birdweather.com/species/242/BarnOwl-thumbnail-f2dc3ee81bc91e5f2214d7a2b7be6eef.jpg","https://media.birdweather.com/species/242/BarnOwl-png200-fe95e07244e391ae77d98d1c722d7699.png","4PgFFwKCFGWPgIlpq2aJdXiHiQRFCWME",12104837245,"https://media.birdweather.com/soundscapes/6891/6891-20260521-223905.flac",0,3,"birdnetpi"
7998969250,6891,"2026-05-22T00:36:17.000+02:00",0.74,0.00578421074897051,3.60471214638318,"very_likely","2p4",NA,51.5631,6.0017,FALSE,242,"Barn Owl","Tyto alba","#c57e94","avian","https://media.birdweather.com/species/242/BarnOwl-standard-8bec9306e3928726cbb18b498dd33c03.jpg","https://media.birdweather.com/species/242/BarnOwl-thumbnail-f2dc3ee81bc91e5f2214d7a2b7be6eef.jpg","https://media.birdweather.com/species/242/BarnOwl-png200-fe95e07244e391ae77d98d1c722d7699.png","4PgFFwKCFGWPgIlpq2aJdXiHiQRFCWME",12104757829,"https://media.birdweather.com/soundscapes/6891/6891-20260521-223617.flac",0,3,"birdnetpi"
7998951554,6891,"2026-05-22T00:35:29.000+02:00",0.96,0.00578421074897051,4.16019934449137,"almost_certain","2p4",NA,51.5666,6.0051,FALSE,242,"Barn Owl","Tyto alba","#c57e94","avian","https://media.birdweather.com/species/242/BarnOwl-standard-8bec9306e3928726cbb18b498dd33c03.jpg","https://media.birdweather.com/species/242/BarnOwl-thumbnail-f2dc3ee81bc91e5f2214d7a2b7be6eef.jpg","https://media.birdweather.com/species/242/BarnOwl-png200-fe95e07244e391ae77d98d1c722d7699.png","4PgFFwKCFGWPgIlpq2aJdXiHiQRFCWME",12104735497,"https://media.birdweather.com/soundscapes/6891/6891-20260521-223529.flac",0,3,"birdnetpi"
7998828203,6891,"2026-05-22T00:30:02.000+02:00",0.82,0.00578421074897051,3.83357624237172,"very_likely","2p4",NA,51.5673,6.0031,FALSE,242,"Barn Owl","Tyto alba","#c57e94","avian","https://media.birdweather.com/species/242/BarnOwl-standard-8bec9306e3928726cbb18b498dd33c03.jpg","https://media.birdweather.com/species/242/BarnOwl-thumbnail-f2dc3ee81bc91e5f2214d7a2b7be6eef.jpg","https://media.birdweather.com/species/242/BarnOwl-png200-fe95e07244e391ae77d98d1c722d7699.png","4PgFFwKCFGWPgIlpq2aJdXiHiQRFCWME",12104582752,"https://media.birdweather.com/soundscapes/6891/6891-20260521-223002.flac",0,3,"birdnetpi"
7998771722,6891,"2026-05-22T00:27:31.000+02:00",0.85,0.00578421074897051,3.91041881168365,"very_likely","2p4",NA,51.5671,6.0051,FALSE,242,"Barn Owl","Tyto alba","#c57e94","avian","https://media.birdweather.com/species/242/BarnOwl-standard-8bec9306e3928726cbb18b498dd33c03.jpg","https://media.birdweather.com/species/242/BarnOwl-thumbnail-f2dc3ee81bc91e5f2214d7a2b7be6eef.jpg","https://media.birdweather.com/species/242/BarnOwl-png200-fe95e07244e391ae77d98d1c722d7699.png","4PgFFwKCFGWPgIlpq2aJdXiHiQRFCWME",12104512129,"https://media.birdweather.com/soundscapes/6891/6891-20260521-222731.flac",0,3,"birdnetpi"
7998579057,6891,"2026-05-22T00:18:58.000+02:00",0.87,0.00578421074897051,3.9593525848485,"very_likely","2p4",NA,51.5662,6.0055,FALSE,242,"Barn Owl","Tyto alba","#c57e94","avian","https://media.birdweather.com/species/242/BarnOwl-standard-8bec9306e3928726cbb18b498dd33c03.jpg","https://media.birdweather.com/species/242/BarnOwl-thumbnail-f2dc3ee81bc91e5f2214d7a2b7be6eef.jpg","https://media.birdweather.com/species/242/BarnOwl-png200-fe95e07244e391ae77d98d1c722d7699.png","4PgFFwKCFGWPgIlpq2aJdXiHiQRFCWME",12104272060,"https://media.birdweather.com/soundscapes/6891/6891-20260521-221858.flac",0,3,"birdnetpi"
7998426713,6891,"2026-05-22T00:12:05.000+02:00",0.96,0.00578421074897051,4.16019934449137,"almost_certain","2p4",NA,51.5654,6.0065,FALSE,242,"Barn Owl","Tyto alba","#c57e94","avian","https://media.birdweather.com/species/242/BarnOwl-standard-8bec9306e3928726cbb18b498dd33c03.jpg","https://media.birdweather.com/species/242/BarnOwl-thumbnail-f2dc3ee81bc91e5f2214d7a2b7be6eef.jpg","https://media.birdweather.com/species/242/BarnOwl-png200-fe95e07244e391ae77d98d1c722d7699.png","4PgFFwKCFGWPgIlpq2aJdXiHiQRFCWME",12104079229,"https://media.birdweather.com/soundscapes/6891/6891-20260521-221205.flac",0,3,"birdnetpi"
7998286245,6891,"2026-05-22T00:05:44.000+02:00",0.77,0.00578421074897051,3.69507456225795,"very_likely","2p4",NA,51.5693,6.0046,FALSE,242,"Barn Owl","Tyto alba","#c57e94","avian","https://media.birdweather.com/species/242/BarnOwl-standard-8bec9306e3928726cbb18b498dd33c03.jpg","https://media.birdweather.com/species/242/BarnOwl-thumbnail-f2dc3ee81bc91e5f2214d7a2b7be6eef.jpg","https://media.birdweather.com/species/242/BarnOwl-png200-fe95e07244e391ae77d98d1c722d7699.png","4PgFFwKCFGWPgIlpq2aJdXiHiQRFCWME",12103900250,"https://media.birdweather.com/soundscapes/6891/6891-20260521-220544.flac",0,3,"birdnetpi"
7998280649,6891,"2026-05-22T00:05:29.000+02:00",0.78,0.00578421074897051,3.72391773285898,"very_likely","2p4",NA,51.5688,6.0055,FALSE,242,"Barn Owl","Tyto alba","#c57e94","avian","https://media.birdweather.com/species/242/BarnOwl-standard-8bec9306e3928726cbb18b498dd33c03.jpg","https://media.birdweather.com/species/242/BarnOwl-thumbnail-f2dc3ee81bc91e5f2214d7a2b7be6eef.jpg","https://media.birdweather.com/species/242/BarnOwl-png200-fe95e07244e391ae77d98d1c722d7699.png","4PgFFwKCFGWPgIlpq2aJdXiHiQRFCWME",12103892955,"https://media.birdweather.com/soundscapes/6891/6891-20260521-220529.flac",0,3,"birdnetpi"
7998148348,6891,"2026-05-21T23:59:29.000+02:00",0.95,0.00578421074897051,4.13928290767219,"almost_certain","2p4",NA,51.5634,6.0082,FALSE,242,"Barn Owl","Tyto alba","#c57e94","avian","https://media.birdweather.com/species/242/BarnOwl-standard-8bec9306e3928726cbb18b498dd33c03.jpg","https://media.birdweather.com/species/242/BarnOwl-thumbnail-f2dc3ee81bc91e5f2214d7a2b7be6eef.jpg","https://media.birdweather.com/species/242/BarnOwl-png200-fe95e07244e391ae77d98d1c722d7699.png","4PgFFwKCFGWPgIlpq2aJdXiHiQRFCWME",12103724890,"https://media.birdweather.com/soundscapes/6891/6891-20260521-215929.flac",0,3,"birdnetpi"
7997469660,6891,"2026-05-21T23:29:07.000+02:00",0.75,0.00578421074897051,3.6354999589005,"very_likely","2p4",NA,51.5657,6.0086,FALSE,242,"Barn Owl","Tyto alba","#c57e94","avian","https://media.birdweather.com/species/242/BarnOwl-standard-8bec9306e3928726cbb18b498dd33c03.jpg","https://media.birdweather.com/species/242/BarnOwl-thumbnail-f2dc3ee81bc91e5f2214d7a2b7be6eef.jpg","https://media.birdweather.com/species/242/BarnOwl-png200-fe95e07244e391ae77d98d1c722d7699.png","4PgFFwKCFGWPgIlpq2aJdXiHiQRFCWME",12102871169,"https://media.birdweather.com/soundscapes/6891/6891-20260521-212907.flac",0,3,"birdnetpi"
7996661056,6891,"2026-05-21T22:53:08.000+02:00",0.78,0.00578421074897051,3.72391773285898,"very_likely","2p4",NA,51.5653,6.0033,FALSE,242,"Barn Owl","Tyto alba","#c57e94","avian","https://media.birdweather.com/species/242/BarnOwl-standard-8bec9306e3928726cbb18b498dd33c03.jpg","https://media.birdweather.com/species/242/BarnOwl-thumbnail-f2dc3ee81bc91e5f2214d7a2b7be6eef.jpg","https://media.birdweather.com/species/242/BarnOwl-png200-fe95e07244e391ae77d98d1c722d7699.png","4PgFFwKCFGWPgIlpq2aJdXiHiQRFCWME",12101859665,"https://media.birdweather.com/soundscapes/6891/6891-20260521-205308.flac",0,3,"birdnetpi"
7995772096,6891,"2026-05-21T22:14:28.000+02:00",0.74,0.817369043827057,9.02887193119257,"almost_certain","2p4",NA,51.5701,6.0031,FALSE,6,"European Robin","Erithacus rubecula","#93d436","avian","https://media.birdweather.com/species/6/EuropeanRobin-standard-6802f21dc9c4b056c0c15b0a4ad01a9a.jpg","https://media.birdweather.com/species/6/EuropeanRobin-thumbnail-3afd51da2d7daf4db7f4ed43af30ed2d.jpg","https://media.birdweather.com/species/6/EuropeanRobin-png200-ac96bfc6bbb72a9e2528d5544937cebd.png","YxgKFwJnWYePd3iMd5h4Z4eHp6cMG8gA",12100765963,"https://media.birdweather.com/soundscapes/6891/6891-20260521-201428.flac",0,3,"birdnetpi"
7995732669,6891,"2026-05-21T22:12:49.000+02:00",0.73,0.0649379417300224,5.70719728962381,"almost_certain","2p4",NA,51.5617,6.0008,FALSE,232,"Green Sandpiper","Tringa ochropus","#b27aa1","avian","https://media.birdweather.com/species/232/GreenSandpiper-standard-b34cf866a9e791dedc8295d5cd1029db.jpg","https://media.birdweather.com/species/232/GreenSandpiper-thumbnail-3cdf5e1b050dd0e0e32364120ba6b347.jpg","https://media.birdweather.com/species/232/GreenSandpiper-png200-e4b8d8bf418be90c12e3e9a544b19754.png","XggKDwKZd4h9eIePhrd4eIiGigsWmHAF",12100719048,"https://media.birdweather.com/soundscapes/6891/6891-20260521-201249.flac",0,3,"birdnetpi"
7995548849,6891,"2026-05-21T22:05:16.000+02:00",0.88,0.999460279941559,9.67985980128463,"almost_certain","2p4",NA,51.5705,6.0093,FALSE,35,"Eurasian Blackbird","Turdus merula","#ff65df","avian","https://media.birdweather.com/species/35/EurasianBlackbird-standard-618b3a5132c7c359fb2a2884c39deb39.jpg","https://media.birdweather.com/species/35/EurasianBlackbird-thumbnail-276878929bed08167d1fd9bf34d63d40.jpg","https://media.birdweather.com/species/35/EurasianBlackbird-png200-ba5a1b43225da4611cac429c52a52c81.png","GfkFFwKRmrx2ZYiaaQe69nlzScn3T7IA",12100503347,"https://media.birdweather.com/soundscapes/6891/6891-20260521-200516.flac",0,3,"birdnetpi"
7995541888,6891,"2026-05-21T22:05:01.000+02:00",0.88,0.999460279941559,9.67985980128463,"almost_certain","2p4",NA,51.5703,6.0009,FALSE,35,"Eurasian Blackbird","Turdus merula","#ff65df","avian","https://media.birdweather.com/species/35/EurasianBlackbird-standard-618b3a5132c7c359fb2a2884c39deb39.jpg","https://media.birdweather.com/species/35/EurasianBlackbird-thumbnail-276878929bed08167d1fd9bf34d63d40.jpg","https://media.birdweather.com/species/35/EurasianBlackbird-png200-ba5a1b43225da4611cac429c52a52c81.png","GfkFFwKRmrx2ZYiaaQe69nlzScn3T7IA",12100495242,"https://media.birdweather.com/soundscapes/6891/6891-20260521-200501.flac",0,3,"birdnetpi"
7995530191,6891,"2026-05-21T22:04:38.000+02:00",0.86,0.999460279941559,9.63178469314319,"almost_certain","2p4",NA,51.5651,6.0019,FALSE,35,"Eurasian Blackbird","Turdus merula","#ff65df","avian","https://media.birdweather.com/species/35/EurasianBlackbird-standard-618b3a5132c7c359fb2a2884c39deb39.jpg","https://media.birdweather.com/species/35/EurasianBlackbird-thumbnail-276878929bed08167d1fd9bf34d63d40.jpg","https://media.birdweather.com/species/35/EurasianBlackbird-png200-ba5a1b43225da4611cac429c52a52c81.png","GfkFFwKRmrx2ZYiaaQe69nlzScn3T7IA",12100481920,"https://media.birdweather.com/soundscapes/6891/6891-20260521-200438.flac",0,3,"birdnetpi"
7995521940,6891,"2026-05-21T22:04:11.000+02:00",0.94,0.999460279941559,9.81472270103878,"almost_certain","2p4",NA,51.5628,6.0071,FALSE,35,"Eurasian Blackbird","Turdus merula","#ff65df","avian","https://media.birdweather.com/species/35/EurasianBlackbird-standard-618b3a5132c7c359fb2a2884c39deb39.jpg","https://media.birdweather.com/species/35/EurasianBlackbird-thumbnail-276878929bed08167d1fd9bf34d63d40.jpg","https://media.birdweather.com/species/35/EurasianBlackbird-png200-ba5a1b43225da4611cac429c52a52c81.png","GfkFFwKRmrx2ZYiaaQe69nlzScn3T7IA",12100472427,"https://media.birdweather.com/soundscapes/6891/6891-20260521-200411.flac",0,3,"birdnetpi"
7995508740,6891,"2026-05-21T22:03:40.000+02:00",0.86,0.999460279941559,9.63178469314319,"almost_certain","2p4",NA,51.5623,6.0089,FALSE,35,"Eurasian Blackbird","Turdus merula","#ff65df","avian","https://media.birdweather.com/species/35/EurasianBlackbird-standard-618b3a5132c7c359fb2a2884c39deb39.jpg","https://media.birdweather.com/species/35/EurasianBlackbird-thumbnail-276878929bed08167d1fd9bf34d63d40.jpg","https://media.birdweather.com/species/35/EurasianBlackbird-png200-ba5a1b43225da4611cac429c52a52c81.png","GfkFFwKRmrx2ZYiaaQe69nlzScn3T7IA",12100457628,"https://media.birdweather.com/soundscapes/6891/6891-20260521-200340.flac",0,3,"birdnetpi"
7995488349,6891,"2026-05-21T22:02:52.000+02:00",0.82,0.999460279941559,9.53025677129259,"almost_certain","2p4",NA,51.5697,6.0028,FALSE,35,"Eurasian Blackbird","Turdus merula","#ff65df","avian","https://media.birdweather.com/species/35/EurasianBlackbird-standard-618b3a5132c7c359fb2a2884c39deb39.jpg","https://media.birdweather.com/species/35/EurasianBlackbird-thumbnail-276878929bed08167d1fd9bf34d63d40.jpg","https://media.birdweather.com/species/35/EurasianBlackbird-png200-ba5a1b43225da4611cac429c52a52c81.png","GfkFFwKRmrx2ZYiaaQe69nlzScn3T7IA",12100434715,"https://media.birdweather.com/soundscapes/6891/6891-20260521-200252.flac",0,3,"birdnetpi"
7995471167,6891,"2026-05-21T22:02:11.000+02:00",0.73,0.999460279941559,9.26989703533621,"almost_certain","2p4",NA,51.5623,6.0067,FALSE,35,"Eurasian Blackbird","Turdus merula","#ff65df","avian","https://media.birdweather.com/species/35/EurasianBlackbird-standard-618b3a5132c7c359fb2a2884c39deb39.jpg","https://media.birdweather.com/species/35/EurasianBlackbird-thumbnail-276878929bed08167d1fd9bf34d63d40.jpg","https://media.birdweather.com/species/35/EurasianBlackbird-png200-ba5a1b43225da4611cac429c52a52c81.png","GfkFFwKRmrx2ZYiaaQe69nlzScn3T7IA",12100415156,"https://media.birdweather.com/soundscapes/6891/6891-20260521-200211.flac",0,3,"birdnetpi"
7995446177,6891,"2026-05-21T22:01:22.000+02:00",0.92,0.999460279941559,9.77122698434781,"almost_certain","2p4",NA,51.5616,6.0038,FALSE,35,"Eurasian Blackbird","Turdus merula","#ff65df","avian","https://media.birdweather.com/species/35/EurasianBlackbird-standard-618b3a5132c7c359fb2a2884c39deb39.jpg","https://media.birdweather.com/species/35/EurasianBlackbird-thumbnail-276878929bed08167d1fd9bf34d63d40.jpg","https://media.birdweather.com/species/35/EurasianBlackbird-png200-ba5a1b43225da4611cac429c52a52c81.png","GfkFFwKRmrx2ZYiaaQe69nlzScn3T7IA",12100386783,"https://media.birdweather.com/soundscapes/6891/6891-20260521-200122.flac",0,3,"birdnetpi"
7995403082,6891,"2026-05-21T21:59:34.000+02:00",0.8,0.999460279941559,9.47652439427259,"almost_certain","2p4",NA,51.5626,6.0091,FALSE,35,"Eurasian Blackbird","Turdus merula","#ff65df","avian","https://media.birdweather.com/species/35/EurasianBlackbird-standard-618b3a5132c7c359fb2a2884c39deb39.jpg","https://media.birdweather.com/species/35/EurasianBlackbird-thumbnail-276878929bed08167d1fd9bf34d63d40.jpg","https://media.birdweather.com/species/35/EurasianBlackbird-png200-ba5a1b43225da4611cac429c52a52c81.png","GfkFFwKRmrx2ZYiaaQe69nlzScn3T7IA",12100337484,"https://media.birdweather.com/soundscapes/6891/6891-20260521-195934.flac",0,3,"birdnetpi"
7995394427,6891,"2026-05-21T21:59:14.000+02:00",0.84,0.999460279941559,9.58196102062909,"almost_certain","2p4",NA,51.5622,6.0053,FALSE,35,"Eurasian Blackbird","Turdus merula","#ff65df","avian","https://media.birdweather.com/species/35/EurasianBlackbird-standard-618b3a5132c7c359fb2a2884c39deb39.jpg","https://media.birdweather.com/species/35/EurasianBlackbird-thumbnail-276878929bed08167d1fd9bf34d63d40.jpg","https://media.birdweather.com/species/35/EurasianBlackbird-png200-ba5a1b43225da4611cac429c52a52c81.png","GfkFFwKRmrx2ZYiaaQe69nlzScn3T7IA",12100327518,"https://media.birdweather.com/soundscapes/6891/6891-20260521-195914.flac",0,3,"birdnetpi"
7995387560,6891,"2026-05-21T21:58:56.000+02:00",0.81,0.999460279941559,9.50365399366836,"almost_certain","2p4",NA,51.5656,6.0053,FALSE,35,"Eurasian Blackbird","Turdus merula","#ff65df","avian","https://media.birdweather.com/species/35/EurasianBlackbird-standard-618b3a5132c7c359fb2a2884c39deb39.jpg","https://media.birdweather.com/species/35/EurasianBlackbird-thumbnail-276878929bed08167d1fd9bf34d63d40.jpg","https://media.birdweather.com/species/35/EurasianBlackbird-png200-ba5a1b43225da4611cac429c52a52c81.png","GfkFFwKRmrx2ZYiaaQe69nlzScn3T7IA",12100319445,"https://media.birdweather.com/soundscapes/6891/6891-20260521-195856.flac",0,3,"birdnetpi"
7995353617,6891,"2026-05-21T21:57:32.000+02:00",0.78,0.999460279941559,9.42059826177984,"almost_certain","2p4",NA,51.57,6.0066,FALSE,35,"Eurasian Blackbird","Turdus merula","#ff65df","avian","https://media.birdweather.com/species/35/EurasianBlackbird-standard-618b3a5132c7c359fb2a2884c39deb39.jpg","https://media.birdweather.com/species/35/EurasianBlackbird-thumbnail-276878929bed08167d1fd9bf34d63d40.jpg","https://media.birdweather.com/species/35/EurasianBlackbird-png200-ba5a1b43225da4611cac429c52a52c81.png","GfkFFwKRmrx2ZYiaaQe69nlzScn3T7IA",12100280467,"https://media.birdweather.com/soundscapes/6891/6891-20260521-195732.flac",0,3,"birdnetpi"
7995340417,6891,"2026-05-21T21:56:56.000+02:00",0.79,0.999460279941559,9.44884668524759,"almost_certain","2p4",NA,51.5695,6.0039,FALSE,35,"Eurasian Blackbird","Turdus merula","#ff65df","avian","https://media.birdweather.com/species/35/EurasianBlackbird-standard-618b3a5132c7c359fb2a2884c39deb39.jpg","https://media.birdweather.com/species/35/EurasianBlackbird-thumbnail-276878929bed08167d1fd9bf34d63d40.jpg","https://media.birdweather.com/species/35/EurasianBlackbird-png200-ba5a1b43225da4611cac429c52a52c81.png","GfkFFwKRmrx2ZYiaaQe69nlzScn3T7IA",12100265209,"https://media.birdweather.com/soundscapes/6891/6891-20260521-195656.flac",0,3,"birdnetpi"
7995327869,6891,"2026-05-21T21:56:26.000+02:00",0.78,0.999460279941559,9.42059826177984,"almost_certain","2p4",NA,51.5688,6.0089,FALSE,35,"Eurasian Blackbird","Turdus merula","#ff65df","avian","https://media.birdweather.com/species/35/EurasianBlackbird-standard-618b3a5132c7c359fb2a2884c39deb39.jpg","https://media.birdweather.com/species/35/EurasianBlackbird-thumbnail-276878929bed08167d1fd9bf34d63d40.jpg","https://media.birdweather.com/species/35/EurasianBlackbird-png200-ba5a1b43225da4611cac429c52a52c81.png","GfkFFwKRmrx2ZYiaaQe69nlzScn3T7IA",12100250911,"https://media.birdweather.com/soundscapes/6891/6891-20260521-195626.flac",0,3,"birdnetpi"
7995307828,6891,"2026-05-21T21:55:38.000+02:00",0.76,0.999460279941559,9.36229159002609,"almost_certain","2p4",NA,51.5643,6.0037,FALSE,35,"Eurasian Blackbird","Turdus merula","#ff65df","avian","https://media.birdweather.com/species/35/EurasianBlackbird-standard-618b3a5132c7c359fb2a2884c39deb39.jpg","https://media.birdweather.com/species/35/EurasianBlackbird-thumbnail-276878929bed08167d1fd9bf34d63d40.jpg","https://media.birdweather.com/species/35/EurasianBlackbird-png200-ba5a1b43225da4611cac429c52a52c81.png","GfkFFwKRmrx2ZYiaaQe69nlzScn3T7IA",12100228133,"https://media.birdweather.com/soundscapes/6891/6891-20260521-195538.flac",0,3,"birdnetpi"
7995182917,6891,"2026-05-21T21:50:50.000+02:00",0.85,0.999460279941559,9.60709934060452,"almost_certain","2p4",NA,51.5642,6.0063,FALSE,35,"Eurasian Blackbird","Turdus merula","#ff65df","avian","https://media.birdweather.com/species/35/EurasianBlackbird-standard-618b3a5132c7c359fb2a2884c39deb39.jpg","https://media.birdweather.com/species/35/EurasianBlackbird-thumbnail-276878929bed08167d1fd9bf34d63d40.jpg","https://media.birdweather.com/species/35/EurasianBlackbird-png200-ba5a1b43225da4611cac429c52a52c81.png","GfkFFwKRmrx2ZYiaaQe69nlzScn3T7IA",12100087725,"https://media.birdweather.com/soundscapes/6891/6891-20260521-195050.flac",0,3,"birdnetpi"
7995125793,6891,"2026-05-21T21:48:34.000+02:00",0.75,0.999460279941559,9.33218048782137,"almost_certain","2p4",NA,51.563,6.0036,FALSE,35,"Eurasian Blackbird","Turdus merula","#ff65df","avian","https://media.birdweather.com/species/35/EurasianBlackbird-standard-618b3a5132c7c359fb2a2884c39deb39.jpg","https://media.birdweather.com/species/35/EurasianBlackbird-thumbnail-276878929bed08167d1fd9bf34d63d40.jpg","https://media.birdweather.com/species/35/EurasianBlackbird-png200-ba5a1b43225da4611cac429c52a52c81.png","GfkFFwKRmrx2ZYiaaQe69nlzScn3T7IA",12100024455,"https://media.birdweather.com/soundscapes/6891/6891-20260521-194834.flac",0,3,"birdnetpi"
7995081215,6891,"2026-05-21T21:46:52.000+02:00",0.73,0.993420243263245,9.26167511159056,"almost_certain","2p4",NA,51.5691,6.0015,FALSE,58,"Carrion Crow","Corvus corone","#01a85a","avian","https://media.birdweather.com/species/58/CarrionCrow-standard-ed24da07616d0cd7c5ef9cd2892ec869.jpg","https://media.birdweather.com/species/58/CarrionCrow-thumbnail-38cc6285bbd8f8340f32fa4dc3f58a69.jpg","https://media.birdweather.com/species/58/CarrionCrow-png200-5ec2904f61f6588853b296f54d8d0cb6.png","nggODwDDmZlqdoiPdLeIWIiYaK6A1gMK",12099975541,"https://media.birdweather.com/soundscapes/6891/6891-20260521-194652.flac",0,3,"birdnetpi"
7995037411,6891,"2026-05-21T21:45:14.000+02:00",0.92,0.999460279941559,9.77122698434781,"almost_certain","2p4",NA,51.563,6.0091,FALSE,35,"Eurasian Blackbird","Turdus merula","#ff65df","avian","https://media.birdweather.com/species/35/EurasianBlackbird-standard-618b3a5132c7c359fb2a2884c39deb39.jpg","https://media.birdweather.com/species/35/EurasianBlackbird-thumbnail-276878929bed08167d1fd9bf34d63d40.jpg","https://media.birdweather.com/species/35/EurasianBlackbird-png200-ba5a1b43225da4611cac429c52a52c81.png","GfkFFwKRmrx2ZYiaaQe69nlzScn3T7IA",12099925992,"https://media.birdweather.com/soundscapes/6891/6891-20260521-194514.flac",0,3,"birdnetpi"
7995002819,6891,"2026-05-21T21:43:47.000+02:00",0.75,0.993420243263245,9.32395856407572,"almost_certain","2p4",NA,51.5631,6.0087,FALSE,58,"Carrion Crow","Corvus corone","#01a85a","avian","https://media.birdweather.com/species/58/CarrionCrow-standard-ed24da07616d0cd7c5ef9cd2892ec869.jpg","https://media.birdweather.com/species/58/CarrionCrow-thumbnail-38cc6285bbd8f8340f32fa4dc3f58a69.jpg","https://media.birdweather.com/species/58/CarrionCrow-png200-5ec2904f61f6588853b296f54d8d0cb6.png","nggODwDDmZlqdoiPdLeIWIiYaK6A1gMK",12099887385,"https://media.birdweather.com/soundscapes/6891/6891-20260521-194347.flac",0,3,"birdnetpi"
7994918238,6891,"2026-05-21T21:40:31.000+02:00",0.7,0.999460279941559,9.17081772897212,"almost_certain","2p4",NA,51.566,6.0082,FALSE,35,"Eurasian Blackbird","Turdus merula","#ff65df","avian","https://media.birdweather.com/species/35/EurasianBlackbird-standard-618b3a5132c7c359fb2a2884c39deb39.jpg","https://media.birdweather.com/species/35/EurasianBlackbird-thumbnail-276878929bed08167d1fd9bf34d63d40.jpg","https://media.birdweather.com/species/35/EurasianBlackbird-png200-ba5a1b43225da4611cac429c52a52c81.png","GfkFFwKRmrx2ZYiaaQe69nlzScn3T7IA",12099793364,"https://media.birdweather.com/soundscapes/6891/6891-20260521-194031.flac",0,3,"birdnetpi"
7994911671,6891,"2026-05-21T21:40:17.000+02:00",0.85,0.999460279941559,9.60709934060452,"almost_certain","2p4",NA,51.5641,6.0039,FALSE,35,"Eurasian Blackbird","Turdus merula","#ff65df","avian","https://media.birdweather.com/species/35/EurasianBlackbird-standard-618b3a5132c7c359fb2a2884c39deb39.jpg","https://media.birdweather.com/species/35/EurasianBlackbird-thumbnail-276878929bed08167d1fd9bf34d63d40.jpg","https://media.birdweather.com/species/35/EurasianBlackbird-png200-ba5a1b43225da4611cac429c52a52c81.png","GfkFFwKRmrx2ZYiaaQe69nlzScn3T7IA",12099786151,"https://media.birdweather.com/soundscapes/6891/6891-20260521-194017.flac",0,3,"birdnetpi"
7994902854,6891,"2026-05-21T21:40:04.000+02:00",0.96,0.999460279941559,9.85687987341223,"almost_certain","2p4",NA,51.5682,6.0012,FALSE,35,"Eurasian Blackbird","Turdus merula","#ff65df","avian","https://media.birdweather.com/species/35/EurasianBlackbird-standard-618b3a5132c7c359fb2a2884c39deb39.jpg","https://media.birdweather.com/species/35/EurasianBlackbird-thumbnail-276878929bed08167d1fd9bf34d63d40.jpg","https://media.birdweather.com/species/35/EurasianBlackbird-png200-ba5a1b43225da4611cac429c52a52c81.png","GfkFFwKRmrx2ZYiaaQe69nlzScn3T7IA",12099776549,"https://media.birdweather.com/soundscapes/6891/6891-20260521-194004.flac",0,3,"birdnetpi"
7994894773,6891,"2026-05-21T21:39:40.000+02:00",0.93,0.999460279941559,9.79314745199243,"almost_certain","2p4",NA,51.5631,6.0084,FALSE,35,"Eurasian Blackbird","Turdus merula","#ff65df","avian","https://media.birdweather.com/species/35/EurasianBlackbird-standard-618b3a5132c7c359fb2a2884c39deb39.jpg","https://media.birdweather.com/species/35/EurasianBlackbird-thumbnail-276878929bed08167d1fd9bf34d63d40.jpg","https://media.birdweather.com/species/35/EurasianBlackbird-png200-ba5a1b43225da4611cac429c52a52c81.png","GfkFFwKRmrx2ZYiaaQe69nlzScn3T7IA",12099767835,"https://media.birdweather.com/soundscapes/6891/6891-20260521-193940.flac",0,3,"birdnetpi"
7994886151,6891,"2026-05-21T21:39:20.000+02:00",0.8,0.999460279941559,9.47652439427259,"almost_certain","2p4",NA,51.5663,6.0044,FALSE,35,"Eurasian Blackbird","Turdus merula","#ff65df","avian","https://media.birdweather.com/species/35/EurasianBlackbird-standard-618b3a5132c7c359fb2a2884c39deb39.jpg","https://media.birdweather.com/species/35/EurasianBlackbird-thumbnail-276878929bed08167d1fd9bf34d63d40.jpg","https://media.birdweather.com/species/35/EurasianBlackbird-png200-ba5a1b43225da4611cac429c52a52c81.png","GfkFFwKRmrx2ZYiaaQe69nlzScn3T7IA",12099758651,"https://media.birdweather.com/soundscapes/6891/6891-20260521-193920.flac",0,3,"birdnetpi"
7994875987,6891,"2026-05-21T21:38:56.000+02:00",0.91,0.999460279941559,9.74895007075347,"almost_certain","2p4",NA,51.5701,6.0045,FALSE,35,"Eurasian Blackbird","Turdus merula","#ff65df","avian","https://media.birdweather.com/species/35/EurasianBlackbird-standard-618b3a5132c7c359fb2a2884c39deb39.jpg","https://media.birdweather.com/species/35/EurasianBlackbird-thumbnail-276878929bed08167d1fd9bf34d63d40.jpg","https://media.birdweather.com/species/35/EurasianBlackbird-png200-ba5a1b43225da4611cac429c52a52c81.png","GfkFFwKRmrx2ZYiaaQe69nlzScn3T7IA",12099747555,"https://media.birdweather.com/soundscapes/6891/6891-20260521-193856.flac",0,3,"birdnetpi"
7994857020,6891,"2026-05-21T21:38:22.000+02:00",0.9,0.999460279941559,9.72630492708031,"almost_certain","2p4",NA,51.5683,6.006,FALSE,35,"Eurasian Blackbird","Turdus merula","#ff65df","avian","https://media.birdweather.com/species/35/EurasianBlackbird-standard-618b3a5132c7c359fb2a2884c39deb39.jpg","https://media.birdweather.com/species/35/EurasianBlackbird-thumbnail-276878929bed08167d1fd9bf34d63d40.jpg","https://media.birdweather.com/species/35/EurasianBlackbird-png200-ba5a1b43225da4611cac429c52a52c81.png","GfkFFwKRmrx2ZYiaaQe69nlzScn3T7IA",12099726874,"https://media.birdweather.com/soundscapes/6891/6891-20260521-193822.flac",0,3,"birdnetpi"
7994842915,6891,"2026-05-21T21:37:43.000+02:00",0.8,0.999460279941559,9.47652439427259,"almost_certain","2p4",NA,51.5684,6.0075,FALSE,35,"Eurasian Blackbird","Turdus merula","#ff65df","avian","https://media.birdweather.com/species/35/EurasianBlackbird-standard-618b3a5132c7c359fb2a2884c39deb39.jpg","https://media.birdweather.com/species/35/EurasianBlackbird-thumbnail-276878929bed08167d1fd9bf34d63d40.jpg","https://media.birdweather.com/species/35/EurasianBlackbird-png200-ba5a1b43225da4611cac429c52a52c81.png","GfkFFwKRmrx2ZYiaaQe69nlzScn3T7IA",12099711441,"https://media.birdweather.com/soundscapes/6891/6891-20260521-193743.flac",0,3,"birdnetpi"
7994822919,6891,"2026-05-21T21:36:56.000+02:00",0.97,0.999460279941559,9.87748176540165,"almost_certain","2p4",NA,51.5649,6.0035,FALSE,35,"Eurasian Blackbird","Turdus merula","#ff65df","avian","https://media.birdweather.com/species/35/EurasianBlackbird-standard-618b3a5132c7c359fb2a2884c39deb39.jpg","https://media.birdweather.com/species/35/EurasianBlackbird-thumbnail-276878929bed08167d1fd9bf34d63d40.jpg","https://media.birdweather.com/species/35/EurasianBlackbird-png200-ba5a1b43225da4611cac429c52a52c81.png","GfkFFwKRmrx2ZYiaaQe69nlzScn3T7IA",12099689740,"https://media.birdweather.com/soundscapes/6891/6891-20260521-193656.flac",0,3,"birdnetpi"
7994813824,6891,"2026-05-21T21:36:38.000+02:00",0.94,0.999460279941559,9.81472270103878,"almost_certain","2p4",NA,51.569,6.0065,FALSE,35,"Eurasian Blackbird","Turdus merula","#ff65df","avian","https://media.birdweather.com/species/35/EurasianBlackbird-standard-618b3a5132c7c359fb2a2884c39deb39.jpg","https://media.birdweather.com/species/35/EurasianBlackbird-thumbnail-276878929bed08167d1fd9bf34d63d40.jpg","https://media.birdweather.com/species/35/EurasianBlackbird-png200-ba5a1b43225da4611cac429c52a52c81.png","GfkFFwKRmrx2ZYiaaQe69nlzScn3T7IA",12099679680,"https://media.birdweather.com/soundscapes/6891/6891-20260521-193638.flac",0,3,"birdnetpi"
7994710615,6891,"2026-05-21T21:32:38.000+02:00",0.94,0.999460279941559,9.81472270103878,"almost_certain","2p4",NA,51.5691,6.0026,FALSE,35,"Eurasian Blackbird","Turdus merula","#ff65df","avian","https://media.birdweather.com/species/35/EurasianBlackbird-standard-618b3a5132c7c359fb2a2884c39deb39.jpg","https://media.birdweather.com/species/35/EurasianBlackbird-thumbnail-276878929bed08167d1fd9bf34d63d40.jpg","https://media.birdweather.com/species/35/EurasianBlackbird-png200-ba5a1b43225da4611cac429c52a52c81.png","GfkFFwKRmrx2ZYiaaQe69nlzScn3T7IA",12099565376,"https://media.birdweather.com/soundscapes/6891/6891-20260521-193238.flac",0,3,"birdnetpi"
7994700077,6891,"2026-05-21T21:32:14.000+02:00",0.79,0.999460279941559,9.44884668524759,"almost_certain","2p4",NA,51.5623,6.0049,FALSE,35,"Eurasian Blackbird","Turdus merula","#ff65df","avian","https://media.birdweather.com/species/35/EurasianBlackbird-standard-618b3a5132c7c359fb2a2884c39deb39.jpg","https://media.birdweather.com/species/35/EurasianBlackbird-thumbnail-276878929bed08167d1fd9bf34d63d40.jpg","https://media.birdweather.com/species/35/EurasianBlackbird-png200-ba5a1b43225da4611cac429c52a52c81.png","GfkFFwKRmrx2ZYiaaQe69nlzScn3T7IA",12099553571,"https://media.birdweather.com/soundscapes/6891/6891-20260521-193214.flac",0,3,"birdnetpi"
7994655115,6891,"2026-05-21T21:30:32.000+02:00",0.76,0.999460279941559,9.36229159002609,"almost_certain","2p4",NA,51.5689,6.0066,FALSE,35,"Eurasian Blackbird","Turdus merula","#ff65df","avian","https://media.birdweather.com/species/35/EurasianBlackbird-standard-618b3a5132c7c359fb2a2884c39deb39.jpg","https://media.birdweather.com/species/35/EurasianBlackbird-thumbnail-276878929bed08167d1fd9bf34d63d40.jpg","https://media.birdweather.com/species/35/EurasianBlackbird-png200-ba5a1b43225da4611cac429c52a52c81.png","GfkFFwKRmrx2ZYiaaQe69nlzScn3T7IA",12099504403,"https://media.birdweather.com/soundscapes/6891/6891-20260521-193032.flac",0,3,"birdnetpi"
7994591029,6891,"2026-05-21T21:28:05.000+02:00",0.72,0.803734242916107,8.9423742064258,"almost_certain","2p4",NA,51.5654,6.0058,FALSE,551,"Common Swift","Apus apus","#234bb2","avian","https://media.birdweather.com/species/551/CommonSwift-standard-ba54f84fbd8481b1c0de60654fbd79d5.jpg","https://media.birdweather.com/species/551/CommonSwift-thumbnail-bad1d7e3c141990f11d01e49e9f768ac.jpg","https://media.birdweather.com/species/551/CommonSwift-png200-f52bea49cb0e4232049806bde3e1a401.png","LLYFFwLchWelV5dvsqh1jKZoKJIEMkoA",12099434152,"https://media.birdweather.com/soundscapes/6891/6891-20260521-192805.flac",0,3,"birdnetpi"
7994567566,6891,"2026-05-21T21:27:22.000+02:00",0.97,0.560286164283752,9.09516681123617,"almost_certain","2p4",NA,51.5652,6.0009,FALSE,119,"Common House-Martin","Delichon urbicum","#53b1ff","avian","https://media.birdweather.com/species/119/CommonHouse-Martin-standard-9ffbcc688c51210fb136a162c84d82ad.jpg","https://media.birdweather.com/species/119/CommonHouse-Martin-thumbnail-dd7059ca6235347c3097e7a66f04df95.jpg","https://media.birdweather.com/species/119/CommonHouse-Martin-png200-a73a8953ce2af50676da81e70b2746b2.png","YhgKDwKJd4iIiHd/h5h5d4mIeQqVllAH",12099408255,"https://media.birdweather.com/soundscapes/6891/6891-20260521-192722.flac",0,3,"birdnetpi"
7994560802,6891,"2026-05-21T21:26:58.000+02:00",0.97,0.560286164283752,9.09516681123617,"almost_certain","2p4",NA,51.57,6.0085,FALSE,119,"Common House-Martin","Delichon urbicum","#53b1ff","avian","https://media.birdweather.com/species/119/CommonHouse-Martin-standard-9ffbcc688c51210fb136a162c84d82ad.jpg","https://media.birdweather.com/species/119/CommonHouse-Martin-thumbnail-dd7059ca6235347c3097e7a66f04df95.jpg","https://media.birdweather.com/species/119/CommonHouse-Martin-png200-a73a8953ce2af50676da81e70b2746b2.png","YhgKDwKJd4iIiHd/h5h5d4mIeQqVllAH",12099400978,"https://media.birdweather.com/soundscapes/6891/6891-20260521-192658.flac",0,3,"birdnetpi"
7994540597,6891,"2026-05-21T21:26:11.000+02:00",0.96,0.560286164283752,9.07456491924675,"almost_certain","2p4",NA,51.5636,6.0041,FALSE,119,"Common House-Martin","Delichon urbicum","#53b1ff","avian","https://media.birdweather.com/species/119/CommonHouse-Martin-standard-9ffbcc688c51210fb136a162c84d82ad.jpg","https://media.birdweather.com/species/119/CommonHouse-Martin-thumbnail-dd7059ca6235347c3097e7a66f04df95.jpg","https://media.birdweather.com/species/119/CommonHouse-Martin-png200-a73a8953ce2af50676da81e70b2746b2.png","YhgKDwKJd4iIiHd/h5h5d4mIeQqVllAH",12099379235,"https://media.birdweather.com/soundscapes/6891/6891-20260521-192611.flac",0,3,"birdnetpi"
7994526709,6891,"2026-05-21T21:25:40.000+02:00",0.96,0.560286164283752,9.07456491924675,"almost_certain","2p4",NA,51.5659,6.0019,FALSE,119,"Common House-Martin","Delichon urbicum","#53b1ff","avian","https://media.birdweather.com/species/119/CommonHouse-Martin-standard-9ffbcc688c51210fb136a162c84d82ad.jpg","https://media.birdweather.com/species/119/CommonHouse-Martin-thumbnail-dd7059ca6235347c3097e7a66f04df95.jpg","https://media.birdweather.com/species/119/CommonHouse-Martin-png200-a73a8953ce2af50676da81e70b2746b2.png","YhgKDwKJd4iIiHd/h5h5d4mIeQqVllAH",12099364513,"https://media.birdweather.com/soundscapes/6891/6891-20260521-192540.flac",0,3,"birdnetpi"
7994470240,6891,"2026-05-21T21:23:32.000+02:00",0.94,0.560286164283752,9.0324077468733,"almost_certain","2p4",NA,51.5616,6.0038,FALSE,119,"Common House-Martin","Delichon urbicum","#53b1ff","avian","https://media.birdweather.com/species/119/CommonHouse-Martin-standard-9ffbcc688c51210fb136a162c84d82ad.jpg","https://media.birdweather.com/species/119/CommonHouse-Martin-thumbnail-dd7059ca6235347c3097e7a66f04df95.jpg","https://media.birdweather.com/species/119/CommonHouse-Martin-png200-a73a8953ce2af50676da81e70b2746b2.png","YhgKDwKJd4iIiHd/h5h5d4mIeQqVllAH",12099302803,"https://media.birdweather.com/soundscapes/6891/6891-20260521-192332.flac",0,3,"birdnetpi"
7994446029,6891,"2026-05-21T21:22:40.000+02:00",0.94,0.560286164283752,9.0324077468733,"almost_certain","2p4",NA,51.5695,6.0027,FALSE,119,"Common House-Martin","Delichon urbicum","#53b1ff","avian","https://media.birdweather.com/species/119/CommonHouse-Martin-standard-9ffbcc688c51210fb136a162c84d82ad.jpg","https://media.birdweather.com/species/119/CommonHouse-Martin-thumbnail-dd7059ca6235347c3097e7a66f04df95.jpg","https://media.birdweather.com/species/119/CommonHouse-Martin-png200-a73a8953ce2af50676da81e70b2746b2.png","YhgKDwKJd4iIiHd/h5h5d4mIeQqVllAH",12099276806,"https://media.birdweather.com/soundscapes/6891/6891-20260521-192240.flac",0,3,"birdnetpi"
7994383243,6891,"2026-05-21T21:20:29.000+02:00",0.99,0.560286164283752,9.1354638339688,"almost_certain","2p4",NA,51.5677,6.0092,FALSE,119,"Common House-Martin","Delichon urbicum","#53b1ff","avian","https://media.birdweather.com/species/119/CommonHouse-Martin-standard-9ffbcc688c51210fb136a162c84d82ad.jpg","https://media.birdweather.com/species/119/CommonHouse-Martin-thumbnail-dd7059ca6235347c3097e7a66f04df95.jpg","https://media.birdweather.com/species/119/CommonHouse-Martin-png200-a73a8953ce2af50676da81e70b2746b2.png","YhgKDwKJd4iIiHd/h5h5d4mIeQqVllAH",12099209545,"https://media.birdweather.com/soundscapes/6891/6891-20260521-192029.flac",0,3,"birdnetpi"
7994359207,6891,"2026-05-21T21:19:26.000+02:00",0.83,0.999460279941559,9.55635279840244,"almost_certain","2p4",NA,51.5622,6.0058,FALSE,35,"Eurasian Blackbird","Turdus merula","#ff65df","avian","https://media.birdweather.com/species/35/EurasianBlackbird-standard-618b3a5132c7c359fb2a2884c39deb39.jpg","https://media.birdweather.com/species/35/EurasianBlackbird-thumbnail-276878929bed08167d1fd9bf34d63d40.jpg","https://media.birdweather.com/species/35/EurasianBlackbird-png200-ba5a1b43225da4611cac429c52a52c81.png","GfkFFwKRmrx2ZYiaaQe69nlzScn3T7IA",12099183942,"https://media.birdweather.com/soundscapes/6891/6891-20260521-191926.flac",0,3,"birdnetpi"
7994345627,6891,"2026-05-21T21:18:55.000+02:00",0.72,0.999460279941559,9.23766025388425,"almost_certain","2p4",NA,51.5677,6.0063,FALSE,35,"Eurasian Blackbird","Turdus merula","#ff65df","avian","https://media.birdweather.com/species/35/EurasianBlackbird-standard-618b3a5132c7c359fb2a2884c39deb39.jpg","https://media.birdweather.com/species/35/EurasianBlackbird-thumbnail-276878929bed08167d1fd9bf34d63d40.jpg","https://media.birdweather.com/species/35/EurasianBlackbird-png200-ba5a1b43225da4611cac429c52a52c81.png","GfkFFwKRmrx2ZYiaaQe69nlzScn3T7IA",12099169203,"https://media.birdweather.com/soundscapes/6891/6891-20260521-191855.flac",0,3,"birdnetpi"
7994244239,6891,"2026-05-21T21:15:13.000+02:00",0.79,0.567586779594421,8.68395870833491,"almost_certain","2p4",NA,51.5635,6.0012,FALSE,294,"European Greenfinch","Chloris chloris","#fea614","avian","https://media.birdweather.com/species/294/EuropeanGreenfinch-standard-34aa36357c06fbf52af390917f29436b.jpg","https://media.birdweather.com/species/294/EuropeanGreenfinch-thumbnail-7466d93ab9340d75d4eec2ca6eeed529.jpg","https://media.birdweather.com/species/294/EuropeanGreenfinch-png200-8b2951bb918db1cbed643a9530efa558.png","FRkGHwJYqWeEd4ifapeoh4ZriPUnaG8B",12099062012,"https://media.birdweather.com/soundscapes/6891/6891-20260521-191513.flac",0,3,"birdnetpi"
7994216590,6891,"2026-05-21T21:14:11.000+02:00",0.81,0.999460279941559,9.50365399366836,"almost_certain","2p4",NA,51.5701,6.0063,FALSE,35,"Eurasian Blackbird","Turdus merula","#ff65df","avian","https://media.birdweather.com/species/35/EurasianBlackbird-standard-618b3a5132c7c359fb2a2884c39deb39.jpg","https://media.birdweather.com/species/35/EurasianBlackbird-thumbnail-276878929bed08167d1fd9bf34d63d40.jpg","https://media.birdweather.com/species/35/EurasianBlackbird-png200-ba5a1b43225da4611cac429c52a52c81.png","GfkFFwKRmrx2ZYiaaQe69nlzScn3T7IA",12099032124,"https://media.birdweather.com/soundscapes/6891/6891-20260521-191411.flac",0,3,"birdnetpi"
7994210695,6891,"2026-05-21T21:13:58.000+02:00",0.97,0.560286164283752,9.09516681123617,"almost_certain","2p4",NA,51.5665,6.0018,FALSE,119,"Common House-Martin","Delichon urbicum","#53b1ff","avian","https://media.birdweather.com/species/119/CommonHouse-Martin-standard-9ffbcc688c51210fb136a162c84d82ad.jpg","https://media.birdweather.com/species/119/CommonHouse-Martin-thumbnail-dd7059ca6235347c3097e7a66f04df95.jpg","https://media.birdweather.com/species/119/CommonHouse-Martin-png200-a73a8953ce2af50676da81e70b2746b2.png","YhgKDwKJd4iIiHd/h5h5d4mIeQqVllAH",12099025914,"https://media.birdweather.com/soundscapes/6891/6891-20260521-191358.flac",0,3,"birdnetpi"
7994197309,6891,"2026-05-21T21:13:32.000+02:00",0.94,0.560286164283752,9.0324077468733,"almost_certain","2p4",NA,51.5617,6.0018,FALSE,119,"Common House-Martin","Delichon urbicum","#53b1ff","avian","https://media.birdweather.com/species/119/CommonHouse-Martin-standard-9ffbcc688c51210fb136a162c84d82ad.jpg","https://media.birdweather.com/species/119/CommonHouse-Martin-thumbnail-dd7059ca6235347c3097e7a66f04df95.jpg","https://media.birdweather.com/species/119/CommonHouse-Martin-png200-a73a8953ce2af50676da81e70b2746b2.png","YhgKDwKJd4iIiHd/h5h5d4mIeQqVllAH",12099011939,"https://media.birdweather.com/soundscapes/6891/6891-20260521-191332.flac",0,3,"birdnetpi"
7994183426,6891,"2026-05-21T21:12:58.000+02:00",0.7,0.999460279941559,9.17081772897212,"almost_certain","2p4",NA,51.5656,6.0085,FALSE,35,"Eurasian Blackbird","Turdus merula","#ff65df","avian","https://media.birdweather.com/species/35/EurasianBlackbird-standard-618b3a5132c7c359fb2a2884c39deb39.jpg","https://media.birdweather.com/species/35/EurasianBlackbird-thumbnail-276878929bed08167d1fd9bf34d63d40.jpg","https://media.birdweather.com/species/35/EurasianBlackbird-png200-ba5a1b43225da4611cac429c52a52c81.png","GfkFFwKRmrx2ZYiaaQe69nlzScn3T7IA",12098997165,"https://media.birdweather.com/soundscapes/6891/6891-20260521-191258.flac",0,3,"birdnetpi"
7994132332,6891,"2026-05-21T21:11:07.000+02:00",0.92,0.560286164283752,8.98891203018233,"almost_certain","2p4",NA,51.5649,6.0087,FALSE,119,"Common House-Martin","Delichon urbicum","#53b1ff","avian","https://media.birdweather.com/species/119/CommonHouse-Martin-standard-9ffbcc688c51210fb136a162c84d82ad.jpg","https://media.birdweather.com/species/119/CommonHouse-Martin-thumbnail-dd7059ca6235347c3097e7a66f04df95.jpg","https://media.birdweather.com/species/119/CommonHouse-Martin-png200-a73a8953ce2af50676da81e70b2746b2.png","YhgKDwKJd4iIiHd/h5h5d4mIeQqVllAH",12098943445,"https://media.birdweather.com/soundscapes/6891/6891-20260521-191107.flac",0,3,"birdnetpi"
7994127604,6891,"2026-05-21T21:10:56.000+02:00",0.84,0.999460279941559,9.58196102062909,"almost_certain","2p4",NA,51.5676,6.0057,FALSE,35,"Eurasian Blackbird","Turdus merula","#ff65df","avian","https://media.birdweather.com/species/35/EurasianBlackbird-standard-618b3a5132c7c359fb2a2884c39deb39.jpg","https://media.birdweather.com/species/35/EurasianBlackbird-thumbnail-276878929bed08167d1fd9bf34d63d40.jpg","https://media.birdweather.com/species/35/EurasianBlackbird-png200-ba5a1b43225da4611cac429c52a52c81.png","GfkFFwKRmrx2ZYiaaQe69nlzScn3T7IA",12098938564,"https://media.birdweather.com/soundscapes/6891/6891-20260521-191056.flac",0,3,"birdnetpi"
7994117804,6891,"2026-05-21T21:10:37.000+02:00",0.97,0.560286164283752,9.09516681123617,"almost_certain","2p4",NA,51.5668,6.0032,FALSE,119,"Common House-Martin","Delichon urbicum","#53b1ff","avian","https://media.birdweather.com/species/119/CommonHouse-Martin-standard-9ffbcc688c51210fb136a162c84d82ad.jpg","https://media.birdweather.com/species/119/CommonHouse-Martin-thumbnail-dd7059ca6235347c3097e7a66f04df95.jpg","https://media.birdweather.com/species/119/CommonHouse-Martin-png200-a73a8953ce2af50676da81e70b2746b2.png","YhgKDwKJd4iIiHd/h5h5d4mIeQqVllAH",12098927977,"https://media.birdweather.com/soundscapes/6891/6891-20260521-191037.flac",0,3,"birdnetpi"
7994116027,6891,"2026-05-21T21:10:31.000+02:00",0.74,0.999460279941559,9.30139267530405,"almost_certain","2p4",NA,51.5681,6.0046,FALSE,35,"Eurasian Blackbird","Turdus merula","#ff65df","avian","https://media.birdweather.com/species/35/EurasianBlackbird-standard-618b3a5132c7c359fb2a2884c39deb39.jpg","https://media.birdweather.com/species/35/EurasianBlackbird-thumbnail-276878929bed08167d1fd9bf34d63d40.jpg","https://media.birdweather.com/species/35/EurasianBlackbird-png200-ba5a1b43225da4611cac429c52a52c81.png","GfkFFwKRmrx2ZYiaaQe69nlzScn3T7IA",12098926054,"https://media.birdweather.com/soundscapes/6891/6891-20260521-191031.flac",0,3,"birdnetpi"
7994105898,6891,"2026-05-21T21:10:13.000+02:00",0.98,0.560286164283752,9.11546347876182,"almost_certain","2p4",NA,51.5638,6.0074,FALSE,119,"Common House-Martin","Delichon urbicum","#53b1ff","avian","https://media.birdweather.com/species/119/CommonHouse-Martin-standard-9ffbcc688c51210fb136a162c84d82ad.jpg","https://media.birdweather.com/species/119/CommonHouse-Martin-thumbnail-dd7059ca6235347c3097e7a66f04df95.jpg","https://media.birdweather.com/species/119/CommonHouse-Martin-png200-a73a8953ce2af50676da81e70b2746b2.png","YhgKDwKJd4iIiHd/h5h5d4mIeQqVllAH",12098915336,"https://media.birdweather.com/soundscapes/6891/6891-20260521-191013.flac",0,3,"birdnetpi"
7994075777,6891,"2026-05-21T21:09:04.000+02:00",0.8,0.999460279941559,9.47652439427259,"almost_certain","2p4",NA,51.5624,6.0079,FALSE,35,"Eurasian Blackbird","Turdus merula","#ff65df","avian","https://media.birdweather.com/species/35/EurasianBlackbird-standard-618b3a5132c7c359fb2a2884c39deb39.jpg","https://media.birdweather.com/species/35/EurasianBlackbird-thumbnail-276878929bed08167d1fd9bf34d63d40.jpg","https://media.birdweather.com/species/35/EurasianBlackbird-png200-ba5a1b43225da4611cac429c52a52c81.png","GfkFFwKRmrx2ZYiaaQe69nlzScn3T7IA",12098883093,"https://media.birdweather.com/soundscapes/6891/6891-20260521-190904.flac",0,3,"birdnetpi"
7994043461,6891,"2026-05-21T21:07:51.000+02:00",0.89,0.560286164283752,8.92096422082139,"almost_certain","2p4",NA,51.5628,6.0054,FALSE,119,"Common House-Martin","Delichon urbicum","#53b1ff","avian","https://media.birdweather.com/species/119/CommonHouse-Martin-standard-9ffbcc688c51210fb136a162c84d82ad.jpg","https://media.birdweather.com/species/119/CommonHouse-Martin-thumbnail-dd7059ca6235347c3097e7a66f04df95.jpg","https://media.birdweather.com/species/119/CommonHouse-Martin-png200-a73a8953ce2af50676da81e70b2746b2.png","YhgKDwKJd4iIiHd/h5h5d4mIeQqVllAH",12098848792,"https://media.birdweather.com/soundscapes/6891/6891-20260521-190751.flac",0,3,"birdnetpi"
7994018883,6891,"2026-05-21T21:06:56.000+02:00",0.89,0.560286164283752,8.92096422082139,"almost_certain","2p4",NA,51.5692,6.0039,FALSE,119,"Common House-Martin","Delichon urbicum","#53b1ff","avian","https://media.birdweather.com/species/119/CommonHouse-Martin-standard-9ffbcc688c51210fb136a162c84d82ad.jpg","https://media.birdweather.com/species/119/CommonHouse-Martin-thumbnail-dd7059ca6235347c3097e7a66f04df95.jpg","https://media.birdweather.com/species/119/CommonHouse-Martin-png200-a73a8953ce2af50676da81e70b2746b2.png","YhgKDwKJd4iIiHd/h5h5d4mIeQqVllAH",12098822544,"https://media.birdweather.com/soundscapes/6891/6891-20260521-190656.flac",0,3,"birdnetpi"
7993937539,6891,"2026-05-21T21:03:55.000+02:00",0.8,0.560286164283752,8.69420944010711,"almost_certain","2p4",NA,51.562,6.008,FALSE,119,"Common House-Martin","Delichon urbicum","#53b1ff","avian","https://media.birdweather.com/species/119/CommonHouse-Martin-standard-9ffbcc688c51210fb136a162c84d82ad.jpg","https://media.birdweather.com/species/119/CommonHouse-Martin-thumbnail-dd7059ca6235347c3097e7a66f04df95.jpg","https://media.birdweather.com/species/119/CommonHouse-Martin-png200-a73a8953ce2af50676da81e70b2746b2.png","YhgKDwKJd4iIiHd/h5h5d4mIeQqVllAH",12098735383,"https://media.birdweather.com/soundscapes/6891/6891-20260521-190355.flac",0,3,"birdnetpi"
7993929640,6891,"2026-05-21T21:03:37.000+02:00",0.73,0.560286164283752,8.48758208117073,"almost_certain","2p4",NA,51.5657,6.0039,FALSE,119,"Common House-Martin","Delichon urbicum","#53b1ff","avian","https://media.birdweather.com/species/119/CommonHouse-Martin-standard-9ffbcc688c51210fb136a162c84d82ad.jpg","https://media.birdweather.com/species/119/CommonHouse-Martin-thumbnail-dd7059ca6235347c3097e7a66f04df95.jpg","https://media.birdweather.com/species/119/CommonHouse-Martin-png200-a73a8953ce2af50676da81e70b2746b2.png","YhgKDwKJd4iIiHd/h5h5d4mIeQqVllAH",12098726836,"https://media.birdweather.com/soundscapes/6891/6891-20260521-190337.flac",0,3,"birdnetpi"
7993841090,6891,"2026-05-21T21:00:22.000+02:00",0.82,0.991592347621918,9.51953689044305,"almost_certain","2p4",NA,51.5653,6.0029,FALSE,25,"Common Chaffinch","Fringilla coelebs","#fb7eff","avian","https://media.birdweather.com/species/25/CommonChaffinch-standard-d8edb223d1ec828ee0cda788e8f5f209.jpg","https://media.birdweather.com/species/25/CommonChaffinch-thumbnail-7ba0a46bb0cd7efdb3215242f9528140.jpg","https://media.birdweather.com/species/25/CommonChaffinch-png200-ced617224ab07c316109e2d0e9078f2e.png","WfgJDwKGhIbAbHimmnhluHh2tv25ZoAD",12098631944,"https://media.birdweather.com/soundscapes/6891/6891-20260521-190022.flac",0,3,"birdnetpi"
7993822212,6891,"2026-05-21T20:59:43.000+02:00",0.9,0.560286164283752,8.94398997291483,"almost_certain","2p4",NA,51.5629,6.0038,FALSE,119,"Common House-Martin","Delichon urbicum","#53b1ff","avian","https://media.birdweather.com/species/119/CommonHouse-Martin-standard-9ffbcc688c51210fb136a162c84d82ad.jpg","https://media.birdweather.com/species/119/CommonHouse-Martin-thumbnail-dd7059ca6235347c3097e7a66f04df95.jpg","https://media.birdweather.com/species/119/CommonHouse-Martin-png200-a73a8953ce2af50676da81e70b2746b2.png","YhgKDwKJd4iIiHd/h5h5d4mIeQqVllAH",12098611432,"https://media.birdweather.com/soundscapes/6891/6891-20260521-185943.flac",0,3,"birdnetpi"
7993779856,6891,"2026-05-21T20:58:04.000+02:00",0.82,0.560286164283752,8.74794181712711,"almost_certain","2p4",NA,51.5659,6.003,FALSE,119,"Common House-Martin","Delichon urbicum","#53b1ff","avian","https://media.birdweather.com/species/119/CommonHouse-Martin-standard-9ffbcc688c51210fb136a162c84d82ad.jpg","https://media.birdweather.com/species/119/CommonHouse-Martin-thumbnail-dd7059ca6235347c3097e7a66f04df95.jpg","https://media.birdweather.com/species/119/CommonHouse-Martin-png200-a73a8953ce2af50676da81e70b2746b2.png","YhgKDwKJd4iIiHd/h5h5d4mIeQqVllAH",12098566282,"https://media.birdweather.com/soundscapes/6891/6891-20260521-185804.flac",0,3,"birdnetpi"
7993772880,6891,"2026-05-21T20:57:49.000+02:00",0.94,0.560286164283752,9.0324077468733,"almost_certain","2p4",NA,51.5682,6.0057,FALSE,119,"Common House-Martin","Delichon urbicum","#53b1ff","avian","https://media.birdweather.com/species/119/CommonHouse-Martin-standard-9ffbcc688c51210fb136a162c84d82ad.jpg","https://media.birdweather.com/species/119/CommonHouse-Martin-thumbnail-dd7059ca6235347c3097e7a66f04df95.jpg","https://media.birdweather.com/species/119/CommonHouse-Martin-png200-a73a8953ce2af50676da81e70b2746b2.png","YhgKDwKJd4iIiHd/h5h5d4mIeQqVllAH",12098559042,"https://media.birdweather.com/soundscapes/6891/6891-20260521-185749.flac",0,3,"birdnetpi"
7993732727,6891,"2026-05-21T20:56:28.000+02:00",0.95,0.560286164283752,9.05364848242757,"almost_certain","2p4",NA,51.5662,6.0076,FALSE,119,"Common House-Martin","Delichon urbicum","#53b1ff","avian","https://media.birdweather.com/species/119/CommonHouse-Martin-standard-9ffbcc688c51210fb136a162c84d82ad.jpg","https://media.birdweather.com/species/119/CommonHouse-Martin-thumbnail-dd7059ca6235347c3097e7a66f04df95.jpg","https://media.birdweather.com/species/119/CommonHouse-Martin-png200-a73a8953ce2af50676da81e70b2746b2.png","YhgKDwKJd4iIiHd/h5h5d4mIeQqVllAH",12098517017,"https://media.birdweather.com/soundscapes/6891/6891-20260521-185628.flac",0,3,"birdnetpi"
7993657200,6891,"2026-05-21T20:53:37.000+02:00",0.85,0.999460279941559,9.60709934060452,"almost_certain","2p4",NA,51.5683,6.0094,FALSE,35,"Eurasian Blackbird","Turdus merula","#ff65df","avian","https://media.birdweather.com/species/35/EurasianBlackbird-standard-618b3a5132c7c359fb2a2884c39deb39.jpg","https://media.birdweather.com/species/35/EurasianBlackbird-thumbnail-276878929bed08167d1fd9bf34d63d40.jpg","https://media.birdweather.com/species/35/EurasianBlackbird-png200-ba5a1b43225da4611cac429c52a52c81.png","GfkFFwKRmrx2ZYiaaQe69nlzScn3T7IA",12098437514,"https://media.birdweather.com/soundscapes/6891/6891-20260521-185337.flac",0,3,"birdnetpi"
7993603105,6891,"2026-05-21T20:51:38.000+02:00",0.73,0.560286164283752,8.48758208117073,"almost_certain","2p4",NA,51.5677,6.009,FALSE,119,"Common House-Martin","Delichon urbicum","#53b1ff","avian","https://media.birdweather.com/species/119/CommonHouse-Martin-standard-9ffbcc688c51210fb136a162c84d82ad.jpg","https://media.birdweather.com/species/119/CommonHouse-Martin-thumbnail-dd7059ca6235347c3097e7a66f04df95.jpg","https://media.birdweather.com/species/119/CommonHouse-Martin-png200-a73a8953ce2af50676da81e70b2746b2.png","YhgKDwKJd4iIiHd/h5h5d4mIeQqVllAH",12098379959,"https://media.birdweather.com/soundscapes/6891/6891-20260521-185138.flac",0,3,"birdnetpi"
7993592994,6891,"2026-05-21T20:51:17.000+02:00",0.89,0.560286164283752,8.92096422082139,"almost_certain","2p4",NA,51.565,6.0006,FALSE,119,"Common House-Martin","Delichon urbicum","#53b1ff","avian","https://media.birdweather.com/species/119/CommonHouse-Martin-standard-9ffbcc688c51210fb136a162c84d82ad.jpg","https://media.birdweather.com/species/119/CommonHouse-Martin-thumbnail-dd7059ca6235347c3097e7a66f04df95.jpg","https://media.birdweather.com/species/119/CommonHouse-Martin-png200-a73a8953ce2af50676da81e70b2746b2.png","YhgKDwKJd4iIiHd/h5h5d4mIeQqVllAH",12098369348,"https://media.birdweather.com/soundscapes/6891/6891-20260521-185117.flac",0,3,"birdnetpi"
7993582371,6891,"2026-05-21T20:51:02.000+02:00",0.98,0.560286164283752,9.11546347876182,"almost_certain","2p4",NA,51.5699,6.0035,FALSE,119,"Common House-Martin","Delichon urbicum","#53b1ff","avian","https://media.birdweather.com/species/119/CommonHouse-Martin-standard-9ffbcc688c51210fb136a162c84d82ad.jpg","https://media.birdweather.com/species/119/CommonHouse-Martin-thumbnail-dd7059ca6235347c3097e7a66f04df95.jpg","https://media.birdweather.com/species/119/CommonHouse-Martin-png200-a73a8953ce2af50676da81e70b2746b2.png","YhgKDwKJd4iIiHd/h5h5d4mIeQqVllAH",12098358237,"https://media.birdweather.com/soundscapes/6891/6891-20260521-185102.flac",0,3,"birdnetpi"
7993525719,6891,"2026-05-21T20:48:52.000+02:00",0.92,0.991592347621918,9.76050710349827,"almost_certain","2p4",NA,51.5663,6.0022,FALSE,25,"Common Chaffinch","Fringilla coelebs","#fb7eff","avian","https://media.birdweather.com/species/25/CommonChaffinch-standard-d8edb223d1ec828ee0cda788e8f5f209.jpg","https://media.birdweather.com/species/25/CommonChaffinch-thumbnail-7ba0a46bb0cd7efdb3215242f9528140.jpg","https://media.birdweather.com/species/25/CommonChaffinch-png200-ced617224ab07c316109e2d0e9078f2e.png","WfgJDwKGhIbAbHimmnhluHh2tv25ZoAD",12098298839,"https://media.birdweather.com/soundscapes/6891/6891-20260521-184852.flac",0,3,"birdnetpi"
7993514548,6891,"2026-05-21T20:48:25.000+02:00",0.83,0.991592347621918,9.5456329175529,"almost_certain","2p4",NA,51.5655,6.0094,FALSE,25,"Common Chaffinch","Fringilla coelebs","#fb7eff","avian","https://media.birdweather.com/species/25/CommonChaffinch-standard-d8edb223d1ec828ee0cda788e8f5f209.jpg","https://media.birdweather.com/species/25/CommonChaffinch-thumbnail-7ba0a46bb0cd7efdb3215242f9528140.jpg","https://media.birdweather.com/species/25/CommonChaffinch-png200-ced617224ab07c316109e2d0e9078f2e.png","WfgJDwKGhIbAbHimmnhluHh2tv25ZoAD",12098286679,"https://media.birdweather.com/soundscapes/6891/6891-20260521-184825.flac",0,3,"birdnetpi"
7993504958,6891,"2026-05-21T20:48:04.000+02:00",0.7,0.567586779594421,8.40592975205945,"almost_certain","2p4",NA,51.5631,6.0056,FALSE,294,"European Greenfinch","Chloris chloris","#fea614","avian","https://media.birdweather.com/species/294/EuropeanGreenfinch-standard-34aa36357c06fbf52af390917f29436b.jpg","https://media.birdweather.com/species/294/EuropeanGreenfinch-thumbnail-7466d93ab9340d75d4eec2ca6eeed529.jpg","https://media.birdweather.com/species/294/EuropeanGreenfinch-png200-8b2951bb918db1cbed643a9530efa558.png","FRkGHwJYqWeEd4ifapeoh4ZriPUnaG8B",12098276644,"https://media.birdweather.com/soundscapes/6891/6891-20260521-184804.flac",0,3,"birdnetpi"
7993413678,6891,"2026-05-21T20:44:44.000+02:00",0.88,0.560286164283752,8.89754484711915,"almost_certain","2p4",NA,51.569,6.0075,FALSE,119,"Common House-Martin","Delichon urbicum","#53b1ff","avian","https://media.birdweather.com/species/119/CommonHouse-Martin-standard-9ffbcc688c51210fb136a162c84d82ad.jpg","https://media.birdweather.com/species/119/CommonHouse-Martin-thumbnail-dd7059ca6235347c3097e7a66f04df95.jpg","https://media.birdweather.com/species/119/CommonHouse-Martin-png200-a73a8953ce2af50676da81e70b2746b2.png","YhgKDwKJd4iIiHd/h5h5d4mIeQqVllAH",12098180039,"https://media.birdweather.com/soundscapes/6891/6891-20260521-184444.flac",0,3,"birdnetpi"
7993396740,6891,"2026-05-21T20:44:07.000+02:00",0.72,0.161213368177414,6.80692330736807,"almost_certain","2p4",NA,51.5624,6.0006,FALSE,143,"Eurasian Oystercatcher","Haematopus ostralegus","#ca8600","avian","https://media.birdweather.com/species/143/EurasianOystercatcher-standard-de054f6108c9ec46b2430e18a3a05899.jpg","https://media.birdweather.com/species/143/EurasianOystercatcher-thumbnail-30dda908d192acf9a6ba366e2d58599a.jpg","https://media.birdweather.com/species/143/EurasianOystercatcher-png200-eaade4c821880831fc0130856cf4cad3.png","3vcRFwKHd4mAiHeCdth4eIeIhYD5CocK",12098162004,"https://media.birdweather.com/soundscapes/6891/6891-20260521-184407.flac",0,3,"birdnetpi"
7993363344,6891,"2026-05-21T20:42:59.000+02:00",0.74,0.560286164283752,8.51907772113857,"almost_certain","2p4",NA,51.5617,6.0081,FALSE,119,"Common House-Martin","Delichon urbicum","#53b1ff","avian","https://media.birdweather.com/species/119/CommonHouse-Martin-standard-9ffbcc688c51210fb136a162c84d82ad.jpg","https://media.birdweather.com/species/119/CommonHouse-Martin-thumbnail-dd7059ca6235347c3097e7a66f04df95.jpg","https://media.birdweather.com/species/119/CommonHouse-Martin-png200-a73a8953ce2af50676da81e70b2746b2.png","YhgKDwKJd4iIiHd/h5h5d4mIeQqVllAH",12098126351,"https://media.birdweather.com/soundscapes/6891/6891-20260521-184259.flac",0,3,"birdnetpi"
7993328421,6891,"2026-05-21T20:41:41.000+02:00",0.77,0.84393298625946,9.1625289237,"almost_certain","2p4",NA,51.5651,6.0036,FALSE,1,"House Sparrow","Passer domesticus","#d16ff8","avian","https://media.birdweather.com/species/1/HouseSparrow-standard-b861184cf45c092cdb45fd689dd676ef.jpg","https://media.birdweather.com/species/1/HouseSparrow-thumbnail-e9cbc91763a1579de8ef04880678b5e3.jpg","https://media.birdweather.com/species/1/HouseSparrow-png200-125e8603e1efe9d7a18316b94f06a65e.png","XAgCDwD8qpukuHiqtLZ9mImnmPFcDO4E",12098088712,"https://media.birdweather.com/soundscapes/6891/6891-20260521-184141.flac",0,3,"birdnetpi"
7993306653,6891,"2026-05-21T20:40:49.000+02:00",0.78,0.84393298625946,9.19137209430103,"almost_certain","2p4",NA,51.5694,6.0006,FALSE,1,"House Sparrow","Passer domesticus","#d16ff8","avian","https://media.birdweather.com/species/1/HouseSparrow-standard-b861184cf45c092cdb45fd689dd676ef.jpg","https://media.birdweather.com/species/1/HouseSparrow-thumbnail-e9cbc91763a1579de8ef04880678b5e3.jpg","https://media.birdweather.com/species/1/HouseSparrow-png200-125e8603e1efe9d7a18316b94f06a65e.png","XAgCDwD8qpukuHiqtLZ9mImnmPFcDO4E",12098065599,"https://media.birdweather.com/soundscapes/6891/6891-20260521-184049.flac",0,3,"birdnetpi"
7993297699,6891,"2026-05-21T20:40:28.000+02:00",0.84,0.560286164283752,8.79964606646361,"almost_certain","2p4",NA,51.5656,6.0063,FALSE,119,"Common House-Martin","Delichon urbicum","#53b1ff","avian","https://media.birdweather.com/species/119/CommonHouse-Martin-standard-9ffbcc688c51210fb136a162c84d82ad.jpg","https://media.birdweather.com/species/119/CommonHouse-Martin-thumbnail-dd7059ca6235347c3097e7a66f04df95.jpg","https://media.birdweather.com/species/119/CommonHouse-Martin-png200-a73a8953ce2af50676da81e70b2746b2.png","YhgKDwKJd4iIiHd/h5h5d4mIeQqVllAH",12098056292,"https://media.birdweather.com/soundscapes/6891/6891-20260521-184028.flac",0,3,"birdnetpi"
7993296620,6891,"2026-05-21T20:40:25.000+02:00",0.79,0.999460279941559,9.44884668524759,"almost_certain","2p4",NA,51.5639,6.0039,FALSE,35,"Eurasian Blackbird","Turdus merula","#ff65df","avian","https://media.birdweather.com/species/35/EurasianBlackbird-standard-618b3a5132c7c359fb2a2884c39deb39.jpg","https://media.birdweather.com/species/35/EurasianBlackbird-thumbnail-276878929bed08167d1fd9bf34d63d40.jpg","https://media.birdweather.com/species/35/EurasianBlackbird-png200-ba5a1b43225da4611cac429c52a52c81.png","GfkFFwKRmrx2ZYiaaQe69nlzScn3T7IA",12098055049,"https://media.birdweather.com/soundscapes/6891/6891-20260521-184025.flac",0,3,"birdnetpi"
7993237766,6891,"2026-05-21T20:38:17.000+02:00",0.85,0.560286164283752,8.82478438643904,"almost_certain","2p4",NA,51.565,6.0012,FALSE,119,"Common House-Martin","Delichon urbicum","#53b1ff","avian","https://media.birdweather.com/species/119/CommonHouse-Martin-standard-9ffbcc688c51210fb136a162c84d82ad.jpg","https://media.birdweather.com/species/119/CommonHouse-Martin-thumbnail-dd7059ca6235347c3097e7a66f04df95.jpg","https://media.birdweather.com/species/119/CommonHouse-Martin-png200-a73a8953ce2af50676da81e70b2746b2.png","YhgKDwKJd4iIiHd/h5h5d4mIeQqVllAH",12097992924,"https://media.birdweather.com/soundscapes/6891/6891-20260521-183817.flac",0,3,"birdnetpi"
7993210066,6891,"2026-05-21T20:37:17.000+02:00",0.77,0.560286164283752,8.60944013701333,"almost_certain","2p4",NA,51.5665,6.009,FALSE,119,"Common House-Martin","Delichon urbicum","#53b1ff","avian","https://media.birdweather.com/species/119/CommonHouse-Martin-standard-9ffbcc688c51210fb136a162c84d82ad.jpg","https://media.birdweather.com/species/119/CommonHouse-Martin-thumbnail-dd7059ca6235347c3097e7a66f04df95.jpg","https://media.birdweather.com/species/119/CommonHouse-Martin-png200-a73a8953ce2af50676da81e70b2746b2.png","YhgKDwKJd4iIiHd/h5h5d4mIeQqVllAH",12097963878,"https://media.birdweather.com/soundscapes/6891/6891-20260521-183717.flac",0,3,"birdnetpi"
7993179167,6891,"2026-05-21T20:36:11.000+02:00",0.72,0.999460279941559,9.23766025388425,"almost_certain","2p4",NA,51.5666,6.0036,FALSE,35,"Eurasian Blackbird","Turdus merula","#ff65df","avian","https://media.birdweather.com/species/35/EurasianBlackbird-standard-618b3a5132c7c359fb2a2884c39deb39.jpg","https://media.birdweather.com/species/35/EurasianBlackbird-thumbnail-276878929bed08167d1fd9bf34d63d40.jpg","https://media.birdweather.com/species/35/EurasianBlackbird-png200-ba5a1b43225da4611cac429c52a52c81.png","GfkFFwKRmrx2ZYiaaQe69nlzScn3T7IA",12097931656,"https://media.birdweather.com/soundscapes/6891/6891-20260521-183611.flac",0,3,"birdnetpi"
7993131381,6891,"2026-05-21T20:34:26.000+02:00",0.87,0.560286164283752,8.87371815960389,"almost_certain","2p4",NA,51.5695,6.0051,FALSE,119,"Common House-Martin","Delichon urbicum","#53b1ff","avian","https://media.birdweather.com/species/119/CommonHouse-Martin-standard-9ffbcc688c51210fb136a162c84d82ad.jpg","https://media.birdweather.com/species/119/CommonHouse-Martin-thumbnail-dd7059ca6235347c3097e7a66f04df95.jpg","https://media.birdweather.com/species/119/CommonHouse-Martin-png200-a73a8953ce2af50676da81e70b2746b2.png","YhgKDwKJd4iIiHd/h5h5d4mIeQqVllAH",12097881432,"https://media.birdweather.com/soundscapes/6891/6891-20260521-183426.flac",0,3,"birdnetpi"
7993103146,6891,"2026-05-21T20:33:25.000+02:00",0.99,0.560286164283752,9.1354638339688,"almost_certain","2p4",NA,51.5624,6.0009,FALSE,119,"Common House-Martin","Delichon urbicum","#53b1ff","avian","https://media.birdweather.com/species/119/CommonHouse-Martin-standard-9ffbcc688c51210fb136a162c84d82ad.jpg","https://media.birdweather.com/species/119/CommonHouse-Martin-thumbnail-dd7059ca6235347c3097e7a66f04df95.jpg","https://media.birdweather.com/species/119/CommonHouse-Martin-png200-a73a8953ce2af50676da81e70b2746b2.png","YhgKDwKJd4iIiHd/h5h5d4mIeQqVllAH",12097852143,"https://media.birdweather.com/soundscapes/6891/6891-20260521-183325.flac",0,3,"birdnetpi"
7992968799,6891,"2026-05-21T20:28:37.000+02:00",0.94,0.560286164283752,9.0324077468733,"almost_certain","2p4",NA,51.5654,6.0005,FALSE,119,"Common House-Martin","Delichon urbicum","#53b1ff","avian","https://media.birdweather.com/species/119/CommonHouse-Martin-standard-9ffbcc688c51210fb136a162c84d82ad.jpg","https://media.birdweather.com/species/119/CommonHouse-Martin-thumbnail-dd7059ca6235347c3097e7a66f04df95.jpg","https://media.birdweather.com/species/119/CommonHouse-Martin-png200-a73a8953ce2af50676da81e70b2746b2.png","YhgKDwKJd4iIiHd/h5h5d4mIeQqVllAH",12097712328,"https://media.birdweather.com/soundscapes/6891/6891-20260521-182837.flac",0,3,"birdnetpi"
7992953130,6891,"2026-05-21T20:28:01.000+02:00",0.84,0.560286164283752,8.79964606646361,"almost_certain","2p4",NA,51.562,6.0061,FALSE,119,"Common House-Martin","Delichon urbicum","#53b1ff","avian","https://media.birdweather.com/species/119/CommonHouse-Martin-standard-9ffbcc688c51210fb136a162c84d82ad.jpg","https://media.birdweather.com/species/119/CommonHouse-Martin-thumbnail-dd7059ca6235347c3097e7a66f04df95.jpg","https://media.birdweather.com/species/119/CommonHouse-Martin-png200-a73a8953ce2af50676da81e70b2746b2.png","YhgKDwKJd4iIiHd/h5h5d4mIeQqVllAH",12097695897,"https://media.birdweather.com/soundscapes/6891/6891-20260521-182801.flac",0,3,"birdnetpi"
7992946564,6891,"2026-05-21T20:27:47.000+02:00",0.75,0.991592347621918,9.32146060697183,"almost_certain","2p4",NA,51.5668,6.0044,FALSE,25,"Common Chaffinch","Fringilla coelebs","#fb7eff","avian","https://media.birdweather.com/species/25/CommonChaffinch-standard-d8edb223d1ec828ee0cda788e8f5f209.jpg","https://media.birdweather.com/species/25/CommonChaffinch-thumbnail-7ba0a46bb0cd7efdb3215242f9528140.jpg","https://media.birdweather.com/species/25/CommonChaffinch-png200-ced617224ab07c316109e2d0e9078f2e.png","WfgJDwKGhIbAbHimmnhluHh2tv25ZoAD",12097689155,"https://media.birdweather.com/soundscapes/6891/6891-20260521-182747.flac",0,3,"birdnetpi"
7992938197,6891,"2026-05-21T20:27:31.000+02:00",0.96,0.560286164283752,9.07456491924675,"almost_certain","2p4",NA,51.5698,6.0091,FALSE,119,"Common House-Martin","Delichon urbicum","#53b1ff","avian","https://media.birdweather.com/species/119/CommonHouse-Martin-standard-9ffbcc688c51210fb136a162c84d82ad.jpg","https://media.birdweather.com/species/119/CommonHouse-Martin-thumbnail-dd7059ca6235347c3097e7a66f04df95.jpg","https://media.birdweather.com/species/119/CommonHouse-Martin-png200-a73a8953ce2af50676da81e70b2746b2.png","YhgKDwKJd4iIiHd/h5h5d4mIeQqVllAH",12097680430,"https://media.birdweather.com/soundscapes/6891/6891-20260521-182731.flac",0,3,"birdnetpi"
7992905025,6891,"2026-05-21T20:26:17.000+02:00",0.76,0.991592347621918,9.35157170917655,"almost_certain","2p4",NA,51.5663,6.0039,FALSE,25,"Common Chaffinch","Fringilla coelebs","#fb7eff","avian","https://media.birdweather.com/species/25/CommonChaffinch-standard-d8edb223d1ec828ee0cda788e8f5f209.jpg","https://media.birdweather.com/species/25/CommonChaffinch-thumbnail-7ba0a46bb0cd7efdb3215242f9528140.jpg","https://media.birdweather.com/species/25/CommonChaffinch-png200-ced617224ab07c316109e2d0e9078f2e.png","WfgJDwKGhIbAbHimmnhluHh2tv25ZoAD",12097645654,"https://media.birdweather.com/soundscapes/6891/6891-20260521-182617.flac",0,3,"birdnetpi"
7992886700,6891,"2026-05-21T20:25:38.000+02:00",0.93,0.560286164283752,9.01083249782695,"almost_certain","2p4",NA,51.5645,6.0081,FALSE,119,"Common House-Martin","Delichon urbicum","#53b1ff","avian","https://media.birdweather.com/species/119/CommonHouse-Martin-standard-9ffbcc688c51210fb136a162c84d82ad.jpg","https://media.birdweather.com/species/119/CommonHouse-Martin-thumbnail-dd7059ca6235347c3097e7a66f04df95.jpg","https://media.birdweather.com/species/119/CommonHouse-Martin-png200-a73a8953ce2af50676da81e70b2746b2.png","YhgKDwKJd4iIiHd/h5h5d4mIeQqVllAH",12097626376,"https://media.birdweather.com/soundscapes/6891/6891-20260521-182538.flac",0,3,"birdnetpi"
7992850892,6891,"2026-05-21T20:24:20.000+02:00",0.99,0.853658139705658,9.70406690971141,"almost_certain","2p4",NA,51.5649,6.0023,FALSE,95,"White Wagtail","Motacilla alba","#457700","avian","https://media.birdweather.com/species/95/WhiteWagtail-standard-c3e712d95481fd4c30012b3afc4ee61f.jpg","https://media.birdweather.com/species/95/WhiteWagtail-thumbnail-645080e5b8667eaccbc9a938f781f907.jpg","https://media.birdweather.com/species/95/WhiteWagtail-png200-38e3473b44d59c0f49a722ef0b7250cd.png","2PcFJwZKpplweXdymnZouGiofwaoZ4AL",12097589247,"https://media.birdweather.com/soundscapes/6891/6891-20260521-182420.flac",0,3,"birdnetpi"
7992814030,6891,"2026-05-21T20:23:13.000+02:00",0.83,0.991592347621918,9.5456329175529,"almost_certain","2p4",NA,51.5671,6.0093,FALSE,25,"Common Chaffinch","Fringilla coelebs","#fb7eff","avian","https://media.birdweather.com/species/25/CommonChaffinch-standard-d8edb223d1ec828ee0cda788e8f5f209.jpg","https://media.birdweather.com/species/25/CommonChaffinch-thumbnail-7ba0a46bb0cd7efdb3215242f9528140.jpg","https://media.birdweather.com/species/25/CommonChaffinch-png200-ced617224ab07c316109e2d0e9078f2e.png","WfgJDwKGhIbAbHimmnhluHh2tv25ZoAD",12097551041,"https://media.birdweather.com/soundscapes/6891/6891-20260521-182313.flac",0,3,"birdnetpi"
7992800728,6891,"2026-05-21T20:22:32.000+02:00",0.84,0.991592347621918,9.57124113977955,"almost_certain","2p4",NA,51.5688,6.003,FALSE,25,"Common Chaffinch","Fringilla coelebs","#fb7eff","avian","https://media.birdweather.com/species/25/CommonChaffinch-standard-d8edb223d1ec828ee0cda788e8f5f209.jpg","https://media.birdweather.com/species/25/CommonChaffinch-thumbnail-7ba0a46bb0cd7efdb3215242f9528140.jpg","https://media.birdweather.com/species/25/CommonChaffinch-png200-ced617224ab07c316109e2d0e9078f2e.png","WfgJDwKGhIbAbHimmnhluHh2tv25ZoAD",12097537084,"https://media.birdweather.com/soundscapes/6891/6891-20260521-182232.flac",0,3,"birdnetpi"
7992784387,6891,"2026-05-21T20:22:07.000+02:00",0.83,0.991592347621918,9.5456329175529,"almost_certain","2p4",NA,51.5615,6.0067,FALSE,25,"Common Chaffinch","Fringilla coelebs","#fb7eff","avian","https://media.birdweather.com/species/25/CommonChaffinch-standard-d8edb223d1ec828ee0cda788e8f5f209.jpg","https://media.birdweather.com/species/25/CommonChaffinch-thumbnail-7ba0a46bb0cd7efdb3215242f9528140.jpg","https://media.birdweather.com/species/25/CommonChaffinch-png200-ced617224ab07c316109e2d0e9078f2e.png","WfgJDwKGhIbAbHimmnhluHh2tv25ZoAD",12097519864,"https://media.birdweather.com/soundscapes/6891/6891-20260521-182207.flac",0,3,"birdnetpi"
7992693008,6891,"2026-05-21T20:18:37.000+02:00",0.93,0.560286164283752,9.01083249782695,"almost_certain","2p4",NA,51.5653,6.0094,FALSE,119,"Common House-Martin","Delichon urbicum","#53b1ff","avian","https://media.birdweather.com/species/119/CommonHouse-Martin-standard-9ffbcc688c51210fb136a162c84d82ad.jpg","https://media.birdweather.com/species/119/CommonHouse-Martin-thumbnail-dd7059ca6235347c3097e7a66f04df95.jpg","https://media.birdweather.com/species/119/CommonHouse-Martin-png200-a73a8953ce2af50676da81e70b2746b2.png","YhgKDwKJd4iIiHd/h5h5d4mIeQqVllAH",12097423627,"https://media.birdweather.com/soundscapes/6891/6891-20260521-181837.flac",0,3,"birdnetpi"
7992689424,6891,"2026-05-21T20:18:29.000+02:00",0.78,0.84393298625946,9.19137209430103,"almost_certain","2p4",NA,51.5688,6.0077,FALSE,1,"House Sparrow","Passer domesticus","#d16ff8","avian","https://media.birdweather.com/species/1/HouseSparrow-standard-b861184cf45c092cdb45fd689dd676ef.jpg","https://media.birdweather.com/species/1/HouseSparrow-thumbnail-e9cbc91763a1579de8ef04880678b5e3.jpg","https://media.birdweather.com/species/1/HouseSparrow-png200-125e8603e1efe9d7a18316b94f06a65e.png","XAgCDwD8qpukuHiqtLZ9mImnmPFcDO4E",12097419712,"https://media.birdweather.com/soundscapes/6891/6891-20260521-181829.flac",0,3,"birdnetpi"
7992681992,6891,"2026-05-21T20:18:13.000+02:00",0.82,0.84393298625946,9.30103060381377,"almost_certain","2p4",NA,51.5695,6.0057,FALSE,1,"House Sparrow","Passer domesticus","#d16ff8","avian","https://media.birdweather.com/species/1/HouseSparrow-standard-b861184cf45c092cdb45fd689dd676ef.jpg","https://media.birdweather.com/species/1/HouseSparrow-thumbnail-e9cbc91763a1579de8ef04880678b5e3.jpg","https://media.birdweather.com/species/1/HouseSparrow-png200-125e8603e1efe9d7a18316b94f06a65e.png","XAgCDwD8qpukuHiqtLZ9mImnmPFcDO4E",12097412008,"https://media.birdweather.com/soundscapes/6891/6891-20260521-181813.flac",0,3,"birdnetpi"
7992641914,6891,"2026-05-21T20:16:47.000+02:00",0.85,0.560286164283752,8.82478438643904,"almost_certain","2p4",NA,51.5629,6.0083,FALSE,119,"Common House-Martin","Delichon urbicum","#53b1ff","avian","https://media.birdweather.com/species/119/CommonHouse-Martin-standard-9ffbcc688c51210fb136a162c84d82ad.jpg","https://media.birdweather.com/species/119/CommonHouse-Martin-thumbnail-dd7059ca6235347c3097e7a66f04df95.jpg","https://media.birdweather.com/species/119/CommonHouse-Martin-png200-a73a8953ce2af50676da81e70b2746b2.png","YhgKDwKJd4iIiHd/h5h5d4mIeQqVllAH",12097370672,"https://media.birdweather.com/soundscapes/6891/6891-20260521-181647.flac",0,3,"birdnetpi"
7992632641,6891,"2026-05-21T20:16:26.000+02:00",0.85,0.560286164283752,8.82478438643904,"almost_certain","2p4",NA,51.5673,6.0085,FALSE,119,"Common House-Martin","Delichon urbicum","#53b1ff","avian","https://media.birdweather.com/species/119/CommonHouse-Martin-standard-9ffbcc688c51210fb136a162c84d82ad.jpg","https://media.birdweather.com/species/119/CommonHouse-Martin-thumbnail-dd7059ca6235347c3097e7a66f04df95.jpg","https://media.birdweather.com/species/119/CommonHouse-Martin-png200-a73a8953ce2af50676da81e70b2746b2.png","YhgKDwKJd4iIiHd/h5h5d4mIeQqVllAH",12097360395,"https://media.birdweather.com/soundscapes/6891/6891-20260521-181626.flac",0,3,"birdnetpi"
7992615926,6891,"2026-05-21T20:15:52.000+02:00",0.99,0.560286164283752,9.1354638339688,"almost_certain","2p4",NA,51.5667,6.0088,FALSE,119,"Common House-Martin","Delichon urbicum","#53b1ff","avian","https://media.birdweather.com/species/119/CommonHouse-Martin-standard-9ffbcc688c51210fb136a162c84d82ad.jpg","https://media.birdweather.com/species/119/CommonHouse-Martin-thumbnail-dd7059ca6235347c3097e7a66f04df95.jpg","https://media.birdweather.com/species/119/CommonHouse-Martin-png200-a73a8953ce2af50676da81e70b2746b2.png","YhgKDwKJd4iIiHd/h5h5d4mIeQqVllAH",12097343059,"https://media.birdweather.com/soundscapes/6891/6891-20260521-181552.flac",0,3,"birdnetpi"
7992607297,6891,"2026-05-21T20:15:35.000+02:00",0.74,0.658253312110901,8.73626249765173,"almost_certain","2p4",NA,51.5677,6.0084,FALSE,89,"European Goldfinch","Carduelis carduelis","#65dba3","avian","https://media.birdweather.com/species/89/EuropeanGoldfinch-standard-5e709d6e7011b21fe905b6d27ce94b9d.jpg","https://media.birdweather.com/species/89/EuropeanGoldfinch-thumbnail-f99916cbaf5a2c3bd8f61890d18d73c1.jpg","https://media.birdweather.com/species/89/EuropeanGoldfinch-png200-ef3fc90c8328c40b59d9ad3c4b52e850.png","lPgJDwI+UJmHq2hji4dWiHiH2XQID5UC",12097333981,"https://media.birdweather.com/soundscapes/6891/6891-20260521-181535.flac",0,3,"birdnetpi"
7992603608,6891,"2026-05-21T20:15:23.000+02:00",0.74,0.560286164283752,8.51907772113857,"almost_certain","2p4",NA,51.5677,6.0035,FALSE,119,"Common House-Martin","Delichon urbicum","#53b1ff","avian","https://media.birdweather.com/species/119/CommonHouse-Martin-standard-9ffbcc688c51210fb136a162c84d82ad.jpg","https://media.birdweather.com/species/119/CommonHouse-Martin-thumbnail-dd7059ca6235347c3097e7a66f04df95.jpg","https://media.birdweather.com/species/119/CommonHouse-Martin-png200-a73a8953ce2af50676da81e70b2746b2.png","YhgKDwKJd4iIiHd/h5h5d4mIeQqVllAH",12097330089,"https://media.birdweather.com/soundscapes/6891/6891-20260521-181523.flac",0,3,"birdnetpi"
7992587655,6891,"2026-05-21T20:14:49.000+02:00",0.78,0.803734242916107,9.1253122143214,"almost_certain","2p4",NA,51.5672,6.0043,FALSE,551,"Common Swift","Apus apus","#234bb2","avian","https://media.birdweather.com/species/551/CommonSwift-standard-ba54f84fbd8481b1c0de60654fbd79d5.jpg","https://media.birdweather.com/species/551/CommonSwift-thumbnail-bad1d7e3c141990f11d01e49e9f768ac.jpg","https://media.birdweather.com/species/551/CommonSwift-png200-f52bea49cb0e4232049806bde3e1a401.png","LLYFFwLchWelV5dvsqh1jKZoKJIEMkoA",12097313779,"https://media.birdweather.com/soundscapes/6891/6891-20260521-181449.flac",0,3,"birdnetpi"
7992579409,6891,"2026-05-21T20:14:35.000+02:00",0.97,0.560286164283752,9.09516681123617,"almost_certain","2p4",NA,51.5653,6.0061,FALSE,119,"Common House-Martin","Delichon urbicum","#53b1ff","avian","https://media.birdweather.com/species/119/CommonHouse-Martin-standard-9ffbcc688c51210fb136a162c84d82ad.jpg","https://media.birdweather.com/species/119/CommonHouse-Martin-thumbnail-dd7059ca6235347c3097e7a66f04df95.jpg","https://media.birdweather.com/species/119/CommonHouse-Martin-png200-a73a8953ce2af50676da81e70b2746b2.png","YhgKDwKJd4iIiHd/h5h5d4mIeQqVllAH",12097305011,"https://media.birdweather.com/soundscapes/6891/6891-20260521-181435.flac",0,3,"birdnetpi"
7992576597,6891,"2026-05-21T20:14:25.000+02:00",0.79,0.991592347621918,9.43812680439805,"almost_certain","2p4",NA,51.563,6.0011,FALSE,25,"Common Chaffinch","Fringilla coelebs","#fb7eff","avian","https://media.birdweather.com/species/25/CommonChaffinch-standard-d8edb223d1ec828ee0cda788e8f5f209.jpg","https://media.birdweather.com/species/25/CommonChaffinch-thumbnail-7ba0a46bb0cd7efdb3215242f9528140.jpg","https://media.birdweather.com/species/25/CommonChaffinch-png200-ced617224ab07c316109e2d0e9078f2e.png","WfgJDwKGhIbAbHimmnhluHh2tv25ZoAD",12097302157,"https://media.birdweather.com/soundscapes/6891/6891-20260521-181425.flac",0,3,"birdnetpi"
7992570091,6891,"2026-05-21T20:14:11.000+02:00",0.82,0.560286164283752,8.74794181712711,"almost_certain","2p4",NA,51.565,6.0054,FALSE,119,"Common House-Martin","Delichon urbicum","#53b1ff","avian","https://media.birdweather.com/species/119/CommonHouse-Martin-standard-9ffbcc688c51210fb136a162c84d82ad.jpg","https://media.birdweather.com/species/119/CommonHouse-Martin-thumbnail-dd7059ca6235347c3097e7a66f04df95.jpg","https://media.birdweather.com/species/119/CommonHouse-Martin-png200-a73a8953ce2af50676da81e70b2746b2.png","YhgKDwKJd4iIiHd/h5h5d4mIeQqVllAH",12097295404,"https://media.birdweather.com/soundscapes/6891/6891-20260521-181411.flac",0,3,"birdnetpi"
7992561288,6891,"2026-05-21T20:13:52.000+02:00",0.96,0.560286164283752,9.07456491924675,"almost_certain","2p4",NA,51.5626,6.0034,FALSE,119,"Common House-Martin","Delichon urbicum","#53b1ff","avian","https://media.birdweather.com/species/119/CommonHouse-Martin-standard-9ffbcc688c51210fb136a162c84d82ad.jpg","https://media.birdweather.com/species/119/CommonHouse-Martin-thumbnail-dd7059ca6235347c3097e7a66f04df95.jpg","https://media.birdweather.com/species/119/CommonHouse-Martin-png200-a73a8953ce2af50676da81e70b2746b2.png","YhgKDwKJd4iIiHd/h5h5d4mIeQqVllAH",12097286401,"https://media.birdweather.com/soundscapes/6891/6891-20260521-181352.flac",0,3,"birdnetpi"
7992517267,6891,"2026-05-21T20:12:17.000+02:00",0.71,0.84393298625946,8.97542044074212,"almost_certain","2p4",NA,51.5636,6.0042,FALSE,1,"House Sparrow","Passer domesticus","#d16ff8","avian","https://media.birdweather.com/species/1/HouseSparrow-standard-b861184cf45c092cdb45fd689dd676ef.jpg","https://media.birdweather.com/species/1/HouseSparrow-thumbnail-e9cbc91763a1579de8ef04880678b5e3.jpg","https://media.birdweather.com/species/1/HouseSparrow-png200-125e8603e1efe9d7a18316b94f06a65e.png","XAgCDwD8qpukuHiqtLZ9mImnmPFcDO4E",12097240454,"https://media.birdweather.com/soundscapes/6891/6891-20260521-181217.flac",0,3,"birdnetpi"
7992480105,6891,"2026-05-21T20:10:56.000+02:00",0.89,0.84393298625946,9.47405300750805,"almost_certain","2p4",NA,51.5651,6.0018,FALSE,1,"House Sparrow","Passer domesticus","#d16ff8","avian","https://media.birdweather.com/species/1/HouseSparrow-standard-b861184cf45c092cdb45fd689dd676ef.jpg","https://media.birdweather.com/species/1/HouseSparrow-thumbnail-e9cbc91763a1579de8ef04880678b5e3.jpg","https://media.birdweather.com/species/1/HouseSparrow-png200-125e8603e1efe9d7a18316b94f06a65e.png","XAgCDwD8qpukuHiqtLZ9mImnmPFcDO4E",12097201298,"https://media.birdweather.com/soundscapes/6891/6891-20260521-181056.flac",0,3,"birdnetpi"
7992460619,6891,"2026-05-21T20:10:14.000+02:00",0.75,0.84393298625946,9.10295432034255,"almost_certain","2p4",NA,51.5651,6.0064,FALSE,1,"House Sparrow","Passer domesticus","#d16ff8","avian","https://media.birdweather.com/species/1/HouseSparrow-standard-b861184cf45c092cdb45fd689dd676ef.jpg","https://media.birdweather.com/species/1/HouseSparrow-thumbnail-e9cbc91763a1579de8ef04880678b5e3.jpg","https://media.birdweather.com/species/1/HouseSparrow-png200-125e8603e1efe9d7a18316b94f06a65e.png","XAgCDwD8qpukuHiqtLZ9mImnmPFcDO4E",12097180722,"https://media.birdweather.com/soundscapes/6891/6891-20260521-181014.flac",0,3,"birdnetpi"
7992383201,6891,"2026-05-21T20:07:25.000+02:00",0.73,0.84393298625946,9.0406708678574,"almost_certain","2p4",NA,51.5656,6.0005,FALSE,1,"House Sparrow","Passer domesticus","#d16ff8","avian","https://media.birdweather.com/species/1/HouseSparrow-standard-b861184cf45c092cdb45fd689dd676ef.jpg","https://media.birdweather.com/species/1/HouseSparrow-thumbnail-e9cbc91763a1579de8ef04880678b5e3.jpg","https://media.birdweather.com/species/1/HouseSparrow-png200-125e8603e1efe9d7a18316b94f06a65e.png","XAgCDwD8qpukuHiqtLZ9mImnmPFcDO4E",12097099781,"https://media.birdweather.com/soundscapes/6891/6891-20260521-180725.flac",0,3,"birdnetpi"
7992361502,6891,"2026-05-21T20:06:40.000+02:00",0.92,0.803734242916107,9.47594093688936,"almost_certain","2p4",NA,51.5623,6.006,FALSE,551,"Common Swift","Apus apus","#234bb2","avian","https://media.birdweather.com/species/551/CommonSwift-standard-ba54f84fbd8481b1c0de60654fbd79d5.jpg","https://media.birdweather.com/species/551/CommonSwift-thumbnail-bad1d7e3c141990f11d01e49e9f768ac.jpg","https://media.birdweather.com/species/551/CommonSwift-png200-f52bea49cb0e4232049806bde3e1a401.png","LLYFFwLchWelV5dvsqh1jKZoKJIEMkoA",12097077053,"https://media.birdweather.com/soundscapes/6891/6891-20260521-180640.flac",0,3,"birdnetpi"
7992335334,6891,"2026-05-21T20:05:43.000+02:00",1,0.560286164283752,9.15517640427817,"almost_certain","2p4",NA,51.5645,6.004,FALSE,119,"Common House-Martin","Delichon urbicum","#53b1ff","avian","https://media.birdweather.com/species/119/CommonHouse-Martin-standard-9ffbcc688c51210fb136a162c84d82ad.jpg","https://media.birdweather.com/species/119/CommonHouse-Martin-thumbnail-dd7059ca6235347c3097e7a66f04df95.jpg","https://media.birdweather.com/species/119/CommonHouse-Martin-png200-a73a8953ce2af50676da81e70b2746b2.png","YhgKDwKJd4iIiHd/h5h5d4mIeQqVllAH",12097049668,"https://media.birdweather.com/soundscapes/6891/6891-20260521-180543.flac",0,3,"birdnetpi"
7992300219,6891,"2026-05-21T20:04:25.000+02:00",0.97,0.803734242916107,9.58219571794321,"almost_certain","2p4",NA,51.5647,6.0046,FALSE,551,"Common Swift","Apus apus","#234bb2","avian","https://media.birdweather.com/species/551/CommonSwift-standard-ba54f84fbd8481b1c0de60654fbd79d5.jpg","https://media.birdweather.com/species/551/CommonSwift-thumbnail-bad1d7e3c141990f11d01e49e9f768ac.jpg","https://media.birdweather.com/species/551/CommonSwift-png200-f52bea49cb0e4232049806bde3e1a401.png","LLYFFwLchWelV5dvsqh1jKZoKJIEMkoA",12097012517,"https://media.birdweather.com/soundscapes/6891/6891-20260521-180425.flac",0,3,"birdnetpi"
7992293959,6891,"2026-05-21T20:04:17.000+02:00",0.79,0.84393298625946,9.21962051776877,"almost_certain","2p4",NA,51.5668,6.0014,FALSE,1,"House Sparrow","Passer domesticus","#d16ff8","avian","https://media.birdweather.com/species/1/HouseSparrow-standard-b861184cf45c092cdb45fd689dd676ef.jpg","https://media.birdweather.com/species/1/HouseSparrow-thumbnail-e9cbc91763a1579de8ef04880678b5e3.jpg","https://media.birdweather.com/species/1/HouseSparrow-png200-125e8603e1efe9d7a18316b94f06a65e.png","XAgCDwD8qpukuHiqtLZ9mImnmPFcDO4E",12097005886,"https://media.birdweather.com/soundscapes/6891/6891-20260521-180417.flac",0,3,"birdnetpi"
7992285381,6891,"2026-05-21T20:03:52.000+02:00",0.72,0.84393298625946,9.00843408640543,"almost_certain","2p4",NA,51.5668,6.0029,FALSE,1,"House Sparrow","Passer domesticus","#d16ff8","avian","https://media.birdweather.com/species/1/HouseSparrow-standard-b861184cf45c092cdb45fd689dd676ef.jpg","https://media.birdweather.com/species/1/HouseSparrow-thumbnail-e9cbc91763a1579de8ef04880678b5e3.jpg","https://media.birdweather.com/species/1/HouseSparrow-png200-125e8603e1efe9d7a18316b94f06a65e.png","XAgCDwD8qpukuHiqtLZ9mImnmPFcDO4E",12096996827,"https://media.birdweather.com/soundscapes/6891/6891-20260521-180352.flac",0,3,"birdnetpi"
7992092760,6891,"2026-05-21T19:56:56.000+02:00",0.97,0.999460279941559,9.87748176540165,"almost_certain","2p4",NA,51.5618,6.003,FALSE,35,"Eurasian Blackbird","Turdus merula","#ff65df","avian","https://media.birdweather.com/species/35/EurasianBlackbird-standard-618b3a5132c7c359fb2a2884c39deb39.jpg","https://media.birdweather.com/species/35/EurasianBlackbird-thumbnail-276878929bed08167d1fd9bf34d63d40.jpg","https://media.birdweather.com/species/35/EurasianBlackbird-png200-ba5a1b43225da4611cac429c52a52c81.png","GfkFFwKRmrx2ZYiaaQe69nlzScn3T7IA",12096792329,"https://media.birdweather.com/soundscapes/6891/6891-20260521-175656.flac",0,3,"birdnetpi"
7992064989,6891,"2026-05-21T19:55:47.000+02:00",0.79,0.999460279941559,9.44884668524759,"almost_certain","2p4",NA,51.5691,6.0021,FALSE,35,"Eurasian Blackbird","Turdus merula","#ff65df","avian","https://media.birdweather.com/species/35/EurasianBlackbird-standard-618b3a5132c7c359fb2a2884c39deb39.jpg","https://media.birdweather.com/species/35/EurasianBlackbird-thumbnail-276878929bed08167d1fd9bf34d63d40.jpg","https://media.birdweather.com/species/35/EurasianBlackbird-png200-ba5a1b43225da4611cac429c52a52c81.png","GfkFFwKRmrx2ZYiaaQe69nlzScn3T7IA",12096763395,"https://media.birdweather.com/soundscapes/6891/6891-20260521-175547.flac",0,3,"birdnetpi"
7992059232,6891,"2026-05-21T19:55:34.000+02:00",0.85,0.560286164283752,8.82478438643904,"almost_certain","2p4",NA,51.5654,6.0064,FALSE,119,"Common House-Martin","Delichon urbicum","#53b1ff","avian","https://media.birdweather.com/species/119/CommonHouse-Martin-standard-9ffbcc688c51210fb136a162c84d82ad.jpg","https://media.birdweather.com/species/119/CommonHouse-Martin-thumbnail-dd7059ca6235347c3097e7a66f04df95.jpg","https://media.birdweather.com/species/119/CommonHouse-Martin-png200-a73a8953ce2af50676da81e70b2746b2.png","YhgKDwKJd4iIiHd/h5h5d4mIeQqVllAH",12096757170,"https://media.birdweather.com/soundscapes/6891/6891-20260521-175534.flac",0,3,"birdnetpi"
7992048708,6891,"2026-05-21T19:55:16.000+02:00",0.78,0.999460279941559,9.42059826177984,"almost_certain","2p4",NA,51.563,6.0054,FALSE,35,"Eurasian Blackbird","Turdus merula","#ff65df","avian","https://media.birdweather.com/species/35/EurasianBlackbird-standard-618b3a5132c7c359fb2a2884c39deb39.jpg","https://media.birdweather.com/species/35/EurasianBlackbird-thumbnail-276878929bed08167d1fd9bf34d63d40.jpg","https://media.birdweather.com/species/35/EurasianBlackbird-png200-ba5a1b43225da4611cac429c52a52c81.png","GfkFFwKRmrx2ZYiaaQe69nlzScn3T7IA",12096746078,"https://media.birdweather.com/soundscapes/6891/6891-20260521-175516.flac",0,3,"birdnetpi"
7992030495,6891,"2026-05-21T19:54:43.000+02:00",0.88,0.999460279941559,9.67985980128463,"almost_certain","2p4",NA,51.5697,6.0033,FALSE,35,"Eurasian Blackbird","Turdus merula","#ff65df","avian","https://media.birdweather.com/species/35/EurasianBlackbird-standard-618b3a5132c7c359fb2a2884c39deb39.jpg","https://media.birdweather.com/species/35/EurasianBlackbird-thumbnail-276878929bed08167d1fd9bf34d63d40.jpg","https://media.birdweather.com/species/35/EurasianBlackbird-png200-ba5a1b43225da4611cac429c52a52c81.png","GfkFFwKRmrx2ZYiaaQe69nlzScn3T7IA",12096726968,"https://media.birdweather.com/soundscapes/6891/6891-20260521-175443.flac",0,3,"birdnetpi"
7992023747,6891,"2026-05-21T19:54:17.000+02:00",0.82,0.999460279941559,9.53025677129259,"almost_certain","2p4",NA,51.5676,6.0021,FALSE,35,"Eurasian Blackbird","Turdus merula","#ff65df","avian","https://media.birdweather.com/species/35/EurasianBlackbird-standard-618b3a5132c7c359fb2a2884c39deb39.jpg","https://media.birdweather.com/species/35/EurasianBlackbird-thumbnail-276878929bed08167d1fd9bf34d63d40.jpg","https://media.birdweather.com/species/35/EurasianBlackbird-png200-ba5a1b43225da4611cac429c52a52c81.png","GfkFFwKRmrx2ZYiaaQe69nlzScn3T7IA",12096719753,"https://media.birdweather.com/soundscapes/6891/6891-20260521-175417.flac",0,3,"birdnetpi"
7992010219,6891,"2026-05-21T19:53:46.000+02:00",0.72,0.999460279941559,9.23766025388425,"almost_certain","2p4",NA,51.562,6.0076,FALSE,35,"Eurasian Blackbird","Turdus merula","#ff65df","avian","https://media.birdweather.com/species/35/EurasianBlackbird-standard-618b3a5132c7c359fb2a2884c39deb39.jpg","https://media.birdweather.com/species/35/EurasianBlackbird-thumbnail-276878929bed08167d1fd9bf34d63d40.jpg","https://media.birdweather.com/species/35/EurasianBlackbird-png200-ba5a1b43225da4611cac429c52a52c81.png","GfkFFwKRmrx2ZYiaaQe69nlzScn3T7IA",12096705596,"https://media.birdweather.com/soundscapes/6891/6891-20260521-175346.flac",0,3,"birdnetpi"
7991927164,6891,"2026-05-21T19:50:46.000+02:00",0.79,0.999460279941559,9.44884668524759,"almost_certain","2p4",NA,51.57,6.0069,FALSE,35,"Eurasian Blackbird","Turdus merula","#ff65df","avian","https://media.birdweather.com/species/35/EurasianBlackbird-standard-618b3a5132c7c359fb2a2884c39deb39.jpg","https://media.birdweather.com/species/35/EurasianBlackbird-thumbnail-276878929bed08167d1fd9bf34d63d40.jpg","https://media.birdweather.com/species/35/EurasianBlackbird-png200-ba5a1b43225da4611cac429c52a52c81.png","GfkFFwKRmrx2ZYiaaQe69nlzScn3T7IA",12096618750,"https://media.birdweather.com/soundscapes/6891/6891-20260521-175046.flac",0,3,"birdnetpi"
7991916779,6891,"2026-05-21T19:50:23.000+02:00",0.86,0.999460279941559,9.63178469314319,"almost_certain","2p4",NA,51.5646,6.0075,FALSE,35,"Eurasian Blackbird","Turdus merula","#ff65df","avian","https://media.birdweather.com/species/35/EurasianBlackbird-standard-618b3a5132c7c359fb2a2884c39deb39.jpg","https://media.birdweather.com/species/35/EurasianBlackbird-thumbnail-276878929bed08167d1fd9bf34d63d40.jpg","https://media.birdweather.com/species/35/EurasianBlackbird-png200-ba5a1b43225da4611cac429c52a52c81.png","GfkFFwKRmrx2ZYiaaQe69nlzScn3T7IA",12096607850,"https://media.birdweather.com/soundscapes/6891/6891-20260521-175023.flac",0,3,"birdnetpi"
7991854423,6891,"2026-05-21T19:48:14.000+02:00",0.91,0.999460279941559,9.74895007075347,"almost_certain","2p4",NA,51.5691,6.0005,FALSE,35,"Eurasian Blackbird","Turdus merula","#ff65df","avian","https://media.birdweather.com/species/35/EurasianBlackbird-standard-618b3a5132c7c359fb2a2884c39deb39.jpg","https://media.birdweather.com/species/35/EurasianBlackbird-thumbnail-276878929bed08167d1fd9bf34d63d40.jpg","https://media.birdweather.com/species/35/EurasianBlackbird-png200-ba5a1b43225da4611cac429c52a52c81.png","GfkFFwKRmrx2ZYiaaQe69nlzScn3T7IA",12096542479,"https://media.birdweather.com/soundscapes/6891/6891-20260521-174814.flac",0,3,"birdnetpi"
7991835905,6891,"2026-05-21T19:47:28.000+02:00",0.79,0.999460279941559,9.44884668524759,"almost_certain","2p4",NA,51.5632,6.0057,FALSE,35,"Eurasian Blackbird","Turdus merula","#ff65df","avian","https://media.birdweather.com/species/35/EurasianBlackbird-standard-618b3a5132c7c359fb2a2884c39deb39.jpg","https://media.birdweather.com/species/35/EurasianBlackbird-thumbnail-276878929bed08167d1fd9bf34d63d40.jpg","https://media.birdweather.com/species/35/EurasianBlackbird-png200-ba5a1b43225da4611cac429c52a52c81.png","GfkFFwKRmrx2ZYiaaQe69nlzScn3T7IA",12096523170,"https://media.birdweather.com/soundscapes/6891/6891-20260521-174728.flac",0,3,"birdnetpi"
7991826678,6891,"2026-05-21T19:47:10.000+02:00",0.86,0.999460279941559,9.63178469314319,"almost_certain","2p4",NA,51.5682,6.0006,FALSE,35,"Eurasian Blackbird","Turdus merula","#ff65df","avian","https://media.birdweather.com/species/35/EurasianBlackbird-standard-618b3a5132c7c359fb2a2884c39deb39.jpg","https://media.birdweather.com/species/35/EurasianBlackbird-thumbnail-276878929bed08167d1fd9bf34d63d40.jpg","https://media.birdweather.com/species/35/EurasianBlackbird-png200-ba5a1b43225da4611cac429c52a52c81.png","GfkFFwKRmrx2ZYiaaQe69nlzScn3T7IA",12096513492,"https://media.birdweather.com/soundscapes/6891/6891-20260521-174710.flac",0,3,"birdnetpi"
7991786114,6891,"2026-05-21T19:45:53.000+02:00",0.81,0.999460279941559,9.50365399366836,"almost_certain","2p4",NA,51.5619,6.007,FALSE,35,"Eurasian Blackbird","Turdus merula","#ff65df","avian","https://media.birdweather.com/species/35/EurasianBlackbird-standard-618b3a5132c7c359fb2a2884c39deb39.jpg","https://media.birdweather.com/species/35/EurasianBlackbird-thumbnail-276878929bed08167d1fd9bf34d63d40.jpg","https://media.birdweather.com/species/35/EurasianBlackbird-png200-ba5a1b43225da4611cac429c52a52c81.png","GfkFFwKRmrx2ZYiaaQe69nlzScn3T7IA",12096471445,"https://media.birdweather.com/soundscapes/6891/6891-20260521-174553.flac",0,3,"birdnetpi"
7991772696,6891,"2026-05-21T19:45:14.000+02:00",0.76,0.999460279941559,9.36229159002609,"almost_certain","2p4",NA,51.5621,6.0062,FALSE,35,"Eurasian Blackbird","Turdus merula","#ff65df","avian","https://media.birdweather.com/species/35/EurasianBlackbird-standard-618b3a5132c7c359fb2a2884c39deb39.jpg","https://media.birdweather.com/species/35/EurasianBlackbird-thumbnail-276878929bed08167d1fd9bf34d63d40.jpg","https://media.birdweather.com/species/35/EurasianBlackbird-png200-ba5a1b43225da4611cac429c52a52c81.png","GfkFFwKRmrx2ZYiaaQe69nlzScn3T7IA",12096457964,"https://media.birdweather.com/soundscapes/6891/6891-20260521-174514.flac",0,3,"birdnetpi"
7991750517,6891,"2026-05-21T19:44:25.000+02:00",0.79,0.560286164283752,8.66653173108211,"almost_certain","2p4",NA,51.5694,6.0094,FALSE,119,"Common House-Martin","Delichon urbicum","#53b1ff","avian","https://media.birdweather.com/species/119/CommonHouse-Martin-standard-9ffbcc688c51210fb136a162c84d82ad.jpg","https://media.birdweather.com/species/119/CommonHouse-Martin-thumbnail-dd7059ca6235347c3097e7a66f04df95.jpg","https://media.birdweather.com/species/119/CommonHouse-Martin-png200-a73a8953ce2af50676da81e70b2746b2.png","YhgKDwKJd4iIiHd/h5h5d4mIeQqVllAH",12096434845,"https://media.birdweather.com/soundscapes/6891/6891-20260521-174425.flac",0,3,"birdnetpi"
7991718577,6891,"2026-05-21T19:43:20.000+02:00",0.82,0.999460279941559,9.53025677129259,"almost_certain","2p4",NA,51.5679,6.0036,FALSE,35,"Eurasian Blackbird","Turdus merula","#ff65df","avian","https://media.birdweather.com/species/35/EurasianBlackbird-standard-618b3a5132c7c359fb2a2884c39deb39.jpg","https://media.birdweather.com/species/35/EurasianBlackbird-thumbnail-276878929bed08167d1fd9bf34d63d40.jpg","https://media.birdweather.com/species/35/EurasianBlackbird-png200-ba5a1b43225da4611cac429c52a52c81.png","GfkFFwKRmrx2ZYiaaQe69nlzScn3T7IA",12096401452,"https://media.birdweather.com/soundscapes/6891/6891-20260521-174320.flac",0,3,"birdnetpi"
7991682397,6891,"2026-05-21T19:41:56.000+02:00",0.86,0.84393298625946,9.40255852566437,"almost_certain","2p4",NA,51.5658,6.0071,FALSE,1,"House Sparrow","Passer domesticus","#d16ff8","avian","https://media.birdweather.com/species/1/HouseSparrow-standard-b861184cf45c092cdb45fd689dd676ef.jpg","https://media.birdweather.com/species/1/HouseSparrow-thumbnail-e9cbc91763a1579de8ef04880678b5e3.jpg","https://media.birdweather.com/species/1/HouseSparrow-png200-125e8603e1efe9d7a18316b94f06a65e.png","XAgCDwD8qpukuHiqtLZ9mImnmPFcDO4E",12096362962,"https://media.birdweather.com/soundscapes/6891/6891-20260521-174156.flac",0,3,"birdnetpi"
7991656151,6891,"2026-05-21T19:40:59.000+02:00",0.86,0.991592347621918,9.62106481229365,"almost_certain","2p4",NA,51.5614,6.0079,FALSE,25,"Common Chaffinch","Fringilla coelebs","#fb7eff","avian","https://media.birdweather.com/species/25/CommonChaffinch-standard-d8edb223d1ec828ee0cda788e8f5f209.jpg","https://media.birdweather.com/species/25/CommonChaffinch-thumbnail-7ba0a46bb0cd7efdb3215242f9528140.jpg","https://media.birdweather.com/species/25/CommonChaffinch-png200-ced617224ab07c316109e2d0e9078f2e.png","WfgJDwKGhIbAbHimmnhluHh2tv25ZoAD",12096335151,"https://media.birdweather.com/soundscapes/6891/6891-20260521-174059.flac",0,3,"birdnetpi"
7991419016,6891,"2026-05-21T19:32:28.000+02:00",0.8,0.991592347621918,9.46580451342305,"almost_certain","2p4",NA,51.5701,6.0053,FALSE,25,"Common Chaffinch","Fringilla coelebs","#fb7eff","avian","https://media.birdweather.com/species/25/CommonChaffinch-standard-d8edb223d1ec828ee0cda788e8f5f209.jpg","https://media.birdweather.com/species/25/CommonChaffinch-thumbnail-7ba0a46bb0cd7efdb3215242f9528140.jpg","https://media.birdweather.com/species/25/CommonChaffinch-png200-ced617224ab07c316109e2d0e9078f2e.png","WfgJDwKGhIbAbHimmnhluHh2tv25ZoAD",12096089226,"https://media.birdweather.com/soundscapes/6891/6891-20260521-173228.flac",0,3,"birdnetpi"
7991405280,6891,"2026-05-21T19:32:01.000+02:00",0.82,0.997818529605865,9.52802683813131,"almost_certain","2p4",NA,51.562,6.0049,FALSE,407,"Common Wood-Pigeon","Columba palumbus","#028fb2","avian","https://media.birdweather.com/species/407/CommonWood-Pigeon-standard-5558900260c92622ceef8a812b06518e.jpg","https://media.birdweather.com/species/407/CommonWood-Pigeon-thumbnail-4b86c907c8b82c8af31d566b811dee05.jpg","https://media.birdweather.com/species/407/CommonWood-Pigeon-png200-533b13201573be3895fcec3e61e861b5.png","2ukFHwIHiYeWxnZUiniYZ3h5h6+rCIQH",12096074877,"https://media.birdweather.com/soundscapes/6891/6891-20260521-173201.flac",0,3,"birdnetpi"
7991404312,6891,"2026-05-21T19:31:56.000+02:00",0.7,0.471988171339035,8.15804314965348,"almost_certain","2p4",NA,51.5621,6.0024,FALSE,103,"Eurasian Collared-Dove","Streptopelia decaocto","#006e2a","avian","https://media.birdweather.com/species/103/EurasianCollared-Dove-standard-e0c74c4f1ffe5357c4759579380dab35.jpg","https://media.birdweather.com/species/103/EurasianCollared-Dove-thumbnail-53ccb5f0a5d0640a1e766dd99c28ebca.jpg","https://media.birdweather.com/species/103/EurasianCollared-Dove-png200-4efa83c8c5efbdb09427b3c3fa247357.png","pvcFFwLpd4RvlJeUWZh2eXh4VxBqBZIH",12096073906,"https://media.birdweather.com/soundscapes/6891/6891-20260521-173156.flac",0,3,"birdnetpi"
7991372764,6891,"2026-05-21T19:30:55.000+02:00",0.76,0.84393298625946,9.13306542254728,"almost_certain","2p4",NA,51.5639,6.0046,FALSE,1,"House Sparrow","Passer domesticus","#d16ff8","avian","https://media.birdweather.com/species/1/HouseSparrow-standard-b861184cf45c092cdb45fd689dd676ef.jpg","https://media.birdweather.com/species/1/HouseSparrow-thumbnail-e9cbc91763a1579de8ef04880678b5e3.jpg","https://media.birdweather.com/species/1/HouseSparrow-png200-125e8603e1efe9d7a18316b94f06a65e.png","XAgCDwD8qpukuHiqtLZ9mImnmPFcDO4E",12096041664,"https://media.birdweather.com/soundscapes/6891/6891-20260521-173055.flac",0,3,"birdnetpi"
7991360489,6891,"2026-05-21T19:30:34.000+02:00",0.78,0.84393298625946,9.19137209430103,"almost_certain","2p4",NA,51.5653,6.0091,FALSE,1,"House Sparrow","Passer domesticus","#d16ff8","avian","https://media.birdweather.com/species/1/HouseSparrow-standard-b861184cf45c092cdb45fd689dd676ef.jpg","https://media.birdweather.com/species/1/HouseSparrow-thumbnail-e9cbc91763a1579de8ef04880678b5e3.jpg","https://media.birdweather.com/species/1/HouseSparrow-png200-125e8603e1efe9d7a18316b94f06a65e.png","XAgCDwD8qpukuHiqtLZ9mImnmPFcDO4E",12096028728,"https://media.birdweather.com/soundscapes/6891/6891-20260521-173034.flac",0,3,"birdnetpi"
7991310042,6891,"2026-05-21T19:28:35.000+02:00",0.93,0.560286164283752,9.01083249782695,"almost_certain","2p4",NA,51.5619,6.0094,FALSE,119,"Common House-Martin","Delichon urbicum","#53b1ff","avian","https://media.birdweather.com/species/119/CommonHouse-Martin-standard-9ffbcc688c51210fb136a162c84d82ad.jpg","https://media.birdweather.com/species/119/CommonHouse-Martin-thumbnail-dd7059ca6235347c3097e7a66f04df95.jpg","https://media.birdweather.com/species/119/CommonHouse-Martin-png200-a73a8953ce2af50676da81e70b2746b2.png","YhgKDwKJd4iIiHd/h5h5d4mIeQqVllAH",12095976589,"https://media.birdweather.com/soundscapes/6891/6891-20260521-172835.flac",0,3,"birdnetpi"
7991285459,6891,"2026-05-21T19:27:47.000+02:00",0.76,0.471988171339035,8.34951701070745,"almost_certain","2p4",NA,51.567,6.0045,FALSE,103,"Eurasian Collared-Dove","Streptopelia decaocto","#006e2a","avian","https://media.birdweather.com/species/103/EurasianCollared-Dove-standard-e0c74c4f1ffe5357c4759579380dab35.jpg","https://media.birdweather.com/species/103/EurasianCollared-Dove-thumbnail-53ccb5f0a5d0640a1e766dd99c28ebca.jpg","https://media.birdweather.com/species/103/EurasianCollared-Dove-png200-4efa83c8c5efbdb09427b3c3fa247357.png","pvcFFwLpd4RvlJeUWZh2eXh4VxBqBZIH",12095950775,"https://media.birdweather.com/soundscapes/6891/6891-20260521-172747.flac",0,3,"birdnetpi"
7991285100,6891,"2026-05-21T19:27:40.000+02:00",0.91,0.997818529605865,9.74672013759219,"almost_certain","2p4",NA,51.5699,6.0094,FALSE,407,"Common Wood-Pigeon","Columba palumbus","#028fb2","avian","https://media.birdweather.com/species/407/CommonWood-Pigeon-standard-5558900260c92622ceef8a812b06518e.jpg","https://media.birdweather.com/species/407/CommonWood-Pigeon-thumbnail-4b86c907c8b82c8af31d566b811dee05.jpg","https://media.birdweather.com/species/407/CommonWood-Pigeon-png200-533b13201573be3895fcec3e61e861b5.png","2ukFHwIHiYeWxnZUiniYZ3h5h6+rCIQH",12095950426,"https://media.birdweather.com/soundscapes/6891/6891-20260521-172740.flac",0,3,"birdnetpi"
7991255856,6891,"2026-05-21T19:26:43.000+02:00",0.93,0.658253312110901,9.22801727434011,"almost_certain","2p4",NA,51.5648,6.0089,FALSE,89,"European Goldfinch","Carduelis carduelis","#65dba3","avian","https://media.birdweather.com/species/89/EuropeanGoldfinch-standard-5e709d6e7011b21fe905b6d27ce94b9d.jpg","https://media.birdweather.com/species/89/EuropeanGoldfinch-thumbnail-f99916cbaf5a2c3bd8f61890d18d73c1.jpg","https://media.birdweather.com/species/89/EuropeanGoldfinch-png200-ef3fc90c8328c40b59d9ad3c4b52e850.png","lPgJDwI+UJmHq2hji4dWiHiH2XQID5UC",12095920156,"https://media.birdweather.com/soundscapes/6891/6891-20260521-172643.flac",0,3,"birdnetpi"
7991244938,6891,"2026-05-21T19:26:14.000+02:00",0.75,0.84393298625946,9.10295432034255,"almost_certain","2p4",NA,51.5692,6.0054,FALSE,1,"House Sparrow","Passer domesticus","#d16ff8","avian","https://media.birdweather.com/species/1/HouseSparrow-standard-b861184cf45c092cdb45fd689dd676ef.jpg","https://media.birdweather.com/species/1/HouseSparrow-thumbnail-e9cbc91763a1579de8ef04880678b5e3.jpg","https://media.birdweather.com/species/1/HouseSparrow-png200-125e8603e1efe9d7a18316b94f06a65e.png","XAgCDwD8qpukuHiqtLZ9mImnmPFcDO4E",12095908965,"https://media.birdweather.com/soundscapes/6891/6891-20260521-172614.flac",0,3,"birdnetpi"
7991241147,6891,"2026-05-21T19:26:07.000+02:00",0.74,0.997818529605865,9.29916274214277,"almost_certain","2p4",NA,51.5657,6.0092,FALSE,407,"Common Wood-Pigeon","Columba palumbus","#028fb2","avian","https://media.birdweather.com/species/407/CommonWood-Pigeon-standard-5558900260c92622ceef8a812b06518e.jpg","https://media.birdweather.com/species/407/CommonWood-Pigeon-thumbnail-4b86c907c8b82c8af31d566b811dee05.jpg","https://media.birdweather.com/species/407/CommonWood-Pigeon-png200-533b13201573be3895fcec3e61e861b5.png","2ukFHwIHiYeWxnZUiniYZ3h5h6+rCIQH",12095905121,"https://media.birdweather.com/soundscapes/6891/6891-20260521-172607.flac",0,3,"birdnetpi"
7991237547,6891,"2026-05-21T19:25:59.000+02:00",0.7,0.84393298625946,8.94159156149331,"almost_certain","2p4",NA,51.5674,6.0039,FALSE,1,"House Sparrow","Passer domesticus","#d16ff8","avian","https://media.birdweather.com/species/1/HouseSparrow-standard-b861184cf45c092cdb45fd689dd676ef.jpg","https://media.birdweather.com/species/1/HouseSparrow-thumbnail-e9cbc91763a1579de8ef04880678b5e3.jpg","https://media.birdweather.com/species/1/HouseSparrow-png200-125e8603e1efe9d7a18316b94f06a65e.png","XAgCDwD8qpukuHiqtLZ9mImnmPFcDO4E",12095901291,"https://media.birdweather.com/soundscapes/6891/6891-20260521-172559.flac",0,3,"birdnetpi"
7991219539,6891,"2026-05-21T19:25:19.000+02:00",0.85,0.997818529605865,9.60486940744324,"almost_certain","2p4",NA,51.5622,6.0081,FALSE,407,"Common Wood-Pigeon","Columba palumbus","#028fb2","avian","https://media.birdweather.com/species/407/CommonWood-Pigeon-standard-5558900260c92622ceef8a812b06518e.jpg","https://media.birdweather.com/species/407/CommonWood-Pigeon-thumbnail-4b86c907c8b82c8af31d566b811dee05.jpg","https://media.birdweather.com/species/407/CommonWood-Pigeon-png200-533b13201573be3895fcec3e61e861b5.png","2ukFHwIHiYeWxnZUiniYZ3h5h6+rCIQH",12095882605,"https://media.birdweather.com/soundscapes/6891/6891-20260521-172519.flac",0,3,"birdnetpi"
7991151465,6891,"2026-05-21T19:22:55.000+02:00",0.77,0.84393298625946,9.1625289237,"almost_certain","2p4",NA,51.5689,6.0084,FALSE,1,"House Sparrow","Passer domesticus","#d16ff8","avian","https://media.birdweather.com/species/1/HouseSparrow-standard-b861184cf45c092cdb45fd689dd676ef.jpg","https://media.birdweather.com/species/1/HouseSparrow-thumbnail-e9cbc91763a1579de8ef04880678b5e3.jpg","https://media.birdweather.com/species/1/HouseSparrow-png200-125e8603e1efe9d7a18316b94f06a65e.png","XAgCDwD8qpukuHiqtLZ9mImnmPFcDO4E",12095811962,"https://media.birdweather.com/soundscapes/6891/6891-20260521-172255.flac",0,3,"birdnetpi"
7991114696,6891,"2026-05-21T19:21:35.000+02:00",0.77,0.84393298625946,9.1625289237,"almost_certain","2p4",NA,51.5655,6.0064,FALSE,1,"House Sparrow","Passer domesticus","#d16ff8","avian","https://media.birdweather.com/species/1/HouseSparrow-standard-b861184cf45c092cdb45fd689dd676ef.jpg","https://media.birdweather.com/species/1/HouseSparrow-thumbnail-e9cbc91763a1579de8ef04880678b5e3.jpg","https://media.birdweather.com/species/1/HouseSparrow-png200-125e8603e1efe9d7a18316b94f06a65e.png","XAgCDwD8qpukuHiqtLZ9mImnmPFcDO4E",12095774307,"https://media.birdweather.com/soundscapes/6891/6891-20260521-172135.flac",0,3,"birdnetpi"
7991102036,6891,"2026-05-21T19:21:11.000+02:00",0.81,0.84393298625946,9.27442782618954,"almost_certain","2p4",NA,51.57,6.003,FALSE,1,"House Sparrow","Passer domesticus","#d16ff8","avian","https://media.birdweather.com/species/1/HouseSparrow-standard-b861184cf45c092cdb45fd689dd676ef.jpg","https://media.birdweather.com/species/1/HouseSparrow-thumbnail-e9cbc91763a1579de8ef04880678b5e3.jpg","https://media.birdweather.com/species/1/HouseSparrow-png200-125e8603e1efe9d7a18316b94f06a65e.png","XAgCDwD8qpukuHiqtLZ9mImnmPFcDO4E",12095761239,"https://media.birdweather.com/soundscapes/6891/6891-20260521-172111.flac",0,3,"birdnetpi"
7991066532,6891,"2026-05-21T19:19:53.000+02:00",0.78,0.96171635389328,9.36839147200841,"almost_certain","2p4",NA,51.5629,6.0087,FALSE,397,"Barn Swallow","Hirundo rustica","#c85500","avian","https://media.birdweather.com/species/397/BarnSwallow-standard-66c9cb8916403efe633a420fe54e3bc6.jpg","https://media.birdweather.com/species/397/BarnSwallow-thumbnail-418cddeb212e9e1ce5d35f61a3040433.jpg","https://media.birdweather.com/species/397/BarnSwallow-png200-317c812ebfcec488fad1824feff99dbc.png","IAgKHwKLhnmThXdPl1i3p3ll51f4jngP",12095725158,"https://media.birdweather.com/soundscapes/6891/6891-20260521-171953.flac",0,3,"birdnetpi"
7991061013,6891,"2026-05-21T19:19:41.000+02:00",0.74,0.997818529605865,9.29916274214277,"almost_certain","2p4",NA,51.5631,6.0052,FALSE,407,"Common Wood-Pigeon","Columba palumbus","#028fb2","avian","https://media.birdweather.com/species/407/CommonWood-Pigeon-standard-5558900260c92622ceef8a812b06518e.jpg","https://media.birdweather.com/species/407/CommonWood-Pigeon-thumbnail-4b86c907c8b82c8af31d566b811dee05.jpg","https://media.birdweather.com/species/407/CommonWood-Pigeon-png200-533b13201573be3895fcec3e61e861b5.png","2ukFHwIHiYeWxnZUiniYZ3h5h6+rCIQH",12095719318,"https://media.birdweather.com/soundscapes/6891/6891-20260521-171941.flac",0,3,"birdnetpi"
7991053775,6891,"2026-05-21T19:19:28.000+02:00",0.72,0.84393298625946,9.00843408640543,"almost_certain","2p4",NA,51.5615,6.0091,FALSE,1,"House Sparrow","Passer domesticus","#d16ff8","avian","https://media.birdweather.com/species/1/HouseSparrow-standard-b861184cf45c092cdb45fd689dd676ef.jpg","https://media.birdweather.com/species/1/HouseSparrow-thumbnail-e9cbc91763a1579de8ef04880678b5e3.jpg","https://media.birdweather.com/species/1/HouseSparrow-png200-125e8603e1efe9d7a18316b94f06a65e.png","XAgCDwD8qpukuHiqtLZ9mImnmPFcDO4E",12095712084,"https://media.birdweather.com/soundscapes/6891/6891-20260521-171928.flac",0,3,"birdnetpi"
7991042151,6891,"2026-05-21T19:19:02.000+02:00",0.7,0.84393298625946,8.94159156149331,"almost_certain","2p4",NA,51.5637,6.0093,FALSE,1,"House Sparrow","Passer domesticus","#d16ff8","avian","https://media.birdweather.com/species/1/HouseSparrow-standard-b861184cf45c092cdb45fd689dd676ef.jpg","https://media.birdweather.com/species/1/HouseSparrow-thumbnail-e9cbc91763a1579de8ef04880678b5e3.jpg","https://media.birdweather.com/species/1/HouseSparrow-png200-125e8603e1efe9d7a18316b94f06a65e.png","XAgCDwD8qpukuHiqtLZ9mImnmPFcDO4E",12095700123,"https://media.birdweather.com/soundscapes/6891/6891-20260521-171902.flac",0,3,"birdnetpi"
7990984984,6891,"2026-05-21T19:17:01.000+02:00",0.84,0.84393298625946,9.35273485315027,"almost_certain","2p4",NA,51.5623,6.0045,FALSE,1,"House Sparrow","Passer domesticus","#d16ff8","avian","https://media.birdweather.com/species/1/HouseSparrow-standard-b861184cf45c092cdb45fd689dd676ef.jpg","https://media.birdweather.com/species/1/HouseSparrow-thumbnail-e9cbc91763a1579de8ef04880678b5e3.jpg","https://media.birdweather.com/species/1/HouseSparrow-png200-125e8603e1efe9d7a18316b94f06a65e.png","XAgCDwD8qpukuHiqtLZ9mImnmPFcDO4E",12095642121,"https://media.birdweather.com/soundscapes/6891/6891-20260521-171701.flac",0,3,"birdnetpi"
7990977928,6891,"2026-05-21T19:16:44.000+02:00",0.71,0.84393298625946,8.97542044074212,"almost_certain","2p4",NA,51.563,6.0047,FALSE,1,"House Sparrow","Passer domesticus","#d16ff8","avian","https://media.birdweather.com/species/1/HouseSparrow-standard-b861184cf45c092cdb45fd689dd676ef.jpg","https://media.birdweather.com/species/1/HouseSparrow-thumbnail-e9cbc91763a1579de8ef04880678b5e3.jpg","https://media.birdweather.com/species/1/HouseSparrow-png200-125e8603e1efe9d7a18316b94f06a65e.png","XAgCDwD8qpukuHiqtLZ9mImnmPFcDO4E",12095633922,"https://media.birdweather.com/soundscapes/6891/6891-20260521-171644.flac",0,3,"birdnetpi"
7990941243,6891,"2026-05-21T19:15:32.000+02:00",0.91,0.471988171339035,8.73617549143482,"almost_certain","2p4",NA,51.5632,6.0091,FALSE,103,"Eurasian Collared-Dove","Streptopelia decaocto","#006e2a","avian","https://media.birdweather.com/species/103/EurasianCollared-Dove-standard-e0c74c4f1ffe5357c4759579380dab35.jpg","https://media.birdweather.com/species/103/EurasianCollared-Dove-thumbnail-53ccb5f0a5d0640a1e766dd99c28ebca.jpg","https://media.birdweather.com/species/103/EurasianCollared-Dove-png200-4efa83c8c5efbdb09427b3c3fa247357.png","pvcFFwLpd4RvlJeUWZh2eXh4VxBqBZIH",12095595920,"https://media.birdweather.com/soundscapes/6891/6891-20260521-171532.flac",0,3,"birdnetpi"
7990906111,6891,"2026-05-21T19:14:10.000+02:00",0.88,0.997818529605865,9.67762986812335,"almost_certain","2p4",NA,51.5685,6.0021,FALSE,407,"Common Wood-Pigeon","Columba palumbus","#028fb2","avian","https://media.birdweather.com/species/407/CommonWood-Pigeon-standard-5558900260c92622ceef8a812b06518e.jpg","https://media.birdweather.com/species/407/CommonWood-Pigeon-thumbnail-4b86c907c8b82c8af31d566b811dee05.jpg","https://media.birdweather.com/species/407/CommonWood-Pigeon-png200-533b13201573be3895fcec3e61e861b5.png","2ukFHwIHiYeWxnZUiniYZ3h5h6+rCIQH",12095559688,"https://media.birdweather.com/soundscapes/6891/6891-20260521-171410.flac",0,3,"birdnetpi"
7990890833,6891,"2026-05-21T19:13:41.000+02:00",0.87,0.471988171339035,8.64325853445072,"almost_certain","2p4",NA,51.5696,6.0018,FALSE,103,"Eurasian Collared-Dove","Streptopelia decaocto","#006e2a","avian","https://media.birdweather.com/species/103/EurasianCollared-Dove-standard-e0c74c4f1ffe5357c4759579380dab35.jpg","https://media.birdweather.com/species/103/EurasianCollared-Dove-thumbnail-53ccb5f0a5d0640a1e766dd99c28ebca.jpg","https://media.birdweather.com/species/103/EurasianCollared-Dove-png200-4efa83c8c5efbdb09427b3c3fa247357.png","pvcFFwLpd4RvlJeUWZh2eXh4VxBqBZIH",12095543856,"https://media.birdweather.com/soundscapes/6891/6891-20260521-171341.flac",0,3,"birdnetpi"
7990869882,6891,"2026-05-21T19:12:52.000+02:00",0.74,0.471988171339035,8.28861809598541,"almost_certain","2p4",NA,51.5647,6.0014,FALSE,103,"Eurasian Collared-Dove","Streptopelia decaocto","#006e2a","avian","https://media.birdweather.com/species/103/EurasianCollared-Dove-standard-e0c74c4f1ffe5357c4759579380dab35.jpg","https://media.birdweather.com/species/103/EurasianCollared-Dove-thumbnail-53ccb5f0a5d0640a1e766dd99c28ebca.jpg","https://media.birdweather.com/species/103/EurasianCollared-Dove-png200-4efa83c8c5efbdb09427b3c3fa247357.png","pvcFFwLpd4RvlJeUWZh2eXh4VxBqBZIH",12095522179,"https://media.birdweather.com/soundscapes/6891/6891-20260521-171252.flac",0,3,"birdnetpi"
7990864431,6891,"2026-05-21T19:12:40.000+02:00",0.97,0.997818529605865,9.87525183224037,"almost_certain","2p4",NA,51.568,6.009,FALSE,407,"Common Wood-Pigeon","Columba palumbus","#028fb2","avian","https://media.birdweather.com/species/407/CommonWood-Pigeon-standard-5558900260c92622ceef8a812b06518e.jpg","https://media.birdweather.com/species/407/CommonWood-Pigeon-thumbnail-4b86c907c8b82c8af31d566b811dee05.jpg","https://media.birdweather.com/species/407/CommonWood-Pigeon-png200-533b13201573be3895fcec3e61e861b5.png","2ukFHwIHiYeWxnZUiniYZ3h5h6+rCIQH",12095516342,"https://media.birdweather.com/soundscapes/6891/6891-20260521-171240.flac",0,3,"birdnetpi"
7990849799,6891,"2026-05-21T19:12:10.000+02:00",0.8,0.471988171339035,8.46374981495395,"almost_certain","2p4",NA,51.563,6.0042,FALSE,103,"Eurasian Collared-Dove","Streptopelia decaocto","#006e2a","avian","https://media.birdweather.com/species/103/EurasianCollared-Dove-standard-e0c74c4f1ffe5357c4759579380dab35.jpg","https://media.birdweather.com/species/103/EurasianCollared-Dove-thumbnail-53ccb5f0a5d0640a1e766dd99c28ebca.jpg","https://media.birdweather.com/species/103/EurasianCollared-Dove-png200-4efa83c8c5efbdb09427b3c3fa247357.png","pvcFFwLpd4RvlJeUWZh2eXh4VxBqBZIH",12095501345,"https://media.birdweather.com/soundscapes/6891/6891-20260521-171210.flac",0,3,"birdnetpi"
7990844357,6891,"2026-05-21T19:11:56.000+02:00",0.96,0.997818529605865,9.85464994025095,"almost_certain","2p4",NA,51.5693,6.0069,FALSE,407,"Common Wood-Pigeon","Columba palumbus","#028fb2","avian","https://media.birdweather.com/species/407/CommonWood-Pigeon-standard-5558900260c92622ceef8a812b06518e.jpg","https://media.birdweather.com/species/407/CommonWood-Pigeon-thumbnail-4b86c907c8b82c8af31d566b811dee05.jpg","https://media.birdweather.com/species/407/CommonWood-Pigeon-png200-533b13201573be3895fcec3e61e861b5.png","2ukFHwIHiYeWxnZUiniYZ3h5h6+rCIQH",12095495689,"https://media.birdweather.com/soundscapes/6891/6891-20260521-171156.flac",0,3,"birdnetpi"
7990644267,6891,"2026-05-21T19:04:47.000+02:00",0.73,0.84393298625946,9.0406708678574,"almost_certain","2p4",NA,51.5659,6.0054,FALSE,1,"House Sparrow","Passer domesticus","#d16ff8","avian","https://media.birdweather.com/species/1/HouseSparrow-standard-b861184cf45c092cdb45fd689dd676ef.jpg","https://media.birdweather.com/species/1/HouseSparrow-thumbnail-e9cbc91763a1579de8ef04880678b5e3.jpg","https://media.birdweather.com/species/1/HouseSparrow-png200-125e8603e1efe9d7a18316b94f06a65e.png","XAgCDwD8qpukuHiqtLZ9mImnmPFcDO4E",12095289050,"https://media.birdweather.com/soundscapes/6891/6891-20260521-170447.flac",0,3,"birdnetpi"
7990417246,6891,"2026-05-21T18:56:40.000+02:00",0.76,0.84393298625946,9.13306542254728,"almost_certain","2p4",NA,51.5654,6.0011,FALSE,1,"House Sparrow","Passer domesticus","#d16ff8","avian","https://media.birdweather.com/species/1/HouseSparrow-standard-b861184cf45c092cdb45fd689dd676ef.jpg","https://media.birdweather.com/species/1/HouseSparrow-thumbnail-e9cbc91763a1579de8ef04880678b5e3.jpg","https://media.birdweather.com/species/1/HouseSparrow-png200-125e8603e1efe9d7a18316b94f06a65e.png","XAgCDwD8qpukuHiqtLZ9mImnmPFcDO4E",12095053917,"https://media.birdweather.com/soundscapes/6891/6891-20260521-165640.flac",0,3,"birdnetpi"
7990400591,6891,"2026-05-21T18:56:05.000+02:00",0.85,0.84393298625946,9.3778731731257,"almost_certain","2p4",NA,51.5669,6.0056,FALSE,1,"House Sparrow","Passer domesticus","#d16ff8","avian","https://media.birdweather.com/species/1/HouseSparrow-standard-b861184cf45c092cdb45fd689dd676ef.jpg","https://media.birdweather.com/species/1/HouseSparrow-thumbnail-e9cbc91763a1579de8ef04880678b5e3.jpg","https://media.birdweather.com/species/1/HouseSparrow-png200-125e8603e1efe9d7a18316b94f06a65e.png","XAgCDwD8qpukuHiqtLZ9mImnmPFcDO4E",12095036725,"https://media.birdweather.com/soundscapes/6891/6891-20260521-165605.flac",0,3,"birdnetpi"
7990288740,6891,"2026-05-21T18:52:04.000+02:00",0.9,0.658253312110901,9.16117474942799,"almost_certain","2p4",NA,51.5636,6.0054,FALSE,89,"European Goldfinch","Carduelis carduelis","#65dba3","avian","https://media.birdweather.com/species/89/EuropeanGoldfinch-standard-5e709d6e7011b21fe905b6d27ce94b9d.jpg","https://media.birdweather.com/species/89/EuropeanGoldfinch-thumbnail-f99916cbaf5a2c3bd8f61890d18d73c1.jpg","https://media.birdweather.com/species/89/EuropeanGoldfinch-png200-ef3fc90c8328c40b59d9ad3c4b52e850.png","lPgJDwI+UJmHq2hji4dWiHiH2XQID5UC",12094921288,"https://media.birdweather.com/soundscapes/6891/6891-20260521-165204.flac",0,3,"birdnetpi"
7990008679,6891,"2026-05-21T18:42:05.000+02:00",0.83,0.84393298625946,9.32712663092362,"almost_certain","2p4",NA,51.5699,6.0032,FALSE,1,"House Sparrow","Passer domesticus","#d16ff8","avian","https://media.birdweather.com/species/1/HouseSparrow-standard-b861184cf45c092cdb45fd689dd676ef.jpg","https://media.birdweather.com/species/1/HouseSparrow-thumbnail-e9cbc91763a1579de8ef04880678b5e3.jpg","https://media.birdweather.com/species/1/HouseSparrow-png200-125e8603e1efe9d7a18316b94f06a65e.png","XAgCDwD8qpukuHiqtLZ9mImnmPFcDO4E",12094631964,"https://media.birdweather.com/soundscapes/6891/6891-20260521-164205.flac",0,3,"birdnetpi"
7989978439,6891,"2026-05-21T18:40:58.000+02:00",0.72,0.84393298625946,9.00843408640543,"almost_certain","2p4",NA,51.5649,6.0038,FALSE,1,"House Sparrow","Passer domesticus","#d16ff8","avian","https://media.birdweather.com/species/1/HouseSparrow-standard-b861184cf45c092cdb45fd689dd676ef.jpg","https://media.birdweather.com/species/1/HouseSparrow-thumbnail-e9cbc91763a1579de8ef04880678b5e3.jpg","https://media.birdweather.com/species/1/HouseSparrow-png200-125e8603e1efe9d7a18316b94f06a65e.png","XAgCDwD8qpukuHiqtLZ9mImnmPFcDO4E",12094600294,"https://media.birdweather.com/soundscapes/6891/6891-20260521-164058.flac",0,3,"birdnetpi"
7989888514,6891,"2026-05-21T18:37:53.000+02:00",0.99,0.803734242916107,9.62249274067583,"almost_certain","2p4",NA,51.5631,6.002,FALSE,551,"Common Swift","Apus apus","#234bb2","avian","https://media.birdweather.com/species/551/CommonSwift-standard-ba54f84fbd8481b1c0de60654fbd79d5.jpg","https://media.birdweather.com/species/551/CommonSwift-thumbnail-bad1d7e3c141990f11d01e49e9f768ac.jpg","https://media.birdweather.com/species/551/CommonSwift-png200-f52bea49cb0e4232049806bde3e1a401.png","LLYFFwLchWelV5dvsqh1jKZoKJIEMkoA",12094508422,"https://media.birdweather.com/soundscapes/6891/6891-20260521-163753.flac",0,3,"birdnetpi"
7989879044,6891,"2026-05-21T18:37:32.000+02:00",0.71,0.84393298625946,8.97542044074212,"almost_certain","2p4",NA,51.5661,6.0043,FALSE,1,"House Sparrow","Passer domesticus","#d16ff8","avian","https://media.birdweather.com/species/1/HouseSparrow-standard-b861184cf45c092cdb45fd689dd676ef.jpg","https://media.birdweather.com/species/1/HouseSparrow-thumbnail-e9cbc91763a1579de8ef04880678b5e3.jpg","https://media.birdweather.com/species/1/HouseSparrow-png200-125e8603e1efe9d7a18316b94f06a65e.png","XAgCDwD8qpukuHiqtLZ9mImnmPFcDO4E",12094498681,"https://media.birdweather.com/soundscapes/6891/6891-20260521-163732.flac",0,3,"birdnetpi"
7989853035,6891,"2026-05-21T18:36:38.000+02:00",0.73,0.84393298625946,9.0406708678574,"almost_certain","2p4",NA,51.5697,6.0014,FALSE,1,"House Sparrow","Passer domesticus","#d16ff8","avian","https://media.birdweather.com/species/1/HouseSparrow-standard-b861184cf45c092cdb45fd689dd676ef.jpg","https://media.birdweather.com/species/1/HouseSparrow-thumbnail-e9cbc91763a1579de8ef04880678b5e3.jpg","https://media.birdweather.com/species/1/HouseSparrow-png200-125e8603e1efe9d7a18316b94f06a65e.png","XAgCDwD8qpukuHiqtLZ9mImnmPFcDO4E",12094472640,"https://media.birdweather.com/soundscapes/6891/6891-20260521-163638.flac",0,3,"birdnetpi"
7989828127,6891,"2026-05-21T18:35:53.000+02:00",0.84,0.84393298625946,9.35273485315027,"almost_certain","2p4",NA,51.5624,6.0014,FALSE,1,"House Sparrow","Passer domesticus","#d16ff8","avian","https://media.birdweather.com/species/1/HouseSparrow-standard-b861184cf45c092cdb45fd689dd676ef.jpg","https://media.birdweather.com/species/1/HouseSparrow-thumbnail-e9cbc91763a1579de8ef04880678b5e3.jpg","https://media.birdweather.com/species/1/HouseSparrow-png200-125e8603e1efe9d7a18316b94f06a65e.png","XAgCDwD8qpukuHiqtLZ9mImnmPFcDO4E",12094447031,"https://media.birdweather.com/soundscapes/6891/6891-20260521-163553.flac",0,3,"birdnetpi"
7989792346,6891,"2026-05-21T18:34:25.000+02:00",0.76,0.84393298625946,9.13306542254728,"almost_certain","2p4",NA,51.5646,6.0018,FALSE,1,"House Sparrow","Passer domesticus","#d16ff8","avian","https://media.birdweather.com/species/1/HouseSparrow-standard-b861184cf45c092cdb45fd689dd676ef.jpg","https://media.birdweather.com/species/1/HouseSparrow-thumbnail-e9cbc91763a1579de8ef04880678b5e3.jpg","https://media.birdweather.com/species/1/HouseSparrow-png200-125e8603e1efe9d7a18316b94f06a65e.png","XAgCDwD8qpukuHiqtLZ9mImnmPFcDO4E",12094410367,"https://media.birdweather.com/soundscapes/6891/6891-20260521-163425.flac",0,3,"birdnetpi"
7989768733,6891,"2026-05-21T18:33:35.000+02:00",0.9,0.581112802028656,8.99312993863886,"almost_certain","2p4",NA,51.5677,6.0083,FALSE,76,"Eurasian Jackdaw","Corvus monedula","#f36f1b","avian","https://media.birdweather.com/species/76/EurasianJackdaw-standard-55cbd4006f743c538a3264a1fb86d41c.jpg","https://media.birdweather.com/species/76/EurasianJackdaw-thumbnail-80ecf23afe76ea22483b4f8043e19339.jpg","https://media.birdweather.com/species/76/EurasianJackdaw-png200-862dbf9b3725619bb5532ba255c32118.png","4AgKDwL2i2d1homOY0modph5OL/1qHAJ",12094385828,"https://media.birdweather.com/soundscapes/6891/6891-20260521-163335.flac",0,3,"birdnetpi"
7989740673,6891,"2026-05-21T18:32:34.000+02:00",0.72,0.84393298625946,9.00843408640543,"almost_certain","2p4",NA,51.5664,6.0016,FALSE,1,"House Sparrow","Passer domesticus","#d16ff8","avian","https://media.birdweather.com/species/1/HouseSparrow-standard-b861184cf45c092cdb45fd689dd676ef.jpg","https://media.birdweather.com/species/1/HouseSparrow-thumbnail-e9cbc91763a1579de8ef04880678b5e3.jpg","https://media.birdweather.com/species/1/HouseSparrow-png200-125e8603e1efe9d7a18316b94f06a65e.png","XAgCDwD8qpukuHiqtLZ9mImnmPFcDO4E",12094356910,"https://media.birdweather.com/soundscapes/6891/6891-20260521-163234.flac",0,3,"birdnetpi"
7989711745,6891,"2026-05-21T18:31:35.000+02:00",0.98,0.803734242916107,9.60249238546885,"almost_certain","2p4",NA,51.5626,6.0054,FALSE,551,"Common Swift","Apus apus","#234bb2","avian","https://media.birdweather.com/species/551/CommonSwift-standard-ba54f84fbd8481b1c0de60654fbd79d5.jpg","https://media.birdweather.com/species/551/CommonSwift-thumbnail-bad1d7e3c141990f11d01e49e9f768ac.jpg","https://media.birdweather.com/species/551/CommonSwift-png200-f52bea49cb0e4232049806bde3e1a401.png","LLYFFwLchWelV5dvsqh1jKZoKJIEMkoA",12094327002,"https://media.birdweather.com/soundscapes/6891/6891-20260521-163135.flac",0,3,"birdnetpi"
7989691607,6891,"2026-05-21T18:30:56.000+02:00",0.79,0.581112802028656,8.71567169680614,"almost_certain","2p4",NA,51.5677,6.0044,FALSE,76,"Eurasian Jackdaw","Corvus monedula","#f36f1b","avian","https://media.birdweather.com/species/76/EurasianJackdaw-standard-55cbd4006f743c538a3264a1fb86d41c.jpg","https://media.birdweather.com/species/76/EurasianJackdaw-thumbnail-80ecf23afe76ea22483b4f8043e19339.jpg","https://media.birdweather.com/species/76/EurasianJackdaw-png200-862dbf9b3725619bb5532ba255c32118.png","4AgKDwL2i2d1homOY0modph5OL/1qHAJ",12094306324,"https://media.birdweather.com/soundscapes/6891/6891-20260521-163056.flac",0,3,"birdnetpi"
7989629396,6891,"2026-05-21T18:28:44.000+02:00",0.86,0.658253312110901,9.06665451549087,"almost_certain","2p4",NA,51.5684,6.0045,FALSE,89,"European Goldfinch","Carduelis carduelis","#65dba3","avian","https://media.birdweather.com/species/89/EuropeanGoldfinch-standard-5e709d6e7011b21fe905b6d27ce94b9d.jpg","https://media.birdweather.com/species/89/EuropeanGoldfinch-thumbnail-f99916cbaf5a2c3bd8f61890d18d73c1.jpg","https://media.birdweather.com/species/89/EuropeanGoldfinch-png200-ef3fc90c8328c40b59d9ad3c4b52e850.png","lPgJDwI+UJmHq2hji4dWiHiH2XQID5UC",12094241684,"https://media.birdweather.com/soundscapes/6891/6891-20260521-162844.flac",0,3,"birdnetpi"
7989436721,6891,"2026-05-21T18:21:49.000+02:00",0.8,0.560286164283752,8.69420944010711,"almost_certain","2p4",NA,51.5626,6.0067,FALSE,119,"Common House-Martin","Delichon urbicum","#53b1ff","avian","https://media.birdweather.com/species/119/CommonHouse-Martin-standard-9ffbcc688c51210fb136a162c84d82ad.jpg","https://media.birdweather.com/species/119/CommonHouse-Martin-thumbnail-dd7059ca6235347c3097e7a66f04df95.jpg","https://media.birdweather.com/species/119/CommonHouse-Martin-png200-a73a8953ce2af50676da81e70b2746b2.png","YhgKDwKJd4iIiHd/h5h5d4mIeQqVllAH",12094041481,"https://media.birdweather.com/soundscapes/6891/6891-20260521-162149.flac",0,3,"birdnetpi"
7989428595,6891,"2026-05-21T18:21:22.000+02:00",0.8,0.560286164283752,8.69420944010711,"almost_certain","2p4",NA,51.5637,6.0011,FALSE,119,"Common House-Martin","Delichon urbicum","#53b1ff","avian","https://media.birdweather.com/species/119/CommonHouse-Martin-standard-9ffbcc688c51210fb136a162c84d82ad.jpg","https://media.birdweather.com/species/119/CommonHouse-Martin-thumbnail-dd7059ca6235347c3097e7a66f04df95.jpg","https://media.birdweather.com/species/119/CommonHouse-Martin-png200-a73a8953ce2af50676da81e70b2746b2.png","YhgKDwKJd4iIiHd/h5h5d4mIeQqVllAH",12094032855,"https://media.birdweather.com/soundscapes/6891/6891-20260521-162122.flac",0,3,"birdnetpi"
7989377306,6891,"2026-05-21T18:19:32.000+02:00",0.91,0.803734242916107,9.45366402329503,"almost_certain","2p4",NA,51.5667,6.005,FALSE,551,"Common Swift","Apus apus","#234bb2","avian","https://media.birdweather.com/species/551/CommonSwift-standard-ba54f84fbd8481b1c0de60654fbd79d5.jpg","https://media.birdweather.com/species/551/CommonSwift-thumbnail-bad1d7e3c141990f11d01e49e9f768ac.jpg","https://media.birdweather.com/species/551/CommonSwift-png200-f52bea49cb0e4232049806bde3e1a401.png","LLYFFwLchWelV5dvsqh1jKZoKJIEMkoA",12093979707,"https://media.birdweather.com/soundscapes/6891/6891-20260521-161932.flac",0,3,"birdnetpi"
7989364974,6891,"2026-05-21T18:19:05.000+02:00",0.76,0.991592347621918,9.35157170917655,"almost_certain","2p4",NA,51.5692,6.0026,FALSE,25,"Common Chaffinch","Fringilla coelebs","#fb7eff","avian","https://media.birdweather.com/species/25/CommonChaffinch-standard-d8edb223d1ec828ee0cda788e8f5f209.jpg","https://media.birdweather.com/species/25/CommonChaffinch-thumbnail-7ba0a46bb0cd7efdb3215242f9528140.jpg","https://media.birdweather.com/species/25/CommonChaffinch-png200-ced617224ab07c316109e2d0e9078f2e.png","WfgJDwKGhIbAbHimmnhluHh2tv25ZoAD",12093966845,"https://media.birdweather.com/soundscapes/6891/6891-20260521-161905.flac",0,3,"birdnetpi"
7989233458,6891,"2026-05-21T18:14:25.000+02:00",0.99,0.803734242916107,9.62249274067583,"almost_certain","2p4",NA,51.5699,6.0058,FALSE,551,"Common Swift","Apus apus","#234bb2","avian","https://media.birdweather.com/species/551/CommonSwift-standard-ba54f84fbd8481b1c0de60654fbd79d5.jpg","https://media.birdweather.com/species/551/CommonSwift-thumbnail-bad1d7e3c141990f11d01e49e9f768ac.jpg","https://media.birdweather.com/species/551/CommonSwift-png200-f52bea49cb0e4232049806bde3e1a401.png","LLYFFwLchWelV5dvsqh1jKZoKJIEMkoA",12093831779,"https://media.birdweather.com/soundscapes/6891/6891-20260521-161425.flac",0,3,"birdnetpi"
7989211979,6891,"2026-05-21T18:13:40.000+02:00",0.9,0.803734242916107,9.43101887962187,"almost_certain","2p4",NA,51.5692,6.0005,FALSE,551,"Common Swift","Apus apus","#234bb2","avian","https://media.birdweather.com/species/551/CommonSwift-standard-ba54f84fbd8481b1c0de60654fbd79d5.jpg","https://media.birdweather.com/species/551/CommonSwift-thumbnail-bad1d7e3c141990f11d01e49e9f768ac.jpg","https://media.birdweather.com/species/551/CommonSwift-png200-f52bea49cb0e4232049806bde3e1a401.png","LLYFFwLchWelV5dvsqh1jKZoKJIEMkoA",12093809649,"https://media.birdweather.com/soundscapes/6891/6891-20260521-161340.flac",0,3,"birdnetpi"
7989194319,6891,"2026-05-21T18:13:01.000+02:00",0.72,0.560286164283752,8.45534529971877,"almost_certain","2p4",NA,51.5632,6.0071,FALSE,119,"Common House-Martin","Delichon urbicum","#53b1ff","avian","https://media.birdweather.com/species/119/CommonHouse-Martin-standard-9ffbcc688c51210fb136a162c84d82ad.jpg","https://media.birdweather.com/species/119/CommonHouse-Martin-thumbnail-dd7059ca6235347c3097e7a66f04df95.jpg","https://media.birdweather.com/species/119/CommonHouse-Martin-png200-a73a8953ce2af50676da81e70b2746b2.png","YhgKDwKJd4iIiHd/h5h5d4mIeQqVllAH",12093791468,"https://media.birdweather.com/soundscapes/6891/6891-20260521-161301.flac",0,3,"birdnetpi"
7989181798,6891,"2026-05-21T18:12:34.000+02:00",0.77,0.84393298625946,9.1625289237,"almost_certain","2p4",NA,51.5628,6.0032,FALSE,1,"House Sparrow","Passer domesticus","#d16ff8","avian","https://media.birdweather.com/species/1/HouseSparrow-standard-b861184cf45c092cdb45fd689dd676ef.jpg","https://media.birdweather.com/species/1/HouseSparrow-thumbnail-e9cbc91763a1579de8ef04880678b5e3.jpg","https://media.birdweather.com/species/1/HouseSparrow-png200-125e8603e1efe9d7a18316b94f06a65e.png","XAgCDwD8qpukuHiqtLZ9mImnmPFcDO4E",12093778573,"https://media.birdweather.com/soundscapes/6891/6891-20260521-161234.flac",0,3,"birdnetpi"
7989164376,6891,"2026-05-21T18:11:56.000+02:00",0.87,0.84393298625946,9.42680694629055,"almost_certain","2p4",NA,51.5674,6.0064,FALSE,1,"House Sparrow","Passer domesticus","#d16ff8","avian","https://media.birdweather.com/species/1/HouseSparrow-standard-b861184cf45c092cdb45fd689dd676ef.jpg","https://media.birdweather.com/species/1/HouseSparrow-thumbnail-e9cbc91763a1579de8ef04880678b5e3.jpg","https://media.birdweather.com/species/1/HouseSparrow-png200-125e8603e1efe9d7a18316b94f06a65e.png","XAgCDwD8qpukuHiqtLZ9mImnmPFcDO4E",12093760842,"https://media.birdweather.com/soundscapes/6891/6891-20260521-161156.flac",0,3,"birdnetpi"
7989101321,6891,"2026-05-21T18:09:43.000+02:00",0.71,0.803734242916107,8.90936056076249,"almost_certain","2p4",NA,51.5633,6.0029,FALSE,551,"Common Swift","Apus apus","#234bb2","avian","https://media.birdweather.com/species/551/CommonSwift-standard-ba54f84fbd8481b1c0de60654fbd79d5.jpg","https://media.birdweather.com/species/551/CommonSwift-thumbnail-bad1d7e3c141990f11d01e49e9f768ac.jpg","https://media.birdweather.com/species/551/CommonSwift-png200-f52bea49cb0e4232049806bde3e1a401.png","LLYFFwLchWelV5dvsqh1jKZoKJIEMkoA",12093696357,"https://media.birdweather.com/soundscapes/6891/6891-20260521-160943.flac",0,3,"birdnetpi"
7988864603,6891,"2026-05-21T18:01:22.000+02:00",0.81,0.999460279941559,9.50365399366836,"almost_certain","2p4",NA,51.5702,6.0013,FALSE,35,"Eurasian Blackbird","Turdus merula","#ff65df","avian","https://media.birdweather.com/species/35/EurasianBlackbird-standard-618b3a5132c7c359fb2a2884c39deb39.jpg","https://media.birdweather.com/species/35/EurasianBlackbird-thumbnail-276878929bed08167d1fd9bf34d63d40.jpg","https://media.birdweather.com/species/35/EurasianBlackbird-png200-ba5a1b43225da4611cac429c52a52c81.png","GfkFFwKRmrx2ZYiaaQe69nlzScn3T7IA",12093454960,"https://media.birdweather.com/soundscapes/6891/6891-20260521-160122.flac",0,3,"birdnetpi"
7988809077,6891,"2026-05-21T17:59:25.000+02:00",0.7,0.560286164283752,8.38850277480664,"almost_certain","2p4",NA,51.5699,6.0077,FALSE,119,"Common House-Martin","Delichon urbicum","#53b1ff","avian","https://media.birdweather.com/species/119/CommonHouse-Martin-standard-9ffbcc688c51210fb136a162c84d82ad.jpg","https://media.birdweather.com/species/119/CommonHouse-Martin-thumbnail-dd7059ca6235347c3097e7a66f04df95.jpg","https://media.birdweather.com/species/119/CommonHouse-Martin-png200-a73a8953ce2af50676da81e70b2746b2.png","YhgKDwKJd4iIiHd/h5h5d4mIeQqVllAH",12093398652,"https://media.birdweather.com/soundscapes/6891/6891-20260521-155925.flac",0,3,"birdnetpi"
7988769146,6891,"2026-05-21T17:58:01.000+02:00",0.9,0.999460279941559,9.72630492708031,"almost_certain","2p4",NA,51.5652,6.0054,FALSE,35,"Eurasian Blackbird","Turdus merula","#ff65df","avian","https://media.birdweather.com/species/35/EurasianBlackbird-standard-618b3a5132c7c359fb2a2884c39deb39.jpg","https://media.birdweather.com/species/35/EurasianBlackbird-thumbnail-276878929bed08167d1fd9bf34d63d40.jpg","https://media.birdweather.com/species/35/EurasianBlackbird-png200-ba5a1b43225da4611cac429c52a52c81.png","GfkFFwKRmrx2ZYiaaQe69nlzScn3T7IA",12093358491,"https://media.birdweather.com/soundscapes/6891/6891-20260521-155801.flac",0,3,"birdnetpi"
7988634374,6891,"2026-05-21T17:53:16.000+02:00",0.91,0.560286164283752,8.96663511658799,"almost_certain","2p4",NA,51.5696,6.0068,FALSE,119,"Common House-Martin","Delichon urbicum","#53b1ff","avian","https://media.birdweather.com/species/119/CommonHouse-Martin-standard-9ffbcc688c51210fb136a162c84d82ad.jpg","https://media.birdweather.com/species/119/CommonHouse-Martin-thumbnail-dd7059ca6235347c3097e7a66f04df95.jpg","https://media.birdweather.com/species/119/CommonHouse-Martin-png200-a73a8953ce2af50676da81e70b2746b2.png","YhgKDwKJd4iIiHd/h5h5d4mIeQqVllAH",12093221460,"https://media.birdweather.com/soundscapes/6891/6891-20260521-155316.flac",0,3,"birdnetpi"
7988626910,6891,"2026-05-21T17:53:01.000+02:00",0.78,0.84393298625946,9.19137209430103,"almost_certain","2p4",NA,51.5671,6.0083,FALSE,1,"House Sparrow","Passer domesticus","#d16ff8","avian","https://media.birdweather.com/species/1/HouseSparrow-standard-b861184cf45c092cdb45fd689dd676ef.jpg","https://media.birdweather.com/species/1/HouseSparrow-thumbnail-e9cbc91763a1579de8ef04880678b5e3.jpg","https://media.birdweather.com/species/1/HouseSparrow-png200-125e8603e1efe9d7a18316b94f06a65e.png","XAgCDwD8qpukuHiqtLZ9mImnmPFcDO4E",12093213744,"https://media.birdweather.com/soundscapes/6891/6891-20260521-155301.flac",0,3,"birdnetpi"
7988611138,6891,"2026-05-21T17:52:28.000+02:00",0.72,0.999460279941559,9.23766025388425,"almost_certain","2p4",NA,51.5701,6.0015,FALSE,35,"Eurasian Blackbird","Turdus merula","#ff65df","avian","https://media.birdweather.com/species/35/EurasianBlackbird-standard-618b3a5132c7c359fb2a2884c39deb39.jpg","https://media.birdweather.com/species/35/EurasianBlackbird-thumbnail-276878929bed08167d1fd9bf34d63d40.jpg","https://media.birdweather.com/species/35/EurasianBlackbird-png200-ba5a1b43225da4611cac429c52a52c81.png","GfkFFwKRmrx2ZYiaaQe69nlzScn3T7IA",12093197845,"https://media.birdweather.com/soundscapes/6891/6891-20260521-155228.flac",0,3,"birdnetpi"
7988604337,6891,"2026-05-21T17:52:13.000+02:00",0.76,0.84393298625946,9.13306542254728,"almost_certain","2p4",NA,51.5629,6.0044,FALSE,1,"House Sparrow","Passer domesticus","#d16ff8","avian","https://media.birdweather.com/species/1/HouseSparrow-standard-b861184cf45c092cdb45fd689dd676ef.jpg","https://media.birdweather.com/species/1/HouseSparrow-thumbnail-e9cbc91763a1579de8ef04880678b5e3.jpg","https://media.birdweather.com/species/1/HouseSparrow-png200-125e8603e1efe9d7a18316b94f06a65e.png","XAgCDwD8qpukuHiqtLZ9mImnmPFcDO4E",12093191077,"https://media.birdweather.com/soundscapes/6891/6891-20260521-155213.flac",0,3,"birdnetpi"
7988576847,6891,"2026-05-21T17:51:16.000+02:00",0.78,0.999460279941559,9.42059826177984,"almost_certain","2p4",NA,51.5626,6.0071,FALSE,35,"Eurasian Blackbird","Turdus merula","#ff65df","avian","https://media.birdweather.com/species/35/EurasianBlackbird-standard-618b3a5132c7c359fb2a2884c39deb39.jpg","https://media.birdweather.com/species/35/EurasianBlackbird-thumbnail-276878929bed08167d1fd9bf34d63d40.jpg","https://media.birdweather.com/species/35/EurasianBlackbird-png200-ba5a1b43225da4611cac429c52a52c81.png","GfkFFwKRmrx2ZYiaaQe69nlzScn3T7IA",12093163190,"https://media.birdweather.com/soundscapes/6891/6891-20260521-155116.flac",0,3,"birdnetpi"
7988566051,6891,"2026-05-21T17:50:54.000+02:00",0.7,0.999460279941559,9.17081772897212,"almost_certain","2p4",NA,51.5617,6.0079,FALSE,35,"Eurasian Blackbird","Turdus merula","#ff65df","avian","https://media.birdweather.com/species/35/EurasianBlackbird-standard-618b3a5132c7c359fb2a2884c39deb39.jpg","https://media.birdweather.com/species/35/EurasianBlackbird-thumbnail-276878929bed08167d1fd9bf34d63d40.jpg","https://media.birdweather.com/species/35/EurasianBlackbird-png200-ba5a1b43225da4611cac429c52a52c81.png","GfkFFwKRmrx2ZYiaaQe69nlzScn3T7IA",12093152356,"https://media.birdweather.com/soundscapes/6891/6891-20260521-155054.flac",0,3,"birdnetpi"
7988291208,6891,"2026-05-21T17:41:13.000+02:00",0.71,0.84393298625946,8.97542044074212,"almost_certain","2p4",NA,51.5701,6.0073,FALSE,1,"House Sparrow","Passer domesticus","#d16ff8","avian","https://media.birdweather.com/species/1/HouseSparrow-standard-b861184cf45c092cdb45fd689dd676ef.jpg","https://media.birdweather.com/species/1/HouseSparrow-thumbnail-e9cbc91763a1579de8ef04880678b5e3.jpg","https://media.birdweather.com/species/1/HouseSparrow-png200-125e8603e1efe9d7a18316b94f06a65e.png","XAgCDwD8qpukuHiqtLZ9mImnmPFcDO4E",12092874427,"https://media.birdweather.com/soundscapes/6891/6891-20260521-154113.flac",0,3,"birdnetpi"
7988024287,6891,"2026-05-21T17:31:54.000+02:00",0.99,0.581112802028656,9.18460379969282,"almost_certain","2p4",NA,51.57,6.0014,FALSE,76,"Eurasian Jackdaw","Corvus monedula","#f36f1b","avian","https://media.birdweather.com/species/76/EurasianJackdaw-standard-55cbd4006f743c538a3264a1fb86d41c.jpg","https://media.birdweather.com/species/76/EurasianJackdaw-thumbnail-80ecf23afe76ea22483b4f8043e19339.jpg","https://media.birdweather.com/species/76/EurasianJackdaw-png200-862dbf9b3725619bb5532ba255c32118.png","4AgKDwL2i2d1homOY0modph5OL/1qHAJ",12092604578,"https://media.birdweather.com/soundscapes/6891/6891-20260521-153154.flac",0,3,"birdnetpi"
7987617483,6891,"2026-05-21T17:17:36.000+02:00",0.96,0.803734242916107,9.56159382595379,"almost_certain","2p4",NA,51.5631,6.0075,FALSE,551,"Common Swift","Apus apus","#234bb2","avian","https://media.birdweather.com/species/551/CommonSwift-standard-ba54f84fbd8481b1c0de60654fbd79d5.jpg","https://media.birdweather.com/species/551/CommonSwift-thumbnail-bad1d7e3c141990f11d01e49e9f768ac.jpg","https://media.birdweather.com/species/551/CommonSwift-png200-f52bea49cb0e4232049806bde3e1a401.png","LLYFFwLchWelV5dvsqh1jKZoKJIEMkoA",12092193706,"https://media.birdweather.com/soundscapes/6891/6891-20260521-151736.flac",0,3,"birdnetpi"
7987511244,6891,"2026-05-21T17:14:07.000+02:00",0.82,0.84393298625946,9.30103060381377,"almost_certain","2p4",NA,51.5659,6.0057,FALSE,1,"House Sparrow","Passer domesticus","#d16ff8","avian","https://media.birdweather.com/species/1/HouseSparrow-standard-b861184cf45c092cdb45fd689dd676ef.jpg","https://media.birdweather.com/species/1/HouseSparrow-thumbnail-e9cbc91763a1579de8ef04880678b5e3.jpg","https://media.birdweather.com/species/1/HouseSparrow-png200-125e8603e1efe9d7a18316b94f06a65e.png","XAgCDwD8qpukuHiqtLZ9mImnmPFcDO4E",12092087540,"https://media.birdweather.com/soundscapes/6891/6891-20260521-151407.flac",0,3,"birdnetpi"
7987472117,6891,"2026-05-21T17:12:34.000+02:00",0.73,0.84393298625946,9.0406708678574,"almost_certain","2p4",NA,51.5688,6.0021,FALSE,1,"House Sparrow","Passer domesticus","#d16ff8","avian","https://media.birdweather.com/species/1/HouseSparrow-standard-b861184cf45c092cdb45fd689dd676ef.jpg","https://media.birdweather.com/species/1/HouseSparrow-thumbnail-e9cbc91763a1579de8ef04880678b5e3.jpg","https://media.birdweather.com/species/1/HouseSparrow-png200-125e8603e1efe9d7a18316b94f06a65e.png","XAgCDwD8qpukuHiqtLZ9mImnmPFcDO4E",12092048665,"https://media.birdweather.com/soundscapes/6891/6891-20260521-151234.flac",0,3,"birdnetpi"
7987442715,6891,"2026-05-21T17:11:45.000+02:00",0.76,0.84393298625946,9.13306542254728,"almost_certain","2p4",NA,51.5697,6.0071,FALSE,1,"House Sparrow","Passer domesticus","#d16ff8","avian","https://media.birdweather.com/species/1/HouseSparrow-standard-b861184cf45c092cdb45fd689dd676ef.jpg","https://media.birdweather.com/species/1/HouseSparrow-thumbnail-e9cbc91763a1579de8ef04880678b5e3.jpg","https://media.birdweather.com/species/1/HouseSparrow-png200-125e8603e1efe9d7a18316b94f06a65e.png","XAgCDwD8qpukuHiqtLZ9mImnmPFcDO4E",12092019380,"https://media.birdweather.com/soundscapes/6891/6891-20260521-151145.flac",0,3,"birdnetpi"
7987422706,6891,"2026-05-21T17:11:00.000+02:00",0.9,0.84393298625946,9.49707875960149,"almost_certain","2p4",NA,51.5701,6.0039,FALSE,1,"House Sparrow","Passer domesticus","#d16ff8","avian","https://media.birdweather.com/species/1/HouseSparrow-standard-b861184cf45c092cdb45fd689dd676ef.jpg","https://media.birdweather.com/species/1/HouseSparrow-thumbnail-e9cbc91763a1579de8ef04880678b5e3.jpg","https://media.birdweather.com/species/1/HouseSparrow-png200-125e8603e1efe9d7a18316b94f06a65e.png","XAgCDwD8qpukuHiqtLZ9mImnmPFcDO4E",12091999719,"https://media.birdweather.com/soundscapes/6891/6891-20260521-151100.flac",0,3,"birdnetpi"
7987414809,6891,"2026-05-21T17:10:36.000+02:00",0.72,0.84393298625946,9.00843408640543,"almost_certain","2p4",NA,51.5668,6.0093,FALSE,1,"House Sparrow","Passer domesticus","#d16ff8","avian","https://media.birdweather.com/species/1/HouseSparrow-standard-b861184cf45c092cdb45fd689dd676ef.jpg","https://media.birdweather.com/species/1/HouseSparrow-thumbnail-e9cbc91763a1579de8ef04880678b5e3.jpg","https://media.birdweather.com/species/1/HouseSparrow-png200-125e8603e1efe9d7a18316b94f06a65e.png","XAgCDwD8qpukuHiqtLZ9mImnmPFcDO4E",12091991947,"https://media.birdweather.com/soundscapes/6891/6891-20260521-151036.flac",0,3,"birdnetpi"
7987397014,6891,"2026-05-21T17:10:10.000+02:00",0.87,0.84393298625946,9.42680694629055,"almost_certain","2p4",NA,51.5657,6.0051,FALSE,1,"House Sparrow","Passer domesticus","#d16ff8","avian","https://media.birdweather.com/species/1/HouseSparrow-standard-b861184cf45c092cdb45fd689dd676ef.jpg","https://media.birdweather.com/species/1/HouseSparrow-thumbnail-e9cbc91763a1579de8ef04880678b5e3.jpg","https://media.birdweather.com/species/1/HouseSparrow-png200-125e8603e1efe9d7a18316b94f06a65e.png","XAgCDwD8qpukuHiqtLZ9mImnmPFcDO4E",12091974751,"https://media.birdweather.com/soundscapes/6891/6891-20260521-151010.flac",0,3,"birdnetpi"
7987360074,6891,"2026-05-21T17:08:45.000+02:00",0.71,0.84393298625946,8.97542044074212,"almost_certain","2p4",NA,51.5695,6.0058,FALSE,1,"House Sparrow","Passer domesticus","#d16ff8","avian","https://media.birdweather.com/species/1/HouseSparrow-standard-b861184cf45c092cdb45fd689dd676ef.jpg","https://media.birdweather.com/species/1/HouseSparrow-thumbnail-e9cbc91763a1579de8ef04880678b5e3.jpg","https://media.birdweather.com/species/1/HouseSparrow-png200-125e8603e1efe9d7a18316b94f06a65e.png","XAgCDwD8qpukuHiqtLZ9mImnmPFcDO4E",12091938673,"https://media.birdweather.com/soundscapes/6891/6891-20260521-150845.flac",0,3,"birdnetpi"
7987355850,6891,"2026-05-21T17:08:36.000+02:00",0.88,0.567586779594421,8.91497182437195,"almost_certain","2p4",NA,51.5667,6.0076,FALSE,294,"European Greenfinch","Chloris chloris","#fea614","avian","https://media.birdweather.com/species/294/EuropeanGreenfinch-standard-34aa36357c06fbf52af390917f29436b.jpg","https://media.birdweather.com/species/294/EuropeanGreenfinch-thumbnail-7466d93ab9340d75d4eec2ca6eeed529.jpg","https://media.birdweather.com/species/294/EuropeanGreenfinch-png200-8b2951bb918db1cbed643a9530efa558.png","FRkGHwJYqWeEd4ifapeoh4ZriPUnaG8B",12091934466,"https://media.birdweather.com/soundscapes/6891/6891-20260521-150836.flac",0,3,"birdnetpi"
7987332211,6891,"2026-05-21T17:07:48.000+02:00",0.83,0.991592347621918,9.5456329175529,"almost_certain","2p4",NA,51.5697,6.0093,FALSE,25,"Common Chaffinch","Fringilla coelebs","#fb7eff","avian","https://media.birdweather.com/species/25/CommonChaffinch-standard-d8edb223d1ec828ee0cda788e8f5f209.jpg","https://media.birdweather.com/species/25/CommonChaffinch-thumbnail-7ba0a46bb0cd7efdb3215242f9528140.jpg","https://media.birdweather.com/species/25/CommonChaffinch-png200-ced617224ab07c316109e2d0e9078f2e.png","WfgJDwKGhIbAbHimmnhluHh2tv25ZoAD",12091911515,"https://media.birdweather.com/soundscapes/6891/6891-20260521-150748.flac",0,3,"birdnetpi"
7987287054,6891,"2026-05-21T17:06:16.000+02:00",0.83,0.84393298625946,9.32712663092362,"almost_certain","2p4",NA,51.5622,6.008,FALSE,1,"House Sparrow","Passer domesticus","#d16ff8","avian","https://media.birdweather.com/species/1/HouseSparrow-standard-b861184cf45c092cdb45fd689dd676ef.jpg","https://media.birdweather.com/species/1/HouseSparrow-thumbnail-e9cbc91763a1579de8ef04880678b5e3.jpg","https://media.birdweather.com/species/1/HouseSparrow-png200-125e8603e1efe9d7a18316b94f06a65e.png","XAgCDwD8qpukuHiqtLZ9mImnmPFcDO4E",12091866916,"https://media.birdweather.com/soundscapes/6891/6891-20260521-150616.flac",0,3,"birdnetpi"
7987279900,6891,"2026-05-21T17:06:07.000+02:00",0.84,0.84393298625946,9.35273485315027,"almost_certain","2p4",NA,51.5677,6.0077,FALSE,1,"House Sparrow","Passer domesticus","#d16ff8","avian","https://media.birdweather.com/species/1/HouseSparrow-standard-b861184cf45c092cdb45fd689dd676ef.jpg","https://media.birdweather.com/species/1/HouseSparrow-thumbnail-e9cbc91763a1579de8ef04880678b5e3.jpg","https://media.birdweather.com/species/1/HouseSparrow-png200-125e8603e1efe9d7a18316b94f06a65e.png","XAgCDwD8qpukuHiqtLZ9mImnmPFcDO4E",12091859860,"https://media.birdweather.com/soundscapes/6891/6891-20260521-150607.flac",0,3,"birdnetpi"
7987235083,6891,"2026-05-21T17:04:27.000+02:00",0.78,0.567586779594421,8.65571028486717,"almost_certain","2p4",NA,51.5685,6.0043,FALSE,294,"European Greenfinch","Chloris chloris","#fea614","avian","https://media.birdweather.com/species/294/EuropeanGreenfinch-standard-34aa36357c06fbf52af390917f29436b.jpg","https://media.birdweather.com/species/294/EuropeanGreenfinch-thumbnail-7466d93ab9340d75d4eec2ca6eeed529.jpg","https://media.birdweather.com/species/294/EuropeanGreenfinch-png200-8b2951bb918db1cbed643a9530efa558.png","FRkGHwJYqWeEd4ifapeoh4ZriPUnaG8B",12091815015,"https://media.birdweather.com/soundscapes/6891/6891-20260521-150427.flac",0,3,"birdnetpi"
7987213327,6891,"2026-05-21T17:03:49.000+02:00",0.95,0.560286164283752,9.05364848242757,"almost_certain","2p4",NA,51.5674,6.0022,FALSE,119,"Common House-Martin","Delichon urbicum","#53b1ff","avian","https://media.birdweather.com/species/119/CommonHouse-Martin-standard-9ffbcc688c51210fb136a162c84d82ad.jpg","https://media.birdweather.com/species/119/CommonHouse-Martin-thumbnail-dd7059ca6235347c3097e7a66f04df95.jpg","https://media.birdweather.com/species/119/CommonHouse-Martin-png200-a73a8953ce2af50676da81e70b2746b2.png","YhgKDwKJd4iIiHd/h5h5d4mIeQqVllAH",12091793522,"https://media.birdweather.com/soundscapes/6891/6891-20260521-150349.flac",0,3,"birdnetpi"
7987188661,6891,"2026-05-21T17:02:58.000+02:00",0.77,0.991592347621918,9.38103521032927,"almost_certain","2p4",NA,51.5676,6.0043,FALSE,25,"Common Chaffinch","Fringilla coelebs","#fb7eff","avian","https://media.birdweather.com/species/25/CommonChaffinch-standard-d8edb223d1ec828ee0cda788e8f5f209.jpg","https://media.birdweather.com/species/25/CommonChaffinch-thumbnail-7ba0a46bb0cd7efdb3215242f9528140.jpg","https://media.birdweather.com/species/25/CommonChaffinch-png200-ced617224ab07c316109e2d0e9078f2e.png","WfgJDwKGhIbAbHimmnhluHh2tv25ZoAD",12091769127,"https://media.birdweather.com/soundscapes/6891/6891-20260521-150258.flac",0,3,"birdnetpi"
7987134270,6891,"2026-05-21T17:01:10.000+02:00",0.98,0.853658139705658,9.68406655450443,"almost_certain","2p4",NA,51.5645,6.004,FALSE,95,"White Wagtail","Motacilla alba","#457700","avian","https://media.birdweather.com/species/95/WhiteWagtail-standard-c3e712d95481fd4c30012b3afc4ee61f.jpg","https://media.birdweather.com/species/95/WhiteWagtail-thumbnail-645080e5b8667eaccbc9a938f781f907.jpg","https://media.birdweather.com/species/95/WhiteWagtail-png200-38e3473b44d59c0f49a722ef0b7250cd.png","2PcFJwZKpplweXdymnZouGiofwaoZ4AL",12091714981,"https://media.birdweather.com/soundscapes/6891/6891-20260521-150110.flac",0,3,"birdnetpi"
7987101359,6891,"2026-05-21T16:59:51.000+02:00",0.72,0.853658139705658,9.02394837546138,"almost_certain","2p4",NA,51.5667,6.0057,FALSE,95,"White Wagtail","Motacilla alba","#457700","avian","https://media.birdweather.com/species/95/WhiteWagtail-standard-c3e712d95481fd4c30012b3afc4ee61f.jpg","https://media.birdweather.com/species/95/WhiteWagtail-thumbnail-645080e5b8667eaccbc9a938f781f907.jpg","https://media.birdweather.com/species/95/WhiteWagtail-png200-38e3473b44d59c0f49a722ef0b7250cd.png","2PcFJwZKpplweXdymnZouGiofwaoZ4AL",12091682924,"https://media.birdweather.com/soundscapes/6891/6891-20260521-145951.flac",0,3,"birdnetpi"
7986969691,6891,"2026-05-21T16:55:21.000+02:00",0.71,0.84393298625946,8.97542044074212,"almost_certain","2p4",NA,51.5668,6.0033,FALSE,1,"House Sparrow","Passer domesticus","#d16ff8","avian","https://media.birdweather.com/species/1/HouseSparrow-standard-b861184cf45c092cdb45fd689dd676ef.jpg","https://media.birdweather.com/species/1/HouseSparrow-thumbnail-e9cbc91763a1579de8ef04880678b5e3.jpg","https://media.birdweather.com/species/1/HouseSparrow-png200-125e8603e1efe9d7a18316b94f06a65e.png","XAgCDwD8qpukuHiqtLZ9mImnmPFcDO4E",12091552959,"https://media.birdweather.com/soundscapes/6891/6891-20260521-145521.flac",0,3,"birdnetpi"
7986932383,6891,"2026-05-21T16:54:04.000+02:00",0.91,0.101521372795105,6.73090194828609,"almost_certain","2p4",NA,51.5672,6.0062,FALSE,80,"Gray Wagtail","Motacilla cinerea","#e5531b","avian","https://media.birdweather.com/species/80/GrayWagtail-standard-2d921c54377c7f58b031f614409c97e5.jpg","https://media.birdweather.com/species/80/GrayWagtail-thumbnail-f799e62c103873e10e1ac4cdab4b0b32.jpg","https://media.birdweather.com/species/80/GrayWagtail-png200-c9d5ef2706b266785af12a401509a0ec.png","cucJFwL2a2VomIiOgplpdZmHqHAJC4gA",12091515854,"https://media.birdweather.com/soundscapes/6891/6891-20260521-145404.flac",0,3,"birdnetpi"
7986932385,6891,"2026-05-21T16:54:03.000+02:00",0.87,0.853658139705658,9.4423212353465,"almost_certain","2p4",NA,51.5641,6.007,FALSE,95,"White Wagtail","Motacilla alba","#457700","avian","https://media.birdweather.com/species/95/WhiteWagtail-standard-c3e712d95481fd4c30012b3afc4ee61f.jpg","https://media.birdweather.com/species/95/WhiteWagtail-thumbnail-645080e5b8667eaccbc9a938f781f907.jpg","https://media.birdweather.com/species/95/WhiteWagtail-png200-38e3473b44d59c0f49a722ef0b7250cd.png","2PcFJwZKpplweXdymnZouGiofwaoZ4AL",12091515852,"https://media.birdweather.com/soundscapes/6891/6891-20260521-145403.flac",0,3,"birdnetpi"
7986843788,6891,"2026-05-21T16:51:04.000+02:00",0.77,0.84393298625946,9.1625289237,"almost_certain","2p4",NA,51.5659,6.0049,FALSE,1,"House Sparrow","Passer domesticus","#d16ff8","avian","https://media.birdweather.com/species/1/HouseSparrow-standard-b861184cf45c092cdb45fd689dd676ef.jpg","https://media.birdweather.com/species/1/HouseSparrow-thumbnail-e9cbc91763a1579de8ef04880678b5e3.jpg","https://media.birdweather.com/species/1/HouseSparrow-png200-125e8603e1efe9d7a18316b94f06a65e.png","XAgCDwD8qpukuHiqtLZ9mImnmPFcDO4E",12091427445,"https://media.birdweather.com/soundscapes/6891/6891-20260521-145104.flac",0,3,"birdnetpi"
7986829321,6891,"2026-05-21T16:50:30.000+02:00",0.84,0.84393298625946,9.35273485315027,"almost_certain","2p4",NA,51.5628,6.0017,FALSE,1,"House Sparrow","Passer domesticus","#d16ff8","avian","https://media.birdweather.com/species/1/HouseSparrow-standard-b861184cf45c092cdb45fd689dd676ef.jpg","https://media.birdweather.com/species/1/HouseSparrow-thumbnail-e9cbc91763a1579de8ef04880678b5e3.jpg","https://media.birdweather.com/species/1/HouseSparrow-png200-125e8603e1efe9d7a18316b94f06a65e.png","XAgCDwD8qpukuHiqtLZ9mImnmPFcDO4E",12091413079,"https://media.birdweather.com/soundscapes/6891/6891-20260521-145030.flac",0,3,"birdnetpi"
7986821203,6891,"2026-05-21T16:50:19.000+02:00",0.81,0.84393298625946,9.27442782618954,"almost_certain","2p4",NA,51.5629,6.0094,FALSE,1,"House Sparrow","Passer domesticus","#d16ff8","avian","https://media.birdweather.com/species/1/HouseSparrow-standard-b861184cf45c092cdb45fd689dd676ef.jpg","https://media.birdweather.com/species/1/HouseSparrow-thumbnail-e9cbc91763a1579de8ef04880678b5e3.jpg","https://media.birdweather.com/species/1/HouseSparrow-png200-125e8603e1efe9d7a18316b94f06a65e.png","XAgCDwD8qpukuHiqtLZ9mImnmPFcDO4E",12091404972,"https://media.birdweather.com/soundscapes/6891/6891-20260521-145019.flac",0,3,"birdnetpi"
7986808455,6891,"2026-05-21T16:49:57.000+02:00",0.79,0.84393298625946,9.21962051776877,"almost_certain","2p4",NA,51.5692,6.0079,FALSE,1,"House Sparrow","Passer domesticus","#d16ff8","avian","https://media.birdweather.com/species/1/HouseSparrow-standard-b861184cf45c092cdb45fd689dd676ef.jpg","https://media.birdweather.com/species/1/HouseSparrow-thumbnail-e9cbc91763a1579de8ef04880678b5e3.jpg","https://media.birdweather.com/species/1/HouseSparrow-png200-125e8603e1efe9d7a18316b94f06a65e.png","XAgCDwD8qpukuHiqtLZ9mImnmPFcDO4E",12091392089,"https://media.birdweather.com/soundscapes/6891/6891-20260521-144957.flac",0,3,"birdnetpi"
7986801312,6891,"2026-05-21T16:49:31.000+02:00",0.9,0.84393298625946,9.49707875960149,"almost_certain","2p4",NA,51.5615,6.0038,FALSE,1,"House Sparrow","Passer domesticus","#d16ff8","avian","https://media.birdweather.com/species/1/HouseSparrow-standard-b861184cf45c092cdb45fd689dd676ef.jpg","https://media.birdweather.com/species/1/HouseSparrow-thumbnail-e9cbc91763a1579de8ef04880678b5e3.jpg","https://media.birdweather.com/species/1/HouseSparrow-png200-125e8603e1efe9d7a18316b94f06a65e.png","XAgCDwD8qpukuHiqtLZ9mImnmPFcDO4E",12091384720,"https://media.birdweather.com/soundscapes/6891/6891-20260521-144931.flac",0,3,"birdnetpi"
7986791321,6891,"2026-05-21T16:49:19.000+02:00",0.81,0.84393298625946,9.27442782618954,"almost_certain","2p4",NA,51.5645,6.0024,FALSE,1,"House Sparrow","Passer domesticus","#d16ff8","avian","https://media.birdweather.com/species/1/HouseSparrow-standard-b861184cf45c092cdb45fd689dd676ef.jpg","https://media.birdweather.com/species/1/HouseSparrow-thumbnail-e9cbc91763a1579de8ef04880678b5e3.jpg","https://media.birdweather.com/species/1/HouseSparrow-png200-125e8603e1efe9d7a18316b94f06a65e.png","XAgCDwD8qpukuHiqtLZ9mImnmPFcDO4E",12091374727,"https://media.birdweather.com/soundscapes/6891/6891-20260521-144919.flac",0,3,"birdnetpi"
7986778417,6891,"2026-05-21T16:48:45.000+02:00",0.85,0.84393298625946,9.3778731731257,"almost_certain","2p4",NA,51.57,6.0091,FALSE,1,"House Sparrow","Passer domesticus","#d16ff8","avian","https://media.birdweather.com/species/1/HouseSparrow-standard-b861184cf45c092cdb45fd689dd676ef.jpg","https://media.birdweather.com/species/1/HouseSparrow-thumbnail-e9cbc91763a1579de8ef04880678b5e3.jpg","https://media.birdweather.com/species/1/HouseSparrow-png200-125e8603e1efe9d7a18316b94f06a65e.png","XAgCDwD8qpukuHiqtLZ9mImnmPFcDO4E",12091361924,"https://media.birdweather.com/soundscapes/6891/6891-20260521-144845.flac",0,3,"birdnetpi"
7986692038,6891,"2026-05-21T16:45:43.000+02:00",0.85,0.560286164283752,8.82478438643904,"almost_certain","2p4",NA,51.5704,6.0075,FALSE,119,"Common House-Martin","Delichon urbicum","#53b1ff","avian","https://media.birdweather.com/species/119/CommonHouse-Martin-standard-9ffbcc688c51210fb136a162c84d82ad.jpg","https://media.birdweather.com/species/119/CommonHouse-Martin-thumbnail-dd7059ca6235347c3097e7a66f04df95.jpg","https://media.birdweather.com/species/119/CommonHouse-Martin-png200-a73a8953ce2af50676da81e70b2746b2.png","YhgKDwKJd4iIiHd/h5h5d4mIeQqVllAH",12091274929,"https://media.birdweather.com/soundscapes/6891/6891-20260521-144543.flac",0,3,"birdnetpi"
7986670231,6891,"2026-05-21T16:44:57.000+02:00",0.93,0.560286164283752,9.01083249782695,"almost_certain","2p4",NA,51.5689,6.007,FALSE,119,"Common House-Martin","Delichon urbicum","#53b1ff","avian","https://media.birdweather.com/species/119/CommonHouse-Martin-standard-9ffbcc688c51210fb136a162c84d82ad.jpg","https://media.birdweather.com/species/119/CommonHouse-Martin-thumbnail-dd7059ca6235347c3097e7a66f04df95.jpg","https://media.birdweather.com/species/119/CommonHouse-Martin-png200-a73a8953ce2af50676da81e70b2746b2.png","YhgKDwKJd4iIiHd/h5h5d4mIeQqVllAH",12091253410,"https://media.birdweather.com/soundscapes/6891/6891-20260521-144457.flac",0,3,"birdnetpi"
7986435987,6891,"2026-05-21T16:37:04.000+02:00",0.83,0.84393298625946,9.32712663092362,"almost_certain","2p4",NA,51.5678,6.0022,FALSE,1,"House Sparrow","Passer domesticus","#d16ff8","avian","https://media.birdweather.com/species/1/HouseSparrow-standard-b861184cf45c092cdb45fd689dd676ef.jpg","https://media.birdweather.com/species/1/HouseSparrow-thumbnail-e9cbc91763a1579de8ef04880678b5e3.jpg","https://media.birdweather.com/species/1/HouseSparrow-png200-125e8603e1efe9d7a18316b94f06a65e.png","XAgCDwD8qpukuHiqtLZ9mImnmPFcDO4E",12091021059,"https://media.birdweather.com/soundscapes/6891/6891-20260521-143704.flac",0,3,"birdnetpi"
7986425746,6891,"2026-05-21T16:36:34.000+02:00",0.82,0.84393298625946,9.30103060381377,"almost_certain","2p4",NA,51.5645,6.0049,FALSE,1,"House Sparrow","Passer domesticus","#d16ff8","avian","https://media.birdweather.com/species/1/HouseSparrow-standard-b861184cf45c092cdb45fd689dd676ef.jpg","https://media.birdweather.com/species/1/HouseSparrow-thumbnail-e9cbc91763a1579de8ef04880678b5e3.jpg","https://media.birdweather.com/species/1/HouseSparrow-png200-125e8603e1efe9d7a18316b94f06a65e.png","XAgCDwD8qpukuHiqtLZ9mImnmPFcDO4E",12091011088,"https://media.birdweather.com/soundscapes/6891/6891-20260521-143634.flac",0,3,"birdnetpi"
7986404507,6891,"2026-05-21T16:35:57.000+02:00",0.72,0.84393298625946,9.00843408640543,"almost_certain","2p4",NA,51.5697,6.0038,FALSE,1,"House Sparrow","Passer domesticus","#d16ff8","avian","https://media.birdweather.com/species/1/HouseSparrow-standard-b861184cf45c092cdb45fd689dd676ef.jpg","https://media.birdweather.com/species/1/HouseSparrow-thumbnail-e9cbc91763a1579de8ef04880678b5e3.jpg","https://media.birdweather.com/species/1/HouseSparrow-png200-125e8603e1efe9d7a18316b94f06a65e.png","XAgCDwD8qpukuHiqtLZ9mImnmPFcDO4E",12090990886,"https://media.birdweather.com/soundscapes/6891/6891-20260521-143557.flac",0,3,"birdnetpi"
7986387061,6891,"2026-05-21T16:35:27.000+02:00",0.91,0.560286164283752,8.96663511658799,"almost_certain","2p4",NA,51.5668,6.0084,FALSE,119,"Common House-Martin","Delichon urbicum","#53b1ff","avian","https://media.birdweather.com/species/119/CommonHouse-Martin-standard-9ffbcc688c51210fb136a162c84d82ad.jpg","https://media.birdweather.com/species/119/CommonHouse-Martin-thumbnail-dd7059ca6235347c3097e7a66f04df95.jpg","https://media.birdweather.com/species/119/CommonHouse-Martin-png200-a73a8953ce2af50676da81e70b2746b2.png","YhgKDwKJd4iIiHd/h5h5d4mIeQqVllAH",12090973729,"https://media.birdweather.com/soundscapes/6891/6891-20260521-143527.flac",0,3,"birdnetpi"
7986128399,6891,"2026-05-21T16:26:39.000+02:00",0.88,0.84393298625946,9.45063363380581,"almost_certain","2p4",NA,51.5625,6.009,FALSE,1,"House Sparrow","Passer domesticus","#d16ff8","avian","https://media.birdweather.com/species/1/HouseSparrow-standard-b861184cf45c092cdb45fd689dd676ef.jpg","https://media.birdweather.com/species/1/HouseSparrow-thumbnail-e9cbc91763a1579de8ef04880678b5e3.jpg","https://media.birdweather.com/species/1/HouseSparrow-png200-125e8603e1efe9d7a18316b94f06a65e.png","XAgCDwD8qpukuHiqtLZ9mImnmPFcDO4E",12090722091,"https://media.birdweather.com/soundscapes/6891/6891-20260521-142639.flac",0,3,"birdnetpi"
7986126593,6891,"2026-05-21T16:26:27.000+02:00",0.99,0.803734242916107,9.62249274067583,"almost_certain","2p4",NA,51.5658,6.0011,FALSE,551,"Common Swift","Apus apus","#234bb2","avian","https://media.birdweather.com/species/551/CommonSwift-standard-ba54f84fbd8481b1c0de60654fbd79d5.jpg","https://media.birdweather.com/species/551/CommonSwift-thumbnail-bad1d7e3c141990f11d01e49e9f768ac.jpg","https://media.birdweather.com/species/551/CommonSwift-png200-f52bea49cb0e4232049806bde3e1a401.png","LLYFFwLchWelV5dvsqh1jKZoKJIEMkoA",12090720082,"https://media.birdweather.com/soundscapes/6891/6891-20260521-142627.flac",0,3,"birdnetpi"
7986115358,6891,"2026-05-21T16:26:09.000+02:00",0.89,0.84393298625946,9.47405300750805,"almost_certain","2p4",NA,51.5682,6.0012,FALSE,1,"House Sparrow","Passer domesticus","#d16ff8","avian","https://media.birdweather.com/species/1/HouseSparrow-standard-b861184cf45c092cdb45fd689dd676ef.jpg","https://media.birdweather.com/species/1/HouseSparrow-thumbnail-e9cbc91763a1579de8ef04880678b5e3.jpg","https://media.birdweather.com/species/1/HouseSparrow-png200-125e8603e1efe9d7a18316b94f06a65e.png","XAgCDwD8qpukuHiqtLZ9mImnmPFcDO4E",12090709084,"https://media.birdweather.com/soundscapes/6891/6891-20260521-142609.flac",0,3,"birdnetpi"
7986107835,6891,"2026-05-21T16:26:01.000+02:00",0.86,0.84393298625946,9.40255852566437,"almost_certain","2p4",NA,51.5648,6.0072,FALSE,1,"House Sparrow","Passer domesticus","#d16ff8","avian","https://media.birdweather.com/species/1/HouseSparrow-standard-b861184cf45c092cdb45fd689dd676ef.jpg","https://media.birdweather.com/species/1/HouseSparrow-thumbnail-e9cbc91763a1579de8ef04880678b5e3.jpg","https://media.birdweather.com/species/1/HouseSparrow-png200-125e8603e1efe9d7a18316b94f06a65e.png","XAgCDwD8qpukuHiqtLZ9mImnmPFcDO4E",12090701795,"https://media.birdweather.com/soundscapes/6891/6891-20260521-142601.flac",0,3,"birdnetpi"
7986091792,6891,"2026-05-21T16:25:16.000+02:00",0.75,0.84393298625946,9.10295432034255,"almost_certain","2p4",NA,51.5681,6.004,FALSE,1,"House Sparrow","Passer domesticus","#d16ff8","avian","https://media.birdweather.com/species/1/HouseSparrow-standard-b861184cf45c092cdb45fd689dd676ef.jpg","https://media.birdweather.com/species/1/HouseSparrow-thumbnail-e9cbc91763a1579de8ef04880678b5e3.jpg","https://media.birdweather.com/species/1/HouseSparrow-png200-125e8603e1efe9d7a18316b94f06a65e.png","XAgCDwD8qpukuHiqtLZ9mImnmPFcDO4E",12090686038,"https://media.birdweather.com/soundscapes/6891/6891-20260521-142516.flac",0,3,"birdnetpi"
7986088340,6891,"2026-05-21T16:25:09.000+02:00",0.71,0.803734242916107,8.90936056076249,"almost_certain","2p4",NA,51.5673,6.0073,FALSE,551,"Common Swift","Apus apus","#234bb2","avian","https://media.birdweather.com/species/551/CommonSwift-standard-ba54f84fbd8481b1c0de60654fbd79d5.jpg","https://media.birdweather.com/species/551/CommonSwift-thumbnail-bad1d7e3c141990f11d01e49e9f768ac.jpg","https://media.birdweather.com/species/551/CommonSwift-png200-f52bea49cb0e4232049806bde3e1a401.png","LLYFFwLchWelV5dvsqh1jKZoKJIEMkoA",12090682617,"https://media.birdweather.com/soundscapes/6891/6891-20260521-142509.flac",0,3,"birdnetpi"
7986077971,6891,"2026-05-21T16:25:00.000+02:00",0.79,0.84393298625946,9.21962051776877,"almost_certain","2p4",NA,51.5683,6.0051,FALSE,1,"House Sparrow","Passer domesticus","#d16ff8","avian","https://media.birdweather.com/species/1/HouseSparrow-standard-b861184cf45c092cdb45fd689dd676ef.jpg","https://media.birdweather.com/species/1/HouseSparrow-thumbnail-e9cbc91763a1579de8ef04880678b5e3.jpg","https://media.birdweather.com/species/1/HouseSparrow-png200-125e8603e1efe9d7a18316b94f06a65e.png","XAgCDwD8qpukuHiqtLZ9mImnmPFcDO4E",12090672561,"https://media.birdweather.com/soundscapes/6891/6891-20260521-142500.flac",0,3,"birdnetpi"
7986042538,6891,"2026-05-21T16:23:42.000+02:00",0.82,0.84393298625946,9.30103060381377,"almost_certain","2p4",NA,51.5637,6.009,FALSE,1,"House Sparrow","Passer domesticus","#d16ff8","avian","https://media.birdweather.com/species/1/HouseSparrow-standard-b861184cf45c092cdb45fd689dd676ef.jpg","https://media.birdweather.com/species/1/HouseSparrow-thumbnail-e9cbc91763a1579de8ef04880678b5e3.jpg","https://media.birdweather.com/species/1/HouseSparrow-png200-125e8603e1efe9d7a18316b94f06a65e.png","XAgCDwD8qpukuHiqtLZ9mImnmPFcDO4E",12090638482,"https://media.birdweather.com/soundscapes/6891/6891-20260521-142342.flac",0,3,"birdnetpi"
7986027135,6891,"2026-05-21T16:23:07.000+02:00",0.78,0.84393298625946,9.19137209430103,"almost_certain","2p4",NA,51.5674,6.0005,FALSE,1,"House Sparrow","Passer domesticus","#d16ff8","avian","https://media.birdweather.com/species/1/HouseSparrow-standard-b861184cf45c092cdb45fd689dd676ef.jpg","https://media.birdweather.com/species/1/HouseSparrow-thumbnail-e9cbc91763a1579de8ef04880678b5e3.jpg","https://media.birdweather.com/species/1/HouseSparrow-png200-125e8603e1efe9d7a18316b94f06a65e.png","XAgCDwD8qpukuHiqtLZ9mImnmPFcDO4E",12090623674,"https://media.birdweather.com/soundscapes/6891/6891-20260521-142307.flac",0,3,"birdnetpi"
7986018581,6891,"2026-05-21T16:23:00.000+02:00",0.88,0.84393298625946,9.45063363380581,"almost_certain","2p4",NA,51.563,6.0048,FALSE,1,"House Sparrow","Passer domesticus","#d16ff8","avian","https://media.birdweather.com/species/1/HouseSparrow-standard-b861184cf45c092cdb45fd689dd676ef.jpg","https://media.birdweather.com/species/1/HouseSparrow-thumbnail-e9cbc91763a1579de8ef04880678b5e3.jpg","https://media.birdweather.com/species/1/HouseSparrow-png200-125e8603e1efe9d7a18316b94f06a65e.png","XAgCDwD8qpukuHiqtLZ9mImnmPFcDO4E",12090615540,"https://media.birdweather.com/soundscapes/6891/6891-20260521-142300.flac",0,3,"birdnetpi"
7985997036,6891,"2026-05-21T16:22:07.000+02:00",0.97,0.803734242916107,9.58219571794321,"almost_certain","2p4",NA,51.5627,6.006,FALSE,551,"Common Swift","Apus apus","#234bb2","avian","https://media.birdweather.com/species/551/CommonSwift-standard-ba54f84fbd8481b1c0de60654fbd79d5.jpg","https://media.birdweather.com/species/551/CommonSwift-thumbnail-bad1d7e3c141990f11d01e49e9f768ac.jpg","https://media.birdweather.com/species/551/CommonSwift-png200-f52bea49cb0e4232049806bde3e1a401.png","LLYFFwLchWelV5dvsqh1jKZoKJIEMkoA",12090594281,"https://media.birdweather.com/soundscapes/6891/6891-20260521-142207.flac",0,3,"birdnetpi"
7985953559,6891,"2026-05-21T16:20:39.000+02:00",0.86,0.560286164283752,8.84946973897771,"almost_certain","2p4",NA,51.5678,6.005,FALSE,119,"Common House-Martin","Delichon urbicum","#53b1ff","avian","https://media.birdweather.com/species/119/CommonHouse-Martin-standard-9ffbcc688c51210fb136a162c84d82ad.jpg","https://media.birdweather.com/species/119/CommonHouse-Martin-thumbnail-dd7059ca6235347c3097e7a66f04df95.jpg","https://media.birdweather.com/species/119/CommonHouse-Martin-png200-a73a8953ce2af50676da81e70b2746b2.png","YhgKDwKJd4iIiHd/h5h5d4mIeQqVllAH",12090553056,"https://media.birdweather.com/soundscapes/6891/6891-20260521-142039.flac",0,3,"birdnetpi"
7985919747,6891,"2026-05-21T16:19:31.000+02:00",0.7,0.84393298625946,8.94159156149331,"almost_certain","2p4",NA,51.568,6.0087,FALSE,1,"House Sparrow","Passer domesticus","#d16ff8","avian","https://media.birdweather.com/species/1/HouseSparrow-standard-b861184cf45c092cdb45fd689dd676ef.jpg","https://media.birdweather.com/species/1/HouseSparrow-thumbnail-e9cbc91763a1579de8ef04880678b5e3.jpg","https://media.birdweather.com/species/1/HouseSparrow-png200-125e8603e1efe9d7a18316b94f06a65e.png","XAgCDwD8qpukuHiqtLZ9mImnmPFcDO4E",12090520414,"https://media.birdweather.com/soundscapes/6891/6891-20260521-141931.flac",0,3,"birdnetpi"
7985906262,6891,"2026-05-21T16:19:13.000+02:00",0.91,0.84393298625946,9.51972390327465,"almost_certain","2p4",NA,51.5698,6.0072,FALSE,1,"House Sparrow","Passer domesticus","#d16ff8","avian","https://media.birdweather.com/species/1/HouseSparrow-standard-b861184cf45c092cdb45fd689dd676ef.jpg","https://media.birdweather.com/species/1/HouseSparrow-thumbnail-e9cbc91763a1579de8ef04880678b5e3.jpg","https://media.birdweather.com/species/1/HouseSparrow-png200-125e8603e1efe9d7a18316b94f06a65e.png","XAgCDwD8qpukuHiqtLZ9mImnmPFcDO4E",12090507506,"https://media.birdweather.com/soundscapes/6891/6891-20260521-141913.flac",0,3,"birdnetpi"
7985898645,6891,"2026-05-21T16:18:49.000+02:00",0.97,0.84393298625946,9.64825559792284,"almost_certain","2p4",NA,51.5657,6.0063,FALSE,1,"House Sparrow","Passer domesticus","#d16ff8","avian","https://media.birdweather.com/species/1/HouseSparrow-standard-b861184cf45c092cdb45fd689dd676ef.jpg","https://media.birdweather.com/species/1/HouseSparrow-thumbnail-e9cbc91763a1579de8ef04880678b5e3.jpg","https://media.birdweather.com/species/1/HouseSparrow-png200-125e8603e1efe9d7a18316b94f06a65e.png","XAgCDwD8qpukuHiqtLZ9mImnmPFcDO4E",12090500251,"https://media.birdweather.com/soundscapes/6891/6891-20260521-141849.flac",0,3,"birdnetpi"
7985885464,6891,"2026-05-21T16:18:34.000+02:00",0.87,0.84393298625946,9.42680694629055,"almost_certain","2p4",NA,51.5618,6.001,FALSE,1,"House Sparrow","Passer domesticus","#d16ff8","avian","https://media.birdweather.com/species/1/HouseSparrow-standard-b861184cf45c092cdb45fd689dd676ef.jpg","https://media.birdweather.com/species/1/HouseSparrow-thumbnail-e9cbc91763a1579de8ef04880678b5e3.jpg","https://media.birdweather.com/species/1/HouseSparrow-png200-125e8603e1efe9d7a18316b94f06a65e.png","XAgCDwD8qpukuHiqtLZ9mImnmPFcDO4E",12090487197,"https://media.birdweather.com/soundscapes/6891/6891-20260521-141834.flac",0,3,"birdnetpi"
7985872973,6891,"2026-05-21T16:17:57.000+02:00",0.74,0.567586779594421,8.53650469839137,"almost_certain","2p4",NA,51.5703,6.003,FALSE,294,"European Greenfinch","Chloris chloris","#fea614","avian","https://media.birdweather.com/species/294/EuropeanGreenfinch-standard-34aa36357c06fbf52af390917f29436b.jpg","https://media.birdweather.com/species/294/EuropeanGreenfinch-thumbnail-7466d93ab9340d75d4eec2ca6eeed529.jpg","https://media.birdweather.com/species/294/EuropeanGreenfinch-png200-8b2951bb918db1cbed643a9530efa558.png","FRkGHwJYqWeEd4ifapeoh4ZriPUnaG8B",12090475158,"https://media.birdweather.com/soundscapes/6891/6891-20260521-141757.flac",0,3,"birdnetpi"
7985870381,6891,"2026-05-21T16:17:52.000+02:00",0.78,0.84393298625946,9.19137209430103,"almost_certain","2p4",NA,51.5687,6.0085,FALSE,1,"House Sparrow","Passer domesticus","#d16ff8","avian","https://media.birdweather.com/species/1/HouseSparrow-standard-b861184cf45c092cdb45fd689dd676ef.jpg","https://media.birdweather.com/species/1/HouseSparrow-thumbnail-e9cbc91763a1579de8ef04880678b5e3.jpg","https://media.birdweather.com/species/1/HouseSparrow-png200-125e8603e1efe9d7a18316b94f06a65e.png","XAgCDwD8qpukuHiqtLZ9mImnmPFcDO4E",12090472888,"https://media.birdweather.com/soundscapes/6891/6891-20260521-141752.flac",0,3,"birdnetpi"
7985847067,6891,"2026-05-21T16:17:19.000+02:00",0.73,0.84393298625946,9.0406708678574,"almost_certain","2p4",NA,51.5691,6.0049,FALSE,1,"House Sparrow","Passer domesticus","#d16ff8","avian","https://media.birdweather.com/species/1/HouseSparrow-standard-b861184cf45c092cdb45fd689dd676ef.jpg","https://media.birdweather.com/species/1/HouseSparrow-thumbnail-e9cbc91763a1579de8ef04880678b5e3.jpg","https://media.birdweather.com/species/1/HouseSparrow-png200-125e8603e1efe9d7a18316b94f06a65e.png","XAgCDwD8qpukuHiqtLZ9mImnmPFcDO4E",12090451267,"https://media.birdweather.com/soundscapes/6891/6891-20260521-141719.flac",0,3,"birdnetpi"
7985831234,6891,"2026-05-21T16:16:33.000+02:00",0.72,0.567586779594421,8.47277227697157,"almost_certain","2p4",NA,51.5635,6.0035,FALSE,294,"European Greenfinch","Chloris chloris","#fea614","avian","https://media.birdweather.com/species/294/EuropeanGreenfinch-standard-34aa36357c06fbf52af390917f29436b.jpg","https://media.birdweather.com/species/294/EuropeanGreenfinch-thumbnail-7466d93ab9340d75d4eec2ca6eeed529.jpg","https://media.birdweather.com/species/294/EuropeanGreenfinch-png200-8b2951bb918db1cbed643a9530efa558.png","FRkGHwJYqWeEd4ifapeoh4ZriPUnaG8B",12090435057,"https://media.birdweather.com/soundscapes/6891/6891-20260521-141633.flac",0,3,"birdnetpi"
7985727720,6891,"2026-05-21T16:13:06.000+02:00",0.92,0.991592347621918,9.76050710349827,"almost_certain","2p4",NA,51.5698,6.0053,FALSE,25,"Common Chaffinch","Fringilla coelebs","#fb7eff","avian","https://media.birdweather.com/species/25/CommonChaffinch-standard-d8edb223d1ec828ee0cda788e8f5f209.jpg","https://media.birdweather.com/species/25/CommonChaffinch-thumbnail-7ba0a46bb0cd7efdb3215242f9528140.jpg","https://media.birdweather.com/species/25/CommonChaffinch-png200-ced617224ab07c316109e2d0e9078f2e.png","WfgJDwKGhIbAbHimmnhluHh2tv25ZoAD",12090335640,"https://media.birdweather.com/soundscapes/6891/6891-20260521-141306.flac",0,3,"birdnetpi"
7985690447,6891,"2026-05-21T16:11:57.000+02:00",0.89,0.84393298625946,9.47405300750805,"almost_certain","2p4",NA,51.5674,6.0039,FALSE,1,"House Sparrow","Passer domesticus","#d16ff8","avian","https://media.birdweather.com/species/1/HouseSparrow-standard-b861184cf45c092cdb45fd689dd676ef.jpg","https://media.birdweather.com/species/1/HouseSparrow-thumbnail-e9cbc91763a1579de8ef04880678b5e3.jpg","https://media.birdweather.com/species/1/HouseSparrow-png200-125e8603e1efe9d7a18316b94f06a65e.png","XAgCDwD8qpukuHiqtLZ9mImnmPFcDO4E",12090300190,"https://media.birdweather.com/soundscapes/6891/6891-20260521-141157.flac",0,3,"birdnetpi"
7985678298,6891,"2026-05-21T16:11:27.000+02:00",0.96,0.560286164283752,9.07456491924675,"almost_certain","2p4",NA,51.5663,6.0023,FALSE,119,"Common House-Martin","Delichon urbicum","#53b1ff","avian","https://media.birdweather.com/species/119/CommonHouse-Martin-standard-9ffbcc688c51210fb136a162c84d82ad.jpg","https://media.birdweather.com/species/119/CommonHouse-Martin-thumbnail-dd7059ca6235347c3097e7a66f04df95.jpg","https://media.birdweather.com/species/119/CommonHouse-Martin-png200-a73a8953ce2af50676da81e70b2746b2.png","YhgKDwKJd4iIiHd/h5h5d4mIeQqVllAH",12090288202,"https://media.birdweather.com/soundscapes/6891/6891-20260521-141127.flac",0,3,"birdnetpi"
7985651898,6891,"2026-05-21T16:10:34.000+02:00",0.95,0.999460279941559,9.83596343659305,"almost_certain","2p4",NA,51.5656,6.0068,FALSE,35,"Eurasian Blackbird","Turdus merula","#ff65df","avian","https://media.birdweather.com/species/35/EurasianBlackbird-standard-618b3a5132c7c359fb2a2884c39deb39.jpg","https://media.birdweather.com/species/35/EurasianBlackbird-thumbnail-276878929bed08167d1fd9bf34d63d40.jpg","https://media.birdweather.com/species/35/EurasianBlackbird-png200-ba5a1b43225da4611cac429c52a52c81.png","GfkFFwKRmrx2ZYiaaQe69nlzScn3T7IA",12090262714,"https://media.birdweather.com/soundscapes/6891/6891-20260521-141034.flac",0,3,"birdnetpi"
7985643700,6891,"2026-05-21T16:10:19.000+02:00",0.84,0.999460279941559,9.58196102062909,"almost_certain","2p4",NA,51.5635,6.0036,FALSE,35,"Eurasian Blackbird","Turdus merula","#ff65df","avian","https://media.birdweather.com/species/35/EurasianBlackbird-standard-618b3a5132c7c359fb2a2884c39deb39.jpg","https://media.birdweather.com/species/35/EurasianBlackbird-thumbnail-276878929bed08167d1fd9bf34d63d40.jpg","https://media.birdweather.com/species/35/EurasianBlackbird-png200-ba5a1b43225da4611cac429c52a52c81.png","GfkFFwKRmrx2ZYiaaQe69nlzScn3T7IA",12090254989,"https://media.birdweather.com/soundscapes/6891/6891-20260521-141019.flac",0,3,"birdnetpi"
7985631942,6891,"2026-05-21T16:10:01.000+02:00",0.8,0.84393298625946,9.24729822679378,"almost_certain","2p4",NA,51.5675,6.0011,FALSE,1,"House Sparrow","Passer domesticus","#d16ff8","avian","https://media.birdweather.com/species/1/HouseSparrow-standard-b861184cf45c092cdb45fd689dd676ef.jpg","https://media.birdweather.com/species/1/HouseSparrow-thumbnail-e9cbc91763a1579de8ef04880678b5e3.jpg","https://media.birdweather.com/species/1/HouseSparrow-png200-125e8603e1efe9d7a18316b94f06a65e.png","XAgCDwD8qpukuHiqtLZ9mImnmPFcDO4E",12090243561,"https://media.birdweather.com/soundscapes/6891/6891-20260521-141001.flac",0,3,"birdnetpi"
7985620220,6891,"2026-05-21T16:09:42.000+02:00",0.93,0.999460279941559,9.79314745199243,"almost_certain","2p4",NA,51.5618,6.0038,FALSE,35,"Eurasian Blackbird","Turdus merula","#ff65df","avian","https://media.birdweather.com/species/35/EurasianBlackbird-standard-618b3a5132c7c359fb2a2884c39deb39.jpg","https://media.birdweather.com/species/35/EurasianBlackbird-thumbnail-276878929bed08167d1fd9bf34d63d40.jpg","https://media.birdweather.com/species/35/EurasianBlackbird-png200-ba5a1b43225da4611cac429c52a52c81.png","GfkFFwKRmrx2ZYiaaQe69nlzScn3T7IA",12090232073,"https://media.birdweather.com/soundscapes/6891/6891-20260521-140942.flac",0,3,"birdnetpi"
7985611108,6891,"2026-05-21T16:09:19.000+02:00",0.82,0.999460279941559,9.53025677129259,"almost_certain","2p4",NA,51.5652,6.0013,FALSE,35,"Eurasian Blackbird","Turdus merula","#ff65df","avian","https://media.birdweather.com/species/35/EurasianBlackbird-standard-618b3a5132c7c359fb2a2884c39deb39.jpg","https://media.birdweather.com/species/35/EurasianBlackbird-thumbnail-276878929bed08167d1fd9bf34d63d40.jpg","https://media.birdweather.com/species/35/EurasianBlackbird-png200-ba5a1b43225da4611cac429c52a52c81.png","GfkFFwKRmrx2ZYiaaQe69nlzScn3T7IA",12090223426,"https://media.birdweather.com/soundscapes/6891/6891-20260521-140919.flac",0,3,"birdnetpi"
7985603775,6891,"2026-05-21T16:09:06.000+02:00",0.89,0.999460279941559,9.70327917498687,"almost_certain","2p4",NA,51.5654,6.0039,FALSE,35,"Eurasian Blackbird","Turdus merula","#ff65df","avian","https://media.birdweather.com/species/35/EurasianBlackbird-standard-618b3a5132c7c359fb2a2884c39deb39.jpg","https://media.birdweather.com/species/35/EurasianBlackbird-thumbnail-276878929bed08167d1fd9bf34d63d40.jpg","https://media.birdweather.com/species/35/EurasianBlackbird-png200-ba5a1b43225da4611cac429c52a52c81.png","GfkFFwKRmrx2ZYiaaQe69nlzScn3T7IA",12090216211,"https://media.birdweather.com/soundscapes/6891/6891-20260521-140906.flac",0,3,"birdnetpi"
7985593208,6891,"2026-05-21T16:08:43.000+02:00",0.87,0.999460279941559,9.65603311376937,"almost_certain","2p4",NA,51.5696,6.0064,FALSE,35,"Eurasian Blackbird","Turdus merula","#ff65df","avian","https://media.birdweather.com/species/35/EurasianBlackbird-standard-618b3a5132c7c359fb2a2884c39deb39.jpg","https://media.birdweather.com/species/35/EurasianBlackbird-thumbnail-276878929bed08167d1fd9bf34d63d40.jpg","https://media.birdweather.com/species/35/EurasianBlackbird-png200-ba5a1b43225da4611cac429c52a52c81.png","GfkFFwKRmrx2ZYiaaQe69nlzScn3T7IA",12090206165,"https://media.birdweather.com/soundscapes/6891/6891-20260521-140843.flac",0,3,"birdnetpi"
7985589209,6891,"2026-05-21T16:08:28.000+02:00",0.99,0.803734242916107,9.62249274067583,"almost_certain","2p4",NA,51.5651,6.0031,FALSE,551,"Common Swift","Apus apus","#234bb2","avian","https://media.birdweather.com/species/551/CommonSwift-standard-ba54f84fbd8481b1c0de60654fbd79d5.jpg","https://media.birdweather.com/species/551/CommonSwift-thumbnail-bad1d7e3c141990f11d01e49e9f768ac.jpg","https://media.birdweather.com/species/551/CommonSwift-png200-f52bea49cb0e4232049806bde3e1a401.png","LLYFFwLchWelV5dvsqh1jKZoKJIEMkoA",12090202332,"https://media.birdweather.com/soundscapes/6891/6891-20260521-140828.flac",0,3,"birdnetpi"
7985578165,6891,"2026-05-21T16:08:13.000+02:00",0.87,0.999460279941559,9.65603311376937,"almost_certain","2p4",NA,51.5702,6.0011,FALSE,35,"Eurasian Blackbird","Turdus merula","#ff65df","avian","https://media.birdweather.com/species/35/EurasianBlackbird-standard-618b3a5132c7c359fb2a2884c39deb39.jpg","https://media.birdweather.com/species/35/EurasianBlackbird-thumbnail-276878929bed08167d1fd9bf34d63d40.jpg","https://media.birdweather.com/species/35/EurasianBlackbird-png200-ba5a1b43225da4611cac429c52a52c81.png","GfkFFwKRmrx2ZYiaaQe69nlzScn3T7IA",12090191708,"https://media.birdweather.com/soundscapes/6891/6891-20260521-140813.flac",0,3,"birdnetpi"
7985566068,6891,"2026-05-21T16:07:51.000+02:00",0.92,0.999460279941559,9.77122698434781,"almost_certain","2p4",NA,51.5664,6.0043,FALSE,35,"Eurasian Blackbird","Turdus merula","#ff65df","avian","https://media.birdweather.com/species/35/EurasianBlackbird-standard-618b3a5132c7c359fb2a2884c39deb39.jpg","https://media.birdweather.com/species/35/EurasianBlackbird-thumbnail-276878929bed08167d1fd9bf34d63d40.jpg","https://media.birdweather.com/species/35/EurasianBlackbird-png200-ba5a1b43225da4611cac429c52a52c81.png","GfkFFwKRmrx2ZYiaaQe69nlzScn3T7IA",12090180245,"https://media.birdweather.com/soundscapes/6891/6891-20260521-140751.flac",0,3,"birdnetpi"
7985558692,6891,"2026-05-21T16:07:39.000+02:00",0.82,0.999460279941559,9.53025677129259,"almost_certain","2p4",NA,51.5663,6.0092,FALSE,35,"Eurasian Blackbird","Turdus merula","#ff65df","avian","https://media.birdweather.com/species/35/EurasianBlackbird-standard-618b3a5132c7c359fb2a2884c39deb39.jpg","https://media.birdweather.com/species/35/EurasianBlackbird-thumbnail-276878929bed08167d1fd9bf34d63d40.jpg","https://media.birdweather.com/species/35/EurasianBlackbird-png200-ba5a1b43225da4611cac429c52a52c81.png","GfkFFwKRmrx2ZYiaaQe69nlzScn3T7IA",12090173102,"https://media.birdweather.com/soundscapes/6891/6891-20260521-140739.flac",0,3,"birdnetpi"
7985542625,6891,"2026-05-21T16:06:55.000+02:00",0.7,0.999460279941559,9.17081772897212,"almost_certain","2p4",NA,51.5627,6.0074,FALSE,35,"Eurasian Blackbird","Turdus merula","#ff65df","avian","https://media.birdweather.com/species/35/EurasianBlackbird-standard-618b3a5132c7c359fb2a2884c39deb39.jpg","https://media.birdweather.com/species/35/EurasianBlackbird-thumbnail-276878929bed08167d1fd9bf34d63d40.jpg","https://media.birdweather.com/species/35/EurasianBlackbird-png200-ba5a1b43225da4611cac429c52a52c81.png","GfkFFwKRmrx2ZYiaaQe69nlzScn3T7IA",12090157735,"https://media.birdweather.com/soundscapes/6891/6891-20260521-140655.flac",0,3,"birdnetpi"
7985529217,6891,"2026-05-21T16:06:34.000+02:00",0.96,0.999460279941559,9.85687987341223,"almost_certain","2p4",NA,51.563,6.0071,FALSE,35,"Eurasian Blackbird","Turdus merula","#ff65df","avian","https://media.birdweather.com/species/35/EurasianBlackbird-standard-618b3a5132c7c359fb2a2884c39deb39.jpg","https://media.birdweather.com/species/35/EurasianBlackbird-thumbnail-276878929bed08167d1fd9bf34d63d40.jpg","https://media.birdweather.com/species/35/EurasianBlackbird-png200-ba5a1b43225da4611cac429c52a52c81.png","GfkFFwKRmrx2ZYiaaQe69nlzScn3T7IA",12090144760,"https://media.birdweather.com/soundscapes/6891/6891-20260521-140634.flac",0,3,"birdnetpi"
7985501800,6891,"2026-05-21T16:05:39.000+02:00",0.73,0.84393298625946,9.0406708678574,"almost_certain","2p4",NA,51.5665,6.0017,FALSE,1,"House Sparrow","Passer domesticus","#d16ff8","avian","https://media.birdweather.com/species/1/HouseSparrow-standard-b861184cf45c092cdb45fd689dd676ef.jpg","https://media.birdweather.com/species/1/HouseSparrow-thumbnail-e9cbc91763a1579de8ef04880678b5e3.jpg","https://media.birdweather.com/species/1/HouseSparrow-png200-125e8603e1efe9d7a18316b94f06a65e.png","XAgCDwD8qpukuHiqtLZ9mImnmPFcDO4E",12090118762,"https://media.birdweather.com/soundscapes/6891/6891-20260521-140539.flac",0,3,"birdnetpi"
7985468320,6891,"2026-05-21T16:04:31.000+02:00",0.82,0.84393298625946,9.30103060381377,"almost_certain","2p4",NA,51.5667,6.0051,FALSE,1,"House Sparrow","Passer domesticus","#d16ff8","avian","https://media.birdweather.com/species/1/HouseSparrow-standard-b861184cf45c092cdb45fd689dd676ef.jpg","https://media.birdweather.com/species/1/HouseSparrow-thumbnail-e9cbc91763a1579de8ef04880678b5e3.jpg","https://media.birdweather.com/species/1/HouseSparrow-png200-125e8603e1efe9d7a18316b94f06a65e.png","XAgCDwD8qpukuHiqtLZ9mImnmPFcDO4E",12090086485,"https://media.birdweather.com/soundscapes/6891/6891-20260521-140431.flac",0,3,"birdnetpi"
7985449196,6891,"2026-05-21T16:03:49.000+02:00",0.7,0.84393298625946,8.94159156149331,"almost_certain","2p4",NA,51.5679,6.0045,FALSE,1,"House Sparrow","Passer domesticus","#d16ff8","avian","https://media.birdweather.com/species/1/HouseSparrow-standard-b861184cf45c092cdb45fd689dd676ef.jpg","https://media.birdweather.com/species/1/HouseSparrow-thumbnail-e9cbc91763a1579de8ef04880678b5e3.jpg","https://media.birdweather.com/species/1/HouseSparrow-png200-125e8603e1efe9d7a18316b94f06a65e.png","XAgCDwD8qpukuHiqtLZ9mImnmPFcDO4E",12090068457,"https://media.birdweather.com/soundscapes/6891/6891-20260521-140349.flac",0,3,"birdnetpi"
7985393768,6891,"2026-05-21T16:02:00.000+02:00",0.74,0.84393298625946,9.07216650782523,"almost_certain","2p4",NA,51.5634,6.0057,FALSE,1,"House Sparrow","Passer domesticus","#d16ff8","avian","https://media.birdweather.com/species/1/HouseSparrow-standard-b861184cf45c092cdb45fd689dd676ef.jpg","https://media.birdweather.com/species/1/HouseSparrow-thumbnail-e9cbc91763a1579de8ef04880678b5e3.jpg","https://media.birdweather.com/species/1/HouseSparrow-png200-125e8603e1efe9d7a18316b94f06a65e.png","XAgCDwD8qpukuHiqtLZ9mImnmPFcDO4E",12090015172,"https://media.birdweather.com/soundscapes/6891/6891-20260521-140200.flac",0,3,"birdnetpi"
7985361846,6891,"2026-05-21T16:00:54.000+02:00",0.84,0.560286164283752,8.79964606646361,"almost_certain","2p4",NA,51.5656,6.0057,FALSE,119,"Common House-Martin","Delichon urbicum","#53b1ff","avian","https://media.birdweather.com/species/119/CommonHouse-Martin-standard-9ffbcc688c51210fb136a162c84d82ad.jpg","https://media.birdweather.com/species/119/CommonHouse-Martin-thumbnail-dd7059ca6235347c3097e7a66f04df95.jpg","https://media.birdweather.com/species/119/CommonHouse-Martin-png200-a73a8953ce2af50676da81e70b2746b2.png","YhgKDwKJd4iIiHd/h5h5d4mIeQqVllAH",12089984534,"https://media.birdweather.com/soundscapes/6891/6891-20260521-140054.flac",0,3,"birdnetpi"
7985300678,6891,"2026-05-21T15:58:52.000+02:00",0.79,0.84393298625946,9.21962051776877,"almost_certain","2p4",NA,51.563,6.0092,FALSE,1,"House Sparrow","Passer domesticus","#d16ff8","avian","https://media.birdweather.com/species/1/HouseSparrow-standard-b861184cf45c092cdb45fd689dd676ef.jpg","https://media.birdweather.com/species/1/HouseSparrow-thumbnail-e9cbc91763a1579de8ef04880678b5e3.jpg","https://media.birdweather.com/species/1/HouseSparrow-png200-125e8603e1efe9d7a18316b94f06a65e.png","XAgCDwD8qpukuHiqtLZ9mImnmPFcDO4E",12089925956,"https://media.birdweather.com/soundscapes/6891/6891-20260521-135852.flac",0,3,"birdnetpi"
7985176862,6891,"2026-05-21T15:54:49.000+02:00",0.74,0.84393298625946,9.07216650782523,"almost_certain","2p4",NA,51.5628,6.0044,FALSE,1,"House Sparrow","Passer domesticus","#d16ff8","avian","https://media.birdweather.com/species/1/HouseSparrow-standard-b861184cf45c092cdb45fd689dd676ef.jpg","https://media.birdweather.com/species/1/HouseSparrow-thumbnail-e9cbc91763a1579de8ef04880678b5e3.jpg","https://media.birdweather.com/species/1/HouseSparrow-png200-125e8603e1efe9d7a18316b94f06a65e.png","XAgCDwD8qpukuHiqtLZ9mImnmPFcDO4E",12089809096,"https://media.birdweather.com/soundscapes/6891/6891-20260521-135449.flac",0,3,"birdnetpi"
7985161727,6891,"2026-05-21T15:54:19.000+02:00",0.77,0.84393298625946,9.1625289237,"almost_certain","2p4",NA,51.5617,6.0046,FALSE,1,"House Sparrow","Passer domesticus","#d16ff8","avian","https://media.birdweather.com/species/1/HouseSparrow-standard-b861184cf45c092cdb45fd689dd676ef.jpg","https://media.birdweather.com/species/1/HouseSparrow-thumbnail-e9cbc91763a1579de8ef04880678b5e3.jpg","https://media.birdweather.com/species/1/HouseSparrow-png200-125e8603e1efe9d7a18316b94f06a65e.png","XAgCDwD8qpukuHiqtLZ9mImnmPFcDO4E",12089794663,"https://media.birdweather.com/soundscapes/6891/6891-20260521-135419.flac",0,3,"birdnetpi"
7985148109,6891,"2026-05-21T15:53:54.000+02:00",0.77,0.84393298625946,9.1625289237,"almost_certain","2p4",NA,51.5699,6.0017,FALSE,1,"House Sparrow","Passer domesticus","#d16ff8","avian","https://media.birdweather.com/species/1/HouseSparrow-standard-b861184cf45c092cdb45fd689dd676ef.jpg","https://media.birdweather.com/species/1/HouseSparrow-thumbnail-e9cbc91763a1579de8ef04880678b5e3.jpg","https://media.birdweather.com/species/1/HouseSparrow-png200-125e8603e1efe9d7a18316b94f06a65e.png","XAgCDwD8qpukuHiqtLZ9mImnmPFcDO4E",12089781676,"https://media.birdweather.com/soundscapes/6891/6891-20260521-135354.flac",0,3,"birdnetpi"
7984955473,6891,"2026-05-21T15:47:31.000+02:00",0.74,0.84393298625946,9.07216650782523,"almost_certain","2p4",NA,51.5701,6.0026,FALSE,1,"House Sparrow","Passer domesticus","#d16ff8","avian","https://media.birdweather.com/species/1/HouseSparrow-standard-b861184cf45c092cdb45fd689dd676ef.jpg","https://media.birdweather.com/species/1/HouseSparrow-thumbnail-e9cbc91763a1579de8ef04880678b5e3.jpg","https://media.birdweather.com/species/1/HouseSparrow-png200-125e8603e1efe9d7a18316b94f06a65e.png","XAgCDwD8qpukuHiqtLZ9mImnmPFcDO4E",12089597791,"https://media.birdweather.com/soundscapes/6891/6891-20260521-134731.flac",0,3,"birdnetpi"
7984938082,6891,"2026-05-21T15:46:55.000+02:00",0.75,0.803734242916107,9.03689444036293,"almost_certain","2p4",NA,51.5676,6.0005,FALSE,551,"Common Swift","Apus apus","#234bb2","avian","https://media.birdweather.com/species/551/CommonSwift-standard-ba54f84fbd8481b1c0de60654fbd79d5.jpg","https://media.birdweather.com/species/551/CommonSwift-thumbnail-bad1d7e3c141990f11d01e49e9f768ac.jpg","https://media.birdweather.com/species/551/CommonSwift-png200-f52bea49cb0e4232049806bde3e1a401.png","LLYFFwLchWelV5dvsqh1jKZoKJIEMkoA",12089581111,"https://media.birdweather.com/soundscapes/6891/6891-20260521-134655.flac",0,3,"birdnetpi"
7984867424,6891,"2026-05-21T15:44:36.000+02:00",0.75,0.84393298625946,9.10295432034255,"almost_certain","2p4",NA,51.5676,6.0064,FALSE,1,"House Sparrow","Passer domesticus","#d16ff8","avian","https://media.birdweather.com/species/1/HouseSparrow-standard-b861184cf45c092cdb45fd689dd676ef.jpg","https://media.birdweather.com/species/1/HouseSparrow-thumbnail-e9cbc91763a1579de8ef04880678b5e3.jpg","https://media.birdweather.com/species/1/HouseSparrow-png200-125e8603e1efe9d7a18316b94f06a65e.png","XAgCDwD8qpukuHiqtLZ9mImnmPFcDO4E",12089513933,"https://media.birdweather.com/soundscapes/6891/6891-20260521-134436.flac",0,3,"birdnetpi"
7984822545,6891,"2026-05-21T15:43:07.000+02:00",0.74,0.999460279941559,9.30139267530405,"almost_certain","2p4",NA,51.5668,6.0037,FALSE,35,"Eurasian Blackbird","Turdus merula","#ff65df","avian","https://media.birdweather.com/species/35/EurasianBlackbird-standard-618b3a5132c7c359fb2a2884c39deb39.jpg","https://media.birdweather.com/species/35/EurasianBlackbird-thumbnail-276878929bed08167d1fd9bf34d63d40.jpg","https://media.birdweather.com/species/35/EurasianBlackbird-png200-ba5a1b43225da4611cac429c52a52c81.png","GfkFFwKRmrx2ZYiaaQe69nlzScn3T7IA",12089471312,"https://media.birdweather.com/soundscapes/6891/6891-20260521-134307.flac",0,3,"birdnetpi"
7984760240,6891,"2026-05-21T15:41:07.000+02:00",0.94,0.999460279941559,9.81472270103878,"almost_certain","2p4",NA,51.5642,6.0083,FALSE,35,"Eurasian Blackbird","Turdus merula","#ff65df","avian","https://media.birdweather.com/species/35/EurasianBlackbird-standard-618b3a5132c7c359fb2a2884c39deb39.jpg","https://media.birdweather.com/species/35/EurasianBlackbird-thumbnail-276878929bed08167d1fd9bf34d63d40.jpg","https://media.birdweather.com/species/35/EurasianBlackbird-png200-ba5a1b43225da4611cac429c52a52c81.png","GfkFFwKRmrx2ZYiaaQe69nlzScn3T7IA",12089412696,"https://media.birdweather.com/soundscapes/6891/6891-20260521-134107.flac",0,3,"birdnetpi"
7984746654,6891,"2026-05-21T15:40:40.000+02:00",0.96,0.999460279941559,9.85687987341223,"almost_certain","2p4",NA,51.5622,6.0013,FALSE,35,"Eurasian Blackbird","Turdus merula","#ff65df","avian","https://media.birdweather.com/species/35/EurasianBlackbird-standard-618b3a5132c7c359fb2a2884c39deb39.jpg","https://media.birdweather.com/species/35/EurasianBlackbird-thumbnail-276878929bed08167d1fd9bf34d63d40.jpg","https://media.birdweather.com/species/35/EurasianBlackbird-png200-ba5a1b43225da4611cac429c52a52c81.png","GfkFFwKRmrx2ZYiaaQe69nlzScn3T7IA",12089399700,"https://media.birdweather.com/soundscapes/6891/6891-20260521-134040.flac",0,3,"birdnetpi"
7984745133,6891,"2026-05-21T15:40:37.000+02:00",0.99,0.803734242916107,9.62249274067583,"almost_certain","2p4",NA,51.5681,6.0088,FALSE,551,"Common Swift","Apus apus","#234bb2","avian","https://media.birdweather.com/species/551/CommonSwift-standard-ba54f84fbd8481b1c0de60654fbd79d5.jpg","https://media.birdweather.com/species/551/CommonSwift-thumbnail-bad1d7e3c141990f11d01e49e9f768ac.jpg","https://media.birdweather.com/species/551/CommonSwift-png200-f52bea49cb0e4232049806bde3e1a401.png","LLYFFwLchWelV5dvsqh1jKZoKJIEMkoA",12089398314,"https://media.birdweather.com/soundscapes/6891/6891-20260521-134037.flac",0,3,"birdnetpi"
7984738949,6891,"2026-05-21T15:40:24.000+02:00",0.86,0.999460279941559,9.63178469314319,"almost_certain","2p4",NA,51.5659,6.0021,FALSE,35,"Eurasian Blackbird","Turdus merula","#ff65df","avian","https://media.birdweather.com/species/35/EurasianBlackbird-standard-618b3a5132c7c359fb2a2884c39deb39.jpg","https://media.birdweather.com/species/35/EurasianBlackbird-thumbnail-276878929bed08167d1fd9bf34d63d40.jpg","https://media.birdweather.com/species/35/EurasianBlackbird-png200-ba5a1b43225da4611cac429c52a52c81.png","GfkFFwKRmrx2ZYiaaQe69nlzScn3T7IA",12089392453,"https://media.birdweather.com/soundscapes/6891/6891-20260521-134024.flac",0,3,"birdnetpi"
7984728720,6891,"2026-05-21T15:40:06.000+02:00",0.93,0.999460279941559,9.79314745199243,"almost_certain","2p4",NA,51.5658,6.0007,FALSE,35,"Eurasian Blackbird","Turdus merula","#ff65df","avian","https://media.birdweather.com/species/35/EurasianBlackbird-standard-618b3a5132c7c359fb2a2884c39deb39.jpg","https://media.birdweather.com/species/35/EurasianBlackbird-thumbnail-276878929bed08167d1fd9bf34d63d40.jpg","https://media.birdweather.com/species/35/EurasianBlackbird-png200-ba5a1b43225da4611cac429c52a52c81.png","GfkFFwKRmrx2ZYiaaQe69nlzScn3T7IA",12089382911,"https://media.birdweather.com/soundscapes/6891/6891-20260521-134006.flac",0,3,"birdnetpi"
7984720333,6891,"2026-05-21T15:39:48.000+02:00",0.94,0.999460279941559,9.81472270103878,"almost_certain","2p4",NA,51.564,6.0033,FALSE,35,"Eurasian Blackbird","Turdus merula","#ff65df","avian","https://media.birdweather.com/species/35/EurasianBlackbird-standard-618b3a5132c7c359fb2a2884c39deb39.jpg","https://media.birdweather.com/species/35/EurasianBlackbird-thumbnail-276878929bed08167d1fd9bf34d63d40.jpg","https://media.birdweather.com/species/35/EurasianBlackbird-png200-ba5a1b43225da4611cac429c52a52c81.png","GfkFFwKRmrx2ZYiaaQe69nlzScn3T7IA",12089375146,"https://media.birdweather.com/soundscapes/6891/6891-20260521-133948.flac",0,3,"birdnetpi"
7984717879,6891,"2026-05-21T15:39:43.000+02:00",0.71,0.84393298625946,8.97542044074212,"almost_certain","2p4",NA,51.5657,6.0069,FALSE,1,"House Sparrow","Passer domesticus","#d16ff8","avian","https://media.birdweather.com/species/1/HouseSparrow-standard-b861184cf45c092cdb45fd689dd676ef.jpg","https://media.birdweather.com/species/1/HouseSparrow-thumbnail-e9cbc91763a1579de8ef04880678b5e3.jpg","https://media.birdweather.com/species/1/HouseSparrow-png200-125e8603e1efe9d7a18316b94f06a65e.png","XAgCDwD8qpukuHiqtLZ9mImnmPFcDO4E",12089372837,"https://media.birdweather.com/soundscapes/6891/6891-20260521-133943.flac",0,3,"birdnetpi"
7984705574,6891,"2026-05-21T15:39:27.000+02:00",0.91,0.999460279941559,9.74895007075347,"almost_certain","2p4",NA,51.5698,6.007,FALSE,35,"Eurasian Blackbird","Turdus merula","#ff65df","avian","https://media.birdweather.com/species/35/EurasianBlackbird-standard-618b3a5132c7c359fb2a2884c39deb39.jpg","https://media.birdweather.com/species/35/EurasianBlackbird-thumbnail-276878929bed08167d1fd9bf34d63d40.jpg","https://media.birdweather.com/species/35/EurasianBlackbird-png200-ba5a1b43225da4611cac429c52a52c81.png","GfkFFwKRmrx2ZYiaaQe69nlzScn3T7IA",12089361222,"https://media.birdweather.com/soundscapes/6891/6891-20260521-133927.flac",0,3,"birdnetpi"
7984708055,6891,"2026-05-21T15:39:24.000+02:00",0.76,0.84393298625946,9.13306542254728,"almost_certain","2p4",NA,51.5672,6.007,FALSE,1,"House Sparrow","Passer domesticus","#d16ff8","avian","https://media.birdweather.com/species/1/HouseSparrow-standard-b861184cf45c092cdb45fd689dd676ef.jpg","https://media.birdweather.com/species/1/HouseSparrow-thumbnail-e9cbc91763a1579de8ef04880678b5e3.jpg","https://media.birdweather.com/species/1/HouseSparrow-png200-125e8603e1efe9d7a18316b94f06a65e.png","XAgCDwD8qpukuHiqtLZ9mImnmPFcDO4E",12089363565,"https://media.birdweather.com/soundscapes/6891/6891-20260521-133924.flac",0,3,"birdnetpi"
7984691134,6891,"2026-05-21T15:39:01.000+02:00",0.99,0.999460279941559,9.91777878813428,"almost_certain","2p4",NA,51.5635,6.0036,FALSE,35,"Eurasian Blackbird","Turdus merula","#ff65df","avian","https://media.birdweather.com/species/35/EurasianBlackbird-standard-618b3a5132c7c359fb2a2884c39deb39.jpg","https://media.birdweather.com/species/35/EurasianBlackbird-thumbnail-276878929bed08167d1fd9bf34d63d40.jpg","https://media.birdweather.com/species/35/EurasianBlackbird-png200-ba5a1b43225da4611cac429c52a52c81.png","GfkFFwKRmrx2ZYiaaQe69nlzScn3T7IA",12089347748,"https://media.birdweather.com/soundscapes/6891/6891-20260521-133901.flac",0,3,"birdnetpi"
7984582784,6891,"2026-05-21T15:35:19.000+02:00",0.71,0.999460279941559,9.20464660822093,"almost_certain","2p4",NA,51.5692,6.0045,FALSE,35,"Eurasian Blackbird","Turdus merula","#ff65df","avian","https://media.birdweather.com/species/35/EurasianBlackbird-standard-618b3a5132c7c359fb2a2884c39deb39.jpg","https://media.birdweather.com/species/35/EurasianBlackbird-thumbnail-276878929bed08167d1fd9bf34d63d40.jpg","https://media.birdweather.com/species/35/EurasianBlackbird-png200-ba5a1b43225da4611cac429c52a52c81.png","GfkFFwKRmrx2ZYiaaQe69nlzScn3T7IA",12089245640,"https://media.birdweather.com/soundscapes/6891/6891-20260521-133519.flac",0,3,"birdnetpi"
7984566487,6891,"2026-05-21T15:34:48.000+02:00",0.76,0.999460279941559,9.36229159002609,"almost_certain","2p4",NA,51.563,6.0077,FALSE,35,"Eurasian Blackbird","Turdus merula","#ff65df","avian","https://media.birdweather.com/species/35/EurasianBlackbird-standard-618b3a5132c7c359fb2a2884c39deb39.jpg","https://media.birdweather.com/species/35/EurasianBlackbird-thumbnail-276878929bed08167d1fd9bf34d63d40.jpg","https://media.birdweather.com/species/35/EurasianBlackbird-png200-ba5a1b43225da4611cac429c52a52c81.png","GfkFFwKRmrx2ZYiaaQe69nlzScn3T7IA",12089230676,"https://media.birdweather.com/soundscapes/6891/6891-20260521-133448.flac",0,3,"birdnetpi"
7984550064,6891,"2026-05-21T15:34:16.000+02:00",0.78,0.999460279941559,9.42059826177984,"almost_certain","2p4",NA,51.5635,6.0063,FALSE,35,"Eurasian Blackbird","Turdus merula","#ff65df","avian","https://media.birdweather.com/species/35/EurasianBlackbird-standard-618b3a5132c7c359fb2a2884c39deb39.jpg","https://media.birdweather.com/species/35/EurasianBlackbird-thumbnail-276878929bed08167d1fd9bf34d63d40.jpg","https://media.birdweather.com/species/35/EurasianBlackbird-png200-ba5a1b43225da4611cac429c52a52c81.png","GfkFFwKRmrx2ZYiaaQe69nlzScn3T7IA",12089215312,"https://media.birdweather.com/soundscapes/6891/6891-20260521-133416.flac",0,3,"birdnetpi"
7984530082,6891,"2026-05-21T15:33:37.000+02:00",0.95,0.803734242916107,9.54067738913461,"almost_certain","2p4",NA,51.5644,6.0054,FALSE,551,"Common Swift","Apus apus","#234bb2","avian","https://media.birdweather.com/species/551/CommonSwift-standard-ba54f84fbd8481b1c0de60654fbd79d5.jpg","https://media.birdweather.com/species/551/CommonSwift-thumbnail-bad1d7e3c141990f11d01e49e9f768ac.jpg","https://media.birdweather.com/species/551/CommonSwift-png200-f52bea49cb0e4232049806bde3e1a401.png","LLYFFwLchWelV5dvsqh1jKZoKJIEMkoA",12089196626,"https://media.birdweather.com/soundscapes/6891/6891-20260521-133337.flac",0,3,"birdnetpi"
7984489319,6891,"2026-05-21T15:32:18.000+02:00",0.78,0.84393298625946,9.19137209430103,"almost_certain","2p4",NA,51.5699,6.0016,FALSE,1,"House Sparrow","Passer domesticus","#d16ff8","avian","https://media.birdweather.com/species/1/HouseSparrow-standard-b861184cf45c092cdb45fd689dd676ef.jpg","https://media.birdweather.com/species/1/HouseSparrow-thumbnail-e9cbc91763a1579de8ef04880678b5e3.jpg","https://media.birdweather.com/species/1/HouseSparrow-png200-125e8603e1efe9d7a18316b94f06a65e.png","XAgCDwD8qpukuHiqtLZ9mImnmPFcDO4E",12089158593,"https://media.birdweather.com/soundscapes/6891/6891-20260521-133218.flac",0,3,"birdnetpi"
7984474731,6891,"2026-05-21T15:31:54.000+02:00",0.72,0.84393298625946,9.00843408640543,"almost_certain","2p4",NA,51.5621,6.0024,FALSE,1,"House Sparrow","Passer domesticus","#d16ff8","avian","https://media.birdweather.com/species/1/HouseSparrow-standard-b861184cf45c092cdb45fd689dd676ef.jpg","https://media.birdweather.com/species/1/HouseSparrow-thumbnail-e9cbc91763a1579de8ef04880678b5e3.jpg","https://media.birdweather.com/species/1/HouseSparrow-png200-125e8603e1efe9d7a18316b94f06a65e.png","XAgCDwD8qpukuHiqtLZ9mImnmPFcDO4E",12089145473,"https://media.birdweather.com/soundscapes/6891/6891-20260521-133154.flac",0,3,"birdnetpi"
7984459859,6891,"2026-05-21T15:31:28.000+02:00",0.9,0.84393298625946,9.49707875960149,"almost_certain","2p4",NA,51.5689,6.0053,FALSE,1,"House Sparrow","Passer domesticus","#d16ff8","avian","https://media.birdweather.com/species/1/HouseSparrow-standard-b861184cf45c092cdb45fd689dd676ef.jpg","https://media.birdweather.com/species/1/HouseSparrow-thumbnail-e9cbc91763a1579de8ef04880678b5e3.jpg","https://media.birdweather.com/species/1/HouseSparrow-png200-125e8603e1efe9d7a18316b94f06a65e.png","XAgCDwD8qpukuHiqtLZ9mImnmPFcDO4E",12089131611,"https://media.birdweather.com/soundscapes/6891/6891-20260521-133128.flac",0,3,"birdnetpi"
7984368769,6891,"2026-05-21T15:28:27.000+02:00",0.88,0.803734242916107,9.38457375382618,"almost_certain","2p4",NA,51.5651,6.0033,FALSE,551,"Common Swift","Apus apus","#234bb2","avian","https://media.birdweather.com/species/551/CommonSwift-standard-ba54f84fbd8481b1c0de60654fbd79d5.jpg","https://media.birdweather.com/species/551/CommonSwift-thumbnail-bad1d7e3c141990f11d01e49e9f768ac.jpg","https://media.birdweather.com/species/551/CommonSwift-png200-f52bea49cb0e4232049806bde3e1a401.png","LLYFFwLchWelV5dvsqh1jKZoKJIEMkoA",12089046922,"https://media.birdweather.com/soundscapes/6891/6891-20260521-132827.flac",0,3,"birdnetpi"
7984346201,6891,"2026-05-21T15:27:42.000+02:00",0.93,0.560286164283752,9.01083249782695,"almost_certain","2p4",NA,51.5698,6.0081,FALSE,119,"Common House-Martin","Delichon urbicum","#53b1ff","avian","https://media.birdweather.com/species/119/CommonHouse-Martin-standard-9ffbcc688c51210fb136a162c84d82ad.jpg","https://media.birdweather.com/species/119/CommonHouse-Martin-thumbnail-dd7059ca6235347c3097e7a66f04df95.jpg","https://media.birdweather.com/species/119/CommonHouse-Martin-png200-a73a8953ce2af50676da81e70b2746b2.png","YhgKDwKJd4iIiHd/h5h5d4mIeQqVllAH",12089025397,"https://media.birdweather.com/soundscapes/6891/6891-20260521-132742.flac",0,3,"birdnetpi"
7984287587,6891,"2026-05-21T15:25:48.000+02:00",0.94,0.560286164283752,9.0324077468733,"almost_certain","2p4",NA,51.5633,6.0077,FALSE,119,"Common House-Martin","Delichon urbicum","#53b1ff","avian","https://media.birdweather.com/species/119/CommonHouse-Martin-standard-9ffbcc688c51210fb136a162c84d82ad.jpg","https://media.birdweather.com/species/119/CommonHouse-Martin-thumbnail-dd7059ca6235347c3097e7a66f04df95.jpg","https://media.birdweather.com/species/119/CommonHouse-Martin-png200-a73a8953ce2af50676da81e70b2746b2.png","YhgKDwKJd4iIiHd/h5h5d4mIeQqVllAH",12088970310,"https://media.birdweather.com/soundscapes/6891/6891-20260521-132548.flac",0,3,"birdnetpi"
7984213027,6891,"2026-05-21T15:23:27.000+02:00",0.83,0.84393298625946,9.32712663092362,"almost_certain","2p4",NA,51.567,6.0008,FALSE,1,"House Sparrow","Passer domesticus","#d16ff8","avian","https://media.birdweather.com/species/1/HouseSparrow-standard-b861184cf45c092cdb45fd689dd676ef.jpg","https://media.birdweather.com/species/1/HouseSparrow-thumbnail-e9cbc91763a1579de8ef04880678b5e3.jpg","https://media.birdweather.com/species/1/HouseSparrow-png200-125e8603e1efe9d7a18316b94f06a65e.png","XAgCDwD8qpukuHiqtLZ9mImnmPFcDO4E",12088900871,"https://media.birdweather.com/soundscapes/6891/6891-20260521-132327.flac",0,3,"birdnetpi"
7984143425,6891,"2026-05-21T15:21:09.000+02:00",0.96,0.581112802028656,9.12370488497078,"almost_certain","2p4",NA,51.5703,6.0023,FALSE,76,"Eurasian Jackdaw","Corvus monedula","#f36f1b","avian","https://media.birdweather.com/species/76/EurasianJackdaw-standard-55cbd4006f743c538a3264a1fb86d41c.jpg","https://media.birdweather.com/species/76/EurasianJackdaw-thumbnail-80ecf23afe76ea22483b4f8043e19339.jpg","https://media.birdweather.com/species/76/EurasianJackdaw-png200-862dbf9b3725619bb5532ba255c32118.png","4AgKDwL2i2d1homOY0modph5OL/1qHAJ",12088835511,"https://media.birdweather.com/soundscapes/6891/6891-20260521-132109.flac",0,3,"birdnetpi"
7984102010,6891,"2026-05-21T15:19:49.000+02:00",0.95,0.581112802028656,9.1027884481516,"almost_certain","2p4",NA,51.5617,6.002,FALSE,76,"Eurasian Jackdaw","Corvus monedula","#f36f1b","avian","https://media.birdweather.com/species/76/EurasianJackdaw-standard-55cbd4006f743c538a3264a1fb86d41c.jpg","https://media.birdweather.com/species/76/EurasianJackdaw-thumbnail-80ecf23afe76ea22483b4f8043e19339.jpg","https://media.birdweather.com/species/76/EurasianJackdaw-png200-862dbf9b3725619bb5532ba255c32118.png","4AgKDwL2i2d1homOY0modph5OL/1qHAJ",12088797033,"https://media.birdweather.com/soundscapes/6891/6891-20260521-131949.flac",0,3,"birdnetpi"
7984059546,6891,"2026-05-21T15:18:28.000+02:00",0.79,0.84393298625946,9.21962051776877,"almost_certain","2p4",NA,51.564,6.0075,FALSE,1,"House Sparrow","Passer domesticus","#d16ff8","avian","https://media.birdweather.com/species/1/HouseSparrow-standard-b861184cf45c092cdb45fd689dd676ef.jpg","https://media.birdweather.com/species/1/HouseSparrow-thumbnail-e9cbc91763a1579de8ef04880678b5e3.jpg","https://media.birdweather.com/species/1/HouseSparrow-png200-125e8603e1efe9d7a18316b94f06a65e.png","XAgCDwD8qpukuHiqtLZ9mImnmPFcDO4E",12088757969,"https://media.birdweather.com/soundscapes/6891/6891-20260521-131828.flac",0,3,"birdnetpi"
7984045554,6891,"2026-05-21T15:18:13.000+02:00",0.8,0.84393298625946,9.24729822679378,"almost_certain","2p4",NA,51.5702,6.0093,FALSE,1,"House Sparrow","Passer domesticus","#d16ff8","avian","https://media.birdweather.com/species/1/HouseSparrow-standard-b861184cf45c092cdb45fd689dd676ef.jpg","https://media.birdweather.com/species/1/HouseSparrow-thumbnail-e9cbc91763a1579de8ef04880678b5e3.jpg","https://media.birdweather.com/species/1/HouseSparrow-png200-125e8603e1efe9d7a18316b94f06a65e.png","XAgCDwD8qpukuHiqtLZ9mImnmPFcDO4E",12088744849,"https://media.birdweather.com/soundscapes/6891/6891-20260521-131813.flac",0,3,"birdnetpi"
7984026674,6891,"2026-05-21T15:17:27.000+02:00",0.77,0.84393298625946,9.1625289237,"almost_certain","2p4",NA,51.5627,6.0053,FALSE,1,"House Sparrow","Passer domesticus","#d16ff8","avian","https://media.birdweather.com/species/1/HouseSparrow-standard-b861184cf45c092cdb45fd689dd676ef.jpg","https://media.birdweather.com/species/1/HouseSparrow-thumbnail-e9cbc91763a1579de8ef04880678b5e3.jpg","https://media.birdweather.com/species/1/HouseSparrow-png200-125e8603e1efe9d7a18316b94f06a65e.png","XAgCDwD8qpukuHiqtLZ9mImnmPFcDO4E",12088727528,"https://media.birdweather.com/soundscapes/6891/6891-20260521-131727.flac",0,3,"birdnetpi"
7983975619,6891,"2026-05-21T15:15:54.000+02:00",0.87,0.999460279941559,9.65603311376937,"almost_certain","2p4",NA,51.5664,6.0076,FALSE,35,"Eurasian Blackbird","Turdus merula","#ff65df","avian","https://media.birdweather.com/species/35/EurasianBlackbird-standard-618b3a5132c7c359fb2a2884c39deb39.jpg","https://media.birdweather.com/species/35/EurasianBlackbird-thumbnail-276878929bed08167d1fd9bf34d63d40.jpg","https://media.birdweather.com/species/35/EurasianBlackbird-png200-ba5a1b43225da4611cac429c52a52c81.png","GfkFFwKRmrx2ZYiaaQe69nlzScn3T7IA",12088679839,"https://media.birdweather.com/soundscapes/6891/6891-20260521-131554.flac",0,3,"birdnetpi"
7983978200,6891,"2026-05-21T15:15:51.000+02:00",0.91,0.560286164283752,8.96663511658799,"almost_certain","2p4",NA,51.5689,6.0063,FALSE,119,"Common House-Martin","Delichon urbicum","#53b1ff","avian","https://media.birdweather.com/species/119/CommonHouse-Martin-standard-9ffbcc688c51210fb136a162c84d82ad.jpg","https://media.birdweather.com/species/119/CommonHouse-Martin-thumbnail-dd7059ca6235347c3097e7a66f04df95.jpg","https://media.birdweather.com/species/119/CommonHouse-Martin-png200-a73a8953ce2af50676da81e70b2746b2.png","YhgKDwKJd4iIiHd/h5h5d4mIeQqVllAH",12088682257,"https://media.birdweather.com/soundscapes/6891/6891-20260521-131551.flac",0,3,"birdnetpi"
7983954152,6891,"2026-05-21T15:15:04.000+02:00",0.7,0.999460279941559,9.17081772897212,"almost_certain","2p4",NA,51.5691,6.0013,FALSE,35,"Eurasian Blackbird","Turdus merula","#ff65df","avian","https://media.birdweather.com/species/35/EurasianBlackbird-standard-618b3a5132c7c359fb2a2884c39deb39.jpg","https://media.birdweather.com/species/35/EurasianBlackbird-thumbnail-276878929bed08167d1fd9bf34d63d40.jpg","https://media.birdweather.com/species/35/EurasianBlackbird-png200-ba5a1b43225da4611cac429c52a52c81.png","GfkFFwKRmrx2ZYiaaQe69nlzScn3T7IA",12088659733,"https://media.birdweather.com/soundscapes/6891/6891-20260521-131504.flac",0,3,"birdnetpi"
7983918507,6891,"2026-05-21T15:13:55.000+02:00",0.84,0.999460279941559,9.58196102062909,"almost_certain","2p4",NA,51.5685,6.0064,FALSE,35,"Eurasian Blackbird","Turdus merula","#ff65df","avian","https://media.birdweather.com/species/35/EurasianBlackbird-standard-618b3a5132c7c359fb2a2884c39deb39.jpg","https://media.birdweather.com/species/35/EurasianBlackbird-thumbnail-276878929bed08167d1fd9bf34d63d40.jpg","https://media.birdweather.com/species/35/EurasianBlackbird-png200-ba5a1b43225da4611cac429c52a52c81.png","GfkFFwKRmrx2ZYiaaQe69nlzScn3T7IA",12088626417,"https://media.birdweather.com/soundscapes/6891/6891-20260521-131355.flac",0,3,"birdnetpi"
7983910540,6891,"2026-05-21T15:13:39.000+02:00",0.7,0.560286164283752,8.38850277480664,"almost_certain","2p4",NA,51.5658,6.0007,FALSE,119,"Common House-Martin","Delichon urbicum","#53b1ff","avian","https://media.birdweather.com/species/119/CommonHouse-Martin-standard-9ffbcc688c51210fb136a162c84d82ad.jpg","https://media.birdweather.com/species/119/CommonHouse-Martin-thumbnail-dd7059ca6235347c3097e7a66f04df95.jpg","https://media.birdweather.com/species/119/CommonHouse-Martin-png200-a73a8953ce2af50676da81e70b2746b2.png","YhgKDwKJd4iIiHd/h5h5d4mIeQqVllAH",12088618643,"https://media.birdweather.com/soundscapes/6891/6891-20260521-131339.flac",0,3,"birdnetpi"
7983892113,6891,"2026-05-21T15:13:07.000+02:00",0.76,0.84393298625946,9.13306542254728,"almost_certain","2p4",NA,51.5639,6.0047,FALSE,1,"House Sparrow","Passer domesticus","#d16ff8","avian","https://media.birdweather.com/species/1/HouseSparrow-standard-b861184cf45c092cdb45fd689dd676ef.jpg","https://media.birdweather.com/species/1/HouseSparrow-thumbnail-e9cbc91763a1579de8ef04880678b5e3.jpg","https://media.birdweather.com/species/1/HouseSparrow-png200-125e8603e1efe9d7a18316b94f06a65e.png","XAgCDwD8qpukuHiqtLZ9mImnmPFcDO4E",12088601396,"https://media.birdweather.com/soundscapes/6891/6891-20260521-131307.flac",0,3,"birdnetpi"
7983876924,6891,"2026-05-21T15:12:42.000+02:00",0.82,0.84393298625946,9.30103060381377,"almost_certain","2p4",NA,51.5658,6.0028,FALSE,1,"House Sparrow","Passer domesticus","#d16ff8","avian","https://media.birdweather.com/species/1/HouseSparrow-standard-b861184cf45c092cdb45fd689dd676ef.jpg","https://media.birdweather.com/species/1/HouseSparrow-thumbnail-e9cbc91763a1579de8ef04880678b5e3.jpg","https://media.birdweather.com/species/1/HouseSparrow-png200-125e8603e1efe9d7a18316b94f06a65e.png","XAgCDwD8qpukuHiqtLZ9mImnmPFcDO4E",12088587234,"https://media.birdweather.com/soundscapes/6891/6891-20260521-131242.flac",0,3,"birdnetpi"
7983816446,6891,"2026-05-21T15:10:36.000+02:00",0.75,0.999460279941559,9.33218048782137,"almost_certain","2p4",NA,51.5624,6.0075,FALSE,35,"Eurasian Blackbird","Turdus merula","#ff65df","avian","https://media.birdweather.com/species/35/EurasianBlackbird-standard-618b3a5132c7c359fb2a2884c39deb39.jpg","https://media.birdweather.com/species/35/EurasianBlackbird-thumbnail-276878929bed08167d1fd9bf34d63d40.jpg","https://media.birdweather.com/species/35/EurasianBlackbird-png200-ba5a1b43225da4611cac429c52a52c81.png","GfkFFwKRmrx2ZYiaaQe69nlzScn3T7IA",12088530973,"https://media.birdweather.com/soundscapes/6891/6891-20260521-131036.flac",0,3,"birdnetpi"
7983749857,6891,"2026-05-21T15:08:28.000+02:00",0.72,0.84393298625946,9.00843408640543,"almost_certain","2p4",NA,51.5694,6.0078,FALSE,1,"House Sparrow","Passer domesticus","#d16ff8","avian","https://media.birdweather.com/species/1/HouseSparrow-standard-b861184cf45c092cdb45fd689dd676ef.jpg","https://media.birdweather.com/species/1/HouseSparrow-thumbnail-e9cbc91763a1579de8ef04880678b5e3.jpg","https://media.birdweather.com/species/1/HouseSparrow-png200-125e8603e1efe9d7a18316b94f06a65e.png","XAgCDwD8qpukuHiqtLZ9mImnmPFcDO4E",12088469260,"https://media.birdweather.com/soundscapes/6891/6891-20260521-130828.flac",0,3,"birdnetpi"
7983724627,6891,"2026-05-21T15:07:42.000+02:00",0.7,0.84393298625946,8.94159156149331,"almost_certain","2p4",NA,51.5701,6.0088,FALSE,1,"House Sparrow","Passer domesticus","#d16ff8","avian","https://media.birdweather.com/species/1/HouseSparrow-standard-b861184cf45c092cdb45fd689dd676ef.jpg","https://media.birdweather.com/species/1/HouseSparrow-thumbnail-e9cbc91763a1579de8ef04880678b5e3.jpg","https://media.birdweather.com/species/1/HouseSparrow-png200-125e8603e1efe9d7a18316b94f06a65e.png","XAgCDwD8qpukuHiqtLZ9mImnmPFcDO4E",12088446127,"https://media.birdweather.com/soundscapes/6891/6891-20260521-130742.flac",0,3,"birdnetpi"
7983708312,6891,"2026-05-21T15:07:21.000+02:00",0.79,0.84393298625946,9.21962051776877,"almost_certain","2p4",NA,51.5689,6.0032,FALSE,1,"House Sparrow","Passer domesticus","#d16ff8","avian","https://media.birdweather.com/species/1/HouseSparrow-standard-b861184cf45c092cdb45fd689dd676ef.jpg","https://media.birdweather.com/species/1/HouseSparrow-thumbnail-e9cbc91763a1579de8ef04880678b5e3.jpg","https://media.birdweather.com/species/1/HouseSparrow-png200-125e8603e1efe9d7a18316b94f06a65e.png","XAgCDwD8qpukuHiqtLZ9mImnmPFcDO4E",12088431141,"https://media.birdweather.com/soundscapes/6891/6891-20260521-130721.flac",0,3,"birdnetpi"
7983698866,6891,"2026-05-21T15:07:00.000+02:00",0.78,0.84393298625946,9.19137209430103,"almost_certain","2p4",NA,51.5687,6.0038,FALSE,1,"House Sparrow","Passer domesticus","#d16ff8","avian","https://media.birdweather.com/species/1/HouseSparrow-standard-b861184cf45c092cdb45fd689dd676ef.jpg","https://media.birdweather.com/species/1/HouseSparrow-thumbnail-e9cbc91763a1579de8ef04880678b5e3.jpg","https://media.birdweather.com/species/1/HouseSparrow-png200-125e8603e1efe9d7a18316b94f06a65e.png","XAgCDwD8qpukuHiqtLZ9mImnmPFcDO4E",12088422500,"https://media.birdweather.com/soundscapes/6891/6891-20260521-130700.flac",0,3,"birdnetpi"
7983671457,6891,"2026-05-21T15:06:00.000+02:00",0.83,0.84393298625946,9.32712663092362,"almost_certain","2p4",NA,51.5684,6.0082,FALSE,1,"House Sparrow","Passer domesticus","#d16ff8","avian","https://media.birdweather.com/species/1/HouseSparrow-standard-b861184cf45c092cdb45fd689dd676ef.jpg","https://media.birdweather.com/species/1/HouseSparrow-thumbnail-e9cbc91763a1579de8ef04880678b5e3.jpg","https://media.birdweather.com/species/1/HouseSparrow-png200-125e8603e1efe9d7a18316b94f06a65e.png","XAgCDwD8qpukuHiqtLZ9mImnmPFcDO4E",12088397146,"https://media.birdweather.com/soundscapes/6891/6891-20260521-130600.flac",0,3,"birdnetpi"
7983661952,6891,"2026-05-21T15:05:49.000+02:00",0.83,0.84393298625946,9.32712663092362,"almost_certain","2p4",NA,51.5621,6.0026,FALSE,1,"House Sparrow","Passer domesticus","#d16ff8","avian","https://media.birdweather.com/species/1/HouseSparrow-standard-b861184cf45c092cdb45fd689dd676ef.jpg","https://media.birdweather.com/species/1/HouseSparrow-thumbnail-e9cbc91763a1579de8ef04880678b5e3.jpg","https://media.birdweather.com/species/1/HouseSparrow-png200-125e8603e1efe9d7a18316b94f06a65e.png","XAgCDwD8qpukuHiqtLZ9mImnmPFcDO4E",12088388327,"https://media.birdweather.com/soundscapes/6891/6891-20260521-130549.flac",0,3,"birdnetpi"
7983647821,6891,"2026-05-21T15:05:15.000+02:00",0.81,0.999460279941559,9.50365399366836,"almost_certain","2p4",NA,51.5685,6.0088,FALSE,35,"Eurasian Blackbird","Turdus merula","#ff65df","avian","https://media.birdweather.com/species/35/EurasianBlackbird-standard-618b3a5132c7c359fb2a2884c39deb39.jpg","https://media.birdweather.com/species/35/EurasianBlackbird-thumbnail-276878929bed08167d1fd9bf34d63d40.jpg","https://media.birdweather.com/species/35/EurasianBlackbird-png200-ba5a1b43225da4611cac429c52a52c81.png","GfkFFwKRmrx2ZYiaaQe69nlzScn3T7IA",12088375383,"https://media.birdweather.com/soundscapes/6891/6891-20260521-130515.flac",0,3,"birdnetpi"
7983645752,6891,"2026-05-21T15:05:09.000+02:00",0.84,0.84393298625946,9.35273485315027,"almost_certain","2p4",NA,51.5691,6.0032,FALSE,1,"House Sparrow","Passer domesticus","#d16ff8","avian","https://media.birdweather.com/species/1/HouseSparrow-standard-b861184cf45c092cdb45fd689dd676ef.jpg","https://media.birdweather.com/species/1/HouseSparrow-thumbnail-e9cbc91763a1579de8ef04880678b5e3.jpg","https://media.birdweather.com/species/1/HouseSparrow-png200-125e8603e1efe9d7a18316b94f06a65e.png","XAgCDwD8qpukuHiqtLZ9mImnmPFcDO4E",12088373356,"https://media.birdweather.com/soundscapes/6891/6891-20260521-130509.flac",0,3,"birdnetpi"
7983634726,6891,"2026-05-21T15:04:48.000+02:00",0.75,0.84393298625946,9.10295432034255,"almost_certain","2p4",NA,51.5659,6.0091,FALSE,1,"House Sparrow","Passer domesticus","#d16ff8","avian","https://media.birdweather.com/species/1/HouseSparrow-standard-b861184cf45c092cdb45fd689dd676ef.jpg","https://media.birdweather.com/species/1/HouseSparrow-thumbnail-e9cbc91763a1579de8ef04880678b5e3.jpg","https://media.birdweather.com/species/1/HouseSparrow-png200-125e8603e1efe9d7a18316b94f06a65e.png","XAgCDwD8qpukuHiqtLZ9mImnmPFcDO4E",12088363309,"https://media.birdweather.com/soundscapes/6891/6891-20260521-130448.flac",0,3,"birdnetpi"
7983625858,6891,"2026-05-21T15:04:31.000+02:00",0.78,0.999460279941559,9.42059826177984,"almost_certain","2p4",NA,51.5662,6.0027,FALSE,35,"Eurasian Blackbird","Turdus merula","#ff65df","avian","https://media.birdweather.com/species/35/EurasianBlackbird-standard-618b3a5132c7c359fb2a2884c39deb39.jpg","https://media.birdweather.com/species/35/EurasianBlackbird-thumbnail-276878929bed08167d1fd9bf34d63d40.jpg","https://media.birdweather.com/species/35/EurasianBlackbird-png200-ba5a1b43225da4611cac429c52a52c81.png","GfkFFwKRmrx2ZYiaaQe69nlzScn3T7IA",12088355165,"https://media.birdweather.com/soundscapes/6891/6891-20260521-130431.flac",0,3,"birdnetpi"
7983624165,6891,"2026-05-21T15:04:30.000+02:00",0.88,0.84393298625946,9.45063363380581,"almost_certain","2p4",NA,51.5693,6.0086,FALSE,1,"House Sparrow","Passer domesticus","#d16ff8","avian","https://media.birdweather.com/species/1/HouseSparrow-standard-b861184cf45c092cdb45fd689dd676ef.jpg","https://media.birdweather.com/species/1/HouseSparrow-thumbnail-e9cbc91763a1579de8ef04880678b5e3.jpg","https://media.birdweather.com/species/1/HouseSparrow-png200-125e8603e1efe9d7a18316b94f06a65e.png","XAgCDwD8qpukuHiqtLZ9mImnmPFcDO4E",12088353609,"https://media.birdweather.com/soundscapes/6891/6891-20260521-130430.flac",0,3,"birdnetpi"
7983605207,6891,"2026-05-21T15:03:58.000+02:00",0.92,0.999460279941559,9.77122698434781,"almost_certain","2p4",NA,51.5641,6.0058,FALSE,35,"Eurasian Blackbird","Turdus merula","#ff65df","avian","https://media.birdweather.com/species/35/EurasianBlackbird-standard-618b3a5132c7c359fb2a2884c39deb39.jpg","https://media.birdweather.com/species/35/EurasianBlackbird-thumbnail-276878929bed08167d1fd9bf34d63d40.jpg","https://media.birdweather.com/species/35/EurasianBlackbird-png200-ba5a1b43225da4611cac429c52a52c81.png","GfkFFwKRmrx2ZYiaaQe69nlzScn3T7IA",12088336458,"https://media.birdweather.com/soundscapes/6891/6891-20260521-130358.flac",0,3,"birdnetpi"
7983546029,6891,"2026-05-21T15:02:00.000+02:00",0.95,0.96171635389328,9.78375664682162,"almost_certain","2p4",NA,51.5629,6.0033,FALSE,397,"Barn Swallow","Hirundo rustica","#c85500","avian","https://media.birdweather.com/species/397/BarnSwallow-standard-66c9cb8916403efe633a420fe54e3bc6.jpg","https://media.birdweather.com/species/397/BarnSwallow-thumbnail-418cddeb212e9e1ce5d35f61a3040433.jpg","https://media.birdweather.com/species/397/BarnSwallow-png200-317c812ebfcec488fad1824feff99dbc.png","IAgKHwKLhnmThXdPl1i3p3ll51f4jngP",12088282403,"https://media.birdweather.com/soundscapes/6891/6891-20260521-130200.flac",0,3,"birdnetpi"
7983507079,6891,"2026-05-21T15:00:46.000+02:00",0.81,0.560286164283752,8.72133903950288,"almost_certain","2p4",NA,51.5617,6.0053,FALSE,119,"Common House-Martin","Delichon urbicum","#53b1ff","avian","https://media.birdweather.com/species/119/CommonHouse-Martin-standard-9ffbcc688c51210fb136a162c84d82ad.jpg","https://media.birdweather.com/species/119/CommonHouse-Martin-thumbnail-dd7059ca6235347c3097e7a66f04df95.jpg","https://media.birdweather.com/species/119/CommonHouse-Martin-png200-a73a8953ce2af50676da81e70b2746b2.png","YhgKDwKJd4iIiHd/h5h5d4mIeQqVllAH",12088246943,"https://media.birdweather.com/soundscapes/6891/6891-20260521-130046.flac",0,3,"birdnetpi"
7983470293,6891,"2026-05-21T14:59:37.000+02:00",0.81,0.999460279941559,9.50365399366836,"almost_certain","2p4",NA,51.5662,6.0059,FALSE,35,"Eurasian Blackbird","Turdus merula","#ff65df","avian","https://media.birdweather.com/species/35/EurasianBlackbird-standard-618b3a5132c7c359fb2a2884c39deb39.jpg","https://media.birdweather.com/species/35/EurasianBlackbird-thumbnail-276878929bed08167d1fd9bf34d63d40.jpg","https://media.birdweather.com/species/35/EurasianBlackbird-png200-ba5a1b43225da4611cac429c52a52c81.png","GfkFFwKRmrx2ZYiaaQe69nlzScn3T7IA",12088213696,"https://media.birdweather.com/soundscapes/6891/6891-20260521-125937.flac",0,3,"birdnetpi"
7983404784,6891,"2026-05-21T14:57:33.000+02:00",0.72,0.999460279941559,9.23766025388425,"almost_certain","2p4",NA,51.5654,6.0047,FALSE,35,"Eurasian Blackbird","Turdus merula","#ff65df","avian","https://media.birdweather.com/species/35/EurasianBlackbird-standard-618b3a5132c7c359fb2a2884c39deb39.jpg","https://media.birdweather.com/species/35/EurasianBlackbird-thumbnail-276878929bed08167d1fd9bf34d63d40.jpg","https://media.birdweather.com/species/35/EurasianBlackbird-png200-ba5a1b43225da4611cac429c52a52c81.png","GfkFFwKRmrx2ZYiaaQe69nlzScn3T7IA",12088153692,"https://media.birdweather.com/soundscapes/6891/6891-20260521-125733.flac",0,3,"birdnetpi"
7983371785,6891,"2026-05-21T14:56:31.000+02:00",0.76,0.84393298625946,9.13306542254728,"almost_certain","2p4",NA,51.5674,6.0018,FALSE,1,"House Sparrow","Passer domesticus","#d16ff8","avian","https://media.birdweather.com/species/1/HouseSparrow-standard-b861184cf45c092cdb45fd689dd676ef.jpg","https://media.birdweather.com/species/1/HouseSparrow-thumbnail-e9cbc91763a1579de8ef04880678b5e3.jpg","https://media.birdweather.com/species/1/HouseSparrow-png200-125e8603e1efe9d7a18316b94f06a65e.png","XAgCDwD8qpukuHiqtLZ9mImnmPFcDO4E",12088123226,"https://media.birdweather.com/soundscapes/6891/6891-20260521-125631.flac",0,3,"birdnetpi"
7983369286,6891,"2026-05-21T14:56:25.000+02:00",0.7,0.999460279941559,9.17081772897212,"almost_certain","2p4",NA,51.5642,6.0093,FALSE,35,"Eurasian Blackbird","Turdus merula","#ff65df","avian","https://media.birdweather.com/species/35/EurasianBlackbird-standard-618b3a5132c7c359fb2a2884c39deb39.jpg","https://media.birdweather.com/species/35/EurasianBlackbird-thumbnail-276878929bed08167d1fd9bf34d63d40.jpg","https://media.birdweather.com/species/35/EurasianBlackbird-png200-ba5a1b43225da4611cac429c52a52c81.png","GfkFFwKRmrx2ZYiaaQe69nlzScn3T7IA",12088120868,"https://media.birdweather.com/soundscapes/6891/6891-20260521-125625.flac",0,3,"birdnetpi"
7983356602,6891,"2026-05-21T14:56:01.000+02:00",0.72,0.84393298625946,9.00843408640543,"almost_certain","2p4",NA,51.5675,6.0037,FALSE,1,"House Sparrow","Passer domesticus","#d16ff8","avian","https://media.birdweather.com/species/1/HouseSparrow-standard-b861184cf45c092cdb45fd689dd676ef.jpg","https://media.birdweather.com/species/1/HouseSparrow-thumbnail-e9cbc91763a1579de8ef04880678b5e3.jpg","https://media.birdweather.com/species/1/HouseSparrow-png200-125e8603e1efe9d7a18316b94f06a65e.png","XAgCDwD8qpukuHiqtLZ9mImnmPFcDO4E",12088109301,"https://media.birdweather.com/soundscapes/6891/6891-20260521-125601.flac",0,3,"birdnetpi"
7983341654,6891,"2026-05-21T14:55:33.000+02:00",0.8,0.999460279941559,9.47652439427259,"almost_certain","2p4",NA,51.5697,6.0014,FALSE,35,"Eurasian Blackbird","Turdus merula","#ff65df","avian","https://media.birdweather.com/species/35/EurasianBlackbird-standard-618b3a5132c7c359fb2a2884c39deb39.jpg","https://media.birdweather.com/species/35/EurasianBlackbird-thumbnail-276878929bed08167d1fd9bf34d63d40.jpg","https://media.birdweather.com/species/35/EurasianBlackbird-png200-ba5a1b43225da4611cac429c52a52c81.png","GfkFFwKRmrx2ZYiaaQe69nlzScn3T7IA",12088095831,"https://media.birdweather.com/soundscapes/6891/6891-20260521-125533.flac",0,3,"birdnetpi"
7983330433,6891,"2026-05-21T14:55:22.000+02:00",0.8,0.999460279941559,9.47652439427259,"almost_certain","2p4",NA,51.5633,6.001,FALSE,35,"Eurasian Blackbird","Turdus merula","#ff65df","avian","https://media.birdweather.com/species/35/EurasianBlackbird-standard-618b3a5132c7c359fb2a2884c39deb39.jpg","https://media.birdweather.com/species/35/EurasianBlackbird-thumbnail-276878929bed08167d1fd9bf34d63d40.jpg","https://media.birdweather.com/species/35/EurasianBlackbird-png200-ba5a1b43225da4611cac429c52a52c81.png","GfkFFwKRmrx2ZYiaaQe69nlzScn3T7IA",12088085654,"https://media.birdweather.com/soundscapes/6891/6891-20260521-125522.flac",0,3,"birdnetpi"
7983326416,6891,"2026-05-21T14:55:04.000+02:00",0.7,0.84393298625946,8.94159156149331,"almost_certain","2p4",NA,51.565,6.006,FALSE,1,"House Sparrow","Passer domesticus","#d16ff8","avian","https://media.birdweather.com/species/1/HouseSparrow-standard-b861184cf45c092cdb45fd689dd676ef.jpg","https://media.birdweather.com/species/1/HouseSparrow-thumbnail-e9cbc91763a1579de8ef04880678b5e3.jpg","https://media.birdweather.com/species/1/HouseSparrow-png200-125e8603e1efe9d7a18316b94f06a65e.png","XAgCDwD8qpukuHiqtLZ9mImnmPFcDO4E",12088081874,"https://media.birdweather.com/soundscapes/6891/6891-20260521-125504.flac",0,3,"birdnetpi"
7983265380,6891,"2026-05-21T14:53:19.000+02:00",0.85,0.84393298625946,9.3778731731257,"almost_certain","2p4",NA,51.5666,6.0076,FALSE,1,"House Sparrow","Passer domesticus","#d16ff8","avian","https://media.birdweather.com/species/1/HouseSparrow-standard-b861184cf45c092cdb45fd689dd676ef.jpg","https://media.birdweather.com/species/1/HouseSparrow-thumbnail-e9cbc91763a1579de8ef04880678b5e3.jpg","https://media.birdweather.com/species/1/HouseSparrow-png200-125e8603e1efe9d7a18316b94f06a65e.png","XAgCDwD8qpukuHiqtLZ9mImnmPFcDO4E",12088026829,"https://media.birdweather.com/soundscapes/6891/6891-20260521-125319.flac",0,3,"birdnetpi"
7983206349,6891,"2026-05-21T14:51:31.000+02:00",0.87,0.84393298625946,9.42680694629055,"almost_certain","2p4",NA,51.5647,6.0073,FALSE,1,"House Sparrow","Passer domesticus","#d16ff8","avian","https://media.birdweather.com/species/1/HouseSparrow-standard-b861184cf45c092cdb45fd689dd676ef.jpg","https://media.birdweather.com/species/1/HouseSparrow-thumbnail-e9cbc91763a1579de8ef04880678b5e3.jpg","https://media.birdweather.com/species/1/HouseSparrow-png200-125e8603e1efe9d7a18316b94f06a65e.png","XAgCDwD8qpukuHiqtLZ9mImnmPFcDO4E",12087974196,"https://media.birdweather.com/soundscapes/6891/6891-20260521-125131.flac",0,3,"birdnetpi"
7983121084,6891,"2026-05-21T14:48:45.000+02:00",0.91,0.560286164283752,8.96663511658799,"almost_certain","2p4",NA,51.5679,6.0083,FALSE,119,"Common House-Martin","Delichon urbicum","#53b1ff","avian","https://media.birdweather.com/species/119/CommonHouse-Martin-standard-9ffbcc688c51210fb136a162c84d82ad.jpg","https://media.birdweather.com/species/119/CommonHouse-Martin-thumbnail-dd7059ca6235347c3097e7a66f04df95.jpg","https://media.birdweather.com/species/119/CommonHouse-Martin-png200-a73a8953ce2af50676da81e70b2746b2.png","YhgKDwKJd4iIiHd/h5h5d4mIeQqVllAH",12087898725,"https://media.birdweather.com/soundscapes/6891/6891-20260521-124845.flac",0,3,"birdnetpi"
7983112959,6891,"2026-05-21T14:48:31.000+02:00",1,0.560286164283752,9.15517640427817,"almost_certain","2p4",NA,51.5676,6.0082,FALSE,119,"Common House-Martin","Delichon urbicum","#53b1ff","avian","https://media.birdweather.com/species/119/CommonHouse-Martin-standard-9ffbcc688c51210fb136a162c84d82ad.jpg","https://media.birdweather.com/species/119/CommonHouse-Martin-thumbnail-dd7059ca6235347c3097e7a66f04df95.jpg","https://media.birdweather.com/species/119/CommonHouse-Martin-png200-a73a8953ce2af50676da81e70b2746b2.png","YhgKDwKJd4iIiHd/h5h5d4mIeQqVllAH",12087891457,"https://media.birdweather.com/soundscapes/6891/6891-20260521-124831.flac",0,3,"birdnetpi"
7983067089,6891,"2026-05-21T14:47:06.000+02:00",0.73,0.560286164283752,8.48758208117073,"almost_certain","2p4",NA,51.5672,6.0067,FALSE,119,"Common House-Martin","Delichon urbicum","#53b1ff","avian","https://media.birdweather.com/species/119/CommonHouse-Martin-standard-9ffbcc688c51210fb136a162c84d82ad.jpg","https://media.birdweather.com/species/119/CommonHouse-Martin-thumbnail-dd7059ca6235347c3097e7a66f04df95.jpg","https://media.birdweather.com/species/119/CommonHouse-Martin-png200-a73a8953ce2af50676da81e70b2746b2.png","YhgKDwKJd4iIiHd/h5h5d4mIeQqVllAH",12087850918,"https://media.birdweather.com/soundscapes/6891/6891-20260521-124706.flac",0,3,"birdnetpi"
7983015990,6891,"2026-05-21T14:45:33.000+02:00",0.81,0.560286164283752,8.72133903950288,"almost_certain","2p4",NA,51.5649,6.0038,FALSE,119,"Common House-Martin","Delichon urbicum","#53b1ff","avian","https://media.birdweather.com/species/119/CommonHouse-Martin-standard-9ffbcc688c51210fb136a162c84d82ad.jpg","https://media.birdweather.com/species/119/CommonHouse-Martin-thumbnail-dd7059ca6235347c3097e7a66f04df95.jpg","https://media.birdweather.com/species/119/CommonHouse-Martin-png200-a73a8953ce2af50676da81e70b2746b2.png","YhgKDwKJd4iIiHd/h5h5d4mIeQqVllAH",12087805848,"https://media.birdweather.com/soundscapes/6891/6891-20260521-124533.flac",0,3,"birdnetpi"
7982953941,6891,"2026-05-21T14:43:40.000+02:00",0.78,0.84393298625946,9.19137209430103,"almost_certain","2p4",NA,51.569,6.0034,FALSE,1,"House Sparrow","Passer domesticus","#d16ff8","avian","https://media.birdweather.com/species/1/HouseSparrow-standard-b861184cf45c092cdb45fd689dd676ef.jpg","https://media.birdweather.com/species/1/HouseSparrow-thumbnail-e9cbc91763a1579de8ef04880678b5e3.jpg","https://media.birdweather.com/species/1/HouseSparrow-png200-125e8603e1efe9d7a18316b94f06a65e.png","XAgCDwD8qpukuHiqtLZ9mImnmPFcDO4E",12087750941,"https://media.birdweather.com/soundscapes/6891/6891-20260521-124340.flac",0,3,"birdnetpi"
7982948422,6891,"2026-05-21T14:43:30.000+02:00",0.82,0.991592347621918,9.51953689044305,"almost_certain","2p4",NA,51.5615,6.0027,FALSE,25,"Common Chaffinch","Fringilla coelebs","#fb7eff","avian","https://media.birdweather.com/species/25/CommonChaffinch-standard-d8edb223d1ec828ee0cda788e8f5f209.jpg","https://media.birdweather.com/species/25/CommonChaffinch-thumbnail-7ba0a46bb0cd7efdb3215242f9528140.jpg","https://media.birdweather.com/species/25/CommonChaffinch-png200-ced617224ab07c316109e2d0e9078f2e.png","WfgJDwKGhIbAbHimmnhluHh2tv25ZoAD",12087746161,"https://media.birdweather.com/soundscapes/6891/6891-20260521-124330.flac",0,3,"birdnetpi"
7982887894,6891,"2026-05-21T14:41:46.000+02:00",0.77,0.84393298625946,9.1625289237,"almost_certain","2p4",NA,51.5624,6.0063,FALSE,1,"House Sparrow","Passer domesticus","#d16ff8","avian","https://media.birdweather.com/species/1/HouseSparrow-standard-b861184cf45c092cdb45fd689dd676ef.jpg","https://media.birdweather.com/species/1/HouseSparrow-thumbnail-e9cbc91763a1579de8ef04880678b5e3.jpg","https://media.birdweather.com/species/1/HouseSparrow-png200-125e8603e1efe9d7a18316b94f06a65e.png","XAgCDwD8qpukuHiqtLZ9mImnmPFcDO4E",12087692895,"https://media.birdweather.com/soundscapes/6891/6891-20260521-124146.flac",0,3,"birdnetpi"
7982877362,6891,"2026-05-21T14:41:21.000+02:00",0.84,0.997818529605865,9.57973108746781,"almost_certain","2p4",NA,51.565,6.005,FALSE,407,"Common Wood-Pigeon","Columba palumbus","#028fb2","avian","https://media.birdweather.com/species/407/CommonWood-Pigeon-standard-5558900260c92622ceef8a812b06518e.jpg","https://media.birdweather.com/species/407/CommonWood-Pigeon-thumbnail-4b86c907c8b82c8af31d566b811dee05.jpg","https://media.birdweather.com/species/407/CommonWood-Pigeon-png200-533b13201573be3895fcec3e61e861b5.png","2ukFHwIHiYeWxnZUiniYZ3h5h6+rCIQH",12087683553,"https://media.birdweather.com/soundscapes/6891/6891-20260521-124121.flac",0,3,"birdnetpi"
7982862915,6891,"2026-05-21T14:40:55.000+02:00",0.79,0.84393298625946,9.21962051776877,"almost_certain","2p4",NA,51.5626,6.0045,FALSE,1,"House Sparrow","Passer domesticus","#d16ff8","avian","https://media.birdweather.com/species/1/HouseSparrow-standard-b861184cf45c092cdb45fd689dd676ef.jpg","https://media.birdweather.com/species/1/HouseSparrow-thumbnail-e9cbc91763a1579de8ef04880678b5e3.jpg","https://media.birdweather.com/species/1/HouseSparrow-png200-125e8603e1efe9d7a18316b94f06a65e.png","XAgCDwD8qpukuHiqtLZ9mImnmPFcDO4E",12087670979,"https://media.birdweather.com/soundscapes/6891/6891-20260521-124055.flac",0,3,"birdnetpi"
7982859084,6891,"2026-05-21T14:40:48.000+02:00",0.88,0.997818529605865,9.67762986812335,"almost_certain","2p4",NA,51.5701,6.0063,FALSE,407,"Common Wood-Pigeon","Columba palumbus","#028fb2","avian","https://media.birdweather.com/species/407/CommonWood-Pigeon-standard-5558900260c92622ceef8a812b06518e.jpg","https://media.birdweather.com/species/407/CommonWood-Pigeon-thumbnail-4b86c907c8b82c8af31d566b811dee05.jpg","https://media.birdweather.com/species/407/CommonWood-Pigeon-png200-533b13201573be3895fcec3e61e861b5.png","2ukFHwIHiYeWxnZUiniYZ3h5h6+rCIQH",12087667663,"https://media.birdweather.com/soundscapes/6891/6891-20260521-124048.flac",0,3,"birdnetpi"
7982843192,6891,"2026-05-21T14:40:19.000+02:00",0.8,0.997818529605865,9.47429446111131,"almost_certain","2p4",NA,51.5697,6.0027,FALSE,407,"Common Wood-Pigeon","Columba palumbus","#028fb2","avian","https://media.birdweather.com/species/407/CommonWood-Pigeon-standard-5558900260c92622ceef8a812b06518e.jpg","https://media.birdweather.com/species/407/CommonWood-Pigeon-thumbnail-4b86c907c8b82c8af31d566b811dee05.jpg","https://media.birdweather.com/species/407/CommonWood-Pigeon-png200-533b13201573be3895fcec3e61e861b5.png","2ukFHwIHiYeWxnZUiniYZ3h5h6+rCIQH",12087653658,"https://media.birdweather.com/soundscapes/6891/6891-20260521-124019.flac",0,3,"birdnetpi"
7982811740,6891,"2026-05-21T14:39:22.000+02:00",0.87,0.84393298625946,9.42680694629055,"almost_certain","2p4",NA,51.5654,6.0019,FALSE,1,"House Sparrow","Passer domesticus","#d16ff8","avian","https://media.birdweather.com/species/1/HouseSparrow-standard-b861184cf45c092cdb45fd689dd676ef.jpg","https://media.birdweather.com/species/1/HouseSparrow-thumbnail-e9cbc91763a1579de8ef04880678b5e3.jpg","https://media.birdweather.com/species/1/HouseSparrow-png200-125e8603e1efe9d7a18316b94f06a65e.png","XAgCDwD8qpukuHiqtLZ9mImnmPFcDO4E",12087626033,"https://media.birdweather.com/soundscapes/6891/6891-20260521-123922.flac",0,3,"birdnetpi"
7982770083,6891,"2026-05-21T14:38:15.000+02:00",0.78,0.84393298625946,9.19137209430103,"almost_certain","2p4",NA,51.5683,6.001,FALSE,1,"House Sparrow","Passer domesticus","#d16ff8","avian","https://media.birdweather.com/species/1/HouseSparrow-standard-b861184cf45c092cdb45fd689dd676ef.jpg","https://media.birdweather.com/species/1/HouseSparrow-thumbnail-e9cbc91763a1579de8ef04880678b5e3.jpg","https://media.birdweather.com/species/1/HouseSparrow-png200-125e8603e1efe9d7a18316b94f06a65e.png","XAgCDwD8qpukuHiqtLZ9mImnmPFcDO4E",12087589922,"https://media.birdweather.com/soundscapes/6891/6891-20260521-123815.flac",0,3,"birdnetpi"
7982481245,6891,"2026-05-21T14:29:27.000+02:00",0.82,0.991592347621918,9.51953689044305,"almost_certain","2p4",NA,51.5636,6.0019,FALSE,25,"Common Chaffinch","Fringilla coelebs","#fb7eff","avian","https://media.birdweather.com/species/25/CommonChaffinch-standard-d8edb223d1ec828ee0cda788e8f5f209.jpg","https://media.birdweather.com/species/25/CommonChaffinch-thumbnail-7ba0a46bb0cd7efdb3215242f9528140.jpg","https://media.birdweather.com/species/25/CommonChaffinch-png200-ced617224ab07c316109e2d0e9078f2e.png","WfgJDwKGhIbAbHimmnhluHh2tv25ZoAD",12087338781,"https://media.birdweather.com/soundscapes/6891/6891-20260521-122927.flac",0,3,"birdnetpi"
7982385304,6891,"2026-05-21T14:26:36.000+02:00",0.85,0.84393298625946,9.3778731731257,"almost_certain","2p4",NA,51.5683,6.0025,FALSE,1,"House Sparrow","Passer domesticus","#d16ff8","avian","https://media.birdweather.com/species/1/HouseSparrow-standard-b861184cf45c092cdb45fd689dd676ef.jpg","https://media.birdweather.com/species/1/HouseSparrow-thumbnail-e9cbc91763a1579de8ef04880678b5e3.jpg","https://media.birdweather.com/species/1/HouseSparrow-png200-125e8603e1efe9d7a18316b94f06a65e.png","XAgCDwD8qpukuHiqtLZ9mImnmPFcDO4E",12087254639,"https://media.birdweather.com/soundscapes/6891/6891-20260521-122636.flac",0,3,"birdnetpi"
7982355887,6891,"2026-05-21T14:25:42.000+02:00",0.86,0.84393298625946,9.40255852566437,"almost_certain","2p4",NA,51.5616,6.0073,FALSE,1,"House Sparrow","Passer domesticus","#d16ff8","avian","https://media.birdweather.com/species/1/HouseSparrow-standard-b861184cf45c092cdb45fd689dd676ef.jpg","https://media.birdweather.com/species/1/HouseSparrow-thumbnail-e9cbc91763a1579de8ef04880678b5e3.jpg","https://media.birdweather.com/species/1/HouseSparrow-png200-125e8603e1efe9d7a18316b94f06a65e.png","XAgCDwD8qpukuHiqtLZ9mImnmPFcDO4E",12087229263,"https://media.birdweather.com/soundscapes/6891/6891-20260521-122542.flac",0,3,"birdnetpi"
7982240654,6891,"2026-05-21T14:22:12.000+02:00",0.85,0.84393298625946,9.3778731731257,"almost_certain","2p4",NA,51.5667,6.0018,FALSE,1,"House Sparrow","Passer domesticus","#d16ff8","avian","https://media.birdweather.com/species/1/HouseSparrow-standard-b861184cf45c092cdb45fd689dd676ef.jpg","https://media.birdweather.com/species/1/HouseSparrow-thumbnail-e9cbc91763a1579de8ef04880678b5e3.jpg","https://media.birdweather.com/species/1/HouseSparrow-png200-125e8603e1efe9d7a18316b94f06a65e.png","XAgCDwD8qpukuHiqtLZ9mImnmPFcDO4E",12087127997,"https://media.birdweather.com/soundscapes/6891/6891-20260521-122212.flac",0,3,"birdnetpi"
7982225456,6891,"2026-05-21T14:21:49.000+02:00",0.88,0.84393298625946,9.45063363380581,"almost_certain","2p4",NA,51.5678,6.0038,FALSE,1,"House Sparrow","Passer domesticus","#d16ff8","avian","https://media.birdweather.com/species/1/HouseSparrow-standard-b861184cf45c092cdb45fd689dd676ef.jpg","https://media.birdweather.com/species/1/HouseSparrow-thumbnail-e9cbc91763a1579de8ef04880678b5e3.jpg","https://media.birdweather.com/species/1/HouseSparrow-png200-125e8603e1efe9d7a18316b94f06a65e.png","XAgCDwD8qpukuHiqtLZ9mImnmPFcDO4E",12087114485,"https://media.birdweather.com/soundscapes/6891/6891-20260521-122149.flac",0,3,"birdnetpi"
7982210931,6891,"2026-05-21T14:21:15.000+02:00",0.79,0.84393298625946,9.21962051776877,"almost_certain","2p4",NA,51.5617,6.0045,FALSE,1,"House Sparrow","Passer domesticus","#d16ff8","avian","https://media.birdweather.com/species/1/HouseSparrow-standard-b861184cf45c092cdb45fd689dd676ef.jpg","https://media.birdweather.com/species/1/HouseSparrow-thumbnail-e9cbc91763a1579de8ef04880678b5e3.jpg","https://media.birdweather.com/species/1/HouseSparrow-png200-125e8603e1efe9d7a18316b94f06a65e.png","XAgCDwD8qpukuHiqtLZ9mImnmPFcDO4E",12087101521,"https://media.birdweather.com/soundscapes/6891/6891-20260521-122115.flac",0,3,"birdnetpi"
7982194754,6891,"2026-05-21T14:20:54.000+02:00",0.98,0.84393298625946,9.66855226544848,"almost_certain","2p4",NA,51.5702,6.009,FALSE,1,"House Sparrow","Passer domesticus","#d16ff8","avian","https://media.birdweather.com/species/1/HouseSparrow-standard-b861184cf45c092cdb45fd689dd676ef.jpg","https://media.birdweather.com/species/1/HouseSparrow-thumbnail-e9cbc91763a1579de8ef04880678b5e3.jpg","https://media.birdweather.com/species/1/HouseSparrow-png200-125e8603e1efe9d7a18316b94f06a65e.png","XAgCDwD8qpukuHiqtLZ9mImnmPFcDO4E",12087087451,"https://media.birdweather.com/soundscapes/6891/6891-20260521-122054.flac",0,3,"birdnetpi"
7982186346,6891,"2026-05-21T14:20:31.000+02:00",0.95,0.84393298625946,9.60673726911424,"almost_certain","2p4",NA,51.5664,6.0045,FALSE,1,"House Sparrow","Passer domesticus","#d16ff8","avian","https://media.birdweather.com/species/1/HouseSparrow-standard-b861184cf45c092cdb45fd689dd676ef.jpg","https://media.birdweather.com/species/1/HouseSparrow-thumbnail-e9cbc91763a1579de8ef04880678b5e3.jpg","https://media.birdweather.com/species/1/HouseSparrow-png200-125e8603e1efe9d7a18316b94f06a65e.png","XAgCDwD8qpukuHiqtLZ9mImnmPFcDO4E",12087080230,"https://media.birdweather.com/soundscapes/6891/6891-20260521-122031.flac",0,3,"birdnetpi"
7982169890,6891,"2026-05-21T14:20:03.000+02:00",0.97,0.84393298625946,9.64825559792284,"almost_certain","2p4",NA,51.5639,6.0031,FALSE,1,"House Sparrow","Passer domesticus","#d16ff8","avian","https://media.birdweather.com/species/1/HouseSparrow-standard-b861184cf45c092cdb45fd689dd676ef.jpg","https://media.birdweather.com/species/1/HouseSparrow-thumbnail-e9cbc91763a1579de8ef04880678b5e3.jpg","https://media.birdweather.com/species/1/HouseSparrow-png200-125e8603e1efe9d7a18316b94f06a65e.png","XAgCDwD8qpukuHiqtLZ9mImnmPFcDO4E",12087065770,"https://media.birdweather.com/soundscapes/6891/6891-20260521-122003.flac",0,3,"birdnetpi"
7982149879,6891,"2026-05-21T14:19:30.000+02:00",0.91,0.84393298625946,9.51972390327465,"almost_certain","2p4",NA,51.5626,6.0081,FALSE,1,"House Sparrow","Passer domesticus","#d16ff8","avian","https://media.birdweather.com/species/1/HouseSparrow-standard-b861184cf45c092cdb45fd689dd676ef.jpg","https://media.birdweather.com/species/1/HouseSparrow-thumbnail-e9cbc91763a1579de8ef04880678b5e3.jpg","https://media.birdweather.com/species/1/HouseSparrow-png200-125e8603e1efe9d7a18316b94f06a65e.png","XAgCDwD8qpukuHiqtLZ9mImnmPFcDO4E",12087048371,"https://media.birdweather.com/soundscapes/6891/6891-20260521-121930.flac",0,3,"birdnetpi"
7982134953,6891,"2026-05-21T14:19:07.000+02:00",0.93,0.84393298625946,9.56392128451362,"almost_certain","2p4",NA,51.5643,6.0019,FALSE,1,"House Sparrow","Passer domesticus","#d16ff8","avian","https://media.birdweather.com/species/1/HouseSparrow-standard-b861184cf45c092cdb45fd689dd676ef.jpg","https://media.birdweather.com/species/1/HouseSparrow-thumbnail-e9cbc91763a1579de8ef04880678b5e3.jpg","https://media.birdweather.com/species/1/HouseSparrow-png200-125e8603e1efe9d7a18316b94f06a65e.png","XAgCDwD8qpukuHiqtLZ9mImnmPFcDO4E",12087035349,"https://media.birdweather.com/soundscapes/6891/6891-20260521-121907.flac",0,3,"birdnetpi"
7982108515,6891,"2026-05-21T14:18:09.000+02:00",0.73,0.84393298625946,9.0406708678574,"almost_certain","2p4",NA,51.5678,6.001,FALSE,1,"House Sparrow","Passer domesticus","#d16ff8","avian","https://media.birdweather.com/species/1/HouseSparrow-standard-b861184cf45c092cdb45fd689dd676ef.jpg","https://media.birdweather.com/species/1/HouseSparrow-thumbnail-e9cbc91763a1579de8ef04880678b5e3.jpg","https://media.birdweather.com/species/1/HouseSparrow-png200-125e8603e1efe9d7a18316b94f06a65e.png","XAgCDwD8qpukuHiqtLZ9mImnmPFcDO4E",12087011684,"https://media.birdweather.com/soundscapes/6891/6891-20260521-121809.flac",0,3,"birdnetpi"
7982098860,6891,"2026-05-21T14:17:52.000+02:00",0.72,0.84393298625946,9.00843408640543,"almost_certain","2p4",NA,51.57,6.0039,FALSE,1,"House Sparrow","Passer domesticus","#d16ff8","avian","https://media.birdweather.com/species/1/HouseSparrow-standard-b861184cf45c092cdb45fd689dd676ef.jpg","https://media.birdweather.com/species/1/HouseSparrow-thumbnail-e9cbc91763a1579de8ef04880678b5e3.jpg","https://media.birdweather.com/species/1/HouseSparrow-png200-125e8603e1efe9d7a18316b94f06a65e.png","XAgCDwD8qpukuHiqtLZ9mImnmPFcDO4E",12087003477,"https://media.birdweather.com/soundscapes/6891/6891-20260521-121752.flac",0,3,"birdnetpi"
7982071103,6891,"2026-05-21T14:17:19.000+02:00",0.82,0.84393298625946,9.30103060381377,"almost_certain","2p4",NA,51.567,6.0072,FALSE,1,"House Sparrow","Passer domesticus","#d16ff8","avian","https://media.birdweather.com/species/1/HouseSparrow-standard-b861184cf45c092cdb45fd689dd676ef.jpg","https://media.birdweather.com/species/1/HouseSparrow-thumbnail-e9cbc91763a1579de8ef04880678b5e3.jpg","https://media.birdweather.com/species/1/HouseSparrow-png200-125e8603e1efe9d7a18316b94f06a65e.png","XAgCDwD8qpukuHiqtLZ9mImnmPFcDO4E",12086981713,"https://media.birdweather.com/soundscapes/6891/6891-20260521-121719.flac",0,3,"birdnetpi"
7982061724,6891,"2026-05-21T14:16:57.000+02:00",0.78,0.84393298625946,9.19137209430103,"almost_certain","2p4",NA,51.5639,6.0008,FALSE,1,"House Sparrow","Passer domesticus","#d16ff8","avian","https://media.birdweather.com/species/1/HouseSparrow-standard-b861184cf45c092cdb45fd689dd676ef.jpg","https://media.birdweather.com/species/1/HouseSparrow-thumbnail-e9cbc91763a1579de8ef04880678b5e3.jpg","https://media.birdweather.com/species/1/HouseSparrow-png200-125e8603e1efe9d7a18316b94f06a65e.png","XAgCDwD8qpukuHiqtLZ9mImnmPFcDO4E",12086971614,"https://media.birdweather.com/soundscapes/6891/6891-20260521-121657.flac",0,3,"birdnetpi"
7982036941,6891,"2026-05-21T14:16:00.000+02:00",0.75,0.991592347621918,9.32146060697183,"almost_certain","2p4",NA,51.5657,6.0052,FALSE,25,"Common Chaffinch","Fringilla coelebs","#fb7eff","avian","https://media.birdweather.com/species/25/CommonChaffinch-standard-d8edb223d1ec828ee0cda788e8f5f209.jpg","https://media.birdweather.com/species/25/CommonChaffinch-thumbnail-7ba0a46bb0cd7efdb3215242f9528140.jpg","https://media.birdweather.com/species/25/CommonChaffinch-png200-ced617224ab07c316109e2d0e9078f2e.png","WfgJDwKGhIbAbHimmnhluHh2tv25ZoAD",12086949637,"https://media.birdweather.com/soundscapes/6891/6891-20260521-121600.flac",0,3,"birdnetpi"
7981906618,6891,"2026-05-21T14:12:03.000+02:00",0.7,0.567586779594421,8.40592975205945,"almost_certain","2p4",NA,51.5652,6.0064,FALSE,294,"European Greenfinch","Chloris chloris","#fea614","avian","https://media.birdweather.com/species/294/EuropeanGreenfinch-standard-34aa36357c06fbf52af390917f29436b.jpg","https://media.birdweather.com/species/294/EuropeanGreenfinch-thumbnail-7466d93ab9340d75d4eec2ca6eeed529.jpg","https://media.birdweather.com/species/294/EuropeanGreenfinch-png200-8b2951bb918db1cbed643a9530efa558.png","FRkGHwJYqWeEd4ifapeoh4ZriPUnaG8B",12086834875,"https://media.birdweather.com/soundscapes/6891/6891-20260521-121203.flac",0,3,"birdnetpi"
7981892492,6891,"2026-05-21T14:11:37.000+02:00",0.71,0.991592347621918,9.19392672737139,"almost_certain","2p4",NA,51.5623,6.009,FALSE,25,"Common Chaffinch","Fringilla coelebs","#fb7eff","avian","https://media.birdweather.com/species/25/CommonChaffinch-standard-d8edb223d1ec828ee0cda788e8f5f209.jpg","https://media.birdweather.com/species/25/CommonChaffinch-thumbnail-7ba0a46bb0cd7efdb3215242f9528140.jpg","https://media.birdweather.com/species/25/CommonChaffinch-png200-ced617224ab07c316109e2d0e9078f2e.png","WfgJDwKGhIbAbHimmnhluHh2tv25ZoAD",12086822360,"https://media.birdweather.com/soundscapes/6891/6891-20260521-121137.flac",0,3,"birdnetpi"
7981885184,6891,"2026-05-21T14:11:24.000+02:00",0.73,0.84393298625946,9.0406708678574,"almost_certain","2p4",NA,51.5651,6.0084,FALSE,1,"House Sparrow","Passer domesticus","#d16ff8","avian","https://media.birdweather.com/species/1/HouseSparrow-standard-b861184cf45c092cdb45fd689dd676ef.jpg","https://media.birdweather.com/species/1/HouseSparrow-thumbnail-e9cbc91763a1579de8ef04880678b5e3.jpg","https://media.birdweather.com/species/1/HouseSparrow-png200-125e8603e1efe9d7a18316b94f06a65e.png","XAgCDwD8qpukuHiqtLZ9mImnmPFcDO4E",12086816031,"https://media.birdweather.com/soundscapes/6891/6891-20260521-121124.flac",0,3,"birdnetpi"
7981875194,6891,"2026-05-21T14:11:07.000+02:00",0.86,0.560286164283752,8.84946973897771,"almost_certain","2p4",NA,51.5623,6.0082,FALSE,119,"Common House-Martin","Delichon urbicum","#53b1ff","avian","https://media.birdweather.com/species/119/CommonHouse-Martin-standard-9ffbcc688c51210fb136a162c84d82ad.jpg","https://media.birdweather.com/species/119/CommonHouse-Martin-thumbnail-dd7059ca6235347c3097e7a66f04df95.jpg","https://media.birdweather.com/species/119/CommonHouse-Martin-png200-a73a8953ce2af50676da81e70b2746b2.png","YhgKDwKJd4iIiHd/h5h5d4mIeQqVllAH",12086807349,"https://media.birdweather.com/soundscapes/6891/6891-20260521-121107.flac",0,3,"birdnetpi"
7981872690,6891,"2026-05-21T14:11:03.000+02:00",0.97,0.991592347621918,9.86676188455212,"almost_certain","2p4",NA,51.5662,6.0055,FALSE,25,"Common Chaffinch","Fringilla coelebs","#fb7eff","avian","https://media.birdweather.com/species/25/CommonChaffinch-standard-d8edb223d1ec828ee0cda788e8f5f209.jpg","https://media.birdweather.com/species/25/CommonChaffinch-thumbnail-7ba0a46bb0cd7efdb3215242f9528140.jpg","https://media.birdweather.com/species/25/CommonChaffinch-png200-ced617224ab07c316109e2d0e9078f2e.png","WfgJDwKGhIbAbHimmnhluHh2tv25ZoAD",12086805026,"https://media.birdweather.com/soundscapes/6891/6891-20260521-121103.flac",0,3,"birdnetpi"
7981862272,6891,"2026-05-21T14:10:43.000+02:00",0.95,0.991592347621918,9.82524355574352,"almost_certain","2p4",NA,51.5696,6.0034,FALSE,25,"Common Chaffinch","Fringilla coelebs","#fb7eff","avian","https://media.birdweather.com/species/25/CommonChaffinch-standard-d8edb223d1ec828ee0cda788e8f5f209.jpg","https://media.birdweather.com/species/25/CommonChaffinch-thumbnail-7ba0a46bb0cd7efdb3215242f9528140.jpg","https://media.birdweather.com/species/25/CommonChaffinch-png200-ced617224ab07c316109e2d0e9078f2e.png","WfgJDwKGhIbAbHimmnhluHh2tv25ZoAD",12086795760,"https://media.birdweather.com/soundscapes/6891/6891-20260521-121043.flac",0,3,"birdnetpi"
7981856349,6891,"2026-05-21T14:10:33.000+02:00",0.87,0.84393298625946,9.42680694629055,"almost_certain","2p4",NA,51.567,6.0022,FALSE,1,"House Sparrow","Passer domesticus","#d16ff8","avian","https://media.birdweather.com/species/1/HouseSparrow-standard-b861184cf45c092cdb45fd689dd676ef.jpg","https://media.birdweather.com/species/1/HouseSparrow-thumbnail-e9cbc91763a1579de8ef04880678b5e3.jpg","https://media.birdweather.com/species/1/HouseSparrow-png200-125e8603e1efe9d7a18316b94f06a65e.png","XAgCDwD8qpukuHiqtLZ9mImnmPFcDO4E",12086790504,"https://media.birdweather.com/soundscapes/6891/6891-20260521-121033.flac",0,3,"birdnetpi"
7981830293,6891,"2026-05-21T14:09:42.000+02:00",0.86,0.84393298625946,9.40255852566437,"almost_certain","2p4",NA,51.5685,6.0093,FALSE,1,"House Sparrow","Passer domesticus","#d16ff8","avian","https://media.birdweather.com/species/1/HouseSparrow-standard-b861184cf45c092cdb45fd689dd676ef.jpg","https://media.birdweather.com/species/1/HouseSparrow-thumbnail-e9cbc91763a1579de8ef04880678b5e3.jpg","https://media.birdweather.com/species/1/HouseSparrow-png200-125e8603e1efe9d7a18316b94f06a65e.png","XAgCDwD8qpukuHiqtLZ9mImnmPFcDO4E",12086766861,"https://media.birdweather.com/soundscapes/6891/6891-20260521-120942.flac",0,3,"birdnetpi"
7981821577,6891,"2026-05-21T14:09:36.000+02:00",0.71,0.84393298625946,8.97542044074212,"almost_certain","2p4",NA,51.5616,6.0063,FALSE,1,"House Sparrow","Passer domesticus","#d16ff8","avian","https://media.birdweather.com/species/1/HouseSparrow-standard-b861184cf45c092cdb45fd689dd676ef.jpg","https://media.birdweather.com/species/1/HouseSparrow-thumbnail-e9cbc91763a1579de8ef04880678b5e3.jpg","https://media.birdweather.com/species/1/HouseSparrow-png200-125e8603e1efe9d7a18316b94f06a65e.png","XAgCDwD8qpukuHiqtLZ9mImnmPFcDO4E",12086758918,"https://media.birdweather.com/soundscapes/6891/6891-20260521-120936.flac",0,3,"birdnetpi"
7981551514,6891,"2026-05-21T14:01:04.000+02:00",0.88,0.84393298625946,9.45063363380581,"almost_certain","2p4",NA,51.5636,6.0071,FALSE,1,"House Sparrow","Passer domesticus","#d16ff8","avian","https://media.birdweather.com/species/1/HouseSparrow-standard-b861184cf45c092cdb45fd689dd676ef.jpg","https://media.birdweather.com/species/1/HouseSparrow-thumbnail-e9cbc91763a1579de8ef04880678b5e3.jpg","https://media.birdweather.com/species/1/HouseSparrow-png200-125e8603e1efe9d7a18316b94f06a65e.png","XAgCDwD8qpukuHiqtLZ9mImnmPFcDO4E",12086518072,"https://media.birdweather.com/soundscapes/6891/6891-20260521-120104.flac",0,3,"birdnetpi"
7981469884,6891,"2026-05-21T13:58:31.000+02:00",0.91,0.560286164283752,8.96663511658799,"almost_certain","2p4",NA,51.5666,6.0023,FALSE,119,"Common House-Martin","Delichon urbicum","#53b1ff","avian","https://media.birdweather.com/species/119/CommonHouse-Martin-standard-9ffbcc688c51210fb136a162c84d82ad.jpg","https://media.birdweather.com/species/119/CommonHouse-Martin-thumbnail-dd7059ca6235347c3097e7a66f04df95.jpg","https://media.birdweather.com/species/119/CommonHouse-Martin-png200-a73a8953ce2af50676da81e70b2746b2.png","YhgKDwKJd4iIiHd/h5h5d4mIeQqVllAH",12086444257,"https://media.birdweather.com/soundscapes/6891/6891-20260521-115831.flac",0,3,"birdnetpi"
7981451719,6891,"2026-05-21T13:58:00.000+02:00",0.74,0.84393298625946,9.07216650782523,"almost_certain","2p4",NA,51.5661,6.0067,FALSE,1,"House Sparrow","Passer domesticus","#d16ff8","avian","https://media.birdweather.com/species/1/HouseSparrow-standard-b861184cf45c092cdb45fd689dd676ef.jpg","https://media.birdweather.com/species/1/HouseSparrow-thumbnail-e9cbc91763a1579de8ef04880678b5e3.jpg","https://media.birdweather.com/species/1/HouseSparrow-png200-125e8603e1efe9d7a18316b94f06a65e.png","XAgCDwD8qpukuHiqtLZ9mImnmPFcDO4E",12086427856,"https://media.birdweather.com/soundscapes/6891/6891-20260521-115800.flac",0,3,"birdnetpi"
7981442562,6891,"2026-05-21T13:57:48.000+02:00",0.83,0.84393298625946,9.32712663092362,"almost_certain","2p4",NA,51.5702,6.0058,FALSE,1,"House Sparrow","Passer domesticus","#d16ff8","avian","https://media.birdweather.com/species/1/HouseSparrow-standard-b861184cf45c092cdb45fd689dd676ef.jpg","https://media.birdweather.com/species/1/HouseSparrow-thumbnail-e9cbc91763a1579de8ef04880678b5e3.jpg","https://media.birdweather.com/species/1/HouseSparrow-png200-125e8603e1efe9d7a18316b94f06a65e.png","XAgCDwD8qpukuHiqtLZ9mImnmPFcDO4E",12086419590,"https://media.birdweather.com/soundscapes/6891/6891-20260521-115748.flac",0,3,"birdnetpi"
7981426394,6891,"2026-05-21T13:57:10.000+02:00",0.97,0.560286164283752,9.09516681123617,"almost_certain","2p4",NA,51.5655,6.0065,FALSE,119,"Common House-Martin","Delichon urbicum","#53b1ff","avian","https://media.birdweather.com/species/119/CommonHouse-Martin-standard-9ffbcc688c51210fb136a162c84d82ad.jpg","https://media.birdweather.com/species/119/CommonHouse-Martin-thumbnail-dd7059ca6235347c3097e7a66f04df95.jpg","https://media.birdweather.com/species/119/CommonHouse-Martin-png200-a73a8953ce2af50676da81e70b2746b2.png","YhgKDwKJd4iIiHd/h5h5d4mIeQqVllAH",12086405236,"https://media.birdweather.com/soundscapes/6891/6891-20260521-115710.flac",0,3,"birdnetpi"
7981212090,6891,"2026-05-21T13:50:31.000+02:00",0.98,0.560286164283752,9.11546347876182,"almost_certain","2p4",NA,51.5622,6.0029,FALSE,119,"Common House-Martin","Delichon urbicum","#53b1ff","avian","https://media.birdweather.com/species/119/CommonHouse-Martin-standard-9ffbcc688c51210fb136a162c84d82ad.jpg","https://media.birdweather.com/species/119/CommonHouse-Martin-thumbnail-dd7059ca6235347c3097e7a66f04df95.jpg","https://media.birdweather.com/species/119/CommonHouse-Martin-png200-a73a8953ce2af50676da81e70b2746b2.png","YhgKDwKJd4iIiHd/h5h5d4mIeQqVllAH",12086212552,"https://media.birdweather.com/soundscapes/6891/6891-20260521-115031.flac",0,3,"birdnetpi"
7981203418,6891,"2026-05-21T13:50:15.000+02:00",0.88,0.560286164283752,8.89754484711915,"almost_certain","2p4",NA,51.5704,6.0008,FALSE,119,"Common House-Martin","Delichon urbicum","#53b1ff","avian","https://media.birdweather.com/species/119/CommonHouse-Martin-standard-9ffbcc688c51210fb136a162c84d82ad.jpg","https://media.birdweather.com/species/119/CommonHouse-Martin-thumbnail-dd7059ca6235347c3097e7a66f04df95.jpg","https://media.birdweather.com/species/119/CommonHouse-Martin-png200-a73a8953ce2af50676da81e70b2746b2.png","YhgKDwKJd4iIiHd/h5h5d4mIeQqVllAH",12086204794,"https://media.birdweather.com/soundscapes/6891/6891-20260521-115015.flac",0,3,"birdnetpi"
7981186003,6891,"2026-05-21T13:49:46.000+02:00",0.85,0.84393298625946,9.3778731731257,"almost_certain","2p4",NA,51.5626,6.009,FALSE,1,"House Sparrow","Passer domesticus","#d16ff8","avian","https://media.birdweather.com/species/1/HouseSparrow-standard-b861184cf45c092cdb45fd689dd676ef.jpg","https://media.birdweather.com/species/1/HouseSparrow-thumbnail-e9cbc91763a1579de8ef04880678b5e3.jpg","https://media.birdweather.com/species/1/HouseSparrow-png200-125e8603e1efe9d7a18316b94f06a65e.png","XAgCDwD8qpukuHiqtLZ9mImnmPFcDO4E",12086189115,"https://media.birdweather.com/soundscapes/6891/6891-20260521-114946.flac",0,3,"birdnetpi"
7981046260,6891,"2026-05-21T13:45:31.000+02:00",0.87,0.84393298625946,9.42680694629055,"almost_certain","2p4",NA,51.5681,6.009,FALSE,1,"House Sparrow","Passer domesticus","#d16ff8","avian","https://media.birdweather.com/species/1/HouseSparrow-standard-b861184cf45c092cdb45fd689dd676ef.jpg","https://media.birdweather.com/species/1/HouseSparrow-thumbnail-e9cbc91763a1579de8ef04880678b5e3.jpg","https://media.birdweather.com/species/1/HouseSparrow-png200-125e8603e1efe9d7a18316b94f06a65e.png","XAgCDwD8qpukuHiqtLZ9mImnmPFcDO4E",12086063019,"https://media.birdweather.com/soundscapes/6891/6891-20260521-114531.flac",0,3,"birdnetpi"
7981039655,6891,"2026-05-21T13:45:10.000+02:00",0.95,0.560286164283752,9.05364848242757,"almost_certain","2p4",NA,51.5688,6.0042,FALSE,119,"Common House-Martin","Delichon urbicum","#53b1ff","avian","https://media.birdweather.com/species/119/CommonHouse-Martin-standard-9ffbcc688c51210fb136a162c84d82ad.jpg","https://media.birdweather.com/species/119/CommonHouse-Martin-thumbnail-dd7059ca6235347c3097e7a66f04df95.jpg","https://media.birdweather.com/species/119/CommonHouse-Martin-png200-a73a8953ce2af50676da81e70b2746b2.png","YhgKDwKJd4iIiHd/h5h5d4mIeQqVllAH",12086057295,"https://media.birdweather.com/soundscapes/6891/6891-20260521-114510.flac",0,3,"birdnetpi"
7981030466,6891,"2026-05-21T13:44:54.000+02:00",1,0.803734242916107,9.64220531098521,"almost_certain","2p4",NA,51.568,6.0082,FALSE,551,"Common Swift","Apus apus","#234bb2","avian","https://media.birdweather.com/species/551/CommonSwift-standard-ba54f84fbd8481b1c0de60654fbd79d5.jpg","https://media.birdweather.com/species/551/CommonSwift-thumbnail-bad1d7e3c141990f11d01e49e9f768ac.jpg","https://media.birdweather.com/species/551/CommonSwift-png200-f52bea49cb0e4232049806bde3e1a401.png","LLYFFwLchWelV5dvsqh1jKZoKJIEMkoA",12086049416,"https://media.birdweather.com/soundscapes/6891/6891-20260521-114454.flac",0,3,"birdnetpi"
7981001436,6891,"2026-05-21T13:44:09.000+02:00",0.8,0.84393298625946,9.24729822679378,"almost_certain","2p4",NA,51.5673,6.0012,FALSE,1,"House Sparrow","Passer domesticus","#d16ff8","avian","https://media.birdweather.com/species/1/HouseSparrow-standard-b861184cf45c092cdb45fd689dd676ef.jpg","https://media.birdweather.com/species/1/HouseSparrow-thumbnail-e9cbc91763a1579de8ef04880678b5e3.jpg","https://media.birdweather.com/species/1/HouseSparrow-png200-125e8603e1efe9d7a18316b94f06a65e.png","XAgCDwD8qpukuHiqtLZ9mImnmPFcDO4E",12086023424,"https://media.birdweather.com/soundscapes/6891/6891-20260521-114409.flac",0,3,"birdnetpi"
7980846855,6891,"2026-05-21T13:39:16.000+02:00",0.98,0.560286164283752,9.11546347876182,"almost_certain","2p4",NA,51.5622,6.0073,FALSE,119,"Common House-Martin","Delichon urbicum","#53b1ff","avian","https://media.birdweather.com/species/119/CommonHouse-Martin-standard-9ffbcc688c51210fb136a162c84d82ad.jpg","https://media.birdweather.com/species/119/CommonHouse-Martin-thumbnail-dd7059ca6235347c3097e7a66f04df95.jpg","https://media.birdweather.com/species/119/CommonHouse-Martin-png200-a73a8953ce2af50676da81e70b2746b2.png","YhgKDwKJd4iIiHd/h5h5d4mIeQqVllAH",12085885584,"https://media.birdweather.com/soundscapes/6891/6891-20260521-113916.flac",0,3,"birdnetpi"
7980818183,6891,"2026-05-21T13:38:21.000+02:00",0.74,0.84393298625946,9.07216650782523,"almost_certain","2p4",NA,51.5689,6.009,FALSE,1,"House Sparrow","Passer domesticus","#d16ff8","avian","https://media.birdweather.com/species/1/HouseSparrow-standard-b861184cf45c092cdb45fd689dd676ef.jpg","https://media.birdweather.com/species/1/HouseSparrow-thumbnail-e9cbc91763a1579de8ef04880678b5e3.jpg","https://media.birdweather.com/species/1/HouseSparrow-png200-125e8603e1efe9d7a18316b94f06a65e.png","XAgCDwD8qpukuHiqtLZ9mImnmPFcDO4E",12085859382,"https://media.birdweather.com/soundscapes/6891/6891-20260521-113821.flac",0,3,"birdnetpi"
7980813468,6891,"2026-05-21T13:38:13.000+02:00",0.88,0.560286164283752,8.89754484711915,"almost_certain","2p4",NA,51.5677,6.009,FALSE,119,"Common House-Martin","Delichon urbicum","#53b1ff","avian","https://media.birdweather.com/species/119/CommonHouse-Martin-standard-9ffbcc688c51210fb136a162c84d82ad.jpg","https://media.birdweather.com/species/119/CommonHouse-Martin-thumbnail-dd7059ca6235347c3097e7a66f04df95.jpg","https://media.birdweather.com/species/119/CommonHouse-Martin-png200-a73a8953ce2af50676da81e70b2746b2.png","YhgKDwKJd4iIiHd/h5h5d4mIeQqVllAH",12085855143,"https://media.birdweather.com/soundscapes/6891/6891-20260521-113813.flac",0,3,"birdnetpi"
7980752786,6891,"2026-05-21T13:36:19.000+02:00",0.88,0.560286164283752,8.89754484711915,"almost_certain","2p4",NA,51.5628,6.0018,FALSE,119,"Common House-Martin","Delichon urbicum","#53b1ff","avian","https://media.birdweather.com/species/119/CommonHouse-Martin-standard-9ffbcc688c51210fb136a162c84d82ad.jpg","https://media.birdweather.com/species/119/CommonHouse-Martin-thumbnail-dd7059ca6235347c3097e7a66f04df95.jpg","https://media.birdweather.com/species/119/CommonHouse-Martin-png200-a73a8953ce2af50676da81e70b2746b2.png","YhgKDwKJd4iIiHd/h5h5d4mIeQqVllAH",12085799984,"https://media.birdweather.com/soundscapes/6891/6891-20260521-113619.flac",0,3,"birdnetpi"
7980698441,6891,"2026-05-21T13:34:36.000+02:00",0.78,0.84393298625946,9.19137209430103,"almost_certain","2p4",NA,51.5633,6.0059,FALSE,1,"House Sparrow","Passer domesticus","#d16ff8","avian","https://media.birdweather.com/species/1/HouseSparrow-standard-b861184cf45c092cdb45fd689dd676ef.jpg","https://media.birdweather.com/species/1/HouseSparrow-thumbnail-e9cbc91763a1579de8ef04880678b5e3.jpg","https://media.birdweather.com/species/1/HouseSparrow-png200-125e8603e1efe9d7a18316b94f06a65e.png","XAgCDwD8qpukuHiqtLZ9mImnmPFcDO4E",12085750474,"https://media.birdweather.com/soundscapes/6891/6891-20260521-113436.flac",0,3,"birdnetpi"
7980687828,6891,"2026-05-21T13:34:28.000+02:00",0.96,0.560286164283752,9.07456491924675,"almost_certain","2p4",NA,51.5682,6.0036,FALSE,119,"Common House-Martin","Delichon urbicum","#53b1ff","avian","https://media.birdweather.com/species/119/CommonHouse-Martin-standard-9ffbcc688c51210fb136a162c84d82ad.jpg","https://media.birdweather.com/species/119/CommonHouse-Martin-thumbnail-dd7059ca6235347c3097e7a66f04df95.jpg","https://media.birdweather.com/species/119/CommonHouse-Martin-png200-a73a8953ce2af50676da81e70b2746b2.png","YhgKDwKJd4iIiHd/h5h5d4mIeQqVllAH",12085740835,"https://media.birdweather.com/soundscapes/6891/6891-20260521-113428.flac",0,3,"birdnetpi"
7980665414,6891,"2026-05-21T13:33:34.000+02:00",0.91,0.560286164283752,8.96663511658799,"almost_certain","2p4",NA,51.5633,6.005,FALSE,119,"Common House-Martin","Delichon urbicum","#53b1ff","avian","https://media.birdweather.com/species/119/CommonHouse-Martin-standard-9ffbcc688c51210fb136a162c84d82ad.jpg","https://media.birdweather.com/species/119/CommonHouse-Martin-thumbnail-dd7059ca6235347c3097e7a66f04df95.jpg","https://media.birdweather.com/species/119/CommonHouse-Martin-png200-a73a8953ce2af50676da81e70b2746b2.png","YhgKDwKJd4iIiHd/h5h5d4mIeQqVllAH",12085720615,"https://media.birdweather.com/soundscapes/6891/6891-20260521-113334.flac",0,3,"birdnetpi"
7980619002,6891,"2026-05-21T13:32:07.000+02:00",0.7,0.84393298625946,8.94159156149331,"almost_certain","2p4",NA,51.5638,6.0074,FALSE,1,"House Sparrow","Passer domesticus","#d16ff8","avian","https://media.birdweather.com/species/1/HouseSparrow-standard-b861184cf45c092cdb45fd689dd676ef.jpg","https://media.birdweather.com/species/1/HouseSparrow-thumbnail-e9cbc91763a1579de8ef04880678b5e3.jpg","https://media.birdweather.com/species/1/HouseSparrow-png200-125e8603e1efe9d7a18316b94f06a65e.png","XAgCDwD8qpukuHiqtLZ9mImnmPFcDO4E",12085678042,"https://media.birdweather.com/soundscapes/6891/6891-20260521-113207.flac",0,3,"birdnetpi"
7980603567,6891,"2026-05-21T13:31:46.000+02:00",0.85,0.84393298625946,9.3778731731257,"almost_certain","2p4",NA,51.5649,6.0063,FALSE,1,"House Sparrow","Passer domesticus","#d16ff8","avian","https://media.birdweather.com/species/1/HouseSparrow-standard-b861184cf45c092cdb45fd689dd676ef.jpg","https://media.birdweather.com/species/1/HouseSparrow-thumbnail-e9cbc91763a1579de8ef04880678b5e3.jpg","https://media.birdweather.com/species/1/HouseSparrow-png200-125e8603e1efe9d7a18316b94f06a65e.png","XAgCDwD8qpukuHiqtLZ9mImnmPFcDO4E",12085663480,"https://media.birdweather.com/soundscapes/6891/6891-20260521-113146.flac",0,3,"birdnetpi"
7980584062,6891,"2026-05-21T13:31:06.000+02:00",0.85,0.84393298625946,9.3778731731257,"almost_certain","2p4",NA,51.5625,6.0057,FALSE,1,"House Sparrow","Passer domesticus","#d16ff8","avian","https://media.birdweather.com/species/1/HouseSparrow-standard-b861184cf45c092cdb45fd689dd676ef.jpg","https://media.birdweather.com/species/1/HouseSparrow-thumbnail-e9cbc91763a1579de8ef04880678b5e3.jpg","https://media.birdweather.com/species/1/HouseSparrow-png200-125e8603e1efe9d7a18316b94f06a65e.png","XAgCDwD8qpukuHiqtLZ9mImnmPFcDO4E",12085645244,"https://media.birdweather.com/soundscapes/6891/6891-20260521-113106.flac",0,3,"birdnetpi"
7980332627,6891,"2026-05-21T13:23:03.000+02:00",0.72,0.84393298625946,9.00843408640543,"almost_certain","2p4",NA,51.565,6.0062,FALSE,1,"House Sparrow","Passer domesticus","#d16ff8","avian","https://media.birdweather.com/species/1/HouseSparrow-standard-b861184cf45c092cdb45fd689dd676ef.jpg","https://media.birdweather.com/species/1/HouseSparrow-thumbnail-e9cbc91763a1579de8ef04880678b5e3.jpg","https://media.birdweather.com/species/1/HouseSparrow-png200-125e8603e1efe9d7a18316b94f06a65e.png","XAgCDwD8qpukuHiqtLZ9mImnmPFcDO4E",12085415380,"https://media.birdweather.com/soundscapes/6891/6891-20260521-112303.flac",0,3,"birdnetpi"
7980322973,6891,"2026-05-21T13:22:45.000+02:00",0.96,0.84393298625946,9.62765370593342,"almost_certain","2p4",NA,51.564,6.0074,FALSE,1,"House Sparrow","Passer domesticus","#d16ff8","avian","https://media.birdweather.com/species/1/HouseSparrow-standard-b861184cf45c092cdb45fd689dd676ef.jpg","https://media.birdweather.com/species/1/HouseSparrow-thumbnail-e9cbc91763a1579de8ef04880678b5e3.jpg","https://media.birdweather.com/species/1/HouseSparrow-png200-125e8603e1efe9d7a18316b94f06a65e.png","XAgCDwD8qpukuHiqtLZ9mImnmPFcDO4E",12085406672,"https://media.birdweather.com/soundscapes/6891/6891-20260521-112245.flac",0,3,"birdnetpi"
7980309051,6891,"2026-05-21T13:22:18.000+02:00",0.89,0.84393298625946,9.47405300750805,"almost_certain","2p4",NA,51.5645,6.0014,FALSE,1,"House Sparrow","Passer domesticus","#d16ff8","avian","https://media.birdweather.com/species/1/HouseSparrow-standard-b861184cf45c092cdb45fd689dd676ef.jpg","https://media.birdweather.com/species/1/HouseSparrow-thumbnail-e9cbc91763a1579de8ef04880678b5e3.jpg","https://media.birdweather.com/species/1/HouseSparrow-png200-125e8603e1efe9d7a18316b94f06a65e.png","XAgCDwD8qpukuHiqtLZ9mImnmPFcDO4E",12085393752,"https://media.birdweather.com/soundscapes/6891/6891-20260521-112218.flac",0,3,"birdnetpi"
7980220066,6891,"2026-05-21T13:19:31.000+02:00",0.86,0.560286164283752,8.84946973897771,"almost_certain","2p4",NA,51.5664,6.0011,FALSE,119,"Common House-Martin","Delichon urbicum","#53b1ff","avian","https://media.birdweather.com/species/119/CommonHouse-Martin-standard-9ffbcc688c51210fb136a162c84d82ad.jpg","https://media.birdweather.com/species/119/CommonHouse-Martin-thumbnail-dd7059ca6235347c3097e7a66f04df95.jpg","https://media.birdweather.com/species/119/CommonHouse-Martin-png200-a73a8953ce2af50676da81e70b2746b2.png","YhgKDwKJd4iIiHd/h5h5d4mIeQqVllAH",12085312902,"https://media.birdweather.com/soundscapes/6891/6891-20260521-111931.flac",0,3,"birdnetpi"
7980166093,6891,"2026-05-21T13:17:51.000+02:00",0.83,0.84393298625946,9.32712663092362,"almost_certain","2p4",NA,51.5688,6.0063,FALSE,1,"House Sparrow","Passer domesticus","#d16ff8","avian","https://media.birdweather.com/species/1/HouseSparrow-standard-b861184cf45c092cdb45fd689dd676ef.jpg","https://media.birdweather.com/species/1/HouseSparrow-thumbnail-e9cbc91763a1579de8ef04880678b5e3.jpg","https://media.birdweather.com/species/1/HouseSparrow-png200-125e8603e1efe9d7a18316b94f06a65e.png","XAgCDwD8qpukuHiqtLZ9mImnmPFcDO4E",12085263757,"https://media.birdweather.com/soundscapes/6891/6891-20260521-111751.flac",0,3,"birdnetpi"
7980090172,6891,"2026-05-21T13:15:25.000+02:00",0.91,0.658253312110901,9.18381989310115,"almost_certain","2p4",NA,51.5668,6.0087,FALSE,89,"European Goldfinch","Carduelis carduelis","#65dba3","avian","https://media.birdweather.com/species/89/EuropeanGoldfinch-standard-5e709d6e7011b21fe905b6d27ce94b9d.jpg","https://media.birdweather.com/species/89/EuropeanGoldfinch-thumbnail-f99916cbaf5a2c3bd8f61890d18d73c1.jpg","https://media.birdweather.com/species/89/EuropeanGoldfinch-png200-ef3fc90c8328c40b59d9ad3c4b52e850.png","lPgJDwI+UJmHq2hji4dWiHiH2XQID5UC",12085194265,"https://media.birdweather.com/soundscapes/6891/6891-20260521-111525.flac",0,3,"birdnetpi"
7979994623,6891,"2026-05-21T13:12:24.000+02:00",0.84,0.84393298625946,9.35273485315027,"almost_certain","2p4",NA,51.5696,6.0008,FALSE,1,"House Sparrow","Passer domesticus","#d16ff8","avian","https://media.birdweather.com/species/1/HouseSparrow-standard-b861184cf45c092cdb45fd689dd676ef.jpg","https://media.birdweather.com/species/1/HouseSparrow-thumbnail-e9cbc91763a1579de8ef04880678b5e3.jpg","https://media.birdweather.com/species/1/HouseSparrow-png200-125e8603e1efe9d7a18316b94f06a65e.png","XAgCDwD8qpukuHiqtLZ9mImnmPFcDO4E",12085106793,"https://media.birdweather.com/soundscapes/6891/6891-20260521-111224.flac",0,3,"birdnetpi"
7979913501,6891,"2026-05-21T13:09:49.000+02:00",0.75,0.999460279941559,9.33218048782137,"almost_certain","2p4",NA,51.5681,6.0019,FALSE,35,"Eurasian Blackbird","Turdus merula","#ff65df","avian","https://media.birdweather.com/species/35/EurasianBlackbird-standard-618b3a5132c7c359fb2a2884c39deb39.jpg","https://media.birdweather.com/species/35/EurasianBlackbird-thumbnail-276878929bed08167d1fd9bf34d63d40.jpg","https://media.birdweather.com/species/35/EurasianBlackbird-png200-ba5a1b43225da4611cac429c52a52c81.png","GfkFFwKRmrx2ZYiaaQe69nlzScn3T7IA",12085031970,"https://media.birdweather.com/soundscapes/6891/6891-20260521-110949.flac",0,3,"birdnetpi"
7979902056,6891,"2026-05-21T13:09:27.000+02:00",0.77,0.84393298625946,9.1625289237,"almost_certain","2p4",NA,51.5659,6.0081,FALSE,1,"House Sparrow","Passer domesticus","#d16ff8","avian","https://media.birdweather.com/species/1/HouseSparrow-standard-b861184cf45c092cdb45fd689dd676ef.jpg","https://media.birdweather.com/species/1/HouseSparrow-thumbnail-e9cbc91763a1579de8ef04880678b5e3.jpg","https://media.birdweather.com/species/1/HouseSparrow-png200-125e8603e1efe9d7a18316b94f06a65e.png","XAgCDwD8qpukuHiqtLZ9mImnmPFcDO4E",12085021374,"https://media.birdweather.com/soundscapes/6891/6891-20260521-110927.flac",0,3,"birdnetpi"
7979842780,6891,"2026-05-21T13:07:33.000+02:00",0.81,0.993420243263245,9.49543206992271,"almost_certain","2p4",NA,51.5637,6.0086,FALSE,58,"Carrion Crow","Corvus corone","#01a85a","avian","https://media.birdweather.com/species/58/CarrionCrow-standard-ed24da07616d0cd7c5ef9cd2892ec869.jpg","https://media.birdweather.com/species/58/CarrionCrow-thumbnail-38cc6285bbd8f8340f32fa4dc3f58a69.jpg","https://media.birdweather.com/species/58/CarrionCrow-png200-5ec2904f61f6588853b296f54d8d0cb6.png","nggODwDDmZlqdoiPdLeIWIiYaK6A1gMK",12084966269,"https://media.birdweather.com/soundscapes/6891/6891-20260521-110733.flac",0,3,"birdnetpi"
7979819278,6891,"2026-05-21T13:06:54.000+02:00",0.74,0.84393298625946,9.07216650782523,"almost_certain","2p4",NA,51.5628,6.001,FALSE,1,"House Sparrow","Passer domesticus","#d16ff8","avian","https://media.birdweather.com/species/1/HouseSparrow-standard-b861184cf45c092cdb45fd689dd676ef.jpg","https://media.birdweather.com/species/1/HouseSparrow-thumbnail-e9cbc91763a1579de8ef04880678b5e3.jpg","https://media.birdweather.com/species/1/HouseSparrow-png200-125e8603e1efe9d7a18316b94f06a65e.png","XAgCDwD8qpukuHiqtLZ9mImnmPFcDO4E",12084944567,"https://media.birdweather.com/soundscapes/6891/6891-20260521-110654.flac",0,3,"birdnetpi"
7979772703,6891,"2026-05-21T13:05:18.000+02:00",0.71,0.997818529605865,9.20241667505965,"almost_certain","2p4",NA,51.5658,6.0093,FALSE,407,"Common Wood-Pigeon","Columba palumbus","#028fb2","avian","https://media.birdweather.com/species/407/CommonWood-Pigeon-standard-5558900260c92622ceef8a812b06518e.jpg","https://media.birdweather.com/species/407/CommonWood-Pigeon-thumbnail-4b86c907c8b82c8af31d566b811dee05.jpg","https://media.birdweather.com/species/407/CommonWood-Pigeon-png200-533b13201573be3895fcec3e61e861b5.png","2ukFHwIHiYeWxnZUiniYZ3h5h6+rCIQH",12084901188,"https://media.birdweather.com/soundscapes/6891/6891-20260521-110518.flac",0,3,"birdnetpi"
7979751155,6891,"2026-05-21T13:04:39.000+02:00",0.88,0.997818529605865,9.67762986812335,"almost_certain","2p4",NA,51.5694,6.0026,FALSE,407,"Common Wood-Pigeon","Columba palumbus","#028fb2","avian","https://media.birdweather.com/species/407/CommonWood-Pigeon-standard-5558900260c92622ceef8a812b06518e.jpg","https://media.birdweather.com/species/407/CommonWood-Pigeon-thumbnail-4b86c907c8b82c8af31d566b811dee05.jpg","https://media.birdweather.com/species/407/CommonWood-Pigeon-png200-533b13201573be3895fcec3e61e861b5.png","2ukFHwIHiYeWxnZUiniYZ3h5h6+rCIQH",12084881091,"https://media.birdweather.com/soundscapes/6891/6891-20260521-110439.flac",0,3,"birdnetpi"
7979469969,6891,"2026-05-21T12:55:24.000+02:00",0.94,0.560286164283752,9.0324077468733,"almost_certain","2p4",NA,51.5696,6.0068,FALSE,119,"Common House-Martin","Delichon urbicum","#53b1ff","avian","https://media.birdweather.com/species/119/CommonHouse-Martin-standard-9ffbcc688c51210fb136a162c84d82ad.jpg","https://media.birdweather.com/species/119/CommonHouse-Martin-thumbnail-dd7059ca6235347c3097e7a66f04df95.jpg","https://media.birdweather.com/species/119/CommonHouse-Martin-png200-a73a8953ce2af50676da81e70b2746b2.png","YhgKDwKJd4iIiHd/h5h5d4mIeQqVllAH",12084614664,"https://media.birdweather.com/soundscapes/6891/6891-20260521-105524.flac",0,3,"birdnetpi"
7979468369,6891,"2026-05-21T12:55:21.000+02:00",0.72,0.84393298625946,9.00843408640543,"almost_certain","2p4",NA,51.5698,6.0053,FALSE,1,"House Sparrow","Passer domesticus","#d16ff8","avian","https://media.birdweather.com/species/1/HouseSparrow-standard-b861184cf45c092cdb45fd689dd676ef.jpg","https://media.birdweather.com/species/1/HouseSparrow-thumbnail-e9cbc91763a1579de8ef04880678b5e3.jpg","https://media.birdweather.com/species/1/HouseSparrow-png200-125e8603e1efe9d7a18316b94f06a65e.png","XAgCDwD8qpukuHiqtLZ9mImnmPFcDO4E",12084613260,"https://media.birdweather.com/soundscapes/6891/6891-20260521-105521.flac",0,3,"birdnetpi"
7979459770,6891,"2026-05-21T12:55:06.000+02:00",0.76,0.84393298625946,9.13306542254728,"almost_certain","2p4",NA,51.5685,6.0045,FALSE,1,"House Sparrow","Passer domesticus","#d16ff8","avian","https://media.birdweather.com/species/1/HouseSparrow-standard-b861184cf45c092cdb45fd689dd676ef.jpg","https://media.birdweather.com/species/1/HouseSparrow-thumbnail-e9cbc91763a1579de8ef04880678b5e3.jpg","https://media.birdweather.com/species/1/HouseSparrow-png200-125e8603e1efe9d7a18316b94f06a65e.png","XAgCDwD8qpukuHiqtLZ9mImnmPFcDO4E",12084605139,"https://media.birdweather.com/soundscapes/6891/6891-20260521-105506.flac",0,3,"birdnetpi"
7979445361,6891,"2026-05-21T12:54:36.000+02:00",0.8,0.84393298625946,9.24729822679378,"almost_certain","2p4",NA,51.562,6.0042,FALSE,1,"House Sparrow","Passer domesticus","#d16ff8","avian","https://media.birdweather.com/species/1/HouseSparrow-standard-b861184cf45c092cdb45fd689dd676ef.jpg","https://media.birdweather.com/species/1/HouseSparrow-thumbnail-e9cbc91763a1579de8ef04880678b5e3.jpg","https://media.birdweather.com/species/1/HouseSparrow-png200-125e8603e1efe9d7a18316b94f06a65e.png","XAgCDwD8qpukuHiqtLZ9mImnmPFcDO4E",12084591686,"https://media.birdweather.com/soundscapes/6891/6891-20260521-105436.flac",0,3,"birdnetpi"
7979417779,6891,"2026-05-21T12:53:54.000+02:00",0.86,0.84393298625946,9.40255852566437,"almost_certain","2p4",NA,51.5663,6.0008,FALSE,1,"House Sparrow","Passer domesticus","#d16ff8","avian","https://media.birdweather.com/species/1/HouseSparrow-standard-b861184cf45c092cdb45fd689dd676ef.jpg","https://media.birdweather.com/species/1/HouseSparrow-thumbnail-e9cbc91763a1579de8ef04880678b5e3.jpg","https://media.birdweather.com/species/1/HouseSparrow-png200-125e8603e1efe9d7a18316b94f06a65e.png","XAgCDwD8qpukuHiqtLZ9mImnmPFcDO4E",12084565579,"https://media.birdweather.com/soundscapes/6891/6891-20260521-105354.flac",0,3,"birdnetpi"
7979400296,6891,"2026-05-21T12:53:09.000+02:00",0.75,0.84393298625946,9.10295432034255,"almost_certain","2p4",NA,51.5663,6.0048,FALSE,1,"House Sparrow","Passer domesticus","#d16ff8","avian","https://media.birdweather.com/species/1/HouseSparrow-standard-b861184cf45c092cdb45fd689dd676ef.jpg","https://media.birdweather.com/species/1/HouseSparrow-thumbnail-e9cbc91763a1579de8ef04880678b5e3.jpg","https://media.birdweather.com/species/1/HouseSparrow-png200-125e8603e1efe9d7a18316b94f06a65e.png","XAgCDwD8qpukuHiqtLZ9mImnmPFcDO4E",12084548781,"https://media.birdweather.com/soundscapes/6891/6891-20260521-105309.flac",0,3,"birdnetpi"
7979387147,6891,"2026-05-21T12:52:48.000+02:00",0.91,0.84393298625946,9.51972390327465,"almost_certain","2p4",NA,51.565,6.0027,FALSE,1,"House Sparrow","Passer domesticus","#d16ff8","avian","https://media.birdweather.com/species/1/HouseSparrow-standard-b861184cf45c092cdb45fd689dd676ef.jpg","https://media.birdweather.com/species/1/HouseSparrow-thumbnail-e9cbc91763a1579de8ef04880678b5e3.jpg","https://media.birdweather.com/species/1/HouseSparrow-png200-125e8603e1efe9d7a18316b94f06a65e.png","XAgCDwD8qpukuHiqtLZ9mImnmPFcDO4E",12084535957,"https://media.birdweather.com/soundscapes/6891/6891-20260521-105248.flac",0,3,"birdnetpi"
7979318868,6891,"2026-05-21T12:50:21.000+02:00",0.8,0.658253312110901,8.91139421662027,"almost_certain","2p4",NA,51.5695,6.0049,FALSE,89,"European Goldfinch","Carduelis carduelis","#65dba3","avian","https://media.birdweather.com/species/89/EuropeanGoldfinch-standard-5e709d6e7011b21fe905b6d27ce94b9d.jpg","https://media.birdweather.com/species/89/EuropeanGoldfinch-thumbnail-f99916cbaf5a2c3bd8f61890d18d73c1.jpg","https://media.birdweather.com/species/89/EuropeanGoldfinch-png200-ef3fc90c8328c40b59d9ad3c4b52e850.png","lPgJDwI+UJmHq2hji4dWiHiH2XQID5UC",12084469045,"https://media.birdweather.com/soundscapes/6891/6891-20260521-105021.flac",0,3,"birdnetpi"
7979232002,6891,"2026-05-21T12:47:24.000+02:00",0.81,0.471988171339035,8.49087941434972,"almost_certain","2p4",NA,51.5616,6.0068,FALSE,103,"Eurasian Collared-Dove","Streptopelia decaocto","#006e2a","avian","https://media.birdweather.com/species/103/EurasianCollared-Dove-standard-e0c74c4f1ffe5357c4759579380dab35.jpg","https://media.birdweather.com/species/103/EurasianCollared-Dove-thumbnail-53ccb5f0a5d0640a1e766dd99c28ebca.jpg","https://media.birdweather.com/species/103/EurasianCollared-Dove-png200-4efa83c8c5efbdb09427b3c3fa247357.png","pvcFFwLpd4RvlJeUWZh2eXh4VxBqBZIH",12084384066,"https://media.birdweather.com/soundscapes/6891/6891-20260521-104724.flac",0,3,"birdnetpi"
7979066001,6891,"2026-05-21T12:41:49.000+02:00",0.75,0.84393298625946,9.10295432034255,"almost_certain","2p4",NA,51.5639,6.0027,FALSE,1,"House Sparrow","Passer domesticus","#d16ff8","avian","https://media.birdweather.com/species/1/HouseSparrow-standard-b861184cf45c092cdb45fd689dd676ef.jpg","https://media.birdweather.com/species/1/HouseSparrow-thumbnail-e9cbc91763a1579de8ef04880678b5e3.jpg","https://media.birdweather.com/species/1/HouseSparrow-png200-125e8603e1efe9d7a18316b94f06a65e.png","XAgCDwD8qpukuHiqtLZ9mImnmPFcDO4E",12084223276,"https://media.birdweather.com/soundscapes/6891/6891-20260521-104149.flac",0,3,"birdnetpi"
7979016310,6891,"2026-05-21T12:40:07.000+02:00",0.81,0.471988171339035,8.49087941434972,"almost_certain","2p4",NA,51.5677,6.0066,FALSE,103,"Eurasian Collared-Dove","Streptopelia decaocto","#006e2a","avian","https://media.birdweather.com/species/103/EurasianCollared-Dove-standard-e0c74c4f1ffe5357c4759579380dab35.jpg","https://media.birdweather.com/species/103/EurasianCollared-Dove-thumbnail-53ccb5f0a5d0640a1e766dd99c28ebca.jpg","https://media.birdweather.com/species/103/EurasianCollared-Dove-png200-4efa83c8c5efbdb09427b3c3fa247357.png","pvcFFwLpd4RvlJeUWZh2eXh4VxBqBZIH",12084174098,"https://media.birdweather.com/soundscapes/6891/6891-20260521-104007.flac",0,3,"birdnetpi"
7978985027,6891,"2026-05-21T12:39:04.000+02:00",0.99,0.803734242916107,9.62249274067583,"almost_certain","2p4",NA,51.5678,6.0087,FALSE,551,"Common Swift","Apus apus","#234bb2","avian","https://media.birdweather.com/species/551/CommonSwift-standard-ba54f84fbd8481b1c0de60654fbd79d5.jpg","https://media.birdweather.com/species/551/CommonSwift-thumbnail-bad1d7e3c141990f11d01e49e9f768ac.jpg","https://media.birdweather.com/species/551/CommonSwift-png200-f52bea49cb0e4232049806bde3e1a401.png","LLYFFwLchWelV5dvsqh1jKZoKJIEMkoA",12084143479,"https://media.birdweather.com/soundscapes/6891/6891-20260521-103904.flac",0,3,"birdnetpi"
7978850495,6891,"2026-05-21T12:34:27.000+02:00",0.91,0.997818529605865,9.74672013759219,"almost_certain","2p4",NA,51.5674,6.0031,FALSE,407,"Common Wood-Pigeon","Columba palumbus","#028fb2","avian","https://media.birdweather.com/species/407/CommonWood-Pigeon-standard-5558900260c92622ceef8a812b06518e.jpg","https://media.birdweather.com/species/407/CommonWood-Pigeon-thumbnail-4b86c907c8b82c8af31d566b811dee05.jpg","https://media.birdweather.com/species/407/CommonWood-Pigeon-png200-533b13201573be3895fcec3e61e861b5.png","2ukFHwIHiYeWxnZUiniYZ3h5h6+rCIQH",12084010741,"https://media.birdweather.com/soundscapes/6891/6891-20260521-103427.flac",0,3,"birdnetpi"
7978801305,6891,"2026-05-21T12:32:45.000+02:00",0.72,0.567586779594421,8.47277227697157,"almost_certain","2p4",NA,51.5638,6.0016,FALSE,294,"European Greenfinch","Chloris chloris","#fea614","avian","https://media.birdweather.com/species/294/EuropeanGreenfinch-standard-34aa36357c06fbf52af390917f29436b.jpg","https://media.birdweather.com/species/294/EuropeanGreenfinch-thumbnail-7466d93ab9340d75d4eec2ca6eeed529.jpg","https://media.birdweather.com/species/294/EuropeanGreenfinch-png200-8b2951bb918db1cbed643a9530efa558.png","FRkGHwJYqWeEd4ifapeoh4ZriPUnaG8B",12083961796,"https://media.birdweather.com/soundscapes/6891/6891-20260521-103245.flac",0,3,"birdnetpi"
7978753033,6891,"2026-05-21T12:31:09.000+02:00",0.7,0.84393298625946,8.94159156149331,"almost_certain","2p4",NA,51.5687,6.0049,FALSE,1,"House Sparrow","Passer domesticus","#d16ff8","avian","https://media.birdweather.com/species/1/HouseSparrow-standard-b861184cf45c092cdb45fd689dd676ef.jpg","https://media.birdweather.com/species/1/HouseSparrow-thumbnail-e9cbc91763a1579de8ef04880678b5e3.jpg","https://media.birdweather.com/species/1/HouseSparrow-png200-125e8603e1efe9d7a18316b94f06a65e.png","XAgCDwD8qpukuHiqtLZ9mImnmPFcDO4E",12083913715,"https://media.birdweather.com/soundscapes/6891/6891-20260521-103109.flac",0,3,"birdnetpi"
7978735612,6891,"2026-05-21T12:30:30.000+02:00",0.81,0.84393298625946,9.27442782618954,"almost_certain","2p4",NA,51.5667,6.0062,FALSE,1,"House Sparrow","Passer domesticus","#d16ff8","avian","https://media.birdweather.com/species/1/HouseSparrow-standard-b861184cf45c092cdb45fd689dd676ef.jpg","https://media.birdweather.com/species/1/HouseSparrow-thumbnail-e9cbc91763a1579de8ef04880678b5e3.jpg","https://media.birdweather.com/species/1/HouseSparrow-png200-125e8603e1efe9d7a18316b94f06a65e.png","XAgCDwD8qpukuHiqtLZ9mImnmPFcDO4E",12083896108,"https://media.birdweather.com/soundscapes/6891/6891-20260521-103030.flac",0,3,"birdnetpi"
7978692241,6891,"2026-05-21T12:29:04.000+02:00",0.82,0.84393298625946,9.30103060381377,"almost_certain","2p4",NA,51.5676,6.0029,FALSE,1,"House Sparrow","Passer domesticus","#d16ff8","avian","https://media.birdweather.com/species/1/HouseSparrow-standard-b861184cf45c092cdb45fd689dd676ef.jpg","https://media.birdweather.com/species/1/HouseSparrow-thumbnail-e9cbc91763a1579de8ef04880678b5e3.jpg","https://media.birdweather.com/species/1/HouseSparrow-png200-125e8603e1efe9d7a18316b94f06a65e.png","XAgCDwD8qpukuHiqtLZ9mImnmPFcDO4E",12083852886,"https://media.birdweather.com/soundscapes/6891/6891-20260521-102904.flac",0,3,"birdnetpi"
7978649840,6891,"2026-05-21T12:27:37.000+02:00",0.75,0.84393298625946,9.10295432034255,"almost_certain","2p4",NA,51.5692,6.0061,FALSE,1,"House Sparrow","Passer domesticus","#d16ff8","avian","https://media.birdweather.com/species/1/HouseSparrow-standard-b861184cf45c092cdb45fd689dd676ef.jpg","https://media.birdweather.com/species/1/HouseSparrow-thumbnail-e9cbc91763a1579de8ef04880678b5e3.jpg","https://media.birdweather.com/species/1/HouseSparrow-png200-125e8603e1efe9d7a18316b94f06a65e.png","XAgCDwD8qpukuHiqtLZ9mImnmPFcDO4E",12083810841,"https://media.birdweather.com/soundscapes/6891/6891-20260521-102737.flac",0,3,"birdnetpi"
7978571090,6891,"2026-05-21T12:24:58.000+02:00",0.84,0.84393298625946,9.35273485315027,"almost_certain","2p4",NA,51.5703,6.0092,FALSE,1,"House Sparrow","Passer domesticus","#d16ff8","avian","https://media.birdweather.com/species/1/HouseSparrow-standard-b861184cf45c092cdb45fd689dd676ef.jpg","https://media.birdweather.com/species/1/HouseSparrow-thumbnail-e9cbc91763a1579de8ef04880678b5e3.jpg","https://media.birdweather.com/species/1/HouseSparrow-png200-125e8603e1efe9d7a18316b94f06a65e.png","XAgCDwD8qpukuHiqtLZ9mImnmPFcDO4E",12083734562,"https://media.birdweather.com/soundscapes/6891/6891-20260521-102458.flac",0,3,"birdnetpi"
7978502859,6891,"2026-05-21T12:22:31.000+02:00",0.89,0.999460279941559,9.70327917498687,"almost_certain","2p4",NA,51.5677,6.0016,FALSE,35,"Eurasian Blackbird","Turdus merula","#ff65df","avian","https://media.birdweather.com/species/35/EurasianBlackbird-standard-618b3a5132c7c359fb2a2884c39deb39.jpg","https://media.birdweather.com/species/35/EurasianBlackbird-thumbnail-276878929bed08167d1fd9bf34d63d40.jpg","https://media.birdweather.com/species/35/EurasianBlackbird-png200-ba5a1b43225da4611cac429c52a52c81.png","GfkFFwKRmrx2ZYiaaQe69nlzScn3T7IA",12083667429,"https://media.birdweather.com/soundscapes/6891/6891-20260521-102231.flac",0,3,"birdnetpi"
7978408569,6891,"2026-05-21T12:19:15.000+02:00",0.75,0.892300605773926,9.1784344841511,"almost_certain","2p4",NA,51.5668,6.0049,FALSE,66,"Eurasian Blue Tit","Cyanistes caeruleus","#4b8900","avian","https://media.birdweather.com/species/66/EurasianBlueTit-standard-4ec8e45d78b2908d0f41ae495ae07571.jpg","https://media.birdweather.com/species/66/EurasianBlueTit-thumbnail-4d9abc54a3abc3fb12e78e603cbe6784.jpg","https://media.birdweather.com/species/66/EurasianBlueTit-png200-49adab92304ba7a74e93ac43e38e62d3.png","EfgJBwAKhHiEm2ZheGllqXeZhi/ze3EP",12083573637,"https://media.birdweather.com/soundscapes/6891/6891-20260521-101915.flac",0,3,"birdnetpi"
7978403268,6891,"2026-05-21T12:19:12.000+02:00",0.98,0.997818529605865,9.89554849976602,"almost_certain","2p4",NA,51.5689,6.0018,FALSE,407,"Common Wood-Pigeon","Columba palumbus","#028fb2","avian","https://media.birdweather.com/species/407/CommonWood-Pigeon-standard-5558900260c92622ceef8a812b06518e.jpg","https://media.birdweather.com/species/407/CommonWood-Pigeon-thumbnail-4b86c907c8b82c8af31d566b811dee05.jpg","https://media.birdweather.com/species/407/CommonWood-Pigeon-png200-533b13201573be3895fcec3e61e861b5.png","2ukFHwIHiYeWxnZUiniYZ3h5h6+rCIQH",12083568447,"https://media.birdweather.com/soundscapes/6891/6891-20260521-101912.flac",0,3,"birdnetpi"
7978381160,6891,"2026-05-21T12:18:22.000+02:00",0.77,0.84393298625946,9.1625289237,"almost_certain","2p4",NA,51.5694,6.0074,FALSE,1,"House Sparrow","Passer domesticus","#d16ff8","avian","https://media.birdweather.com/species/1/HouseSparrow-standard-b861184cf45c092cdb45fd689dd676ef.jpg","https://media.birdweather.com/species/1/HouseSparrow-thumbnail-e9cbc91763a1579de8ef04880678b5e3.jpg","https://media.birdweather.com/species/1/HouseSparrow-png200-125e8603e1efe9d7a18316b94f06a65e.png","XAgCDwD8qpukuHiqtLZ9mImnmPFcDO4E",12083546438,"https://media.birdweather.com/soundscapes/6891/6891-20260521-101822.flac",0,3,"birdnetpi"
7978367574,6891,"2026-05-21T12:17:49.000+02:00",0.71,0.84393298625946,8.97542044074212,"almost_certain","2p4",NA,51.5641,6.005,FALSE,1,"House Sparrow","Passer domesticus","#d16ff8","avian","https://media.birdweather.com/species/1/HouseSparrow-standard-b861184cf45c092cdb45fd689dd676ef.jpg","https://media.birdweather.com/species/1/HouseSparrow-thumbnail-e9cbc91763a1579de8ef04880678b5e3.jpg","https://media.birdweather.com/species/1/HouseSparrow-png200-125e8603e1efe9d7a18316b94f06a65e.png","XAgCDwD8qpukuHiqtLZ9mImnmPFcDO4E",12083532963,"https://media.birdweather.com/soundscapes/6891/6891-20260521-101749.flac",0,3,"birdnetpi"
7978358197,6891,"2026-05-21T12:17:36.000+02:00",0.82,0.84393298625946,9.30103060381377,"almost_certain","2p4",NA,51.5635,6.0009,FALSE,1,"House Sparrow","Passer domesticus","#d16ff8","avian","https://media.birdweather.com/species/1/HouseSparrow-standard-b861184cf45c092cdb45fd689dd676ef.jpg","https://media.birdweather.com/species/1/HouseSparrow-thumbnail-e9cbc91763a1579de8ef04880678b5e3.jpg","https://media.birdweather.com/species/1/HouseSparrow-png200-125e8603e1efe9d7a18316b94f06a65e.png","XAgCDwD8qpukuHiqtLZ9mImnmPFcDO4E",12083523414,"https://media.birdweather.com/soundscapes/6891/6891-20260521-101736.flac",0,3,"birdnetpi"
7978349867,6891,"2026-05-21T12:17:18.000+02:00",0.83,0.84393298625946,9.32712663092362,"almost_certain","2p4",NA,51.5657,6.0052,FALSE,1,"House Sparrow","Passer domesticus","#d16ff8","avian","https://media.birdweather.com/species/1/HouseSparrow-standard-b861184cf45c092cdb45fd689dd676ef.jpg","https://media.birdweather.com/species/1/HouseSparrow-thumbnail-e9cbc91763a1579de8ef04880678b5e3.jpg","https://media.birdweather.com/species/1/HouseSparrow-png200-125e8603e1efe9d7a18316b94f06a65e.png","XAgCDwD8qpukuHiqtLZ9mImnmPFcDO4E",12083515940,"https://media.birdweather.com/soundscapes/6891/6891-20260521-101718.flac",0,3,"birdnetpi"
7978294201,6891,"2026-05-21T12:15:16.000+02:00",0.76,0.803734242916107,9.06700554256765,"almost_certain","2p4",NA,51.565,6.0054,FALSE,551,"Common Swift","Apus apus","#234bb2","avian","https://media.birdweather.com/species/551/CommonSwift-standard-ba54f84fbd8481b1c0de60654fbd79d5.jpg","https://media.birdweather.com/species/551/CommonSwift-thumbnail-bad1d7e3c141990f11d01e49e9f768ac.jpg","https://media.birdweather.com/species/551/CommonSwift-png200-f52bea49cb0e4232049806bde3e1a401.png","LLYFFwLchWelV5dvsqh1jKZoKJIEMkoA",12083459404,"https://media.birdweather.com/soundscapes/6891/6891-20260521-101516.flac",0,3,"birdnetpi"
7978246942,6891,"2026-05-21T12:13:37.000+02:00",1,0.803734242916107,9.64220531098521,"almost_certain","2p4",NA,51.566,6.0025,FALSE,551,"Common Swift","Apus apus","#234bb2","avian","https://media.birdweather.com/species/551/CommonSwift-standard-ba54f84fbd8481b1c0de60654fbd79d5.jpg","https://media.birdweather.com/species/551/CommonSwift-thumbnail-bad1d7e3c141990f11d01e49e9f768ac.jpg","https://media.birdweather.com/species/551/CommonSwift-png200-f52bea49cb0e4232049806bde3e1a401.png","LLYFFwLchWelV5dvsqh1jKZoKJIEMkoA",12083411632,"https://media.birdweather.com/soundscapes/6891/6891-20260521-101337.flac",0,3,"birdnetpi"
7978081140,6891,"2026-05-21T12:07:52.000+02:00",0.77,0.999460279941559,9.39175509117881,"almost_certain","2p4",NA,51.5691,6.0018,FALSE,35,"Eurasian Blackbird","Turdus merula","#ff65df","avian","https://media.birdweather.com/species/35/EurasianBlackbird-standard-618b3a5132c7c359fb2a2884c39deb39.jpg","https://media.birdweather.com/species/35/EurasianBlackbird-thumbnail-276878929bed08167d1fd9bf34d63d40.jpg","https://media.birdweather.com/species/35/EurasianBlackbird-png200-ba5a1b43225da4611cac429c52a52c81.png","GfkFFwKRmrx2ZYiaaQe69nlzScn3T7IA",12083243286,"https://media.birdweather.com/soundscapes/6891/6891-20260521-100752.flac",0,3,"birdnetpi"
7978028717,6891,"2026-05-21T12:05:54.000+02:00",0.74,0.567586779594421,8.53650469839137,"almost_certain","2p4",NA,51.565,6.0006,FALSE,294,"European Greenfinch","Chloris chloris","#fea614","avian","https://media.birdweather.com/species/294/EuropeanGreenfinch-standard-34aa36357c06fbf52af390917f29436b.jpg","https://media.birdweather.com/species/294/EuropeanGreenfinch-thumbnail-7466d93ab9340d75d4eec2ca6eeed529.jpg","https://media.birdweather.com/species/294/EuropeanGreenfinch-png200-8b2951bb918db1cbed643a9530efa558.png","FRkGHwJYqWeEd4ifapeoh4ZriPUnaG8B",12083190179,"https://media.birdweather.com/soundscapes/6891/6891-20260521-100554.flac",0,3,"birdnetpi"
7977932371,6891,"2026-05-21T12:02:28.000+02:00",0.86,0.84393298625946,9.40255852566437,"almost_certain","2p4",NA,51.5666,6.0019,FALSE,1,"House Sparrow","Passer domesticus","#d16ff8","avian","https://media.birdweather.com/species/1/HouseSparrow-standard-b861184cf45c092cdb45fd689dd676ef.jpg","https://media.birdweather.com/species/1/HouseSparrow-thumbnail-e9cbc91763a1579de8ef04880678b5e3.jpg","https://media.birdweather.com/species/1/HouseSparrow-png200-125e8603e1efe9d7a18316b94f06a65e.png","XAgCDwD8qpukuHiqtLZ9mImnmPFcDO4E",12083091009,"https://media.birdweather.com/soundscapes/6891/6891-20260521-100228.flac",0,3,"birdnetpi"
7977918489,6891,"2026-05-21T12:01:56.000+02:00",0.73,0.84393298625946,9.0406708678574,"almost_certain","2p4",NA,51.5639,6.0027,FALSE,1,"House Sparrow","Passer domesticus","#d16ff8","avian","https://media.birdweather.com/species/1/HouseSparrow-standard-b861184cf45c092cdb45fd689dd676ef.jpg","https://media.birdweather.com/species/1/HouseSparrow-thumbnail-e9cbc91763a1579de8ef04880678b5e3.jpg","https://media.birdweather.com/species/1/HouseSparrow-png200-125e8603e1efe9d7a18316b94f06a65e.png","XAgCDwD8qpukuHiqtLZ9mImnmPFcDO4E",12083076328,"https://media.birdweather.com/soundscapes/6891/6891-20260521-100156.flac",0,3,"birdnetpi"
7977904510,6891,"2026-05-21T12:01:33.000+02:00",0.78,0.84393298625946,9.19137209430103,"almost_certain","2p4",NA,51.5665,6.002,FALSE,1,"House Sparrow","Passer domesticus","#d16ff8","avian","https://media.birdweather.com/species/1/HouseSparrow-standard-b861184cf45c092cdb45fd689dd676ef.jpg","https://media.birdweather.com/species/1/HouseSparrow-thumbnail-e9cbc91763a1579de8ef04880678b5e3.jpg","https://media.birdweather.com/species/1/HouseSparrow-png200-125e8603e1efe9d7a18316b94f06a65e.png","XAgCDwD8qpukuHiqtLZ9mImnmPFcDO4E",12083061453,"https://media.birdweather.com/soundscapes/6891/6891-20260521-100133.flac",0,3,"birdnetpi"
7977884778,6891,"2026-05-21T12:00:52.000+02:00",0.88,0.84393298625946,9.45063363380581,"almost_certain","2p4",NA,51.5638,6.0022,FALSE,1,"House Sparrow","Passer domesticus","#d16ff8","avian","https://media.birdweather.com/species/1/HouseSparrow-standard-b861184cf45c092cdb45fd689dd676ef.jpg","https://media.birdweather.com/species/1/HouseSparrow-thumbnail-e9cbc91763a1579de8ef04880678b5e3.jpg","https://media.birdweather.com/species/1/HouseSparrow-png200-125e8603e1efe9d7a18316b94f06a65e.png","XAgCDwD8qpukuHiqtLZ9mImnmPFcDO4E",12083040982,"https://media.birdweather.com/soundscapes/6891/6891-20260521-100052.flac",0,3,"birdnetpi"
7977871234,6891,"2026-05-21T12:00:14.000+02:00",0.75,0.84393298625946,9.10295432034255,"almost_certain","2p4",NA,51.5647,6.0063,FALSE,1,"House Sparrow","Passer domesticus","#d16ff8","avian","https://media.birdweather.com/species/1/HouseSparrow-standard-b861184cf45c092cdb45fd689dd676ef.jpg","https://media.birdweather.com/species/1/HouseSparrow-thumbnail-e9cbc91763a1579de8ef04880678b5e3.jpg","https://media.birdweather.com/species/1/HouseSparrow-png200-125e8603e1efe9d7a18316b94f06a65e.png","XAgCDwD8qpukuHiqtLZ9mImnmPFcDO4E",12083026663,"https://media.birdweather.com/soundscapes/6891/6891-20260521-100014.flac",0,3,"birdnetpi"
7977856141,6891,"2026-05-21T11:59:38.000+02:00",0.74,0.84393298625946,9.07216650782523,"almost_certain","2p4",NA,51.5635,6.0078,FALSE,1,"House Sparrow","Passer domesticus","#d16ff8","avian","https://media.birdweather.com/species/1/HouseSparrow-standard-b861184cf45c092cdb45fd689dd676ef.jpg","https://media.birdweather.com/species/1/HouseSparrow-thumbnail-e9cbc91763a1579de8ef04880678b5e3.jpg","https://media.birdweather.com/species/1/HouseSparrow-png200-125e8603e1efe9d7a18316b94f06a65e.png","XAgCDwD8qpukuHiqtLZ9mImnmPFcDO4E",12083010499,"https://media.birdweather.com/soundscapes/6891/6891-20260521-095938.flac",0,3,"birdnetpi"
7977847623,6891,"2026-05-21T11:59:21.000+02:00",0.85,0.84393298625946,9.3778731731257,"almost_certain","2p4",NA,51.5665,6.0033,FALSE,1,"House Sparrow","Passer domesticus","#d16ff8","avian","https://media.birdweather.com/species/1/HouseSparrow-standard-b861184cf45c092cdb45fd689dd676ef.jpg","https://media.birdweather.com/species/1/HouseSparrow-thumbnail-e9cbc91763a1579de8ef04880678b5e3.jpg","https://media.birdweather.com/species/1/HouseSparrow-png200-125e8603e1efe9d7a18316b94f06a65e.png","XAgCDwD8qpukuHiqtLZ9mImnmPFcDO4E",12083001419,"https://media.birdweather.com/soundscapes/6891/6891-20260521-095921.flac",0,3,"birdnetpi"
7977836793,6891,"2026-05-21T11:58:55.000+02:00",0.85,0.84393298625946,9.3778731731257,"almost_certain","2p4",NA,51.5701,6.0068,FALSE,1,"House Sparrow","Passer domesticus","#d16ff8","avian","https://media.birdweather.com/species/1/HouseSparrow-standard-b861184cf45c092cdb45fd689dd676ef.jpg","https://media.birdweather.com/species/1/HouseSparrow-thumbnail-e9cbc91763a1579de8ef04880678b5e3.jpg","https://media.birdweather.com/species/1/HouseSparrow-png200-125e8603e1efe9d7a18316b94f06a65e.png","XAgCDwD8qpukuHiqtLZ9mImnmPFcDO4E",12082989989,"https://media.birdweather.com/soundscapes/6891/6891-20260521-095855.flac",0,3,"birdnetpi"
7977829596,6891,"2026-05-21T11:58:46.000+02:00",0.79,0.84393298625946,9.21962051776877,"almost_certain","2p4",NA,51.5657,6.0006,FALSE,1,"House Sparrow","Passer domesticus","#d16ff8","avian","https://media.birdweather.com/species/1/HouseSparrow-standard-b861184cf45c092cdb45fd689dd676ef.jpg","https://media.birdweather.com/species/1/HouseSparrow-thumbnail-e9cbc91763a1579de8ef04880678b5e3.jpg","https://media.birdweather.com/species/1/HouseSparrow-png200-125e8603e1efe9d7a18316b94f06a65e.png","XAgCDwD8qpukuHiqtLZ9mImnmPFcDO4E",12082982439,"https://media.birdweather.com/soundscapes/6891/6891-20260521-095846.flac",0,3,"birdnetpi"
7977768627,6891,"2026-05-21T11:56:33.000+02:00",0.84,0.84393298625946,9.35273485315027,"almost_certain","2p4",NA,51.5684,6.0087,FALSE,1,"House Sparrow","Passer domesticus","#d16ff8","avian","https://media.birdweather.com/species/1/HouseSparrow-standard-b861184cf45c092cdb45fd689dd676ef.jpg","https://media.birdweather.com/species/1/HouseSparrow-thumbnail-e9cbc91763a1579de8ef04880678b5e3.jpg","https://media.birdweather.com/species/1/HouseSparrow-png200-125e8603e1efe9d7a18316b94f06a65e.png","XAgCDwD8qpukuHiqtLZ9mImnmPFcDO4E",12082917669,"https://media.birdweather.com/soundscapes/6891/6891-20260521-095633.flac",0,3,"birdnetpi"
7977760989,6891,"2026-05-21T11:56:08.000+02:00",0.87,0.84393298625946,9.42680694629055,"almost_certain","2p4",NA,51.5676,6.0036,FALSE,1,"House Sparrow","Passer domesticus","#d16ff8","avian","https://media.birdweather.com/species/1/HouseSparrow-standard-b861184cf45c092cdb45fd689dd676ef.jpg","https://media.birdweather.com/species/1/HouseSparrow-thumbnail-e9cbc91763a1579de8ef04880678b5e3.jpg","https://media.birdweather.com/species/1/HouseSparrow-png200-125e8603e1efe9d7a18316b94f06a65e.png","XAgCDwD8qpukuHiqtLZ9mImnmPFcDO4E",12082909273,"https://media.birdweather.com/soundscapes/6891/6891-20260521-095608.flac",0,3,"birdnetpi"
7977711396,6891,"2026-05-21T11:54:15.000+02:00",0.84,0.803734242916107,9.28667497317064,"almost_certain","2p4",NA,51.5634,6.0012,FALSE,551,"Common Swift","Apus apus","#234bb2","avian","https://media.birdweather.com/species/551/CommonSwift-standard-ba54f84fbd8481b1c0de60654fbd79d5.jpg","https://media.birdweather.com/species/551/CommonSwift-thumbnail-bad1d7e3c141990f11d01e49e9f768ac.jpg","https://media.birdweather.com/species/551/CommonSwift-png200-f52bea49cb0e4232049806bde3e1a401.png","LLYFFwLchWelV5dvsqh1jKZoKJIEMkoA",12082856035,"https://media.birdweather.com/soundscapes/6891/6891-20260521-095415.flac",0,3,"birdnetpi"
7977684614,6891,"2026-05-21T11:53:14.000+02:00",0.71,0.560286164283752,8.42233165405545,"almost_certain","2p4",NA,51.5688,6.0025,FALSE,119,"Common House-Martin","Delichon urbicum","#53b1ff","avian","https://media.birdweather.com/species/119/CommonHouse-Martin-standard-9ffbcc688c51210fb136a162c84d82ad.jpg","https://media.birdweather.com/species/119/CommonHouse-Martin-thumbnail-dd7059ca6235347c3097e7a66f04df95.jpg","https://media.birdweather.com/species/119/CommonHouse-Martin-png200-a73a8953ce2af50676da81e70b2746b2.png","YhgKDwKJd4iIiHd/h5h5d4mIeQqVllAH",12082827062,"https://media.birdweather.com/soundscapes/6891/6891-20260521-095314.flac",0,3,"birdnetpi"
7977572712,6891,"2026-05-21T11:48:54.000+02:00",0.71,0.84393298625946,8.97542044074212,"almost_certain","2p4",NA,51.5678,6.0055,FALSE,1,"House Sparrow","Passer domesticus","#d16ff8","avian","https://media.birdweather.com/species/1/HouseSparrow-standard-b861184cf45c092cdb45fd689dd676ef.jpg","https://media.birdweather.com/species/1/HouseSparrow-thumbnail-e9cbc91763a1579de8ef04880678b5e3.jpg","https://media.birdweather.com/species/1/HouseSparrow-png200-125e8603e1efe9d7a18316b94f06a65e.png","XAgCDwD8qpukuHiqtLZ9mImnmPFcDO4E",12082702649,"https://media.birdweather.com/soundscapes/6891/6891-20260521-094854.flac",0,3,"birdnetpi"
7977523945,6891,"2026-05-21T11:46:58.000+02:00",0.73,0.997818529605865,9.26766710217493,"almost_certain","2p4",NA,51.5687,6.0064,FALSE,407,"Common Wood-Pigeon","Columba palumbus","#028fb2","avian","https://media.birdweather.com/species/407/CommonWood-Pigeon-standard-5558900260c92622ceef8a812b06518e.jpg","https://media.birdweather.com/species/407/CommonWood-Pigeon-thumbnail-4b86c907c8b82c8af31d566b811dee05.jpg","https://media.birdweather.com/species/407/CommonWood-Pigeon-png200-533b13201573be3895fcec3e61e861b5.png","2ukFHwIHiYeWxnZUiniYZ3h5h6+rCIQH",12082647184,"https://media.birdweather.com/soundscapes/6891/6891-20260521-094658.flac",0,3,"birdnetpi"
7977515978,6891,"2026-05-21T11:46:39.000+02:00",0.81,0.560286164283752,8.72133903950288,"almost_certain","2p4",NA,51.5636,6.0005,FALSE,119,"Common House-Martin","Delichon urbicum","#53b1ff","avian","https://media.birdweather.com/species/119/CommonHouse-Martin-standard-9ffbcc688c51210fb136a162c84d82ad.jpg","https://media.birdweather.com/species/119/CommonHouse-Martin-thumbnail-dd7059ca6235347c3097e7a66f04df95.jpg","https://media.birdweather.com/species/119/CommonHouse-Martin-png200-a73a8953ce2af50676da81e70b2746b2.png","YhgKDwKJd4iIiHd/h5h5d4mIeQqVllAH",12082638131,"https://media.birdweather.com/soundscapes/6891/6891-20260521-094639.flac",0,3,"birdnetpi"
7977510003,6891,"2026-05-21T11:46:25.000+02:00",0.99,0.803734242916107,9.62249274067583,"almost_certain","2p4",NA,51.5637,6.0062,FALSE,551,"Common Swift","Apus apus","#234bb2","avian","https://media.birdweather.com/species/551/CommonSwift-standard-ba54f84fbd8481b1c0de60654fbd79d5.jpg","https://media.birdweather.com/species/551/CommonSwift-thumbnail-bad1d7e3c141990f11d01e49e9f768ac.jpg","https://media.birdweather.com/species/551/CommonSwift-png200-f52bea49cb0e4232049806bde3e1a401.png","LLYFFwLchWelV5dvsqh1jKZoKJIEMkoA",12082631373,"https://media.birdweather.com/soundscapes/6891/6891-20260521-094625.flac",0,3,"birdnetpi"
7977500099,6891,"2026-05-21T11:46:03.000+02:00",0.82,0.84393298625946,9.30103060381377,"almost_certain","2p4",NA,51.5686,6.0017,FALSE,1,"House Sparrow","Passer domesticus","#d16ff8","avian","https://media.birdweather.com/species/1/HouseSparrow-standard-b861184cf45c092cdb45fd689dd676ef.jpg","https://media.birdweather.com/species/1/HouseSparrow-thumbnail-e9cbc91763a1579de8ef04880678b5e3.jpg","https://media.birdweather.com/species/1/HouseSparrow-png200-125e8603e1efe9d7a18316b94f06a65e.png","XAgCDwD8qpukuHiqtLZ9mImnmPFcDO4E",12082620016,"https://media.birdweather.com/soundscapes/6891/6891-20260521-094603.flac",0,3,"birdnetpi"
7977410872,6891,"2026-05-21T11:42:26.000+02:00",0.82,0.84393298625946,9.30103060381377,"almost_certain","2p4",NA,51.5701,6.0018,FALSE,1,"House Sparrow","Passer domesticus","#d16ff8","avian","https://media.birdweather.com/species/1/HouseSparrow-standard-b861184cf45c092cdb45fd689dd676ef.jpg","https://media.birdweather.com/species/1/HouseSparrow-thumbnail-e9cbc91763a1579de8ef04880678b5e3.jpg","https://media.birdweather.com/species/1/HouseSparrow-png200-125e8603e1efe9d7a18316b94f06a65e.png","XAgCDwD8qpukuHiqtLZ9mImnmPFcDO4E",12082517378,"https://media.birdweather.com/soundscapes/6891/6891-20260521-094226.flac",0,3,"birdnetpi"
7977403250,6891,"2026-05-21T11:42:07.000+02:00",0.8,0.84393298625946,9.24729822679378,"almost_certain","2p4",NA,51.567,6.001,FALSE,1,"House Sparrow","Passer domesticus","#d16ff8","avian","https://media.birdweather.com/species/1/HouseSparrow-standard-b861184cf45c092cdb45fd689dd676ef.jpg","https://media.birdweather.com/species/1/HouseSparrow-thumbnail-e9cbc91763a1579de8ef04880678b5e3.jpg","https://media.birdweather.com/species/1/HouseSparrow-png200-125e8603e1efe9d7a18316b94f06a65e.png","XAgCDwD8qpukuHiqtLZ9mImnmPFcDO4E",12082508373,"https://media.birdweather.com/soundscapes/6891/6891-20260521-094207.flac",0,3,"birdnetpi"
7977362091,6891,"2026-05-21T11:40:26.000+02:00",0.98,0.560286164283752,9.11546347876182,"almost_certain","2p4",NA,51.5636,6.0011,FALSE,119,"Common House-Martin","Delichon urbicum","#53b1ff","avian","https://media.birdweather.com/species/119/CommonHouse-Martin-standard-9ffbcc688c51210fb136a162c84d82ad.jpg","https://media.birdweather.com/species/119/CommonHouse-Martin-thumbnail-dd7059ca6235347c3097e7a66f04df95.jpg","https://media.birdweather.com/species/119/CommonHouse-Martin-png200-a73a8953ce2af50676da81e70b2746b2.png","YhgKDwKJd4iIiHd/h5h5d4mIeQqVllAH",12082460188,"https://media.birdweather.com/soundscapes/6891/6891-20260521-094026.flac",0,3,"birdnetpi"
7977356444,6891,"2026-05-21T11:40:13.000+02:00",0.99,0.658253312110901,9.35264861048196,"almost_certain","2p4",NA,51.5686,6.0055,FALSE,89,"European Goldfinch","Carduelis carduelis","#65dba3","avian","https://media.birdweather.com/species/89/EuropeanGoldfinch-standard-5e709d6e7011b21fe905b6d27ce94b9d.jpg","https://media.birdweather.com/species/89/EuropeanGoldfinch-thumbnail-f99916cbaf5a2c3bd8f61890d18d73c1.jpg","https://media.birdweather.com/species/89/EuropeanGoldfinch-png200-ef3fc90c8328c40b59d9ad3c4b52e850.png","lPgJDwI+UJmHq2hji4dWiHiH2XQID5UC",12082453543,"https://media.birdweather.com/soundscapes/6891/6891-20260521-094013.flac",0,3,"birdnetpi"
7977343557,6891,"2026-05-21T11:39:40.000+02:00",0.93,0.658253312110901,9.22801727434011,"almost_certain","2p4",NA,51.5662,6.0069,FALSE,89,"European Goldfinch","Carduelis carduelis","#65dba3","avian","https://media.birdweather.com/species/89/EuropeanGoldfinch-standard-5e709d6e7011b21fe905b6d27ce94b9d.jpg","https://media.birdweather.com/species/89/EuropeanGoldfinch-thumbnail-f99916cbaf5a2c3bd8f61890d18d73c1.jpg","https://media.birdweather.com/species/89/EuropeanGoldfinch-png200-ef3fc90c8328c40b59d9ad3c4b52e850.png","lPgJDwI+UJmHq2hji4dWiHiH2XQID5UC",12082438288,"https://media.birdweather.com/soundscapes/6891/6891-20260521-093940.flac",0,3,"birdnetpi"
7977332415,6891,"2026-05-21T11:39:12.000+02:00",0.76,0.84393298625946,9.13306542254728,"almost_certain","2p4",NA,51.5674,6.0078,FALSE,1,"House Sparrow","Passer domesticus","#d16ff8","avian","https://media.birdweather.com/species/1/HouseSparrow-standard-b861184cf45c092cdb45fd689dd676ef.jpg","https://media.birdweather.com/species/1/HouseSparrow-thumbnail-e9cbc91763a1579de8ef04880678b5e3.jpg","https://media.birdweather.com/species/1/HouseSparrow-png200-125e8603e1efe9d7a18316b94f06a65e.png","XAgCDwD8qpukuHiqtLZ9mImnmPFcDO4E",12082424936,"https://media.birdweather.com/soundscapes/6891/6891-20260521-093912.flac",0,3,"birdnetpi"
7977315308,6891,"2026-05-21T11:38:28.000+02:00",0.8,0.84393298625946,9.24729822679378,"almost_certain","2p4",NA,51.5667,6.0088,FALSE,1,"House Sparrow","Passer domesticus","#d16ff8","avian","https://media.birdweather.com/species/1/HouseSparrow-standard-b861184cf45c092cdb45fd689dd676ef.jpg","https://media.birdweather.com/species/1/HouseSparrow-thumbnail-e9cbc91763a1579de8ef04880678b5e3.jpg","https://media.birdweather.com/species/1/HouseSparrow-png200-125e8603e1efe9d7a18316b94f06a65e.png","XAgCDwD8qpukuHiqtLZ9mImnmPFcDO4E",12082404142,"https://media.birdweather.com/soundscapes/6891/6891-20260521-093828.flac",0,3,"birdnetpi"
7977147797,6891,"2026-05-21T11:31:36.000+02:00",0.94,0.892300605773926,9.66097669736851,"almost_certain","2p4",NA,51.5697,6.0028,FALSE,66,"Eurasian Blue Tit","Cyanistes caeruleus","#4b8900","avian","https://media.birdweather.com/species/66/EurasianBlueTit-standard-4ec8e45d78b2908d0f41ae495ae07571.jpg","https://media.birdweather.com/species/66/EurasianBlueTit-thumbnail-4d9abc54a3abc3fb12e78e603cbe6784.jpg","https://media.birdweather.com/species/66/EurasianBlueTit-png200-49adab92304ba7a74e93ac43e38e62d3.png","EfgJBwAKhHiEm2ZheGllqXeZhi/ze3EP",12082202410,"https://media.birdweather.com/soundscapes/6891/6891-20260521-093136.flac",0,3,"birdnetpi"
7977131430,6891,"2026-05-21T11:30:42.000+02:00",0.93,0.560286164283752,9.01083249782695,"almost_certain","2p4",NA,51.5647,6.0081,FALSE,119,"Common House-Martin","Delichon urbicum","#53b1ff","avian","https://media.birdweather.com/species/119/CommonHouse-Martin-standard-9ffbcc688c51210fb136a162c84d82ad.jpg","https://media.birdweather.com/species/119/CommonHouse-Martin-thumbnail-dd7059ca6235347c3097e7a66f04df95.jpg","https://media.birdweather.com/species/119/CommonHouse-Martin-png200-a73a8953ce2af50676da81e70b2746b2.png","YhgKDwKJd4iIiHd/h5h5d4mIeQqVllAH",12082182251,"https://media.birdweather.com/soundscapes/6891/6891-20260521-093042.flac",0,3,"birdnetpi"
7976994394,6891,"2026-05-21T11:24:51.000+02:00",0.77,0.84393298625946,9.1625289237,"almost_certain","2p4",NA,51.5665,6.0034,FALSE,1,"House Sparrow","Passer domesticus","#d16ff8","avian","https://media.birdweather.com/species/1/HouseSparrow-standard-b861184cf45c092cdb45fd689dd676ef.jpg","https://media.birdweather.com/species/1/HouseSparrow-thumbnail-e9cbc91763a1579de8ef04880678b5e3.jpg","https://media.birdweather.com/species/1/HouseSparrow-png200-125e8603e1efe9d7a18316b94f06a65e.png","XAgCDwD8qpukuHiqtLZ9mImnmPFcDO4E",12082010903,"https://media.birdweather.com/soundscapes/6891/6891-20260521-092451.flac",0,3,"birdnetpi"
7976980743,6891,"2026-05-21T11:24:17.000+02:00",0.93,0.560286164283752,9.01083249782695,"almost_certain","2p4",NA,51.5693,6.0092,FALSE,119,"Common House-Martin","Delichon urbicum","#53b1ff","avian","https://media.birdweather.com/species/119/CommonHouse-Martin-standard-9ffbcc688c51210fb136a162c84d82ad.jpg","https://media.birdweather.com/species/119/CommonHouse-Martin-thumbnail-dd7059ca6235347c3097e7a66f04df95.jpg","https://media.birdweather.com/species/119/CommonHouse-Martin-png200-a73a8953ce2af50676da81e70b2746b2.png","YhgKDwKJd4iIiHd/h5h5d4mIeQqVllAH",12081993851,"https://media.birdweather.com/soundscapes/6891/6891-20260521-092417.flac",0,3,"birdnetpi"
7976970654,6891,"2026-05-21T11:23:39.000+02:00",0.76,0.84393298625946,9.13306542254728,"almost_certain","2p4",NA,51.5629,6.0071,FALSE,1,"House Sparrow","Passer domesticus","#d16ff8","avian","https://media.birdweather.com/species/1/HouseSparrow-standard-b861184cf45c092cdb45fd689dd676ef.jpg","https://media.birdweather.com/species/1/HouseSparrow-thumbnail-e9cbc91763a1579de8ef04880678b5e3.jpg","https://media.birdweather.com/species/1/HouseSparrow-png200-125e8603e1efe9d7a18316b94f06a65e.png","XAgCDwD8qpukuHiqtLZ9mImnmPFcDO4E",12081980964,"https://media.birdweather.com/soundscapes/6891/6891-20260521-092339.flac",0,3,"birdnetpi"
7976936834,6891,"2026-05-21T11:22:10.000+02:00",0.78,0.84393298625946,9.19137209430103,"almost_certain","2p4",NA,51.5656,6.0089,FALSE,1,"House Sparrow","Passer domesticus","#d16ff8","avian","https://media.birdweather.com/species/1/HouseSparrow-standard-b861184cf45c092cdb45fd689dd676ef.jpg","https://media.birdweather.com/species/1/HouseSparrow-thumbnail-e9cbc91763a1579de8ef04880678b5e3.jpg","https://media.birdweather.com/species/1/HouseSparrow-png200-125e8603e1efe9d7a18316b94f06a65e.png","XAgCDwD8qpukuHiqtLZ9mImnmPFcDO4E",12081937776,"https://media.birdweather.com/soundscapes/6891/6891-20260521-092210.flac",0,3,"birdnetpi"
7976892876,6891,"2026-05-21T11:20:15.000+02:00",0.73,0.84393298625946,9.0406708678574,"almost_certain","2p4",NA,51.5637,6.0083,FALSE,1,"House Sparrow","Passer domesticus","#d16ff8","avian","https://media.birdweather.com/species/1/HouseSparrow-standard-b861184cf45c092cdb45fd689dd676ef.jpg","https://media.birdweather.com/species/1/HouseSparrow-thumbnail-e9cbc91763a1579de8ef04880678b5e3.jpg","https://media.birdweather.com/species/1/HouseSparrow-png200-125e8603e1efe9d7a18316b94f06a65e.png","XAgCDwD8qpukuHiqtLZ9mImnmPFcDO4E",12081881078,"https://media.birdweather.com/soundscapes/6891/6891-20260521-092015.flac",0,3,"birdnetpi"
7976887337,6891,"2026-05-21T11:19:54.000+02:00",0.74,0.997818529605865,9.29916274214277,"almost_certain","2p4",NA,51.5691,6.0051,FALSE,407,"Common Wood-Pigeon","Columba palumbus","#028fb2","avian","https://media.birdweather.com/species/407/CommonWood-Pigeon-standard-5558900260c92622ceef8a812b06518e.jpg","https://media.birdweather.com/species/407/CommonWood-Pigeon-thumbnail-4b86c907c8b82c8af31d566b811dee05.jpg","https://media.birdweather.com/species/407/CommonWood-Pigeon-png200-533b13201573be3895fcec3e61e861b5.png","2ukFHwIHiYeWxnZUiniYZ3h5h6+rCIQH",12081873996,"https://media.birdweather.com/soundscapes/6891/6891-20260521-091954.flac",0,3,"birdnetpi"
7976866517,6891,"2026-05-21T11:18:56.000+02:00",0.77,0.84393298625946,9.1625289237,"almost_certain","2p4",NA,51.5683,6.0053,FALSE,1,"House Sparrow","Passer domesticus","#d16ff8","avian","https://media.birdweather.com/species/1/HouseSparrow-standard-b861184cf45c092cdb45fd689dd676ef.jpg","https://media.birdweather.com/species/1/HouseSparrow-thumbnail-e9cbc91763a1579de8ef04880678b5e3.jpg","https://media.birdweather.com/species/1/HouseSparrow-png200-125e8603e1efe9d7a18316b94f06a65e.png","XAgCDwD8qpukuHiqtLZ9mImnmPFcDO4E",12081846540,"https://media.birdweather.com/soundscapes/6891/6891-20260521-091856.flac",0,3,"birdnetpi"
7976832311,6891,"2026-05-21T11:17:21.000+02:00",0.94,0.84393298625946,9.58549653355997,"almost_certain","2p4",NA,51.5674,6.0091,FALSE,1,"House Sparrow","Passer domesticus","#d16ff8","avian","https://media.birdweather.com/species/1/HouseSparrow-standard-b861184cf45c092cdb45fd689dd676ef.jpg","https://media.birdweather.com/species/1/HouseSparrow-thumbnail-e9cbc91763a1579de8ef04880678b5e3.jpg","https://media.birdweather.com/species/1/HouseSparrow-png200-125e8603e1efe9d7a18316b94f06a65e.png","XAgCDwD8qpukuHiqtLZ9mImnmPFcDO4E",12081801331,"https://media.birdweather.com/soundscapes/6891/6891-20260521-091721.flac",0,3,"birdnetpi"
7976823015,6891,"2026-05-21T11:16:57.000+02:00",0.89,0.84393298625946,9.47405300750805,"almost_certain","2p4",NA,51.5649,6.0054,FALSE,1,"House Sparrow","Passer domesticus","#d16ff8","avian","https://media.birdweather.com/species/1/HouseSparrow-standard-b861184cf45c092cdb45fd689dd676ef.jpg","https://media.birdweather.com/species/1/HouseSparrow-thumbnail-e9cbc91763a1579de8ef04880678b5e3.jpg","https://media.birdweather.com/species/1/HouseSparrow-png200-125e8603e1efe9d7a18316b94f06a65e.png","XAgCDwD8qpukuHiqtLZ9mImnmPFcDO4E",12081788922,"https://media.birdweather.com/soundscapes/6891/6891-20260521-091657.flac",0,3,"birdnetpi"
7976817529,6891,"2026-05-21T11:16:39.000+02:00",0.9,0.803734242916107,9.43101887962187,"almost_certain","2p4",NA,51.5636,6.0091,FALSE,551,"Common Swift","Apus apus","#234bb2","avian","https://media.birdweather.com/species/551/CommonSwift-standard-ba54f84fbd8481b1c0de60654fbd79d5.jpg","https://media.birdweather.com/species/551/CommonSwift-thumbnail-bad1d7e3c141990f11d01e49e9f768ac.jpg","https://media.birdweather.com/species/551/CommonSwift-png200-f52bea49cb0e4232049806bde3e1a401.png","LLYFFwLchWelV5dvsqh1jKZoKJIEMkoA",12081781378,"https://media.birdweather.com/soundscapes/6891/6891-20260521-091639.flac",0,3,"birdnetpi"
7976813645,6891,"2026-05-21T11:16:28.000+02:00",0.88,0.84393298625946,9.45063363380581,"almost_certain","2p4",NA,51.5692,6.0093,FALSE,1,"House Sparrow","Passer domesticus","#d16ff8","avian","https://media.birdweather.com/species/1/HouseSparrow-standard-b861184cf45c092cdb45fd689dd676ef.jpg","https://media.birdweather.com/species/1/HouseSparrow-thumbnail-e9cbc91763a1579de8ef04880678b5e3.jpg","https://media.birdweather.com/species/1/HouseSparrow-png200-125e8603e1efe9d7a18316b94f06a65e.png","XAgCDwD8qpukuHiqtLZ9mImnmPFcDO4E",12081776163,"https://media.birdweather.com/soundscapes/6891/6891-20260521-091628.flac",0,3,"birdnetpi"
7976803321,6891,"2026-05-21T11:15:59.000+02:00",0.7,0.84393298625946,8.94159156149331,"almost_certain","2p4",NA,51.5675,6.0043,FALSE,1,"House Sparrow","Passer domesticus","#d16ff8","avian","https://media.birdweather.com/species/1/HouseSparrow-standard-b861184cf45c092cdb45fd689dd676ef.jpg","https://media.birdweather.com/species/1/HouseSparrow-thumbnail-e9cbc91763a1579de8ef04880678b5e3.jpg","https://media.birdweather.com/species/1/HouseSparrow-png200-125e8603e1efe9d7a18316b94f06a65e.png","XAgCDwD8qpukuHiqtLZ9mImnmPFcDO4E",12081762390,"https://media.birdweather.com/soundscapes/6891/6891-20260521-091559.flac",0,3,"birdnetpi"
7976794857,6891,"2026-05-21T11:15:35.000+02:00",0.95,0.560286164283752,9.05364848242757,"almost_certain","2p4",NA,51.5695,6.0091,FALSE,119,"Common House-Martin","Delichon urbicum","#53b1ff","avian","https://media.birdweather.com/species/119/CommonHouse-Martin-standard-9ffbcc688c51210fb136a162c84d82ad.jpg","https://media.birdweather.com/species/119/CommonHouse-Martin-thumbnail-dd7059ca6235347c3097e7a66f04df95.jpg","https://media.birdweather.com/species/119/CommonHouse-Martin-png200-a73a8953ce2af50676da81e70b2746b2.png","YhgKDwKJd4iIiHd/h5h5d4mIeQqVllAH",12081751064,"https://media.birdweather.com/soundscapes/6891/6891-20260521-091535.flac",0,3,"birdnetpi"
7976785233,6891,"2026-05-21T11:15:08.000+02:00",0.93,0.581112802028656,9.05997246355098,"almost_certain","2p4",NA,51.5629,6.0086,FALSE,76,"Eurasian Jackdaw","Corvus monedula","#f36f1b","avian","https://media.birdweather.com/species/76/EurasianJackdaw-standard-55cbd4006f743c538a3264a1fb86d41c.jpg","https://media.birdweather.com/species/76/EurasianJackdaw-thumbnail-80ecf23afe76ea22483b4f8043e19339.jpg","https://media.birdweather.com/species/76/EurasianJackdaw-png200-862dbf9b3725619bb5532ba255c32118.png","4AgKDwL2i2d1homOY0modph5OL/1qHAJ",12081738243,"https://media.birdweather.com/soundscapes/6891/6891-20260521-091508.flac",0,3,"birdnetpi"
7976765738,6891,"2026-05-21T11:14:13.000+02:00",0.77,0.84393298625946,9.1625289237,"almost_certain","2p4",NA,51.5674,6.0049,FALSE,1,"House Sparrow","Passer domesticus","#d16ff8","avian","https://media.birdweather.com/species/1/HouseSparrow-standard-b861184cf45c092cdb45fd689dd676ef.jpg","https://media.birdweather.com/species/1/HouseSparrow-thumbnail-e9cbc91763a1579de8ef04880678b5e3.jpg","https://media.birdweather.com/species/1/HouseSparrow-png200-125e8603e1efe9d7a18316b94f06a65e.png","XAgCDwD8qpukuHiqtLZ9mImnmPFcDO4E",12081712219,"https://media.birdweather.com/soundscapes/6891/6891-20260521-091413.flac",0,3,"birdnetpi"
7976750208,6891,"2026-05-21T11:13:30.000+02:00",0.76,0.84393298625946,9.13306542254728,"almost_certain","2p4",NA,51.569,6.0067,FALSE,1,"House Sparrow","Passer domesticus","#d16ff8","avian","https://media.birdweather.com/species/1/HouseSparrow-standard-b861184cf45c092cdb45fd689dd676ef.jpg","https://media.birdweather.com/species/1/HouseSparrow-thumbnail-e9cbc91763a1579de8ef04880678b5e3.jpg","https://media.birdweather.com/species/1/HouseSparrow-png200-125e8603e1efe9d7a18316b94f06a65e.png","XAgCDwD8qpukuHiqtLZ9mImnmPFcDO4E",12081691275,"https://media.birdweather.com/soundscapes/6891/6891-20260521-091330.flac",0,3,"birdnetpi"
7976746804,6891,"2026-05-21T11:13:19.000+02:00",0.8,0.991592347621918,9.46580451342305,"almost_certain","2p4",NA,51.5695,6.0092,FALSE,25,"Common Chaffinch","Fringilla coelebs","#fb7eff","avian","https://media.birdweather.com/species/25/CommonChaffinch-standard-d8edb223d1ec828ee0cda788e8f5f209.jpg","https://media.birdweather.com/species/25/CommonChaffinch-thumbnail-7ba0a46bb0cd7efdb3215242f9528140.jpg","https://media.birdweather.com/species/25/CommonChaffinch-png200-ced617224ab07c316109e2d0e9078f2e.png","WfgJDwKGhIbAbHimmnhluHh2tv25ZoAD",12081686571,"https://media.birdweather.com/soundscapes/6891/6891-20260521-091319.flac",0,3,"birdnetpi"
7976740485,6891,"2026-05-21T11:13:01.000+02:00",0.88,0.84393298625946,9.45063363380581,"almost_certain","2p4",NA,51.5662,6.0047,FALSE,1,"House Sparrow","Passer domesticus","#d16ff8","avian","https://media.birdweather.com/species/1/HouseSparrow-standard-b861184cf45c092cdb45fd689dd676ef.jpg","https://media.birdweather.com/species/1/HouseSparrow-thumbnail-e9cbc91763a1579de8ef04880678b5e3.jpg","https://media.birdweather.com/species/1/HouseSparrow-png200-125e8603e1efe9d7a18316b94f06a65e.png","XAgCDwD8qpukuHiqtLZ9mImnmPFcDO4E",12081678047,"https://media.birdweather.com/soundscapes/6891/6891-20260521-091301.flac",0,3,"birdnetpi"
7976733611,6891,"2026-05-21T11:12:41.000+02:00",0.93,0.991592347621918,9.78242757114289,"almost_certain","2p4",NA,51.5654,6.0093,FALSE,25,"Common Chaffinch","Fringilla coelebs","#fb7eff","avian","https://media.birdweather.com/species/25/CommonChaffinch-standard-d8edb223d1ec828ee0cda788e8f5f209.jpg","https://media.birdweather.com/species/25/CommonChaffinch-thumbnail-7ba0a46bb0cd7efdb3215242f9528140.jpg","https://media.birdweather.com/species/25/CommonChaffinch-png200-ced617224ab07c316109e2d0e9078f2e.png","WfgJDwKGhIbAbHimmnhluHh2tv25ZoAD",12081668620,"https://media.birdweather.com/soundscapes/6891/6891-20260521-091241.flac",0,3,"birdnetpi"
7976721687,6891,"2026-05-21T11:12:08.000+02:00",0.82,0.84393298625946,9.30103060381377,"almost_certain","2p4",NA,51.5647,6.0018,FALSE,1,"House Sparrow","Passer domesticus","#d16ff8","avian","https://media.birdweather.com/species/1/HouseSparrow-standard-b861184cf45c092cdb45fd689dd676ef.jpg","https://media.birdweather.com/species/1/HouseSparrow-thumbnail-e9cbc91763a1579de8ef04880678b5e3.jpg","https://media.birdweather.com/species/1/HouseSparrow-png200-125e8603e1efe9d7a18316b94f06a65e.png","XAgCDwD8qpukuHiqtLZ9mImnmPFcDO4E",12081652057,"https://media.birdweather.com/soundscapes/6891/6891-20260521-091208.flac",0,3,"birdnetpi"
7976692762,6891,"2026-05-21T11:10:42.000+02:00",0.97,0.567586779594421,9.11259378848898,"almost_certain","2p4",NA,51.5694,6.0027,FALSE,294,"European Greenfinch","Chloris chloris","#fea614","avian","https://media.birdweather.com/species/294/EuropeanGreenfinch-standard-34aa36357c06fbf52af390917f29436b.jpg","https://media.birdweather.com/species/294/EuropeanGreenfinch-thumbnail-7466d93ab9340d75d4eec2ca6eeed529.jpg","https://media.birdweather.com/species/294/EuropeanGreenfinch-png200-8b2951bb918db1cbed643a9530efa558.png","FRkGHwJYqWeEd4ifapeoh4ZriPUnaG8B",12081612262,"https://media.birdweather.com/soundscapes/6891/6891-20260521-091042.flac",0,3,"birdnetpi"
7976665158,6891,"2026-05-21T11:09:20.000+02:00",0.91,0.84393298625946,9.51972390327465,"almost_certain","2p4",NA,51.5688,6.009,FALSE,1,"House Sparrow","Passer domesticus","#d16ff8","avian","https://media.birdweather.com/species/1/HouseSparrow-standard-b861184cf45c092cdb45fd689dd676ef.jpg","https://media.birdweather.com/species/1/HouseSparrow-thumbnail-e9cbc91763a1579de8ef04880678b5e3.jpg","https://media.birdweather.com/species/1/HouseSparrow-png200-125e8603e1efe9d7a18316b94f06a65e.png","XAgCDwD8qpukuHiqtLZ9mImnmPFcDO4E",12081573426,"https://media.birdweather.com/soundscapes/6891/6891-20260521-090920.flac",0,3,"birdnetpi"
7976659262,6891,"2026-05-21T11:09:09.000+02:00",0.91,0.84393298625946,9.51972390327465,"almost_certain","2p4",NA,51.569,6.0037,FALSE,1,"House Sparrow","Passer domesticus","#d16ff8","avian","https://media.birdweather.com/species/1/HouseSparrow-standard-b861184cf45c092cdb45fd689dd676ef.jpg","https://media.birdweather.com/species/1/HouseSparrow-thumbnail-e9cbc91763a1579de8ef04880678b5e3.jpg","https://media.birdweather.com/species/1/HouseSparrow-png200-125e8603e1efe9d7a18316b94f06a65e.png","XAgCDwD8qpukuHiqtLZ9mImnmPFcDO4E",12081565329,"https://media.birdweather.com/soundscapes/6891/6891-20260521-090909.flac",0,3,"birdnetpi"
7976644812,6891,"2026-05-21T11:08:20.000+02:00",0.84,0.84393298625946,9.35273485315027,"almost_certain","2p4",NA,51.5674,6.002,FALSE,1,"House Sparrow","Passer domesticus","#d16ff8","avian","https://media.birdweather.com/species/1/HouseSparrow-standard-b861184cf45c092cdb45fd689dd676ef.jpg","https://media.birdweather.com/species/1/HouseSparrow-thumbnail-e9cbc91763a1579de8ef04880678b5e3.jpg","https://media.birdweather.com/species/1/HouseSparrow-png200-125e8603e1efe9d7a18316b94f06a65e.png","XAgCDwD8qpukuHiqtLZ9mImnmPFcDO4E",12081545074,"https://media.birdweather.com/soundscapes/6891/6891-20260521-090820.flac",0,3,"birdnetpi"
7976628098,6891,"2026-05-21T11:07:42.000+02:00",0.78,0.84393298625946,9.19137209430103,"almost_certain","2p4",NA,51.5624,6.0088,FALSE,1,"House Sparrow","Passer domesticus","#d16ff8","avian","https://media.birdweather.com/species/1/HouseSparrow-standard-b861184cf45c092cdb45fd689dd676ef.jpg","https://media.birdweather.com/species/1/HouseSparrow-thumbnail-e9cbc91763a1579de8ef04880678b5e3.jpg","https://media.birdweather.com/species/1/HouseSparrow-png200-125e8603e1efe9d7a18316b94f06a65e.png","XAgCDwD8qpukuHiqtLZ9mImnmPFcDO4E",12081521398,"https://media.birdweather.com/soundscapes/6891/6891-20260521-090742.flac",0,3,"birdnetpi"
7976618880,6891,"2026-05-21T11:07:11.000+02:00",0.92,0.84393298625946,9.54200081686899,"almost_certain","2p4",NA,51.567,6.0016,FALSE,1,"House Sparrow","Passer domesticus","#d16ff8","avian","https://media.birdweather.com/species/1/HouseSparrow-standard-b861184cf45c092cdb45fd689dd676ef.jpg","https://media.birdweather.com/species/1/HouseSparrow-thumbnail-e9cbc91763a1579de8ef04880678b5e3.jpg","https://media.birdweather.com/species/1/HouseSparrow-png200-125e8603e1efe9d7a18316b94f06a65e.png","XAgCDwD8qpukuHiqtLZ9mImnmPFcDO4E",12081508383,"https://media.birdweather.com/soundscapes/6891/6891-20260521-090711.flac",0,3,"birdnetpi"
7976618555,6891,"2026-05-21T11:07:02.000+02:00",0.85,0.997818529605865,9.60486940744324,"almost_certain","2p4",NA,51.5652,6.0087,FALSE,407,"Common Wood-Pigeon","Columba palumbus","#028fb2","avian","https://media.birdweather.com/species/407/CommonWood-Pigeon-standard-5558900260c92622ceef8a812b06518e.jpg","https://media.birdweather.com/species/407/CommonWood-Pigeon-thumbnail-4b86c907c8b82c8af31d566b811dee05.jpg","https://media.birdweather.com/species/407/CommonWood-Pigeon-png200-533b13201573be3895fcec3e61e861b5.png","2ukFHwIHiYeWxnZUiniYZ3h5h6+rCIQH",12081507927,"https://media.birdweather.com/soundscapes/6891/6891-20260521-090702.flac",0,3,"birdnetpi"
7976613964,6891,"2026-05-21T11:06:57.000+02:00",0.74,0.84393298625946,9.07216650782523,"almost_certain","2p4",NA,51.5658,6.0088,FALSE,1,"House Sparrow","Passer domesticus","#d16ff8","avian","https://media.birdweather.com/species/1/HouseSparrow-standard-b861184cf45c092cdb45fd689dd676ef.jpg","https://media.birdweather.com/species/1/HouseSparrow-thumbnail-e9cbc91763a1579de8ef04880678b5e3.jpg","https://media.birdweather.com/species/1/HouseSparrow-png200-125e8603e1efe9d7a18316b94f06a65e.png","XAgCDwD8qpukuHiqtLZ9mImnmPFcDO4E",12081501437,"https://media.birdweather.com/soundscapes/6891/6891-20260521-090657.flac",0,3,"birdnetpi"
7976603214,6891,"2026-05-21T11:06:26.000+02:00",0.95,0.84393298625946,9.60673726911424,"almost_certain","2p4",NA,51.5704,6.0041,FALSE,1,"House Sparrow","Passer domesticus","#d16ff8","avian","https://media.birdweather.com/species/1/HouseSparrow-standard-b861184cf45c092cdb45fd689dd676ef.jpg","https://media.birdweather.com/species/1/HouseSparrow-thumbnail-e9cbc91763a1579de8ef04880678b5e3.jpg","https://media.birdweather.com/species/1/HouseSparrow-png200-125e8603e1efe9d7a18316b94f06a65e.png","XAgCDwD8qpukuHiqtLZ9mImnmPFcDO4E",12081486201,"https://media.birdweather.com/soundscapes/6891/6891-20260521-090626.flac",0,3,"birdnetpi"
7976601613,6891,"2026-05-21T11:06:12.000+02:00",0.97,0.997818529605865,9.87525183224037,"almost_certain","2p4",NA,51.5665,6.0028,FALSE,407,"Common Wood-Pigeon","Columba palumbus","#028fb2","avian","https://media.birdweather.com/species/407/CommonWood-Pigeon-standard-5558900260c92622ceef8a812b06518e.jpg","https://media.birdweather.com/species/407/CommonWood-Pigeon-thumbnail-4b86c907c8b82c8af31d566b811dee05.jpg","https://media.birdweather.com/species/407/CommonWood-Pigeon-png200-533b13201573be3895fcec3e61e861b5.png","2ukFHwIHiYeWxnZUiniYZ3h5h6+rCIQH",12081483893,"https://media.birdweather.com/soundscapes/6891/6891-20260521-090612.flac",0,3,"birdnetpi"
7976593348,6891,"2026-05-21T11:05:46.000+02:00",0.96,0.84393298625946,9.62765370593342,"almost_certain","2p4",NA,51.57,6.0011,FALSE,1,"House Sparrow","Passer domesticus","#d16ff8","avian","https://media.birdweather.com/species/1/HouseSparrow-standard-b861184cf45c092cdb45fd689dd676ef.jpg","https://media.birdweather.com/species/1/HouseSparrow-thumbnail-e9cbc91763a1579de8ef04880678b5e3.jpg","https://media.birdweather.com/species/1/HouseSparrow-png200-125e8603e1efe9d7a18316b94f06a65e.png","XAgCDwD8qpukuHiqtLZ9mImnmPFcDO4E",12081472063,"https://media.birdweather.com/soundscapes/6891/6891-20260521-090546.flac",0,3,"birdnetpi"
7976591975,6891,"2026-05-21T11:05:43.000+02:00",0.99,0.803734242916107,9.62249274067583,"almost_certain","2p4",NA,51.5653,6.007,FALSE,551,"Common Swift","Apus apus","#234bb2","avian","https://media.birdweather.com/species/551/CommonSwift-standard-ba54f84fbd8481b1c0de60654fbd79d5.jpg","https://media.birdweather.com/species/551/CommonSwift-thumbnail-bad1d7e3c141990f11d01e49e9f768ac.jpg","https://media.birdweather.com/species/551/CommonSwift-png200-f52bea49cb0e4232049806bde3e1a401.png","LLYFFwLchWelV5dvsqh1jKZoKJIEMkoA",12081470238,"https://media.birdweather.com/soundscapes/6891/6891-20260521-090543.flac",0,3,"birdnetpi"
7976584443,6891,"2026-05-21T11:05:21.000+02:00",0.85,0.84393298625946,9.3778731731257,"almost_certain","2p4",NA,51.5683,6.006,FALSE,1,"House Sparrow","Passer domesticus","#d16ff8","avian","https://media.birdweather.com/species/1/HouseSparrow-standard-b861184cf45c092cdb45fd689dd676ef.jpg","https://media.birdweather.com/species/1/HouseSparrow-thumbnail-e9cbc91763a1579de8ef04880678b5e3.jpg","https://media.birdweather.com/species/1/HouseSparrow-png200-125e8603e1efe9d7a18316b94f06a65e.png","XAgCDwD8qpukuHiqtLZ9mImnmPFcDO4E",12081459276,"https://media.birdweather.com/soundscapes/6891/6891-20260521-090521.flac",0,3,"birdnetpi"
7976583332,6891,"2026-05-21T11:05:15.000+02:00",0.95,0.997818529605865,9.83373350343177,"almost_certain","2p4",NA,51.5652,6.0029,FALSE,407,"Common Wood-Pigeon","Columba palumbus","#028fb2","avian","https://media.birdweather.com/species/407/CommonWood-Pigeon-standard-5558900260c92622ceef8a812b06518e.jpg","https://media.birdweather.com/species/407/CommonWood-Pigeon-thumbnail-4b86c907c8b82c8af31d566b811dee05.jpg","https://media.birdweather.com/species/407/CommonWood-Pigeon-png200-533b13201573be3895fcec3e61e861b5.png","2ukFHwIHiYeWxnZUiniYZ3h5h6+rCIQH",12081457365,"https://media.birdweather.com/soundscapes/6891/6891-20260521-090515.flac",0,3,"birdnetpi"
7976577456,6891,"2026-05-21T11:05:00.000+02:00",0.94,0.84393298625946,9.58549653355997,"almost_certain","2p4",NA,51.5618,6.0009,FALSE,1,"House Sparrow","Passer domesticus","#d16ff8","avian","https://media.birdweather.com/species/1/HouseSparrow-standard-b861184cf45c092cdb45fd689dd676ef.jpg","https://media.birdweather.com/species/1/HouseSparrow-thumbnail-e9cbc91763a1579de8ef04880678b5e3.jpg","https://media.birdweather.com/species/1/HouseSparrow-png200-125e8603e1efe9d7a18316b94f06a65e.png","XAgCDwD8qpukuHiqtLZ9mImnmPFcDO4E",12081448931,"https://media.birdweather.com/soundscapes/6891/6891-20260521-090500.flac",0,3,"birdnetpi"
7976571756,6891,"2026-05-21T11:04:51.000+02:00",0.97,0.84393298625946,9.64825559792284,"almost_certain","2p4",NA,51.5656,6.0054,FALSE,1,"House Sparrow","Passer domesticus","#d16ff8","avian","https://media.birdweather.com/species/1/HouseSparrow-standard-b861184cf45c092cdb45fd689dd676ef.jpg","https://media.birdweather.com/species/1/HouseSparrow-thumbnail-e9cbc91763a1579de8ef04880678b5e3.jpg","https://media.birdweather.com/species/1/HouseSparrow-png200-125e8603e1efe9d7a18316b94f06a65e.png","XAgCDwD8qpukuHiqtLZ9mImnmPFcDO4E",12081440462,"https://media.birdweather.com/soundscapes/6891/6891-20260521-090451.flac",0,3,"birdnetpi"
7976565695,6891,"2026-05-21T11:04:21.000+02:00",0.93,0.84393298625946,9.56392128451362,"almost_certain","2p4",NA,51.5657,6.0049,FALSE,1,"House Sparrow","Passer domesticus","#d16ff8","avian","https://media.birdweather.com/species/1/HouseSparrow-standard-b861184cf45c092cdb45fd689dd676ef.jpg","https://media.birdweather.com/species/1/HouseSparrow-thumbnail-e9cbc91763a1579de8ef04880678b5e3.jpg","https://media.birdweather.com/species/1/HouseSparrow-png200-125e8603e1efe9d7a18316b94f06a65e.png","XAgCDwD8qpukuHiqtLZ9mImnmPFcDO4E",12081431319,"https://media.birdweather.com/soundscapes/6891/6891-20260521-090421.flac",0,3,"birdnetpi"
7976555004,6891,"2026-05-21T11:03:54.000+02:00",0.86,0.84393298625946,9.40255852566437,"almost_certain","2p4",NA,51.5664,6.0016,FALSE,1,"House Sparrow","Passer domesticus","#d16ff8","avian","https://media.birdweather.com/species/1/HouseSparrow-standard-b861184cf45c092cdb45fd689dd676ef.jpg","https://media.birdweather.com/species/1/HouseSparrow-thumbnail-e9cbc91763a1579de8ef04880678b5e3.jpg","https://media.birdweather.com/species/1/HouseSparrow-png200-125e8603e1efe9d7a18316b94f06a65e.png","XAgCDwD8qpukuHiqtLZ9mImnmPFcDO4E",12081415742,"https://media.birdweather.com/soundscapes/6891/6891-20260521-090354.flac",0,3,"birdnetpi"
7976540281,6891,"2026-05-21T11:03:00.000+02:00",0.89,0.84393298625946,9.47405300750805,"almost_certain","2p4",NA,51.5665,6.0033,FALSE,1,"House Sparrow","Passer domesticus","#d16ff8","avian","https://media.birdweather.com/species/1/HouseSparrow-standard-b861184cf45c092cdb45fd689dd676ef.jpg","https://media.birdweather.com/species/1/HouseSparrow-thumbnail-e9cbc91763a1579de8ef04880678b5e3.jpg","https://media.birdweather.com/species/1/HouseSparrow-png200-125e8603e1efe9d7a18316b94f06a65e.png","XAgCDwD8qpukuHiqtLZ9mImnmPFcDO4E",12081393562,"https://media.birdweather.com/soundscapes/6891/6891-20260521-090300.flac",0,3,"birdnetpi"
7976531640,6891,"2026-05-21T11:02:41.000+02:00",0.82,0.84393298625946,9.30103060381377,"almost_certain","2p4",NA,51.5701,6.0057,FALSE,1,"House Sparrow","Passer domesticus","#d16ff8","avian","https://media.birdweather.com/species/1/HouseSparrow-standard-b861184cf45c092cdb45fd689dd676ef.jpg","https://media.birdweather.com/species/1/HouseSparrow-thumbnail-e9cbc91763a1579de8ef04880678b5e3.jpg","https://media.birdweather.com/species/1/HouseSparrow-png200-125e8603e1efe9d7a18316b94f06a65e.png","XAgCDwD8qpukuHiqtLZ9mImnmPFcDO4E",12081380873,"https://media.birdweather.com/soundscapes/6891/6891-20260521-090241.flac",0,3,"birdnetpi"
7976499661,6891,"2026-05-21T11:01:03.000+02:00",0.89,0.84393298625946,9.47405300750805,"almost_certain","2p4",NA,51.5669,6.0072,FALSE,1,"House Sparrow","Passer domesticus","#d16ff8","avian","https://media.birdweather.com/species/1/HouseSparrow-standard-b861184cf45c092cdb45fd689dd676ef.jpg","https://media.birdweather.com/species/1/HouseSparrow-thumbnail-e9cbc91763a1579de8ef04880678b5e3.jpg","https://media.birdweather.com/species/1/HouseSparrow-png200-125e8603e1efe9d7a18316b94f06a65e.png","XAgCDwD8qpukuHiqtLZ9mImnmPFcDO4E",12081332496,"https://media.birdweather.com/soundscapes/6891/6891-20260521-090103.flac",0,3,"birdnetpi"
7976488596,6891,"2026-05-21T11:00:17.000+02:00",0.84,0.84393298625946,9.35273485315027,"almost_certain","2p4",NA,51.5696,6.002,FALSE,1,"House Sparrow","Passer domesticus","#d16ff8","avian","https://media.birdweather.com/species/1/HouseSparrow-standard-b861184cf45c092cdb45fd689dd676ef.jpg","https://media.birdweather.com/species/1/HouseSparrow-thumbnail-e9cbc91763a1579de8ef04880678b5e3.jpg","https://media.birdweather.com/species/1/HouseSparrow-png200-125e8603e1efe9d7a18316b94f06a65e.png","XAgCDwD8qpukuHiqtLZ9mImnmPFcDO4E",12081315408,"https://media.birdweather.com/soundscapes/6891/6891-20260521-090017.flac",0,3,"birdnetpi"
7976476765,6891,"2026-05-21T10:59:36.000+02:00",0.89,0.84393298625946,9.47405300750805,"almost_certain","2p4",NA,51.5696,6.0078,FALSE,1,"House Sparrow","Passer domesticus","#d16ff8","avian","https://media.birdweather.com/species/1/HouseSparrow-standard-b861184cf45c092cdb45fd689dd676ef.jpg","https://media.birdweather.com/species/1/HouseSparrow-thumbnail-e9cbc91763a1579de8ef04880678b5e3.jpg","https://media.birdweather.com/species/1/HouseSparrow-png200-125e8603e1efe9d7a18316b94f06a65e.png","XAgCDwD8qpukuHiqtLZ9mImnmPFcDO4E",12081297256,"https://media.birdweather.com/soundscapes/6891/6891-20260521-085936.flac",0,3,"birdnetpi"
7976467732,6891,"2026-05-21T10:59:12.000+02:00",0.82,0.84393298625946,9.30103060381377,"almost_certain","2p4",NA,51.5698,6.0054,FALSE,1,"House Sparrow","Passer domesticus","#d16ff8","avian","https://media.birdweather.com/species/1/HouseSparrow-standard-b861184cf45c092cdb45fd689dd676ef.jpg","https://media.birdweather.com/species/1/HouseSparrow-thumbnail-e9cbc91763a1579de8ef04880678b5e3.jpg","https://media.birdweather.com/species/1/HouseSparrow-png200-125e8603e1efe9d7a18316b94f06a65e.png","XAgCDwD8qpukuHiqtLZ9mImnmPFcDO4E",12081283860,"https://media.birdweather.com/soundscapes/6891/6891-20260521-085912.flac",0,3,"birdnetpi"
7976459216,6891,"2026-05-21T10:58:41.000+02:00",0.84,0.84393298625946,9.35273485315027,"almost_certain","2p4",NA,51.5692,6.0091,FALSE,1,"House Sparrow","Passer domesticus","#d16ff8","avian","https://media.birdweather.com/species/1/HouseSparrow-standard-b861184cf45c092cdb45fd689dd676ef.jpg","https://media.birdweather.com/species/1/HouseSparrow-thumbnail-e9cbc91763a1579de8ef04880678b5e3.jpg","https://media.birdweather.com/species/1/HouseSparrow-png200-125e8603e1efe9d7a18316b94f06a65e.png","XAgCDwD8qpukuHiqtLZ9mImnmPFcDO4E",12081271051,"https://media.birdweather.com/soundscapes/6891/6891-20260521-085841.flac",0,3,"birdnetpi"
7976454548,6891,"2026-05-21T10:58:32.000+02:00",0.86,0.84393298625946,9.40255852566437,"almost_certain","2p4",NA,51.5704,6.0017,FALSE,1,"House Sparrow","Passer domesticus","#d16ff8","avian","https://media.birdweather.com/species/1/HouseSparrow-standard-b861184cf45c092cdb45fd689dd676ef.jpg","https://media.birdweather.com/species/1/HouseSparrow-thumbnail-e9cbc91763a1579de8ef04880678b5e3.jpg","https://media.birdweather.com/species/1/HouseSparrow-png200-125e8603e1efe9d7a18316b94f06a65e.png","XAgCDwD8qpukuHiqtLZ9mImnmPFcDO4E",12081264007,"https://media.birdweather.com/soundscapes/6891/6891-20260521-085832.flac",0,3,"birdnetpi"
7976446327,6891,"2026-05-21T10:58:00.000+02:00",0.81,0.84393298625946,9.27442782618954,"almost_certain","2p4",NA,51.5657,6.0068,FALSE,1,"House Sparrow","Passer domesticus","#d16ff8","avian","https://media.birdweather.com/species/1/HouseSparrow-standard-b861184cf45c092cdb45fd689dd676ef.jpg","https://media.birdweather.com/species/1/HouseSparrow-thumbnail-e9cbc91763a1579de8ef04880678b5e3.jpg","https://media.birdweather.com/species/1/HouseSparrow-png200-125e8603e1efe9d7a18316b94f06a65e.png","XAgCDwD8qpukuHiqtLZ9mImnmPFcDO4E",12081251224,"https://media.birdweather.com/soundscapes/6891/6891-20260521-085800.flac",0,3,"birdnetpi"
7976440971,6891,"2026-05-21T10:57:44.000+02:00",0.87,0.84393298625946,9.42680694629055,"almost_certain","2p4",NA,51.5703,6.0015,FALSE,1,"House Sparrow","Passer domesticus","#d16ff8","avian","https://media.birdweather.com/species/1/HouseSparrow-standard-b861184cf45c092cdb45fd689dd676ef.jpg","https://media.birdweather.com/species/1/HouseSparrow-thumbnail-e9cbc91763a1579de8ef04880678b5e3.jpg","https://media.birdweather.com/species/1/HouseSparrow-png200-125e8603e1efe9d7a18316b94f06a65e.png","XAgCDwD8qpukuHiqtLZ9mImnmPFcDO4E",12081243113,"https://media.birdweather.com/soundscapes/6891/6891-20260521-085744.flac",0,3,"birdnetpi"
7976436484,6891,"2026-05-21T10:57:33.000+02:00",0.94,0.84393298625946,9.58549653355997,"almost_certain","2p4",NA,51.5671,6.0087,FALSE,1,"House Sparrow","Passer domesticus","#d16ff8","avian","https://media.birdweather.com/species/1/HouseSparrow-standard-b861184cf45c092cdb45fd689dd676ef.jpg","https://media.birdweather.com/species/1/HouseSparrow-thumbnail-e9cbc91763a1579de8ef04880678b5e3.jpg","https://media.birdweather.com/species/1/HouseSparrow-png200-125e8603e1efe9d7a18316b94f06a65e.png","XAgCDwD8qpukuHiqtLZ9mImnmPFcDO4E",12081236031,"https://media.birdweather.com/soundscapes/6891/6891-20260521-085733.flac",0,3,"birdnetpi"
7976428141,6891,"2026-05-21T10:57:09.000+02:00",0.93,0.84393298625946,9.56392128451362,"almost_certain","2p4",NA,51.5635,6.0071,FALSE,1,"House Sparrow","Passer domesticus","#d16ff8","avian","https://media.birdweather.com/species/1/HouseSparrow-standard-b861184cf45c092cdb45fd689dd676ef.jpg","https://media.birdweather.com/species/1/HouseSparrow-thumbnail-e9cbc91763a1579de8ef04880678b5e3.jpg","https://media.birdweather.com/species/1/HouseSparrow-png200-125e8603e1efe9d7a18316b94f06a65e.png","XAgCDwD8qpukuHiqtLZ9mImnmPFcDO4E",12081223246,"https://media.birdweather.com/soundscapes/6891/6891-20260521-085709.flac",0,3,"birdnetpi"
7976419663,6891,"2026-05-21T10:56:45.000+02:00",0.87,0.84393298625946,9.42680694629055,"almost_certain","2p4",NA,51.5688,6.0089,FALSE,1,"House Sparrow","Passer domesticus","#d16ff8","avian","https://media.birdweather.com/species/1/HouseSparrow-standard-b861184cf45c092cdb45fd689dd676ef.jpg","https://media.birdweather.com/species/1/HouseSparrow-thumbnail-e9cbc91763a1579de8ef04880678b5e3.jpg","https://media.birdweather.com/species/1/HouseSparrow-png200-125e8603e1efe9d7a18316b94f06a65e.png","XAgCDwD8qpukuHiqtLZ9mImnmPFcDO4E",12081210497,"https://media.birdweather.com/soundscapes/6891/6891-20260521-085645.flac",0,3,"birdnetpi"
7976411437,6891,"2026-05-21T10:56:06.000+02:00",0.76,0.84393298625946,9.13306542254728,"almost_certain","2p4",NA,51.5672,6.0066,FALSE,1,"House Sparrow","Passer domesticus","#d16ff8","avian","https://media.birdweather.com/species/1/HouseSparrow-standard-b861184cf45c092cdb45fd689dd676ef.jpg","https://media.birdweather.com/species/1/HouseSparrow-thumbnail-e9cbc91763a1579de8ef04880678b5e3.jpg","https://media.birdweather.com/species/1/HouseSparrow-png200-125e8603e1efe9d7a18316b94f06a65e.png","XAgCDwD8qpukuHiqtLZ9mImnmPFcDO4E",12081197862,"https://media.birdweather.com/soundscapes/6891/6891-20260521-085606.flac",0,3,"birdnetpi"
7976358553,6891,"2026-05-21T10:53:21.000+02:00",0.77,0.84393298625946,9.1625289237,"almost_certain","2p4",NA,51.5699,6.0042,FALSE,1,"House Sparrow","Passer domesticus","#d16ff8","avian","https://media.birdweather.com/species/1/HouseSparrow-standard-b861184cf45c092cdb45fd689dd676ef.jpg","https://media.birdweather.com/species/1/HouseSparrow-thumbnail-e9cbc91763a1579de8ef04880678b5e3.jpg","https://media.birdweather.com/species/1/HouseSparrow-png200-125e8603e1efe9d7a18316b94f06a65e.png","XAgCDwD8qpukuHiqtLZ9mImnmPFcDO4E",12081114980,"https://media.birdweather.com/soundscapes/6891/6891-20260521-085321.flac",0,3,"birdnetpi"
7976341575,6891,"2026-05-21T10:52:15.000+02:00",0.81,0.84393298625946,9.27442782618954,"almost_certain","2p4",NA,51.5653,6.003,FALSE,1,"House Sparrow","Passer domesticus","#d16ff8","avian","https://media.birdweather.com/species/1/HouseSparrow-standard-b861184cf45c092cdb45fd689dd676ef.jpg","https://media.birdweather.com/species/1/HouseSparrow-thumbnail-e9cbc91763a1579de8ef04880678b5e3.jpg","https://media.birdweather.com/species/1/HouseSparrow-png200-125e8603e1efe9d7a18316b94f06a65e.png","XAgCDwD8qpukuHiqtLZ9mImnmPFcDO4E",12081088164,"https://media.birdweather.com/soundscapes/6891/6891-20260521-085215.flac",0,3,"birdnetpi"
7976335371,6891,"2026-05-21T10:51:53.000+02:00",0.75,0.84393298625946,9.10295432034255,"almost_certain","2p4",NA,51.5639,6.0092,FALSE,1,"House Sparrow","Passer domesticus","#d16ff8","avian","https://media.birdweather.com/species/1/HouseSparrow-standard-b861184cf45c092cdb45fd689dd676ef.jpg","https://media.birdweather.com/species/1/HouseSparrow-thumbnail-e9cbc91763a1579de8ef04880678b5e3.jpg","https://media.birdweather.com/species/1/HouseSparrow-png200-125e8603e1efe9d7a18316b94f06a65e.png","XAgCDwD8qpukuHiqtLZ9mImnmPFcDO4E",12081078206,"https://media.birdweather.com/soundscapes/6891/6891-20260521-085153.flac",0,3,"birdnetpi"
7976326885,6891,"2026-05-21T10:51:24.000+02:00",0.71,0.892300605773926,9.05090060455066,"almost_certain","2p4",NA,51.5704,6.0057,FALSE,66,"Eurasian Blue Tit","Cyanistes caeruleus","#4b8900","avian","https://media.birdweather.com/species/66/EurasianBlueTit-standard-4ec8e45d78b2908d0f41ae495ae07571.jpg","https://media.birdweather.com/species/66/EurasianBlueTit-thumbnail-4d9abc54a3abc3fb12e78e603cbe6784.jpg","https://media.birdweather.com/species/66/EurasianBlueTit-png200-49adab92304ba7a74e93ac43e38e62d3.png","EfgJBwAKhHiEm2ZheGllqXeZhi/ze3EP",12081064540,"https://media.birdweather.com/soundscapes/6891/6891-20260521-085124.flac",0,3,"birdnetpi"
7976319642,6891,"2026-05-21T10:51:02.000+02:00",0.9,0.84393298625946,9.49707875960149,"almost_certain","2p4",NA,51.5694,6.0016,FALSE,1,"House Sparrow","Passer domesticus","#d16ff8","avian","https://media.birdweather.com/species/1/HouseSparrow-standard-b861184cf45c092cdb45fd689dd676ef.jpg","https://media.birdweather.com/species/1/HouseSparrow-thumbnail-e9cbc91763a1579de8ef04880678b5e3.jpg","https://media.birdweather.com/species/1/HouseSparrow-png200-125e8603e1efe9d7a18316b94f06a65e.png","XAgCDwD8qpukuHiqtLZ9mImnmPFcDO4E",12081053192,"https://media.birdweather.com/soundscapes/6891/6891-20260521-085102.flac",0,3,"birdnetpi"
7976309991,6891,"2026-05-21T10:50:30.000+02:00",0.82,0.84393298625946,9.30103060381377,"almost_certain","2p4",NA,51.5668,6.0055,FALSE,1,"House Sparrow","Passer domesticus","#d16ff8","avian","https://media.birdweather.com/species/1/HouseSparrow-standard-b861184cf45c092cdb45fd689dd676ef.jpg","https://media.birdweather.com/species/1/HouseSparrow-thumbnail-e9cbc91763a1579de8ef04880678b5e3.jpg","https://media.birdweather.com/species/1/HouseSparrow-png200-125e8603e1efe9d7a18316b94f06a65e.png","XAgCDwD8qpukuHiqtLZ9mImnmPFcDO4E",12081037697,"https://media.birdweather.com/soundscapes/6891/6891-20260521-085030.flac",0,3,"birdnetpi"
7976297416,6891,"2026-05-21T10:49:53.000+02:00",0.74,0.84393298625946,9.07216650782523,"almost_certain","2p4",NA,51.5621,6.0073,FALSE,1,"House Sparrow","Passer domesticus","#d16ff8","avian","https://media.birdweather.com/species/1/HouseSparrow-standard-b861184cf45c092cdb45fd689dd676ef.jpg","https://media.birdweather.com/species/1/HouseSparrow-thumbnail-e9cbc91763a1579de8ef04880678b5e3.jpg","https://media.birdweather.com/species/1/HouseSparrow-png200-125e8603e1efe9d7a18316b94f06a65e.png","XAgCDwD8qpukuHiqtLZ9mImnmPFcDO4E",12081017468,"https://media.birdweather.com/soundscapes/6891/6891-20260521-084953.flac",0,3,"birdnetpi"
7976281898,6891,"2026-05-21T10:48:51.000+02:00",0.7,0.84393298625946,8.94159156149331,"almost_certain","2p4",NA,51.5657,6.0033,FALSE,1,"House Sparrow","Passer domesticus","#d16ff8","avian","https://media.birdweather.com/species/1/HouseSparrow-standard-b861184cf45c092cdb45fd689dd676ef.jpg","https://media.birdweather.com/species/1/HouseSparrow-thumbnail-e9cbc91763a1579de8ef04880678b5e3.jpg","https://media.birdweather.com/species/1/HouseSparrow-png200-125e8603e1efe9d7a18316b94f06a65e.png","XAgCDwD8qpukuHiqtLZ9mImnmPFcDO4E",12080992391,"https://media.birdweather.com/soundscapes/6891/6891-20260521-084851.flac",0,3,"birdnetpi"
7976269516,6891,"2026-05-21T10:48:20.000+02:00",0.7,0.84393298625946,8.94159156149331,"almost_certain","2p4",NA,51.5679,6.0091,FALSE,1,"House Sparrow","Passer domesticus","#d16ff8","avian","https://media.birdweather.com/species/1/HouseSparrow-standard-b861184cf45c092cdb45fd689dd676ef.jpg","https://media.birdweather.com/species/1/HouseSparrow-thumbnail-e9cbc91763a1579de8ef04880678b5e3.jpg","https://media.birdweather.com/species/1/HouseSparrow-png200-125e8603e1efe9d7a18316b94f06a65e.png","XAgCDwD8qpukuHiqtLZ9mImnmPFcDO4E",12080972037,"https://media.birdweather.com/soundscapes/6891/6891-20260521-084820.flac",0,3,"birdnetpi"
7976172221,6891,"2026-05-21T10:42:26.000+02:00",1,0.803734242916107,9.64220531098521,"almost_certain","2p4",NA,51.5643,6.003,FALSE,551,"Common Swift","Apus apus","#234bb2","avian","https://media.birdweather.com/species/551/CommonSwift-standard-ba54f84fbd8481b1c0de60654fbd79d5.jpg","https://media.birdweather.com/species/551/CommonSwift-thumbnail-bad1d7e3c141990f11d01e49e9f768ac.jpg","https://media.birdweather.com/species/551/CommonSwift-png200-f52bea49cb0e4232049806bde3e1a401.png","LLYFFwLchWelV5dvsqh1jKZoKJIEMkoA",12080809800,"https://media.birdweather.com/soundscapes/6891/6891-20260521-084226.flac",0,3,"birdnetpi"
7976158441,6891,"2026-05-21T10:41:36.000+02:00",0.79,0.84393298625946,9.21962051776877,"almost_certain","2p4",NA,51.5692,6.0033,FALSE,1,"House Sparrow","Passer domesticus","#d16ff8","avian","https://media.birdweather.com/species/1/HouseSparrow-standard-b861184cf45c092cdb45fd689dd676ef.jpg","https://media.birdweather.com/species/1/HouseSparrow-thumbnail-e9cbc91763a1579de8ef04880678b5e3.jpg","https://media.birdweather.com/species/1/HouseSparrow-png200-125e8603e1efe9d7a18316b94f06a65e.png","XAgCDwD8qpukuHiqtLZ9mImnmPFcDO4E",12080786898,"https://media.birdweather.com/soundscapes/6891/6891-20260521-084136.flac",0,3,"birdnetpi"
7976128765,6891,"2026-05-21T10:39:48.000+02:00",0.75,0.84393298625946,9.10295432034255,"almost_certain","2p4",NA,51.569,6.0054,FALSE,1,"House Sparrow","Passer domesticus","#d16ff8","avian","https://media.birdweather.com/species/1/HouseSparrow-standard-b861184cf45c092cdb45fd689dd676ef.jpg","https://media.birdweather.com/species/1/HouseSparrow-thumbnail-e9cbc91763a1579de8ef04880678b5e3.jpg","https://media.birdweather.com/species/1/HouseSparrow-png200-125e8603e1efe9d7a18316b94f06a65e.png","XAgCDwD8qpukuHiqtLZ9mImnmPFcDO4E",12080736302,"https://media.birdweather.com/soundscapes/6891/6891-20260521-083948.flac",0,3,"birdnetpi"
7976120291,6891,"2026-05-21T10:39:18.000+02:00",0.7,0.84393298625946,8.94159156149331,"almost_certain","2p4",NA,51.5651,6.0041,FALSE,1,"House Sparrow","Passer domesticus","#d16ff8","avian","https://media.birdweather.com/species/1/HouseSparrow-standard-b861184cf45c092cdb45fd689dd676ef.jpg","https://media.birdweather.com/species/1/HouseSparrow-thumbnail-e9cbc91763a1579de8ef04880678b5e3.jpg","https://media.birdweather.com/species/1/HouseSparrow-png200-125e8603e1efe9d7a18316b94f06a65e.png","XAgCDwD8qpukuHiqtLZ9mImnmPFcDO4E",12080722163,"https://media.birdweather.com/soundscapes/6891/6891-20260521-083918.flac",0,3,"birdnetpi"
7976110220,6891,"2026-05-21T10:38:42.000+02:00",0.87,0.84393298625946,9.42680694629055,"almost_certain","2p4",NA,51.5683,6.0032,FALSE,1,"House Sparrow","Passer domesticus","#d16ff8","avian","https://media.birdweather.com/species/1/HouseSparrow-standard-b861184cf45c092cdb45fd689dd676ef.jpg","https://media.birdweather.com/species/1/HouseSparrow-thumbnail-e9cbc91763a1579de8ef04880678b5e3.jpg","https://media.birdweather.com/species/1/HouseSparrow-png200-125e8603e1efe9d7a18316b94f06a65e.png","XAgCDwD8qpukuHiqtLZ9mImnmPFcDO4E",12080705104,"https://media.birdweather.com/soundscapes/6891/6891-20260521-083842.flac",0,3,"birdnetpi"
7976104308,6891,"2026-05-21T10:38:21.000+02:00",0.7,0.84393298625946,8.94159156149331,"almost_certain","2p4",NA,51.5628,6.0043,FALSE,1,"House Sparrow","Passer domesticus","#d16ff8","avian","https://media.birdweather.com/species/1/HouseSparrow-standard-b861184cf45c092cdb45fd689dd676ef.jpg","https://media.birdweather.com/species/1/HouseSparrow-thumbnail-e9cbc91763a1579de8ef04880678b5e3.jpg","https://media.birdweather.com/species/1/HouseSparrow-png200-125e8603e1efe9d7a18316b94f06a65e.png","XAgCDwD8qpukuHiqtLZ9mImnmPFcDO4E",12080695156,"https://media.birdweather.com/soundscapes/6891/6891-20260521-083821.flac",0,3,"birdnetpi"
7976095890,6891,"2026-05-21T10:37:53.000+02:00",0.89,0.84393298625946,9.47405300750805,"almost_certain","2p4",NA,51.5691,6.0024,FALSE,1,"House Sparrow","Passer domesticus","#d16ff8","avian","https://media.birdweather.com/species/1/HouseSparrow-standard-b861184cf45c092cdb45fd689dd676ef.jpg","https://media.birdweather.com/species/1/HouseSparrow-thumbnail-e9cbc91763a1579de8ef04880678b5e3.jpg","https://media.birdweather.com/species/1/HouseSparrow-png200-125e8603e1efe9d7a18316b94f06a65e.png","XAgCDwD8qpukuHiqtLZ9mImnmPFcDO4E",12080681078,"https://media.birdweather.com/soundscapes/6891/6891-20260521-083753.flac",0,3,"birdnetpi"
7976088003,6891,"2026-05-21T10:37:32.000+02:00",0.73,0.84393298625946,9.0406708678574,"almost_certain","2p4",NA,51.5634,6.0008,FALSE,1,"House Sparrow","Passer domesticus","#d16ff8","avian","https://media.birdweather.com/species/1/HouseSparrow-standard-b861184cf45c092cdb45fd689dd676ef.jpg","https://media.birdweather.com/species/1/HouseSparrow-thumbnail-e9cbc91763a1579de8ef04880678b5e3.jpg","https://media.birdweather.com/species/1/HouseSparrow-png200-125e8603e1efe9d7a18316b94f06a65e.png","XAgCDwD8qpukuHiqtLZ9mImnmPFcDO4E",12080667419,"https://media.birdweather.com/soundscapes/6891/6891-20260521-083732.flac",0,3,"birdnetpi"
7976089965,6891,"2026-05-21T10:37:29.000+02:00",0.76,0.892300605773926,9.20854558635582,"almost_certain","2p4",NA,51.5691,6.0036,FALSE,66,"Eurasian Blue Tit","Cyanistes caeruleus","#4b8900","avian","https://media.birdweather.com/species/66/EurasianBlueTit-standard-4ec8e45d78b2908d0f41ae495ae07571.jpg","https://media.birdweather.com/species/66/EurasianBlueTit-thumbnail-4d9abc54a3abc3fb12e78e603cbe6784.jpg","https://media.birdweather.com/species/66/EurasianBlueTit-png200-49adab92304ba7a74e93ac43e38e62d3.png","EfgJBwAKhHiEm2ZheGllqXeZhi/ze3EP",12080670749,"https://media.birdweather.com/soundscapes/6891/6891-20260521-083729.flac",0,3,"birdnetpi"
7976075897,6891,"2026-05-21T10:36:39.000+02:00",0.76,0.560286164283752,8.57997663586061,"almost_certain","2p4",NA,51.563,6.0031,FALSE,119,"Common House-Martin","Delichon urbicum","#53b1ff","avian","https://media.birdweather.com/species/119/CommonHouse-Martin-standard-9ffbcc688c51210fb136a162c84d82ad.jpg","https://media.birdweather.com/species/119/CommonHouse-Martin-thumbnail-dd7059ca6235347c3097e7a66f04df95.jpg","https://media.birdweather.com/species/119/CommonHouse-Martin-png200-a73a8953ce2af50676da81e70b2746b2.png","YhgKDwKJd4iIiHd/h5h5d4mIeQqVllAH",12080646634,"https://media.birdweather.com/soundscapes/6891/6891-20260521-083639.flac",0,3,"birdnetpi"
7976070501,6891,"2026-05-21T10:36:18.000+02:00",0.77,0.84393298625946,9.1625289237,"almost_certain","2p4",NA,51.5622,6.0036,FALSE,1,"House Sparrow","Passer domesticus","#d16ff8","avian","https://media.birdweather.com/species/1/HouseSparrow-standard-b861184cf45c092cdb45fd689dd676ef.jpg","https://media.birdweather.com/species/1/HouseSparrow-thumbnail-e9cbc91763a1579de8ef04880678b5e3.jpg","https://media.birdweather.com/species/1/HouseSparrow-png200-125e8603e1efe9d7a18316b94f06a65e.png","XAgCDwD8qpukuHiqtLZ9mImnmPFcDO4E",12080637271,"https://media.birdweather.com/soundscapes/6891/6891-20260521-083618.flac",0,3,"birdnetpi"
7976053234,6891,"2026-05-21T10:35:17.000+02:00",0.89,0.84393298625946,9.47405300750805,"almost_certain","2p4",NA,51.5624,6.009,FALSE,1,"House Sparrow","Passer domesticus","#d16ff8","avian","https://media.birdweather.com/species/1/HouseSparrow-standard-b861184cf45c092cdb45fd689dd676ef.jpg","https://media.birdweather.com/species/1/HouseSparrow-thumbnail-e9cbc91763a1579de8ef04880678b5e3.jpg","https://media.birdweather.com/species/1/HouseSparrow-png200-125e8603e1efe9d7a18316b94f06a65e.png","XAgCDwD8qpukuHiqtLZ9mImnmPFcDO4E",12080607145,"https://media.birdweather.com/soundscapes/6891/6891-20260521-083517.flac",0,3,"birdnetpi"
7976047428,6891,"2026-05-21T10:34:53.000+02:00",0.75,0.84393298625946,9.10295432034255,"almost_certain","2p4",NA,51.57,6.0078,FALSE,1,"House Sparrow","Passer domesticus","#d16ff8","avian","https://media.birdweather.com/species/1/HouseSparrow-standard-b861184cf45c092cdb45fd689dd676ef.jpg","https://media.birdweather.com/species/1/HouseSparrow-thumbnail-e9cbc91763a1579de8ef04880678b5e3.jpg","https://media.birdweather.com/species/1/HouseSparrow-png200-125e8603e1efe9d7a18316b94f06a65e.png","XAgCDwD8qpukuHiqtLZ9mImnmPFcDO4E",12080597283,"https://media.birdweather.com/soundscapes/6891/6891-20260521-083453.flac",0,3,"birdnetpi"
7976040296,6891,"2026-05-21T10:34:30.000+02:00",0.85,0.84393298625946,9.3778731731257,"almost_certain","2p4",NA,51.5637,6.0024,FALSE,1,"House Sparrow","Passer domesticus","#d16ff8","avian","https://media.birdweather.com/species/1/HouseSparrow-standard-b861184cf45c092cdb45fd689dd676ef.jpg","https://media.birdweather.com/species/1/HouseSparrow-thumbnail-e9cbc91763a1579de8ef04880678b5e3.jpg","https://media.birdweather.com/species/1/HouseSparrow-png200-125e8603e1efe9d7a18316b94f06a65e.png","XAgCDwD8qpukuHiqtLZ9mImnmPFcDO4E",12080585073,"https://media.birdweather.com/soundscapes/6891/6891-20260521-083430.flac",0,3,"birdnetpi"
7976033397,6891,"2026-05-21T10:34:05.000+02:00",0.85,0.84393298625946,9.3778731731257,"almost_certain","2p4",NA,51.5684,6.0091,FALSE,1,"House Sparrow","Passer domesticus","#d16ff8","avian","https://media.birdweather.com/species/1/HouseSparrow-standard-b861184cf45c092cdb45fd689dd676ef.jpg","https://media.birdweather.com/species/1/HouseSparrow-thumbnail-e9cbc91763a1579de8ef04880678b5e3.jpg","https://media.birdweather.com/species/1/HouseSparrow-png200-125e8603e1efe9d7a18316b94f06a65e.png","XAgCDwD8qpukuHiqtLZ9mImnmPFcDO4E",12080572351,"https://media.birdweather.com/soundscapes/6891/6891-20260521-083405.flac",0,3,"birdnetpi"
7976018495,6891,"2026-05-21T10:33:03.000+02:00",0.87,0.84393298625946,9.42680694629055,"almost_certain","2p4",NA,51.5675,6.0047,FALSE,1,"House Sparrow","Passer domesticus","#d16ff8","avian","https://media.birdweather.com/species/1/HouseSparrow-standard-b861184cf45c092cdb45fd689dd676ef.jpg","https://media.birdweather.com/species/1/HouseSparrow-thumbnail-e9cbc91763a1579de8ef04880678b5e3.jpg","https://media.birdweather.com/species/1/HouseSparrow-png200-125e8603e1efe9d7a18316b94f06a65e.png","XAgCDwD8qpukuHiqtLZ9mImnmPFcDO4E",12080545085,"https://media.birdweather.com/soundscapes/6891/6891-20260521-083303.flac",0,3,"birdnetpi"
7975987546,6891,"2026-05-21T10:31:03.000+02:00",0.86,0.560286164283752,8.84946973897771,"almost_certain","2p4",NA,51.5637,6.004,FALSE,119,"Common House-Martin","Delichon urbicum","#53b1ff","avian","https://media.birdweather.com/species/119/CommonHouse-Martin-standard-9ffbcc688c51210fb136a162c84d82ad.jpg","https://media.birdweather.com/species/119/CommonHouse-Martin-thumbnail-dd7059ca6235347c3097e7a66f04df95.jpg","https://media.birdweather.com/species/119/CommonHouse-Martin-png200-a73a8953ce2af50676da81e70b2746b2.png","YhgKDwKJd4iIiHd/h5h5d4mIeQqVllAH",12080487571,"https://media.birdweather.com/soundscapes/6891/6891-20260521-083103.flac",0,3,"birdnetpi"
7975972884,6891,"2026-05-21T10:30:03.000+02:00",0.95,0.560286164283752,9.05364848242757,"almost_certain","2p4",NA,51.5651,6.002,FALSE,119,"Common House-Martin","Delichon urbicum","#53b1ff","avian","https://media.birdweather.com/species/119/CommonHouse-Martin-standard-9ffbcc688c51210fb136a162c84d82ad.jpg","https://media.birdweather.com/species/119/CommonHouse-Martin-thumbnail-dd7059ca6235347c3097e7a66f04df95.jpg","https://media.birdweather.com/species/119/CommonHouse-Martin-png200-a73a8953ce2af50676da81e70b2746b2.png","YhgKDwKJd4iIiHd/h5h5d4mIeQqVllAH",12080460771,"https://media.birdweather.com/soundscapes/6891/6891-20260521-083003.flac",0,3,"birdnetpi"
7975964208,6891,"2026-05-21T10:29:36.000+02:00",0.79,0.84393298625946,9.21962051776877,"almost_certain","2p4",NA,51.5692,6.0066,FALSE,1,"House Sparrow","Passer domesticus","#d16ff8","avian","https://media.birdweather.com/species/1/HouseSparrow-standard-b861184cf45c092cdb45fd689dd676ef.jpg","https://media.birdweather.com/species/1/HouseSparrow-thumbnail-e9cbc91763a1579de8ef04880678b5e3.jpg","https://media.birdweather.com/species/1/HouseSparrow-png200-125e8603e1efe9d7a18316b94f06a65e.png","XAgCDwD8qpukuHiqtLZ9mImnmPFcDO4E",12080444816,"https://media.birdweather.com/soundscapes/6891/6891-20260521-082936.flac",0,3,"birdnetpi"
7975960657,6891,"2026-05-21T10:29:15.000+02:00",0.87,0.892300605773926,9.50228711009909,"almost_certain","2p4",NA,51.5631,6.0011,FALSE,66,"Eurasian Blue Tit","Cyanistes caeruleus","#4b8900","avian","https://media.birdweather.com/species/66/EurasianBlueTit-standard-4ec8e45d78b2908d0f41ae495ae07571.jpg","https://media.birdweather.com/species/66/EurasianBlueTit-thumbnail-4d9abc54a3abc3fb12e78e603cbe6784.jpg","https://media.birdweather.com/species/66/EurasianBlueTit-png200-49adab92304ba7a74e93ac43e38e62d3.png","EfgJBwAKhHiEm2ZheGllqXeZhi/ze3EP",12080438387,"https://media.birdweather.com/soundscapes/6891/6891-20260521-082915.flac",0,3,"birdnetpi"
7975923014,6891,"2026-05-21T10:26:45.000+02:00",0.72,0.84393298625946,9.00843408640543,"almost_certain","2p4",NA,51.5623,6.0073,FALSE,1,"House Sparrow","Passer domesticus","#d16ff8","avian","https://media.birdweather.com/species/1/HouseSparrow-standard-b861184cf45c092cdb45fd689dd676ef.jpg","https://media.birdweather.com/species/1/HouseSparrow-thumbnail-e9cbc91763a1579de8ef04880678b5e3.jpg","https://media.birdweather.com/species/1/HouseSparrow-png200-125e8603e1efe9d7a18316b94f06a65e.png","XAgCDwD8qpukuHiqtLZ9mImnmPFcDO4E",12080367903,"https://media.birdweather.com/soundscapes/6891/6891-20260521-082645.flac",0,3,"birdnetpi"
7975896685,6891,"2026-05-21T10:25:02.000+02:00",0.96,0.803734242916107,9.56159382595379,"almost_certain","2p4",NA,51.5625,6.0043,FALSE,551,"Common Swift","Apus apus","#234bb2","avian","https://media.birdweather.com/species/551/CommonSwift-standard-ba54f84fbd8481b1c0de60654fbd79d5.jpg","https://media.birdweather.com/species/551/CommonSwift-thumbnail-bad1d7e3c141990f11d01e49e9f768ac.jpg","https://media.birdweather.com/species/551/CommonSwift-png200-f52bea49cb0e4232049806bde3e1a401.png","LLYFFwLchWelV5dvsqh1jKZoKJIEMkoA",12080319267,"https://media.birdweather.com/soundscapes/6891/6891-20260521-082502.flac",0,3,"birdnetpi"
7975887083,6891,"2026-05-21T10:24:36.000+02:00",0.74,0.84393298625946,9.07216650782523,"almost_certain","2p4",NA,51.5637,6.0082,FALSE,1,"House Sparrow","Passer domesticus","#d16ff8","avian","https://media.birdweather.com/species/1/HouseSparrow-standard-b861184cf45c092cdb45fd689dd676ef.jpg","https://media.birdweather.com/species/1/HouseSparrow-thumbnail-e9cbc91763a1579de8ef04880678b5e3.jpg","https://media.birdweather.com/species/1/HouseSparrow-png200-125e8603e1efe9d7a18316b94f06a65e.png","XAgCDwD8qpukuHiqtLZ9mImnmPFcDO4E",12080301520,"https://media.birdweather.com/soundscapes/6891/6891-20260521-082436.flac",0,3,"birdnetpi"
7975870999,6891,"2026-05-21T10:23:30.000+02:00",0.8,0.84393298625946,9.24729822679378,"almost_certain","2p4",NA,51.562,6.0016,FALSE,1,"House Sparrow","Passer domesticus","#d16ff8","avian","https://media.birdweather.com/species/1/HouseSparrow-standard-b861184cf45c092cdb45fd689dd676ef.jpg","https://media.birdweather.com/species/1/HouseSparrow-thumbnail-e9cbc91763a1579de8ef04880678b5e3.jpg","https://media.birdweather.com/species/1/HouseSparrow-png200-125e8603e1efe9d7a18316b94f06a65e.png","XAgCDwD8qpukuHiqtLZ9mImnmPFcDO4E",12080270558,"https://media.birdweather.com/soundscapes/6891/6891-20260521-082330.flac",0,3,"birdnetpi"
7975861425,6891,"2026-05-21T10:22:39.000+02:00",0.74,0.84393298625946,9.07216650782523,"almost_certain","2p4",NA,51.5642,6.0014,FALSE,1,"House Sparrow","Passer domesticus","#d16ff8","avian","https://media.birdweather.com/species/1/HouseSparrow-standard-b861184cf45c092cdb45fd689dd676ef.jpg","https://media.birdweather.com/species/1/HouseSparrow-thumbnail-e9cbc91763a1579de8ef04880678b5e3.jpg","https://media.birdweather.com/species/1/HouseSparrow-png200-125e8603e1efe9d7a18316b94f06a65e.png","XAgCDwD8qpukuHiqtLZ9mImnmPFcDO4E",12080252330,"https://media.birdweather.com/soundscapes/6891/6891-20260521-082239.flac",0,3,"birdnetpi"
7975783089,6891,"2026-05-21T10:17:20.000+02:00",0.9,0.84393298625946,9.49707875960149,"almost_certain","2p4",NA,51.5621,6.0055,FALSE,1,"House Sparrow","Passer domesticus","#d16ff8","avian","https://media.birdweather.com/species/1/HouseSparrow-standard-b861184cf45c092cdb45fd689dd676ef.jpg","https://media.birdweather.com/species/1/HouseSparrow-thumbnail-e9cbc91763a1579de8ef04880678b5e3.jpg","https://media.birdweather.com/species/1/HouseSparrow-png200-125e8603e1efe9d7a18316b94f06a65e.png","XAgCDwD8qpukuHiqtLZ9mImnmPFcDO4E",12080102552,"https://media.birdweather.com/soundscapes/6891/6891-20260521-081720.flac",0,3,"birdnetpi"
7975760111,6891,"2026-05-21T10:15:47.000+02:00",0.74,0.84393298625946,9.07216650782523,"almost_certain","2p4",NA,51.5701,6.0086,FALSE,1,"House Sparrow","Passer domesticus","#d16ff8","avian","https://media.birdweather.com/species/1/HouseSparrow-standard-b861184cf45c092cdb45fd689dd676ef.jpg","https://media.birdweather.com/species/1/HouseSparrow-thumbnail-e9cbc91763a1579de8ef04880678b5e3.jpg","https://media.birdweather.com/species/1/HouseSparrow-png200-125e8603e1efe9d7a18316b94f06a65e.png","XAgCDwD8qpukuHiqtLZ9mImnmPFcDO4E",12080058944,"https://media.birdweather.com/soundscapes/6891/6891-20260521-081547.flac",0,3,"birdnetpi"
7975741185,6891,"2026-05-21T10:14:30.000+02:00",0.81,0.560286164283752,8.72133903950288,"almost_certain","2p4",NA,51.5618,6.0042,FALSE,119,"Common House-Martin","Delichon urbicum","#53b1ff","avian","https://media.birdweather.com/species/119/CommonHouse-Martin-standard-9ffbcc688c51210fb136a162c84d82ad.jpg","https://media.birdweather.com/species/119/CommonHouse-Martin-thumbnail-dd7059ca6235347c3097e7a66f04df95.jpg","https://media.birdweather.com/species/119/CommonHouse-Martin-png200-a73a8953ce2af50676da81e70b2746b2.png","YhgKDwKJd4iIiHd/h5h5d4mIeQqVllAH",12080022415,"https://media.birdweather.com/soundscapes/6891/6891-20260521-081430.flac",0,3,"birdnetpi"
7975695913,6891,"2026-05-21T10:11:26.000+02:00",0.78,0.84393298625946,9.19137209430103,"almost_certain","2p4",NA,51.5681,6.0024,FALSE,1,"House Sparrow","Passer domesticus","#d16ff8","avian","https://media.birdweather.com/species/1/HouseSparrow-standard-b861184cf45c092cdb45fd689dd676ef.jpg","https://media.birdweather.com/species/1/HouseSparrow-thumbnail-e9cbc91763a1579de8ef04880678b5e3.jpg","https://media.birdweather.com/species/1/HouseSparrow-png200-125e8603e1efe9d7a18316b94f06a65e.png","XAgCDwD8qpukuHiqtLZ9mImnmPFcDO4E",12079935020,"https://media.birdweather.com/soundscapes/6891/6891-20260521-081126.flac",0,3,"birdnetpi"
7975691655,6891,"2026-05-21T10:11:05.000+02:00",0.81,0.892300605773926,9.34990798999809,"almost_certain","2p4",NA,51.5695,6.0081,FALSE,66,"Eurasian Blue Tit","Cyanistes caeruleus","#4b8900","avian","https://media.birdweather.com/species/66/EurasianBlueTit-standard-4ec8e45d78b2908d0f41ae495ae07571.jpg","https://media.birdweather.com/species/66/EurasianBlueTit-thumbnail-4d9abc54a3abc3fb12e78e603cbe6784.jpg","https://media.birdweather.com/species/66/EurasianBlueTit-png200-49adab92304ba7a74e93ac43e38e62d3.png","EfgJBwAKhHiEm2ZheGllqXeZhi/ze3EP",12079926674,"https://media.birdweather.com/soundscapes/6891/6891-20260521-081105.flac",0,3,"birdnetpi"
7975685873,6891,"2026-05-21T10:10:41.000+02:00",0.77,0.892300605773926,9.23800908750854,"almost_certain","2p4",NA,51.5666,6.0065,FALSE,66,"Eurasian Blue Tit","Cyanistes caeruleus","#4b8900","avian","https://media.birdweather.com/species/66/EurasianBlueTit-standard-4ec8e45d78b2908d0f41ae495ae07571.jpg","https://media.birdweather.com/species/66/EurasianBlueTit-thumbnail-4d9abc54a3abc3fb12e78e603cbe6784.jpg","https://media.birdweather.com/species/66/EurasianBlueTit-png200-49adab92304ba7a74e93ac43e38e62d3.png","EfgJBwAKhHiEm2ZheGllqXeZhi/ze3EP",12079915450,"https://media.birdweather.com/soundscapes/6891/6891-20260521-081041.flac",0,3,"birdnetpi"
7975680653,6891,"2026-05-21T10:10:21.000+02:00",0.75,0.84393298625946,9.10295432034255,"almost_certain","2p4",NA,51.564,6.0042,FALSE,1,"House Sparrow","Passer domesticus","#d16ff8","avian","https://media.birdweather.com/species/1/HouseSparrow-standard-b861184cf45c092cdb45fd689dd676ef.jpg","https://media.birdweather.com/species/1/HouseSparrow-thumbnail-e9cbc91763a1579de8ef04880678b5e3.jpg","https://media.birdweather.com/species/1/HouseSparrow-png200-125e8603e1efe9d7a18316b94f06a65e.png","XAgCDwD8qpukuHiqtLZ9mImnmPFcDO4E",12079905593,"https://media.birdweather.com/soundscapes/6891/6891-20260521-081021.flac",0,3,"birdnetpi"
7975678678,6891,"2026-05-21T10:10:14.000+02:00",0.8,0.892300605773926,9.32277839060232,"almost_certain","2p4",NA,51.5651,6.0077,FALSE,66,"Eurasian Blue Tit","Cyanistes caeruleus","#4b8900","avian","https://media.birdweather.com/species/66/EurasianBlueTit-standard-4ec8e45d78b2908d0f41ae495ae07571.jpg","https://media.birdweather.com/species/66/EurasianBlueTit-thumbnail-4d9abc54a3abc3fb12e78e603cbe6784.jpg","https://media.birdweather.com/species/66/EurasianBlueTit-png200-49adab92304ba7a74e93ac43e38e62d3.png","EfgJBwAKhHiEm2ZheGllqXeZhi/ze3EP",12079901889,"https://media.birdweather.com/soundscapes/6891/6891-20260521-081014.flac",0,3,"birdnetpi"
7975673216,6891,"2026-05-21T10:09:50.000+02:00",0.89,0.892300605773926,9.54953317131659,"almost_certain","2p4",NA,51.5626,6.0037,FALSE,66,"Eurasian Blue Tit","Cyanistes caeruleus","#4b8900","avian","https://media.birdweather.com/species/66/EurasianBlueTit-standard-4ec8e45d78b2908d0f41ae495ae07571.jpg","https://media.birdweather.com/species/66/EurasianBlueTit-thumbnail-4d9abc54a3abc3fb12e78e603cbe6784.jpg","https://media.birdweather.com/species/66/EurasianBlueTit-png200-49adab92304ba7a74e93ac43e38e62d3.png","EfgJBwAKhHiEm2ZheGllqXeZhi/ze3EP",12079891496,"https://media.birdweather.com/soundscapes/6891/6891-20260521-080950.flac",0,3,"birdnetpi"
7975664684,6891,"2026-05-21T10:09:20.000+02:00",0.76,0.84393298625946,9.13306542254728,"almost_certain","2p4",NA,51.5685,6.0016,FALSE,1,"House Sparrow","Passer domesticus","#d16ff8","avian","https://media.birdweather.com/species/1/HouseSparrow-standard-b861184cf45c092cdb45fd689dd676ef.jpg","https://media.birdweather.com/species/1/HouseSparrow-thumbnail-e9cbc91763a1579de8ef04880678b5e3.jpg","https://media.birdweather.com/species/1/HouseSparrow-png200-125e8603e1efe9d7a18316b94f06a65e.png","XAgCDwD8qpukuHiqtLZ9mImnmPFcDO4E",12079874670,"https://media.birdweather.com/soundscapes/6891/6891-20260521-080920.flac",0,3,"birdnetpi"
7975660434,6891,"2026-05-21T10:08:56.000+02:00",0.86,0.84393298625946,9.40255852566437,"almost_certain","2p4",NA,51.5647,6.0008,FALSE,1,"House Sparrow","Passer domesticus","#d16ff8","avian","https://media.birdweather.com/species/1/HouseSparrow-standard-b861184cf45c092cdb45fd689dd676ef.jpg","https://media.birdweather.com/species/1/HouseSparrow-thumbnail-e9cbc91763a1579de8ef04880678b5e3.jpg","https://media.birdweather.com/species/1/HouseSparrow-png200-125e8603e1efe9d7a18316b94f06a65e.png","XAgCDwD8qpukuHiqtLZ9mImnmPFcDO4E",12079866179,"https://media.birdweather.com/soundscapes/6891/6891-20260521-080856.flac",0,3,"birdnetpi"
7975656436,6891,"2026-05-21T10:08:44.000+02:00",0.75,0.84393298625946,9.10295432034255,"almost_certain","2p4",NA,51.5642,6.0093,FALSE,1,"House Sparrow","Passer domesticus","#d16ff8","avian","https://media.birdweather.com/species/1/HouseSparrow-standard-b861184cf45c092cdb45fd689dd676ef.jpg","https://media.birdweather.com/species/1/HouseSparrow-thumbnail-e9cbc91763a1579de8ef04880678b5e3.jpg","https://media.birdweather.com/species/1/HouseSparrow-png200-125e8603e1efe9d7a18316b94f06a65e.png","XAgCDwD8qpukuHiqtLZ9mImnmPFcDO4E",12079858298,"https://media.birdweather.com/soundscapes/6891/6891-20260521-080844.flac",0,3,"birdnetpi"
7975649224,6891,"2026-05-21T10:08:17.000+02:00",0.72,0.84393298625946,9.00843408640543,"almost_certain","2p4",NA,51.5697,6.0013,FALSE,1,"House Sparrow","Passer domesticus","#d16ff8","avian","https://media.birdweather.com/species/1/HouseSparrow-standard-b861184cf45c092cdb45fd689dd676ef.jpg","https://media.birdweather.com/species/1/HouseSparrow-thumbnail-e9cbc91763a1579de8ef04880678b5e3.jpg","https://media.birdweather.com/species/1/HouseSparrow-png200-125e8603e1efe9d7a18316b94f06a65e.png","XAgCDwD8qpukuHiqtLZ9mImnmPFcDO4E",12079844186,"https://media.birdweather.com/soundscapes/6891/6891-20260521-080817.flac",0,3,"birdnetpi"
7975648195,6891,"2026-05-21T10:08:05.000+02:00",0.94,0.892300605773926,9.66097669736851,"almost_certain","2p4",NA,51.565,6.0051,FALSE,66,"Eurasian Blue Tit","Cyanistes caeruleus","#4b8900","avian","https://media.birdweather.com/species/66/EurasianBlueTit-standard-4ec8e45d78b2908d0f41ae495ae07571.jpg","https://media.birdweather.com/species/66/EurasianBlueTit-thumbnail-4d9abc54a3abc3fb12e78e603cbe6784.jpg","https://media.birdweather.com/species/66/EurasianBlueTit-png200-49adab92304ba7a74e93ac43e38e62d3.png","EfgJBwAKhHiEm2ZheGllqXeZhi/ze3EP",12079842300,"https://media.birdweather.com/soundscapes/6891/6891-20260521-080805.flac",0,3,"birdnetpi"
7975643583,6891,"2026-05-21T10:07:45.000+02:00",0.88,0.892300605773926,9.52611379761435,"almost_certain","2p4",NA,51.5624,6.0065,FALSE,66,"Eurasian Blue Tit","Cyanistes caeruleus","#4b8900","avian","https://media.birdweather.com/species/66/EurasianBlueTit-standard-4ec8e45d78b2908d0f41ae495ae07571.jpg","https://media.birdweather.com/species/66/EurasianBlueTit-thumbnail-4d9abc54a3abc3fb12e78e603cbe6784.jpg","https://media.birdweather.com/species/66/EurasianBlueTit-png200-49adab92304ba7a74e93ac43e38e62d3.png","EfgJBwAKhHiEm2ZheGllqXeZhi/ze3EP",12079833048,"https://media.birdweather.com/soundscapes/6891/6891-20260521-080745.flac",0,3,"birdnetpi"
7975628056,6891,"2026-05-21T10:06:38.000+02:00",0.79,0.84393298625946,9.21962051776877,"almost_certain","2p4",NA,51.5695,6.0078,FALSE,1,"House Sparrow","Passer domesticus","#d16ff8","avian","https://media.birdweather.com/species/1/HouseSparrow-standard-b861184cf45c092cdb45fd689dd676ef.jpg","https://media.birdweather.com/species/1/HouseSparrow-thumbnail-e9cbc91763a1579de8ef04880678b5e3.jpg","https://media.birdweather.com/species/1/HouseSparrow-png200-125e8603e1efe9d7a18316b94f06a65e.png","XAgCDwD8qpukuHiqtLZ9mImnmPFcDO4E",12079801632,"https://media.birdweather.com/soundscapes/6891/6891-20260521-080638.flac",0,3,"birdnetpi"
7975623964,6891,"2026-05-21T10:06:20.000+02:00",0.73,0.84393298625946,9.0406708678574,"almost_certain","2p4",NA,51.5663,6.007,FALSE,1,"House Sparrow","Passer domesticus","#d16ff8","avian","https://media.birdweather.com/species/1/HouseSparrow-standard-b861184cf45c092cdb45fd689dd676ef.jpg","https://media.birdweather.com/species/1/HouseSparrow-thumbnail-e9cbc91763a1579de8ef04880678b5e3.jpg","https://media.birdweather.com/species/1/HouseSparrow-png200-125e8603e1efe9d7a18316b94f06a65e.png","XAgCDwD8qpukuHiqtLZ9mImnmPFcDO4E",12079793213,"https://media.birdweather.com/soundscapes/6891/6891-20260521-080620.flac",0,3,"birdnetpi"
7975607310,6891,"2026-05-21T10:05:20.000+02:00",0.84,0.84393298625946,9.35273485315027,"almost_certain","2p4",NA,51.5699,6.0078,FALSE,1,"House Sparrow","Passer domesticus","#d16ff8","avian","https://media.birdweather.com/species/1/HouseSparrow-standard-b861184cf45c092cdb45fd689dd676ef.jpg","https://media.birdweather.com/species/1/HouseSparrow-thumbnail-e9cbc91763a1579de8ef04880678b5e3.jpg","https://media.birdweather.com/species/1/HouseSparrow-png200-125e8603e1efe9d7a18316b94f06a65e.png","XAgCDwD8qpukuHiqtLZ9mImnmPFcDO4E",12079760117,"https://media.birdweather.com/soundscapes/6891/6891-20260521-080520.flac",0,3,"birdnetpi"
7975570062,6891,"2026-05-21T10:02:39.000+02:00",0.78,0.892300605773926,9.26685225810957,"almost_certain","2p4",NA,51.5626,6.0046,FALSE,66,"Eurasian Blue Tit","Cyanistes caeruleus","#4b8900","avian","https://media.birdweather.com/species/66/EurasianBlueTit-standard-4ec8e45d78b2908d0f41ae495ae07571.jpg","https://media.birdweather.com/species/66/EurasianBlueTit-thumbnail-4d9abc54a3abc3fb12e78e603cbe6784.jpg","https://media.birdweather.com/species/66/EurasianBlueTit-png200-49adab92304ba7a74e93ac43e38e62d3.png","EfgJBwAKhHiEm2ZheGllqXeZhi/ze3EP",12079686490,"https://media.birdweather.com/soundscapes/6891/6891-20260521-080239.flac",0,3,"birdnetpi"
7975549351,6891,"2026-05-21T10:01:08.000+02:00",0.84,0.84393298625946,9.35273485315027,"almost_certain","2p4",NA,51.5642,6.002,FALSE,1,"House Sparrow","Passer domesticus","#d16ff8","avian","https://media.birdweather.com/species/1/HouseSparrow-standard-b861184cf45c092cdb45fd689dd676ef.jpg","https://media.birdweather.com/species/1/HouseSparrow-thumbnail-e9cbc91763a1579de8ef04880678b5e3.jpg","https://media.birdweather.com/species/1/HouseSparrow-png200-125e8603e1efe9d7a18316b94f06a65e.png","XAgCDwD8qpukuHiqtLZ9mImnmPFcDO4E",12079645065,"https://media.birdweather.com/soundscapes/6891/6891-20260521-080108.flac",0,3,"birdnetpi"
7975536008,6891,"2026-05-21T10:00:05.000+02:00",0.72,0.84393298625946,9.00843408640543,"almost_certain","2p4",NA,51.5701,6.0031,FALSE,1,"House Sparrow","Passer domesticus","#d16ff8","avian","https://media.birdweather.com/species/1/HouseSparrow-standard-b861184cf45c092cdb45fd689dd676ef.jpg","https://media.birdweather.com/species/1/HouseSparrow-thumbnail-e9cbc91763a1579de8ef04880678b5e3.jpg","https://media.birdweather.com/species/1/HouseSparrow-png200-125e8603e1efe9d7a18316b94f06a65e.png","XAgCDwD8qpukuHiqtLZ9mImnmPFcDO4E",12079618016,"https://media.birdweather.com/soundscapes/6891/6891-20260521-080005.flac",0,3,"birdnetpi"
7975529153,6891,"2026-05-21T09:59:41.000+02:00",0.86,0.84393298625946,9.40255852566437,"almost_certain","2p4",NA,51.5615,6.0079,FALSE,1,"House Sparrow","Passer domesticus","#d16ff8","avian","https://media.birdweather.com/species/1/HouseSparrow-standard-b861184cf45c092cdb45fd689dd676ef.jpg","https://media.birdweather.com/species/1/HouseSparrow-thumbnail-e9cbc91763a1579de8ef04880678b5e3.jpg","https://media.birdweather.com/species/1/HouseSparrow-png200-125e8603e1efe9d7a18316b94f06a65e.png","XAgCDwD8qpukuHiqtLZ9mImnmPFcDO4E",12079604122,"https://media.birdweather.com/soundscapes/6891/6891-20260521-075941.flac",0,3,"birdnetpi"
7975509853,6891,"2026-05-21T09:58:14.000+02:00",0.75,0.803734242916107,9.03689444036293,"almost_certain","2p4",NA,51.5671,6.0083,FALSE,551,"Common Swift","Apus apus","#234bb2","avian","https://media.birdweather.com/species/551/CommonSwift-standard-ba54f84fbd8481b1c0de60654fbd79d5.jpg","https://media.birdweather.com/species/551/CommonSwift-thumbnail-bad1d7e3c141990f11d01e49e9f768ac.jpg","https://media.birdweather.com/species/551/CommonSwift-png200-f52bea49cb0e4232049806bde3e1a401.png","LLYFFwLchWelV5dvsqh1jKZoKJIEMkoA",12079566310,"https://media.birdweather.com/soundscapes/6891/6891-20260521-075814.flac",0,3,"birdnetpi"
7975442048,6891,"2026-05-21T09:53:30.000+02:00",0.7,0.560286164283752,8.38850277480664,"almost_certain","2p4",NA,51.563,6.0093,FALSE,119,"Common House-Martin","Delichon urbicum","#53b1ff","avian","https://media.birdweather.com/species/119/CommonHouse-Martin-standard-9ffbcc688c51210fb136a162c84d82ad.jpg","https://media.birdweather.com/species/119/CommonHouse-Martin-thumbnail-dd7059ca6235347c3097e7a66f04df95.jpg","https://media.birdweather.com/species/119/CommonHouse-Martin-png200-a73a8953ce2af50676da81e70b2746b2.png","YhgKDwKJd4iIiHd/h5h5d4mIeQqVllAH",12079433758,"https://media.birdweather.com/soundscapes/6891/6891-20260521-075330.flac",0,3,"birdnetpi"
7975410322,6891,"2026-05-21T09:51:18.000+02:00",0.95,0.560286164283752,9.05364848242757,"almost_certain","2p4",NA,51.565,6.0011,FALSE,119,"Common House-Martin","Delichon urbicum","#53b1ff","avian","https://media.birdweather.com/species/119/CommonHouse-Martin-standard-9ffbcc688c51210fb136a162c84d82ad.jpg","https://media.birdweather.com/species/119/CommonHouse-Martin-thumbnail-dd7059ca6235347c3097e7a66f04df95.jpg","https://media.birdweather.com/species/119/CommonHouse-Martin-png200-a73a8953ce2af50676da81e70b2746b2.png","YhgKDwKJd4iIiHd/h5h5d4mIeQqVllAH",12079372108,"https://media.birdweather.com/soundscapes/6891/6891-20260521-075118.flac",0,3,"birdnetpi"
7975391718,6891,"2026-05-21T09:50:00.000+02:00",0.96,0.560286164283752,9.07456491924675,"almost_certain","2p4",NA,51.5651,6.0067,FALSE,119,"Common House-Martin","Delichon urbicum","#53b1ff","avian","https://media.birdweather.com/species/119/CommonHouse-Martin-standard-9ffbcc688c51210fb136a162c84d82ad.jpg","https://media.birdweather.com/species/119/CommonHouse-Martin-thumbnail-dd7059ca6235347c3097e7a66f04df95.jpg","https://media.birdweather.com/species/119/CommonHouse-Martin-png200-a73a8953ce2af50676da81e70b2746b2.png","YhgKDwKJd4iIiHd/h5h5d4mIeQqVllAH",12079335328,"https://media.birdweather.com/soundscapes/6891/6891-20260521-075000.flac",0,3,"birdnetpi"
7975378149,6891,"2026-05-21T09:49:09.000+02:00",0.9,0.892300605773926,9.57255892341004,"almost_certain","2p4",NA,51.5686,6.0015,FALSE,66,"Eurasian Blue Tit","Cyanistes caeruleus","#4b8900","avian","https://media.birdweather.com/species/66/EurasianBlueTit-standard-4ec8e45d78b2908d0f41ae495ae07571.jpg","https://media.birdweather.com/species/66/EurasianBlueTit-thumbnail-4d9abc54a3abc3fb12e78e603cbe6784.jpg","https://media.birdweather.com/species/66/EurasianBlueTit-png200-49adab92304ba7a74e93ac43e38e62d3.png","EfgJBwAKhHiEm2ZheGllqXeZhi/ze3EP",12079308890,"https://media.birdweather.com/soundscapes/6891/6891-20260521-074909.flac",0,3,"birdnetpi"
7975352677,6891,"2026-05-21T09:47:14.000+02:00",0.72,0.892300605773926,9.08391425021397,"almost_certain","2p4",NA,51.5615,6.0043,FALSE,66,"Eurasian Blue Tit","Cyanistes caeruleus","#4b8900","avian","https://media.birdweather.com/species/66/EurasianBlueTit-standard-4ec8e45d78b2908d0f41ae495ae07571.jpg","https://media.birdweather.com/species/66/EurasianBlueTit-thumbnail-4d9abc54a3abc3fb12e78e603cbe6784.jpg","https://media.birdweather.com/species/66/EurasianBlueTit-png200-49adab92304ba7a74e93ac43e38e62d3.png","EfgJBwAKhHiEm2ZheGllqXeZhi/ze3EP",12079258584,"https://media.birdweather.com/soundscapes/6891/6891-20260521-074714.flac",0,3,"birdnetpi"
7975348876,6891,"2026-05-21T09:46:59.000+02:00",0.94,0.560286164283752,9.0324077468733,"almost_certain","2p4",NA,51.5698,6.0058,FALSE,119,"Common House-Martin","Delichon urbicum","#53b1ff","avian","https://media.birdweather.com/species/119/CommonHouse-Martin-standard-9ffbcc688c51210fb136a162c84d82ad.jpg","https://media.birdweather.com/species/119/CommonHouse-Martin-thumbnail-dd7059ca6235347c3097e7a66f04df95.jpg","https://media.birdweather.com/species/119/CommonHouse-Martin-png200-a73a8953ce2af50676da81e70b2746b2.png","YhgKDwKJd4iIiHd/h5h5d4mIeQqVllAH",12079250763,"https://media.birdweather.com/soundscapes/6891/6891-20260521-074659.flac",0,3,"birdnetpi"
7975313909,6891,"2026-05-21T09:44:29.000+02:00",0.7,0.84393298625946,8.94159156149331,"almost_certain","2p4",NA,51.5649,6.0094,FALSE,1,"House Sparrow","Passer domesticus","#d16ff8","avian","https://media.birdweather.com/species/1/HouseSparrow-standard-b861184cf45c092cdb45fd689dd676ef.jpg","https://media.birdweather.com/species/1/HouseSparrow-thumbnail-e9cbc91763a1579de8ef04880678b5e3.jpg","https://media.birdweather.com/species/1/HouseSparrow-png200-125e8603e1efe9d7a18316b94f06a65e.png","XAgCDwD8qpukuHiqtLZ9mImnmPFcDO4E",12079181614,"https://media.birdweather.com/soundscapes/6891/6891-20260521-074429.flac",0,3,"birdnetpi"
7975309698,6891,"2026-05-21T09:44:11.000+02:00",0.78,0.84393298625946,9.19137209430103,"almost_certain","2p4",NA,51.5624,6.0091,FALSE,1,"House Sparrow","Passer domesticus","#d16ff8","avian","https://media.birdweather.com/species/1/HouseSparrow-standard-b861184cf45c092cdb45fd689dd676ef.jpg","https://media.birdweather.com/species/1/HouseSparrow-thumbnail-e9cbc91763a1579de8ef04880678b5e3.jpg","https://media.birdweather.com/species/1/HouseSparrow-png200-125e8603e1efe9d7a18316b94f06a65e.png","XAgCDwD8qpukuHiqtLZ9mImnmPFcDO4E",12079173322,"https://media.birdweather.com/soundscapes/6891/6891-20260521-074411.flac",0,3,"birdnetpi"
7975298596,6891,"2026-05-21T09:43:24.000+02:00",0.72,0.84393298625946,9.00843408640543,"almost_certain","2p4",NA,51.5656,6.0011,FALSE,1,"House Sparrow","Passer domesticus","#d16ff8","avian","https://media.birdweather.com/species/1/HouseSparrow-standard-b861184cf45c092cdb45fd689dd676ef.jpg","https://media.birdweather.com/species/1/HouseSparrow-thumbnail-e9cbc91763a1579de8ef04880678b5e3.jpg","https://media.birdweather.com/species/1/HouseSparrow-png200-125e8603e1efe9d7a18316b94f06a65e.png","XAgCDwD8qpukuHiqtLZ9mImnmPFcDO4E",12079151409,"https://media.birdweather.com/soundscapes/6891/6891-20260521-074324.flac",0,3,"birdnetpi"
7975290072,6891,"2026-05-21T09:42:50.000+02:00",0.75,0.84393298625946,9.10295432034255,"almost_certain","2p4",NA,51.5673,6.0093,FALSE,1,"House Sparrow","Passer domesticus","#d16ff8","avian","https://media.birdweather.com/species/1/HouseSparrow-standard-b861184cf45c092cdb45fd689dd676ef.jpg","https://media.birdweather.com/species/1/HouseSparrow-thumbnail-e9cbc91763a1579de8ef04880678b5e3.jpg","https://media.birdweather.com/species/1/HouseSparrow-png200-125e8603e1efe9d7a18316b94f06a65e.png","XAgCDwD8qpukuHiqtLZ9mImnmPFcDO4E",12079134621,"https://media.birdweather.com/soundscapes/6891/6891-20260521-074250.flac",0,3,"birdnetpi"
7975282222,6891,"2026-05-21T09:42:15.000+02:00",0.8,0.84393298625946,9.24729822679378,"almost_certain","2p4",NA,51.5628,6.0067,FALSE,1,"House Sparrow","Passer domesticus","#d16ff8","avian","https://media.birdweather.com/species/1/HouseSparrow-standard-b861184cf45c092cdb45fd689dd676ef.jpg","https://media.birdweather.com/species/1/HouseSparrow-thumbnail-e9cbc91763a1579de8ef04880678b5e3.jpg","https://media.birdweather.com/species/1/HouseSparrow-png200-125e8603e1efe9d7a18316b94f06a65e.png","XAgCDwD8qpukuHiqtLZ9mImnmPFcDO4E",12079118873,"https://media.birdweather.com/soundscapes/6891/6891-20260521-074215.flac",0,3,"birdnetpi"
7975238457,6891,"2026-05-21T09:39:09.000+02:00",0.78,0.803734242916107,9.1253122143214,"almost_certain","2p4",NA,51.562,6.0073,FALSE,551,"Common Swift","Apus apus","#234bb2","avian","https://media.birdweather.com/species/551/CommonSwift-standard-ba54f84fbd8481b1c0de60654fbd79d5.jpg","https://media.birdweather.com/species/551/CommonSwift-thumbnail-bad1d7e3c141990f11d01e49e9f768ac.jpg","https://media.birdweather.com/species/551/CommonSwift-png200-f52bea49cb0e4232049806bde3e1a401.png","LLYFFwLchWelV5dvsqh1jKZoKJIEMkoA",12079032171,"https://media.birdweather.com/soundscapes/6891/6891-20260521-073909.flac",0,3,"birdnetpi"
7975209220,6891,"2026-05-21T09:37:02.000+02:00",0.74,0.560286164283752,8.51907772113857,"almost_certain","2p4",NA,51.5648,6.0008,FALSE,119,"Common House-Martin","Delichon urbicum","#53b1ff","avian","https://media.birdweather.com/species/119/CommonHouse-Martin-standard-9ffbcc688c51210fb136a162c84d82ad.jpg","https://media.birdweather.com/species/119/CommonHouse-Martin-thumbnail-dd7059ca6235347c3097e7a66f04df95.jpg","https://media.birdweather.com/species/119/CommonHouse-Martin-png200-a73a8953ce2af50676da81e70b2746b2.png","YhgKDwKJd4iIiHd/h5h5d4mIeQqVllAH",12078973615,"https://media.birdweather.com/soundscapes/6891/6891-20260521-073702.flac",0,3,"birdnetpi"
7975168516,6891,"2026-05-21T09:34:08.000+02:00",0.74,0.84393298625946,9.07216650782523,"almost_certain","2p4",NA,51.563,6.009,FALSE,1,"House Sparrow","Passer domesticus","#d16ff8","avian","https://media.birdweather.com/species/1/HouseSparrow-standard-b861184cf45c092cdb45fd689dd676ef.jpg","https://media.birdweather.com/species/1/HouseSparrow-thumbnail-e9cbc91763a1579de8ef04880678b5e3.jpg","https://media.birdweather.com/species/1/HouseSparrow-png200-125e8603e1efe9d7a18316b94f06a65e.png","XAgCDwD8qpukuHiqtLZ9mImnmPFcDO4E",12078892236,"https://media.birdweather.com/soundscapes/6891/6891-20260521-073408.flac",0,3,"birdnetpi"
7975151840,6891,"2026-05-21T09:33:09.000+02:00",0.72,0.84393298625946,9.00843408640543,"almost_certain","2p4",NA,51.5683,6.0025,FALSE,1,"House Sparrow","Passer domesticus","#d16ff8","avian","https://media.birdweather.com/species/1/HouseSparrow-standard-b861184cf45c092cdb45fd689dd676ef.jpg","https://media.birdweather.com/species/1/HouseSparrow-thumbnail-e9cbc91763a1579de8ef04880678b5e3.jpg","https://media.birdweather.com/species/1/HouseSparrow-png200-125e8603e1efe9d7a18316b94f06a65e.png","XAgCDwD8qpukuHiqtLZ9mImnmPFcDO4E",12078859126,"https://media.birdweather.com/soundscapes/6891/6891-20260521-073309.flac",0,3,"birdnetpi"
7975137301,6891,"2026-05-21T09:32:02.000+02:00",0.74,0.84393298625946,9.07216650782523,"almost_certain","2p4",NA,51.5673,6.0017,FALSE,1,"House Sparrow","Passer domesticus","#d16ff8","avian","https://media.birdweather.com/species/1/HouseSparrow-standard-b861184cf45c092cdb45fd689dd676ef.jpg","https://media.birdweather.com/species/1/HouseSparrow-thumbnail-e9cbc91763a1579de8ef04880678b5e3.jpg","https://media.birdweather.com/species/1/HouseSparrow-png200-125e8603e1efe9d7a18316b94f06a65e.png","XAgCDwD8qpukuHiqtLZ9mImnmPFcDO4E",12078830811,"https://media.birdweather.com/soundscapes/6891/6891-20260521-073202.flac",0,3,"birdnetpi"
7975111493,6891,"2026-05-21T09:30:08.000+02:00",0.79,0.560286164283752,8.66653173108211,"almost_certain","2p4",NA,51.5626,6.0028,FALSE,119,"Common House-Martin","Delichon urbicum","#53b1ff","avian","https://media.birdweather.com/species/119/CommonHouse-Martin-standard-9ffbcc688c51210fb136a162c84d82ad.jpg","https://media.birdweather.com/species/119/CommonHouse-Martin-thumbnail-dd7059ca6235347c3097e7a66f04df95.jpg","https://media.birdweather.com/species/119/CommonHouse-Martin-png200-a73a8953ce2af50676da81e70b2746b2.png","YhgKDwKJd4iIiHd/h5h5d4mIeQqVllAH",12078780385,"https://media.birdweather.com/soundscapes/6891/6891-20260521-073008.flac",0,3,"birdnetpi"
7975103828,6891,"2026-05-21T09:29:35.000+02:00",0.96,0.560286164283752,9.07456491924675,"almost_certain","2p4",NA,51.5624,6.0066,FALSE,119,"Common House-Martin","Delichon urbicum","#53b1ff","avian","https://media.birdweather.com/species/119/CommonHouse-Martin-standard-9ffbcc688c51210fb136a162c84d82ad.jpg","https://media.birdweather.com/species/119/CommonHouse-Martin-thumbnail-dd7059ca6235347c3097e7a66f04df95.jpg","https://media.birdweather.com/species/119/CommonHouse-Martin-png200-a73a8953ce2af50676da81e70b2746b2.png","YhgKDwKJd4iIiHd/h5h5d4mIeQqVllAH",12078765099,"https://media.birdweather.com/soundscapes/6891/6891-20260521-072935.flac",0,3,"birdnetpi"
7975029421,6891,"2026-05-21T09:24:20.000+02:00",0.72,0.84393298625946,9.00843408640543,"almost_certain","2p4",NA,51.5656,6.0063,FALSE,1,"House Sparrow","Passer domesticus","#d16ff8","avian","https://media.birdweather.com/species/1/HouseSparrow-standard-b861184cf45c092cdb45fd689dd676ef.jpg","https://media.birdweather.com/species/1/HouseSparrow-thumbnail-e9cbc91763a1579de8ef04880678b5e3.jpg","https://media.birdweather.com/species/1/HouseSparrow-png200-125e8603e1efe9d7a18316b94f06a65e.png","XAgCDwD8qpukuHiqtLZ9mImnmPFcDO4E",12078617953,"https://media.birdweather.com/soundscapes/6891/6891-20260521-072420.flac",0,3,"birdnetpi"
7975020527,6891,"2026-05-21T09:23:54.000+02:00",0.84,0.84393298625946,9.35273485315027,"almost_certain","2p4",NA,51.5697,6.0009,FALSE,1,"House Sparrow","Passer domesticus","#d16ff8","avian","https://media.birdweather.com/species/1/HouseSparrow-standard-b861184cf45c092cdb45fd689dd676ef.jpg","https://media.birdweather.com/species/1/HouseSparrow-thumbnail-e9cbc91763a1579de8ef04880678b5e3.jpg","https://media.birdweather.com/species/1/HouseSparrow-png200-125e8603e1efe9d7a18316b94f06a65e.png","XAgCDwD8qpukuHiqtLZ9mImnmPFcDO4E",12078600287,"https://media.birdweather.com/soundscapes/6891/6891-20260521-072354.flac",0,3,"birdnetpi"
7975014182,6891,"2026-05-21T09:23:15.000+02:00",0.81,0.84393298625946,9.27442782618954,"almost_certain","2p4",NA,51.5668,6.0077,FALSE,1,"House Sparrow","Passer domesticus","#d16ff8","avian","https://media.birdweather.com/species/1/HouseSparrow-standard-b861184cf45c092cdb45fd689dd676ef.jpg","https://media.birdweather.com/species/1/HouseSparrow-thumbnail-e9cbc91763a1579de8ef04880678b5e3.jpg","https://media.birdweather.com/species/1/HouseSparrow-png200-125e8603e1efe9d7a18316b94f06a65e.png","XAgCDwD8qpukuHiqtLZ9mImnmPFcDO4E",12078587723,"https://media.birdweather.com/soundscapes/6891/6891-20260521-072315.flac",0,3,"birdnetpi"
7974982093,6891,"2026-05-21T09:20:59.000+02:00",0.82,0.84393298625946,9.30103060381377,"almost_certain","2p4",NA,51.5627,6.0093,FALSE,1,"House Sparrow","Passer domesticus","#d16ff8","avian","https://media.birdweather.com/species/1/HouseSparrow-standard-b861184cf45c092cdb45fd689dd676ef.jpg","https://media.birdweather.com/species/1/HouseSparrow-thumbnail-e9cbc91763a1579de8ef04880678b5e3.jpg","https://media.birdweather.com/species/1/HouseSparrow-png200-125e8603e1efe9d7a18316b94f06a65e.png","XAgCDwD8qpukuHiqtLZ9mImnmPFcDO4E",12078524170,"https://media.birdweather.com/soundscapes/6891/6891-20260521-072059.flac",0,3,"birdnetpi"
7974973726,6891,"2026-05-21T09:20:35.000+02:00",0.71,0.84393298625946,8.97542044074212,"almost_certain","2p4",NA,51.5616,6.0085,FALSE,1,"House Sparrow","Passer domesticus","#d16ff8","avian","https://media.birdweather.com/species/1/HouseSparrow-standard-b861184cf45c092cdb45fd689dd676ef.jpg","https://media.birdweather.com/species/1/HouseSparrow-thumbnail-e9cbc91763a1579de8ef04880678b5e3.jpg","https://media.birdweather.com/species/1/HouseSparrow-png200-125e8603e1efe9d7a18316b94f06a65e.png","XAgCDwD8qpukuHiqtLZ9mImnmPFcDO4E",12078507440,"https://media.birdweather.com/soundscapes/6891/6891-20260521-072035.flac",0,3,"birdnetpi"
7974950352,6891,"2026-05-21T09:18:44.000+02:00",0.7,0.84393298625946,8.94159156149331,"almost_certain","2p4",NA,51.5672,6.0033,FALSE,1,"House Sparrow","Passer domesticus","#d16ff8","avian","https://media.birdweather.com/species/1/HouseSparrow-standard-b861184cf45c092cdb45fd689dd676ef.jpg","https://media.birdweather.com/species/1/HouseSparrow-thumbnail-e9cbc91763a1579de8ef04880678b5e3.jpg","https://media.birdweather.com/species/1/HouseSparrow-png200-125e8603e1efe9d7a18316b94f06a65e.png","XAgCDwD8qpukuHiqtLZ9mImnmPFcDO4E",12078461187,"https://media.birdweather.com/soundscapes/6891/6891-20260521-071844.flac",0,3,"birdnetpi"
7974926008,6891,"2026-05-21T09:17:12.000+02:00",0.74,0.84393298625946,9.07216650782523,"almost_certain","2p4",NA,51.5701,6.0091,FALSE,1,"House Sparrow","Passer domesticus","#d16ff8","avian","https://media.birdweather.com/species/1/HouseSparrow-standard-b861184cf45c092cdb45fd689dd676ef.jpg","https://media.birdweather.com/species/1/HouseSparrow-thumbnail-e9cbc91763a1579de8ef04880678b5e3.jpg","https://media.birdweather.com/species/1/HouseSparrow-png200-125e8603e1efe9d7a18316b94f06a65e.png","XAgCDwD8qpukuHiqtLZ9mImnmPFcDO4E",12078412539,"https://media.birdweather.com/soundscapes/6891/6891-20260521-071712.flac",0,3,"birdnetpi"
7974913740,6891,"2026-05-21T09:16:09.000+02:00",0.84,0.84393298625946,9.35273485315027,"almost_certain","2p4",NA,51.5616,6.0033,FALSE,1,"House Sparrow","Passer domesticus","#d16ff8","avian","https://media.birdweather.com/species/1/HouseSparrow-standard-b861184cf45c092cdb45fd689dd676ef.jpg","https://media.birdweather.com/species/1/HouseSparrow-thumbnail-e9cbc91763a1579de8ef04880678b5e3.jpg","https://media.birdweather.com/species/1/HouseSparrow-png200-125e8603e1efe9d7a18316b94f06a65e.png","XAgCDwD8qpukuHiqtLZ9mImnmPFcDO4E",12078388240,"https://media.birdweather.com/soundscapes/6891/6891-20260521-071609.flac",0,3,"birdnetpi"
7974909398,6891,"2026-05-21T09:15:56.000+02:00",0.73,0.84393298625946,9.0406708678574,"almost_certain","2p4",NA,51.5691,6.0043,FALSE,1,"House Sparrow","Passer domesticus","#d16ff8","avian","https://media.birdweather.com/species/1/HouseSparrow-standard-b861184cf45c092cdb45fd689dd676ef.jpg","https://media.birdweather.com/species/1/HouseSparrow-thumbnail-e9cbc91763a1579de8ef04880678b5e3.jpg","https://media.birdweather.com/species/1/HouseSparrow-png200-125e8603e1efe9d7a18316b94f06a65e.png","XAgCDwD8qpukuHiqtLZ9mImnmPFcDO4E",12078379838,"https://media.birdweather.com/soundscapes/6891/6891-20260521-071556.flac",0,3,"birdnetpi"
7974903195,6891,"2026-05-21T09:15:33.000+02:00",0.85,0.84393298625946,9.3778731731257,"almost_certain","2p4",NA,51.5686,6.0065,FALSE,1,"House Sparrow","Passer domesticus","#d16ff8","avian","https://media.birdweather.com/species/1/HouseSparrow-standard-b861184cf45c092cdb45fd689dd676ef.jpg","https://media.birdweather.com/species/1/HouseSparrow-thumbnail-e9cbc91763a1579de8ef04880678b5e3.jpg","https://media.birdweather.com/species/1/HouseSparrow-png200-125e8603e1efe9d7a18316b94f06a65e.png","XAgCDwD8qpukuHiqtLZ9mImnmPFcDO4E",12078367448,"https://media.birdweather.com/soundscapes/6891/6891-20260521-071533.flac",0,3,"birdnetpi"
7974871566,6891,"2026-05-21T09:13:12.000+02:00",0.85,0.560286164283752,8.82478438643904,"almost_certain","2p4",NA,51.5689,6.007,FALSE,119,"Common House-Martin","Delichon urbicum","#53b1ff","avian","https://media.birdweather.com/species/119/CommonHouse-Martin-standard-9ffbcc688c51210fb136a162c84d82ad.jpg","https://media.birdweather.com/species/119/CommonHouse-Martin-thumbnail-dd7059ca6235347c3097e7a66f04df95.jpg","https://media.birdweather.com/species/119/CommonHouse-Martin-png200-a73a8953ce2af50676da81e70b2746b2.png","YhgKDwKJd4iIiHd/h5h5d4mIeQqVllAH",12078305667,"https://media.birdweather.com/soundscapes/6891/6891-20260521-071312.flac",0,3,"birdnetpi"
7974870045,6891,"2026-05-21T09:13:08.000+02:00",0.8,0.84393298625946,9.24729822679378,"almost_certain","2p4",NA,51.5617,6.0035,FALSE,1,"House Sparrow","Passer domesticus","#d16ff8","avian","https://media.birdweather.com/species/1/HouseSparrow-standard-b861184cf45c092cdb45fd689dd676ef.jpg","https://media.birdweather.com/species/1/HouseSparrow-thumbnail-e9cbc91763a1579de8ef04880678b5e3.jpg","https://media.birdweather.com/species/1/HouseSparrow-png200-125e8603e1efe9d7a18316b94f06a65e.png","XAgCDwD8qpukuHiqtLZ9mImnmPFcDO4E",12078302793,"https://media.birdweather.com/soundscapes/6891/6891-20260521-071308.flac",0,3,"birdnetpi"
7974863650,6891,"2026-05-21T09:12:41.000+02:00",0.73,0.84393298625946,9.0406708678574,"almost_certain","2p4",NA,51.5647,6.0066,FALSE,1,"House Sparrow","Passer domesticus","#d16ff8","avian","https://media.birdweather.com/species/1/HouseSparrow-standard-b861184cf45c092cdb45fd689dd676ef.jpg","https://media.birdweather.com/species/1/HouseSparrow-thumbnail-e9cbc91763a1579de8ef04880678b5e3.jpg","https://media.birdweather.com/species/1/HouseSparrow-png200-125e8603e1efe9d7a18316b94f06a65e.png","XAgCDwD8qpukuHiqtLZ9mImnmPFcDO4E",12078290187,"https://media.birdweather.com/soundscapes/6891/6891-20260521-071241.flac",0,3,"birdnetpi"
7974856684,6891,"2026-05-21T09:12:11.000+02:00",0.85,0.84393298625946,9.3778731731257,"almost_certain","2p4",NA,51.5653,6.0084,FALSE,1,"House Sparrow","Passer domesticus","#d16ff8","avian","https://media.birdweather.com/species/1/HouseSparrow-standard-b861184cf45c092cdb45fd689dd676ef.jpg","https://media.birdweather.com/species/1/HouseSparrow-thumbnail-e9cbc91763a1579de8ef04880678b5e3.jpg","https://media.birdweather.com/species/1/HouseSparrow-png200-125e8603e1efe9d7a18316b94f06a65e.png","XAgCDwD8qpukuHiqtLZ9mImnmPFcDO4E",12078276684,"https://media.birdweather.com/soundscapes/6891/6891-20260521-071211.flac",0,3,"birdnetpi"
7974851573,6891,"2026-05-21T09:11:50.000+02:00",0.77,0.84393298625946,9.1625289237,"almost_certain","2p4",NA,51.5686,6.0023,FALSE,1,"House Sparrow","Passer domesticus","#d16ff8","avian","https://media.birdweather.com/species/1/HouseSparrow-standard-b861184cf45c092cdb45fd689dd676ef.jpg","https://media.birdweather.com/species/1/HouseSparrow-thumbnail-e9cbc91763a1579de8ef04880678b5e3.jpg","https://media.birdweather.com/species/1/HouseSparrow-png200-125e8603e1efe9d7a18316b94f06a65e.png","XAgCDwD8qpukuHiqtLZ9mImnmPFcDO4E",12078267011,"https://media.birdweather.com/soundscapes/6891/6891-20260521-071150.flac",0,3,"birdnetpi"
7974829217,6891,"2026-05-21T09:10:14.000+02:00",0.75,0.84393298625946,9.10295432034255,"almost_certain","2p4",NA,51.5688,6.0024,FALSE,1,"House Sparrow","Passer domesticus","#d16ff8","avian","https://media.birdweather.com/species/1/HouseSparrow-standard-b861184cf45c092cdb45fd689dd676ef.jpg","https://media.birdweather.com/species/1/HouseSparrow-thumbnail-e9cbc91763a1579de8ef04880678b5e3.jpg","https://media.birdweather.com/species/1/HouseSparrow-png200-125e8603e1efe9d7a18316b94f06a65e.png","XAgCDwD8qpukuHiqtLZ9mImnmPFcDO4E",12078222927,"https://media.birdweather.com/soundscapes/6891/6891-20260521-071014.flac",0,3,"birdnetpi"
7974823648,6891,"2026-05-21T09:09:51.000+02:00",0.74,0.84393298625946,9.07216650782523,"almost_certain","2p4",NA,51.5619,6.0056,FALSE,1,"House Sparrow","Passer domesticus","#d16ff8","avian","https://media.birdweather.com/species/1/HouseSparrow-standard-b861184cf45c092cdb45fd689dd676ef.jpg","https://media.birdweather.com/species/1/HouseSparrow-thumbnail-e9cbc91763a1579de8ef04880678b5e3.jpg","https://media.birdweather.com/species/1/HouseSparrow-png200-125e8603e1efe9d7a18316b94f06a65e.png","XAgCDwD8qpukuHiqtLZ9mImnmPFcDO4E",12078212180,"https://media.birdweather.com/soundscapes/6891/6891-20260521-070951.flac",0,3,"birdnetpi"
7974809943,6891,"2026-05-21T09:08:59.000+02:00",0.76,0.84393298625946,9.13306542254728,"almost_certain","2p4",NA,51.5663,6.0013,FALSE,1,"House Sparrow","Passer domesticus","#d16ff8","avian","https://media.birdweather.com/species/1/HouseSparrow-standard-b861184cf45c092cdb45fd689dd676ef.jpg","https://media.birdweather.com/species/1/HouseSparrow-thumbnail-e9cbc91763a1579de8ef04880678b5e3.jpg","https://media.birdweather.com/species/1/HouseSparrow-png200-125e8603e1efe9d7a18316b94f06a65e.png","XAgCDwD8qpukuHiqtLZ9mImnmPFcDO4E",12078185638,"https://media.birdweather.com/soundscapes/6891/6891-20260521-070859.flac",0,3,"birdnetpi"
7974803425,6891,"2026-05-21T09:08:27.000+02:00",0.81,0.84393298625946,9.27442782618954,"almost_certain","2p4",NA,51.5679,6.0086,FALSE,1,"House Sparrow","Passer domesticus","#d16ff8","avian","https://media.birdweather.com/species/1/HouseSparrow-standard-b861184cf45c092cdb45fd689dd676ef.jpg","https://media.birdweather.com/species/1/HouseSparrow-thumbnail-e9cbc91763a1579de8ef04880678b5e3.jpg","https://media.birdweather.com/species/1/HouseSparrow-png200-125e8603e1efe9d7a18316b94f06a65e.png","XAgCDwD8qpukuHiqtLZ9mImnmPFcDO4E",12078173115,"https://media.birdweather.com/soundscapes/6891/6891-20260521-070827.flac",0,3,"birdnetpi"
7974778223,6891,"2026-05-21T09:06:44.000+02:00",0.71,0.84393298625946,8.97542044074212,"almost_certain","2p4",NA,51.5678,6.0024,FALSE,1,"House Sparrow","Passer domesticus","#d16ff8","avian","https://media.birdweather.com/species/1/HouseSparrow-standard-b861184cf45c092cdb45fd689dd676ef.jpg","https://media.birdweather.com/species/1/HouseSparrow-thumbnail-e9cbc91763a1579de8ef04880678b5e3.jpg","https://media.birdweather.com/species/1/HouseSparrow-png200-125e8603e1efe9d7a18316b94f06a65e.png","XAgCDwD8qpukuHiqtLZ9mImnmPFcDO4E",12078124765,"https://media.birdweather.com/soundscapes/6891/6891-20260521-070644.flac",0,3,"birdnetpi"
7974763911,6891,"2026-05-21T09:05:47.000+02:00",0.82,0.560286164283752,8.74794181712711,"almost_certain","2p4",NA,51.5688,6.0052,FALSE,119,"Common House-Martin","Delichon urbicum","#53b1ff","avian","https://media.birdweather.com/species/119/CommonHouse-Martin-standard-9ffbcc688c51210fb136a162c84d82ad.jpg","https://media.birdweather.com/species/119/CommonHouse-Martin-thumbnail-dd7059ca6235347c3097e7a66f04df95.jpg","https://media.birdweather.com/species/119/CommonHouse-Martin-png200-a73a8953ce2af50676da81e70b2746b2.png","YhgKDwKJd4iIiHd/h5h5d4mIeQqVllAH",12078097226,"https://media.birdweather.com/soundscapes/6891/6891-20260521-070547.flac",0,3,"birdnetpi"
7974747813,6891,"2026-05-21T09:04:41.000+02:00",0.71,0.84393298625946,8.97542044074212,"almost_certain","2p4",NA,51.5666,6.0019,FALSE,1,"House Sparrow","Passer domesticus","#d16ff8","avian","https://media.birdweather.com/species/1/HouseSparrow-standard-b861184cf45c092cdb45fd689dd676ef.jpg","https://media.birdweather.com/species/1/HouseSparrow-thumbnail-e9cbc91763a1579de8ef04880678b5e3.jpg","https://media.birdweather.com/species/1/HouseSparrow-png200-125e8603e1efe9d7a18316b94f06a65e.png","XAgCDwD8qpukuHiqtLZ9mImnmPFcDO4E",12078066416,"https://media.birdweather.com/soundscapes/6891/6891-20260521-070441.flac",0,3,"birdnetpi"
7974744154,6891,"2026-05-21T09:04:27.000+02:00",0.78,0.84393298625946,9.19137209430103,"almost_certain","2p4",NA,51.5659,6.0077,FALSE,1,"House Sparrow","Passer domesticus","#d16ff8","avian","https://media.birdweather.com/species/1/HouseSparrow-standard-b861184cf45c092cdb45fd689dd676ef.jpg","https://media.birdweather.com/species/1/HouseSparrow-thumbnail-e9cbc91763a1579de8ef04880678b5e3.jpg","https://media.birdweather.com/species/1/HouseSparrow-png200-125e8603e1efe9d7a18316b94f06a65e.png","XAgCDwD8qpukuHiqtLZ9mImnmPFcDO4E",12078059337,"https://media.birdweather.com/soundscapes/6891/6891-20260521-070427.flac",0,3,"birdnetpi"
7974729465,6891,"2026-05-21T09:03:23.000+02:00",0.84,0.560286164283752,8.79964606646361,"almost_certain","2p4",NA,51.5646,6.0091,FALSE,119,"Common House-Martin","Delichon urbicum","#53b1ff","avian","https://media.birdweather.com/species/119/CommonHouse-Martin-standard-9ffbcc688c51210fb136a162c84d82ad.jpg","https://media.birdweather.com/species/119/CommonHouse-Martin-thumbnail-dd7059ca6235347c3097e7a66f04df95.jpg","https://media.birdweather.com/species/119/CommonHouse-Martin-png200-a73a8953ce2af50676da81e70b2746b2.png","YhgKDwKJd4iIiHd/h5h5d4mIeQqVllAH",12078030839,"https://media.birdweather.com/soundscapes/6891/6891-20260521-070323.flac",0,3,"birdnetpi"
7974719888,6891,"2026-05-21T09:02:45.000+02:00",0.81,0.84393298625946,9.27442782618954,"almost_certain","2p4",NA,51.5641,6.0084,FALSE,1,"House Sparrow","Passer domesticus","#d16ff8","avian","https://media.birdweather.com/species/1/HouseSparrow-standard-b861184cf45c092cdb45fd689dd676ef.jpg","https://media.birdweather.com/species/1/HouseSparrow-thumbnail-e9cbc91763a1579de8ef04880678b5e3.jpg","https://media.birdweather.com/species/1/HouseSparrow-png200-125e8603e1efe9d7a18316b94f06a65e.png","XAgCDwD8qpukuHiqtLZ9mImnmPFcDO4E",12078012623,"https://media.birdweather.com/soundscapes/6891/6891-20260521-070245.flac",0,3,"birdnetpi"
7974709525,6891,"2026-05-21T09:02:09.000+02:00",0.85,0.84393298625946,9.3778731731257,"almost_certain","2p4",NA,51.5637,6.0089,FALSE,1,"House Sparrow","Passer domesticus","#d16ff8","avian","https://media.birdweather.com/species/1/HouseSparrow-standard-b861184cf45c092cdb45fd689dd676ef.jpg","https://media.birdweather.com/species/1/HouseSparrow-thumbnail-e9cbc91763a1579de8ef04880678b5e3.jpg","https://media.birdweather.com/species/1/HouseSparrow-png200-125e8603e1efe9d7a18316b94f06a65e.png","XAgCDwD8qpukuHiqtLZ9mImnmPFcDO4E",12077992104,"https://media.birdweather.com/soundscapes/6891/6891-20260521-070209.flac",0,3,"birdnetpi"
7974703046,6891,"2026-05-21T09:01:33.000+02:00",0.78,0.84393298625946,9.19137209430103,"almost_certain","2p4",NA,51.5643,6.0016,FALSE,1,"House Sparrow","Passer domesticus","#d16ff8","avian","https://media.birdweather.com/species/1/HouseSparrow-standard-b861184cf45c092cdb45fd689dd676ef.jpg","https://media.birdweather.com/species/1/HouseSparrow-thumbnail-e9cbc91763a1579de8ef04880678b5e3.jpg","https://media.birdweather.com/species/1/HouseSparrow-png200-125e8603e1efe9d7a18316b94f06a65e.png","XAgCDwD8qpukuHiqtLZ9mImnmPFcDO4E",12077979468,"https://media.birdweather.com/soundscapes/6891/6891-20260521-070133.flac",0,3,"birdnetpi"
7974696393,6891,"2026-05-21T09:01:11.000+02:00",0.83,0.84393298625946,9.32712663092362,"almost_certain","2p4",NA,51.5697,6.0086,FALSE,1,"House Sparrow","Passer domesticus","#d16ff8","avian","https://media.birdweather.com/species/1/HouseSparrow-standard-b861184cf45c092cdb45fd689dd676ef.jpg","https://media.birdweather.com/species/1/HouseSparrow-thumbnail-e9cbc91763a1579de8ef04880678b5e3.jpg","https://media.birdweather.com/species/1/HouseSparrow-png200-125e8603e1efe9d7a18316b94f06a65e.png","XAgCDwD8qpukuHiqtLZ9mImnmPFcDO4E",12077966948,"https://media.birdweather.com/soundscapes/6891/6891-20260521-070111.flac",0,3,"birdnetpi"
7974690020,6891,"2026-05-21T09:00:51.000+02:00",0.72,0.84393298625946,9.00843408640543,"almost_certain","2p4",NA,51.5619,6.0005,FALSE,1,"House Sparrow","Passer domesticus","#d16ff8","avian","https://media.birdweather.com/species/1/HouseSparrow-standard-b861184cf45c092cdb45fd689dd676ef.jpg","https://media.birdweather.com/species/1/HouseSparrow-thumbnail-e9cbc91763a1579de8ef04880678b5e3.jpg","https://media.birdweather.com/species/1/HouseSparrow-png200-125e8603e1efe9d7a18316b94f06a65e.png","XAgCDwD8qpukuHiqtLZ9mImnmPFcDO4E",12077954254,"https://media.birdweather.com/soundscapes/6891/6891-20260521-070051.flac",0,3,"birdnetpi"
7974675346,6891,"2026-05-21T08:59:42.000+02:00",0.8,0.84393298625946,9.24729822679378,"almost_certain","2p4",NA,51.5662,6.0081,FALSE,1,"House Sparrow","Passer domesticus","#d16ff8","avian","https://media.birdweather.com/species/1/HouseSparrow-standard-b861184cf45c092cdb45fd689dd676ef.jpg","https://media.birdweather.com/species/1/HouseSparrow-thumbnail-e9cbc91763a1579de8ef04880678b5e3.jpg","https://media.birdweather.com/species/1/HouseSparrow-png200-125e8603e1efe9d7a18316b94f06a65e.png","XAgCDwD8qpukuHiqtLZ9mImnmPFcDO4E",12077925050,"https://media.birdweather.com/soundscapes/6891/6891-20260521-065942.flac",0,3,"birdnetpi"
7974658414,6891,"2026-05-21T08:58:39.000+02:00",0.84,0.84393298625946,9.35273485315027,"almost_certain","2p4",NA,51.5689,6.0055,FALSE,1,"House Sparrow","Passer domesticus","#d16ff8","avian","https://media.birdweather.com/species/1/HouseSparrow-standard-b861184cf45c092cdb45fd689dd676ef.jpg","https://media.birdweather.com/species/1/HouseSparrow-thumbnail-e9cbc91763a1579de8ef04880678b5e3.jpg","https://media.birdweather.com/species/1/HouseSparrow-png200-125e8603e1efe9d7a18316b94f06a65e.png","XAgCDwD8qpukuHiqtLZ9mImnmPFcDO4E",12077892902,"https://media.birdweather.com/soundscapes/6891/6891-20260521-065839.flac",0,3,"birdnetpi"
7974647364,6891,"2026-05-21T08:57:53.000+02:00",0.88,0.84393298625946,9.45063363380581,"almost_certain","2p4",NA,51.5688,6.0026,FALSE,1,"House Sparrow","Passer domesticus","#d16ff8","avian","https://media.birdweather.com/species/1/HouseSparrow-standard-b861184cf45c092cdb45fd689dd676ef.jpg","https://media.birdweather.com/species/1/HouseSparrow-thumbnail-e9cbc91763a1579de8ef04880678b5e3.jpg","https://media.birdweather.com/species/1/HouseSparrow-png200-125e8603e1efe9d7a18316b94f06a65e.png","XAgCDwD8qpukuHiqtLZ9mImnmPFcDO4E",12077871314,"https://media.birdweather.com/soundscapes/6891/6891-20260521-065753.flac",0,3,"birdnetpi"
7974640517,6891,"2026-05-21T08:57:18.000+02:00",0.75,0.84393298625946,9.10295432034255,"almost_certain","2p4",NA,51.5663,6.0066,FALSE,1,"House Sparrow","Passer domesticus","#d16ff8","avian","https://media.birdweather.com/species/1/HouseSparrow-standard-b861184cf45c092cdb45fd689dd676ef.jpg","https://media.birdweather.com/species/1/HouseSparrow-thumbnail-e9cbc91763a1579de8ef04880678b5e3.jpg","https://media.birdweather.com/species/1/HouseSparrow-png200-125e8603e1efe9d7a18316b94f06a65e.png","XAgCDwD8qpukuHiqtLZ9mImnmPFcDO4E",12077858619,"https://media.birdweather.com/soundscapes/6891/6891-20260521-065718.flac",0,3,"birdnetpi"
7974634257,6891,"2026-05-21T08:56:48.000+02:00",0.8,0.84393298625946,9.24729822679378,"almost_certain","2p4",NA,51.5701,6.0041,FALSE,1,"House Sparrow","Passer domesticus","#d16ff8","avian","https://media.birdweather.com/species/1/HouseSparrow-standard-b861184cf45c092cdb45fd689dd676ef.jpg","https://media.birdweather.com/species/1/HouseSparrow-thumbnail-e9cbc91763a1579de8ef04880678b5e3.jpg","https://media.birdweather.com/species/1/HouseSparrow-png200-125e8603e1efe9d7a18316b94f06a65e.png","XAgCDwD8qpukuHiqtLZ9mImnmPFcDO4E",12077846665,"https://media.birdweather.com/soundscapes/6891/6891-20260521-065648.flac",0,3,"birdnetpi"
7974610872,6891,"2026-05-21T08:55:14.000+02:00",0.76,0.84393298625946,9.13306542254728,"almost_certain","2p4",NA,51.5678,6.0069,FALSE,1,"House Sparrow","Passer domesticus","#d16ff8","avian","https://media.birdweather.com/species/1/HouseSparrow-standard-b861184cf45c092cdb45fd689dd676ef.jpg","https://media.birdweather.com/species/1/HouseSparrow-thumbnail-e9cbc91763a1579de8ef04880678b5e3.jpg","https://media.birdweather.com/species/1/HouseSparrow-png200-125e8603e1efe9d7a18316b94f06a65e.png","XAgCDwD8qpukuHiqtLZ9mImnmPFcDO4E",12077802481,"https://media.birdweather.com/soundscapes/6891/6891-20260521-065514.flac",0,3,"birdnetpi"
7974591614,6891,"2026-05-21T08:53:57.000+02:00",0.77,0.84393298625946,9.1625289237,"almost_certain","2p4",NA,51.5677,6.0022,FALSE,1,"House Sparrow","Passer domesticus","#d16ff8","avian","https://media.birdweather.com/species/1/HouseSparrow-standard-b861184cf45c092cdb45fd689dd676ef.jpg","https://media.birdweather.com/species/1/HouseSparrow-thumbnail-e9cbc91763a1579de8ef04880678b5e3.jpg","https://media.birdweather.com/species/1/HouseSparrow-png200-125e8603e1efe9d7a18316b94f06a65e.png","XAgCDwD8qpukuHiqtLZ9mImnmPFcDO4E",12077766063,"https://media.birdweather.com/soundscapes/6891/6891-20260521-065357.flac",0,3,"birdnetpi"
7974586432,6891,"2026-05-21T08:53:35.000+02:00",0.74,0.892300605773926,9.14764667163378,"almost_certain","2p4",NA,51.5623,6.008,FALSE,66,"Eurasian Blue Tit","Cyanistes caeruleus","#4b8900","avian","https://media.birdweather.com/species/66/EurasianBlueTit-standard-4ec8e45d78b2908d0f41ae495ae07571.jpg","https://media.birdweather.com/species/66/EurasianBlueTit-thumbnail-4d9abc54a3abc3fb12e78e603cbe6784.jpg","https://media.birdweather.com/species/66/EurasianBlueTit-png200-49adab92304ba7a74e93ac43e38e62d3.png","EfgJBwAKhHiEm2ZheGllqXeZhi/ze3EP",12077756191,"https://media.birdweather.com/soundscapes/6891/6891-20260521-065335.flac",0,3,"birdnetpi"
7974582205,6891,"2026-05-21T08:53:18.000+02:00",0.74,0.892300605773926,9.14764667163378,"almost_certain","2p4",NA,51.5697,6.0058,FALSE,66,"Eurasian Blue Tit","Cyanistes caeruleus","#4b8900","avian","https://media.birdweather.com/species/66/EurasianBlueTit-standard-4ec8e45d78b2908d0f41ae495ae07571.jpg","https://media.birdweather.com/species/66/EurasianBlueTit-thumbnail-4d9abc54a3abc3fb12e78e603cbe6784.jpg","https://media.birdweather.com/species/66/EurasianBlueTit-png200-49adab92304ba7a74e93ac43e38e62d3.png","EfgJBwAKhHiEm2ZheGllqXeZhi/ze3EP",12077748270,"https://media.birdweather.com/soundscapes/6891/6891-20260521-065318.flac",0,3,"birdnetpi"
7974563853,6891,"2026-05-21T08:52:05.000+02:00",0.73,0.84393298625946,9.0406708678574,"almost_certain","2p4",NA,51.5683,6.0082,FALSE,1,"House Sparrow","Passer domesticus","#d16ff8","avian","https://media.birdweather.com/species/1/HouseSparrow-standard-b861184cf45c092cdb45fd689dd676ef.jpg","https://media.birdweather.com/species/1/HouseSparrow-thumbnail-e9cbc91763a1579de8ef04880678b5e3.jpg","https://media.birdweather.com/species/1/HouseSparrow-png200-125e8603e1efe9d7a18316b94f06a65e.png","XAgCDwD8qpukuHiqtLZ9mImnmPFcDO4E",12077714104,"https://media.birdweather.com/soundscapes/6891/6891-20260521-065205.flac",0,3,"birdnetpi"
7974557463,6891,"2026-05-21T08:51:50.000+02:00",0.89,0.84393298625946,9.47405300750805,"almost_certain","2p4",NA,51.563,6.0091,FALSE,1,"House Sparrow","Passer domesticus","#d16ff8","avian","https://media.birdweather.com/species/1/HouseSparrow-standard-b861184cf45c092cdb45fd689dd676ef.jpg","https://media.birdweather.com/species/1/HouseSparrow-thumbnail-e9cbc91763a1579de8ef04880678b5e3.jpg","https://media.birdweather.com/species/1/HouseSparrow-png200-125e8603e1efe9d7a18316b94f06a65e.png","XAgCDwD8qpukuHiqtLZ9mImnmPFcDO4E",12077702059,"https://media.birdweather.com/soundscapes/6891/6891-20260521-065150.flac",0,3,"birdnetpi"
7974550789,6891,"2026-05-21T08:51:17.000+02:00",0.92,0.84393298625946,9.54200081686899,"almost_certain","2p4",NA,51.5692,6.0045,FALSE,1,"House Sparrow","Passer domesticus","#d16ff8","avian","https://media.birdweather.com/species/1/HouseSparrow-standard-b861184cf45c092cdb45fd689dd676ef.jpg","https://media.birdweather.com/species/1/HouseSparrow-thumbnail-e9cbc91763a1579de8ef04880678b5e3.jpg","https://media.birdweather.com/species/1/HouseSparrow-png200-125e8603e1efe9d7a18316b94f06a65e.png","XAgCDwD8qpukuHiqtLZ9mImnmPFcDO4E",12077689307,"https://media.birdweather.com/soundscapes/6891/6891-20260521-065117.flac",0,3,"birdnetpi"
7974538920,6891,"2026-05-21T08:50:24.000+02:00",0.81,0.84393298625946,9.27442782618954,"almost_certain","2p4",NA,51.5637,6.0039,FALSE,1,"House Sparrow","Passer domesticus","#d16ff8","avian","https://media.birdweather.com/species/1/HouseSparrow-standard-b861184cf45c092cdb45fd689dd676ef.jpg","https://media.birdweather.com/species/1/HouseSparrow-thumbnail-e9cbc91763a1579de8ef04880678b5e3.jpg","https://media.birdweather.com/species/1/HouseSparrow-png200-125e8603e1efe9d7a18316b94f06a65e.png","XAgCDwD8qpukuHiqtLZ9mImnmPFcDO4E",12077666972,"https://media.birdweather.com/soundscapes/6891/6891-20260521-065024.flac",0,3,"birdnetpi"
7974531466,6891,"2026-05-21T08:49:54.000+02:00",0.73,0.84393298625946,9.0406708678574,"almost_certain","2p4",NA,51.5701,6.0035,FALSE,1,"House Sparrow","Passer domesticus","#d16ff8","avian","https://media.birdweather.com/species/1/HouseSparrow-standard-b861184cf45c092cdb45fd689dd676ef.jpg","https://media.birdweather.com/species/1/HouseSparrow-thumbnail-e9cbc91763a1579de8ef04880678b5e3.jpg","https://media.birdweather.com/species/1/HouseSparrow-png200-125e8603e1efe9d7a18316b94f06a65e.png","XAgCDwD8qpukuHiqtLZ9mImnmPFcDO4E",12077652977,"https://media.birdweather.com/soundscapes/6891/6891-20260521-064954.flac",0,3,"birdnetpi"
7974514134,6891,"2026-05-21T08:48:44.000+02:00",0.76,0.560286164283752,8.57997663586061,"almost_certain","2p4",NA,51.5655,6.0042,FALSE,119,"Common House-Martin","Delichon urbicum","#53b1ff","avian","https://media.birdweather.com/species/119/CommonHouse-Martin-standard-9ffbcc688c51210fb136a162c84d82ad.jpg","https://media.birdweather.com/species/119/CommonHouse-Martin-thumbnail-dd7059ca6235347c3097e7a66f04df95.jpg","https://media.birdweather.com/species/119/CommonHouse-Martin-png200-a73a8953ce2af50676da81e70b2746b2.png","YhgKDwKJd4iIiHd/h5h5d4mIeQqVllAH",12077620155,"https://media.birdweather.com/soundscapes/6891/6891-20260521-064844.flac",0,3,"birdnetpi"
7974503408,6891,"2026-05-21T08:48:02.000+02:00",0.78,0.560286164283752,8.63828330761436,"almost_certain","2p4",NA,51.5681,6.0083,FALSE,119,"Common House-Martin","Delichon urbicum","#53b1ff","avian","https://media.birdweather.com/species/119/CommonHouse-Martin-standard-9ffbcc688c51210fb136a162c84d82ad.jpg","https://media.birdweather.com/species/119/CommonHouse-Martin-thumbnail-dd7059ca6235347c3097e7a66f04df95.jpg","https://media.birdweather.com/species/119/CommonHouse-Martin-png200-a73a8953ce2af50676da81e70b2746b2.png","YhgKDwKJd4iIiHd/h5h5d4mIeQqVllAH",12077599585,"https://media.birdweather.com/soundscapes/6891/6891-20260521-064802.flac",0,3,"birdnetpi"
7974484087,6891,"2026-05-21T08:46:42.000+02:00",0.75,0.560286164283752,8.54986553365589,"almost_certain","2p4",NA,51.5644,6.0084,FALSE,119,"Common House-Martin","Delichon urbicum","#53b1ff","avian","https://media.birdweather.com/species/119/CommonHouse-Martin-standard-9ffbcc688c51210fb136a162c84d82ad.jpg","https://media.birdweather.com/species/119/CommonHouse-Martin-thumbnail-dd7059ca6235347c3097e7a66f04df95.jpg","https://media.birdweather.com/species/119/CommonHouse-Martin-png200-a73a8953ce2af50676da81e70b2746b2.png","YhgKDwKJd4iIiHd/h5h5d4mIeQqVllAH",12077563241,"https://media.birdweather.com/soundscapes/6891/6891-20260521-064642.flac",0,3,"birdnetpi"
7974477748,6891,"2026-05-21T08:46:26.000+02:00",0.87,0.84393298625946,9.42680694629055,"almost_certain","2p4",NA,51.5695,6.0019,FALSE,1,"House Sparrow","Passer domesticus","#d16ff8","avian","https://media.birdweather.com/species/1/HouseSparrow-standard-b861184cf45c092cdb45fd689dd676ef.jpg","https://media.birdweather.com/species/1/HouseSparrow-thumbnail-e9cbc91763a1579de8ef04880678b5e3.jpg","https://media.birdweather.com/species/1/HouseSparrow-png200-125e8603e1efe9d7a18316b94f06a65e.png","XAgCDwD8qpukuHiqtLZ9mImnmPFcDO4E",12077551540,"https://media.birdweather.com/soundscapes/6891/6891-20260521-064626.flac",0,3,"birdnetpi"
7974469373,6891,"2026-05-21T08:45:47.000+02:00",0.77,0.84393298625946,9.1625289237,"almost_certain","2p4",NA,51.5656,6.0075,FALSE,1,"House Sparrow","Passer domesticus","#d16ff8","avian","https://media.birdweather.com/species/1/HouseSparrow-standard-b861184cf45c092cdb45fd689dd676ef.jpg","https://media.birdweather.com/species/1/HouseSparrow-thumbnail-e9cbc91763a1579de8ef04880678b5e3.jpg","https://media.birdweather.com/species/1/HouseSparrow-png200-125e8603e1efe9d7a18316b94f06a65e.png","XAgCDwD8qpukuHiqtLZ9mImnmPFcDO4E",12077536149,"https://media.birdweather.com/soundscapes/6891/6891-20260521-064547.flac",0,3,"birdnetpi"
7974462495,6891,"2026-05-21T08:45:26.000+02:00",0.7,0.84393298625946,8.94159156149331,"almost_certain","2p4",NA,51.5622,6.0013,FALSE,1,"House Sparrow","Passer domesticus","#d16ff8","avian","https://media.birdweather.com/species/1/HouseSparrow-standard-b861184cf45c092cdb45fd689dd676ef.jpg","https://media.birdweather.com/species/1/HouseSparrow-thumbnail-e9cbc91763a1579de8ef04880678b5e3.jpg","https://media.birdweather.com/species/1/HouseSparrow-png200-125e8603e1efe9d7a18316b94f06a65e.png","XAgCDwD8qpukuHiqtLZ9mImnmPFcDO4E",12077523405,"https://media.birdweather.com/soundscapes/6891/6891-20260521-064526.flac",0,3,"birdnetpi"
7974454538,6891,"2026-05-21T08:44:45.000+02:00",0.8,0.560286164283752,8.69420944010711,"almost_certain","2p4",NA,51.5672,6.0028,FALSE,119,"Common House-Martin","Delichon urbicum","#53b1ff","avian","https://media.birdweather.com/species/119/CommonHouse-Martin-standard-9ffbcc688c51210fb136a162c84d82ad.jpg","https://media.birdweather.com/species/119/CommonHouse-Martin-thumbnail-dd7059ca6235347c3097e7a66f04df95.jpg","https://media.birdweather.com/species/119/CommonHouse-Martin-png200-a73a8953ce2af50676da81e70b2746b2.png","YhgKDwKJd4iIiHd/h5h5d4mIeQqVllAH",12077508504,"https://media.birdweather.com/soundscapes/6891/6891-20260521-064445.flac",0,3,"birdnetpi"
7974447863,6891,"2026-05-21T08:44:20.000+02:00",0.82,0.658253312110901,8.96512659364027,"almost_certain","2p4",NA,51.5622,6.0082,FALSE,89,"European Goldfinch","Carduelis carduelis","#65dba3","avian","https://media.birdweather.com/species/89/EuropeanGoldfinch-standard-5e709d6e7011b21fe905b6d27ce94b9d.jpg","https://media.birdweather.com/species/89/EuropeanGoldfinch-thumbnail-f99916cbaf5a2c3bd8f61890d18d73c1.jpg","https://media.birdweather.com/species/89/EuropeanGoldfinch-png200-ef3fc90c8328c40b59d9ad3c4b52e850.png","lPgJDwI+UJmHq2hji4dWiHiH2XQID5UC",12077495883,"https://media.birdweather.com/soundscapes/6891/6891-20260521-064420.flac",0,3,"birdnetpi"
7974440086,6891,"2026-05-21T08:43:47.000+02:00",0.71,0.84393298625946,8.97542044074212,"almost_certain","2p4",NA,51.5702,6.0011,FALSE,1,"House Sparrow","Passer domesticus","#d16ff8","avian","https://media.birdweather.com/species/1/HouseSparrow-standard-b861184cf45c092cdb45fd689dd676ef.jpg","https://media.birdweather.com/species/1/HouseSparrow-thumbnail-e9cbc91763a1579de8ef04880678b5e3.jpg","https://media.birdweather.com/species/1/HouseSparrow-png200-125e8603e1efe9d7a18316b94f06a65e.png","XAgCDwD8qpukuHiqtLZ9mImnmPFcDO4E",12077481318,"https://media.birdweather.com/soundscapes/6891/6891-20260521-064347.flac",0,3,"birdnetpi"
7974425551,6891,"2026-05-21T08:42:48.000+02:00",0.97,0.658253312110901,9.31235158774934,"almost_certain","2p4",NA,51.5681,6.001,FALSE,89,"European Goldfinch","Carduelis carduelis","#65dba3","avian","https://media.birdweather.com/species/89/EuropeanGoldfinch-standard-5e709d6e7011b21fe905b6d27ce94b9d.jpg","https://media.birdweather.com/species/89/EuropeanGoldfinch-thumbnail-f99916cbaf5a2c3bd8f61890d18d73c1.jpg","https://media.birdweather.com/species/89/EuropeanGoldfinch-png200-ef3fc90c8328c40b59d9ad3c4b52e850.png","lPgJDwI+UJmHq2hji4dWiHiH2XQID5UC",12077453864,"https://media.birdweather.com/soundscapes/6891/6891-20260521-064248.flac",0,3,"birdnetpi"
7974398022,6891,"2026-05-21T08:40:57.000+02:00",0.76,0.84393298625946,9.13306542254728,"almost_certain","2p4",NA,51.5649,6.0081,FALSE,1,"House Sparrow","Passer domesticus","#d16ff8","avian","https://media.birdweather.com/species/1/HouseSparrow-standard-b861184cf45c092cdb45fd689dd676ef.jpg","https://media.birdweather.com/species/1/HouseSparrow-thumbnail-e9cbc91763a1579de8ef04880678b5e3.jpg","https://media.birdweather.com/species/1/HouseSparrow-png200-125e8603e1efe9d7a18316b94f06a65e.png","XAgCDwD8qpukuHiqtLZ9mImnmPFcDO4E",12077401979,"https://media.birdweather.com/soundscapes/6891/6891-20260521-064057.flac",0,3,"birdnetpi"
7974389890,6891,"2026-05-21T08:40:24.000+02:00",0.7,0.84393298625946,8.94159156149331,"almost_certain","2p4",NA,51.567,6.0018,FALSE,1,"House Sparrow","Passer domesticus","#d16ff8","avian","https://media.birdweather.com/species/1/HouseSparrow-standard-b861184cf45c092cdb45fd689dd676ef.jpg","https://media.birdweather.com/species/1/HouseSparrow-thumbnail-e9cbc91763a1579de8ef04880678b5e3.jpg","https://media.birdweather.com/species/1/HouseSparrow-png200-125e8603e1efe9d7a18316b94f06a65e.png","XAgCDwD8qpukuHiqtLZ9mImnmPFcDO4E",12077386570,"https://media.birdweather.com/soundscapes/6891/6891-20260521-064024.flac",0,3,"birdnetpi"
7974385800,6891,"2026-05-21T08:40:12.000+02:00",0.7,0.84393298625946,8.94159156149331,"almost_certain","2p4",NA,51.5663,6.0006,FALSE,1,"House Sparrow","Passer domesticus","#d16ff8","avian","https://media.birdweather.com/species/1/HouseSparrow-standard-b861184cf45c092cdb45fd689dd676ef.jpg","https://media.birdweather.com/species/1/HouseSparrow-thumbnail-e9cbc91763a1579de8ef04880678b5e3.jpg","https://media.birdweather.com/species/1/HouseSparrow-png200-125e8603e1efe9d7a18316b94f06a65e.png","XAgCDwD8qpukuHiqtLZ9mImnmPFcDO4E",12077379112,"https://media.birdweather.com/soundscapes/6891/6891-20260521-064012.flac",0,3,"birdnetpi"
7974364110,6891,"2026-05-21T08:38:50.000+02:00",0.79,0.84393298625946,9.21962051776877,"almost_certain","2p4",NA,51.5635,6.0037,FALSE,1,"House Sparrow","Passer domesticus","#d16ff8","avian","https://media.birdweather.com/species/1/HouseSparrow-standard-b861184cf45c092cdb45fd689dd676ef.jpg","https://media.birdweather.com/species/1/HouseSparrow-thumbnail-e9cbc91763a1579de8ef04880678b5e3.jpg","https://media.birdweather.com/species/1/HouseSparrow-png200-125e8603e1efe9d7a18316b94f06a65e.png","XAgCDwD8qpukuHiqtLZ9mImnmPFcDO4E",12077337616,"https://media.birdweather.com/soundscapes/6891/6891-20260521-063850.flac",0,3,"birdnetpi"
7974357529,6891,"2026-05-21T08:38:24.000+02:00",0.91,0.84393298625946,9.51972390327465,"almost_certain","2p4",NA,51.5629,6.0063,FALSE,1,"House Sparrow","Passer domesticus","#d16ff8","avian","https://media.birdweather.com/species/1/HouseSparrow-standard-b861184cf45c092cdb45fd689dd676ef.jpg","https://media.birdweather.com/species/1/HouseSparrow-thumbnail-e9cbc91763a1579de8ef04880678b5e3.jpg","https://media.birdweather.com/species/1/HouseSparrow-png200-125e8603e1efe9d7a18316b94f06a65e.png","XAgCDwD8qpukuHiqtLZ9mImnmPFcDO4E",12077325015,"https://media.birdweather.com/soundscapes/6891/6891-20260521-063824.flac",0,3,"birdnetpi"
7974350838,6891,"2026-05-21T08:37:45.000+02:00",0.86,0.84393298625946,9.40255852566437,"almost_certain","2p4",NA,51.5627,6.0052,FALSE,1,"House Sparrow","Passer domesticus","#d16ff8","avian","https://media.birdweather.com/species/1/HouseSparrow-standard-b861184cf45c092cdb45fd689dd676ef.jpg","https://media.birdweather.com/species/1/HouseSparrow-thumbnail-e9cbc91763a1579de8ef04880678b5e3.jpg","https://media.birdweather.com/species/1/HouseSparrow-png200-125e8603e1efe9d7a18316b94f06a65e.png","XAgCDwD8qpukuHiqtLZ9mImnmPFcDO4E",12077312343,"https://media.birdweather.com/soundscapes/6891/6891-20260521-063745.flac",0,3,"birdnetpi"
7974344329,6891,"2026-05-21T08:37:30.000+02:00",0.78,0.84393298625946,9.19137209430103,"almost_certain","2p4",NA,51.5681,6.0043,FALSE,1,"House Sparrow","Passer domesticus","#d16ff8","avian","https://media.birdweather.com/species/1/HouseSparrow-standard-b861184cf45c092cdb45fd689dd676ef.jpg","https://media.birdweather.com/species/1/HouseSparrow-thumbnail-e9cbc91763a1579de8ef04880678b5e3.jpg","https://media.birdweather.com/species/1/HouseSparrow-png200-125e8603e1efe9d7a18316b94f06a65e.png","XAgCDwD8qpukuHiqtLZ9mImnmPFcDO4E",12077299725,"https://media.birdweather.com/soundscapes/6891/6891-20260521-063730.flac",0,3,"birdnetpi"
7974343669,6891,"2026-05-21T08:37:15.000+02:00",0.77,0.560286164283752,8.60944013701333,"almost_certain","2p4",NA,51.5687,6.0023,FALSE,119,"Common House-Martin","Delichon urbicum","#53b1ff","avian","https://media.birdweather.com/species/119/CommonHouse-Martin-standard-9ffbcc688c51210fb136a162c84d82ad.jpg","https://media.birdweather.com/species/119/CommonHouse-Martin-thumbnail-dd7059ca6235347c3097e7a66f04df95.jpg","https://media.birdweather.com/species/119/CommonHouse-Martin-png200-a73a8953ce2af50676da81e70b2746b2.png","YhgKDwKJd4iIiHd/h5h5d4mIeQqVllAH",12077298292,"https://media.birdweather.com/soundscapes/6891/6891-20260521-063715.flac",0,3,"birdnetpi"
7974335729,6891,"2026-05-21T08:36:42.000+02:00",0.74,0.84393298625946,9.07216650782523,"almost_certain","2p4",NA,51.568,6.002,FALSE,1,"House Sparrow","Passer domesticus","#d16ff8","avian","https://media.birdweather.com/species/1/HouseSparrow-standard-b861184cf45c092cdb45fd689dd676ef.jpg","https://media.birdweather.com/species/1/HouseSparrow-thumbnail-e9cbc91763a1579de8ef04880678b5e3.jpg","https://media.birdweather.com/species/1/HouseSparrow-png200-125e8603e1efe9d7a18316b94f06a65e.png","XAgCDwD8qpukuHiqtLZ9mImnmPFcDO4E",12077282943,"https://media.birdweather.com/soundscapes/6891/6891-20260521-063642.flac",0,3,"birdnetpi"
7974324346,6891,"2026-05-21T08:35:56.000+02:00",1,0.560286164283752,9.15517640427817,"almost_certain","2p4",NA,51.57,6.0019,FALSE,119,"Common House-Martin","Delichon urbicum","#53b1ff","avian","https://media.birdweather.com/species/119/CommonHouse-Martin-standard-9ffbcc688c51210fb136a162c84d82ad.jpg","https://media.birdweather.com/species/119/CommonHouse-Martin-thumbnail-dd7059ca6235347c3097e7a66f04df95.jpg","https://media.birdweather.com/species/119/CommonHouse-Martin-png200-a73a8953ce2af50676da81e70b2746b2.png","YhgKDwKJd4iIiHd/h5h5d4mIeQqVllAH",12077260607,"https://media.birdweather.com/soundscapes/6891/6891-20260521-063556.flac",0,3,"birdnetpi"
7974310604,6891,"2026-05-21T08:35:03.000+02:00",0.87,0.997818529605865,9.65380318060808,"almost_certain","2p4",NA,51.5684,6.0007,FALSE,407,"Common Wood-Pigeon","Columba palumbus","#028fb2","avian","https://media.birdweather.com/species/407/CommonWood-Pigeon-standard-5558900260c92622ceef8a812b06518e.jpg","https://media.birdweather.com/species/407/CommonWood-Pigeon-thumbnail-4b86c907c8b82c8af31d566b811dee05.jpg","https://media.birdweather.com/species/407/CommonWood-Pigeon-png200-533b13201573be3895fcec3e61e861b5.png","2ukFHwIHiYeWxnZUiniYZ3h5h6+rCIQH",12077233702,"https://media.birdweather.com/soundscapes/6891/6891-20260521-063503.flac",0,3,"birdnetpi"
7974307512,6891,"2026-05-21T08:34:45.000+02:00",0.85,0.560286164283752,8.82478438643904,"almost_certain","2p4",NA,51.5643,6.0007,FALSE,119,"Common House-Martin","Delichon urbicum","#53b1ff","avian","https://media.birdweather.com/species/119/CommonHouse-Martin-standard-9ffbcc688c51210fb136a162c84d82ad.jpg","https://media.birdweather.com/species/119/CommonHouse-Martin-thumbnail-dd7059ca6235347c3097e7a66f04df95.jpg","https://media.birdweather.com/species/119/CommonHouse-Martin-png200-a73a8953ce2af50676da81e70b2746b2.png","YhgKDwKJd4iIiHd/h5h5d4mIeQqVllAH",12077227654,"https://media.birdweather.com/soundscapes/6891/6891-20260521-063445.flac",0,3,"birdnetpi"
7974302931,6891,"2026-05-21T08:34:26.000+02:00",0.85,0.84393298625946,9.3778731731257,"almost_certain","2p4",NA,51.566,6.0086,FALSE,1,"House Sparrow","Passer domesticus","#d16ff8","avian","https://media.birdweather.com/species/1/HouseSparrow-standard-b861184cf45c092cdb45fd689dd676ef.jpg","https://media.birdweather.com/species/1/HouseSparrow-thumbnail-e9cbc91763a1579de8ef04880678b5e3.jpg","https://media.birdweather.com/species/1/HouseSparrow-png200-125e8603e1efe9d7a18316b94f06a65e.png","XAgCDwD8qpukuHiqtLZ9mImnmPFcDO4E",12077218355,"https://media.birdweather.com/soundscapes/6891/6891-20260521-063426.flac",0,3,"birdnetpi"
7974294603,6891,"2026-05-21T08:34:02.000+02:00",0.76,0.560286164283752,8.57997663586061,"almost_certain","2p4",NA,51.5684,6.001,FALSE,119,"Common House-Martin","Delichon urbicum","#53b1ff","avian","https://media.birdweather.com/species/119/CommonHouse-Martin-standard-9ffbcc688c51210fb136a162c84d82ad.jpg","https://media.birdweather.com/species/119/CommonHouse-Martin-thumbnail-dd7059ca6235347c3097e7a66f04df95.jpg","https://media.birdweather.com/species/119/CommonHouse-Martin-png200-a73a8953ce2af50676da81e70b2746b2.png","YhgKDwKJd4iIiHd/h5h5d4mIeQqVllAH",12077202362,"https://media.birdweather.com/soundscapes/6891/6891-20260521-063402.flac",0,3,"birdnetpi"
7974278964,6891,"2026-05-21T08:32:47.000+02:00",0.84,0.84393298625946,9.35273485315027,"almost_certain","2p4",NA,51.5646,6.0091,FALSE,1,"House Sparrow","Passer domesticus","#d16ff8","avian","https://media.birdweather.com/species/1/HouseSparrow-standard-b861184cf45c092cdb45fd689dd676ef.jpg","https://media.birdweather.com/species/1/HouseSparrow-thumbnail-e9cbc91763a1579de8ef04880678b5e3.jpg","https://media.birdweather.com/species/1/HouseSparrow-png200-125e8603e1efe9d7a18316b94f06a65e.png","XAgCDwD8qpukuHiqtLZ9mImnmPFcDO4E",12077171951,"https://media.birdweather.com/soundscapes/6891/6891-20260521-063247.flac",0,3,"birdnetpi"
7974272219,6891,"2026-05-21T08:32:21.000+02:00",0.7,0.84393298625946,8.94159156149331,"almost_certain","2p4",NA,51.5618,6.0079,FALSE,1,"House Sparrow","Passer domesticus","#d16ff8","avian","https://media.birdweather.com/species/1/HouseSparrow-standard-b861184cf45c092cdb45fd689dd676ef.jpg","https://media.birdweather.com/species/1/HouseSparrow-thumbnail-e9cbc91763a1579de8ef04880678b5e3.jpg","https://media.birdweather.com/species/1/HouseSparrow-png200-125e8603e1efe9d7a18316b94f06a65e.png","XAgCDwD8qpukuHiqtLZ9mImnmPFcDO4E",12077159290,"https://media.birdweather.com/soundscapes/6891/6891-20260521-063221.flac",0,3,"birdnetpi"
7974253144,6891,"2026-05-21T08:31:08.000+02:00",0.75,0.84393298625946,9.10295432034255,"almost_certain","2p4",NA,51.5698,6.0008,FALSE,1,"House Sparrow","Passer domesticus","#d16ff8","avian","https://media.birdweather.com/species/1/HouseSparrow-standard-b861184cf45c092cdb45fd689dd676ef.jpg","https://media.birdweather.com/species/1/HouseSparrow-thumbnail-e9cbc91763a1579de8ef04880678b5e3.jpg","https://media.birdweather.com/species/1/HouseSparrow-png200-125e8603e1efe9d7a18316b94f06a65e.png","XAgCDwD8qpukuHiqtLZ9mImnmPFcDO4E",12077121476,"https://media.birdweather.com/soundscapes/6891/6891-20260521-063108.flac",0,3,"birdnetpi"
7974242183,6891,"2026-05-21T08:30:17.000+02:00",0.83,0.84393298625946,9.32712663092362,"almost_certain","2p4",NA,51.5696,6.0074,FALSE,1,"House Sparrow","Passer domesticus","#d16ff8","avian","https://media.birdweather.com/species/1/HouseSparrow-standard-b861184cf45c092cdb45fd689dd676ef.jpg","https://media.birdweather.com/species/1/HouseSparrow-thumbnail-e9cbc91763a1579de8ef04880678b5e3.jpg","https://media.birdweather.com/species/1/HouseSparrow-png200-125e8603e1efe9d7a18316b94f06a65e.png","XAgCDwD8qpukuHiqtLZ9mImnmPFcDO4E",12077100394,"https://media.birdweather.com/soundscapes/6891/6891-20260521-063017.flac",0,3,"birdnetpi"
7974235707,6891,"2026-05-21T08:29:57.000+02:00",0.75,0.84393298625946,9.10295432034255,"almost_certain","2p4",NA,51.567,6.0018,FALSE,1,"House Sparrow","Passer domesticus","#d16ff8","avian","https://media.birdweather.com/species/1/HouseSparrow-standard-b861184cf45c092cdb45fd689dd676ef.jpg","https://media.birdweather.com/species/1/HouseSparrow-thumbnail-e9cbc91763a1579de8ef04880678b5e3.jpg","https://media.birdweather.com/species/1/HouseSparrow-png200-125e8603e1efe9d7a18316b94f06a65e.png","XAgCDwD8qpukuHiqtLZ9mImnmPFcDO4E",12077087680,"https://media.birdweather.com/soundscapes/6891/6891-20260521-062957.flac",0,3,"birdnetpi"
7974228677,6891,"2026-05-21T08:29:29.000+02:00",0.75,0.84393298625946,9.10295432034255,"almost_certain","2p4",NA,51.5616,6.0063,FALSE,1,"House Sparrow","Passer domesticus","#d16ff8","avian","https://media.birdweather.com/species/1/HouseSparrow-standard-b861184cf45c092cdb45fd689dd676ef.jpg","https://media.birdweather.com/species/1/HouseSparrow-thumbnail-e9cbc91763a1579de8ef04880678b5e3.jpg","https://media.birdweather.com/species/1/HouseSparrow-png200-125e8603e1efe9d7a18316b94f06a65e.png","XAgCDwD8qpukuHiqtLZ9mImnmPFcDO4E",12077074589,"https://media.birdweather.com/soundscapes/6891/6891-20260521-062929.flac",0,3,"birdnetpi"
7974217065,6891,"2026-05-21T08:28:30.000+02:00",0.82,0.84393298625946,9.30103060381377,"almost_certain","2p4",NA,51.5655,6.0088,FALSE,1,"House Sparrow","Passer domesticus","#d16ff8","avian","https://media.birdweather.com/species/1/HouseSparrow-standard-b861184cf45c092cdb45fd689dd676ef.jpg","https://media.birdweather.com/species/1/HouseSparrow-thumbnail-e9cbc91763a1579de8ef04880678b5e3.jpg","https://media.birdweather.com/species/1/HouseSparrow-png200-125e8603e1efe9d7a18316b94f06a65e.png","XAgCDwD8qpukuHiqtLZ9mImnmPFcDO4E",12077052060,"https://media.birdweather.com/soundscapes/6891/6891-20260521-062830.flac",0,3,"birdnetpi"
7974206744,6891,"2026-05-21T08:27:48.000+02:00",0.89,0.84393298625946,9.47405300750805,"almost_certain","2p4",NA,51.5651,6.0015,FALSE,1,"House Sparrow","Passer domesticus","#d16ff8","avian","https://media.birdweather.com/species/1/HouseSparrow-standard-b861184cf45c092cdb45fd689dd676ef.jpg","https://media.birdweather.com/species/1/HouseSparrow-thumbnail-e9cbc91763a1579de8ef04880678b5e3.jpg","https://media.birdweather.com/species/1/HouseSparrow-png200-125e8603e1efe9d7a18316b94f06a65e.png","XAgCDwD8qpukuHiqtLZ9mImnmPFcDO4E",12077032817,"https://media.birdweather.com/soundscapes/6891/6891-20260521-062748.flac",0,3,"birdnetpi"
7974203014,6891,"2026-05-21T08:27:44.000+02:00",0.8,0.84393298625946,9.24729822679378,"almost_certain","2p4",NA,51.5676,6.0032,FALSE,1,"House Sparrow","Passer domesticus","#d16ff8","avian","https://media.birdweather.com/species/1/HouseSparrow-standard-b861184cf45c092cdb45fd689dd676ef.jpg","https://media.birdweather.com/species/1/HouseSparrow-thumbnail-e9cbc91763a1579de8ef04880678b5e3.jpg","https://media.birdweather.com/species/1/HouseSparrow-png200-125e8603e1efe9d7a18316b94f06a65e.png","XAgCDwD8qpukuHiqtLZ9mImnmPFcDO4E",12077025783,"https://media.birdweather.com/soundscapes/6891/6891-20260521-062744.flac",0,3,"birdnetpi"
7974204940,6891,"2026-05-21T08:27:41.000+02:00",0.86,0.560286164283752,8.84946973897771,"almost_certain","2p4",NA,51.5692,6.0085,FALSE,119,"Common House-Martin","Delichon urbicum","#53b1ff","avian","https://media.birdweather.com/species/119/CommonHouse-Martin-standard-9ffbcc688c51210fb136a162c84d82ad.jpg","https://media.birdweather.com/species/119/CommonHouse-Martin-thumbnail-dd7059ca6235347c3097e7a66f04df95.jpg","https://media.birdweather.com/species/119/CommonHouse-Martin-png200-a73a8953ce2af50676da81e70b2746b2.png","YhgKDwKJd4iIiHd/h5h5d4mIeQqVllAH",12077029445,"https://media.birdweather.com/soundscapes/6891/6891-20260521-062741.flac",0,3,"birdnetpi"
7974198301,6891,"2026-05-21T08:27:14.000+02:00",0.77,0.84393298625946,9.1625289237,"almost_certain","2p4",NA,51.5687,6.0031,FALSE,1,"House Sparrow","Passer domesticus","#d16ff8","avian","https://media.birdweather.com/species/1/HouseSparrow-standard-b861184cf45c092cdb45fd689dd676ef.jpg","https://media.birdweather.com/species/1/HouseSparrow-thumbnail-e9cbc91763a1579de8ef04880678b5e3.jpg","https://media.birdweather.com/species/1/HouseSparrow-png200-125e8603e1efe9d7a18316b94f06a65e.png","XAgCDwD8qpukuHiqtLZ9mImnmPFcDO4E",12077016852,"https://media.birdweather.com/soundscapes/6891/6891-20260521-062714.flac",0,3,"birdnetpi"
7974197576,6891,"2026-05-21T08:27:11.000+02:00",0.83,0.560286164283752,8.77403784423696,"almost_certain","2p4",NA,51.5694,6.004,FALSE,119,"Common House-Martin","Delichon urbicum","#53b1ff","avian","https://media.birdweather.com/species/119/CommonHouse-Martin-standard-9ffbcc688c51210fb136a162c84d82ad.jpg","https://media.birdweather.com/species/119/CommonHouse-Martin-thumbnail-dd7059ca6235347c3097e7a66f04df95.jpg","https://media.birdweather.com/species/119/CommonHouse-Martin-png200-a73a8953ce2af50676da81e70b2746b2.png","YhgKDwKJd4iIiHd/h5h5d4mIeQqVllAH",12077015442,"https://media.birdweather.com/soundscapes/6891/6891-20260521-062711.flac",0,3,"birdnetpi"
7974190925,6891,"2026-05-21T08:26:54.000+02:00",0.79,0.84393298625946,9.21962051776877,"almost_certain","2p4",NA,51.5686,6.0076,FALSE,1,"House Sparrow","Passer domesticus","#d16ff8","avian","https://media.birdweather.com/species/1/HouseSparrow-standard-b861184cf45c092cdb45fd689dd676ef.jpg","https://media.birdweather.com/species/1/HouseSparrow-thumbnail-e9cbc91763a1579de8ef04880678b5e3.jpg","https://media.birdweather.com/species/1/HouseSparrow-png200-125e8603e1efe9d7a18316b94f06a65e.png","XAgCDwD8qpukuHiqtLZ9mImnmPFcDO4E",12077002803,"https://media.birdweather.com/soundscapes/6891/6891-20260521-062654.flac",0,3,"birdnetpi"
7974178264,6891,"2026-05-21T08:26:00.000+02:00",0.81,0.84393298625946,9.27442782618954,"almost_certain","2p4",NA,51.5658,6.0069,FALSE,1,"House Sparrow","Passer domesticus","#d16ff8","avian","https://media.birdweather.com/species/1/HouseSparrow-standard-b861184cf45c092cdb45fd689dd676ef.jpg","https://media.birdweather.com/species/1/HouseSparrow-thumbnail-e9cbc91763a1579de8ef04880678b5e3.jpg","https://media.birdweather.com/species/1/HouseSparrow-png200-125e8603e1efe9d7a18316b94f06a65e.png","XAgCDwD8qpukuHiqtLZ9mImnmPFcDO4E",12076978889,"https://media.birdweather.com/soundscapes/6891/6891-20260521-062600.flac",0,3,"birdnetpi"
7974174667,6891,"2026-05-21T08:25:41.000+02:00",0.72,0.84393298625946,9.00843408640543,"almost_certain","2p4",NA,51.5673,6.004,FALSE,1,"House Sparrow","Passer domesticus","#d16ff8","avian","https://media.birdweather.com/species/1/HouseSparrow-standard-b861184cf45c092cdb45fd689dd676ef.jpg","https://media.birdweather.com/species/1/HouseSparrow-thumbnail-e9cbc91763a1579de8ef04880678b5e3.jpg","https://media.birdweather.com/species/1/HouseSparrow-png200-125e8603e1efe9d7a18316b94f06a65e.png","XAgCDwD8qpukuHiqtLZ9mImnmPFcDO4E",12076971803,"https://media.birdweather.com/soundscapes/6891/6891-20260521-062541.flac",0,3,"birdnetpi"
7974170622,6891,"2026-05-21T08:25:27.000+02:00",0.77,0.84393298625946,9.1625289237,"almost_certain","2p4",NA,51.5629,6.0072,FALSE,1,"House Sparrow","Passer domesticus","#d16ff8","avian","https://media.birdweather.com/species/1/HouseSparrow-standard-b861184cf45c092cdb45fd689dd676ef.jpg","https://media.birdweather.com/species/1/HouseSparrow-thumbnail-e9cbc91763a1579de8ef04880678b5e3.jpg","https://media.birdweather.com/species/1/HouseSparrow-png200-125e8603e1efe9d7a18316b94f06a65e.png","XAgCDwD8qpukuHiqtLZ9mImnmPFcDO4E",12076963859,"https://media.birdweather.com/soundscapes/6891/6891-20260521-062527.flac",0,3,"birdnetpi"
7974166329,6891,"2026-05-21T08:25:05.000+02:00",0.83,0.84393298625946,9.32712663092362,"almost_certain","2p4",NA,51.5672,6.0052,FALSE,1,"House Sparrow","Passer domesticus","#d16ff8","avian","https://media.birdweather.com/species/1/HouseSparrow-standard-b861184cf45c092cdb45fd689dd676ef.jpg","https://media.birdweather.com/species/1/HouseSparrow-thumbnail-e9cbc91763a1579de8ef04880678b5e3.jpg","https://media.birdweather.com/species/1/HouseSparrow-png200-125e8603e1efe9d7a18316b94f06a65e.png","XAgCDwD8qpukuHiqtLZ9mImnmPFcDO4E",12076955515,"https://media.birdweather.com/soundscapes/6891/6891-20260521-062505.flac",0,3,"birdnetpi"
7974148033,6891,"2026-05-21T08:23:48.000+02:00",0.77,0.84393298625946,9.1625289237,"almost_certain","2p4",NA,51.5653,6.0018,FALSE,1,"House Sparrow","Passer domesticus","#d16ff8","avian","https://media.birdweather.com/species/1/HouseSparrow-standard-b861184cf45c092cdb45fd689dd676ef.jpg","https://media.birdweather.com/species/1/HouseSparrow-thumbnail-e9cbc91763a1579de8ef04880678b5e3.jpg","https://media.birdweather.com/species/1/HouseSparrow-png200-125e8603e1efe9d7a18316b94f06a65e.png","XAgCDwD8qpukuHiqtLZ9mImnmPFcDO4E",12076920287,"https://media.birdweather.com/soundscapes/6891/6891-20260521-062348.flac",0,3,"birdnetpi"
7974144083,6891,"2026-05-21T08:23:41.000+02:00",0.81,0.84393298625946,9.27442782618954,"almost_certain","2p4",NA,51.5637,6.0077,FALSE,1,"House Sparrow","Passer domesticus","#d16ff8","avian","https://media.birdweather.com/species/1/HouseSparrow-standard-b861184cf45c092cdb45fd689dd676ef.jpg","https://media.birdweather.com/species/1/HouseSparrow-thumbnail-e9cbc91763a1579de8ef04880678b5e3.jpg","https://media.birdweather.com/species/1/HouseSparrow-png200-125e8603e1efe9d7a18316b94f06a65e.png","XAgCDwD8qpukuHiqtLZ9mImnmPFcDO4E",12076912819,"https://media.birdweather.com/soundscapes/6891/6891-20260521-062341.flac",0,3,"birdnetpi"
7974085859,6891,"2026-05-21T08:19:39.000+02:00",0.85,0.560286164283752,8.82478438643904,"almost_certain","2p4",NA,51.5647,6.0077,FALSE,119,"Common House-Martin","Delichon urbicum","#53b1ff","avian","https://media.birdweather.com/species/119/CommonHouse-Martin-standard-9ffbcc688c51210fb136a162c84d82ad.jpg","https://media.birdweather.com/species/119/CommonHouse-Martin-thumbnail-dd7059ca6235347c3097e7a66f04df95.jpg","https://media.birdweather.com/species/119/CommonHouse-Martin-png200-a73a8953ce2af50676da81e70b2746b2.png","YhgKDwKJd4iIiHd/h5h5d4mIeQqVllAH",12076803362,"https://media.birdweather.com/soundscapes/6891/6891-20260521-061939.flac",0,3,"birdnetpi"
7974076271,6891,"2026-05-21T08:18:59.000+02:00",0.82,0.84393298625946,9.30103060381377,"almost_certain","2p4",NA,51.5632,6.0075,FALSE,1,"House Sparrow","Passer domesticus","#d16ff8","avian","https://media.birdweather.com/species/1/HouseSparrow-standard-b861184cf45c092cdb45fd689dd676ef.jpg","https://media.birdweather.com/species/1/HouseSparrow-thumbnail-e9cbc91763a1579de8ef04880678b5e3.jpg","https://media.birdweather.com/species/1/HouseSparrow-png200-125e8603e1efe9d7a18316b94f06a65e.png","XAgCDwD8qpukuHiqtLZ9mImnmPFcDO4E",12076784842,"https://media.birdweather.com/soundscapes/6891/6891-20260521-061859.flac",0,3,"birdnetpi"
7974038995,6891,"2026-05-21T08:16:32.000+02:00",0.84,0.84393298625946,9.35273485315027,"almost_certain","2p4",NA,51.5671,6.0064,FALSE,1,"House Sparrow","Passer domesticus","#d16ff8","avian","https://media.birdweather.com/species/1/HouseSparrow-standard-b861184cf45c092cdb45fd689dd676ef.jpg","https://media.birdweather.com/species/1/HouseSparrow-thumbnail-e9cbc91763a1579de8ef04880678b5e3.jpg","https://media.birdweather.com/species/1/HouseSparrow-png200-125e8603e1efe9d7a18316b94f06a65e.png","XAgCDwD8qpukuHiqtLZ9mImnmPFcDO4E",12076714467,"https://media.birdweather.com/soundscapes/6891/6891-20260521-061632.flac",0,3,"birdnetpi"
7973999447,6891,"2026-05-21T08:13:48.000+02:00",0.76,0.84393298625946,9.13306542254728,"almost_certain","2p4",NA,51.563,6.0058,FALSE,1,"House Sparrow","Passer domesticus","#d16ff8","avian","https://media.birdweather.com/species/1/HouseSparrow-standard-b861184cf45c092cdb45fd689dd676ef.jpg","https://media.birdweather.com/species/1/HouseSparrow-thumbnail-e9cbc91763a1579de8ef04880678b5e3.jpg","https://media.birdweather.com/species/1/HouseSparrow-png200-125e8603e1efe9d7a18316b94f06a65e.png","XAgCDwD8qpukuHiqtLZ9mImnmPFcDO4E",12076638423,"https://media.birdweather.com/soundscapes/6891/6891-20260521-061348.flac",0,3,"birdnetpi"
7973979354,6891,"2026-05-21T08:12:30.000+02:00",0.72,0.84393298625946,9.00843408640543,"almost_certain","2p4",NA,51.569,6.0078,FALSE,1,"House Sparrow","Passer domesticus","#d16ff8","avian","https://media.birdweather.com/species/1/HouseSparrow-standard-b861184cf45c092cdb45fd689dd676ef.jpg","https://media.birdweather.com/species/1/HouseSparrow-thumbnail-e9cbc91763a1579de8ef04880678b5e3.jpg","https://media.birdweather.com/species/1/HouseSparrow-png200-125e8603e1efe9d7a18316b94f06a65e.png","XAgCDwD8qpukuHiqtLZ9mImnmPFcDO4E",12076600481,"https://media.birdweather.com/soundscapes/6891/6891-20260521-061230.flac",0,3,"birdnetpi"
7973975578,6891,"2026-05-21T08:12:14.000+02:00",0.75,0.84393298625946,9.10295432034255,"almost_certain","2p4",NA,51.5674,6.0088,FALSE,1,"House Sparrow","Passer domesticus","#d16ff8","avian","https://media.birdweather.com/species/1/HouseSparrow-standard-b861184cf45c092cdb45fd689dd676ef.jpg","https://media.birdweather.com/species/1/HouseSparrow-thumbnail-e9cbc91763a1579de8ef04880678b5e3.jpg","https://media.birdweather.com/species/1/HouseSparrow-png200-125e8603e1efe9d7a18316b94f06a65e.png","XAgCDwD8qpukuHiqtLZ9mImnmPFcDO4E",12076593445,"https://media.birdweather.com/soundscapes/6891/6891-20260521-061214.flac",0,3,"birdnetpi"
7973967375,6891,"2026-05-21T08:11:38.000+02:00",0.7,0.84393298625946,8.94159156149331,"almost_certain","2p4",NA,51.5616,6.0076,FALSE,1,"House Sparrow","Passer domesticus","#d16ff8","avian","https://media.birdweather.com/species/1/HouseSparrow-standard-b861184cf45c092cdb45fd689dd676ef.jpg","https://media.birdweather.com/species/1/HouseSparrow-thumbnail-e9cbc91763a1579de8ef04880678b5e3.jpg","https://media.birdweather.com/species/1/HouseSparrow-png200-125e8603e1efe9d7a18316b94f06a65e.png","XAgCDwD8qpukuHiqtLZ9mImnmPFcDO4E",12076577938,"https://media.birdweather.com/soundscapes/6891/6891-20260521-061138.flac",0,3,"birdnetpi"
7973956488,6891,"2026-05-21T08:11:02.000+02:00",0.8,0.84393298625946,9.24729822679378,"almost_certain","2p4",NA,51.5697,6.0076,FALSE,1,"House Sparrow","Passer domesticus","#d16ff8","avian","https://media.birdweather.com/species/1/HouseSparrow-standard-b861184cf45c092cdb45fd689dd676ef.jpg","https://media.birdweather.com/species/1/HouseSparrow-thumbnail-e9cbc91763a1579de8ef04880678b5e3.jpg","https://media.birdweather.com/species/1/HouseSparrow-png200-125e8603e1efe9d7a18316b94f06a65e.png","XAgCDwD8qpukuHiqtLZ9mImnmPFcDO4E",12076557435,"https://media.birdweather.com/soundscapes/6891/6891-20260521-061102.flac",0,3,"birdnetpi"
7973947106,6891,"2026-05-21T08:10:17.000+02:00",0.72,0.84393298625946,9.00843408640543,"almost_certain","2p4",NA,51.5663,6.0052,FALSE,1,"House Sparrow","Passer domesticus","#d16ff8","avian","https://media.birdweather.com/species/1/HouseSparrow-standard-b861184cf45c092cdb45fd689dd676ef.jpg","https://media.birdweather.com/species/1/HouseSparrow-thumbnail-e9cbc91763a1579de8ef04880678b5e3.jpg","https://media.birdweather.com/species/1/HouseSparrow-png200-125e8603e1efe9d7a18316b94f06a65e.png","XAgCDwD8qpukuHiqtLZ9mImnmPFcDO4E",12076540013,"https://media.birdweather.com/soundscapes/6891/6891-20260521-061017.flac",0,3,"birdnetpi"
7973942478,6891,"2026-05-21T08:10:08.000+02:00",0.71,0.84393298625946,8.97542044074212,"almost_certain","2p4",NA,51.5664,6.0011,FALSE,1,"House Sparrow","Passer domesticus","#d16ff8","avian","https://media.birdweather.com/species/1/HouseSparrow-standard-b861184cf45c092cdb45fd689dd676ef.jpg","https://media.birdweather.com/species/1/HouseSparrow-thumbnail-e9cbc91763a1579de8ef04880678b5e3.jpg","https://media.birdweather.com/species/1/HouseSparrow-png200-125e8603e1efe9d7a18316b94f06a65e.png","XAgCDwD8qpukuHiqtLZ9mImnmPFcDO4E",12076531669,"https://media.birdweather.com/soundscapes/6891/6891-20260521-061008.flac",0,3,"birdnetpi"
7973933695,6891,"2026-05-21T08:09:32.000+02:00",0.83,0.84393298625946,9.32712663092362,"almost_certain","2p4",NA,51.5681,6.0054,FALSE,1,"House Sparrow","Passer domesticus","#d16ff8","avian","https://media.birdweather.com/species/1/HouseSparrow-standard-b861184cf45c092cdb45fd689dd676ef.jpg","https://media.birdweather.com/species/1/HouseSparrow-thumbnail-e9cbc91763a1579de8ef04880678b5e3.jpg","https://media.birdweather.com/species/1/HouseSparrow-png200-125e8603e1efe9d7a18316b94f06a65e.png","XAgCDwD8qpukuHiqtLZ9mImnmPFcDO4E",12076515222,"https://media.birdweather.com/soundscapes/6891/6891-20260521-060932.flac",0,3,"birdnetpi"
7973926712,6891,"2026-05-21T08:09:03.000+02:00",0.72,0.84393298625946,9.00843408640543,"almost_certain","2p4",NA,51.5681,6.0032,FALSE,1,"House Sparrow","Passer domesticus","#d16ff8","avian","https://media.birdweather.com/species/1/HouseSparrow-standard-b861184cf45c092cdb45fd689dd676ef.jpg","https://media.birdweather.com/species/1/HouseSparrow-thumbnail-e9cbc91763a1579de8ef04880678b5e3.jpg","https://media.birdweather.com/species/1/HouseSparrow-png200-125e8603e1efe9d7a18316b94f06a65e.png","XAgCDwD8qpukuHiqtLZ9mImnmPFcDO4E",12076502204,"https://media.birdweather.com/soundscapes/6891/6891-20260521-060903.flac",0,3,"birdnetpi"
7973916545,6891,"2026-05-21T08:08:15.000+02:00",0.79,0.84393298625946,9.21962051776877,"almost_certain","2p4",NA,51.5679,6.0036,FALSE,1,"House Sparrow","Passer domesticus","#d16ff8","avian","https://media.birdweather.com/species/1/HouseSparrow-standard-b861184cf45c092cdb45fd689dd676ef.jpg","https://media.birdweather.com/species/1/HouseSparrow-thumbnail-e9cbc91763a1579de8ef04880678b5e3.jpg","https://media.birdweather.com/species/1/HouseSparrow-png200-125e8603e1efe9d7a18316b94f06a65e.png","XAgCDwD8qpukuHiqtLZ9mImnmPFcDO4E",12076482982,"https://media.birdweather.com/soundscapes/6891/6891-20260521-060815.flac",0,3,"birdnetpi"
7973907993,6891,"2026-05-21T08:07:42.000+02:00",0.73,0.84393298625946,9.0406708678574,"almost_certain","2p4",NA,51.5615,6.0064,FALSE,1,"House Sparrow","Passer domesticus","#d16ff8","avian","https://media.birdweather.com/species/1/HouseSparrow-standard-b861184cf45c092cdb45fd689dd676ef.jpg","https://media.birdweather.com/species/1/HouseSparrow-thumbnail-e9cbc91763a1579de8ef04880678b5e3.jpg","https://media.birdweather.com/species/1/HouseSparrow-png200-125e8603e1efe9d7a18316b94f06a65e.png","XAgCDwD8qpukuHiqtLZ9mImnmPFcDO4E",12076467042,"https://media.birdweather.com/soundscapes/6891/6891-20260521-060742.flac",0,3,"birdnetpi"
7973904407,6891,"2026-05-21T08:07:26.000+02:00",0.71,0.84393298625946,8.97542044074212,"almost_certain","2p4",NA,51.5684,6.0011,FALSE,1,"House Sparrow","Passer domesticus","#d16ff8","avian","https://media.birdweather.com/species/1/HouseSparrow-standard-b861184cf45c092cdb45fd689dd676ef.jpg","https://media.birdweather.com/species/1/HouseSparrow-thumbnail-e9cbc91763a1579de8ef04880678b5e3.jpg","https://media.birdweather.com/species/1/HouseSparrow-png200-125e8603e1efe9d7a18316b94f06a65e.png","XAgCDwD8qpukuHiqtLZ9mImnmPFcDO4E",12076460064,"https://media.birdweather.com/soundscapes/6891/6891-20260521-060726.flac",0,3,"birdnetpi"
7973894499,6891,"2026-05-21T08:06:47.000+02:00",0.76,0.84393298625946,9.13306542254728,"almost_certain","2p4",NA,51.5672,6.0074,FALSE,1,"House Sparrow","Passer domesticus","#d16ff8","avian","https://media.birdweather.com/species/1/HouseSparrow-standard-b861184cf45c092cdb45fd689dd676ef.jpg","https://media.birdweather.com/species/1/HouseSparrow-thumbnail-e9cbc91763a1579de8ef04880678b5e3.jpg","https://media.birdweather.com/species/1/HouseSparrow-png200-125e8603e1efe9d7a18316b94f06a65e.png","XAgCDwD8qpukuHiqtLZ9mImnmPFcDO4E",12076441780,"https://media.birdweather.com/soundscapes/6891/6891-20260521-060647.flac",0,3,"birdnetpi"
7973889915,6891,"2026-05-21T08:06:30.000+02:00",0.81,0.84393298625946,9.27442782618954,"almost_certain","2p4",NA,51.5675,6.0038,FALSE,1,"House Sparrow","Passer domesticus","#d16ff8","avian","https://media.birdweather.com/species/1/HouseSparrow-standard-b861184cf45c092cdb45fd689dd676ef.jpg","https://media.birdweather.com/species/1/HouseSparrow-thumbnail-e9cbc91763a1579de8ef04880678b5e3.jpg","https://media.birdweather.com/species/1/HouseSparrow-png200-125e8603e1efe9d7a18316b94f06a65e.png","XAgCDwD8qpukuHiqtLZ9mImnmPFcDO4E",12076433322,"https://media.birdweather.com/soundscapes/6891/6891-20260521-060630.flac",0,3,"birdnetpi"
7973871762,6891,"2026-05-21T08:05:17.000+02:00",0.7,0.84393298625946,8.94159156149331,"almost_certain","2p4",NA,51.5674,6.0037,FALSE,1,"House Sparrow","Passer domesticus","#d16ff8","avian","https://media.birdweather.com/species/1/HouseSparrow-standard-b861184cf45c092cdb45fd689dd676ef.jpg","https://media.birdweather.com/species/1/HouseSparrow-thumbnail-e9cbc91763a1579de8ef04880678b5e3.jpg","https://media.birdweather.com/species/1/HouseSparrow-png200-125e8603e1efe9d7a18316b94f06a65e.png","XAgCDwD8qpukuHiqtLZ9mImnmPFcDO4E",12076399740,"https://media.birdweather.com/soundscapes/6891/6891-20260521-060517.flac",0,3,"birdnetpi"
7973840921,6891,"2026-05-21T08:03:17.000+02:00",0.8,0.84393298625946,9.24729822679378,"almost_certain","2p4",NA,51.5634,6.0066,FALSE,1,"House Sparrow","Passer domesticus","#d16ff8","avian","https://media.birdweather.com/species/1/HouseSparrow-standard-b861184cf45c092cdb45fd689dd676ef.jpg","https://media.birdweather.com/species/1/HouseSparrow-thumbnail-e9cbc91763a1579de8ef04880678b5e3.jpg","https://media.birdweather.com/species/1/HouseSparrow-png200-125e8603e1efe9d7a18316b94f06a65e.png","XAgCDwD8qpukuHiqtLZ9mImnmPFcDO4E",12076342477,"https://media.birdweather.com/soundscapes/6891/6891-20260521-060317.flac",0,3,"birdnetpi"
7973833043,6891,"2026-05-21T08:02:56.000+02:00",0.77,0.84393298625946,9.1625289237,"almost_certain","2p4",NA,51.567,6.0039,FALSE,1,"House Sparrow","Passer domesticus","#d16ff8","avian","https://media.birdweather.com/species/1/HouseSparrow-standard-b861184cf45c092cdb45fd689dd676ef.jpg","https://media.birdweather.com/species/1/HouseSparrow-thumbnail-e9cbc91763a1579de8ef04880678b5e3.jpg","https://media.birdweather.com/species/1/HouseSparrow-png200-125e8603e1efe9d7a18316b94f06a65e.png","XAgCDwD8qpukuHiqtLZ9mImnmPFcDO4E",12076327940,"https://media.birdweather.com/soundscapes/6891/6891-20260521-060256.flac",0,3,"birdnetpi"
7973824302,6891,"2026-05-21T08:02:12.000+02:00",0.85,0.84393298625946,9.3778731731257,"almost_certain","2p4",NA,51.567,6.0071,FALSE,1,"House Sparrow","Passer domesticus","#d16ff8","avian","https://media.birdweather.com/species/1/HouseSparrow-standard-b861184cf45c092cdb45fd689dd676ef.jpg","https://media.birdweather.com/species/1/HouseSparrow-thumbnail-e9cbc91763a1579de8ef04880678b5e3.jpg","https://media.birdweather.com/species/1/HouseSparrow-png200-125e8603e1efe9d7a18316b94f06a65e.png","XAgCDwD8qpukuHiqtLZ9mImnmPFcDO4E",12076311605,"https://media.birdweather.com/soundscapes/6891/6891-20260521-060212.flac",0,3,"birdnetpi"
7973818767,6891,"2026-05-21T08:01:47.000+02:00",0.7,0.84393298625946,8.94159156149331,"almost_certain","2p4",NA,51.5643,6.004,FALSE,1,"House Sparrow","Passer domesticus","#d16ff8","avian","https://media.birdweather.com/species/1/HouseSparrow-standard-b861184cf45c092cdb45fd689dd676ef.jpg","https://media.birdweather.com/species/1/HouseSparrow-thumbnail-e9cbc91763a1579de8ef04880678b5e3.jpg","https://media.birdweather.com/species/1/HouseSparrow-png200-125e8603e1efe9d7a18316b94f06a65e.png","XAgCDwD8qpukuHiqtLZ9mImnmPFcDO4E",12076301261,"https://media.birdweather.com/soundscapes/6891/6891-20260521-060147.flac",0,3,"birdnetpi"
7973814454,6891,"2026-05-21T08:01:30.000+02:00",0.78,0.84393298625946,9.19137209430103,"almost_certain","2p4",NA,51.5636,6.004,FALSE,1,"House Sparrow","Passer domesticus","#d16ff8","avian","https://media.birdweather.com/species/1/HouseSparrow-standard-b861184cf45c092cdb45fd689dd676ef.jpg","https://media.birdweather.com/species/1/HouseSparrow-thumbnail-e9cbc91763a1579de8ef04880678b5e3.jpg","https://media.birdweather.com/species/1/HouseSparrow-png200-125e8603e1efe9d7a18316b94f06a65e.png","XAgCDwD8qpukuHiqtLZ9mImnmPFcDO4E",12076293306,"https://media.birdweather.com/soundscapes/6891/6891-20260521-060130.flac",0,3,"birdnetpi"
7973809870,6891,"2026-05-21T08:01:20.000+02:00",0.83,0.560286164283752,8.77403784423696,"almost_certain","2p4",NA,51.5652,6.0087,FALSE,119,"Common House-Martin","Delichon urbicum","#53b1ff","avian","https://media.birdweather.com/species/119/CommonHouse-Martin-standard-9ffbcc688c51210fb136a162c84d82ad.jpg","https://media.birdweather.com/species/119/CommonHouse-Martin-thumbnail-dd7059ca6235347c3097e7a66f04df95.jpg","https://media.birdweather.com/species/119/CommonHouse-Martin-png200-a73a8953ce2af50676da81e70b2746b2.png","YhgKDwKJd4iIiHd/h5h5d4mIeQqVllAH",12076284910,"https://media.birdweather.com/soundscapes/6891/6891-20260521-060120.flac",0,3,"birdnetpi"
7973795904,6891,"2026-05-21T08:00:17.000+02:00",0.79,0.84393298625946,9.21962051776877,"almost_certain","2p4",NA,51.5641,6.0067,FALSE,1,"House Sparrow","Passer domesticus","#d16ff8","avian","https://media.birdweather.com/species/1/HouseSparrow-standard-b861184cf45c092cdb45fd689dd676ef.jpg","https://media.birdweather.com/species/1/HouseSparrow-thumbnail-e9cbc91763a1579de8ef04880678b5e3.jpg","https://media.birdweather.com/species/1/HouseSparrow-png200-125e8603e1efe9d7a18316b94f06a65e.png","XAgCDwD8qpukuHiqtLZ9mImnmPFcDO4E",12076259143,"https://media.birdweather.com/soundscapes/6891/6891-20260521-060017.flac",0,3,"birdnetpi"
7973790665,6891,"2026-05-21T08:00:05.000+02:00",0.85,0.84393298625946,9.3778731731257,"almost_certain","2p4",NA,51.5634,6.0007,FALSE,1,"House Sparrow","Passer domesticus","#d16ff8","avian","https://media.birdweather.com/species/1/HouseSparrow-standard-b861184cf45c092cdb45fd689dd676ef.jpg","https://media.birdweather.com/species/1/HouseSparrow-thumbnail-e9cbc91763a1579de8ef04880678b5e3.jpg","https://media.birdweather.com/species/1/HouseSparrow-png200-125e8603e1efe9d7a18316b94f06a65e.png","XAgCDwD8qpukuHiqtLZ9mImnmPFcDO4E",12076249350,"https://media.birdweather.com/soundscapes/6891/6891-20260521-060005.flac",0,3,"birdnetpi"
7973783236,6891,"2026-05-21T07:59:38.000+02:00",0.95,0.84393298625946,9.60673726911424,"almost_certain","2p4",NA,51.5631,6.0088,FALSE,1,"House Sparrow","Passer domesticus","#d16ff8","avian","https://media.birdweather.com/species/1/HouseSparrow-standard-b861184cf45c092cdb45fd689dd676ef.jpg","https://media.birdweather.com/species/1/HouseSparrow-thumbnail-e9cbc91763a1579de8ef04880678b5e3.jpg","https://media.birdweather.com/species/1/HouseSparrow-png200-125e8603e1efe9d7a18316b94f06a65e.png","XAgCDwD8qpukuHiqtLZ9mImnmPFcDO4E",12076235271,"https://media.birdweather.com/soundscapes/6891/6891-20260521-055938.flac",0,3,"birdnetpi"
7973779340,6891,"2026-05-21T07:59:12.000+02:00",0.79,0.84393298625946,9.21962051776877,"almost_certain","2p4",NA,51.5695,6.002,FALSE,1,"House Sparrow","Passer domesticus","#d16ff8","avian","https://media.birdweather.com/species/1/HouseSparrow-standard-b861184cf45c092cdb45fd689dd676ef.jpg","https://media.birdweather.com/species/1/HouseSparrow-thumbnail-e9cbc91763a1579de8ef04880678b5e3.jpg","https://media.birdweather.com/species/1/HouseSparrow-png200-125e8603e1efe9d7a18316b94f06a65e.png","XAgCDwD8qpukuHiqtLZ9mImnmPFcDO4E",12076228204,"https://media.birdweather.com/soundscapes/6891/6891-20260521-055912.flac",0,3,"birdnetpi"
7973770302,6891,"2026-05-21T07:58:45.000+02:00",0.75,0.84393298625946,9.10295432034255,"almost_certain","2p4",NA,51.563,6.0018,FALSE,1,"House Sparrow","Passer domesticus","#d16ff8","avian","https://media.birdweather.com/species/1/HouseSparrow-standard-b861184cf45c092cdb45fd689dd676ef.jpg","https://media.birdweather.com/species/1/HouseSparrow-thumbnail-e9cbc91763a1579de8ef04880678b5e3.jpg","https://media.birdweather.com/species/1/HouseSparrow-png200-125e8603e1efe9d7a18316b94f06a65e.png","XAgCDwD8qpukuHiqtLZ9mImnmPFcDO4E",12076211843,"https://media.birdweather.com/soundscapes/6891/6891-20260521-055845.flac",0,3,"birdnetpi"
7973763164,6891,"2026-05-21T07:58:08.000+02:00",0.86,0.581112802028656,8.89860970470173,"almost_certain","2p4",NA,51.5677,6.0015,FALSE,76,"Eurasian Jackdaw","Corvus monedula","#f36f1b","avian","https://media.birdweather.com/species/76/EurasianJackdaw-standard-55cbd4006f743c538a3264a1fb86d41c.jpg","https://media.birdweather.com/species/76/EurasianJackdaw-thumbnail-80ecf23afe76ea22483b4f8043e19339.jpg","https://media.birdweather.com/species/76/EurasianJackdaw-png200-862dbf9b3725619bb5532ba255c32118.png","4AgKDwL2i2d1homOY0modph5OL/1qHAJ",12076198576,"https://media.birdweather.com/soundscapes/6891/6891-20260521-055808.flac",0,3,"birdnetpi"
7973756572,6891,"2026-05-21T07:57:44.000+02:00",0.76,0.84393298625946,9.13306542254728,"almost_certain","2p4",NA,51.5702,6.0079,FALSE,1,"House Sparrow","Passer domesticus","#d16ff8","avian","https://media.birdweather.com/species/1/HouseSparrow-standard-b861184cf45c092cdb45fd689dd676ef.jpg","https://media.birdweather.com/species/1/HouseSparrow-thumbnail-e9cbc91763a1579de8ef04880678b5e3.jpg","https://media.birdweather.com/species/1/HouseSparrow-png200-125e8603e1efe9d7a18316b94f06a65e.png","XAgCDwD8qpukuHiqtLZ9mImnmPFcDO4E",12076186523,"https://media.birdweather.com/soundscapes/6891/6891-20260521-055744.flac",0,3,"birdnetpi"
7973748282,6891,"2026-05-21T07:57:14.000+02:00",0.77,0.84393298625946,9.1625289237,"almost_certain","2p4",NA,51.5661,6.0066,FALSE,1,"House Sparrow","Passer domesticus","#d16ff8","avian","https://media.birdweather.com/species/1/HouseSparrow-standard-b861184cf45c092cdb45fd689dd676ef.jpg","https://media.birdweather.com/species/1/HouseSparrow-thumbnail-e9cbc91763a1579de8ef04880678b5e3.jpg","https://media.birdweather.com/species/1/HouseSparrow-png200-125e8603e1efe9d7a18316b94f06a65e.png","XAgCDwD8qpukuHiqtLZ9mImnmPFcDO4E",12076170975,"https://media.birdweather.com/soundscapes/6891/6891-20260521-055714.flac",0,3,"birdnetpi"
7973743673,6891,"2026-05-21T07:56:51.000+02:00",0.82,0.84393298625946,9.30103060381377,"almost_certain","2p4",NA,51.5697,6.0077,FALSE,1,"House Sparrow","Passer domesticus","#d16ff8","avian","https://media.birdweather.com/species/1/HouseSparrow-standard-b861184cf45c092cdb45fd689dd676ef.jpg","https://media.birdweather.com/species/1/HouseSparrow-thumbnail-e9cbc91763a1579de8ef04880678b5e3.jpg","https://media.birdweather.com/species/1/HouseSparrow-png200-125e8603e1efe9d7a18316b94f06a65e.png","XAgCDwD8qpukuHiqtLZ9mImnmPFcDO4E",12076162562,"https://media.birdweather.com/soundscapes/6891/6891-20260521-055651.flac",0,3,"birdnetpi"
7973733450,6891,"2026-05-21T07:56:17.000+02:00",0.8,0.84393298625946,9.24729822679378,"almost_certain","2p4",NA,51.5634,6.0051,FALSE,1,"House Sparrow","Passer domesticus","#d16ff8","avian","https://media.birdweather.com/species/1/HouseSparrow-standard-b861184cf45c092cdb45fd689dd676ef.jpg","https://media.birdweather.com/species/1/HouseSparrow-thumbnail-e9cbc91763a1579de8ef04880678b5e3.jpg","https://media.birdweather.com/species/1/HouseSparrow-png200-125e8603e1efe9d7a18316b94f06a65e.png","XAgCDwD8qpukuHiqtLZ9mImnmPFcDO4E",12076143735,"https://media.birdweather.com/soundscapes/6891/6891-20260521-055617.flac",0,3,"birdnetpi"
7973713586,6891,"2026-05-21T07:54:53.000+02:00",0.72,0.84393298625946,9.00843408640543,"almost_certain","2p4",NA,51.5622,6.0048,FALSE,1,"House Sparrow","Passer domesticus","#d16ff8","avian","https://media.birdweather.com/species/1/HouseSparrow-standard-b861184cf45c092cdb45fd689dd676ef.jpg","https://media.birdweather.com/species/1/HouseSparrow-thumbnail-e9cbc91763a1579de8ef04880678b5e3.jpg","https://media.birdweather.com/species/1/HouseSparrow-png200-125e8603e1efe9d7a18316b94f06a65e.png","XAgCDwD8qpukuHiqtLZ9mImnmPFcDO4E",12076107165,"https://media.birdweather.com/soundscapes/6891/6891-20260521-055453.flac",0,3,"birdnetpi"
7973708308,6891,"2026-05-21T07:54:32.000+02:00",0.78,0.84393298625946,9.19137209430103,"almost_certain","2p4",NA,51.5631,6.0075,FALSE,1,"House Sparrow","Passer domesticus","#d16ff8","avian","https://media.birdweather.com/species/1/HouseSparrow-standard-b861184cf45c092cdb45fd689dd676ef.jpg","https://media.birdweather.com/species/1/HouseSparrow-thumbnail-e9cbc91763a1579de8ef04880678b5e3.jpg","https://media.birdweather.com/species/1/HouseSparrow-png200-125e8603e1efe9d7a18316b94f06a65e.png","XAgCDwD8qpukuHiqtLZ9mImnmPFcDO4E",12076097336,"https://media.birdweather.com/soundscapes/6891/6891-20260521-055432.flac",0,3,"birdnetpi"
7973701237,6891,"2026-05-21T07:54:05.000+02:00",0.91,0.560286164283752,8.96663511658799,"almost_certain","2p4",NA,51.5655,6.0085,FALSE,119,"Common House-Martin","Delichon urbicum","#53b1ff","avian","https://media.birdweather.com/species/119/CommonHouse-Martin-standard-9ffbcc688c51210fb136a162c84d82ad.jpg","https://media.birdweather.com/species/119/CommonHouse-Martin-thumbnail-dd7059ca6235347c3097e7a66f04df95.jpg","https://media.birdweather.com/species/119/CommonHouse-Martin-png200-a73a8953ce2af50676da81e70b2746b2.png","YhgKDwKJd4iIiHd/h5h5d4mIeQqVllAH",12076084550,"https://media.birdweather.com/soundscapes/6891/6891-20260521-055405.flac",0,3,"birdnetpi"
7973680270,6891,"2026-05-21T07:52:41.000+02:00",0.79,0.892300605773926,9.29510068157732,"almost_certain","2p4",NA,51.5649,6.0086,FALSE,66,"Eurasian Blue Tit","Cyanistes caeruleus","#4b8900","avian","https://media.birdweather.com/species/66/EurasianBlueTit-standard-4ec8e45d78b2908d0f41ae495ae07571.jpg","https://media.birdweather.com/species/66/EurasianBlueTit-thumbnail-4d9abc54a3abc3fb12e78e603cbe6784.jpg","https://media.birdweather.com/species/66/EurasianBlueTit-png200-49adab92304ba7a74e93ac43e38e62d3.png","EfgJBwAKhHiEm2ZheGllqXeZhi/ze3EP",12076044995,"https://media.birdweather.com/soundscapes/6891/6891-20260521-055241.flac",0,3,"birdnetpi"
7973670411,6891,"2026-05-21T07:52:03.000+02:00",0.92,0.892300605773926,9.61748098067753,"almost_certain","2p4",NA,51.5684,6.0069,FALSE,66,"Eurasian Blue Tit","Cyanistes caeruleus","#4b8900","avian","https://media.birdweather.com/species/66/EurasianBlueTit-standard-4ec8e45d78b2908d0f41ae495ae07571.jpg","https://media.birdweather.com/species/66/EurasianBlueTit-thumbnail-4d9abc54a3abc3fb12e78e603cbe6784.jpg","https://media.birdweather.com/species/66/EurasianBlueTit-png200-49adab92304ba7a74e93ac43e38e62d3.png","EfgJBwAKhHiEm2ZheGllqXeZhi/ze3EP",12076027113,"https://media.birdweather.com/soundscapes/6891/6891-20260521-055203.flac",0,3,"birdnetpi"
7973666346,6891,"2026-05-21T07:51:47.000+02:00",0.96,0.892300605773926,9.70313386974196,"almost_certain","2p4",NA,51.5624,6.0052,FALSE,66,"Eurasian Blue Tit","Cyanistes caeruleus","#4b8900","avian","https://media.birdweather.com/species/66/EurasianBlueTit-standard-4ec8e45d78b2908d0f41ae495ae07571.jpg","https://media.birdweather.com/species/66/EurasianBlueTit-thumbnail-4d9abc54a3abc3fb12e78e603cbe6784.jpg","https://media.birdweather.com/species/66/EurasianBlueTit-png200-49adab92304ba7a74e93ac43e38e62d3.png","EfgJBwAKhHiEm2ZheGllqXeZhi/ze3EP",12076019644,"https://media.birdweather.com/soundscapes/6891/6891-20260521-055147.flac",0,3,"birdnetpi"
7973647880,6891,"2026-05-21T07:50:36.000+02:00",0.79,0.84393298625946,9.21962051776877,"almost_certain","2p4",NA,51.5677,6.0071,FALSE,1,"House Sparrow","Passer domesticus","#d16ff8","avian","https://media.birdweather.com/species/1/HouseSparrow-standard-b861184cf45c092cdb45fd689dd676ef.jpg","https://media.birdweather.com/species/1/HouseSparrow-thumbnail-e9cbc91763a1579de8ef04880678b5e3.jpg","https://media.birdweather.com/species/1/HouseSparrow-png200-125e8603e1efe9d7a18316b94f06a65e.png","XAgCDwD8qpukuHiqtLZ9mImnmPFcDO4E",12075986201,"https://media.birdweather.com/soundscapes/6891/6891-20260521-055036.flac",0,3,"birdnetpi"
7973619196,6891,"2026-05-21T07:48:45.000+02:00",0.99,0.560286164283752,9.1354638339688,"almost_certain","2p4",NA,51.563,6.0069,FALSE,119,"Common House-Martin","Delichon urbicum","#53b1ff","avian","https://media.birdweather.com/species/119/CommonHouse-Martin-standard-9ffbcc688c51210fb136a162c84d82ad.jpg","https://media.birdweather.com/species/119/CommonHouse-Martin-thumbnail-dd7059ca6235347c3097e7a66f04df95.jpg","https://media.birdweather.com/species/119/CommonHouse-Martin-png200-a73a8953ce2af50676da81e70b2746b2.png","YhgKDwKJd4iIiHd/h5h5d4mIeQqVllAH",12075933456,"https://media.birdweather.com/soundscapes/6891/6891-20260521-054845.flac",0,3,"birdnetpi"
7973579614,6891,"2026-05-21T07:46:12.000+02:00",0.87,0.84393298625946,9.42680694629055,"almost_certain","2p4",NA,51.5625,6.0044,FALSE,1,"House Sparrow","Passer domesticus","#d16ff8","avian","https://media.birdweather.com/species/1/HouseSparrow-standard-b861184cf45c092cdb45fd689dd676ef.jpg","https://media.birdweather.com/species/1/HouseSparrow-thumbnail-e9cbc91763a1579de8ef04880678b5e3.jpg","https://media.birdweather.com/species/1/HouseSparrow-png200-125e8603e1efe9d7a18316b94f06a65e.png","XAgCDwD8qpukuHiqtLZ9mImnmPFcDO4E",12075861750,"https://media.birdweather.com/soundscapes/6891/6891-20260521-054612.flac",0,3,"birdnetpi"
7973575057,6891,"2026-05-21T07:46:02.000+02:00",0.79,0.84393298625946,9.21962051776877,"almost_certain","2p4",NA,51.5649,6.0074,FALSE,1,"House Sparrow","Passer domesticus","#d16ff8","avian","https://media.birdweather.com/species/1/HouseSparrow-standard-b861184cf45c092cdb45fd689dd676ef.jpg","https://media.birdweather.com/species/1/HouseSparrow-thumbnail-e9cbc91763a1579de8ef04880678b5e3.jpg","https://media.birdweather.com/species/1/HouseSparrow-png200-125e8603e1efe9d7a18316b94f06a65e.png","XAgCDwD8qpukuHiqtLZ9mImnmPFcDO4E",12075853286,"https://media.birdweather.com/soundscapes/6891/6891-20260521-054602.flac",0,3,"birdnetpi"
7973563632,6891,"2026-05-21T07:45:09.000+02:00",0.78,0.84393298625946,9.19137209430103,"almost_certain","2p4",NA,51.562,6.0031,FALSE,1,"House Sparrow","Passer domesticus","#d16ff8","avian","https://media.birdweather.com/species/1/HouseSparrow-standard-b861184cf45c092cdb45fd689dd676ef.jpg","https://media.birdweather.com/species/1/HouseSparrow-thumbnail-e9cbc91763a1579de8ef04880678b5e3.jpg","https://media.birdweather.com/species/1/HouseSparrow-png200-125e8603e1efe9d7a18316b94f06a65e.png","XAgCDwD8qpukuHiqtLZ9mImnmPFcDO4E",12075832052,"https://media.birdweather.com/soundscapes/6891/6891-20260521-054509.flac",0,3,"birdnetpi"
7973557097,6891,"2026-05-21T07:44:53.000+02:00",0.78,0.84393298625946,9.19137209430103,"almost_certain","2p4",NA,51.5657,6.0053,FALSE,1,"House Sparrow","Passer domesticus","#d16ff8","avian","https://media.birdweather.com/species/1/HouseSparrow-standard-b861184cf45c092cdb45fd689dd676ef.jpg","https://media.birdweather.com/species/1/HouseSparrow-thumbnail-e9cbc91763a1579de8ef04880678b5e3.jpg","https://media.birdweather.com/species/1/HouseSparrow-png200-125e8603e1efe9d7a18316b94f06a65e.png","XAgCDwD8qpukuHiqtLZ9mImnmPFcDO4E",12075820271,"https://media.birdweather.com/soundscapes/6891/6891-20260521-054453.flac",0,3,"birdnetpi"
7973552450,6891,"2026-05-21T07:44:30.000+02:00",0.74,0.84393298625946,9.07216650782523,"almost_certain","2p4",NA,51.5663,6.0032,FALSE,1,"House Sparrow","Passer domesticus","#d16ff8","avian","https://media.birdweather.com/species/1/HouseSparrow-standard-b861184cf45c092cdb45fd689dd676ef.jpg","https://media.birdweather.com/species/1/HouseSparrow-thumbnail-e9cbc91763a1579de8ef04880678b5e3.jpg","https://media.birdweather.com/species/1/HouseSparrow-png200-125e8603e1efe9d7a18316b94f06a65e.png","XAgCDwD8qpukuHiqtLZ9mImnmPFcDO4E",12075811917,"https://media.birdweather.com/soundscapes/6891/6891-20260521-054430.flac",0,3,"birdnetpi"
7973487884,6891,"2026-05-21T07:40:17.000+02:00",0.85,0.84393298625946,9.3778731731257,"almost_certain","2p4",NA,51.5673,6.0069,FALSE,1,"House Sparrow","Passer domesticus","#d16ff8","avian","https://media.birdweather.com/species/1/HouseSparrow-standard-b861184cf45c092cdb45fd689dd676ef.jpg","https://media.birdweather.com/species/1/HouseSparrow-thumbnail-e9cbc91763a1579de8ef04880678b5e3.jpg","https://media.birdweather.com/species/1/HouseSparrow-png200-125e8603e1efe9d7a18316b94f06a65e.png","XAgCDwD8qpukuHiqtLZ9mImnmPFcDO4E",12075694086,"https://media.birdweather.com/soundscapes/6891/6891-20260521-054017.flac",0,3,"birdnetpi"
7973463275,6891,"2026-05-21T07:38:42.000+02:00",0.75,0.84393298625946,9.10295432034255,"almost_certain","2p4",NA,51.5665,6.0012,FALSE,1,"House Sparrow","Passer domesticus","#d16ff8","avian","https://media.birdweather.com/species/1/HouseSparrow-standard-b861184cf45c092cdb45fd689dd676ef.jpg","https://media.birdweather.com/species/1/HouseSparrow-thumbnail-e9cbc91763a1579de8ef04880678b5e3.jpg","https://media.birdweather.com/species/1/HouseSparrow-png200-125e8603e1efe9d7a18316b94f06a65e.png","XAgCDwD8qpukuHiqtLZ9mImnmPFcDO4E",12075649755,"https://media.birdweather.com/soundscapes/6891/6891-20260521-053842.flac",0,3,"birdnetpi"
7973458158,6891,"2026-05-21T07:38:23.000+02:00",0.72,0.84393298625946,9.00843408640543,"almost_certain","2p4",NA,51.5687,6.004,FALSE,1,"House Sparrow","Passer domesticus","#d16ff8","avian","https://media.birdweather.com/species/1/HouseSparrow-standard-b861184cf45c092cdb45fd689dd676ef.jpg","https://media.birdweather.com/species/1/HouseSparrow-thumbnail-e9cbc91763a1579de8ef04880678b5e3.jpg","https://media.birdweather.com/species/1/HouseSparrow-png200-125e8603e1efe9d7a18316b94f06a65e.png","XAgCDwD8qpukuHiqtLZ9mImnmPFcDO4E",12075640313,"https://media.birdweather.com/soundscapes/6891/6891-20260521-053823.flac",0,3,"birdnetpi"
7973438839,6891,"2026-05-21T07:37:06.000+02:00",0.72,0.84393298625946,9.00843408640543,"almost_certain","2p4",NA,51.5694,6.0042,FALSE,1,"House Sparrow","Passer domesticus","#d16ff8","avian","https://media.birdweather.com/species/1/HouseSparrow-standard-b861184cf45c092cdb45fd689dd676ef.jpg","https://media.birdweather.com/species/1/HouseSparrow-thumbnail-e9cbc91763a1579de8ef04880678b5e3.jpg","https://media.birdweather.com/species/1/HouseSparrow-png200-125e8603e1efe9d7a18316b94f06a65e.png","XAgCDwD8qpukuHiqtLZ9mImnmPFcDO4E",12075605143,"https://media.birdweather.com/soundscapes/6891/6891-20260521-053706.flac",0,3,"birdnetpi"
7973406256,6891,"2026-05-21T07:35:11.000+02:00",0.73,0.84393298625946,9.0406708678574,"almost_certain","2p4",NA,51.5646,6.0049,FALSE,1,"House Sparrow","Passer domesticus","#d16ff8","avian","https://media.birdweather.com/species/1/HouseSparrow-standard-b861184cf45c092cdb45fd689dd676ef.jpg","https://media.birdweather.com/species/1/HouseSparrow-thumbnail-e9cbc91763a1579de8ef04880678b5e3.jpg","https://media.birdweather.com/species/1/HouseSparrow-png200-125e8603e1efe9d7a18316b94f06a65e.png","XAgCDwD8qpukuHiqtLZ9mImnmPFcDO4E",12075545461,"https://media.birdweather.com/soundscapes/6891/6891-20260521-053511.flac",0,3,"birdnetpi"
7973335658,6891,"2026-05-21T07:30:41.000+02:00",0.74,0.84393298625946,9.07216650782523,"almost_certain","2p4",NA,51.5675,6.0094,FALSE,1,"House Sparrow","Passer domesticus","#d16ff8","avian","https://media.birdweather.com/species/1/HouseSparrow-standard-b861184cf45c092cdb45fd689dd676ef.jpg","https://media.birdweather.com/species/1/HouseSparrow-thumbnail-e9cbc91763a1579de8ef04880678b5e3.jpg","https://media.birdweather.com/species/1/HouseSparrow-png200-125e8603e1efe9d7a18316b94f06a65e.png","XAgCDwD8qpukuHiqtLZ9mImnmPFcDO4E",12075418663,"https://media.birdweather.com/soundscapes/6891/6891-20260521-053041.flac",0,3,"birdnetpi"
7973321841,6891,"2026-05-21T07:29:38.000+02:00",0.84,0.84393298625946,9.35273485315027,"almost_certain","2p4",NA,51.5646,6.0007,FALSE,1,"House Sparrow","Passer domesticus","#d16ff8","avian","https://media.birdweather.com/species/1/HouseSparrow-standard-b861184cf45c092cdb45fd689dd676ef.jpg","https://media.birdweather.com/species/1/HouseSparrow-thumbnail-e9cbc91763a1579de8ef04880678b5e3.jpg","https://media.birdweather.com/species/1/HouseSparrow-png200-125e8603e1efe9d7a18316b94f06a65e.png","XAgCDwD8qpukuHiqtLZ9mImnmPFcDO4E",12075393787,"https://media.birdweather.com/soundscapes/6891/6891-20260521-052938.flac",0,3,"birdnetpi"
7973315722,6891,"2026-05-21T07:29:12.000+02:00",0.73,0.84393298625946,9.0406708678574,"almost_certain","2p4",NA,51.5641,6.0021,FALSE,1,"House Sparrow","Passer domesticus","#d16ff8","avian","https://media.birdweather.com/species/1/HouseSparrow-standard-b861184cf45c092cdb45fd689dd676ef.jpg","https://media.birdweather.com/species/1/HouseSparrow-thumbnail-e9cbc91763a1579de8ef04880678b5e3.jpg","https://media.birdweather.com/species/1/HouseSparrow-png200-125e8603e1efe9d7a18316b94f06a65e.png","XAgCDwD8qpukuHiqtLZ9mImnmPFcDO4E",12075382619,"https://media.birdweather.com/soundscapes/6891/6891-20260521-052912.flac",0,3,"birdnetpi"
7973290911,6891,"2026-05-21T07:27:47.000+02:00",0.83,0.84393298625946,9.32712663092362,"almost_certain","2p4",NA,51.5618,6.0032,FALSE,1,"House Sparrow","Passer domesticus","#d16ff8","avian","https://media.birdweather.com/species/1/HouseSparrow-standard-b861184cf45c092cdb45fd689dd676ef.jpg","https://media.birdweather.com/species/1/HouseSparrow-thumbnail-e9cbc91763a1579de8ef04880678b5e3.jpg","https://media.birdweather.com/species/1/HouseSparrow-png200-125e8603e1efe9d7a18316b94f06a65e.png","XAgCDwD8qpukuHiqtLZ9mImnmPFcDO4E",12075338838,"https://media.birdweather.com/soundscapes/6891/6891-20260521-052747.flac",0,3,"birdnetpi"
7973281490,6891,"2026-05-21T07:27:03.000+02:00",0.73,0.84393298625946,9.0406708678574,"almost_certain","2p4",NA,51.5633,6.008,FALSE,1,"House Sparrow","Passer domesticus","#d16ff8","avian","https://media.birdweather.com/species/1/HouseSparrow-standard-b861184cf45c092cdb45fd689dd676ef.jpg","https://media.birdweather.com/species/1/HouseSparrow-thumbnail-e9cbc91763a1579de8ef04880678b5e3.jpg","https://media.birdweather.com/species/1/HouseSparrow-png200-125e8603e1efe9d7a18316b94f06a65e.png","XAgCDwD8qpukuHiqtLZ9mImnmPFcDO4E",12075321929,"https://media.birdweather.com/soundscapes/6891/6891-20260521-052703.flac",0,3,"birdnetpi"
7973270764,6891,"2026-05-21T07:26:33.000+02:00",0.73,0.84393298625946,9.0406708678574,"almost_certain","2p4",NA,51.562,6.006,FALSE,1,"House Sparrow","Passer domesticus","#d16ff8","avian","https://media.birdweather.com/species/1/HouseSparrow-standard-b861184cf45c092cdb45fd689dd676ef.jpg","https://media.birdweather.com/species/1/HouseSparrow-thumbnail-e9cbc91763a1579de8ef04880678b5e3.jpg","https://media.birdweather.com/species/1/HouseSparrow-png200-125e8603e1efe9d7a18316b94f06a65e.png","XAgCDwD8qpukuHiqtLZ9mImnmPFcDO4E",12075303238,"https://media.birdweather.com/soundscapes/6891/6891-20260521-052633.flac",0,3,"birdnetpi"
7973221715,6891,"2026-05-21T07:23:17.000+02:00",0.95,0.560286164283752,9.05364848242757,"almost_certain","2p4",NA,51.5616,6.0021,FALSE,119,"Common House-Martin","Delichon urbicum","#53b1ff","avian","https://media.birdweather.com/species/119/CommonHouse-Martin-standard-9ffbcc688c51210fb136a162c84d82ad.jpg","https://media.birdweather.com/species/119/CommonHouse-Martin-thumbnail-dd7059ca6235347c3097e7a66f04df95.jpg","https://media.birdweather.com/species/119/CommonHouse-Martin-png200-a73a8953ce2af50676da81e70b2746b2.png","YhgKDwKJd4iIiHd/h5h5d4mIeQqVllAH",12075214853,"https://media.birdweather.com/soundscapes/6891/6891-20260521-052317.flac",0,3,"birdnetpi"
7973194288,6891,"2026-05-21T07:21:30.000+02:00",0.83,0.892300605773926,9.40260679473216,"almost_certain","2p4",NA,51.5651,6.0019,FALSE,66,"Eurasian Blue Tit","Cyanistes caeruleus","#4b8900","avian","https://media.birdweather.com/species/66/EurasianBlueTit-standard-4ec8e45d78b2908d0f41ae495ae07571.jpg","https://media.birdweather.com/species/66/EurasianBlueTit-thumbnail-4d9abc54a3abc3fb12e78e603cbe6784.jpg","https://media.birdweather.com/species/66/EurasianBlueTit-png200-49adab92304ba7a74e93ac43e38e62d3.png","EfgJBwAKhHiEm2ZheGllqXeZhi/ze3EP",12075165553,"https://media.birdweather.com/soundscapes/6891/6891-20260521-052130.flac",0,3,"birdnetpi"
7973190877,6891,"2026-05-21T07:21:23.000+02:00",0.82,0.84393298625946,9.30103060381377,"almost_certain","2p4",NA,51.5666,6.0053,FALSE,1,"House Sparrow","Passer domesticus","#d16ff8","avian","https://media.birdweather.com/species/1/HouseSparrow-standard-b861184cf45c092cdb45fd689dd676ef.jpg","https://media.birdweather.com/species/1/HouseSparrow-thumbnail-e9cbc91763a1579de8ef04880678b5e3.jpg","https://media.birdweather.com/species/1/HouseSparrow-png200-125e8603e1efe9d7a18316b94f06a65e.png","XAgCDwD8qpukuHiqtLZ9mImnmPFcDO4E",12075159384,"https://media.birdweather.com/soundscapes/6891/6891-20260521-052123.flac",0,3,"birdnetpi"
7973186829,6891,"2026-05-21T07:21:02.000+02:00",0.95,0.581112802028656,9.1027884481516,"almost_certain","2p4",NA,51.5627,6.0085,FALSE,76,"Eurasian Jackdaw","Corvus monedula","#f36f1b","avian","https://media.birdweather.com/species/76/EurasianJackdaw-standard-55cbd4006f743c538a3264a1fb86d41c.jpg","https://media.birdweather.com/species/76/EurasianJackdaw-thumbnail-80ecf23afe76ea22483b4f8043e19339.jpg","https://media.birdweather.com/species/76/EurasianJackdaw-png200-862dbf9b3725619bb5532ba255c32118.png","4AgKDwL2i2d1homOY0modph5OL/1qHAJ",12075152280,"https://media.birdweather.com/soundscapes/6891/6891-20260521-052102.flac",0,3,"birdnetpi"
7973171459,6891,"2026-05-21T07:20:03.000+02:00",0.85,0.560286164283752,8.82478438643904,"almost_certain","2p4",NA,51.5617,6.0089,FALSE,119,"Common House-Martin","Delichon urbicum","#53b1ff","avian","https://media.birdweather.com/species/119/CommonHouse-Martin-standard-9ffbcc688c51210fb136a162c84d82ad.jpg","https://media.birdweather.com/species/119/CommonHouse-Martin-thumbnail-dd7059ca6235347c3097e7a66f04df95.jpg","https://media.birdweather.com/species/119/CommonHouse-Martin-png200-a73a8953ce2af50676da81e70b2746b2.png","YhgKDwKJd4iIiHd/h5h5d4mIeQqVllAH",12075124616,"https://media.birdweather.com/soundscapes/6891/6891-20260521-052003.flac",0,3,"birdnetpi"
7973168106,6891,"2026-05-21T07:19:51.000+02:00",0.78,0.84393298625946,9.19137209430103,"almost_certain","2p4",NA,51.5663,6.0092,FALSE,1,"House Sparrow","Passer domesticus","#d16ff8","avian","https://media.birdweather.com/species/1/HouseSparrow-standard-b861184cf45c092cdb45fd689dd676ef.jpg","https://media.birdweather.com/species/1/HouseSparrow-thumbnail-e9cbc91763a1579de8ef04880678b5e3.jpg","https://media.birdweather.com/species/1/HouseSparrow-png200-125e8603e1efe9d7a18316b94f06a65e.png","XAgCDwD8qpukuHiqtLZ9mImnmPFcDO4E",12075118578,"https://media.birdweather.com/soundscapes/6891/6891-20260521-051951.flac",0,3,"birdnetpi"
7973161578,6891,"2026-05-21T07:19:24.000+02:00",0.75,0.84393298625946,9.10295432034255,"almost_certain","2p4",NA,51.5662,6.0032,FALSE,1,"House Sparrow","Passer domesticus","#d16ff8","avian","https://media.birdweather.com/species/1/HouseSparrow-standard-b861184cf45c092cdb45fd689dd676ef.jpg","https://media.birdweather.com/species/1/HouseSparrow-thumbnail-e9cbc91763a1579de8ef04880678b5e3.jpg","https://media.birdweather.com/species/1/HouseSparrow-png200-125e8603e1efe9d7a18316b94f06a65e.png","XAgCDwD8qpukuHiqtLZ9mImnmPFcDO4E",12075106392,"https://media.birdweather.com/soundscapes/6891/6891-20260521-051924.flac",0,3,"birdnetpi"
7973130270,6891,"2026-05-21T07:17:26.000+02:00",0.81,0.560286164283752,8.72133903950288,"almost_certain","2p4",NA,51.5687,6.0086,FALSE,119,"Common House-Martin","Delichon urbicum","#53b1ff","avian","https://media.birdweather.com/species/119/CommonHouse-Martin-standard-9ffbcc688c51210fb136a162c84d82ad.jpg","https://media.birdweather.com/species/119/CommonHouse-Martin-thumbnail-dd7059ca6235347c3097e7a66f04df95.jpg","https://media.birdweather.com/species/119/CommonHouse-Martin-png200-a73a8953ce2af50676da81e70b2746b2.png","YhgKDwKJd4iIiHd/h5h5d4mIeQqVllAH",12075050601,"https://media.birdweather.com/soundscapes/6891/6891-20260521-051726.flac",0,3,"birdnetpi"
7973121872,6891,"2026-05-21T07:16:56.000+02:00",0.99,0.560286164283752,9.1354638339688,"almost_certain","2p4",NA,51.5673,6.0034,FALSE,119,"Common House-Martin","Delichon urbicum","#53b1ff","avian","https://media.birdweather.com/species/119/CommonHouse-Martin-standard-9ffbcc688c51210fb136a162c84d82ad.jpg","https://media.birdweather.com/species/119/CommonHouse-Martin-thumbnail-dd7059ca6235347c3097e7a66f04df95.jpg","https://media.birdweather.com/species/119/CommonHouse-Martin-png200-a73a8953ce2af50676da81e70b2746b2.png","YhgKDwKJd4iIiHd/h5h5d4mIeQqVllAH",12075035799,"https://media.birdweather.com/soundscapes/6891/6891-20260521-051656.flac",0,3,"birdnetpi"
7973095957,6891,"2026-05-21T07:15:18.000+02:00",0.83,0.84393298625946,9.32712663092362,"almost_certain","2p4",NA,51.5687,6.0039,FALSE,1,"House Sparrow","Passer domesticus","#d16ff8","avian","https://media.birdweather.com/species/1/HouseSparrow-standard-b861184cf45c092cdb45fd689dd676ef.jpg","https://media.birdweather.com/species/1/HouseSparrow-thumbnail-e9cbc91763a1579de8ef04880678b5e3.jpg","https://media.birdweather.com/species/1/HouseSparrow-png200-125e8603e1efe9d7a18316b94f06a65e.png","XAgCDwD8qpukuHiqtLZ9mImnmPFcDO4E",12074990095,"https://media.birdweather.com/soundscapes/6891/6891-20260521-051518.flac",0,3,"birdnetpi"
7973056468,6891,"2026-05-21T07:12:48.000+02:00",0.72,0.84393298625946,9.00843408640543,"almost_certain","2p4",NA,51.5683,6.0041,FALSE,1,"House Sparrow","Passer domesticus","#d16ff8","avian","https://media.birdweather.com/species/1/HouseSparrow-standard-b861184cf45c092cdb45fd689dd676ef.jpg","https://media.birdweather.com/species/1/HouseSparrow-thumbnail-e9cbc91763a1579de8ef04880678b5e3.jpg","https://media.birdweather.com/species/1/HouseSparrow-png200-125e8603e1efe9d7a18316b94f06a65e.png","XAgCDwD8qpukuHiqtLZ9mImnmPFcDO4E",12074919834,"https://media.birdweather.com/soundscapes/6891/6891-20260521-051248.flac",0,3,"birdnetpi"
7973034026,6891,"2026-05-21T07:11:23.000+02:00",0.76,0.560286164283752,8.57997663586061,"almost_certain","2p4",NA,51.5675,6.0073,FALSE,119,"Common House-Martin","Delichon urbicum","#53b1ff","avian","https://media.birdweather.com/species/119/CommonHouse-Martin-standard-9ffbcc688c51210fb136a162c84d82ad.jpg","https://media.birdweather.com/species/119/CommonHouse-Martin-thumbnail-dd7059ca6235347c3097e7a66f04df95.jpg","https://media.birdweather.com/species/119/CommonHouse-Martin-png200-a73a8953ce2af50676da81e70b2746b2.png","YhgKDwKJd4iIiHd/h5h5d4mIeQqVllAH",12074879773,"https://media.birdweather.com/soundscapes/6891/6891-20260521-051123.flac",0,3,"birdnetpi"
7973020963,6891,"2026-05-21T07:10:35.000+02:00",0.91,0.581112802028656,9.01577508231201,"almost_certain","2p4",NA,51.5689,6.007,FALSE,76,"Eurasian Jackdaw","Corvus monedula","#f36f1b","avian","https://media.birdweather.com/species/76/EurasianJackdaw-standard-55cbd4006f743c538a3264a1fb86d41c.jpg","https://media.birdweather.com/species/76/EurasianJackdaw-thumbnail-80ecf23afe76ea22483b4f8043e19339.jpg","https://media.birdweather.com/species/76/EurasianJackdaw-png200-862dbf9b3725619bb5532ba255c32118.png","4AgKDwL2i2d1homOY0modph5OL/1qHAJ",12074856240,"https://media.birdweather.com/soundscapes/6891/6891-20260521-051035.flac",0,3,"birdnetpi"
7973016660,6891,"2026-05-21T07:10:18.000+02:00",0.87,0.84393298625946,9.42680694629055,"almost_certain","2p4",NA,51.5668,6.0072,FALSE,1,"House Sparrow","Passer domesticus","#d16ff8","avian","https://media.birdweather.com/species/1/HouseSparrow-standard-b861184cf45c092cdb45fd689dd676ef.jpg","https://media.birdweather.com/species/1/HouseSparrow-thumbnail-e9cbc91763a1579de8ef04880678b5e3.jpg","https://media.birdweather.com/species/1/HouseSparrow-png200-125e8603e1efe9d7a18316b94f06a65e.png","XAgCDwD8qpukuHiqtLZ9mImnmPFcDO4E",12074848621,"https://media.birdweather.com/soundscapes/6891/6891-20260521-051018.flac",0,3,"birdnetpi"
7973008943,6891,"2026-05-21T07:09:57.000+02:00",0.89,0.84393298625946,9.47405300750805,"almost_certain","2p4",NA,51.569,6.0018,FALSE,1,"House Sparrow","Passer domesticus","#d16ff8","avian","https://media.birdweather.com/species/1/HouseSparrow-standard-b861184cf45c092cdb45fd689dd676ef.jpg","https://media.birdweather.com/species/1/HouseSparrow-thumbnail-e9cbc91763a1579de8ef04880678b5e3.jpg","https://media.birdweather.com/species/1/HouseSparrow-png200-125e8603e1efe9d7a18316b94f06a65e.png","XAgCDwD8qpukuHiqtLZ9mImnmPFcDO4E",12074834907,"https://media.birdweather.com/soundscapes/6891/6891-20260521-050957.flac",0,3,"birdnetpi"
7973003220,6891,"2026-05-21T07:09:27.000+02:00",0.75,0.471988171339035,8.31940590850273,"almost_certain","2p4",NA,51.5679,6.0007,FALSE,103,"Eurasian Collared-Dove","Streptopelia decaocto","#006e2a","avian","https://media.birdweather.com/species/103/EurasianCollared-Dove-standard-e0c74c4f1ffe5357c4759579380dab35.jpg","https://media.birdweather.com/species/103/EurasianCollared-Dove-thumbnail-53ccb5f0a5d0640a1e766dd99c28ebca.jpg","https://media.birdweather.com/species/103/EurasianCollared-Dove-png200-4efa83c8c5efbdb09427b3c3fa247357.png","pvcFFwLpd4RvlJeUWZh2eXh4VxBqBZIH",12074825044,"https://media.birdweather.com/soundscapes/6891/6891-20260521-050927.flac",0,3,"birdnetpi"
7973000567,6891,"2026-05-21T07:09:18.000+02:00",0.74,0.84393298625946,9.07216650782523,"almost_certain","2p4",NA,51.5692,6.0066,FALSE,1,"House Sparrow","Passer domesticus","#d16ff8","avian","https://media.birdweather.com/species/1/HouseSparrow-standard-b861184cf45c092cdb45fd689dd676ef.jpg","https://media.birdweather.com/species/1/HouseSparrow-thumbnail-e9cbc91763a1579de8ef04880678b5e3.jpg","https://media.birdweather.com/species/1/HouseSparrow-png200-125e8603e1efe9d7a18316b94f06a65e.png","XAgCDwD8qpukuHiqtLZ9mImnmPFcDO4E",12074820347,"https://media.birdweather.com/soundscapes/6891/6891-20260521-050918.flac",0,3,"birdnetpi"
7972987260,6891,"2026-05-21T07:08:29.000+02:00",0.72,0.84393298625946,9.00843408640543,"almost_certain","2p4",NA,51.563,6.0013,FALSE,1,"House Sparrow","Passer domesticus","#d16ff8","avian","https://media.birdweather.com/species/1/HouseSparrow-standard-b861184cf45c092cdb45fd689dd676ef.jpg","https://media.birdweather.com/species/1/HouseSparrow-thumbnail-e9cbc91763a1579de8ef04880678b5e3.jpg","https://media.birdweather.com/species/1/HouseSparrow-png200-125e8603e1efe9d7a18316b94f06a65e.png","XAgCDwD8qpukuHiqtLZ9mImnmPFcDO4E",12074796830,"https://media.birdweather.com/soundscapes/6891/6891-20260521-050829.flac",0,3,"birdnetpi"
7972964692,6891,"2026-05-21T07:07:02.000+02:00",0.76,0.84393298625946,9.13306542254728,"almost_certain","2p4",NA,51.5651,6.0057,FALSE,1,"House Sparrow","Passer domesticus","#d16ff8","avian","https://media.birdweather.com/species/1/HouseSparrow-standard-b861184cf45c092cdb45fd689dd676ef.jpg","https://media.birdweather.com/species/1/HouseSparrow-thumbnail-e9cbc91763a1579de8ef04880678b5e3.jpg","https://media.birdweather.com/species/1/HouseSparrow-png200-125e8603e1efe9d7a18316b94f06a65e.png","XAgCDwD8qpukuHiqtLZ9mImnmPFcDO4E",12074757017,"https://media.birdweather.com/soundscapes/6891/6891-20260521-050702.flac",0,3,"birdnetpi"
7972926413,6891,"2026-05-21T07:04:50.000+02:00",0.74,0.84393298625946,9.07216650782523,"almost_certain","2p4",NA,51.5688,6.007,FALSE,1,"House Sparrow","Passer domesticus","#d16ff8","avian","https://media.birdweather.com/species/1/HouseSparrow-standard-b861184cf45c092cdb45fd689dd676ef.jpg","https://media.birdweather.com/species/1/HouseSparrow-thumbnail-e9cbc91763a1579de8ef04880678b5e3.jpg","https://media.birdweather.com/species/1/HouseSparrow-png200-125e8603e1efe9d7a18316b94f06a65e.png","XAgCDwD8qpukuHiqtLZ9mImnmPFcDO4E",12074689525,"https://media.birdweather.com/soundscapes/6891/6891-20260521-050450.flac",0,3,"birdnetpi"
7972913270,6891,"2026-05-21T07:03:50.000+02:00",0.74,0.471988171339035,8.28861809598541,"almost_certain","2p4",NA,51.5703,6.0021,FALSE,103,"Eurasian Collared-Dove","Streptopelia decaocto","#006e2a","avian","https://media.birdweather.com/species/103/EurasianCollared-Dove-standard-e0c74c4f1ffe5357c4759579380dab35.jpg","https://media.birdweather.com/species/103/EurasianCollared-Dove-thumbnail-53ccb5f0a5d0640a1e766dd99c28ebca.jpg","https://media.birdweather.com/species/103/EurasianCollared-Dove-png200-4efa83c8c5efbdb09427b3c3fa247357.png","pvcFFwLpd4RvlJeUWZh2eXh4VxBqBZIH",12074666346,"https://media.birdweather.com/soundscapes/6891/6891-20260521-050350.flac",0,3,"birdnetpi"
7972903345,6891,"2026-05-21T07:03:18.000+02:00",0.93,0.471988171339035,8.78037287267379,"almost_certain","2p4",NA,51.5694,6.0066,FALSE,103,"Eurasian Collared-Dove","Streptopelia decaocto","#006e2a","avian","https://media.birdweather.com/species/103/EurasianCollared-Dove-standard-e0c74c4f1ffe5357c4759579380dab35.jpg","https://media.birdweather.com/species/103/EurasianCollared-Dove-thumbnail-53ccb5f0a5d0640a1e766dd99c28ebca.jpg","https://media.birdweather.com/species/103/EurasianCollared-Dove-png200-4efa83c8c5efbdb09427b3c3fa247357.png","pvcFFwLpd4RvlJeUWZh2eXh4VxBqBZIH",12074648522,"https://media.birdweather.com/soundscapes/6891/6891-20260521-050318.flac",0,3,"birdnetpi"
7972887829,6891,"2026-05-21T07:02:13.000+02:00",0.77,0.471988171339035,8.37898051186017,"almost_certain","2p4",NA,51.5628,6.0083,FALSE,103,"Eurasian Collared-Dove","Streptopelia decaocto","#006e2a","avian","https://media.birdweather.com/species/103/EurasianCollared-Dove-standard-e0c74c4f1ffe5357c4759579380dab35.jpg","https://media.birdweather.com/species/103/EurasianCollared-Dove-thumbnail-53ccb5f0a5d0640a1e766dd99c28ebca.jpg","https://media.birdweather.com/species/103/EurasianCollared-Dove-png200-4efa83c8c5efbdb09427b3c3fa247357.png","pvcFFwLpd4RvlJeUWZh2eXh4VxBqBZIH",12074620797,"https://media.birdweather.com/soundscapes/6891/6891-20260521-050213.flac",0,3,"birdnetpi"
7972875567,6891,"2026-05-21T07:01:27.000+02:00",0.88,0.560286164283752,8.89754484711915,"almost_certain","2p4",NA,51.5704,6.0044,FALSE,119,"Common House-Martin","Delichon urbicum","#53b1ff","avian","https://media.birdweather.com/species/119/CommonHouse-Martin-standard-9ffbcc688c51210fb136a162c84d82ad.jpg","https://media.birdweather.com/species/119/CommonHouse-Martin-thumbnail-dd7059ca6235347c3097e7a66f04df95.jpg","https://media.birdweather.com/species/119/CommonHouse-Martin-png200-a73a8953ce2af50676da81e70b2746b2.png","YhgKDwKJd4iIiHd/h5h5d4mIeQqVllAH",12074598680,"https://media.birdweather.com/soundscapes/6891/6891-20260521-050127.flac",0,3,"birdnetpi"
7972863305,6891,"2026-05-21T07:00:39.000+02:00",0.74,0.84393298625946,9.07216650782523,"almost_certain","2p4",NA,51.5693,6.007,FALSE,1,"House Sparrow","Passer domesticus","#d16ff8","avian","https://media.birdweather.com/species/1/HouseSparrow-standard-b861184cf45c092cdb45fd689dd676ef.jpg","https://media.birdweather.com/species/1/HouseSparrow-thumbnail-e9cbc91763a1579de8ef04880678b5e3.jpg","https://media.birdweather.com/species/1/HouseSparrow-png200-125e8603e1efe9d7a18316b94f06a65e.png","XAgCDwD8qpukuHiqtLZ9mImnmPFcDO4E",12074576766,"https://media.birdweather.com/soundscapes/6891/6891-20260521-050039.flac",0,3,"birdnetpi"
7972858413,6891,"2026-05-21T07:00:30.000+02:00",0.72,0.84393298625946,9.00843408640543,"almost_certain","2p4",NA,51.5693,6.0076,FALSE,1,"House Sparrow","Passer domesticus","#d16ff8","avian","https://media.birdweather.com/species/1/HouseSparrow-standard-b861184cf45c092cdb45fd689dd676ef.jpg","https://media.birdweather.com/species/1/HouseSparrow-thumbnail-e9cbc91763a1579de8ef04880678b5e3.jpg","https://media.birdweather.com/species/1/HouseSparrow-png200-125e8603e1efe9d7a18316b94f06a65e.png","XAgCDwD8qpukuHiqtLZ9mImnmPFcDO4E",12074568303,"https://media.birdweather.com/soundscapes/6891/6891-20260521-050030.flac",0,3,"birdnetpi"
7972853733,6891,"2026-05-21T07:00:03.000+02:00",0.75,0.84393298625946,9.10295432034255,"almost_certain","2p4",NA,51.562,6.0021,FALSE,1,"House Sparrow","Passer domesticus","#d16ff8","avian","https://media.birdweather.com/species/1/HouseSparrow-standard-b861184cf45c092cdb45fd689dd676ef.jpg","https://media.birdweather.com/species/1/HouseSparrow-thumbnail-e9cbc91763a1579de8ef04880678b5e3.jpg","https://media.birdweather.com/species/1/HouseSparrow-png200-125e8603e1efe9d7a18316b94f06a65e.png","XAgCDwD8qpukuHiqtLZ9mImnmPFcDO4E",12074559952,"https://media.birdweather.com/soundscapes/6891/6891-20260521-050003.flac",0,3,"birdnetpi"
7972830667,6891,"2026-05-21T06:58:47.000+02:00",0.74,0.560286164283752,8.51907772113857,"almost_certain","2p4",NA,51.5675,6.0037,FALSE,119,"Common House-Martin","Delichon urbicum","#53b1ff","avian","https://media.birdweather.com/species/119/CommonHouse-Martin-standard-9ffbcc688c51210fb136a162c84d82ad.jpg","https://media.birdweather.com/species/119/CommonHouse-Martin-thumbnail-dd7059ca6235347c3097e7a66f04df95.jpg","https://media.birdweather.com/species/119/CommonHouse-Martin-png200-a73a8953ce2af50676da81e70b2746b2.png","YhgKDwKJd4iIiHd/h5h5d4mIeQqVllAH",12074519396,"https://media.birdweather.com/soundscapes/6891/6891-20260521-045847.flac",0,3,"birdnetpi"
7972822418,6891,"2026-05-21T06:58:08.000+02:00",0.77,0.84393298625946,9.1625289237,"almost_certain","2p4",NA,51.5632,6.0029,FALSE,1,"House Sparrow","Passer domesticus","#d16ff8","avian","https://media.birdweather.com/species/1/HouseSparrow-standard-b861184cf45c092cdb45fd689dd676ef.jpg","https://media.birdweather.com/species/1/HouseSparrow-thumbnail-e9cbc91763a1579de8ef04880678b5e3.jpg","https://media.birdweather.com/species/1/HouseSparrow-png200-125e8603e1efe9d7a18316b94f06a65e.png","XAgCDwD8qpukuHiqtLZ9mImnmPFcDO4E",12074505081,"https://media.birdweather.com/soundscapes/6891/6891-20260521-045808.flac",0,3,"birdnetpi"
7972820645,6891,"2026-05-21T06:57:59.000+02:00",0.91,0.560286164283752,8.96663511658799,"almost_certain","2p4",NA,51.5644,6.0059,FALSE,119,"Common House-Martin","Delichon urbicum","#53b1ff","avian","https://media.birdweather.com/species/119/CommonHouse-Martin-standard-9ffbcc688c51210fb136a162c84d82ad.jpg","https://media.birdweather.com/species/119/CommonHouse-Martin-thumbnail-dd7059ca6235347c3097e7a66f04df95.jpg","https://media.birdweather.com/species/119/CommonHouse-Martin-png200-a73a8953ce2af50676da81e70b2746b2.png","YhgKDwKJd4iIiHd/h5h5d4mIeQqVllAH",12074501972,"https://media.birdweather.com/soundscapes/6891/6891-20260521-045759.flac",0,3,"birdnetpi"
7972817039,6891,"2026-05-21T06:57:47.000+02:00",0.88,0.84393298625946,9.45063363380581,"almost_certain","2p4",NA,51.5695,6.0073,FALSE,1,"House Sparrow","Passer domesticus","#d16ff8","avian","https://media.birdweather.com/species/1/HouseSparrow-standard-b861184cf45c092cdb45fd689dd676ef.jpg","https://media.birdweather.com/species/1/HouseSparrow-thumbnail-e9cbc91763a1579de8ef04880678b5e3.jpg","https://media.birdweather.com/species/1/HouseSparrow-png200-125e8603e1efe9d7a18316b94f06a65e.png","XAgCDwD8qpukuHiqtLZ9mImnmPFcDO4E",12074495713,"https://media.birdweather.com/soundscapes/6891/6891-20260521-045747.flac",0,3,"birdnetpi"
7972797958,6891,"2026-05-21T06:56:36.000+02:00",0.8,0.84393298625946,9.24729822679378,"almost_certain","2p4",NA,51.5687,6.0022,FALSE,1,"House Sparrow","Passer domesticus","#d16ff8","avian","https://media.birdweather.com/species/1/HouseSparrow-standard-b861184cf45c092cdb45fd689dd676ef.jpg","https://media.birdweather.com/species/1/HouseSparrow-thumbnail-e9cbc91763a1579de8ef04880678b5e3.jpg","https://media.birdweather.com/species/1/HouseSparrow-png200-125e8603e1efe9d7a18316b94f06a65e.png","XAgCDwD8qpukuHiqtLZ9mImnmPFcDO4E",12074462171,"https://media.birdweather.com/soundscapes/6891/6891-20260521-045636.flac",0,3,"birdnetpi"
7972788003,6891,"2026-05-21T06:56:06.000+02:00",0.9,0.84393298625946,9.49707875960149,"almost_certain","2p4",NA,51.5616,6.0085,FALSE,1,"House Sparrow","Passer domesticus","#d16ff8","avian","https://media.birdweather.com/species/1/HouseSparrow-standard-b861184cf45c092cdb45fd689dd676ef.jpg","https://media.birdweather.com/species/1/HouseSparrow-thumbnail-e9cbc91763a1579de8ef04880678b5e3.jpg","https://media.birdweather.com/species/1/HouseSparrow-png200-125e8603e1efe9d7a18316b94f06a65e.png","XAgCDwD8qpukuHiqtLZ9mImnmPFcDO4E",12074444699,"https://media.birdweather.com/soundscapes/6891/6891-20260521-045606.flac",0,3,"birdnetpi"
7972780706,6891,"2026-05-21T06:55:33.000+02:00",0.93,0.84393298625946,9.56392128451362,"almost_certain","2p4",NA,51.5681,6.0019,FALSE,1,"House Sparrow","Passer domesticus","#d16ff8","avian","https://media.birdweather.com/species/1/HouseSparrow-standard-b861184cf45c092cdb45fd689dd676ef.jpg","https://media.birdweather.com/species/1/HouseSparrow-thumbnail-e9cbc91763a1579de8ef04880678b5e3.jpg","https://media.birdweather.com/species/1/HouseSparrow-png200-125e8603e1efe9d7a18316b94f06a65e.png","XAgCDwD8qpukuHiqtLZ9mImnmPFcDO4E",12074431955,"https://media.birdweather.com/soundscapes/6891/6891-20260521-045533.flac",0,3,"birdnetpi"
7972773322,6891,"2026-05-21T06:55:06.000+02:00",0.95,0.84393298625946,9.60673726911424,"almost_certain","2p4",NA,51.5624,6.0059,FALSE,1,"House Sparrow","Passer domesticus","#d16ff8","avian","https://media.birdweather.com/species/1/HouseSparrow-standard-b861184cf45c092cdb45fd689dd676ef.jpg","https://media.birdweather.com/species/1/HouseSparrow-thumbnail-e9cbc91763a1579de8ef04880678b5e3.jpg","https://media.birdweather.com/species/1/HouseSparrow-png200-125e8603e1efe9d7a18316b94f06a65e.png","XAgCDwD8qpukuHiqtLZ9mImnmPFcDO4E",12074419095,"https://media.birdweather.com/soundscapes/6891/6891-20260521-045506.flac",0,3,"birdnetpi"
7972768725,6891,"2026-05-21T06:54:48.000+02:00",0.7,0.84393298625946,8.94159156149331,"almost_certain","2p4",NA,51.5616,6.0035,FALSE,1,"House Sparrow","Passer domesticus","#d16ff8","avian","https://media.birdweather.com/species/1/HouseSparrow-standard-b861184cf45c092cdb45fd689dd676ef.jpg","https://media.birdweather.com/species/1/HouseSparrow-thumbnail-e9cbc91763a1579de8ef04880678b5e3.jpg","https://media.birdweather.com/species/1/HouseSparrow-png200-125e8603e1efe9d7a18316b94f06a65e.png","XAgCDwD8qpukuHiqtLZ9mImnmPFcDO4E",12074411180,"https://media.birdweather.com/soundscapes/6891/6891-20260521-045448.flac",0,3,"birdnetpi"
7972747429,6891,"2026-05-21T06:53:38.000+02:00",0.75,0.84393298625946,9.10295432034255,"almost_certain","2p4",NA,51.5641,6.0092,FALSE,1,"House Sparrow","Passer domesticus","#d16ff8","avian","https://media.birdweather.com/species/1/HouseSparrow-standard-b861184cf45c092cdb45fd689dd676ef.jpg","https://media.birdweather.com/species/1/HouseSparrow-thumbnail-e9cbc91763a1579de8ef04880678b5e3.jpg","https://media.birdweather.com/species/1/HouseSparrow-png200-125e8603e1efe9d7a18316b94f06a65e.png","XAgCDwD8qpukuHiqtLZ9mImnmPFcDO4E",12074373731,"https://media.birdweather.com/soundscapes/6891/6891-20260521-045338.flac",0,3,"birdnetpi"
7972737349,6891,"2026-05-21T06:52:53.000+02:00",0.93,0.560286164283752,9.01083249782695,"almost_certain","2p4",NA,51.5617,6.0076,FALSE,119,"Common House-Martin","Delichon urbicum","#53b1ff","avian","https://media.birdweather.com/species/119/CommonHouse-Martin-standard-9ffbcc688c51210fb136a162c84d82ad.jpg","https://media.birdweather.com/species/119/CommonHouse-Martin-thumbnail-dd7059ca6235347c3097e7a66f04df95.jpg","https://media.birdweather.com/species/119/CommonHouse-Martin-png200-a73a8953ce2af50676da81e70b2746b2.png","YhgKDwKJd4iIiHd/h5h5d4mIeQqVllAH",12074355835,"https://media.birdweather.com/soundscapes/6891/6891-20260521-045253.flac",0,3,"birdnetpi"
7972717144,6891,"2026-05-21T06:51:35.000+02:00",0.81,0.560286164283752,8.72133903950288,"almost_certain","2p4",NA,51.5655,6.0026,FALSE,119,"Common House-Martin","Delichon urbicum","#53b1ff","avian","https://media.birdweather.com/species/119/CommonHouse-Martin-standard-9ffbcc688c51210fb136a162c84d82ad.jpg","https://media.birdweather.com/species/119/CommonHouse-Martin-thumbnail-dd7059ca6235347c3097e7a66f04df95.jpg","https://media.birdweather.com/species/119/CommonHouse-Martin-png200-a73a8953ce2af50676da81e70b2746b2.png","YhgKDwKJd4iIiHd/h5h5d4mIeQqVllAH",12074319969,"https://media.birdweather.com/soundscapes/6891/6891-20260521-045135.flac",0,3,"birdnetpi"
7972704983,6891,"2026-05-21T06:50:57.000+02:00",0.99,0.560286164283752,9.1354638339688,"almost_certain","2p4",NA,51.5703,6.0024,FALSE,119,"Common House-Martin","Delichon urbicum","#53b1ff","avian","https://media.birdweather.com/species/119/CommonHouse-Martin-standard-9ffbcc688c51210fb136a162c84d82ad.jpg","https://media.birdweather.com/species/119/CommonHouse-Martin-thumbnail-dd7059ca6235347c3097e7a66f04df95.jpg","https://media.birdweather.com/species/119/CommonHouse-Martin-png200-a73a8953ce2af50676da81e70b2746b2.png","YhgKDwKJd4iIiHd/h5h5d4mIeQqVllAH",12074299095,"https://media.birdweather.com/soundscapes/6891/6891-20260521-045057.flac",0,3,"birdnetpi"
7972698294,6891,"2026-05-21T06:50:29.000+02:00",0.96,0.560286164283752,9.07456491924675,"almost_certain","2p4",NA,51.5632,6.0033,FALSE,119,"Common House-Martin","Delichon urbicum","#53b1ff","avian","https://media.birdweather.com/species/119/CommonHouse-Martin-standard-9ffbcc688c51210fb136a162c84d82ad.jpg","https://media.birdweather.com/species/119/CommonHouse-Martin-thumbnail-dd7059ca6235347c3097e7a66f04df95.jpg","https://media.birdweather.com/species/119/CommonHouse-Martin-png200-a73a8953ce2af50676da81e70b2746b2.png","YhgKDwKJd4iIiHd/h5h5d4mIeQqVllAH",12074287343,"https://media.birdweather.com/soundscapes/6891/6891-20260521-045029.flac",0,3,"birdnetpi"
7972696020,6891,"2026-05-21T06:50:21.000+02:00",0.98,0.853658139705658,9.68406655450443,"almost_certain","2p4",NA,51.566,6.0018,FALSE,95,"White Wagtail","Motacilla alba","#457700","avian","https://media.birdweather.com/species/95/WhiteWagtail-standard-c3e712d95481fd4c30012b3afc4ee61f.jpg","https://media.birdweather.com/species/95/WhiteWagtail-thumbnail-645080e5b8667eaccbc9a938f781f907.jpg","https://media.birdweather.com/species/95/WhiteWagtail-png200-38e3473b44d59c0f49a722ef0b7250cd.png","2PcFJwZKpplweXdymnZouGiofwaoZ4AL",12074283576,"https://media.birdweather.com/soundscapes/6891/6891-20260521-045021.flac",0,3,"birdnetpi"
7972690169,6891,"2026-05-21T06:49:57.000+02:00",0.99,0.560286164283752,9.1354638339688,"almost_certain","2p4",NA,51.5667,6.0063,FALSE,119,"Common House-Martin","Delichon urbicum","#53b1ff","avian","https://media.birdweather.com/species/119/CommonHouse-Martin-standard-9ffbcc688c51210fb136a162c84d82ad.jpg","https://media.birdweather.com/species/119/CommonHouse-Martin-thumbnail-dd7059ca6235347c3097e7a66f04df95.jpg","https://media.birdweather.com/species/119/CommonHouse-Martin-png200-a73a8953ce2af50676da81e70b2746b2.png","YhgKDwKJd4iIiHd/h5h5d4mIeQqVllAH",12074273291,"https://media.birdweather.com/soundscapes/6891/6891-20260521-044957.flac",0,3,"birdnetpi"
7972656561,6891,"2026-05-21T06:48:05.000+02:00",0.74,0.84393298625946,9.07216650782523,"almost_certain","2p4",NA,51.5651,6.0014,FALSE,1,"House Sparrow","Passer domesticus","#d16ff8","avian","https://media.birdweather.com/species/1/HouseSparrow-standard-b861184cf45c092cdb45fd689dd676ef.jpg","https://media.birdweather.com/species/1/HouseSparrow-thumbnail-e9cbc91763a1579de8ef04880678b5e3.jpg","https://media.birdweather.com/species/1/HouseSparrow-png200-125e8603e1efe9d7a18316b94f06a65e.png","XAgCDwD8qpukuHiqtLZ9mImnmPFcDO4E",12074215407,"https://media.birdweather.com/soundscapes/6891/6891-20260521-044805.flac",0,3,"birdnetpi"
7972642635,6891,"2026-05-21T06:47:08.000+02:00",0.79,0.84393298625946,9.21962051776877,"almost_certain","2p4",NA,51.5619,6.0033,FALSE,1,"House Sparrow","Passer domesticus","#d16ff8","avian","https://media.birdweather.com/species/1/HouseSparrow-standard-b861184cf45c092cdb45fd689dd676ef.jpg","https://media.birdweather.com/species/1/HouseSparrow-thumbnail-e9cbc91763a1579de8ef04880678b5e3.jpg","https://media.birdweather.com/species/1/HouseSparrow-png200-125e8603e1efe9d7a18316b94f06a65e.png","XAgCDwD8qpukuHiqtLZ9mImnmPFcDO4E",12074191368,"https://media.birdweather.com/soundscapes/6891/6891-20260521-044708.flac",0,3,"birdnetpi"
7972638482,6891,"2026-05-21T06:47:00.000+02:00",0.78,0.84393298625946,9.19137209430103,"almost_certain","2p4",NA,51.5623,6.0066,FALSE,1,"House Sparrow","Passer domesticus","#d16ff8","avian","https://media.birdweather.com/species/1/HouseSparrow-standard-b861184cf45c092cdb45fd689dd676ef.jpg","https://media.birdweather.com/species/1/HouseSparrow-thumbnail-e9cbc91763a1579de8ef04880678b5e3.jpg","https://media.birdweather.com/species/1/HouseSparrow-png200-125e8603e1efe9d7a18316b94f06a65e.png","XAgCDwD8qpukuHiqtLZ9mImnmPFcDO4E",12074184272,"https://media.birdweather.com/soundscapes/6891/6891-20260521-044700.flac",0,3,"birdnetpi"
7972631041,6891,"2026-05-21T06:46:27.000+02:00",0.72,0.84393298625946,9.00843408640543,"almost_certain","2p4",NA,51.5694,6.0042,FALSE,1,"House Sparrow","Passer domesticus","#d16ff8","avian","https://media.birdweather.com/species/1/HouseSparrow-standard-b861184cf45c092cdb45fd689dd676ef.jpg","https://media.birdweather.com/species/1/HouseSparrow-thumbnail-e9cbc91763a1579de8ef04880678b5e3.jpg","https://media.birdweather.com/species/1/HouseSparrow-png200-125e8603e1efe9d7a18316b94f06a65e.png","XAgCDwD8qpukuHiqtLZ9mImnmPFcDO4E",12074171523,"https://media.birdweather.com/soundscapes/6891/6891-20260521-044627.flac",0,3,"birdnetpi"
7972627554,6891,"2026-05-21T06:46:09.000+02:00",0.97,0.560286164283752,9.09516681123617,"almost_certain","2p4",NA,51.5641,6.0056,FALSE,119,"Common House-Martin","Delichon urbicum","#53b1ff","avian","https://media.birdweather.com/species/119/CommonHouse-Martin-standard-9ffbcc688c51210fb136a162c84d82ad.jpg","https://media.birdweather.com/species/119/CommonHouse-Martin-thumbnail-dd7059ca6235347c3097e7a66f04df95.jpg","https://media.birdweather.com/species/119/CommonHouse-Martin-png200-a73a8953ce2af50676da81e70b2746b2.png","YhgKDwKJd4iIiHd/h5h5d4mIeQqVllAH",12074165415,"https://media.birdweather.com/soundscapes/6891/6891-20260521-044609.flac",0,3,"birdnetpi"
7972622471,6891,"2026-05-21T06:45:51.000+02:00",0.98,0.560286164283752,9.11546347876182,"almost_certain","2p4",NA,51.5615,6.0014,FALSE,119,"Common House-Martin","Delichon urbicum","#53b1ff","avian","https://media.birdweather.com/species/119/CommonHouse-Martin-standard-9ffbcc688c51210fb136a162c84d82ad.jpg","https://media.birdweather.com/species/119/CommonHouse-Martin-thumbnail-dd7059ca6235347c3097e7a66f04df95.jpg","https://media.birdweather.com/species/119/CommonHouse-Martin-png200-a73a8953ce2af50676da81e70b2746b2.png","YhgKDwKJd4iIiHd/h5h5d4mIeQqVllAH",12074156868,"https://media.birdweather.com/soundscapes/6891/6891-20260521-044551.flac",0,3,"birdnetpi"
7972612905,6891,"2026-05-21T06:45:27.000+02:00",0.97,0.560286164283752,9.09516681123617,"almost_certain","2p4",NA,51.5681,6.0007,FALSE,119,"Common House-Martin","Delichon urbicum","#53b1ff","avian","https://media.birdweather.com/species/119/CommonHouse-Martin-standard-9ffbcc688c51210fb136a162c84d82ad.jpg","https://media.birdweather.com/species/119/CommonHouse-Martin-thumbnail-dd7059ca6235347c3097e7a66f04df95.jpg","https://media.birdweather.com/species/119/CommonHouse-Martin-png200-a73a8953ce2af50676da81e70b2746b2.png","YhgKDwKJd4iIiHd/h5h5d4mIeQqVllAH",12074140407,"https://media.birdweather.com/soundscapes/6891/6891-20260521-044527.flac",0,3,"birdnetpi"
7972606084,6891,"2026-05-21T06:44:51.000+02:00",0.88,0.560286164283752,8.89754484711915,"almost_certain","2p4",NA,51.5679,6.0077,FALSE,119,"Common House-Martin","Delichon urbicum","#53b1ff","avian","https://media.birdweather.com/species/119/CommonHouse-Martin-standard-9ffbcc688c51210fb136a162c84d82ad.jpg","https://media.birdweather.com/species/119/CommonHouse-Martin-thumbnail-dd7059ca6235347c3097e7a66f04df95.jpg","https://media.birdweather.com/species/119/CommonHouse-Martin-png200-a73a8953ce2af50676da81e70b2746b2.png","YhgKDwKJd4iIiHd/h5h5d4mIeQqVllAH",12074129098,"https://media.birdweather.com/soundscapes/6891/6891-20260521-044451.flac",0,3,"birdnetpi"
7972594326,6891,"2026-05-21T06:44:11.000+02:00",0.76,0.997818529605865,9.36006165686481,"almost_certain","2p4",NA,51.5687,6.0075,FALSE,407,"Common Wood-Pigeon","Columba palumbus","#028fb2","avian","https://media.birdweather.com/species/407/CommonWood-Pigeon-standard-5558900260c92622ceef8a812b06518e.jpg","https://media.birdweather.com/species/407/CommonWood-Pigeon-thumbnail-4b86c907c8b82c8af31d566b811dee05.jpg","https://media.birdweather.com/species/407/CommonWood-Pigeon-png200-533b13201573be3895fcec3e61e861b5.png","2ukFHwIHiYeWxnZUiniYZ3h5h6+rCIQH",12074109309,"https://media.birdweather.com/soundscapes/6891/6891-20260521-044411.flac",0,3,"birdnetpi"
7972553060,6891,"2026-05-21T06:41:39.000+02:00",0.95,0.560286164283752,9.05364848242757,"almost_certain","2p4",NA,51.5648,6.0064,FALSE,119,"Common House-Martin","Delichon urbicum","#53b1ff","avian","https://media.birdweather.com/species/119/CommonHouse-Martin-standard-9ffbcc688c51210fb136a162c84d82ad.jpg","https://media.birdweather.com/species/119/CommonHouse-Martin-thumbnail-dd7059ca6235347c3097e7a66f04df95.jpg","https://media.birdweather.com/species/119/CommonHouse-Martin-png200-a73a8953ce2af50676da81e70b2746b2.png","YhgKDwKJd4iIiHd/h5h5d4mIeQqVllAH",12074038043,"https://media.birdweather.com/soundscapes/6891/6891-20260521-044139.flac",0,3,"birdnetpi"
7972548058,6891,"2026-05-21T06:41:20.000+02:00",0.88,0.560286164283752,8.89754484711915,"almost_certain","2p4",NA,51.5653,6.0019,FALSE,119,"Common House-Martin","Delichon urbicum","#53b1ff","avian","https://media.birdweather.com/species/119/CommonHouse-Martin-standard-9ffbcc688c51210fb136a162c84d82ad.jpg","https://media.birdweather.com/species/119/CommonHouse-Martin-thumbnail-dd7059ca6235347c3097e7a66f04df95.jpg","https://media.birdweather.com/species/119/CommonHouse-Martin-png200-a73a8953ce2af50676da81e70b2746b2.png","YhgKDwKJd4iIiHd/h5h5d4mIeQqVllAH",12074029595,"https://media.birdweather.com/soundscapes/6891/6891-20260521-044120.flac",0,3,"birdnetpi"
7972541502,6891,"2026-05-21T06:40:56.000+02:00",0.98,0.560286164283752,9.11546347876182,"almost_certain","2p4",NA,51.5624,6.0016,FALSE,119,"Common House-Martin","Delichon urbicum","#53b1ff","avian","https://media.birdweather.com/species/119/CommonHouse-Martin-standard-9ffbcc688c51210fb136a162c84d82ad.jpg","https://media.birdweather.com/species/119/CommonHouse-Martin-thumbnail-dd7059ca6235347c3097e7a66f04df95.jpg","https://media.birdweather.com/species/119/CommonHouse-Martin-png200-a73a8953ce2af50676da81e70b2746b2.png","YhgKDwKJd4iIiHd/h5h5d4mIeQqVllAH",12074018415,"https://media.birdweather.com/soundscapes/6891/6891-20260521-044056.flac",0,3,"birdnetpi"
7972522285,6891,"2026-05-21T06:39:45.000+02:00",0.92,0.84393298625946,9.54200081686899,"almost_certain","2p4",NA,51.5668,6.0076,FALSE,1,"House Sparrow","Passer domesticus","#d16ff8","avian","https://media.birdweather.com/species/1/HouseSparrow-standard-b861184cf45c092cdb45fd689dd676ef.jpg","https://media.birdweather.com/species/1/HouseSparrow-thumbnail-e9cbc91763a1579de8ef04880678b5e3.jpg","https://media.birdweather.com/species/1/HouseSparrow-png200-125e8603e1efe9d7a18316b94f06a65e.png","XAgCDwD8qpukuHiqtLZ9mImnmPFcDO4E",12073984873,"https://media.birdweather.com/soundscapes/6891/6891-20260521-043945.flac",0,3,"birdnetpi"
7972514992,6891,"2026-05-21T06:39:18.000+02:00",0.87,0.84393298625946,9.42680694629055,"almost_certain","2p4",NA,51.5681,6.0029,FALSE,1,"House Sparrow","Passer domesticus","#d16ff8","avian","https://media.birdweather.com/species/1/HouseSparrow-standard-b861184cf45c092cdb45fd689dd676ef.jpg","https://media.birdweather.com/species/1/HouseSparrow-thumbnail-e9cbc91763a1579de8ef04880678b5e3.jpg","https://media.birdweather.com/species/1/HouseSparrow-png200-125e8603e1efe9d7a18316b94f06a65e.png","XAgCDwD8qpukuHiqtLZ9mImnmPFcDO4E",12073972147,"https://media.birdweather.com/soundscapes/6891/6891-20260521-043918.flac",0,3,"birdnetpi"
7972507346,6891,"2026-05-21T06:38:59.000+02:00",0.93,0.84393298625946,9.56392128451362,"almost_certain","2p4",NA,51.5616,6.0067,FALSE,1,"House Sparrow","Passer domesticus","#d16ff8","avian","https://media.birdweather.com/species/1/HouseSparrow-standard-b861184cf45c092cdb45fd689dd676ef.jpg","https://media.birdweather.com/species/1/HouseSparrow-thumbnail-e9cbc91763a1579de8ef04880678b5e3.jpg","https://media.birdweather.com/species/1/HouseSparrow-png200-125e8603e1efe9d7a18316b94f06a65e.png","XAgCDwD8qpukuHiqtLZ9mImnmPFcDO4E",12073958955,"https://media.birdweather.com/soundscapes/6891/6891-20260521-043859.flac",0,3,"birdnetpi"
7972499787,6891,"2026-05-21T06:38:26.000+02:00",0.9,0.84393298625946,9.49707875960149,"almost_certain","2p4",NA,51.5703,6.0018,FALSE,1,"House Sparrow","Passer domesticus","#d16ff8","avian","https://media.birdweather.com/species/1/HouseSparrow-standard-b861184cf45c092cdb45fd689dd676ef.jpg","https://media.birdweather.com/species/1/HouseSparrow-thumbnail-e9cbc91763a1579de8ef04880678b5e3.jpg","https://media.birdweather.com/species/1/HouseSparrow-png200-125e8603e1efe9d7a18316b94f06a65e.png","XAgCDwD8qpukuHiqtLZ9mImnmPFcDO4E",12073946181,"https://media.birdweather.com/soundscapes/6891/6891-20260521-043826.flac",0,3,"birdnetpi"
7972491714,6891,"2026-05-21T06:37:54.000+02:00",0.81,0.84393298625946,9.27442782618954,"almost_certain","2p4",NA,51.5659,6.0034,FALSE,1,"House Sparrow","Passer domesticus","#d16ff8","avian","https://media.birdweather.com/species/1/HouseSparrow-standard-b861184cf45c092cdb45fd689dd676ef.jpg","https://media.birdweather.com/species/1/HouseSparrow-thumbnail-e9cbc91763a1579de8ef04880678b5e3.jpg","https://media.birdweather.com/species/1/HouseSparrow-png200-125e8603e1efe9d7a18316b94f06a65e.png","XAgCDwD8qpukuHiqtLZ9mImnmPFcDO4E",12073932451,"https://media.birdweather.com/soundscapes/6891/6891-20260521-043754.flac",0,3,"birdnetpi"
7972480905,6891,"2026-05-21T06:37:15.000+02:00",0.88,0.84393298625946,9.45063363380581,"almost_certain","2p4",NA,51.5672,6.0063,FALSE,1,"House Sparrow","Passer domesticus","#d16ff8","avian","https://media.birdweather.com/species/1/HouseSparrow-standard-b861184cf45c092cdb45fd689dd676ef.jpg","https://media.birdweather.com/species/1/HouseSparrow-thumbnail-e9cbc91763a1579de8ef04880678b5e3.jpg","https://media.birdweather.com/species/1/HouseSparrow-png200-125e8603e1efe9d7a18316b94f06a65e.png","XAgCDwD8qpukuHiqtLZ9mImnmPFcDO4E",12073914142,"https://media.birdweather.com/soundscapes/6891/6891-20260521-043715.flac",0,3,"birdnetpi"
7972474889,6891,"2026-05-21T06:37:02.000+02:00",0.74,0.84393298625946,9.07216650782523,"almost_certain","2p4",NA,51.5699,6.0033,FALSE,1,"House Sparrow","Passer domesticus","#d16ff8","avian","https://media.birdweather.com/species/1/HouseSparrow-standard-b861184cf45c092cdb45fd689dd676ef.jpg","https://media.birdweather.com/species/1/HouseSparrow-thumbnail-e9cbc91763a1579de8ef04880678b5e3.jpg","https://media.birdweather.com/species/1/HouseSparrow-png200-125e8603e1efe9d7a18316b94f06a65e.png","XAgCDwD8qpukuHiqtLZ9mImnmPFcDO4E",12073903816,"https://media.birdweather.com/soundscapes/6891/6891-20260521-043702.flac",0,3,"birdnetpi"
7972470245,6891,"2026-05-21T06:36:44.000+02:00",0.9,0.84393298625946,9.49707875960149,"almost_certain","2p4",NA,51.5651,6.0045,FALSE,1,"House Sparrow","Passer domesticus","#d16ff8","avian","https://media.birdweather.com/species/1/HouseSparrow-standard-b861184cf45c092cdb45fd689dd676ef.jpg","https://media.birdweather.com/species/1/HouseSparrow-thumbnail-e9cbc91763a1579de8ef04880678b5e3.jpg","https://media.birdweather.com/species/1/HouseSparrow-png200-125e8603e1efe9d7a18316b94f06a65e.png","XAgCDwD8qpukuHiqtLZ9mImnmPFcDO4E",12073895854,"https://media.birdweather.com/soundscapes/6891/6891-20260521-043644.flac",0,3,"birdnetpi"
7972466299,6891,"2026-05-21T06:36:21.000+02:00",0.84,0.84393298625946,9.35273485315027,"almost_certain","2p4",NA,51.5688,6.0055,FALSE,1,"House Sparrow","Passer domesticus","#d16ff8","avian","https://media.birdweather.com/species/1/HouseSparrow-standard-b861184cf45c092cdb45fd689dd676ef.jpg","https://media.birdweather.com/species/1/HouseSparrow-thumbnail-e9cbc91763a1579de8ef04880678b5e3.jpg","https://media.birdweather.com/species/1/HouseSparrow-png200-125e8603e1efe9d7a18316b94f06a65e.png","XAgCDwD8qpukuHiqtLZ9mImnmPFcDO4E",12073888853,"https://media.birdweather.com/soundscapes/6891/6891-20260521-043621.flac",0,3,"birdnetpi"
7972455670,6891,"2026-05-21T06:35:42.000+02:00",0.89,0.560286164283752,8.92096422082139,"almost_certain","2p4",NA,51.5693,6.0058,FALSE,119,"Common House-Martin","Delichon urbicum","#53b1ff","avian","https://media.birdweather.com/species/119/CommonHouse-Martin-standard-9ffbcc688c51210fb136a162c84d82ad.jpg","https://media.birdweather.com/species/119/CommonHouse-Martin-thumbnail-dd7059ca6235347c3097e7a66f04df95.jpg","https://media.birdweather.com/species/119/CommonHouse-Martin-png200-a73a8953ce2af50676da81e70b2746b2.png","YhgKDwKJd4iIiHd/h5h5d4mIeQqVllAH",12073870731,"https://media.birdweather.com/soundscapes/6891/6891-20260521-043542.flac",0,3,"birdnetpi"
7972410051,6891,"2026-05-21T06:32:54.000+02:00",0.94,0.560286164283752,9.0324077468733,"almost_certain","2p4",NA,51.5673,6.0091,FALSE,119,"Common House-Martin","Delichon urbicum","#53b1ff","avian","https://media.birdweather.com/species/119/CommonHouse-Martin-standard-9ffbcc688c51210fb136a162c84d82ad.jpg","https://media.birdweather.com/species/119/CommonHouse-Martin-thumbnail-dd7059ca6235347c3097e7a66f04df95.jpg","https://media.birdweather.com/species/119/CommonHouse-Martin-png200-a73a8953ce2af50676da81e70b2746b2.png","YhgKDwKJd4iIiHd/h5h5d4mIeQqVllAH",12073792399,"https://media.birdweather.com/soundscapes/6891/6891-20260521-043254.flac",0,3,"birdnetpi"
7972398630,6891,"2026-05-21T06:32:12.000+02:00",0.72,0.606577038764954,8.56226694813949,"almost_certain","2p4",NA,51.5641,6.0033,FALSE,32,"Egyptian Goose","Alopochen aegyptiaca","#76dd6d","avian","https://media.birdweather.com/species/32/EgyptianGoose-standard-afcaca2669d7826f15e1009dc165b95b.jpg","https://media.birdweather.com/species/32/EgyptianGoose-thumbnail-a92fbf9b26dfa67de817c53418cea512.jpg","https://media.birdweather.com/species/32/EgyptianGoose-png200-4fa18b983866a43db77cc443fa89e617.png","ZggODwKqd4dviHd2lph5Z5eJWAOJBZQB",12073773110,"https://media.birdweather.com/soundscapes/6891/6891-20260521-043212.flac",0,3,"birdnetpi"
7972398631,6891,"2026-05-21T06:32:12.000+02:00",0.94,0.459120333194733,8.7648755607987,"almost_certain","2p4",NA,51.5676,6.0009,FALSE,18,"Eurasian Jay","Garrulus glandarius","#a0d744","avian","https://media.birdweather.com/species/18/EurasianJay-standard-3cd5403b683fc176f7690defb189aa79.jpg","https://media.birdweather.com/species/18/EurasianJay-thumbnail-c77a71fdd86361404b9cf9b9338e8df6.jpg","https://media.birdweather.com/species/18/EurasianJay-png200-0a033554afbc5f41c648dfbe092f89fa.png","l/gFDwJLV5h2pYhQqWiqdoiHiA5sCIQA",12073773085,"https://media.birdweather.com/soundscapes/6891/6891-20260521-043212.flac",0,3,"birdnetpi"
7972360904,6891,"2026-05-21T06:29:57.000+02:00",0.71,0.560286164283752,8.42233165405545,"almost_certain","2p4",NA,51.567,6.0074,FALSE,119,"Common House-Martin","Delichon urbicum","#53b1ff","avian","https://media.birdweather.com/species/119/CommonHouse-Martin-standard-9ffbcc688c51210fb136a162c84d82ad.jpg","https://media.birdweather.com/species/119/CommonHouse-Martin-thumbnail-dd7059ca6235347c3097e7a66f04df95.jpg","https://media.birdweather.com/species/119/CommonHouse-Martin-png200-a73a8953ce2af50676da81e70b2746b2.png","YhgKDwKJd4iIiHd/h5h5d4mIeQqVllAH",12073709423,"https://media.birdweather.com/soundscapes/6891/6891-20260521-042957.flac",0,3,"birdnetpi"
7972319891,6891,"2026-05-21T06:27:39.000+02:00",0.73,0.84393298625946,9.0406708678574,"almost_certain","2p4",NA,51.5618,6.0069,FALSE,1,"House Sparrow","Passer domesticus","#d16ff8","avian","https://media.birdweather.com/species/1/HouseSparrow-standard-b861184cf45c092cdb45fd689dd676ef.jpg","https://media.birdweather.com/species/1/HouseSparrow-thumbnail-e9cbc91763a1579de8ef04880678b5e3.jpg","https://media.birdweather.com/species/1/HouseSparrow-png200-125e8603e1efe9d7a18316b94f06a65e.png","XAgCDwD8qpukuHiqtLZ9mImnmPFcDO4E",12073639767,"https://media.birdweather.com/soundscapes/6891/6891-20260521-042739.flac",0,3,"birdnetpi"
7972309776,6891,"2026-05-21T06:26:53.000+02:00",0.73,0.84393298625946,9.0406708678574,"almost_certain","2p4",NA,51.5677,6.009,FALSE,1,"House Sparrow","Passer domesticus","#d16ff8","avian","https://media.birdweather.com/species/1/HouseSparrow-standard-b861184cf45c092cdb45fd689dd676ef.jpg","https://media.birdweather.com/species/1/HouseSparrow-thumbnail-e9cbc91763a1579de8ef04880678b5e3.jpg","https://media.birdweather.com/species/1/HouseSparrow-png200-125e8603e1efe9d7a18316b94f06a65e.png","XAgCDwD8qpukuHiqtLZ9mImnmPFcDO4E",12073622742,"https://media.birdweather.com/soundscapes/6891/6891-20260521-042653.flac",0,3,"birdnetpi"
7972297995,6891,"2026-05-21T06:26:11.000+02:00",0.77,0.658253312110901,8.82662491352649,"almost_certain","2p4",NA,51.5653,6.0047,FALSE,89,"European Goldfinch","Carduelis carduelis","#65dba3","avian","https://media.birdweather.com/species/89/EuropeanGoldfinch-standard-5e709d6e7011b21fe905b6d27ce94b9d.jpg","https://media.birdweather.com/species/89/EuropeanGoldfinch-thumbnail-f99916cbaf5a2c3bd8f61890d18d73c1.jpg","https://media.birdweather.com/species/89/EuropeanGoldfinch-png200-ef3fc90c8328c40b59d9ad3c4b52e850.png","lPgJDwI+UJmHq2hji4dWiHiH2XQID5UC",12073603073,"https://media.birdweather.com/soundscapes/6891/6891-20260521-042611.flac",0,3,"birdnetpi"
7972273486,6891,"2026-05-21T06:24:44.000+02:00",0.76,0.567586779594421,8.59740361311341,"almost_certain","2p4",NA,51.5641,6.0067,FALSE,294,"European Greenfinch","Chloris chloris","#fea614","avian","https://media.birdweather.com/species/294/EuropeanGreenfinch-standard-34aa36357c06fbf52af390917f29436b.jpg","https://media.birdweather.com/species/294/EuropeanGreenfinch-thumbnail-7466d93ab9340d75d4eec2ca6eeed529.jpg","https://media.birdweather.com/species/294/EuropeanGreenfinch-png200-8b2951bb918db1cbed643a9530efa558.png","FRkGHwJYqWeEd4ifapeoh4ZriPUnaG8B",12073561965,"https://media.birdweather.com/soundscapes/6891/6891-20260521-042444.flac",0,3,"birdnetpi"
7972266624,6891,"2026-05-21T06:24:32.000+02:00",0.81,0.84393298625946,9.27442782618954,"almost_certain","2p4",NA,51.5651,6.0042,FALSE,1,"House Sparrow","Passer domesticus","#d16ff8","avian","https://media.birdweather.com/species/1/HouseSparrow-standard-b861184cf45c092cdb45fd689dd676ef.jpg","https://media.birdweather.com/species/1/HouseSparrow-thumbnail-e9cbc91763a1579de8ef04880678b5e3.jpg","https://media.birdweather.com/species/1/HouseSparrow-png200-125e8603e1efe9d7a18316b94f06a65e.png","XAgCDwD8qpukuHiqtLZ9mImnmPFcDO4E",12073550690,"https://media.birdweather.com/soundscapes/6891/6891-20260521-042432.flac",0,3,"birdnetpi"
7972258312,6891,"2026-05-21T06:23:51.000+02:00",0.8,0.84393298625946,9.24729822679378,"almost_certain","2p4",NA,51.5684,6.0016,FALSE,1,"House Sparrow","Passer domesticus","#d16ff8","avian","https://media.birdweather.com/species/1/HouseSparrow-standard-b861184cf45c092cdb45fd689dd676ef.jpg","https://media.birdweather.com/species/1/HouseSparrow-thumbnail-e9cbc91763a1579de8ef04880678b5e3.jpg","https://media.birdweather.com/species/1/HouseSparrow-png200-125e8603e1efe9d7a18316b94f06a65e.png","XAgCDwD8qpukuHiqtLZ9mImnmPFcDO4E",12073536965,"https://media.birdweather.com/soundscapes/6891/6891-20260521-042351.flac",0,3,"birdnetpi"
7972254070,6891,"2026-05-21T06:23:36.000+02:00",0.73,0.84393298625946,9.0406708678574,"almost_certain","2p4",NA,51.562,6.0047,FALSE,1,"House Sparrow","Passer domesticus","#d16ff8","avian","https://media.birdweather.com/species/1/HouseSparrow-standard-b861184cf45c092cdb45fd689dd676ef.jpg","https://media.birdweather.com/species/1/HouseSparrow-thumbnail-e9cbc91763a1579de8ef04880678b5e3.jpg","https://media.birdweather.com/species/1/HouseSparrow-png200-125e8603e1efe9d7a18316b94f06a65e.png","XAgCDwD8qpukuHiqtLZ9mImnmPFcDO4E",12073529950,"https://media.birdweather.com/soundscapes/6891/6891-20260521-042336.flac",0,3,"birdnetpi"
7972243687,6891,"2026-05-21T06:23:08.000+02:00",0.81,0.84393298625946,9.27442782618954,"almost_certain","2p4",NA,51.5652,6.0088,FALSE,1,"House Sparrow","Passer domesticus","#d16ff8","avian","https://media.birdweather.com/species/1/HouseSparrow-standard-b861184cf45c092cdb45fd689dd676ef.jpg","https://media.birdweather.com/species/1/HouseSparrow-thumbnail-e9cbc91763a1579de8ef04880678b5e3.jpg","https://media.birdweather.com/species/1/HouseSparrow-png200-125e8603e1efe9d7a18316b94f06a65e.png","XAgCDwD8qpukuHiqtLZ9mImnmPFcDO4E",12073512873,"https://media.birdweather.com/soundscapes/6891/6891-20260521-042308.flac",0,3,"birdnetpi"
7972243070,6891,"2026-05-21T06:22:57.000+02:00",1,0.560286164283752,9.15517640427817,"almost_certain","2p4",NA,51.5703,6.0072,FALSE,119,"Common House-Martin","Delichon urbicum","#53b1ff","avian","https://media.birdweather.com/species/119/CommonHouse-Martin-standard-9ffbcc688c51210fb136a162c84d82ad.jpg","https://media.birdweather.com/species/119/CommonHouse-Martin-thumbnail-dd7059ca6235347c3097e7a66f04df95.jpg","https://media.birdweather.com/species/119/CommonHouse-Martin-png200-a73a8953ce2af50676da81e70b2746b2.png","YhgKDwKJd4iIiHd/h5h5d4mIeQqVllAH",12073511947,"https://media.birdweather.com/soundscapes/6891/6891-20260521-042257.flac",0,3,"birdnetpi"
7972239163,6891,"2026-05-21T06:22:50.000+02:00",0.76,0.84393298625946,9.13306542254728,"almost_certain","2p4",NA,51.5669,6.007,FALSE,1,"House Sparrow","Passer domesticus","#d16ff8","avian","https://media.birdweather.com/species/1/HouseSparrow-standard-b861184cf45c092cdb45fd689dd676ef.jpg","https://media.birdweather.com/species/1/HouseSparrow-thumbnail-e9cbc91763a1579de8ef04880678b5e3.jpg","https://media.birdweather.com/species/1/HouseSparrow-png200-125e8603e1efe9d7a18316b94f06a65e.png","XAgCDwD8qpukuHiqtLZ9mImnmPFcDO4E",12073505410,"https://media.birdweather.com/soundscapes/6891/6891-20260521-042250.flac",0,3,"birdnetpi"
7972217615,6891,"2026-05-21T06:21:27.000+02:00",0.74,0.560286164283752,8.51907772113857,"almost_certain","2p4",NA,51.5666,6.0058,FALSE,119,"Common House-Martin","Delichon urbicum","#53b1ff","avian","https://media.birdweather.com/species/119/CommonHouse-Martin-standard-9ffbcc688c51210fb136a162c84d82ad.jpg","https://media.birdweather.com/species/119/CommonHouse-Martin-thumbnail-dd7059ca6235347c3097e7a66f04df95.jpg","https://media.birdweather.com/species/119/CommonHouse-Martin-png200-a73a8953ce2af50676da81e70b2746b2.png","YhgKDwKJd4iIiHd/h5h5d4mIeQqVllAH",12073469232,"https://media.birdweather.com/soundscapes/6891/6891-20260521-042127.flac",0,3,"birdnetpi"
7972150063,6891,"2026-05-21T06:17:30.000+02:00",0.74,0.84393298625946,9.07216650782523,"almost_certain","2p4",NA,51.5694,6.0009,FALSE,1,"House Sparrow","Passer domesticus","#d16ff8","avian","https://media.birdweather.com/species/1/HouseSparrow-standard-b861184cf45c092cdb45fd689dd676ef.jpg","https://media.birdweather.com/species/1/HouseSparrow-thumbnail-e9cbc91763a1579de8ef04880678b5e3.jpg","https://media.birdweather.com/species/1/HouseSparrow-png200-125e8603e1efe9d7a18316b94f06a65e.png","XAgCDwD8qpukuHiqtLZ9mImnmPFcDO4E",12073357118,"https://media.birdweather.com/soundscapes/6891/6891-20260521-041730.flac",0,3,"birdnetpi"
7972142592,6891,"2026-05-21T06:17:02.000+02:00",0.73,0.84393298625946,9.0406708678574,"almost_certain","2p4",NA,51.5694,6.0078,FALSE,1,"House Sparrow","Passer domesticus","#d16ff8","avian","https://media.birdweather.com/species/1/HouseSparrow-standard-b861184cf45c092cdb45fd689dd676ef.jpg","https://media.birdweather.com/species/1/HouseSparrow-thumbnail-e9cbc91763a1579de8ef04880678b5e3.jpg","https://media.birdweather.com/species/1/HouseSparrow-png200-125e8603e1efe9d7a18316b94f06a65e.png","XAgCDwD8qpukuHiqtLZ9mImnmPFcDO4E",12073344612,"https://media.birdweather.com/soundscapes/6891/6891-20260521-041702.flac",0,3,"birdnetpi"
7972123660,6891,"2026-05-21T06:15:56.000+02:00",0.92,0.560286164283752,8.98891203018233,"almost_certain","2p4",NA,51.5687,6.0057,FALSE,119,"Common House-Martin","Delichon urbicum","#53b1ff","avian","https://media.birdweather.com/species/119/CommonHouse-Martin-standard-9ffbcc688c51210fb136a162c84d82ad.jpg","https://media.birdweather.com/species/119/CommonHouse-Martin-thumbnail-dd7059ca6235347c3097e7a66f04df95.jpg","https://media.birdweather.com/species/119/CommonHouse-Martin-png200-a73a8953ce2af50676da81e70b2746b2.png","YhgKDwKJd4iIiHd/h5h5d4mIeQqVllAH",12073312799,"https://media.birdweather.com/soundscapes/6891/6891-20260521-041556.flac",0,3,"birdnetpi"
7972113552,6891,"2026-05-21T06:15:21.000+02:00",0.73,0.84393298625946,9.0406708678574,"almost_certain","2p4",NA,51.5647,6.0005,FALSE,1,"House Sparrow","Passer domesticus","#d16ff8","avian","https://media.birdweather.com/species/1/HouseSparrow-standard-b861184cf45c092cdb45fd689dd676ef.jpg","https://media.birdweather.com/species/1/HouseSparrow-thumbnail-e9cbc91763a1579de8ef04880678b5e3.jpg","https://media.birdweather.com/species/1/HouseSparrow-png200-125e8603e1efe9d7a18316b94f06a65e.png","XAgCDwD8qpukuHiqtLZ9mImnmPFcDO4E",12073295955,"https://media.birdweather.com/soundscapes/6891/6891-20260521-041521.flac",0,3,"birdnetpi"
7972094013,6891,"2026-05-21T06:14:11.000+02:00",0.72,0.84393298625946,9.00843408640543,"almost_certain","2p4",NA,51.5682,6.0049,FALSE,1,"House Sparrow","Passer domesticus","#d16ff8","avian","https://media.birdweather.com/species/1/HouseSparrow-standard-b861184cf45c092cdb45fd689dd676ef.jpg","https://media.birdweather.com/species/1/HouseSparrow-thumbnail-e9cbc91763a1579de8ef04880678b5e3.jpg","https://media.birdweather.com/species/1/HouseSparrow-png200-125e8603e1efe9d7a18316b94f06a65e.png","XAgCDwD8qpukuHiqtLZ9mImnmPFcDO4E",12073263508,"https://media.birdweather.com/soundscapes/6891/6891-20260521-041411.flac",0,3,"birdnetpi"
7972066584,6891,"2026-05-21T06:12:35.000+02:00",0.71,0.997818529605865,9.20241667505965,"almost_certain","2p4",NA,51.5625,6.0044,FALSE,407,"Common Wood-Pigeon","Columba palumbus","#028fb2","avian","https://media.birdweather.com/species/407/CommonWood-Pigeon-standard-5558900260c92622ceef8a812b06518e.jpg","https://media.birdweather.com/species/407/CommonWood-Pigeon-thumbnail-4b86c907c8b82c8af31d566b811dee05.jpg","https://media.birdweather.com/species/407/CommonWood-Pigeon-png200-533b13201573be3895fcec3e61e861b5.png","2ukFHwIHiYeWxnZUiniYZ3h5h6+rCIQH",12073217891,"https://media.birdweather.com/soundscapes/6891/6891-20260521-041235.flac",0,3,"birdnetpi"
7972050831,6891,"2026-05-21T06:11:38.000+02:00",0.77,0.560286164283752,8.60944013701333,"almost_certain","2p4",NA,51.5634,6.003,FALSE,119,"Common House-Martin","Delichon urbicum","#53b1ff","avian","https://media.birdweather.com/species/119/CommonHouse-Martin-standard-9ffbcc688c51210fb136a162c84d82ad.jpg","https://media.birdweather.com/species/119/CommonHouse-Martin-thumbnail-dd7059ca6235347c3097e7a66f04df95.jpg","https://media.birdweather.com/species/119/CommonHouse-Martin-png200-a73a8953ce2af50676da81e70b2746b2.png","YhgKDwKJd4iIiHd/h5h5d4mIeQqVllAH",12073192085,"https://media.birdweather.com/soundscapes/6891/6891-20260521-041138.flac",0,3,"birdnetpi"
7971959415,6891,"2026-05-21T06:06:23.000+02:00",0.78,0.853658139705658,9.20688638335697,"almost_certain","2p4",NA,51.5696,6.0044,FALSE,95,"White Wagtail","Motacilla alba","#457700","avian","https://media.birdweather.com/species/95/WhiteWagtail-standard-c3e712d95481fd4c30012b3afc4ee61f.jpg","https://media.birdweather.com/species/95/WhiteWagtail-thumbnail-645080e5b8667eaccbc9a938f781f907.jpg","https://media.birdweather.com/species/95/WhiteWagtail-png200-38e3473b44d59c0f49a722ef0b7250cd.png","2PcFJwZKpplweXdymnZouGiofwaoZ4AL",12073043010,"https://media.birdweather.com/soundscapes/6891/6891-20260521-040623.flac",0,3,"birdnetpi"
7971957963,6891,"2026-05-21T06:06:18.000+02:00",0.87,0.84393298625946,9.42680694629055,"almost_certain","2p4",NA,51.5618,6.0029,FALSE,1,"House Sparrow","Passer domesticus","#d16ff8","avian","https://media.birdweather.com/species/1/HouseSparrow-standard-b861184cf45c092cdb45fd689dd676ef.jpg","https://media.birdweather.com/species/1/HouseSparrow-thumbnail-e9cbc91763a1579de8ef04880678b5e3.jpg","https://media.birdweather.com/species/1/HouseSparrow-png200-125e8603e1efe9d7a18316b94f06a65e.png","XAgCDwD8qpukuHiqtLZ9mImnmPFcDO4E",12073040678,"https://media.birdweather.com/soundscapes/6891/6891-20260521-040618.flac",0,3,"birdnetpi"
7971946334,6891,"2026-05-21T06:05:39.000+02:00",0.8,0.997818529605865,9.47429446111131,"almost_certain","2p4",NA,51.5683,6.0039,FALSE,407,"Common Wood-Pigeon","Columba palumbus","#028fb2","avian","https://media.birdweather.com/species/407/CommonWood-Pigeon-standard-5558900260c92622ceef8a812b06518e.jpg","https://media.birdweather.com/species/407/CommonWood-Pigeon-thumbnail-4b86c907c8b82c8af31d566b811dee05.jpg","https://media.birdweather.com/species/407/CommonWood-Pigeon-png200-533b13201573be3895fcec3e61e861b5.png","2ukFHwIHiYeWxnZUiniYZ3h5h6+rCIQH",12073022142,"https://media.birdweather.com/soundscapes/6891/6891-20260521-040539.flac",0,3,"birdnetpi"
7971931864,6891,"2026-05-21T06:04:56.000+02:00",0.82,0.84393298625946,9.30103060381377,"almost_certain","2p4",NA,51.5691,6.0061,FALSE,1,"House Sparrow","Passer domesticus","#d16ff8","avian","https://media.birdweather.com/species/1/HouseSparrow-standard-b861184cf45c092cdb45fd689dd676ef.jpg","https://media.birdweather.com/species/1/HouseSparrow-thumbnail-e9cbc91763a1579de8ef04880678b5e3.jpg","https://media.birdweather.com/species/1/HouseSparrow-png200-125e8603e1efe9d7a18316b94f06a65e.png","XAgCDwD8qpukuHiqtLZ9mImnmPFcDO4E",12072999019,"https://media.birdweather.com/soundscapes/6891/6891-20260521-040456.flac",0,3,"birdnetpi"
7971926977,6891,"2026-05-21T06:04:33.000+02:00",0.73,0.84393298625946,9.0406708678574,"almost_certain","2p4",NA,51.5619,6.0092,FALSE,1,"House Sparrow","Passer domesticus","#d16ff8","avian","https://media.birdweather.com/species/1/HouseSparrow-standard-b861184cf45c092cdb45fd689dd676ef.jpg","https://media.birdweather.com/species/1/HouseSparrow-thumbnail-e9cbc91763a1579de8ef04880678b5e3.jpg","https://media.birdweather.com/species/1/HouseSparrow-png200-125e8603e1efe9d7a18316b94f06a65e.png","XAgCDwD8qpukuHiqtLZ9mImnmPFcDO4E",12072991074,"https://media.birdweather.com/soundscapes/6891/6891-20260521-040433.flac",0,3,"birdnetpi"
7971913930,6891,"2026-05-21T06:03:50.000+02:00",0.76,0.84393298625946,9.13306542254728,"almost_certain","2p4",NA,51.5632,6.0035,FALSE,1,"House Sparrow","Passer domesticus","#d16ff8","avian","https://media.birdweather.com/species/1/HouseSparrow-standard-b861184cf45c092cdb45fd689dd676ef.jpg","https://media.birdweather.com/species/1/HouseSparrow-thumbnail-e9cbc91763a1579de8ef04880678b5e3.jpg","https://media.birdweather.com/species/1/HouseSparrow-png200-125e8603e1efe9d7a18316b94f06a65e.png","XAgCDwD8qpukuHiqtLZ9mImnmPFcDO4E",12072970592,"https://media.birdweather.com/soundscapes/6891/6891-20260521-040350.flac",0,3,"birdnetpi"
7971904208,6891,"2026-05-21T06:03:26.000+02:00",0.78,0.84393298625946,9.19137209430103,"almost_certain","2p4",NA,51.5626,6.0068,FALSE,1,"House Sparrow","Passer domesticus","#d16ff8","avian","https://media.birdweather.com/species/1/HouseSparrow-standard-b861184cf45c092cdb45fd689dd676ef.jpg","https://media.birdweather.com/species/1/HouseSparrow-thumbnail-e9cbc91763a1579de8ef04880678b5e3.jpg","https://media.birdweather.com/species/1/HouseSparrow-png200-125e8603e1efe9d7a18316b94f06a65e.png","XAgCDwD8qpukuHiqtLZ9mImnmPFcDO4E",12072955029,"https://media.birdweather.com/soundscapes/6891/6891-20260521-040326.flac",0,3,"birdnetpi"
7971898182,6891,"2026-05-21T06:02:57.000+02:00",0.74,0.84393298625946,9.07216650782523,"almost_certain","2p4",NA,51.5648,6.0085,FALSE,1,"House Sparrow","Passer domesticus","#d16ff8","avian","https://media.birdweather.com/species/1/HouseSparrow-standard-b861184cf45c092cdb45fd689dd676ef.jpg","https://media.birdweather.com/species/1/HouseSparrow-thumbnail-e9cbc91763a1579de8ef04880678b5e3.jpg","https://media.birdweather.com/species/1/HouseSparrow-png200-125e8603e1efe9d7a18316b94f06a65e.png","XAgCDwD8qpukuHiqtLZ9mImnmPFcDO4E",12072945668,"https://media.birdweather.com/soundscapes/6891/6891-20260521-040257.flac",0,3,"birdnetpi"
7971860127,6891,"2026-05-21T06:00:48.000+02:00",0.72,0.892300605773926,9.08391425021397,"almost_certain","2p4",NA,51.5626,6.0055,FALSE,66,"Eurasian Blue Tit","Cyanistes caeruleus","#4b8900","avian","https://media.birdweather.com/species/66/EurasianBlueTit-standard-4ec8e45d78b2908d0f41ae495ae07571.jpg","https://media.birdweather.com/species/66/EurasianBlueTit-thumbnail-4d9abc54a3abc3fb12e78e603cbe6784.jpg","https://media.birdweather.com/species/66/EurasianBlueTit-png200-49adab92304ba7a74e93ac43e38e62d3.png","EfgJBwAKhHiEm2ZheGllqXeZhi/ze3EP",12072884224,"https://media.birdweather.com/soundscapes/6891/6891-20260521-040048.flac",0,3,"birdnetpi"
7971858304,6891,"2026-05-21T06:00:41.000+02:00",0.83,0.84393298625946,9.32712663092362,"almost_certain","2p4",NA,51.5689,6.0076,FALSE,1,"House Sparrow","Passer domesticus","#d16ff8","avian","https://media.birdweather.com/species/1/HouseSparrow-standard-b861184cf45c092cdb45fd689dd676ef.jpg","https://media.birdweather.com/species/1/HouseSparrow-thumbnail-e9cbc91763a1579de8ef04880678b5e3.jpg","https://media.birdweather.com/species/1/HouseSparrow-png200-125e8603e1efe9d7a18316b94f06a65e.png","XAgCDwD8qpukuHiqtLZ9mImnmPFcDO4E",12072881478,"https://media.birdweather.com/soundscapes/6891/6891-20260521-040041.flac",0,3,"birdnetpi"
7971821189,6891,"2026-05-21T05:58:38.000+02:00",0.85,0.560286164283752,8.82478438643904,"almost_certain","2p4",NA,51.5649,6.0036,FALSE,119,"Common House-Martin","Delichon urbicum","#53b1ff","avian","https://media.birdweather.com/species/119/CommonHouse-Martin-standard-9ffbcc688c51210fb136a162c84d82ad.jpg","https://media.birdweather.com/species/119/CommonHouse-Martin-thumbnail-dd7059ca6235347c3097e7a66f04df95.jpg","https://media.birdweather.com/species/119/CommonHouse-Martin-png200-a73a8953ce2af50676da81e70b2746b2.png","YhgKDwKJd4iIiHd/h5h5d4mIeQqVllAH",12072822771,"https://media.birdweather.com/soundscapes/6891/6891-20260521-035838.flac",0,3,"birdnetpi"
7971799371,6891,"2026-05-21T05:57:30.000+02:00",0.8,0.84393298625946,9.24729822679378,"almost_certain","2p4",NA,51.5687,6.0032,FALSE,1,"House Sparrow","Passer domesticus","#d16ff8","avian","https://media.birdweather.com/species/1/HouseSparrow-standard-b861184cf45c092cdb45fd689dd676ef.jpg","https://media.birdweather.com/species/1/HouseSparrow-thumbnail-e9cbc91763a1579de8ef04880678b5e3.jpg","https://media.birdweather.com/species/1/HouseSparrow-png200-125e8603e1efe9d7a18316b94f06a65e.png","XAgCDwD8qpukuHiqtLZ9mImnmPFcDO4E",12072788311,"https://media.birdweather.com/soundscapes/6891/6891-20260521-035730.flac",0,3,"birdnetpi"
7971788732,6891,"2026-05-21T05:56:48.000+02:00",0.87,0.997818529605865,9.65380318060808,"almost_certain","2p4",NA,51.5684,6.004,FALSE,407,"Common Wood-Pigeon","Columba palumbus","#028fb2","avian","https://media.birdweather.com/species/407/CommonWood-Pigeon-standard-5558900260c92622ceef8a812b06518e.jpg","https://media.birdweather.com/species/407/CommonWood-Pigeon-thumbnail-4b86c907c8b82c8af31d566b811dee05.jpg","https://media.birdweather.com/species/407/CommonWood-Pigeon-png200-533b13201573be3895fcec3e61e861b5.png","2ukFHwIHiYeWxnZUiniYZ3h5h6+rCIQH",12072771354,"https://media.birdweather.com/soundscapes/6891/6891-20260521-035648.flac",0,3,"birdnetpi"
7971717719,6891,"2026-05-21T05:52:58.000+02:00",0.95,0.892300605773926,9.68221743292278,"almost_certain","2p4",NA,51.5627,6.0087,FALSE,66,"Eurasian Blue Tit","Cyanistes caeruleus","#4b8900","avian","https://media.birdweather.com/species/66/EurasianBlueTit-standard-4ec8e45d78b2908d0f41ae495ae07571.jpg","https://media.birdweather.com/species/66/EurasianBlueTit-thumbnail-4d9abc54a3abc3fb12e78e603cbe6784.jpg","https://media.birdweather.com/species/66/EurasianBlueTit-png200-49adab92304ba7a74e93ac43e38e62d3.png","EfgJBwAKhHiEm2ZheGllqXeZhi/ze3EP",12072657644,"https://media.birdweather.com/soundscapes/6891/6891-20260521-035258.flac",0,3,"birdnetpi"
7971560524,6891,"2026-05-21T05:44:12.000+02:00",0.96,0.997818529605865,9.85464994025095,"almost_certain","2p4",NA,51.5654,6.0052,FALSE,407,"Common Wood-Pigeon","Columba palumbus","#028fb2","avian","https://media.birdweather.com/species/407/CommonWood-Pigeon-standard-5558900260c92622ceef8a812b06518e.jpg","https://media.birdweather.com/species/407/CommonWood-Pigeon-thumbnail-4b86c907c8b82c8af31d566b811dee05.jpg","https://media.birdweather.com/species/407/CommonWood-Pigeon-png200-533b13201573be3895fcec3e61e861b5.png","2ukFHwIHiYeWxnZUiniYZ3h5h6+rCIQH",12072411335,"https://media.birdweather.com/soundscapes/6891/6891-20260521-034412.flac",0,3,"birdnetpi"
7971524748,6891,"2026-05-21T05:42:09.000+02:00",0.92,0.560286164283752,8.98891203018233,"almost_certain","2p4",NA,51.569,6.0053,FALSE,119,"Common House-Martin","Delichon urbicum","#53b1ff","avian","https://media.birdweather.com/species/119/CommonHouse-Martin-standard-9ffbcc688c51210fb136a162c84d82ad.jpg","https://media.birdweather.com/species/119/CommonHouse-Martin-thumbnail-dd7059ca6235347c3097e7a66f04df95.jpg","https://media.birdweather.com/species/119/CommonHouse-Martin-png200-a73a8953ce2af50676da81e70b2746b2.png","YhgKDwKJd4iIiHd/h5h5d4mIeQqVllAH",12072355829,"https://media.birdweather.com/soundscapes/6891/6891-20260521-034209.flac",0,3,"birdnetpi"
7971497680,6891,"2026-05-21T05:40:39.000+02:00",0.82,0.560286164283752,8.74794181712711,"almost_certain","2p4",NA,51.5667,6.005,FALSE,119,"Common House-Martin","Delichon urbicum","#53b1ff","avian","https://media.birdweather.com/species/119/CommonHouse-Martin-standard-9ffbcc688c51210fb136a162c84d82ad.jpg","https://media.birdweather.com/species/119/CommonHouse-Martin-thumbnail-dd7059ca6235347c3097e7a66f04df95.jpg","https://media.birdweather.com/species/119/CommonHouse-Martin-png200-a73a8953ce2af50676da81e70b2746b2.png","YhgKDwKJd4iIiHd/h5h5d4mIeQqVllAH",12072314051,"https://media.birdweather.com/soundscapes/6891/6891-20260521-034039.flac",0,3,"birdnetpi"
7971487990,6891,"2026-05-21T05:40:09.000+02:00",0.79,0.560286164283752,8.66653173108211,"almost_certain","2p4",NA,51.5634,6.0077,FALSE,119,"Common House-Martin","Delichon urbicum","#53b1ff","avian","https://media.birdweather.com/species/119/CommonHouse-Martin-standard-9ffbcc688c51210fb136a162c84d82ad.jpg","https://media.birdweather.com/species/119/CommonHouse-Martin-thumbnail-dd7059ca6235347c3097e7a66f04df95.jpg","https://media.birdweather.com/species/119/CommonHouse-Martin-png200-a73a8953ce2af50676da81e70b2746b2.png","YhgKDwKJd4iIiHd/h5h5d4mIeQqVllAH",12072299031,"https://media.birdweather.com/soundscapes/6891/6891-20260521-034009.flac",0,3,"birdnetpi"
7971444557,6891,"2026-05-21T05:37:47.000+02:00",0.87,0.471988171339035,8.64325853445072,"almost_certain","2p4",NA,51.5627,6.0015,FALSE,103,"Eurasian Collared-Dove","Streptopelia decaocto","#006e2a","avian","https://media.birdweather.com/species/103/EurasianCollared-Dove-standard-e0c74c4f1ffe5357c4759579380dab35.jpg","https://media.birdweather.com/species/103/EurasianCollared-Dove-thumbnail-53ccb5f0a5d0640a1e766dd99c28ebca.jpg","https://media.birdweather.com/species/103/EurasianCollared-Dove-png200-4efa83c8c5efbdb09427b3c3fa247357.png","pvcFFwLpd4RvlJeUWZh2eXh4VxBqBZIH",12072232182,"https://media.birdweather.com/soundscapes/6891/6891-20260521-033747.flac",0,3,"birdnetpi"
7971441407,6891,"2026-05-21T05:37:39.000+02:00",0.89,0.997818529605865,9.70104924182559,"almost_certain","2p4",NA,51.5675,6.0026,FALSE,407,"Common Wood-Pigeon","Columba palumbus","#028fb2","avian","https://media.birdweather.com/species/407/CommonWood-Pigeon-standard-5558900260c92622ceef8a812b06518e.jpg","https://media.birdweather.com/species/407/CommonWood-Pigeon-thumbnail-4b86c907c8b82c8af31d566b811dee05.jpg","https://media.birdweather.com/species/407/CommonWood-Pigeon-png200-533b13201573be3895fcec3e61e861b5.png","2ukFHwIHiYeWxnZUiniYZ3h5h6+rCIQH",12072227378,"https://media.birdweather.com/soundscapes/6891/6891-20260521-033739.flac",0,3,"birdnetpi"
7971428621,6891,"2026-05-21T05:36:54.000+02:00",0.98,0.997818529605865,9.89554849976602,"almost_certain","2p4",NA,51.5665,6.0078,FALSE,407,"Common Wood-Pigeon","Columba palumbus","#028fb2","avian","https://media.birdweather.com/species/407/CommonWood-Pigeon-standard-5558900260c92622ceef8a812b06518e.jpg","https://media.birdweather.com/species/407/CommonWood-Pigeon-thumbnail-4b86c907c8b82c8af31d566b811dee05.jpg","https://media.birdweather.com/species/407/CommonWood-Pigeon-png200-533b13201573be3895fcec3e61e861b5.png","2ukFHwIHiYeWxnZUiniYZ3h5h6+rCIQH",12072207739,"https://media.birdweather.com/soundscapes/6891/6891-20260521-033654.flac",0,3,"birdnetpi"
7971151314,6891,"2026-05-21T05:22:23.000+02:00",0.72,0.84393298625946,9.00843408640543,"almost_certain","2p4",NA,51.5685,6.0021,FALSE,1,"House Sparrow","Passer domesticus","#d16ff8","avian","https://media.birdweather.com/species/1/HouseSparrow-standard-b861184cf45c092cdb45fd689dd676ef.jpg","https://media.birdweather.com/species/1/HouseSparrow-thumbnail-e9cbc91763a1579de8ef04880678b5e3.jpg","https://media.birdweather.com/species/1/HouseSparrow-png200-125e8603e1efe9d7a18316b94f06a65e.png","XAgCDwD8qpukuHiqtLZ9mImnmPFcDO4E",12071795003,"https://media.birdweather.com/soundscapes/6891/6891-20260521-032223.flac",0,3,"birdnetpi"
7971059808,6891,"2026-05-21T05:17:41.000+02:00",0.79,0.993420243263245,9.44062476150194,"almost_certain","2p4",NA,51.569,6.0081,FALSE,58,"Carrion Crow","Corvus corone","#01a85a","avian","https://media.birdweather.com/species/58/CarrionCrow-standard-ed24da07616d0cd7c5ef9cd2892ec869.jpg","https://media.birdweather.com/species/58/CarrionCrow-thumbnail-38cc6285bbd8f8340f32fa4dc3f58a69.jpg","https://media.birdweather.com/species/58/CarrionCrow-png200-5ec2904f61f6588853b296f54d8d0cb6.png","nggODwDDmZlqdoiPdLeIWIiYaK6A1gMK",12071661640,"https://media.birdweather.com/soundscapes/6891/6891-20260521-031741.flac",0,3,"birdnetpi"
7971050341,6891,"2026-05-21T05:17:17.000+02:00",0.84,0.993420243263245,9.57373909688344,"almost_certain","2p4",NA,51.5618,6.0083,FALSE,58,"Carrion Crow","Corvus corone","#01a85a","avian","https://media.birdweather.com/species/58/CarrionCrow-standard-ed24da07616d0cd7c5ef9cd2892ec869.jpg","https://media.birdweather.com/species/58/CarrionCrow-thumbnail-38cc6285bbd8f8340f32fa4dc3f58a69.jpg","https://media.birdweather.com/species/58/CarrionCrow-png200-5ec2904f61f6588853b296f54d8d0cb6.png","nggODwDDmZlqdoiPdLeIWIiYaK6A1gMK",12071647519,"https://media.birdweather.com/soundscapes/6891/6891-20260521-031717.flac",0,3,"birdnetpi"
7971037931,6891,"2026-05-21T05:16:32.000+02:00",0.77,0.993420243263245,9.38353316743316,"almost_certain","2p4",NA,51.5626,6.0057,FALSE,58,"Carrion Crow","Corvus corone","#01a85a","avian","https://media.birdweather.com/species/58/CarrionCrow-standard-ed24da07616d0cd7c5ef9cd2892ec869.jpg","https://media.birdweather.com/species/58/CarrionCrow-thumbnail-38cc6285bbd8f8340f32fa4dc3f58a69.jpg","https://media.birdweather.com/species/58/CarrionCrow-png200-5ec2904f61f6588853b296f54d8d0cb6.png","nggODwDDmZlqdoiPdLeIWIiYaK6A1gMK",12071629176,"https://media.birdweather.com/soundscapes/6891/6891-20260521-031632.flac",0,3,"birdnetpi"
7971025417,6891,"2026-05-21T05:15:54.000+02:00",0.92,0.999460279941559,9.77122698434781,"almost_certain","2p4",NA,51.5615,6.0053,FALSE,35,"Eurasian Blackbird","Turdus merula","#ff65df","avian","https://media.birdweather.com/species/35/EurasianBlackbird-standard-618b3a5132c7c359fb2a2884c39deb39.jpg","https://media.birdweather.com/species/35/EurasianBlackbird-thumbnail-276878929bed08167d1fd9bf34d63d40.jpg","https://media.birdweather.com/species/35/EurasianBlackbird-png200-ba5a1b43225da4611cac429c52a52c81.png","GfkFFwKRmrx2ZYiaaQe69nlzScn3T7IA",12071610888,"https://media.birdweather.com/soundscapes/6891/6891-20260521-031554.flac",0,3,"birdnetpi"
7971015063,6891,"2026-05-21T05:15:23.000+02:00",0.97,0.999460279941559,9.87748176540165,"almost_certain","2p4",NA,51.5656,6.0072,FALSE,35,"Eurasian Blackbird","Turdus merula","#ff65df","avian","https://media.birdweather.com/species/35/EurasianBlackbird-standard-618b3a5132c7c359fb2a2884c39deb39.jpg","https://media.birdweather.com/species/35/EurasianBlackbird-thumbnail-276878929bed08167d1fd9bf34d63d40.jpg","https://media.birdweather.com/species/35/EurasianBlackbird-png200-ba5a1b43225da4611cac429c52a52c81.png","GfkFFwKRmrx2ZYiaaQe69nlzScn3T7IA",12071595713,"https://media.birdweather.com/soundscapes/6891/6891-20260521-031523.flac",0,3,"birdnetpi"
7971009013,6891,"2026-05-21T05:15:02.000+02:00",0.95,0.999460279941559,9.83596343659305,"almost_certain","2p4",NA,51.5664,6.0024,FALSE,35,"Eurasian Blackbird","Turdus merula","#ff65df","avian","https://media.birdweather.com/species/35/EurasianBlackbird-standard-618b3a5132c7c359fb2a2884c39deb39.jpg","https://media.birdweather.com/species/35/EurasianBlackbird-thumbnail-276878929bed08167d1fd9bf34d63d40.jpg","https://media.birdweather.com/species/35/EurasianBlackbird-png200-ba5a1b43225da4611cac429c52a52c81.png","GfkFFwKRmrx2ZYiaaQe69nlzScn3T7IA",12071586778,"https://media.birdweather.com/soundscapes/6891/6891-20260521-031502.flac",0,3,"birdnetpi"
7971004067,6891,"2026-05-21T05:14:48.000+02:00",0.96,0.999460279941559,9.85687987341223,"almost_certain","2p4",NA,51.5689,6.0075,FALSE,35,"Eurasian Blackbird","Turdus merula","#ff65df","avian","https://media.birdweather.com/species/35/EurasianBlackbird-standard-618b3a5132c7c359fb2a2884c39deb39.jpg","https://media.birdweather.com/species/35/EurasianBlackbird-thumbnail-276878929bed08167d1fd9bf34d63d40.jpg","https://media.birdweather.com/species/35/EurasianBlackbird-png200-ba5a1b43225da4611cac429c52a52c81.png","GfkFFwKRmrx2ZYiaaQe69nlzScn3T7IA",12071579783,"https://media.birdweather.com/soundscapes/6891/6891-20260521-031448.flac",0,3,"birdnetpi"
7970994721,6891,"2026-05-21T05:14:23.000+02:00",0.92,0.999460279941559,9.77122698434781,"almost_certain","2p4",NA,51.5621,6.0069,FALSE,35,"Eurasian Blackbird","Turdus merula","#ff65df","avian","https://media.birdweather.com/species/35/EurasianBlackbird-standard-618b3a5132c7c359fb2a2884c39deb39.jpg","https://media.birdweather.com/species/35/EurasianBlackbird-thumbnail-276878929bed08167d1fd9bf34d63d40.jpg","https://media.birdweather.com/species/35/EurasianBlackbird-png200-ba5a1b43225da4611cac429c52a52c81.png","GfkFFwKRmrx2ZYiaaQe69nlzScn3T7IA",12071566044,"https://media.birdweather.com/soundscapes/6891/6891-20260521-031423.flac",0,3,"birdnetpi"
7970989842,6891,"2026-05-21T05:14:14.000+02:00",0.85,0.999460279941559,9.60709934060452,"almost_certain","2p4",NA,51.5681,6.0029,FALSE,35,"Eurasian Blackbird","Turdus merula","#ff65df","avian","https://media.birdweather.com/species/35/EurasianBlackbird-standard-618b3a5132c7c359fb2a2884c39deb39.jpg","https://media.birdweather.com/species/35/EurasianBlackbird-thumbnail-276878929bed08167d1fd9bf34d63d40.jpg","https://media.birdweather.com/species/35/EurasianBlackbird-png200-ba5a1b43225da4611cac429c52a52c81.png","GfkFFwKRmrx2ZYiaaQe69nlzScn3T7IA",12071558968,"https://media.birdweather.com/soundscapes/6891/6891-20260521-031414.flac",0,3,"birdnetpi"
7970981293,6891,"2026-05-21T05:13:39.000+02:00",0.98,0.999460279941559,9.8977784329273,"almost_certain","2p4",NA,51.5623,6.0047,FALSE,35,"Eurasian Blackbird","Turdus merula","#ff65df","avian","https://media.birdweather.com/species/35/EurasianBlackbird-standard-618b3a5132c7c359fb2a2884c39deb39.jpg","https://media.birdweather.com/species/35/EurasianBlackbird-thumbnail-276878929bed08167d1fd9bf34d63d40.jpg","https://media.birdweather.com/species/35/EurasianBlackbird-png200-ba5a1b43225da4611cac429c52a52c81.png","GfkFFwKRmrx2ZYiaaQe69nlzScn3T7IA",12071546289,"https://media.birdweather.com/soundscapes/6891/6891-20260521-031339.flac",0,3,"birdnetpi"
7970976104,6891,"2026-05-21T05:13:29.000+02:00",0.95,0.999460279941559,9.83596343659305,"almost_certain","2p4",NA,51.5646,6.0064,FALSE,35,"Eurasian Blackbird","Turdus merula","#ff65df","avian","https://media.birdweather.com/species/35/EurasianBlackbird-standard-618b3a5132c7c359fb2a2884c39deb39.jpg","https://media.birdweather.com/species/35/EurasianBlackbird-thumbnail-276878929bed08167d1fd9bf34d63d40.jpg","https://media.birdweather.com/species/35/EurasianBlackbird-png200-ba5a1b43225da4611cac429c52a52c81.png","GfkFFwKRmrx2ZYiaaQe69nlzScn3T7IA",12071538656,"https://media.birdweather.com/soundscapes/6891/6891-20260521-031329.flac",0,3,"birdnetpi"
7970971233,6891,"2026-05-21T05:13:06.000+02:00",0.98,0.999460279941559,9.8977784329273,"almost_certain","2p4",NA,51.5627,6.0046,FALSE,35,"Eurasian Blackbird","Turdus merula","#ff65df","avian","https://media.birdweather.com/species/35/EurasianBlackbird-standard-618b3a5132c7c359fb2a2884c39deb39.jpg","https://media.birdweather.com/species/35/EurasianBlackbird-thumbnail-276878929bed08167d1fd9bf34d63d40.jpg","https://media.birdweather.com/species/35/EurasianBlackbird-png200-ba5a1b43225da4611cac429c52a52c81.png","GfkFFwKRmrx2ZYiaaQe69nlzScn3T7IA",12071531659,"https://media.birdweather.com/soundscapes/6891/6891-20260521-031306.flac",0,3,"birdnetpi"
7970962533,6891,"2026-05-21T05:12:38.000+02:00",0.99,0.999460279941559,9.91777878813428,"almost_certain","2p4",NA,51.5698,6.0065,FALSE,35,"Eurasian Blackbird","Turdus merula","#ff65df","avian","https://media.birdweather.com/species/35/EurasianBlackbird-standard-618b3a5132c7c359fb2a2884c39deb39.jpg","https://media.birdweather.com/species/35/EurasianBlackbird-thumbnail-276878929bed08167d1fd9bf34d63d40.jpg","https://media.birdweather.com/species/35/EurasianBlackbird-png200-ba5a1b43225da4611cac429c52a52c81.png","GfkFFwKRmrx2ZYiaaQe69nlzScn3T7IA",12071518942,"https://media.birdweather.com/soundscapes/6891/6891-20260521-031238.flac",0,3,"birdnetpi"
7970956729,6891,"2026-05-21T05:12:26.000+02:00",0.85,0.999460279941559,9.60709934060452,"almost_certain","2p4",NA,51.5701,6.0016,FALSE,35,"Eurasian Blackbird","Turdus merula","#ff65df","avian","https://media.birdweather.com/species/35/EurasianBlackbird-standard-618b3a5132c7c359fb2a2884c39deb39.jpg","https://media.birdweather.com/species/35/EurasianBlackbird-thumbnail-276878929bed08167d1fd9bf34d63d40.jpg","https://media.birdweather.com/species/35/EurasianBlackbird-png200-ba5a1b43225da4611cac429c52a52c81.png","GfkFFwKRmrx2ZYiaaQe69nlzScn3T7IA",12071510402,"https://media.birdweather.com/soundscapes/6891/6891-20260521-031226.flac",0,3,"birdnetpi"
7970947367,6891,"2026-05-21T05:11:53.000+02:00",0.94,0.999460279941559,9.81472270103878,"almost_certain","2p4",NA,51.567,6.0087,FALSE,35,"Eurasian Blackbird","Turdus merula","#ff65df","avian","https://media.birdweather.com/species/35/EurasianBlackbird-standard-618b3a5132c7c359fb2a2884c39deb39.jpg","https://media.birdweather.com/species/35/EurasianBlackbird-thumbnail-276878929bed08167d1fd9bf34d63d40.jpg","https://media.birdweather.com/species/35/EurasianBlackbird-png200-ba5a1b43225da4611cac429c52a52c81.png","GfkFFwKRmrx2ZYiaaQe69nlzScn3T7IA",12071496781,"https://media.birdweather.com/soundscapes/6891/6891-20260521-031153.flac",0,3,"birdnetpi"
7970938814,6891,"2026-05-21T05:11:36.000+02:00",1,0.999460279941559,9.93749135844365,"almost_certain","2p4",NA,51.5617,6.0074,FALSE,35,"Eurasian Blackbird","Turdus merula","#ff65df","avian","https://media.birdweather.com/species/35/EurasianBlackbird-standard-618b3a5132c7c359fb2a2884c39deb39.jpg","https://media.birdweather.com/species/35/EurasianBlackbird-thumbnail-276878929bed08167d1fd9bf34d63d40.jpg","https://media.birdweather.com/species/35/EurasianBlackbird-png200-ba5a1b43225da4611cac429c52a52c81.png","GfkFFwKRmrx2ZYiaaQe69nlzScn3T7IA",12071484112,"https://media.birdweather.com/soundscapes/6891/6891-20260521-031136.flac",0,3,"birdnetpi"
7970933997,6891,"2026-05-21T05:11:14.000+02:00",0.88,0.999460279941559,9.67985980128463,"almost_certain","2p4",NA,51.5639,6.0065,FALSE,35,"Eurasian Blackbird","Turdus merula","#ff65df","avian","https://media.birdweather.com/species/35/EurasianBlackbird-standard-618b3a5132c7c359fb2a2884c39deb39.jpg","https://media.birdweather.com/species/35/EurasianBlackbird-thumbnail-276878929bed08167d1fd9bf34d63d40.jpg","https://media.birdweather.com/species/35/EurasianBlackbird-png200-ba5a1b43225da4611cac429c52a52c81.png","GfkFFwKRmrx2ZYiaaQe69nlzScn3T7IA",12071476828,"https://media.birdweather.com/soundscapes/6891/6891-20260521-031114.flac",0,3,"birdnetpi"
7970907197,6891,"2026-05-21T05:09:45.000+02:00",0.71,0.237258553504944,7.27741756726454,"almost_certain","2p4",NA,51.564,6.0035,FALSE,20,"Black Redstart","Phoenicurus ochruros","#c8ce2d","avian","https://media.birdweather.com/species/20/BlackRedstart-standard-4255c9b712ecb46ea7d3df8d556c18e7.jpg","https://media.birdweather.com/species/20/BlackRedstart-thumbnail-2fee59acc1ecc6be7238da194869e940.jpg","https://media.birdweather.com/species/20/BlackRedstart-png200-cbc0625b8b4889aeec1da754ad906efd.png","2QgGFwT8epa+l3ZlZ5hntnh4Z/6oyZ8I",12071437576,"https://media.birdweather.com/soundscapes/6891/6891-20260521-030945.flac",0,3,"birdnetpi"
7970899126,6891,"2026-05-21T05:09:20.000+02:00",0.85,0.237258553504944,7.67987029964812,"almost_certain","2p4",NA,51.5621,6.0018,FALSE,20,"Black Redstart","Phoenicurus ochruros","#c8ce2d","avian","https://media.birdweather.com/species/20/BlackRedstart-standard-4255c9b712ecb46ea7d3df8d556c18e7.jpg","https://media.birdweather.com/species/20/BlackRedstart-thumbnail-2fee59acc1ecc6be7238da194869e940.jpg","https://media.birdweather.com/species/20/BlackRedstart-png200-cbc0625b8b4889aeec1da754ad906efd.png","2QgGFwT8epa+l3ZlZ5hntnh4Z/6oyZ8I",12071425896,"https://media.birdweather.com/soundscapes/6891/6891-20260521-030920.flac",0,3,"birdnetpi"
7970847199,6891,"2026-05-21T05:06:36.000+02:00",0.81,0.999460279941559,9.50365399366836,"almost_certain","2p4",NA,51.5645,6.0059,FALSE,35,"Eurasian Blackbird","Turdus merula","#ff65df","avian","https://media.birdweather.com/species/35/EurasianBlackbird-standard-618b3a5132c7c359fb2a2884c39deb39.jpg","https://media.birdweather.com/species/35/EurasianBlackbird-thumbnail-276878929bed08167d1fd9bf34d63d40.jpg","https://media.birdweather.com/species/35/EurasianBlackbird-png200-ba5a1b43225da4611cac429c52a52c81.png","GfkFFwKRmrx2ZYiaaQe69nlzScn3T7IA",12071349311,"https://media.birdweather.com/soundscapes/6891/6891-20260521-030636.flac",0,3,"birdnetpi"
7970795839,6891,"2026-05-21T05:04:00.000+02:00",0.98,0.237258553504944,7.9705493919709,"almost_certain","2p4",NA,51.5677,6.0067,FALSE,20,"Black Redstart","Phoenicurus ochruros","#c8ce2d","avian","https://media.birdweather.com/species/20/BlackRedstart-standard-4255c9b712ecb46ea7d3df8d556c18e7.jpg","https://media.birdweather.com/species/20/BlackRedstart-thumbnail-2fee59acc1ecc6be7238da194869e940.jpg","https://media.birdweather.com/species/20/BlackRedstart-png200-cbc0625b8b4889aeec1da754ad906efd.png","2QgGFwT8epa+l3ZlZ5hntnh4Z/6oyZ8I",12071274465,"https://media.birdweather.com/soundscapes/6891/6891-20260521-030400.flac",0,3,"birdnetpi"
7970789403,6891,"2026-05-21T05:03:39.000+02:00",0.92,0.237258553504944,7.84399794339141,"almost_certain","2p4",NA,51.5699,6.0038,FALSE,20,"Black Redstart","Phoenicurus ochruros","#c8ce2d","avian","https://media.birdweather.com/species/20/BlackRedstart-standard-4255c9b712ecb46ea7d3df8d556c18e7.jpg","https://media.birdweather.com/species/20/BlackRedstart-thumbnail-2fee59acc1ecc6be7238da194869e940.jpg","https://media.birdweather.com/species/20/BlackRedstart-png200-cbc0625b8b4889aeec1da754ad906efd.png","2QgGFwT8epa+l3ZlZ5hntnh4Z/6oyZ8I",12071265474,"https://media.birdweather.com/soundscapes/6891/6891-20260521-030339.flac",0,3,"birdnetpi"
7970788051,6891,"2026-05-21T05:03:33.000+02:00",0.73,0.999460279941559,9.26989703533621,"almost_certain","2p4",NA,51.5698,6.0025,FALSE,35,"Eurasian Blackbird","Turdus merula","#ff65df","avian","https://media.birdweather.com/species/35/EurasianBlackbird-standard-618b3a5132c7c359fb2a2884c39deb39.jpg","https://media.birdweather.com/species/35/EurasianBlackbird-thumbnail-276878929bed08167d1fd9bf34d63d40.jpg","https://media.birdweather.com/species/35/EurasianBlackbird-png200-ba5a1b43225da4611cac429c52a52c81.png","GfkFFwKRmrx2ZYiaaQe69nlzScn3T7IA",12071263178,"https://media.birdweather.com/soundscapes/6891/6891-20260521-030333.flac",0,3,"birdnetpi"
7970778581,6891,"2026-05-21T05:03:11.000+02:00",0.79,0.237258553504944,7.5216176442912,"almost_certain","2p4",NA,51.5651,6.0062,FALSE,20,"Black Redstart","Phoenicurus ochruros","#c8ce2d","avian","https://media.birdweather.com/species/20/BlackRedstart-standard-4255c9b712ecb46ea7d3df8d556c18e7.jpg","https://media.birdweather.com/species/20/BlackRedstart-thumbnail-2fee59acc1ecc6be7238da194869e940.jpg","https://media.birdweather.com/species/20/BlackRedstart-png200-cbc0625b8b4889aeec1da754ad906efd.png","2QgGFwT8epa+l3ZlZ5hntnh4Z/6oyZ8I",12071249204,"https://media.birdweather.com/soundscapes/6891/6891-20260521-030311.flac",0,3,"birdnetpi"
7970769844,6891,"2026-05-21T05:02:41.000+02:00",0.99,0.237258553504944,7.99054974717788,"almost_certain","2p4",NA,51.5664,6.0049,FALSE,20,"Black Redstart","Phoenicurus ochruros","#c8ce2d","avian","https://media.birdweather.com/species/20/BlackRedstart-standard-4255c9b712ecb46ea7d3df8d556c18e7.jpg","https://media.birdweather.com/species/20/BlackRedstart-thumbnail-2fee59acc1ecc6be7238da194869e940.jpg","https://media.birdweather.com/species/20/BlackRedstart-png200-cbc0625b8b4889aeec1da754ad906efd.png","2QgGFwT8epa+l3ZlZ5hntnh4Z/6oyZ8I",12071237280,"https://media.birdweather.com/soundscapes/6891/6891-20260521-030241.flac",0,3,"birdnetpi"
7970750060,6891,"2026-05-21T05:01:32.000+02:00",0.73,0.237258553504944,7.34266799437982,"almost_certain","2p4",NA,51.565,6.0087,FALSE,20,"Black Redstart","Phoenicurus ochruros","#c8ce2d","avian","https://media.birdweather.com/species/20/BlackRedstart-standard-4255c9b712ecb46ea7d3df8d556c18e7.jpg","https://media.birdweather.com/species/20/BlackRedstart-thumbnail-2fee59acc1ecc6be7238da194869e940.jpg","https://media.birdweather.com/species/20/BlackRedstart-png200-cbc0625b8b4889aeec1da754ad906efd.png","2QgGFwT8epa+l3ZlZ5hntnh4Z/6oyZ8I",12071207802,"https://media.birdweather.com/soundscapes/6891/6891-20260521-030132.flac",0,3,"birdnetpi"
7970735787,6891,"2026-05-21T05:00:47.000+02:00",0.78,0.993420243263245,9.41237633803419,"almost_certain","2p4",NA,51.5628,6.0008,FALSE,58,"Carrion Crow","Corvus corone","#01a85a","avian","https://media.birdweather.com/species/58/CarrionCrow-standard-ed24da07616d0cd7c5ef9cd2892ec869.jpg","https://media.birdweather.com/species/58/CarrionCrow-thumbnail-38cc6285bbd8f8340f32fa4dc3f58a69.jpg","https://media.birdweather.com/species/58/CarrionCrow-png200-5ec2904f61f6588853b296f54d8d0cb6.png","nggODwDDmZlqdoiPdLeIWIiYaK6A1gMK",12071186883,"https://media.birdweather.com/soundscapes/6891/6891-20260521-030047.flac",0,3,"birdnetpi"
7970727145,6891,"2026-05-21T05:00:30.000+02:00",0.97,0.237258553504944,7.95025272444526,"almost_certain","2p4",NA,51.5631,6.0029,FALSE,20,"Black Redstart","Phoenicurus ochruros","#c8ce2d","avian","https://media.birdweather.com/species/20/BlackRedstart-standard-4255c9b712ecb46ea7d3df8d556c18e7.jpg","https://media.birdweather.com/species/20/BlackRedstart-thumbnail-2fee59acc1ecc6be7238da194869e940.jpg","https://media.birdweather.com/species/20/BlackRedstart-png200-cbc0625b8b4889aeec1da754ad906efd.png","2QgGFwT8epa+l3ZlZ5hntnh4Z/6oyZ8I",12071174402,"https://media.birdweather.com/soundscapes/6891/6891-20260521-030030.flac",0,3,"birdnetpi"
7970724112,6891,"2026-05-21T05:00:13.000+02:00",0.74,0.993420243263245,9.2931707515584,"almost_certain","2p4",NA,51.5675,6.005,FALSE,58,"Carrion Crow","Corvus corone","#01a85a","avian","https://media.birdweather.com/species/58/CarrionCrow-standard-ed24da07616d0cd7c5ef9cd2892ec869.jpg","https://media.birdweather.com/species/58/CarrionCrow-thumbnail-38cc6285bbd8f8340f32fa4dc3f58a69.jpg","https://media.birdweather.com/species/58/CarrionCrow-png200-5ec2904f61f6588853b296f54d8d0cb6.png","nggODwDDmZlqdoiPdLeIWIiYaK6A1gMK",12071169985,"https://media.birdweather.com/soundscapes/6891/6891-20260521-030013.flac",0,3,"birdnetpi"
7970721867,6891,"2026-05-21T05:00:03.000+02:00",1,0.237258553504944,8.01026231748726,"almost_certain","2p4",NA,51.5647,6.0071,FALSE,20,"Black Redstart","Phoenicurus ochruros","#c8ce2d","avian","https://media.birdweather.com/species/20/BlackRedstart-standard-4255c9b712ecb46ea7d3df8d556c18e7.jpg","https://media.birdweather.com/species/20/BlackRedstart-thumbnail-2fee59acc1ecc6be7238da194869e940.jpg","https://media.birdweather.com/species/20/BlackRedstart-png200-cbc0625b8b4889aeec1da754ad906efd.png","2QgGFwT8epa+l3ZlZ5hntnh4Z/6oyZ8I",12071166841,"https://media.birdweather.com/soundscapes/6891/6891-20260521-030003.flac",0,3,"birdnetpi"
7970714871,6891,"2026-05-21T04:59:42.000+02:00",0.78,0.993420243263245,9.41237633803419,"almost_certain","2p4",NA,51.5689,6.0031,FALSE,58,"Carrion Crow","Corvus corone","#01a85a","avian","https://media.birdweather.com/species/58/CarrionCrow-standard-ed24da07616d0cd7c5ef9cd2892ec869.jpg","https://media.birdweather.com/species/58/CarrionCrow-thumbnail-38cc6285bbd8f8340f32fa4dc3f58a69.jpg","https://media.birdweather.com/species/58/CarrionCrow-png200-5ec2904f61f6588853b296f54d8d0cb6.png","nggODwDDmZlqdoiPdLeIWIiYaK6A1gMK",12071156486,"https://media.birdweather.com/soundscapes/6891/6891-20260521-025942.flac",0,3,"birdnetpi"
7970707876,6891,"2026-05-21T04:59:20.000+02:00",0.98,0.237258553504944,7.9705493919709,"almost_certain","2p4",NA,51.5702,6.0036,FALSE,20,"Black Redstart","Phoenicurus ochruros","#c8ce2d","avian","https://media.birdweather.com/species/20/BlackRedstart-standard-4255c9b712ecb46ea7d3df8d556c18e7.jpg","https://media.birdweather.com/species/20/BlackRedstart-thumbnail-2fee59acc1ecc6be7238da194869e940.jpg","https://media.birdweather.com/species/20/BlackRedstart-png200-cbc0625b8b4889aeec1da754ad906efd.png","2QgGFwT8epa+l3ZlZ5hntnh4Z/6oyZ8I",12071146097,"https://media.birdweather.com/soundscapes/6891/6891-20260521-025920.flac",0,3,"birdnetpi"
7970699352,6891,"2026-05-21T04:58:57.000+02:00",0.84,0.237258553504944,7.65473197967269,"almost_certain","2p4",NA,51.5696,6.0005,FALSE,20,"Black Redstart","Phoenicurus ochruros","#c8ce2d","avian","https://media.birdweather.com/species/20/BlackRedstart-standard-4255c9b712ecb46ea7d3df8d556c18e7.jpg","https://media.birdweather.com/species/20/BlackRedstart-thumbnail-2fee59acc1ecc6be7238da194869e940.jpg","https://media.birdweather.com/species/20/BlackRedstart-png200-cbc0625b8b4889aeec1da754ad906efd.png","2QgGFwT8epa+l3ZlZ5hntnh4Z/6oyZ8I",12071133411,"https://media.birdweather.com/soundscapes/6891/6891-20260521-025857.flac",0,3,"birdnetpi"
7970687696,6891,"2026-05-21T04:58:29.000+02:00",0.88,0.237258553504944,7.75263076032823,"almost_certain","2p4",NA,51.5656,6.0084,FALSE,20,"Black Redstart","Phoenicurus ochruros","#c8ce2d","avian","https://media.birdweather.com/species/20/BlackRedstart-standard-4255c9b712ecb46ea7d3df8d556c18e7.jpg","https://media.birdweather.com/species/20/BlackRedstart-thumbnail-2fee59acc1ecc6be7238da194869e940.jpg","https://media.birdweather.com/species/20/BlackRedstart-png200-cbc0625b8b4889aeec1da754ad906efd.png","2QgGFwT8epa+l3ZlZ5hntnh4Z/6oyZ8I",12071116529,"https://media.birdweather.com/soundscapes/6891/6891-20260521-025829.flac",0,3,"birdnetpi"
7970678137,6891,"2026-05-21T04:57:53.000+02:00",0.7,0.237258553504944,7.24358868801573,"almost_certain","2p4",NA,51.5643,6.0071,FALSE,20,"Black Redstart","Phoenicurus ochruros","#c8ce2d","avian","https://media.birdweather.com/species/20/BlackRedstart-standard-4255c9b712ecb46ea7d3df8d556c18e7.jpg","https://media.birdweather.com/species/20/BlackRedstart-thumbnail-2fee59acc1ecc6be7238da194869e940.jpg","https://media.birdweather.com/species/20/BlackRedstart-png200-cbc0625b8b4889aeec1da754ad906efd.png","2QgGFwT8epa+l3ZlZ5hntnh4Z/6oyZ8I",12071102379,"https://media.birdweather.com/soundscapes/6891/6891-20260521-025753.flac",0,3,"birdnetpi"
7970662253,6891,"2026-05-21T04:57:08.000+02:00",0.96,0.237258553504944,7.92965083245584,"almost_certain","2p4",NA,51.565,6.005,FALSE,20,"Black Redstart","Phoenicurus ochruros","#c8ce2d","avian","https://media.birdweather.com/species/20/BlackRedstart-standard-4255c9b712ecb46ea7d3df8d556c18e7.jpg","https://media.birdweather.com/species/20/BlackRedstart-thumbnail-2fee59acc1ecc6be7238da194869e940.jpg","https://media.birdweather.com/species/20/BlackRedstart-png200-cbc0625b8b4889aeec1da754ad906efd.png","2QgGFwT8epa+l3ZlZ5hntnh4Z/6oyZ8I",12071079333,"https://media.birdweather.com/soundscapes/6891/6891-20260521-025708.flac",0,3,"birdnetpi"
7970656743,6891,"2026-05-21T04:56:45.000+02:00",0.84,0.237258553504944,7.65473197967269,"almost_certain","2p4",NA,51.5664,6.0008,FALSE,20,"Black Redstart","Phoenicurus ochruros","#c8ce2d","avian","https://media.birdweather.com/species/20/BlackRedstart-standard-4255c9b712ecb46ea7d3df8d556c18e7.jpg","https://media.birdweather.com/species/20/BlackRedstart-thumbnail-2fee59acc1ecc6be7238da194869e940.jpg","https://media.birdweather.com/species/20/BlackRedstart-png200-cbc0625b8b4889aeec1da754ad906efd.png","2QgGFwT8epa+l3ZlZ5hntnh4Z/6oyZ8I",12071071370,"https://media.birdweather.com/soundscapes/6891/6891-20260521-025645.flac",0,3,"birdnetpi"
7970652000,6891,"2026-05-21T04:56:26.000+02:00",0.79,0.999460279941559,9.44884668524759,"almost_certain","2p4",NA,51.5693,6.001,FALSE,35,"Eurasian Blackbird","Turdus merula","#ff65df","avian","https://media.birdweather.com/species/35/EurasianBlackbird-standard-618b3a5132c7c359fb2a2884c39deb39.jpg","https://media.birdweather.com/species/35/EurasianBlackbird-thumbnail-276878929bed08167d1fd9bf34d63d40.jpg","https://media.birdweather.com/species/35/EurasianBlackbird-png200-ba5a1b43225da4611cac429c52a52c81.png","GfkFFwKRmrx2ZYiaaQe69nlzScn3T7IA",12071064310,"https://media.birdweather.com/soundscapes/6891/6891-20260521-025626.flac",0,3,"birdnetpi"
7970645971,6891,"2026-05-21T04:56:13.000+02:00",0.83,0.237258553504944,7.62912375744605,"almost_certain","2p4",NA,51.5697,6.0044,FALSE,20,"Black Redstart","Phoenicurus ochruros","#c8ce2d","avian","https://media.birdweather.com/species/20/BlackRedstart-standard-4255c9b712ecb46ea7d3df8d556c18e7.jpg","https://media.birdweather.com/species/20/BlackRedstart-thumbnail-2fee59acc1ecc6be7238da194869e940.jpg","https://media.birdweather.com/species/20/BlackRedstart-png200-cbc0625b8b4889aeec1da754ad906efd.png","2QgGFwT8epa+l3ZlZ5hntnh4Z/6oyZ8I",12071055359,"https://media.birdweather.com/soundscapes/6891/6891-20260521-025613.flac",0,3,"birdnetpi"
7970640626,6891,"2026-05-21T04:55:50.000+02:00",0.93,0.999460279941559,9.79314745199243,"almost_certain","2p4",NA,51.57,6.0067,FALSE,35,"Eurasian Blackbird","Turdus merula","#ff65df","avian","https://media.birdweather.com/species/35/EurasianBlackbird-standard-618b3a5132c7c359fb2a2884c39deb39.jpg","https://media.birdweather.com/species/35/EurasianBlackbird-thumbnail-276878929bed08167d1fd9bf34d63d40.jpg","https://media.birdweather.com/species/35/EurasianBlackbird-png200-ba5a1b43225da4611cac429c52a52c81.png","GfkFFwKRmrx2ZYiaaQe69nlzScn3T7IA",12071047381,"https://media.birdweather.com/soundscapes/6891/6891-20260521-025550.flac",0,3,"birdnetpi"
7970629250,6891,"2026-05-21T04:55:14.000+02:00",0.98,0.237258553504944,7.9705493919709,"almost_certain","2p4",NA,51.5619,6.0049,FALSE,20,"Black Redstart","Phoenicurus ochruros","#c8ce2d","avian","https://media.birdweather.com/species/20/BlackRedstart-standard-4255c9b712ecb46ea7d3df8d556c18e7.jpg","https://media.birdweather.com/species/20/BlackRedstart-thumbnail-2fee59acc1ecc6be7238da194869e940.jpg","https://media.birdweather.com/species/20/BlackRedstart-png200-cbc0625b8b4889aeec1da754ad906efd.png","2QgGFwT8epa+l3ZlZ5hntnh4Z/6oyZ8I",12071030442,"https://media.birdweather.com/soundscapes/6891/6891-20260521-025514.flac",0,3,"birdnetpi"
7970622595,6891,"2026-05-21T04:54:57.000+02:00",0.92,0.237258553504944,7.84399794339141,"almost_certain","2p4",NA,51.5645,6.0043,FALSE,20,"Black Redstart","Phoenicurus ochruros","#c8ce2d","avian","https://media.birdweather.com/species/20/BlackRedstart-standard-4255c9b712ecb46ea7d3df8d556c18e7.jpg","https://media.birdweather.com/species/20/BlackRedstart-thumbnail-2fee59acc1ecc6be7238da194869e940.jpg","https://media.birdweather.com/species/20/BlackRedstart-png200-cbc0625b8b4889aeec1da754ad906efd.png","2QgGFwT8epa+l3ZlZ5hntnh4Z/6oyZ8I",12071020628,"https://media.birdweather.com/soundscapes/6891/6891-20260521-025457.flac",0,3,"birdnetpi"
7970616524,6891,"2026-05-21T04:54:34.000+02:00",0.96,0.237258553504944,7.92965083245584,"almost_certain","2p4",NA,51.5691,6.007,FALSE,20,"Black Redstart","Phoenicurus ochruros","#c8ce2d","avian","https://media.birdweather.com/species/20/BlackRedstart-standard-4255c9b712ecb46ea7d3df8d556c18e7.jpg","https://media.birdweather.com/species/20/BlackRedstart-thumbnail-2fee59acc1ecc6be7238da194869e940.jpg","https://media.birdweather.com/species/20/BlackRedstart-png200-cbc0625b8b4889aeec1da754ad906efd.png","2QgGFwT8epa+l3ZlZ5hntnh4Z/6oyZ8I",12071011707,"https://media.birdweather.com/soundscapes/6891/6891-20260521-025434.flac",0,3,"birdnetpi"
7970607613,6891,"2026-05-21T04:54:14.000+02:00",0.98,0.237258553504944,7.9705493919709,"almost_certain","2p4",NA,51.5704,6.0047,FALSE,20,"Black Redstart","Phoenicurus ochruros","#c8ce2d","avian","https://media.birdweather.com/species/20/BlackRedstart-standard-4255c9b712ecb46ea7d3df8d556c18e7.jpg","https://media.birdweather.com/species/20/BlackRedstart-thumbnail-2fee59acc1ecc6be7238da194869e940.jpg","https://media.birdweather.com/species/20/BlackRedstart-png200-cbc0625b8b4889aeec1da754ad906efd.png","2QgGFwT8epa+l3ZlZ5hntnh4Z/6oyZ8I",12070998508,"https://media.birdweather.com/soundscapes/6891/6891-20260521-025414.flac",0,3,"birdnetpi"
7970606423,6891,"2026-05-21T04:54:03.000+02:00",0.79,0.999460279941559,9.44884668524759,"almost_certain","2p4",NA,51.5625,6.0032,FALSE,35,"Eurasian Blackbird","Turdus merula","#ff65df","avian","https://media.birdweather.com/species/35/EurasianBlackbird-standard-618b3a5132c7c359fb2a2884c39deb39.jpg","https://media.birdweather.com/species/35/EurasianBlackbird-thumbnail-276878929bed08167d1fd9bf34d63d40.jpg","https://media.birdweather.com/species/35/EurasianBlackbird-png200-ba5a1b43225da4611cac429c52a52c81.png","GfkFFwKRmrx2ZYiaaQe69nlzScn3T7IA",12070996694,"https://media.birdweather.com/soundscapes/6891/6891-20260521-025403.flac",0,3,"birdnetpi"
7970602672,6891,"2026-05-21T04:53:51.000+02:00",0.75,0.237258553504944,7.40495144686498,"almost_certain","2p4",NA,51.5641,6.0035,FALSE,20,"Black Redstart","Phoenicurus ochruros","#c8ce2d","avian","https://media.birdweather.com/species/20/BlackRedstart-standard-4255c9b712ecb46ea7d3df8d556c18e7.jpg","https://media.birdweather.com/species/20/BlackRedstart-thumbnail-2fee59acc1ecc6be7238da194869e940.jpg","https://media.birdweather.com/species/20/BlackRedstart-png200-cbc0625b8b4889aeec1da754ad906efd.png","2QgGFwT8epa+l3ZlZ5hntnh4Z/6oyZ8I",12070991486,"https://media.birdweather.com/soundscapes/6891/6891-20260521-025351.flac",0,3,"birdnetpi"
7970596101,6891,"2026-05-21T04:53:32.000+02:00",0.81,0.237258553504944,7.57642495271197,"almost_certain","2p4",NA,51.562,6.0034,FALSE,20,"Black Redstart","Phoenicurus ochruros","#c8ce2d","avian","https://media.birdweather.com/species/20/BlackRedstart-standard-4255c9b712ecb46ea7d3df8d556c18e7.jpg","https://media.birdweather.com/species/20/BlackRedstart-thumbnail-2fee59acc1ecc6be7238da194869e940.jpg","https://media.birdweather.com/species/20/BlackRedstart-png200-cbc0625b8b4889aeec1da754ad906efd.png","2QgGFwT8epa+l3ZlZ5hntnh4Z/6oyZ8I",12070981647,"https://media.birdweather.com/soundscapes/6891/6891-20260521-025332.flac",0,3,"birdnetpi"
7970591258,6891,"2026-05-21T04:53:17.000+02:00",0.92,0.237258553504944,7.84399794339141,"almost_certain","2p4",NA,51.5615,6.0038,FALSE,20,"Black Redstart","Phoenicurus ochruros","#c8ce2d","avian","https://media.birdweather.com/species/20/BlackRedstart-standard-4255c9b712ecb46ea7d3df8d556c18e7.jpg","https://media.birdweather.com/species/20/BlackRedstart-thumbnail-2fee59acc1ecc6be7238da194869e940.jpg","https://media.birdweather.com/species/20/BlackRedstart-png200-cbc0625b8b4889aeec1da754ad906efd.png","2QgGFwT8epa+l3ZlZ5hntnh4Z/6oyZ8I",12070974726,"https://media.birdweather.com/soundscapes/6891/6891-20260521-025317.flac",0,3,"birdnetpi"
7970537807,6891,"2026-05-21T04:50:29.000+02:00",0.96,0.237258553504944,7.92965083245584,"almost_certain","2p4",NA,51.5625,6.0028,FALSE,20,"Black Redstart","Phoenicurus ochruros","#c8ce2d","avian","https://media.birdweather.com/species/20/BlackRedstart-standard-4255c9b712ecb46ea7d3df8d556c18e7.jpg","https://media.birdweather.com/species/20/BlackRedstart-thumbnail-2fee59acc1ecc6be7238da194869e940.jpg","https://media.birdweather.com/species/20/BlackRedstart-png200-cbc0625b8b4889aeec1da754ad906efd.png","2QgGFwT8epa+l3ZlZ5hntnh4Z/6oyZ8I",12070896782,"https://media.birdweather.com/soundscapes/6891/6891-20260521-025029.flac",0,3,"birdnetpi"
7970523456,6891,"2026-05-21T04:49:45.000+02:00",0.98,0.237258553504944,7.9705493919709,"almost_certain","2p4",NA,51.5646,6.0046,FALSE,20,"Black Redstart","Phoenicurus ochruros","#c8ce2d","avian","https://media.birdweather.com/species/20/BlackRedstart-standard-4255c9b712ecb46ea7d3df8d556c18e7.jpg","https://media.birdweather.com/species/20/BlackRedstart-thumbnail-2fee59acc1ecc6be7238da194869e940.jpg","https://media.birdweather.com/species/20/BlackRedstart-png200-cbc0625b8b4889aeec1da754ad906efd.png","2QgGFwT8epa+l3ZlZ5hntnh4Z/6oyZ8I",12070875608,"https://media.birdweather.com/soundscapes/6891/6891-20260521-024945.flac",0,3,"birdnetpi"
7970517617,6891,"2026-05-21T04:49:37.000+02:00",0.96,0.237258553504944,7.92965083245584,"almost_certain","2p4",NA,51.5659,6.0041,FALSE,20,"Black Redstart","Phoenicurus ochruros","#c8ce2d","avian","https://media.birdweather.com/species/20/BlackRedstart-standard-4255c9b712ecb46ea7d3df8d556c18e7.jpg","https://media.birdweather.com/species/20/BlackRedstart-thumbnail-2fee59acc1ecc6be7238da194869e940.jpg","https://media.birdweather.com/species/20/BlackRedstart-png200-cbc0625b8b4889aeec1da754ad906efd.png","2QgGFwT8epa+l3ZlZ5hntnh4Z/6oyZ8I",12070866653,"https://media.birdweather.com/soundscapes/6891/6891-20260521-024937.flac",0,3,"birdnetpi"
7970511541,6891,"2026-05-21T04:49:08.000+02:00",0.84,0.237258553504944,7.65473197967269,"almost_certain","2p4",NA,51.5626,6.004,FALSE,20,"Black Redstart","Phoenicurus ochruros","#c8ce2d","avian","https://media.birdweather.com/species/20/BlackRedstart-standard-4255c9b712ecb46ea7d3df8d556c18e7.jpg","https://media.birdweather.com/species/20/BlackRedstart-thumbnail-2fee59acc1ecc6be7238da194869e940.jpg","https://media.birdweather.com/species/20/BlackRedstart-png200-cbc0625b8b4889aeec1da754ad906efd.png","2QgGFwT8epa+l3ZlZ5hntnh4Z/6oyZ8I",12070857733,"https://media.birdweather.com/soundscapes/6891/6891-20260521-024908.flac",0,3,"birdnetpi"
7970503602,6891,"2026-05-21T04:48:43.000+02:00",0.92,0.237258553504944,7.84399794339141,"almost_certain","2p4",NA,51.5629,6.0073,FALSE,20,"Black Redstart","Phoenicurus ochruros","#c8ce2d","avian","https://media.birdweather.com/species/20/BlackRedstart-standard-4255c9b712ecb46ea7d3df8d556c18e7.jpg","https://media.birdweather.com/species/20/BlackRedstart-thumbnail-2fee59acc1ecc6be7238da194869e940.jpg","https://media.birdweather.com/species/20/BlackRedstart-png200-cbc0625b8b4889aeec1da754ad906efd.png","2QgGFwT8epa+l3ZlZ5hntnh4Z/6oyZ8I",12070846109,"https://media.birdweather.com/soundscapes/6891/6891-20260521-024843.flac",0,3,"birdnetpi"
7970488859,6891,"2026-05-21T04:47:55.000+02:00",0.88,0.237258553504944,7.75263076032823,"almost_certain","2p4",NA,51.5688,6.0052,FALSE,20,"Black Redstart","Phoenicurus ochruros","#c8ce2d","avian","https://media.birdweather.com/species/20/BlackRedstart-standard-4255c9b712ecb46ea7d3df8d556c18e7.jpg","https://media.birdweather.com/species/20/BlackRedstart-thumbnail-2fee59acc1ecc6be7238da194869e940.jpg","https://media.birdweather.com/species/20/BlackRedstart-png200-cbc0625b8b4889aeec1da754ad906efd.png","2QgGFwT8epa+l3ZlZ5hntnh4Z/6oyZ8I",12070824376,"https://media.birdweather.com/soundscapes/6891/6891-20260521-024755.flac",0,3,"birdnetpi"
7970483272,6891,"2026-05-21T04:47:37.000+02:00",0.87,0.237258553504944,7.72880407281297,"almost_certain","2p4",NA,51.5664,6.0057,FALSE,20,"Black Redstart","Phoenicurus ochruros","#c8ce2d","avian","https://media.birdweather.com/species/20/BlackRedstart-standard-4255c9b712ecb46ea7d3df8d556c18e7.jpg","https://media.birdweather.com/species/20/BlackRedstart-thumbnail-2fee59acc1ecc6be7238da194869e940.jpg","https://media.birdweather.com/species/20/BlackRedstart-png200-cbc0625b8b4889aeec1da754ad906efd.png","2QgGFwT8epa+l3ZlZ5hntnh4Z/6oyZ8I",12070816058,"https://media.birdweather.com/soundscapes/6891/6891-20260521-024737.flac",0,3,"birdnetpi"
7970478234,6891,"2026-05-21T04:47:21.000+02:00",0.86,0.237258553504944,7.70455565218679,"almost_certain","2p4",NA,51.5628,6.0042,FALSE,20,"Black Redstart","Phoenicurus ochruros","#c8ce2d","avian","https://media.birdweather.com/species/20/BlackRedstart-standard-4255c9b712ecb46ea7d3df8d556c18e7.jpg","https://media.birdweather.com/species/20/BlackRedstart-thumbnail-2fee59acc1ecc6be7238da194869e940.jpg","https://media.birdweather.com/species/20/BlackRedstart-png200-cbc0625b8b4889aeec1da754ad906efd.png","2QgGFwT8epa+l3ZlZ5hntnh4Z/6oyZ8I",12070808499,"https://media.birdweather.com/soundscapes/6891/6891-20260521-024721.flac",0,3,"birdnetpi"
7970470032,6891,"2026-05-21T04:46:56.000+02:00",1,0.237258553504944,8.01026231748726,"almost_certain","2p4",NA,51.5627,6.0092,FALSE,20,"Black Redstart","Phoenicurus ochruros","#c8ce2d","avian","https://media.birdweather.com/species/20/BlackRedstart-standard-4255c9b712ecb46ea7d3df8d556c18e7.jpg","https://media.birdweather.com/species/20/BlackRedstart-thumbnail-2fee59acc1ecc6be7238da194869e940.jpg","https://media.birdweather.com/species/20/BlackRedstart-png200-cbc0625b8b4889aeec1da754ad906efd.png","2QgGFwT8epa+l3ZlZ5hntnh4Z/6oyZ8I",12070796266,"https://media.birdweather.com/soundscapes/6891/6891-20260521-024656.flac",0,3,"birdnetpi"
7970465439,6891,"2026-05-21T04:46:40.000+02:00",1,0.237258553504944,8.01026231748726,"almost_certain","2p4",NA,51.5655,6.0015,FALSE,20,"Black Redstart","Phoenicurus ochruros","#c8ce2d","avian","https://media.birdweather.com/species/20/BlackRedstart-standard-4255c9b712ecb46ea7d3df8d556c18e7.jpg","https://media.birdweather.com/species/20/BlackRedstart-thumbnail-2fee59acc1ecc6be7238da194869e940.jpg","https://media.birdweather.com/species/20/BlackRedstart-png200-cbc0625b8b4889aeec1da754ad906efd.png","2QgGFwT8epa+l3ZlZ5hntnh4Z/6oyZ8I",12070789175,"https://media.birdweather.com/soundscapes/6891/6891-20260521-024640.flac",0,3,"birdnetpi"
7970456677,6891,"2026-05-21T04:46:17.000+02:00",1,0.237258553504944,8.01026231748726,"almost_certain","2p4",NA,51.5702,6.0019,FALSE,20,"Black Redstart","Phoenicurus ochruros","#c8ce2d","avian","https://media.birdweather.com/species/20/BlackRedstart-standard-4255c9b712ecb46ea7d3df8d556c18e7.jpg","https://media.birdweather.com/species/20/BlackRedstart-thumbnail-2fee59acc1ecc6be7238da194869e940.jpg","https://media.birdweather.com/species/20/BlackRedstart-png200-cbc0625b8b4889aeec1da754ad906efd.png","2QgGFwT8epa+l3ZlZ5hntnh4Z/6oyZ8I",12070775593,"https://media.birdweather.com/soundscapes/6891/6891-20260521-024617.flac",0,3,"birdnetpi"
7970451670,6891,"2026-05-21T04:46:05.000+02:00",0.99,0.237258553504944,7.99054974717788,"almost_certain","2p4",NA,51.5625,6.0048,FALSE,20,"Black Redstart","Phoenicurus ochruros","#c8ce2d","avian","https://media.birdweather.com/species/20/BlackRedstart-standard-4255c9b712ecb46ea7d3df8d556c18e7.jpg","https://media.birdweather.com/species/20/BlackRedstart-thumbnail-2fee59acc1ecc6be7238da194869e940.jpg","https://media.birdweather.com/species/20/BlackRedstart-png200-cbc0625b8b4889aeec1da754ad906efd.png","2QgGFwT8epa+l3ZlZ5hntnh4Z/6oyZ8I",12070768170,"https://media.birdweather.com/soundscapes/6891/6891-20260521-024605.flac",0,3,"birdnetpi"
7970446157,6891,"2026-05-21T04:45:38.000+02:00",0.88,0.237258553504944,7.75263076032823,"almost_certain","2p4",NA,51.5655,6.0063,FALSE,20,"Black Redstart","Phoenicurus ochruros","#c8ce2d","avian","https://media.birdweather.com/species/20/BlackRedstart-standard-4255c9b712ecb46ea7d3df8d556c18e7.jpg","https://media.birdweather.com/species/20/BlackRedstart-thumbnail-2fee59acc1ecc6be7238da194869e940.jpg","https://media.birdweather.com/species/20/BlackRedstart-png200-cbc0625b8b4889aeec1da754ad906efd.png","2QgGFwT8epa+l3ZlZ5hntnh4Z/6oyZ8I",12070760212,"https://media.birdweather.com/soundscapes/6891/6891-20260521-024538.flac",0,3,"birdnetpi"
7970439310,6891,"2026-05-21T04:45:23.000+02:00",1,0.237258553504944,8.01026231748726,"almost_certain","2p4",NA,51.5618,6.0013,FALSE,20,"Black Redstart","Phoenicurus ochruros","#c8ce2d","avian","https://media.birdweather.com/species/20/BlackRedstart-standard-4255c9b712ecb46ea7d3df8d556c18e7.jpg","https://media.birdweather.com/species/20/BlackRedstart-thumbnail-2fee59acc1ecc6be7238da194869e940.jpg","https://media.birdweather.com/species/20/BlackRedstart-png200-cbc0625b8b4889aeec1da754ad906efd.png","2QgGFwT8epa+l3ZlZ5hntnh4Z/6oyZ8I",12070750342,"https://media.birdweather.com/soundscapes/6891/6891-20260521-024523.flac",0,3,"birdnetpi"
7970434684,6891,"2026-05-21T04:45:04.000+02:00",0.98,0.237258553504944,7.9705493919709,"almost_certain","2p4",NA,51.5646,6.0091,FALSE,20,"Black Redstart","Phoenicurus ochruros","#c8ce2d","avian","https://media.birdweather.com/species/20/BlackRedstart-standard-4255c9b712ecb46ea7d3df8d556c18e7.jpg","https://media.birdweather.com/species/20/BlackRedstart-thumbnail-2fee59acc1ecc6be7238da194869e940.jpg","https://media.birdweather.com/species/20/BlackRedstart-png200-cbc0625b8b4889aeec1da754ad906efd.png","2QgGFwT8epa+l3ZlZ5hntnh4Z/6oyZ8I",12070743333,"https://media.birdweather.com/soundscapes/6891/6891-20260521-024504.flac",0,3,"birdnetpi"
7970426136,6891,"2026-05-21T04:44:35.000+02:00",1,0.237258553504944,8.01026231748726,"almost_certain","2p4",NA,51.5632,6.0034,FALSE,20,"Black Redstart","Phoenicurus ochruros","#c8ce2d","avian","https://media.birdweather.com/species/20/BlackRedstart-standard-4255c9b712ecb46ea7d3df8d556c18e7.jpg","https://media.birdweather.com/species/20/BlackRedstart-thumbnail-2fee59acc1ecc6be7238da194869e940.jpg","https://media.birdweather.com/species/20/BlackRedstart-png200-cbc0625b8b4889aeec1da754ad906efd.png","2QgGFwT8epa+l3ZlZ5hntnh4Z/6oyZ8I",12070730281,"https://media.birdweather.com/soundscapes/6891/6891-20260521-024435.flac",0,3,"birdnetpi"
7970418379,6891,"2026-05-21T04:44:20.000+02:00",1,0.237258553504944,8.01026231748726,"almost_certain","2p4",NA,51.5628,6.0087,FALSE,20,"Black Redstart","Phoenicurus ochruros","#c8ce2d","avian","https://media.birdweather.com/species/20/BlackRedstart-standard-4255c9b712ecb46ea7d3df8d556c18e7.jpg","https://media.birdweather.com/species/20/BlackRedstart-thumbnail-2fee59acc1ecc6be7238da194869e940.jpg","https://media.birdweather.com/species/20/BlackRedstart-png200-cbc0625b8b4889aeec1da754ad906efd.png","2QgGFwT8epa+l3ZlZ5hntnh4Z/6oyZ8I",12070718546,"https://media.birdweather.com/soundscapes/6891/6891-20260521-024420.flac",0,3,"birdnetpi"
7970413242,6891,"2026-05-21T04:43:53.000+02:00",0.9,0.237258553504944,7.79907588612392,"almost_certain","2p4",NA,51.5702,6.0032,FALSE,20,"Black Redstart","Phoenicurus ochruros","#c8ce2d","avian","https://media.birdweather.com/species/20/BlackRedstart-standard-4255c9b712ecb46ea7d3df8d556c18e7.jpg","https://media.birdweather.com/species/20/BlackRedstart-thumbnail-2fee59acc1ecc6be7238da194869e940.jpg","https://media.birdweather.com/species/20/BlackRedstart-png200-cbc0625b8b4889aeec1da754ad906efd.png","2QgGFwT8epa+l3ZlZ5hntnh4Z/6oyZ8I",12070710994,"https://media.birdweather.com/soundscapes/6891/6891-20260521-024353.flac",0,3,"birdnetpi"
7970404897,6891,"2026-05-21T04:43:26.000+02:00",0.99,0.237258553504944,7.99054974717788,"almost_certain","2p4",NA,51.565,6.0044,FALSE,20,"Black Redstart","Phoenicurus ochruros","#c8ce2d","avian","https://media.birdweather.com/species/20/BlackRedstart-standard-4255c9b712ecb46ea7d3df8d556c18e7.jpg","https://media.birdweather.com/species/20/BlackRedstart-thumbnail-2fee59acc1ecc6be7238da194869e940.jpg","https://media.birdweather.com/species/20/BlackRedstart-png200-cbc0625b8b4889aeec1da754ad906efd.png","2QgGFwT8epa+l3ZlZ5hntnh4Z/6oyZ8I",12070698315,"https://media.birdweather.com/soundscapes/6891/6891-20260521-024326.flac",0,3,"birdnetpi"
7970379499,6891,"2026-05-21T04:42:07.000+02:00",0.98,0.237258553504944,7.9705493919709,"almost_certain","2p4",NA,51.566,6.0024,FALSE,20,"Black Redstart","Phoenicurus ochruros","#c8ce2d","avian","https://media.birdweather.com/species/20/BlackRedstart-standard-4255c9b712ecb46ea7d3df8d556c18e7.jpg","https://media.birdweather.com/species/20/BlackRedstart-thumbnail-2fee59acc1ecc6be7238da194869e940.jpg","https://media.birdweather.com/species/20/BlackRedstart-png200-cbc0625b8b4889aeec1da754ad906efd.png","2QgGFwT8epa+l3ZlZ5hntnh4Z/6oyZ8I",12070660502,"https://media.birdweather.com/soundscapes/6891/6891-20260521-024207.flac",0,3,"birdnetpi"
7970322736,6891,"2026-05-21T04:39:12.000+02:00",0.95,0.999460279941559,9.83596343659305,"almost_certain","2p4",NA,51.5679,6.0042,FALSE,35,"Eurasian Blackbird","Turdus merula","#ff65df","avian","https://media.birdweather.com/species/35/EurasianBlackbird-standard-618b3a5132c7c359fb2a2884c39deb39.jpg","https://media.birdweather.com/species/35/EurasianBlackbird-thumbnail-276878929bed08167d1fd9bf34d63d40.jpg","https://media.birdweather.com/species/35/EurasianBlackbird-png200-ba5a1b43225da4611cac429c52a52c81.png","GfkFFwKRmrx2ZYiaaQe69nlzScn3T7IA",12070573839,"https://media.birdweather.com/soundscapes/6891/6891-20260521-023912.flac",0,3,"birdnetpi"
7970318155,6891,"2026-05-21T04:38:51.000+02:00",0.99,0.999460279941559,9.91777878813428,"almost_certain","2p4",NA,51.5671,6.0087,FALSE,35,"Eurasian Blackbird","Turdus merula","#ff65df","avian","https://media.birdweather.com/species/35/EurasianBlackbird-standard-618b3a5132c7c359fb2a2884c39deb39.jpg","https://media.birdweather.com/species/35/EurasianBlackbird-thumbnail-276878929bed08167d1fd9bf34d63d40.jpg","https://media.birdweather.com/species/35/EurasianBlackbird-png200-ba5a1b43225da4611cac429c52a52c81.png","GfkFFwKRmrx2ZYiaaQe69nlzScn3T7IA",12070566734,"https://media.birdweather.com/soundscapes/6891/6891-20260521-023851.flac",0,3,"birdnetpi"
7970310179,6891,"2026-05-21T04:38:20.000+02:00",0.96,0.999460279941559,9.85687987341223,"almost_certain","2p4",NA,51.5615,6.0051,FALSE,35,"Eurasian Blackbird","Turdus merula","#ff65df","avian","https://media.birdweather.com/species/35/EurasianBlackbird-standard-618b3a5132c7c359fb2a2884c39deb39.jpg","https://media.birdweather.com/species/35/EurasianBlackbird-thumbnail-276878929bed08167d1fd9bf34d63d40.jpg","https://media.birdweather.com/species/35/EurasianBlackbird-png200-ba5a1b43225da4611cac429c52a52c81.png","GfkFFwKRmrx2ZYiaaQe69nlzScn3T7IA",12070554182,"https://media.birdweather.com/soundscapes/6891/6891-20260521-023820.flac",0,3,"birdnetpi"
7970305649,6891,"2026-05-21T04:38:03.000+02:00",0.98,0.999460279941559,9.8977784329273,"almost_certain","2p4",NA,51.5684,6.004,FALSE,35,"Eurasian Blackbird","Turdus merula","#ff65df","avian","https://media.birdweather.com/species/35/EurasianBlackbird-standard-618b3a5132c7c359fb2a2884c39deb39.jpg","https://media.birdweather.com/species/35/EurasianBlackbird-thumbnail-276878929bed08167d1fd9bf34d63d40.jpg","https://media.birdweather.com/species/35/EurasianBlackbird-png200-ba5a1b43225da4611cac429c52a52c81.png","GfkFFwKRmrx2ZYiaaQe69nlzScn3T7IA",12070547122,"https://media.birdweather.com/soundscapes/6891/6891-20260521-023803.flac",0,3,"birdnetpi"
7970300797,6891,"2026-05-21T04:37:49.000+02:00",0.98,0.999460279941559,9.8977784329273,"almost_certain","2p4",NA,51.5665,6.0067,FALSE,35,"Eurasian Blackbird","Turdus merula","#ff65df","avian","https://media.birdweather.com/species/35/EurasianBlackbird-standard-618b3a5132c7c359fb2a2884c39deb39.jpg","https://media.birdweather.com/species/35/EurasianBlackbird-thumbnail-276878929bed08167d1fd9bf34d63d40.jpg","https://media.birdweather.com/species/35/EurasianBlackbird-png200-ba5a1b43225da4611cac429c52a52c81.png","GfkFFwKRmrx2ZYiaaQe69nlzScn3T7IA",12070539636,"https://media.birdweather.com/soundscapes/6891/6891-20260521-023749.flac",0,3,"birdnetpi"
7970291784,6891,"2026-05-21T04:37:22.000+02:00",0.98,0.999460279941559,9.8977784329273,"almost_certain","2p4",NA,51.5665,6.0075,FALSE,35,"Eurasian Blackbird","Turdus merula","#ff65df","avian","https://media.birdweather.com/species/35/EurasianBlackbird-standard-618b3a5132c7c359fb2a2884c39deb39.jpg","https://media.birdweather.com/species/35/EurasianBlackbird-thumbnail-276878929bed08167d1fd9bf34d63d40.jpg","https://media.birdweather.com/species/35/EurasianBlackbird-png200-ba5a1b43225da4611cac429c52a52c81.png","GfkFFwKRmrx2ZYiaaQe69nlzScn3T7IA",12070525789,"https://media.birdweather.com/soundscapes/6891/6891-20260521-023722.flac",0,3,"birdnetpi"
7970217899,6891,"2026-05-21T04:33:06.000+02:00",0.97,0.00578421074897051,4.18080123648079,"almost_certain","2p4",NA,51.5692,6.0032,FALSE,242,"Barn Owl","Tyto alba","#c57e94","avian","https://media.birdweather.com/species/242/BarnOwl-standard-8bec9306e3928726cbb18b498dd33c03.jpg","https://media.birdweather.com/species/242/BarnOwl-thumbnail-f2dc3ee81bc91e5f2214d7a2b7be6eef.jpg","https://media.birdweather.com/species/242/BarnOwl-png200-fe95e07244e391ae77d98d1c722d7699.png","4PgFFwKCFGWPgIlpq2aJdXiHiQRFCWME",12070408559,"https://media.birdweather.com/soundscapes/6891/6891-20260521-023306.flac",0,3,"birdnetpi"
7970174609,6891,"2026-05-21T04:30:35.000+02:00",0.9,0.00578421074897051,4.02962439815945,"almost_certain","2p4",NA,51.5644,6.0044,FALSE,242,"Barn Owl","Tyto alba","#c57e94","avian","https://media.birdweather.com/species/242/BarnOwl-standard-8bec9306e3928726cbb18b498dd33c03.jpg","https://media.birdweather.com/species/242/BarnOwl-thumbnail-f2dc3ee81bc91e5f2214d7a2b7be6eef.jpg","https://media.birdweather.com/species/242/BarnOwl-png200-fe95e07244e391ae77d98d1c722d7699.png","4PgFFwKCFGWPgIlpq2aJdXiHiQRFCWME",12070336394,"https://media.birdweather.com/soundscapes/6891/6891-20260521-023035.flac",0,3,"birdnetpi"
7970157782,6891,"2026-05-21T04:29:38.000+02:00",0.9,0.00578421074897051,4.02962439815945,"almost_certain","2p4",NA,51.5644,6.0051,FALSE,242,"Barn Owl","Tyto alba","#c57e94","avian","https://media.birdweather.com/species/242/BarnOwl-standard-8bec9306e3928726cbb18b498dd33c03.jpg","https://media.birdweather.com/species/242/BarnOwl-thumbnail-f2dc3ee81bc91e5f2214d7a2b7be6eef.jpg","https://media.birdweather.com/species/242/BarnOwl-png200-fe95e07244e391ae77d98d1c722d7699.png","4PgFFwKCFGWPgIlpq2aJdXiHiQRFCWME",12070307610,"https://media.birdweather.com/soundscapes/6891/6891-20260521-022938.flac",0,3,"birdnetpi"
7970144585,6891,"2026-05-21T04:28:43.000+02:00",0.82,0.00578421074897051,3.83357624237172,"very_likely","2p4",NA,51.5689,6.0079,FALSE,242,"Barn Owl","Tyto alba","#c57e94","avian","https://media.birdweather.com/species/242/BarnOwl-standard-8bec9306e3928726cbb18b498dd33c03.jpg","https://media.birdweather.com/species/242/BarnOwl-thumbnail-f2dc3ee81bc91e5f2214d7a2b7be6eef.jpg","https://media.birdweather.com/species/242/BarnOwl-png200-fe95e07244e391ae77d98d1c722d7699.png","4PgFFwKCFGWPgIlpq2aJdXiHiQRFCWME",12070284871,"https://media.birdweather.com/soundscapes/6891/6891-20260521-022843.flac",0,3,"birdnetpi"
7970064256,6891,"2026-05-21T04:23:44.000+02:00",0.75,0.00578421074897051,3.6354999589005,"very_likely","2p4",NA,51.5665,6.0062,FALSE,242,"Barn Owl","Tyto alba","#c57e94","avian","https://media.birdweather.com/species/242/BarnOwl-standard-8bec9306e3928726cbb18b498dd33c03.jpg","https://media.birdweather.com/species/242/BarnOwl-thumbnail-f2dc3ee81bc91e5f2214d7a2b7be6eef.jpg","https://media.birdweather.com/species/242/BarnOwl-png200-fe95e07244e391ae77d98d1c722d7699.png","4PgFFwKCFGWPgIlpq2aJdXiHiQRFCWME",12070147314,"https://media.birdweather.com/soundscapes/6891/6891-20260521-022344.flac",0,3,"birdnetpi"
7969676987,6891,"2026-05-21T03:58:55.000+02:00",0.78,0.00578421074897051,3.72391773285898,"very_likely","2p4",NA,51.5616,6.0014,FALSE,242,"Barn Owl","Tyto alba","#c57e94","avian","https://media.birdweather.com/species/242/BarnOwl-standard-8bec9306e3928726cbb18b498dd33c03.jpg","https://media.birdweather.com/species/242/BarnOwl-thumbnail-f2dc3ee81bc91e5f2214d7a2b7be6eef.jpg","https://media.birdweather.com/species/242/BarnOwl-png200-fe95e07244e391ae77d98d1c722d7699.png","4PgFFwKCFGWPgIlpq2aJdXiHiQRFCWME",12069458134,"https://media.birdweather.com/soundscapes/6891/6891-20260521-015855.flac",0,3,"birdnetpi"
7969666276,6891,"2026-05-21T03:58:13.000+02:00",0.8,0.00578421074897051,3.77984386535173,"very_likely","2p4",NA,51.5695,6.0093,FALSE,242,"Barn Owl","Tyto alba","#c57e94","avian","https://media.birdweather.com/species/242/BarnOwl-standard-8bec9306e3928726cbb18b498dd33c03.jpg","https://media.birdweather.com/species/242/BarnOwl-thumbnail-f2dc3ee81bc91e5f2214d7a2b7be6eef.jpg","https://media.birdweather.com/species/242/BarnOwl-png200-fe95e07244e391ae77d98d1c722d7699.png","4PgFFwKCFGWPgIlpq2aJdXiHiQRFCWME",12069438875,"https://media.birdweather.com/soundscapes/6891/6891-20260521-015813.flac",0,3,"birdnetpi"
7969294230,6891,"2026-05-21T03:34:31.000+02:00",0.94,0.00578421074897051,4.11804217211792,"almost_certain","2p4",NA,51.5662,6.0017,FALSE,242,"Barn Owl","Tyto alba","#c57e94","avian","https://media.birdweather.com/species/242/BarnOwl-standard-8bec9306e3928726cbb18b498dd33c03.jpg","https://media.birdweather.com/species/242/BarnOwl-thumbnail-f2dc3ee81bc91e5f2214d7a2b7be6eef.jpg","https://media.birdweather.com/species/242/BarnOwl-png200-fe95e07244e391ae77d98d1c722d7699.png","4PgFFwKCFGWPgIlpq2aJdXiHiQRFCWME",12068776163,"https://media.birdweather.com/soundscapes/6891/6891-20260521-013431.flac",0,3,"birdnetpi"
7969278763,6891,"2026-05-21T03:33:20.000+02:00",0.77,0.00578421074897051,3.69507456225795,"very_likely","2p4",NA,51.5671,6.0029,FALSE,242,"Barn Owl","Tyto alba","#c57e94","avian","https://media.birdweather.com/species/242/BarnOwl-standard-8bec9306e3928726cbb18b498dd33c03.jpg","https://media.birdweather.com/species/242/BarnOwl-thumbnail-f2dc3ee81bc91e5f2214d7a2b7be6eef.jpg","https://media.birdweather.com/species/242/BarnOwl-png200-fe95e07244e391ae77d98d1c722d7699.png","4PgFFwKCFGWPgIlpq2aJdXiHiQRFCWME",12068748748,"https://media.birdweather.com/soundscapes/6891/6891-20260521-013320.flac",0,3,"birdnetpi"
7968307156,6891,"2026-05-21T02:36:53.000+02:00",0.75,0.00578421074897051,3.6354999589005,"very_likely","2p4",NA,51.5672,6.009,FALSE,242,"Barn Owl","Tyto alba","#c57e94","avian","https://media.birdweather.com/species/242/BarnOwl-standard-8bec9306e3928726cbb18b498dd33c03.jpg","https://media.birdweather.com/species/242/BarnOwl-thumbnail-f2dc3ee81bc91e5f2214d7a2b7be6eef.jpg","https://media.birdweather.com/species/242/BarnOwl-png200-fe95e07244e391ae77d98d1c722d7699.png","4PgFFwKCFGWPgIlpq2aJdXiHiQRFCWME",12067174057,"https://media.birdweather.com/soundscapes/6891/6891-20260521-003653.flac",0,3,"birdnetpi"
7968301420,6891,"2026-05-21T02:36:37.000+02:00",0.88,0.00578421074897051,3.98317927236376,"very_likely","2p4",NA,51.57,6.009,FALSE,242,"Barn Owl","Tyto alba","#c57e94","avian","https://media.birdweather.com/species/242/BarnOwl-standard-8bec9306e3928726cbb18b498dd33c03.jpg","https://media.birdweather.com/species/242/BarnOwl-thumbnail-f2dc3ee81bc91e5f2214d7a2b7be6eef.jpg","https://media.birdweather.com/species/242/BarnOwl-png200-fe95e07244e391ae77d98d1c722d7699.png","4PgFFwKCFGWPgIlpq2aJdXiHiQRFCWME",12067165642,"https://media.birdweather.com/soundscapes/6891/6891-20260521-003637.flac",0,3,"birdnetpi"
7968103945,6891,"2026-05-21T02:26:44.000+02:00",0.88,0.00578421074897051,3.98317927236376,"very_likely","2p4",NA,51.5636,6.0013,FALSE,242,"Barn Owl","Tyto alba","#c57e94","avian","https://media.birdweather.com/species/242/BarnOwl-standard-8bec9306e3928726cbb18b498dd33c03.jpg","https://media.birdweather.com/species/242/BarnOwl-thumbnail-f2dc3ee81bc91e5f2214d7a2b7be6eef.jpg","https://media.birdweather.com/species/242/BarnOwl-png200-fe95e07244e391ae77d98d1c722d7699.png","4PgFFwKCFGWPgIlpq2aJdXiHiQRFCWME",12066888671,"https://media.birdweather.com/soundscapes/6891/6891-20260521-002644.flac",0,3,"birdnetpi"
7968036210,6891,"2026-05-21T02:23:28.000+02:00",0.92,0.00578421074897051,4.07454645542694,"almost_certain","2p4",NA,51.5649,6.0039,FALSE,242,"Barn Owl","Tyto alba","#c57e94","avian","https://media.birdweather.com/species/242/BarnOwl-standard-8bec9306e3928726cbb18b498dd33c03.jpg","https://media.birdweather.com/species/242/BarnOwl-thumbnail-f2dc3ee81bc91e5f2214d7a2b7be6eef.jpg","https://media.birdweather.com/species/242/BarnOwl-png200-fe95e07244e391ae77d98d1c722d7699.png","4PgFFwKCFGWPgIlpq2aJdXiHiQRFCWME",12066795808,"https://media.birdweather.com/soundscapes/6891/6891-20260521-002328.flac",0,3,"birdnetpi"
7968006483,6891,"2026-05-21T02:22:07.000+02:00",0.96,0.00578421074897051,4.16019934449137,"almost_certain","2p4",NA,51.5652,6.001,FALSE,242,"Barn Owl","Tyto alba","#c57e94","avian","https://media.birdweather.com/species/242/BarnOwl-standard-8bec9306e3928726cbb18b498dd33c03.jpg","https://media.birdweather.com/species/242/BarnOwl-thumbnail-f2dc3ee81bc91e5f2214d7a2b7be6eef.jpg","https://media.birdweather.com/species/242/BarnOwl-png200-fe95e07244e391ae77d98d1c722d7699.png","4PgFFwKCFGWPgIlpq2aJdXiHiQRFCWME",12066755815,"https://media.birdweather.com/soundscapes/6891/6891-20260521-002207.flac",0,3,"birdnetpi"
7968001301,6891,"2026-05-21T02:21:50.000+02:00",0.93,0.00578421074897051,4.09646692307157,"almost_certain","2p4",NA,51.5629,6.0005,FALSE,242,"Barn Owl","Tyto alba","#c57e94","avian","https://media.birdweather.com/species/242/BarnOwl-standard-8bec9306e3928726cbb18b498dd33c03.jpg","https://media.birdweather.com/species/242/BarnOwl-thumbnail-f2dc3ee81bc91e5f2214d7a2b7be6eef.jpg","https://media.birdweather.com/species/242/BarnOwl-png200-fe95e07244e391ae77d98d1c722d7699.png","4PgFFwKCFGWPgIlpq2aJdXiHiQRFCWME",12066748761,"https://media.birdweather.com/soundscapes/6891/6891-20260521-002150.flac",0,3,"birdnetpi"
7967992149,6891,"2026-05-21T02:21:31.000+02:00",0.95,0.00578421074897051,4.13928290767219,"almost_certain","2p4",NA,51.5702,6.0024,FALSE,242,"Barn Owl","Tyto alba","#c57e94","avian","https://media.birdweather.com/species/242/BarnOwl-standard-8bec9306e3928726cbb18b498dd33c03.jpg","https://media.birdweather.com/species/242/BarnOwl-thumbnail-f2dc3ee81bc91e5f2214d7a2b7be6eef.jpg","https://media.birdweather.com/species/242/BarnOwl-png200-fe95e07244e391ae77d98d1c722d7699.png","4PgFFwKCFGWPgIlpq2aJdXiHiQRFCWME",12066736186,"https://media.birdweather.com/soundscapes/6891/6891-20260521-002131.flac",0,3,"birdnetpi"
7967571269,6891,"2026-05-21T02:01:31.000+02:00",0.93,0.00578421074897051,4.09646692307157,"almost_certain","2p4",NA,51.564,6.0046,FALSE,242,"Barn Owl","Tyto alba","#c57e94","avian","https://media.birdweather.com/species/242/BarnOwl-standard-8bec9306e3928726cbb18b498dd33c03.jpg","https://media.birdweather.com/species/242/BarnOwl-thumbnail-f2dc3ee81bc91e5f2214d7a2b7be6eef.jpg","https://media.birdweather.com/species/242/BarnOwl-png200-fe95e07244e391ae77d98d1c722d7699.png","4PgFFwKCFGWPgIlpq2aJdXiHiQRFCWME",12066176731,"https://media.birdweather.com/soundscapes/6891/6891-20260521-000131.flac",0,3,"birdnetpi"
7967562038,6891,"2026-05-21T02:01:02.000+02:00",0.86,0.00578421074897051,3.93510416422232,"very_likely","2p4",NA,51.5627,6.005,FALSE,242,"Barn Owl","Tyto alba","#c57e94","avian","https://media.birdweather.com/species/242/BarnOwl-standard-8bec9306e3928726cbb18b498dd33c03.jpg","https://media.birdweather.com/species/242/BarnOwl-thumbnail-f2dc3ee81bc91e5f2214d7a2b7be6eef.jpg","https://media.birdweather.com/species/242/BarnOwl-png200-fe95e07244e391ae77d98d1c722d7699.png","4PgFFwKCFGWPgIlpq2aJdXiHiQRFCWME",12066164240,"https://media.birdweather.com/soundscapes/6891/6891-20260521-000102.flac",0,3,"birdnetpi"
7967549535,6891,"2026-05-21T02:00:28.000+02:00",0.99,0.00578421074897051,4.22109825921341,"almost_certain","2p4",NA,51.5661,6.0066,FALSE,242,"Barn Owl","Tyto alba","#c57e94","avian","https://media.birdweather.com/species/242/BarnOwl-standard-8bec9306e3928726cbb18b498dd33c03.jpg","https://media.birdweather.com/species/242/BarnOwl-thumbnail-f2dc3ee81bc91e5f2214d7a2b7be6eef.jpg","https://media.birdweather.com/species/242/BarnOwl-png200-fe95e07244e391ae77d98d1c722d7699.png","4PgFFwKCFGWPgIlpq2aJdXiHiQRFCWME",12066147493,"https://media.birdweather.com/soundscapes/6891/6891-20260521-000028.flac",0,3,"birdnetpi"
