"id","stationId","timestamp","confidence","probability","score","certainty","algorithm","metadata","lat","lon","favorite","species.id","species.commonName","species.scientificName","species.color","species.classification","species.imageUrl","species.thumbnailUrl","species.pngUrl","species.thumbhash","soundscape.id","soundscape.url","soundscape.startTime","soundscape.endTime","soundscape.mode"
9211893688,6891,"2026-06-29T01:43:22.000+02:00",0.81,0.00388482748530805,3.63132107311426,"very_likely","2p4",NA,51.5618,6.001,FALSE,242,"Barn Owl","Tyto alba","#c57e94","avian","https://media.birdweather.com/species/242/BarnOwl-standard-8bec9306e3928726cbb18b498dd33c03.jpg","https://media.birdweather.com/species/242/BarnOwl-thumbnail-f2dc3ee81bc91e5f2214d7a2b7be6eef.jpg","https://media.birdweather.com/species/242/BarnOwl-png200-fe95e07244e391ae77d98d1c722d7699.png","4PgFFwKCFGWPgIlpq2aJdXiHiQRFCWME",13675469548,"https://media.birdweather.com/soundscapes/6891/6891-20260628-234322.flac",0,3,"birdnetpi"
9211302180,6891,"2026-06-29T01:14:05.000+02:00",0.99,0.00388482748530805,4.04544586758018,"almost_certain","2p4",NA,51.5636,6.0079,FALSE,242,"Barn Owl","Tyto alba","#c57e94","avian","https://media.birdweather.com/species/242/BarnOwl-standard-8bec9306e3928726cbb18b498dd33c03.jpg","https://media.birdweather.com/species/242/BarnOwl-thumbnail-f2dc3ee81bc91e5f2214d7a2b7be6eef.jpg","https://media.birdweather.com/species/242/BarnOwl-png200-fe95e07244e391ae77d98d1c722d7699.png","4PgFFwKCFGWPgIlpq2aJdXiHiQRFCWME",13674628687,"https://media.birdweather.com/soundscapes/6891/6891-20260628-231405.flac",0,3,"birdnetpi"
9210257879,6891,"2026-06-29T00:22:41.000+02:00",0.98,0.00388482748530805,4.0254455123732,"almost_certain","2p4",NA,51.5673,6.0067,FALSE,242,"Barn Owl","Tyto alba","#c57e94","avian","https://media.birdweather.com/species/242/BarnOwl-standard-8bec9306e3928726cbb18b498dd33c03.jpg","https://media.birdweather.com/species/242/BarnOwl-thumbnail-f2dc3ee81bc91e5f2214d7a2b7be6eef.jpg","https://media.birdweather.com/species/242/BarnOwl-png200-fe95e07244e391ae77d98d1c722d7699.png","4PgFFwKCFGWPgIlpq2aJdXiHiQRFCWME",13673156883,"https://media.birdweather.com/soundscapes/6891/6891-20260628-222241.flac",0,3,"birdnetpi"
9209918366,6891,"2026-06-29T00:05:37.000+02:00",0.96,0.00388482748530805,3.98454695285814,"very_likely","2p4",NA,51.5662,6.0036,FALSE,242,"Barn Owl","Tyto alba","#c57e94","avian","https://media.birdweather.com/species/242/BarnOwl-standard-8bec9306e3928726cbb18b498dd33c03.jpg","https://media.birdweather.com/species/242/BarnOwl-thumbnail-f2dc3ee81bc91e5f2214d7a2b7be6eef.jpg","https://media.birdweather.com/species/242/BarnOwl-png200-fe95e07244e391ae77d98d1c722d7699.png","4PgFFwKCFGWPgIlpq2aJdXiHiQRFCWME",13672668998,"https://media.birdweather.com/soundscapes/6891/6891-20260628-220537.flac",0,3,"birdnetpi"
9208402506,6891,"2026-06-28T22:50:55.000+02:00",0.96,0.584394454956055,9.13128961457485,"almost_certain","2p4",NA,51.5656,6.0009,FALSE,201,"Graylag Goose","Anser anser","#844800","avian","https://media.birdweather.com/species/201/GraylagGoose-standard-5235ddd797e4ea12096e170348c7ba78.jpg","https://media.birdweather.com/species/201/GraylagGoose-thumbnail-dcbb525def2966bd14949956147c5dba.jpg","https://media.birdweather.com/species/201/GraylagGoose-png200-40b0bbf2cd8e268c481e679711a36bb6.png","GtkFHwTASHhwaYe4ZomGWWSKiJ74ZlQA",13670529270,"https://media.birdweather.com/soundscapes/6891/6891-20260628-205055.flac",0,3,"birdnetpi"
9208377325,6891,"2026-06-28T22:49:34.000+02:00",0.73,0.584394454956055,8.54430677649883,"almost_certain","2p4",NA,51.5624,6.0093,FALSE,201,"Graylag Goose","Anser anser","#844800","avian","https://media.birdweather.com/species/201/GraylagGoose-standard-5235ddd797e4ea12096e170348c7ba78.jpg","https://media.birdweather.com/species/201/GraylagGoose-thumbnail-dcbb525def2966bd14949956147c5dba.jpg","https://media.birdweather.com/species/201/GraylagGoose-png200-40b0bbf2cd8e268c481e679711a36bb6.png","GtkFHwTASHhwaYe4ZomGWWSKiJ74ZlQA",13670493957,"https://media.birdweather.com/soundscapes/6891/6891-20260628-204934.flac",0,3,"birdnetpi"
9208371663,6891,"2026-06-28T22:49:16.000+02:00",0.94,0.584394454956055,9.0891324422014,"almost_certain","2p4",NA,51.5643,6.0031,FALSE,201,"Graylag Goose","Anser anser","#844800","avian","https://media.birdweather.com/species/201/GraylagGoose-standard-5235ddd797e4ea12096e170348c7ba78.jpg","https://media.birdweather.com/species/201/GraylagGoose-thumbnail-dcbb525def2966bd14949956147c5dba.jpg","https://media.birdweather.com/species/201/GraylagGoose-png200-40b0bbf2cd8e268c481e679711a36bb6.png","GtkFHwTASHhwaYe4ZomGWWSKiJ74ZlQA",13670485963,"https://media.birdweather.com/soundscapes/6891/6891-20260628-204916.flac",0,3,"birdnetpi"
9207369968,6891,"2026-06-28T22:02:25.000+02:00",0.93,0.235489740967751,7.85608262423832,"almost_certain","2p4",NA,51.5698,6.008,FALSE,20,"Black Redstart","Phoenicurus ochruros","#c8ce2d","avian","https://media.birdweather.com/species/20/BlackRedstart-standard-4255c9b712ecb46ea7d3df8d556c18e7.jpg","https://media.birdweather.com/species/20/BlackRedstart-thumbnail-2fee59acc1ecc6be7238da194869e940.jpg","https://media.birdweather.com/species/20/BlackRedstart-png200-cbc0625b8b4889aeec1da754ad906efd.png","2QgGFwT8epa+l3ZlZ5hntnh4Z/6oyZ8I",13669134940,"https://media.birdweather.com/soundscapes/6891/6891-20260628-200225.flac",0,3,"birdnetpi"
9207367843,6891,"2026-06-28T22:02:17.000+02:00",0.81,0.99532687664032,9.49803278405455,"almost_certain","2p4",NA,51.5678,6.0008,FALSE,58,"Carrion Crow","Corvus corone","#01a85a","avian","https://media.birdweather.com/species/58/CarrionCrow-standard-ed24da07616d0cd7c5ef9cd2892ec869.jpg","https://media.birdweather.com/species/58/CarrionCrow-thumbnail-38cc6285bbd8f8340f32fa4dc3f58a69.jpg","https://media.birdweather.com/species/58/CarrionCrow-png200-5ec2904f61f6588853b296f54d8d0cb6.png","nggODwDDmZlqdoiPdLeIWIiYaK6A1gMK",13669132106,"https://media.birdweather.com/soundscapes/6891/6891-20260628-200217.flac",0,3,"birdnetpi"
9207355998,6891,"2026-06-28T22:01:46.000+02:00",0.81,0.235489740967751,7.56658916591424,"almost_certain","2p4",NA,51.5648,6.0034,FALSE,20,"Black Redstart","Phoenicurus ochruros","#c8ce2d","avian","https://media.birdweather.com/species/20/BlackRedstart-standard-4255c9b712ecb46ea7d3df8d556c18e7.jpg","https://media.birdweather.com/species/20/BlackRedstart-thumbnail-2fee59acc1ecc6be7238da194869e940.jpg","https://media.birdweather.com/species/20/BlackRedstart-png200-cbc0625b8b4889aeec1da754ad906efd.png","2QgGFwT8epa+l3ZlZ5hntnh4Z/6oyZ8I",13669116664,"https://media.birdweather.com/soundscapes/6891/6891-20260628-200146.flac",0,3,"birdnetpi"
9207122458,6891,"2026-06-28T21:51:17.000+02:00",0.82,0.96339750289917,9.48041814593839,"almost_certain","2p4",NA,51.565,6.0044,FALSE,25,"Common Chaffinch","Fringilla coelebs","#fb7eff","avian","https://media.birdweather.com/species/25/CommonChaffinch-standard-d8edb223d1ec828ee0cda788e8f5f209.jpg","https://media.birdweather.com/species/25/CommonChaffinch-thumbnail-7ba0a46bb0cd7efdb3215242f9528140.jpg","https://media.birdweather.com/species/25/CommonChaffinch-png200-ced617224ab07c316109e2d0e9078f2e.png","WfgJDwKGhIbAbHimmnhluHh2tv25ZoAD",13668810388,"https://media.birdweather.com/soundscapes/6891/6891-20260628-195117.flac",0,3,"birdnetpi"
9207106226,6891,"2026-06-28T21:50:34.000+02:00",0.89,0.96339750289917,9.65344054963267,"almost_certain","2p4",NA,51.5621,6.0069,FALSE,25,"Common Chaffinch","Fringilla coelebs","#fb7eff","avian","https://media.birdweather.com/species/25/CommonChaffinch-standard-d8edb223d1ec828ee0cda788e8f5f209.jpg","https://media.birdweather.com/species/25/CommonChaffinch-thumbnail-7ba0a46bb0cd7efdb3215242f9528140.jpg","https://media.birdweather.com/species/25/CommonChaffinch-png200-ced617224ab07c316109e2d0e9078f2e.png","WfgJDwKGhIbAbHimmnhluHh2tv25ZoAD",13668789066,"https://media.birdweather.com/soundscapes/6891/6891-20260628-195034.flac",0,3,"birdnetpi"
9207100369,6891,"2026-06-28T21:50:19.000+02:00",0.8,0.96339750289917,9.42668576891839,"almost_certain","2p4",NA,51.5652,6.0031,FALSE,25,"Common Chaffinch","Fringilla coelebs","#fb7eff","avian","https://media.birdweather.com/species/25/CommonChaffinch-standard-d8edb223d1ec828ee0cda788e8f5f209.jpg","https://media.birdweather.com/species/25/CommonChaffinch-thumbnail-7ba0a46bb0cd7efdb3215242f9528140.jpg","https://media.birdweather.com/species/25/CommonChaffinch-png200-ced617224ab07c316109e2d0e9078f2e.png","WfgJDwKGhIbAbHimmnhluHh2tv25ZoAD",13668781587,"https://media.birdweather.com/soundscapes/6891/6891-20260628-195019.flac",0,3,"birdnetpi"
9207091462,6891,"2026-06-28T21:49:55.000+02:00",0.71,0.96339750289917,9.15480798286673,"almost_certain","2p4",NA,51.5671,6.0075,FALSE,25,"Common Chaffinch","Fringilla coelebs","#fb7eff","avian","https://media.birdweather.com/species/25/CommonChaffinch-standard-d8edb223d1ec828ee0cda788e8f5f209.jpg","https://media.birdweather.com/species/25/CommonChaffinch-thumbnail-7ba0a46bb0cd7efdb3215242f9528140.jpg","https://media.birdweather.com/species/25/CommonChaffinch-png200-ced617224ab07c316109e2d0e9078f2e.png","WfgJDwKGhIbAbHimmnhluHh2tv25ZoAD",13668769981,"https://media.birdweather.com/soundscapes/6891/6891-20260628-194955.flac",0,3,"birdnetpi"
9207054329,6891,"2026-06-28T21:48:18.000+02:00",1,0.893091917037964,9.7849463085687,"almost_certain","2p4",NA,51.568,6.002,FALSE,551,"Common Swift","Apus apus","#234bb2","avian","https://media.birdweather.com/species/551/CommonSwift-standard-ba54f84fbd8481b1c0de60654fbd79d5.jpg","https://media.birdweather.com/species/551/CommonSwift-thumbnail-bad1d7e3c141990f11d01e49e9f768ac.jpg","https://media.birdweather.com/species/551/CommonSwift-png200-f52bea49cb0e4232049806bde3e1a401.png","LLYFFwLchWelV5dvsqh1jKZoKJIEMkoA",13668721538,"https://media.birdweather.com/soundscapes/6891/6891-20260628-194818.flac",0,3,"birdnetpi"
9207048719,6891,"2026-06-28T21:48:03.000+02:00",0.98,0.651233911514282,9.31818152252948,"almost_certain","2p4",NA,51.5683,6.0072,FALSE,119,"Common House-Martin","Delichon urbicum","#53b1ff","avian","https://media.birdweather.com/species/119/CommonHouse-Martin-standard-9ffbcc688c51210fb136a162c84d82ad.jpg","https://media.birdweather.com/species/119/CommonHouse-Martin-thumbnail-dd7059ca6235347c3097e7a66f04df95.jpg","https://media.birdweather.com/species/119/CommonHouse-Martin-png200-a73a8953ce2af50676da81e70b2746b2.png","YhgKDwKJd4iIiHd/h5h5d4mIeQqVllAH",13668714197,"https://media.birdweather.com/soundscapes/6891/6891-20260628-194803.flac",0,3,"birdnetpi"
9207022839,6891,"2026-06-28T21:46:51.000+02:00",0.78,0.96339750289917,9.37075963642564,"almost_certain","2p4",NA,51.5692,6.002,FALSE,25,"Common Chaffinch","Fringilla coelebs","#fb7eff","avian","https://media.birdweather.com/species/25/CommonChaffinch-standard-d8edb223d1ec828ee0cda788e8f5f209.jpg","https://media.birdweather.com/species/25/CommonChaffinch-thumbnail-7ba0a46bb0cd7efdb3215242f9528140.jpg","https://media.birdweather.com/species/25/CommonChaffinch-png200-ced617224ab07c316109e2d0e9078f2e.png","WfgJDwKGhIbAbHimmnhluHh2tv25ZoAD",13668680337,"https://media.birdweather.com/soundscapes/6891/6891-20260628-194651.flac",0,3,"birdnetpi"
9206951992,6891,"2026-06-28T21:43:40.000+02:00",0.83,0.995071530342102,9.55038357375915,"almost_certain","2p4",NA,51.5685,6.006,FALSE,407,"Common Wood-Pigeon","Columba palumbus","#028fb2","avian","https://media.birdweather.com/species/407/CommonWood-Pigeon-standard-5558900260c92622ceef8a812b06518e.jpg","https://media.birdweather.com/species/407/CommonWood-Pigeon-thumbnail-4b86c907c8b82c8af31d566b811dee05.jpg","https://media.birdweather.com/species/407/CommonWood-Pigeon-png200-533b13201573be3895fcec3e61e861b5.png","2ukFHwIHiYeWxnZUiniYZ3h5h6+rCIQH",13668587226,"https://media.birdweather.com/soundscapes/6891/6891-20260628-194340.flac",0,3,"birdnetpi"
9206938436,6891,"2026-06-28T21:43:03.000+02:00",0.97,0.893091917037964,9.7249367155267,"almost_certain","2p4",NA,51.5618,6.0036,FALSE,551,"Common Swift","Apus apus","#234bb2","avian","https://media.birdweather.com/species/551/CommonSwift-standard-ba54f84fbd8481b1c0de60654fbd79d5.jpg","https://media.birdweather.com/species/551/CommonSwift-thumbnail-bad1d7e3c141990f11d01e49e9f768ac.jpg","https://media.birdweather.com/species/551/CommonSwift-png200-f52bea49cb0e4232049806bde3e1a401.png","LLYFFwLchWelV5dvsqh1jKZoKJIEMkoA",13668569356,"https://media.birdweather.com/soundscapes/6891/6891-20260628-194303.flac",0,3,"birdnetpi"
9206866700,6891,"2026-06-28T21:39:54.000+02:00",0.87,0.995071530342102,9.65006388912608,"almost_certain","2p4",NA,51.5642,6.0085,FALSE,407,"Common Wood-Pigeon","Columba palumbus","#028fb2","avian","https://media.birdweather.com/species/407/CommonWood-Pigeon-standard-5558900260c92622ceef8a812b06518e.jpg","https://media.birdweather.com/species/407/CommonWood-Pigeon-thumbnail-4b86c907c8b82c8af31d566b811dee05.jpg","https://media.birdweather.com/species/407/CommonWood-Pigeon-png200-533b13201573be3895fcec3e61e861b5.png","2ukFHwIHiYeWxnZUiniYZ3h5h6+rCIQH",13668474681,"https://media.birdweather.com/soundscapes/6891/6891-20260628-193954.flac",0,3,"birdnetpi"
9206863418,6891,"2026-06-28T21:39:40.000+02:00",0.7,0.998033106327057,9.16887945428799,"almost_certain","2p4",NA,51.5689,6.0075,FALSE,35,"Eurasian Blackbird","Turdus merula","#ff65df","avian","https://media.birdweather.com/species/35/EurasianBlackbird-standard-618b3a5132c7c359fb2a2884c39deb39.jpg","https://media.birdweather.com/species/35/EurasianBlackbird-thumbnail-276878929bed08167d1fd9bf34d63d40.jpg","https://media.birdweather.com/species/35/EurasianBlackbird-png200-ba5a1b43225da4611cac429c52a52c81.png","GfkFFwKRmrx2ZYiaaQe69nlzScn3T7IA",13668470342,"https://media.birdweather.com/soundscapes/6891/6891-20260628-193940.flac",0,3,"birdnetpi"
9206853486,6891,"2026-06-28T21:39:13.000+02:00",0.98,0.995071530342102,9.89180920828401,"almost_certain","2p4",NA,51.5644,6.0046,FALSE,407,"Common Wood-Pigeon","Columba palumbus","#028fb2","avian","https://media.birdweather.com/species/407/CommonWood-Pigeon-standard-5558900260c92622ceef8a812b06518e.jpg","https://media.birdweather.com/species/407/CommonWood-Pigeon-thumbnail-4b86c907c8b82c8af31d566b811dee05.jpg","https://media.birdweather.com/species/407/CommonWood-Pigeon-png200-533b13201573be3895fcec3e61e861b5.png","2ukFHwIHiYeWxnZUiniYZ3h5h6+rCIQH",13668457263,"https://media.birdweather.com/soundscapes/6891/6891-20260628-193913.flac",0,3,"birdnetpi"
9206840161,6891,"2026-06-28T21:38:40.000+02:00",0.98,0.995071530342102,9.89180920828401,"almost_certain","2p4",NA,51.5639,6.0007,FALSE,407,"Common Wood-Pigeon","Columba palumbus","#028fb2","avian","https://media.birdweather.com/species/407/CommonWood-Pigeon-standard-5558900260c92622ceef8a812b06518e.jpg","https://media.birdweather.com/species/407/CommonWood-Pigeon-thumbnail-4b86c907c8b82c8af31d566b811dee05.jpg","https://media.birdweather.com/species/407/CommonWood-Pigeon-png200-533b13201573be3895fcec3e61e861b5.png","2ukFHwIHiYeWxnZUiniYZ3h5h6+rCIQH",13668439677,"https://media.birdweather.com/soundscapes/6891/6891-20260628-193840.flac",0,3,"birdnetpi"
9206836836,6891,"2026-06-28T21:38:30.000+02:00",0.99,0.893091917037964,9.76523373825932,"almost_certain","2p4",NA,51.5666,6.0042,FALSE,551,"Common Swift","Apus apus","#234bb2","avian","https://media.birdweather.com/species/551/CommonSwift-standard-ba54f84fbd8481b1c0de60654fbd79d5.jpg","https://media.birdweather.com/species/551/CommonSwift-thumbnail-bad1d7e3c141990f11d01e49e9f768ac.jpg","https://media.birdweather.com/species/551/CommonSwift-png200-f52bea49cb0e4232049806bde3e1a401.png","LLYFFwLchWelV5dvsqh1jKZoKJIEMkoA",13668435419,"https://media.birdweather.com/soundscapes/6891/6891-20260628-193830.flac",0,3,"birdnetpi"
9206823799,6891,"2026-06-28T21:37:57.000+02:00",0.78,0.995071530342102,9.41462903713655,"almost_certain","2p4",NA,51.5619,6.0044,FALSE,407,"Common Wood-Pigeon","Columba palumbus","#028fb2","avian","https://media.birdweather.com/species/407/CommonWood-Pigeon-standard-5558900260c92622ceef8a812b06518e.jpg","https://media.birdweather.com/species/407/CommonWood-Pigeon-thumbnail-4b86c907c8b82c8af31d566b811dee05.jpg","https://media.birdweather.com/species/407/CommonWood-Pigeon-png200-533b13201573be3895fcec3e61e861b5.png","2ukFHwIHiYeWxnZUiniYZ3h5h6+rCIQH",13668418093,"https://media.birdweather.com/soundscapes/6891/6891-20260628-193757.flac",0,3,"birdnetpi"
9206773377,6891,"2026-06-28T21:35:37.000+02:00",0.8,0.998033106327057,9.47458611958846,"almost_certain","2p4",NA,51.5666,6.0015,FALSE,35,"Eurasian Blackbird","Turdus merula","#ff65df","avian","https://media.birdweather.com/species/35/EurasianBlackbird-standard-618b3a5132c7c359fb2a2884c39deb39.jpg","https://media.birdweather.com/species/35/EurasianBlackbird-thumbnail-276878929bed08167d1fd9bf34d63d40.jpg","https://media.birdweather.com/species/35/EurasianBlackbird-png200-ba5a1b43225da4611cac429c52a52c81.png","GfkFFwKRmrx2ZYiaaQe69nlzScn3T7IA",13668351742,"https://media.birdweather.com/soundscapes/6891/6891-20260628-193537.flac",0,3,"birdnetpi"
9206761388,6891,"2026-06-28T21:35:03.000+02:00",0.81,0.998033106327057,9.50171571898422,"almost_certain","2p4",NA,51.5618,6.0056,FALSE,35,"Eurasian Blackbird","Turdus merula","#ff65df","avian","https://media.birdweather.com/species/35/EurasianBlackbird-standard-618b3a5132c7c359fb2a2884c39deb39.jpg","https://media.birdweather.com/species/35/EurasianBlackbird-thumbnail-276878929bed08167d1fd9bf34d63d40.jpg","https://media.birdweather.com/species/35/EurasianBlackbird-png200-ba5a1b43225da4611cac429c52a52c81.png","GfkFFwKRmrx2ZYiaaQe69nlzScn3T7IA",13668335717,"https://media.birdweather.com/soundscapes/6891/6891-20260628-193503.flac",0,3,"birdnetpi"
9206755830,6891,"2026-06-28T21:34:48.000+02:00",0.74,0.998033106327057,9.29945440061991,"almost_certain","2p4",NA,51.567,6.0049,FALSE,35,"Eurasian Blackbird","Turdus merula","#ff65df","avian","https://media.birdweather.com/species/35/EurasianBlackbird-standard-618b3a5132c7c359fb2a2884c39deb39.jpg","https://media.birdweather.com/species/35/EurasianBlackbird-thumbnail-276878929bed08167d1fd9bf34d63d40.jpg","https://media.birdweather.com/species/35/EurasianBlackbird-png200-ba5a1b43225da4611cac429c52a52c81.png","GfkFFwKRmrx2ZYiaaQe69nlzScn3T7IA",13668328377,"https://media.birdweather.com/soundscapes/6891/6891-20260628-193448.flac",0,3,"birdnetpi"
9206745911,6891,"2026-06-28T21:34:22.000+02:00",0.87,0.998033106327057,9.65409483908523,"almost_certain","2p4",NA,51.5632,6.0094,FALSE,35,"Eurasian Blackbird","Turdus merula","#ff65df","avian","https://media.birdweather.com/species/35/EurasianBlackbird-standard-618b3a5132c7c359fb2a2884c39deb39.jpg","https://media.birdweather.com/species/35/EurasianBlackbird-thumbnail-276878929bed08167d1fd9bf34d63d40.jpg","https://media.birdweather.com/species/35/EurasianBlackbird-png200-ba5a1b43225da4611cac429c52a52c81.png","GfkFFwKRmrx2ZYiaaQe69nlzScn3T7IA",13668315245,"https://media.birdweather.com/soundscapes/6891/6891-20260628-193422.flac",0,3,"birdnetpi"
9206729142,6891,"2026-06-28T21:33:37.000+02:00",0.98,0.998033106327057,9.89584015824316,"almost_certain","2p4",NA,51.568,6.0069,FALSE,35,"Eurasian Blackbird","Turdus merula","#ff65df","avian","https://media.birdweather.com/species/35/EurasianBlackbird-standard-618b3a5132c7c359fb2a2884c39deb39.jpg","https://media.birdweather.com/species/35/EurasianBlackbird-thumbnail-276878929bed08167d1fd9bf34d63d40.jpg","https://media.birdweather.com/species/35/EurasianBlackbird-png200-ba5a1b43225da4611cac429c52a52c81.png","GfkFFwKRmrx2ZYiaaQe69nlzScn3T7IA",13668293343,"https://media.birdweather.com/soundscapes/6891/6891-20260628-193337.flac",0,3,"birdnetpi"
9206722392,6891,"2026-06-28T21:33:24.000+02:00",0.75,0.995071530342102,9.32621126317808,"almost_certain","2p4",NA,51.564,6.0051,FALSE,407,"Common Wood-Pigeon","Columba palumbus","#028fb2","avian","https://media.birdweather.com/species/407/CommonWood-Pigeon-standard-5558900260c92622ceef8a812b06518e.jpg","https://media.birdweather.com/species/407/CommonWood-Pigeon-thumbnail-4b86c907c8b82c8af31d566b811dee05.jpg","https://media.birdweather.com/species/407/CommonWood-Pigeon-png200-533b13201573be3895fcec3e61e861b5.png","2ukFHwIHiYeWxnZUiniYZ3h5h6+rCIQH",13668284652,"https://media.birdweather.com/soundscapes/6891/6891-20260628-193324.flac",0,3,"birdnetpi"
9206718947,6891,"2026-06-28T21:33:08.000+02:00",0.99,0.651233911514282,9.33818187773646,"almost_certain","2p4",NA,51.5676,6.009,FALSE,119,"Common House-Martin","Delichon urbicum","#53b1ff","avian","https://media.birdweather.com/species/119/CommonHouse-Martin-standard-9ffbcc688c51210fb136a162c84d82ad.jpg","https://media.birdweather.com/species/119/CommonHouse-Martin-thumbnail-dd7059ca6235347c3097e7a66f04df95.jpg","https://media.birdweather.com/species/119/CommonHouse-Martin-png200-a73a8953ce2af50676da81e70b2746b2.png","YhgKDwKJd4iIiHd/h5h5d4mIeQqVllAH",13668280304,"https://media.birdweather.com/soundscapes/6891/6891-20260628-193308.flac",0,3,"birdnetpi"
9206712295,6891,"2026-06-28T21:33:00.000+02:00",0.84,0.995071530342102,9.5759917959858,"almost_certain","2p4",NA,51.5703,6.0023,FALSE,407,"Common Wood-Pigeon","Columba palumbus","#028fb2","avian","https://media.birdweather.com/species/407/CommonWood-Pigeon-standard-5558900260c92622ceef8a812b06518e.jpg","https://media.birdweather.com/species/407/CommonWood-Pigeon-thumbnail-4b86c907c8b82c8af31d566b811dee05.jpg","https://media.birdweather.com/species/407/CommonWood-Pigeon-png200-533b13201573be3895fcec3e61e861b5.png","2ukFHwIHiYeWxnZUiniYZ3h5h6+rCIQH",13668271611,"https://media.birdweather.com/soundscapes/6891/6891-20260628-193300.flac",0,3,"birdnetpi"
9206702359,6891,"2026-06-28T21:32:24.000+02:00",0.72,0.998033106327057,9.23572197920011,"almost_certain","2p4",NA,51.5692,6.0021,FALSE,35,"Eurasian Blackbird","Turdus merula","#ff65df","avian","https://media.birdweather.com/species/35/EurasianBlackbird-standard-618b3a5132c7c359fb2a2884c39deb39.jpg","https://media.birdweather.com/species/35/EurasianBlackbird-thumbnail-276878929bed08167d1fd9bf34d63d40.jpg","https://media.birdweather.com/species/35/EurasianBlackbird-png200-ba5a1b43225da4611cac429c52a52c81.png","GfkFFwKRmrx2ZYiaaQe69nlzScn3T7IA",13668258511,"https://media.birdweather.com/soundscapes/6891/6891-20260628-193224.flac",0,3,"birdnetpi"
9206652673,6891,"2026-06-28T21:30:13.000+02:00",0.82,0.995071530342102,9.5242875466493,"almost_certain","2p4",NA,51.5689,6.0048,FALSE,407,"Common Wood-Pigeon","Columba palumbus","#028fb2","avian","https://media.birdweather.com/species/407/CommonWood-Pigeon-standard-5558900260c92622ceef8a812b06518e.jpg","https://media.birdweather.com/species/407/CommonWood-Pigeon-thumbnail-4b86c907c8b82c8af31d566b811dee05.jpg","https://media.birdweather.com/species/407/CommonWood-Pigeon-png200-533b13201573be3895fcec3e61e861b5.png","2ukFHwIHiYeWxnZUiniYZ3h5h6+rCIQH",13668193277,"https://media.birdweather.com/soundscapes/6891/6891-20260628-193013.flac",0,3,"birdnetpi"
9206641418,6891,"2026-06-28T21:29:38.000+02:00",0.88,0.235489740967751,7.74279497353051,"almost_certain","2p4",NA,51.5639,6.0066,FALSE,20,"Black Redstart","Phoenicurus ochruros","#c8ce2d","avian","https://media.birdweather.com/species/20/BlackRedstart-standard-4255c9b712ecb46ea7d3df8d556c18e7.jpg","https://media.birdweather.com/species/20/BlackRedstart-thumbnail-2fee59acc1ecc6be7238da194869e940.jpg","https://media.birdweather.com/species/20/BlackRedstart-png200-cbc0625b8b4889aeec1da754ad906efd.png","2QgGFwT8epa+l3ZlZ5hntnh4Z/6oyZ8I",13668178169,"https://media.birdweather.com/soundscapes/6891/6891-20260628-192938.flac",0,3,"birdnetpi"
9206628621,6891,"2026-06-28T21:29:08.000+02:00",0.82,0.995071530342102,9.5242875466493,"almost_certain","2p4",NA,51.5672,6.0052,FALSE,407,"Common Wood-Pigeon","Columba palumbus","#028fb2","avian","https://media.birdweather.com/species/407/CommonWood-Pigeon-standard-5558900260c92622ceef8a812b06518e.jpg","https://media.birdweather.com/species/407/CommonWood-Pigeon-thumbnail-4b86c907c8b82c8af31d566b811dee05.jpg","https://media.birdweather.com/species/407/CommonWood-Pigeon-png200-533b13201573be3895fcec3e61e861b5.png","2ukFHwIHiYeWxnZUiniYZ3h5h6+rCIQH",13668161219,"https://media.birdweather.com/soundscapes/6891/6891-20260628-192908.flac",0,3,"birdnetpi"
9206551510,6891,"2026-06-28T21:25:46.000+02:00",0.71,0.651233911514282,8.62504969782311,"almost_certain","2p4",NA,51.5646,6.003,FALSE,119,"Common House-Martin","Delichon urbicum","#53b1ff","avian","https://media.birdweather.com/species/119/CommonHouse-Martin-standard-9ffbcc688c51210fb136a162c84d82ad.jpg","https://media.birdweather.com/species/119/CommonHouse-Martin-thumbnail-dd7059ca6235347c3097e7a66f04df95.jpg","https://media.birdweather.com/species/119/CommonHouse-Martin-png200-a73a8953ce2af50676da81e70b2746b2.png","YhgKDwKJd4iIiHd/h5h5d4mIeQqVllAH",13668061755,"https://media.birdweather.com/soundscapes/6891/6891-20260628-192546.flac",0,3,"birdnetpi"
9206388518,6891,"2026-06-28T21:18:39.000+02:00",0.98,0.651233911514282,9.31818152252948,"almost_certain","2p4",NA,51.5695,6.0027,FALSE,119,"Common House-Martin","Delichon urbicum","#53b1ff","avian","https://media.birdweather.com/species/119/CommonHouse-Martin-standard-9ffbcc688c51210fb136a162c84d82ad.jpg","https://media.birdweather.com/species/119/CommonHouse-Martin-thumbnail-dd7059ca6235347c3097e7a66f04df95.jpg","https://media.birdweather.com/species/119/CommonHouse-Martin-png200-a73a8953ce2af50676da81e70b2746b2.png","YhgKDwKJd4iIiHd/h5h5d4mIeQqVllAH",13667850903,"https://media.birdweather.com/soundscapes/6891/6891-20260628-191839.flac",0,3,"birdnetpi"
9206360766,6891,"2026-06-28T21:17:16.000+02:00",0.75,0.651233911514282,8.75258357742355,"almost_certain","2p4",NA,51.5689,6.0049,FALSE,119,"Common House-Martin","Delichon urbicum","#53b1ff","avian","https://media.birdweather.com/species/119/CommonHouse-Martin-standard-9ffbcc688c51210fb136a162c84d82ad.jpg","https://media.birdweather.com/species/119/CommonHouse-Martin-thumbnail-dd7059ca6235347c3097e7a66f04df95.jpg","https://media.birdweather.com/species/119/CommonHouse-Martin-png200-a73a8953ce2af50676da81e70b2746b2.png","YhgKDwKJd4iIiHd/h5h5d4mIeQqVllAH",13667815222,"https://media.birdweather.com/soundscapes/6891/6891-20260628-191716.flac",0,3,"birdnetpi"
9206357437,6891,"2026-06-28T21:17:06.000+02:00",0.71,0.465751200914383,8.17402840563499,"almost_certain","2p4",NA,51.5676,6.0013,FALSE,103,"Eurasian Collared-Dove","Streptopelia decaocto","#006e2a","avian","https://media.birdweather.com/species/103/EurasianCollared-Dove-standard-e0c74c4f1ffe5357c4759579380dab35.jpg","https://media.birdweather.com/species/103/EurasianCollared-Dove-thumbnail-53ccb5f0a5d0640a1e766dd99c28ebca.jpg","https://media.birdweather.com/species/103/EurasianCollared-Dove-png200-4efa83c8c5efbdb09427b3c3fa247357.png","pvcFFwLpd4RvlJeUWZh2eXh4VxBqBZIH",13667810958,"https://media.birdweather.com/soundscapes/6891/6891-20260628-191706.flac",0,3,"birdnetpi"
9206347388,6891,"2026-06-28T21:16:39.000+02:00",0.86,0.465751200914383,8.60116649055725,"almost_certain","2p4",NA,51.5701,6.0016,FALSE,103,"Eurasian Collared-Dove","Streptopelia decaocto","#006e2a","avian","https://media.birdweather.com/species/103/EurasianCollared-Dove-standard-e0c74c4f1ffe5357c4759579380dab35.jpg","https://media.birdweather.com/species/103/EurasianCollared-Dove-thumbnail-53ccb5f0a5d0640a1e766dd99c28ebca.jpg","https://media.birdweather.com/species/103/EurasianCollared-Dove-png200-4efa83c8c5efbdb09427b3c3fa247357.png","pvcFFwLpd4RvlJeUWZh2eXh4VxBqBZIH",13667797816,"https://media.birdweather.com/soundscapes/6891/6891-20260628-191639.flac",0,3,"birdnetpi"
9206345410,6891,"2026-06-28T21:16:34.000+02:00",0.94,0.995071530342102,9.80875347639549,"almost_certain","2p4",NA,51.5656,6.0028,FALSE,407,"Common Wood-Pigeon","Columba palumbus","#028fb2","avian","https://media.birdweather.com/species/407/CommonWood-Pigeon-standard-5558900260c92622ceef8a812b06518e.jpg","https://media.birdweather.com/species/407/CommonWood-Pigeon-thumbnail-4b86c907c8b82c8af31d566b811dee05.jpg","https://media.birdweather.com/species/407/CommonWood-Pigeon-png200-533b13201573be3895fcec3e61e861b5.png","2ukFHwIHiYeWxnZUiniYZ3h5h6+rCIQH",13667795095,"https://media.birdweather.com/soundscapes/6891/6891-20260628-191634.flac",0,3,"birdnetpi"
9206187499,6891,"2026-06-28T21:09:45.000+02:00",0.75,0.651233911514282,8.75258357742355,"almost_certain","2p4",NA,51.5617,6.004,FALSE,119,"Common House-Martin","Delichon urbicum","#53b1ff","avian","https://media.birdweather.com/species/119/CommonHouse-Martin-standard-9ffbcc688c51210fb136a162c84d82ad.jpg","https://media.birdweather.com/species/119/CommonHouse-Martin-thumbnail-dd7059ca6235347c3097e7a66f04df95.jpg","https://media.birdweather.com/species/119/CommonHouse-Martin-png200-a73a8953ce2af50676da81e70b2746b2.png","YhgKDwKJd4iIiHd/h5h5d4mIeQqVllAH",13667593664,"https://media.birdweather.com/soundscapes/6891/6891-20260628-190945.flac",0,3,"birdnetpi"
9206152406,6891,"2026-06-28T21:08:09.000+02:00",0.83,0.841241300106049,9.32280142719216,"almost_certain","2p4",NA,51.5672,6.0081,FALSE,1,"House Sparrow","Passer domesticus","#d16ff8","avian","https://media.birdweather.com/species/1/HouseSparrow-standard-b861184cf45c092cdb45fd689dd676ef.jpg","https://media.birdweather.com/species/1/HouseSparrow-thumbnail-e9cbc91763a1579de8ef04880678b5e3.jpg","https://media.birdweather.com/species/1/HouseSparrow-png200-125e8603e1efe9d7a18316b94f06a65e.png","XAgCDwD8qpukuHiqtLZ9mImnmPFcDO4E",13667548676,"https://media.birdweather.com/soundscapes/6891/6891-20260628-190809.flac",0,3,"birdnetpi"
9206144183,6891,"2026-06-28T21:07:55.000+02:00",0.91,0.841241300106049,9.51539869954319,"almost_certain","2p4",NA,51.5643,6.0067,FALSE,1,"House Sparrow","Passer domesticus","#d16ff8","avian","https://media.birdweather.com/species/1/HouseSparrow-standard-b861184cf45c092cdb45fd689dd676ef.jpg","https://media.birdweather.com/species/1/HouseSparrow-thumbnail-e9cbc91763a1579de8ef04880678b5e3.jpg","https://media.birdweather.com/species/1/HouseSparrow-png200-125e8603e1efe9d7a18316b94f06a65e.png","XAgCDwD8qpukuHiqtLZ9mImnmPFcDO4E",13667538341,"https://media.birdweather.com/soundscapes/6891/6891-20260628-190755.flac",0,3,"birdnetpi"
9206136964,6891,"2026-06-28T21:07:28.000+02:00",0.78,0.841241300106049,9.18704689056956,"almost_certain","2p4",NA,51.5637,6.0048,FALSE,1,"House Sparrow","Passer domesticus","#d16ff8","avian","https://media.birdweather.com/species/1/HouseSparrow-standard-b861184cf45c092cdb45fd689dd676ef.jpg","https://media.birdweather.com/species/1/HouseSparrow-thumbnail-e9cbc91763a1579de8ef04880678b5e3.jpg","https://media.birdweather.com/species/1/HouseSparrow-png200-125e8603e1efe9d7a18316b94f06a65e.png","XAgCDwD8qpukuHiqtLZ9mImnmPFcDO4E",13667529051,"https://media.birdweather.com/soundscapes/6891/6891-20260628-190728.flac",0,3,"birdnetpi"
9206129966,6891,"2026-06-28T21:07:19.000+02:00",0.77,0.841241300106049,9.15820371996853,"almost_certain","2p4",NA,51.5651,6.003,FALSE,1,"House Sparrow","Passer domesticus","#d16ff8","avian","https://media.birdweather.com/species/1/HouseSparrow-standard-b861184cf45c092cdb45fd689dd676ef.jpg","https://media.birdweather.com/species/1/HouseSparrow-thumbnail-e9cbc91763a1579de8ef04880678b5e3.jpg","https://media.birdweather.com/species/1/HouseSparrow-png200-125e8603e1efe9d7a18316b94f06a65e.png","XAgCDwD8qpukuHiqtLZ9mImnmPFcDO4E",13667520293,"https://media.birdweather.com/soundscapes/6891/6891-20260628-190719.flac",0,3,"birdnetpi"
9206119383,6891,"2026-06-28T21:06:40.000+02:00",0.86,0.651233911514282,9.05218778274537,"almost_certain","2p4",NA,51.563,6.0089,FALSE,119,"Common House-Martin","Delichon urbicum","#53b1ff","avian","https://media.birdweather.com/species/119/CommonHouse-Martin-standard-9ffbcc688c51210fb136a162c84d82ad.jpg","https://media.birdweather.com/species/119/CommonHouse-Martin-thumbnail-dd7059ca6235347c3097e7a66f04df95.jpg","https://media.birdweather.com/species/119/CommonHouse-Martin-png200-a73a8953ce2af50676da81e70b2746b2.png","YhgKDwKJd4iIiHd/h5h5d4mIeQqVllAH",13667506353,"https://media.birdweather.com/soundscapes/6891/6891-20260628-190640.flac",0,3,"birdnetpi"
9206081191,6891,"2026-06-28T21:05:00.000+02:00",0.98,0.893091917037964,9.74523338305234,"almost_certain","2p4",NA,51.5624,6.0035,FALSE,551,"Common Swift","Apus apus","#234bb2","avian","https://media.birdweather.com/species/551/CommonSwift-standard-ba54f84fbd8481b1c0de60654fbd79d5.jpg","https://media.birdweather.com/species/551/CommonSwift-thumbnail-bad1d7e3c141990f11d01e49e9f768ac.jpg","https://media.birdweather.com/species/551/CommonSwift-png200-f52bea49cb0e4232049806bde3e1a401.png","LLYFFwLchWelV5dvsqh1jKZoKJIEMkoA",13667457360,"https://media.birdweather.com/soundscapes/6891/6891-20260628-190500.flac",0,3,"birdnetpi"
9206059431,6891,"2026-06-28T21:04:06.000+02:00",0.73,0.995071530342102,9.26392781069292,"almost_certain","2p4",NA,51.5652,6.0051,FALSE,407,"Common Wood-Pigeon","Columba palumbus","#028fb2","avian","https://media.birdweather.com/species/407/CommonWood-Pigeon-standard-5558900260c92622ceef8a812b06518e.jpg","https://media.birdweather.com/species/407/CommonWood-Pigeon-thumbnail-4b86c907c8b82c8af31d566b811dee05.jpg","https://media.birdweather.com/species/407/CommonWood-Pigeon-png200-533b13201573be3895fcec3e61e861b5.png","2ukFHwIHiYeWxnZUiniYZ3h5h6+rCIQH",13667430197,"https://media.birdweather.com/soundscapes/6891/6891-20260628-190406.flac",0,3,"birdnetpi"
9206020731,6891,"2026-06-28T21:02:22.000+02:00",0.82,0.995071530342102,9.5242875466493,"almost_certain","2p4",NA,51.5617,6.0063,FALSE,407,"Common Wood-Pigeon","Columba palumbus","#028fb2","avian","https://media.birdweather.com/species/407/CommonWood-Pigeon-standard-5558900260c92622ceef8a812b06518e.jpg","https://media.birdweather.com/species/407/CommonWood-Pigeon-thumbnail-4b86c907c8b82c8af31d566b811dee05.jpg","https://media.birdweather.com/species/407/CommonWood-Pigeon-png200-533b13201573be3895fcec3e61e861b5.png","2ukFHwIHiYeWxnZUiniYZ3h5h6+rCIQH",13667380566,"https://media.birdweather.com/soundscapes/6891/6891-20260628-190222.flac",0,3,"birdnetpi"
9205944015,6891,"2026-06-28T20:59:07.000+02:00",0.99,0.893091917037964,9.76523373825932,"almost_certain","2p4",NA,51.5677,6.0093,FALSE,551,"Common Swift","Apus apus","#234bb2","avian","https://media.birdweather.com/species/551/CommonSwift-standard-ba54f84fbd8481b1c0de60654fbd79d5.jpg","https://media.birdweather.com/species/551/CommonSwift-thumbnail-bad1d7e3c141990f11d01e49e9f768ac.jpg","https://media.birdweather.com/species/551/CommonSwift-png200-f52bea49cb0e4232049806bde3e1a401.png","LLYFFwLchWelV5dvsqh1jKZoKJIEMkoA",13667284832,"https://media.birdweather.com/soundscapes/6891/6891-20260628-185907.flac",0,3,"birdnetpi"
9205941768,6891,"2026-06-28T20:59:00.000+02:00",0.7,0.651233911514282,8.5912208185743,"almost_certain","2p4",NA,51.5692,6.0056,FALSE,119,"Common House-Martin","Delichon urbicum","#53b1ff","avian","https://media.birdweather.com/species/119/CommonHouse-Martin-standard-9ffbcc688c51210fb136a162c84d82ad.jpg","https://media.birdweather.com/species/119/CommonHouse-Martin-thumbnail-dd7059ca6235347c3097e7a66f04df95.jpg","https://media.birdweather.com/species/119/CommonHouse-Martin-png200-a73a8953ce2af50676da81e70b2746b2.png","YhgKDwKJd4iIiHd/h5h5d4mIeQqVllAH",13667281890,"https://media.birdweather.com/soundscapes/6891/6891-20260628-185900.flac",0,3,"birdnetpi"
9205917794,6891,"2026-06-28T20:57:58.000+02:00",0.79,0.995071530342102,9.4428774606043,"almost_certain","2p4",NA,51.5636,6.0083,FALSE,407,"Common Wood-Pigeon","Columba palumbus","#028fb2","avian","https://media.birdweather.com/species/407/CommonWood-Pigeon-standard-5558900260c92622ceef8a812b06518e.jpg","https://media.birdweather.com/species/407/CommonWood-Pigeon-thumbnail-4b86c907c8b82c8af31d566b811dee05.jpg","https://media.birdweather.com/species/407/CommonWood-Pigeon-png200-533b13201573be3895fcec3e61e861b5.png","2ukFHwIHiYeWxnZUiniYZ3h5h6+rCIQH",13667252020,"https://media.birdweather.com/soundscapes/6891/6891-20260628-185758.flac",0,3,"birdnetpi"
9205916027,6891,"2026-06-28T20:57:54.000+02:00",0.86,0.651233911514282,9.05218778274537,"almost_certain","2p4",NA,51.5661,6.0077,FALSE,119,"Common House-Martin","Delichon urbicum","#53b1ff","avian","https://media.birdweather.com/species/119/CommonHouse-Martin-standard-9ffbcc688c51210fb136a162c84d82ad.jpg","https://media.birdweather.com/species/119/CommonHouse-Martin-thumbnail-dd7059ca6235347c3097e7a66f04df95.jpg","https://media.birdweather.com/species/119/CommonHouse-Martin-png200-a73a8953ce2af50676da81e70b2746b2.png","YhgKDwKJd4iIiHd/h5h5d4mIeQqVllAH",13667249898,"https://media.birdweather.com/soundscapes/6891/6891-20260628-185754.flac",0,3,"birdnetpi"
9205879522,6891,"2026-06-28T20:56:19.000+02:00",0.88,0.995071530342102,9.67389057664134,"almost_certain","2p4",NA,51.5689,6.0074,FALSE,407,"Common Wood-Pigeon","Columba palumbus","#028fb2","avian","https://media.birdweather.com/species/407/CommonWood-Pigeon-standard-5558900260c92622ceef8a812b06518e.jpg","https://media.birdweather.com/species/407/CommonWood-Pigeon-thumbnail-4b86c907c8b82c8af31d566b811dee05.jpg","https://media.birdweather.com/species/407/CommonWood-Pigeon-png200-533b13201573be3895fcec3e61e861b5.png","2ukFHwIHiYeWxnZUiniYZ3h5h6+rCIQH",13667203517,"https://media.birdweather.com/soundscapes/6891/6891-20260628-185619.flac",0,3,"birdnetpi"
9205878325,6891,"2026-06-28T20:56:16.000+02:00",0.84,0.465751200914383,8.55134281804315,"almost_certain","2p4",NA,51.5643,6.0041,FALSE,103,"Eurasian Collared-Dove","Streptopelia decaocto","#006e2a","avian","https://media.birdweather.com/species/103/EurasianCollared-Dove-standard-e0c74c4f1ffe5357c4759579380dab35.jpg","https://media.birdweather.com/species/103/EurasianCollared-Dove-thumbnail-53ccb5f0a5d0640a1e766dd99c28ebca.jpg","https://media.birdweather.com/species/103/EurasianCollared-Dove-png200-4efa83c8c5efbdb09427b3c3fa247357.png","pvcFFwLpd4RvlJeUWZh2eXh4VxBqBZIH",13667202025,"https://media.birdweather.com/soundscapes/6891/6891-20260628-185616.flac",0,3,"birdnetpi"
9205873783,6891,"2026-06-28T20:56:04.000+02:00",0.78,0.841241300106049,9.18704689056956,"almost_certain","2p4",NA,51.5662,6.0068,FALSE,1,"House Sparrow","Passer domesticus","#d16ff8","avian","https://media.birdweather.com/species/1/HouseSparrow-standard-b861184cf45c092cdb45fd689dd676ef.jpg","https://media.birdweather.com/species/1/HouseSparrow-thumbnail-e9cbc91763a1579de8ef04880678b5e3.jpg","https://media.birdweather.com/species/1/HouseSparrow-png200-125e8603e1efe9d7a18316b94f06a65e.png","XAgCDwD8qpukuHiqtLZ9mImnmPFcDO4E",13667196233,"https://media.birdweather.com/soundscapes/6891/6891-20260628-185604.flac",0,3,"birdnetpi"
9205866720,6891,"2026-06-28T20:55:51.000+02:00",0.96,0.995071530342102,9.85091064876895,"almost_certain","2p4",NA,51.5634,6.0052,FALSE,407,"Common Wood-Pigeon","Columba palumbus","#028fb2","avian","https://media.birdweather.com/species/407/CommonWood-Pigeon-standard-5558900260c92622ceef8a812b06518e.jpg","https://media.birdweather.com/species/407/CommonWood-Pigeon-thumbnail-4b86c907c8b82c8af31d566b811dee05.jpg","https://media.birdweather.com/species/407/CommonWood-Pigeon-png200-533b13201573be3895fcec3e61e861b5.png","2ukFHwIHiYeWxnZUiniYZ3h5h6+rCIQH",13667187260,"https://media.birdweather.com/soundscapes/6891/6891-20260628-185551.flac",0,3,"birdnetpi"
9205865282,6891,"2026-06-28T20:55:43.000+02:00",0.96,0.651233911514282,9.27728296301441,"almost_certain","2p4",NA,51.5701,6.0012,FALSE,119,"Common House-Martin","Delichon urbicum","#53b1ff","avian","https://media.birdweather.com/species/119/CommonHouse-Martin-standard-9ffbcc688c51210fb136a162c84d82ad.jpg","https://media.birdweather.com/species/119/CommonHouse-Martin-thumbnail-dd7059ca6235347c3097e7a66f04df95.jpg","https://media.birdweather.com/species/119/CommonHouse-Martin-png200-a73a8953ce2af50676da81e70b2746b2.png","YhgKDwKJd4iIiHd/h5h5d4mIeQqVllAH",13667185357,"https://media.birdweather.com/soundscapes/6891/6891-20260628-185543.flac",0,3,"birdnetpi"
9205852445,6891,"2026-06-28T20:55:09.000+02:00",0.97,0.995071530342102,9.87151254075837,"almost_certain","2p4",NA,51.5632,6.009,FALSE,407,"Common Wood-Pigeon","Columba palumbus","#028fb2","avian","https://media.birdweather.com/species/407/CommonWood-Pigeon-standard-5558900260c92622ceef8a812b06518e.jpg","https://media.birdweather.com/species/407/CommonWood-Pigeon-thumbnail-4b86c907c8b82c8af31d566b811dee05.jpg","https://media.birdweather.com/species/407/CommonWood-Pigeon-png200-533b13201573be3895fcec3e61e861b5.png","2ukFHwIHiYeWxnZUiniYZ3h5h6+rCIQH",13667169201,"https://media.birdweather.com/soundscapes/6891/6891-20260628-185509.flac",0,3,"birdnetpi"
9205842052,6891,"2026-06-28T20:54:43.000+02:00",0.81,0.841241300106049,9.27010262245808,"almost_certain","2p4",NA,51.5684,6.0069,FALSE,1,"House Sparrow","Passer domesticus","#d16ff8","avian","https://media.birdweather.com/species/1/HouseSparrow-standard-b861184cf45c092cdb45fd689dd676ef.jpg","https://media.birdweather.com/species/1/HouseSparrow-thumbnail-e9cbc91763a1579de8ef04880678b5e3.jpg","https://media.birdweather.com/species/1/HouseSparrow-png200-125e8603e1efe9d7a18316b94f06a65e.png","XAgCDwD8qpukuHiqtLZ9mImnmPFcDO4E",13667155971,"https://media.birdweather.com/soundscapes/6891/6891-20260628-185443.flac",0,3,"birdnetpi"
9205831770,6891,"2026-06-28T20:54:21.000+02:00",0.87,0.841241300106049,9.42248174255908,"almost_certain","2p4",NA,51.5698,6.0019,FALSE,1,"House Sparrow","Passer domesticus","#d16ff8","avian","https://media.birdweather.com/species/1/HouseSparrow-standard-b861184cf45c092cdb45fd689dd676ef.jpg","https://media.birdweather.com/species/1/HouseSparrow-thumbnail-e9cbc91763a1579de8ef04880678b5e3.jpg","https://media.birdweather.com/species/1/HouseSparrow-png200-125e8603e1efe9d7a18316b94f06a65e.png","XAgCDwD8qpukuHiqtLZ9mImnmPFcDO4E",13667142782,"https://media.birdweather.com/soundscapes/6891/6891-20260628-185421.flac",0,3,"birdnetpi"
9205820504,6891,"2026-06-28T20:53:46.000+02:00",0.82,0.841241300106049,9.29670540008231,"almost_certain","2p4",NA,51.5617,6.0068,FALSE,1,"House Sparrow","Passer domesticus","#d16ff8","avian","https://media.birdweather.com/species/1/HouseSparrow-standard-b861184cf45c092cdb45fd689dd676ef.jpg","https://media.birdweather.com/species/1/HouseSparrow-thumbnail-e9cbc91763a1579de8ef04880678b5e3.jpg","https://media.birdweather.com/species/1/HouseSparrow-png200-125e8603e1efe9d7a18316b94f06a65e.png","XAgCDwD8qpukuHiqtLZ9mImnmPFcDO4E",13667128636,"https://media.birdweather.com/soundscapes/6891/6891-20260628-185346.flac",0,3,"birdnetpi"
9205809025,6891,"2026-06-28T20:53:16.000+02:00",0.93,0.841241300106049,9.55959608078215,"almost_certain","2p4",NA,51.5686,6.0047,FALSE,1,"House Sparrow","Passer domesticus","#d16ff8","avian","https://media.birdweather.com/species/1/HouseSparrow-standard-b861184cf45c092cdb45fd689dd676ef.jpg","https://media.birdweather.com/species/1/HouseSparrow-thumbnail-e9cbc91763a1579de8ef04880678b5e3.jpg","https://media.birdweather.com/species/1/HouseSparrow-png200-125e8603e1efe9d7a18316b94f06a65e.png","XAgCDwD8qpukuHiqtLZ9mImnmPFcDO4E",13667113998,"https://media.birdweather.com/soundscapes/6891/6891-20260628-185316.flac",0,3,"birdnetpi"
9205743787,6891,"2026-06-28T20:50:28.000+02:00",0.99,0.163846984505653,7.50795484656653,"almost_certain","2p4",NA,51.5654,6.009,FALSE,143,"Eurasian Oystercatcher","Haematopus ostralegus","#ca8600","avian","https://media.birdweather.com/species/143/EurasianOystercatcher-standard-de054f6108c9ec46b2430e18a3a05899.jpg","https://media.birdweather.com/species/143/EurasianOystercatcher-thumbnail-30dda908d192acf9a6ba366e2d58599a.jpg","https://media.birdweather.com/species/143/EurasianOystercatcher-png200-eaade4c821880831fc0130856cf4cad3.png","3vcRFwKHd4mAiHeCdth4eIeIhYD5CocK",13667031310,"https://media.birdweather.com/soundscapes/6891/6891-20260628-185028.flac",0,3,"birdnetpi"
9205731334,6891,"2026-06-28T20:49:54.000+02:00",0.8,0.163846984505653,7.06670045270485,"almost_certain","2p4",NA,51.5636,6.0072,FALSE,143,"Eurasian Oystercatcher","Haematopus ostralegus","#ca8600","avian","https://media.birdweather.com/species/143/EurasianOystercatcher-standard-de054f6108c9ec46b2430e18a3a05899.jpg","https://media.birdweather.com/species/143/EurasianOystercatcher-thumbnail-30dda908d192acf9a6ba366e2d58599a.jpg","https://media.birdweather.com/species/143/EurasianOystercatcher-png200-eaade4c821880831fc0130856cf4cad3.png","3vcRFwKHd4mAiHeCdth4eIeIhYD5CocK",13667015240,"https://media.birdweather.com/soundscapes/6891/6891-20260628-184954.flac",0,3,"birdnetpi"
9205723915,6891,"2026-06-28T20:49:34.000+02:00",0.71,0.163846984505653,6.79482266665319,"almost_certain","2p4",NA,51.5697,6.0049,FALSE,143,"Eurasian Oystercatcher","Haematopus ostralegus","#ca8600","avian","https://media.birdweather.com/species/143/EurasianOystercatcher-standard-de054f6108c9ec46b2430e18a3a05899.jpg","https://media.birdweather.com/species/143/EurasianOystercatcher-thumbnail-30dda908d192acf9a6ba366e2d58599a.jpg","https://media.birdweather.com/species/143/EurasianOystercatcher-png200-eaade4c821880831fc0130856cf4cad3.png","3vcRFwKHd4mAiHeCdth4eIeIhYD5CocK",13667005666,"https://media.birdweather.com/soundscapes/6891/6891-20260628-184934.flac",0,3,"birdnetpi"
9205709220,6891,"2026-06-28T20:48:56.000+02:00",0.98,0.163846984505653,7.48795449135955,"almost_certain","2p4",NA,51.5682,6.0031,FALSE,143,"Eurasian Oystercatcher","Haematopus ostralegus","#ca8600","avian","https://media.birdweather.com/species/143/EurasianOystercatcher-standard-de054f6108c9ec46b2430e18a3a05899.jpg","https://media.birdweather.com/species/143/EurasianOystercatcher-thumbnail-30dda908d192acf9a6ba366e2d58599a.jpg","https://media.birdweather.com/species/143/EurasianOystercatcher-png200-eaade4c821880831fc0130856cf4cad3.png","3vcRFwKHd4mAiHeCdth4eIeIhYD5CocK",13666986554,"https://media.birdweather.com/soundscapes/6891/6891-20260628-184856.flac",0,3,"birdnetpi"
9205699943,6891,"2026-06-28T20:48:31.000+02:00",0.86,0.163846984505653,7.22196075157544,"almost_certain","2p4",NA,51.5657,6.0074,FALSE,143,"Eurasian Oystercatcher","Haematopus ostralegus","#ca8600","avian","https://media.birdweather.com/species/143/EurasianOystercatcher-standard-de054f6108c9ec46b2430e18a3a05899.jpg","https://media.birdweather.com/species/143/EurasianOystercatcher-thumbnail-30dda908d192acf9a6ba366e2d58599a.jpg","https://media.birdweather.com/species/143/EurasianOystercatcher-png200-eaade4c821880831fc0130856cf4cad3.png","3vcRFwKHd4mAiHeCdth4eIeIhYD5CocK",13666974770,"https://media.birdweather.com/soundscapes/6891/6891-20260628-184831.flac",0,3,"birdnetpi"
9205672227,6891,"2026-06-28T20:47:19.000+02:00",0.91,0.163846984505653,7.33912612918572,"almost_certain","2p4",NA,51.5681,6.0039,FALSE,143,"Eurasian Oystercatcher","Haematopus ostralegus","#ca8600","avian","https://media.birdweather.com/species/143/EurasianOystercatcher-standard-de054f6108c9ec46b2430e18a3a05899.jpg","https://media.birdweather.com/species/143/EurasianOystercatcher-thumbnail-30dda908d192acf9a6ba366e2d58599a.jpg","https://media.birdweather.com/species/143/EurasianOystercatcher-png200-eaade4c821880831fc0130856cf4cad3.png","3vcRFwKHd4mAiHeCdth4eIeIhYD5CocK",13666939406,"https://media.birdweather.com/soundscapes/6891/6891-20260628-184719.flac",0,3,"birdnetpi"
9205610173,6891,"2026-06-28T20:44:37.000+02:00",0.88,0.938615620136261,9.59469044836961,"almost_certain","2p4",NA,51.5698,6.004,FALSE,397,"Barn Swallow","Hirundo rustica","#c85500","avian","https://media.birdweather.com/species/397/BarnSwallow-standard-66c9cb8916403efe633a420fe54e3bc6.jpg","https://media.birdweather.com/species/397/BarnSwallow-thumbnail-418cddeb212e9e1ce5d35f61a3040433.jpg","https://media.birdweather.com/species/397/BarnSwallow-png200-317c812ebfcec488fad1824feff99dbc.png","IAgKHwKLhnmThXdPl1i3p3ll51f4jngP",13666860088,"https://media.birdweather.com/soundscapes/6891/6891-20260628-184437.flac",0,3,"birdnetpi"
9205599825,6891,"2026-06-28T20:44:10.000+02:00",0.98,0.163846984505653,7.48795449135955,"almost_certain","2p4",NA,51.5692,6.0029,FALSE,143,"Eurasian Oystercatcher","Haematopus ostralegus","#ca8600","avian","https://media.birdweather.com/species/143/EurasianOystercatcher-standard-de054f6108c9ec46b2430e18a3a05899.jpg","https://media.birdweather.com/species/143/EurasianOystercatcher-thumbnail-30dda908d192acf9a6ba366e2d58599a.jpg","https://media.birdweather.com/species/143/EurasianOystercatcher-png200-eaade4c821880831fc0130856cf4cad3.png","3vcRFwKHd4mAiHeCdth4eIeIhYD5CocK",13666847502,"https://media.birdweather.com/soundscapes/6891/6891-20260628-184410.flac",0,3,"birdnetpi"
9205578361,6891,"2026-06-28T20:43:16.000+02:00",0.83,0.841241300106049,9.32280142719216,"almost_certain","2p4",NA,51.5684,6.0044,FALSE,1,"House Sparrow","Passer domesticus","#d16ff8","avian","https://media.birdweather.com/species/1/HouseSparrow-standard-b861184cf45c092cdb45fd689dd676ef.jpg","https://media.birdweather.com/species/1/HouseSparrow-thumbnail-e9cbc91763a1579de8ef04880678b5e3.jpg","https://media.birdweather.com/species/1/HouseSparrow-png200-125e8603e1efe9d7a18316b94f06a65e.png","XAgCDwD8qpukuHiqtLZ9mImnmPFcDO4E",13666820556,"https://media.birdweather.com/soundscapes/6891/6891-20260628-184316.flac",0,3,"birdnetpi"
9205566010,6891,"2026-06-28T20:42:42.000+02:00",0.82,0.938615620136261,9.44508741837757,"almost_certain","2p4",NA,51.5701,6.007,FALSE,397,"Barn Swallow","Hirundo rustica","#c85500","avian","https://media.birdweather.com/species/397/BarnSwallow-standard-66c9cb8916403efe633a420fe54e3bc6.jpg","https://media.birdweather.com/species/397/BarnSwallow-thumbnail-418cddeb212e9e1ce5d35f61a3040433.jpg","https://media.birdweather.com/species/397/BarnSwallow-png200-317c812ebfcec488fad1824feff99dbc.png","IAgKHwKLhnmThXdPl1i3p3ll51f4jngP",13666804322,"https://media.birdweather.com/soundscapes/6891/6891-20260628-184242.flac",0,3,"birdnetpi"
9205561892,6891,"2026-06-28T20:42:31.000+02:00",0.93,0.651233911514282,9.21355054159461,"almost_certain","2p4",NA,51.5668,6.006,FALSE,119,"Common House-Martin","Delichon urbicum","#53b1ff","avian","https://media.birdweather.com/species/119/CommonHouse-Martin-standard-9ffbcc688c51210fb136a162c84d82ad.jpg","https://media.birdweather.com/species/119/CommonHouse-Martin-thumbnail-dd7059ca6235347c3097e7a66f04df95.jpg","https://media.birdweather.com/species/119/CommonHouse-Martin-png200-a73a8953ce2af50676da81e70b2746b2.png","YhgKDwKJd4iIiHd/h5h5d4mIeQqVllAH",13666799165,"https://media.birdweather.com/soundscapes/6891/6891-20260628-184231.flac",0,3,"birdnetpi"
9205520763,6891,"2026-06-28T20:40:46.000+02:00",0.81,0.651233911514282,8.92405708327054,"almost_certain","2p4",NA,51.5619,6.0039,FALSE,119,"Common House-Martin","Delichon urbicum","#53b1ff","avian","https://media.birdweather.com/species/119/CommonHouse-Martin-standard-9ffbcc688c51210fb136a162c84d82ad.jpg","https://media.birdweather.com/species/119/CommonHouse-Martin-thumbnail-dd7059ca6235347c3097e7a66f04df95.jpg","https://media.birdweather.com/species/119/CommonHouse-Martin-png200-a73a8953ce2af50676da81e70b2746b2.png","YhgKDwKJd4iIiHd/h5h5d4mIeQqVllAH",13666747680,"https://media.birdweather.com/soundscapes/6891/6891-20260628-184046.flac",0,3,"birdnetpi"
9205517262,6891,"2026-06-28T20:40:39.000+02:00",0.97,0.938615620136261,9.79231241248664,"almost_certain","2p4",NA,51.565,6.0006,FALSE,397,"Barn Swallow","Hirundo rustica","#c85500","avian","https://media.birdweather.com/species/397/BarnSwallow-standard-66c9cb8916403efe633a420fe54e3bc6.jpg","https://media.birdweather.com/species/397/BarnSwallow-thumbnail-418cddeb212e9e1ce5d35f61a3040433.jpg","https://media.birdweather.com/species/397/BarnSwallow-png200-317c812ebfcec488fad1824feff99dbc.png","IAgKHwKLhnmThXdPl1i3p3ll51f4jngP",13666743318,"https://media.birdweather.com/soundscapes/6891/6891-20260628-184039.flac",0,3,"birdnetpi"
9205508439,6891,"2026-06-28T20:40:15.000+02:00",0.94,0.651233911514282,9.23512579064096,"almost_certain","2p4",NA,51.5694,6.0063,FALSE,119,"Common House-Martin","Delichon urbicum","#53b1ff","avian","https://media.birdweather.com/species/119/CommonHouse-Martin-standard-9ffbcc688c51210fb136a162c84d82ad.jpg","https://media.birdweather.com/species/119/CommonHouse-Martin-thumbnail-dd7059ca6235347c3097e7a66f04df95.jpg","https://media.birdweather.com/species/119/CommonHouse-Martin-png200-a73a8953ce2af50676da81e70b2746b2.png","YhgKDwKJd4iIiHd/h5h5d4mIeQqVllAH",13666732503,"https://media.birdweather.com/soundscapes/6891/6891-20260628-184015.flac",0,3,"birdnetpi"
9205492226,6891,"2026-06-28T20:39:40.000+02:00",0.94,0.651233911514282,9.23512579064096,"almost_certain","2p4",NA,51.5654,6.009,FALSE,119,"Common House-Martin","Delichon urbicum","#53b1ff","avian","https://media.birdweather.com/species/119/CommonHouse-Martin-standard-9ffbcc688c51210fb136a162c84d82ad.jpg","https://media.birdweather.com/species/119/CommonHouse-Martin-thumbnail-dd7059ca6235347c3097e7a66f04df95.jpg","https://media.birdweather.com/species/119/CommonHouse-Martin-png200-a73a8953ce2af50676da81e70b2746b2.png","YhgKDwKJd4iIiHd/h5h5d4mIeQqVllAH",13666712473,"https://media.birdweather.com/soundscapes/6891/6891-20260628-183940.flac",0,3,"birdnetpi"
9205474019,6891,"2026-06-28T20:38:49.000+02:00",0.73,0.841241300106049,9.03634566412593,"almost_certain","2p4",NA,51.5673,6.0056,FALSE,1,"House Sparrow","Passer domesticus","#d16ff8","avian","https://media.birdweather.com/species/1/HouseSparrow-standard-b861184cf45c092cdb45fd689dd676ef.jpg","https://media.birdweather.com/species/1/HouseSparrow-thumbnail-e9cbc91763a1579de8ef04880678b5e3.jpg","https://media.birdweather.com/species/1/HouseSparrow-png200-125e8603e1efe9d7a18316b94f06a65e.png","XAgCDwD8qpukuHiqtLZ9mImnmPFcDO4E",13666689969,"https://media.birdweather.com/soundscapes/6891/6891-20260628-183849.flac",0,3,"birdnetpi"
9205469199,6891,"2026-06-28T20:38:36.000+02:00",0.96,0.893091917037964,9.70433482353728,"almost_certain","2p4",NA,51.5668,6.0069,FALSE,551,"Common Swift","Apus apus","#234bb2","avian","https://media.birdweather.com/species/551/CommonSwift-standard-ba54f84fbd8481b1c0de60654fbd79d5.jpg","https://media.birdweather.com/species/551/CommonSwift-thumbnail-bad1d7e3c141990f11d01e49e9f768ac.jpg","https://media.birdweather.com/species/551/CommonSwift-png200-f52bea49cb0e4232049806bde3e1a401.png","LLYFFwLchWelV5dvsqh1jKZoKJIEMkoA",13666684031,"https://media.birdweather.com/soundscapes/6891/6891-20260628-183836.flac",0,3,"birdnetpi"
9205467307,6891,"2026-06-28T20:38:31.000+02:00",0.95,0.651233911514282,9.25636652619523,"almost_certain","2p4",NA,51.5684,6.0093,FALSE,119,"Common House-Martin","Delichon urbicum","#53b1ff","avian","https://media.birdweather.com/species/119/CommonHouse-Martin-standard-9ffbcc688c51210fb136a162c84d82ad.jpg","https://media.birdweather.com/species/119/CommonHouse-Martin-thumbnail-dd7059ca6235347c3097e7a66f04df95.jpg","https://media.birdweather.com/species/119/CommonHouse-Martin-png200-a73a8953ce2af50676da81e70b2746b2.png","YhgKDwKJd4iIiHd/h5h5d4mIeQqVllAH",13666681748,"https://media.birdweather.com/soundscapes/6891/6891-20260628-183831.flac",0,3,"birdnetpi"
9205316167,6891,"2026-06-28T20:32:09.000+02:00",0.89,0.651233911514282,9.12368226458905,"almost_certain","2p4",NA,51.5624,6.0035,FALSE,119,"Common House-Martin","Delichon urbicum","#53b1ff","avian","https://media.birdweather.com/species/119/CommonHouse-Martin-standard-9ffbcc688c51210fb136a162c84d82ad.jpg","https://media.birdweather.com/species/119/CommonHouse-Martin-thumbnail-dd7059ca6235347c3097e7a66f04df95.jpg","https://media.birdweather.com/species/119/CommonHouse-Martin-png200-a73a8953ce2af50676da81e70b2746b2.png","YhgKDwKJd4iIiHd/h5h5d4mIeQqVllAH",13666494943,"https://media.birdweather.com/soundscapes/6891/6891-20260628-183209.flac",0,3,"birdnetpi"
9205245091,6891,"2026-06-28T20:29:10.000+02:00",0.92,0.651233911514282,9.19163007394999,"almost_certain","2p4",NA,51.5615,6.002,FALSE,119,"Common House-Martin","Delichon urbicum","#53b1ff","avian","https://media.birdweather.com/species/119/CommonHouse-Martin-standard-9ffbcc688c51210fb136a162c84d82ad.jpg","https://media.birdweather.com/species/119/CommonHouse-Martin-thumbnail-dd7059ca6235347c3097e7a66f04df95.jpg","https://media.birdweather.com/species/119/CommonHouse-Martin-png200-a73a8953ce2af50676da81e70b2746b2.png","YhgKDwKJd4iIiHd/h5h5d4mIeQqVllAH",13666406065,"https://media.birdweather.com/soundscapes/6891/6891-20260628-182910.flac",0,3,"birdnetpi"
9205234022,6891,"2026-06-28T20:28:37.000+02:00",0.73,0.841241300106049,9.03634566412593,"almost_certain","2p4",NA,51.5652,6.0076,FALSE,1,"House Sparrow","Passer domesticus","#d16ff8","avian","https://media.birdweather.com/species/1/HouseSparrow-standard-b861184cf45c092cdb45fd689dd676ef.jpg","https://media.birdweather.com/species/1/HouseSparrow-thumbnail-e9cbc91763a1579de8ef04880678b5e3.jpg","https://media.birdweather.com/species/1/HouseSparrow-png200-125e8603e1efe9d7a18316b94f06a65e.png","XAgCDwD8qpukuHiqtLZ9mImnmPFcDO4E",13666391959,"https://media.birdweather.com/soundscapes/6891/6891-20260628-182837.flac",0,3,"birdnetpi"
9205232919,6891,"2026-06-28T20:28:34.000+02:00",0.98,0.651233911514282,9.31818152252948,"almost_certain","2p4",NA,51.5686,6.0027,FALSE,119,"Common House-Martin","Delichon urbicum","#53b1ff","avian","https://media.birdweather.com/species/119/CommonHouse-Martin-standard-9ffbcc688c51210fb136a162c84d82ad.jpg","https://media.birdweather.com/species/119/CommonHouse-Martin-thumbnail-dd7059ca6235347c3097e7a66f04df95.jpg","https://media.birdweather.com/species/119/CommonHouse-Martin-png200-a73a8953ce2af50676da81e70b2746b2.png","YhgKDwKJd4iIiHd/h5h5d4mIeQqVllAH",13666390523,"https://media.birdweather.com/soundscapes/6891/6891-20260628-182834.flac",0,3,"birdnetpi"
9205216388,6891,"2026-06-28T20:27:51.000+02:00",0.91,0.651233911514282,9.16935316035565,"almost_certain","2p4",NA,51.5675,6.0074,FALSE,119,"Common House-Martin","Delichon urbicum","#53b1ff","avian","https://media.birdweather.com/species/119/CommonHouse-Martin-standard-9ffbcc688c51210fb136a162c84d82ad.jpg","https://media.birdweather.com/species/119/CommonHouse-Martin-thumbnail-dd7059ca6235347c3097e7a66f04df95.jpg","https://media.birdweather.com/species/119/CommonHouse-Martin-png200-a73a8953ce2af50676da81e70b2746b2.png","YhgKDwKJd4iIiHd/h5h5d4mIeQqVllAH",13666369413,"https://media.birdweather.com/soundscapes/6891/6891-20260628-182751.flac",0,3,"birdnetpi"
9205187177,6891,"2026-06-28T20:26:36.000+02:00",0.94,0.938615620136261,9.72955334812377,"almost_certain","2p4",NA,51.5649,6.0069,FALSE,397,"Barn Swallow","Hirundo rustica","#c85500","avian","https://media.birdweather.com/species/397/BarnSwallow-standard-66c9cb8916403efe633a420fe54e3bc6.jpg","https://media.birdweather.com/species/397/BarnSwallow-thumbnail-418cddeb212e9e1ce5d35f61a3040433.jpg","https://media.birdweather.com/species/397/BarnSwallow-png200-317c812ebfcec488fad1824feff99dbc.png","IAgKHwKLhnmThXdPl1i3p3ll51f4jngP",13666332995,"https://media.birdweather.com/soundscapes/6891/6891-20260628-182636.flac",0,3,"birdnetpi"
9205049795,6891,"2026-06-28T20:21:00.000+02:00",0.99,0.651233911514282,9.33818187773646,"almost_certain","2p4",NA,51.5635,6.0085,FALSE,119,"Common House-Martin","Delichon urbicum","#53b1ff","avian","https://media.birdweather.com/species/119/CommonHouse-Martin-standard-9ffbcc688c51210fb136a162c84d82ad.jpg","https://media.birdweather.com/species/119/CommonHouse-Martin-thumbnail-dd7059ca6235347c3097e7a66f04df95.jpg","https://media.birdweather.com/species/119/CommonHouse-Martin-png200-a73a8953ce2af50676da81e70b2746b2.png","YhgKDwKJd4iIiHd/h5h5d4mIeQqVllAH",13666163875,"https://media.birdweather.com/soundscapes/6891/6891-20260628-182100.flac",0,3,"birdnetpi"
9205039073,6891,"2026-06-28T20:20:25.000+02:00",0.96,0.651233911514282,9.27728296301441,"almost_certain","2p4",NA,51.5632,6.0062,FALSE,119,"Common House-Martin","Delichon urbicum","#53b1ff","avian","https://media.birdweather.com/species/119/CommonHouse-Martin-standard-9ffbcc688c51210fb136a162c84d82ad.jpg","https://media.birdweather.com/species/119/CommonHouse-Martin-thumbnail-dd7059ca6235347c3097e7a66f04df95.jpg","https://media.birdweather.com/species/119/CommonHouse-Martin-png200-a73a8953ce2af50676da81e70b2746b2.png","YhgKDwKJd4iIiHd/h5h5d4mIeQqVllAH",13666150524,"https://media.birdweather.com/soundscapes/6891/6891-20260628-182025.flac",0,3,"birdnetpi"
9205031593,6891,"2026-06-28T20:20:04.000+02:00",0.93,0.651233911514282,9.21355054159461,"almost_certain","2p4",NA,51.5703,6.0072,FALSE,119,"Common House-Martin","Delichon urbicum","#53b1ff","avian","https://media.birdweather.com/species/119/CommonHouse-Martin-standard-9ffbcc688c51210fb136a162c84d82ad.jpg","https://media.birdweather.com/species/119/CommonHouse-Martin-thumbnail-dd7059ca6235347c3097e7a66f04df95.jpg","https://media.birdweather.com/species/119/CommonHouse-Martin-png200-a73a8953ce2af50676da81e70b2746b2.png","YhgKDwKJd4iIiHd/h5h5d4mIeQqVllAH",13666141247,"https://media.birdweather.com/soundscapes/6891/6891-20260628-182004.flac",0,3,"birdnetpi"
9204978487,6891,"2026-06-28T20:17:49.000+02:00",0.99,0.651233911514282,9.33818187773646,"almost_certain","2p4",NA,51.5703,6.0049,FALSE,119,"Common House-Martin","Delichon urbicum","#53b1ff","avian","https://media.birdweather.com/species/119/CommonHouse-Martin-standard-9ffbcc688c51210fb136a162c84d82ad.jpg","https://media.birdweather.com/species/119/CommonHouse-Martin-thumbnail-dd7059ca6235347c3097e7a66f04df95.jpg","https://media.birdweather.com/species/119/CommonHouse-Martin-png200-a73a8953ce2af50676da81e70b2746b2.png","YhgKDwKJd4iIiHd/h5h5d4mIeQqVllAH",13666075668,"https://media.birdweather.com/soundscapes/6891/6891-20260628-181749.flac",0,3,"birdnetpi"
9204950839,6891,"2026-06-28T20:16:51.000+02:00",0.75,0.841241300106049,9.09862911661109,"almost_certain","2p4",NA,51.5631,6.0031,FALSE,1,"House Sparrow","Passer domesticus","#d16ff8","avian","https://media.birdweather.com/species/1/HouseSparrow-standard-b861184cf45c092cdb45fd689dd676ef.jpg","https://media.birdweather.com/species/1/HouseSparrow-thumbnail-e9cbc91763a1579de8ef04880678b5e3.jpg","https://media.birdweather.com/species/1/HouseSparrow-png200-125e8603e1efe9d7a18316b94f06a65e.png","XAgCDwD8qpukuHiqtLZ9mImnmPFcDO4E",13666041599,"https://media.birdweather.com/soundscapes/6891/6891-20260628-181651.flac",0,3,"birdnetpi"
9204952361,6891,"2026-06-28T20:16:43.000+02:00",0.92,0.614333271980286,9.11296010231882,"almost_certain","2p4",NA,51.5691,6.0007,FALSE,294,"European Greenfinch","Chloris chloris","#fea614","avian","https://media.birdweather.com/species/294/EuropeanGreenfinch-standard-34aa36357c06fbf52af390917f29436b.jpg","https://media.birdweather.com/species/294/EuropeanGreenfinch-thumbnail-7466d93ab9340d75d4eec2ca6eeed529.jpg","https://media.birdweather.com/species/294/EuropeanGreenfinch-png200-8b2951bb918db1cbed643a9530efa558.png","FRkGHwJYqWeEd4ifapeoh4ZriPUnaG8B",13666043494,"https://media.birdweather.com/soundscapes/6891/6891-20260628-181643.flac",0,3,"birdnetpi"
9204927242,6891,"2026-06-28T20:15:46.000+02:00",0.72,0.841241300106049,9.00410888267396,"almost_certain","2p4",NA,51.5618,6.0052,FALSE,1,"House Sparrow","Passer domesticus","#d16ff8","avian","https://media.birdweather.com/species/1/HouseSparrow-standard-b861184cf45c092cdb45fd689dd676ef.jpg","https://media.birdweather.com/species/1/HouseSparrow-thumbnail-e9cbc91763a1579de8ef04880678b5e3.jpg","https://media.birdweather.com/species/1/HouseSparrow-png200-125e8603e1efe9d7a18316b94f06a65e.png","XAgCDwD8qpukuHiqtLZ9mImnmPFcDO4E",13666012521,"https://media.birdweather.com/soundscapes/6891/6891-20260628-181546.flac",0,3,"birdnetpi"
9204844375,6891,"2026-06-28T20:12:09.000+02:00",0.82,0.841241300106049,9.29670540008231,"almost_certain","2p4",NA,51.5648,6.0005,FALSE,1,"House Sparrow","Passer domesticus","#d16ff8","avian","https://media.birdweather.com/species/1/HouseSparrow-standard-b861184cf45c092cdb45fd689dd676ef.jpg","https://media.birdweather.com/species/1/HouseSparrow-thumbnail-e9cbc91763a1579de8ef04880678b5e3.jpg","https://media.birdweather.com/species/1/HouseSparrow-png200-125e8603e1efe9d7a18316b94f06a65e.png","XAgCDwD8qpukuHiqtLZ9mImnmPFcDO4E",13665909736,"https://media.birdweather.com/soundscapes/6891/6891-20260628-181209.flac",0,3,"birdnetpi"
9204837930,6891,"2026-06-28T20:11:52.000+02:00",0.73,0.841241300106049,9.03634566412593,"almost_certain","2p4",NA,51.5637,6.0062,FALSE,1,"House Sparrow","Passer domesticus","#d16ff8","avian","https://media.birdweather.com/species/1/HouseSparrow-standard-b861184cf45c092cdb45fd689dd676ef.jpg","https://media.birdweather.com/species/1/HouseSparrow-thumbnail-e9cbc91763a1579de8ef04880678b5e3.jpg","https://media.birdweather.com/species/1/HouseSparrow-png200-125e8603e1efe9d7a18316b94f06a65e.png","XAgCDwD8qpukuHiqtLZ9mImnmPFcDO4E",13665901495,"https://media.birdweather.com/soundscapes/6891/6891-20260628-181152.flac",0,3,"birdnetpi"
9204827031,6891,"2026-06-28T20:11:36.000+02:00",0.8,0.841241300106049,9.24297302306231,"almost_certain","2p4",NA,51.5664,6.0054,FALSE,1,"House Sparrow","Passer domesticus","#d16ff8","avian","https://media.birdweather.com/species/1/HouseSparrow-standard-b861184cf45c092cdb45fd689dd676ef.jpg","https://media.birdweather.com/species/1/HouseSparrow-thumbnail-e9cbc91763a1579de8ef04880678b5e3.jpg","https://media.birdweather.com/species/1/HouseSparrow-png200-125e8603e1efe9d7a18316b94f06a65e.png","XAgCDwD8qpukuHiqtLZ9mImnmPFcDO4E",13665887907,"https://media.birdweather.com/soundscapes/6891/6891-20260628-181136.flac",0,3,"birdnetpi"
9204727475,6891,"2026-06-28T20:07:19.000+02:00",0.73,0.841241300106049,9.03634566412593,"almost_certain","2p4",NA,51.5657,6.0067,FALSE,1,"House Sparrow","Passer domesticus","#d16ff8","avian","https://media.birdweather.com/species/1/HouseSparrow-standard-b861184cf45c092cdb45fd689dd676ef.jpg","https://media.birdweather.com/species/1/HouseSparrow-thumbnail-e9cbc91763a1579de8ef04880678b5e3.jpg","https://media.birdweather.com/species/1/HouseSparrow-png200-125e8603e1efe9d7a18316b94f06a65e.png","XAgCDwD8qpukuHiqtLZ9mImnmPFcDO4E",13665765109,"https://media.birdweather.com/soundscapes/6891/6891-20260628-180719.flac",0,3,"birdnetpi"
9204677496,6891,"2026-06-28T20:05:09.000+02:00",0.93,0.651233911514282,9.21355054159461,"almost_certain","2p4",NA,51.5671,6.0048,FALSE,119,"Common House-Martin","Delichon urbicum","#53b1ff","avian","https://media.birdweather.com/species/119/CommonHouse-Martin-standard-9ffbcc688c51210fb136a162c84d82ad.jpg","https://media.birdweather.com/species/119/CommonHouse-Martin-thumbnail-dd7059ca6235347c3097e7a66f04df95.jpg","https://media.birdweather.com/species/119/CommonHouse-Martin-png200-a73a8953ce2af50676da81e70b2746b2.png","YhgKDwKJd4iIiHd/h5h5d4mIeQqVllAH",13665702772,"https://media.birdweather.com/soundscapes/6891/6891-20260628-180509.flac",0,3,"birdnetpi"
9204671608,6891,"2026-06-28T20:04:58.000+02:00",0.87,0.651233911514282,9.07643620337154,"almost_certain","2p4",NA,51.5664,6.0043,FALSE,119,"Common House-Martin","Delichon urbicum","#53b1ff","avian","https://media.birdweather.com/species/119/CommonHouse-Martin-standard-9ffbcc688c51210fb136a162c84d82ad.jpg","https://media.birdweather.com/species/119/CommonHouse-Martin-thumbnail-dd7059ca6235347c3097e7a66f04df95.jpg","https://media.birdweather.com/species/119/CommonHouse-Martin-png200-a73a8953ce2af50676da81e70b2746b2.png","YhgKDwKJd4iIiHd/h5h5d4mIeQqVllAH",13665695411,"https://media.birdweather.com/soundscapes/6891/6891-20260628-180458.flac",0,3,"birdnetpi"
9204664997,6891,"2026-06-28T20:04:34.000+02:00",0.98,0.651233911514282,9.31818152252948,"almost_certain","2p4",NA,51.5624,6.004,FALSE,119,"Common House-Martin","Delichon urbicum","#53b1ff","avian","https://media.birdweather.com/species/119/CommonHouse-Martin-standard-9ffbcc688c51210fb136a162c84d82ad.jpg","https://media.birdweather.com/species/119/CommonHouse-Martin-thumbnail-dd7059ca6235347c3097e7a66f04df95.jpg","https://media.birdweather.com/species/119/CommonHouse-Martin-png200-a73a8953ce2af50676da81e70b2746b2.png","YhgKDwKJd4iIiHd/h5h5d4mIeQqVllAH",13665687162,"https://media.birdweather.com/soundscapes/6891/6891-20260628-180434.flac",0,3,"birdnetpi"
9204644749,6891,"2026-06-28T20:03:46.000+02:00",0.99,0.651233911514282,9.33818187773646,"almost_certain","2p4",NA,51.5672,6.0063,FALSE,119,"Common House-Martin","Delichon urbicum","#53b1ff","avian","https://media.birdweather.com/species/119/CommonHouse-Martin-standard-9ffbcc688c51210fb136a162c84d82ad.jpg","https://media.birdweather.com/species/119/CommonHouse-Martin-thumbnail-dd7059ca6235347c3097e7a66f04df95.jpg","https://media.birdweather.com/species/119/CommonHouse-Martin-png200-a73a8953ce2af50676da81e70b2746b2.png","YhgKDwKJd4iIiHd/h5h5d4mIeQqVllAH",13665662260,"https://media.birdweather.com/soundscapes/6891/6891-20260628-180346.flac",0,3,"birdnetpi"
9204623700,6891,"2026-06-28T20:02:51.000+02:00",0.91,0.651233911514282,9.16935316035565,"almost_certain","2p4",NA,51.569,6.0007,FALSE,119,"Common House-Martin","Delichon urbicum","#53b1ff","avian","https://media.birdweather.com/species/119/CommonHouse-Martin-standard-9ffbcc688c51210fb136a162c84d82ad.jpg","https://media.birdweather.com/species/119/CommonHouse-Martin-thumbnail-dd7059ca6235347c3097e7a66f04df95.jpg","https://media.birdweather.com/species/119/CommonHouse-Martin-png200-a73a8953ce2af50676da81e70b2746b2.png","YhgKDwKJd4iIiHd/h5h5d4mIeQqVllAH",13665635887,"https://media.birdweather.com/soundscapes/6891/6891-20260628-180251.flac",0,3,"birdnetpi"
9204618428,6891,"2026-06-28T20:02:36.000+02:00",0.71,0.938615620136261,9.11947725530592,"almost_certain","2p4",NA,51.5674,6.0028,FALSE,397,"Barn Swallow","Hirundo rustica","#c85500","avian","https://media.birdweather.com/species/397/BarnSwallow-standard-66c9cb8916403efe633a420fe54e3bc6.jpg","https://media.birdweather.com/species/397/BarnSwallow-thumbnail-418cddeb212e9e1ce5d35f61a3040433.jpg","https://media.birdweather.com/species/397/BarnSwallow-png200-317c812ebfcec488fad1824feff99dbc.png","IAgKHwKLhnmThXdPl1i3p3ll51f4jngP",13665629436,"https://media.birdweather.com/soundscapes/6891/6891-20260628-180236.flac",0,3,"birdnetpi"
9204616404,6891,"2026-06-28T20:02:31.000+02:00",0.84,0.651233911514282,9.00236411023127,"almost_certain","2p4",NA,51.5697,6.0021,FALSE,119,"Common House-Martin","Delichon urbicum","#53b1ff","avian","https://media.birdweather.com/species/119/CommonHouse-Martin-standard-9ffbcc688c51210fb136a162c84d82ad.jpg","https://media.birdweather.com/species/119/CommonHouse-Martin-thumbnail-dd7059ca6235347c3097e7a66f04df95.jpg","https://media.birdweather.com/species/119/CommonHouse-Martin-png200-a73a8953ce2af50676da81e70b2746b2.png","YhgKDwKJd4iIiHd/h5h5d4mIeQqVllAH",13665627069,"https://media.birdweather.com/soundscapes/6891/6891-20260628-180231.flac",0,3,"birdnetpi"
9204598448,6891,"2026-06-28T20:01:58.000+02:00",0.97,0.651233911514282,9.29788485500383,"almost_certain","2p4",NA,51.5698,6.0056,FALSE,119,"Common House-Martin","Delichon urbicum","#53b1ff","avian","https://media.birdweather.com/species/119/CommonHouse-Martin-standard-9ffbcc688c51210fb136a162c84d82ad.jpg","https://media.birdweather.com/species/119/CommonHouse-Martin-thumbnail-dd7059ca6235347c3097e7a66f04df95.jpg","https://media.birdweather.com/species/119/CommonHouse-Martin-png200-a73a8953ce2af50676da81e70b2746b2.png","YhgKDwKJd4iIiHd/h5h5d4mIeQqVllAH",13665605153,"https://media.birdweather.com/soundscapes/6891/6891-20260628-180158.flac",0,3,"birdnetpi"
9204587465,6891,"2026-06-28T20:01:19.000+02:00",0.82,0.687099814414978,9.02302456760706,"almost_certain","2p4",NA,51.566,6.0061,FALSE,89,"European Goldfinch","Carduelis carduelis","#65dba3","avian","https://media.birdweather.com/species/89/EuropeanGoldfinch-standard-5e709d6e7011b21fe905b6d27ce94b9d.jpg","https://media.birdweather.com/species/89/EuropeanGoldfinch-thumbnail-f99916cbaf5a2c3bd8f61890d18d73c1.jpg","https://media.birdweather.com/species/89/EuropeanGoldfinch-png200-ef3fc90c8328c40b59d9ad3c4b52e850.png","lPgJDwI+UJmHq2hji4dWiHiH2XQID5UC",13665591793,"https://media.birdweather.com/soundscapes/6891/6891-20260628-180119.flac",0,3,"birdnetpi"
9204578764,6891,"2026-06-28T20:00:58.000+02:00",1,0.651233911514282,9.35789444804583,"almost_certain","2p4",NA,51.5692,6.0015,FALSE,119,"Common House-Martin","Delichon urbicum","#53b1ff","avian","https://media.birdweather.com/species/119/CommonHouse-Martin-standard-9ffbcc688c51210fb136a162c84d82ad.jpg","https://media.birdweather.com/species/119/CommonHouse-Martin-thumbnail-dd7059ca6235347c3097e7a66f04df95.jpg","https://media.birdweather.com/species/119/CommonHouse-Martin-png200-a73a8953ce2af50676da81e70b2746b2.png","YhgKDwKJd4iIiHd/h5h5d4mIeQqVllAH",13665580987,"https://media.birdweather.com/soundscapes/6891/6891-20260628-180058.flac",0,3,"birdnetpi"
9204560944,6891,"2026-06-28T20:00:18.000+02:00",1,0.651233911514282,9.35789444804583,"almost_certain","2p4",NA,51.5672,6.0085,FALSE,119,"Common House-Martin","Delichon urbicum","#53b1ff","avian","https://media.birdweather.com/species/119/CommonHouse-Martin-standard-9ffbcc688c51210fb136a162c84d82ad.jpg","https://media.birdweather.com/species/119/CommonHouse-Martin-thumbnail-dd7059ca6235347c3097e7a66f04df95.jpg","https://media.birdweather.com/species/119/CommonHouse-Martin-png200-a73a8953ce2af50676da81e70b2746b2.png","YhgKDwKJd4iIiHd/h5h5d4mIeQqVllAH",13665558923,"https://media.birdweather.com/soundscapes/6891/6891-20260628-180018.flac",0,3,"birdnetpi"
9204550016,6891,"2026-06-28T19:59:48.000+02:00",0.95,0.651233911514282,9.25636652619523,"almost_certain","2p4",NA,51.5646,6.0051,FALSE,119,"Common House-Martin","Delichon urbicum","#53b1ff","avian","https://media.birdweather.com/species/119/CommonHouse-Martin-standard-9ffbcc688c51210fb136a162c84d82ad.jpg","https://media.birdweather.com/species/119/CommonHouse-Martin-thumbnail-dd7059ca6235347c3097e7a66f04df95.jpg","https://media.birdweather.com/species/119/CommonHouse-Martin-png200-a73a8953ce2af50676da81e70b2746b2.png","YhgKDwKJd4iIiHd/h5h5d4mIeQqVllAH",13665544971,"https://media.birdweather.com/soundscapes/6891/6891-20260628-175948.flac",0,3,"birdnetpi"
9204534623,6891,"2026-06-28T19:59:04.000+02:00",0.99,0.651233911514282,9.33818187773646,"almost_certain","2p4",NA,51.5664,6.006,FALSE,119,"Common House-Martin","Delichon urbicum","#53b1ff","avian","https://media.birdweather.com/species/119/CommonHouse-Martin-standard-9ffbcc688c51210fb136a162c84d82ad.jpg","https://media.birdweather.com/species/119/CommonHouse-Martin-thumbnail-dd7059ca6235347c3097e7a66f04df95.jpg","https://media.birdweather.com/species/119/CommonHouse-Martin-png200-a73a8953ce2af50676da81e70b2746b2.png","YhgKDwKJd4iIiHd/h5h5d4mIeQqVllAH",13665525828,"https://media.birdweather.com/soundscapes/6891/6891-20260628-175904.flac",0,3,"birdnetpi"
9204508703,6891,"2026-06-28T19:57:58.000+02:00",0.71,0.938615620136261,9.11947725530592,"almost_certain","2p4",NA,51.5672,6.0094,FALSE,397,"Barn Swallow","Hirundo rustica","#c85500","avian","https://media.birdweather.com/species/397/BarnSwallow-standard-66c9cb8916403efe633a420fe54e3bc6.jpg","https://media.birdweather.com/species/397/BarnSwallow-thumbnail-418cddeb212e9e1ce5d35f61a3040433.jpg","https://media.birdweather.com/species/397/BarnSwallow-png200-317c812ebfcec488fad1824feff99dbc.png","IAgKHwKLhnmThXdPl1i3p3ll51f4jngP",13665493845,"https://media.birdweather.com/soundscapes/6891/6891-20260628-175758.flac",0,3,"birdnetpi"
9204467549,6891,"2026-06-28T19:56:16.000+02:00",0.8,0.938615620136261,9.39135504135758,"almost_certain","2p4",NA,51.5627,6.0037,FALSE,397,"Barn Swallow","Hirundo rustica","#c85500","avian","https://media.birdweather.com/species/397/BarnSwallow-standard-66c9cb8916403efe633a420fe54e3bc6.jpg","https://media.birdweather.com/species/397/BarnSwallow-thumbnail-418cddeb212e9e1ce5d35f61a3040433.jpg","https://media.birdweather.com/species/397/BarnSwallow-png200-317c812ebfcec488fad1824feff99dbc.png","IAgKHwKLhnmThXdPl1i3p3ll51f4jngP",13665443776,"https://media.birdweather.com/soundscapes/6891/6891-20260628-175616.flac",0,3,"birdnetpi"
9204436586,6891,"2026-06-28T19:54:58.000+02:00",0.85,0.651233911514282,9.0275024302067,"almost_certain","2p4",NA,51.5666,6.009,FALSE,119,"Common House-Martin","Delichon urbicum","#53b1ff","avian","https://media.birdweather.com/species/119/CommonHouse-Martin-standard-9ffbcc688c51210fb136a162c84d82ad.jpg","https://media.birdweather.com/species/119/CommonHouse-Martin-thumbnail-dd7059ca6235347c3097e7a66f04df95.jpg","https://media.birdweather.com/species/119/CommonHouse-Martin-png200-a73a8953ce2af50676da81e70b2746b2.png","YhgKDwKJd4iIiHd/h5h5d4mIeQqVllAH",13665405650,"https://media.birdweather.com/soundscapes/6891/6891-20260628-175458.flac",0,3,"birdnetpi"
9204427753,6891,"2026-06-28T19:54:36.000+02:00",0.76,0.651233911514282,8.78269467962827,"almost_certain","2p4",NA,51.5671,6.0088,FALSE,119,"Common House-Martin","Delichon urbicum","#53b1ff","avian","https://media.birdweather.com/species/119/CommonHouse-Martin-standard-9ffbcc688c51210fb136a162c84d82ad.jpg","https://media.birdweather.com/species/119/CommonHouse-Martin-thumbnail-dd7059ca6235347c3097e7a66f04df95.jpg","https://media.birdweather.com/species/119/CommonHouse-Martin-png200-a73a8953ce2af50676da81e70b2746b2.png","YhgKDwKJd4iIiHd/h5h5d4mIeQqVllAH",13665394902,"https://media.birdweather.com/soundscapes/6891/6891-20260628-175436.flac",0,3,"birdnetpi"
9204421084,6891,"2026-06-28T19:54:19.000+02:00",0.88,0.651233911514282,9.10026289088681,"almost_certain","2p4",NA,51.5615,6.0034,FALSE,119,"Common House-Martin","Delichon urbicum","#53b1ff","avian","https://media.birdweather.com/species/119/CommonHouse-Martin-standard-9ffbcc688c51210fb136a162c84d82ad.jpg","https://media.birdweather.com/species/119/CommonHouse-Martin-thumbnail-dd7059ca6235347c3097e7a66f04df95.jpg","https://media.birdweather.com/species/119/CommonHouse-Martin-png200-a73a8953ce2af50676da81e70b2746b2.png","YhgKDwKJd4iIiHd/h5h5d4mIeQqVllAH",13665386481,"https://media.birdweather.com/soundscapes/6891/6891-20260628-175419.flac",0,3,"birdnetpi"
9204410191,6891,"2026-06-28T19:53:55.000+02:00",0.91,0.651233911514282,9.16935316035565,"almost_certain","2p4",NA,51.5666,6.0091,FALSE,119,"Common House-Martin","Delichon urbicum","#53b1ff","avian","https://media.birdweather.com/species/119/CommonHouse-Martin-standard-9ffbcc688c51210fb136a162c84d82ad.jpg","https://media.birdweather.com/species/119/CommonHouse-Martin-thumbnail-dd7059ca6235347c3097e7a66f04df95.jpg","https://media.birdweather.com/species/119/CommonHouse-Martin-png200-a73a8953ce2af50676da81e70b2746b2.png","YhgKDwKJd4iIiHd/h5h5d4mIeQqVllAH",13665373244,"https://media.birdweather.com/soundscapes/6891/6891-20260628-175355.flac",0,3,"birdnetpi"
9204403748,6891,"2026-06-28T19:53:37.000+02:00",0.87,0.651233911514282,9.07643620337154,"almost_certain","2p4",NA,51.5677,6.0033,FALSE,119,"Common House-Martin","Delichon urbicum","#53b1ff","avian","https://media.birdweather.com/species/119/CommonHouse-Martin-standard-9ffbcc688c51210fb136a162c84d82ad.jpg","https://media.birdweather.com/species/119/CommonHouse-Martin-thumbnail-dd7059ca6235347c3097e7a66f04df95.jpg","https://media.birdweather.com/species/119/CommonHouse-Martin-png200-a73a8953ce2af50676da81e70b2746b2.png","YhgKDwKJd4iIiHd/h5h5d4mIeQqVllAH",13665365348,"https://media.birdweather.com/soundscapes/6891/6891-20260628-175337.flac",0,3,"birdnetpi"
9204394506,6891,"2026-06-28T19:53:24.000+02:00",0.83,0.651233911514282,8.97675588800462,"almost_certain","2p4",NA,51.5686,6.0019,FALSE,119,"Common House-Martin","Delichon urbicum","#53b1ff","avian","https://media.birdweather.com/species/119/CommonHouse-Martin-standard-9ffbcc688c51210fb136a162c84d82ad.jpg","https://media.birdweather.com/species/119/CommonHouse-Martin-thumbnail-dd7059ca6235347c3097e7a66f04df95.jpg","https://media.birdweather.com/species/119/CommonHouse-Martin-png200-a73a8953ce2af50676da81e70b2746b2.png","YhgKDwKJd4iIiHd/h5h5d4mIeQqVllAH",13665354159,"https://media.birdweather.com/soundscapes/6891/6891-20260628-175324.flac",0,3,"birdnetpi"
9204374418,6891,"2026-06-28T19:52:25.000+02:00",0.88,0.651233911514282,9.10026289088681,"almost_certain","2p4",NA,51.5682,6.0033,FALSE,119,"Common House-Martin","Delichon urbicum","#53b1ff","avian","https://media.birdweather.com/species/119/CommonHouse-Martin-standard-9ffbcc688c51210fb136a162c84d82ad.jpg","https://media.birdweather.com/species/119/CommonHouse-Martin-thumbnail-dd7059ca6235347c3097e7a66f04df95.jpg","https://media.birdweather.com/species/119/CommonHouse-Martin-png200-a73a8953ce2af50676da81e70b2746b2.png","YhgKDwKJd4iIiHd/h5h5d4mIeQqVllAH",13665329987,"https://media.birdweather.com/soundscapes/6891/6891-20260628-175225.flac",0,3,"birdnetpi"
9204353920,6891,"2026-06-28T19:51:34.000+02:00",0.88,0.823857188224792,9.41804055327301,"almost_certain","2p4",NA,51.5619,6.0075,FALSE,53,"European Starling","Sturnus vulgaris","#96038f","avian","https://media.birdweather.com/species/53/EuropeanStarling-standard-ff3a9beb497795d3bd4205bd86cf1652.jpg","https://media.birdweather.com/species/53/EuropeanStarling-thumbnail-974e70e3ea84a4be254312c2dfe527d5.jpg","https://media.birdweather.com/species/53/EuropeanStarling-png200-c81072eef7cc54f4bd51dcb88ed45765.png","FQgGBwD4dnmbZHhapUenmGh16HWAvzoO",13665305133,"https://media.birdweather.com/soundscapes/6891/6891-20260628-175134.flac",0,3,"birdnetpi"
9204347102,6891,"2026-06-28T19:51:18.000+02:00",0.85,0.823857188224792,9.3452800925929,"almost_certain","2p4",NA,51.5701,6.0023,FALSE,53,"European Starling","Sturnus vulgaris","#96038f","avian","https://media.birdweather.com/species/53/EuropeanStarling-standard-ff3a9beb497795d3bd4205bd86cf1652.jpg","https://media.birdweather.com/species/53/EuropeanStarling-thumbnail-974e70e3ea84a4be254312c2dfe527d5.jpg","https://media.birdweather.com/species/53/EuropeanStarling-png200-c81072eef7cc54f4bd51dcb88ed45765.png","FQgGBwD4dnmbZHhapUenmGh16HWAvzoO",13665296838,"https://media.birdweather.com/soundscapes/6891/6891-20260628-175118.flac",0,3,"birdnetpi"
9204330825,6891,"2026-06-28T19:50:36.000+02:00",0.87,0.651233911514282,9.07643620337154,"almost_certain","2p4",NA,51.5649,6.0044,FALSE,119,"Common House-Martin","Delichon urbicum","#53b1ff","avian","https://media.birdweather.com/species/119/CommonHouse-Martin-standard-9ffbcc688c51210fb136a162c84d82ad.jpg","https://media.birdweather.com/species/119/CommonHouse-Martin-thumbnail-dd7059ca6235347c3097e7a66f04df95.jpg","https://media.birdweather.com/species/119/CommonHouse-Martin-png200-a73a8953ce2af50676da81e70b2746b2.png","YhgKDwKJd4iIiHd/h5h5d4mIeQqVllAH",13665277190,"https://media.birdweather.com/soundscapes/6891/6891-20260628-175036.flac",0,3,"birdnetpi"
9204320407,6891,"2026-06-28T19:50:12.000+02:00",1,0.651233911514282,9.35789444804583,"almost_certain","2p4",NA,51.5686,6.0011,FALSE,119,"Common House-Martin","Delichon urbicum","#53b1ff","avian","https://media.birdweather.com/species/119/CommonHouse-Martin-standard-9ffbcc688c51210fb136a162c84d82ad.jpg","https://media.birdweather.com/species/119/CommonHouse-Martin-thumbnail-dd7059ca6235347c3097e7a66f04df95.jpg","https://media.birdweather.com/species/119/CommonHouse-Martin-png200-a73a8953ce2af50676da81e70b2746b2.png","YhgKDwKJd4iIiHd/h5h5d4mIeQqVllAH",13665264577,"https://media.birdweather.com/soundscapes/6891/6891-20260628-175012.flac",0,3,"birdnetpi"
9204311607,6891,"2026-06-28T19:49:49.000+02:00",0.94,0.823857188224792,9.55290345302717,"almost_certain","2p4",NA,51.5641,6.0008,FALSE,53,"European Starling","Sturnus vulgaris","#96038f","avian","https://media.birdweather.com/species/53/EuropeanStarling-standard-ff3a9beb497795d3bd4205bd86cf1652.jpg","https://media.birdweather.com/species/53/EuropeanStarling-thumbnail-974e70e3ea84a4be254312c2dfe527d5.jpg","https://media.birdweather.com/species/53/EuropeanStarling-png200-c81072eef7cc54f4bd51dcb88ed45765.png","FQgGBwD4dnmbZHhapUenmGh16HWAvzoO",13665253721,"https://media.birdweather.com/soundscapes/6891/6891-20260628-174949.flac",0,3,"birdnetpi"
9204306282,6891,"2026-06-28T19:49:34.000+02:00",0.77,0.841241300106049,9.15820371996853,"almost_certain","2p4",NA,51.5695,6.0061,FALSE,1,"House Sparrow","Passer domesticus","#d16ff8","avian","https://media.birdweather.com/species/1/HouseSparrow-standard-b861184cf45c092cdb45fd689dd676ef.jpg","https://media.birdweather.com/species/1/HouseSparrow-thumbnail-e9cbc91763a1579de8ef04880678b5e3.jpg","https://media.birdweather.com/species/1/HouseSparrow-png200-125e8603e1efe9d7a18316b94f06a65e.png","XAgCDwD8qpukuHiqtLZ9mImnmPFcDO4E",13665246959,"https://media.birdweather.com/soundscapes/6891/6891-20260628-174934.flac",0,3,"birdnetpi"
9204299985,6891,"2026-06-28T19:49:18.000+02:00",0.83,0.841241300106049,9.32280142719216,"almost_certain","2p4",NA,51.5676,6.0045,FALSE,1,"House Sparrow","Passer domesticus","#d16ff8","avian","https://media.birdweather.com/species/1/HouseSparrow-standard-b861184cf45c092cdb45fd689dd676ef.jpg","https://media.birdweather.com/species/1/HouseSparrow-thumbnail-e9cbc91763a1579de8ef04880678b5e3.jpg","https://media.birdweather.com/species/1/HouseSparrow-png200-125e8603e1efe9d7a18316b94f06a65e.png","XAgCDwD8qpukuHiqtLZ9mImnmPFcDO4E",13665239197,"https://media.birdweather.com/soundscapes/6891/6891-20260628-174918.flac",0,3,"birdnetpi"
9204293520,6891,"2026-06-28T19:49:01.000+02:00",0.91,0.651233911514282,9.16935316035565,"almost_certain","2p4",NA,51.5658,6.0038,FALSE,119,"Common House-Martin","Delichon urbicum","#53b1ff","avian","https://media.birdweather.com/species/119/CommonHouse-Martin-standard-9ffbcc688c51210fb136a162c84d82ad.jpg","https://media.birdweather.com/species/119/CommonHouse-Martin-thumbnail-dd7059ca6235347c3097e7a66f04df95.jpg","https://media.birdweather.com/species/119/CommonHouse-Martin-png200-a73a8953ce2af50676da81e70b2746b2.png","YhgKDwKJd4iIiHd/h5h5d4mIeQqVllAH",13665230876,"https://media.birdweather.com/soundscapes/6891/6891-20260628-174901.flac",0,3,"birdnetpi"
9204282704,6891,"2026-06-28T19:48:42.000+02:00",0.89,0.841241300106049,9.46972780377659,"almost_certain","2p4",NA,51.5652,6.0057,FALSE,1,"House Sparrow","Passer domesticus","#d16ff8","avian","https://media.birdweather.com/species/1/HouseSparrow-standard-b861184cf45c092cdb45fd689dd676ef.jpg","https://media.birdweather.com/species/1/HouseSparrow-thumbnail-e9cbc91763a1579de8ef04880678b5e3.jpg","https://media.birdweather.com/species/1/HouseSparrow-png200-125e8603e1efe9d7a18316b94f06a65e.png","XAgCDwD8qpukuHiqtLZ9mImnmPFcDO4E",13665217756,"https://media.birdweather.com/soundscapes/6891/6891-20260628-174842.flac",0,3,"birdnetpi"
9204276316,6891,"2026-06-28T19:48:19.000+02:00",0.93,0.841241300106049,9.55959608078215,"almost_certain","2p4",NA,51.5665,6.0016,FALSE,1,"House Sparrow","Passer domesticus","#d16ff8","avian","https://media.birdweather.com/species/1/HouseSparrow-standard-b861184cf45c092cdb45fd689dd676ef.jpg","https://media.birdweather.com/species/1/HouseSparrow-thumbnail-e9cbc91763a1579de8ef04880678b5e3.jpg","https://media.birdweather.com/species/1/HouseSparrow-png200-125e8603e1efe9d7a18316b94f06a65e.png","XAgCDwD8qpukuHiqtLZ9mImnmPFcDO4E",13665210035,"https://media.birdweather.com/soundscapes/6891/6891-20260628-174819.flac",0,3,"birdnetpi"
9204233478,6891,"2026-06-28T19:46:31.000+02:00",0.88,0.651233911514282,9.10026289088681,"almost_certain","2p4",NA,51.5656,6.0086,FALSE,119,"Common House-Martin","Delichon urbicum","#53b1ff","avian","https://media.birdweather.com/species/119/CommonHouse-Martin-standard-9ffbcc688c51210fb136a162c84d82ad.jpg","https://media.birdweather.com/species/119/CommonHouse-Martin-thumbnail-dd7059ca6235347c3097e7a66f04df95.jpg","https://media.birdweather.com/species/119/CommonHouse-Martin-png200-a73a8953ce2af50676da81e70b2746b2.png","YhgKDwKJd4iIiHd/h5h5d4mIeQqVllAH",13665157323,"https://media.birdweather.com/soundscapes/6891/6891-20260628-174631.flac",0,3,"birdnetpi"
9204228126,6891,"2026-06-28T19:46:18.000+02:00",0.78,0.841241300106049,9.18704689056956,"almost_certain","2p4",NA,51.5676,6.0058,FALSE,1,"House Sparrow","Passer domesticus","#d16ff8","avian","https://media.birdweather.com/species/1/HouseSparrow-standard-b861184cf45c092cdb45fd689dd676ef.jpg","https://media.birdweather.com/species/1/HouseSparrow-thumbnail-e9cbc91763a1579de8ef04880678b5e3.jpg","https://media.birdweather.com/species/1/HouseSparrow-png200-125e8603e1efe9d7a18316b94f06a65e.png","XAgCDwD8qpukuHiqtLZ9mImnmPFcDO4E",13665150529,"https://media.birdweather.com/soundscapes/6891/6891-20260628-174618.flac",0,3,"birdnetpi"
9204221377,6891,"2026-06-28T19:46:01.000+02:00",0.78,0.841241300106049,9.18704689056956,"almost_certain","2p4",NA,51.5704,6.0017,FALSE,1,"House Sparrow","Passer domesticus","#d16ff8","avian","https://media.birdweather.com/species/1/HouseSparrow-standard-b861184cf45c092cdb45fd689dd676ef.jpg","https://media.birdweather.com/species/1/HouseSparrow-thumbnail-e9cbc91763a1579de8ef04880678b5e3.jpg","https://media.birdweather.com/species/1/HouseSparrow-png200-125e8603e1efe9d7a18316b94f06a65e.png","XAgCDwD8qpukuHiqtLZ9mImnmPFcDO4E",13665141892,"https://media.birdweather.com/soundscapes/6891/6891-20260628-174601.flac",0,3,"birdnetpi"
9204172195,6891,"2026-06-28T19:43:58.000+02:00",0.83,0.841241300106049,9.32280142719216,"almost_certain","2p4",NA,51.5655,6.0047,FALSE,1,"House Sparrow","Passer domesticus","#d16ff8","avian","https://media.birdweather.com/species/1/HouseSparrow-standard-b861184cf45c092cdb45fd689dd676ef.jpg","https://media.birdweather.com/species/1/HouseSparrow-thumbnail-e9cbc91763a1579de8ef04880678b5e3.jpg","https://media.birdweather.com/species/1/HouseSparrow-png200-125e8603e1efe9d7a18316b94f06a65e.png","XAgCDwD8qpukuHiqtLZ9mImnmPFcDO4E",13665081721,"https://media.birdweather.com/soundscapes/6891/6891-20260628-174358.flac",0,3,"birdnetpi"
9204161525,6891,"2026-06-28T19:43:31.000+02:00",0.92,0.841241300106049,9.53767561313752,"almost_certain","2p4",NA,51.5633,6.008,FALSE,1,"House Sparrow","Passer domesticus","#d16ff8","avian","https://media.birdweather.com/species/1/HouseSparrow-standard-b861184cf45c092cdb45fd689dd676ef.jpg","https://media.birdweather.com/species/1/HouseSparrow-thumbnail-e9cbc91763a1579de8ef04880678b5e3.jpg","https://media.birdweather.com/species/1/HouseSparrow-png200-125e8603e1efe9d7a18316b94f06a65e.png","XAgCDwD8qpukuHiqtLZ9mImnmPFcDO4E",13665068677,"https://media.birdweather.com/soundscapes/6891/6891-20260628-174331.flac",0,3,"birdnetpi"
9204150661,6891,"2026-06-28T19:43:07.000+02:00",0.87,0.841241300106049,9.42248174255908,"almost_certain","2p4",NA,51.5671,6.0022,FALSE,1,"House Sparrow","Passer domesticus","#d16ff8","avian","https://media.birdweather.com/species/1/HouseSparrow-standard-b861184cf45c092cdb45fd689dd676ef.jpg","https://media.birdweather.com/species/1/HouseSparrow-thumbnail-e9cbc91763a1579de8ef04880678b5e3.jpg","https://media.birdweather.com/species/1/HouseSparrow-png200-125e8603e1efe9d7a18316b94f06a65e.png","XAgCDwD8qpukuHiqtLZ9mImnmPFcDO4E",13665055446,"https://media.birdweather.com/soundscapes/6891/6891-20260628-174307.flac",0,3,"birdnetpi"
9204140168,6891,"2026-06-28T19:42:42.000+02:00",0.91,0.841241300106049,9.51539869954319,"almost_certain","2p4",NA,51.5669,6.0038,FALSE,1,"House Sparrow","Passer domesticus","#d16ff8","avian","https://media.birdweather.com/species/1/HouseSparrow-standard-b861184cf45c092cdb45fd689dd676ef.jpg","https://media.birdweather.com/species/1/HouseSparrow-thumbnail-e9cbc91763a1579de8ef04880678b5e3.jpg","https://media.birdweather.com/species/1/HouseSparrow-png200-125e8603e1efe9d7a18316b94f06a65e.png","XAgCDwD8qpukuHiqtLZ9mImnmPFcDO4E",13665042474,"https://media.birdweather.com/soundscapes/6891/6891-20260628-174242.flac",0,3,"birdnetpi"
9204102776,6891,"2026-06-28T19:41:12.000+02:00",0.91,0.651233911514282,9.16935316035565,"almost_certain","2p4",NA,51.5615,6.0005,FALSE,119,"Common House-Martin","Delichon urbicum","#53b1ff","avian","https://media.birdweather.com/species/119/CommonHouse-Martin-standard-9ffbcc688c51210fb136a162c84d82ad.jpg","https://media.birdweather.com/species/119/CommonHouse-Martin-thumbnail-dd7059ca6235347c3097e7a66f04df95.jpg","https://media.birdweather.com/species/119/CommonHouse-Martin-png200-a73a8953ce2af50676da81e70b2746b2.png","YhgKDwKJd4iIiHd/h5h5d4mIeQqVllAH",13664996648,"https://media.birdweather.com/soundscapes/6891/6891-20260628-174112.flac",0,3,"birdnetpi"
9204067091,6891,"2026-06-28T19:39:31.000+02:00",0.74,0.841241300106049,9.06784130409377,"almost_certain","2p4",NA,51.5617,6.0055,FALSE,1,"House Sparrow","Passer domesticus","#d16ff8","avian","https://media.birdweather.com/species/1/HouseSparrow-standard-b861184cf45c092cdb45fd689dd676ef.jpg","https://media.birdweather.com/species/1/HouseSparrow-thumbnail-e9cbc91763a1579de8ef04880678b5e3.jpg","https://media.birdweather.com/species/1/HouseSparrow-png200-125e8603e1efe9d7a18316b94f06a65e.png","XAgCDwD8qpukuHiqtLZ9mImnmPFcDO4E",13664952987,"https://media.birdweather.com/soundscapes/6891/6891-20260628-173931.flac",0,3,"birdnetpi"
9204009360,6891,"2026-06-28T19:37:04.000+02:00",0.7,0.841241300106049,8.93726635776184,"almost_certain","2p4",NA,51.564,6.0061,FALSE,1,"House Sparrow","Passer domesticus","#d16ff8","avian","https://media.birdweather.com/species/1/HouseSparrow-standard-b861184cf45c092cdb45fd689dd676ef.jpg","https://media.birdweather.com/species/1/HouseSparrow-thumbnail-e9cbc91763a1579de8ef04880678b5e3.jpg","https://media.birdweather.com/species/1/HouseSparrow-png200-125e8603e1efe9d7a18316b94f06a65e.png","XAgCDwD8qpukuHiqtLZ9mImnmPFcDO4E",13664881963,"https://media.birdweather.com/soundscapes/6891/6891-20260628-173704.flac",0,3,"birdnetpi"
9203998963,6891,"2026-06-28T19:36:37.000+02:00",0.73,0.651233911514282,8.69030012493839,"almost_certain","2p4",NA,51.5623,6.0044,FALSE,119,"Common House-Martin","Delichon urbicum","#53b1ff","avian","https://media.birdweather.com/species/119/CommonHouse-Martin-standard-9ffbcc688c51210fb136a162c84d82ad.jpg","https://media.birdweather.com/species/119/CommonHouse-Martin-thumbnail-dd7059ca6235347c3097e7a66f04df95.jpg","https://media.birdweather.com/species/119/CommonHouse-Martin-png200-a73a8953ce2af50676da81e70b2746b2.png","YhgKDwKJd4iIiHd/h5h5d4mIeQqVllAH",13664868854,"https://media.birdweather.com/soundscapes/6891/6891-20260628-173637.flac",0,3,"birdnetpi"
9203990486,6891,"2026-06-28T19:36:16.000+02:00",0.73,0.841241300106049,9.03634566412593,"almost_certain","2p4",NA,51.5653,6.0018,FALSE,1,"House Sparrow","Passer domesticus","#d16ff8","avian","https://media.birdweather.com/species/1/HouseSparrow-standard-b861184cf45c092cdb45fd689dd676ef.jpg","https://media.birdweather.com/species/1/HouseSparrow-thumbnail-e9cbc91763a1579de8ef04880678b5e3.jpg","https://media.birdweather.com/species/1/HouseSparrow-png200-125e8603e1efe9d7a18316b94f06a65e.png","XAgCDwD8qpukuHiqtLZ9mImnmPFcDO4E",13664858174,"https://media.birdweather.com/soundscapes/6891/6891-20260628-173616.flac",0,3,"birdnetpi"
9203974465,6891,"2026-06-28T19:35:34.000+02:00",0.75,0.841241300106049,9.09862911661109,"almost_certain","2p4",NA,51.5687,6.0055,FALSE,1,"House Sparrow","Passer domesticus","#d16ff8","avian","https://media.birdweather.com/species/1/HouseSparrow-standard-b861184cf45c092cdb45fd689dd676ef.jpg","https://media.birdweather.com/species/1/HouseSparrow-thumbnail-e9cbc91763a1579de8ef04880678b5e3.jpg","https://media.birdweather.com/species/1/HouseSparrow-png200-125e8603e1efe9d7a18316b94f06a65e.png","XAgCDwD8qpukuHiqtLZ9mImnmPFcDO4E",13664838285,"https://media.birdweather.com/soundscapes/6891/6891-20260628-173534.flac",0,3,"birdnetpi"
9203963179,6891,"2026-06-28T19:35:09.000+02:00",0.71,0.841241300106049,8.97109523701065,"almost_certain","2p4",NA,51.5647,6.0005,FALSE,1,"House Sparrow","Passer domesticus","#d16ff8","avian","https://media.birdweather.com/species/1/HouseSparrow-standard-b861184cf45c092cdb45fd689dd676ef.jpg","https://media.birdweather.com/species/1/HouseSparrow-thumbnail-e9cbc91763a1579de8ef04880678b5e3.jpg","https://media.birdweather.com/species/1/HouseSparrow-png200-125e8603e1efe9d7a18316b94f06a65e.png","XAgCDwD8qpukuHiqtLZ9mImnmPFcDO4E",13664824599,"https://media.birdweather.com/soundscapes/6891/6891-20260628-173509.flac",0,3,"birdnetpi"
9203956441,6891,"2026-06-28T19:34:58.000+02:00",0.73,0.841241300106049,9.03634566412593,"almost_certain","2p4",NA,51.5629,6.003,FALSE,1,"House Sparrow","Passer domesticus","#d16ff8","avian","https://media.birdweather.com/species/1/HouseSparrow-standard-b861184cf45c092cdb45fd689dd676ef.jpg","https://media.birdweather.com/species/1/HouseSparrow-thumbnail-e9cbc91763a1579de8ef04880678b5e3.jpg","https://media.birdweather.com/species/1/HouseSparrow-png200-125e8603e1efe9d7a18316b94f06a65e.png","XAgCDwD8qpukuHiqtLZ9mImnmPFcDO4E",13664815929,"https://media.birdweather.com/soundscapes/6891/6891-20260628-173458.flac",0,3,"birdnetpi"
9203933286,6891,"2026-06-28T19:33:57.000+02:00",0.77,0.841241300106049,9.15820371996853,"almost_certain","2p4",NA,51.5653,6.0063,FALSE,1,"House Sparrow","Passer domesticus","#d16ff8","avian","https://media.birdweather.com/species/1/HouseSparrow-standard-b861184cf45c092cdb45fd689dd676ef.jpg","https://media.birdweather.com/species/1/HouseSparrow-thumbnail-e9cbc91763a1579de8ef04880678b5e3.jpg","https://media.birdweather.com/species/1/HouseSparrow-png200-125e8603e1efe9d7a18316b94f06a65e.png","XAgCDwD8qpukuHiqtLZ9mImnmPFcDO4E",13664786818,"https://media.birdweather.com/soundscapes/6891/6891-20260628-173357.flac",0,3,"birdnetpi"
9203922172,6891,"2026-06-28T19:33:21.000+02:00",0.79,0.841241300106049,9.21529531403731,"almost_certain","2p4",NA,51.5676,6.0029,FALSE,1,"House Sparrow","Passer domesticus","#d16ff8","avian","https://media.birdweather.com/species/1/HouseSparrow-standard-b861184cf45c092cdb45fd689dd676ef.jpg","https://media.birdweather.com/species/1/HouseSparrow-thumbnail-e9cbc91763a1579de8ef04880678b5e3.jpg","https://media.birdweather.com/species/1/HouseSparrow-png200-125e8603e1efe9d7a18316b94f06a65e.png","XAgCDwD8qpukuHiqtLZ9mImnmPFcDO4E",13664772741,"https://media.birdweather.com/soundscapes/6891/6891-20260628-173321.flac",0,3,"birdnetpi"
9203848326,6891,"2026-06-28T19:30:10.000+02:00",0.82,0.302056699991226,7.92189569281419,"almost_certain","2p4",NA,51.5677,6.0028,FALSE,2,"Short-toed Treecreeper","Certhia brachydactyla","#66dd57","avian","https://media.birdweather.com/species/2/Short-toedTreecreeper-standard-7bbb76fb215629d251262575c97eb338.jpg","https://media.birdweather.com/species/2/Short-toedTreecreeper-thumbnail-fab8f3fcc7962cfbf3bdbde5dc2a415d.jpg","https://media.birdweather.com/species/2/Short-toedTreecreeper-png200-9ed36805c2a6923b35a860f2814cdd8c.png","IRkGHwS/1aqJXad3ialWmph5+Yx4z3gI",13664680436,"https://media.birdweather.com/soundscapes/6891/6891-20260628-173010.flac",0,3,"birdnetpi"
9203833888,6891,"2026-06-28T19:29:31.000+02:00",0.84,0.995071530342102,9.5759917959858,"almost_certain","2p4",NA,51.5622,6.0038,FALSE,407,"Common Wood-Pigeon","Columba palumbus","#028fb2","avian","https://media.birdweather.com/species/407/CommonWood-Pigeon-standard-5558900260c92622ceef8a812b06518e.jpg","https://media.birdweather.com/species/407/CommonWood-Pigeon-thumbnail-4b86c907c8b82c8af31d566b811dee05.jpg","https://media.birdweather.com/species/407/CommonWood-Pigeon-png200-533b13201573be3895fcec3e61e861b5.png","2ukFHwIHiYeWxnZUiniYZ3h5h6+rCIQH",13664661897,"https://media.birdweather.com/soundscapes/6891/6891-20260628-172931.flac",0,3,"birdnetpi"
9203818330,6891,"2026-06-28T19:28:51.000+02:00",0.84,0.651233911514282,9.00236411023127,"almost_certain","2p4",NA,51.5678,6.0019,FALSE,119,"Common House-Martin","Delichon urbicum","#53b1ff","avian","https://media.birdweather.com/species/119/CommonHouse-Martin-standard-9ffbcc688c51210fb136a162c84d82ad.jpg","https://media.birdweather.com/species/119/CommonHouse-Martin-thumbnail-dd7059ca6235347c3097e7a66f04df95.jpg","https://media.birdweather.com/species/119/CommonHouse-Martin-png200-a73a8953ce2af50676da81e70b2746b2.png","YhgKDwKJd4iIiHd/h5h5d4mIeQqVllAH",13664642443,"https://media.birdweather.com/soundscapes/6891/6891-20260628-172851.flac",0,3,"birdnetpi"
9203812900,6891,"2026-06-28T19:28:37.000+02:00",0.85,0.823857188224792,9.3452800925929,"almost_certain","2p4",NA,51.5643,6.004,FALSE,53,"European Starling","Sturnus vulgaris","#96038f","avian","https://media.birdweather.com/species/53/EuropeanStarling-standard-ff3a9beb497795d3bd4205bd86cf1652.jpg","https://media.birdweather.com/species/53/EuropeanStarling-thumbnail-974e70e3ea84a4be254312c2dfe527d5.jpg","https://media.birdweather.com/species/53/EuropeanStarling-png200-c81072eef7cc54f4bd51dcb88ed45765.png","FQgGBwD4dnmbZHhapUenmGh16HWAvzoO",13664635724,"https://media.birdweather.com/soundscapes/6891/6891-20260628-172837.flac",0,3,"birdnetpi"
9203800914,6891,"2026-06-28T19:28:10.000+02:00",0.91,0.995071530342102,9.74298084611018,"almost_certain","2p4",NA,51.567,6.0089,FALSE,407,"Common Wood-Pigeon","Columba palumbus","#028fb2","avian","https://media.birdweather.com/species/407/CommonWood-Pigeon-standard-5558900260c92622ceef8a812b06518e.jpg","https://media.birdweather.com/species/407/CommonWood-Pigeon-thumbnail-4b86c907c8b82c8af31d566b811dee05.jpg","https://media.birdweather.com/species/407/CommonWood-Pigeon-png200-533b13201573be3895fcec3e61e861b5.png","2ukFHwIHiYeWxnZUiniYZ3h5h6+rCIQH",13664620664,"https://media.birdweather.com/soundscapes/6891/6891-20260628-172810.flac",0,3,"birdnetpi"
9203777006,6891,"2026-06-28T19:27:04.000+02:00",0.8,0.651233911514282,8.89692748387477,"almost_certain","2p4",NA,51.5693,6.0068,FALSE,119,"Common House-Martin","Delichon urbicum","#53b1ff","avian","https://media.birdweather.com/species/119/CommonHouse-Martin-standard-9ffbcc688c51210fb136a162c84d82ad.jpg","https://media.birdweather.com/species/119/CommonHouse-Martin-thumbnail-dd7059ca6235347c3097e7a66f04df95.jpg","https://media.birdweather.com/species/119/CommonHouse-Martin-png200-a73a8953ce2af50676da81e70b2746b2.png","YhgKDwKJd4iIiHd/h5h5d4mIeQqVllAH",13664590539,"https://media.birdweather.com/soundscapes/6891/6891-20260628-172704.flac",0,3,"birdnetpi"
9203768825,6891,"2026-06-28T19:26:45.000+02:00",0.98,0.651233911514282,9.31818152252948,"almost_certain","2p4",NA,51.5677,6.0078,FALSE,119,"Common House-Martin","Delichon urbicum","#53b1ff","avian","https://media.birdweather.com/species/119/CommonHouse-Martin-standard-9ffbcc688c51210fb136a162c84d82ad.jpg","https://media.birdweather.com/species/119/CommonHouse-Martin-thumbnail-dd7059ca6235347c3097e7a66f04df95.jpg","https://media.birdweather.com/species/119/CommonHouse-Martin-png200-a73a8953ce2af50676da81e70b2746b2.png","YhgKDwKJd4iIiHd/h5h5d4mIeQqVllAH",13664580432,"https://media.birdweather.com/soundscapes/6891/6891-20260628-172645.flac",0,3,"birdnetpi"
9203724730,6891,"2026-06-28T19:24:51.000+02:00",0.91,0.995071530342102,9.74298084611018,"almost_certain","2p4",NA,51.5697,6.0069,FALSE,407,"Common Wood-Pigeon","Columba palumbus","#028fb2","avian","https://media.birdweather.com/species/407/CommonWood-Pigeon-standard-5558900260c92622ceef8a812b06518e.jpg","https://media.birdweather.com/species/407/CommonWood-Pigeon-thumbnail-4b86c907c8b82c8af31d566b811dee05.jpg","https://media.birdweather.com/species/407/CommonWood-Pigeon-png200-533b13201573be3895fcec3e61e861b5.png","2ukFHwIHiYeWxnZUiniYZ3h5h6+rCIQH",13664525675,"https://media.birdweather.com/soundscapes/6891/6891-20260628-172451.flac",0,3,"birdnetpi"
9203696681,6891,"2026-06-28T19:23:42.000+02:00",0.87,0.995071530342102,9.65006388912608,"almost_certain","2p4",NA,51.5703,6.0025,FALSE,407,"Common Wood-Pigeon","Columba palumbus","#028fb2","avian","https://media.birdweather.com/species/407/CommonWood-Pigeon-standard-5558900260c92622ceef8a812b06518e.jpg","https://media.birdweather.com/species/407/CommonWood-Pigeon-thumbnail-4b86c907c8b82c8af31d566b811dee05.jpg","https://media.birdweather.com/species/407/CommonWood-Pigeon-png200-533b13201573be3895fcec3e61e861b5.png","2ukFHwIHiYeWxnZUiniYZ3h5h6+rCIQH",13664491179,"https://media.birdweather.com/soundscapes/6891/6891-20260628-172342.flac",0,3,"birdnetpi"
9203674527,6891,"2026-06-28T19:22:45.000+02:00",0.77,0.995071530342102,9.38578586653552,"almost_certain","2p4",NA,51.569,6.0047,FALSE,407,"Common Wood-Pigeon","Columba palumbus","#028fb2","avian","https://media.birdweather.com/species/407/CommonWood-Pigeon-standard-5558900260c92622ceef8a812b06518e.jpg","https://media.birdweather.com/species/407/CommonWood-Pigeon-thumbnail-4b86c907c8b82c8af31d566b811dee05.jpg","https://media.birdweather.com/species/407/CommonWood-Pigeon-png200-533b13201573be3895fcec3e61e861b5.png","2ukFHwIHiYeWxnZUiniYZ3h5h6+rCIQH",13664464525,"https://media.birdweather.com/soundscapes/6891/6891-20260628-172245.flac",0,3,"birdnetpi"
9203663981,6891,"2026-06-28T19:22:28.000+02:00",0.79,0.841241300106049,9.21529531403731,"almost_certain","2p4",NA,51.5654,6.0075,FALSE,1,"House Sparrow","Passer domesticus","#d16ff8","avian","https://media.birdweather.com/species/1/HouseSparrow-standard-b861184cf45c092cdb45fd689dd676ef.jpg","https://media.birdweather.com/species/1/HouseSparrow-thumbnail-e9cbc91763a1579de8ef04880678b5e3.jpg","https://media.birdweather.com/species/1/HouseSparrow-png200-125e8603e1efe9d7a18316b94f06a65e.png","XAgCDwD8qpukuHiqtLZ9mImnmPFcDO4E",13664451911,"https://media.birdweather.com/soundscapes/6891/6891-20260628-172228.flac",0,3,"birdnetpi"
9203656794,6891,"2026-06-28T19:22:01.000+02:00",0.78,0.841241300106049,9.18704689056956,"almost_certain","2p4",NA,51.5669,6.0028,FALSE,1,"House Sparrow","Passer domesticus","#d16ff8","avian","https://media.birdweather.com/species/1/HouseSparrow-standard-b861184cf45c092cdb45fd689dd676ef.jpg","https://media.birdweather.com/species/1/HouseSparrow-thumbnail-e9cbc91763a1579de8ef04880678b5e3.jpg","https://media.birdweather.com/species/1/HouseSparrow-png200-125e8603e1efe9d7a18316b94f06a65e.png","XAgCDwD8qpukuHiqtLZ9mImnmPFcDO4E",13664443208,"https://media.birdweather.com/soundscapes/6891/6891-20260628-172201.flac",0,3,"birdnetpi"
9203631431,6891,"2026-06-28T19:20:57.000+02:00",0.85,0.995071530342102,9.60113011596123,"almost_certain","2p4",NA,51.5651,6.0007,FALSE,407,"Common Wood-Pigeon","Columba palumbus","#028fb2","avian","https://media.birdweather.com/species/407/CommonWood-Pigeon-standard-5558900260c92622ceef8a812b06518e.jpg","https://media.birdweather.com/species/407/CommonWood-Pigeon-thumbnail-4b86c907c8b82c8af31d566b811dee05.jpg","https://media.birdweather.com/species/407/CommonWood-Pigeon-png200-533b13201573be3895fcec3e61e861b5.png","2ukFHwIHiYeWxnZUiniYZ3h5h6+rCIQH",13664411975,"https://media.birdweather.com/soundscapes/6891/6891-20260628-172057.flac",0,3,"birdnetpi"
9203619232,6891,"2026-06-28T19:20:27.000+02:00",0.94,0.995071530342102,9.80875347639549,"almost_certain","2p4",NA,51.5698,6.0021,FALSE,407,"Common Wood-Pigeon","Columba palumbus","#028fb2","avian","https://media.birdweather.com/species/407/CommonWood-Pigeon-standard-5558900260c92622ceef8a812b06518e.jpg","https://media.birdweather.com/species/407/CommonWood-Pigeon-thumbnail-4b86c907c8b82c8af31d566b811dee05.jpg","https://media.birdweather.com/species/407/CommonWood-Pigeon-png200-533b13201573be3895fcec3e61e861b5.png","2ukFHwIHiYeWxnZUiniYZ3h5h6+rCIQH",13664397342,"https://media.birdweather.com/soundscapes/6891/6891-20260628-172027.flac",0,3,"birdnetpi"
9203609556,6891,"2026-06-28T19:20:03.000+02:00",0.95,0.995071530342102,9.82999421194977,"almost_certain","2p4",NA,51.5702,6.003,FALSE,407,"Common Wood-Pigeon","Columba palumbus","#028fb2","avian","https://media.birdweather.com/species/407/CommonWood-Pigeon-standard-5558900260c92622ceef8a812b06518e.jpg","https://media.birdweather.com/species/407/CommonWood-Pigeon-thumbnail-4b86c907c8b82c8af31d566b811dee05.jpg","https://media.birdweather.com/species/407/CommonWood-Pigeon-png200-533b13201573be3895fcec3e61e861b5.png","2ukFHwIHiYeWxnZUiniYZ3h5h6+rCIQH",13664385710,"https://media.birdweather.com/soundscapes/6891/6891-20260628-172003.flac",0,3,"birdnetpi"
9203594192,6891,"2026-06-28T19:19:30.000+02:00",0.97,0.995071530342102,9.87151254075837,"almost_certain","2p4",NA,51.5662,6.0048,FALSE,407,"Common Wood-Pigeon","Columba palumbus","#028fb2","avian","https://media.birdweather.com/species/407/CommonWood-Pigeon-standard-5558900260c92622ceef8a812b06518e.jpg","https://media.birdweather.com/species/407/CommonWood-Pigeon-thumbnail-4b86c907c8b82c8af31d566b811dee05.jpg","https://media.birdweather.com/species/407/CommonWood-Pigeon-png200-533b13201573be3895fcec3e61e861b5.png","2ukFHwIHiYeWxnZUiniYZ3h5h6+rCIQH",13664367238,"https://media.birdweather.com/soundscapes/6891/6891-20260628-171930.flac",0,3,"birdnetpi"
9203584560,6891,"2026-06-28T19:19:03.000+02:00",0.88,0.995071530342102,9.67389057664134,"almost_certain","2p4",NA,51.5644,6.0071,FALSE,407,"Common Wood-Pigeon","Columba palumbus","#028fb2","avian","https://media.birdweather.com/species/407/CommonWood-Pigeon-standard-5558900260c92622ceef8a812b06518e.jpg","https://media.birdweather.com/species/407/CommonWood-Pigeon-thumbnail-4b86c907c8b82c8af31d566b811dee05.jpg","https://media.birdweather.com/species/407/CommonWood-Pigeon-png200-533b13201573be3895fcec3e61e861b5.png","2ukFHwIHiYeWxnZUiniYZ3h5h6+rCIQH",13664355541,"https://media.birdweather.com/soundscapes/6891/6891-20260628-171903.flac",0,3,"birdnetpi"
9203579925,6891,"2026-06-28T19:18:49.000+02:00",0.75,0.841241300106049,9.09862911661109,"almost_certain","2p4",NA,51.5697,6.0016,FALSE,1,"House Sparrow","Passer domesticus","#d16ff8","avian","https://media.birdweather.com/species/1/HouseSparrow-standard-b861184cf45c092cdb45fd689dd676ef.jpg","https://media.birdweather.com/species/1/HouseSparrow-thumbnail-e9cbc91763a1579de8ef04880678b5e3.jpg","https://media.birdweather.com/species/1/HouseSparrow-png200-125e8603e1efe9d7a18316b94f06a65e.png","XAgCDwD8qpukuHiqtLZ9mImnmPFcDO4E",13664349790,"https://media.birdweather.com/soundscapes/6891/6891-20260628-171849.flac",0,3,"birdnetpi"
9203576341,6891,"2026-06-28T19:18:40.000+02:00",0.84,0.995071530342102,9.5759917959858,"almost_certain","2p4",NA,51.5644,6.0087,FALSE,407,"Common Wood-Pigeon","Columba palumbus","#028fb2","avian","https://media.birdweather.com/species/407/CommonWood-Pigeon-standard-5558900260c92622ceef8a812b06518e.jpg","https://media.birdweather.com/species/407/CommonWood-Pigeon-thumbnail-4b86c907c8b82c8af31d566b811dee05.jpg","https://media.birdweather.com/species/407/CommonWood-Pigeon-png200-533b13201573be3895fcec3e61e861b5.png","2ukFHwIHiYeWxnZUiniYZ3h5h6+rCIQH",13664345355,"https://media.birdweather.com/soundscapes/6891/6891-20260628-171840.flac",0,3,"birdnetpi"
9203565681,6891,"2026-06-28T19:18:13.000+02:00",0.7,0.995071530342102,9.16484850432883,"almost_certain","2p4",NA,51.5635,6.0088,FALSE,407,"Common Wood-Pigeon","Columba palumbus","#028fb2","avian","https://media.birdweather.com/species/407/CommonWood-Pigeon-standard-5558900260c92622ceef8a812b06518e.jpg","https://media.birdweather.com/species/407/CommonWood-Pigeon-thumbnail-4b86c907c8b82c8af31d566b811dee05.jpg","https://media.birdweather.com/species/407/CommonWood-Pigeon-png200-533b13201573be3895fcec3e61e861b5.png","2ukFHwIHiYeWxnZUiniYZ3h5h6+rCIQH",13664332284,"https://media.birdweather.com/soundscapes/6891/6891-20260628-171813.flac",0,3,"birdnetpi"
9203547788,6891,"2026-06-28T19:17:28.000+02:00",0.72,0.841241300106049,9.00410888267396,"almost_certain","2p4",NA,51.569,6.0044,FALSE,1,"House Sparrow","Passer domesticus","#d16ff8","avian","https://media.birdweather.com/species/1/HouseSparrow-standard-b861184cf45c092cdb45fd689dd676ef.jpg","https://media.birdweather.com/species/1/HouseSparrow-thumbnail-e9cbc91763a1579de8ef04880678b5e3.jpg","https://media.birdweather.com/species/1/HouseSparrow-png200-125e8603e1efe9d7a18316b94f06a65e.png","XAgCDwD8qpukuHiqtLZ9mImnmPFcDO4E",13664310503,"https://media.birdweather.com/soundscapes/6891/6891-20260628-171728.flac",0,3,"birdnetpi"
9203533044,6891,"2026-06-28T19:16:55.000+02:00",0.74,0.841241300106049,9.06784130409377,"almost_certain","2p4",NA,51.5683,6.0026,FALSE,1,"House Sparrow","Passer domesticus","#d16ff8","avian","https://media.birdweather.com/species/1/HouseSparrow-standard-b861184cf45c092cdb45fd689dd676ef.jpg","https://media.birdweather.com/species/1/HouseSparrow-thumbnail-e9cbc91763a1579de8ef04880678b5e3.jpg","https://media.birdweather.com/species/1/HouseSparrow-png200-125e8603e1efe9d7a18316b94f06a65e.png","XAgCDwD8qpukuHiqtLZ9mImnmPFcDO4E",13664293034,"https://media.birdweather.com/soundscapes/6891/6891-20260628-171655.flac",0,3,"birdnetpi"
9203530000,6891,"2026-06-28T19:16:43.000+02:00",0.8,0.995071530342102,9.4705551696293,"almost_certain","2p4",NA,51.5695,6.0052,FALSE,407,"Common Wood-Pigeon","Columba palumbus","#028fb2","avian","https://media.birdweather.com/species/407/CommonWood-Pigeon-standard-5558900260c92622ceef8a812b06518e.jpg","https://media.birdweather.com/species/407/CommonWood-Pigeon-thumbnail-4b86c907c8b82c8af31d566b811dee05.jpg","https://media.birdweather.com/species/407/CommonWood-Pigeon-png200-533b13201573be3895fcec3e61e861b5.png","2ukFHwIHiYeWxnZUiniYZ3h5h6+rCIQH",13664288693,"https://media.birdweather.com/soundscapes/6891/6891-20260628-171643.flac",0,3,"birdnetpi"
9203522964,6891,"2026-06-28T19:16:36.000+02:00",0.88,0.841241300106049,9.44630843007434,"almost_certain","2p4",NA,51.5675,6.0047,FALSE,1,"House Sparrow","Passer domesticus","#d16ff8","avian","https://media.birdweather.com/species/1/HouseSparrow-standard-b861184cf45c092cdb45fd689dd676ef.jpg","https://media.birdweather.com/species/1/HouseSparrow-thumbnail-e9cbc91763a1579de8ef04880678b5e3.jpg","https://media.birdweather.com/species/1/HouseSparrow-png200-125e8603e1efe9d7a18316b94f06a65e.png","XAgCDwD8qpukuHiqtLZ9mImnmPFcDO4E",13664279926,"https://media.birdweather.com/soundscapes/6891/6891-20260628-171636.flac",0,3,"birdnetpi"
9203519541,6891,"2026-06-28T19:16:19.000+02:00",0.8,0.995071530342102,9.4705551696293,"almost_certain","2p4",NA,51.5629,6.0061,FALSE,407,"Common Wood-Pigeon","Columba palumbus","#028fb2","avian","https://media.birdweather.com/species/407/CommonWood-Pigeon-standard-5558900260c92622ceef8a812b06518e.jpg","https://media.birdweather.com/species/407/CommonWood-Pigeon-thumbnail-4b86c907c8b82c8af31d566b811dee05.jpg","https://media.birdweather.com/species/407/CommonWood-Pigeon-png200-533b13201573be3895fcec3e61e861b5.png","2ukFHwIHiYeWxnZUiniYZ3h5h6+rCIQH",13664275547,"https://media.birdweather.com/soundscapes/6891/6891-20260628-171619.flac",0,3,"birdnetpi"
9203512218,6891,"2026-06-28T19:16:04.000+02:00",0.83,0.841241300106049,9.32280142719216,"almost_certain","2p4",NA,51.5702,6.0092,FALSE,1,"House Sparrow","Passer domesticus","#d16ff8","avian","https://media.birdweather.com/species/1/HouseSparrow-standard-b861184cf45c092cdb45fd689dd676ef.jpg","https://media.birdweather.com/species/1/HouseSparrow-thumbnail-e9cbc91763a1579de8ef04880678b5e3.jpg","https://media.birdweather.com/species/1/HouseSparrow-png200-125e8603e1efe9d7a18316b94f06a65e.png","XAgCDwD8qpukuHiqtLZ9mImnmPFcDO4E",13664266341,"https://media.birdweather.com/soundscapes/6891/6891-20260628-171604.flac",0,3,"birdnetpi"
9203500919,6891,"2026-06-28T19:15:30.000+02:00",0.81,0.841241300106049,9.27010262245808,"almost_certain","2p4",NA,51.5643,6.0023,FALSE,1,"House Sparrow","Passer domesticus","#d16ff8","avian","https://media.birdweather.com/species/1/HouseSparrow-standard-b861184cf45c092cdb45fd689dd676ef.jpg","https://media.birdweather.com/species/1/HouseSparrow-thumbnail-e9cbc91763a1579de8ef04880678b5e3.jpg","https://media.birdweather.com/species/1/HouseSparrow-png200-125e8603e1efe9d7a18316b94f06a65e.png","XAgCDwD8qpukuHiqtLZ9mImnmPFcDO4E",13664252309,"https://media.birdweather.com/soundscapes/6891/6891-20260628-171530.flac",0,3,"birdnetpi"
9203495912,6891,"2026-06-28T19:15:16.000+02:00",0.95,0.995071530342102,9.82999421194977,"almost_certain","2p4",NA,51.5687,6.0093,FALSE,407,"Common Wood-Pigeon","Columba palumbus","#028fb2","avian","https://media.birdweather.com/species/407/CommonWood-Pigeon-standard-5558900260c92622ceef8a812b06518e.jpg","https://media.birdweather.com/species/407/CommonWood-Pigeon-thumbnail-4b86c907c8b82c8af31d566b811dee05.jpg","https://media.birdweather.com/species/407/CommonWood-Pigeon-png200-533b13201573be3895fcec3e61e861b5.png","2ukFHwIHiYeWxnZUiniYZ3h5h6+rCIQH",13664245911,"https://media.birdweather.com/soundscapes/6891/6891-20260628-171516.flac",0,3,"birdnetpi"
9203485943,6891,"2026-06-28T19:14:49.000+02:00",0.81,0.614333271980286,8.84538711163937,"almost_certain","2p4",NA,51.5649,6.0022,FALSE,294,"European Greenfinch","Chloris chloris","#fea614","avian","https://media.birdweather.com/species/294/EuropeanGreenfinch-standard-34aa36357c06fbf52af390917f29436b.jpg","https://media.birdweather.com/species/294/EuropeanGreenfinch-thumbnail-7466d93ab9340d75d4eec2ca6eeed529.jpg","https://media.birdweather.com/species/294/EuropeanGreenfinch-png200-8b2951bb918db1cbed643a9530efa558.png","FRkGHwJYqWeEd4ifapeoh4ZriPUnaG8B",13664233426,"https://media.birdweather.com/soundscapes/6891/6891-20260628-171449.flac",0,3,"birdnetpi"
9203478400,6891,"2026-06-28T19:14:30.000+02:00",0.94,0.995071530342102,9.80875347639549,"almost_certain","2p4",NA,51.567,6.0086,FALSE,407,"Common Wood-Pigeon","Columba palumbus","#028fb2","avian","https://media.birdweather.com/species/407/CommonWood-Pigeon-standard-5558900260c92622ceef8a812b06518e.jpg","https://media.birdweather.com/species/407/CommonWood-Pigeon-thumbnail-4b86c907c8b82c8af31d566b811dee05.jpg","https://media.birdweather.com/species/407/CommonWood-Pigeon-png200-533b13201573be3895fcec3e61e861b5.png","2ukFHwIHiYeWxnZUiniYZ3h5h6+rCIQH",13664224140,"https://media.birdweather.com/soundscapes/6891/6891-20260628-171430.flac",0,3,"birdnetpi"
9203474732,6891,"2026-06-28T19:14:25.000+02:00",0.77,0.841241300106049,9.15820371996853,"almost_certain","2p4",NA,51.5682,6.0024,FALSE,1,"House Sparrow","Passer domesticus","#d16ff8","avian","https://media.birdweather.com/species/1/HouseSparrow-standard-b861184cf45c092cdb45fd689dd676ef.jpg","https://media.birdweather.com/species/1/HouseSparrow-thumbnail-e9cbc91763a1579de8ef04880678b5e3.jpg","https://media.birdweather.com/species/1/HouseSparrow-png200-125e8603e1efe9d7a18316b94f06a65e.png","XAgCDwD8qpukuHiqtLZ9mImnmPFcDO4E",13664219781,"https://media.birdweather.com/soundscapes/6891/6891-20260628-171425.flac",0,3,"birdnetpi"
9203452380,6891,"2026-06-28T19:13:37.000+02:00",0.85,0.841241300106049,9.37354796939423,"almost_certain","2p4",NA,51.5624,6.003,FALSE,1,"House Sparrow","Passer domesticus","#d16ff8","avian","https://media.birdweather.com/species/1/HouseSparrow-standard-b861184cf45c092cdb45fd689dd676ef.jpg","https://media.birdweather.com/species/1/HouseSparrow-thumbnail-e9cbc91763a1579de8ef04880678b5e3.jpg","https://media.birdweather.com/species/1/HouseSparrow-png200-125e8603e1efe9d7a18316b94f06a65e.png","XAgCDwD8qpukuHiqtLZ9mImnmPFcDO4E",13664192685,"https://media.birdweather.com/soundscapes/6891/6891-20260628-171337.flac",0,3,"birdnetpi"
9203442523,6891,"2026-06-28T19:13:01.000+02:00",0.7,0.995071530342102,9.16484850432883,"almost_certain","2p4",NA,51.5674,6.0079,FALSE,407,"Common Wood-Pigeon","Columba palumbus","#028fb2","avian","https://media.birdweather.com/species/407/CommonWood-Pigeon-standard-5558900260c92622ceef8a812b06518e.jpg","https://media.birdweather.com/species/407/CommonWood-Pigeon-thumbnail-4b86c907c8b82c8af31d566b811dee05.jpg","https://media.birdweather.com/species/407/CommonWood-Pigeon-png200-533b13201573be3895fcec3e61e861b5.png","2ukFHwIHiYeWxnZUiniYZ3h5h6+rCIQH",13664180560,"https://media.birdweather.com/soundscapes/6891/6891-20260628-171301.flac",0,3,"birdnetpi"
9203428033,6891,"2026-06-28T19:12:25.000+02:00",0.7,0.841241300106049,8.93726635776184,"almost_certain","2p4",NA,51.5667,6.0012,FALSE,1,"House Sparrow","Passer domesticus","#d16ff8","avian","https://media.birdweather.com/species/1/HouseSparrow-standard-b861184cf45c092cdb45fd689dd676ef.jpg","https://media.birdweather.com/species/1/HouseSparrow-thumbnail-e9cbc91763a1579de8ef04880678b5e3.jpg","https://media.birdweather.com/species/1/HouseSparrow-png200-125e8603e1efe9d7a18316b94f06a65e.png","XAgCDwD8qpukuHiqtLZ9mImnmPFcDO4E",13664163049,"https://media.birdweather.com/soundscapes/6891/6891-20260628-171225.flac",0,3,"birdnetpi"
9203420052,6891,"2026-06-28T19:12:04.000+02:00",0.93,0.995071530342102,9.78717822734914,"almost_certain","2p4",NA,51.5699,6.0083,FALSE,407,"Common Wood-Pigeon","Columba palumbus","#028fb2","avian","https://media.birdweather.com/species/407/CommonWood-Pigeon-standard-5558900260c92622ceef8a812b06518e.jpg","https://media.birdweather.com/species/407/CommonWood-Pigeon-thumbnail-4b86c907c8b82c8af31d566b811dee05.jpg","https://media.birdweather.com/species/407/CommonWood-Pigeon-png200-533b13201573be3895fcec3e61e861b5.png","2ukFHwIHiYeWxnZUiniYZ3h5h6+rCIQH",13664153346,"https://media.birdweather.com/soundscapes/6891/6891-20260628-171204.flac",0,3,"birdnetpi"
9203418470,6891,"2026-06-28T19:12:00.000+02:00",0.79,0.465751200914383,8.41822848266165,"almost_certain","2p4",NA,51.566,6.0015,FALSE,103,"Eurasian Collared-Dove","Streptopelia decaocto","#006e2a","avian","https://media.birdweather.com/species/103/EurasianCollared-Dove-standard-e0c74c4f1ffe5357c4759579380dab35.jpg","https://media.birdweather.com/species/103/EurasianCollared-Dove-thumbnail-53ccb5f0a5d0640a1e766dd99c28ebca.jpg","https://media.birdweather.com/species/103/EurasianCollared-Dove-png200-4efa83c8c5efbdb09427b3c3fa247357.png","pvcFFwLpd4RvlJeUWZh2eXh4VxBqBZIH",13664151456,"https://media.birdweather.com/soundscapes/6891/6891-20260628-171200.flac",0,3,"birdnetpi"
9203411621,6891,"2026-06-28T19:11:43.000+02:00",0.77,0.841241300106049,9.15820371996853,"almost_certain","2p4",NA,51.5633,6.0063,FALSE,1,"House Sparrow","Passer domesticus","#d16ff8","avian","https://media.birdweather.com/species/1/HouseSparrow-standard-b861184cf45c092cdb45fd689dd676ef.jpg","https://media.birdweather.com/species/1/HouseSparrow-thumbnail-e9cbc91763a1579de8ef04880678b5e3.jpg","https://media.birdweather.com/species/1/HouseSparrow-png200-125e8603e1efe9d7a18316b94f06a65e.png","XAgCDwD8qpukuHiqtLZ9mImnmPFcDO4E",13664142714,"https://media.birdweather.com/soundscapes/6891/6891-20260628-171143.flac",0,3,"birdnetpi"
9203400564,6891,"2026-06-28T19:11:24.000+02:00",0.92,0.841241300106049,9.53767561313752,"almost_certain","2p4",NA,51.5628,6.0061,FALSE,1,"House Sparrow","Passer domesticus","#d16ff8","avian","https://media.birdweather.com/species/1/HouseSparrow-standard-b861184cf45c092cdb45fd689dd676ef.jpg","https://media.birdweather.com/species/1/HouseSparrow-thumbnail-e9cbc91763a1579de8ef04880678b5e3.jpg","https://media.birdweather.com/species/1/HouseSparrow-png200-125e8603e1efe9d7a18316b94f06a65e.png","XAgCDwD8qpukuHiqtLZ9mImnmPFcDO4E",13664128756,"https://media.birdweather.com/soundscapes/6891/6891-20260628-171124.flac",0,3,"birdnetpi"
9203389972,6891,"2026-06-28T19:10:57.000+02:00",0.9,0.841241300106049,9.49275355587003,"almost_certain","2p4",NA,51.5667,6.0074,FALSE,1,"House Sparrow","Passer domesticus","#d16ff8","avian","https://media.birdweather.com/species/1/HouseSparrow-standard-b861184cf45c092cdb45fd689dd676ef.jpg","https://media.birdweather.com/species/1/HouseSparrow-thumbnail-e9cbc91763a1579de8ef04880678b5e3.jpg","https://media.birdweather.com/species/1/HouseSparrow-png200-125e8603e1efe9d7a18316b94f06a65e.png","XAgCDwD8qpukuHiqtLZ9mImnmPFcDO4E",13664115690,"https://media.birdweather.com/soundscapes/6891/6891-20260628-171057.flac",0,3,"birdnetpi"
9203385953,6891,"2026-06-28T19:10:36.000+02:00",0.77,0.651233911514282,8.81215818078099,"almost_certain","2p4",NA,51.5698,6.0035,FALSE,119,"Common House-Martin","Delichon urbicum","#53b1ff","avian","https://media.birdweather.com/species/119/CommonHouse-Martin-standard-9ffbcc688c51210fb136a162c84d82ad.jpg","https://media.birdweather.com/species/119/CommonHouse-Martin-thumbnail-dd7059ca6235347c3097e7a66f04df95.jpg","https://media.birdweather.com/species/119/CommonHouse-Martin-png200-a73a8953ce2af50676da81e70b2746b2.png","YhgKDwKJd4iIiHd/h5h5d4mIeQqVllAH",13664110853,"https://media.birdweather.com/soundscapes/6891/6891-20260628-171036.flac",0,3,"birdnetpi"
9203384056,6891,"2026-06-28T19:10:31.000+02:00",0.81,0.841241300106049,9.27010262245808,"almost_certain","2p4",NA,51.5626,6.0026,FALSE,1,"House Sparrow","Passer domesticus","#d16ff8","avian","https://media.birdweather.com/species/1/HouseSparrow-standard-b861184cf45c092cdb45fd689dd676ef.jpg","https://media.birdweather.com/species/1/HouseSparrow-thumbnail-e9cbc91763a1579de8ef04880678b5e3.jpg","https://media.birdweather.com/species/1/HouseSparrow-png200-125e8603e1efe9d7a18316b94f06a65e.png","XAgCDwD8qpukuHiqtLZ9mImnmPFcDO4E",13664108467,"https://media.birdweather.com/soundscapes/6891/6891-20260628-171031.flac",0,3,"birdnetpi"
9203379468,6891,"2026-06-28T19:10:21.000+02:00",0.82,0.465751200914383,8.49963856870665,"almost_certain","2p4",NA,51.5627,6.0054,FALSE,103,"Eurasian Collared-Dove","Streptopelia decaocto","#006e2a","avian","https://media.birdweather.com/species/103/EurasianCollared-Dove-standard-e0c74c4f1ffe5357c4759579380dab35.jpg","https://media.birdweather.com/species/103/EurasianCollared-Dove-thumbnail-53ccb5f0a5d0640a1e766dd99c28ebca.jpg","https://media.birdweather.com/species/103/EurasianCollared-Dove-png200-4efa83c8c5efbdb09427b3c3fa247357.png","pvcFFwLpd4RvlJeUWZh2eXh4VxBqBZIH",13664102843,"https://media.birdweather.com/soundscapes/6891/6891-20260628-171021.flac",0,3,"birdnetpi"
9203379531,6891,"2026-06-28T19:10:19.000+02:00",0.7,0.995071530342102,9.16484850432883,"almost_certain","2p4",NA,51.5691,6.0035,FALSE,407,"Common Wood-Pigeon","Columba palumbus","#028fb2","avian","https://media.birdweather.com/species/407/CommonWood-Pigeon-standard-5558900260c92622ceef8a812b06518e.jpg","https://media.birdweather.com/species/407/CommonWood-Pigeon-thumbnail-4b86c907c8b82c8af31d566b811dee05.jpg","https://media.birdweather.com/species/407/CommonWood-Pigeon-png200-533b13201573be3895fcec3e61e861b5.png","2ukFHwIHiYeWxnZUiniYZ3h5h6+rCIQH",13664102884,"https://media.birdweather.com/soundscapes/6891/6891-20260628-171019.flac",0,3,"birdnetpi"
9203357338,6891,"2026-06-28T19:09:36.000+02:00",0.82,0.841241300106049,9.29670540008231,"almost_certain","2p4",NA,51.5641,6.0059,FALSE,1,"House Sparrow","Passer domesticus","#d16ff8","avian","https://media.birdweather.com/species/1/HouseSparrow-standard-b861184cf45c092cdb45fd689dd676ef.jpg","https://media.birdweather.com/species/1/HouseSparrow-thumbnail-e9cbc91763a1579de8ef04880678b5e3.jpg","https://media.birdweather.com/species/1/HouseSparrow-png200-125e8603e1efe9d7a18316b94f06a65e.png","XAgCDwD8qpukuHiqtLZ9mImnmPFcDO4E",13664075926,"https://media.birdweather.com/soundscapes/6891/6891-20260628-170936.flac",0,3,"birdnetpi"
9203351350,6891,"2026-06-28T19:09:09.000+02:00",0.77,0.841241300106049,9.15820371996853,"almost_certain","2p4",NA,51.5678,6.0042,FALSE,1,"House Sparrow","Passer domesticus","#d16ff8","avian","https://media.birdweather.com/species/1/HouseSparrow-standard-b861184cf45c092cdb45fd689dd676ef.jpg","https://media.birdweather.com/species/1/HouseSparrow-thumbnail-e9cbc91763a1579de8ef04880678b5e3.jpg","https://media.birdweather.com/species/1/HouseSparrow-png200-125e8603e1efe9d7a18316b94f06a65e.png","XAgCDwD8qpukuHiqtLZ9mImnmPFcDO4E",13664068684,"https://media.birdweather.com/soundscapes/6891/6891-20260628-170909.flac",0,3,"birdnetpi"
9203336435,6891,"2026-06-28T19:08:37.000+02:00",0.81,0.841241300106049,9.27010262245808,"almost_certain","2p4",NA,51.5688,6.0064,FALSE,1,"House Sparrow","Passer domesticus","#d16ff8","avian","https://media.birdweather.com/species/1/HouseSparrow-standard-b861184cf45c092cdb45fd689dd676ef.jpg","https://media.birdweather.com/species/1/HouseSparrow-thumbnail-e9cbc91763a1579de8ef04880678b5e3.jpg","https://media.birdweather.com/species/1/HouseSparrow-png200-125e8603e1efe9d7a18316b94f06a65e.png","XAgCDwD8qpukuHiqtLZ9mImnmPFcDO4E",13664050368,"https://media.birdweather.com/soundscapes/6891/6891-20260628-170837.flac",0,3,"birdnetpi"
9203330348,6891,"2026-06-28T19:08:18.000+02:00",0.9,0.841241300106049,9.49275355587003,"almost_certain","2p4",NA,51.5665,6.0007,FALSE,1,"House Sparrow","Passer domesticus","#d16ff8","avian","https://media.birdweather.com/species/1/HouseSparrow-standard-b861184cf45c092cdb45fd689dd676ef.jpg","https://media.birdweather.com/species/1/HouseSparrow-thumbnail-e9cbc91763a1579de8ef04880678b5e3.jpg","https://media.birdweather.com/species/1/HouseSparrow-png200-125e8603e1efe9d7a18316b94f06a65e.png","XAgCDwD8qpukuHiqtLZ9mImnmPFcDO4E",13664043084,"https://media.birdweather.com/soundscapes/6891/6891-20260628-170818.flac",0,3,"birdnetpi"
9203319716,6891,"2026-06-28T19:07:58.000+02:00",0.77,0.841241300106049,9.15820371996853,"almost_certain","2p4",NA,51.5692,6.0041,FALSE,1,"House Sparrow","Passer domesticus","#d16ff8","avian","https://media.birdweather.com/species/1/HouseSparrow-standard-b861184cf45c092cdb45fd689dd676ef.jpg","https://media.birdweather.com/species/1/HouseSparrow-thumbnail-e9cbc91763a1579de8ef04880678b5e3.jpg","https://media.birdweather.com/species/1/HouseSparrow-png200-125e8603e1efe9d7a18316b94f06a65e.png","XAgCDwD8qpukuHiqtLZ9mImnmPFcDO4E",13664030020,"https://media.birdweather.com/soundscapes/6891/6891-20260628-170758.flac",0,3,"birdnetpi"
9203305335,6891,"2026-06-28T19:07:16.000+02:00",0.81,0.841241300106049,9.27010262245808,"almost_certain","2p4",NA,51.5621,6.0077,FALSE,1,"House Sparrow","Passer domesticus","#d16ff8","avian","https://media.birdweather.com/species/1/HouseSparrow-standard-b861184cf45c092cdb45fd689dd676ef.jpg","https://media.birdweather.com/species/1/HouseSparrow-thumbnail-e9cbc91763a1579de8ef04880678b5e3.jpg","https://media.birdweather.com/species/1/HouseSparrow-png200-125e8603e1efe9d7a18316b94f06a65e.png","XAgCDwD8qpukuHiqtLZ9mImnmPFcDO4E",13664012690,"https://media.birdweather.com/soundscapes/6891/6891-20260628-170716.flac",0,3,"birdnetpi"
9203294587,6891,"2026-06-28T19:06:58.000+02:00",0.88,0.841241300106049,9.44630843007434,"almost_certain","2p4",NA,51.5698,6.0011,FALSE,1,"House Sparrow","Passer domesticus","#d16ff8","avian","https://media.birdweather.com/species/1/HouseSparrow-standard-b861184cf45c092cdb45fd689dd676ef.jpg","https://media.birdweather.com/species/1/HouseSparrow-thumbnail-e9cbc91763a1579de8ef04880678b5e3.jpg","https://media.birdweather.com/species/1/HouseSparrow-png200-125e8603e1efe9d7a18316b94f06a65e.png","XAgCDwD8qpukuHiqtLZ9mImnmPFcDO4E",13663999639,"https://media.birdweather.com/soundscapes/6891/6891-20260628-170658.flac",0,3,"birdnetpi"
9203280892,6891,"2026-06-28T19:06:12.000+02:00",0.83,0.841241300106049,9.32280142719216,"almost_certain","2p4",NA,51.5626,6.0019,FALSE,1,"House Sparrow","Passer domesticus","#d16ff8","avian","https://media.birdweather.com/species/1/HouseSparrow-standard-b861184cf45c092cdb45fd689dd676ef.jpg","https://media.birdweather.com/species/1/HouseSparrow-thumbnail-e9cbc91763a1579de8ef04880678b5e3.jpg","https://media.birdweather.com/species/1/HouseSparrow-png200-125e8603e1efe9d7a18316b94f06a65e.png","XAgCDwD8qpukuHiqtLZ9mImnmPFcDO4E",13663983020,"https://media.birdweather.com/soundscapes/6891/6891-20260628-170612.flac",0,3,"birdnetpi"
9203273575,6891,"2026-06-28T19:05:57.000+02:00",0.8,0.841241300106049,9.24297302306231,"almost_certain","2p4",NA,51.5692,6.0033,FALSE,1,"House Sparrow","Passer domesticus","#d16ff8","avian","https://media.birdweather.com/species/1/HouseSparrow-standard-b861184cf45c092cdb45fd689dd676ef.jpg","https://media.birdweather.com/species/1/HouseSparrow-thumbnail-e9cbc91763a1579de8ef04880678b5e3.jpg","https://media.birdweather.com/species/1/HouseSparrow-png200-125e8603e1efe9d7a18316b94f06a65e.png","XAgCDwD8qpukuHiqtLZ9mImnmPFcDO4E",13663974290,"https://media.birdweather.com/soundscapes/6891/6891-20260628-170557.flac",0,3,"birdnetpi"
9203262705,6891,"2026-06-28T19:05:37.000+02:00",0.8,0.841241300106049,9.24297302306231,"almost_certain","2p4",NA,51.562,6.0038,FALSE,1,"House Sparrow","Passer domesticus","#d16ff8","avian","https://media.birdweather.com/species/1/HouseSparrow-standard-b861184cf45c092cdb45fd689dd676ef.jpg","https://media.birdweather.com/species/1/HouseSparrow-thumbnail-e9cbc91763a1579de8ef04880678b5e3.jpg","https://media.birdweather.com/species/1/HouseSparrow-png200-125e8603e1efe9d7a18316b94f06a65e.png","XAgCDwD8qpukuHiqtLZ9mImnmPFcDO4E",13663961288,"https://media.birdweather.com/soundscapes/6891/6891-20260628-170537.flac",0,3,"birdnetpi"
9203251876,6891,"2026-06-28T19:05:00.000+02:00",0.76,0.841241300106049,9.12874021881581,"almost_certain","2p4",NA,51.569,6.0054,FALSE,1,"House Sparrow","Passer domesticus","#d16ff8","avian","https://media.birdweather.com/species/1/HouseSparrow-standard-b861184cf45c092cdb45fd689dd676ef.jpg","https://media.birdweather.com/species/1/HouseSparrow-thumbnail-e9cbc91763a1579de8ef04880678b5e3.jpg","https://media.birdweather.com/species/1/HouseSparrow-png200-125e8603e1efe9d7a18316b94f06a65e.png","XAgCDwD8qpukuHiqtLZ9mImnmPFcDO4E",13663948218,"https://media.birdweather.com/soundscapes/6891/6891-20260628-170500.flac",0,3,"birdnetpi"
9203240238,6891,"2026-06-28T19:04:36.000+02:00",0.73,0.841241300106049,9.03634566412593,"almost_certain","2p4",NA,51.5701,6.0055,FALSE,1,"House Sparrow","Passer domesticus","#d16ff8","avian","https://media.birdweather.com/species/1/HouseSparrow-standard-b861184cf45c092cdb45fd689dd676ef.jpg","https://media.birdweather.com/species/1/HouseSparrow-thumbnail-e9cbc91763a1579de8ef04880678b5e3.jpg","https://media.birdweather.com/species/1/HouseSparrow-png200-125e8603e1efe9d7a18316b94f06a65e.png","XAgCDwD8qpukuHiqtLZ9mImnmPFcDO4E",13663934276,"https://media.birdweather.com/soundscapes/6891/6891-20260628-170436.flac",0,3,"birdnetpi"
9203218530,6891,"2026-06-28T19:03:42.000+02:00",0.82,0.841241300106049,9.29670540008231,"almost_certain","2p4",NA,51.5666,6.0084,FALSE,1,"House Sparrow","Passer domesticus","#d16ff8","avian","https://media.birdweather.com/species/1/HouseSparrow-standard-b861184cf45c092cdb45fd689dd676ef.jpg","https://media.birdweather.com/species/1/HouseSparrow-thumbnail-e9cbc91763a1579de8ef04880678b5e3.jpg","https://media.birdweather.com/species/1/HouseSparrow-png200-125e8603e1efe9d7a18316b94f06a65e.png","XAgCDwD8qpukuHiqtLZ9mImnmPFcDO4E",13663907558,"https://media.birdweather.com/soundscapes/6891/6891-20260628-170342.flac",0,3,"birdnetpi"
9203211730,6891,"2026-06-28T19:03:31.000+02:00",0.79,0.841241300106049,9.21529531403731,"almost_certain","2p4",NA,51.5628,6.0027,FALSE,1,"House Sparrow","Passer domesticus","#d16ff8","avian","https://media.birdweather.com/species/1/HouseSparrow-standard-b861184cf45c092cdb45fd689dd676ef.jpg","https://media.birdweather.com/species/1/HouseSparrow-thumbnail-e9cbc91763a1579de8ef04880678b5e3.jpg","https://media.birdweather.com/species/1/HouseSparrow-png200-125e8603e1efe9d7a18316b94f06a65e.png","XAgCDwD8qpukuHiqtLZ9mImnmPFcDO4E",13663899297,"https://media.birdweather.com/soundscapes/6891/6891-20260628-170331.flac",0,3,"birdnetpi"
9203205570,6891,"2026-06-28T19:03:07.000+02:00",0.84,0.841241300106049,9.34840964941881,"almost_certain","2p4",NA,51.5615,6.0048,FALSE,1,"House Sparrow","Passer domesticus","#d16ff8","avian","https://media.birdweather.com/species/1/HouseSparrow-standard-b861184cf45c092cdb45fd689dd676ef.jpg","https://media.birdweather.com/species/1/HouseSparrow-thumbnail-e9cbc91763a1579de8ef04880678b5e3.jpg","https://media.birdweather.com/species/1/HouseSparrow-png200-125e8603e1efe9d7a18316b94f06a65e.png","XAgCDwD8qpukuHiqtLZ9mImnmPFcDO4E",13663891558,"https://media.birdweather.com/soundscapes/6891/6891-20260628-170307.flac",0,3,"birdnetpi"
9203194210,6891,"2026-06-28T19:02:43.000+02:00",0.88,0.841241300106049,9.44630843007434,"almost_certain","2p4",NA,51.5703,6.0057,FALSE,1,"House Sparrow","Passer domesticus","#d16ff8","avian","https://media.birdweather.com/species/1/HouseSparrow-standard-b861184cf45c092cdb45fd689dd676ef.jpg","https://media.birdweather.com/species/1/HouseSparrow-thumbnail-e9cbc91763a1579de8ef04880678b5e3.jpg","https://media.birdweather.com/species/1/HouseSparrow-png200-125e8603e1efe9d7a18316b94f06a65e.png","XAgCDwD8qpukuHiqtLZ9mImnmPFcDO4E",13663877508,"https://media.birdweather.com/soundscapes/6891/6891-20260628-170243.flac",0,3,"birdnetpi"
9203183498,6891,"2026-06-28T19:02:18.000+02:00",0.9,0.841241300106049,9.49275355587003,"almost_certain","2p4",NA,51.5664,6.0031,FALSE,1,"House Sparrow","Passer domesticus","#d16ff8","avian","https://media.birdweather.com/species/1/HouseSparrow-standard-b861184cf45c092cdb45fd689dd676ef.jpg","https://media.birdweather.com/species/1/HouseSparrow-thumbnail-e9cbc91763a1579de8ef04880678b5e3.jpg","https://media.birdweather.com/species/1/HouseSparrow-png200-125e8603e1efe9d7a18316b94f06a65e.png","XAgCDwD8qpukuHiqtLZ9mImnmPFcDO4E",13663864442,"https://media.birdweather.com/soundscapes/6891/6891-20260628-170218.flac",0,3,"birdnetpi"
9203172726,6891,"2026-06-28T19:01:46.000+02:00",0.86,0.841241300106049,9.3982333219329,"almost_certain","2p4",NA,51.5673,6.0037,FALSE,1,"House Sparrow","Passer domesticus","#d16ff8","avian","https://media.birdweather.com/species/1/HouseSparrow-standard-b861184cf45c092cdb45fd689dd676ef.jpg","https://media.birdweather.com/species/1/HouseSparrow-thumbnail-e9cbc91763a1579de8ef04880678b5e3.jpg","https://media.birdweather.com/species/1/HouseSparrow-png200-125e8603e1efe9d7a18316b94f06a65e.png","XAgCDwD8qpukuHiqtLZ9mImnmPFcDO4E",13663851379,"https://media.birdweather.com/soundscapes/6891/6891-20260628-170146.flac",0,3,"birdnetpi"
9203161763,6891,"2026-06-28T19:01:16.000+02:00",0.91,0.841241300106049,9.51539869954319,"almost_certain","2p4",NA,51.5629,6.0031,FALSE,1,"House Sparrow","Passer domesticus","#d16ff8","avian","https://media.birdweather.com/species/1/HouseSparrow-standard-b861184cf45c092cdb45fd689dd676ef.jpg","https://media.birdweather.com/species/1/HouseSparrow-thumbnail-e9cbc91763a1579de8ef04880678b5e3.jpg","https://media.birdweather.com/species/1/HouseSparrow-png200-125e8603e1efe9d7a18316b94f06a65e.png","XAgCDwD8qpukuHiqtLZ9mImnmPFcDO4E",13663838308,"https://media.birdweather.com/soundscapes/6891/6891-20260628-170116.flac",0,3,"birdnetpi"
9203151157,6891,"2026-06-28T19:00:55.000+02:00",0.88,0.841241300106049,9.44630843007434,"almost_certain","2p4",NA,51.5677,6.0071,FALSE,1,"House Sparrow","Passer domesticus","#d16ff8","avian","https://media.birdweather.com/species/1/HouseSparrow-standard-b861184cf45c092cdb45fd689dd676ef.jpg","https://media.birdweather.com/species/1/HouseSparrow-thumbnail-e9cbc91763a1579de8ef04880678b5e3.jpg","https://media.birdweather.com/species/1/HouseSparrow-png200-125e8603e1efe9d7a18316b94f06a65e.png","XAgCDwD8qpukuHiqtLZ9mImnmPFcDO4E",13663825210,"https://media.birdweather.com/soundscapes/6891/6891-20260628-170055.flac",0,3,"birdnetpi"
9203140636,6891,"2026-06-28T19:00:19.000+02:00",0.87,0.841241300106049,9.42248174255908,"almost_certain","2p4",NA,51.5647,6.0009,FALSE,1,"House Sparrow","Passer domesticus","#d16ff8","avian","https://media.birdweather.com/species/1/HouseSparrow-standard-b861184cf45c092cdb45fd689dd676ef.jpg","https://media.birdweather.com/species/1/HouseSparrow-thumbnail-e9cbc91763a1579de8ef04880678b5e3.jpg","https://media.birdweather.com/species/1/HouseSparrow-png200-125e8603e1efe9d7a18316b94f06a65e.png","XAgCDwD8qpukuHiqtLZ9mImnmPFcDO4E",13663812141,"https://media.birdweather.com/soundscapes/6891/6891-20260628-170019.flac",0,3,"birdnetpi"
9203129245,6891,"2026-06-28T18:59:57.000+02:00",0.89,0.841241300106049,9.46972780377659,"almost_certain","2p4",NA,51.5695,6.0052,FALSE,1,"House Sparrow","Passer domesticus","#d16ff8","avian","https://media.birdweather.com/species/1/HouseSparrow-standard-b861184cf45c092cdb45fd689dd676ef.jpg","https://media.birdweather.com/species/1/HouseSparrow-thumbnail-e9cbc91763a1579de8ef04880678b5e3.jpg","https://media.birdweather.com/species/1/HouseSparrow-png200-125e8603e1efe9d7a18316b94f06a65e.png","XAgCDwD8qpukuHiqtLZ9mImnmPFcDO4E",13663798833,"https://media.birdweather.com/soundscapes/6891/6891-20260628-165957.flac",0,3,"birdnetpi"
9203042547,6891,"2026-06-28T18:56:15.000+02:00",0.81,0.841241300106049,9.27010262245808,"almost_certain","2p4",NA,51.5646,6.0026,FALSE,1,"House Sparrow","Passer domesticus","#d16ff8","avian","https://media.birdweather.com/species/1/HouseSparrow-standard-b861184cf45c092cdb45fd689dd676ef.jpg","https://media.birdweather.com/species/1/HouseSparrow-thumbnail-e9cbc91763a1579de8ef04880678b5e3.jpg","https://media.birdweather.com/species/1/HouseSparrow-png200-125e8603e1efe9d7a18316b94f06a65e.png","XAgCDwD8qpukuHiqtLZ9mImnmPFcDO4E",13663694021,"https://media.birdweather.com/soundscapes/6891/6891-20260628-165615.flac",0,3,"birdnetpi"
9202993617,6891,"2026-06-28T18:54:12.000+02:00",0.75,0.841241300106049,9.09862911661109,"almost_certain","2p4",NA,51.5653,6.0008,FALSE,1,"House Sparrow","Passer domesticus","#d16ff8","avian","https://media.birdweather.com/species/1/HouseSparrow-standard-b861184cf45c092cdb45fd689dd676ef.jpg","https://media.birdweather.com/species/1/HouseSparrow-thumbnail-e9cbc91763a1579de8ef04880678b5e3.jpg","https://media.birdweather.com/species/1/HouseSparrow-png200-125e8603e1efe9d7a18316b94f06a65e.png","XAgCDwD8qpukuHiqtLZ9mImnmPFcDO4E",13663634381,"https://media.birdweather.com/soundscapes/6891/6891-20260628-165412.flac",0,3,"birdnetpi"
9202983269,6891,"2026-06-28T18:53:46.000+02:00",0.71,0.651233911514282,8.62504969782311,"almost_certain","2p4",NA,51.5694,6.003,FALSE,119,"Common House-Martin","Delichon urbicum","#53b1ff","avian","https://media.birdweather.com/species/119/CommonHouse-Martin-standard-9ffbcc688c51210fb136a162c84d82ad.jpg","https://media.birdweather.com/species/119/CommonHouse-Martin-thumbnail-dd7059ca6235347c3097e7a66f04df95.jpg","https://media.birdweather.com/species/119/CommonHouse-Martin-png200-a73a8953ce2af50676da81e70b2746b2.png","YhgKDwKJd4iIiHd/h5h5d4mIeQqVllAH",13663621943,"https://media.birdweather.com/soundscapes/6891/6891-20260628-165346.flac",0,3,"birdnetpi"
9202976178,6891,"2026-06-28T18:53:28.000+02:00",0.71,0.651233911514282,8.62504969782311,"almost_certain","2p4",NA,51.5664,6.0041,FALSE,119,"Common House-Martin","Delichon urbicum","#53b1ff","avian","https://media.birdweather.com/species/119/CommonHouse-Martin-standard-9ffbcc688c51210fb136a162c84d82ad.jpg","https://media.birdweather.com/species/119/CommonHouse-Martin-thumbnail-dd7059ca6235347c3097e7a66f04df95.jpg","https://media.birdweather.com/species/119/CommonHouse-Martin-png200-a73a8953ce2af50676da81e70b2746b2.png","YhgKDwKJd4iIiHd/h5h5d4mIeQqVllAH",13663613087,"https://media.birdweather.com/soundscapes/6891/6891-20260628-165328.flac",0,3,"birdnetpi"
9202973724,6891,"2026-06-28T18:53:24.000+02:00",0.74,0.841241300106049,9.06784130409377,"almost_certain","2p4",NA,51.5664,6.0019,FALSE,1,"House Sparrow","Passer domesticus","#d16ff8","avian","https://media.birdweather.com/species/1/HouseSparrow-standard-b861184cf45c092cdb45fd689dd676ef.jpg","https://media.birdweather.com/species/1/HouseSparrow-thumbnail-e9cbc91763a1579de8ef04880678b5e3.jpg","https://media.birdweather.com/species/1/HouseSparrow-png200-125e8603e1efe9d7a18316b94f06a65e.png","XAgCDwD8qpukuHiqtLZ9mImnmPFcDO4E",13663610216,"https://media.birdweather.com/soundscapes/6891/6891-20260628-165324.flac",0,3,"birdnetpi"
9202955460,6891,"2026-06-28T18:52:48.000+02:00",0.79,0.841241300106049,9.21529531403731,"almost_certain","2p4",NA,51.5681,6.0035,FALSE,1,"House Sparrow","Passer domesticus","#d16ff8","avian","https://media.birdweather.com/species/1/HouseSparrow-standard-b861184cf45c092cdb45fd689dd676ef.jpg","https://media.birdweather.com/species/1/HouseSparrow-thumbnail-e9cbc91763a1579de8ef04880678b5e3.jpg","https://media.birdweather.com/species/1/HouseSparrow-png200-125e8603e1efe9d7a18316b94f06a65e.png","XAgCDwD8qpukuHiqtLZ9mImnmPFcDO4E",13663588518,"https://media.birdweather.com/soundscapes/6891/6891-20260628-165248.flac",0,3,"birdnetpi"
9202939178,6891,"2026-06-28T18:52:04.000+02:00",0.81,0.841241300106049,9.27010262245808,"almost_certain","2p4",NA,51.5688,6.0011,FALSE,1,"House Sparrow","Passer domesticus","#d16ff8","avian","https://media.birdweather.com/species/1/HouseSparrow-standard-b861184cf45c092cdb45fd689dd676ef.jpg","https://media.birdweather.com/species/1/HouseSparrow-thumbnail-e9cbc91763a1579de8ef04880678b5e3.jpg","https://media.birdweather.com/species/1/HouseSparrow-png200-125e8603e1efe9d7a18316b94f06a65e.png","XAgCDwD8qpukuHiqtLZ9mImnmPFcDO4E",13663569139,"https://media.birdweather.com/soundscapes/6891/6891-20260628-165204.flac",0,3,"birdnetpi"
9202917554,6891,"2026-06-28T18:51:06.000+02:00",0.79,0.841241300106049,9.21529531403731,"almost_certain","2p4",NA,51.5659,6.0065,FALSE,1,"House Sparrow","Passer domesticus","#d16ff8","avian","https://media.birdweather.com/species/1/HouseSparrow-standard-b861184cf45c092cdb45fd689dd676ef.jpg","https://media.birdweather.com/species/1/HouseSparrow-thumbnail-e9cbc91763a1579de8ef04880678b5e3.jpg","https://media.birdweather.com/species/1/HouseSparrow-png200-125e8603e1efe9d7a18316b94f06a65e.png","XAgCDwD8qpukuHiqtLZ9mImnmPFcDO4E",13663543237,"https://media.birdweather.com/soundscapes/6891/6891-20260628-165106.flac",0,3,"birdnetpi"
9202838549,6891,"2026-06-28T18:47:48.000+02:00",0.85,0.841241300106049,9.37354796939423,"almost_certain","2p4",NA,51.567,6.0042,FALSE,1,"House Sparrow","Passer domesticus","#d16ff8","avian","https://media.birdweather.com/species/1/HouseSparrow-standard-b861184cf45c092cdb45fd689dd676ef.jpg","https://media.birdweather.com/species/1/HouseSparrow-thumbnail-e9cbc91763a1579de8ef04880678b5e3.jpg","https://media.birdweather.com/species/1/HouseSparrow-png200-125e8603e1efe9d7a18316b94f06a65e.png","XAgCDwD8qpukuHiqtLZ9mImnmPFcDO4E",13663448733,"https://media.birdweather.com/soundscapes/6891/6891-20260628-164748.flac",0,3,"birdnetpi"
9202827597,6891,"2026-06-28T18:47:31.000+02:00",0.86,0.841241300106049,9.3982333219329,"almost_certain","2p4",NA,51.5643,6.0046,FALSE,1,"House Sparrow","Passer domesticus","#d16ff8","avian","https://media.birdweather.com/species/1/HouseSparrow-standard-b861184cf45c092cdb45fd689dd676ef.jpg","https://media.birdweather.com/species/1/HouseSparrow-thumbnail-e9cbc91763a1579de8ef04880678b5e3.jpg","https://media.birdweather.com/species/1/HouseSparrow-png200-125e8603e1efe9d7a18316b94f06a65e.png","XAgCDwD8qpukuHiqtLZ9mImnmPFcDO4E",13663435636,"https://media.birdweather.com/soundscapes/6891/6891-20260628-164731.flac",0,3,"birdnetpi"
9202816476,6891,"2026-06-28T18:46:57.000+02:00",0.94,0.841241300106049,9.5811713298285,"almost_certain","2p4",NA,51.5685,6.0031,FALSE,1,"House Sparrow","Passer domesticus","#d16ff8","avian","https://media.birdweather.com/species/1/HouseSparrow-standard-b861184cf45c092cdb45fd689dd676ef.jpg","https://media.birdweather.com/species/1/HouseSparrow-thumbnail-e9cbc91763a1579de8ef04880678b5e3.jpg","https://media.birdweather.com/species/1/HouseSparrow-png200-125e8603e1efe9d7a18316b94f06a65e.png","XAgCDwD8qpukuHiqtLZ9mImnmPFcDO4E",13663422535,"https://media.birdweather.com/soundscapes/6891/6891-20260628-164657.flac",0,3,"birdnetpi"
9202810366,6891,"2026-06-28T18:46:45.000+02:00",0.93,0.841241300106049,9.55959608078215,"almost_certain","2p4",NA,51.5665,6.0093,FALSE,1,"House Sparrow","Passer domesticus","#d16ff8","avian","https://media.birdweather.com/species/1/HouseSparrow-standard-b861184cf45c092cdb45fd689dd676ef.jpg","https://media.birdweather.com/species/1/HouseSparrow-thumbnail-e9cbc91763a1579de8ef04880678b5e3.jpg","https://media.birdweather.com/species/1/HouseSparrow-png200-125e8603e1efe9d7a18316b94f06a65e.png","XAgCDwD8qpukuHiqtLZ9mImnmPFcDO4E",13663415235,"https://media.birdweather.com/soundscapes/6891/6891-20260628-164645.flac",0,3,"birdnetpi"
9202798407,6891,"2026-06-28T18:46:10.000+02:00",0.73,0.841241300106049,9.03634566412593,"almost_certain","2p4",NA,51.5667,6.0071,FALSE,1,"House Sparrow","Passer domesticus","#d16ff8","avian","https://media.birdweather.com/species/1/HouseSparrow-standard-b861184cf45c092cdb45fd689dd676ef.jpg","https://media.birdweather.com/species/1/HouseSparrow-thumbnail-e9cbc91763a1579de8ef04880678b5e3.jpg","https://media.birdweather.com/species/1/HouseSparrow-png200-125e8603e1efe9d7a18316b94f06a65e.png","XAgCDwD8qpukuHiqtLZ9mImnmPFcDO4E",13663401185,"https://media.birdweather.com/soundscapes/6891/6891-20260628-164610.flac",0,3,"birdnetpi"
9202781055,6891,"2026-06-28T18:45:30.000+02:00",0.76,0.841241300106049,9.12874021881581,"almost_certain","2p4",NA,51.567,6.0029,FALSE,1,"House Sparrow","Passer domesticus","#d16ff8","avian","https://media.birdweather.com/species/1/HouseSparrow-standard-b861184cf45c092cdb45fd689dd676ef.jpg","https://media.birdweather.com/species/1/HouseSparrow-thumbnail-e9cbc91763a1579de8ef04880678b5e3.jpg","https://media.birdweather.com/species/1/HouseSparrow-png200-125e8603e1efe9d7a18316b94f06a65e.png","XAgCDwD8qpukuHiqtLZ9mImnmPFcDO4E",13663380427,"https://media.birdweather.com/soundscapes/6891/6891-20260628-164530.flac",0,3,"birdnetpi"
9202774133,6891,"2026-06-28T18:45:19.000+02:00",0.74,0.841241300106049,9.06784130409377,"almost_certain","2p4",NA,51.5634,6.0029,FALSE,1,"House Sparrow","Passer domesticus","#d16ff8","avian","https://media.birdweather.com/species/1/HouseSparrow-standard-b861184cf45c092cdb45fd689dd676ef.jpg","https://media.birdweather.com/species/1/HouseSparrow-thumbnail-e9cbc91763a1579de8ef04880678b5e3.jpg","https://media.birdweather.com/species/1/HouseSparrow-png200-125e8603e1efe9d7a18316b94f06a65e.png","XAgCDwD8qpukuHiqtLZ9mImnmPFcDO4E",13663372253,"https://media.birdweather.com/soundscapes/6891/6891-20260628-164519.flac",0,3,"birdnetpi"
9202763631,6891,"2026-06-28T18:44:51.000+02:00",0.7,0.841241300106049,8.93726635776184,"almost_certain","2p4",NA,51.5641,6.0049,FALSE,1,"House Sparrow","Passer domesticus","#d16ff8","avian","https://media.birdweather.com/species/1/HouseSparrow-standard-b861184cf45c092cdb45fd689dd676ef.jpg","https://media.birdweather.com/species/1/HouseSparrow-thumbnail-e9cbc91763a1579de8ef04880678b5e3.jpg","https://media.birdweather.com/species/1/HouseSparrow-png200-125e8603e1efe9d7a18316b94f06a65e.png","XAgCDwD8qpukuHiqtLZ9mImnmPFcDO4E",13663359388,"https://media.birdweather.com/soundscapes/6891/6891-20260628-164451.flac",0,3,"birdnetpi"
9202649325,6891,"2026-06-28T18:40:00.000+02:00",0.79,0.235489740967751,7.51178185749348,"almost_certain","2p4",NA,51.5691,6.0035,FALSE,20,"Black Redstart","Phoenicurus ochruros","#c8ce2d","avian","https://media.birdweather.com/species/20/BlackRedstart-standard-4255c9b712ecb46ea7d3df8d556c18e7.jpg","https://media.birdweather.com/species/20/BlackRedstart-thumbnail-2fee59acc1ecc6be7238da194869e940.jpg","https://media.birdweather.com/species/20/BlackRedstart-png200-cbc0625b8b4889aeec1da754ad906efd.png","2QgGFwT8epa+l3ZlZ5hntnh4Z/6oyZ8I",13663222179,"https://media.birdweather.com/soundscapes/6891/6891-20260628-164000.flac",0,3,"birdnetpi"
9202642466,6891,"2026-06-28T18:39:45.000+02:00",0.95,0.163846984505653,7.42613949502531,"almost_certain","2p4",NA,51.5645,6.0089,FALSE,143,"Eurasian Oystercatcher","Haematopus ostralegus","#ca8600","avian","https://media.birdweather.com/species/143/EurasianOystercatcher-standard-de054f6108c9ec46b2430e18a3a05899.jpg","https://media.birdweather.com/species/143/EurasianOystercatcher-thumbnail-30dda908d192acf9a6ba366e2d58599a.jpg","https://media.birdweather.com/species/143/EurasianOystercatcher-png200-eaade4c821880831fc0130856cf4cad3.png","3vcRFwKHd4mAiHeCdth4eIeIhYD5CocK",13663214048,"https://media.birdweather.com/soundscapes/6891/6891-20260628-163945.flac",0,3,"birdnetpi"
9202624232,6891,"2026-06-28T18:38:57.000+02:00",0.73,0.841241300106049,9.03634566412593,"almost_certain","2p4",NA,51.5643,6.0059,FALSE,1,"House Sparrow","Passer domesticus","#d16ff8","avian","https://media.birdweather.com/species/1/HouseSparrow-standard-b861184cf45c092cdb45fd689dd676ef.jpg","https://media.birdweather.com/species/1/HouseSparrow-thumbnail-e9cbc91763a1579de8ef04880678b5e3.jpg","https://media.birdweather.com/species/1/HouseSparrow-png200-125e8603e1efe9d7a18316b94f06a65e.png","XAgCDwD8qpukuHiqtLZ9mImnmPFcDO4E",13663191875,"https://media.birdweather.com/soundscapes/6891/6891-20260628-163857.flac",0,3,"birdnetpi"
9202554889,6891,"2026-06-28T18:36:07.000+02:00",0.88,0.853489577770233,9.46588051104755,"almost_certain","2p4",NA,51.5615,6.0064,FALSE,11,"Great Tit","Parus major","#7a41c7","avian","https://media.birdweather.com/species/11/GreatTit-standard-0058e4dcd148acb2e0cb8a7b7c6ad3b2.jpg","https://media.birdweather.com/species/11/GreatTit-thumbnail-6910d0adae4550c5e6f2396322ee64c4.jpg","https://media.birdweather.com/species/11/GreatTit-png200-9f3394faf07d12f615112c10cb9d7f02.png","ImkCDwTFxox9pZloaIaeZLsJp9r1yG4P",13663108753,"https://media.birdweather.com/soundscapes/6891/6891-20260628-163607.flac",0,3,"birdnetpi"
9202546773,6891,"2026-06-28T18:35:57.000+02:00",0.93,0.841241300106049,9.55959608078215,"almost_certain","2p4",NA,51.5682,6.0094,FALSE,1,"House Sparrow","Passer domesticus","#d16ff8","avian","https://media.birdweather.com/species/1/HouseSparrow-standard-b861184cf45c092cdb45fd689dd676ef.jpg","https://media.birdweather.com/species/1/HouseSparrow-thumbnail-e9cbc91763a1579de8ef04880678b5e3.jpg","https://media.birdweather.com/species/1/HouseSparrow-png200-125e8603e1efe9d7a18316b94f06a65e.png","XAgCDwD8qpukuHiqtLZ9mImnmPFcDO4E",13663099049,"https://media.birdweather.com/soundscapes/6891/6891-20260628-163557.flac",0,3,"birdnetpi"
9202549429,6891,"2026-06-28T18:35:52.000+02:00",0.9,0.302056699991226,8.11794384860192,"almost_certain","2p4",NA,51.5695,6.009,FALSE,2,"Short-toed Treecreeper","Certhia brachydactyla","#66dd57","avian","https://media.birdweather.com/species/2/Short-toedTreecreeper-standard-7bbb76fb215629d251262575c97eb338.jpg","https://media.birdweather.com/species/2/Short-toedTreecreeper-thumbnail-fab8f3fcc7962cfbf3bdbde5dc2a415d.jpg","https://media.birdweather.com/species/2/Short-toedTreecreeper-png200-9ed36805c2a6923b35a860f2814cdd8c.png","IRkGHwS/1aqJXad3ialWmph5+Yx4z3gI",13663102127,"https://media.birdweather.com/soundscapes/6891/6891-20260628-163552.flac",0,3,"birdnetpi"
9202537793,6891,"2026-06-28T18:35:36.000+02:00",0.73,0.841241300106049,9.03634566412593,"almost_certain","2p4",NA,51.5704,6.0042,FALSE,1,"House Sparrow","Passer domesticus","#d16ff8","avian","https://media.birdweather.com/species/1/HouseSparrow-standard-b861184cf45c092cdb45fd689dd676ef.jpg","https://media.birdweather.com/species/1/HouseSparrow-thumbnail-e9cbc91763a1579de8ef04880678b5e3.jpg","https://media.birdweather.com/species/1/HouseSparrow-png200-125e8603e1efe9d7a18316b94f06a65e.png","XAgCDwD8qpukuHiqtLZ9mImnmPFcDO4E",13663088412,"https://media.birdweather.com/soundscapes/6891/6891-20260628-163536.flac",0,3,"birdnetpi"
9202527557,6891,"2026-06-28T18:35:00.000+02:00",0.84,0.841241300106049,9.34840964941881,"almost_certain","2p4",NA,51.5698,6.0047,FALSE,1,"House Sparrow","Passer domesticus","#d16ff8","avian","https://media.birdweather.com/species/1/HouseSparrow-standard-b861184cf45c092cdb45fd689dd676ef.jpg","https://media.birdweather.com/species/1/HouseSparrow-thumbnail-e9cbc91763a1579de8ef04880678b5e3.jpg","https://media.birdweather.com/species/1/HouseSparrow-png200-125e8603e1efe9d7a18316b94f06a65e.png","XAgCDwD8qpukuHiqtLZ9mImnmPFcDO4E",13663075953,"https://media.birdweather.com/soundscapes/6891/6891-20260628-163500.flac",0,3,"birdnetpi"
9202513608,6891,"2026-06-28T18:34:30.000+02:00",0.75,0.302056699991226,7.72381940934298,"almost_certain","2p4",NA,51.5626,6.0093,FALSE,2,"Short-toed Treecreeper","Certhia brachydactyla","#66dd57","avian","https://media.birdweather.com/species/2/Short-toedTreecreeper-standard-7bbb76fb215629d251262575c97eb338.jpg","https://media.birdweather.com/species/2/Short-toedTreecreeper-thumbnail-fab8f3fcc7962cfbf3bdbde5dc2a415d.jpg","https://media.birdweather.com/species/2/Short-toedTreecreeper-png200-9ed36805c2a6923b35a860f2814cdd8c.png","IRkGHwS/1aqJXad3ialWmph5+Yx4z3gI",13663059449,"https://media.birdweather.com/soundscapes/6891/6891-20260628-163430.flac",0,3,"birdnetpi"
9202502860,6891,"2026-06-28T18:34:00.000+02:00",0.95,0.853489577770233,9.62198414635598,"almost_certain","2p4",NA,51.5626,6.002,FALSE,11,"Great Tit","Parus major","#7a41c7","avian","https://media.birdweather.com/species/11/GreatTit-standard-0058e4dcd148acb2e0cb8a7b7c6ad3b2.jpg","https://media.birdweather.com/species/11/GreatTit-thumbnail-6910d0adae4550c5e6f2396322ee64c4.jpg","https://media.birdweather.com/species/11/GreatTit-png200-9f3394faf07d12f615112c10cb9d7f02.png","ImkCDwTFxox9pZloaIaeZLsJp9r1yG4P",13663046810,"https://media.birdweather.com/soundscapes/6891/6891-20260628-163400.flac",0,3,"birdnetpi"
9202483203,6891,"2026-06-28T18:33:19.000+02:00",0.82,0.841241300106049,9.29670540008231,"almost_certain","2p4",NA,51.5666,6.0027,FALSE,1,"House Sparrow","Passer domesticus","#d16ff8","avian","https://media.birdweather.com/species/1/HouseSparrow-standard-b861184cf45c092cdb45fd689dd676ef.jpg","https://media.birdweather.com/species/1/HouseSparrow-thumbnail-e9cbc91763a1579de8ef04880678b5e3.jpg","https://media.birdweather.com/species/1/HouseSparrow-png200-125e8603e1efe9d7a18316b94f06a65e.png","XAgCDwD8qpukuHiqtLZ9mImnmPFcDO4E",13663023660,"https://media.birdweather.com/soundscapes/6891/6891-20260628-163319.flac",0,3,"birdnetpi"
9202463515,6891,"2026-06-28T18:32:21.000+02:00",0.82,0.841241300106049,9.29670540008231,"almost_certain","2p4",NA,51.5641,6.001,FALSE,1,"House Sparrow","Passer domesticus","#d16ff8","avian","https://media.birdweather.com/species/1/HouseSparrow-standard-b861184cf45c092cdb45fd689dd676ef.jpg","https://media.birdweather.com/species/1/HouseSparrow-thumbnail-e9cbc91763a1579de8ef04880678b5e3.jpg","https://media.birdweather.com/species/1/HouseSparrow-png200-125e8603e1efe9d7a18316b94f06a65e.png","XAgCDwD8qpukuHiqtLZ9mImnmPFcDO4E",13662999915,"https://media.birdweather.com/soundscapes/6891/6891-20260628-163221.flac",0,3,"birdnetpi"
9202449304,6891,"2026-06-28T18:31:48.000+02:00",0.82,0.841241300106049,9.29670540008231,"almost_certain","2p4",NA,51.5661,6.0072,FALSE,1,"House Sparrow","Passer domesticus","#d16ff8","avian","https://media.birdweather.com/species/1/HouseSparrow-standard-b861184cf45c092cdb45fd689dd676ef.jpg","https://media.birdweather.com/species/1/HouseSparrow-thumbnail-e9cbc91763a1579de8ef04880678b5e3.jpg","https://media.birdweather.com/species/1/HouseSparrow-png200-125e8603e1efe9d7a18316b94f06a65e.png","XAgCDwD8qpukuHiqtLZ9mImnmPFcDO4E",13662983002,"https://media.birdweather.com/soundscapes/6891/6891-20260628-163148.flac",0,3,"birdnetpi"
9202438545,6891,"2026-06-28T18:31:31.000+02:00",0.79,0.841241300106049,9.21529531403731,"almost_certain","2p4",NA,51.5677,6.0065,FALSE,1,"House Sparrow","Passer domesticus","#d16ff8","avian","https://media.birdweather.com/species/1/HouseSparrow-standard-b861184cf45c092cdb45fd689dd676ef.jpg","https://media.birdweather.com/species/1/HouseSparrow-thumbnail-e9cbc91763a1579de8ef04880678b5e3.jpg","https://media.birdweather.com/species/1/HouseSparrow-png200-125e8603e1efe9d7a18316b94f06a65e.png","XAgCDwD8qpukuHiqtLZ9mImnmPFcDO4E",13662970107,"https://media.birdweather.com/soundscapes/6891/6891-20260628-163131.flac",0,3,"birdnetpi"
9202431862,6891,"2026-06-28T18:31:09.000+02:00",0.83,0.841241300106049,9.32280142719216,"almost_certain","2p4",NA,51.5668,6.0016,FALSE,1,"House Sparrow","Passer domesticus","#d16ff8","avian","https://media.birdweather.com/species/1/HouseSparrow-standard-b861184cf45c092cdb45fd689dd676ef.jpg","https://media.birdweather.com/species/1/HouseSparrow-thumbnail-e9cbc91763a1579de8ef04880678b5e3.jpg","https://media.birdweather.com/species/1/HouseSparrow-png200-125e8603e1efe9d7a18316b94f06a65e.png","XAgCDwD8qpukuHiqtLZ9mImnmPFcDO4E",13662962201,"https://media.birdweather.com/soundscapes/6891/6891-20260628-163109.flac",0,3,"birdnetpi"
9202424987,6891,"2026-06-28T18:30:48.000+02:00",0.93,0.841241300106049,9.55959608078215,"almost_certain","2p4",NA,51.5659,6.003,FALSE,1,"House Sparrow","Passer domesticus","#d16ff8","avian","https://media.birdweather.com/species/1/HouseSparrow-standard-b861184cf45c092cdb45fd689dd676ef.jpg","https://media.birdweather.com/species/1/HouseSparrow-thumbnail-e9cbc91763a1579de8ef04880678b5e3.jpg","https://media.birdweather.com/species/1/HouseSparrow-png200-125e8603e1efe9d7a18316b94f06a65e.png","XAgCDwD8qpukuHiqtLZ9mImnmPFcDO4E",13662954128,"https://media.birdweather.com/soundscapes/6891/6891-20260628-163048.flac",0,3,"birdnetpi"
9202359756,6891,"2026-06-28T18:28:16.000+02:00",0.72,0.841241300106049,9.00410888267396,"almost_certain","2p4",NA,51.5662,6.0014,FALSE,1,"House Sparrow","Passer domesticus","#d16ff8","avian","https://media.birdweather.com/species/1/HouseSparrow-standard-b861184cf45c092cdb45fd689dd676ef.jpg","https://media.birdweather.com/species/1/HouseSparrow-thumbnail-e9cbc91763a1579de8ef04880678b5e3.jpg","https://media.birdweather.com/species/1/HouseSparrow-png200-125e8603e1efe9d7a18316b94f06a65e.png","XAgCDwD8qpukuHiqtLZ9mImnmPFcDO4E",13662876561,"https://media.birdweather.com/soundscapes/6891/6891-20260628-162816.flac",0,3,"birdnetpi"
9202283920,6891,"2026-06-28T18:25:03.000+02:00",0.85,0.841241300106049,9.37354796939423,"almost_certain","2p4",NA,51.5652,6.008,FALSE,1,"House Sparrow","Passer domesticus","#d16ff8","avian","https://media.birdweather.com/species/1/HouseSparrow-standard-b861184cf45c092cdb45fd689dd676ef.jpg","https://media.birdweather.com/species/1/HouseSparrow-thumbnail-e9cbc91763a1579de8ef04880678b5e3.jpg","https://media.birdweather.com/species/1/HouseSparrow-png200-125e8603e1efe9d7a18316b94f06a65e.png","XAgCDwD8qpukuHiqtLZ9mImnmPFcDO4E",13662785290,"https://media.birdweather.com/soundscapes/6891/6891-20260628-162503.flac",0,3,"birdnetpi"
9202272865,6891,"2026-06-28T18:24:39.000+02:00",0.81,0.841241300106049,9.27010262245808,"almost_certain","2p4",NA,51.5681,6.0062,FALSE,1,"House Sparrow","Passer domesticus","#d16ff8","avian","https://media.birdweather.com/species/1/HouseSparrow-standard-b861184cf45c092cdb45fd689dd676ef.jpg","https://media.birdweather.com/species/1/HouseSparrow-thumbnail-e9cbc91763a1579de8ef04880678b5e3.jpg","https://media.birdweather.com/species/1/HouseSparrow-png200-125e8603e1efe9d7a18316b94f06a65e.png","XAgCDwD8qpukuHiqtLZ9mImnmPFcDO4E",13662772286,"https://media.birdweather.com/soundscapes/6891/6891-20260628-162439.flac",0,3,"birdnetpi"
9202261352,6891,"2026-06-28T18:24:10.000+02:00",0.93,0.841241300106049,9.55959608078215,"almost_certain","2p4",NA,51.5657,6.0031,FALSE,1,"House Sparrow","Passer domesticus","#d16ff8","avian","https://media.birdweather.com/species/1/HouseSparrow-standard-b861184cf45c092cdb45fd689dd676ef.jpg","https://media.birdweather.com/species/1/HouseSparrow-thumbnail-e9cbc91763a1579de8ef04880678b5e3.jpg","https://media.birdweather.com/species/1/HouseSparrow-png200-125e8603e1efe9d7a18316b94f06a65e.png","XAgCDwD8qpukuHiqtLZ9mImnmPFcDO4E",13662758671,"https://media.birdweather.com/soundscapes/6891/6891-20260628-162410.flac",0,3,"birdnetpi"
9202250591,6891,"2026-06-28T18:23:45.000+02:00",0.93,0.841241300106049,9.55959608078215,"almost_certain","2p4",NA,51.5642,6.0047,FALSE,1,"House Sparrow","Passer domesticus","#d16ff8","avian","https://media.birdweather.com/species/1/HouseSparrow-standard-b861184cf45c092cdb45fd689dd676ef.jpg","https://media.birdweather.com/species/1/HouseSparrow-thumbnail-e9cbc91763a1579de8ef04880678b5e3.jpg","https://media.birdweather.com/species/1/HouseSparrow-png200-125e8603e1efe9d7a18316b94f06a65e.png","XAgCDwD8qpukuHiqtLZ9mImnmPFcDO4E",13662745729,"https://media.birdweather.com/soundscapes/6891/6891-20260628-162345.flac",0,3,"birdnetpi"
9202239439,6891,"2026-06-28T18:23:16.000+02:00",0.71,0.841241300106049,8.97109523701065,"almost_certain","2p4",NA,51.5688,6.0074,FALSE,1,"House Sparrow","Passer domesticus","#d16ff8","avian","https://media.birdweather.com/species/1/HouseSparrow-standard-b861184cf45c092cdb45fd689dd676ef.jpg","https://media.birdweather.com/species/1/HouseSparrow-thumbnail-e9cbc91763a1579de8ef04880678b5e3.jpg","https://media.birdweather.com/species/1/HouseSparrow-png200-125e8603e1efe9d7a18316b94f06a65e.png","XAgCDwD8qpukuHiqtLZ9mImnmPFcDO4E",13662732658,"https://media.birdweather.com/soundscapes/6891/6891-20260628-162316.flac",0,3,"birdnetpi"
9202240651,6891,"2026-06-28T18:23:12.000+02:00",0.8,0.651233911514282,8.89692748387477,"almost_certain","2p4",NA,51.5616,6.0066,FALSE,119,"Common House-Martin","Delichon urbicum","#53b1ff","avian","https://media.birdweather.com/species/119/CommonHouse-Martin-standard-9ffbcc688c51210fb136a162c84d82ad.jpg","https://media.birdweather.com/species/119/CommonHouse-Martin-thumbnail-dd7059ca6235347c3097e7a66f04df95.jpg","https://media.birdweather.com/species/119/CommonHouse-Martin-png200-a73a8953ce2af50676da81e70b2746b2.png","YhgKDwKJd4iIiHd/h5h5d4mIeQqVllAH",13662734023,"https://media.birdweather.com/soundscapes/6891/6891-20260628-162312.flac",0,3,"birdnetpi"
9202226429,6891,"2026-06-28T18:22:45.000+02:00",0.76,0.841241300106049,9.12874021881581,"almost_certain","2p4",NA,51.5647,6.0077,FALSE,1,"House Sparrow","Passer domesticus","#d16ff8","avian","https://media.birdweather.com/species/1/HouseSparrow-standard-b861184cf45c092cdb45fd689dd676ef.jpg","https://media.birdweather.com/species/1/HouseSparrow-thumbnail-e9cbc91763a1579de8ef04880678b5e3.jpg","https://media.birdweather.com/species/1/HouseSparrow-png200-125e8603e1efe9d7a18316b94f06a65e.png","XAgCDwD8qpukuHiqtLZ9mImnmPFcDO4E",13662717246,"https://media.birdweather.com/soundscapes/6891/6891-20260628-162245.flac",0,3,"birdnetpi"
9202172529,6891,"2026-06-28T18:20:27.000+02:00",0.77,0.841241300106049,9.15820371996853,"almost_certain","2p4",NA,51.5646,6.0037,FALSE,1,"House Sparrow","Passer domesticus","#d16ff8","avian","https://media.birdweather.com/species/1/HouseSparrow-standard-b861184cf45c092cdb45fd689dd676ef.jpg","https://media.birdweather.com/species/1/HouseSparrow-thumbnail-e9cbc91763a1579de8ef04880678b5e3.jpg","https://media.birdweather.com/species/1/HouseSparrow-png200-125e8603e1efe9d7a18316b94f06a65e.png","XAgCDwD8qpukuHiqtLZ9mImnmPFcDO4E",13662653285,"https://media.birdweather.com/soundscapes/6891/6891-20260628-162027.flac",0,3,"birdnetpi"
9202116759,6891,"2026-06-28T18:18:12.000+02:00",0.81,0.841241300106049,9.27010262245808,"almost_certain","2p4",NA,51.567,6.0011,FALSE,1,"House Sparrow","Passer domesticus","#d16ff8","avian","https://media.birdweather.com/species/1/HouseSparrow-standard-b861184cf45c092cdb45fd689dd676ef.jpg","https://media.birdweather.com/species/1/HouseSparrow-thumbnail-e9cbc91763a1579de8ef04880678b5e3.jpg","https://media.birdweather.com/species/1/HouseSparrow-png200-125e8603e1efe9d7a18316b94f06a65e.png","XAgCDwD8qpukuHiqtLZ9mImnmPFcDO4E",13662587717,"https://media.birdweather.com/soundscapes/6891/6891-20260628-161812.flac",0,3,"birdnetpi"
9202105983,6891,"2026-06-28T18:17:45.000+02:00",0.87,0.841241300106049,9.42248174255908,"almost_certain","2p4",NA,51.5672,6.0037,FALSE,1,"House Sparrow","Passer domesticus","#d16ff8","avian","https://media.birdweather.com/species/1/HouseSparrow-standard-b861184cf45c092cdb45fd689dd676ef.jpg","https://media.birdweather.com/species/1/HouseSparrow-thumbnail-e9cbc91763a1579de8ef04880678b5e3.jpg","https://media.birdweather.com/species/1/HouseSparrow-png200-125e8603e1efe9d7a18316b94f06a65e.png","XAgCDwD8qpukuHiqtLZ9mImnmPFcDO4E",13662574872,"https://media.birdweather.com/soundscapes/6891/6891-20260628-161745.flac",0,3,"birdnetpi"
9202062665,6891,"2026-06-28T18:15:55.000+02:00",0.75,0.841241300106049,9.09862911661109,"almost_certain","2p4",NA,51.5668,6.0017,FALSE,1,"House Sparrow","Passer domesticus","#d16ff8","avian","https://media.birdweather.com/species/1/HouseSparrow-standard-b861184cf45c092cdb45fd689dd676ef.jpg","https://media.birdweather.com/species/1/HouseSparrow-thumbnail-e9cbc91763a1579de8ef04880678b5e3.jpg","https://media.birdweather.com/species/1/HouseSparrow-png200-125e8603e1efe9d7a18316b94f06a65e.png","XAgCDwD8qpukuHiqtLZ9mImnmPFcDO4E",13662522476,"https://media.birdweather.com/soundscapes/6891/6891-20260628-161555.flac",0,3,"birdnetpi"
9202016141,6891,"2026-06-28T18:14:12.000+02:00",0.75,0.841241300106049,9.09862911661109,"almost_certain","2p4",NA,51.563,6.0008,FALSE,1,"House Sparrow","Passer domesticus","#d16ff8","avian","https://media.birdweather.com/species/1/HouseSparrow-standard-b861184cf45c092cdb45fd689dd676ef.jpg","https://media.birdweather.com/species/1/HouseSparrow-thumbnail-e9cbc91763a1579de8ef04880678b5e3.jpg","https://media.birdweather.com/species/1/HouseSparrow-png200-125e8603e1efe9d7a18316b94f06a65e.png","XAgCDwD8qpukuHiqtLZ9mImnmPFcDO4E",13662467286,"https://media.birdweather.com/soundscapes/6891/6891-20260628-161412.flac",0,3,"birdnetpi"
9202005209,6891,"2026-06-28T18:13:34.000+02:00",0.79,0.841241300106049,9.21529531403731,"almost_certain","2p4",NA,51.5696,6.0068,FALSE,1,"House Sparrow","Passer domesticus","#d16ff8","avian","https://media.birdweather.com/species/1/HouseSparrow-standard-b861184cf45c092cdb45fd689dd676ef.jpg","https://media.birdweather.com/species/1/HouseSparrow-thumbnail-e9cbc91763a1579de8ef04880678b5e3.jpg","https://media.birdweather.com/species/1/HouseSparrow-png200-125e8603e1efe9d7a18316b94f06a65e.png","XAgCDwD8qpukuHiqtLZ9mImnmPFcDO4E",13662454307,"https://media.birdweather.com/soundscapes/6891/6891-20260628-161334.flac",0,3,"birdnetpi"
9201990994,6891,"2026-06-28T18:13:04.000+02:00",0.73,0.841241300106049,9.03634566412593,"almost_certain","2p4",NA,51.5649,6.0072,FALSE,1,"House Sparrow","Passer domesticus","#d16ff8","avian","https://media.birdweather.com/species/1/HouseSparrow-standard-b861184cf45c092cdb45fd689dd676ef.jpg","https://media.birdweather.com/species/1/HouseSparrow-thumbnail-e9cbc91763a1579de8ef04880678b5e3.jpg","https://media.birdweather.com/species/1/HouseSparrow-png200-125e8603e1efe9d7a18316b94f06a65e.png","XAgCDwD8qpukuHiqtLZ9mImnmPFcDO4E",13662437603,"https://media.birdweather.com/soundscapes/6891/6891-20260628-161304.flac",0,3,"birdnetpi"
9201982675,6891,"2026-06-28T18:12:42.000+02:00",0.8,0.841241300106049,9.24297302306231,"almost_certain","2p4",NA,51.5638,6.0094,FALSE,1,"House Sparrow","Passer domesticus","#d16ff8","avian","https://media.birdweather.com/species/1/HouseSparrow-standard-b861184cf45c092cdb45fd689dd676ef.jpg","https://media.birdweather.com/species/1/HouseSparrow-thumbnail-e9cbc91763a1579de8ef04880678b5e3.jpg","https://media.birdweather.com/species/1/HouseSparrow-png200-125e8603e1efe9d7a18316b94f06a65e.png","XAgCDwD8qpukuHiqtLZ9mImnmPFcDO4E",13662427976,"https://media.birdweather.com/soundscapes/6891/6891-20260628-161242.flac",0,3,"birdnetpi"
9201966451,6891,"2026-06-28T18:12:04.000+02:00",0.93,0.841241300106049,9.55959608078215,"almost_certain","2p4",NA,51.57,6.0037,FALSE,1,"House Sparrow","Passer domesticus","#d16ff8","avian","https://media.birdweather.com/species/1/HouseSparrow-standard-b861184cf45c092cdb45fd689dd676ef.jpg","https://media.birdweather.com/species/1/HouseSparrow-thumbnail-e9cbc91763a1579de8ef04880678b5e3.jpg","https://media.birdweather.com/species/1/HouseSparrow-png200-125e8603e1efe9d7a18316b94f06a65e.png","XAgCDwD8qpukuHiqtLZ9mImnmPFcDO4E",13662409132,"https://media.birdweather.com/soundscapes/6891/6891-20260628-161204.flac",0,3,"birdnetpi"
9201954668,6891,"2026-06-28T18:11:33.000+02:00",0.72,0.841241300106049,9.00410888267396,"almost_certain","2p4",NA,51.5653,6.0018,FALSE,1,"House Sparrow","Passer domesticus","#d16ff8","avian","https://media.birdweather.com/species/1/HouseSparrow-standard-b861184cf45c092cdb45fd689dd676ef.jpg","https://media.birdweather.com/species/1/HouseSparrow-thumbnail-e9cbc91763a1579de8ef04880678b5e3.jpg","https://media.birdweather.com/species/1/HouseSparrow-png200-125e8603e1efe9d7a18316b94f06a65e.png","XAgCDwD8qpukuHiqtLZ9mImnmPFcDO4E",13662395519,"https://media.birdweather.com/soundscapes/6891/6891-20260628-161133.flac",0,3,"birdnetpi"
9201941257,6891,"2026-06-28T18:11:10.000+02:00",0.75,0.841241300106049,9.09862911661109,"almost_certain","2p4",NA,51.5625,6.0078,FALSE,1,"House Sparrow","Passer domesticus","#d16ff8","avian","https://media.birdweather.com/species/1/HouseSparrow-standard-b861184cf45c092cdb45fd689dd676ef.jpg","https://media.birdweather.com/species/1/HouseSparrow-thumbnail-e9cbc91763a1579de8ef04880678b5e3.jpg","https://media.birdweather.com/species/1/HouseSparrow-png200-125e8603e1efe9d7a18316b94f06a65e.png","XAgCDwD8qpukuHiqtLZ9mImnmPFcDO4E",13662379724,"https://media.birdweather.com/soundscapes/6891/6891-20260628-161110.flac",0,3,"birdnetpi"
9201934048,6891,"2026-06-28T18:10:45.000+02:00",0.84,0.841241300106049,9.34840964941881,"almost_certain","2p4",NA,51.5624,6.0016,FALSE,1,"House Sparrow","Passer domesticus","#d16ff8","avian","https://media.birdweather.com/species/1/HouseSparrow-standard-b861184cf45c092cdb45fd689dd676ef.jpg","https://media.birdweather.com/species/1/HouseSparrow-thumbnail-e9cbc91763a1579de8ef04880678b5e3.jpg","https://media.birdweather.com/species/1/HouseSparrow-png200-125e8603e1efe9d7a18316b94f06a65e.png","XAgCDwD8qpukuHiqtLZ9mImnmPFcDO4E",13662371473,"https://media.birdweather.com/soundscapes/6891/6891-20260628-161045.flac",0,3,"birdnetpi"
9201922474,6891,"2026-06-28T18:10:22.000+02:00",0.8,0.841241300106049,9.24297302306231,"almost_certain","2p4",NA,51.568,6.0017,FALSE,1,"House Sparrow","Passer domesticus","#d16ff8","avian","https://media.birdweather.com/species/1/HouseSparrow-standard-b861184cf45c092cdb45fd689dd676ef.jpg","https://media.birdweather.com/species/1/HouseSparrow-thumbnail-e9cbc91763a1579de8ef04880678b5e3.jpg","https://media.birdweather.com/species/1/HouseSparrow-png200-125e8603e1efe9d7a18316b94f06a65e.png","XAgCDwD8qpukuHiqtLZ9mImnmPFcDO4E",13662357877,"https://media.birdweather.com/soundscapes/6891/6891-20260628-161022.flac",0,3,"birdnetpi"
9201911269,6891,"2026-06-28T18:09:58.000+02:00",0.85,0.841241300106049,9.37354796939423,"almost_certain","2p4",NA,51.5678,6.0058,FALSE,1,"House Sparrow","Passer domesticus","#d16ff8","avian","https://media.birdweather.com/species/1/HouseSparrow-standard-b861184cf45c092cdb45fd689dd676ef.jpg","https://media.birdweather.com/species/1/HouseSparrow-thumbnail-e9cbc91763a1579de8ef04880678b5e3.jpg","https://media.birdweather.com/species/1/HouseSparrow-png200-125e8603e1efe9d7a18316b94f06a65e.png","XAgCDwD8qpukuHiqtLZ9mImnmPFcDO4E",13662344826,"https://media.birdweather.com/soundscapes/6891/6891-20260628-160958.flac",0,3,"birdnetpi"
9201899584,6891,"2026-06-28T18:09:30.000+02:00",0.84,0.841241300106049,9.34840964941881,"almost_certain","2p4",NA,51.5658,6.0027,FALSE,1,"House Sparrow","Passer domesticus","#d16ff8","avian","https://media.birdweather.com/species/1/HouseSparrow-standard-b861184cf45c092cdb45fd689dd676ef.jpg","https://media.birdweather.com/species/1/HouseSparrow-thumbnail-e9cbc91763a1579de8ef04880678b5e3.jpg","https://media.birdweather.com/species/1/HouseSparrow-png200-125e8603e1efe9d7a18316b94f06a65e.png","XAgCDwD8qpukuHiqtLZ9mImnmPFcDO4E",13662331689,"https://media.birdweather.com/soundscapes/6891/6891-20260628-160930.flac",0,3,"birdnetpi"
9201893378,6891,"2026-06-28T18:09:09.000+02:00",0.77,0.841241300106049,9.15820371996853,"almost_certain","2p4",NA,51.5688,6.0088,FALSE,1,"House Sparrow","Passer domesticus","#d16ff8","avian","https://media.birdweather.com/species/1/HouseSparrow-standard-b861184cf45c092cdb45fd689dd676ef.jpg","https://media.birdweather.com/species/1/HouseSparrow-thumbnail-e9cbc91763a1579de8ef04880678b5e3.jpg","https://media.birdweather.com/species/1/HouseSparrow-png200-125e8603e1efe9d7a18316b94f06a65e.png","XAgCDwD8qpukuHiqtLZ9mImnmPFcDO4E",13662324456,"https://media.birdweather.com/soundscapes/6891/6891-20260628-160909.flac",0,3,"birdnetpi"
9201882223,6891,"2026-06-28T18:08:39.000+02:00",0.78,0.841241300106049,9.18704689056956,"almost_certain","2p4",NA,51.5678,6.0018,FALSE,1,"House Sparrow","Passer domesticus","#d16ff8","avian","https://media.birdweather.com/species/1/HouseSparrow-standard-b861184cf45c092cdb45fd689dd676ef.jpg","https://media.birdweather.com/species/1/HouseSparrow-thumbnail-e9cbc91763a1579de8ef04880678b5e3.jpg","https://media.birdweather.com/species/1/HouseSparrow-png200-125e8603e1efe9d7a18316b94f06a65e.png","XAgCDwD8qpukuHiqtLZ9mImnmPFcDO4E",13662311481,"https://media.birdweather.com/soundscapes/6891/6891-20260628-160839.flac",0,3,"birdnetpi"
9201857121,6891,"2026-06-28T18:07:39.000+02:00",0.71,0.841241300106049,8.97109523701065,"almost_certain","2p4",NA,51.5698,6.0007,FALSE,1,"House Sparrow","Passer domesticus","#d16ff8","avian","https://media.birdweather.com/species/1/HouseSparrow-standard-b861184cf45c092cdb45fd689dd676ef.jpg","https://media.birdweather.com/species/1/HouseSparrow-thumbnail-e9cbc91763a1579de8ef04880678b5e3.jpg","https://media.birdweather.com/species/1/HouseSparrow-png200-125e8603e1efe9d7a18316b94f06a65e.png","XAgCDwD8qpukuHiqtLZ9mImnmPFcDO4E",13662282369,"https://media.birdweather.com/soundscapes/6891/6891-20260628-160739.flac",0,3,"birdnetpi"
9201843320,6891,"2026-06-28T18:07:06.000+02:00",0.72,0.841241300106049,9.00410888267396,"almost_certain","2p4",NA,51.5659,6.0055,FALSE,1,"House Sparrow","Passer domesticus","#d16ff8","avian","https://media.birdweather.com/species/1/HouseSparrow-standard-b861184cf45c092cdb45fd689dd676ef.jpg","https://media.birdweather.com/species/1/HouseSparrow-thumbnail-e9cbc91763a1579de8ef04880678b5e3.jpg","https://media.birdweather.com/species/1/HouseSparrow-png200-125e8603e1efe9d7a18316b94f06a65e.png","XAgCDwD8qpukuHiqtLZ9mImnmPFcDO4E",13662266482,"https://media.birdweather.com/soundscapes/6891/6891-20260628-160706.flac",0,3,"birdnetpi"
9201812254,6891,"2026-06-28T18:05:58.000+02:00",0.73,0.841241300106049,9.03634566412593,"almost_certain","2p4",NA,51.5617,6.0061,FALSE,1,"House Sparrow","Passer domesticus","#d16ff8","avian","https://media.birdweather.com/species/1/HouseSparrow-standard-b861184cf45c092cdb45fd689dd676ef.jpg","https://media.birdweather.com/species/1/HouseSparrow-thumbnail-e9cbc91763a1579de8ef04880678b5e3.jpg","https://media.birdweather.com/species/1/HouseSparrow-png200-125e8603e1efe9d7a18316b94f06a65e.png","XAgCDwD8qpukuHiqtLZ9mImnmPFcDO4E",13662230260,"https://media.birdweather.com/soundscapes/6891/6891-20260628-160558.flac",0,3,"birdnetpi"
9201749415,6891,"2026-06-28T18:03:28.000+02:00",0.72,0.841241300106049,9.00410888267396,"almost_certain","2p4",NA,51.5627,6.0067,FALSE,1,"House Sparrow","Passer domesticus","#d16ff8","avian","https://media.birdweather.com/species/1/HouseSparrow-standard-b861184cf45c092cdb45fd689dd676ef.jpg","https://media.birdweather.com/species/1/HouseSparrow-thumbnail-e9cbc91763a1579de8ef04880678b5e3.jpg","https://media.birdweather.com/species/1/HouseSparrow-png200-125e8603e1efe9d7a18316b94f06a65e.png","XAgCDwD8qpukuHiqtLZ9mImnmPFcDO4E",13662156101,"https://media.birdweather.com/soundscapes/6891/6891-20260628-160328.flac",0,3,"birdnetpi"
9201704486,6891,"2026-06-28T18:01:28.000+02:00",0.79,0.687099814414978,8.94161448156206,"almost_certain","2p4",NA,51.5623,6.0077,FALSE,89,"European Goldfinch","Carduelis carduelis","#65dba3","avian","https://media.birdweather.com/species/89/EuropeanGoldfinch-standard-5e709d6e7011b21fe905b6d27ce94b9d.jpg","https://media.birdweather.com/species/89/EuropeanGoldfinch-thumbnail-f99916cbaf5a2c3bd8f61890d18d73c1.jpg","https://media.birdweather.com/species/89/EuropeanGoldfinch-png200-ef3fc90c8328c40b59d9ad3c4b52e850.png","lPgJDwI+UJmHq2hji4dWiHiH2XQID5UC",13662102910,"https://media.birdweather.com/soundscapes/6891/6891-20260628-160128.flac",0,3,"birdnetpi"
9201661227,6891,"2026-06-28T17:59:43.000+02:00",0.82,0.841241300106049,9.29670540008231,"almost_certain","2p4",NA,51.5641,6.008,FALSE,1,"House Sparrow","Passer domesticus","#d16ff8","avian","https://media.birdweather.com/species/1/HouseSparrow-standard-b861184cf45c092cdb45fd689dd676ef.jpg","https://media.birdweather.com/species/1/HouseSparrow-thumbnail-e9cbc91763a1579de8ef04880678b5e3.jpg","https://media.birdweather.com/species/1/HouseSparrow-png200-125e8603e1efe9d7a18316b94f06a65e.png","XAgCDwD8qpukuHiqtLZ9mImnmPFcDO4E",13662052216,"https://media.birdweather.com/soundscapes/6891/6891-20260628-155943.flac",0,3,"birdnetpi"
9201654521,6891,"2026-06-28T17:59:27.000+02:00",0.75,0.841241300106049,9.09862911661109,"almost_certain","2p4",NA,51.5666,6.0064,FALSE,1,"House Sparrow","Passer domesticus","#d16ff8","avian","https://media.birdweather.com/species/1/HouseSparrow-standard-b861184cf45c092cdb45fd689dd676ef.jpg","https://media.birdweather.com/species/1/HouseSparrow-thumbnail-e9cbc91763a1579de8ef04880678b5e3.jpg","https://media.birdweather.com/species/1/HouseSparrow-png200-125e8603e1efe9d7a18316b94f06a65e.png","XAgCDwD8qpukuHiqtLZ9mImnmPFcDO4E",13662044247,"https://media.birdweather.com/soundscapes/6891/6891-20260628-155927.flac",0,3,"birdnetpi"
9201646438,6891,"2026-06-28T17:59:07.000+02:00",0.7,0.651233911514282,8.5912208185743,"almost_certain","2p4",NA,51.569,6.0043,FALSE,119,"Common House-Martin","Delichon urbicum","#53b1ff","avian","https://media.birdweather.com/species/119/CommonHouse-Martin-standard-9ffbcc688c51210fb136a162c84d82ad.jpg","https://media.birdweather.com/species/119/CommonHouse-Martin-thumbnail-dd7059ca6235347c3097e7a66f04df95.jpg","https://media.birdweather.com/species/119/CommonHouse-Martin-png200-a73a8953ce2af50676da81e70b2746b2.png","YhgKDwKJd4iIiHd/h5h5d4mIeQqVllAH",13662034682,"https://media.birdweather.com/soundscapes/6891/6891-20260628-155907.flac",0,3,"birdnetpi"
9201634599,6891,"2026-06-28T17:58:39.000+02:00",0.87,0.841241300106049,9.42248174255908,"almost_certain","2p4",NA,51.5622,6.004,FALSE,1,"House Sparrow","Passer domesticus","#d16ff8","avian","https://media.birdweather.com/species/1/HouseSparrow-standard-b861184cf45c092cdb45fd689dd676ef.jpg","https://media.birdweather.com/species/1/HouseSparrow-thumbnail-e9cbc91763a1579de8ef04880678b5e3.jpg","https://media.birdweather.com/species/1/HouseSparrow-png200-125e8603e1efe9d7a18316b94f06a65e.png","XAgCDwD8qpukuHiqtLZ9mImnmPFcDO4E",13662020944,"https://media.birdweather.com/soundscapes/6891/6891-20260628-155839.flac",0,3,"birdnetpi"
9201619812,6891,"2026-06-28T17:58:15.000+02:00",0.7,0.841241300106049,8.93726635776184,"almost_certain","2p4",NA,51.565,6.0011,FALSE,1,"House Sparrow","Passer domesticus","#d16ff8","avian","https://media.birdweather.com/species/1/HouseSparrow-standard-b861184cf45c092cdb45fd689dd676ef.jpg","https://media.birdweather.com/species/1/HouseSparrow-thumbnail-e9cbc91763a1579de8ef04880678b5e3.jpg","https://media.birdweather.com/species/1/HouseSparrow-png200-125e8603e1efe9d7a18316b94f06a65e.png","XAgCDwD8qpukuHiqtLZ9mImnmPFcDO4E",13662003523,"https://media.birdweather.com/soundscapes/6891/6891-20260628-155815.flac",0,3,"birdnetpi"
9201621408,6891,"2026-06-28T17:58:09.000+02:00",0.93,0.651233911514282,9.21355054159461,"almost_certain","2p4",NA,51.5691,6.0018,FALSE,119,"Common House-Martin","Delichon urbicum","#53b1ff","avian","https://media.birdweather.com/species/119/CommonHouse-Martin-standard-9ffbcc688c51210fb136a162c84d82ad.jpg","https://media.birdweather.com/species/119/CommonHouse-Martin-thumbnail-dd7059ca6235347c3097e7a66f04df95.jpg","https://media.birdweather.com/species/119/CommonHouse-Martin-png200-a73a8953ce2af50676da81e70b2746b2.png","YhgKDwKJd4iIiHd/h5h5d4mIeQqVllAH",13662005491,"https://media.birdweather.com/soundscapes/6891/6891-20260628-155809.flac",0,3,"birdnetpi"
9201607338,6891,"2026-06-28T17:57:33.000+02:00",0.83,0.841241300106049,9.32280142719216,"almost_certain","2p4",NA,51.564,6.0089,FALSE,1,"House Sparrow","Passer domesticus","#d16ff8","avian","https://media.birdweather.com/species/1/HouseSparrow-standard-b861184cf45c092cdb45fd689dd676ef.jpg","https://media.birdweather.com/species/1/HouseSparrow-thumbnail-e9cbc91763a1579de8ef04880678b5e3.jpg","https://media.birdweather.com/species/1/HouseSparrow-png200-125e8603e1efe9d7a18316b94f06a65e.png","XAgCDwD8qpukuHiqtLZ9mImnmPFcDO4E",13661988957,"https://media.birdweather.com/soundscapes/6891/6891-20260628-155733.flac",0,3,"birdnetpi"
9201597420,6891,"2026-06-28T17:57:09.000+02:00",0.97,0.651233911514282,9.29788485500383,"almost_certain","2p4",NA,51.566,6.0022,FALSE,119,"Common House-Martin","Delichon urbicum","#53b1ff","avian","https://media.birdweather.com/species/119/CommonHouse-Martin-standard-9ffbcc688c51210fb136a162c84d82ad.jpg","https://media.birdweather.com/species/119/CommonHouse-Martin-thumbnail-dd7059ca6235347c3097e7a66f04df95.jpg","https://media.birdweather.com/species/119/CommonHouse-Martin-png200-a73a8953ce2af50676da81e70b2746b2.png","YhgKDwKJd4iIiHd/h5h5d4mIeQqVllAH",13661977323,"https://media.birdweather.com/soundscapes/6891/6891-20260628-155709.flac",0,3,"birdnetpi"
9201591318,6891,"2026-06-28T17:56:54.000+02:00",0.88,0.841241300106049,9.44630843007434,"almost_certain","2p4",NA,51.57,6.001,FALSE,1,"House Sparrow","Passer domesticus","#d16ff8","avian","https://media.birdweather.com/species/1/HouseSparrow-standard-b861184cf45c092cdb45fd689dd676ef.jpg","https://media.birdweather.com/species/1/HouseSparrow-thumbnail-e9cbc91763a1579de8ef04880678b5e3.jpg","https://media.birdweather.com/species/1/HouseSparrow-png200-125e8603e1efe9d7a18316b94f06a65e.png","XAgCDwD8qpukuHiqtLZ9mImnmPFcDO4E",13661970105,"https://media.birdweather.com/soundscapes/6891/6891-20260628-155654.flac",0,3,"birdnetpi"
9201586454,6891,"2026-06-28T17:56:42.000+02:00",0.7,0.651233911514282,8.5912208185743,"almost_certain","2p4",NA,51.563,6.0014,FALSE,119,"Common House-Martin","Delichon urbicum","#53b1ff","avian","https://media.birdweather.com/species/119/CommonHouse-Martin-standard-9ffbcc688c51210fb136a162c84d82ad.jpg","https://media.birdweather.com/species/119/CommonHouse-Martin-thumbnail-dd7059ca6235347c3097e7a66f04df95.jpg","https://media.birdweather.com/species/119/CommonHouse-Martin-png200-a73a8953ce2af50676da81e70b2746b2.png","YhgKDwKJd4iIiHd/h5h5d4mIeQqVllAH",13661964311,"https://media.birdweather.com/soundscapes/6891/6891-20260628-155642.flac",0,3,"birdnetpi"
9201579052,6891,"2026-06-28T17:56:34.000+02:00",0.92,0.841241300106049,9.53767561313752,"almost_certain","2p4",NA,51.568,6.0015,FALSE,1,"House Sparrow","Passer domesticus","#d16ff8","avian","https://media.birdweather.com/species/1/HouseSparrow-standard-b861184cf45c092cdb45fd689dd676ef.jpg","https://media.birdweather.com/species/1/HouseSparrow-thumbnail-e9cbc91763a1579de8ef04880678b5e3.jpg","https://media.birdweather.com/species/1/HouseSparrow-png200-125e8603e1efe9d7a18316b94f06a65e.png","XAgCDwD8qpukuHiqtLZ9mImnmPFcDO4E",13661955507,"https://media.birdweather.com/soundscapes/6891/6891-20260628-155634.flac",0,3,"birdnetpi"
9201567976,6891,"2026-06-28T17:56:01.000+02:00",0.72,0.841241300106049,9.00410888267396,"almost_certain","2p4",NA,51.5642,6.0044,FALSE,1,"House Sparrow","Passer domesticus","#d16ff8","avian","https://media.birdweather.com/species/1/HouseSparrow-standard-b861184cf45c092cdb45fd689dd676ef.jpg","https://media.birdweather.com/species/1/HouseSparrow-thumbnail-e9cbc91763a1579de8ef04880678b5e3.jpg","https://media.birdweather.com/species/1/HouseSparrow-png200-125e8603e1efe9d7a18316b94f06a65e.png","XAgCDwD8qpukuHiqtLZ9mImnmPFcDO4E",13661942392,"https://media.birdweather.com/soundscapes/6891/6891-20260628-155601.flac",0,3,"birdnetpi"
9201553174,6891,"2026-06-28T17:55:27.000+02:00",0.83,0.841241300106049,9.32280142719216,"almost_certain","2p4",NA,51.5629,6.0041,FALSE,1,"House Sparrow","Passer domesticus","#d16ff8","avian","https://media.birdweather.com/species/1/HouseSparrow-standard-b861184cf45c092cdb45fd689dd676ef.jpg","https://media.birdweather.com/species/1/HouseSparrow-thumbnail-e9cbc91763a1579de8ef04880678b5e3.jpg","https://media.birdweather.com/species/1/HouseSparrow-png200-125e8603e1efe9d7a18316b94f06a65e.png","XAgCDwD8qpukuHiqtLZ9mImnmPFcDO4E",13661924994,"https://media.birdweather.com/soundscapes/6891/6891-20260628-155527.flac",0,3,"birdnetpi"
9201542155,6891,"2026-06-28T17:54:54.000+02:00",0.71,0.841241300106049,8.97109523701065,"almost_certain","2p4",NA,51.5651,6.0033,FALSE,1,"House Sparrow","Passer domesticus","#d16ff8","avian","https://media.birdweather.com/species/1/HouseSparrow-standard-b861184cf45c092cdb45fd689dd676ef.jpg","https://media.birdweather.com/species/1/HouseSparrow-thumbnail-e9cbc91763a1579de8ef04880678b5e3.jpg","https://media.birdweather.com/species/1/HouseSparrow-png200-125e8603e1efe9d7a18316b94f06a65e.png","XAgCDwD8qpukuHiqtLZ9mImnmPFcDO4E",13661911938,"https://media.birdweather.com/soundscapes/6891/6891-20260628-155454.flac",0,3,"birdnetpi"
9201528659,6891,"2026-06-28T17:54:28.000+02:00",0.77,0.841241300106049,9.15820371996853,"almost_certain","2p4",NA,51.5667,6.0017,FALSE,1,"House Sparrow","Passer domesticus","#d16ff8","avian","https://media.birdweather.com/species/1/HouseSparrow-standard-b861184cf45c092cdb45fd689dd676ef.jpg","https://media.birdweather.com/species/1/HouseSparrow-thumbnail-e9cbc91763a1579de8ef04880678b5e3.jpg","https://media.birdweather.com/species/1/HouseSparrow-png200-125e8603e1efe9d7a18316b94f06a65e.png","XAgCDwD8qpukuHiqtLZ9mImnmPFcDO4E",13661896369,"https://media.birdweather.com/soundscapes/6891/6891-20260628-155428.flac",0,3,"birdnetpi"
9201517448,6891,"2026-06-28T17:53:55.000+02:00",0.89,0.841241300106049,9.46972780377659,"almost_certain","2p4",NA,51.5703,6.003,FALSE,1,"House Sparrow","Passer domesticus","#d16ff8","avian","https://media.birdweather.com/species/1/HouseSparrow-standard-b861184cf45c092cdb45fd689dd676ef.jpg","https://media.birdweather.com/species/1/HouseSparrow-thumbnail-e9cbc91763a1579de8ef04880678b5e3.jpg","https://media.birdweather.com/species/1/HouseSparrow-png200-125e8603e1efe9d7a18316b94f06a65e.png","XAgCDwD8qpukuHiqtLZ9mImnmPFcDO4E",13661883354,"https://media.birdweather.com/soundscapes/6891/6891-20260628-155355.flac",0,3,"birdnetpi"
9201516570,6891,"2026-06-28T17:53:52.000+02:00",0.81,0.584394454956055,8.77806373483097,"almost_certain","2p4",NA,51.5662,6.0023,FALSE,201,"Graylag Goose","Anser anser","#844800","avian","https://media.birdweather.com/species/201/GraylagGoose-standard-5235ddd797e4ea12096e170348c7ba78.jpg","https://media.birdweather.com/species/201/GraylagGoose-thumbnail-dcbb525def2966bd14949956147c5dba.jpg","https://media.birdweather.com/species/201/GraylagGoose-png200-40b0bbf2cd8e268c481e679711a36bb6.png","GtkFHwTASHhwaYe4ZomGWWSKiJ74ZlQA",13661882382,"https://media.birdweather.com/soundscapes/6891/6891-20260628-155352.flac",0,3,"birdnetpi"
9201506265,6891,"2026-06-28T17:53:40.000+02:00",0.9,0.841241300106049,9.49275355587003,"almost_certain","2p4",NA,51.5675,6.0007,FALSE,1,"House Sparrow","Passer domesticus","#d16ff8","avian","https://media.birdweather.com/species/1/HouseSparrow-standard-b861184cf45c092cdb45fd689dd676ef.jpg","https://media.birdweather.com/species/1/HouseSparrow-thumbnail-e9cbc91763a1579de8ef04880678b5e3.jpg","https://media.birdweather.com/species/1/HouseSparrow-png200-125e8603e1efe9d7a18316b94f06a65e.png","XAgCDwD8qpukuHiqtLZ9mImnmPFcDO4E",13661870291,"https://media.birdweather.com/soundscapes/6891/6891-20260628-155340.flac",0,3,"birdnetpi"
9201499813,6891,"2026-06-28T17:53:25.000+02:00",0.85,0.841241300106049,9.37354796939423,"almost_certain","2p4",NA,51.5673,6.0028,FALSE,1,"House Sparrow","Passer domesticus","#d16ff8","avian","https://media.birdweather.com/species/1/HouseSparrow-standard-b861184cf45c092cdb45fd689dd676ef.jpg","https://media.birdweather.com/species/1/HouseSparrow-thumbnail-e9cbc91763a1579de8ef04880678b5e3.jpg","https://media.birdweather.com/species/1/HouseSparrow-png200-125e8603e1efe9d7a18316b94f06a65e.png","XAgCDwD8qpukuHiqtLZ9mImnmPFcDO4E",13661863012,"https://media.birdweather.com/soundscapes/6891/6891-20260628-155325.flac",0,3,"birdnetpi"
9201469856,6891,"2026-06-28T17:52:00.000+02:00",0.74,0.841241300106049,9.06784130409377,"almost_certain","2p4",NA,51.5679,6.0082,FALSE,1,"House Sparrow","Passer domesticus","#d16ff8","avian","https://media.birdweather.com/species/1/HouseSparrow-standard-b861184cf45c092cdb45fd689dd676ef.jpg","https://media.birdweather.com/species/1/HouseSparrow-thumbnail-e9cbc91763a1579de8ef04880678b5e3.jpg","https://media.birdweather.com/species/1/HouseSparrow-png200-125e8603e1efe9d7a18316b94f06a65e.png","XAgCDwD8qpukuHiqtLZ9mImnmPFcDO4E",13661827499,"https://media.birdweather.com/soundscapes/6891/6891-20260628-155200.flac",0,3,"birdnetpi"
9201447818,6891,"2026-06-28T17:51:06.000+02:00",0.71,0.841241300106049,8.97109523701065,"almost_certain","2p4",NA,51.5616,6.0093,FALSE,1,"House Sparrow","Passer domesticus","#d16ff8","avian","https://media.birdweather.com/species/1/HouseSparrow-standard-b861184cf45c092cdb45fd689dd676ef.jpg","https://media.birdweather.com/species/1/HouseSparrow-thumbnail-e9cbc91763a1579de8ef04880678b5e3.jpg","https://media.birdweather.com/species/1/HouseSparrow-png200-125e8603e1efe9d7a18316b94f06a65e.png","XAgCDwD8qpukuHiqtLZ9mImnmPFcDO4E",13661801335,"https://media.birdweather.com/soundscapes/6891/6891-20260628-155106.flac",0,3,"birdnetpi"
9201431600,6891,"2026-06-28T17:50:27.000+02:00",0.95,0.938615620136261,9.75079408367804,"almost_certain","2p4",NA,51.5658,6.0093,FALSE,397,"Barn Swallow","Hirundo rustica","#c85500","avian","https://media.birdweather.com/species/397/BarnSwallow-standard-66c9cb8916403efe633a420fe54e3bc6.jpg","https://media.birdweather.com/species/397/BarnSwallow-thumbnail-418cddeb212e9e1ce5d35f61a3040433.jpg","https://media.birdweather.com/species/397/BarnSwallow-png200-317c812ebfcec488fad1824feff99dbc.png","IAgKHwKLhnmThXdPl1i3p3ll51f4jngP",13661782436,"https://media.birdweather.com/soundscapes/6891/6891-20260628-155027.flac",0,3,"birdnetpi"
9201421931,6891,"2026-06-28T17:50:15.000+02:00",0.89,0.841241300106049,9.46972780377659,"almost_certain","2p4",NA,51.5665,6.0008,FALSE,1,"House Sparrow","Passer domesticus","#d16ff8","avian","https://media.birdweather.com/species/1/HouseSparrow-standard-b861184cf45c092cdb45fd689dd676ef.jpg","https://media.birdweather.com/species/1/HouseSparrow-thumbnail-e9cbc91763a1579de8ef04880678b5e3.jpg","https://media.birdweather.com/species/1/HouseSparrow-png200-125e8603e1efe9d7a18316b94f06a65e.png","XAgCDwD8qpukuHiqtLZ9mImnmPFcDO4E",13661771199,"https://media.birdweather.com/soundscapes/6891/6891-20260628-155015.flac",0,3,"birdnetpi"
9201395699,6891,"2026-06-28T17:49:04.000+02:00",0.83,0.841241300106049,9.32280142719216,"almost_certain","2p4",NA,51.5648,6.0085,FALSE,1,"House Sparrow","Passer domesticus","#d16ff8","avian","https://media.birdweather.com/species/1/HouseSparrow-standard-b861184cf45c092cdb45fd689dd676ef.jpg","https://media.birdweather.com/species/1/HouseSparrow-thumbnail-e9cbc91763a1579de8ef04880678b5e3.jpg","https://media.birdweather.com/species/1/HouseSparrow-png200-125e8603e1efe9d7a18316b94f06a65e.png","XAgCDwD8qpukuHiqtLZ9mImnmPFcDO4E",13661740659,"https://media.birdweather.com/soundscapes/6891/6891-20260628-154904.flac",0,3,"birdnetpi"
9201384539,6891,"2026-06-28T17:48:34.000+02:00",0.74,0.841241300106049,9.06784130409377,"almost_certain","2p4",NA,51.5682,6.0008,FALSE,1,"House Sparrow","Passer domesticus","#d16ff8","avian","https://media.birdweather.com/species/1/HouseSparrow-standard-b861184cf45c092cdb45fd689dd676ef.jpg","https://media.birdweather.com/species/1/HouseSparrow-thumbnail-e9cbc91763a1579de8ef04880678b5e3.jpg","https://media.birdweather.com/species/1/HouseSparrow-png200-125e8603e1efe9d7a18316b94f06a65e.png","XAgCDwD8qpukuHiqtLZ9mImnmPFcDO4E",13661727148,"https://media.birdweather.com/soundscapes/6891/6891-20260628-154834.flac",0,3,"birdnetpi"
9201344400,6891,"2026-06-28T17:47:00.000+02:00",0.76,0.841241300106049,9.12874021881581,"almost_certain","2p4",NA,51.5653,6.0035,FALSE,1,"House Sparrow","Passer domesticus","#d16ff8","avian","https://media.birdweather.com/species/1/HouseSparrow-standard-b861184cf45c092cdb45fd689dd676ef.jpg","https://media.birdweather.com/species/1/HouseSparrow-thumbnail-e9cbc91763a1579de8ef04880678b5e3.jpg","https://media.birdweather.com/species/1/HouseSparrow-png200-125e8603e1efe9d7a18316b94f06a65e.png","XAgCDwD8qpukuHiqtLZ9mImnmPFcDO4E",13661680389,"https://media.birdweather.com/soundscapes/6891/6891-20260628-154700.flac",0,3,"birdnetpi"
9201322424,6891,"2026-06-28T17:46:16.000+02:00",0.79,0.841241300106049,9.21529531403731,"almost_certain","2p4",NA,51.5684,6.0038,FALSE,1,"House Sparrow","Passer domesticus","#d16ff8","avian","https://media.birdweather.com/species/1/HouseSparrow-standard-b861184cf45c092cdb45fd689dd676ef.jpg","https://media.birdweather.com/species/1/HouseSparrow-thumbnail-e9cbc91763a1579de8ef04880678b5e3.jpg","https://media.birdweather.com/species/1/HouseSparrow-png200-125e8603e1efe9d7a18316b94f06a65e.png","XAgCDwD8qpukuHiqtLZ9mImnmPFcDO4E",13661654523,"https://media.birdweather.com/soundscapes/6891/6891-20260628-154616.flac",0,3,"birdnetpi"
9201315099,6891,"2026-06-28T17:45:48.000+02:00",0.86,0.841241300106049,9.3982333219329,"almost_certain","2p4",NA,51.5658,6.0058,FALSE,1,"House Sparrow","Passer domesticus","#d16ff8","avian","https://media.birdweather.com/species/1/HouseSparrow-standard-b861184cf45c092cdb45fd689dd676ef.jpg","https://media.birdweather.com/species/1/HouseSparrow-thumbnail-e9cbc91763a1579de8ef04880678b5e3.jpg","https://media.birdweather.com/species/1/HouseSparrow-png200-125e8603e1efe9d7a18316b94f06a65e.png","XAgCDwD8qpukuHiqtLZ9mImnmPFcDO4E",13661645900,"https://media.birdweather.com/soundscapes/6891/6891-20260628-154548.flac",0,3,"birdnetpi"
9201299895,6891,"2026-06-28T17:45:10.000+02:00",0.81,0.841241300106049,9.27010262245808,"almost_certain","2p4",NA,51.5631,6.0021,FALSE,1,"House Sparrow","Passer domesticus","#d16ff8","avian","https://media.birdweather.com/species/1/HouseSparrow-standard-b861184cf45c092cdb45fd689dd676ef.jpg","https://media.birdweather.com/species/1/HouseSparrow-thumbnail-e9cbc91763a1579de8ef04880678b5e3.jpg","https://media.birdweather.com/species/1/HouseSparrow-png200-125e8603e1efe9d7a18316b94f06a65e.png","XAgCDwD8qpukuHiqtLZ9mImnmPFcDO4E",13661628266,"https://media.birdweather.com/soundscapes/6891/6891-20260628-154510.flac",0,3,"birdnetpi"
9201289240,6891,"2026-06-28T17:44:45.000+02:00",0.87,0.841241300106049,9.42248174255908,"almost_certain","2p4",NA,51.5662,6.0092,FALSE,1,"House Sparrow","Passer domesticus","#d16ff8","avian","https://media.birdweather.com/species/1/HouseSparrow-standard-b861184cf45c092cdb45fd689dd676ef.jpg","https://media.birdweather.com/species/1/HouseSparrow-thumbnail-e9cbc91763a1579de8ef04880678b5e3.jpg","https://media.birdweather.com/species/1/HouseSparrow-png200-125e8603e1efe9d7a18316b94f06a65e.png","XAgCDwD8qpukuHiqtLZ9mImnmPFcDO4E",13661615336,"https://media.birdweather.com/soundscapes/6891/6891-20260628-154445.flac",0,3,"birdnetpi"
9201239226,6891,"2026-06-28T17:42:43.000+02:00",0.96,0.302056699991226,8.24851879493384,"almost_certain","2p4",NA,51.5651,6.0011,FALSE,2,"Short-toed Treecreeper","Certhia brachydactyla","#66dd57","avian","https://media.birdweather.com/species/2/Short-toedTreecreeper-standard-7bbb76fb215629d251262575c97eb338.jpg","https://media.birdweather.com/species/2/Short-toedTreecreeper-thumbnail-fab8f3fcc7962cfbf3bdbde5dc2a415d.jpg","https://media.birdweather.com/species/2/Short-toedTreecreeper-png200-9ed36805c2a6923b35a860f2814cdd8c.png","IRkGHwS/1aqJXad3ialWmph5+Yx4z3gI",13661557033,"https://media.birdweather.com/soundscapes/6891/6891-20260628-154243.flac",0,3,"birdnetpi"
9201207418,6891,"2026-06-28T17:41:33.000+02:00",0.92,0.841241300106049,9.53767561313752,"almost_certain","2p4",NA,51.5677,6.0064,FALSE,1,"House Sparrow","Passer domesticus","#d16ff8","avian","https://media.birdweather.com/species/1/HouseSparrow-standard-b861184cf45c092cdb45fd689dd676ef.jpg","https://media.birdweather.com/species/1/HouseSparrow-thumbnail-e9cbc91763a1579de8ef04880678b5e3.jpg","https://media.birdweather.com/species/1/HouseSparrow-png200-125e8603e1efe9d7a18316b94f06a65e.png","XAgCDwD8qpukuHiqtLZ9mImnmPFcDO4E",13661520072,"https://media.birdweather.com/soundscapes/6891/6891-20260628-154133.flac",0,3,"birdnetpi"
9201198840,6891,"2026-06-28T17:41:06.000+02:00",0.75,0.651233911514282,8.75258357742355,"almost_certain","2p4",NA,51.5676,6.0056,FALSE,119,"Common House-Martin","Delichon urbicum","#53b1ff","avian","https://media.birdweather.com/species/119/CommonHouse-Martin-standard-9ffbcc688c51210fb136a162c84d82ad.jpg","https://media.birdweather.com/species/119/CommonHouse-Martin-thumbnail-dd7059ca6235347c3097e7a66f04df95.jpg","https://media.birdweather.com/species/119/CommonHouse-Martin-png200-a73a8953ce2af50676da81e70b2746b2.png","YhgKDwKJd4iIiHd/h5h5d4mIeQqVllAH",13661510011,"https://media.birdweather.com/soundscapes/6891/6891-20260628-154106.flac",0,3,"birdnetpi"
9201180388,6891,"2026-06-28T17:40:22.000+02:00",0.77,0.841241300106049,9.15820371996853,"almost_certain","2p4",NA,51.567,6.0042,FALSE,1,"House Sparrow","Passer domesticus","#d16ff8","avian","https://media.birdweather.com/species/1/HouseSparrow-standard-b861184cf45c092cdb45fd689dd676ef.jpg","https://media.birdweather.com/species/1/HouseSparrow-thumbnail-e9cbc91763a1579de8ef04880678b5e3.jpg","https://media.birdweather.com/species/1/HouseSparrow-png200-125e8603e1efe9d7a18316b94f06a65e.png","XAgCDwD8qpukuHiqtLZ9mImnmPFcDO4E",13661488658,"https://media.birdweather.com/soundscapes/6891/6891-20260628-154022.flac",0,3,"birdnetpi"
9201173467,6891,"2026-06-28T17:40:06.000+02:00",0.75,0.841241300106049,9.09862911661109,"almost_certain","2p4",NA,51.5671,6.0029,FALSE,1,"House Sparrow","Passer domesticus","#d16ff8","avian","https://media.birdweather.com/species/1/HouseSparrow-standard-b861184cf45c092cdb45fd689dd676ef.jpg","https://media.birdweather.com/species/1/HouseSparrow-thumbnail-e9cbc91763a1579de8ef04880678b5e3.jpg","https://media.birdweather.com/species/1/HouseSparrow-png200-125e8603e1efe9d7a18316b94f06a65e.png","XAgCDwD8qpukuHiqtLZ9mImnmPFcDO4E",13661480890,"https://media.birdweather.com/soundscapes/6891/6891-20260628-154006.flac",0,3,"birdnetpi"
9201170343,6891,"2026-06-28T17:39:58.000+02:00",0.96,0.651233911514282,9.27728296301441,"almost_certain","2p4",NA,51.5669,6.0049,FALSE,119,"Common House-Martin","Delichon urbicum","#53b1ff","avian","https://media.birdweather.com/species/119/CommonHouse-Martin-standard-9ffbcc688c51210fb136a162c84d82ad.jpg","https://media.birdweather.com/species/119/CommonHouse-Martin-thumbnail-dd7059ca6235347c3097e7a66f04df95.jpg","https://media.birdweather.com/species/119/CommonHouse-Martin-png200-a73a8953ce2af50676da81e70b2746b2.png","YhgKDwKJd4iIiHd/h5h5d4mIeQqVllAH",13661477135,"https://media.birdweather.com/soundscapes/6891/6891-20260628-153958.flac",0,3,"birdnetpi"
9201165171,6891,"2026-06-28T17:39:46.000+02:00",0.72,0.96339750289917,9.18782162853005,"almost_certain","2p4",NA,51.5695,6.0005,FALSE,25,"Common Chaffinch","Fringilla coelebs","#fb7eff","avian","https://media.birdweather.com/species/25/CommonChaffinch-standard-d8edb223d1ec828ee0cda788e8f5f209.jpg","https://media.birdweather.com/species/25/CommonChaffinch-thumbnail-7ba0a46bb0cd7efdb3215242f9528140.jpg","https://media.birdweather.com/species/25/CommonChaffinch-png200-ced617224ab07c316109e2d0e9078f2e.png","WfgJDwKGhIbAbHimmnhluHh2tv25ZoAD",13661471356,"https://media.birdweather.com/soundscapes/6891/6891-20260628-153946.flac",0,3,"birdnetpi"
9201118508,6891,"2026-06-28T17:37:55.000+02:00",0.96,0.96339750289917,9.80704124805804,"almost_certain","2p4",NA,51.5654,6.0041,FALSE,25,"Common Chaffinch","Fringilla coelebs","#fb7eff","avian","https://media.birdweather.com/species/25/CommonChaffinch-standard-d8edb223d1ec828ee0cda788e8f5f209.jpg","https://media.birdweather.com/species/25/CommonChaffinch-thumbnail-7ba0a46bb0cd7efdb3215242f9528140.jpg","https://media.birdweather.com/species/25/CommonChaffinch-png200-ced617224ab07c316109e2d0e9078f2e.png","WfgJDwKGhIbAbHimmnhluHh2tv25ZoAD",13661416877,"https://media.birdweather.com/soundscapes/6891/6891-20260628-153755.flac",0,3,"birdnetpi"
9201111574,6891,"2026-06-28T17:37:37.000+02:00",0.82,0.96339750289917,9.48041814593839,"almost_certain","2p4",NA,51.5704,6.0019,FALSE,25,"Common Chaffinch","Fringilla coelebs","#fb7eff","avian","https://media.birdweather.com/species/25/CommonChaffinch-standard-d8edb223d1ec828ee0cda788e8f5f209.jpg","https://media.birdweather.com/species/25/CommonChaffinch-thumbnail-7ba0a46bb0cd7efdb3215242f9528140.jpg","https://media.birdweather.com/species/25/CommonChaffinch-png200-ced617224ab07c316109e2d0e9078f2e.png","WfgJDwKGhIbAbHimmnhluHh2tv25ZoAD",13661408824,"https://media.birdweather.com/soundscapes/6891/6891-20260628-153737.flac",0,3,"birdnetpi"
9201102450,6891,"2026-06-28T17:37:16.000+02:00",0.94,0.96339750289917,9.76488407568458,"almost_certain","2p4",NA,51.564,6.0051,FALSE,25,"Common Chaffinch","Fringilla coelebs","#fb7eff","avian","https://media.birdweather.com/species/25/CommonChaffinch-standard-d8edb223d1ec828ee0cda788e8f5f209.jpg","https://media.birdweather.com/species/25/CommonChaffinch-thumbnail-7ba0a46bb0cd7efdb3215242f9528140.jpg","https://media.birdweather.com/species/25/CommonChaffinch-png200-ced617224ab07c316109e2d0e9078f2e.png","WfgJDwKGhIbAbHimmnhluHh2tv25ZoAD",13661398530,"https://media.birdweather.com/soundscapes/6891/6891-20260628-153716.flac",0,3,"birdnetpi"
9201095978,6891,"2026-06-28T17:37:01.000+02:00",0.86,0.96339750289917,9.58194606778899,"almost_certain","2p4",NA,51.5636,6.0077,FALSE,25,"Common Chaffinch","Fringilla coelebs","#fb7eff","avian","https://media.birdweather.com/species/25/CommonChaffinch-standard-d8edb223d1ec828ee0cda788e8f5f209.jpg","https://media.birdweather.com/species/25/CommonChaffinch-thumbnail-7ba0a46bb0cd7efdb3215242f9528140.jpg","https://media.birdweather.com/species/25/CommonChaffinch-png200-ced617224ab07c316109e2d0e9078f2e.png","WfgJDwKGhIbAbHimmnhluHh2tv25ZoAD",13661390950,"https://media.birdweather.com/soundscapes/6891/6891-20260628-153701.flac",0,3,"birdnetpi"
9201037995,6891,"2026-06-28T17:34:42.000+02:00",0.74,0.841241300106049,9.06784130409377,"almost_certain","2p4",NA,51.5621,6.0061,FALSE,1,"House Sparrow","Passer domesticus","#d16ff8","avian","https://media.birdweather.com/species/1/HouseSparrow-standard-b861184cf45c092cdb45fd689dd676ef.jpg","https://media.birdweather.com/species/1/HouseSparrow-thumbnail-e9cbc91763a1579de8ef04880678b5e3.jpg","https://media.birdweather.com/species/1/HouseSparrow-png200-125e8603e1efe9d7a18316b94f06a65e.png","XAgCDwD8qpukuHiqtLZ9mImnmPFcDO4E",13661324197,"https://media.birdweather.com/soundscapes/6891/6891-20260628-153442.flac",0,3,"birdnetpi"
9201018144,6891,"2026-06-28T17:33:54.000+02:00",0.75,0.841241300106049,9.09862911661109,"almost_certain","2p4",NA,51.5687,6.0058,FALSE,1,"House Sparrow","Passer domesticus","#d16ff8","avian","https://media.birdweather.com/species/1/HouseSparrow-standard-b861184cf45c092cdb45fd689dd676ef.jpg","https://media.birdweather.com/species/1/HouseSparrow-thumbnail-e9cbc91763a1579de8ef04880678b5e3.jpg","https://media.birdweather.com/species/1/HouseSparrow-png200-125e8603e1efe9d7a18316b94f06a65e.png","XAgCDwD8qpukuHiqtLZ9mImnmPFcDO4E",13661301132,"https://media.birdweather.com/soundscapes/6891/6891-20260628-153354.flac",0,3,"birdnetpi"
9200977751,6891,"2026-06-28T17:32:27.000+02:00",0.87,0.841241300106049,9.42248174255908,"almost_certain","2p4",NA,51.5688,6.0081,FALSE,1,"House Sparrow","Passer domesticus","#d16ff8","avian","https://media.birdweather.com/species/1/HouseSparrow-standard-b861184cf45c092cdb45fd689dd676ef.jpg","https://media.birdweather.com/species/1/HouseSparrow-thumbnail-e9cbc91763a1579de8ef04880678b5e3.jpg","https://media.birdweather.com/species/1/HouseSparrow-png200-125e8603e1efe9d7a18316b94f06a65e.png","XAgCDwD8qpukuHiqtLZ9mImnmPFcDO4E",13661254693,"https://media.birdweather.com/soundscapes/6891/6891-20260628-153227.flac",0,3,"birdnetpi"
9200964341,6891,"2026-06-28T17:31:54.000+02:00",0.71,0.841241300106049,8.97109523701065,"almost_certain","2p4",NA,51.5645,6.003,FALSE,1,"House Sparrow","Passer domesticus","#d16ff8","avian","https://media.birdweather.com/species/1/HouseSparrow-standard-b861184cf45c092cdb45fd689dd676ef.jpg","https://media.birdweather.com/species/1/HouseSparrow-thumbnail-e9cbc91763a1579de8ef04880678b5e3.jpg","https://media.birdweather.com/species/1/HouseSparrow-png200-125e8603e1efe9d7a18316b94f06a65e.png","XAgCDwD8qpukuHiqtLZ9mImnmPFcDO4E",13661239341,"https://media.birdweather.com/soundscapes/6891/6891-20260628-153154.flac",0,3,"birdnetpi"
9200916697,6891,"2026-06-28T17:29:51.000+02:00",0.79,0.841241300106049,9.21529531403731,"almost_certain","2p4",NA,51.5681,6.0079,FALSE,1,"House Sparrow","Passer domesticus","#d16ff8","avian","https://media.birdweather.com/species/1/HouseSparrow-standard-b861184cf45c092cdb45fd689dd676ef.jpg","https://media.birdweather.com/species/1/HouseSparrow-thumbnail-e9cbc91763a1579de8ef04880678b5e3.jpg","https://media.birdweather.com/species/1/HouseSparrow-png200-125e8603e1efe9d7a18316b94f06a65e.png","XAgCDwD8qpukuHiqtLZ9mImnmPFcDO4E",13661183564,"https://media.birdweather.com/soundscapes/6891/6891-20260628-152951.flac",0,3,"birdnetpi"
9200905518,6891,"2026-06-28T17:29:24.000+02:00",0.75,0.841241300106049,9.09862911661109,"almost_certain","2p4",NA,51.5658,6.0036,FALSE,1,"House Sparrow","Passer domesticus","#d16ff8","avian","https://media.birdweather.com/species/1/HouseSparrow-standard-b861184cf45c092cdb45fd689dd676ef.jpg","https://media.birdweather.com/species/1/HouseSparrow-thumbnail-e9cbc91763a1579de8ef04880678b5e3.jpg","https://media.birdweather.com/species/1/HouseSparrow-png200-125e8603e1efe9d7a18316b94f06a65e.png","XAgCDwD8qpukuHiqtLZ9mImnmPFcDO4E",13661170456,"https://media.birdweather.com/soundscapes/6891/6891-20260628-152924.flac",0,3,"birdnetpi"
9200891780,6891,"2026-06-28T17:28:53.000+02:00",0.81,0.841241300106049,9.27010262245808,"almost_certain","2p4",NA,51.5615,6.0018,FALSE,1,"House Sparrow","Passer domesticus","#d16ff8","avian","https://media.birdweather.com/species/1/HouseSparrow-standard-b861184cf45c092cdb45fd689dd676ef.jpg","https://media.birdweather.com/species/1/HouseSparrow-thumbnail-e9cbc91763a1579de8ef04880678b5e3.jpg","https://media.birdweather.com/species/1/HouseSparrow-png200-125e8603e1efe9d7a18316b94f06a65e.png","XAgCDwD8qpukuHiqtLZ9mImnmPFcDO4E",13661154608,"https://media.birdweather.com/soundscapes/6891/6891-20260628-152853.flac",0,3,"birdnetpi"
9200878407,6891,"2026-06-28T17:28:19.000+02:00",0.78,0.651233911514282,8.84100135138202,"almost_certain","2p4",NA,51.5642,6.0011,FALSE,119,"Common House-Martin","Delichon urbicum","#53b1ff","avian","https://media.birdweather.com/species/119/CommonHouse-Martin-standard-9ffbcc688c51210fb136a162c84d82ad.jpg","https://media.birdweather.com/species/119/CommonHouse-Martin-thumbnail-dd7059ca6235347c3097e7a66f04df95.jpg","https://media.birdweather.com/species/119/CommonHouse-Martin-png200-a73a8953ce2af50676da81e70b2746b2.png","YhgKDwKJd4iIiHd/h5h5d4mIeQqVllAH",13661139114,"https://media.birdweather.com/soundscapes/6891/6891-20260628-152819.flac",0,3,"birdnetpi"
9200856011,6891,"2026-06-28T17:27:34.000+02:00",0.83,0.841241300106049,9.32280142719216,"almost_certain","2p4",NA,51.5658,6.0029,FALSE,1,"House Sparrow","Passer domesticus","#d16ff8","avian","https://media.birdweather.com/species/1/HouseSparrow-standard-b861184cf45c092cdb45fd689dd676ef.jpg","https://media.birdweather.com/species/1/HouseSparrow-thumbnail-e9cbc91763a1579de8ef04880678b5e3.jpg","https://media.birdweather.com/species/1/HouseSparrow-png200-125e8603e1efe9d7a18316b94f06a65e.png","XAgCDwD8qpukuHiqtLZ9mImnmPFcDO4E",13661112940,"https://media.birdweather.com/soundscapes/6891/6891-20260628-152734.flac",0,3,"birdnetpi"
9200847018,6891,"2026-06-28T17:27:06.000+02:00",0.73,0.841241300106049,9.03634566412593,"almost_certain","2p4",NA,51.562,6.0022,FALSE,1,"House Sparrow","Passer domesticus","#d16ff8","avian","https://media.birdweather.com/species/1/HouseSparrow-standard-b861184cf45c092cdb45fd689dd676ef.jpg","https://media.birdweather.com/species/1/HouseSparrow-thumbnail-e9cbc91763a1579de8ef04880678b5e3.jpg","https://media.birdweather.com/species/1/HouseSparrow-png200-125e8603e1efe9d7a18316b94f06a65e.png","XAgCDwD8qpukuHiqtLZ9mImnmPFcDO4E",13661102810,"https://media.birdweather.com/soundscapes/6891/6891-20260628-152706.flac",0,3,"birdnetpi"
9200840311,6891,"2026-06-28T17:26:48.000+02:00",0.92,0.841241300106049,9.53767561313752,"almost_certain","2p4",NA,51.5617,6.0057,FALSE,1,"House Sparrow","Passer domesticus","#d16ff8","avian","https://media.birdweather.com/species/1/HouseSparrow-standard-b861184cf45c092cdb45fd689dd676ef.jpg","https://media.birdweather.com/species/1/HouseSparrow-thumbnail-e9cbc91763a1579de8ef04880678b5e3.jpg","https://media.birdweather.com/species/1/HouseSparrow-png200-125e8603e1efe9d7a18316b94f06a65e.png","XAgCDwD8qpukuHiqtLZ9mImnmPFcDO4E",13661095012,"https://media.birdweather.com/soundscapes/6891/6891-20260628-152648.flac",0,3,"birdnetpi"
9200829091,6891,"2026-06-28T17:26:24.000+02:00",0.83,0.841241300106049,9.32280142719216,"almost_certain","2p4",NA,51.5691,6.0043,FALSE,1,"House Sparrow","Passer domesticus","#d16ff8","avian","https://media.birdweather.com/species/1/HouseSparrow-standard-b861184cf45c092cdb45fd689dd676ef.jpg","https://media.birdweather.com/species/1/HouseSparrow-thumbnail-e9cbc91763a1579de8ef04880678b5e3.jpg","https://media.birdweather.com/species/1/HouseSparrow-png200-125e8603e1efe9d7a18316b94f06a65e.png","XAgCDwD8qpukuHiqtLZ9mImnmPFcDO4E",13661081968,"https://media.birdweather.com/soundscapes/6891/6891-20260628-152624.flac",0,3,"birdnetpi"
9200822759,6891,"2026-06-28T17:26:16.000+02:00",0.79,0.841241300106049,9.21529531403731,"almost_certain","2p4",NA,51.5619,6.0083,FALSE,1,"House Sparrow","Passer domesticus","#d16ff8","avian","https://media.birdweather.com/species/1/HouseSparrow-standard-b861184cf45c092cdb45fd689dd676ef.jpg","https://media.birdweather.com/species/1/HouseSparrow-thumbnail-e9cbc91763a1579de8ef04880678b5e3.jpg","https://media.birdweather.com/species/1/HouseSparrow-png200-125e8603e1efe9d7a18316b94f06a65e.png","XAgCDwD8qpukuHiqtLZ9mImnmPFcDO4E",13661074686,"https://media.birdweather.com/soundscapes/6891/6891-20260628-152616.flac",0,3,"birdnetpi"
9200810734,6891,"2026-06-28T17:25:40.000+02:00",0.88,0.841241300106049,9.44630843007434,"almost_certain","2p4",NA,51.5668,6.0079,FALSE,1,"House Sparrow","Passer domesticus","#d16ff8","avian","https://media.birdweather.com/species/1/HouseSparrow-standard-b861184cf45c092cdb45fd689dd676ef.jpg","https://media.birdweather.com/species/1/HouseSparrow-thumbnail-e9cbc91763a1579de8ef04880678b5e3.jpg","https://media.birdweather.com/species/1/HouseSparrow-png200-125e8603e1efe9d7a18316b94f06a65e.png","XAgCDwD8qpukuHiqtLZ9mImnmPFcDO4E",13661060779,"https://media.birdweather.com/soundscapes/6891/6891-20260628-152540.flac",0,3,"birdnetpi"
9200799588,6891,"2026-06-28T17:25:18.000+02:00",0.81,0.841241300106049,9.27010262245808,"almost_certain","2p4",NA,51.5625,6.0081,FALSE,1,"House Sparrow","Passer domesticus","#d16ff8","avian","https://media.birdweather.com/species/1/HouseSparrow-standard-b861184cf45c092cdb45fd689dd676ef.jpg","https://media.birdweather.com/species/1/HouseSparrow-thumbnail-e9cbc91763a1579de8ef04880678b5e3.jpg","https://media.birdweather.com/species/1/HouseSparrow-png200-125e8603e1efe9d7a18316b94f06a65e.png","XAgCDwD8qpukuHiqtLZ9mImnmPFcDO4E",13661048191,"https://media.birdweather.com/soundscapes/6891/6891-20260628-152518.flac",0,3,"birdnetpi"
9200790505,6891,"2026-06-28T17:25:00.000+02:00",0.85,0.841241300106049,9.37354796939423,"almost_certain","2p4",NA,51.5695,6.0042,FALSE,1,"House Sparrow","Passer domesticus","#d16ff8","avian","https://media.birdweather.com/species/1/HouseSparrow-standard-b861184cf45c092cdb45fd689dd676ef.jpg","https://media.birdweather.com/species/1/HouseSparrow-thumbnail-e9cbc91763a1579de8ef04880678b5e3.jpg","https://media.birdweather.com/species/1/HouseSparrow-png200-125e8603e1efe9d7a18316b94f06a65e.png","XAgCDwD8qpukuHiqtLZ9mImnmPFcDO4E",13661037628,"https://media.birdweather.com/soundscapes/6891/6891-20260628-152500.flac",0,3,"birdnetpi"
9200778483,6891,"2026-06-28T17:24:28.000+02:00",0.87,0.841241300106049,9.42248174255908,"almost_certain","2p4",NA,51.5678,6.0069,FALSE,1,"House Sparrow","Passer domesticus","#d16ff8","avian","https://media.birdweather.com/species/1/HouseSparrow-standard-b861184cf45c092cdb45fd689dd676ef.jpg","https://media.birdweather.com/species/1/HouseSparrow-thumbnail-e9cbc91763a1579de8ef04880678b5e3.jpg","https://media.birdweather.com/species/1/HouseSparrow-png200-125e8603e1efe9d7a18316b94f06a65e.png","XAgCDwD8qpukuHiqtLZ9mImnmPFcDO4E",13661023931,"https://media.birdweather.com/soundscapes/6891/6891-20260628-152428.flac",0,3,"birdnetpi"
9200771612,6891,"2026-06-28T17:24:07.000+02:00",0.87,0.841241300106049,9.42248174255908,"almost_certain","2p4",NA,51.5636,6.0035,FALSE,1,"House Sparrow","Passer domesticus","#d16ff8","avian","https://media.birdweather.com/species/1/HouseSparrow-standard-b861184cf45c092cdb45fd689dd676ef.jpg","https://media.birdweather.com/species/1/HouseSparrow-thumbnail-e9cbc91763a1579de8ef04880678b5e3.jpg","https://media.birdweather.com/species/1/HouseSparrow-png200-125e8603e1efe9d7a18316b94f06a65e.png","XAgCDwD8qpukuHiqtLZ9mImnmPFcDO4E",13661016112,"https://media.birdweather.com/soundscapes/6891/6891-20260628-152407.flac",0,3,"birdnetpi"
9200758416,6891,"2026-06-28T17:23:40.000+02:00",0.92,0.841241300106049,9.53767561313752,"almost_certain","2p4",NA,51.57,6.0058,FALSE,1,"House Sparrow","Passer domesticus","#d16ff8","avian","https://media.birdweather.com/species/1/HouseSparrow-standard-b861184cf45c092cdb45fd689dd676ef.jpg","https://media.birdweather.com/species/1/HouseSparrow-thumbnail-e9cbc91763a1579de8ef04880678b5e3.jpg","https://media.birdweather.com/species/1/HouseSparrow-png200-125e8603e1efe9d7a18316b94f06a65e.png","XAgCDwD8qpukuHiqtLZ9mImnmPFcDO4E",13661001102,"https://media.birdweather.com/soundscapes/6891/6891-20260628-152340.flac",0,3,"birdnetpi"
9200747095,6891,"2026-06-28T17:23:16.000+02:00",0.91,0.841241300106049,9.51539869954319,"almost_certain","2p4",NA,51.5621,6.005,FALSE,1,"House Sparrow","Passer domesticus","#d16ff8","avian","https://media.birdweather.com/species/1/HouseSparrow-standard-b861184cf45c092cdb45fd689dd676ef.jpg","https://media.birdweather.com/species/1/HouseSparrow-thumbnail-e9cbc91763a1579de8ef04880678b5e3.jpg","https://media.birdweather.com/species/1/HouseSparrow-png200-125e8603e1efe9d7a18316b94f06a65e.png","XAgCDwD8qpukuHiqtLZ9mImnmPFcDO4E",13660988084,"https://media.birdweather.com/soundscapes/6891/6891-20260628-152316.flac",0,3,"birdnetpi"
9200724060,6891,"2026-06-28T17:22:13.000+02:00",0.73,0.823857188224792,9.0080777873246,"almost_certain","2p4",NA,51.5623,6.0044,FALSE,53,"European Starling","Sturnus vulgaris","#96038f","avian","https://media.birdweather.com/species/53/EuropeanStarling-standard-ff3a9beb497795d3bd4205bd86cf1652.jpg","https://media.birdweather.com/species/53/EuropeanStarling-thumbnail-974e70e3ea84a4be254312c2dfe527d5.jpg","https://media.birdweather.com/species/53/EuropeanStarling-png200-c81072eef7cc54f4bd51dcb88ed45765.png","FQgGBwD4dnmbZHhapUenmGh16HWAvzoO",13660961804,"https://media.birdweather.com/soundscapes/6891/6891-20260628-152213.flac",0,3,"birdnetpi"
9200717402,6891,"2026-06-28T17:21:58.000+02:00",0.83,0.841241300106049,9.32280142719216,"almost_certain","2p4",NA,51.5664,6.0008,FALSE,1,"House Sparrow","Passer domesticus","#d16ff8","avian","https://media.birdweather.com/species/1/HouseSparrow-standard-b861184cf45c092cdb45fd689dd676ef.jpg","https://media.birdweather.com/species/1/HouseSparrow-thumbnail-e9cbc91763a1579de8ef04880678b5e3.jpg","https://media.birdweather.com/species/1/HouseSparrow-png200-125e8603e1efe9d7a18316b94f06a65e.png","XAgCDwD8qpukuHiqtLZ9mImnmPFcDO4E",13660954043,"https://media.birdweather.com/soundscapes/6891/6891-20260628-152158.flac",0,3,"birdnetpi"
9200708121,6891,"2026-06-28T17:21:34.000+02:00",0.77,0.841241300106049,9.15820371996853,"almost_certain","2p4",NA,51.5653,6.0056,FALSE,1,"House Sparrow","Passer domesticus","#d16ff8","avian","https://media.birdweather.com/species/1/HouseSparrow-standard-b861184cf45c092cdb45fd689dd676ef.jpg","https://media.birdweather.com/species/1/HouseSparrow-thumbnail-e9cbc91763a1579de8ef04880678b5e3.jpg","https://media.birdweather.com/species/1/HouseSparrow-png200-125e8603e1efe9d7a18316b94f06a65e.png","XAgCDwD8qpukuHiqtLZ9mImnmPFcDO4E",13660943441,"https://media.birdweather.com/soundscapes/6891/6891-20260628-152134.flac",0,3,"birdnetpi"
9200699802,6891,"2026-06-28T17:21:27.000+02:00",0.82,0.841241300106049,9.29670540008231,"almost_certain","2p4",NA,51.5663,6.0057,FALSE,1,"House Sparrow","Passer domesticus","#d16ff8","avian","https://media.birdweather.com/species/1/HouseSparrow-standard-b861184cf45c092cdb45fd689dd676ef.jpg","https://media.birdweather.com/species/1/HouseSparrow-thumbnail-e9cbc91763a1579de8ef04880678b5e3.jpg","https://media.birdweather.com/species/1/HouseSparrow-png200-125e8603e1efe9d7a18316b94f06a65e.png","XAgCDwD8qpukuHiqtLZ9mImnmPFcDO4E",13660933744,"https://media.birdweather.com/soundscapes/6891/6891-20260628-152127.flac",0,3,"birdnetpi"
9200675336,6891,"2026-06-28T17:20:24.000+02:00",0.72,0.841241300106049,9.00410888267396,"almost_certain","2p4",NA,51.5675,6.0045,FALSE,1,"House Sparrow","Passer domesticus","#d16ff8","avian","https://media.birdweather.com/species/1/HouseSparrow-standard-b861184cf45c092cdb45fd689dd676ef.jpg","https://media.birdweather.com/species/1/HouseSparrow-thumbnail-e9cbc91763a1579de8ef04880678b5e3.jpg","https://media.birdweather.com/species/1/HouseSparrow-png200-125e8603e1efe9d7a18316b94f06a65e.png","XAgCDwD8qpukuHiqtLZ9mImnmPFcDO4E",13660906028,"https://media.birdweather.com/soundscapes/6891/6891-20260628-152024.flac",0,3,"birdnetpi"
9200668040,6891,"2026-06-28T17:20:07.000+02:00",0.72,0.823857188224792,8.97584100587263,"almost_certain","2p4",NA,51.5684,6.0051,FALSE,53,"European Starling","Sturnus vulgaris","#96038f","avian","https://media.birdweather.com/species/53/EuropeanStarling-standard-ff3a9beb497795d3bd4205bd86cf1652.jpg","https://media.birdweather.com/species/53/EuropeanStarling-thumbnail-974e70e3ea84a4be254312c2dfe527d5.jpg","https://media.birdweather.com/species/53/EuropeanStarling-png200-c81072eef7cc54f4bd51dcb88ed45765.png","FQgGBwD4dnmbZHhapUenmGh16HWAvzoO",13660897306,"https://media.birdweather.com/soundscapes/6891/6891-20260628-152007.flac",0,3,"birdnetpi"
9200656509,6891,"2026-06-28T17:19:33.000+02:00",0.71,0.841241300106049,8.97109523701065,"almost_certain","2p4",NA,51.5687,6.0023,FALSE,1,"House Sparrow","Passer domesticus","#d16ff8","avian","https://media.birdweather.com/species/1/HouseSparrow-standard-b861184cf45c092cdb45fd689dd676ef.jpg","https://media.birdweather.com/species/1/HouseSparrow-thumbnail-e9cbc91763a1579de8ef04880678b5e3.jpg","https://media.birdweather.com/species/1/HouseSparrow-png200-125e8603e1efe9d7a18316b94f06a65e.png","XAgCDwD8qpukuHiqtLZ9mImnmPFcDO4E",13660884248,"https://media.birdweather.com/soundscapes/6891/6891-20260628-151933.flac",0,3,"birdnetpi"
9200641162,6891,"2026-06-28T17:18:58.000+02:00",0.82,0.841241300106049,9.29670540008231,"almost_certain","2p4",NA,51.5676,6.0073,FALSE,1,"House Sparrow","Passer domesticus","#d16ff8","avian","https://media.birdweather.com/species/1/HouseSparrow-standard-b861184cf45c092cdb45fd689dd676ef.jpg","https://media.birdweather.com/species/1/HouseSparrow-thumbnail-e9cbc91763a1579de8ef04880678b5e3.jpg","https://media.birdweather.com/species/1/HouseSparrow-png200-125e8603e1efe9d7a18316b94f06a65e.png","XAgCDwD8qpukuHiqtLZ9mImnmPFcDO4E",13660867328,"https://media.birdweather.com/soundscapes/6891/6891-20260628-151858.flac",0,3,"birdnetpi"
9200634399,6891,"2026-06-28T17:18:54.000+02:00",0.81,0.823857188224792,9.24183474565674,"almost_certain","2p4",NA,51.5657,6.008,FALSE,53,"European Starling","Sturnus vulgaris","#96038f","avian","https://media.birdweather.com/species/53/EuropeanStarling-standard-ff3a9beb497795d3bd4205bd86cf1652.jpg","https://media.birdweather.com/species/53/EuropeanStarling-thumbnail-974e70e3ea84a4be254312c2dfe527d5.jpg","https://media.birdweather.com/species/53/EuropeanStarling-png200-c81072eef7cc54f4bd51dcb88ed45765.png","FQgGBwD4dnmbZHhapUenmGh16HWAvzoO",13660859688,"https://media.birdweather.com/soundscapes/6891/6891-20260628-151854.flac",0,3,"birdnetpi"
9200608456,6891,"2026-06-28T17:17:40.000+02:00",0.76,0.823857188224792,9.10047234201448,"almost_certain","2p4",NA,51.5683,6.0081,FALSE,53,"European Starling","Sturnus vulgaris","#96038f","avian","https://media.birdweather.com/species/53/EuropeanStarling-standard-ff3a9beb497795d3bd4205bd86cf1652.jpg","https://media.birdweather.com/species/53/EuropeanStarling-thumbnail-974e70e3ea84a4be254312c2dfe527d5.jpg","https://media.birdweather.com/species/53/EuropeanStarling-png200-c81072eef7cc54f4bd51dcb88ed45765.png","FQgGBwD4dnmbZHhapUenmGh16HWAvzoO",13660829952,"https://media.birdweather.com/soundscapes/6891/6891-20260628-151740.flac",0,3,"birdnetpi"
9200603108,6891,"2026-06-28T17:17:36.000+02:00",0.75,0.841241300106049,9.09862911661109,"almost_certain","2p4",NA,51.5688,6.0029,FALSE,1,"House Sparrow","Passer domesticus","#d16ff8","avian","https://media.birdweather.com/species/1/HouseSparrow-standard-b861184cf45c092cdb45fd689dd676ef.jpg","https://media.birdweather.com/species/1/HouseSparrow-thumbnail-e9cbc91763a1579de8ef04880678b5e3.jpg","https://media.birdweather.com/species/1/HouseSparrow-png200-125e8603e1efe9d7a18316b94f06a65e.png","XAgCDwD8qpukuHiqtLZ9mImnmPFcDO4E",13660823731,"https://media.birdweather.com/soundscapes/6891/6891-20260628-151736.flac",0,3,"birdnetpi"
9200596563,6891,"2026-06-28T17:17:13.000+02:00",0.76,0.841241300106049,9.12874021881581,"almost_certain","2p4",NA,51.5656,6.0029,FALSE,1,"House Sparrow","Passer domesticus","#d16ff8","avian","https://media.birdweather.com/species/1/HouseSparrow-standard-b861184cf45c092cdb45fd689dd676ef.jpg","https://media.birdweather.com/species/1/HouseSparrow-thumbnail-e9cbc91763a1579de8ef04880678b5e3.jpg","https://media.birdweather.com/species/1/HouseSparrow-png200-125e8603e1efe9d7a18316b94f06a65e.png","XAgCDwD8qpukuHiqtLZ9mImnmPFcDO4E",13660816387,"https://media.birdweather.com/soundscapes/6891/6891-20260628-151713.flac",0,3,"birdnetpi"
9200581579,6891,"2026-06-28T17:16:37.000+02:00",0.71,0.823857188224792,8.94282736020932,"almost_certain","2p4",NA,51.567,6.0064,FALSE,53,"European Starling","Sturnus vulgaris","#96038f","avian","https://media.birdweather.com/species/53/EuropeanStarling-standard-ff3a9beb497795d3bd4205bd86cf1652.jpg","https://media.birdweather.com/species/53/EuropeanStarling-thumbnail-974e70e3ea84a4be254312c2dfe527d5.jpg","https://media.birdweather.com/species/53/EuropeanStarling-png200-c81072eef7cc54f4bd51dcb88ed45765.png","FQgGBwD4dnmbZHhapUenmGh16HWAvzoO",13660799031,"https://media.birdweather.com/soundscapes/6891/6891-20260628-151637.flac",0,3,"birdnetpi"
9200550765,6891,"2026-06-28T17:15:27.000+02:00",0.82,0.841241300106049,9.29670540008231,"almost_certain","2p4",NA,51.5701,6.0009,FALSE,1,"House Sparrow","Passer domesticus","#d16ff8","avian","https://media.birdweather.com/species/1/HouseSparrow-standard-b861184cf45c092cdb45fd689dd676ef.jpg","https://media.birdweather.com/species/1/HouseSparrow-thumbnail-e9cbc91763a1579de8ef04880678b5e3.jpg","https://media.birdweather.com/species/1/HouseSparrow-png200-125e8603e1efe9d7a18316b94f06a65e.png","XAgCDwD8qpukuHiqtLZ9mImnmPFcDO4E",13660764072,"https://media.birdweather.com/soundscapes/6891/6891-20260628-151527.flac",0,3,"birdnetpi"
9200543029,6891,"2026-06-28T17:15:19.000+02:00",0.78,0.841241300106049,9.18704689056956,"almost_certain","2p4",NA,51.5639,6.0033,FALSE,1,"House Sparrow","Passer domesticus","#d16ff8","avian","https://media.birdweather.com/species/1/HouseSparrow-standard-b861184cf45c092cdb45fd689dd676ef.jpg","https://media.birdweather.com/species/1/HouseSparrow-thumbnail-e9cbc91763a1579de8ef04880678b5e3.jpg","https://media.birdweather.com/species/1/HouseSparrow-png200-125e8603e1efe9d7a18316b94f06a65e.png","XAgCDwD8qpukuHiqtLZ9mImnmPFcDO4E",13660755362,"https://media.birdweather.com/soundscapes/6891/6891-20260628-151519.flac",0,3,"birdnetpi"
9200535340,6891,"2026-06-28T17:14:51.000+02:00",0.78,0.841241300106049,9.18704689056956,"almost_certain","2p4",NA,51.5625,6.0059,FALSE,1,"House Sparrow","Passer domesticus","#d16ff8","avian","https://media.birdweather.com/species/1/HouseSparrow-standard-b861184cf45c092cdb45fd689dd676ef.jpg","https://media.birdweather.com/species/1/HouseSparrow-thumbnail-e9cbc91763a1579de8ef04880678b5e3.jpg","https://media.birdweather.com/species/1/HouseSparrow-png200-125e8603e1efe9d7a18316b94f06a65e.png","XAgCDwD8qpukuHiqtLZ9mImnmPFcDO4E",13660746578,"https://media.birdweather.com/soundscapes/6891/6891-20260628-151451.flac",0,3,"birdnetpi"
9200507276,6891,"2026-06-28T17:13:52.000+02:00",0.77,0.841241300106049,9.15820371996853,"almost_certain","2p4",NA,51.5693,6.0022,FALSE,1,"House Sparrow","Passer domesticus","#d16ff8","avian","https://media.birdweather.com/species/1/HouseSparrow-standard-b861184cf45c092cdb45fd689dd676ef.jpg","https://media.birdweather.com/species/1/HouseSparrow-thumbnail-e9cbc91763a1579de8ef04880678b5e3.jpg","https://media.birdweather.com/species/1/HouseSparrow-png200-125e8603e1efe9d7a18316b94f06a65e.png","XAgCDwD8qpukuHiqtLZ9mImnmPFcDO4E",13660714237,"https://media.birdweather.com/soundscapes/6891/6891-20260628-151352.flac",0,3,"birdnetpi"
9200490878,6891,"2026-06-28T17:13:06.000+02:00",0.85,0.841241300106049,9.37354796939423,"almost_certain","2p4",NA,51.5632,6.0086,FALSE,1,"House Sparrow","Passer domesticus","#d16ff8","avian","https://media.birdweather.com/species/1/HouseSparrow-standard-b861184cf45c092cdb45fd689dd676ef.jpg","https://media.birdweather.com/species/1/HouseSparrow-thumbnail-e9cbc91763a1579de8ef04880678b5e3.jpg","https://media.birdweather.com/species/1/HouseSparrow-png200-125e8603e1efe9d7a18316b94f06a65e.png","XAgCDwD8qpukuHiqtLZ9mImnmPFcDO4E",13660695427,"https://media.birdweather.com/soundscapes/6891/6891-20260628-151306.flac",0,3,"birdnetpi"
9200478878,6891,"2026-06-28T17:12:40.000+02:00",0.75,0.841241300106049,9.09862911661109,"almost_certain","2p4",NA,51.562,6.0009,FALSE,1,"House Sparrow","Passer domesticus","#d16ff8","avian","https://media.birdweather.com/species/1/HouseSparrow-standard-b861184cf45c092cdb45fd689dd676ef.jpg","https://media.birdweather.com/species/1/HouseSparrow-thumbnail-e9cbc91763a1579de8ef04880678b5e3.jpg","https://media.birdweather.com/species/1/HouseSparrow-png200-125e8603e1efe9d7a18316b94f06a65e.png","XAgCDwD8qpukuHiqtLZ9mImnmPFcDO4E",13660681672,"https://media.birdweather.com/soundscapes/6891/6891-20260628-151240.flac",0,3,"birdnetpi"
9200471902,6891,"2026-06-28T17:12:19.000+02:00",0.89,0.841241300106049,9.46972780377659,"almost_certain","2p4",NA,51.5676,6.0076,FALSE,1,"House Sparrow","Passer domesticus","#d16ff8","avian","https://media.birdweather.com/species/1/HouseSparrow-standard-b861184cf45c092cdb45fd689dd676ef.jpg","https://media.birdweather.com/species/1/HouseSparrow-thumbnail-e9cbc91763a1579de8ef04880678b5e3.jpg","https://media.birdweather.com/species/1/HouseSparrow-png200-125e8603e1efe9d7a18316b94f06a65e.png","XAgCDwD8qpukuHiqtLZ9mImnmPFcDO4E",13660673875,"https://media.birdweather.com/soundscapes/6891/6891-20260628-151219.flac",0,3,"birdnetpi"
9200459905,6891,"2026-06-28T17:11:49.000+02:00",0.72,0.841241300106049,9.00410888267396,"almost_certain","2p4",NA,51.5637,6.0017,FALSE,1,"House Sparrow","Passer domesticus","#d16ff8","avian","https://media.birdweather.com/species/1/HouseSparrow-standard-b861184cf45c092cdb45fd689dd676ef.jpg","https://media.birdweather.com/species/1/HouseSparrow-thumbnail-e9cbc91763a1579de8ef04880678b5e3.jpg","https://media.birdweather.com/species/1/HouseSparrow-png200-125e8603e1efe9d7a18316b94f06a65e.png","XAgCDwD8qpukuHiqtLZ9mImnmPFcDO4E",13660660147,"https://media.birdweather.com/soundscapes/6891/6891-20260628-151149.flac",0,3,"birdnetpi"
9200453629,6891,"2026-06-28T17:11:34.000+02:00",0.72,0.841241300106049,9.00410888267396,"almost_certain","2p4",NA,51.5693,6.0017,FALSE,1,"House Sparrow","Passer domesticus","#d16ff8","avian","https://media.birdweather.com/species/1/HouseSparrow-standard-b861184cf45c092cdb45fd689dd676ef.jpg","https://media.birdweather.com/species/1/HouseSparrow-thumbnail-e9cbc91763a1579de8ef04880678b5e3.jpg","https://media.birdweather.com/species/1/HouseSparrow-png200-125e8603e1efe9d7a18316b94f06a65e.png","XAgCDwD8qpukuHiqtLZ9mImnmPFcDO4E",13660652905,"https://media.birdweather.com/soundscapes/6891/6891-20260628-151134.flac",0,3,"birdnetpi"
9200445739,6891,"2026-06-28T17:11:15.000+02:00",0.73,0.841241300106049,9.03634566412593,"almost_certain","2p4",NA,51.5701,6.004,FALSE,1,"House Sparrow","Passer domesticus","#d16ff8","avian","https://media.birdweather.com/species/1/HouseSparrow-standard-b861184cf45c092cdb45fd689dd676ef.jpg","https://media.birdweather.com/species/1/HouseSparrow-thumbnail-e9cbc91763a1579de8ef04880678b5e3.jpg","https://media.birdweather.com/species/1/HouseSparrow-png200-125e8603e1efe9d7a18316b94f06a65e.png","XAgCDwD8qpukuHiqtLZ9mImnmPFcDO4E",13660643821,"https://media.birdweather.com/soundscapes/6891/6891-20260628-151115.flac",0,3,"birdnetpi"
9200426132,6891,"2026-06-28T17:10:30.000+02:00",0.91,0.841241300106049,9.51539869954319,"almost_certain","2p4",NA,51.5663,6.0056,FALSE,1,"House Sparrow","Passer domesticus","#d16ff8","avian","https://media.birdweather.com/species/1/HouseSparrow-standard-b861184cf45c092cdb45fd689dd676ef.jpg","https://media.birdweather.com/species/1/HouseSparrow-thumbnail-e9cbc91763a1579de8ef04880678b5e3.jpg","https://media.birdweather.com/species/1/HouseSparrow-png200-125e8603e1efe9d7a18316b94f06a65e.png","XAgCDwD8qpukuHiqtLZ9mImnmPFcDO4E",13660621497,"https://media.birdweather.com/soundscapes/6891/6891-20260628-151030.flac",0,3,"birdnetpi"
9200414811,6891,"2026-06-28T17:10:01.000+02:00",0.88,0.841241300106049,9.44630843007434,"almost_certain","2p4",NA,51.5638,6.0021,FALSE,1,"House Sparrow","Passer domesticus","#d16ff8","avian","https://media.birdweather.com/species/1/HouseSparrow-standard-b861184cf45c092cdb45fd689dd676ef.jpg","https://media.birdweather.com/species/1/HouseSparrow-thumbnail-e9cbc91763a1579de8ef04880678b5e3.jpg","https://media.birdweather.com/species/1/HouseSparrow-png200-125e8603e1efe9d7a18316b94f06a65e.png","XAgCDwD8qpukuHiqtLZ9mImnmPFcDO4E",13660608522,"https://media.birdweather.com/soundscapes/6891/6891-20260628-151001.flac",0,3,"birdnetpi"
9200403377,6891,"2026-06-28T17:09:46.000+02:00",0.87,0.841241300106049,9.42248174255908,"almost_certain","2p4",NA,51.5664,6.0031,FALSE,1,"House Sparrow","Passer domesticus","#d16ff8","avian","https://media.birdweather.com/species/1/HouseSparrow-standard-b861184cf45c092cdb45fd689dd676ef.jpg","https://media.birdweather.com/species/1/HouseSparrow-thumbnail-e9cbc91763a1579de8ef04880678b5e3.jpg","https://media.birdweather.com/species/1/HouseSparrow-png200-125e8603e1efe9d7a18316b94f06a65e.png","XAgCDwD8qpukuHiqtLZ9mImnmPFcDO4E",13660595548,"https://media.birdweather.com/soundscapes/6891/6891-20260628-150946.flac",0,3,"birdnetpi"
9200392208,6891,"2026-06-28T17:09:09.000+02:00",0.82,0.841241300106049,9.29670540008231,"almost_certain","2p4",NA,51.5652,6.0033,FALSE,1,"House Sparrow","Passer domesticus","#d16ff8","avian","https://media.birdweather.com/species/1/HouseSparrow-standard-b861184cf45c092cdb45fd689dd676ef.jpg","https://media.birdweather.com/species/1/HouseSparrow-thumbnail-e9cbc91763a1579de8ef04880678b5e3.jpg","https://media.birdweather.com/species/1/HouseSparrow-png200-125e8603e1efe9d7a18316b94f06a65e.png","XAgCDwD8qpukuHiqtLZ9mImnmPFcDO4E",13660582416,"https://media.birdweather.com/soundscapes/6891/6891-20260628-150909.flac",0,3,"birdnetpi"
9200380597,6891,"2026-06-28T17:08:48.000+02:00",0.91,0.841241300106049,9.51539869954319,"almost_certain","2p4",NA,51.5617,6.0055,FALSE,1,"House Sparrow","Passer domesticus","#d16ff8","avian","https://media.birdweather.com/species/1/HouseSparrow-standard-b861184cf45c092cdb45fd689dd676ef.jpg","https://media.birdweather.com/species/1/HouseSparrow-thumbnail-e9cbc91763a1579de8ef04880678b5e3.jpg","https://media.birdweather.com/species/1/HouseSparrow-png200-125e8603e1efe9d7a18316b94f06a65e.png","XAgCDwD8qpukuHiqtLZ9mImnmPFcDO4E",13660568933,"https://media.birdweather.com/soundscapes/6891/6891-20260628-150848.flac",0,3,"birdnetpi"
9200362237,6891,"2026-06-28T17:07:55.000+02:00",0.99,0.199000850319862,7.76025789290918,"almost_certain","2p4",NA,51.5652,6.0053,FALSE,8,"Long-tailed Tit","Aegithalos caudatus","#bdc706","avian","https://media.birdweather.com/species/8/Long-tailedTit-standard-f8bdec5e2df87ccaa32a7b13a292f078.jpg","https://media.birdweather.com/species/8/Long-tailedTit-thumbnail-652dd0fa7d32953de84a85963165fb57.jpg","https://media.birdweather.com/species/8/Long-tailedTit-png200-aba8917f8bf81c61c1bc7e2fe9f8aa63.png","5okGFwRveYeOd2d5d1h1V3qGmYn1mFoP",13660547979,"https://media.birdweather.com/soundscapes/6891/6891-20260628-150755.flac",0,3,"birdnetpi"
9200348004,6891,"2026-06-28T17:07:34.000+02:00",0.82,0.841241300106049,9.29670540008231,"almost_certain","2p4",NA,51.5685,6.0059,FALSE,1,"House Sparrow","Passer domesticus","#d16ff8","avian","https://media.birdweather.com/species/1/HouseSparrow-standard-b861184cf45c092cdb45fd689dd676ef.jpg","https://media.birdweather.com/species/1/HouseSparrow-thumbnail-e9cbc91763a1579de8ef04880678b5e3.jpg","https://media.birdweather.com/species/1/HouseSparrow-png200-125e8603e1efe9d7a18316b94f06a65e.png","XAgCDwD8qpukuHiqtLZ9mImnmPFcDO4E",13660532234,"https://media.birdweather.com/soundscapes/6891/6891-20260628-150734.flac",0,3,"birdnetpi"
9200330943,6891,"2026-06-28T17:06:48.000+02:00",0.84,0.841241300106049,9.34840964941881,"almost_certain","2p4",NA,51.5623,6.0094,FALSE,1,"House Sparrow","Passer domesticus","#d16ff8","avian","https://media.birdweather.com/species/1/HouseSparrow-standard-b861184cf45c092cdb45fd689dd676ef.jpg","https://media.birdweather.com/species/1/HouseSparrow-thumbnail-e9cbc91763a1579de8ef04880678b5e3.jpg","https://media.birdweather.com/species/1/HouseSparrow-png200-125e8603e1efe9d7a18316b94f06a65e.png","XAgCDwD8qpukuHiqtLZ9mImnmPFcDO4E",13660513236,"https://media.birdweather.com/soundscapes/6891/6891-20260628-150648.flac",0,3,"birdnetpi"
9200307382,6891,"2026-06-28T17:05:48.000+02:00",0.83,0.841241300106049,9.32280142719216,"almost_certain","2p4",NA,51.5639,6.0091,FALSE,1,"House Sparrow","Passer domesticus","#d16ff8","avian","https://media.birdweather.com/species/1/HouseSparrow-standard-b861184cf45c092cdb45fd689dd676ef.jpg","https://media.birdweather.com/species/1/HouseSparrow-thumbnail-e9cbc91763a1579de8ef04880678b5e3.jpg","https://media.birdweather.com/species/1/HouseSparrow-png200-125e8603e1efe9d7a18316b94f06a65e.png","XAgCDwD8qpukuHiqtLZ9mImnmPFcDO4E",13660486232,"https://media.birdweather.com/soundscapes/6891/6891-20260628-150548.flac",0,3,"birdnetpi"
9200222663,6891,"2026-06-28T17:02:28.000+02:00",0.88,0.823857188224792,9.41804055327301,"almost_certain","2p4",NA,51.5636,6.001,FALSE,53,"European Starling","Sturnus vulgaris","#96038f","avian","https://media.birdweather.com/species/53/EuropeanStarling-standard-ff3a9beb497795d3bd4205bd86cf1652.jpg","https://media.birdweather.com/species/53/EuropeanStarling-thumbnail-974e70e3ea84a4be254312c2dfe527d5.jpg","https://media.birdweather.com/species/53/EuropeanStarling-png200-c81072eef7cc54f4bd51dcb88ed45765.png","FQgGBwD4dnmbZHhapUenmGh16HWAvzoO",13660390732,"https://media.birdweather.com/soundscapes/6891/6891-20260628-150228.flac",0,3,"birdnetpi"
9200207113,6891,"2026-06-28T17:01:51.000+02:00",0.81,0.841241300106049,9.27010262245808,"almost_certain","2p4",NA,51.566,6.0062,FALSE,1,"House Sparrow","Passer domesticus","#d16ff8","avian","https://media.birdweather.com/species/1/HouseSparrow-standard-b861184cf45c092cdb45fd689dd676ef.jpg","https://media.birdweather.com/species/1/HouseSparrow-thumbnail-e9cbc91763a1579de8ef04880678b5e3.jpg","https://media.birdweather.com/species/1/HouseSparrow-png200-125e8603e1efe9d7a18316b94f06a65e.png","XAgCDwD8qpukuHiqtLZ9mImnmPFcDO4E",13660372901,"https://media.birdweather.com/soundscapes/6891/6891-20260628-150151.flac",0,3,"birdnetpi"
9200200739,6891,"2026-06-28T17:01:36.000+02:00",0.85,0.841241300106049,9.37354796939423,"almost_certain","2p4",NA,51.5678,6.002,FALSE,1,"House Sparrow","Passer domesticus","#d16ff8","avian","https://media.birdweather.com/species/1/HouseSparrow-standard-b861184cf45c092cdb45fd689dd676ef.jpg","https://media.birdweather.com/species/1/HouseSparrow-thumbnail-e9cbc91763a1579de8ef04880678b5e3.jpg","https://media.birdweather.com/species/1/HouseSparrow-png200-125e8603e1efe9d7a18316b94f06a65e.png","XAgCDwD8qpukuHiqtLZ9mImnmPFcDO4E",13660365627,"https://media.birdweather.com/soundscapes/6891/6891-20260628-150136.flac",0,3,"birdnetpi"
9200189163,6891,"2026-06-28T17:01:15.000+02:00",0.74,0.841241300106049,9.06784130409377,"almost_certain","2p4",NA,51.562,6.0084,FALSE,1,"House Sparrow","Passer domesticus","#d16ff8","avian","https://media.birdweather.com/species/1/HouseSparrow-standard-b861184cf45c092cdb45fd689dd676ef.jpg","https://media.birdweather.com/species/1/HouseSparrow-thumbnail-e9cbc91763a1579de8ef04880678b5e3.jpg","https://media.birdweather.com/species/1/HouseSparrow-png200-125e8603e1efe9d7a18316b94f06a65e.png","XAgCDwD8qpukuHiqtLZ9mImnmPFcDO4E",13660352802,"https://media.birdweather.com/soundscapes/6891/6891-20260628-150115.flac",0,3,"birdnetpi"
9200104299,6891,"2026-06-28T16:57:52.000+02:00",0.73,0.841241300106049,9.03634566412593,"almost_certain","2p4",NA,51.564,6.0065,FALSE,1,"House Sparrow","Passer domesticus","#d16ff8","avian","https://media.birdweather.com/species/1/HouseSparrow-standard-b861184cf45c092cdb45fd689dd676ef.jpg","https://media.birdweather.com/species/1/HouseSparrow-thumbnail-e9cbc91763a1579de8ef04880678b5e3.jpg","https://media.birdweather.com/species/1/HouseSparrow-png200-125e8603e1efe9d7a18316b94f06a65e.png","XAgCDwD8qpukuHiqtLZ9mImnmPFcDO4E",13660257132,"https://media.birdweather.com/soundscapes/6891/6891-20260628-145752.flac",0,3,"birdnetpi"
9200096674,6891,"2026-06-28T16:57:40.000+02:00",0.75,0.841241300106049,9.09862911661109,"almost_certain","2p4",NA,51.5639,6.0067,FALSE,1,"House Sparrow","Passer domesticus","#d16ff8","avian","https://media.birdweather.com/species/1/HouseSparrow-standard-b861184cf45c092cdb45fd689dd676ef.jpg","https://media.birdweather.com/species/1/HouseSparrow-thumbnail-e9cbc91763a1579de8ef04880678b5e3.jpg","https://media.birdweather.com/species/1/HouseSparrow-png200-125e8603e1efe9d7a18316b94f06a65e.png","XAgCDwD8qpukuHiqtLZ9mImnmPFcDO4E",13660248563,"https://media.birdweather.com/soundscapes/6891/6891-20260628-145740.flac",0,3,"birdnetpi"
9200016606,6891,"2026-06-28T16:54:34.000+02:00",0.8,0.841241300106049,9.24297302306231,"almost_certain","2p4",NA,51.5623,6.0073,FALSE,1,"House Sparrow","Passer domesticus","#d16ff8","avian","https://media.birdweather.com/species/1/HouseSparrow-standard-b861184cf45c092cdb45fd689dd676ef.jpg","https://media.birdweather.com/species/1/HouseSparrow-thumbnail-e9cbc91763a1579de8ef04880678b5e3.jpg","https://media.birdweather.com/species/1/HouseSparrow-png200-125e8603e1efe9d7a18316b94f06a65e.png","XAgCDwD8qpukuHiqtLZ9mImnmPFcDO4E",13660158651,"https://media.birdweather.com/soundscapes/6891/6891-20260628-145434.flac",0,3,"birdnetpi"
9200003453,6891,"2026-06-28T16:53:57.000+02:00",0.82,0.841241300106049,9.29670540008231,"almost_certain","2p4",NA,51.5679,6.0076,FALSE,1,"House Sparrow","Passer domesticus","#d16ff8","avian","https://media.birdweather.com/species/1/HouseSparrow-standard-b861184cf45c092cdb45fd689dd676ef.jpg","https://media.birdweather.com/species/1/HouseSparrow-thumbnail-e9cbc91763a1579de8ef04880678b5e3.jpg","https://media.birdweather.com/species/1/HouseSparrow-png200-125e8603e1efe9d7a18316b94f06a65e.png","XAgCDwD8qpukuHiqtLZ9mImnmPFcDO4E",13660144160,"https://media.birdweather.com/soundscapes/6891/6891-20260628-145357.flac",0,3,"birdnetpi"
9199990521,6891,"2026-06-28T16:53:27.000+02:00",0.7,0.841241300106049,8.93726635776184,"almost_certain","2p4",NA,51.5634,6.0035,FALSE,1,"House Sparrow","Passer domesticus","#d16ff8","avian","https://media.birdweather.com/species/1/HouseSparrow-standard-b861184cf45c092cdb45fd689dd676ef.jpg","https://media.birdweather.com/species/1/HouseSparrow-thumbnail-e9cbc91763a1579de8ef04880678b5e3.jpg","https://media.birdweather.com/species/1/HouseSparrow-png200-125e8603e1efe9d7a18316b94f06a65e.png","XAgCDwD8qpukuHiqtLZ9mImnmPFcDO4E",13660129713,"https://media.birdweather.com/soundscapes/6891/6891-20260628-145327.flac",0,3,"birdnetpi"
9199984069,6891,"2026-06-28T16:53:24.000+02:00",0.79,0.841241300106049,9.21529531403731,"almost_certain","2p4",NA,51.5632,6.0093,FALSE,1,"House Sparrow","Passer domesticus","#d16ff8","avian","https://media.birdweather.com/species/1/HouseSparrow-standard-b861184cf45c092cdb45fd689dd676ef.jpg","https://media.birdweather.com/species/1/HouseSparrow-thumbnail-e9cbc91763a1579de8ef04880678b5e3.jpg","https://media.birdweather.com/species/1/HouseSparrow-png200-125e8603e1efe9d7a18316b94f06a65e.png","XAgCDwD8qpukuHiqtLZ9mImnmPFcDO4E",13660122536,"https://media.birdweather.com/soundscapes/6891/6891-20260628-145324.flac",0,3,"birdnetpi"
9199971532,6891,"2026-06-28T16:52:54.000+02:00",0.82,0.841241300106049,9.29670540008231,"almost_certain","2p4",NA,51.5672,6.0079,FALSE,1,"House Sparrow","Passer domesticus","#d16ff8","avian","https://media.birdweather.com/species/1/HouseSparrow-standard-b861184cf45c092cdb45fd689dd676ef.jpg","https://media.birdweather.com/species/1/HouseSparrow-thumbnail-e9cbc91763a1579de8ef04880678b5e3.jpg","https://media.birdweather.com/species/1/HouseSparrow-png200-125e8603e1efe9d7a18316b94f06a65e.png","XAgCDwD8qpukuHiqtLZ9mImnmPFcDO4E",13660108527,"https://media.birdweather.com/soundscapes/6891/6891-20260628-145254.flac",0,3,"birdnetpi"
9199962144,6891,"2026-06-28T16:52:33.000+02:00",0.91,0.841241300106049,9.51539869954319,"almost_certain","2p4",NA,51.5618,6.002,FALSE,1,"House Sparrow","Passer domesticus","#d16ff8","avian","https://media.birdweather.com/species/1/HouseSparrow-standard-b861184cf45c092cdb45fd689dd676ef.jpg","https://media.birdweather.com/species/1/HouseSparrow-thumbnail-e9cbc91763a1579de8ef04880678b5e3.jpg","https://media.birdweather.com/species/1/HouseSparrow-png200-125e8603e1efe9d7a18316b94f06a65e.png","XAgCDwD8qpukuHiqtLZ9mImnmPFcDO4E",13660097886,"https://media.birdweather.com/soundscapes/6891/6891-20260628-145233.flac",0,3,"birdnetpi"
9199949651,6891,"2026-06-28T16:52:03.000+02:00",0.85,0.841241300106049,9.37354796939423,"almost_certain","2p4",NA,51.5685,6.0086,FALSE,1,"House Sparrow","Passer domesticus","#d16ff8","avian","https://media.birdweather.com/species/1/HouseSparrow-standard-b861184cf45c092cdb45fd689dd676ef.jpg","https://media.birdweather.com/species/1/HouseSparrow-thumbnail-e9cbc91763a1579de8ef04880678b5e3.jpg","https://media.birdweather.com/species/1/HouseSparrow-png200-125e8603e1efe9d7a18316b94f06a65e.png","XAgCDwD8qpukuHiqtLZ9mImnmPFcDO4E",13660083896,"https://media.birdweather.com/soundscapes/6891/6891-20260628-145203.flac",0,3,"birdnetpi"
9199932368,6891,"2026-06-28T16:51:12.000+02:00",1,0.651233911514282,9.35789444804583,"almost_certain","2p4",NA,51.5662,6.0089,FALSE,119,"Common House-Martin","Delichon urbicum","#53b1ff","avian","https://media.birdweather.com/species/119/CommonHouse-Martin-standard-9ffbcc688c51210fb136a162c84d82ad.jpg","https://media.birdweather.com/species/119/CommonHouse-Martin-thumbnail-dd7059ca6235347c3097e7a66f04df95.jpg","https://media.birdweather.com/species/119/CommonHouse-Martin-png200-a73a8953ce2af50676da81e70b2746b2.png","YhgKDwKJd4iIiHd/h5h5d4mIeQqVllAH",13660064580,"https://media.birdweather.com/soundscapes/6891/6891-20260628-145112.flac",0,3,"birdnetpi"
9199929732,6891,"2026-06-28T16:51:06.000+02:00",0.7,0.841241300106049,8.93726635776184,"almost_certain","2p4",NA,51.5696,6.006,FALSE,1,"House Sparrow","Passer domesticus","#d16ff8","avian","https://media.birdweather.com/species/1/HouseSparrow-standard-b861184cf45c092cdb45fd689dd676ef.jpg","https://media.birdweather.com/species/1/HouseSparrow-thumbnail-e9cbc91763a1579de8ef04880678b5e3.jpg","https://media.birdweather.com/species/1/HouseSparrow-png200-125e8603e1efe9d7a18316b94f06a65e.png","XAgCDwD8qpukuHiqtLZ9mImnmPFcDO4E",13660061732,"https://media.birdweather.com/soundscapes/6891/6891-20260628-145106.flac",0,3,"birdnetpi"
9199918598,6891,"2026-06-28T16:50:42.000+02:00",0.85,0.841241300106049,9.37354796939423,"almost_certain","2p4",NA,51.565,6.0045,FALSE,1,"House Sparrow","Passer domesticus","#d16ff8","avian","https://media.birdweather.com/species/1/HouseSparrow-standard-b861184cf45c092cdb45fd689dd676ef.jpg","https://media.birdweather.com/species/1/HouseSparrow-thumbnail-e9cbc91763a1579de8ef04880678b5e3.jpg","https://media.birdweather.com/species/1/HouseSparrow-png200-125e8603e1efe9d7a18316b94f06a65e.png","XAgCDwD8qpukuHiqtLZ9mImnmPFcDO4E",13660049221,"https://media.birdweather.com/soundscapes/6891/6891-20260628-145042.flac",0,3,"birdnetpi"
9199914451,6891,"2026-06-28T16:50:33.000+02:00",0.71,0.651233911514282,8.62504969782311,"almost_certain","2p4",NA,51.5631,6.0026,FALSE,119,"Common House-Martin","Delichon urbicum","#53b1ff","avian","https://media.birdweather.com/species/119/CommonHouse-Martin-standard-9ffbcc688c51210fb136a162c84d82ad.jpg","https://media.birdweather.com/species/119/CommonHouse-Martin-thumbnail-dd7059ca6235347c3097e7a66f04df95.jpg","https://media.birdweather.com/species/119/CommonHouse-Martin-png200-a73a8953ce2af50676da81e70b2746b2.png","YhgKDwKJd4iIiHd/h5h5d4mIeQqVllAH",13660044850,"https://media.birdweather.com/soundscapes/6891/6891-20260628-145033.flac",0,3,"birdnetpi"
9199908045,6891,"2026-06-28T16:50:25.000+02:00",0.89,0.651233911514282,9.12368226458905,"almost_certain","2p4",NA,51.5634,6.002,FALSE,119,"Common House-Martin","Delichon urbicum","#53b1ff","avian","https://media.birdweather.com/species/119/CommonHouse-Martin-standard-9ffbcc688c51210fb136a162c84d82ad.jpg","https://media.birdweather.com/species/119/CommonHouse-Martin-thumbnail-dd7059ca6235347c3097e7a66f04df95.jpg","https://media.birdweather.com/species/119/CommonHouse-Martin-png200-a73a8953ce2af50676da81e70b2746b2.png","YhgKDwKJd4iIiHd/h5h5d4mIeQqVllAH",13660037664,"https://media.birdweather.com/soundscapes/6891/6891-20260628-145025.flac",0,3,"birdnetpi"
9199900147,6891,"2026-06-28T16:50:00.000+02:00",0.93,0.651233911514282,9.21355054159461,"almost_certain","2p4",NA,51.566,6.0086,FALSE,119,"Common House-Martin","Delichon urbicum","#53b1ff","avian","https://media.birdweather.com/species/119/CommonHouse-Martin-standard-9ffbcc688c51210fb136a162c84d82ad.jpg","https://media.birdweather.com/species/119/CommonHouse-Martin-thumbnail-dd7059ca6235347c3097e7a66f04df95.jpg","https://media.birdweather.com/species/119/CommonHouse-Martin-png200-a73a8953ce2af50676da81e70b2746b2.png","YhgKDwKJd4iIiHd/h5h5d4mIeQqVllAH",13660028898,"https://media.birdweather.com/soundscapes/6891/6891-20260628-145000.flac",0,3,"birdnetpi"
9199889848,6891,"2026-06-28T16:49:40.000+02:00",0.91,0.651233911514282,9.16935316035565,"almost_certain","2p4",NA,51.5633,6.0089,FALSE,119,"Common House-Martin","Delichon urbicum","#53b1ff","avian","https://media.birdweather.com/species/119/CommonHouse-Martin-standard-9ffbcc688c51210fb136a162c84d82ad.jpg","https://media.birdweather.com/species/119/CommonHouse-Martin-thumbnail-dd7059ca6235347c3097e7a66f04df95.jpg","https://media.birdweather.com/species/119/CommonHouse-Martin-png200-a73a8953ce2af50676da81e70b2746b2.png","YhgKDwKJd4iIiHd/h5h5d4mIeQqVllAH",13660017311,"https://media.birdweather.com/soundscapes/6891/6891-20260628-144940.flac",0,3,"birdnetpi"
9199878093,6891,"2026-06-28T16:49:09.000+02:00",0.92,0.651233911514282,9.19163007394999,"almost_certain","2p4",NA,51.5695,6.0036,FALSE,119,"Common House-Martin","Delichon urbicum","#53b1ff","avian","https://media.birdweather.com/species/119/CommonHouse-Martin-standard-9ffbcc688c51210fb136a162c84d82ad.jpg","https://media.birdweather.com/species/119/CommonHouse-Martin-thumbnail-dd7059ca6235347c3097e7a66f04df95.jpg","https://media.birdweather.com/species/119/CommonHouse-Martin-png200-a73a8953ce2af50676da81e70b2746b2.png","YhgKDwKJd4iIiHd/h5h5d4mIeQqVllAH",13660004237,"https://media.birdweather.com/soundscapes/6891/6891-20260628-144909.flac",0,3,"birdnetpi"
9199866426,6891,"2026-06-28T16:48:51.000+02:00",0.91,0.651233911514282,9.16935316035565,"almost_certain","2p4",NA,51.562,6.0076,FALSE,119,"Common House-Martin","Delichon urbicum","#53b1ff","avian","https://media.birdweather.com/species/119/CommonHouse-Martin-standard-9ffbcc688c51210fb136a162c84d82ad.jpg","https://media.birdweather.com/species/119/CommonHouse-Martin-thumbnail-dd7059ca6235347c3097e7a66f04df95.jpg","https://media.birdweather.com/species/119/CommonHouse-Martin-png200-a73a8953ce2af50676da81e70b2746b2.png","YhgKDwKJd4iIiHd/h5h5d4mIeQqVllAH",13659991247,"https://media.birdweather.com/soundscapes/6891/6891-20260628-144851.flac",0,3,"birdnetpi"
9199859516,6891,"2026-06-28T16:48:28.000+02:00",0.99,0.651233911514282,9.33818187773646,"almost_certain","2p4",NA,51.5693,6.0026,FALSE,119,"Common House-Martin","Delichon urbicum","#53b1ff","avian","https://media.birdweather.com/species/119/CommonHouse-Martin-standard-9ffbcc688c51210fb136a162c84d82ad.jpg","https://media.birdweather.com/species/119/CommonHouse-Martin-thumbnail-dd7059ca6235347c3097e7a66f04df95.jpg","https://media.birdweather.com/species/119/CommonHouse-Martin-png200-a73a8953ce2af50676da81e70b2746b2.png","YhgKDwKJd4iIiHd/h5h5d4mIeQqVllAH",13659983523,"https://media.birdweather.com/soundscapes/6891/6891-20260628-144828.flac",0,3,"birdnetpi"
9199848207,6891,"2026-06-28T16:47:58.000+02:00",0.84,0.651233911514282,9.00236411023127,"almost_certain","2p4",NA,51.5637,6.0061,FALSE,119,"Common House-Martin","Delichon urbicum","#53b1ff","avian","https://media.birdweather.com/species/119/CommonHouse-Martin-standard-9ffbcc688c51210fb136a162c84d82ad.jpg","https://media.birdweather.com/species/119/CommonHouse-Martin-thumbnail-dd7059ca6235347c3097e7a66f04df95.jpg","https://media.birdweather.com/species/119/CommonHouse-Martin-png200-a73a8953ce2af50676da81e70b2746b2.png","YhgKDwKJd4iIiHd/h5h5d4mIeQqVllAH",13659970965,"https://media.birdweather.com/soundscapes/6891/6891-20260628-144758.flac",0,3,"birdnetpi"
9199839779,6891,"2026-06-28T16:47:39.000+02:00",0.95,0.651233911514282,9.25636652619523,"almost_certain","2p4",NA,51.5624,6.0034,FALSE,119,"Common House-Martin","Delichon urbicum","#53b1ff","avian","https://media.birdweather.com/species/119/CommonHouse-Martin-standard-9ffbcc688c51210fb136a162c84d82ad.jpg","https://media.birdweather.com/species/119/CommonHouse-Martin-thumbnail-dd7059ca6235347c3097e7a66f04df95.jpg","https://media.birdweather.com/species/119/CommonHouse-Martin-png200-a73a8953ce2af50676da81e70b2746b2.png","YhgKDwKJd4iIiHd/h5h5d4mIeQqVllAH",13659961312,"https://media.birdweather.com/soundscapes/6891/6891-20260628-144739.flac",0,3,"birdnetpi"
9199826149,6891,"2026-06-28T16:47:09.000+02:00",0.94,0.841241300106049,9.5811713298285,"almost_certain","2p4",NA,51.5653,6.0075,FALSE,1,"House Sparrow","Passer domesticus","#d16ff8","avian","https://media.birdweather.com/species/1/HouseSparrow-standard-b861184cf45c092cdb45fd689dd676ef.jpg","https://media.birdweather.com/species/1/HouseSparrow-thumbnail-e9cbc91763a1579de8ef04880678b5e3.jpg","https://media.birdweather.com/species/1/HouseSparrow-png200-125e8603e1efe9d7a18316b94f06a65e.png","XAgCDwD8qpukuHiqtLZ9mImnmPFcDO4E",13659946234,"https://media.birdweather.com/soundscapes/6891/6891-20260628-144709.flac",0,3,"birdnetpi"
9199814533,6891,"2026-06-28T16:46:51.000+02:00",0.79,0.841241300106049,9.21529531403731,"almost_certain","2p4",NA,51.5635,6.0059,FALSE,1,"House Sparrow","Passer domesticus","#d16ff8","avian","https://media.birdweather.com/species/1/HouseSparrow-standard-b861184cf45c092cdb45fd689dd676ef.jpg","https://media.birdweather.com/species/1/HouseSparrow-thumbnail-e9cbc91763a1579de8ef04880678b5e3.jpg","https://media.birdweather.com/species/1/HouseSparrow-png200-125e8603e1efe9d7a18316b94f06a65e.png","XAgCDwD8qpukuHiqtLZ9mImnmPFcDO4E",13659933329,"https://media.birdweather.com/soundscapes/6891/6891-20260628-144651.flac",0,3,"birdnetpi"
9199801490,6891,"2026-06-28T16:46:15.000+02:00",0.95,0.841241300106049,9.60241206538277,"almost_certain","2p4",NA,51.5619,6.0069,FALSE,1,"House Sparrow","Passer domesticus","#d16ff8","avian","https://media.birdweather.com/species/1/HouseSparrow-standard-b861184cf45c092cdb45fd689dd676ef.jpg","https://media.birdweather.com/species/1/HouseSparrow-thumbnail-e9cbc91763a1579de8ef04880678b5e3.jpg","https://media.birdweather.com/species/1/HouseSparrow-png200-125e8603e1efe9d7a18316b94f06a65e.png","XAgCDwD8qpukuHiqtLZ9mImnmPFcDO4E",13659918723,"https://media.birdweather.com/soundscapes/6891/6891-20260628-144615.flac",0,3,"birdnetpi"
9199788904,6891,"2026-06-28T16:45:45.000+02:00",0.81,0.841241300106049,9.27010262245808,"almost_certain","2p4",NA,51.5659,6.007,FALSE,1,"House Sparrow","Passer domesticus","#d16ff8","avian","https://media.birdweather.com/species/1/HouseSparrow-standard-b861184cf45c092cdb45fd689dd676ef.jpg","https://media.birdweather.com/species/1/HouseSparrow-thumbnail-e9cbc91763a1579de8ef04880678b5e3.jpg","https://media.birdweather.com/species/1/HouseSparrow-png200-125e8603e1efe9d7a18316b94f06a65e.png","XAgCDwD8qpukuHiqtLZ9mImnmPFcDO4E",13659904465,"https://media.birdweather.com/soundscapes/6891/6891-20260628-144545.flac",0,3,"birdnetpi"
9199769259,6891,"2026-06-28T16:44:54.000+02:00",0.71,0.841241300106049,8.97109523701065,"almost_certain","2p4",NA,51.5684,6.0061,FALSE,1,"House Sparrow","Passer domesticus","#d16ff8","avian","https://media.birdweather.com/species/1/HouseSparrow-standard-b861184cf45c092cdb45fd689dd676ef.jpg","https://media.birdweather.com/species/1/HouseSparrow-thumbnail-e9cbc91763a1579de8ef04880678b5e3.jpg","https://media.birdweather.com/species/1/HouseSparrow-png200-125e8603e1efe9d7a18316b94f06a65e.png","XAgCDwD8qpukuHiqtLZ9mImnmPFcDO4E",13659882204,"https://media.birdweather.com/soundscapes/6891/6891-20260628-144454.flac",0,3,"birdnetpi"
9199759082,6891,"2026-06-28T16:44:37.000+02:00",0.79,0.841241300106049,9.21529531403731,"almost_certain","2p4",NA,51.5632,6.0071,FALSE,1,"House Sparrow","Passer domesticus","#d16ff8","avian","https://media.birdweather.com/species/1/HouseSparrow-standard-b861184cf45c092cdb45fd689dd676ef.jpg","https://media.birdweather.com/species/1/HouseSparrow-thumbnail-e9cbc91763a1579de8ef04880678b5e3.jpg","https://media.birdweather.com/species/1/HouseSparrow-png200-125e8603e1efe9d7a18316b94f06a65e.png","XAgCDwD8qpukuHiqtLZ9mImnmPFcDO4E",13659870571,"https://media.birdweather.com/soundscapes/6891/6891-20260628-144437.flac",0,3,"birdnetpi"
9199747785,6891,"2026-06-28T16:44:04.000+02:00",0.74,0.841241300106049,9.06784130409377,"almost_certain","2p4",NA,51.5674,6.0027,FALSE,1,"House Sparrow","Passer domesticus","#d16ff8","avian","https://media.birdweather.com/species/1/HouseSparrow-standard-b861184cf45c092cdb45fd689dd676ef.jpg","https://media.birdweather.com/species/1/HouseSparrow-thumbnail-e9cbc91763a1579de8ef04880678b5e3.jpg","https://media.birdweather.com/species/1/HouseSparrow-png200-125e8603e1efe9d7a18316b94f06a65e.png","XAgCDwD8qpukuHiqtLZ9mImnmPFcDO4E",13659857584,"https://media.birdweather.com/soundscapes/6891/6891-20260628-144404.flac",0,3,"birdnetpi"
9199740469,6891,"2026-06-28T16:43:46.000+02:00",0.8,0.841241300106049,9.24297302306231,"almost_certain","2p4",NA,51.5656,6.0019,FALSE,1,"House Sparrow","Passer domesticus","#d16ff8","avian","https://media.birdweather.com/species/1/HouseSparrow-standard-b861184cf45c092cdb45fd689dd676ef.jpg","https://media.birdweather.com/species/1/HouseSparrow-thumbnail-e9cbc91763a1579de8ef04880678b5e3.jpg","https://media.birdweather.com/species/1/HouseSparrow-png200-125e8603e1efe9d7a18316b94f06a65e.png","XAgCDwD8qpukuHiqtLZ9mImnmPFcDO4E",13659849327,"https://media.birdweather.com/soundscapes/6891/6891-20260628-144346.flac",0,3,"birdnetpi"
9199734338,6891,"2026-06-28T16:43:31.000+02:00",0.85,0.841241300106049,9.37354796939423,"almost_certain","2p4",NA,51.5638,6.0075,FALSE,1,"House Sparrow","Passer domesticus","#d16ff8","avian","https://media.birdweather.com/species/1/HouseSparrow-standard-b861184cf45c092cdb45fd689dd676ef.jpg","https://media.birdweather.com/species/1/HouseSparrow-thumbnail-e9cbc91763a1579de8ef04880678b5e3.jpg","https://media.birdweather.com/species/1/HouseSparrow-png200-125e8603e1efe9d7a18316b94f06a65e.png","XAgCDwD8qpukuHiqtLZ9mImnmPFcDO4E",13659842089,"https://media.birdweather.com/soundscapes/6891/6891-20260628-144331.flac",0,3,"birdnetpi"
9199722760,6891,"2026-06-28T16:43:06.000+02:00",0.8,0.841241300106049,9.24297302306231,"almost_certain","2p4",NA,51.5658,6.0006,FALSE,1,"House Sparrow","Passer domesticus","#d16ff8","avian","https://media.birdweather.com/species/1/HouseSparrow-standard-b861184cf45c092cdb45fd689dd676ef.jpg","https://media.birdweather.com/species/1/HouseSparrow-thumbnail-e9cbc91763a1579de8ef04880678b5e3.jpg","https://media.birdweather.com/species/1/HouseSparrow-png200-125e8603e1efe9d7a18316b94f06a65e.png","XAgCDwD8qpukuHiqtLZ9mImnmPFcDO4E",13659829077,"https://media.birdweather.com/soundscapes/6891/6891-20260628-144306.flac",0,3,"birdnetpi"
9199708255,6891,"2026-06-28T16:42:31.000+02:00",0.98,0.651233911514282,9.31818152252948,"almost_certain","2p4",NA,51.5702,6.0017,FALSE,119,"Common House-Martin","Delichon urbicum","#53b1ff","avian","https://media.birdweather.com/species/119/CommonHouse-Martin-standard-9ffbcc688c51210fb136a162c84d82ad.jpg","https://media.birdweather.com/species/119/CommonHouse-Martin-thumbnail-dd7059ca6235347c3097e7a66f04df95.jpg","https://media.birdweather.com/species/119/CommonHouse-Martin-png200-a73a8953ce2af50676da81e70b2746b2.png","YhgKDwKJd4iIiHd/h5h5d4mIeQqVllAH",13659812566,"https://media.birdweather.com/soundscapes/6891/6891-20260628-144231.flac",0,3,"birdnetpi"
9199705036,6891,"2026-06-28T16:42:27.000+02:00",0.72,0.841241300106049,9.00410888267396,"almost_certain","2p4",NA,51.5621,6.0019,FALSE,1,"House Sparrow","Passer domesticus","#d16ff8","avian","https://media.birdweather.com/species/1/HouseSparrow-standard-b861184cf45c092cdb45fd689dd676ef.jpg","https://media.birdweather.com/species/1/HouseSparrow-thumbnail-e9cbc91763a1579de8ef04880678b5e3.jpg","https://media.birdweather.com/species/1/HouseSparrow-png200-125e8603e1efe9d7a18316b94f06a65e.png","XAgCDwD8qpukuHiqtLZ9mImnmPFcDO4E",13659808856,"https://media.birdweather.com/soundscapes/6891/6891-20260628-144227.flac",0,3,"birdnetpi"
9199681498,6891,"2026-06-28T16:41:27.000+02:00",0.78,0.841241300106049,9.18704689056956,"almost_certain","2p4",NA,51.5662,6.0053,FALSE,1,"House Sparrow","Passer domesticus","#d16ff8","avian","https://media.birdweather.com/species/1/HouseSparrow-standard-b861184cf45c092cdb45fd689dd676ef.jpg","https://media.birdweather.com/species/1/HouseSparrow-thumbnail-e9cbc91763a1579de8ef04880678b5e3.jpg","https://media.birdweather.com/species/1/HouseSparrow-png200-125e8603e1efe9d7a18316b94f06a65e.png","XAgCDwD8qpukuHiqtLZ9mImnmPFcDO4E",13659782212,"https://media.birdweather.com/soundscapes/6891/6891-20260628-144127.flac",0,3,"birdnetpi"
9199666591,6891,"2026-06-28T16:40:58.000+02:00",0.81,0.841241300106049,9.27010262245808,"almost_certain","2p4",NA,51.5655,6.0013,FALSE,1,"House Sparrow","Passer domesticus","#d16ff8","avian","https://media.birdweather.com/species/1/HouseSparrow-standard-b861184cf45c092cdb45fd689dd676ef.jpg","https://media.birdweather.com/species/1/HouseSparrow-thumbnail-e9cbc91763a1579de8ef04880678b5e3.jpg","https://media.birdweather.com/species/1/HouseSparrow-png200-125e8603e1efe9d7a18316b94f06a65e.png","XAgCDwD8qpukuHiqtLZ9mImnmPFcDO4E",13659765349,"https://media.birdweather.com/soundscapes/6891/6891-20260628-144058.flac",0,3,"birdnetpi"
9199658469,6891,"2026-06-28T16:40:33.000+02:00",0.73,0.99532687664032,9.26427582572241,"almost_certain","2p4",NA,51.5642,6.0066,FALSE,58,"Carrion Crow","Corvus corone","#01a85a","avian","https://media.birdweather.com/species/58/CarrionCrow-standard-ed24da07616d0cd7c5ef9cd2892ec869.jpg","https://media.birdweather.com/species/58/CarrionCrow-thumbnail-38cc6285bbd8f8340f32fa4dc3f58a69.jpg","https://media.birdweather.com/species/58/CarrionCrow-png200-5ec2904f61f6588853b296f54d8d0cb6.png","nggODwDDmZlqdoiPdLeIWIiYaK6A1gMK",13659756216,"https://media.birdweather.com/soundscapes/6891/6891-20260628-144033.flac",0,3,"birdnetpi"
9199641016,6891,"2026-06-28T16:39:52.000+02:00",0.8,0.841241300106049,9.24297302306231,"almost_certain","2p4",NA,51.5681,6.0066,FALSE,1,"House Sparrow","Passer domesticus","#d16ff8","avian","https://media.birdweather.com/species/1/HouseSparrow-standard-b861184cf45c092cdb45fd689dd676ef.jpg","https://media.birdweather.com/species/1/HouseSparrow-thumbnail-e9cbc91763a1579de8ef04880678b5e3.jpg","https://media.birdweather.com/species/1/HouseSparrow-png200-125e8603e1efe9d7a18316b94f06a65e.png","XAgCDwD8qpukuHiqtLZ9mImnmPFcDO4E",13659736413,"https://media.birdweather.com/soundscapes/6891/6891-20260628-143952.flac",0,3,"birdnetpi"
9199632960,6891,"2026-06-28T16:39:33.000+02:00",0.71,0.841241300106049,8.97109523701065,"almost_certain","2p4",NA,51.5644,6.0056,FALSE,1,"House Sparrow","Passer domesticus","#d16ff8","avian","https://media.birdweather.com/species/1/HouseSparrow-standard-b861184cf45c092cdb45fd689dd676ef.jpg","https://media.birdweather.com/species/1/HouseSparrow-thumbnail-e9cbc91763a1579de8ef04880678b5e3.jpg","https://media.birdweather.com/species/1/HouseSparrow-png200-125e8603e1efe9d7a18316b94f06a65e.png","XAgCDwD8qpukuHiqtLZ9mImnmPFcDO4E",13659727459,"https://media.birdweather.com/soundscapes/6891/6891-20260628-143933.flac",0,3,"birdnetpi"
9199571083,6891,"2026-06-28T16:37:07.000+02:00",0.7,0.841241300106049,8.93726635776184,"almost_certain","2p4",NA,51.5621,6.0028,FALSE,1,"House Sparrow","Passer domesticus","#d16ff8","avian","https://media.birdweather.com/species/1/HouseSparrow-standard-b861184cf45c092cdb45fd689dd676ef.jpg","https://media.birdweather.com/species/1/HouseSparrow-thumbnail-e9cbc91763a1579de8ef04880678b5e3.jpg","https://media.birdweather.com/species/1/HouseSparrow-png200-125e8603e1efe9d7a18316b94f06a65e.png","XAgCDwD8qpukuHiqtLZ9mImnmPFcDO4E",13659657099,"https://media.birdweather.com/soundscapes/6891/6891-20260628-143707.flac",0,3,"birdnetpi"
9199551621,6891,"2026-06-28T16:36:24.000+02:00",0.84,0.841241300106049,9.34840964941881,"almost_certain","2p4",NA,51.569,6.0079,FALSE,1,"House Sparrow","Passer domesticus","#d16ff8","avian","https://media.birdweather.com/species/1/HouseSparrow-standard-b861184cf45c092cdb45fd689dd676ef.jpg","https://media.birdweather.com/species/1/HouseSparrow-thumbnail-e9cbc91763a1579de8ef04880678b5e3.jpg","https://media.birdweather.com/species/1/HouseSparrow-png200-125e8603e1efe9d7a18316b94f06a65e.png","XAgCDwD8qpukuHiqtLZ9mImnmPFcDO4E",13659635388,"https://media.birdweather.com/soundscapes/6891/6891-20260628-143624.flac",0,3,"birdnetpi"
9199540202,6891,"2026-06-28T16:36:00.000+02:00",0.78,0.841241300106049,9.18704689056956,"almost_certain","2p4",NA,51.5662,6.0005,FALSE,1,"House Sparrow","Passer domesticus","#d16ff8","avian","https://media.birdweather.com/species/1/HouseSparrow-standard-b861184cf45c092cdb45fd689dd676ef.jpg","https://media.birdweather.com/species/1/HouseSparrow-thumbnail-e9cbc91763a1579de8ef04880678b5e3.jpg","https://media.birdweather.com/species/1/HouseSparrow-png200-125e8603e1efe9d7a18316b94f06a65e.png","XAgCDwD8qpukuHiqtLZ9mImnmPFcDO4E",13659622553,"https://media.birdweather.com/soundscapes/6891/6891-20260628-143600.flac",0,3,"birdnetpi"
9199499762,6891,"2026-06-28T16:34:22.000+02:00",0.84,0.841241300106049,9.34840964941881,"almost_certain","2p4",NA,51.5649,6.0079,FALSE,1,"House Sparrow","Passer domesticus","#d16ff8","avian","https://media.birdweather.com/species/1/HouseSparrow-standard-b861184cf45c092cdb45fd689dd676ef.jpg","https://media.birdweather.com/species/1/HouseSparrow-thumbnail-e9cbc91763a1579de8ef04880678b5e3.jpg","https://media.birdweather.com/species/1/HouseSparrow-png200-125e8603e1efe9d7a18316b94f06a65e.png","XAgCDwD8qpukuHiqtLZ9mImnmPFcDO4E",13659577097,"https://media.birdweather.com/soundscapes/6891/6891-20260628-143422.flac",0,3,"birdnetpi"
9199487411,6891,"2026-06-28T16:33:52.000+02:00",0.78,0.841241300106049,9.18704689056956,"almost_certain","2p4",NA,51.5681,6.0049,FALSE,1,"House Sparrow","Passer domesticus","#d16ff8","avian","https://media.birdweather.com/species/1/HouseSparrow-standard-b861184cf45c092cdb45fd689dd676ef.jpg","https://media.birdweather.com/species/1/HouseSparrow-thumbnail-e9cbc91763a1579de8ef04880678b5e3.jpg","https://media.birdweather.com/species/1/HouseSparrow-png200-125e8603e1efe9d7a18316b94f06a65e.png","XAgCDwD8qpukuHiqtLZ9mImnmPFcDO4E",13659563140,"https://media.birdweather.com/soundscapes/6891/6891-20260628-143352.flac",0,3,"birdnetpi"
9199475849,6891,"2026-06-28T16:33:28.000+02:00",0.74,0.841241300106049,9.06784130409377,"almost_certain","2p4",NA,51.5694,6.0074,FALSE,1,"House Sparrow","Passer domesticus","#d16ff8","avian","https://media.birdweather.com/species/1/HouseSparrow-standard-b861184cf45c092cdb45fd689dd676ef.jpg","https://media.birdweather.com/species/1/HouseSparrow-thumbnail-e9cbc91763a1579de8ef04880678b5e3.jpg","https://media.birdweather.com/species/1/HouseSparrow-png200-125e8603e1efe9d7a18316b94f06a65e.png","XAgCDwD8qpukuHiqtLZ9mImnmPFcDO4E",13659550087,"https://media.birdweather.com/soundscapes/6891/6891-20260628-143328.flac",0,3,"birdnetpi"
9199456413,6891,"2026-06-28T16:32:40.000+02:00",0.94,0.823857188224792,9.55290345302717,"almost_certain","2p4",NA,51.568,6.0037,FALSE,53,"European Starling","Sturnus vulgaris","#96038f","avian","https://media.birdweather.com/species/53/EuropeanStarling-standard-ff3a9beb497795d3bd4205bd86cf1652.jpg","https://media.birdweather.com/species/53/EuropeanStarling-thumbnail-974e70e3ea84a4be254312c2dfe527d5.jpg","https://media.birdweather.com/species/53/EuropeanStarling-png200-c81072eef7cc54f4bd51dcb88ed45765.png","FQgGBwD4dnmbZHhapUenmGh16HWAvzoO",13659528075,"https://media.birdweather.com/soundscapes/6891/6891-20260628-143240.flac",0,3,"birdnetpi"
9199388852,6891,"2026-06-28T16:30:03.000+02:00",0.75,0.841241300106049,9.09862911661109,"almost_certain","2p4",NA,51.5685,6.0032,FALSE,1,"House Sparrow","Passer domesticus","#d16ff8","avian","https://media.birdweather.com/species/1/HouseSparrow-standard-b861184cf45c092cdb45fd689dd676ef.jpg","https://media.birdweather.com/species/1/HouseSparrow-thumbnail-e9cbc91763a1579de8ef04880678b5e3.jpg","https://media.birdweather.com/species/1/HouseSparrow-png200-125e8603e1efe9d7a18316b94f06a65e.png","XAgCDwD8qpukuHiqtLZ9mImnmPFcDO4E",13659452914,"https://media.birdweather.com/soundscapes/6891/6891-20260628-143003.flac",0,3,"birdnetpi"
9199364262,6891,"2026-06-28T16:29:07.000+02:00",0.71,0.841241300106049,8.97109523701065,"almost_certain","2p4",NA,51.5622,6.0034,FALSE,1,"House Sparrow","Passer domesticus","#d16ff8","avian","https://media.birdweather.com/species/1/HouseSparrow-standard-b861184cf45c092cdb45fd689dd676ef.jpg","https://media.birdweather.com/species/1/HouseSparrow-thumbnail-e9cbc91763a1579de8ef04880678b5e3.jpg","https://media.birdweather.com/species/1/HouseSparrow-png200-125e8603e1efe9d7a18316b94f06a65e.png","XAgCDwD8qpukuHiqtLZ9mImnmPFcDO4E",13659425488,"https://media.birdweather.com/soundscapes/6891/6891-20260628-142907.flac",0,3,"birdnetpi"
9199319065,6891,"2026-06-28T16:27:21.000+02:00",0.82,0.841241300106049,9.29670540008231,"almost_certain","2p4",NA,51.5659,6.0052,FALSE,1,"House Sparrow","Passer domesticus","#d16ff8","avian","https://media.birdweather.com/species/1/HouseSparrow-standard-b861184cf45c092cdb45fd689dd676ef.jpg","https://media.birdweather.com/species/1/HouseSparrow-thumbnail-e9cbc91763a1579de8ef04880678b5e3.jpg","https://media.birdweather.com/species/1/HouseSparrow-png200-125e8603e1efe9d7a18316b94f06a65e.png","XAgCDwD8qpukuHiqtLZ9mImnmPFcDO4E",13659374594,"https://media.birdweather.com/soundscapes/6891/6891-20260628-142721.flac",0,3,"birdnetpi"
9199294424,6891,"2026-06-28T16:26:24.000+02:00",0.94,0.651233911514282,9.23512579064096,"almost_certain","2p4",NA,51.5631,6.0036,FALSE,119,"Common House-Martin","Delichon urbicum","#53b1ff","avian","https://media.birdweather.com/species/119/CommonHouse-Martin-standard-9ffbcc688c51210fb136a162c84d82ad.jpg","https://media.birdweather.com/species/119/CommonHouse-Martin-thumbnail-dd7059ca6235347c3097e7a66f04df95.jpg","https://media.birdweather.com/species/119/CommonHouse-Martin-png200-a73a8953ce2af50676da81e70b2746b2.png","YhgKDwKJd4iIiHd/h5h5d4mIeQqVllAH",13659347175,"https://media.birdweather.com/soundscapes/6891/6891-20260628-142624.flac",0,3,"birdnetpi"
9199278852,6891,"2026-06-28T16:25:48.000+02:00",0.79,0.651233911514282,8.86924977484977,"almost_certain","2p4",NA,51.5653,6.0069,FALSE,119,"Common House-Martin","Delichon urbicum","#53b1ff","avian","https://media.birdweather.com/species/119/CommonHouse-Martin-standard-9ffbcc688c51210fb136a162c84d82ad.jpg","https://media.birdweather.com/species/119/CommonHouse-Martin-thumbnail-dd7059ca6235347c3097e7a66f04df95.jpg","https://media.birdweather.com/species/119/CommonHouse-Martin-png200-a73a8953ce2af50676da81e70b2746b2.png","YhgKDwKJd4iIiHd/h5h5d4mIeQqVllAH",13659329810,"https://media.birdweather.com/soundscapes/6891/6891-20260628-142548.flac",0,3,"birdnetpi"
9199265565,6891,"2026-06-28T16:25:18.000+02:00",0.85,0.841241300106049,9.37354796939423,"almost_certain","2p4",NA,51.5625,6.0037,FALSE,1,"House Sparrow","Passer domesticus","#d16ff8","avian","https://media.birdweather.com/species/1/HouseSparrow-standard-b861184cf45c092cdb45fd689dd676ef.jpg","https://media.birdweather.com/species/1/HouseSparrow-thumbnail-e9cbc91763a1579de8ef04880678b5e3.jpg","https://media.birdweather.com/species/1/HouseSparrow-png200-125e8603e1efe9d7a18316b94f06a65e.png","XAgCDwD8qpukuHiqtLZ9mImnmPFcDO4E",13659315326,"https://media.birdweather.com/soundscapes/6891/6891-20260628-142518.flac",0,3,"birdnetpi"
9199253975,6891,"2026-06-28T16:24:57.000+02:00",0.95,0.841241300106049,9.60241206538277,"almost_certain","2p4",NA,51.5648,6.0022,FALSE,1,"House Sparrow","Passer domesticus","#d16ff8","avian","https://media.birdweather.com/species/1/HouseSparrow-standard-b861184cf45c092cdb45fd689dd676ef.jpg","https://media.birdweather.com/species/1/HouseSparrow-thumbnail-e9cbc91763a1579de8ef04880678b5e3.jpg","https://media.birdweather.com/species/1/HouseSparrow-png200-125e8603e1efe9d7a18316b94f06a65e.png","XAgCDwD8qpukuHiqtLZ9mImnmPFcDO4E",13659302213,"https://media.birdweather.com/soundscapes/6891/6891-20260628-142457.flac",0,3,"birdnetpi"
9199241616,6891,"2026-06-28T16:24:24.000+02:00",0.98,0.841241300106049,9.66422706171702,"almost_certain","2p4",NA,51.5634,6.0009,FALSE,1,"House Sparrow","Passer domesticus","#d16ff8","avian","https://media.birdweather.com/species/1/HouseSparrow-standard-b861184cf45c092cdb45fd689dd676ef.jpg","https://media.birdweather.com/species/1/HouseSparrow-thumbnail-e9cbc91763a1579de8ef04880678b5e3.jpg","https://media.birdweather.com/species/1/HouseSparrow-png200-125e8603e1efe9d7a18316b94f06a65e.png","XAgCDwD8qpukuHiqtLZ9mImnmPFcDO4E",13659288693,"https://media.birdweather.com/soundscapes/6891/6891-20260628-142424.flac",0,3,"birdnetpi"
9199229693,6891,"2026-06-28T16:24:00.000+02:00",0.87,0.841241300106049,9.42248174255908,"almost_certain","2p4",NA,51.5667,6.009,FALSE,1,"House Sparrow","Passer domesticus","#d16ff8","avian","https://media.birdweather.com/species/1/HouseSparrow-standard-b861184cf45c092cdb45fd689dd676ef.jpg","https://media.birdweather.com/species/1/HouseSparrow-thumbnail-e9cbc91763a1579de8ef04880678b5e3.jpg","https://media.birdweather.com/species/1/HouseSparrow-png200-125e8603e1efe9d7a18316b94f06a65e.png","XAgCDwD8qpukuHiqtLZ9mImnmPFcDO4E",13659275128,"https://media.birdweather.com/soundscapes/6891/6891-20260628-142400.flac",0,3,"birdnetpi"
9199221393,6891,"2026-06-28T16:23:36.000+02:00",0.79,0.841241300106049,9.21529531403731,"almost_certain","2p4",NA,51.5663,6.0034,FALSE,1,"House Sparrow","Passer domesticus","#d16ff8","avian","https://media.birdweather.com/species/1/HouseSparrow-standard-b861184cf45c092cdb45fd689dd676ef.jpg","https://media.birdweather.com/species/1/HouseSparrow-thumbnail-e9cbc91763a1579de8ef04880678b5e3.jpg","https://media.birdweather.com/species/1/HouseSparrow-png200-125e8603e1efe9d7a18316b94f06a65e.png","XAgCDwD8qpukuHiqtLZ9mImnmPFcDO4E",13659265899,"https://media.birdweather.com/soundscapes/6891/6891-20260628-142336.flac",0,3,"birdnetpi"
9199207597,6891,"2026-06-28T16:23:04.000+02:00",0.74,0.841241300106049,9.06784130409377,"almost_certain","2p4",NA,51.5673,6.0038,FALSE,1,"House Sparrow","Passer domesticus","#d16ff8","avian","https://media.birdweather.com/species/1/HouseSparrow-standard-b861184cf45c092cdb45fd689dd676ef.jpg","https://media.birdweather.com/species/1/HouseSparrow-thumbnail-e9cbc91763a1579de8ef04880678b5e3.jpg","https://media.birdweather.com/species/1/HouseSparrow-png200-125e8603e1efe9d7a18316b94f06a65e.png","XAgCDwD8qpukuHiqtLZ9mImnmPFcDO4E",13659250364,"https://media.birdweather.com/soundscapes/6891/6891-20260628-142304.flac",0,3,"birdnetpi"
9199197524,6891,"2026-06-28T16:22:42.000+02:00",0.78,0.841241300106049,9.18704689056956,"almost_certain","2p4",NA,51.5623,6.0055,FALSE,1,"House Sparrow","Passer domesticus","#d16ff8","avian","https://media.birdweather.com/species/1/HouseSparrow-standard-b861184cf45c092cdb45fd689dd676ef.jpg","https://media.birdweather.com/species/1/HouseSparrow-thumbnail-e9cbc91763a1579de8ef04880678b5e3.jpg","https://media.birdweather.com/species/1/HouseSparrow-png200-125e8603e1efe9d7a18316b94f06a65e.png","XAgCDwD8qpukuHiqtLZ9mImnmPFcDO4E",13659238748,"https://media.birdweather.com/soundscapes/6891/6891-20260628-142242.flac",0,3,"birdnetpi"
9199188464,6891,"2026-06-28T16:22:19.000+02:00",0.72,0.841241300106049,9.00410888267396,"almost_certain","2p4",NA,51.5683,6.0015,FALSE,1,"House Sparrow","Passer domesticus","#d16ff8","avian","https://media.birdweather.com/species/1/HouseSparrow-standard-b861184cf45c092cdb45fd689dd676ef.jpg","https://media.birdweather.com/species/1/HouseSparrow-thumbnail-e9cbc91763a1579de8ef04880678b5e3.jpg","https://media.birdweather.com/species/1/HouseSparrow-png200-125e8603e1efe9d7a18316b94f06a65e.png","XAgCDwD8qpukuHiqtLZ9mImnmPFcDO4E",13659228638,"https://media.birdweather.com/soundscapes/6891/6891-20260628-142219.flac",0,3,"birdnetpi"
9199176787,6891,"2026-06-28T16:22:04.000+02:00",0.88,0.841241300106049,9.44630843007434,"almost_certain","2p4",NA,51.5654,6.0039,FALSE,1,"House Sparrow","Passer domesticus","#d16ff8","avian","https://media.birdweather.com/species/1/HouseSparrow-standard-b861184cf45c092cdb45fd689dd676ef.jpg","https://media.birdweather.com/species/1/HouseSparrow-thumbnail-e9cbc91763a1579de8ef04880678b5e3.jpg","https://media.birdweather.com/species/1/HouseSparrow-png200-125e8603e1efe9d7a18316b94f06a65e.png","XAgCDwD8qpukuHiqtLZ9mImnmPFcDO4E",13659215637,"https://media.birdweather.com/soundscapes/6891/6891-20260628-142204.flac",0,3,"birdnetpi"
9199112266,6891,"2026-06-28T16:19:22.000+02:00",0.72,0.841241300106049,9.00410888267396,"almost_certain","2p4",NA,51.5675,6.0042,FALSE,1,"House Sparrow","Passer domesticus","#d16ff8","avian","https://media.birdweather.com/species/1/HouseSparrow-standard-b861184cf45c092cdb45fd689dd676ef.jpg","https://media.birdweather.com/species/1/HouseSparrow-thumbnail-e9cbc91763a1579de8ef04880678b5e3.jpg","https://media.birdweather.com/species/1/HouseSparrow-png200-125e8603e1efe9d7a18316b94f06a65e.png","XAgCDwD8qpukuHiqtLZ9mImnmPFcDO4E",13659143257,"https://media.birdweather.com/soundscapes/6891/6891-20260628-141922.flac",0,3,"birdnetpi"
9199050917,6891,"2026-06-28T16:17:04.000+02:00",0.8,0.841241300106049,9.24297302306231,"almost_certain","2p4",NA,51.5647,6.0008,FALSE,1,"House Sparrow","Passer domesticus","#d16ff8","avian","https://media.birdweather.com/species/1/HouseSparrow-standard-b861184cf45c092cdb45fd689dd676ef.jpg","https://media.birdweather.com/species/1/HouseSparrow-thumbnail-e9cbc91763a1579de8ef04880678b5e3.jpg","https://media.birdweather.com/species/1/HouseSparrow-png200-125e8603e1efe9d7a18316b94f06a65e.png","XAgCDwD8qpukuHiqtLZ9mImnmPFcDO4E",13659076539,"https://media.birdweather.com/soundscapes/6891/6891-20260628-141704.flac",0,3,"birdnetpi"
9199040159,6891,"2026-06-28T16:16:45.000+02:00",0.81,0.841241300106049,9.27010262245808,"almost_certain","2p4",NA,51.5633,6.0044,FALSE,1,"House Sparrow","Passer domesticus","#d16ff8","avian","https://media.birdweather.com/species/1/HouseSparrow-standard-b861184cf45c092cdb45fd689dd676ef.jpg","https://media.birdweather.com/species/1/HouseSparrow-thumbnail-e9cbc91763a1579de8ef04880678b5e3.jpg","https://media.birdweather.com/species/1/HouseSparrow-png200-125e8603e1efe9d7a18316b94f06a65e.png","XAgCDwD8qpukuHiqtLZ9mImnmPFcDO4E",13659063936,"https://media.birdweather.com/soundscapes/6891/6891-20260628-141645.flac",0,3,"birdnetpi"
9199032721,6891,"2026-06-28T16:16:24.000+02:00",0.7,0.841241300106049,8.93726635776184,"almost_certain","2p4",NA,51.564,6.009,FALSE,1,"House Sparrow","Passer domesticus","#d16ff8","avian","https://media.birdweather.com/species/1/HouseSparrow-standard-b861184cf45c092cdb45fd689dd676ef.jpg","https://media.birdweather.com/species/1/HouseSparrow-thumbnail-e9cbc91763a1579de8ef04880678b5e3.jpg","https://media.birdweather.com/species/1/HouseSparrow-png200-125e8603e1efe9d7a18316b94f06a65e.png","XAgCDwD8qpukuHiqtLZ9mImnmPFcDO4E",13659055656,"https://media.birdweather.com/soundscapes/6891/6891-20260628-141624.flac",0,3,"birdnetpi"
9199025668,6891,"2026-06-28T16:16:04.000+02:00",0.87,0.841241300106049,9.42248174255908,"almost_certain","2p4",NA,51.5643,6.0014,FALSE,1,"House Sparrow","Passer domesticus","#d16ff8","avian","https://media.birdweather.com/species/1/HouseSparrow-standard-b861184cf45c092cdb45fd689dd676ef.jpg","https://media.birdweather.com/species/1/HouseSparrow-thumbnail-e9cbc91763a1579de8ef04880678b5e3.jpg","https://media.birdweather.com/species/1/HouseSparrow-png200-125e8603e1efe9d7a18316b94f06a65e.png","XAgCDwD8qpukuHiqtLZ9mImnmPFcDO4E",13659047945,"https://media.birdweather.com/soundscapes/6891/6891-20260628-141604.flac",0,3,"birdnetpi"
9199013993,6891,"2026-06-28T16:15:44.000+02:00",0.81,0.841241300106049,9.27010262245808,"almost_certain","2p4",NA,51.5653,6.0004,FALSE,1,"House Sparrow","Passer domesticus","#d16ff8","avian","https://media.birdweather.com/species/1/HouseSparrow-standard-b861184cf45c092cdb45fd689dd676ef.jpg","https://media.birdweather.com/species/1/HouseSparrow-thumbnail-e9cbc91763a1579de8ef04880678b5e3.jpg","https://media.birdweather.com/species/1/HouseSparrow-png200-125e8603e1efe9d7a18316b94f06a65e.png","XAgCDwD8qpukuHiqtLZ9mImnmPFcDO4E",13659034915,"https://media.birdweather.com/soundscapes/6891/6891-20260628-141544.flac",0,3,"birdnetpi"
9198998500,6891,"2026-06-28T16:15:10.000+02:00",0.93,0.841241300106049,9.55959608078215,"almost_certain","2p4",NA,51.5652,6.0061,FALSE,1,"House Sparrow","Passer domesticus","#d16ff8","avian","https://media.birdweather.com/species/1/HouseSparrow-standard-b861184cf45c092cdb45fd689dd676ef.jpg","https://media.birdweather.com/species/1/HouseSparrow-thumbnail-e9cbc91763a1579de8ef04880678b5e3.jpg","https://media.birdweather.com/species/1/HouseSparrow-png200-125e8603e1efe9d7a18316b94f06a65e.png","XAgCDwD8qpukuHiqtLZ9mImnmPFcDO4E",13659017990,"https://media.birdweather.com/soundscapes/6891/6891-20260628-141510.flac",0,3,"birdnetpi"
9198991390,6891,"2026-06-28T16:14:47.000+02:00",0.71,0.841241300106049,8.97109523701065,"almost_certain","2p4",NA,51.5632,6.0032,FALSE,1,"House Sparrow","Passer domesticus","#d16ff8","avian","https://media.birdweather.com/species/1/HouseSparrow-standard-b861184cf45c092cdb45fd689dd676ef.jpg","https://media.birdweather.com/species/1/HouseSparrow-thumbnail-e9cbc91763a1579de8ef04880678b5e3.jpg","https://media.birdweather.com/species/1/HouseSparrow-png200-125e8603e1efe9d7a18316b94f06a65e.png","XAgCDwD8qpukuHiqtLZ9mImnmPFcDO4E",13659010211,"https://media.birdweather.com/soundscapes/6891/6891-20260628-141447.flac",0,3,"birdnetpi"
9198979940,6891,"2026-06-28T16:14:30.000+02:00",0.89,0.841241300106049,9.46972780377659,"almost_certain","2p4",NA,51.5668,6.0054,FALSE,1,"House Sparrow","Passer domesticus","#d16ff8","avian","https://media.birdweather.com/species/1/HouseSparrow-standard-b861184cf45c092cdb45fd689dd676ef.jpg","https://media.birdweather.com/species/1/HouseSparrow-thumbnail-e9cbc91763a1579de8ef04880678b5e3.jpg","https://media.birdweather.com/species/1/HouseSparrow-png200-125e8603e1efe9d7a18316b94f06a65e.png","XAgCDwD8qpukuHiqtLZ9mImnmPFcDO4E",13658997328,"https://media.birdweather.com/soundscapes/6891/6891-20260628-141430.flac",0,3,"birdnetpi"
9198922795,6891,"2026-06-28T16:12:08.000+02:00",0.82,0.998033106327057,9.52831849660845,"almost_certain","2p4",NA,51.5646,6.0081,FALSE,35,"Eurasian Blackbird","Turdus merula","#ff65df","avian","https://media.birdweather.com/species/35/EurasianBlackbird-standard-618b3a5132c7c359fb2a2884c39deb39.jpg","https://media.birdweather.com/species/35/EurasianBlackbird-thumbnail-276878929bed08167d1fd9bf34d63d40.jpg","https://media.birdweather.com/species/35/EurasianBlackbird-png200-ba5a1b43225da4611cac429c52a52c81.png","GfkFFwKRmrx2ZYiaaQe69nlzScn3T7IA",13658933603,"https://media.birdweather.com/soundscapes/6891/6891-20260628-141208.flac",0,3,"birdnetpi"
9198875461,6891,"2026-06-28T16:10:18.000+02:00",0.7,0.841241300106049,8.93726635776184,"almost_certain","2p4",NA,51.5676,6.0021,FALSE,1,"House Sparrow","Passer domesticus","#d16ff8","avian","https://media.birdweather.com/species/1/HouseSparrow-standard-b861184cf45c092cdb45fd689dd676ef.jpg","https://media.birdweather.com/species/1/HouseSparrow-thumbnail-e9cbc91763a1579de8ef04880678b5e3.jpg","https://media.birdweather.com/species/1/HouseSparrow-png200-125e8603e1efe9d7a18316b94f06a65e.png","XAgCDwD8qpukuHiqtLZ9mImnmPFcDO4E",13658880292,"https://media.birdweather.com/soundscapes/6891/6891-20260628-141018.flac",0,3,"birdnetpi"
9198861240,6891,"2026-06-28T16:09:54.000+02:00",0.8,0.841241300106049,9.24297302306231,"almost_certain","2p4",NA,51.5677,6.0023,FALSE,1,"House Sparrow","Passer domesticus","#d16ff8","avian","https://media.birdweather.com/species/1/HouseSparrow-standard-b861184cf45c092cdb45fd689dd676ef.jpg","https://media.birdweather.com/species/1/HouseSparrow-thumbnail-e9cbc91763a1579de8ef04880678b5e3.jpg","https://media.birdweather.com/species/1/HouseSparrow-png200-125e8603e1efe9d7a18316b94f06a65e.png","XAgCDwD8qpukuHiqtLZ9mImnmPFcDO4E",13658864747,"https://media.birdweather.com/soundscapes/6891/6891-20260628-140954.flac",0,3,"birdnetpi"
9198849661,6891,"2026-06-28T16:09:31.000+02:00",0.85,0.841241300106049,9.37354796939423,"almost_certain","2p4",NA,51.5703,6.0012,FALSE,1,"House Sparrow","Passer domesticus","#d16ff8","avian","https://media.birdweather.com/species/1/HouseSparrow-standard-b861184cf45c092cdb45fd689dd676ef.jpg","https://media.birdweather.com/species/1/HouseSparrow-thumbnail-e9cbc91763a1579de8ef04880678b5e3.jpg","https://media.birdweather.com/species/1/HouseSparrow-png200-125e8603e1efe9d7a18316b94f06a65e.png","XAgCDwD8qpukuHiqtLZ9mImnmPFcDO4E",13658851738,"https://media.birdweather.com/soundscapes/6891/6891-20260628-140931.flac",0,3,"birdnetpi"
9198838844,6891,"2026-06-28T16:09:06.000+02:00",0.75,0.841241300106049,9.09862911661109,"almost_certain","2p4",NA,51.5654,6.0052,FALSE,1,"House Sparrow","Passer domesticus","#d16ff8","avian","https://media.birdweather.com/species/1/HouseSparrow-standard-b861184cf45c092cdb45fd689dd676ef.jpg","https://media.birdweather.com/species/1/HouseSparrow-thumbnail-e9cbc91763a1579de8ef04880678b5e3.jpg","https://media.birdweather.com/species/1/HouseSparrow-png200-125e8603e1efe9d7a18316b94f06a65e.png","XAgCDwD8qpukuHiqtLZ9mImnmPFcDO4E",13658839640,"https://media.birdweather.com/soundscapes/6891/6891-20260628-140906.flac",0,3,"birdnetpi"
9198829828,6891,"2026-06-28T16:08:34.000+02:00",0.8,0.938615620136261,9.39135504135758,"almost_certain","2p4",NA,51.5656,6.0046,FALSE,397,"Barn Swallow","Hirundo rustica","#c85500","avian","https://media.birdweather.com/species/397/BarnSwallow-standard-66c9cb8916403efe633a420fe54e3bc6.jpg","https://media.birdweather.com/species/397/BarnSwallow-thumbnail-418cddeb212e9e1ce5d35f61a3040433.jpg","https://media.birdweather.com/species/397/BarnSwallow-png200-317c812ebfcec488fad1824feff99dbc.png","IAgKHwKLhnmThXdPl1i3p3ll51f4jngP",13658829946,"https://media.birdweather.com/soundscapes/6891/6891-20260628-140834.flac",0,3,"birdnetpi"
9198822839,6891,"2026-06-28T16:08:22.000+02:00",0.71,0.841241300106049,8.97109523701065,"almost_certain","2p4",NA,51.568,6.002,FALSE,1,"House Sparrow","Passer domesticus","#d16ff8","avian","https://media.birdweather.com/species/1/HouseSparrow-standard-b861184cf45c092cdb45fd689dd676ef.jpg","https://media.birdweather.com/species/1/HouseSparrow-thumbnail-e9cbc91763a1579de8ef04880678b5e3.jpg","https://media.birdweather.com/species/1/HouseSparrow-png200-125e8603e1efe9d7a18316b94f06a65e.png","XAgCDwD8qpukuHiqtLZ9mImnmPFcDO4E",13658822249,"https://media.birdweather.com/soundscapes/6891/6891-20260628-140822.flac",0,3,"birdnetpi"
9198815791,6891,"2026-06-28T16:08:06.000+02:00",0.8,0.841241300106049,9.24297302306231,"almost_certain","2p4",NA,51.5659,6.0063,FALSE,1,"House Sparrow","Passer domesticus","#d16ff8","avian","https://media.birdweather.com/species/1/HouseSparrow-standard-b861184cf45c092cdb45fd689dd676ef.jpg","https://media.birdweather.com/species/1/HouseSparrow-thumbnail-e9cbc91763a1579de8ef04880678b5e3.jpg","https://media.birdweather.com/species/1/HouseSparrow-png200-125e8603e1efe9d7a18316b94f06a65e.png","XAgCDwD8qpukuHiqtLZ9mImnmPFcDO4E",13658814535,"https://media.birdweather.com/soundscapes/6891/6891-20260628-140806.flac",0,3,"birdnetpi"
9198770291,6891,"2026-06-28T16:06:19.000+02:00",0.73,0.938615620136261,9.1847276824212,"almost_certain","2p4",NA,51.5699,6.0027,FALSE,397,"Barn Swallow","Hirundo rustica","#c85500","avian","https://media.birdweather.com/species/397/BarnSwallow-standard-66c9cb8916403efe633a420fe54e3bc6.jpg","https://media.birdweather.com/species/397/BarnSwallow-thumbnail-418cddeb212e9e1ce5d35f61a3040433.jpg","https://media.birdweather.com/species/397/BarnSwallow-png200-317c812ebfcec488fad1824feff99dbc.png","IAgKHwKLhnmThXdPl1i3p3ll51f4jngP",13658764326,"https://media.birdweather.com/soundscapes/6891/6891-20260628-140619.flac",0,3,"birdnetpi"
9198761563,6891,"2026-06-28T16:05:58.000+02:00",0.75,0.841241300106049,9.09862911661109,"almost_certain","2p4",NA,51.5655,6.0055,FALSE,1,"House Sparrow","Passer domesticus","#d16ff8","avian","https://media.birdweather.com/species/1/HouseSparrow-standard-b861184cf45c092cdb45fd689dd676ef.jpg","https://media.birdweather.com/species/1/HouseSparrow-thumbnail-e9cbc91763a1579de8ef04880678b5e3.jpg","https://media.birdweather.com/species/1/HouseSparrow-png200-125e8603e1efe9d7a18316b94f06a65e.png","XAgCDwD8qpukuHiqtLZ9mImnmPFcDO4E",13658754476,"https://media.birdweather.com/soundscapes/6891/6891-20260628-140558.flac",0,3,"birdnetpi"
9198760302,6891,"2026-06-28T16:05:55.000+02:00",0.83,0.938615620136261,9.47118344548742,"almost_certain","2p4",NA,51.5679,6.0071,FALSE,397,"Barn Swallow","Hirundo rustica","#c85500","avian","https://media.birdweather.com/species/397/BarnSwallow-standard-66c9cb8916403efe633a420fe54e3bc6.jpg","https://media.birdweather.com/species/397/BarnSwallow-thumbnail-418cddeb212e9e1ce5d35f61a3040433.jpg","https://media.birdweather.com/species/397/BarnSwallow-png200-317c812ebfcec488fad1824feff99dbc.png","IAgKHwKLhnmThXdPl1i3p3ll51f4jngP",13658753030,"https://media.birdweather.com/soundscapes/6891/6891-20260628-140555.flac",0,3,"birdnetpi"
9198733817,6891,"2026-06-28T16:05:04.000+02:00",0.9,0.841241300106049,9.49275355587003,"almost_certain","2p4",NA,51.5675,6.0037,FALSE,1,"House Sparrow","Passer domesticus","#d16ff8","avian","https://media.birdweather.com/species/1/HouseSparrow-standard-b861184cf45c092cdb45fd689dd676ef.jpg","https://media.birdweather.com/species/1/HouseSparrow-thumbnail-e9cbc91763a1579de8ef04880678b5e3.jpg","https://media.birdweather.com/species/1/HouseSparrow-png200-125e8603e1efe9d7a18316b94f06a65e.png","XAgCDwD8qpukuHiqtLZ9mImnmPFcDO4E",13658723910,"https://media.birdweather.com/soundscapes/6891/6891-20260628-140504.flac",0,3,"birdnetpi"
9198722745,6891,"2026-06-28T16:04:36.000+02:00",0.93,0.841241300106049,9.55959608078215,"almost_certain","2p4",NA,51.5625,6.0052,FALSE,1,"House Sparrow","Passer domesticus","#d16ff8","avian","https://media.birdweather.com/species/1/HouseSparrow-standard-b861184cf45c092cdb45fd689dd676ef.jpg","https://media.birdweather.com/species/1/HouseSparrow-thumbnail-e9cbc91763a1579de8ef04880678b5e3.jpg","https://media.birdweather.com/species/1/HouseSparrow-png200-125e8603e1efe9d7a18316b94f06a65e.png","XAgCDwD8qpukuHiqtLZ9mImnmPFcDO4E",13658711456,"https://media.birdweather.com/soundscapes/6891/6891-20260628-140436.flac",0,3,"birdnetpi"
9198711014,6891,"2026-06-28T16:04:03.000+02:00",0.92,0.841241300106049,9.53767561313752,"almost_certain","2p4",NA,51.5653,6.0039,FALSE,1,"House Sparrow","Passer domesticus","#d16ff8","avian","https://media.birdweather.com/species/1/HouseSparrow-standard-b861184cf45c092cdb45fd689dd676ef.jpg","https://media.birdweather.com/species/1/HouseSparrow-thumbnail-e9cbc91763a1579de8ef04880678b5e3.jpg","https://media.birdweather.com/species/1/HouseSparrow-png200-125e8603e1efe9d7a18316b94f06a65e.png","XAgCDwD8qpukuHiqtLZ9mImnmPFcDO4E",13658698417,"https://media.birdweather.com/soundscapes/6891/6891-20260628-140403.flac",0,3,"birdnetpi"
9198698916,6891,"2026-06-28T16:03:36.000+02:00",0.9,0.841241300106049,9.49275355587003,"almost_certain","2p4",NA,51.5693,6.0063,FALSE,1,"House Sparrow","Passer domesticus","#d16ff8","avian","https://media.birdweather.com/species/1/HouseSparrow-standard-b861184cf45c092cdb45fd689dd676ef.jpg","https://media.birdweather.com/species/1/HouseSparrow-thumbnail-e9cbc91763a1579de8ef04880678b5e3.jpg","https://media.birdweather.com/species/1/HouseSparrow-png200-125e8603e1efe9d7a18316b94f06a65e.png","XAgCDwD8qpukuHiqtLZ9mImnmPFcDO4E",13658684791,"https://media.birdweather.com/soundscapes/6891/6891-20260628-140336.flac",0,3,"birdnetpi"
9198687576,6891,"2026-06-28T16:03:10.000+02:00",0.87,0.841241300106049,9.42248174255908,"almost_certain","2p4",NA,51.5676,6.0073,FALSE,1,"House Sparrow","Passer domesticus","#d16ff8","avian","https://media.birdweather.com/species/1/HouseSparrow-standard-b861184cf45c092cdb45fd689dd676ef.jpg","https://media.birdweather.com/species/1/HouseSparrow-thumbnail-e9cbc91763a1579de8ef04880678b5e3.jpg","https://media.birdweather.com/species/1/HouseSparrow-png200-125e8603e1efe9d7a18316b94f06a65e.png","XAgCDwD8qpukuHiqtLZ9mImnmPFcDO4E",13658672222,"https://media.birdweather.com/soundscapes/6891/6891-20260628-140310.flac",0,3,"birdnetpi"
9198675726,6891,"2026-06-28T16:02:52.000+02:00",0.83,0.841241300106049,9.32280142719216,"almost_certain","2p4",NA,51.5633,6.0078,FALSE,1,"House Sparrow","Passer domesticus","#d16ff8","avian","https://media.birdweather.com/species/1/HouseSparrow-standard-b861184cf45c092cdb45fd689dd676ef.jpg","https://media.birdweather.com/species/1/HouseSparrow-thumbnail-e9cbc91763a1579de8ef04880678b5e3.jpg","https://media.birdweather.com/species/1/HouseSparrow-png200-125e8603e1efe9d7a18316b94f06a65e.png","XAgCDwD8qpukuHiqtLZ9mImnmPFcDO4E",13658659116,"https://media.birdweather.com/soundscapes/6891/6891-20260628-140252.flac",0,3,"birdnetpi"
9198669348,6891,"2026-06-28T16:02:27.000+02:00",0.7,0.841241300106049,8.93726635776184,"almost_certain","2p4",NA,51.5678,6.0011,FALSE,1,"House Sparrow","Passer domesticus","#d16ff8","avian","https://media.birdweather.com/species/1/HouseSparrow-standard-b861184cf45c092cdb45fd689dd676ef.jpg","https://media.birdweather.com/species/1/HouseSparrow-thumbnail-e9cbc91763a1579de8ef04880678b5e3.jpg","https://media.birdweather.com/species/1/HouseSparrow-png200-125e8603e1efe9d7a18316b94f06a65e.png","XAgCDwD8qpukuHiqtLZ9mImnmPFcDO4E",13658651903,"https://media.birdweather.com/soundscapes/6891/6891-20260628-140227.flac",0,3,"birdnetpi"
9198657019,6891,"2026-06-28T16:02:00.000+02:00",0.88,0.841241300106049,9.44630843007434,"almost_certain","2p4",NA,51.5657,6.0071,FALSE,1,"House Sparrow","Passer domesticus","#d16ff8","avian","https://media.birdweather.com/species/1/HouseSparrow-standard-b861184cf45c092cdb45fd689dd676ef.jpg","https://media.birdweather.com/species/1/HouseSparrow-thumbnail-e9cbc91763a1579de8ef04880678b5e3.jpg","https://media.birdweather.com/species/1/HouseSparrow-png200-125e8603e1efe9d7a18316b94f06a65e.png","XAgCDwD8qpukuHiqtLZ9mImnmPFcDO4E",13658638415,"https://media.birdweather.com/soundscapes/6891/6891-20260628-140200.flac",0,3,"birdnetpi"
9198645320,6891,"2026-06-28T16:01:36.000+02:00",0.88,0.841241300106049,9.44630843007434,"almost_certain","2p4",NA,51.566,6.002,FALSE,1,"House Sparrow","Passer domesticus","#d16ff8","avian","https://media.birdweather.com/species/1/HouseSparrow-standard-b861184cf45c092cdb45fd689dd676ef.jpg","https://media.birdweather.com/species/1/HouseSparrow-thumbnail-e9cbc91763a1579de8ef04880678b5e3.jpg","https://media.birdweather.com/species/1/HouseSparrow-png200-125e8603e1efe9d7a18316b94f06a65e.png","XAgCDwD8qpukuHiqtLZ9mImnmPFcDO4E",13658625271,"https://media.birdweather.com/soundscapes/6891/6891-20260628-140136.flac",0,3,"birdnetpi"
9198633841,6891,"2026-06-28T16:01:15.000+02:00",0.92,0.841241300106049,9.53767561313752,"almost_certain","2p4",NA,51.5618,6.0038,FALSE,1,"House Sparrow","Passer domesticus","#d16ff8","avian","https://media.birdweather.com/species/1/HouseSparrow-standard-b861184cf45c092cdb45fd689dd676ef.jpg","https://media.birdweather.com/species/1/HouseSparrow-thumbnail-e9cbc91763a1579de8ef04880678b5e3.jpg","https://media.birdweather.com/species/1/HouseSparrow-png200-125e8603e1efe9d7a18316b94f06a65e.png","XAgCDwD8qpukuHiqtLZ9mImnmPFcDO4E",13658612326,"https://media.birdweather.com/soundscapes/6891/6891-20260628-140115.flac",0,3,"birdnetpi"
9198622128,6891,"2026-06-28T16:00:37.000+02:00",0.76,0.841241300106049,9.12874021881581,"almost_certain","2p4",NA,51.5688,6.0072,FALSE,1,"House Sparrow","Passer domesticus","#d16ff8","avian","https://media.birdweather.com/species/1/HouseSparrow-standard-b861184cf45c092cdb45fd689dd676ef.jpg","https://media.birdweather.com/species/1/HouseSparrow-thumbnail-e9cbc91763a1579de8ef04880678b5e3.jpg","https://media.birdweather.com/species/1/HouseSparrow-png200-125e8603e1efe9d7a18316b94f06a65e.png","XAgCDwD8qpukuHiqtLZ9mImnmPFcDO4E",13658599155,"https://media.birdweather.com/soundscapes/6891/6891-20260628-140037.flac",0,3,"birdnetpi"
9198615570,6891,"2026-06-28T16:00:31.000+02:00",0.85,0.841241300106049,9.37354796939423,"almost_certain","2p4",NA,51.5646,6.0046,FALSE,1,"House Sparrow","Passer domesticus","#d16ff8","avian","https://media.birdweather.com/species/1/HouseSparrow-standard-b861184cf45c092cdb45fd689dd676ef.jpg","https://media.birdweather.com/species/1/HouseSparrow-thumbnail-e9cbc91763a1579de8ef04880678b5e3.jpg","https://media.birdweather.com/species/1/HouseSparrow-png200-125e8603e1efe9d7a18316b94f06a65e.png","XAgCDwD8qpukuHiqtLZ9mImnmPFcDO4E",13658591582,"https://media.birdweather.com/soundscapes/6891/6891-20260628-140031.flac",0,3,"birdnetpi"
9198603762,6891,"2026-06-28T16:00:01.000+02:00",0.89,0.841241300106049,9.46972780377659,"almost_certain","2p4",NA,51.5666,6.0008,FALSE,1,"House Sparrow","Passer domesticus","#d16ff8","avian","https://media.birdweather.com/species/1/HouseSparrow-standard-b861184cf45c092cdb45fd689dd676ef.jpg","https://media.birdweather.com/species/1/HouseSparrow-thumbnail-e9cbc91763a1579de8ef04880678b5e3.jpg","https://media.birdweather.com/species/1/HouseSparrow-png200-125e8603e1efe9d7a18316b94f06a65e.png","XAgCDwD8qpukuHiqtLZ9mImnmPFcDO4E",13658578564,"https://media.birdweather.com/soundscapes/6891/6891-20260628-140001.flac",0,3,"birdnetpi"
9198599155,6891,"2026-06-28T15:59:45.000+02:00",0.88,0.651233911514282,9.10026289088681,"almost_certain","2p4",NA,51.5628,6.008,FALSE,119,"Common House-Martin","Delichon urbicum","#53b1ff","avian","https://media.birdweather.com/species/119/CommonHouse-Martin-standard-9ffbcc688c51210fb136a162c84d82ad.jpg","https://media.birdweather.com/species/119/CommonHouse-Martin-thumbnail-dd7059ca6235347c3097e7a66f04df95.jpg","https://media.birdweather.com/species/119/CommonHouse-Martin-png200-a73a8953ce2af50676da81e70b2746b2.png","YhgKDwKJd4iIiHd/h5h5d4mIeQqVllAH",13658573247,"https://media.birdweather.com/soundscapes/6891/6891-20260628-135945.flac",0,3,"birdnetpi"
9198590794,6891,"2026-06-28T15:59:28.000+02:00",0.73,0.841241300106049,9.03634566412593,"almost_certain","2p4",NA,51.563,6.0078,FALSE,1,"House Sparrow","Passer domesticus","#d16ff8","avian","https://media.birdweather.com/species/1/HouseSparrow-standard-b861184cf45c092cdb45fd689dd676ef.jpg","https://media.birdweather.com/species/1/HouseSparrow-thumbnail-e9cbc91763a1579de8ef04880678b5e3.jpg","https://media.birdweather.com/species/1/HouseSparrow-png200-125e8603e1efe9d7a18316b94f06a65e.png","XAgCDwD8qpukuHiqtLZ9mImnmPFcDO4E",13658564115,"https://media.birdweather.com/soundscapes/6891/6891-20260628-135928.flac",0,3,"birdnetpi"
9198580594,6891,"2026-06-28T15:59:01.000+02:00",0.75,0.841241300106049,9.09862911661109,"almost_certain","2p4",NA,51.5671,6.0083,FALSE,1,"House Sparrow","Passer domesticus","#d16ff8","avian","https://media.birdweather.com/species/1/HouseSparrow-standard-b861184cf45c092cdb45fd689dd676ef.jpg","https://media.birdweather.com/species/1/HouseSparrow-thumbnail-e9cbc91763a1579de8ef04880678b5e3.jpg","https://media.birdweather.com/species/1/HouseSparrow-png200-125e8603e1efe9d7a18316b94f06a65e.png","XAgCDwD8qpukuHiqtLZ9mImnmPFcDO4E",13658552799,"https://media.birdweather.com/soundscapes/6891/6891-20260628-135901.flac",0,3,"birdnetpi"
9198568344,6891,"2026-06-28T15:58:39.000+02:00",0.85,0.841241300106049,9.37354796939423,"almost_certain","2p4",NA,51.5621,6.0041,FALSE,1,"House Sparrow","Passer domesticus","#d16ff8","avian","https://media.birdweather.com/species/1/HouseSparrow-standard-b861184cf45c092cdb45fd689dd676ef.jpg","https://media.birdweather.com/species/1/HouseSparrow-thumbnail-e9cbc91763a1579de8ef04880678b5e3.jpg","https://media.birdweather.com/species/1/HouseSparrow-png200-125e8603e1efe9d7a18316b94f06a65e.png","XAgCDwD8qpukuHiqtLZ9mImnmPFcDO4E",13658539302,"https://media.birdweather.com/soundscapes/6891/6891-20260628-135839.flac",0,3,"birdnetpi"
9198545693,6891,"2026-06-28T15:57:43.000+02:00",0.75,0.841241300106049,9.09862911661109,"almost_certain","2p4",NA,51.5689,6.0093,FALSE,1,"House Sparrow","Passer domesticus","#d16ff8","avian","https://media.birdweather.com/species/1/HouseSparrow-standard-b861184cf45c092cdb45fd689dd676ef.jpg","https://media.birdweather.com/species/1/HouseSparrow-thumbnail-e9cbc91763a1579de8ef04880678b5e3.jpg","https://media.birdweather.com/species/1/HouseSparrow-png200-125e8603e1efe9d7a18316b94f06a65e.png","XAgCDwD8qpukuHiqtLZ9mImnmPFcDO4E",13658514581,"https://media.birdweather.com/soundscapes/6891/6891-20260628-135743.flac",0,3,"birdnetpi"
9198492526,6891,"2026-06-28T15:55:46.000+02:00",0.77,0.841241300106049,9.15820371996853,"almost_certain","2p4",NA,51.5671,6.0036,FALSE,1,"House Sparrow","Passer domesticus","#d16ff8","avian","https://media.birdweather.com/species/1/HouseSparrow-standard-b861184cf45c092cdb45fd689dd676ef.jpg","https://media.birdweather.com/species/1/HouseSparrow-thumbnail-e9cbc91763a1579de8ef04880678b5e3.jpg","https://media.birdweather.com/species/1/HouseSparrow-png200-125e8603e1efe9d7a18316b94f06a65e.png","XAgCDwD8qpukuHiqtLZ9mImnmPFcDO4E",13658456366,"https://media.birdweather.com/soundscapes/6891/6891-20260628-135546.flac",0,3,"birdnetpi"
9198480108,6891,"2026-06-28T15:55:16.000+02:00",0.77,0.841241300106049,9.15820371996853,"almost_certain","2p4",NA,51.5657,6.0043,FALSE,1,"House Sparrow","Passer domesticus","#d16ff8","avian","https://media.birdweather.com/species/1/HouseSparrow-standard-b861184cf45c092cdb45fd689dd676ef.jpg","https://media.birdweather.com/species/1/HouseSparrow-thumbnail-e9cbc91763a1579de8ef04880678b5e3.jpg","https://media.birdweather.com/species/1/HouseSparrow-png200-125e8603e1efe9d7a18316b94f06a65e.png","XAgCDwD8qpukuHiqtLZ9mImnmPFcDO4E",13658442680,"https://media.birdweather.com/soundscapes/6891/6891-20260628-135516.flac",0,3,"birdnetpi"
9198468362,6891,"2026-06-28T15:55:00.000+02:00",0.79,0.841241300106049,9.21529531403731,"almost_certain","2p4",NA,51.563,6.0015,FALSE,1,"House Sparrow","Passer domesticus","#d16ff8","avian","https://media.birdweather.com/species/1/HouseSparrow-standard-b861184cf45c092cdb45fd689dd676ef.jpg","https://media.birdweather.com/species/1/HouseSparrow-thumbnail-e9cbc91763a1579de8ef04880678b5e3.jpg","https://media.birdweather.com/species/1/HouseSparrow-png200-125e8603e1efe9d7a18316b94f06a65e.png","XAgCDwD8qpukuHiqtLZ9mImnmPFcDO4E",13658430096,"https://media.birdweather.com/soundscapes/6891/6891-20260628-135500.flac",0,3,"birdnetpi"
9198460205,6891,"2026-06-28T15:54:37.000+02:00",0.78,0.841241300106049,9.18704689056956,"almost_certain","2p4",NA,51.5627,6.0014,FALSE,1,"House Sparrow","Passer domesticus","#d16ff8","avian","https://media.birdweather.com/species/1/HouseSparrow-standard-b861184cf45c092cdb45fd689dd676ef.jpg","https://media.birdweather.com/species/1/HouseSparrow-thumbnail-e9cbc91763a1579de8ef04880678b5e3.jpg","https://media.birdweather.com/species/1/HouseSparrow-png200-125e8603e1efe9d7a18316b94f06a65e.png","XAgCDwD8qpukuHiqtLZ9mImnmPFcDO4E",13658421308,"https://media.birdweather.com/soundscapes/6891/6891-20260628-135437.flac",0,3,"birdnetpi"
9198450138,6891,"2026-06-28T15:54:07.000+02:00",0.73,0.841241300106049,9.03634566412593,"almost_certain","2p4",NA,51.5653,6.0046,FALSE,1,"House Sparrow","Passer domesticus","#d16ff8","avian","https://media.birdweather.com/species/1/HouseSparrow-standard-b861184cf45c092cdb45fd689dd676ef.jpg","https://media.birdweather.com/species/1/HouseSparrow-thumbnail-e9cbc91763a1579de8ef04880678b5e3.jpg","https://media.birdweather.com/species/1/HouseSparrow-png200-125e8603e1efe9d7a18316b94f06a65e.png","XAgCDwD8qpukuHiqtLZ9mImnmPFcDO4E",13658410212,"https://media.birdweather.com/soundscapes/6891/6891-20260628-135407.flac",0,3,"birdnetpi"
9198387074,6891,"2026-06-28T15:51:46.000+02:00",0.7,0.841241300106049,8.93726635776184,"almost_certain","2p4",NA,51.569,6.0062,FALSE,1,"House Sparrow","Passer domesticus","#d16ff8","avian","https://media.birdweather.com/species/1/HouseSparrow-standard-b861184cf45c092cdb45fd689dd676ef.jpg","https://media.birdweather.com/species/1/HouseSparrow-thumbnail-e9cbc91763a1579de8ef04880678b5e3.jpg","https://media.birdweather.com/species/1/HouseSparrow-png200-125e8603e1efe9d7a18316b94f06a65e.png","XAgCDwD8qpukuHiqtLZ9mImnmPFcDO4E",13658342368,"https://media.birdweather.com/soundscapes/6891/6891-20260628-135146.flac",0,3,"birdnetpi"
9198375811,6891,"2026-06-28T15:51:22.000+02:00",0.7,0.841241300106049,8.93726635776184,"almost_certain","2p4",NA,51.5645,6.0019,FALSE,1,"House Sparrow","Passer domesticus","#d16ff8","avian","https://media.birdweather.com/species/1/HouseSparrow-standard-b861184cf45c092cdb45fd689dd676ef.jpg","https://media.birdweather.com/species/1/HouseSparrow-thumbnail-e9cbc91763a1579de8ef04880678b5e3.jpg","https://media.birdweather.com/species/1/HouseSparrow-png200-125e8603e1efe9d7a18316b94f06a65e.png","XAgCDwD8qpukuHiqtLZ9mImnmPFcDO4E",13658330125,"https://media.birdweather.com/soundscapes/6891/6891-20260628-135122.flac",0,3,"birdnetpi"
9198366824,6891,"2026-06-28T15:51:12.000+02:00",0.73,0.841241300106049,9.03634566412593,"almost_certain","2p4",NA,51.5659,6.0055,FALSE,1,"House Sparrow","Passer domesticus","#d16ff8","avian","https://media.birdweather.com/species/1/HouseSparrow-standard-b861184cf45c092cdb45fd689dd676ef.jpg","https://media.birdweather.com/species/1/HouseSparrow-thumbnail-e9cbc91763a1579de8ef04880678b5e3.jpg","https://media.birdweather.com/species/1/HouseSparrow-png200-125e8603e1efe9d7a18316b94f06a65e.png","XAgCDwD8qpukuHiqtLZ9mImnmPFcDO4E",13658320509,"https://media.birdweather.com/soundscapes/6891/6891-20260628-135112.flac",0,3,"birdnetpi"
9198355840,6891,"2026-06-28T15:50:42.000+02:00",0.71,0.841241300106049,8.97109523701065,"almost_certain","2p4",NA,51.5692,6.002,FALSE,1,"House Sparrow","Passer domesticus","#d16ff8","avian","https://media.birdweather.com/species/1/HouseSparrow-standard-b861184cf45c092cdb45fd689dd676ef.jpg","https://media.birdweather.com/species/1/HouseSparrow-thumbnail-e9cbc91763a1579de8ef04880678b5e3.jpg","https://media.birdweather.com/species/1/HouseSparrow-png200-125e8603e1efe9d7a18316b94f06a65e.png","XAgCDwD8qpukuHiqtLZ9mImnmPFcDO4E",13658308468,"https://media.birdweather.com/soundscapes/6891/6891-20260628-135042.flac",0,3,"birdnetpi"
9198348849,6891,"2026-06-28T15:50:28.000+02:00",0.84,0.841241300106049,9.34840964941881,"almost_certain","2p4",NA,51.5681,6.0027,FALSE,1,"House Sparrow","Passer domesticus","#d16ff8","avian","https://media.birdweather.com/species/1/HouseSparrow-standard-b861184cf45c092cdb45fd689dd676ef.jpg","https://media.birdweather.com/species/1/HouseSparrow-thumbnail-e9cbc91763a1579de8ef04880678b5e3.jpg","https://media.birdweather.com/species/1/HouseSparrow-png200-125e8603e1efe9d7a18316b94f06a65e.png","XAgCDwD8qpukuHiqtLZ9mImnmPFcDO4E",13658300797,"https://media.birdweather.com/soundscapes/6891/6891-20260628-135028.flac",0,3,"birdnetpi"
9198249915,6891,"2026-06-28T15:46:37.000+02:00",0.77,0.841241300106049,9.15820371996853,"almost_certain","2p4",NA,51.5693,6.0046,FALSE,1,"House Sparrow","Passer domesticus","#d16ff8","avian","https://media.birdweather.com/species/1/HouseSparrow-standard-b861184cf45c092cdb45fd689dd676ef.jpg","https://media.birdweather.com/species/1/HouseSparrow-thumbnail-e9cbc91763a1579de8ef04880678b5e3.jpg","https://media.birdweather.com/species/1/HouseSparrow-png200-125e8603e1efe9d7a18316b94f06a65e.png","XAgCDwD8qpukuHiqtLZ9mImnmPFcDO4E",13658192482,"https://media.birdweather.com/soundscapes/6891/6891-20260628-134637.flac",0,3,"birdnetpi"
9198236952,6891,"2026-06-28T15:46:12.000+02:00",0.7,0.841241300106049,8.93726635776184,"almost_certain","2p4",NA,51.5675,6.0035,FALSE,1,"House Sparrow","Passer domesticus","#d16ff8","avian","https://media.birdweather.com/species/1/HouseSparrow-standard-b861184cf45c092cdb45fd689dd676ef.jpg","https://media.birdweather.com/species/1/HouseSparrow-thumbnail-e9cbc91763a1579de8ef04880678b5e3.jpg","https://media.birdweather.com/species/1/HouseSparrow-png200-125e8603e1efe9d7a18316b94f06a65e.png","XAgCDwD8qpukuHiqtLZ9mImnmPFcDO4E",13658178433,"https://media.birdweather.com/soundscapes/6891/6891-20260628-134612.flac",0,3,"birdnetpi"
9198228855,6891,"2026-06-28T15:45:52.000+02:00",0.81,0.841241300106049,9.27010262245808,"almost_certain","2p4",NA,51.5631,6.002,FALSE,1,"House Sparrow","Passer domesticus","#d16ff8","avian","https://media.birdweather.com/species/1/HouseSparrow-standard-b861184cf45c092cdb45fd689dd676ef.jpg","https://media.birdweather.com/species/1/HouseSparrow-thumbnail-e9cbc91763a1579de8ef04880678b5e3.jpg","https://media.birdweather.com/species/1/HouseSparrow-png200-125e8603e1efe9d7a18316b94f06a65e.png","XAgCDwD8qpukuHiqtLZ9mImnmPFcDO4E",13658169741,"https://media.birdweather.com/soundscapes/6891/6891-20260628-134552.flac",0,3,"birdnetpi"
9198216674,6891,"2026-06-28T15:45:34.000+02:00",0.87,0.841241300106049,9.42248174255908,"almost_certain","2p4",NA,51.5663,6.0089,FALSE,1,"House Sparrow","Passer domesticus","#d16ff8","avian","https://media.birdweather.com/species/1/HouseSparrow-standard-b861184cf45c092cdb45fd689dd676ef.jpg","https://media.birdweather.com/species/1/HouseSparrow-thumbnail-e9cbc91763a1579de8ef04880678b5e3.jpg","https://media.birdweather.com/species/1/HouseSparrow-png200-125e8603e1efe9d7a18316b94f06a65e.png","XAgCDwD8qpukuHiqtLZ9mImnmPFcDO4E",13658156752,"https://media.birdweather.com/soundscapes/6891/6891-20260628-134534.flac",0,3,"birdnetpi"
9198169371,6891,"2026-06-28T15:43:39.000+02:00",0.78,0.998033106327057,9.41865998709571,"almost_certain","2p4",NA,51.5635,6.0089,FALSE,35,"Eurasian Blackbird","Turdus merula","#ff65df","avian","https://media.birdweather.com/species/35/EurasianBlackbird-standard-618b3a5132c7c359fb2a2884c39deb39.jpg","https://media.birdweather.com/species/35/EurasianBlackbird-thumbnail-276878929bed08167d1fd9bf34d63d40.jpg","https://media.birdweather.com/species/35/EurasianBlackbird-png200-ba5a1b43225da4611cac429c52a52c81.png","GfkFFwKRmrx2ZYiaaQe69nlzScn3T7IA",13658105792,"https://media.birdweather.com/soundscapes/6891/6891-20260628-134339.flac",0,3,"birdnetpi"
9198167983,6891,"2026-06-28T15:43:36.000+02:00",0.85,0.938615620136261,9.5219299876895,"almost_certain","2p4",NA,51.5617,6.0088,FALSE,397,"Barn Swallow","Hirundo rustica","#c85500","avian","https://media.birdweather.com/species/397/BarnSwallow-standard-66c9cb8916403efe633a420fe54e3bc6.jpg","https://media.birdweather.com/species/397/BarnSwallow-thumbnail-418cddeb212e9e1ce5d35f61a3040433.jpg","https://media.birdweather.com/species/397/BarnSwallow-png200-317c812ebfcec488fad1824feff99dbc.png","IAgKHwKLhnmThXdPl1i3p3ll51f4jngP",13658104236,"https://media.birdweather.com/soundscapes/6891/6891-20260628-134336.flac",0,3,"birdnetpi"
9198129196,6891,"2026-06-28T15:42:12.000+02:00",0.71,0.841241300106049,8.97109523701065,"almost_certain","2p4",NA,51.5651,6.0036,FALSE,1,"House Sparrow","Passer domesticus","#d16ff8","avian","https://media.birdweather.com/species/1/HouseSparrow-standard-b861184cf45c092cdb45fd689dd676ef.jpg","https://media.birdweather.com/species/1/HouseSparrow-thumbnail-e9cbc91763a1579de8ef04880678b5e3.jpg","https://media.birdweather.com/species/1/HouseSparrow-png200-125e8603e1efe9d7a18316b94f06a65e.png","XAgCDwD8qpukuHiqtLZ9mImnmPFcDO4E",13658062075,"https://media.birdweather.com/soundscapes/6891/6891-20260628-134212.flac",0,3,"birdnetpi"
9198090999,6891,"2026-06-28T15:40:52.000+02:00",0.7,0.841241300106049,8.93726635776184,"almost_certain","2p4",NA,51.5703,6.0068,FALSE,1,"House Sparrow","Passer domesticus","#d16ff8","avian","https://media.birdweather.com/species/1/HouseSparrow-standard-b861184cf45c092cdb45fd689dd676ef.jpg","https://media.birdweather.com/species/1/HouseSparrow-thumbnail-e9cbc91763a1579de8ef04880678b5e3.jpg","https://media.birdweather.com/species/1/HouseSparrow-png200-125e8603e1efe9d7a18316b94f06a65e.png","XAgCDwD8qpukuHiqtLZ9mImnmPFcDO4E",13658020838,"https://media.birdweather.com/soundscapes/6891/6891-20260628-134052.flac",0,3,"birdnetpi"
9198079071,6891,"2026-06-28T15:40:21.000+02:00",0.85,0.841241300106049,9.37354796939423,"almost_certain","2p4",NA,51.5623,6.0026,FALSE,1,"House Sparrow","Passer domesticus","#d16ff8","avian","https://media.birdweather.com/species/1/HouseSparrow-standard-b861184cf45c092cdb45fd689dd676ef.jpg","https://media.birdweather.com/species/1/HouseSparrow-thumbnail-e9cbc91763a1579de8ef04880678b5e3.jpg","https://media.birdweather.com/species/1/HouseSparrow-png200-125e8603e1efe9d7a18316b94f06a65e.png","XAgCDwD8qpukuHiqtLZ9mImnmPFcDO4E",13658007677,"https://media.birdweather.com/soundscapes/6891/6891-20260628-134021.flac",0,3,"birdnetpi"
9198039366,6891,"2026-06-28T15:38:49.000+02:00",0.93,0.841241300106049,9.55959608078215,"almost_certain","2p4",NA,51.5627,6.0038,FALSE,1,"House Sparrow","Passer domesticus","#d16ff8","avian","https://media.birdweather.com/species/1/HouseSparrow-standard-b861184cf45c092cdb45fd689dd676ef.jpg","https://media.birdweather.com/species/1/HouseSparrow-thumbnail-e9cbc91763a1579de8ef04880678b5e3.jpg","https://media.birdweather.com/species/1/HouseSparrow-png200-125e8603e1efe9d7a18316b94f06a65e.png","XAgCDwD8qpukuHiqtLZ9mImnmPFcDO4E",13657964991,"https://media.birdweather.com/soundscapes/6891/6891-20260628-133849.flac",0,3,"birdnetpi"
9198027771,6891,"2026-06-28T15:38:28.000+02:00",0.87,0.841241300106049,9.42248174255908,"almost_certain","2p4",NA,51.5618,6.0035,FALSE,1,"House Sparrow","Passer domesticus","#d16ff8","avian","https://media.birdweather.com/species/1/HouseSparrow-standard-b861184cf45c092cdb45fd689dd676ef.jpg","https://media.birdweather.com/species/1/HouseSparrow-thumbnail-e9cbc91763a1579de8ef04880678b5e3.jpg","https://media.birdweather.com/species/1/HouseSparrow-png200-125e8603e1efe9d7a18316b94f06a65e.png","XAgCDwD8qpukuHiqtLZ9mImnmPFcDO4E",13657952347,"https://media.birdweather.com/soundscapes/6891/6891-20260628-133828.flac",0,3,"birdnetpi"
9198020244,6891,"2026-06-28T15:38:16.000+02:00",0.9,0.841241300106049,9.49275355587003,"almost_certain","2p4",NA,51.5671,6.004,FALSE,1,"House Sparrow","Passer domesticus","#d16ff8","avian","https://media.birdweather.com/species/1/HouseSparrow-standard-b861184cf45c092cdb45fd689dd676ef.jpg","https://media.birdweather.com/species/1/HouseSparrow-thumbnail-e9cbc91763a1579de8ef04880678b5e3.jpg","https://media.birdweather.com/species/1/HouseSparrow-png200-125e8603e1efe9d7a18316b94f06a65e.png","XAgCDwD8qpukuHiqtLZ9mImnmPFcDO4E",13657944144,"https://media.birdweather.com/soundscapes/6891/6891-20260628-133816.flac",0,3,"birdnetpi"
9198007975,6891,"2026-06-28T15:37:51.000+02:00",0.83,0.841241300106049,9.32280142719216,"almost_certain","2p4",NA,51.5698,6.0048,FALSE,1,"House Sparrow","Passer domesticus","#d16ff8","avian","https://media.birdweather.com/species/1/HouseSparrow-standard-b861184cf45c092cdb45fd689dd676ef.jpg","https://media.birdweather.com/species/1/HouseSparrow-thumbnail-e9cbc91763a1579de8ef04880678b5e3.jpg","https://media.birdweather.com/species/1/HouseSparrow-png200-125e8603e1efe9d7a18316b94f06a65e.png","XAgCDwD8qpukuHiqtLZ9mImnmPFcDO4E",13657930941,"https://media.birdweather.com/soundscapes/6891/6891-20260628-133751.flac",0,3,"birdnetpi"
9198001479,6891,"2026-06-28T15:37:34.000+02:00",0.79,0.841241300106049,9.21529531403731,"almost_certain","2p4",NA,51.5641,6.002,FALSE,1,"House Sparrow","Passer domesticus","#d16ff8","avian","https://media.birdweather.com/species/1/HouseSparrow-standard-b861184cf45c092cdb45fd689dd676ef.jpg","https://media.birdweather.com/species/1/HouseSparrow-thumbnail-e9cbc91763a1579de8ef04880678b5e3.jpg","https://media.birdweather.com/species/1/HouseSparrow-png200-125e8603e1efe9d7a18316b94f06a65e.png","XAgCDwD8qpukuHiqtLZ9mImnmPFcDO4E",13657923632,"https://media.birdweather.com/soundscapes/6891/6891-20260628-133734.flac",0,3,"birdnetpi"
9197989344,6891,"2026-06-28T15:37:01.000+02:00",0.8,0.841241300106049,9.24297302306231,"almost_certain","2p4",NA,51.5685,6.0011,FALSE,1,"House Sparrow","Passer domesticus","#d16ff8","avian","https://media.birdweather.com/species/1/HouseSparrow-standard-b861184cf45c092cdb45fd689dd676ef.jpg","https://media.birdweather.com/species/1/HouseSparrow-thumbnail-e9cbc91763a1579de8ef04880678b5e3.jpg","https://media.birdweather.com/species/1/HouseSparrow-png200-125e8603e1efe9d7a18316b94f06a65e.png","XAgCDwD8qpukuHiqtLZ9mImnmPFcDO4E",13657910610,"https://media.birdweather.com/soundscapes/6891/6891-20260628-133701.flac",0,3,"birdnetpi"
9197972011,6891,"2026-06-28T15:36:18.000+02:00",0.73,0.938615620136261,9.1847276824212,"almost_certain","2p4",NA,51.5652,6.0082,FALSE,397,"Barn Swallow","Hirundo rustica","#c85500","avian","https://media.birdweather.com/species/397/BarnSwallow-standard-66c9cb8916403efe633a420fe54e3bc6.jpg","https://media.birdweather.com/species/397/BarnSwallow-thumbnail-418cddeb212e9e1ce5d35f61a3040433.jpg","https://media.birdweather.com/species/397/BarnSwallow-png200-317c812ebfcec488fad1824feff99dbc.png","IAgKHwKLhnmThXdPl1i3p3ll51f4jngP",13657891822,"https://media.birdweather.com/soundscapes/6891/6891-20260628-133618.flac",0,3,"birdnetpi"
9197921995,6891,"2026-06-28T15:34:37.000+02:00",0.79,0.841241300106049,9.21529531403731,"almost_certain","2p4",NA,51.5683,6.0013,FALSE,1,"House Sparrow","Passer domesticus","#d16ff8","avian","https://media.birdweather.com/species/1/HouseSparrow-standard-b861184cf45c092cdb45fd689dd676ef.jpg","https://media.birdweather.com/species/1/HouseSparrow-thumbnail-e9cbc91763a1579de8ef04880678b5e3.jpg","https://media.birdweather.com/species/1/HouseSparrow-png200-125e8603e1efe9d7a18316b94f06a65e.png","XAgCDwD8qpukuHiqtLZ9mImnmPFcDO4E",13657837434,"https://media.birdweather.com/soundscapes/6891/6891-20260628-133437.flac",0,3,"birdnetpi"
9197822446,6891,"2026-06-28T15:30:55.000+02:00",0.74,0.841241300106049,9.06784130409377,"almost_certain","2p4",NA,51.5653,6.0006,FALSE,1,"House Sparrow","Passer domesticus","#d16ff8","avian","https://media.birdweather.com/species/1/HouseSparrow-standard-b861184cf45c092cdb45fd689dd676ef.jpg","https://media.birdweather.com/species/1/HouseSparrow-thumbnail-e9cbc91763a1579de8ef04880678b5e3.jpg","https://media.birdweather.com/species/1/HouseSparrow-png200-125e8603e1efe9d7a18316b94f06a65e.png","XAgCDwD8qpukuHiqtLZ9mImnmPFcDO4E",13657730104,"https://media.birdweather.com/soundscapes/6891/6891-20260628-133055.flac",0,3,"birdnetpi"
9197814485,6891,"2026-06-28T15:30:26.000+02:00",0.71,0.841241300106049,8.97109523701065,"almost_certain","2p4",NA,51.5623,6.0059,FALSE,1,"House Sparrow","Passer domesticus","#d16ff8","avian","https://media.birdweather.com/species/1/HouseSparrow-standard-b861184cf45c092cdb45fd689dd676ef.jpg","https://media.birdweather.com/species/1/HouseSparrow-thumbnail-e9cbc91763a1579de8ef04880678b5e3.jpg","https://media.birdweather.com/species/1/HouseSparrow-png200-125e8603e1efe9d7a18316b94f06a65e.png","XAgCDwD8qpukuHiqtLZ9mImnmPFcDO4E",13657721315,"https://media.birdweather.com/soundscapes/6891/6891-20260628-133026.flac",0,3,"birdnetpi"
9197807801,6891,"2026-06-28T15:30:15.000+02:00",0.78,0.841241300106049,9.18704689056956,"almost_certain","2p4",NA,51.5675,6.0083,FALSE,1,"House Sparrow","Passer domesticus","#d16ff8","avian","https://media.birdweather.com/species/1/HouseSparrow-standard-b861184cf45c092cdb45fd689dd676ef.jpg","https://media.birdweather.com/species/1/HouseSparrow-thumbnail-e9cbc91763a1579de8ef04880678b5e3.jpg","https://media.birdweather.com/species/1/HouseSparrow-png200-125e8603e1efe9d7a18316b94f06a65e.png","XAgCDwD8qpukuHiqtLZ9mImnmPFcDO4E",13657714056,"https://media.birdweather.com/soundscapes/6891/6891-20260628-133015.flac",0,3,"birdnetpi"
9197790489,6891,"2026-06-28T15:29:33.000+02:00",0.99,0.893091917037964,9.76523373825932,"almost_certain","2p4",NA,51.5655,6.002,FALSE,551,"Common Swift","Apus apus","#234bb2","avian","https://media.birdweather.com/species/551/CommonSwift-standard-ba54f84fbd8481b1c0de60654fbd79d5.jpg","https://media.birdweather.com/species/551/CommonSwift-thumbnail-bad1d7e3c141990f11d01e49e9f768ac.jpg","https://media.birdweather.com/species/551/CommonSwift-png200-f52bea49cb0e4232049806bde3e1a401.png","LLYFFwLchWelV5dvsqh1jKZoKJIEMkoA",13657695294,"https://media.birdweather.com/soundscapes/6891/6891-20260628-132933.flac",0,3,"birdnetpi"
9197778759,6891,"2026-06-28T15:29:06.000+02:00",0.98,0.893091917037964,9.74523338305234,"almost_certain","2p4",NA,51.5689,6.0078,FALSE,551,"Common Swift","Apus apus","#234bb2","avian","https://media.birdweather.com/species/551/CommonSwift-standard-ba54f84fbd8481b1c0de60654fbd79d5.jpg","https://media.birdweather.com/species/551/CommonSwift-thumbnail-bad1d7e3c141990f11d01e49e9f768ac.jpg","https://media.birdweather.com/species/551/CommonSwift-png200-f52bea49cb0e4232049806bde3e1a401.png","LLYFFwLchWelV5dvsqh1jKZoKJIEMkoA",13657682613,"https://media.birdweather.com/soundscapes/6891/6891-20260628-132906.flac",0,3,"birdnetpi"
9197767527,6891,"2026-06-28T15:28:42.000+02:00",0.74,0.841241300106049,9.06784130409377,"almost_certain","2p4",NA,51.5681,6.0054,FALSE,1,"House Sparrow","Passer domesticus","#d16ff8","avian","https://media.birdweather.com/species/1/HouseSparrow-standard-b861184cf45c092cdb45fd689dd676ef.jpg","https://media.birdweather.com/species/1/HouseSparrow-thumbnail-e9cbc91763a1579de8ef04880678b5e3.jpg","https://media.birdweather.com/species/1/HouseSparrow-png200-125e8603e1efe9d7a18316b94f06a65e.png","XAgCDwD8qpukuHiqtLZ9mImnmPFcDO4E",13657670446,"https://media.birdweather.com/soundscapes/6891/6891-20260628-132842.flac",0,3,"birdnetpi"
9197759907,6891,"2026-06-28T15:28:33.000+02:00",0.79,0.841241300106049,9.21529531403731,"almost_certain","2p4",NA,51.566,6.0047,FALSE,1,"House Sparrow","Passer domesticus","#d16ff8","avian","https://media.birdweather.com/species/1/HouseSparrow-standard-b861184cf45c092cdb45fd689dd676ef.jpg","https://media.birdweather.com/species/1/HouseSparrow-thumbnail-e9cbc91763a1579de8ef04880678b5e3.jpg","https://media.birdweather.com/species/1/HouseSparrow-png200-125e8603e1efe9d7a18316b94f06a65e.png","XAgCDwD8qpukuHiqtLZ9mImnmPFcDO4E",13657662137,"https://media.birdweather.com/soundscapes/6891/6891-20260628-132833.flac",0,3,"birdnetpi"
9197762612,6891,"2026-06-28T15:28:31.000+02:00",0.86,0.893091917037964,9.47923964326823,"almost_certain","2p4",NA,51.5676,6.0079,FALSE,551,"Common Swift","Apus apus","#234bb2","avian","https://media.birdweather.com/species/551/CommonSwift-standard-ba54f84fbd8481b1c0de60654fbd79d5.jpg","https://media.birdweather.com/species/551/CommonSwift-thumbnail-bad1d7e3c141990f11d01e49e9f768ac.jpg","https://media.birdweather.com/species/551/CommonSwift-png200-f52bea49cb0e4232049806bde3e1a401.png","LLYFFwLchWelV5dvsqh1jKZoKJIEMkoA",13657665188,"https://media.birdweather.com/soundscapes/6891/6891-20260628-132831.flac",0,3,"birdnetpi"
9197751235,6891,"2026-06-28T15:28:09.000+02:00",0.8,0.841241300106049,9.24297302306231,"almost_certain","2p4",NA,51.5646,6.0038,FALSE,1,"House Sparrow","Passer domesticus","#d16ff8","avian","https://media.birdweather.com/species/1/HouseSparrow-standard-b861184cf45c092cdb45fd689dd676ef.jpg","https://media.birdweather.com/species/1/HouseSparrow-thumbnail-e9cbc91763a1579de8ef04880678b5e3.jpg","https://media.birdweather.com/species/1/HouseSparrow-png200-125e8603e1efe9d7a18316b94f06a65e.png","XAgCDwD8qpukuHiqtLZ9mImnmPFcDO4E",13657652941,"https://media.birdweather.com/soundscapes/6891/6891-20260628-132809.flac",0,3,"birdnetpi"
9197741965,6891,"2026-06-28T15:27:51.000+02:00",0.78,0.841241300106049,9.18704689056956,"almost_certain","2p4",NA,51.5665,6.0094,FALSE,1,"House Sparrow","Passer domesticus","#d16ff8","avian","https://media.birdweather.com/species/1/HouseSparrow-standard-b861184cf45c092cdb45fd689dd676ef.jpg","https://media.birdweather.com/species/1/HouseSparrow-thumbnail-e9cbc91763a1579de8ef04880678b5e3.jpg","https://media.birdweather.com/species/1/HouseSparrow-png200-125e8603e1efe9d7a18316b94f06a65e.png","XAgCDwD8qpukuHiqtLZ9mImnmPFcDO4E",13657642885,"https://media.birdweather.com/soundscapes/6891/6891-20260628-132751.flac",0,3,"birdnetpi"
9197638920,6891,"2026-06-28T15:23:57.000+02:00",0.83,0.841241300106049,9.32280142719216,"almost_certain","2p4",NA,51.5615,6.0039,FALSE,1,"House Sparrow","Passer domesticus","#d16ff8","avian","https://media.birdweather.com/species/1/HouseSparrow-standard-b861184cf45c092cdb45fd689dd676ef.jpg","https://media.birdweather.com/species/1/HouseSparrow-thumbnail-e9cbc91763a1579de8ef04880678b5e3.jpg","https://media.birdweather.com/species/1/HouseSparrow-png200-125e8603e1efe9d7a18316b94f06a65e.png","XAgCDwD8qpukuHiqtLZ9mImnmPFcDO4E",13657532147,"https://media.birdweather.com/soundscapes/6891/6891-20260628-132357.flac",0,3,"birdnetpi"
9197626366,6891,"2026-06-28T15:23:36.000+02:00",0.73,0.841241300106049,9.03634566412593,"almost_certain","2p4",NA,51.5678,6.0046,FALSE,1,"House Sparrow","Passer domesticus","#d16ff8","avian","https://media.birdweather.com/species/1/HouseSparrow-standard-b861184cf45c092cdb45fd689dd676ef.jpg","https://media.birdweather.com/species/1/HouseSparrow-thumbnail-e9cbc91763a1579de8ef04880678b5e3.jpg","https://media.birdweather.com/species/1/HouseSparrow-png200-125e8603e1efe9d7a18316b94f06a65e.png","XAgCDwD8qpukuHiqtLZ9mImnmPFcDO4E",13657519003,"https://media.birdweather.com/soundscapes/6891/6891-20260628-132336.flac",0,3,"birdnetpi"
9197613800,6891,"2026-06-28T15:23:10.000+02:00",0.94,0.841241300106049,9.5811713298285,"almost_certain","2p4",NA,51.5685,6.0014,FALSE,1,"House Sparrow","Passer domesticus","#d16ff8","avian","https://media.birdweather.com/species/1/HouseSparrow-standard-b861184cf45c092cdb45fd689dd676ef.jpg","https://media.birdweather.com/species/1/HouseSparrow-thumbnail-e9cbc91763a1579de8ef04880678b5e3.jpg","https://media.birdweather.com/species/1/HouseSparrow-png200-125e8603e1efe9d7a18316b94f06a65e.png","XAgCDwD8qpukuHiqtLZ9mImnmPFcDO4E",13657505944,"https://media.birdweather.com/soundscapes/6891/6891-20260628-132310.flac",0,3,"birdnetpi"
9197600580,6891,"2026-06-28T15:22:43.000+02:00",0.84,0.841241300106049,9.34840964941881,"almost_certain","2p4",NA,51.5647,6.0049,FALSE,1,"House Sparrow","Passer domesticus","#d16ff8","avian","https://media.birdweather.com/species/1/HouseSparrow-standard-b861184cf45c092cdb45fd689dd676ef.jpg","https://media.birdweather.com/species/1/HouseSparrow-thumbnail-e9cbc91763a1579de8ef04880678b5e3.jpg","https://media.birdweather.com/species/1/HouseSparrow-png200-125e8603e1efe9d7a18316b94f06a65e.png","XAgCDwD8qpukuHiqtLZ9mImnmPFcDO4E",13657491883,"https://media.birdweather.com/soundscapes/6891/6891-20260628-132243.flac",0,3,"birdnetpi"
9197589307,6891,"2026-06-28T15:22:19.000+02:00",0.72,0.841241300106049,9.00410888267396,"almost_certain","2p4",NA,51.5675,6.0034,FALSE,1,"House Sparrow","Passer domesticus","#d16ff8","avian","https://media.birdweather.com/species/1/HouseSparrow-standard-b861184cf45c092cdb45fd689dd676ef.jpg","https://media.birdweather.com/species/1/HouseSparrow-thumbnail-e9cbc91763a1579de8ef04880678b5e3.jpg","https://media.birdweather.com/species/1/HouseSparrow-png200-125e8603e1efe9d7a18316b94f06a65e.png","XAgCDwD8qpukuHiqtLZ9mImnmPFcDO4E",13657480302,"https://media.birdweather.com/soundscapes/6891/6891-20260628-132219.flac",0,3,"birdnetpi"
9197539218,6891,"2026-06-28T15:20:29.000+02:00",0.82,0.841241300106049,9.29670540008231,"almost_certain","2p4",NA,51.5653,6.0067,FALSE,1,"House Sparrow","Passer domesticus","#d16ff8","avian","https://media.birdweather.com/species/1/HouseSparrow-standard-b861184cf45c092cdb45fd689dd676ef.jpg","https://media.birdweather.com/species/1/HouseSparrow-thumbnail-e9cbc91763a1579de8ef04880678b5e3.jpg","https://media.birdweather.com/species/1/HouseSparrow-png200-125e8603e1efe9d7a18316b94f06a65e.png","XAgCDwD8qpukuHiqtLZ9mImnmPFcDO4E",13657427205,"https://media.birdweather.com/soundscapes/6891/6891-20260628-132029.flac",0,3,"birdnetpi"
9197527251,6891,"2026-06-28T15:19:54.000+02:00",0.7,0.841241300106049,8.93726635776184,"almost_certain","2p4",NA,51.5649,6.0044,FALSE,1,"House Sparrow","Passer domesticus","#d16ff8","avian","https://media.birdweather.com/species/1/HouseSparrow-standard-b861184cf45c092cdb45fd689dd676ef.jpg","https://media.birdweather.com/species/1/HouseSparrow-thumbnail-e9cbc91763a1579de8ef04880678b5e3.jpg","https://media.birdweather.com/species/1/HouseSparrow-png200-125e8603e1efe9d7a18316b94f06a65e.png","XAgCDwD8qpukuHiqtLZ9mImnmPFcDO4E",13657414624,"https://media.birdweather.com/soundscapes/6891/6891-20260628-131954.flac",0,3,"birdnetpi"
9197520686,6891,"2026-06-28T15:19:39.000+02:00",0.75,0.841241300106049,9.09862911661109,"almost_certain","2p4",NA,51.5685,6.0082,FALSE,1,"House Sparrow","Passer domesticus","#d16ff8","avian","https://media.birdweather.com/species/1/HouseSparrow-standard-b861184cf45c092cdb45fd689dd676ef.jpg","https://media.birdweather.com/species/1/HouseSparrow-thumbnail-e9cbc91763a1579de8ef04880678b5e3.jpg","https://media.birdweather.com/species/1/HouseSparrow-png200-125e8603e1efe9d7a18316b94f06a65e.png","XAgCDwD8qpukuHiqtLZ9mImnmPFcDO4E",13657407353,"https://media.birdweather.com/soundscapes/6891/6891-20260628-131939.flac",0,3,"birdnetpi"
9197499703,6891,"2026-06-28T15:18:53.000+02:00",0.86,0.841241300106049,9.3982333219329,"almost_certain","2p4",NA,51.5687,6.009,FALSE,1,"House Sparrow","Passer domesticus","#d16ff8","avian","https://media.birdweather.com/species/1/HouseSparrow-standard-b861184cf45c092cdb45fd689dd676ef.jpg","https://media.birdweather.com/species/1/HouseSparrow-thumbnail-e9cbc91763a1579de8ef04880678b5e3.jpg","https://media.birdweather.com/species/1/HouseSparrow-png200-125e8603e1efe9d7a18316b94f06a65e.png","XAgCDwD8qpukuHiqtLZ9mImnmPFcDO4E",13657384967,"https://media.birdweather.com/soundscapes/6891/6891-20260628-131853.flac",0,3,"birdnetpi"
9197479281,6891,"2026-06-28T15:18:09.000+02:00",0.82,0.841241300106049,9.29670540008231,"almost_certain","2p4",NA,51.5684,6.0025,FALSE,1,"House Sparrow","Passer domesticus","#d16ff8","avian","https://media.birdweather.com/species/1/HouseSparrow-standard-b861184cf45c092cdb45fd689dd676ef.jpg","https://media.birdweather.com/species/1/HouseSparrow-thumbnail-e9cbc91763a1579de8ef04880678b5e3.jpg","https://media.birdweather.com/species/1/HouseSparrow-png200-125e8603e1efe9d7a18316b94f06a65e.png","XAgCDwD8qpukuHiqtLZ9mImnmPFcDO4E",13657363740,"https://media.birdweather.com/soundscapes/6891/6891-20260628-131809.flac",0,3,"birdnetpi"
9197472629,6891,"2026-06-28T15:17:54.000+02:00",0.7,0.841241300106049,8.93726635776184,"almost_certain","2p4",NA,51.5666,6.0061,FALSE,1,"House Sparrow","Passer domesticus","#d16ff8","avian","https://media.birdweather.com/species/1/HouseSparrow-standard-b861184cf45c092cdb45fd689dd676ef.jpg","https://media.birdweather.com/species/1/HouseSparrow-thumbnail-e9cbc91763a1579de8ef04880678b5e3.jpg","https://media.birdweather.com/species/1/HouseSparrow-png200-125e8603e1efe9d7a18316b94f06a65e.png","XAgCDwD8qpukuHiqtLZ9mImnmPFcDO4E",13657356450,"https://media.birdweather.com/soundscapes/6891/6891-20260628-131754.flac",0,3,"birdnetpi"
9197461137,6891,"2026-06-28T15:17:39.000+02:00",0.86,0.841241300106049,9.3982333219329,"almost_certain","2p4",NA,51.5701,6.0005,FALSE,1,"House Sparrow","Passer domesticus","#d16ff8","avian","https://media.birdweather.com/species/1/HouseSparrow-standard-b861184cf45c092cdb45fd689dd676ef.jpg","https://media.birdweather.com/species/1/HouseSparrow-thumbnail-e9cbc91763a1579de8ef04880678b5e3.jpg","https://media.birdweather.com/species/1/HouseSparrow-png200-125e8603e1efe9d7a18316b94f06a65e.png","XAgCDwD8qpukuHiqtLZ9mImnmPFcDO4E",13657344286,"https://media.birdweather.com/soundscapes/6891/6891-20260628-131739.flac",0,3,"birdnetpi"
9197444375,6891,"2026-06-28T15:16:55.000+02:00",0.74,0.841241300106049,9.06784130409377,"almost_certain","2p4",NA,51.5662,6.003,FALSE,1,"House Sparrow","Passer domesticus","#d16ff8","avian","https://media.birdweather.com/species/1/HouseSparrow-standard-b861184cf45c092cdb45fd689dd676ef.jpg","https://media.birdweather.com/species/1/HouseSparrow-thumbnail-e9cbc91763a1579de8ef04880678b5e3.jpg","https://media.birdweather.com/species/1/HouseSparrow-png200-125e8603e1efe9d7a18316b94f06a65e.png","XAgCDwD8qpukuHiqtLZ9mImnmPFcDO4E",13657327375,"https://media.birdweather.com/soundscapes/6891/6891-20260628-131655.flac",0,3,"birdnetpi"
9197424737,6891,"2026-06-28T15:16:21.000+02:00",0.84,0.841241300106049,9.34840964941881,"almost_certain","2p4",NA,51.5616,6.0038,FALSE,1,"House Sparrow","Passer domesticus","#d16ff8","avian","https://media.birdweather.com/species/1/HouseSparrow-standard-b861184cf45c092cdb45fd689dd676ef.jpg","https://media.birdweather.com/species/1/HouseSparrow-thumbnail-e9cbc91763a1579de8ef04880678b5e3.jpg","https://media.birdweather.com/species/1/HouseSparrow-png200-125e8603e1efe9d7a18316b94f06a65e.png","XAgCDwD8qpukuHiqtLZ9mImnmPFcDO4E",13657305578,"https://media.birdweather.com/soundscapes/6891/6891-20260628-131621.flac",0,3,"birdnetpi"
9197418242,6891,"2026-06-28T15:16:00.000+02:00",0.79,0.841241300106049,9.21529531403731,"almost_certain","2p4",NA,51.564,6.0048,FALSE,1,"House Sparrow","Passer domesticus","#d16ff8","avian","https://media.birdweather.com/species/1/HouseSparrow-standard-b861184cf45c092cdb45fd689dd676ef.jpg","https://media.birdweather.com/species/1/HouseSparrow-thumbnail-e9cbc91763a1579de8ef04880678b5e3.jpg","https://media.birdweather.com/species/1/HouseSparrow-png200-125e8603e1efe9d7a18316b94f06a65e.png","XAgCDwD8qpukuHiqtLZ9mImnmPFcDO4E",13657298420,"https://media.birdweather.com/soundscapes/6891/6891-20260628-131600.flac",0,3,"birdnetpi"
9197403201,6891,"2026-06-28T15:15:32.000+02:00",0.79,0.841241300106049,9.21529531403731,"almost_certain","2p4",NA,51.5669,6.0087,FALSE,1,"House Sparrow","Passer domesticus","#d16ff8","avian","https://media.birdweather.com/species/1/HouseSparrow-standard-b861184cf45c092cdb45fd689dd676ef.jpg","https://media.birdweather.com/species/1/HouseSparrow-thumbnail-e9cbc91763a1579de8ef04880678b5e3.jpg","https://media.birdweather.com/species/1/HouseSparrow-png200-125e8603e1efe9d7a18316b94f06a65e.png","XAgCDwD8qpukuHiqtLZ9mImnmPFcDO4E",13657282454,"https://media.birdweather.com/soundscapes/6891/6891-20260628-131532.flac",0,3,"birdnetpi"
9197377358,6891,"2026-06-28T15:14:29.000+02:00",0.73,0.841241300106049,9.03634566412593,"almost_certain","2p4",NA,51.5641,6.0037,FALSE,1,"House Sparrow","Passer domesticus","#d16ff8","avian","https://media.birdweather.com/species/1/HouseSparrow-standard-b861184cf45c092cdb45fd689dd676ef.jpg","https://media.birdweather.com/species/1/HouseSparrow-thumbnail-e9cbc91763a1579de8ef04880678b5e3.jpg","https://media.birdweather.com/species/1/HouseSparrow-png200-125e8603e1efe9d7a18316b94f06a65e.png","XAgCDwD8qpukuHiqtLZ9mImnmPFcDO4E",13657254960,"https://media.birdweather.com/soundscapes/6891/6891-20260628-131429.flac",0,3,"birdnetpi"
9197368655,6891,"2026-06-28T15:14:05.000+02:00",0.79,0.841241300106049,9.21529531403731,"almost_certain","2p4",NA,51.5648,6.0047,FALSE,1,"House Sparrow","Passer domesticus","#d16ff8","avian","https://media.birdweather.com/species/1/HouseSparrow-standard-b861184cf45c092cdb45fd689dd676ef.jpg","https://media.birdweather.com/species/1/HouseSparrow-thumbnail-e9cbc91763a1579de8ef04880678b5e3.jpg","https://media.birdweather.com/species/1/HouseSparrow-png200-125e8603e1efe9d7a18316b94f06a65e.png","XAgCDwD8qpukuHiqtLZ9mImnmPFcDO4E",13657245809,"https://media.birdweather.com/soundscapes/6891/6891-20260628-131405.flac",0,3,"birdnetpi"
9197342592,6891,"2026-06-28T15:13:07.000+02:00",0.73,0.841241300106049,9.03634566412593,"almost_certain","2p4",NA,51.5704,6.005,FALSE,1,"House Sparrow","Passer domesticus","#d16ff8","avian","https://media.birdweather.com/species/1/HouseSparrow-standard-b861184cf45c092cdb45fd689dd676ef.jpg","https://media.birdweather.com/species/1/HouseSparrow-thumbnail-e9cbc91763a1579de8ef04880678b5e3.jpg","https://media.birdweather.com/species/1/HouseSparrow-png200-125e8603e1efe9d7a18316b94f06a65e.png","XAgCDwD8qpukuHiqtLZ9mImnmPFcDO4E",13657218377,"https://media.birdweather.com/soundscapes/6891/6891-20260628-131307.flac",0,3,"birdnetpi"
9197295212,6891,"2026-06-28T15:11:25.000+02:00",0.81,0.841241300106049,9.27010262245808,"almost_certain","2p4",NA,51.5687,6.0082,FALSE,1,"House Sparrow","Passer domesticus","#d16ff8","avian","https://media.birdweather.com/species/1/HouseSparrow-standard-b861184cf45c092cdb45fd689dd676ef.jpg","https://media.birdweather.com/species/1/HouseSparrow-thumbnail-e9cbc91763a1579de8ef04880678b5e3.jpg","https://media.birdweather.com/species/1/HouseSparrow-png200-125e8603e1efe9d7a18316b94f06a65e.png","XAgCDwD8qpukuHiqtLZ9mImnmPFcDO4E",13657167328,"https://media.birdweather.com/soundscapes/6891/6891-20260628-131125.flac",0,3,"birdnetpi"
9197276715,6891,"2026-06-28T15:10:42.000+02:00",0.74,0.841241300106049,9.06784130409377,"almost_certain","2p4",NA,51.5638,6.0052,FALSE,1,"House Sparrow","Passer domesticus","#d16ff8","avian","https://media.birdweather.com/species/1/HouseSparrow-standard-b861184cf45c092cdb45fd689dd676ef.jpg","https://media.birdweather.com/species/1/HouseSparrow-thumbnail-e9cbc91763a1579de8ef04880678b5e3.jpg","https://media.birdweather.com/species/1/HouseSparrow-png200-125e8603e1efe9d7a18316b94f06a65e.png","XAgCDwD8qpukuHiqtLZ9mImnmPFcDO4E",13657147622,"https://media.birdweather.com/soundscapes/6891/6891-20260628-131042.flac",0,3,"birdnetpi"
9197240795,6891,"2026-06-28T15:09:22.000+02:00",0.88,0.651233911514282,9.10026289088681,"almost_certain","2p4",NA,51.5687,6.006,FALSE,119,"Common House-Martin","Delichon urbicum","#53b1ff","avian","https://media.birdweather.com/species/119/CommonHouse-Martin-standard-9ffbcc688c51210fb136a162c84d82ad.jpg","https://media.birdweather.com/species/119/CommonHouse-Martin-thumbnail-dd7059ca6235347c3097e7a66f04df95.jpg","https://media.birdweather.com/species/119/CommonHouse-Martin-png200-a73a8953ce2af50676da81e70b2746b2.png","YhgKDwKJd4iIiHd/h5h5d4mIeQqVllAH",13657109480,"https://media.birdweather.com/soundscapes/6891/6891-20260628-130922.flac",0,3,"birdnetpi"
9197195630,6891,"2026-06-28T15:07:45.000+02:00",0.88,0.651233911514282,9.10026289088681,"almost_certain","2p4",NA,51.5696,6.0069,FALSE,119,"Common House-Martin","Delichon urbicum","#53b1ff","avian","https://media.birdweather.com/species/119/CommonHouse-Martin-standard-9ffbcc688c51210fb136a162c84d82ad.jpg","https://media.birdweather.com/species/119/CommonHouse-Martin-thumbnail-dd7059ca6235347c3097e7a66f04df95.jpg","https://media.birdweather.com/species/119/CommonHouse-Martin-png200-a73a8953ce2af50676da81e70b2746b2.png","YhgKDwKJd4iIiHd/h5h5d4mIeQqVllAH",13657062089,"https://media.birdweather.com/soundscapes/6891/6891-20260628-130745.flac",0,3,"birdnetpi"
9197191120,6891,"2026-06-28T15:07:34.000+02:00",0.7,0.841241300106049,8.93726635776184,"almost_certain","2p4",NA,51.5645,6.0028,FALSE,1,"House Sparrow","Passer domesticus","#d16ff8","avian","https://media.birdweather.com/species/1/HouseSparrow-standard-b861184cf45c092cdb45fd689dd676ef.jpg","https://media.birdweather.com/species/1/HouseSparrow-thumbnail-e9cbc91763a1579de8ef04880678b5e3.jpg","https://media.birdweather.com/species/1/HouseSparrow-png200-125e8603e1efe9d7a18316b94f06a65e.png","XAgCDwD8qpukuHiqtLZ9mImnmPFcDO4E",13657057194,"https://media.birdweather.com/soundscapes/6891/6891-20260628-130734.flac",0,3,"birdnetpi"
9197178024,6891,"2026-06-28T15:07:06.000+02:00",0.95,0.651233911514282,9.25636652619523,"almost_certain","2p4",NA,51.5617,6.0008,FALSE,119,"Common House-Martin","Delichon urbicum","#53b1ff","avian","https://media.birdweather.com/species/119/CommonHouse-Martin-standard-9ffbcc688c51210fb136a162c84d82ad.jpg","https://media.birdweather.com/species/119/CommonHouse-Martin-thumbnail-dd7059ca6235347c3097e7a66f04df95.jpg","https://media.birdweather.com/species/119/CommonHouse-Martin-png200-a73a8953ce2af50676da81e70b2746b2.png","YhgKDwKJd4iIiHd/h5h5d4mIeQqVllAH",13657043079,"https://media.birdweather.com/soundscapes/6891/6891-20260628-130706.flac",0,3,"birdnetpi"
9197171196,6891,"2026-06-28T15:06:51.000+02:00",0.82,0.841241300106049,9.29670540008231,"almost_certain","2p4",NA,51.5702,6.0048,FALSE,1,"House Sparrow","Passer domesticus","#d16ff8","avian","https://media.birdweather.com/species/1/HouseSparrow-standard-b861184cf45c092cdb45fd689dd676ef.jpg","https://media.birdweather.com/species/1/HouseSparrow-thumbnail-e9cbc91763a1579de8ef04880678b5e3.jpg","https://media.birdweather.com/species/1/HouseSparrow-png200-125e8603e1efe9d7a18316b94f06a65e.png","XAgCDwD8qpukuHiqtLZ9mImnmPFcDO4E",13657035879,"https://media.birdweather.com/soundscapes/6891/6891-20260628-130651.flac",0,3,"birdnetpi"
9197161589,6891,"2026-06-28T15:06:30.000+02:00",0.72,0.841241300106049,9.00410888267396,"almost_certain","2p4",NA,51.5684,6.0083,FALSE,1,"House Sparrow","Passer domesticus","#d16ff8","avian","https://media.birdweather.com/species/1/HouseSparrow-standard-b861184cf45c092cdb45fd689dd676ef.jpg","https://media.birdweather.com/species/1/HouseSparrow-thumbnail-e9cbc91763a1579de8ef04880678b5e3.jpg","https://media.birdweather.com/species/1/HouseSparrow-png200-125e8603e1efe9d7a18316b94f06a65e.png","XAgCDwD8qpukuHiqtLZ9mImnmPFcDO4E",13657025805,"https://media.birdweather.com/soundscapes/6891/6891-20260628-130630.flac",0,3,"birdnetpi"
9197137886,6891,"2026-06-28T15:05:39.000+02:00",0.71,0.651233911514282,8.62504969782311,"almost_certain","2p4",NA,51.5651,6.0086,FALSE,119,"Common House-Martin","Delichon urbicum","#53b1ff","avian","https://media.birdweather.com/species/119/CommonHouse-Martin-standard-9ffbcc688c51210fb136a162c84d82ad.jpg","https://media.birdweather.com/species/119/CommonHouse-Martin-thumbnail-dd7059ca6235347c3097e7a66f04df95.jpg","https://media.birdweather.com/species/119/CommonHouse-Martin-png200-a73a8953ce2af50676da81e70b2746b2.png","YhgKDwKJd4iIiHd/h5h5d4mIeQqVllAH",13657001264,"https://media.birdweather.com/soundscapes/6891/6891-20260628-130539.flac",0,3,"birdnetpi"
9197118872,6891,"2026-06-28T15:05:06.000+02:00",0.7,0.841241300106049,8.93726635776184,"almost_certain","2p4",NA,51.5688,6.0008,FALSE,1,"House Sparrow","Passer domesticus","#d16ff8","avian","https://media.birdweather.com/species/1/HouseSparrow-standard-b861184cf45c092cdb45fd689dd676ef.jpg","https://media.birdweather.com/species/1/HouseSparrow-thumbnail-e9cbc91763a1579de8ef04880678b5e3.jpg","https://media.birdweather.com/species/1/HouseSparrow-png200-125e8603e1efe9d7a18316b94f06a65e.png","XAgCDwD8qpukuHiqtLZ9mImnmPFcDO4E",13656981484,"https://media.birdweather.com/soundscapes/6891/6891-20260628-130506.flac",0,3,"birdnetpi"
9197082294,6891,"2026-06-28T15:03:46.000+02:00",0.86,0.841241300106049,9.3982333219329,"almost_certain","2p4",NA,51.5633,6.0042,FALSE,1,"House Sparrow","Passer domesticus","#d16ff8","avian","https://media.birdweather.com/species/1/HouseSparrow-standard-b861184cf45c092cdb45fd689dd676ef.jpg","https://media.birdweather.com/species/1/HouseSparrow-thumbnail-e9cbc91763a1579de8ef04880678b5e3.jpg","https://media.birdweather.com/species/1/HouseSparrow-png200-125e8603e1efe9d7a18316b94f06a65e.png","XAgCDwD8qpukuHiqtLZ9mImnmPFcDO4E",13656943398,"https://media.birdweather.com/soundscapes/6891/6891-20260628-130346.flac",0,3,"birdnetpi"
9197031279,6891,"2026-06-28T15:01:48.000+02:00",0.74,0.841241300106049,9.06784130409377,"almost_certain","2p4",NA,51.5664,6.0041,FALSE,1,"House Sparrow","Passer domesticus","#d16ff8","avian","https://media.birdweather.com/species/1/HouseSparrow-standard-b861184cf45c092cdb45fd689dd676ef.jpg","https://media.birdweather.com/species/1/HouseSparrow-thumbnail-e9cbc91763a1579de8ef04880678b5e3.jpg","https://media.birdweather.com/species/1/HouseSparrow-png200-125e8603e1efe9d7a18316b94f06a65e.png","XAgCDwD8qpukuHiqtLZ9mImnmPFcDO4E",13656889696,"https://media.birdweather.com/soundscapes/6891/6891-20260628-130148.flac",0,3,"birdnetpi"
9197000986,6891,"2026-06-28T15:00:42.000+02:00",0.76,0.841241300106049,9.12874021881581,"almost_certain","2p4",NA,51.5622,6.0011,FALSE,1,"House Sparrow","Passer domesticus","#d16ff8","avian","https://media.birdweather.com/species/1/HouseSparrow-standard-b861184cf45c092cdb45fd689dd676ef.jpg","https://media.birdweather.com/species/1/HouseSparrow-thumbnail-e9cbc91763a1579de8ef04880678b5e3.jpg","https://media.birdweather.com/species/1/HouseSparrow-png200-125e8603e1efe9d7a18316b94f06a65e.png","XAgCDwD8qpukuHiqtLZ9mImnmPFcDO4E",13656857952,"https://media.birdweather.com/soundscapes/6891/6891-20260628-130042.flac",0,3,"birdnetpi"
9196873551,6891,"2026-06-28T14:56:05.000+02:00",0.77,0.841241300106049,9.15820371996853,"almost_certain","2p4",NA,51.565,6.0055,FALSE,1,"House Sparrow","Passer domesticus","#d16ff8","avian","https://media.birdweather.com/species/1/HouseSparrow-standard-b861184cf45c092cdb45fd689dd676ef.jpg","https://media.birdweather.com/species/1/HouseSparrow-thumbnail-e9cbc91763a1579de8ef04880678b5e3.jpg","https://media.birdweather.com/species/1/HouseSparrow-png200-125e8603e1efe9d7a18316b94f06a65e.png","XAgCDwD8qpukuHiqtLZ9mImnmPFcDO4E",13656723926,"https://media.birdweather.com/soundscapes/6891/6891-20260628-125605.flac",0,3,"birdnetpi"
9196853645,6891,"2026-06-28T14:55:29.000+02:00",0.73,0.841241300106049,9.03634566412593,"almost_certain","2p4",NA,51.5663,6.0026,FALSE,1,"House Sparrow","Passer domesticus","#d16ff8","avian","https://media.birdweather.com/species/1/HouseSparrow-standard-b861184cf45c092cdb45fd689dd676ef.jpg","https://media.birdweather.com/species/1/HouseSparrow-thumbnail-e9cbc91763a1579de8ef04880678b5e3.jpg","https://media.birdweather.com/species/1/HouseSparrow-png200-125e8603e1efe9d7a18316b94f06a65e.png","XAgCDwD8qpukuHiqtLZ9mImnmPFcDO4E",13656702900,"https://media.birdweather.com/soundscapes/6891/6891-20260628-125529.flac",0,3,"birdnetpi"
9196840999,6891,"2026-06-28T14:54:55.000+02:00",0.71,0.841241300106049,8.97109523701065,"almost_certain","2p4",NA,51.5649,6.0026,FALSE,1,"House Sparrow","Passer domesticus","#d16ff8","avian","https://media.birdweather.com/species/1/HouseSparrow-standard-b861184cf45c092cdb45fd689dd676ef.jpg","https://media.birdweather.com/species/1/HouseSparrow-thumbnail-e9cbc91763a1579de8ef04880678b5e3.jpg","https://media.birdweather.com/species/1/HouseSparrow-png200-125e8603e1efe9d7a18316b94f06a65e.png","XAgCDwD8qpukuHiqtLZ9mImnmPFcDO4E",13656689832,"https://media.birdweather.com/soundscapes/6891/6891-20260628-125455.flac",0,3,"birdnetpi"
9196828427,6891,"2026-06-28T14:54:27.000+02:00",0.85,0.841241300106049,9.37354796939423,"almost_certain","2p4",NA,51.5619,6.0032,FALSE,1,"House Sparrow","Passer domesticus","#d16ff8","avian","https://media.birdweather.com/species/1/HouseSparrow-standard-b861184cf45c092cdb45fd689dd676ef.jpg","https://media.birdweather.com/species/1/HouseSparrow-thumbnail-e9cbc91763a1579de8ef04880678b5e3.jpg","https://media.birdweather.com/species/1/HouseSparrow-png200-125e8603e1efe9d7a18316b94f06a65e.png","XAgCDwD8qpukuHiqtLZ9mImnmPFcDO4E",13656676746,"https://media.birdweather.com/soundscapes/6891/6891-20260628-125427.flac",0,3,"birdnetpi"
9196820964,6891,"2026-06-28T14:54:10.000+02:00",0.71,0.841241300106049,8.97109523701065,"almost_certain","2p4",NA,51.569,6.0018,FALSE,1,"House Sparrow","Passer domesticus","#d16ff8","avian","https://media.birdweather.com/species/1/HouseSparrow-standard-b861184cf45c092cdb45fd689dd676ef.jpg","https://media.birdweather.com/species/1/HouseSparrow-thumbnail-e9cbc91763a1579de8ef04880678b5e3.jpg","https://media.birdweather.com/species/1/HouseSparrow-png200-125e8603e1efe9d7a18316b94f06a65e.png","XAgCDwD8qpukuHiqtLZ9mImnmPFcDO4E",13656668989,"https://media.birdweather.com/soundscapes/6891/6891-20260628-125410.flac",0,3,"birdnetpi"
9196807162,6891,"2026-06-28T14:53:52.000+02:00",0.71,0.841241300106049,8.97109523701065,"almost_certain","2p4",NA,51.5629,6.0034,FALSE,1,"House Sparrow","Passer domesticus","#d16ff8","avian","https://media.birdweather.com/species/1/HouseSparrow-standard-b861184cf45c092cdb45fd689dd676ef.jpg","https://media.birdweather.com/species/1/HouseSparrow-thumbnail-e9cbc91763a1579de8ef04880678b5e3.jpg","https://media.birdweather.com/species/1/HouseSparrow-png200-125e8603e1efe9d7a18316b94f06a65e.png","XAgCDwD8qpukuHiqtLZ9mImnmPFcDO4E",13656654509,"https://media.birdweather.com/soundscapes/6891/6891-20260628-125352.flac",0,3,"birdnetpi"
9196785992,6891,"2026-06-28T14:52:55.000+02:00",0.74,0.841241300106049,9.06784130409377,"almost_certain","2p4",NA,51.5654,6.0067,FALSE,1,"House Sparrow","Passer domesticus","#d16ff8","avian","https://media.birdweather.com/species/1/HouseSparrow-standard-b861184cf45c092cdb45fd689dd676ef.jpg","https://media.birdweather.com/species/1/HouseSparrow-thumbnail-e9cbc91763a1579de8ef04880678b5e3.jpg","https://media.birdweather.com/species/1/HouseSparrow-png200-125e8603e1efe9d7a18316b94f06a65e.png","XAgCDwD8qpukuHiqtLZ9mImnmPFcDO4E",13656632823,"https://media.birdweather.com/soundscapes/6891/6891-20260628-125255.flac",0,3,"birdnetpi"
9196778300,6891,"2026-06-28T14:52:42.000+02:00",0.73,0.841241300106049,9.03634566412593,"almost_certain","2p4",NA,51.5663,6.0023,FALSE,1,"House Sparrow","Passer domesticus","#d16ff8","avian","https://media.birdweather.com/species/1/HouseSparrow-standard-b861184cf45c092cdb45fd689dd676ef.jpg","https://media.birdweather.com/species/1/HouseSparrow-thumbnail-e9cbc91763a1579de8ef04880678b5e3.jpg","https://media.birdweather.com/species/1/HouseSparrow-png200-125e8603e1efe9d7a18316b94f06a65e.png","XAgCDwD8qpukuHiqtLZ9mImnmPFcDO4E",13656624815,"https://media.birdweather.com/soundscapes/6891/6891-20260628-125242.flac",0,3,"birdnetpi"
9196723827,6891,"2026-06-28T14:50:42.000+02:00",0.72,0.841241300106049,9.00410888267396,"almost_certain","2p4",NA,51.5661,6.0068,FALSE,1,"House Sparrow","Passer domesticus","#d16ff8","avian","https://media.birdweather.com/species/1/HouseSparrow-standard-b861184cf45c092cdb45fd689dd676ef.jpg","https://media.birdweather.com/species/1/HouseSparrow-thumbnail-e9cbc91763a1579de8ef04880678b5e3.jpg","https://media.birdweather.com/species/1/HouseSparrow-png200-125e8603e1efe9d7a18316b94f06a65e.png","XAgCDwD8qpukuHiqtLZ9mImnmPFcDO4E",13656567697,"https://media.birdweather.com/soundscapes/6891/6891-20260628-125042.flac",0,3,"birdnetpi"
9196714267,6891,"2026-06-28T14:50:27.000+02:00",0.75,0.841241300106049,9.09862911661109,"almost_certain","2p4",NA,51.5666,6.0087,FALSE,1,"House Sparrow","Passer domesticus","#d16ff8","avian","https://media.birdweather.com/species/1/HouseSparrow-standard-b861184cf45c092cdb45fd689dd676ef.jpg","https://media.birdweather.com/species/1/HouseSparrow-thumbnail-e9cbc91763a1579de8ef04880678b5e3.jpg","https://media.birdweather.com/species/1/HouseSparrow-png200-125e8603e1efe9d7a18316b94f06a65e.png","XAgCDwD8qpukuHiqtLZ9mImnmPFcDO4E",13656557608,"https://media.birdweather.com/soundscapes/6891/6891-20260628-125027.flac",0,3,"birdnetpi"
9196705783,6891,"2026-06-28T14:50:07.000+02:00",0.78,0.841241300106049,9.18704689056956,"almost_certain","2p4",NA,51.5644,6.002,FALSE,1,"House Sparrow","Passer domesticus","#d16ff8","avian","https://media.birdweather.com/species/1/HouseSparrow-standard-b861184cf45c092cdb45fd689dd676ef.jpg","https://media.birdweather.com/species/1/HouseSparrow-thumbnail-e9cbc91763a1579de8ef04880678b5e3.jpg","https://media.birdweather.com/species/1/HouseSparrow-png200-125e8603e1efe9d7a18316b94f06a65e.png","XAgCDwD8qpukuHiqtLZ9mImnmPFcDO4E",13656548872,"https://media.birdweather.com/soundscapes/6891/6891-20260628-125007.flac",0,3,"birdnetpi"
9196691936,6891,"2026-06-28T14:49:33.000+02:00",0.8,0.841241300106049,9.24297302306231,"almost_certain","2p4",NA,51.5659,6.0022,FALSE,1,"House Sparrow","Passer domesticus","#d16ff8","avian","https://media.birdweather.com/species/1/HouseSparrow-standard-b861184cf45c092cdb45fd689dd676ef.jpg","https://media.birdweather.com/species/1/HouseSparrow-thumbnail-e9cbc91763a1579de8ef04880678b5e3.jpg","https://media.birdweather.com/species/1/HouseSparrow-png200-125e8603e1efe9d7a18316b94f06a65e.png","XAgCDwD8qpukuHiqtLZ9mImnmPFcDO4E",13656534437,"https://media.birdweather.com/soundscapes/6891/6891-20260628-124933.flac",0,3,"birdnetpi"
9196664950,6891,"2026-06-28T14:48:34.000+02:00",0.77,0.841241300106049,9.15820371996853,"almost_certain","2p4",NA,51.5698,6.0065,FALSE,1,"House Sparrow","Passer domesticus","#d16ff8","avian","https://media.birdweather.com/species/1/HouseSparrow-standard-b861184cf45c092cdb45fd689dd676ef.jpg","https://media.birdweather.com/species/1/HouseSparrow-thumbnail-e9cbc91763a1579de8ef04880678b5e3.jpg","https://media.birdweather.com/species/1/HouseSparrow-png200-125e8603e1efe9d7a18316b94f06a65e.png","XAgCDwD8qpukuHiqtLZ9mImnmPFcDO4E",13656506895,"https://media.birdweather.com/soundscapes/6891/6891-20260628-124834.flac",0,3,"birdnetpi"
9196656902,6891,"2026-06-28T14:48:29.000+02:00",0.8,0.841241300106049,9.24297302306231,"almost_certain","2p4",NA,51.5652,6.0007,FALSE,1,"House Sparrow","Passer domesticus","#d16ff8","avian","https://media.birdweather.com/species/1/HouseSparrow-standard-b861184cf45c092cdb45fd689dd676ef.jpg","https://media.birdweather.com/species/1/HouseSparrow-thumbnail-e9cbc91763a1579de8ef04880678b5e3.jpg","https://media.birdweather.com/species/1/HouseSparrow-png200-125e8603e1efe9d7a18316b94f06a65e.png","XAgCDwD8qpukuHiqtLZ9mImnmPFcDO4E",13656498703,"https://media.birdweather.com/soundscapes/6891/6891-20260628-124829.flac",0,3,"birdnetpi"
9196644941,6891,"2026-06-28T14:47:54.000+02:00",0.73,0.841241300106049,9.03634566412593,"almost_certain","2p4",NA,51.5636,6.004,FALSE,1,"House Sparrow","Passer domesticus","#d16ff8","avian","https://media.birdweather.com/species/1/HouseSparrow-standard-b861184cf45c092cdb45fd689dd676ef.jpg","https://media.birdweather.com/species/1/HouseSparrow-thumbnail-e9cbc91763a1579de8ef04880678b5e3.jpg","https://media.birdweather.com/species/1/HouseSparrow-png200-125e8603e1efe9d7a18316b94f06a65e.png","XAgCDwD8qpukuHiqtLZ9mImnmPFcDO4E",13656486507,"https://media.birdweather.com/soundscapes/6891/6891-20260628-124754.flac",0,3,"birdnetpi"
9196603350,6891,"2026-06-28T14:46:24.000+02:00",0.75,0.96339750289917,9.28234186246717,"almost_certain","2p4",NA,51.5616,6.0038,FALSE,25,"Common Chaffinch","Fringilla coelebs","#fb7eff","avian","https://media.birdweather.com/species/25/CommonChaffinch-standard-d8edb223d1ec828ee0cda788e8f5f209.jpg","https://media.birdweather.com/species/25/CommonChaffinch-thumbnail-7ba0a46bb0cd7efdb3215242f9528140.jpg","https://media.birdweather.com/species/25/CommonChaffinch-png200-ced617224ab07c316109e2d0e9078f2e.png","WfgJDwKGhIbAbHimmnhluHh2tv25ZoAD",13656443770,"https://media.birdweather.com/soundscapes/6891/6891-20260628-124624.flac",0,3,"birdnetpi"
9196552766,6891,"2026-06-28T14:44:34.000+02:00",0.71,0.841241300106049,8.97109523701065,"almost_certain","2p4",NA,51.564,6.0056,FALSE,1,"House Sparrow","Passer domesticus","#d16ff8","avian","https://media.birdweather.com/species/1/HouseSparrow-standard-b861184cf45c092cdb45fd689dd676ef.jpg","https://media.birdweather.com/species/1/HouseSparrow-thumbnail-e9cbc91763a1579de8ef04880678b5e3.jpg","https://media.birdweather.com/species/1/HouseSparrow-png200-125e8603e1efe9d7a18316b94f06a65e.png","XAgCDwD8qpukuHiqtLZ9mImnmPFcDO4E",13656391094,"https://media.birdweather.com/soundscapes/6891/6891-20260628-124434.flac",0,3,"birdnetpi"
9196514674,6891,"2026-06-28T14:43:17.000+02:00",0.71,0.841241300106049,8.97109523701065,"almost_certain","2p4",NA,51.5639,6.0015,FALSE,1,"House Sparrow","Passer domesticus","#d16ff8","avian","https://media.birdweather.com/species/1/HouseSparrow-standard-b861184cf45c092cdb45fd689dd676ef.jpg","https://media.birdweather.com/species/1/HouseSparrow-thumbnail-e9cbc91763a1579de8ef04880678b5e3.jpg","https://media.birdweather.com/species/1/HouseSparrow-png200-125e8603e1efe9d7a18316b94f06a65e.png","XAgCDwD8qpukuHiqtLZ9mImnmPFcDO4E",13656351969,"https://media.birdweather.com/soundscapes/6891/6891-20260628-124317.flac",0,3,"birdnetpi"
9196497650,6891,"2026-06-28T14:42:50.000+02:00",0.74,0.841241300106049,9.06784130409377,"almost_certain","2p4",NA,51.5665,6.0029,FALSE,1,"House Sparrow","Passer domesticus","#d16ff8","avian","https://media.birdweather.com/species/1/HouseSparrow-standard-b861184cf45c092cdb45fd689dd676ef.jpg","https://media.birdweather.com/species/1/HouseSparrow-thumbnail-e9cbc91763a1579de8ef04880678b5e3.jpg","https://media.birdweather.com/species/1/HouseSparrow-png200-125e8603e1efe9d7a18316b94f06a65e.png","XAgCDwD8qpukuHiqtLZ9mImnmPFcDO4E",13656334556,"https://media.birdweather.com/soundscapes/6891/6891-20260628-124250.flac",0,3,"birdnetpi"
9196466663,6891,"2026-06-28T14:41:34.000+02:00",0.73,0.841241300106049,9.03634566412593,"almost_certain","2p4",NA,51.5697,6.0089,FALSE,1,"House Sparrow","Passer domesticus","#d16ff8","avian","https://media.birdweather.com/species/1/HouseSparrow-standard-b861184cf45c092cdb45fd689dd676ef.jpg","https://media.birdweather.com/species/1/HouseSparrow-thumbnail-e9cbc91763a1579de8ef04880678b5e3.jpg","https://media.birdweather.com/species/1/HouseSparrow-png200-125e8603e1efe9d7a18316b94f06a65e.png","XAgCDwD8qpukuHiqtLZ9mImnmPFcDO4E",13656303244,"https://media.birdweather.com/soundscapes/6891/6891-20260628-124134.flac",0,3,"birdnetpi"
9196457910,6891,"2026-06-28T14:41:15.000+02:00",0.73,0.841241300106049,9.03634566412593,"almost_certain","2p4",NA,51.5644,6.0086,FALSE,1,"House Sparrow","Passer domesticus","#d16ff8","avian","https://media.birdweather.com/species/1/HouseSparrow-standard-b861184cf45c092cdb45fd689dd676ef.jpg","https://media.birdweather.com/species/1/HouseSparrow-thumbnail-e9cbc91763a1579de8ef04880678b5e3.jpg","https://media.birdweather.com/species/1/HouseSparrow-png200-125e8603e1efe9d7a18316b94f06a65e.png","XAgCDwD8qpukuHiqtLZ9mImnmPFcDO4E",13656294426,"https://media.birdweather.com/soundscapes/6891/6891-20260628-124115.flac",0,3,"birdnetpi"
9196444553,6891,"2026-06-28T14:40:46.000+02:00",0.82,0.841241300106049,9.29670540008231,"almost_certain","2p4",NA,51.5643,6.0077,FALSE,1,"House Sparrow","Passer domesticus","#d16ff8","avian","https://media.birdweather.com/species/1/HouseSparrow-standard-b861184cf45c092cdb45fd689dd676ef.jpg","https://media.birdweather.com/species/1/HouseSparrow-thumbnail-e9cbc91763a1579de8ef04880678b5e3.jpg","https://media.birdweather.com/species/1/HouseSparrow-png200-125e8603e1efe9d7a18316b94f06a65e.png","XAgCDwD8qpukuHiqtLZ9mImnmPFcDO4E",13656280867,"https://media.birdweather.com/soundscapes/6891/6891-20260628-124046.flac",0,3,"birdnetpi"
9196433051,6891,"2026-06-28T14:40:22.000+02:00",0.79,0.841241300106049,9.21529531403731,"almost_certain","2p4",NA,51.5702,6.0018,FALSE,1,"House Sparrow","Passer domesticus","#d16ff8","avian","https://media.birdweather.com/species/1/HouseSparrow-standard-b861184cf45c092cdb45fd689dd676ef.jpg","https://media.birdweather.com/species/1/HouseSparrow-thumbnail-e9cbc91763a1579de8ef04880678b5e3.jpg","https://media.birdweather.com/species/1/HouseSparrow-png200-125e8603e1efe9d7a18316b94f06a65e.png","XAgCDwD8qpukuHiqtLZ9mImnmPFcDO4E",13656269265,"https://media.birdweather.com/soundscapes/6891/6891-20260628-124022.flac",0,3,"birdnetpi"
9196412387,6891,"2026-06-28T14:39:39.000+02:00",0.79,0.841241300106049,9.21529531403731,"almost_certain","2p4",NA,51.5619,6.005,FALSE,1,"House Sparrow","Passer domesticus","#d16ff8","avian","https://media.birdweather.com/species/1/HouseSparrow-standard-b861184cf45c092cdb45fd689dd676ef.jpg","https://media.birdweather.com/species/1/HouseSparrow-thumbnail-e9cbc91763a1579de8ef04880678b5e3.jpg","https://media.birdweather.com/species/1/HouseSparrow-png200-125e8603e1efe9d7a18316b94f06a65e.png","XAgCDwD8qpukuHiqtLZ9mImnmPFcDO4E",13656248047,"https://media.birdweather.com/soundscapes/6891/6891-20260628-123939.flac",0,3,"birdnetpi"
9196396301,6891,"2026-06-28T14:39:10.000+02:00",0.89,0.841241300106049,9.46972780377659,"almost_certain","2p4",NA,51.5677,6.0048,FALSE,1,"House Sparrow","Passer domesticus","#d16ff8","avian","https://media.birdweather.com/species/1/HouseSparrow-standard-b861184cf45c092cdb45fd689dd676ef.jpg","https://media.birdweather.com/species/1/HouseSparrow-thumbnail-e9cbc91763a1579de8ef04880678b5e3.jpg","https://media.birdweather.com/species/1/HouseSparrow-png200-125e8603e1efe9d7a18316b94f06a65e.png","XAgCDwD8qpukuHiqtLZ9mImnmPFcDO4E",13656231629,"https://media.birdweather.com/soundscapes/6891/6891-20260628-123910.flac",0,3,"birdnetpi"
9196388689,6891,"2026-06-28T14:38:54.000+02:00",0.78,0.841241300106049,9.18704689056956,"almost_certain","2p4",NA,51.5685,6.005,FALSE,1,"House Sparrow","Passer domesticus","#d16ff8","avian","https://media.birdweather.com/species/1/HouseSparrow-standard-b861184cf45c092cdb45fd689dd676ef.jpg","https://media.birdweather.com/species/1/HouseSparrow-thumbnail-e9cbc91763a1579de8ef04880678b5e3.jpg","https://media.birdweather.com/species/1/HouseSparrow-png200-125e8603e1efe9d7a18316b94f06a65e.png","XAgCDwD8qpukuHiqtLZ9mImnmPFcDO4E",13656223613,"https://media.birdweather.com/soundscapes/6891/6891-20260628-123854.flac",0,3,"birdnetpi"
9196375837,6891,"2026-06-28T14:38:22.000+02:00",0.72,0.841241300106049,9.00410888267396,"almost_certain","2p4",NA,51.5668,6.002,FALSE,1,"House Sparrow","Passer domesticus","#d16ff8","avian","https://media.birdweather.com/species/1/HouseSparrow-standard-b861184cf45c092cdb45fd689dd676ef.jpg","https://media.birdweather.com/species/1/HouseSparrow-thumbnail-e9cbc91763a1579de8ef04880678b5e3.jpg","https://media.birdweather.com/species/1/HouseSparrow-png200-125e8603e1efe9d7a18316b94f06a65e.png","XAgCDwD8qpukuHiqtLZ9mImnmPFcDO4E",13656210561,"https://media.birdweather.com/soundscapes/6891/6891-20260628-123822.flac",0,3,"birdnetpi"
9196250852,6891,"2026-06-28T14:34:02.000+02:00",0.86,0.841241300106049,9.3982333219329,"almost_certain","2p4",NA,51.5676,6.0059,FALSE,1,"House Sparrow","Passer domesticus","#d16ff8","avian","https://media.birdweather.com/species/1/HouseSparrow-standard-b861184cf45c092cdb45fd689dd676ef.jpg","https://media.birdweather.com/species/1/HouseSparrow-thumbnail-e9cbc91763a1579de8ef04880678b5e3.jpg","https://media.birdweather.com/species/1/HouseSparrow-png200-125e8603e1efe9d7a18316b94f06a65e.png","XAgCDwD8qpukuHiqtLZ9mImnmPFcDO4E",13656084119,"https://media.birdweather.com/soundscapes/6891/6891-20260628-123402.flac",0,3,"birdnetpi"
9196237941,6891,"2026-06-28T14:33:45.000+02:00",0.92,0.841241300106049,9.53767561313752,"almost_certain","2p4",NA,51.568,6.0065,FALSE,1,"House Sparrow","Passer domesticus","#d16ff8","avian","https://media.birdweather.com/species/1/HouseSparrow-standard-b861184cf45c092cdb45fd689dd676ef.jpg","https://media.birdweather.com/species/1/HouseSparrow-thumbnail-e9cbc91763a1579de8ef04880678b5e3.jpg","https://media.birdweather.com/species/1/HouseSparrow-png200-125e8603e1efe9d7a18316b94f06a65e.png","XAgCDwD8qpukuHiqtLZ9mImnmPFcDO4E",13656071135,"https://media.birdweather.com/soundscapes/6891/6891-20260628-123345.flac",0,3,"birdnetpi"
9196158653,6891,"2026-06-28T14:30:48.000+02:00",0.8,0.841241300106049,9.24297302306231,"almost_certain","2p4",NA,51.5703,6.0062,FALSE,1,"House Sparrow","Passer domesticus","#d16ff8","avian","https://media.birdweather.com/species/1/HouseSparrow-standard-b861184cf45c092cdb45fd689dd676ef.jpg","https://media.birdweather.com/species/1/HouseSparrow-thumbnail-e9cbc91763a1579de8ef04880678b5e3.jpg","https://media.birdweather.com/species/1/HouseSparrow-png200-125e8603e1efe9d7a18316b94f06a65e.png","XAgCDwD8qpukuHiqtLZ9mImnmPFcDO4E",13655991170,"https://media.birdweather.com/soundscapes/6891/6891-20260628-123048.flac",0,3,"birdnetpi"
9196024271,6891,"2026-06-28T14:26:05.000+02:00",0.77,0.841241300106049,9.15820371996853,"almost_certain","2p4",NA,51.5657,6.006,FALSE,1,"House Sparrow","Passer domesticus","#d16ff8","avian","https://media.birdweather.com/species/1/HouseSparrow-standard-b861184cf45c092cdb45fd689dd676ef.jpg","https://media.birdweather.com/species/1/HouseSparrow-thumbnail-e9cbc91763a1579de8ef04880678b5e3.jpg","https://media.birdweather.com/species/1/HouseSparrow-png200-125e8603e1efe9d7a18316b94f06a65e.png","XAgCDwD8qpukuHiqtLZ9mImnmPFcDO4E",13655853926,"https://media.birdweather.com/soundscapes/6891/6891-20260628-122605.flac",0,3,"birdnetpi"
9195972392,6891,"2026-06-28T14:24:20.000+02:00",0.77,0.841241300106049,9.15820371996853,"almost_certain","2p4",NA,51.5699,6.0079,FALSE,1,"House Sparrow","Passer domesticus","#d16ff8","avian","https://media.birdweather.com/species/1/HouseSparrow-standard-b861184cf45c092cdb45fd689dd676ef.jpg","https://media.birdweather.com/species/1/HouseSparrow-thumbnail-e9cbc91763a1579de8ef04880678b5e3.jpg","https://media.birdweather.com/species/1/HouseSparrow-png200-125e8603e1efe9d7a18316b94f06a65e.png","XAgCDwD8qpukuHiqtLZ9mImnmPFcDO4E",13655800654,"https://media.birdweather.com/soundscapes/6891/6891-20260628-122420.flac",0,3,"birdnetpi"
9195919007,6891,"2026-06-28T14:22:24.000+02:00",0.92,0.938615620136261,9.68605763143279,"almost_certain","2p4",NA,51.567,6.0053,FALSE,397,"Barn Swallow","Hirundo rustica","#c85500","avian","https://media.birdweather.com/species/397/BarnSwallow-standard-66c9cb8916403efe633a420fe54e3bc6.jpg","https://media.birdweather.com/species/397/BarnSwallow-thumbnail-418cddeb212e9e1ce5d35f61a3040433.jpg","https://media.birdweather.com/species/397/BarnSwallow-png200-317c812ebfcec488fad1824feff99dbc.png","IAgKHwKLhnmThXdPl1i3p3ll51f4jngP",13655746747,"https://media.birdweather.com/soundscapes/6891/6891-20260628-122224.flac",0,3,"birdnetpi"
9195904863,6891,"2026-06-28T14:21:54.000+02:00",0.75,0.938615620136261,9.24701113490636,"almost_certain","2p4",NA,51.5663,6.0069,FALSE,397,"Barn Swallow","Hirundo rustica","#c85500","avian","https://media.birdweather.com/species/397/BarnSwallow-standard-66c9cb8916403efe633a420fe54e3bc6.jpg","https://media.birdweather.com/species/397/BarnSwallow-thumbnail-418cddeb212e9e1ce5d35f61a3040433.jpg","https://media.birdweather.com/species/397/BarnSwallow-png200-317c812ebfcec488fad1824feff99dbc.png","IAgKHwKLhnmThXdPl1i3p3ll51f4jngP",13655732182,"https://media.birdweather.com/soundscapes/6891/6891-20260628-122154.flac",0,3,"birdnetpi"
9195874622,6891,"2026-06-28T14:20:55.000+02:00",0.79,0.938615620136261,9.36367733233258,"almost_certain","2p4",NA,51.5632,6.0042,FALSE,397,"Barn Swallow","Hirundo rustica","#c85500","avian","https://media.birdweather.com/species/397/BarnSwallow-standard-66c9cb8916403efe633a420fe54e3bc6.jpg","https://media.birdweather.com/species/397/BarnSwallow-thumbnail-418cddeb212e9e1ce5d35f61a3040433.jpg","https://media.birdweather.com/species/397/BarnSwallow-png200-317c812ebfcec488fad1824feff99dbc.png","IAgKHwKLhnmThXdPl1i3p3ll51f4jngP",13655701173,"https://media.birdweather.com/soundscapes/6891/6891-20260628-122055.flac",0,3,"birdnetpi"
9195782099,6891,"2026-06-28T14:17:35.000+02:00",0.89,0.938615620136261,9.61810982207185,"almost_certain","2p4",NA,51.5616,6.0048,FALSE,397,"Barn Swallow","Hirundo rustica","#c85500","avian","https://media.birdweather.com/species/397/BarnSwallow-standard-66c9cb8916403efe633a420fe54e3bc6.jpg","https://media.birdweather.com/species/397/BarnSwallow-thumbnail-418cddeb212e9e1ce5d35f61a3040433.jpg","https://media.birdweather.com/species/397/BarnSwallow-png200-317c812ebfcec488fad1824feff99dbc.png","IAgKHwKLhnmThXdPl1i3p3ll51f4jngP",13655605987,"https://media.birdweather.com/soundscapes/6891/6891-20260628-121735.flac",0,3,"birdnetpi"
9195694768,6891,"2026-06-28T14:14:39.000+02:00",0.8,0.841241300106049,9.24297302306231,"almost_certain","2p4",NA,51.5637,6.0015,FALSE,1,"House Sparrow","Passer domesticus","#d16ff8","avian","https://media.birdweather.com/species/1/HouseSparrow-standard-b861184cf45c092cdb45fd689dd676ef.jpg","https://media.birdweather.com/species/1/HouseSparrow-thumbnail-e9cbc91763a1579de8ef04880678b5e3.jpg","https://media.birdweather.com/species/1/HouseSparrow-png200-125e8603e1efe9d7a18316b94f06a65e.png","XAgCDwD8qpukuHiqtLZ9mImnmPFcDO4E",13655516888,"https://media.birdweather.com/soundscapes/6891/6891-20260628-121439.flac",0,3,"birdnetpi"
9195579552,6891,"2026-06-28T14:10:18.000+02:00",0.71,0.841241300106049,8.97109523701065,"almost_certain","2p4",NA,51.5691,6.0094,FALSE,1,"House Sparrow","Passer domesticus","#d16ff8","avian","https://media.birdweather.com/species/1/HouseSparrow-standard-b861184cf45c092cdb45fd689dd676ef.jpg","https://media.birdweather.com/species/1/HouseSparrow-thumbnail-e9cbc91763a1579de8ef04880678b5e3.jpg","https://media.birdweather.com/species/1/HouseSparrow-png200-125e8603e1efe9d7a18316b94f06a65e.png","XAgCDwD8qpukuHiqtLZ9mImnmPFcDO4E",13655395163,"https://media.birdweather.com/soundscapes/6891/6891-20260628-121018.flac",0,3,"birdnetpi"
9195571331,6891,"2026-06-28T14:09:59.000+02:00",0.7,0.841241300106049,8.93726635776184,"almost_certain","2p4",NA,51.5687,6.0091,FALSE,1,"House Sparrow","Passer domesticus","#d16ff8","avian","https://media.birdweather.com/species/1/HouseSparrow-standard-b861184cf45c092cdb45fd689dd676ef.jpg","https://media.birdweather.com/species/1/HouseSparrow-thumbnail-e9cbc91763a1579de8ef04880678b5e3.jpg","https://media.birdweather.com/species/1/HouseSparrow-png200-125e8603e1efe9d7a18316b94f06a65e.png","XAgCDwD8qpukuHiqtLZ9mImnmPFcDO4E",13655386475,"https://media.birdweather.com/soundscapes/6891/6891-20260628-120959.flac",0,3,"birdnetpi"
9195554952,6891,"2026-06-28T14:09:24.000+02:00",0.7,0.841241300106049,8.93726635776184,"almost_certain","2p4",NA,51.5678,6.0053,FALSE,1,"House Sparrow","Passer domesticus","#d16ff8","avian","https://media.birdweather.com/species/1/HouseSparrow-standard-b861184cf45c092cdb45fd689dd676ef.jpg","https://media.birdweather.com/species/1/HouseSparrow-thumbnail-e9cbc91763a1579de8ef04880678b5e3.jpg","https://media.birdweather.com/species/1/HouseSparrow-png200-125e8603e1efe9d7a18316b94f06a65e.png","XAgCDwD8qpukuHiqtLZ9mImnmPFcDO4E",13655369064,"https://media.birdweather.com/soundscapes/6891/6891-20260628-120924.flac",0,3,"birdnetpi"
9195285959,6891,"2026-06-28T13:59:27.000+02:00",1,0.893091917037964,9.7849463085687,"almost_certain","2p4",NA,51.5677,6.0071,FALSE,551,"Common Swift","Apus apus","#234bb2","avian","https://media.birdweather.com/species/551/CommonSwift-standard-ba54f84fbd8481b1c0de60654fbd79d5.jpg","https://media.birdweather.com/species/551/CommonSwift-thumbnail-bad1d7e3c141990f11d01e49e9f768ac.jpg","https://media.birdweather.com/species/551/CommonSwift-png200-f52bea49cb0e4232049806bde3e1a401.png","LLYFFwLchWelV5dvsqh1jKZoKJIEMkoA",13655079867,"https://media.birdweather.com/soundscapes/6891/6891-20260628-115927.flac",0,3,"birdnetpi"
9195265138,6891,"2026-06-28T13:58:39.000+02:00",0.88,0.938615620136261,9.59469044836961,"almost_certain","2p4",NA,51.5668,6.0082,FALSE,397,"Barn Swallow","Hirundo rustica","#c85500","avian","https://media.birdweather.com/species/397/BarnSwallow-standard-66c9cb8916403efe633a420fe54e3bc6.jpg","https://media.birdweather.com/species/397/BarnSwallow-thumbnail-418cddeb212e9e1ce5d35f61a3040433.jpg","https://media.birdweather.com/species/397/BarnSwallow-png200-317c812ebfcec488fad1824feff99dbc.png","IAgKHwKLhnmThXdPl1i3p3ll51f4jngP",13655057329,"https://media.birdweather.com/soundscapes/6891/6891-20260628-115839.flac",0,3,"birdnetpi"
9195217794,6891,"2026-06-28T13:57:05.000+02:00",0.9,0.651233911514282,9.14670801668249,"almost_certain","2p4",NA,51.5619,6.0076,FALSE,119,"Common House-Martin","Delichon urbicum","#53b1ff","avian","https://media.birdweather.com/species/119/CommonHouse-Martin-standard-9ffbcc688c51210fb136a162c84d82ad.jpg","https://media.birdweather.com/species/119/CommonHouse-Martin-thumbnail-dd7059ca6235347c3097e7a66f04df95.jpg","https://media.birdweather.com/species/119/CommonHouse-Martin-png200-a73a8953ce2af50676da81e70b2746b2.png","YhgKDwKJd4iIiHd/h5h5d4mIeQqVllAH",13655005873,"https://media.birdweather.com/soundscapes/6891/6891-20260628-115705.flac",0,3,"birdnetpi"
9195204260,6891,"2026-06-28T13:56:24.000+02:00",0.71,0.841241300106049,8.97109523701065,"almost_certain","2p4",NA,51.5693,6.0018,FALSE,1,"House Sparrow","Passer domesticus","#d16ff8","avian","https://media.birdweather.com/species/1/HouseSparrow-standard-b861184cf45c092cdb45fd689dd676ef.jpg","https://media.birdweather.com/species/1/HouseSparrow-thumbnail-e9cbc91763a1579de8ef04880678b5e3.jpg","https://media.birdweather.com/species/1/HouseSparrow-png200-125e8603e1efe9d7a18316b94f06a65e.png","XAgCDwD8qpukuHiqtLZ9mImnmPFcDO4E",13654991383,"https://media.birdweather.com/soundscapes/6891/6891-20260628-115624.flac",0,3,"birdnetpi"
9195195459,6891,"2026-06-28T13:56:09.000+02:00",0.72,0.841241300106049,9.00410888267396,"almost_certain","2p4",NA,51.5685,6.0021,FALSE,1,"House Sparrow","Passer domesticus","#d16ff8","avian","https://media.birdweather.com/species/1/HouseSparrow-standard-b861184cf45c092cdb45fd689dd676ef.jpg","https://media.birdweather.com/species/1/HouseSparrow-thumbnail-e9cbc91763a1579de8ef04880678b5e3.jpg","https://media.birdweather.com/species/1/HouseSparrow-png200-125e8603e1efe9d7a18316b94f06a65e.png","XAgCDwD8qpukuHiqtLZ9mImnmPFcDO4E",13654981815,"https://media.birdweather.com/soundscapes/6891/6891-20260628-115609.flac",0,3,"birdnetpi"
9195182918,6891,"2026-06-28T13:55:44.000+02:00",0.74,0.841241300106049,9.06784130409377,"almost_certain","2p4",NA,51.5703,6.0037,FALSE,1,"House Sparrow","Passer domesticus","#d16ff8","avian","https://media.birdweather.com/species/1/HouseSparrow-standard-b861184cf45c092cdb45fd689dd676ef.jpg","https://media.birdweather.com/species/1/HouseSparrow-thumbnail-e9cbc91763a1579de8ef04880678b5e3.jpg","https://media.birdweather.com/species/1/HouseSparrow-png200-125e8603e1efe9d7a18316b94f06a65e.png","XAgCDwD8qpukuHiqtLZ9mImnmPFcDO4E",13654968251,"https://media.birdweather.com/soundscapes/6891/6891-20260628-115544.flac",0,3,"birdnetpi"
9195175092,6891,"2026-06-28T13:55:18.000+02:00",0.71,0.841241300106049,8.97109523701065,"almost_certain","2p4",NA,51.5625,6.0017,FALSE,1,"House Sparrow","Passer domesticus","#d16ff8","avian","https://media.birdweather.com/species/1/HouseSparrow-standard-b861184cf45c092cdb45fd689dd676ef.jpg","https://media.birdweather.com/species/1/HouseSparrow-thumbnail-e9cbc91763a1579de8ef04880678b5e3.jpg","https://media.birdweather.com/species/1/HouseSparrow-png200-125e8603e1efe9d7a18316b94f06a65e.png","XAgCDwD8qpukuHiqtLZ9mImnmPFcDO4E",13654959658,"https://media.birdweather.com/soundscapes/6891/6891-20260628-115518.flac",0,3,"birdnetpi"
9195035943,6891,"2026-06-28T13:50:09.000+02:00",0.72,0.841241300106049,9.00410888267396,"almost_certain","2p4",NA,51.5644,6.004,FALSE,1,"House Sparrow","Passer domesticus","#d16ff8","avian","https://media.birdweather.com/species/1/HouseSparrow-standard-b861184cf45c092cdb45fd689dd676ef.jpg","https://media.birdweather.com/species/1/HouseSparrow-thumbnail-e9cbc91763a1579de8ef04880678b5e3.jpg","https://media.birdweather.com/species/1/HouseSparrow-png200-125e8603e1efe9d7a18316b94f06a65e.png","XAgCDwD8qpukuHiqtLZ9mImnmPFcDO4E",13654810809,"https://media.birdweather.com/soundscapes/6891/6891-20260628-115009.flac",0,3,"birdnetpi"
9195027602,6891,"2026-06-28T13:49:51.000+02:00",0.7,0.841241300106049,8.93726635776184,"almost_certain","2p4",NA,51.5615,6.0085,FALSE,1,"House Sparrow","Passer domesticus","#d16ff8","avian","https://media.birdweather.com/species/1/HouseSparrow-standard-b861184cf45c092cdb45fd689dd676ef.jpg","https://media.birdweather.com/species/1/HouseSparrow-thumbnail-e9cbc91763a1579de8ef04880678b5e3.jpg","https://media.birdweather.com/species/1/HouseSparrow-png200-125e8603e1efe9d7a18316b94f06a65e.png","XAgCDwD8qpukuHiqtLZ9mImnmPFcDO4E",13654801561,"https://media.birdweather.com/soundscapes/6891/6891-20260628-114951.flac",0,3,"birdnetpi"
9195022170,6891,"2026-06-28T13:49:38.000+02:00",0.89,0.651233911514282,9.12368226458905,"almost_certain","2p4",NA,51.5678,6.0048,FALSE,119,"Common House-Martin","Delichon urbicum","#53b1ff","avian","https://media.birdweather.com/species/119/CommonHouse-Martin-standard-9ffbcc688c51210fb136a162c84d82ad.jpg","https://media.birdweather.com/species/119/CommonHouse-Martin-thumbnail-dd7059ca6235347c3097e7a66f04df95.jpg","https://media.birdweather.com/species/119/CommonHouse-Martin-png200-a73a8953ce2af50676da81e70b2746b2.png","YhgKDwKJd4iIiHd/h5h5d4mIeQqVllAH",13654795727,"https://media.birdweather.com/soundscapes/6891/6891-20260628-114938.flac",0,3,"birdnetpi"
9195013021,6891,"2026-06-28T13:49:17.000+02:00",0.77,0.651233911514282,8.81215818078099,"almost_certain","2p4",NA,51.5627,6.0053,FALSE,119,"Common House-Martin","Delichon urbicum","#53b1ff","avian","https://media.birdweather.com/species/119/CommonHouse-Martin-standard-9ffbcc688c51210fb136a162c84d82ad.jpg","https://media.birdweather.com/species/119/CommonHouse-Martin-thumbnail-dd7059ca6235347c3097e7a66f04df95.jpg","https://media.birdweather.com/species/119/CommonHouse-Martin-png200-a73a8953ce2af50676da81e70b2746b2.png","YhgKDwKJd4iIiHd/h5h5d4mIeQqVllAH",13654785744,"https://media.birdweather.com/soundscapes/6891/6891-20260628-114917.flac",0,3,"birdnetpi"
9194882370,6891,"2026-06-28T13:44:21.000+02:00",0.75,0.841241300106049,9.09862911661109,"almost_certain","2p4",NA,51.5657,6.0065,FALSE,1,"House Sparrow","Passer domesticus","#d16ff8","avian","https://media.birdweather.com/species/1/HouseSparrow-standard-b861184cf45c092cdb45fd689dd676ef.jpg","https://media.birdweather.com/species/1/HouseSparrow-thumbnail-e9cbc91763a1579de8ef04880678b5e3.jpg","https://media.birdweather.com/species/1/HouseSparrow-png200-125e8603e1efe9d7a18316b94f06a65e.png","XAgCDwD8qpukuHiqtLZ9mImnmPFcDO4E",13654642346,"https://media.birdweather.com/soundscapes/6891/6891-20260628-114421.flac",0,3,"birdnetpi"
9194855362,6891,"2026-06-28T13:43:20.000+02:00",0.7,0.841241300106049,8.93726635776184,"almost_certain","2p4",NA,51.5687,6.0087,FALSE,1,"House Sparrow","Passer domesticus","#d16ff8","avian","https://media.birdweather.com/species/1/HouseSparrow-standard-b861184cf45c092cdb45fd689dd676ef.jpg","https://media.birdweather.com/species/1/HouseSparrow-thumbnail-e9cbc91763a1579de8ef04880678b5e3.jpg","https://media.birdweather.com/species/1/HouseSparrow-png200-125e8603e1efe9d7a18316b94f06a65e.png","XAgCDwD8qpukuHiqtLZ9mImnmPFcDO4E",13654612910,"https://media.birdweather.com/soundscapes/6891/6891-20260628-114320.flac",0,3,"birdnetpi"
9194809690,6891,"2026-06-28T13:41:39.000+02:00",0.73,0.841241300106049,9.03634566412593,"almost_certain","2p4",NA,51.5683,6.0028,FALSE,1,"House Sparrow","Passer domesticus","#d16ff8","avian","https://media.birdweather.com/species/1/HouseSparrow-standard-b861184cf45c092cdb45fd689dd676ef.jpg","https://media.birdweather.com/species/1/HouseSparrow-thumbnail-e9cbc91763a1579de8ef04880678b5e3.jpg","https://media.birdweather.com/species/1/HouseSparrow-png200-125e8603e1efe9d7a18316b94f06a65e.png","XAgCDwD8qpukuHiqtLZ9mImnmPFcDO4E",13654563841,"https://media.birdweather.com/soundscapes/6891/6891-20260628-114139.flac",0,3,"birdnetpi"
9194775501,6891,"2026-06-28T13:40:26.000+02:00",0.73,0.841241300106049,9.03634566412593,"almost_certain","2p4",NA,51.5624,6.0065,FALSE,1,"House Sparrow","Passer domesticus","#d16ff8","avian","https://media.birdweather.com/species/1/HouseSparrow-standard-b861184cf45c092cdb45fd689dd676ef.jpg","https://media.birdweather.com/species/1/HouseSparrow-thumbnail-e9cbc91763a1579de8ef04880678b5e3.jpg","https://media.birdweather.com/species/1/HouseSparrow-png200-125e8603e1efe9d7a18316b94f06a65e.png","XAgCDwD8qpukuHiqtLZ9mImnmPFcDO4E",13654527141,"https://media.birdweather.com/soundscapes/6891/6891-20260628-114026.flac",0,3,"birdnetpi"
9194772014,6891,"2026-06-28T13:40:17.000+02:00",1,0.893091917037964,9.7849463085687,"almost_certain","2p4",NA,51.5632,6.0017,FALSE,551,"Common Swift","Apus apus","#234bb2","avian","https://media.birdweather.com/species/551/CommonSwift-standard-ba54f84fbd8481b1c0de60654fbd79d5.jpg","https://media.birdweather.com/species/551/CommonSwift-thumbnail-bad1d7e3c141990f11d01e49e9f768ac.jpg","https://media.birdweather.com/species/551/CommonSwift-png200-f52bea49cb0e4232049806bde3e1a401.png","LLYFFwLchWelV5dvsqh1jKZoKJIEMkoA",13654523349,"https://media.birdweather.com/soundscapes/6891/6891-20260628-114017.flac",0,3,"birdnetpi"
9194735810,6891,"2026-06-28T13:38:56.000+02:00",0.99,0.893091917037964,9.76523373825932,"almost_certain","2p4",NA,51.5635,6.0065,FALSE,551,"Common Swift","Apus apus","#234bb2","avian","https://media.birdweather.com/species/551/CommonSwift-standard-ba54f84fbd8481b1c0de60654fbd79d5.jpg","https://media.birdweather.com/species/551/CommonSwift-thumbnail-bad1d7e3c141990f11d01e49e9f768ac.jpg","https://media.birdweather.com/species/551/CommonSwift-png200-f52bea49cb0e4232049806bde3e1a401.png","LLYFFwLchWelV5dvsqh1jKZoKJIEMkoA",13654483649,"https://media.birdweather.com/soundscapes/6891/6891-20260628-113856.flac",0,3,"birdnetpi"
9194717587,6891,"2026-06-28T13:38:14.000+02:00",0.83,0.841241300106049,9.32280142719216,"almost_certain","2p4",NA,51.5629,6.0088,FALSE,1,"House Sparrow","Passer domesticus","#d16ff8","avian","https://media.birdweather.com/species/1/HouseSparrow-standard-b861184cf45c092cdb45fd689dd676ef.jpg","https://media.birdweather.com/species/1/HouseSparrow-thumbnail-e9cbc91763a1579de8ef04880678b5e3.jpg","https://media.birdweather.com/species/1/HouseSparrow-png200-125e8603e1efe9d7a18316b94f06a65e.png","XAgCDwD8qpukuHiqtLZ9mImnmPFcDO4E",13654463912,"https://media.birdweather.com/soundscapes/6891/6891-20260628-113814.flac",0,3,"birdnetpi"
9194698719,6891,"2026-06-28T13:37:36.000+02:00",0.84,0.841241300106049,9.34840964941881,"almost_certain","2p4",NA,51.5686,6.0053,FALSE,1,"House Sparrow","Passer domesticus","#d16ff8","avian","https://media.birdweather.com/species/1/HouseSparrow-standard-b861184cf45c092cdb45fd689dd676ef.jpg","https://media.birdweather.com/species/1/HouseSparrow-thumbnail-e9cbc91763a1579de8ef04880678b5e3.jpg","https://media.birdweather.com/species/1/HouseSparrow-png200-125e8603e1efe9d7a18316b94f06a65e.png","XAgCDwD8qpukuHiqtLZ9mImnmPFcDO4E",13654443057,"https://media.birdweather.com/soundscapes/6891/6891-20260628-113736.flac",0,3,"birdnetpi"
9194692124,6891,"2026-06-28T13:37:15.000+02:00",0.84,0.841241300106049,9.34840964941881,"almost_certain","2p4",NA,51.5628,6.0077,FALSE,1,"House Sparrow","Passer domesticus","#d16ff8","avian","https://media.birdweather.com/species/1/HouseSparrow-standard-b861184cf45c092cdb45fd689dd676ef.jpg","https://media.birdweather.com/species/1/HouseSparrow-thumbnail-e9cbc91763a1579de8ef04880678b5e3.jpg","https://media.birdweather.com/species/1/HouseSparrow-png200-125e8603e1efe9d7a18316b94f06a65e.png","XAgCDwD8qpukuHiqtLZ9mImnmPFcDO4E",13654435940,"https://media.birdweather.com/soundscapes/6891/6891-20260628-113715.flac",0,3,"birdnetpi"
9194512785,6891,"2026-06-28T13:30:24.000+02:00",0.72,0.841241300106049,9.00410888267396,"almost_certain","2p4",NA,51.5642,6.0076,FALSE,1,"House Sparrow","Passer domesticus","#d16ff8","avian","https://media.birdweather.com/species/1/HouseSparrow-standard-b861184cf45c092cdb45fd689dd676ef.jpg","https://media.birdweather.com/species/1/HouseSparrow-thumbnail-e9cbc91763a1579de8ef04880678b5e3.jpg","https://media.birdweather.com/species/1/HouseSparrow-png200-125e8603e1efe9d7a18316b94f06a65e.png","XAgCDwD8qpukuHiqtLZ9mImnmPFcDO4E",13654238015,"https://media.birdweather.com/soundscapes/6891/6891-20260628-113024.flac",0,3,"birdnetpi"
9194134153,6891,"2026-06-28T13:15:47.000+02:00",0.76,0.841241300106049,9.12874021881581,"almost_certain","2p4",NA,51.5693,6.0073,FALSE,1,"House Sparrow","Passer domesticus","#d16ff8","avian","https://media.birdweather.com/species/1/HouseSparrow-standard-b861184cf45c092cdb45fd689dd676ef.jpg","https://media.birdweather.com/species/1/HouseSparrow-thumbnail-e9cbc91763a1579de8ef04880678b5e3.jpg","https://media.birdweather.com/species/1/HouseSparrow-png200-125e8603e1efe9d7a18316b94f06a65e.png","XAgCDwD8qpukuHiqtLZ9mImnmPFcDO4E",13653814337,"https://media.birdweather.com/soundscapes/6891/6891-20260628-111547.flac",0,3,"birdnetpi"
9194125402,6891,"2026-06-28T13:15:32.000+02:00",0.91,0.841241300106049,9.51539869954319,"almost_certain","2p4",NA,51.5676,6.0024,FALSE,1,"House Sparrow","Passer domesticus","#d16ff8","avian","https://media.birdweather.com/species/1/HouseSparrow-standard-b861184cf45c092cdb45fd689dd676ef.jpg","https://media.birdweather.com/species/1/HouseSparrow-thumbnail-e9cbc91763a1579de8ef04880678b5e3.jpg","https://media.birdweather.com/species/1/HouseSparrow-png200-125e8603e1efe9d7a18316b94f06a65e.png","XAgCDwD8qpukuHiqtLZ9mImnmPFcDO4E",13653804667,"https://media.birdweather.com/soundscapes/6891/6891-20260628-111532.flac",0,3,"birdnetpi"
9194113849,6891,"2026-06-28T13:15:00.000+02:00",0.72,0.841241300106049,9.00410888267396,"almost_certain","2p4",NA,51.5692,6.0045,FALSE,1,"House Sparrow","Passer domesticus","#d16ff8","avian","https://media.birdweather.com/species/1/HouseSparrow-standard-b861184cf45c092cdb45fd689dd676ef.jpg","https://media.birdweather.com/species/1/HouseSparrow-thumbnail-e9cbc91763a1579de8ef04880678b5e3.jpg","https://media.birdweather.com/species/1/HouseSparrow-png200-125e8603e1efe9d7a18316b94f06a65e.png","XAgCDwD8qpukuHiqtLZ9mImnmPFcDO4E",13653791666,"https://media.birdweather.com/soundscapes/6891/6891-20260628-111500.flac",0,3,"birdnetpi"
9194106957,6891,"2026-06-28T13:14:54.000+02:00",0.81,0.841241300106049,9.27010262245808,"almost_certain","2p4",NA,51.5622,6.0086,FALSE,1,"House Sparrow","Passer domesticus","#d16ff8","avian","https://media.birdweather.com/species/1/HouseSparrow-standard-b861184cf45c092cdb45fd689dd676ef.jpg","https://media.birdweather.com/species/1/HouseSparrow-thumbnail-e9cbc91763a1579de8ef04880678b5e3.jpg","https://media.birdweather.com/species/1/HouseSparrow-png200-125e8603e1efe9d7a18316b94f06a65e.png","XAgCDwD8qpukuHiqtLZ9mImnmPFcDO4E",13653783954,"https://media.birdweather.com/soundscapes/6891/6891-20260628-111454.flac",0,3,"birdnetpi"
9194086716,6891,"2026-06-28T13:13:57.000+02:00",0.7,0.651233911514282,8.5912208185743,"almost_certain","2p4",NA,51.5654,6.0027,FALSE,119,"Common House-Martin","Delichon urbicum","#53b1ff","avian","https://media.birdweather.com/species/119/CommonHouse-Martin-standard-9ffbcc688c51210fb136a162c84d82ad.jpg","https://media.birdweather.com/species/119/CommonHouse-Martin-thumbnail-dd7059ca6235347c3097e7a66f04df95.jpg","https://media.birdweather.com/species/119/CommonHouse-Martin-png200-a73a8953ce2af50676da81e70b2746b2.png","YhgKDwKJd4iIiHd/h5h5d4mIeQqVllAH",13653761204,"https://media.birdweather.com/soundscapes/6891/6891-20260628-111357.flac",0,3,"birdnetpi"
9194067700,6891,"2026-06-28T13:13:12.000+02:00",0.81,0.841241300106049,9.27010262245808,"almost_certain","2p4",NA,51.567,6.0045,FALSE,1,"House Sparrow","Passer domesticus","#d16ff8","avian","https://media.birdweather.com/species/1/HouseSparrow-standard-b861184cf45c092cdb45fd689dd676ef.jpg","https://media.birdweather.com/species/1/HouseSparrow-thumbnail-e9cbc91763a1579de8ef04880678b5e3.jpg","https://media.birdweather.com/species/1/HouseSparrow-png200-125e8603e1efe9d7a18316b94f06a65e.png","XAgCDwD8qpukuHiqtLZ9mImnmPFcDO4E",13653739899,"https://media.birdweather.com/soundscapes/6891/6891-20260628-111312.flac",0,3,"birdnetpi"
9193879424,6891,"2026-06-28T13:05:59.000+02:00",0.74,0.99532687664032,9.29577146569024,"almost_certain","2p4",NA,51.5624,6.0066,FALSE,58,"Carrion Crow","Corvus corone","#01a85a","avian","https://media.birdweather.com/species/58/CarrionCrow-standard-ed24da07616d0cd7c5ef9cd2892ec869.jpg","https://media.birdweather.com/species/58/CarrionCrow-thumbnail-38cc6285bbd8f8340f32fa4dc3f58a69.jpg","https://media.birdweather.com/species/58/CarrionCrow-png200-5ec2904f61f6588853b296f54d8d0cb6.png","nggODwDDmZlqdoiPdLeIWIiYaK6A1gMK",13653531177,"https://media.birdweather.com/soundscapes/6891/6891-20260628-110559.flac",0,3,"birdnetpi"
9193867637,6891,"2026-06-28T13:05:39.000+02:00",0.82,0.841241300106049,9.29670540008231,"almost_certain","2p4",NA,51.5701,6.0043,FALSE,1,"House Sparrow","Passer domesticus","#d16ff8","avian","https://media.birdweather.com/species/1/HouseSparrow-standard-b861184cf45c092cdb45fd689dd676ef.jpg","https://media.birdweather.com/species/1/HouseSparrow-thumbnail-e9cbc91763a1579de8ef04880678b5e3.jpg","https://media.birdweather.com/species/1/HouseSparrow-png200-125e8603e1efe9d7a18316b94f06a65e.png","XAgCDwD8qpukuHiqtLZ9mImnmPFcDO4E",13653518270,"https://media.birdweather.com/soundscapes/6891/6891-20260628-110539.flac",0,3,"birdnetpi"
9193800809,6891,"2026-06-28T13:03:00.000+02:00",0.81,0.841241300106049,9.27010262245808,"almost_certain","2p4",NA,51.5642,6.0038,FALSE,1,"House Sparrow","Passer domesticus","#d16ff8","avian","https://media.birdweather.com/species/1/HouseSparrow-standard-b861184cf45c092cdb45fd689dd676ef.jpg","https://media.birdweather.com/species/1/HouseSparrow-thumbnail-e9cbc91763a1579de8ef04880678b5e3.jpg","https://media.birdweather.com/species/1/HouseSparrow-png200-125e8603e1efe9d7a18316b94f06a65e.png","XAgCDwD8qpukuHiqtLZ9mImnmPFcDO4E",13653444553,"https://media.birdweather.com/soundscapes/6891/6891-20260628-110300.flac",0,3,"birdnetpi"
9193781237,6891,"2026-06-28T13:02:17.000+02:00",0.77,0.841241300106049,9.15820371996853,"almost_certain","2p4",NA,51.5662,6.0014,FALSE,1,"House Sparrow","Passer domesticus","#d16ff8","avian","https://media.birdweather.com/species/1/HouseSparrow-standard-b861184cf45c092cdb45fd689dd676ef.jpg","https://media.birdweather.com/species/1/HouseSparrow-thumbnail-e9cbc91763a1579de8ef04880678b5e3.jpg","https://media.birdweather.com/species/1/HouseSparrow-png200-125e8603e1efe9d7a18316b94f06a65e.png","XAgCDwD8qpukuHiqtLZ9mImnmPFcDO4E",13653423397,"https://media.birdweather.com/soundscapes/6891/6891-20260628-110217.flac",0,3,"birdnetpi"
9193773339,6891,"2026-06-28T13:01:57.000+02:00",0.91,0.841241300106049,9.51539869954319,"almost_certain","2p4",NA,51.5657,6.0014,FALSE,1,"House Sparrow","Passer domesticus","#d16ff8","avian","https://media.birdweather.com/species/1/HouseSparrow-standard-b861184cf45c092cdb45fd689dd676ef.jpg","https://media.birdweather.com/species/1/HouseSparrow-thumbnail-e9cbc91763a1579de8ef04880678b5e3.jpg","https://media.birdweather.com/species/1/HouseSparrow-png200-125e8603e1efe9d7a18316b94f06a65e.png","XAgCDwD8qpukuHiqtLZ9mImnmPFcDO4E",13653414716,"https://media.birdweather.com/soundscapes/6891/6891-20260628-110157.flac",0,3,"birdnetpi"
9193766250,6891,"2026-06-28T13:01:50.000+02:00",0.83,0.841241300106049,9.32280142719216,"almost_certain","2p4",NA,51.5617,6.0064,FALSE,1,"House Sparrow","Passer domesticus","#d16ff8","avian","https://media.birdweather.com/species/1/HouseSparrow-standard-b861184cf45c092cdb45fd689dd676ef.jpg","https://media.birdweather.com/species/1/HouseSparrow-thumbnail-e9cbc91763a1579de8ef04880678b5e3.jpg","https://media.birdweather.com/species/1/HouseSparrow-png200-125e8603e1efe9d7a18316b94f06a65e.png","XAgCDwD8qpukuHiqtLZ9mImnmPFcDO4E",13653407135,"https://media.birdweather.com/soundscapes/6891/6891-20260628-110150.flac",0,3,"birdnetpi"
9193697897,6891,"2026-06-28T12:59:06.000+02:00",0.73,0.841241300106049,9.03634566412593,"almost_certain","2p4",NA,51.5645,6.0006,FALSE,1,"House Sparrow","Passer domesticus","#d16ff8","avian","https://media.birdweather.com/species/1/HouseSparrow-standard-b861184cf45c092cdb45fd689dd676ef.jpg","https://media.birdweather.com/species/1/HouseSparrow-thumbnail-e9cbc91763a1579de8ef04880678b5e3.jpg","https://media.birdweather.com/species/1/HouseSparrow-png200-125e8603e1efe9d7a18316b94f06a65e.png","XAgCDwD8qpukuHiqtLZ9mImnmPFcDO4E",13653332139,"https://media.birdweather.com/soundscapes/6891/6891-20260628-105906.flac",0,3,"birdnetpi"
9193690005,6891,"2026-06-28T12:58:48.000+02:00",0.73,0.841241300106049,9.03634566412593,"almost_certain","2p4",NA,51.5691,6.0067,FALSE,1,"House Sparrow","Passer domesticus","#d16ff8","avian","https://media.birdweather.com/species/1/HouseSparrow-standard-b861184cf45c092cdb45fd689dd676ef.jpg","https://media.birdweather.com/species/1/HouseSparrow-thumbnail-e9cbc91763a1579de8ef04880678b5e3.jpg","https://media.birdweather.com/species/1/HouseSparrow-png200-125e8603e1efe9d7a18316b94f06a65e.png","XAgCDwD8qpukuHiqtLZ9mImnmPFcDO4E",13653323546,"https://media.birdweather.com/soundscapes/6891/6891-20260628-105848.flac",0,3,"birdnetpi"
9193678115,6891,"2026-06-28T12:58:27.000+02:00",0.87,0.841241300106049,9.42248174255908,"almost_certain","2p4",NA,51.5639,6.006,FALSE,1,"House Sparrow","Passer domesticus","#d16ff8","avian","https://media.birdweather.com/species/1/HouseSparrow-standard-b861184cf45c092cdb45fd689dd676ef.jpg","https://media.birdweather.com/species/1/HouseSparrow-thumbnail-e9cbc91763a1579de8ef04880678b5e3.jpg","https://media.birdweather.com/species/1/HouseSparrow-png200-125e8603e1efe9d7a18316b94f06a65e.png","XAgCDwD8qpukuHiqtLZ9mImnmPFcDO4E",13653310506,"https://media.birdweather.com/soundscapes/6891/6891-20260628-105827.flac",0,3,"birdnetpi"
9193672103,6891,"2026-06-28T12:58:06.000+02:00",0.84,0.651233911514282,9.00236411023127,"almost_certain","2p4",NA,51.5626,6.0043,FALSE,119,"Common House-Martin","Delichon urbicum","#53b1ff","avian","https://media.birdweather.com/species/119/CommonHouse-Martin-standard-9ffbcc688c51210fb136a162c84d82ad.jpg","https://media.birdweather.com/species/119/CommonHouse-Martin-thumbnail-dd7059ca6235347c3097e7a66f04df95.jpg","https://media.birdweather.com/species/119/CommonHouse-Martin-png200-a73a8953ce2af50676da81e70b2746b2.png","YhgKDwKJd4iIiHd/h5h5d4mIeQqVllAH",13653303793,"https://media.birdweather.com/soundscapes/6891/6891-20260628-105806.flac",0,3,"birdnetpi"
9193665255,6891,"2026-06-28T12:57:54.000+02:00",0.79,0.841241300106049,9.21529531403731,"almost_certain","2p4",NA,51.5702,6.0053,FALSE,1,"House Sparrow","Passer domesticus","#d16ff8","avian","https://media.birdweather.com/species/1/HouseSparrow-standard-b861184cf45c092cdb45fd689dd676ef.jpg","https://media.birdweather.com/species/1/HouseSparrow-thumbnail-e9cbc91763a1579de8ef04880678b5e3.jpg","https://media.birdweather.com/species/1/HouseSparrow-png200-125e8603e1efe9d7a18316b94f06a65e.png","XAgCDwD8qpukuHiqtLZ9mImnmPFcDO4E",13653296194,"https://media.birdweather.com/soundscapes/6891/6891-20260628-105754.flac",0,3,"birdnetpi"
9193658905,6891,"2026-06-28T12:57:36.000+02:00",0.78,0.841241300106049,9.18704689056956,"almost_certain","2p4",NA,51.5645,6.004,FALSE,1,"House Sparrow","Passer domesticus","#d16ff8","avian","https://media.birdweather.com/species/1/HouseSparrow-standard-b861184cf45c092cdb45fd689dd676ef.jpg","https://media.birdweather.com/species/1/HouseSparrow-thumbnail-e9cbc91763a1579de8ef04880678b5e3.jpg","https://media.birdweather.com/species/1/HouseSparrow-png200-125e8603e1efe9d7a18316b94f06a65e.png","XAgCDwD8qpukuHiqtLZ9mImnmPFcDO4E",13653288890,"https://media.birdweather.com/soundscapes/6891/6891-20260628-105736.flac",0,3,"birdnetpi"
9193637941,6891,"2026-06-28T12:56:48.000+02:00",0.91,0.651233911514282,9.16935316035565,"almost_certain","2p4",NA,51.5657,6.0084,FALSE,119,"Common House-Martin","Delichon urbicum","#53b1ff","avian","https://media.birdweather.com/species/119/CommonHouse-Martin-standard-9ffbcc688c51210fb136a162c84d82ad.jpg","https://media.birdweather.com/species/119/CommonHouse-Martin-thumbnail-dd7059ca6235347c3097e7a66f04df95.jpg","https://media.birdweather.com/species/119/CommonHouse-Martin-png200-a73a8953ce2af50676da81e70b2746b2.png","YhgKDwKJd4iIiHd/h5h5d4mIeQqVllAH",13653265801,"https://media.birdweather.com/soundscapes/6891/6891-20260628-105648.flac",0,3,"birdnetpi"
9193634513,6891,"2026-06-28T12:56:39.000+02:00",0.7,0.841241300106049,8.93726635776184,"almost_certain","2p4",NA,51.5619,6.0031,FALSE,1,"House Sparrow","Passer domesticus","#d16ff8","avian","https://media.birdweather.com/species/1/HouseSparrow-standard-b861184cf45c092cdb45fd689dd676ef.jpg","https://media.birdweather.com/species/1/HouseSparrow-thumbnail-e9cbc91763a1579de8ef04880678b5e3.jpg","https://media.birdweather.com/species/1/HouseSparrow-png200-125e8603e1efe9d7a18316b94f06a65e.png","XAgCDwD8qpukuHiqtLZ9mImnmPFcDO4E",13653261982,"https://media.birdweather.com/soundscapes/6891/6891-20260628-105639.flac",0,3,"birdnetpi"
9193603773,6891,"2026-06-28T12:55:39.000+02:00",0.96,0.651233911514282,9.27728296301441,"almost_certain","2p4",NA,51.5691,6.0042,FALSE,119,"Common House-Martin","Delichon urbicum","#53b1ff","avian","https://media.birdweather.com/species/119/CommonHouse-Martin-standard-9ffbcc688c51210fb136a162c84d82ad.jpg","https://media.birdweather.com/species/119/CommonHouse-Martin-thumbnail-dd7059ca6235347c3097e7a66f04df95.jpg","https://media.birdweather.com/species/119/CommonHouse-Martin-png200-a73a8953ce2af50676da81e70b2746b2.png","YhgKDwKJd4iIiHd/h5h5d4mIeQqVllAH",13653227287,"https://media.birdweather.com/soundscapes/6891/6891-20260628-105539.flac",0,3,"birdnetpi"
9193572283,6891,"2026-06-28T12:54:15.000+02:00",0.74,0.841241300106049,9.06784130409377,"almost_certain","2p4",NA,51.5639,6.0086,FALSE,1,"House Sparrow","Passer domesticus","#d16ff8","avian","https://media.birdweather.com/species/1/HouseSparrow-standard-b861184cf45c092cdb45fd689dd676ef.jpg","https://media.birdweather.com/species/1/HouseSparrow-thumbnail-e9cbc91763a1579de8ef04880678b5e3.jpg","https://media.birdweather.com/species/1/HouseSparrow-png200-125e8603e1efe9d7a18316b94f06a65e.png","XAgCDwD8qpukuHiqtLZ9mImnmPFcDO4E",13653192632,"https://media.birdweather.com/soundscapes/6891/6891-20260628-105415.flac",0,3,"birdnetpi"
9193564810,6891,"2026-06-28T12:53:57.000+02:00",0.76,0.841241300106049,9.12874021881581,"almost_certain","2p4",NA,51.5652,6.0013,FALSE,1,"House Sparrow","Passer domesticus","#d16ff8","avian","https://media.birdweather.com/species/1/HouseSparrow-standard-b861184cf45c092cdb45fd689dd676ef.jpg","https://media.birdweather.com/species/1/HouseSparrow-thumbnail-e9cbc91763a1579de8ef04880678b5e3.jpg","https://media.birdweather.com/species/1/HouseSparrow-png200-125e8603e1efe9d7a18316b94f06a65e.png","XAgCDwD8qpukuHiqtLZ9mImnmPFcDO4E",13653184082,"https://media.birdweather.com/soundscapes/6891/6891-20260628-105357.flac",0,3,"birdnetpi"
9193549818,6891,"2026-06-28T12:53:32.000+02:00",0.85,0.841241300106049,9.37354796939423,"almost_certain","2p4",NA,51.5684,6.002,FALSE,1,"House Sparrow","Passer domesticus","#d16ff8","avian","https://media.birdweather.com/species/1/HouseSparrow-standard-b861184cf45c092cdb45fd689dd676ef.jpg","https://media.birdweather.com/species/1/HouseSparrow-thumbnail-e9cbc91763a1579de8ef04880678b5e3.jpg","https://media.birdweather.com/species/1/HouseSparrow-png200-125e8603e1efe9d7a18316b94f06a65e.png","XAgCDwD8qpukuHiqtLZ9mImnmPFcDO4E",13653166631,"https://media.birdweather.com/soundscapes/6891/6891-20260628-105332.flac",0,3,"birdnetpi"
9193536960,6891,"2026-06-28T12:52:51.000+02:00",0.72,0.841241300106049,9.00410888267396,"almost_certain","2p4",NA,51.567,6.0029,FALSE,1,"House Sparrow","Passer domesticus","#d16ff8","avian","https://media.birdweather.com/species/1/HouseSparrow-standard-b861184cf45c092cdb45fd689dd676ef.jpg","https://media.birdweather.com/species/1/HouseSparrow-thumbnail-e9cbc91763a1579de8ef04880678b5e3.jpg","https://media.birdweather.com/species/1/HouseSparrow-png200-125e8603e1efe9d7a18316b94f06a65e.png","XAgCDwD8qpukuHiqtLZ9mImnmPFcDO4E",13653152270,"https://media.birdweather.com/soundscapes/6891/6891-20260628-105251.flac",0,3,"birdnetpi"
9193535093,6891,"2026-06-28T12:52:47.000+02:00",0.75,0.651233911514282,8.75258357742355,"almost_certain","2p4",NA,51.5663,6.0049,FALSE,119,"Common House-Martin","Delichon urbicum","#53b1ff","avian","https://media.birdweather.com/species/119/CommonHouse-Martin-standard-9ffbcc688c51210fb136a162c84d82ad.jpg","https://media.birdweather.com/species/119/CommonHouse-Martin-thumbnail-dd7059ca6235347c3097e7a66f04df95.jpg","https://media.birdweather.com/species/119/CommonHouse-Martin-png200-a73a8953ce2af50676da81e70b2746b2.png","YhgKDwKJd4iIiHd/h5h5d4mIeQqVllAH",13653150261,"https://media.birdweather.com/soundscapes/6891/6891-20260628-105247.flac",0,3,"birdnetpi"
9193523641,6891,"2026-06-28T12:52:21.000+02:00",0.99,0.651233911514282,9.33818187773646,"almost_certain","2p4",NA,51.5668,6.0009,FALSE,119,"Common House-Martin","Delichon urbicum","#53b1ff","avian","https://media.birdweather.com/species/119/CommonHouse-Martin-standard-9ffbcc688c51210fb136a162c84d82ad.jpg","https://media.birdweather.com/species/119/CommonHouse-Martin-thumbnail-dd7059ca6235347c3097e7a66f04df95.jpg","https://media.birdweather.com/species/119/CommonHouse-Martin-png200-a73a8953ce2af50676da81e70b2746b2.png","YhgKDwKJd4iIiHd/h5h5d4mIeQqVllAH",13653137227,"https://media.birdweather.com/soundscapes/6891/6891-20260628-105221.flac",0,3,"birdnetpi"
9193509541,6891,"2026-06-28T12:51:48.000+02:00",0.74,0.651233911514282,8.72179576490623,"almost_certain","2p4",NA,51.564,6.0016,FALSE,119,"Common House-Martin","Delichon urbicum","#53b1ff","avian","https://media.birdweather.com/species/119/CommonHouse-Martin-standard-9ffbcc688c51210fb136a162c84d82ad.jpg","https://media.birdweather.com/species/119/CommonHouse-Martin-thumbnail-dd7059ca6235347c3097e7a66f04df95.jpg","https://media.birdweather.com/species/119/CommonHouse-Martin-png200-a73a8953ce2af50676da81e70b2746b2.png","YhgKDwKJd4iIiHd/h5h5d4mIeQqVllAH",13653121430,"https://media.birdweather.com/soundscapes/6891/6891-20260628-105148.flac",0,3,"birdnetpi"
9193441634,6891,"2026-06-28T12:49:09.000+02:00",0.72,0.841241300106049,9.00410888267396,"almost_certain","2p4",NA,51.5621,6.007,FALSE,1,"House Sparrow","Passer domesticus","#d16ff8","avian","https://media.birdweather.com/species/1/HouseSparrow-standard-b861184cf45c092cdb45fd689dd676ef.jpg","https://media.birdweather.com/species/1/HouseSparrow-thumbnail-e9cbc91763a1579de8ef04880678b5e3.jpg","https://media.birdweather.com/species/1/HouseSparrow-png200-125e8603e1efe9d7a18316b94f06a65e.png","XAgCDwD8qpukuHiqtLZ9mImnmPFcDO4E",13653045065,"https://media.birdweather.com/soundscapes/6891/6891-20260628-104909.flac",0,3,"birdnetpi"
9193405023,6891,"2026-06-28T12:47:54.000+02:00",0.73,0.841241300106049,9.03634566412593,"almost_certain","2p4",NA,51.5637,6.0005,FALSE,1,"House Sparrow","Passer domesticus","#d16ff8","avian","https://media.birdweather.com/species/1/HouseSparrow-standard-b861184cf45c092cdb45fd689dd676ef.jpg","https://media.birdweather.com/species/1/HouseSparrow-thumbnail-e9cbc91763a1579de8ef04880678b5e3.jpg","https://media.birdweather.com/species/1/HouseSparrow-png200-125e8603e1efe9d7a18316b94f06a65e.png","XAgCDwD8qpukuHiqtLZ9mImnmPFcDO4E",13653004394,"https://media.birdweather.com/soundscapes/6891/6891-20260628-104754.flac",0,3,"birdnetpi"
9193398083,6891,"2026-06-28T12:47:33.000+02:00",0.81,0.841241300106049,9.27010262245808,"almost_certain","2p4",NA,51.5671,6.0009,FALSE,1,"House Sparrow","Passer domesticus","#d16ff8","avian","https://media.birdweather.com/species/1/HouseSparrow-standard-b861184cf45c092cdb45fd689dd676ef.jpg","https://media.birdweather.com/species/1/HouseSparrow-thumbnail-e9cbc91763a1579de8ef04880678b5e3.jpg","https://media.birdweather.com/species/1/HouseSparrow-png200-125e8603e1efe9d7a18316b94f06a65e.png","XAgCDwD8qpukuHiqtLZ9mImnmPFcDO4E",13652996809,"https://media.birdweather.com/soundscapes/6891/6891-20260628-104733.flac",0,3,"birdnetpi"
9193383801,6891,"2026-06-28T12:46:57.000+02:00",0.71,0.841241300106049,8.97109523701065,"almost_certain","2p4",NA,51.5676,6.0084,FALSE,1,"House Sparrow","Passer domesticus","#d16ff8","avian","https://media.birdweather.com/species/1/HouseSparrow-standard-b861184cf45c092cdb45fd689dd676ef.jpg","https://media.birdweather.com/species/1/HouseSparrow-thumbnail-e9cbc91763a1579de8ef04880678b5e3.jpg","https://media.birdweather.com/species/1/HouseSparrow-png200-125e8603e1efe9d7a18316b94f06a65e.png","XAgCDwD8qpukuHiqtLZ9mImnmPFcDO4E",13652981434,"https://media.birdweather.com/soundscapes/6891/6891-20260628-104657.flac",0,3,"birdnetpi"
9193268584,6891,"2026-06-28T12:42:35.000+02:00",0.72,0.841241300106049,9.00410888267396,"almost_certain","2p4",NA,51.5668,6.007,FALSE,1,"House Sparrow","Passer domesticus","#d16ff8","avian","https://media.birdweather.com/species/1/HouseSparrow-standard-b861184cf45c092cdb45fd689dd676ef.jpg","https://media.birdweather.com/species/1/HouseSparrow-thumbnail-e9cbc91763a1579de8ef04880678b5e3.jpg","https://media.birdweather.com/species/1/HouseSparrow-png200-125e8603e1efe9d7a18316b94f06a65e.png","XAgCDwD8qpukuHiqtLZ9mImnmPFcDO4E",13652851440,"https://media.birdweather.com/soundscapes/6891/6891-20260628-104235.flac",0,3,"birdnetpi"
9193164224,6891,"2026-06-28T12:38:30.000+02:00",0.82,0.841241300106049,9.29670540008231,"almost_certain","2p4",NA,51.5621,6.0021,FALSE,1,"House Sparrow","Passer domesticus","#d16ff8","avian","https://media.birdweather.com/species/1/HouseSparrow-standard-b861184cf45c092cdb45fd689dd676ef.jpg","https://media.birdweather.com/species/1/HouseSparrow-thumbnail-e9cbc91763a1579de8ef04880678b5e3.jpg","https://media.birdweather.com/species/1/HouseSparrow-png200-125e8603e1efe9d7a18316b94f06a65e.png","XAgCDwD8qpukuHiqtLZ9mImnmPFcDO4E",13652731393,"https://media.birdweather.com/soundscapes/6891/6891-20260628-103830.flac",0,3,"birdnetpi"
9193138972,6891,"2026-06-28T12:37:18.000+02:00",0.79,0.841241300106049,9.21529531403731,"almost_certain","2p4",NA,51.5621,6.0029,FALSE,1,"House Sparrow","Passer domesticus","#d16ff8","avian","https://media.birdweather.com/species/1/HouseSparrow-standard-b861184cf45c092cdb45fd689dd676ef.jpg","https://media.birdweather.com/species/1/HouseSparrow-thumbnail-e9cbc91763a1579de8ef04880678b5e3.jpg","https://media.birdweather.com/species/1/HouseSparrow-png200-125e8603e1efe9d7a18316b94f06a65e.png","XAgCDwD8qpukuHiqtLZ9mImnmPFcDO4E",13652702552,"https://media.birdweather.com/soundscapes/6891/6891-20260628-103718.flac",0,3,"birdnetpi"
9193074760,6891,"2026-06-28T12:34:42.000+02:00",0.7,0.841241300106049,8.93726635776184,"almost_certain","2p4",NA,51.5652,6.0093,FALSE,1,"House Sparrow","Passer domesticus","#d16ff8","avian","https://media.birdweather.com/species/1/HouseSparrow-standard-b861184cf45c092cdb45fd689dd676ef.jpg","https://media.birdweather.com/species/1/HouseSparrow-thumbnail-e9cbc91763a1579de8ef04880678b5e3.jpg","https://media.birdweather.com/species/1/HouseSparrow-png200-125e8603e1efe9d7a18316b94f06a65e.png","XAgCDwD8qpukuHiqtLZ9mImnmPFcDO4E",13652627494,"https://media.birdweather.com/soundscapes/6891/6891-20260628-103442.flac",0,3,"birdnetpi"
9193058597,6891,"2026-06-28T12:34:03.000+02:00",0.76,0.841241300106049,9.12874021881581,"almost_certain","2p4",NA,51.5665,6.0019,FALSE,1,"House Sparrow","Passer domesticus","#d16ff8","avian","https://media.birdweather.com/species/1/HouseSparrow-standard-b861184cf45c092cdb45fd689dd676ef.jpg","https://media.birdweather.com/species/1/HouseSparrow-thumbnail-e9cbc91763a1579de8ef04880678b5e3.jpg","https://media.birdweather.com/species/1/HouseSparrow-png200-125e8603e1efe9d7a18316b94f06a65e.png","XAgCDwD8qpukuHiqtLZ9mImnmPFcDO4E",13652608735,"https://media.birdweather.com/soundscapes/6891/6891-20260628-103403.flac",0,3,"birdnetpi"
9192753373,6891,"2026-06-28T12:21:53.000+02:00",0.83,0.841241300106049,9.32280142719216,"almost_certain","2p4",NA,51.5665,6.0045,FALSE,1,"House Sparrow","Passer domesticus","#d16ff8","avian","https://media.birdweather.com/species/1/HouseSparrow-standard-b861184cf45c092cdb45fd689dd676ef.jpg","https://media.birdweather.com/species/1/HouseSparrow-thumbnail-e9cbc91763a1579de8ef04880678b5e3.jpg","https://media.birdweather.com/species/1/HouseSparrow-png200-125e8603e1efe9d7a18316b94f06a65e.png","XAgCDwD8qpukuHiqtLZ9mImnmPFcDO4E",13652252841,"https://media.birdweather.com/soundscapes/6891/6891-20260628-102153.flac",0,3,"birdnetpi"
9192694253,6891,"2026-06-28T12:19:23.000+02:00",0.71,0.841241300106049,8.97109523701065,"almost_certain","2p4",NA,51.566,6.0058,FALSE,1,"House Sparrow","Passer domesticus","#d16ff8","avian","https://media.birdweather.com/species/1/HouseSparrow-standard-b861184cf45c092cdb45fd689dd676ef.jpg","https://media.birdweather.com/species/1/HouseSparrow-thumbnail-e9cbc91763a1579de8ef04880678b5e3.jpg","https://media.birdweather.com/species/1/HouseSparrow-png200-125e8603e1efe9d7a18316b94f06a65e.png","XAgCDwD8qpukuHiqtLZ9mImnmPFcDO4E",13652183865,"https://media.birdweather.com/soundscapes/6891/6891-20260628-101923.flac",0,3,"birdnetpi"
9192629000,6891,"2026-06-28T12:16:41.000+02:00",0.7,0.465751200914383,8.14019952638619,"almost_certain","2p4",NA,51.5685,6.0016,FALSE,103,"Eurasian Collared-Dove","Streptopelia decaocto","#006e2a","avian","https://media.birdweather.com/species/103/EurasianCollared-Dove-standard-e0c74c4f1ffe5357c4759579380dab35.jpg","https://media.birdweather.com/species/103/EurasianCollared-Dove-thumbnail-53ccb5f0a5d0640a1e766dd99c28ebca.jpg","https://media.birdweather.com/species/103/EurasianCollared-Dove-png200-4efa83c8c5efbdb09427b3c3fa247357.png","pvcFFwLpd4RvlJeUWZh2eXh4VxBqBZIH",13652106482,"https://media.birdweather.com/soundscapes/6891/6891-20260628-101641.flac",0,3,"birdnetpi"
9192615123,6891,"2026-06-28T12:16:06.000+02:00",0.71,0.841241300106049,8.97109523701065,"almost_certain","2p4",NA,51.5621,6.0048,FALSE,1,"House Sparrow","Passer domesticus","#d16ff8","avian","https://media.birdweather.com/species/1/HouseSparrow-standard-b861184cf45c092cdb45fd689dd676ef.jpg","https://media.birdweather.com/species/1/HouseSparrow-thumbnail-e9cbc91763a1579de8ef04880678b5e3.jpg","https://media.birdweather.com/species/1/HouseSparrow-png200-125e8603e1efe9d7a18316b94f06a65e.png","XAgCDwD8qpukuHiqtLZ9mImnmPFcDO4E",13652089830,"https://media.birdweather.com/soundscapes/6891/6891-20260628-101606.flac",0,3,"birdnetpi"
9192501737,6891,"2026-06-28T12:11:26.000+02:00",0.76,0.841241300106049,9.12874021881581,"almost_certain","2p4",NA,51.5668,6.0069,FALSE,1,"House Sparrow","Passer domesticus","#d16ff8","avian","https://media.birdweather.com/species/1/HouseSparrow-standard-b861184cf45c092cdb45fd689dd676ef.jpg","https://media.birdweather.com/species/1/HouseSparrow-thumbnail-e9cbc91763a1579de8ef04880678b5e3.jpg","https://media.birdweather.com/species/1/HouseSparrow-png200-125e8603e1efe9d7a18316b94f06a65e.png","XAgCDwD8qpukuHiqtLZ9mImnmPFcDO4E",13651953287,"https://media.birdweather.com/soundscapes/6891/6891-20260628-101126.flac",0,3,"birdnetpi"
9192490161,6891,"2026-06-28T12:10:57.000+02:00",0.85,0.841241300106049,9.37354796939423,"almost_certain","2p4",NA,51.5693,6.0016,FALSE,1,"House Sparrow","Passer domesticus","#d16ff8","avian","https://media.birdweather.com/species/1/HouseSparrow-standard-b861184cf45c092cdb45fd689dd676ef.jpg","https://media.birdweather.com/species/1/HouseSparrow-thumbnail-e9cbc91763a1579de8ef04880678b5e3.jpg","https://media.birdweather.com/species/1/HouseSparrow-png200-125e8603e1efe9d7a18316b94f06a65e.png","XAgCDwD8qpukuHiqtLZ9mImnmPFcDO4E",13651939439,"https://media.birdweather.com/soundscapes/6891/6891-20260628-101057.flac",0,3,"birdnetpi"
9192484036,6891,"2026-06-28T12:10:39.000+02:00",0.7,0.841241300106049,8.93726635776184,"almost_certain","2p4",NA,51.5702,6.0021,FALSE,1,"House Sparrow","Passer domesticus","#d16ff8","avian","https://media.birdweather.com/species/1/HouseSparrow-standard-b861184cf45c092cdb45fd689dd676ef.jpg","https://media.birdweather.com/species/1/HouseSparrow-thumbnail-e9cbc91763a1579de8ef04880678b5e3.jpg","https://media.birdweather.com/species/1/HouseSparrow-png200-125e8603e1efe9d7a18316b94f06a65e.png","XAgCDwD8qpukuHiqtLZ9mImnmPFcDO4E",13651932242,"https://media.birdweather.com/soundscapes/6891/6891-20260628-101039.flac",0,3,"birdnetpi"
9192470498,6891,"2026-06-28T12:10:09.000+02:00",0.88,0.841241300106049,9.44630843007434,"almost_certain","2p4",NA,51.5654,6.0053,FALSE,1,"House Sparrow","Passer domesticus","#d16ff8","avian","https://media.birdweather.com/species/1/HouseSparrow-standard-b861184cf45c092cdb45fd689dd676ef.jpg","https://media.birdweather.com/species/1/HouseSparrow-thumbnail-e9cbc91763a1579de8ef04880678b5e3.jpg","https://media.birdweather.com/species/1/HouseSparrow-png200-125e8603e1efe9d7a18316b94f06a65e.png","XAgCDwD8qpukuHiqtLZ9mImnmPFcDO4E",13651915762,"https://media.birdweather.com/soundscapes/6891/6891-20260628-101009.flac",0,3,"birdnetpi"
9192459796,6891,"2026-06-28T12:09:47.000+02:00",0.77,0.841241300106049,9.15820371996853,"almost_certain","2p4",NA,51.5659,6.0039,FALSE,1,"House Sparrow","Passer domesticus","#d16ff8","avian","https://media.birdweather.com/species/1/HouseSparrow-standard-b861184cf45c092cdb45fd689dd676ef.jpg","https://media.birdweather.com/species/1/HouseSparrow-thumbnail-e9cbc91763a1579de8ef04880678b5e3.jpg","https://media.birdweather.com/species/1/HouseSparrow-png200-125e8603e1efe9d7a18316b94f06a65e.png","XAgCDwD8qpukuHiqtLZ9mImnmPFcDO4E",13651902687,"https://media.birdweather.com/soundscapes/6891/6891-20260628-100947.flac",0,3,"birdnetpi"
9192444823,6891,"2026-06-28T12:09:02.000+02:00",0.75,0.841241300106049,9.09862911661109,"almost_certain","2p4",NA,51.565,6.0075,FALSE,1,"House Sparrow","Passer domesticus","#d16ff8","avian","https://media.birdweather.com/species/1/HouseSparrow-standard-b861184cf45c092cdb45fd689dd676ef.jpg","https://media.birdweather.com/species/1/HouseSparrow-thumbnail-e9cbc91763a1579de8ef04880678b5e3.jpg","https://media.birdweather.com/species/1/HouseSparrow-png200-125e8603e1efe9d7a18316b94f06a65e.png","XAgCDwD8qpukuHiqtLZ9mImnmPFcDO4E",13651884418,"https://media.birdweather.com/soundscapes/6891/6891-20260628-100902.flac",0,3,"birdnetpi"
9192431792,6891,"2026-06-28T12:08:35.000+02:00",0.81,0.841241300106049,9.27010262245808,"almost_certain","2p4",NA,51.5638,6.006,FALSE,1,"House Sparrow","Passer domesticus","#d16ff8","avian","https://media.birdweather.com/species/1/HouseSparrow-standard-b861184cf45c092cdb45fd689dd676ef.jpg","https://media.birdweather.com/species/1/HouseSparrow-thumbnail-e9cbc91763a1579de8ef04880678b5e3.jpg","https://media.birdweather.com/species/1/HouseSparrow-png200-125e8603e1efe9d7a18316b94f06a65e.png","XAgCDwD8qpukuHiqtLZ9mImnmPFcDO4E",13651868625,"https://media.birdweather.com/soundscapes/6891/6891-20260628-100835.flac",0,3,"birdnetpi"
9192421014,6891,"2026-06-28T12:08:00.000+02:00",0.75,0.841241300106049,9.09862911661109,"almost_certain","2p4",NA,51.5685,6.0075,FALSE,1,"House Sparrow","Passer domesticus","#d16ff8","avian","https://media.birdweather.com/species/1/HouseSparrow-standard-b861184cf45c092cdb45fd689dd676ef.jpg","https://media.birdweather.com/species/1/HouseSparrow-thumbnail-e9cbc91763a1579de8ef04880678b5e3.jpg","https://media.birdweather.com/species/1/HouseSparrow-png200-125e8603e1efe9d7a18316b94f06a65e.png","XAgCDwD8qpukuHiqtLZ9mImnmPFcDO4E",13651855456,"https://media.birdweather.com/soundscapes/6891/6891-20260628-100800.flac",0,3,"birdnetpi"
9192411186,6891,"2026-06-28T12:07:36.000+02:00",0.72,0.841241300106049,9.00410888267396,"almost_certain","2p4",NA,51.5626,6.0023,FALSE,1,"House Sparrow","Passer domesticus","#d16ff8","avian","https://media.birdweather.com/species/1/HouseSparrow-standard-b861184cf45c092cdb45fd689dd676ef.jpg","https://media.birdweather.com/species/1/HouseSparrow-thumbnail-e9cbc91763a1579de8ef04880678b5e3.jpg","https://media.birdweather.com/species/1/HouseSparrow-png200-125e8603e1efe9d7a18316b94f06a65e.png","XAgCDwD8qpukuHiqtLZ9mImnmPFcDO4E",13651843832,"https://media.birdweather.com/soundscapes/6891/6891-20260628-100736.flac",0,3,"birdnetpi"
9192390931,6891,"2026-06-28T12:06:57.000+02:00",0.84,0.841241300106049,9.34840964941881,"almost_certain","2p4",NA,51.5632,6.0048,FALSE,1,"House Sparrow","Passer domesticus","#d16ff8","avian","https://media.birdweather.com/species/1/HouseSparrow-standard-b861184cf45c092cdb45fd689dd676ef.jpg","https://media.birdweather.com/species/1/HouseSparrow-thumbnail-e9cbc91763a1579de8ef04880678b5e3.jpg","https://media.birdweather.com/species/1/HouseSparrow-png200-125e8603e1efe9d7a18316b94f06a65e.png","XAgCDwD8qpukuHiqtLZ9mImnmPFcDO4E",13651819348,"https://media.birdweather.com/soundscapes/6891/6891-20260628-100657.flac",0,3,"birdnetpi"
9192361822,6891,"2026-06-28T12:05:32.000+02:00",0.79,0.651233911514282,8.86924977484977,"almost_certain","2p4",NA,51.5657,6.004,FALSE,119,"Common House-Martin","Delichon urbicum","#53b1ff","avian","https://media.birdweather.com/species/119/CommonHouse-Martin-standard-9ffbcc688c51210fb136a162c84d82ad.jpg","https://media.birdweather.com/species/119/CommonHouse-Martin-thumbnail-dd7059ca6235347c3097e7a66f04df95.jpg","https://media.birdweather.com/species/119/CommonHouse-Martin-png200-a73a8953ce2af50676da81e70b2746b2.png","YhgKDwKJd4iIiHd/h5h5d4mIeQqVllAH",13651784192,"https://media.birdweather.com/soundscapes/6891/6891-20260628-100532.flac",0,3,"birdnetpi"
9192300035,6891,"2026-06-28T12:02:54.000+02:00",0.71,0.841241300106049,8.97109523701065,"almost_certain","2p4",NA,51.5696,6.0075,FALSE,1,"House Sparrow","Passer domesticus","#d16ff8","avian","https://media.birdweather.com/species/1/HouseSparrow-standard-b861184cf45c092cdb45fd689dd676ef.jpg","https://media.birdweather.com/species/1/HouseSparrow-thumbnail-e9cbc91763a1579de8ef04880678b5e3.jpg","https://media.birdweather.com/species/1/HouseSparrow-png200-125e8603e1efe9d7a18316b94f06a65e.png","XAgCDwD8qpukuHiqtLZ9mImnmPFcDO4E",13651707966,"https://media.birdweather.com/soundscapes/6891/6891-20260628-100254.flac",0,3,"birdnetpi"
9192269091,6891,"2026-06-28T12:01:39.000+02:00",0.8,0.841241300106049,9.24297302306231,"almost_certain","2p4",NA,51.5691,6.0061,FALSE,1,"House Sparrow","Passer domesticus","#d16ff8","avian","https://media.birdweather.com/species/1/HouseSparrow-standard-b861184cf45c092cdb45fd689dd676ef.jpg","https://media.birdweather.com/species/1/HouseSparrow-thumbnail-e9cbc91763a1579de8ef04880678b5e3.jpg","https://media.birdweather.com/species/1/HouseSparrow-png200-125e8603e1efe9d7a18316b94f06a65e.png","XAgCDwD8qpukuHiqtLZ9mImnmPFcDO4E",13651669967,"https://media.birdweather.com/soundscapes/6891/6891-20260628-100139.flac",0,3,"birdnetpi"
9192253429,6891,"2026-06-28T12:00:54.000+02:00",0.98,0.651233911514282,9.31818152252948,"almost_certain","2p4",NA,51.566,6.0094,FALSE,119,"Common House-Martin","Delichon urbicum","#53b1ff","avian","https://media.birdweather.com/species/119/CommonHouse-Martin-standard-9ffbcc688c51210fb136a162c84d82ad.jpg","https://media.birdweather.com/species/119/CommonHouse-Martin-thumbnail-dd7059ca6235347c3097e7a66f04df95.jpg","https://media.birdweather.com/species/119/CommonHouse-Martin-png200-a73a8953ce2af50676da81e70b2746b2.png","YhgKDwKJd4iIiHd/h5h5d4mIeQqVllAH",13651650380,"https://media.birdweather.com/soundscapes/6891/6891-20260628-100054.flac",0,3,"birdnetpi"
9192249491,6891,"2026-06-28T12:00:44.000+02:00",0.77,0.841241300106049,9.15820371996853,"almost_certain","2p4",NA,51.5674,6.0057,FALSE,1,"House Sparrow","Passer domesticus","#d16ff8","avian","https://media.birdweather.com/species/1/HouseSparrow-standard-b861184cf45c092cdb45fd689dd676ef.jpg","https://media.birdweather.com/species/1/HouseSparrow-thumbnail-e9cbc91763a1579de8ef04880678b5e3.jpg","https://media.birdweather.com/species/1/HouseSparrow-png200-125e8603e1efe9d7a18316b94f06a65e.png","XAgCDwD8qpukuHiqtLZ9mImnmPFcDO4E",13651645704,"https://media.birdweather.com/soundscapes/6891/6891-20260628-100044.flac",0,3,"birdnetpi"
9192195643,6891,"2026-06-28T11:58:36.000+02:00",0.78,0.841241300106049,9.18704689056956,"almost_certain","2p4",NA,51.5664,6.0067,FALSE,1,"House Sparrow","Passer domesticus","#d16ff8","avian","https://media.birdweather.com/species/1/HouseSparrow-standard-b861184cf45c092cdb45fd689dd676ef.jpg","https://media.birdweather.com/species/1/HouseSparrow-thumbnail-e9cbc91763a1579de8ef04880678b5e3.jpg","https://media.birdweather.com/species/1/HouseSparrow-png200-125e8603e1efe9d7a18316b94f06a65e.png","XAgCDwD8qpukuHiqtLZ9mImnmPFcDO4E",13651579304,"https://media.birdweather.com/soundscapes/6891/6891-20260628-095836.flac",0,3,"birdnetpi"
9192088671,6891,"2026-06-28T11:53:47.000+02:00",0.81,0.823857188224792,9.24183474565674,"almost_certain","2p4",NA,51.5643,6.0024,FALSE,53,"European Starling","Sturnus vulgaris","#96038f","avian","https://media.birdweather.com/species/53/EuropeanStarling-standard-ff3a9beb497795d3bd4205bd86cf1652.jpg","https://media.birdweather.com/species/53/EuropeanStarling-thumbnail-974e70e3ea84a4be254312c2dfe527d5.jpg","https://media.birdweather.com/species/53/EuropeanStarling-png200-c81072eef7cc54f4bd51dcb88ed45765.png","FQgGBwD4dnmbZHhapUenmGh16HWAvzoO",13651444931,"https://media.birdweather.com/soundscapes/6891/6891-20260628-095347.flac",0,3,"birdnetpi"
9191970819,6891,"2026-06-28T11:48:30.000+02:00",0.83,0.651233911514282,8.97675588800462,"almost_certain","2p4",NA,51.5626,6.0079,FALSE,119,"Common House-Martin","Delichon urbicum","#53b1ff","avian","https://media.birdweather.com/species/119/CommonHouse-Martin-standard-9ffbcc688c51210fb136a162c84d82ad.jpg","https://media.birdweather.com/species/119/CommonHouse-Martin-thumbnail-dd7059ca6235347c3097e7a66f04df95.jpg","https://media.birdweather.com/species/119/CommonHouse-Martin-png200-a73a8953ce2af50676da81e70b2746b2.png","YhgKDwKJd4iIiHd/h5h5d4mIeQqVllAH",13651292356,"https://media.birdweather.com/soundscapes/6891/6891-20260628-094830.flac",0,3,"birdnetpi"
9191920880,6891,"2026-06-28T11:46:12.000+02:00",0.78,0.841241300106049,9.18704689056956,"almost_certain","2p4",NA,51.5701,6.0024,FALSE,1,"House Sparrow","Passer domesticus","#d16ff8","avian","https://media.birdweather.com/species/1/HouseSparrow-standard-b861184cf45c092cdb45fd689dd676ef.jpg","https://media.birdweather.com/species/1/HouseSparrow-thumbnail-e9cbc91763a1579de8ef04880678b5e3.jpg","https://media.birdweather.com/species/1/HouseSparrow-png200-125e8603e1efe9d7a18316b94f06a65e.png","XAgCDwD8qpukuHiqtLZ9mImnmPFcDO4E",13651225436,"https://media.birdweather.com/soundscapes/6891/6891-20260628-094612.flac",0,3,"birdnetpi"
9191903030,6891,"2026-06-28T11:45:21.000+02:00",0.73,0.841241300106049,9.03634566412593,"almost_certain","2p4",NA,51.5662,6.0054,FALSE,1,"House Sparrow","Passer domesticus","#d16ff8","avian","https://media.birdweather.com/species/1/HouseSparrow-standard-b861184cf45c092cdb45fd689dd676ef.jpg","https://media.birdweather.com/species/1/HouseSparrow-thumbnail-e9cbc91763a1579de8ef04880678b5e3.jpg","https://media.birdweather.com/species/1/HouseSparrow-png200-125e8603e1efe9d7a18316b94f06a65e.png","XAgCDwD8qpukuHiqtLZ9mImnmPFcDO4E",13651201428,"https://media.birdweather.com/soundscapes/6891/6891-20260628-094521.flac",0,3,"birdnetpi"
9191897698,6891,"2026-06-28T11:45:06.000+02:00",0.77,0.841241300106049,9.15820371996853,"almost_certain","2p4",NA,51.5661,6.0014,FALSE,1,"House Sparrow","Passer domesticus","#d16ff8","avian","https://media.birdweather.com/species/1/HouseSparrow-standard-b861184cf45c092cdb45fd689dd676ef.jpg","https://media.birdweather.com/species/1/HouseSparrow-thumbnail-e9cbc91763a1579de8ef04880678b5e3.jpg","https://media.birdweather.com/species/1/HouseSparrow-png200-125e8603e1efe9d7a18316b94f06a65e.png","XAgCDwD8qpukuHiqtLZ9mImnmPFcDO4E",13651194255,"https://media.birdweather.com/soundscapes/6891/6891-20260628-094506.flac",0,3,"birdnetpi"
9191867334,6891,"2026-06-28T11:43:54.000+02:00",0.7,0.841241300106049,8.93726635776184,"almost_certain","2p4",NA,51.5675,6.0041,FALSE,1,"House Sparrow","Passer domesticus","#d16ff8","avian","https://media.birdweather.com/species/1/HouseSparrow-standard-b861184cf45c092cdb45fd689dd676ef.jpg","https://media.birdweather.com/species/1/HouseSparrow-thumbnail-e9cbc91763a1579de8ef04880678b5e3.jpg","https://media.birdweather.com/species/1/HouseSparrow-png200-125e8603e1efe9d7a18316b94f06a65e.png","XAgCDwD8qpukuHiqtLZ9mImnmPFcDO4E",13651153920,"https://media.birdweather.com/soundscapes/6891/6891-20260628-094354.flac",0,3,"birdnetpi"
9191858817,6891,"2026-06-28T11:43:23.000+02:00",0.99,0.651233911514282,9.33818187773646,"almost_certain","2p4",NA,51.5624,6.001,FALSE,119,"Common House-Martin","Delichon urbicum","#53b1ff","avian","https://media.birdweather.com/species/119/CommonHouse-Martin-standard-9ffbcc688c51210fb136a162c84d82ad.jpg","https://media.birdweather.com/species/119/CommonHouse-Martin-thumbnail-dd7059ca6235347c3097e7a66f04df95.jpg","https://media.birdweather.com/species/119/CommonHouse-Martin-png200-a73a8953ce2af50676da81e70b2746b2.png","YhgKDwKJd4iIiHd/h5h5d4mIeQqVllAH",13651142531,"https://media.birdweather.com/soundscapes/6891/6891-20260628-094323.flac",0,3,"birdnetpi"
9191848611,6891,"2026-06-28T11:42:54.000+02:00",0.85,0.841241300106049,9.37354796939423,"almost_certain","2p4",NA,51.5658,6.0059,FALSE,1,"House Sparrow","Passer domesticus","#d16ff8","avian","https://media.birdweather.com/species/1/HouseSparrow-standard-b861184cf45c092cdb45fd689dd676ef.jpg","https://media.birdweather.com/species/1/HouseSparrow-thumbnail-e9cbc91763a1579de8ef04880678b5e3.jpg","https://media.birdweather.com/species/1/HouseSparrow-png200-125e8603e1efe9d7a18316b94f06a65e.png","XAgCDwD8qpukuHiqtLZ9mImnmPFcDO4E",13651128928,"https://media.birdweather.com/soundscapes/6891/6891-20260628-094254.flac",0,3,"birdnetpi"
9191841187,6891,"2026-06-28T11:42:29.000+02:00",0.77,0.841241300106049,9.15820371996853,"almost_certain","2p4",NA,51.5654,6.0055,FALSE,1,"House Sparrow","Passer domesticus","#d16ff8","avian","https://media.birdweather.com/species/1/HouseSparrow-standard-b861184cf45c092cdb45fd689dd676ef.jpg","https://media.birdweather.com/species/1/HouseSparrow-thumbnail-e9cbc91763a1579de8ef04880678b5e3.jpg","https://media.birdweather.com/species/1/HouseSparrow-png200-125e8603e1efe9d7a18316b94f06a65e.png","XAgCDwD8qpukuHiqtLZ9mImnmPFcDO4E",13651118949,"https://media.birdweather.com/soundscapes/6891/6891-20260628-094229.flac",0,3,"birdnetpi"
9191806130,6891,"2026-06-28T11:40:57.000+02:00",0.78,0.841241300106049,9.18704689056956,"almost_certain","2p4",NA,51.568,6.001,FALSE,1,"House Sparrow","Passer domesticus","#d16ff8","avian","https://media.birdweather.com/species/1/HouseSparrow-standard-b861184cf45c092cdb45fd689dd676ef.jpg","https://media.birdweather.com/species/1/HouseSparrow-thumbnail-e9cbc91763a1579de8ef04880678b5e3.jpg","https://media.birdweather.com/species/1/HouseSparrow-png200-125e8603e1efe9d7a18316b94f06a65e.png","XAgCDwD8qpukuHiqtLZ9mImnmPFcDO4E",13651071432,"https://media.birdweather.com/soundscapes/6891/6891-20260628-094057.flac",0,3,"birdnetpi"
9191753792,6891,"2026-06-28T11:38:20.000+02:00",0.82,0.841241300106049,9.29670540008231,"almost_certain","2p4",NA,51.5691,6.0082,FALSE,1,"House Sparrow","Passer domesticus","#d16ff8","avian","https://media.birdweather.com/species/1/HouseSparrow-standard-b861184cf45c092cdb45fd689dd676ef.jpg","https://media.birdweather.com/species/1/HouseSparrow-thumbnail-e9cbc91763a1579de8ef04880678b5e3.jpg","https://media.birdweather.com/species/1/HouseSparrow-png200-125e8603e1efe9d7a18316b94f06a65e.png","XAgCDwD8qpukuHiqtLZ9mImnmPFcDO4E",13650999407,"https://media.birdweather.com/soundscapes/6891/6891-20260628-093820.flac",0,3,"birdnetpi"
9191722965,6891,"2026-06-28T11:36:51.000+02:00",0.73,0.841241300106049,9.03634566412593,"almost_certain","2p4",NA,51.5621,6.0064,FALSE,1,"House Sparrow","Passer domesticus","#d16ff8","avian","https://media.birdweather.com/species/1/HouseSparrow-standard-b861184cf45c092cdb45fd689dd676ef.jpg","https://media.birdweather.com/species/1/HouseSparrow-thumbnail-e9cbc91763a1579de8ef04880678b5e3.jpg","https://media.birdweather.com/species/1/HouseSparrow-png200-125e8603e1efe9d7a18316b94f06a65e.png","XAgCDwD8qpukuHiqtLZ9mImnmPFcDO4E",13650957058,"https://media.birdweather.com/soundscapes/6891/6891-20260628-093651.flac",0,3,"birdnetpi"
9191619701,6891,"2026-06-28T11:31:50.000+02:00",0.82,0.841241300106049,9.29670540008231,"almost_certain","2p4",NA,51.5642,6.0084,FALSE,1,"House Sparrow","Passer domesticus","#d16ff8","avian","https://media.birdweather.com/species/1/HouseSparrow-standard-b861184cf45c092cdb45fd689dd676ef.jpg","https://media.birdweather.com/species/1/HouseSparrow-thumbnail-e9cbc91763a1579de8ef04880678b5e3.jpg","https://media.birdweather.com/species/1/HouseSparrow-png200-125e8603e1efe9d7a18316b94f06a65e.png","XAgCDwD8qpukuHiqtLZ9mImnmPFcDO4E",13650812117,"https://media.birdweather.com/soundscapes/6891/6891-20260628-093150.flac",0,3,"birdnetpi"
9191551915,6891,"2026-06-28T11:28:27.000+02:00",0.99,0.893091917037964,9.76523373825932,"almost_certain","2p4",NA,51.5668,6.0068,FALSE,551,"Common Swift","Apus apus","#234bb2","avian","https://media.birdweather.com/species/551/CommonSwift-standard-ba54f84fbd8481b1c0de60654fbd79d5.jpg","https://media.birdweather.com/species/551/CommonSwift-thumbnail-bad1d7e3c141990f11d01e49e9f768ac.jpg","https://media.birdweather.com/species/551/CommonSwift-png200-f52bea49cb0e4232049806bde3e1a401.png","LLYFFwLchWelV5dvsqh1jKZoKJIEMkoA",13650715551,"https://media.birdweather.com/soundscapes/6891/6891-20260628-092827.flac",0,3,"birdnetpi"
9191513149,6891,"2026-06-28T11:26:30.000+02:00",0.71,0.841241300106049,8.97109523701065,"almost_certain","2p4",NA,51.5696,6.009,FALSE,1,"House Sparrow","Passer domesticus","#d16ff8","avian","https://media.birdweather.com/species/1/HouseSparrow-standard-b861184cf45c092cdb45fd689dd676ef.jpg","https://media.birdweather.com/species/1/HouseSparrow-thumbnail-e9cbc91763a1579de8ef04880678b5e3.jpg","https://media.birdweather.com/species/1/HouseSparrow-png200-125e8603e1efe9d7a18316b94f06a65e.png","XAgCDwD8qpukuHiqtLZ9mImnmPFcDO4E",13650660058,"https://media.birdweather.com/soundscapes/6891/6891-20260628-092630.flac",0,3,"birdnetpi"
9191473430,6891,"2026-06-28T11:24:30.000+02:00",0.78,0.841241300106049,9.18704689056956,"almost_certain","2p4",NA,51.5622,6.0053,FALSE,1,"House Sparrow","Passer domesticus","#d16ff8","avian","https://media.birdweather.com/species/1/HouseSparrow-standard-b861184cf45c092cdb45fd689dd676ef.jpg","https://media.birdweather.com/species/1/HouseSparrow-thumbnail-e9cbc91763a1579de8ef04880678b5e3.jpg","https://media.birdweather.com/species/1/HouseSparrow-png200-125e8603e1efe9d7a18316b94f06a65e.png","XAgCDwD8qpukuHiqtLZ9mImnmPFcDO4E",13650602443,"https://media.birdweather.com/soundscapes/6891/6891-20260628-092430.flac",0,3,"birdnetpi"
9191462746,6891,"2026-06-28T11:23:56.000+02:00",0.8,0.938615620136261,9.39135504135758,"almost_certain","2p4",NA,51.5683,6.0092,FALSE,397,"Barn Swallow","Hirundo rustica","#c85500","avian","https://media.birdweather.com/species/397/BarnSwallow-standard-66c9cb8916403efe633a420fe54e3bc6.jpg","https://media.birdweather.com/species/397/BarnSwallow-thumbnail-418cddeb212e9e1ce5d35f61a3040433.jpg","https://media.birdweather.com/species/397/BarnSwallow-png200-317c812ebfcec488fad1824feff99dbc.png","IAgKHwKLhnmThXdPl1i3p3ll51f4jngP",13650586143,"https://media.birdweather.com/soundscapes/6891/6891-20260628-092356.flac",0,3,"birdnetpi"
9191418219,6891,"2026-06-28T11:21:45.000+02:00",0.72,0.841241300106049,9.00410888267396,"almost_certain","2p4",NA,51.5646,6.0042,FALSE,1,"House Sparrow","Passer domesticus","#d16ff8","avian","https://media.birdweather.com/species/1/HouseSparrow-standard-b861184cf45c092cdb45fd689dd676ef.jpg","https://media.birdweather.com/species/1/HouseSparrow-thumbnail-e9cbc91763a1579de8ef04880678b5e3.jpg","https://media.birdweather.com/species/1/HouseSparrow-png200-125e8603e1efe9d7a18316b94f06a65e.png","XAgCDwD8qpukuHiqtLZ9mImnmPFcDO4E",13650519034,"https://media.birdweather.com/soundscapes/6891/6891-20260628-092145.flac",0,3,"birdnetpi"
9191401554,6891,"2026-06-28T11:20:44.000+02:00",0.77,0.841241300106049,9.15820371996853,"almost_certain","2p4",NA,51.5628,6.0035,FALSE,1,"House Sparrow","Passer domesticus","#d16ff8","avian","https://media.birdweather.com/species/1/HouseSparrow-standard-b861184cf45c092cdb45fd689dd676ef.jpg","https://media.birdweather.com/species/1/HouseSparrow-thumbnail-e9cbc91763a1579de8ef04880678b5e3.jpg","https://media.birdweather.com/species/1/HouseSparrow-png200-125e8603e1efe9d7a18316b94f06a65e.png","XAgCDwD8qpukuHiqtLZ9mImnmPFcDO4E",13650493797,"https://media.birdweather.com/soundscapes/6891/6891-20260628-092044.flac",0,3,"birdnetpi"
9191323948,6891,"2026-06-28T11:16:35.000+02:00",0.74,0.841241300106049,9.06784130409377,"almost_certain","2p4",NA,51.5691,6.0033,FALSE,1,"House Sparrow","Passer domesticus","#d16ff8","avian","https://media.birdweather.com/species/1/HouseSparrow-standard-b861184cf45c092cdb45fd689dd676ef.jpg","https://media.birdweather.com/species/1/HouseSparrow-thumbnail-e9cbc91763a1579de8ef04880678b5e3.jpg","https://media.birdweather.com/species/1/HouseSparrow-png200-125e8603e1efe9d7a18316b94f06a65e.png","XAgCDwD8qpukuHiqtLZ9mImnmPFcDO4E",13650375294,"https://media.birdweather.com/soundscapes/6891/6891-20260628-091635.flac",0,3,"birdnetpi"
9191295590,6891,"2026-06-28T11:15:02.000+02:00",0.9,0.651233911514282,9.14670801668249,"almost_certain","2p4",NA,51.5675,6.0006,FALSE,119,"Common House-Martin","Delichon urbicum","#53b1ff","avian","https://media.birdweather.com/species/119/CommonHouse-Martin-standard-9ffbcc688c51210fb136a162c84d82ad.jpg","https://media.birdweather.com/species/119/CommonHouse-Martin-thumbnail-dd7059ca6235347c3097e7a66f04df95.jpg","https://media.birdweather.com/species/119/CommonHouse-Martin-png200-a73a8953ce2af50676da81e70b2746b2.png","YhgKDwKJd4iIiHd/h5h5d4mIeQqVllAH",13650330723,"https://media.birdweather.com/soundscapes/6891/6891-20260628-091502.flac",0,3,"birdnetpi"
9191274050,6891,"2026-06-28T11:13:51.000+02:00",0.97,0.938615620136261,9.79231241248664,"almost_certain","2p4",NA,51.5624,6.0073,FALSE,397,"Barn Swallow","Hirundo rustica","#c85500","avian","https://media.birdweather.com/species/397/BarnSwallow-standard-66c9cb8916403efe633a420fe54e3bc6.jpg","https://media.birdweather.com/species/397/BarnSwallow-thumbnail-418cddeb212e9e1ce5d35f61a3040433.jpg","https://media.birdweather.com/species/397/BarnSwallow-png200-317c812ebfcec488fad1824feff99dbc.png","IAgKHwKLhnmThXdPl1i3p3ll51f4jngP",13650296894,"https://media.birdweather.com/soundscapes/6891/6891-20260628-091351.flac",0,3,"birdnetpi"
9191271108,6891,"2026-06-28T11:13:41.000+02:00",0.74,0.841241300106049,9.06784130409377,"almost_certain","2p4",NA,51.5702,6.0064,FALSE,1,"House Sparrow","Passer domesticus","#d16ff8","avian","https://media.birdweather.com/species/1/HouseSparrow-standard-b861184cf45c092cdb45fd689dd676ef.jpg","https://media.birdweather.com/species/1/HouseSparrow-thumbnail-e9cbc91763a1579de8ef04880678b5e3.jpg","https://media.birdweather.com/species/1/HouseSparrow-png200-125e8603e1efe9d7a18316b94f06a65e.png","XAgCDwD8qpukuHiqtLZ9mImnmPFcDO4E",13650292168,"https://media.birdweather.com/soundscapes/6891/6891-20260628-091341.flac",0,3,"birdnetpi"
9191228803,6891,"2026-06-28T11:11:23.000+02:00",0.74,0.841241300106049,9.06784130409377,"almost_certain","2p4",NA,51.5681,6.0093,FALSE,1,"House Sparrow","Passer domesticus","#d16ff8","avian","https://media.birdweather.com/species/1/HouseSparrow-standard-b861184cf45c092cdb45fd689dd676ef.jpg","https://media.birdweather.com/species/1/HouseSparrow-thumbnail-e9cbc91763a1579de8ef04880678b5e3.jpg","https://media.birdweather.com/species/1/HouseSparrow-png200-125e8603e1efe9d7a18316b94f06a65e.png","XAgCDwD8qpukuHiqtLZ9mImnmPFcDO4E",13650225159,"https://media.birdweather.com/soundscapes/6891/6891-20260628-091123.flac",0,3,"birdnetpi"
9191219711,6891,"2026-06-28T11:11:03.000+02:00",0.8,0.841241300106049,9.24297302306231,"almost_certain","2p4",NA,51.5619,6.0078,FALSE,1,"House Sparrow","Passer domesticus","#d16ff8","avian","https://media.birdweather.com/species/1/HouseSparrow-standard-b861184cf45c092cdb45fd689dd676ef.jpg","https://media.birdweather.com/species/1/HouseSparrow-thumbnail-e9cbc91763a1579de8ef04880678b5e3.jpg","https://media.birdweather.com/species/1/HouseSparrow-png200-125e8603e1efe9d7a18316b94f06a65e.png","XAgCDwD8qpukuHiqtLZ9mImnmPFcDO4E",13650210776,"https://media.birdweather.com/soundscapes/6891/6891-20260628-091103.flac",0,3,"birdnetpi"
9191215190,6891,"2026-06-28T11:10:48.000+02:00",0.77,0.841241300106049,9.15820371996853,"almost_certain","2p4",NA,51.5659,6.0028,FALSE,1,"House Sparrow","Passer domesticus","#d16ff8","avian","https://media.birdweather.com/species/1/HouseSparrow-standard-b861184cf45c092cdb45fd689dd676ef.jpg","https://media.birdweather.com/species/1/HouseSparrow-thumbnail-e9cbc91763a1579de8ef04880678b5e3.jpg","https://media.birdweather.com/species/1/HouseSparrow-png200-125e8603e1efe9d7a18316b94f06a65e.png","XAgCDwD8qpukuHiqtLZ9mImnmPFcDO4E",13650203620,"https://media.birdweather.com/soundscapes/6891/6891-20260628-091048.flac",0,3,"birdnetpi"
9191207695,6891,"2026-06-28T11:10:24.000+02:00",0.7,0.841241300106049,8.93726635776184,"almost_certain","2p4",NA,51.5629,6.0052,FALSE,1,"House Sparrow","Passer domesticus","#d16ff8","avian","https://media.birdweather.com/species/1/HouseSparrow-standard-b861184cf45c092cdb45fd689dd676ef.jpg","https://media.birdweather.com/species/1/HouseSparrow-thumbnail-e9cbc91763a1579de8ef04880678b5e3.jpg","https://media.birdweather.com/species/1/HouseSparrow-png200-125e8603e1efe9d7a18316b94f06a65e.png","XAgCDwD8qpukuHiqtLZ9mImnmPFcDO4E",13650192070,"https://media.birdweather.com/soundscapes/6891/6891-20260628-091024.flac",0,3,"birdnetpi"
9191201139,6891,"2026-06-28T11:09:50.000+02:00",0.95,0.651233911514282,9.25636652619523,"almost_certain","2p4",NA,51.5656,6.0089,FALSE,119,"Common House-Martin","Delichon urbicum","#53b1ff","avian","https://media.birdweather.com/species/119/CommonHouse-Martin-standard-9ffbcc688c51210fb136a162c84d82ad.jpg","https://media.birdweather.com/species/119/CommonHouse-Martin-thumbnail-dd7059ca6235347c3097e7a66f04df95.jpg","https://media.birdweather.com/species/119/CommonHouse-Martin-png200-a73a8953ce2af50676da81e70b2746b2.png","YhgKDwKJd4iIiHd/h5h5d4mIeQqVllAH",13650181661,"https://media.birdweather.com/soundscapes/6891/6891-20260628-090950.flac",0,3,"birdnetpi"
9191162968,6891,"2026-06-28T11:07:45.000+02:00",0.7,0.841241300106049,8.93726635776184,"almost_certain","2p4",NA,51.5655,6.0023,FALSE,1,"House Sparrow","Passer domesticus","#d16ff8","avian","https://media.birdweather.com/species/1/HouseSparrow-standard-b861184cf45c092cdb45fd689dd676ef.jpg","https://media.birdweather.com/species/1/HouseSparrow-thumbnail-e9cbc91763a1579de8ef04880678b5e3.jpg","https://media.birdweather.com/species/1/HouseSparrow-png200-125e8603e1efe9d7a18316b94f06a65e.png","XAgCDwD8qpukuHiqtLZ9mImnmPFcDO4E",13650121826,"https://media.birdweather.com/soundscapes/6891/6891-20260628-090745.flac",0,3,"birdnetpi"
9191157312,6891,"2026-06-28T11:07:33.000+02:00",0.79,0.841241300106049,9.21529531403731,"almost_certain","2p4",NA,51.5638,6.0034,FALSE,1,"House Sparrow","Passer domesticus","#d16ff8","avian","https://media.birdweather.com/species/1/HouseSparrow-standard-b861184cf45c092cdb45fd689dd676ef.jpg","https://media.birdweather.com/species/1/HouseSparrow-thumbnail-e9cbc91763a1579de8ef04880678b5e3.jpg","https://media.birdweather.com/species/1/HouseSparrow-png200-125e8603e1efe9d7a18316b94f06a65e.png","XAgCDwD8qpukuHiqtLZ9mImnmPFcDO4E",13650112755,"https://media.birdweather.com/soundscapes/6891/6891-20260628-090733.flac",0,3,"birdnetpi"
9191149238,6891,"2026-06-28T11:06:59.000+02:00",0.89,0.841241300106049,9.46972780377659,"almost_certain","2p4",NA,51.567,6.0027,FALSE,1,"House Sparrow","Passer domesticus","#d16ff8","avian","https://media.birdweather.com/species/1/HouseSparrow-standard-b861184cf45c092cdb45fd689dd676ef.jpg","https://media.birdweather.com/species/1/HouseSparrow-thumbnail-e9cbc91763a1579de8ef04880678b5e3.jpg","https://media.birdweather.com/species/1/HouseSparrow-png200-125e8603e1efe9d7a18316b94f06a65e.png","XAgCDwD8qpukuHiqtLZ9mImnmPFcDO4E",13650099950,"https://media.birdweather.com/soundscapes/6891/6891-20260628-090659.flac",0,3,"birdnetpi"
9191141062,6891,"2026-06-28T11:06:32.000+02:00",0.74,0.841241300106049,9.06784130409377,"almost_certain","2p4",NA,51.5673,6.0094,FALSE,1,"House Sparrow","Passer domesticus","#d16ff8","avian","https://media.birdweather.com/species/1/HouseSparrow-standard-b861184cf45c092cdb45fd689dd676ef.jpg","https://media.birdweather.com/species/1/HouseSparrow-thumbnail-e9cbc91763a1579de8ef04880678b5e3.jpg","https://media.birdweather.com/species/1/HouseSparrow-png200-125e8603e1efe9d7a18316b94f06a65e.png","XAgCDwD8qpukuHiqtLZ9mImnmPFcDO4E",13650087078,"https://media.birdweather.com/soundscapes/6891/6891-20260628-090632.flac",0,3,"birdnetpi"
9191135883,6891,"2026-06-28T11:06:18.000+02:00",0.81,0.841241300106049,9.27010262245808,"almost_certain","2p4",NA,51.5693,6.0091,FALSE,1,"House Sparrow","Passer domesticus","#d16ff8","avian","https://media.birdweather.com/species/1/HouseSparrow-standard-b861184cf45c092cdb45fd689dd676ef.jpg","https://media.birdweather.com/species/1/HouseSparrow-thumbnail-e9cbc91763a1579de8ef04880678b5e3.jpg","https://media.birdweather.com/species/1/HouseSparrow-png200-125e8603e1efe9d7a18316b94f06a65e.png","XAgCDwD8qpukuHiqtLZ9mImnmPFcDO4E",13650078967,"https://media.birdweather.com/soundscapes/6891/6891-20260628-090618.flac",0,3,"birdnetpi"
9191127107,6891,"2026-06-28T11:05:45.000+02:00",0.76,0.841241300106049,9.12874021881581,"almost_certain","2p4",NA,51.5653,6.008,FALSE,1,"House Sparrow","Passer domesticus","#d16ff8","avian","https://media.birdweather.com/species/1/HouseSparrow-standard-b861184cf45c092cdb45fd689dd676ef.jpg","https://media.birdweather.com/species/1/HouseSparrow-thumbnail-e9cbc91763a1579de8ef04880678b5e3.jpg","https://media.birdweather.com/species/1/HouseSparrow-png200-125e8603e1efe9d7a18316b94f06a65e.png","XAgCDwD8qpukuHiqtLZ9mImnmPFcDO4E",13650064773,"https://media.birdweather.com/soundscapes/6891/6891-20260628-090545.flac",0,3,"birdnetpi"
9191119107,6891,"2026-06-28T11:05:20.000+02:00",0.87,0.841241300106049,9.42248174255908,"almost_certain","2p4",NA,51.5651,6.0065,FALSE,1,"House Sparrow","Passer domesticus","#d16ff8","avian","https://media.birdweather.com/species/1/HouseSparrow-standard-b861184cf45c092cdb45fd689dd676ef.jpg","https://media.birdweather.com/species/1/HouseSparrow-thumbnail-e9cbc91763a1579de8ef04880678b5e3.jpg","https://media.birdweather.com/species/1/HouseSparrow-png200-125e8603e1efe9d7a18316b94f06a65e.png","XAgCDwD8qpukuHiqtLZ9mImnmPFcDO4E",13650051906,"https://media.birdweather.com/soundscapes/6891/6891-20260628-090520.flac",0,3,"birdnetpi"
9191109845,6891,"2026-06-28T11:04:50.000+02:00",0.85,0.841241300106049,9.37354796939423,"almost_certain","2p4",NA,51.5685,6.0093,FALSE,1,"House Sparrow","Passer domesticus","#d16ff8","avian","https://media.birdweather.com/species/1/HouseSparrow-standard-b861184cf45c092cdb45fd689dd676ef.jpg","https://media.birdweather.com/species/1/HouseSparrow-thumbnail-e9cbc91763a1579de8ef04880678b5e3.jpg","https://media.birdweather.com/species/1/HouseSparrow-png200-125e8603e1efe9d7a18316b94f06a65e.png","XAgCDwD8qpukuHiqtLZ9mImnmPFcDO4E",13650037575,"https://media.birdweather.com/soundscapes/6891/6891-20260628-090450.flac",0,3,"birdnetpi"
9191101556,6891,"2026-06-28T11:04:21.000+02:00",0.83,0.841241300106049,9.32280142719216,"almost_certain","2p4",NA,51.5665,6.0048,FALSE,1,"House Sparrow","Passer domesticus","#d16ff8","avian","https://media.birdweather.com/species/1/HouseSparrow-standard-b861184cf45c092cdb45fd689dd676ef.jpg","https://media.birdweather.com/species/1/HouseSparrow-thumbnail-e9cbc91763a1579de8ef04880678b5e3.jpg","https://media.birdweather.com/species/1/HouseSparrow-png200-125e8603e1efe9d7a18316b94f06a65e.png","XAgCDwD8qpukuHiqtLZ9mImnmPFcDO4E",13650024700,"https://media.birdweather.com/soundscapes/6891/6891-20260628-090421.flac",0,3,"birdnetpi"
9191094932,6891,"2026-06-28T11:03:59.000+02:00",0.78,0.841241300106049,9.18704689056956,"almost_certain","2p4",NA,51.5646,6.0013,FALSE,1,"House Sparrow","Passer domesticus","#d16ff8","avian","https://media.birdweather.com/species/1/HouseSparrow-standard-b861184cf45c092cdb45fd689dd676ef.jpg","https://media.birdweather.com/species/1/HouseSparrow-thumbnail-e9cbc91763a1579de8ef04880678b5e3.jpg","https://media.birdweather.com/species/1/HouseSparrow-png200-125e8603e1efe9d7a18316b94f06a65e.png","XAgCDwD8qpukuHiqtLZ9mImnmPFcDO4E",13650014135,"https://media.birdweather.com/soundscapes/6891/6891-20260628-090359.flac",0,3,"birdnetpi"
9191086138,6891,"2026-06-28T11:03:38.000+02:00",0.81,0.841241300106049,9.27010262245808,"almost_certain","2p4",NA,51.5622,6.006,FALSE,1,"House Sparrow","Passer domesticus","#d16ff8","avian","https://media.birdweather.com/species/1/HouseSparrow-standard-b861184cf45c092cdb45fd689dd676ef.jpg","https://media.birdweather.com/species/1/HouseSparrow-thumbnail-e9cbc91763a1579de8ef04880678b5e3.jpg","https://media.birdweather.com/species/1/HouseSparrow-png200-125e8603e1efe9d7a18316b94f06a65e.png","XAgCDwD8qpukuHiqtLZ9mImnmPFcDO4E",13650000412,"https://media.birdweather.com/soundscapes/6891/6891-20260628-090338.flac",0,3,"birdnetpi"
9191066216,6891,"2026-06-28T11:02:23.000+02:00",0.86,0.841241300106049,9.3982333219329,"almost_certain","2p4",NA,51.5685,6.0059,FALSE,1,"House Sparrow","Passer domesticus","#d16ff8","avian","https://media.birdweather.com/species/1/HouseSparrow-standard-b861184cf45c092cdb45fd689dd676ef.jpg","https://media.birdweather.com/species/1/HouseSparrow-thumbnail-e9cbc91763a1579de8ef04880678b5e3.jpg","https://media.birdweather.com/species/1/HouseSparrow-png200-125e8603e1efe9d7a18316b94f06a65e.png","XAgCDwD8qpukuHiqtLZ9mImnmPFcDO4E",13649968407,"https://media.birdweather.com/soundscapes/6891/6891-20260628-090223.flac",0,3,"birdnetpi"
9191058145,6891,"2026-06-28T11:02:03.000+02:00",0.92,0.841241300106049,9.53767561313752,"almost_certain","2p4",NA,51.5689,6.0032,FALSE,1,"House Sparrow","Passer domesticus","#d16ff8","avian","https://media.birdweather.com/species/1/HouseSparrow-standard-b861184cf45c092cdb45fd689dd676ef.jpg","https://media.birdweather.com/species/1/HouseSparrow-thumbnail-e9cbc91763a1579de8ef04880678b5e3.jpg","https://media.birdweather.com/species/1/HouseSparrow-png200-125e8603e1efe9d7a18316b94f06a65e.png","XAgCDwD8qpukuHiqtLZ9mImnmPFcDO4E",13649955540,"https://media.birdweather.com/soundscapes/6891/6891-20260628-090203.flac",0,3,"birdnetpi"
9191042560,6891,"2026-06-28T11:01:06.000+02:00",0.83,0.841241300106049,9.32280142719216,"almost_certain","2p4",NA,51.5676,6.0029,FALSE,1,"House Sparrow","Passer domesticus","#d16ff8","avian","https://media.birdweather.com/species/1/HouseSparrow-standard-b861184cf45c092cdb45fd689dd676ef.jpg","https://media.birdweather.com/species/1/HouseSparrow-thumbnail-e9cbc91763a1579de8ef04880678b5e3.jpg","https://media.birdweather.com/species/1/HouseSparrow-png200-125e8603e1efe9d7a18316b94f06a65e.png","XAgCDwD8qpukuHiqtLZ9mImnmPFcDO4E",13649930280,"https://media.birdweather.com/soundscapes/6891/6891-20260628-090106.flac",0,3,"birdnetpi"
9191037930,6891,"2026-06-28T11:00:57.000+02:00",0.83,0.841241300106049,9.32280142719216,"almost_certain","2p4",NA,51.567,6.0082,FALSE,1,"House Sparrow","Passer domesticus","#d16ff8","avian","https://media.birdweather.com/species/1/HouseSparrow-standard-b861184cf45c092cdb45fd689dd676ef.jpg","https://media.birdweather.com/species/1/HouseSparrow-thumbnail-e9cbc91763a1579de8ef04880678b5e3.jpg","https://media.birdweather.com/species/1/HouseSparrow-png200-125e8603e1efe9d7a18316b94f06a65e.png","XAgCDwD8qpukuHiqtLZ9mImnmPFcDO4E",13649922716,"https://media.birdweather.com/soundscapes/6891/6891-20260628-090057.flac",0,3,"birdnetpi"
9191023634,6891,"2026-06-28T11:00:02.000+02:00",0.79,0.841241300106049,9.21529531403731,"almost_certain","2p4",NA,51.5653,6.0017,FALSE,1,"House Sparrow","Passer domesticus","#d16ff8","avian","https://media.birdweather.com/species/1/HouseSparrow-standard-b861184cf45c092cdb45fd689dd676ef.jpg","https://media.birdweather.com/species/1/HouseSparrow-thumbnail-e9cbc91763a1579de8ef04880678b5e3.jpg","https://media.birdweather.com/species/1/HouseSparrow-png200-125e8603e1efe9d7a18316b94f06a65e.png","XAgCDwD8qpukuHiqtLZ9mImnmPFcDO4E",13649898399,"https://media.birdweather.com/soundscapes/6891/6891-20260628-090002.flac",0,3,"birdnetpi"
9191004862,6891,"2026-06-28T10:59:02.000+02:00",0.85,0.841241300106049,9.37354796939423,"almost_certain","2p4",NA,51.5704,6.0036,FALSE,1,"House Sparrow","Passer domesticus","#d16ff8","avian","https://media.birdweather.com/species/1/HouseSparrow-standard-b861184cf45c092cdb45fd689dd676ef.jpg","https://media.birdweather.com/species/1/HouseSparrow-thumbnail-e9cbc91763a1579de8ef04880678b5e3.jpg","https://media.birdweather.com/species/1/HouseSparrow-png200-125e8603e1efe9d7a18316b94f06a65e.png","XAgCDwD8qpukuHiqtLZ9mImnmPFcDO4E",13649867013,"https://media.birdweather.com/soundscapes/6891/6891-20260628-085902.flac",0,3,"birdnetpi"
9190996391,6891,"2026-06-28T10:58:32.000+02:00",0.79,0.841241300106049,9.21529531403731,"almost_certain","2p4",NA,51.5688,6.0064,FALSE,1,"House Sparrow","Passer domesticus","#d16ff8","avian","https://media.birdweather.com/species/1/HouseSparrow-standard-b861184cf45c092cdb45fd689dd676ef.jpg","https://media.birdweather.com/species/1/HouseSparrow-thumbnail-e9cbc91763a1579de8ef04880678b5e3.jpg","https://media.birdweather.com/species/1/HouseSparrow-png200-125e8603e1efe9d7a18316b94f06a65e.png","XAgCDwD8qpukuHiqtLZ9mImnmPFcDO4E",13649852731,"https://media.birdweather.com/soundscapes/6891/6891-20260628-085832.flac",0,3,"birdnetpi"
9190986967,6891,"2026-06-28T10:57:59.000+02:00",0.88,0.841241300106049,9.44630843007434,"almost_certain","2p4",NA,51.5635,6.0005,FALSE,1,"House Sparrow","Passer domesticus","#d16ff8","avian","https://media.birdweather.com/species/1/HouseSparrow-standard-b861184cf45c092cdb45fd689dd676ef.jpg","https://media.birdweather.com/species/1/HouseSparrow-thumbnail-e9cbc91763a1579de8ef04880678b5e3.jpg","https://media.birdweather.com/species/1/HouseSparrow-png200-125e8603e1efe9d7a18316b94f06a65e.png","XAgCDwD8qpukuHiqtLZ9mImnmPFcDO4E",13649836995,"https://media.birdweather.com/soundscapes/6891/6891-20260628-085759.flac",0,3,"birdnetpi"
9190982227,6891,"2026-06-28T10:57:39.000+02:00",0.95,0.841241300106049,9.60241206538277,"almost_certain","2p4",NA,51.5622,6.0012,FALSE,1,"House Sparrow","Passer domesticus","#d16ff8","avian","https://media.birdweather.com/species/1/HouseSparrow-standard-b861184cf45c092cdb45fd689dd676ef.jpg","https://media.birdweather.com/species/1/HouseSparrow-thumbnail-e9cbc91763a1579de8ef04880678b5e3.jpg","https://media.birdweather.com/species/1/HouseSparrow-png200-125e8603e1efe9d7a18316b94f06a65e.png","XAgCDwD8qpukuHiqtLZ9mImnmPFcDO4E",13649828965,"https://media.birdweather.com/soundscapes/6891/6891-20260628-085739.flac",0,3,"birdnetpi"
9190977877,6891,"2026-06-28T10:57:24.000+02:00",0.78,0.841241300106049,9.18704689056956,"almost_certain","2p4",NA,51.5645,6.0041,FALSE,1,"House Sparrow","Passer domesticus","#d16ff8","avian","https://media.birdweather.com/species/1/HouseSparrow-standard-b861184cf45c092cdb45fd689dd676ef.jpg","https://media.birdweather.com/species/1/HouseSparrow-thumbnail-e9cbc91763a1579de8ef04880678b5e3.jpg","https://media.birdweather.com/species/1/HouseSparrow-png200-125e8603e1efe9d7a18316b94f06a65e.png","XAgCDwD8qpukuHiqtLZ9mImnmPFcDO4E",13649821753,"https://media.birdweather.com/soundscapes/6891/6891-20260628-085724.flac",0,3,"birdnetpi"
9190972952,6891,"2026-06-28T10:56:57.000+02:00",0.86,0.841241300106049,9.3982333219329,"almost_certain","2p4",NA,51.5623,6.0079,FALSE,1,"House Sparrow","Passer domesticus","#d16ff8","avian","https://media.birdweather.com/species/1/HouseSparrow-standard-b861184cf45c092cdb45fd689dd676ef.jpg","https://media.birdweather.com/species/1/HouseSparrow-thumbnail-e9cbc91763a1579de8ef04880678b5e3.jpg","https://media.birdweather.com/species/1/HouseSparrow-png200-125e8603e1efe9d7a18316b94f06a65e.png","XAgCDwD8qpukuHiqtLZ9mImnmPFcDO4E",13649813206,"https://media.birdweather.com/soundscapes/6891/6891-20260628-085657.flac",0,3,"birdnetpi"
9190961659,6891,"2026-06-28T10:56:17.000+02:00",0.84,0.651233911514282,9.00236411023127,"almost_certain","2p4",NA,51.5669,6.0076,FALSE,119,"Common House-Martin","Delichon urbicum","#53b1ff","avian","https://media.birdweather.com/species/119/CommonHouse-Martin-standard-9ffbcc688c51210fb136a162c84d82ad.jpg","https://media.birdweather.com/species/119/CommonHouse-Martin-thumbnail-dd7059ca6235347c3097e7a66f04df95.jpg","https://media.birdweather.com/species/119/CommonHouse-Martin-png200-a73a8953ce2af50676da81e70b2746b2.png","YhgKDwKJd4iIiHd/h5h5d4mIeQqVllAH",13649794087,"https://media.birdweather.com/soundscapes/6891/6891-20260628-085617.flac",0,3,"birdnetpi"
9190940424,6891,"2026-06-28T10:55:08.000+02:00",0.76,0.841241300106049,9.12874021881581,"almost_certain","2p4",NA,51.57,6.0061,FALSE,1,"House Sparrow","Passer domesticus","#d16ff8","avian","https://media.birdweather.com/species/1/HouseSparrow-standard-b861184cf45c092cdb45fd689dd676ef.jpg","https://media.birdweather.com/species/1/HouseSparrow-thumbnail-e9cbc91763a1579de8ef04880678b5e3.jpg","https://media.birdweather.com/species/1/HouseSparrow-png200-125e8603e1efe9d7a18316b94f06a65e.png","XAgCDwD8qpukuHiqtLZ9mImnmPFcDO4E",13649758349,"https://media.birdweather.com/soundscapes/6891/6891-20260628-085508.flac",0,3,"birdnetpi"
9190931933,6891,"2026-06-28T10:54:32.000+02:00",0.72,0.841241300106049,9.00410888267396,"almost_certain","2p4",NA,51.5654,6.0065,FALSE,1,"House Sparrow","Passer domesticus","#d16ff8","avian","https://media.birdweather.com/species/1/HouseSparrow-standard-b861184cf45c092cdb45fd689dd676ef.jpg","https://media.birdweather.com/species/1/HouseSparrow-thumbnail-e9cbc91763a1579de8ef04880678b5e3.jpg","https://media.birdweather.com/species/1/HouseSparrow-png200-125e8603e1efe9d7a18316b94f06a65e.png","XAgCDwD8qpukuHiqtLZ9mImnmPFcDO4E",13649744065,"https://media.birdweather.com/soundscapes/6891/6891-20260628-085432.flac",0,3,"birdnetpi"
9190926402,6891,"2026-06-28T10:54:12.000+02:00",0.7,0.841241300106049,8.93726635776184,"almost_certain","2p4",NA,51.5695,6.0056,FALSE,1,"House Sparrow","Passer domesticus","#d16ff8","avian","https://media.birdweather.com/species/1/HouseSparrow-standard-b861184cf45c092cdb45fd689dd676ef.jpg","https://media.birdweather.com/species/1/HouseSparrow-thumbnail-e9cbc91763a1579de8ef04880678b5e3.jpg","https://media.birdweather.com/species/1/HouseSparrow-png200-125e8603e1efe9d7a18316b94f06a65e.png","XAgCDwD8qpukuHiqtLZ9mImnmPFcDO4E",13649734581,"https://media.birdweather.com/soundscapes/6891/6891-20260628-085412.flac",0,3,"birdnetpi"
9190915968,6891,"2026-06-28T10:53:35.000+02:00",0.77,0.841241300106049,9.15820371996853,"almost_certain","2p4",NA,51.5695,6.0056,FALSE,1,"House Sparrow","Passer domesticus","#d16ff8","avian","https://media.birdweather.com/species/1/HouseSparrow-standard-b861184cf45c092cdb45fd689dd676ef.jpg","https://media.birdweather.com/species/1/HouseSparrow-thumbnail-e9cbc91763a1579de8ef04880678b5e3.jpg","https://media.birdweather.com/species/1/HouseSparrow-png200-125e8603e1efe9d7a18316b94f06a65e.png","XAgCDwD8qpukuHiqtLZ9mImnmPFcDO4E",13649716968,"https://media.birdweather.com/soundscapes/6891/6891-20260628-085335.flac",0,3,"birdnetpi"
9190890406,6891,"2026-06-28T10:52:12.000+02:00",0.72,0.841241300106049,9.00410888267396,"almost_certain","2p4",NA,51.5631,6.009,FALSE,1,"House Sparrow","Passer domesticus","#d16ff8","avian","https://media.birdweather.com/species/1/HouseSparrow-standard-b861184cf45c092cdb45fd689dd676ef.jpg","https://media.birdweather.com/species/1/HouseSparrow-thumbnail-e9cbc91763a1579de8ef04880678b5e3.jpg","https://media.birdweather.com/species/1/HouseSparrow-png200-125e8603e1efe9d7a18316b94f06a65e.png","XAgCDwD8qpukuHiqtLZ9mImnmPFcDO4E",13649673894,"https://media.birdweather.com/soundscapes/6891/6891-20260628-085212.flac",0,3,"birdnetpi"
9190876339,6891,"2026-06-28T10:51:15.000+02:00",0.86,0.841241300106049,9.3982333219329,"almost_certain","2p4",NA,51.564,6.0086,FALSE,1,"House Sparrow","Passer domesticus","#d16ff8","avian","https://media.birdweather.com/species/1/HouseSparrow-standard-b861184cf45c092cdb45fd689dd676ef.jpg","https://media.birdweather.com/species/1/HouseSparrow-thumbnail-e9cbc91763a1579de8ef04880678b5e3.jpg","https://media.birdweather.com/species/1/HouseSparrow-png200-125e8603e1efe9d7a18316b94f06a65e.png","XAgCDwD8qpukuHiqtLZ9mImnmPFcDO4E",13649649652,"https://media.birdweather.com/soundscapes/6891/6891-20260628-085115.flac",0,3,"birdnetpi"
9190867570,6891,"2026-06-28T10:50:42.000+02:00",0.81,0.841241300106049,9.27010262245808,"almost_certain","2p4",NA,51.5703,6.0058,FALSE,1,"House Sparrow","Passer domesticus","#d16ff8","avian","https://media.birdweather.com/species/1/HouseSparrow-standard-b861184cf45c092cdb45fd689dd676ef.jpg","https://media.birdweather.com/species/1/HouseSparrow-thumbnail-e9cbc91763a1579de8ef04880678b5e3.jpg","https://media.birdweather.com/species/1/HouseSparrow-png200-125e8603e1efe9d7a18316b94f06a65e.png","XAgCDwD8qpukuHiqtLZ9mImnmPFcDO4E",13649634470,"https://media.birdweather.com/soundscapes/6891/6891-20260628-085042.flac",0,3,"birdnetpi"
9190844862,6891,"2026-06-28T10:49:20.000+02:00",0.78,0.841241300106049,9.18704689056956,"almost_certain","2p4",NA,51.5636,6.0047,FALSE,1,"House Sparrow","Passer domesticus","#d16ff8","avian","https://media.birdweather.com/species/1/HouseSparrow-standard-b861184cf45c092cdb45fd689dd676ef.jpg","https://media.birdweather.com/species/1/HouseSparrow-thumbnail-e9cbc91763a1579de8ef04880678b5e3.jpg","https://media.birdweather.com/species/1/HouseSparrow-png200-125e8603e1efe9d7a18316b94f06a65e.png","XAgCDwD8qpukuHiqtLZ9mImnmPFcDO4E",13649595400,"https://media.birdweather.com/soundscapes/6891/6891-20260628-084920.flac",0,3,"birdnetpi"
9190836598,6891,"2026-06-28T10:48:51.000+02:00",0.76,0.841241300106049,9.12874021881581,"almost_certain","2p4",NA,51.5689,6.006,FALSE,1,"House Sparrow","Passer domesticus","#d16ff8","avian","https://media.birdweather.com/species/1/HouseSparrow-standard-b861184cf45c092cdb45fd689dd676ef.jpg","https://media.birdweather.com/species/1/HouseSparrow-thumbnail-e9cbc91763a1579de8ef04880678b5e3.jpg","https://media.birdweather.com/species/1/HouseSparrow-png200-125e8603e1efe9d7a18316b94f06a65e.png","XAgCDwD8qpukuHiqtLZ9mImnmPFcDO4E",13649581558,"https://media.birdweather.com/soundscapes/6891/6891-20260628-084851.flac",0,3,"birdnetpi"
9190825659,6891,"2026-06-28T10:48:21.000+02:00",0.74,0.841241300106049,9.06784130409377,"almost_certain","2p4",NA,51.5649,6.0021,FALSE,1,"House Sparrow","Passer domesticus","#d16ff8","avian","https://media.birdweather.com/species/1/HouseSparrow-standard-b861184cf45c092cdb45fd689dd676ef.jpg","https://media.birdweather.com/species/1/HouseSparrow-thumbnail-e9cbc91763a1579de8ef04880678b5e3.jpg","https://media.birdweather.com/species/1/HouseSparrow-png200-125e8603e1efe9d7a18316b94f06a65e.png","XAgCDwD8qpukuHiqtLZ9mImnmPFcDO4E",13649562900,"https://media.birdweather.com/soundscapes/6891/6891-20260628-084821.flac",0,3,"birdnetpi"
9190810863,6891,"2026-06-28T10:47:20.000+02:00",0.97,0.893091917037964,9.7249367155267,"almost_certain","2p4",NA,51.5638,6.0022,FALSE,551,"Common Swift","Apus apus","#234bb2","avian","https://media.birdweather.com/species/551/CommonSwift-standard-ba54f84fbd8481b1c0de60654fbd79d5.jpg","https://media.birdweather.com/species/551/CommonSwift-thumbnail-bad1d7e3c141990f11d01e49e9f768ac.jpg","https://media.birdweather.com/species/551/CommonSwift-png200-f52bea49cb0e4232049806bde3e1a401.png","LLYFFwLchWelV5dvsqh1jKZoKJIEMkoA",13649537621,"https://media.birdweather.com/soundscapes/6891/6891-20260628-084720.flac",0,3,"birdnetpi"
9190802478,6891,"2026-06-28T10:46:53.000+02:00",0.89,0.651233911514282,9.12368226458905,"almost_certain","2p4",NA,51.5645,6.0024,FALSE,119,"Common House-Martin","Delichon urbicum","#53b1ff","avian","https://media.birdweather.com/species/119/CommonHouse-Martin-standard-9ffbcc688c51210fb136a162c84d82ad.jpg","https://media.birdweather.com/species/119/CommonHouse-Martin-thumbnail-dd7059ca6235347c3097e7a66f04df95.jpg","https://media.birdweather.com/species/119/CommonHouse-Martin-png200-a73a8953ce2af50676da81e70b2746b2.png","YhgKDwKJd4iIiHd/h5h5d4mIeQqVllAH",13649523085,"https://media.birdweather.com/soundscapes/6891/6891-20260628-084653.flac",0,3,"birdnetpi"
9190792936,6891,"2026-06-28T10:46:14.000+02:00",0.74,0.893091917037964,9.14884762542909,"almost_certain","2p4",NA,51.5699,6.0091,FALSE,551,"Common Swift","Apus apus","#234bb2","avian","https://media.birdweather.com/species/551/CommonSwift-standard-ba54f84fbd8481b1c0de60654fbd79d5.jpg","https://media.birdweather.com/species/551/CommonSwift-thumbnail-bad1d7e3c141990f11d01e49e9f768ac.jpg","https://media.birdweather.com/species/551/CommonSwift-png200-f52bea49cb0e4232049806bde3e1a401.png","LLYFFwLchWelV5dvsqh1jKZoKJIEMkoA",13649506885,"https://media.birdweather.com/soundscapes/6891/6891-20260628-084614.flac",0,3,"birdnetpi"
9190735780,6891,"2026-06-28T10:42:50.000+02:00",0.92,0.841241300106049,9.53767561313752,"almost_certain","2p4",NA,51.5664,6.0064,FALSE,1,"House Sparrow","Passer domesticus","#d16ff8","avian","https://media.birdweather.com/species/1/HouseSparrow-standard-b861184cf45c092cdb45fd689dd676ef.jpg","https://media.birdweather.com/species/1/HouseSparrow-thumbnail-e9cbc91763a1579de8ef04880678b5e3.jpg","https://media.birdweather.com/species/1/HouseSparrow-png200-125e8603e1efe9d7a18316b94f06a65e.png","XAgCDwD8qpukuHiqtLZ9mImnmPFcDO4E",13649409467,"https://media.birdweather.com/soundscapes/6891/6891-20260628-084250.flac",0,3,"birdnetpi"
9190731067,6891,"2026-06-28T10:42:41.000+02:00",0.91,0.841241300106049,9.51539869954319,"almost_certain","2p4",NA,51.5689,6.0044,FALSE,1,"House Sparrow","Passer domesticus","#d16ff8","avian","https://media.birdweather.com/species/1/HouseSparrow-standard-b861184cf45c092cdb45fd689dd676ef.jpg","https://media.birdweather.com/species/1/HouseSparrow-thumbnail-e9cbc91763a1579de8ef04880678b5e3.jpg","https://media.birdweather.com/species/1/HouseSparrow-png200-125e8603e1efe9d7a18316b94f06a65e.png","XAgCDwD8qpukuHiqtLZ9mImnmPFcDO4E",13649401403,"https://media.birdweather.com/soundscapes/6891/6891-20260628-084241.flac",0,3,"birdnetpi"
9190721902,6891,"2026-06-28T10:42:08.000+02:00",0.72,0.841241300106049,9.00410888267396,"almost_certain","2p4",NA,51.5661,6.0057,FALSE,1,"House Sparrow","Passer domesticus","#d16ff8","avian","https://media.birdweather.com/species/1/HouseSparrow-standard-b861184cf45c092cdb45fd689dd676ef.jpg","https://media.birdweather.com/species/1/HouseSparrow-thumbnail-e9cbc91763a1579de8ef04880678b5e3.jpg","https://media.birdweather.com/species/1/HouseSparrow-png200-125e8603e1efe9d7a18316b94f06a65e.png","XAgCDwD8qpukuHiqtLZ9mImnmPFcDO4E",13649385757,"https://media.birdweather.com/soundscapes/6891/6891-20260628-084208.flac",0,3,"birdnetpi"
9190718962,6891,"2026-06-28T10:41:53.000+02:00",0.88,0.995071530342102,9.67389057664134,"almost_certain","2p4",NA,51.5653,6.0026,FALSE,407,"Common Wood-Pigeon","Columba palumbus","#028fb2","avian","https://media.birdweather.com/species/407/CommonWood-Pigeon-standard-5558900260c92622ceef8a812b06518e.jpg","https://media.birdweather.com/species/407/CommonWood-Pigeon-thumbnail-4b86c907c8b82c8af31d566b811dee05.jpg","https://media.birdweather.com/species/407/CommonWood-Pigeon-png200-533b13201573be3895fcec3e61e861b5.png","2ukFHwIHiYeWxnZUiniYZ3h5h6+rCIQH",13649380896,"https://media.birdweather.com/soundscapes/6891/6891-20260628-084153.flac",0,3,"birdnetpi"
9190715654,6891,"2026-06-28T10:41:47.000+02:00",0.89,0.841241300106049,9.46972780377659,"almost_certain","2p4",NA,51.5701,6.0027,FALSE,1,"House Sparrow","Passer domesticus","#d16ff8","avian","https://media.birdweather.com/species/1/HouseSparrow-standard-b861184cf45c092cdb45fd689dd676ef.jpg","https://media.birdweather.com/species/1/HouseSparrow-thumbnail-e9cbc91763a1579de8ef04880678b5e3.jpg","https://media.birdweather.com/species/1/HouseSparrow-png200-125e8603e1efe9d7a18316b94f06a65e.png","XAgCDwD8qpukuHiqtLZ9mImnmPFcDO4E",13649375250,"https://media.birdweather.com/soundscapes/6891/6891-20260628-084147.flac",0,3,"birdnetpi"
9190710560,6891,"2026-06-28T10:41:20.000+02:00",0.84,0.841241300106049,9.34840964941881,"almost_certain","2p4",NA,51.5631,6.0048,FALSE,1,"House Sparrow","Passer domesticus","#d16ff8","avian","https://media.birdweather.com/species/1/HouseSparrow-standard-b861184cf45c092cdb45fd689dd676ef.jpg","https://media.birdweather.com/species/1/HouseSparrow-thumbnail-e9cbc91763a1579de8ef04880678b5e3.jpg","https://media.birdweather.com/species/1/HouseSparrow-png200-125e8603e1efe9d7a18316b94f06a65e.png","XAgCDwD8qpukuHiqtLZ9mImnmPFcDO4E",13649366564,"https://media.birdweather.com/soundscapes/6891/6891-20260628-084120.flac",0,3,"birdnetpi"
9190694342,6891,"2026-06-28T10:40:30.000+02:00",0.83,0.841241300106049,9.32280142719216,"almost_certain","2p4",NA,51.5671,6.0027,FALSE,1,"House Sparrow","Passer domesticus","#d16ff8","avian","https://media.birdweather.com/species/1/HouseSparrow-standard-b861184cf45c092cdb45fd689dd676ef.jpg","https://media.birdweather.com/species/1/HouseSparrow-thumbnail-e9cbc91763a1579de8ef04880678b5e3.jpg","https://media.birdweather.com/species/1/HouseSparrow-png200-125e8603e1efe9d7a18316b94f06a65e.png","XAgCDwD8qpukuHiqtLZ9mImnmPFcDO4E",13649338748,"https://media.birdweather.com/soundscapes/6891/6891-20260628-084030.flac",0,3,"birdnetpi"
9190629182,6891,"2026-06-28T10:36:20.000+02:00",0.73,0.841241300106049,9.03634566412593,"almost_certain","2p4",NA,51.5661,6.0039,FALSE,1,"House Sparrow","Passer domesticus","#d16ff8","avian","https://media.birdweather.com/species/1/HouseSparrow-standard-b861184cf45c092cdb45fd689dd676ef.jpg","https://media.birdweather.com/species/1/HouseSparrow-thumbnail-e9cbc91763a1579de8ef04880678b5e3.jpg","https://media.birdweather.com/species/1/HouseSparrow-png200-125e8603e1efe9d7a18316b94f06a65e.png","XAgCDwD8qpukuHiqtLZ9mImnmPFcDO4E",13649223811,"https://media.birdweather.com/soundscapes/6891/6891-20260628-083620.flac",0,3,"birdnetpi"
9190594825,6891,"2026-06-28T10:34:18.000+02:00",0.72,0.841241300106049,9.00410888267396,"almost_certain","2p4",NA,51.5687,6.0016,FALSE,1,"House Sparrow","Passer domesticus","#d16ff8","avian","https://media.birdweather.com/species/1/HouseSparrow-standard-b861184cf45c092cdb45fd689dd676ef.jpg","https://media.birdweather.com/species/1/HouseSparrow-thumbnail-e9cbc91763a1579de8ef04880678b5e3.jpg","https://media.birdweather.com/species/1/HouseSparrow-png200-125e8603e1efe9d7a18316b94f06a65e.png","XAgCDwD8qpukuHiqtLZ9mImnmPFcDO4E",13649161393,"https://media.birdweather.com/soundscapes/6891/6891-20260628-083418.flac",0,3,"birdnetpi"
9190587038,6891,"2026-06-28T10:33:39.000+02:00",0.77,0.841241300106049,9.15820371996853,"almost_certain","2p4",NA,51.5696,6.0026,FALSE,1,"House Sparrow","Passer domesticus","#d16ff8","avian","https://media.birdweather.com/species/1/HouseSparrow-standard-b861184cf45c092cdb45fd689dd676ef.jpg","https://media.birdweather.com/species/1/HouseSparrow-thumbnail-e9cbc91763a1579de8ef04880678b5e3.jpg","https://media.birdweather.com/species/1/HouseSparrow-png200-125e8603e1efe9d7a18316b94f06a65e.png","XAgCDwD8qpukuHiqtLZ9mImnmPFcDO4E",13649146771,"https://media.birdweather.com/soundscapes/6891/6891-20260628-083339.flac",0,3,"birdnetpi"
9190565469,6891,"2026-06-28T10:32:15.000+02:00",0.92,0.841241300106049,9.53767561313752,"almost_certain","2p4",NA,51.5641,6.0083,FALSE,1,"House Sparrow","Passer domesticus","#d16ff8","avian","https://media.birdweather.com/species/1/HouseSparrow-standard-b861184cf45c092cdb45fd689dd676ef.jpg","https://media.birdweather.com/species/1/HouseSparrow-thumbnail-e9cbc91763a1579de8ef04880678b5e3.jpg","https://media.birdweather.com/species/1/HouseSparrow-png200-125e8603e1efe9d7a18316b94f06a65e.png","XAgCDwD8qpukuHiqtLZ9mImnmPFcDO4E",13649106862,"https://media.birdweather.com/soundscapes/6891/6891-20260628-083215.flac",0,3,"birdnetpi"
9190560900,6891,"2026-06-28T10:31:57.000+02:00",0.75,0.841241300106049,9.09862911661109,"almost_certain","2p4",NA,51.5649,6.0007,FALSE,1,"House Sparrow","Passer domesticus","#d16ff8","avian","https://media.birdweather.com/species/1/HouseSparrow-standard-b861184cf45c092cdb45fd689dd676ef.jpg","https://media.birdweather.com/species/1/HouseSparrow-thumbnail-e9cbc91763a1579de8ef04880678b5e3.jpg","https://media.birdweather.com/species/1/HouseSparrow-png200-125e8603e1efe9d7a18316b94f06a65e.png","XAgCDwD8qpukuHiqtLZ9mImnmPFcDO4E",13649098300,"https://media.birdweather.com/soundscapes/6891/6891-20260628-083157.flac",0,3,"birdnetpi"
9190553407,6891,"2026-06-28T10:31:35.000+02:00",0.84,0.841241300106049,9.34840964941881,"almost_certain","2p4",NA,51.5649,6.0064,FALSE,1,"House Sparrow","Passer domesticus","#d16ff8","avian","https://media.birdweather.com/species/1/HouseSparrow-standard-b861184cf45c092cdb45fd689dd676ef.jpg","https://media.birdweather.com/species/1/HouseSparrow-thumbnail-e9cbc91763a1579de8ef04880678b5e3.jpg","https://media.birdweather.com/species/1/HouseSparrow-png200-125e8603e1efe9d7a18316b94f06a65e.png","XAgCDwD8qpukuHiqtLZ9mImnmPFcDO4E",13649084137,"https://media.birdweather.com/soundscapes/6891/6891-20260628-083135.flac",0,3,"birdnetpi"
9190548884,6891,"2026-06-28T10:31:17.000+02:00",0.83,0.841241300106049,9.32280142719216,"almost_certain","2p4",NA,51.5644,6.006,FALSE,1,"House Sparrow","Passer domesticus","#d16ff8","avian","https://media.birdweather.com/species/1/HouseSparrow-standard-b861184cf45c092cdb45fd689dd676ef.jpg","https://media.birdweather.com/species/1/HouseSparrow-thumbnail-e9cbc91763a1579de8ef04880678b5e3.jpg","https://media.birdweather.com/species/1/HouseSparrow-png200-125e8603e1efe9d7a18316b94f06a65e.png","XAgCDwD8qpukuHiqtLZ9mImnmPFcDO4E",13649075647,"https://media.birdweather.com/soundscapes/6891/6891-20260628-083117.flac",0,3,"birdnetpi"
9190542137,6891,"2026-06-28T10:30:50.000+02:00",0.9,0.841241300106049,9.49275355587003,"almost_certain","2p4",NA,51.5656,6.0086,FALSE,1,"House Sparrow","Passer domesticus","#d16ff8","avian","https://media.birdweather.com/species/1/HouseSparrow-standard-b861184cf45c092cdb45fd689dd676ef.jpg","https://media.birdweather.com/species/1/HouseSparrow-thumbnail-e9cbc91763a1579de8ef04880678b5e3.jpg","https://media.birdweather.com/species/1/HouseSparrow-png200-125e8603e1efe9d7a18316b94f06a65e.png","XAgCDwD8qpukuHiqtLZ9mImnmPFcDO4E",13649062791,"https://media.birdweather.com/soundscapes/6891/6891-20260628-083050.flac",0,3,"birdnetpi"
9190533238,6891,"2026-06-28T10:30:05.000+02:00",0.82,0.651233911514282,8.95065986089477,"almost_certain","2p4",NA,51.5625,6.0078,FALSE,119,"Common House-Martin","Delichon urbicum","#53b1ff","avian","https://media.birdweather.com/species/119/CommonHouse-Martin-standard-9ffbcc688c51210fb136a162c84d82ad.jpg","https://media.birdweather.com/species/119/CommonHouse-Martin-thumbnail-dd7059ca6235347c3097e7a66f04df95.jpg","https://media.birdweather.com/species/119/CommonHouse-Martin-png200-a73a8953ce2af50676da81e70b2746b2.png","YhgKDwKJd4iIiHd/h5h5d4mIeQqVllAH",13649045756,"https://media.birdweather.com/soundscapes/6891/6891-20260628-083005.flac",0,3,"birdnetpi"
9190528867,6891,"2026-06-28T10:29:48.000+02:00",0.99,0.651233911514282,9.33818187773646,"almost_certain","2p4",NA,51.5688,6.0036,FALSE,119,"Common House-Martin","Delichon urbicum","#53b1ff","avian","https://media.birdweather.com/species/119/CommonHouse-Martin-standard-9ffbcc688c51210fb136a162c84d82ad.jpg","https://media.birdweather.com/species/119/CommonHouse-Martin-thumbnail-dd7059ca6235347c3097e7a66f04df95.jpg","https://media.birdweather.com/species/119/CommonHouse-Martin-png200-a73a8953ce2af50676da81e70b2746b2.png","YhgKDwKJd4iIiHd/h5h5d4mIeQqVllAH",13649037255,"https://media.birdweather.com/soundscapes/6891/6891-20260628-082948.flac",0,3,"birdnetpi"
9190518710,6891,"2026-06-28T10:29:18.000+02:00",0.95,0.651233911514282,9.25636652619523,"almost_certain","2p4",NA,51.563,6.0074,FALSE,119,"Common House-Martin","Delichon urbicum","#53b1ff","avian","https://media.birdweather.com/species/119/CommonHouse-Martin-standard-9ffbcc688c51210fb136a162c84d82ad.jpg","https://media.birdweather.com/species/119/CommonHouse-Martin-thumbnail-dd7059ca6235347c3097e7a66f04df95.jpg","https://media.birdweather.com/species/119/CommonHouse-Martin-png200-a73a8953ce2af50676da81e70b2746b2.png","YhgKDwKJd4iIiHd/h5h5d4mIeQqVllAH",13649017796,"https://media.birdweather.com/soundscapes/6891/6891-20260628-082918.flac",0,3,"birdnetpi"
9190517235,6891,"2026-06-28T10:29:02.000+02:00",0.8,0.841241300106049,9.24297302306231,"almost_certain","2p4",NA,51.5684,6.0057,FALSE,1,"House Sparrow","Passer domesticus","#d16ff8","avian","https://media.birdweather.com/species/1/HouseSparrow-standard-b861184cf45c092cdb45fd689dd676ef.jpg","https://media.birdweather.com/species/1/HouseSparrow-thumbnail-e9cbc91763a1579de8ef04880678b5e3.jpg","https://media.birdweather.com/species/1/HouseSparrow-png200-125e8603e1efe9d7a18316b94f06a65e.png","XAgCDwD8qpukuHiqtLZ9mImnmPFcDO4E",13649014908,"https://media.birdweather.com/soundscapes/6891/6891-20260628-082902.flac",0,3,"birdnetpi"
9190514703,6891,"2026-06-28T10:28:50.000+02:00",0.89,0.651233911514282,9.12368226458905,"almost_certain","2p4",NA,51.5672,6.0026,FALSE,119,"Common House-Martin","Delichon urbicum","#53b1ff","avian","https://media.birdweather.com/species/119/CommonHouse-Martin-standard-9ffbcc688c51210fb136a162c84d82ad.jpg","https://media.birdweather.com/species/119/CommonHouse-Martin-thumbnail-dd7059ca6235347c3097e7a66f04df95.jpg","https://media.birdweather.com/species/119/CommonHouse-Martin-png200-a73a8953ce2af50676da81e70b2746b2.png","YhgKDwKJd4iIiHd/h5h5d4mIeQqVllAH",13649010206,"https://media.birdweather.com/soundscapes/6891/6891-20260628-082850.flac",0,3,"birdnetpi"
9190507341,6891,"2026-06-28T10:28:21.000+02:00",0.93,0.651233911514282,9.21355054159461,"almost_certain","2p4",NA,51.5642,6.0039,FALSE,119,"Common House-Martin","Delichon urbicum","#53b1ff","avian","https://media.birdweather.com/species/119/CommonHouse-Martin-standard-9ffbcc688c51210fb136a162c84d82ad.jpg","https://media.birdweather.com/species/119/CommonHouse-Martin-thumbnail-dd7059ca6235347c3097e7a66f04df95.jpg","https://media.birdweather.com/species/119/CommonHouse-Martin-png200-a73a8953ce2af50676da81e70b2746b2.png","YhgKDwKJd4iIiHd/h5h5d4mIeQqVllAH",13648996376,"https://media.birdweather.com/soundscapes/6891/6891-20260628-082821.flac",0,3,"birdnetpi"
9190503303,6891,"2026-06-28T10:28:05.000+02:00",0.88,0.651233911514282,9.10026289088681,"almost_certain","2p4",NA,51.562,6.0071,FALSE,119,"Common House-Martin","Delichon urbicum","#53b1ff","avian","https://media.birdweather.com/species/119/CommonHouse-Martin-standard-9ffbcc688c51210fb136a162c84d82ad.jpg","https://media.birdweather.com/species/119/CommonHouse-Martin-thumbnail-dd7059ca6235347c3097e7a66f04df95.jpg","https://media.birdweather.com/species/119/CommonHouse-Martin-png200-a73a8953ce2af50676da81e70b2746b2.png","YhgKDwKJd4iIiHd/h5h5d4mIeQqVllAH",13648988824,"https://media.birdweather.com/soundscapes/6891/6891-20260628-082805.flac",0,3,"birdnetpi"
9190502028,6891,"2026-06-28T10:28:02.000+02:00",0.76,0.841241300106049,9.12874021881581,"almost_certain","2p4",NA,51.5687,6.0017,FALSE,1,"House Sparrow","Passer domesticus","#d16ff8","avian","https://media.birdweather.com/species/1/HouseSparrow-standard-b861184cf45c092cdb45fd689dd676ef.jpg","https://media.birdweather.com/species/1/HouseSparrow-thumbnail-e9cbc91763a1579de8ef04880678b5e3.jpg","https://media.birdweather.com/species/1/HouseSparrow-png200-125e8603e1efe9d7a18316b94f06a65e.png","XAgCDwD8qpukuHiqtLZ9mImnmPFcDO4E",13648986467,"https://media.birdweather.com/soundscapes/6891/6891-20260628-082802.flac",0,3,"birdnetpi"
9190499076,6891,"2026-06-28T10:27:53.000+02:00",0.88,0.651233911514282,9.10026289088681,"almost_certain","2p4",NA,51.5633,6.0075,FALSE,119,"Common House-Martin","Delichon urbicum","#53b1ff","avian","https://media.birdweather.com/species/119/CommonHouse-Martin-standard-9ffbcc688c51210fb136a162c84d82ad.jpg","https://media.birdweather.com/species/119/CommonHouse-Martin-thumbnail-dd7059ca6235347c3097e7a66f04df95.jpg","https://media.birdweather.com/species/119/CommonHouse-Martin-png200-a73a8953ce2af50676da81e70b2746b2.png","YhgKDwKJd4iIiHd/h5h5d4mIeQqVllAH",13648980816,"https://media.birdweather.com/soundscapes/6891/6891-20260628-082753.flac",0,3,"birdnetpi"
9190484446,6891,"2026-06-28T10:26:57.000+02:00",0.78,0.841241300106049,9.18704689056956,"almost_certain","2p4",NA,51.5685,6.0051,FALSE,1,"House Sparrow","Passer domesticus","#d16ff8","avian","https://media.birdweather.com/species/1/HouseSparrow-standard-b861184cf45c092cdb45fd689dd676ef.jpg","https://media.birdweather.com/species/1/HouseSparrow-thumbnail-e9cbc91763a1579de8ef04880678b5e3.jpg","https://media.birdweather.com/species/1/HouseSparrow-png200-125e8603e1efe9d7a18316b94f06a65e.png","XAgCDwD8qpukuHiqtLZ9mImnmPFcDO4E",13648952385,"https://media.birdweather.com/soundscapes/6891/6891-20260628-082657.flac",0,3,"birdnetpi"
9190477826,6891,"2026-06-28T10:26:23.000+02:00",0.79,0.841241300106049,9.21529531403731,"almost_certain","2p4",NA,51.5681,6.0045,FALSE,1,"House Sparrow","Passer domesticus","#d16ff8","avian","https://media.birdweather.com/species/1/HouseSparrow-standard-b861184cf45c092cdb45fd689dd676ef.jpg","https://media.birdweather.com/species/1/HouseSparrow-thumbnail-e9cbc91763a1579de8ef04880678b5e3.jpg","https://media.birdweather.com/species/1/HouseSparrow-png200-125e8603e1efe9d7a18316b94f06a65e.png","XAgCDwD8qpukuHiqtLZ9mImnmPFcDO4E",13648939487,"https://media.birdweather.com/soundscapes/6891/6891-20260628-082623.flac",0,3,"birdnetpi"
9190473741,6891,"2026-06-28T10:26:05.000+02:00",0.78,0.841241300106049,9.18704689056956,"almost_certain","2p4",NA,51.5625,6.0068,FALSE,1,"House Sparrow","Passer domesticus","#d16ff8","avian","https://media.birdweather.com/species/1/HouseSparrow-standard-b861184cf45c092cdb45fd689dd676ef.jpg","https://media.birdweather.com/species/1/HouseSparrow-thumbnail-e9cbc91763a1579de8ef04880678b5e3.jpg","https://media.birdweather.com/species/1/HouseSparrow-png200-125e8603e1efe9d7a18316b94f06a65e.png","XAgCDwD8qpukuHiqtLZ9mImnmPFcDO4E",13648931941,"https://media.birdweather.com/soundscapes/6891/6891-20260628-082605.flac",0,3,"birdnetpi"
9190463701,6891,"2026-06-28T10:25:24.000+02:00",0.75,0.841241300106049,9.09862911661109,"almost_certain","2p4",NA,51.569,6.0059,FALSE,1,"House Sparrow","Passer domesticus","#d16ff8","avian","https://media.birdweather.com/species/1/HouseSparrow-standard-b861184cf45c092cdb45fd689dd676ef.jpg","https://media.birdweather.com/species/1/HouseSparrow-thumbnail-e9cbc91763a1579de8ef04880678b5e3.jpg","https://media.birdweather.com/species/1/HouseSparrow-png200-125e8603e1efe9d7a18316b94f06a65e.png","XAgCDwD8qpukuHiqtLZ9mImnmPFcDO4E",13648912456,"https://media.birdweather.com/soundscapes/6891/6891-20260628-082524.flac",0,3,"birdnetpi"
9190457131,6891,"2026-06-28T10:25:02.000+02:00",0.81,0.841241300106049,9.27010262245808,"almost_certain","2p4",NA,51.5626,6.0093,FALSE,1,"House Sparrow","Passer domesticus","#d16ff8","avian","https://media.birdweather.com/species/1/HouseSparrow-standard-b861184cf45c092cdb45fd689dd676ef.jpg","https://media.birdweather.com/species/1/HouseSparrow-thumbnail-e9cbc91763a1579de8ef04880678b5e3.jpg","https://media.birdweather.com/species/1/HouseSparrow-png200-125e8603e1efe9d7a18316b94f06a65e.png","XAgCDwD8qpukuHiqtLZ9mImnmPFcDO4E",13648899580,"https://media.birdweather.com/soundscapes/6891/6891-20260628-082502.flac",0,3,"birdnetpi"
9190453535,6891,"2026-06-28T10:24:48.000+02:00",0.82,0.841241300106049,9.29670540008231,"almost_certain","2p4",NA,51.5634,6.0016,FALSE,1,"House Sparrow","Passer domesticus","#d16ff8","avian","https://media.birdweather.com/species/1/HouseSparrow-standard-b861184cf45c092cdb45fd689dd676ef.jpg","https://media.birdweather.com/species/1/HouseSparrow-thumbnail-e9cbc91763a1579de8ef04880678b5e3.jpg","https://media.birdweather.com/species/1/HouseSparrow-png200-125e8603e1efe9d7a18316b94f06a65e.png","XAgCDwD8qpukuHiqtLZ9mImnmPFcDO4E",13648892570,"https://media.birdweather.com/soundscapes/6891/6891-20260628-082448.flac",0,3,"birdnetpi"
9190437266,6891,"2026-06-28T10:23:41.000+02:00",0.85,0.841241300106049,9.37354796939423,"almost_certain","2p4",NA,51.5651,6.0047,FALSE,1,"House Sparrow","Passer domesticus","#d16ff8","avian","https://media.birdweather.com/species/1/HouseSparrow-standard-b861184cf45c092cdb45fd689dd676ef.jpg","https://media.birdweather.com/species/1/HouseSparrow-thumbnail-e9cbc91763a1579de8ef04880678b5e3.jpg","https://media.birdweather.com/species/1/HouseSparrow-png200-125e8603e1efe9d7a18316b94f06a65e.png","XAgCDwD8qpukuHiqtLZ9mImnmPFcDO4E",13648860794,"https://media.birdweather.com/soundscapes/6891/6891-20260628-082341.flac",0,3,"birdnetpi"
9190430745,6891,"2026-06-28T10:23:14.000+02:00",0.84,0.841241300106049,9.34840964941881,"almost_certain","2p4",NA,51.5634,6.0081,FALSE,1,"House Sparrow","Passer domesticus","#d16ff8","avian","https://media.birdweather.com/species/1/HouseSparrow-standard-b861184cf45c092cdb45fd689dd676ef.jpg","https://media.birdweather.com/species/1/HouseSparrow-thumbnail-e9cbc91763a1579de8ef04880678b5e3.jpg","https://media.birdweather.com/species/1/HouseSparrow-png200-125e8603e1efe9d7a18316b94f06a65e.png","XAgCDwD8qpukuHiqtLZ9mImnmPFcDO4E",13648848140,"https://media.birdweather.com/soundscapes/6891/6891-20260628-082314.flac",0,3,"birdnetpi"
9190413871,6891,"2026-06-28T10:21:57.000+02:00",0.7,0.841241300106049,8.93726635776184,"almost_certain","2p4",NA,51.5626,6.0036,FALSE,1,"House Sparrow","Passer domesticus","#d16ff8","avian","https://media.birdweather.com/species/1/HouseSparrow-standard-b861184cf45c092cdb45fd689dd676ef.jpg","https://media.birdweather.com/species/1/HouseSparrow-thumbnail-e9cbc91763a1579de8ef04880678b5e3.jpg","https://media.birdweather.com/species/1/HouseSparrow-png200-125e8603e1efe9d7a18316b94f06a65e.png","XAgCDwD8qpukuHiqtLZ9mImnmPFcDO4E",13648814562,"https://media.birdweather.com/soundscapes/6891/6891-20260628-082157.flac",0,3,"birdnetpi"
9190385680,6891,"2026-06-28T10:20:06.000+02:00",0.81,0.841241300106049,9.27010262245808,"almost_certain","2p4",NA,51.5644,6.0065,FALSE,1,"House Sparrow","Passer domesticus","#d16ff8","avian","https://media.birdweather.com/species/1/HouseSparrow-standard-b861184cf45c092cdb45fd689dd676ef.jpg","https://media.birdweather.com/species/1/HouseSparrow-thumbnail-e9cbc91763a1579de8ef04880678b5e3.jpg","https://media.birdweather.com/species/1/HouseSparrow-png200-125e8603e1efe9d7a18316b94f06a65e.png","XAgCDwD8qpukuHiqtLZ9mImnmPFcDO4E",13648758856,"https://media.birdweather.com/soundscapes/6891/6891-20260628-082006.flac",0,3,"birdnetpi"
9190355770,6891,"2026-06-28T10:18:02.000+02:00",0.75,0.841241300106049,9.09862911661109,"almost_certain","2p4",NA,51.5632,6.007,FALSE,1,"House Sparrow","Passer domesticus","#d16ff8","avian","https://media.birdweather.com/species/1/HouseSparrow-standard-b861184cf45c092cdb45fd689dd676ef.jpg","https://media.birdweather.com/species/1/HouseSparrow-thumbnail-e9cbc91763a1579de8ef04880678b5e3.jpg","https://media.birdweather.com/species/1/HouseSparrow-png200-125e8603e1efe9d7a18316b94f06a65e.png","XAgCDwD8qpukuHiqtLZ9mImnmPFcDO4E",13648699703,"https://media.birdweather.com/soundscapes/6891/6891-20260628-081802.flac",0,3,"birdnetpi"
9190347313,6891,"2026-06-28T10:17:23.000+02:00",0.76,0.841241300106049,9.12874021881581,"almost_certain","2p4",NA,51.5693,6.0086,FALSE,1,"House Sparrow","Passer domesticus","#d16ff8","avian","https://media.birdweather.com/species/1/HouseSparrow-standard-b861184cf45c092cdb45fd689dd676ef.jpg","https://media.birdweather.com/species/1/HouseSparrow-thumbnail-e9cbc91763a1579de8ef04880678b5e3.jpg","https://media.birdweather.com/species/1/HouseSparrow-png200-125e8603e1efe9d7a18316b94f06a65e.png","XAgCDwD8qpukuHiqtLZ9mImnmPFcDO4E",13648682704,"https://media.birdweather.com/soundscapes/6891/6891-20260628-081723.flac",0,3,"birdnetpi"
9190345535,6891,"2026-06-28T10:17:11.000+02:00",0.84,0.651233911514282,9.00236411023127,"almost_certain","2p4",NA,51.5655,6.0039,FALSE,119,"Common House-Martin","Delichon urbicum","#53b1ff","avian","https://media.birdweather.com/species/119/CommonHouse-Martin-standard-9ffbcc688c51210fb136a162c84d82ad.jpg","https://media.birdweather.com/species/119/CommonHouse-Martin-thumbnail-dd7059ca6235347c3097e7a66f04df95.jpg","https://media.birdweather.com/species/119/CommonHouse-Martin-png200-a73a8953ce2af50676da81e70b2746b2.png","YhgKDwKJd4iIiHd/h5h5d4mIeQqVllAH",13648679299,"https://media.birdweather.com/soundscapes/6891/6891-20260628-081711.flac",0,3,"birdnetpi"
9190335567,6891,"2026-06-28T10:16:29.000+02:00",0.87,0.841241300106049,9.42248174255908,"almost_certain","2p4",NA,51.5653,6.0072,FALSE,1,"House Sparrow","Passer domesticus","#d16ff8","avian","https://media.birdweather.com/species/1/HouseSparrow-standard-b861184cf45c092cdb45fd689dd676ef.jpg","https://media.birdweather.com/species/1/HouseSparrow-thumbnail-e9cbc91763a1579de8ef04880678b5e3.jpg","https://media.birdweather.com/species/1/HouseSparrow-png200-125e8603e1efe9d7a18316b94f06a65e.png","XAgCDwD8qpukuHiqtLZ9mImnmPFcDO4E",13648659522,"https://media.birdweather.com/soundscapes/6891/6891-20260628-081629.flac",0,3,"birdnetpi"
9190329420,6891,"2026-06-28T10:16:05.000+02:00",0.94,0.651233911514282,9.23512579064096,"almost_certain","2p4",NA,51.5629,6.0074,FALSE,119,"Common House-Martin","Delichon urbicum","#53b1ff","avian","https://media.birdweather.com/species/119/CommonHouse-Martin-standard-9ffbcc688c51210fb136a162c84d82ad.jpg","https://media.birdweather.com/species/119/CommonHouse-Martin-thumbnail-dd7059ca6235347c3097e7a66f04df95.jpg","https://media.birdweather.com/species/119/CommonHouse-Martin-png200-a73a8953ce2af50676da81e70b2746b2.png","YhgKDwKJd4iIiHd/h5h5d4mIeQqVllAH",13648647270,"https://media.birdweather.com/soundscapes/6891/6891-20260628-081605.flac",0,3,"birdnetpi"
9190324877,6891,"2026-06-28T10:15:44.000+02:00",0.9,0.651233911514282,9.14670801668249,"almost_certain","2p4",NA,51.5697,6.0071,FALSE,119,"Common House-Martin","Delichon urbicum","#53b1ff","avian","https://media.birdweather.com/species/119/CommonHouse-Martin-standard-9ffbcc688c51210fb136a162c84d82ad.jpg","https://media.birdweather.com/species/119/CommonHouse-Martin-thumbnail-dd7059ca6235347c3097e7a66f04df95.jpg","https://media.birdweather.com/species/119/CommonHouse-Martin-png200-a73a8953ce2af50676da81e70b2746b2.png","YhgKDwKJd4iIiHd/h5h5d4mIeQqVllAH",13648638256,"https://media.birdweather.com/soundscapes/6891/6891-20260628-081544.flac",0,3,"birdnetpi"
9190322874,6891,"2026-06-28T10:15:39.000+02:00",0.7,0.841241300106049,8.93726635776184,"almost_certain","2p4",NA,51.5692,6.0037,FALSE,1,"House Sparrow","Passer domesticus","#d16ff8","avian","https://media.birdweather.com/species/1/HouseSparrow-standard-b861184cf45c092cdb45fd689dd676ef.jpg","https://media.birdweather.com/species/1/HouseSparrow-thumbnail-e9cbc91763a1579de8ef04880678b5e3.jpg","https://media.birdweather.com/species/1/HouseSparrow-png200-125e8603e1efe9d7a18316b94f06a65e.png","XAgCDwD8qpukuHiqtLZ9mImnmPFcDO4E",13648634030,"https://media.birdweather.com/soundscapes/6891/6891-20260628-081539.flac",0,3,"birdnetpi"
9190318108,6891,"2026-06-28T10:15:15.000+02:00",0.81,0.841241300106049,9.27010262245808,"almost_certain","2p4",NA,51.5661,6.0083,FALSE,1,"House Sparrow","Passer domesticus","#d16ff8","avian","https://media.birdweather.com/species/1/HouseSparrow-standard-b861184cf45c092cdb45fd689dd676ef.jpg","https://media.birdweather.com/species/1/HouseSparrow-thumbnail-e9cbc91763a1579de8ef04880678b5e3.jpg","https://media.birdweather.com/species/1/HouseSparrow-png200-125e8603e1efe9d7a18316b94f06a65e.png","XAgCDwD8qpukuHiqtLZ9mImnmPFcDO4E",13648624594,"https://media.birdweather.com/soundscapes/6891/6891-20260628-081515.flac",0,3,"birdnetpi"
9190314402,6891,"2026-06-28T10:15:08.000+02:00",0.82,0.841241300106049,9.29670540008231,"almost_certain","2p4",NA,51.568,6.0036,FALSE,1,"House Sparrow","Passer domesticus","#d16ff8","avian","https://media.birdweather.com/species/1/HouseSparrow-standard-b861184cf45c092cdb45fd689dd676ef.jpg","https://media.birdweather.com/species/1/HouseSparrow-thumbnail-e9cbc91763a1579de8ef04880678b5e3.jpg","https://media.birdweather.com/species/1/HouseSparrow-png200-125e8603e1efe9d7a18316b94f06a65e.png","XAgCDwD8qpukuHiqtLZ9mImnmPFcDO4E",13648616934,"https://media.birdweather.com/soundscapes/6891/6891-20260628-081508.flac",0,3,"birdnetpi"
9190306818,6891,"2026-06-28T10:14:30.000+02:00",0.93,0.651233911514282,9.21355054159461,"almost_certain","2p4",NA,51.5677,6.0045,FALSE,119,"Common House-Martin","Delichon urbicum","#53b1ff","avian","https://media.birdweather.com/species/119/CommonHouse-Martin-standard-9ffbcc688c51210fb136a162c84d82ad.jpg","https://media.birdweather.com/species/119/CommonHouse-Martin-thumbnail-dd7059ca6235347c3097e7a66f04df95.jpg","https://media.birdweather.com/species/119/CommonHouse-Martin-png200-a73a8953ce2af50676da81e70b2746b2.png","YhgKDwKJd4iIiHd/h5h5d4mIeQqVllAH",13648601567,"https://media.birdweather.com/soundscapes/6891/6891-20260628-081430.flac",0,3,"birdnetpi"
9190270821,6891,"2026-06-28T10:11:51.000+02:00",0.72,0.841241300106049,9.00410888267396,"almost_certain","2p4",NA,51.5663,6.005,FALSE,1,"House Sparrow","Passer domesticus","#d16ff8","avian","https://media.birdweather.com/species/1/HouseSparrow-standard-b861184cf45c092cdb45fd689dd676ef.jpg","https://media.birdweather.com/species/1/HouseSparrow-thumbnail-e9cbc91763a1579de8ef04880678b5e3.jpg","https://media.birdweather.com/species/1/HouseSparrow-png200-125e8603e1efe9d7a18316b94f06a65e.png","XAgCDwD8qpukuHiqtLZ9mImnmPFcDO4E",13648527670,"https://media.birdweather.com/soundscapes/6891/6891-20260628-081151.flac",0,3,"birdnetpi"
9190261569,6891,"2026-06-28T10:11:17.000+02:00",0.85,0.841241300106049,9.37354796939423,"almost_certain","2p4",NA,51.5677,6.0032,FALSE,1,"House Sparrow","Passer domesticus","#d16ff8","avian","https://media.birdweather.com/species/1/HouseSparrow-standard-b861184cf45c092cdb45fd689dd676ef.jpg","https://media.birdweather.com/species/1/HouseSparrow-thumbnail-e9cbc91763a1579de8ef04880678b5e3.jpg","https://media.birdweather.com/species/1/HouseSparrow-png200-125e8603e1efe9d7a18316b94f06a65e.png","XAgCDwD8qpukuHiqtLZ9mImnmPFcDO4E",13648509277,"https://media.birdweather.com/soundscapes/6891/6891-20260628-081117.flac",0,3,"birdnetpi"
9190253830,6891,"2026-06-28T10:10:38.000+02:00",0.8,0.841241300106049,9.24297302306231,"almost_certain","2p4",NA,51.5701,6.0029,FALSE,1,"House Sparrow","Passer domesticus","#d16ff8","avian","https://media.birdweather.com/species/1/HouseSparrow-standard-b861184cf45c092cdb45fd689dd676ef.jpg","https://media.birdweather.com/species/1/HouseSparrow-thumbnail-e9cbc91763a1579de8ef04880678b5e3.jpg","https://media.birdweather.com/species/1/HouseSparrow-png200-125e8603e1efe9d7a18316b94f06a65e.png","XAgCDwD8qpukuHiqtLZ9mImnmPFcDO4E",13648493763,"https://media.birdweather.com/soundscapes/6891/6891-20260628-081038.flac",0,3,"birdnetpi"
9190245527,6891,"2026-06-28T10:10:03.000+02:00",0.76,0.841241300106049,9.12874021881581,"almost_certain","2p4",NA,51.5643,6.005,FALSE,1,"House Sparrow","Passer domesticus","#d16ff8","avian","https://media.birdweather.com/species/1/HouseSparrow-standard-b861184cf45c092cdb45fd689dd676ef.jpg","https://media.birdweather.com/species/1/HouseSparrow-thumbnail-e9cbc91763a1579de8ef04880678b5e3.jpg","https://media.birdweather.com/species/1/HouseSparrow-png200-125e8603e1efe9d7a18316b94f06a65e.png","XAgCDwD8qpukuHiqtLZ9mImnmPFcDO4E",13648477190,"https://media.birdweather.com/soundscapes/6891/6891-20260628-081003.flac",0,3,"birdnetpi"
9190239329,6891,"2026-06-28T10:09:48.000+02:00",0.75,0.841241300106049,9.09862911661109,"almost_certain","2p4",NA,51.5689,6.008,FALSE,1,"House Sparrow","Passer domesticus","#d16ff8","avian","https://media.birdweather.com/species/1/HouseSparrow-standard-b861184cf45c092cdb45fd689dd676ef.jpg","https://media.birdweather.com/species/1/HouseSparrow-thumbnail-e9cbc91763a1579de8ef04880678b5e3.jpg","https://media.birdweather.com/species/1/HouseSparrow-png200-125e8603e1efe9d7a18316b94f06a65e.png","XAgCDwD8qpukuHiqtLZ9mImnmPFcDO4E",13648464547,"https://media.birdweather.com/soundscapes/6891/6891-20260628-080948.flac",0,3,"birdnetpi"
9190223330,6891,"2026-06-28T10:08:29.000+02:00",0.71,0.841241300106049,8.97109523701065,"almost_certain","2p4",NA,51.5642,6.0017,FALSE,1,"House Sparrow","Passer domesticus","#d16ff8","avian","https://media.birdweather.com/species/1/HouseSparrow-standard-b861184cf45c092cdb45fd689dd676ef.jpg","https://media.birdweather.com/species/1/HouseSparrow-thumbnail-e9cbc91763a1579de8ef04880678b5e3.jpg","https://media.birdweather.com/species/1/HouseSparrow-png200-125e8603e1efe9d7a18316b94f06a65e.png","XAgCDwD8qpukuHiqtLZ9mImnmPFcDO4E",13648432004,"https://media.birdweather.com/soundscapes/6891/6891-20260628-080829.flac",0,3,"birdnetpi"
9190216870,6891,"2026-06-28T10:08:00.000+02:00",0.71,0.841241300106049,8.97109523701065,"almost_certain","2p4",NA,51.5681,6.0068,FALSE,1,"House Sparrow","Passer domesticus","#d16ff8","avian","https://media.birdweather.com/species/1/HouseSparrow-standard-b861184cf45c092cdb45fd689dd676ef.jpg","https://media.birdweather.com/species/1/HouseSparrow-thumbnail-e9cbc91763a1579de8ef04880678b5e3.jpg","https://media.birdweather.com/species/1/HouseSparrow-png200-125e8603e1efe9d7a18316b94f06a65e.png","XAgCDwD8qpukuHiqtLZ9mImnmPFcDO4E",13648419344,"https://media.birdweather.com/soundscapes/6891/6891-20260628-080800.flac",0,3,"birdnetpi"
9190191749,6891,"2026-06-28T10:06:11.000+02:00",0.81,0.651233911514282,8.92405708327054,"almost_certain","2p4",NA,51.5643,6.0082,FALSE,119,"Common House-Martin","Delichon urbicum","#53b1ff","avian","https://media.birdweather.com/species/119/CommonHouse-Martin-standard-9ffbcc688c51210fb136a162c84d82ad.jpg","https://media.birdweather.com/species/119/CommonHouse-Martin-thumbnail-dd7059ca6235347c3097e7a66f04df95.jpg","https://media.birdweather.com/species/119/CommonHouse-Martin-png200-a73a8953ce2af50676da81e70b2746b2.png","YhgKDwKJd4iIiHd/h5h5d4mIeQqVllAH",13648367761,"https://media.birdweather.com/soundscapes/6891/6891-20260628-080611.flac",0,3,"birdnetpi"
9190186686,6891,"2026-06-28T10:05:48.000+02:00",0.7,0.841241300106049,8.93726635776184,"almost_certain","2p4",NA,51.5665,6.0025,FALSE,1,"House Sparrow","Passer domesticus","#d16ff8","avian","https://media.birdweather.com/species/1/HouseSparrow-standard-b861184cf45c092cdb45fd689dd676ef.jpg","https://media.birdweather.com/species/1/HouseSparrow-thumbnail-e9cbc91763a1579de8ef04880678b5e3.jpg","https://media.birdweather.com/species/1/HouseSparrow-png200-125e8603e1efe9d7a18316b94f06a65e.png","XAgCDwD8qpukuHiqtLZ9mImnmPFcDO4E",13648357134,"https://media.birdweather.com/soundscapes/6891/6891-20260628-080548.flac",0,3,"birdnetpi"
9190160713,6891,"2026-06-28T10:03:54.000+02:00",0.7,0.841241300106049,8.93726635776184,"almost_certain","2p4",NA,51.562,6.0016,FALSE,1,"House Sparrow","Passer domesticus","#d16ff8","avian","https://media.birdweather.com/species/1/HouseSparrow-standard-b861184cf45c092cdb45fd689dd676ef.jpg","https://media.birdweather.com/species/1/HouseSparrow-thumbnail-e9cbc91763a1579de8ef04880678b5e3.jpg","https://media.birdweather.com/species/1/HouseSparrow-png200-125e8603e1efe9d7a18316b94f06a65e.png","XAgCDwD8qpukuHiqtLZ9mImnmPFcDO4E",13648303310,"https://media.birdweather.com/soundscapes/6891/6891-20260628-080354.flac",0,3,"birdnetpi"
9190129877,6891,"2026-06-28T10:01:47.000+02:00",0.71,0.841241300106049,8.97109523701065,"almost_certain","2p4",NA,51.5689,6.0029,FALSE,1,"House Sparrow","Passer domesticus","#d16ff8","avian","https://media.birdweather.com/species/1/HouseSparrow-standard-b861184cf45c092cdb45fd689dd676ef.jpg","https://media.birdweather.com/species/1/HouseSparrow-thumbnail-e9cbc91763a1579de8ef04880678b5e3.jpg","https://media.birdweather.com/species/1/HouseSparrow-png200-125e8603e1efe9d7a18316b94f06a65e.png","XAgCDwD8qpukuHiqtLZ9mImnmPFcDO4E",13648240444,"https://media.birdweather.com/soundscapes/6891/6891-20260628-080147.flac",0,3,"birdnetpi"
9190122076,6891,"2026-06-28T10:01:08.000+02:00",0.84,0.841241300106049,9.34840964941881,"almost_certain","2p4",NA,51.5685,6.0038,FALSE,1,"House Sparrow","Passer domesticus","#d16ff8","avian","https://media.birdweather.com/species/1/HouseSparrow-standard-b861184cf45c092cdb45fd689dd676ef.jpg","https://media.birdweather.com/species/1/HouseSparrow-thumbnail-e9cbc91763a1579de8ef04880678b5e3.jpg","https://media.birdweather.com/species/1/HouseSparrow-png200-125e8603e1efe9d7a18316b94f06a65e.png","XAgCDwD8qpukuHiqtLZ9mImnmPFcDO4E",13648224003,"https://media.birdweather.com/soundscapes/6891/6891-20260628-080108.flac",0,3,"birdnetpi"
9190114268,6891,"2026-06-28T10:00:36.000+02:00",0.73,0.841241300106049,9.03634566412593,"almost_certain","2p4",NA,51.563,6.0065,FALSE,1,"House Sparrow","Passer domesticus","#d16ff8","avian","https://media.birdweather.com/species/1/HouseSparrow-standard-b861184cf45c092cdb45fd689dd676ef.jpg","https://media.birdweather.com/species/1/HouseSparrow-thumbnail-e9cbc91763a1579de8ef04880678b5e3.jpg","https://media.birdweather.com/species/1/HouseSparrow-png200-125e8603e1efe9d7a18316b94f06a65e.png","XAgCDwD8qpukuHiqtLZ9mImnmPFcDO4E",13648207902,"https://media.birdweather.com/soundscapes/6891/6891-20260628-080036.flac",0,3,"birdnetpi"
9190106881,6891,"2026-06-28T10:00:00.000+02:00",0.8,0.841241300106049,9.24297302306231,"almost_certain","2p4",NA,51.5688,6.0036,FALSE,1,"House Sparrow","Passer domesticus","#d16ff8","avian","https://media.birdweather.com/species/1/HouseSparrow-standard-b861184cf45c092cdb45fd689dd676ef.jpg","https://media.birdweather.com/species/1/HouseSparrow-thumbnail-e9cbc91763a1579de8ef04880678b5e3.jpg","https://media.birdweather.com/species/1/HouseSparrow-png200-125e8603e1efe9d7a18316b94f06a65e.png","XAgCDwD8qpukuHiqtLZ9mImnmPFcDO4E",13648192360,"https://media.birdweather.com/soundscapes/6891/6891-20260628-080000.flac",0,3,"birdnetpi"
9190098159,6891,"2026-06-28T09:59:33.000+02:00",0.71,0.841241300106049,8.97109523701065,"almost_certain","2p4",NA,51.5665,6.0079,FALSE,1,"House Sparrow","Passer domesticus","#d16ff8","avian","https://media.birdweather.com/species/1/HouseSparrow-standard-b861184cf45c092cdb45fd689dd676ef.jpg","https://media.birdweather.com/species/1/HouseSparrow-thumbnail-e9cbc91763a1579de8ef04880678b5e3.jpg","https://media.birdweather.com/species/1/HouseSparrow-png200-125e8603e1efe9d7a18316b94f06a65e.png","XAgCDwD8qpukuHiqtLZ9mImnmPFcDO4E",13648174592,"https://media.birdweather.com/soundscapes/6891/6891-20260628-075933.flac",0,3,"birdnetpi"
9190093857,6891,"2026-06-28T09:59:02.000+02:00",0.71,0.841241300106049,8.97109523701065,"almost_certain","2p4",NA,51.5686,6.002,FALSE,1,"House Sparrow","Passer domesticus","#d16ff8","avian","https://media.birdweather.com/species/1/HouseSparrow-standard-b861184cf45c092cdb45fd689dd676ef.jpg","https://media.birdweather.com/species/1/HouseSparrow-thumbnail-e9cbc91763a1579de8ef04880678b5e3.jpg","https://media.birdweather.com/species/1/HouseSparrow-png200-125e8603e1efe9d7a18316b94f06a65e.png","XAgCDwD8qpukuHiqtLZ9mImnmPFcDO4E",13648165662,"https://media.birdweather.com/soundscapes/6891/6891-20260628-075902.flac",0,3,"birdnetpi"
9190058068,6891,"2026-06-28T09:56:30.000+02:00",0.85,0.841241300106049,9.37354796939423,"almost_certain","2p4",NA,51.5649,6.0025,FALSE,1,"House Sparrow","Passer domesticus","#d16ff8","avian","https://media.birdweather.com/species/1/HouseSparrow-standard-b861184cf45c092cdb45fd689dd676ef.jpg","https://media.birdweather.com/species/1/HouseSparrow-thumbnail-e9cbc91763a1579de8ef04880678b5e3.jpg","https://media.birdweather.com/species/1/HouseSparrow-png200-125e8603e1efe9d7a18316b94f06a65e.png","XAgCDwD8qpukuHiqtLZ9mImnmPFcDO4E",13648091221,"https://media.birdweather.com/soundscapes/6891/6891-20260628-075630.flac",0,3,"birdnetpi"
9190036476,6891,"2026-06-28T09:55:02.000+02:00",0.85,0.651233911514282,9.0275024302067,"almost_certain","2p4",NA,51.5689,6.0091,FALSE,119,"Common House-Martin","Delichon urbicum","#53b1ff","avian","https://media.birdweather.com/species/119/CommonHouse-Martin-standard-9ffbcc688c51210fb136a162c84d82ad.jpg","https://media.birdweather.com/species/119/CommonHouse-Martin-thumbnail-dd7059ca6235347c3097e7a66f04df95.jpg","https://media.birdweather.com/species/119/CommonHouse-Martin-png200-a73a8953ce2af50676da81e70b2746b2.png","YhgKDwKJd4iIiHd/h5h5d4mIeQqVllAH",13648046645,"https://media.birdweather.com/soundscapes/6891/6891-20260628-075502.flac",0,3,"birdnetpi"
9189997962,6891,"2026-06-28T09:52:11.000+02:00",0.79,0.841241300106049,9.21529531403731,"almost_certain","2p4",NA,51.5633,6.0023,FALSE,1,"House Sparrow","Passer domesticus","#d16ff8","avian","https://media.birdweather.com/species/1/HouseSparrow-standard-b861184cf45c092cdb45fd689dd676ef.jpg","https://media.birdweather.com/species/1/HouseSparrow-thumbnail-e9cbc91763a1579de8ef04880678b5e3.jpg","https://media.birdweather.com/species/1/HouseSparrow-png200-125e8603e1efe9d7a18316b94f06a65e.png","XAgCDwD8qpukuHiqtLZ9mImnmPFcDO4E",13647967335,"https://media.birdweather.com/soundscapes/6891/6891-20260628-075211.flac",0,3,"birdnetpi"
9189991021,6891,"2026-06-28T09:51:32.000+02:00",0.84,0.841241300106049,9.34840964941881,"almost_certain","2p4",NA,51.5704,6.0093,FALSE,1,"House Sparrow","Passer domesticus","#d16ff8","avian","https://media.birdweather.com/species/1/HouseSparrow-standard-b861184cf45c092cdb45fd689dd676ef.jpg","https://media.birdweather.com/species/1/HouseSparrow-thumbnail-e9cbc91763a1579de8ef04880678b5e3.jpg","https://media.birdweather.com/species/1/HouseSparrow-png200-125e8603e1efe9d7a18316b94f06a65e.png","XAgCDwD8qpukuHiqtLZ9mImnmPFcDO4E",13647953156,"https://media.birdweather.com/soundscapes/6891/6891-20260628-075132.flac",0,3,"birdnetpi"
9189984887,6891,"2026-06-28T09:51:12.000+02:00",0.78,0.841241300106049,9.18704689056956,"almost_certain","2p4",NA,51.567,6.0005,FALSE,1,"House Sparrow","Passer domesticus","#d16ff8","avian","https://media.birdweather.com/species/1/HouseSparrow-standard-b861184cf45c092cdb45fd689dd676ef.jpg","https://media.birdweather.com/species/1/HouseSparrow-thumbnail-e9cbc91763a1579de8ef04880678b5e3.jpg","https://media.birdweather.com/species/1/HouseSparrow-png200-125e8603e1efe9d7a18316b94f06a65e.png","XAgCDwD8qpukuHiqtLZ9mImnmPFcDO4E",13647940509,"https://media.birdweather.com/soundscapes/6891/6891-20260628-075112.flac",0,3,"birdnetpi"
9189961332,6891,"2026-06-28T09:49:21.000+02:00",0.76,0.841241300106049,9.12874021881581,"almost_certain","2p4",NA,51.569,6.0041,FALSE,1,"House Sparrow","Passer domesticus","#d16ff8","avian","https://media.birdweather.com/species/1/HouseSparrow-standard-b861184cf45c092cdb45fd689dd676ef.jpg","https://media.birdweather.com/species/1/HouseSparrow-thumbnail-e9cbc91763a1579de8ef04880678b5e3.jpg","https://media.birdweather.com/species/1/HouseSparrow-png200-125e8603e1efe9d7a18316b94f06a65e.png","XAgCDwD8qpukuHiqtLZ9mImnmPFcDO4E",13647891413,"https://media.birdweather.com/soundscapes/6891/6891-20260628-074921.flac",0,3,"birdnetpi"
9189949867,6891,"2026-06-28T09:48:42.000+02:00",0.86,0.841241300106049,9.3982333219329,"almost_certain","2p4",NA,51.5682,6.0074,FALSE,1,"House Sparrow","Passer domesticus","#d16ff8","avian","https://media.birdweather.com/species/1/HouseSparrow-standard-b861184cf45c092cdb45fd689dd676ef.jpg","https://media.birdweather.com/species/1/HouseSparrow-thumbnail-e9cbc91763a1579de8ef04880678b5e3.jpg","https://media.birdweather.com/species/1/HouseSparrow-png200-125e8603e1efe9d7a18316b94f06a65e.png","XAgCDwD8qpukuHiqtLZ9mImnmPFcDO4E",13647867620,"https://media.birdweather.com/soundscapes/6891/6891-20260628-074842.flac",0,3,"birdnetpi"
9189944383,6891,"2026-06-28T09:48:18.000+02:00",0.73,0.841241300106049,9.03634566412593,"almost_certain","2p4",NA,51.5638,6.0093,FALSE,1,"House Sparrow","Passer domesticus","#d16ff8","avian","https://media.birdweather.com/species/1/HouseSparrow-standard-b861184cf45c092cdb45fd689dd676ef.jpg","https://media.birdweather.com/species/1/HouseSparrow-thumbnail-e9cbc91763a1579de8ef04880678b5e3.jpg","https://media.birdweather.com/species/1/HouseSparrow-png200-125e8603e1efe9d7a18316b94f06a65e.png","XAgCDwD8qpukuHiqtLZ9mImnmPFcDO4E",13647856262,"https://media.birdweather.com/soundscapes/6891/6891-20260628-074818.flac",0,3,"birdnetpi"
9189940995,6891,"2026-06-28T09:47:51.000+02:00",0.8,0.841241300106049,9.24297302306231,"almost_certain","2p4",NA,51.5697,6.0061,FALSE,1,"House Sparrow","Passer domesticus","#d16ff8","avian","https://media.birdweather.com/species/1/HouseSparrow-standard-b861184cf45c092cdb45fd689dd676ef.jpg","https://media.birdweather.com/species/1/HouseSparrow-thumbnail-e9cbc91763a1579de8ef04880678b5e3.jpg","https://media.birdweather.com/species/1/HouseSparrow-png200-125e8603e1efe9d7a18316b94f06a65e.png","XAgCDwD8qpukuHiqtLZ9mImnmPFcDO4E",13647849200,"https://media.birdweather.com/soundscapes/6891/6891-20260628-074751.flac",0,3,"birdnetpi"
9189936966,6891,"2026-06-28T09:47:42.000+02:00",0.76,0.841241300106049,9.12874021881581,"almost_certain","2p4",NA,51.5703,6.0071,FALSE,1,"House Sparrow","Passer domesticus","#d16ff8","avian","https://media.birdweather.com/species/1/HouseSparrow-standard-b861184cf45c092cdb45fd689dd676ef.jpg","https://media.birdweather.com/species/1/HouseSparrow-thumbnail-e9cbc91763a1579de8ef04880678b5e3.jpg","https://media.birdweather.com/species/1/HouseSparrow-png200-125e8603e1efe9d7a18316b94f06a65e.png","XAgCDwD8qpukuHiqtLZ9mImnmPFcDO4E",13647840728,"https://media.birdweather.com/soundscapes/6891/6891-20260628-074742.flac",0,3,"birdnetpi"
9189933297,6891,"2026-06-28T09:47:21.000+02:00",0.7,0.841241300106049,8.93726635776184,"almost_certain","2p4",NA,51.5642,6.0074,FALSE,1,"House Sparrow","Passer domesticus","#d16ff8","avian","https://media.birdweather.com/species/1/HouseSparrow-standard-b861184cf45c092cdb45fd689dd676ef.jpg","https://media.birdweather.com/species/1/HouseSparrow-thumbnail-e9cbc91763a1579de8ef04880678b5e3.jpg","https://media.birdweather.com/species/1/HouseSparrow-png200-125e8603e1efe9d7a18316b94f06a65e.png","XAgCDwD8qpukuHiqtLZ9mImnmPFcDO4E",13647833298,"https://media.birdweather.com/soundscapes/6891/6891-20260628-074721.flac",0,3,"birdnetpi"
9189922311,6891,"2026-06-28T09:46:30.000+02:00",0.79,0.841241300106049,9.21529531403731,"almost_certain","2p4",NA,51.5671,6.0066,FALSE,1,"House Sparrow","Passer domesticus","#d16ff8","avian","https://media.birdweather.com/species/1/HouseSparrow-standard-b861184cf45c092cdb45fd689dd676ef.jpg","https://media.birdweather.com/species/1/HouseSparrow-thumbnail-e9cbc91763a1579de8ef04880678b5e3.jpg","https://media.birdweather.com/species/1/HouseSparrow-png200-125e8603e1efe9d7a18316b94f06a65e.png","XAgCDwD8qpukuHiqtLZ9mImnmPFcDO4E",13647810538,"https://media.birdweather.com/soundscapes/6891/6891-20260628-074630.flac",0,3,"birdnetpi"
9189916385,6891,"2026-06-28T09:46:03.000+02:00",0.9,0.841241300106049,9.49275355587003,"almost_certain","2p4",NA,51.5696,6.0014,FALSE,1,"House Sparrow","Passer domesticus","#d16ff8","avian","https://media.birdweather.com/species/1/HouseSparrow-standard-b861184cf45c092cdb45fd689dd676ef.jpg","https://media.birdweather.com/species/1/HouseSparrow-thumbnail-e9cbc91763a1579de8ef04880678b5e3.jpg","https://media.birdweather.com/species/1/HouseSparrow-png200-125e8603e1efe9d7a18316b94f06a65e.png","XAgCDwD8qpukuHiqtLZ9mImnmPFcDO4E",13647798324,"https://media.birdweather.com/soundscapes/6891/6891-20260628-074603.flac",0,3,"birdnetpi"
9189910093,6891,"2026-06-28T09:45:38.000+02:00",0.74,0.841241300106049,9.06784130409377,"almost_certain","2p4",NA,51.5625,6.0063,FALSE,1,"House Sparrow","Passer domesticus","#d16ff8","avian","https://media.birdweather.com/species/1/HouseSparrow-standard-b861184cf45c092cdb45fd689dd676ef.jpg","https://media.birdweather.com/species/1/HouseSparrow-thumbnail-e9cbc91763a1579de8ef04880678b5e3.jpg","https://media.birdweather.com/species/1/HouseSparrow-png200-125e8603e1efe9d7a18316b94f06a65e.png","XAgCDwD8qpukuHiqtLZ9mImnmPFcDO4E",13647785245,"https://media.birdweather.com/soundscapes/6891/6891-20260628-074538.flac",0,3,"birdnetpi"
9189882633,6891,"2026-06-28T09:43:38.000+02:00",0.78,0.841241300106049,9.18704689056956,"almost_certain","2p4",NA,51.564,6.0013,FALSE,1,"House Sparrow","Passer domesticus","#d16ff8","avian","https://media.birdweather.com/species/1/HouseSparrow-standard-b861184cf45c092cdb45fd689dd676ef.jpg","https://media.birdweather.com/species/1/HouseSparrow-thumbnail-e9cbc91763a1579de8ef04880678b5e3.jpg","https://media.birdweather.com/species/1/HouseSparrow-png200-125e8603e1efe9d7a18316b94f06a65e.png","XAgCDwD8qpukuHiqtLZ9mImnmPFcDO4E",13647728663,"https://media.birdweather.com/soundscapes/6891/6891-20260628-074338.flac",0,3,"birdnetpi"
9189875175,6891,"2026-06-28T09:43:15.000+02:00",0.78,0.841241300106049,9.18704689056956,"almost_certain","2p4",NA,51.5625,6.0021,FALSE,1,"House Sparrow","Passer domesticus","#d16ff8","avian","https://media.birdweather.com/species/1/HouseSparrow-standard-b861184cf45c092cdb45fd689dd676ef.jpg","https://media.birdweather.com/species/1/HouseSparrow-thumbnail-e9cbc91763a1579de8ef04880678b5e3.jpg","https://media.birdweather.com/species/1/HouseSparrow-png200-125e8603e1efe9d7a18316b94f06a65e.png","XAgCDwD8qpukuHiqtLZ9mImnmPFcDO4E",13647713514,"https://media.birdweather.com/soundscapes/6891/6891-20260628-074315.flac",0,3,"birdnetpi"
9189862323,6891,"2026-06-28T09:42:15.000+02:00",0.73,0.841241300106049,9.03634566412593,"almost_certain","2p4",NA,51.5661,6.0079,FALSE,1,"House Sparrow","Passer domesticus","#d16ff8","avian","https://media.birdweather.com/species/1/HouseSparrow-standard-b861184cf45c092cdb45fd689dd676ef.jpg","https://media.birdweather.com/species/1/HouseSparrow-thumbnail-e9cbc91763a1579de8ef04880678b5e3.jpg","https://media.birdweather.com/species/1/HouseSparrow-png200-125e8603e1efe9d7a18316b94f06a65e.png","XAgCDwD8qpukuHiqtLZ9mImnmPFcDO4E",13647686783,"https://media.birdweather.com/soundscapes/6891/6891-20260628-074215.flac",0,3,"birdnetpi"
9189856649,6891,"2026-06-28T09:41:42.000+02:00",0.78,0.841241300106049,9.18704689056956,"almost_certain","2p4",NA,51.5648,6.0035,FALSE,1,"House Sparrow","Passer domesticus","#d16ff8","avian","https://media.birdweather.com/species/1/HouseSparrow-standard-b861184cf45c092cdb45fd689dd676ef.jpg","https://media.birdweather.com/species/1/HouseSparrow-thumbnail-e9cbc91763a1579de8ef04880678b5e3.jpg","https://media.birdweather.com/species/1/HouseSparrow-png200-125e8603e1efe9d7a18316b94f06a65e.png","XAgCDwD8qpukuHiqtLZ9mImnmPFcDO4E",13647675076,"https://media.birdweather.com/soundscapes/6891/6891-20260628-074142.flac",0,3,"birdnetpi"
9189850448,6891,"2026-06-28T09:41:15.000+02:00",0.82,0.841241300106049,9.29670540008231,"almost_certain","2p4",NA,51.5665,6.0025,FALSE,1,"House Sparrow","Passer domesticus","#d16ff8","avian","https://media.birdweather.com/species/1/HouseSparrow-standard-b861184cf45c092cdb45fd689dd676ef.jpg","https://media.birdweather.com/species/1/HouseSparrow-thumbnail-e9cbc91763a1579de8ef04880678b5e3.jpg","https://media.birdweather.com/species/1/HouseSparrow-png200-125e8603e1efe9d7a18316b94f06a65e.png","XAgCDwD8qpukuHiqtLZ9mImnmPFcDO4E",13647662375,"https://media.birdweather.com/soundscapes/6891/6891-20260628-074115.flac",0,3,"birdnetpi"
9189841448,6891,"2026-06-28T09:40:35.000+02:00",0.79,0.841241300106049,9.21529531403731,"almost_certain","2p4",NA,51.5649,6.0091,FALSE,1,"House Sparrow","Passer domesticus","#d16ff8","avian","https://media.birdweather.com/species/1/HouseSparrow-standard-b861184cf45c092cdb45fd689dd676ef.jpg","https://media.birdweather.com/species/1/HouseSparrow-thumbnail-e9cbc91763a1579de8ef04880678b5e3.jpg","https://media.birdweather.com/species/1/HouseSparrow-png200-125e8603e1efe9d7a18316b94f06a65e.png","XAgCDwD8qpukuHiqtLZ9mImnmPFcDO4E",13647644063,"https://media.birdweather.com/soundscapes/6891/6891-20260628-074035.flac",0,3,"birdnetpi"
9189824789,6891,"2026-06-28T09:39:26.000+02:00",0.81,0.841241300106049,9.27010262245808,"almost_certain","2p4",NA,51.5619,6.0057,FALSE,1,"House Sparrow","Passer domesticus","#d16ff8","avian","https://media.birdweather.com/species/1/HouseSparrow-standard-b861184cf45c092cdb45fd689dd676ef.jpg","https://media.birdweather.com/species/1/HouseSparrow-thumbnail-e9cbc91763a1579de8ef04880678b5e3.jpg","https://media.birdweather.com/species/1/HouseSparrow-png200-125e8603e1efe9d7a18316b94f06a65e.png","XAgCDwD8qpukuHiqtLZ9mImnmPFcDO4E",13647610508,"https://media.birdweather.com/soundscapes/6891/6891-20260628-073926.flac",0,3,"birdnetpi"
9189802412,6891,"2026-06-28T09:37:48.000+02:00",0.77,0.841241300106049,9.15820371996853,"almost_certain","2p4",NA,51.5652,6.007,FALSE,1,"House Sparrow","Passer domesticus","#d16ff8","avian","https://media.birdweather.com/species/1/HouseSparrow-standard-b861184cf45c092cdb45fd689dd676ef.jpg","https://media.birdweather.com/species/1/HouseSparrow-thumbnail-e9cbc91763a1579de8ef04880678b5e3.jpg","https://media.birdweather.com/species/1/HouseSparrow-png200-125e8603e1efe9d7a18316b94f06a65e.png","XAgCDwD8qpukuHiqtLZ9mImnmPFcDO4E",13647565804,"https://media.birdweather.com/soundscapes/6891/6891-20260628-073748.flac",0,3,"birdnetpi"
9189789559,6891,"2026-06-28T09:36:54.000+02:00",0.83,0.841241300106049,9.32280142719216,"almost_certain","2p4",NA,51.5641,6.0065,FALSE,1,"House Sparrow","Passer domesticus","#d16ff8","avian","https://media.birdweather.com/species/1/HouseSparrow-standard-b861184cf45c092cdb45fd689dd676ef.jpg","https://media.birdweather.com/species/1/HouseSparrow-thumbnail-e9cbc91763a1579de8ef04880678b5e3.jpg","https://media.birdweather.com/species/1/HouseSparrow-png200-125e8603e1efe9d7a18316b94f06a65e.png","XAgCDwD8qpukuHiqtLZ9mImnmPFcDO4E",13647540578,"https://media.birdweather.com/soundscapes/6891/6891-20260628-073654.flac",0,3,"birdnetpi"
9189752072,6891,"2026-06-28T09:34:17.000+02:00",0.71,0.841241300106049,8.97109523701065,"almost_certain","2p4",NA,51.5665,6.0046,FALSE,1,"House Sparrow","Passer domesticus","#d16ff8","avian","https://media.birdweather.com/species/1/HouseSparrow-standard-b861184cf45c092cdb45fd689dd676ef.jpg","https://media.birdweather.com/species/1/HouseSparrow-thumbnail-e9cbc91763a1579de8ef04880678b5e3.jpg","https://media.birdweather.com/species/1/HouseSparrow-png200-125e8603e1efe9d7a18316b94f06a65e.png","XAgCDwD8qpukuHiqtLZ9mImnmPFcDO4E",13647465622,"https://media.birdweather.com/soundscapes/6891/6891-20260628-073417.flac",0,3,"birdnetpi"
9189729093,6891,"2026-06-28T09:32:42.000+02:00",0.83,0.841241300106049,9.32280142719216,"almost_certain","2p4",NA,51.5623,6.0034,FALSE,1,"House Sparrow","Passer domesticus","#d16ff8","avian","https://media.birdweather.com/species/1/HouseSparrow-standard-b861184cf45c092cdb45fd689dd676ef.jpg","https://media.birdweather.com/species/1/HouseSparrow-thumbnail-e9cbc91763a1579de8ef04880678b5e3.jpg","https://media.birdweather.com/species/1/HouseSparrow-png200-125e8603e1efe9d7a18316b94f06a65e.png","XAgCDwD8qpukuHiqtLZ9mImnmPFcDO4E",13647419224,"https://media.birdweather.com/soundscapes/6891/6891-20260628-073242.flac",0,3,"birdnetpi"
9189714780,6891,"2026-06-28T09:31:39.000+02:00",0.75,0.841241300106049,9.09862911661109,"almost_certain","2p4",NA,51.5694,6.0087,FALSE,1,"House Sparrow","Passer domesticus","#d16ff8","avian","https://media.birdweather.com/species/1/HouseSparrow-standard-b861184cf45c092cdb45fd689dd676ef.jpg","https://media.birdweather.com/species/1/HouseSparrow-thumbnail-e9cbc91763a1579de8ef04880678b5e3.jpg","https://media.birdweather.com/species/1/HouseSparrow-png200-125e8603e1efe9d7a18316b94f06a65e.png","XAgCDwD8qpukuHiqtLZ9mImnmPFcDO4E",13647390145,"https://media.birdweather.com/soundscapes/6891/6891-20260628-073139.flac",0,3,"birdnetpi"
9189704305,6891,"2026-06-28T09:30:47.000+02:00",0.83,0.651233911514282,8.97675588800462,"almost_certain","2p4",NA,51.5638,6.0068,FALSE,119,"Common House-Martin","Delichon urbicum","#53b1ff","avian","https://media.birdweather.com/species/119/CommonHouse-Martin-standard-9ffbcc688c51210fb136a162c84d82ad.jpg","https://media.birdweather.com/species/119/CommonHouse-Martin-thumbnail-dd7059ca6235347c3097e7a66f04df95.jpg","https://media.birdweather.com/species/119/CommonHouse-Martin-png200-a73a8953ce2af50676da81e70b2746b2.png","YhgKDwKJd4iIiHd/h5h5d4mIeQqVllAH",13647369495,"https://media.birdweather.com/soundscapes/6891/6891-20260628-073047.flac",0,3,"birdnetpi"
9189697901,6891,"2026-06-28T09:30:09.000+02:00",0.72,0.841241300106049,9.00410888267396,"almost_certain","2p4",NA,51.5635,6.0046,FALSE,1,"House Sparrow","Passer domesticus","#d16ff8","avian","https://media.birdweather.com/species/1/HouseSparrow-standard-b861184cf45c092cdb45fd689dd676ef.jpg","https://media.birdweather.com/species/1/HouseSparrow-thumbnail-e9cbc91763a1579de8ef04880678b5e3.jpg","https://media.birdweather.com/species/1/HouseSparrow-png200-125e8603e1efe9d7a18316b94f06a65e.png","XAgCDwD8qpukuHiqtLZ9mImnmPFcDO4E",13647357854,"https://media.birdweather.com/soundscapes/6891/6891-20260628-073009.flac",0,3,"birdnetpi"
9189696861,6891,"2026-06-28T09:29:45.000+02:00",0.76,0.841241300106049,9.12874021881581,"almost_certain","2p4",NA,51.5665,6.0063,FALSE,1,"House Sparrow","Passer domesticus","#d16ff8","avian","https://media.birdweather.com/species/1/HouseSparrow-standard-b861184cf45c092cdb45fd689dd676ef.jpg","https://media.birdweather.com/species/1/HouseSparrow-thumbnail-e9cbc91763a1579de8ef04880678b5e3.jpg","https://media.birdweather.com/species/1/HouseSparrow-png200-125e8603e1efe9d7a18316b94f06a65e.png","XAgCDwD8qpukuHiqtLZ9mImnmPFcDO4E",13647356567,"https://media.birdweather.com/soundscapes/6891/6891-20260628-072945.flac",0,3,"birdnetpi"
9189696251,6891,"2026-06-28T09:29:36.000+02:00",0.75,0.841241300106049,9.09862911661109,"almost_certain","2p4",NA,51.5623,6.0076,FALSE,1,"House Sparrow","Passer domesticus","#d16ff8","avian","https://media.birdweather.com/species/1/HouseSparrow-standard-b861184cf45c092cdb45fd689dd676ef.jpg","https://media.birdweather.com/species/1/HouseSparrow-thumbnail-e9cbc91763a1579de8ef04880678b5e3.jpg","https://media.birdweather.com/species/1/HouseSparrow-png200-125e8603e1efe9d7a18316b94f06a65e.png","XAgCDwD8qpukuHiqtLZ9mImnmPFcDO4E",13647355059,"https://media.birdweather.com/soundscapes/6891/6891-20260628-072936.flac",0,3,"birdnetpi"
9189694068,6891,"2026-06-28T09:28:54.000+02:00",0.72,0.841241300106049,9.00410888267396,"almost_certain","2p4",NA,51.5625,6.0059,FALSE,1,"House Sparrow","Passer domesticus","#d16ff8","avian","https://media.birdweather.com/species/1/HouseSparrow-standard-b861184cf45c092cdb45fd689dd676ef.jpg","https://media.birdweather.com/species/1/HouseSparrow-thumbnail-e9cbc91763a1579de8ef04880678b5e3.jpg","https://media.birdweather.com/species/1/HouseSparrow-png200-125e8603e1efe9d7a18316b94f06a65e.png","XAgCDwD8qpukuHiqtLZ9mImnmPFcDO4E",13647351999,"https://media.birdweather.com/soundscapes/6891/6891-20260628-072854.flac",0,3,"birdnetpi"
9189691962,6891,"2026-06-28T09:28:14.000+02:00",0.78,0.841241300106049,9.18704689056956,"almost_certain","2p4",NA,51.5623,6.0047,FALSE,1,"House Sparrow","Passer domesticus","#d16ff8","avian","https://media.birdweather.com/species/1/HouseSparrow-standard-b861184cf45c092cdb45fd689dd676ef.jpg","https://media.birdweather.com/species/1/HouseSparrow-thumbnail-e9cbc91763a1579de8ef04880678b5e3.jpg","https://media.birdweather.com/species/1/HouseSparrow-png200-125e8603e1efe9d7a18316b94f06a65e.png","XAgCDwD8qpukuHiqtLZ9mImnmPFcDO4E",13647349395,"https://media.birdweather.com/soundscapes/6891/6891-20260628-072814.flac",0,3,"birdnetpi"
9189690602,6891,"2026-06-28T09:27:49.000+02:00",0.85,0.841241300106049,9.37354796939423,"almost_certain","2p4",NA,51.568,6.009,FALSE,1,"House Sparrow","Passer domesticus","#d16ff8","avian","https://media.birdweather.com/species/1/HouseSparrow-standard-b861184cf45c092cdb45fd689dd676ef.jpg","https://media.birdweather.com/species/1/HouseSparrow-thumbnail-e9cbc91763a1579de8ef04880678b5e3.jpg","https://media.birdweather.com/species/1/HouseSparrow-png200-125e8603e1efe9d7a18316b94f06a65e.png","XAgCDwD8qpukuHiqtLZ9mImnmPFcDO4E",13647347877,"https://media.birdweather.com/soundscapes/6891/6891-20260628-072749.flac",0,3,"birdnetpi"
9189688096,6891,"2026-06-28T09:27:00.000+02:00",0.8,0.841241300106049,9.24297302306231,"almost_certain","2p4",NA,51.5649,6.0037,FALSE,1,"House Sparrow","Passer domesticus","#d16ff8","avian","https://media.birdweather.com/species/1/HouseSparrow-standard-b861184cf45c092cdb45fd689dd676ef.jpg","https://media.birdweather.com/species/1/HouseSparrow-thumbnail-e9cbc91763a1579de8ef04880678b5e3.jpg","https://media.birdweather.com/species/1/HouseSparrow-png200-125e8603e1efe9d7a18316b94f06a65e.png","XAgCDwD8qpukuHiqtLZ9mImnmPFcDO4E",13647344622,"https://media.birdweather.com/soundscapes/6891/6891-20260628-072700.flac",0,3,"birdnetpi"
9189686954,6891,"2026-06-28T09:26:44.000+02:00",0.7,0.841241300106049,8.93726635776184,"almost_certain","2p4",NA,51.5666,6.0052,FALSE,1,"House Sparrow","Passer domesticus","#d16ff8","avian","https://media.birdweather.com/species/1/HouseSparrow-standard-b861184cf45c092cdb45fd689dd676ef.jpg","https://media.birdweather.com/species/1/HouseSparrow-thumbnail-e9cbc91763a1579de8ef04880678b5e3.jpg","https://media.birdweather.com/species/1/HouseSparrow-png200-125e8603e1efe9d7a18316b94f06a65e.png","XAgCDwD8qpukuHiqtLZ9mImnmPFcDO4E",13647342984,"https://media.birdweather.com/soundscapes/6891/6891-20260628-072644.flac",0,3,"birdnetpi"
9189686114,6891,"2026-06-28T09:26:17.000+02:00",0.75,0.841241300106049,9.09862911661109,"almost_certain","2p4",NA,51.5651,6.0067,FALSE,1,"House Sparrow","Passer domesticus","#d16ff8","avian","https://media.birdweather.com/species/1/HouseSparrow-standard-b861184cf45c092cdb45fd689dd676ef.jpg","https://media.birdweather.com/species/1/HouseSparrow-thumbnail-e9cbc91763a1579de8ef04880678b5e3.jpg","https://media.birdweather.com/species/1/HouseSparrow-png200-125e8603e1efe9d7a18316b94f06a65e.png","XAgCDwD8qpukuHiqtLZ9mImnmPFcDO4E",13647341542,"https://media.birdweather.com/soundscapes/6891/6891-20260628-072617.flac",0,3,"birdnetpi"
9189681103,6891,"2026-06-28T09:24:39.000+02:00",0.97,0.302056699991226,8.26912068692326,"almost_certain","2p4",NA,51.5621,6.0059,FALSE,2,"Short-toed Treecreeper","Certhia brachydactyla","#66dd57","avian","https://media.birdweather.com/species/2/Short-toedTreecreeper-standard-7bbb76fb215629d251262575c97eb338.jpg","https://media.birdweather.com/species/2/Short-toedTreecreeper-thumbnail-fab8f3fcc7962cfbf3bdbde5dc2a415d.jpg","https://media.birdweather.com/species/2/Short-toedTreecreeper-png200-9ed36805c2a6923b35a860f2814cdd8c.png","IRkGHwS/1aqJXad3ialWmph5+Yx4z3gI",13647334953,"https://media.birdweather.com/soundscapes/6891/6891-20260628-072439.flac",0,3,"birdnetpi"
9189674885,6891,"2026-06-28T09:22:26.000+02:00",0.85,0.841241300106049,9.37354796939423,"almost_certain","2p4",NA,51.5655,6.0094,FALSE,1,"House Sparrow","Passer domesticus","#d16ff8","avian","https://media.birdweather.com/species/1/HouseSparrow-standard-b861184cf45c092cdb45fd689dd676ef.jpg","https://media.birdweather.com/species/1/HouseSparrow-thumbnail-e9cbc91763a1579de8ef04880678b5e3.jpg","https://media.birdweather.com/species/1/HouseSparrow-png200-125e8603e1efe9d7a18316b94f06a65e.png","XAgCDwD8qpukuHiqtLZ9mImnmPFcDO4E",13647325758,"https://media.birdweather.com/soundscapes/6891/6891-20260628-072226.flac",0,3,"birdnetpi"
9189673380,6891,"2026-06-28T09:22:08.000+02:00",0.81,0.841241300106049,9.27010262245808,"almost_certain","2p4",NA,51.562,6.0085,FALSE,1,"House Sparrow","Passer domesticus","#d16ff8","avian","https://media.birdweather.com/species/1/HouseSparrow-standard-b861184cf45c092cdb45fd689dd676ef.jpg","https://media.birdweather.com/species/1/HouseSparrow-thumbnail-e9cbc91763a1579de8ef04880678b5e3.jpg","https://media.birdweather.com/species/1/HouseSparrow-png200-125e8603e1efe9d7a18316b94f06a65e.png","XAgCDwD8qpukuHiqtLZ9mImnmPFcDO4E",13647323881,"https://media.birdweather.com/soundscapes/6891/6891-20260628-072208.flac",0,3,"birdnetpi"
9189671283,6891,"2026-06-28T09:21:24.000+02:00",0.72,0.614333271980286,8.57939337185525,"almost_certain","2p4",NA,51.5632,6.007,FALSE,294,"European Greenfinch","Chloris chloris","#fea614","avian","https://media.birdweather.com/species/294/EuropeanGreenfinch-standard-34aa36357c06fbf52af390917f29436b.jpg","https://media.birdweather.com/species/294/EuropeanGreenfinch-thumbnail-7466d93ab9340d75d4eec2ca6eeed529.jpg","https://media.birdweather.com/species/294/EuropeanGreenfinch-png200-8b2951bb918db1cbed643a9530efa558.png","FRkGHwJYqWeEd4ifapeoh4ZriPUnaG8B",13647320843,"https://media.birdweather.com/soundscapes/6891/6891-20260628-072124.flac",0,3,"birdnetpi"
9189670058,6891,"2026-06-28T09:21:05.000+02:00",0.99,0.651233911514282,9.33818187773646,"almost_certain","2p4",NA,51.5698,6.0072,FALSE,119,"Common House-Martin","Delichon urbicum","#53b1ff","avian","https://media.birdweather.com/species/119/CommonHouse-Martin-standard-9ffbcc688c51210fb136a162c84d82ad.jpg","https://media.birdweather.com/species/119/CommonHouse-Martin-thumbnail-dd7059ca6235347c3097e7a66f04df95.jpg","https://media.birdweather.com/species/119/CommonHouse-Martin-png200-a73a8953ce2af50676da81e70b2746b2.png","YhgKDwKJd4iIiHd/h5h5d4mIeQqVllAH",13647319299,"https://media.birdweather.com/soundscapes/6891/6891-20260628-072105.flac",0,3,"birdnetpi"
9189665872,6891,"2026-06-28T09:19:32.000+02:00",0.89,0.938615620136261,9.61810982207185,"almost_certain","2p4",NA,51.5642,6.006,FALSE,397,"Barn Swallow","Hirundo rustica","#c85500","avian","https://media.birdweather.com/species/397/BarnSwallow-standard-66c9cb8916403efe633a420fe54e3bc6.jpg","https://media.birdweather.com/species/397/BarnSwallow-thumbnail-418cddeb212e9e1ce5d35f61a3040433.jpg","https://media.birdweather.com/species/397/BarnSwallow-png200-317c812ebfcec488fad1824feff99dbc.png","IAgKHwKLhnmThXdPl1i3p3ll51f4jngP",13647313676,"https://media.birdweather.com/soundscapes/6891/6891-20260628-071932.flac",0,3,"birdnetpi"
9189663669,6891,"2026-06-28T09:18:20.000+02:00",0.86,0.841241300106049,9.3982333219329,"almost_certain","2p4",NA,51.5679,6.001,FALSE,1,"House Sparrow","Passer domesticus","#d16ff8","avian","https://media.birdweather.com/species/1/HouseSparrow-standard-b861184cf45c092cdb45fd689dd676ef.jpg","https://media.birdweather.com/species/1/HouseSparrow-thumbnail-e9cbc91763a1579de8ef04880678b5e3.jpg","https://media.birdweather.com/species/1/HouseSparrow-png200-125e8603e1efe9d7a18316b94f06a65e.png","XAgCDwD8qpukuHiqtLZ9mImnmPFcDO4E",13647310455,"https://media.birdweather.com/soundscapes/6891/6891-20260628-071820.flac",0,3,"birdnetpi"
9189646666,6891,"2026-06-28T09:13:29.000+02:00",0.73,0.841241300106049,9.03634566412593,"almost_certain","2p4",NA,51.5663,6.0055,FALSE,1,"House Sparrow","Passer domesticus","#d16ff8","avian","https://media.birdweather.com/species/1/HouseSparrow-standard-b861184cf45c092cdb45fd689dd676ef.jpg","https://media.birdweather.com/species/1/HouseSparrow-thumbnail-e9cbc91763a1579de8ef04880678b5e3.jpg","https://media.birdweather.com/species/1/HouseSparrow-png200-125e8603e1efe9d7a18316b94f06a65e.png","XAgCDwD8qpukuHiqtLZ9mImnmPFcDO4E",13647285416,"https://media.birdweather.com/soundscapes/6891/6891-20260628-071329.flac",0,3,"birdnetpi"
9189642875,6891,"2026-06-28T09:13:24.000+02:00",0.83,0.841241300106049,9.32280142719216,"almost_certain","2p4",NA,51.5618,6.0086,FALSE,1,"House Sparrow","Passer domesticus","#d16ff8","avian","https://media.birdweather.com/species/1/HouseSparrow-standard-b861184cf45c092cdb45fd689dd676ef.jpg","https://media.birdweather.com/species/1/HouseSparrow-thumbnail-e9cbc91763a1579de8ef04880678b5e3.jpg","https://media.birdweather.com/species/1/HouseSparrow-png200-125e8603e1efe9d7a18316b94f06a65e.png","XAgCDwD8qpukuHiqtLZ9mImnmPFcDO4E",13647278277,"https://media.birdweather.com/soundscapes/6891/6891-20260628-071324.flac",0,3,"birdnetpi"
9189635054,6891,"2026-06-28T09:12:56.000+02:00",0.84,0.841241300106049,9.34840964941881,"almost_certain","2p4",NA,51.5676,6.0077,FALSE,1,"House Sparrow","Passer domesticus","#d16ff8","avian","https://media.birdweather.com/species/1/HouseSparrow-standard-b861184cf45c092cdb45fd689dd676ef.jpg","https://media.birdweather.com/species/1/HouseSparrow-thumbnail-e9cbc91763a1579de8ef04880678b5e3.jpg","https://media.birdweather.com/species/1/HouseSparrow-png200-125e8603e1efe9d7a18316b94f06a65e.png","XAgCDwD8qpukuHiqtLZ9mImnmPFcDO4E",13647263976,"https://media.birdweather.com/soundscapes/6891/6891-20260628-071256.flac",0,3,"birdnetpi"
9189626834,6891,"2026-06-28T09:12:19.000+02:00",0.72,0.841241300106049,9.00410888267396,"almost_certain","2p4",NA,51.569,6.0022,FALSE,1,"House Sparrow","Passer domesticus","#d16ff8","avian","https://media.birdweather.com/species/1/HouseSparrow-standard-b861184cf45c092cdb45fd689dd676ef.jpg","https://media.birdweather.com/species/1/HouseSparrow-thumbnail-e9cbc91763a1579de8ef04880678b5e3.jpg","https://media.birdweather.com/species/1/HouseSparrow-png200-125e8603e1efe9d7a18316b94f06a65e.png","XAgCDwD8qpukuHiqtLZ9mImnmPFcDO4E",13647248236,"https://media.birdweather.com/soundscapes/6891/6891-20260628-071219.flac",0,3,"birdnetpi"
9189623135,6891,"2026-06-28T09:12:03.000+02:00",0.76,0.841241300106049,9.12874021881581,"almost_certain","2p4",NA,51.5682,6.0068,FALSE,1,"House Sparrow","Passer domesticus","#d16ff8","avian","https://media.birdweather.com/species/1/HouseSparrow-standard-b861184cf45c092cdb45fd689dd676ef.jpg","https://media.birdweather.com/species/1/HouseSparrow-thumbnail-e9cbc91763a1579de8ef04880678b5e3.jpg","https://media.birdweather.com/species/1/HouseSparrow-png200-125e8603e1efe9d7a18316b94f06a65e.png","XAgCDwD8qpukuHiqtLZ9mImnmPFcDO4E",13647241139,"https://media.birdweather.com/soundscapes/6891/6891-20260628-071203.flac",0,3,"birdnetpi"
9189610037,6891,"2026-06-28T09:11:05.000+02:00",0.76,0.841241300106049,9.12874021881581,"almost_certain","2p4",NA,51.5695,6.0026,FALSE,1,"House Sparrow","Passer domesticus","#d16ff8","avian","https://media.birdweather.com/species/1/HouseSparrow-standard-b861184cf45c092cdb45fd689dd676ef.jpg","https://media.birdweather.com/species/1/HouseSparrow-thumbnail-e9cbc91763a1579de8ef04880678b5e3.jpg","https://media.birdweather.com/species/1/HouseSparrow-png200-125e8603e1efe9d7a18316b94f06a65e.png","XAgCDwD8qpukuHiqtLZ9mImnmPFcDO4E",13647215922,"https://media.birdweather.com/soundscapes/6891/6891-20260628-071105.flac",0,3,"birdnetpi"
9189602901,6891,"2026-06-28T09:10:47.000+02:00",0.79,0.841241300106049,9.21529531403731,"almost_certain","2p4",NA,51.5617,6.0031,FALSE,1,"House Sparrow","Passer domesticus","#d16ff8","avian","https://media.birdweather.com/species/1/HouseSparrow-standard-b861184cf45c092cdb45fd689dd676ef.jpg","https://media.birdweather.com/species/1/HouseSparrow-thumbnail-e9cbc91763a1579de8ef04880678b5e3.jpg","https://media.birdweather.com/species/1/HouseSparrow-png200-125e8603e1efe9d7a18316b94f06a65e.png","XAgCDwD8qpukuHiqtLZ9mImnmPFcDO4E",13647202649,"https://media.birdweather.com/soundscapes/6891/6891-20260628-071047.flac",0,3,"birdnetpi"
9189599100,6891,"2026-06-28T09:10:21.000+02:00",0.77,0.841241300106049,9.15820371996853,"almost_certain","2p4",NA,51.5617,6.0046,FALSE,1,"House Sparrow","Passer domesticus","#d16ff8","avian","https://media.birdweather.com/species/1/HouseSparrow-standard-b861184cf45c092cdb45fd689dd676ef.jpg","https://media.birdweather.com/species/1/HouseSparrow-thumbnail-e9cbc91763a1579de8ef04880678b5e3.jpg","https://media.birdweather.com/species/1/HouseSparrow-png200-125e8603e1efe9d7a18316b94f06a65e.png","XAgCDwD8qpukuHiqtLZ9mImnmPFcDO4E",13647195094,"https://media.birdweather.com/soundscapes/6891/6891-20260628-071021.flac",0,3,"birdnetpi"
9189549843,6891,"2026-06-28T09:07:09.000+02:00",0.75,0.841241300106049,9.09862911661109,"almost_certain","2p4",NA,51.5672,6.0056,FALSE,1,"House Sparrow","Passer domesticus","#d16ff8","avian","https://media.birdweather.com/species/1/HouseSparrow-standard-b861184cf45c092cdb45fd689dd676ef.jpg","https://media.birdweather.com/species/1/HouseSparrow-thumbnail-e9cbc91763a1579de8ef04880678b5e3.jpg","https://media.birdweather.com/species/1/HouseSparrow-png200-125e8603e1efe9d7a18316b94f06a65e.png","XAgCDwD8qpukuHiqtLZ9mImnmPFcDO4E",13647102474,"https://media.birdweather.com/soundscapes/6891/6891-20260628-070709.flac",0,3,"birdnetpi"
9189535086,6891,"2026-06-28T09:06:05.000+02:00",0.93,0.651233911514282,9.21355054159461,"almost_certain","2p4",NA,51.5641,6.0012,FALSE,119,"Common House-Martin","Delichon urbicum","#53b1ff","avian","https://media.birdweather.com/species/119/CommonHouse-Martin-standard-9ffbcc688c51210fb136a162c84d82ad.jpg","https://media.birdweather.com/species/119/CommonHouse-Martin-thumbnail-dd7059ca6235347c3097e7a66f04df95.jpg","https://media.birdweather.com/species/119/CommonHouse-Martin-png200-a73a8953ce2af50676da81e70b2746b2.png","YhgKDwKJd4iIiHd/h5h5d4mIeQqVllAH",13647074006,"https://media.birdweather.com/soundscapes/6891/6891-20260628-070605.flac",0,3,"birdnetpi"
9189529941,6891,"2026-06-28T09:05:44.000+02:00",0.88,0.651233911514282,9.10026289088681,"almost_certain","2p4",NA,51.5624,6.0021,FALSE,119,"Common House-Martin","Delichon urbicum","#53b1ff","avian","https://media.birdweather.com/species/119/CommonHouse-Martin-standard-9ffbcc688c51210fb136a162c84d82ad.jpg","https://media.birdweather.com/species/119/CommonHouse-Martin-thumbnail-dd7059ca6235347c3097e7a66f04df95.jpg","https://media.birdweather.com/species/119/CommonHouse-Martin-png200-a73a8953ce2af50676da81e70b2746b2.png","YhgKDwKJd4iIiHd/h5h5d4mIeQqVllAH",13647064154,"https://media.birdweather.com/soundscapes/6891/6891-20260628-070544.flac",0,3,"birdnetpi"
9189485881,6891,"2026-06-28T09:02:48.000+02:00",0.82,0.841241300106049,9.29670540008231,"almost_certain","2p4",NA,51.5665,6.0055,FALSE,1,"House Sparrow","Passer domesticus","#d16ff8","avian","https://media.birdweather.com/species/1/HouseSparrow-standard-b861184cf45c092cdb45fd689dd676ef.jpg","https://media.birdweather.com/species/1/HouseSparrow-thumbnail-e9cbc91763a1579de8ef04880678b5e3.jpg","https://media.birdweather.com/species/1/HouseSparrow-png200-125e8603e1efe9d7a18316b94f06a65e.png","XAgCDwD8qpukuHiqtLZ9mImnmPFcDO4E",13646980246,"https://media.birdweather.com/soundscapes/6891/6891-20260628-070248.flac",0,3,"birdnetpi"
9189434826,6891,"2026-06-28T08:59:26.000+02:00",0.82,0.651233911514282,8.95065986089477,"almost_certain","2p4",NA,51.5616,6.007,FALSE,119,"Common House-Martin","Delichon urbicum","#53b1ff","avian","https://media.birdweather.com/species/119/CommonHouse-Martin-standard-9ffbcc688c51210fb136a162c84d82ad.jpg","https://media.birdweather.com/species/119/CommonHouse-Martin-thumbnail-dd7059ca6235347c3097e7a66f04df95.jpg","https://media.birdweather.com/species/119/CommonHouse-Martin-png200-a73a8953ce2af50676da81e70b2746b2.png","YhgKDwKJd4iIiHd/h5h5d4mIeQqVllAH",13646883621,"https://media.birdweather.com/soundscapes/6891/6891-20260628-065926.flac",0,3,"birdnetpi"
9189423972,6891,"2026-06-28T08:58:44.000+02:00",0.86,0.651233911514282,9.05218778274537,"almost_certain","2p4",NA,51.5678,6.0063,FALSE,119,"Common House-Martin","Delichon urbicum","#53b1ff","avian","https://media.birdweather.com/species/119/CommonHouse-Martin-standard-9ffbcc688c51210fb136a162c84d82ad.jpg","https://media.birdweather.com/species/119/CommonHouse-Martin-thumbnail-dd7059ca6235347c3097e7a66f04df95.jpg","https://media.birdweather.com/species/119/CommonHouse-Martin-png200-a73a8953ce2af50676da81e70b2746b2.png","YhgKDwKJd4iIiHd/h5h5d4mIeQqVllAH",13646863024,"https://media.birdweather.com/soundscapes/6891/6891-20260628-065844.flac",0,3,"birdnetpi"
9189415258,6891,"2026-06-28T08:58:08.000+02:00",0.93,0.651233911514282,9.21355054159461,"almost_certain","2p4",NA,51.5639,6.0062,FALSE,119,"Common House-Martin","Delichon urbicum","#53b1ff","avian","https://media.birdweather.com/species/119/CommonHouse-Martin-standard-9ffbcc688c51210fb136a162c84d82ad.jpg","https://media.birdweather.com/species/119/CommonHouse-Martin-thumbnail-dd7059ca6235347c3097e7a66f04df95.jpg","https://media.birdweather.com/species/119/CommonHouse-Martin-png200-a73a8953ce2af50676da81e70b2746b2.png","YhgKDwKJd4iIiHd/h5h5d4mIeQqVllAH",13646846855,"https://media.birdweather.com/soundscapes/6891/6891-20260628-065808.flac",0,3,"birdnetpi"
9189410782,6891,"2026-06-28T08:57:50.000+02:00",0.85,0.651233911514282,9.0275024302067,"almost_certain","2p4",NA,51.5697,6.0062,FALSE,119,"Common House-Martin","Delichon urbicum","#53b1ff","avian","https://media.birdweather.com/species/119/CommonHouse-Martin-standard-9ffbcc688c51210fb136a162c84d82ad.jpg","https://media.birdweather.com/species/119/CommonHouse-Martin-thumbnail-dd7059ca6235347c3097e7a66f04df95.jpg","https://media.birdweather.com/species/119/CommonHouse-Martin-png200-a73a8953ce2af50676da81e70b2746b2.png","YhgKDwKJd4iIiHd/h5h5d4mIeQqVllAH",13646838355,"https://media.birdweather.com/soundscapes/6891/6891-20260628-065750.flac",0,3,"birdnetpi"
9189389968,6891,"2026-06-28T08:56:41.000+02:00",0.84,0.841241300106049,9.34840964941881,"almost_certain","2p4",NA,51.5669,6.0059,FALSE,1,"House Sparrow","Passer domesticus","#d16ff8","avian","https://media.birdweather.com/species/1/HouseSparrow-standard-b861184cf45c092cdb45fd689dd676ef.jpg","https://media.birdweather.com/species/1/HouseSparrow-thumbnail-e9cbc91763a1579de8ef04880678b5e3.jpg","https://media.birdweather.com/species/1/HouseSparrow-png200-125e8603e1efe9d7a18316b94f06a65e.png","XAgCDwD8qpukuHiqtLZ9mImnmPFcDO4E",13646799773,"https://media.birdweather.com/soundscapes/6891/6891-20260628-065641.flac",0,3,"birdnetpi"
9189385787,6891,"2026-06-28T08:56:20.000+02:00",0.75,0.841241300106049,9.09862911661109,"almost_certain","2p4",NA,51.5638,6.0069,FALSE,1,"House Sparrow","Passer domesticus","#d16ff8","avian","https://media.birdweather.com/species/1/HouseSparrow-standard-b861184cf45c092cdb45fd689dd676ef.jpg","https://media.birdweather.com/species/1/HouseSparrow-thumbnail-e9cbc91763a1579de8ef04880678b5e3.jpg","https://media.birdweather.com/species/1/HouseSparrow-png200-125e8603e1efe9d7a18316b94f06a65e.png","XAgCDwD8qpukuHiqtLZ9mImnmPFcDO4E",13646792086,"https://media.birdweather.com/soundscapes/6891/6891-20260628-065620.flac",0,3,"birdnetpi"
9189372339,6891,"2026-06-28T08:55:27.000+02:00",0.82,0.841241300106049,9.29670540008231,"almost_certain","2p4",NA,51.5694,6.0088,FALSE,1,"House Sparrow","Passer domesticus","#d16ff8","avian","https://media.birdweather.com/species/1/HouseSparrow-standard-b861184cf45c092cdb45fd689dd676ef.jpg","https://media.birdweather.com/species/1/HouseSparrow-thumbnail-e9cbc91763a1579de8ef04880678b5e3.jpg","https://media.birdweather.com/species/1/HouseSparrow-png200-125e8603e1efe9d7a18316b94f06a65e.png","XAgCDwD8qpukuHiqtLZ9mImnmPFcDO4E",13646766864,"https://media.birdweather.com/soundscapes/6891/6891-20260628-065527.flac",0,3,"birdnetpi"
9189363969,6891,"2026-06-28T08:54:57.000+02:00",0.79,0.841241300106049,9.21529531403731,"almost_certain","2p4",NA,51.5616,6.0088,FALSE,1,"House Sparrow","Passer domesticus","#d16ff8","avian","https://media.birdweather.com/species/1/HouseSparrow-standard-b861184cf45c092cdb45fd689dd676ef.jpg","https://media.birdweather.com/species/1/HouseSparrow-thumbnail-e9cbc91763a1579de8ef04880678b5e3.jpg","https://media.birdweather.com/species/1/HouseSparrow-png200-125e8603e1efe9d7a18316b94f06a65e.png","XAgCDwD8qpukuHiqtLZ9mImnmPFcDO4E",13646751216,"https://media.birdweather.com/soundscapes/6891/6891-20260628-065457.flac",0,3,"birdnetpi"
9189354808,6891,"2026-06-28T08:54:11.000+02:00",0.78,0.651233911514282,8.84100135138202,"almost_certain","2p4",NA,51.5651,6.0025,FALSE,119,"Common House-Martin","Delichon urbicum","#53b1ff","avian","https://media.birdweather.com/species/119/CommonHouse-Martin-standard-9ffbcc688c51210fb136a162c84d82ad.jpg","https://media.birdweather.com/species/119/CommonHouse-Martin-thumbnail-dd7059ca6235347c3097e7a66f04df95.jpg","https://media.birdweather.com/species/119/CommonHouse-Martin-png200-a73a8953ce2af50676da81e70b2746b2.png","YhgKDwKJd4iIiHd/h5h5d4mIeQqVllAH",13646733970,"https://media.birdweather.com/soundscapes/6891/6891-20260628-065411.flac",0,3,"birdnetpi"
9189348831,6891,"2026-06-28T08:53:51.000+02:00",0.73,0.841241300106049,9.03634566412593,"almost_certain","2p4",NA,51.5645,6.0092,FALSE,1,"House Sparrow","Passer domesticus","#d16ff8","avian","https://media.birdweather.com/species/1/HouseSparrow-standard-b861184cf45c092cdb45fd689dd676ef.jpg","https://media.birdweather.com/species/1/HouseSparrow-thumbnail-e9cbc91763a1579de8ef04880678b5e3.jpg","https://media.birdweather.com/species/1/HouseSparrow-png200-125e8603e1efe9d7a18316b94f06a65e.png","XAgCDwD8qpukuHiqtLZ9mImnmPFcDO4E",13646722567,"https://media.birdweather.com/soundscapes/6891/6891-20260628-065351.flac",0,3,"birdnetpi"
9189335168,6891,"2026-06-28T08:53:03.000+02:00",0.87,0.841241300106049,9.42248174255908,"almost_certain","2p4",NA,51.5683,6.003,FALSE,1,"House Sparrow","Passer domesticus","#d16ff8","avian","https://media.birdweather.com/species/1/HouseSparrow-standard-b861184cf45c092cdb45fd689dd676ef.jpg","https://media.birdweather.com/species/1/HouseSparrow-thumbnail-e9cbc91763a1579de8ef04880678b5e3.jpg","https://media.birdweather.com/species/1/HouseSparrow-png200-125e8603e1efe9d7a18316b94f06a65e.png","XAgCDwD8qpukuHiqtLZ9mImnmPFcDO4E",13646696276,"https://media.birdweather.com/soundscapes/6891/6891-20260628-065303.flac",0,3,"birdnetpi"
9189330802,6891,"2026-06-28T08:52:36.000+02:00",0.92,0.841241300106049,9.53767561313752,"almost_certain","2p4",NA,51.5647,6.0008,FALSE,1,"House Sparrow","Passer domesticus","#d16ff8","avian","https://media.birdweather.com/species/1/HouseSparrow-standard-b861184cf45c092cdb45fd689dd676ef.jpg","https://media.birdweather.com/species/1/HouseSparrow-thumbnail-e9cbc91763a1579de8ef04880678b5e3.jpg","https://media.birdweather.com/species/1/HouseSparrow-png200-125e8603e1efe9d7a18316b94f06a65e.png","XAgCDwD8qpukuHiqtLZ9mImnmPFcDO4E",13646688160,"https://media.birdweather.com/soundscapes/6891/6891-20260628-065236.flac",0,3,"birdnetpi"
9189324069,6891,"2026-06-28T08:52:08.000+02:00",0.73,0.841241300106049,9.03634566412593,"almost_certain","2p4",NA,51.5699,6.0037,FALSE,1,"House Sparrow","Passer domesticus","#d16ff8","avian","https://media.birdweather.com/species/1/HouseSparrow-standard-b861184cf45c092cdb45fd689dd676ef.jpg","https://media.birdweather.com/species/1/HouseSparrow-thumbnail-e9cbc91763a1579de8ef04880678b5e3.jpg","https://media.birdweather.com/species/1/HouseSparrow-png200-125e8603e1efe9d7a18316b94f06a65e.png","XAgCDwD8qpukuHiqtLZ9mImnmPFcDO4E",13646675332,"https://media.birdweather.com/soundscapes/6891/6891-20260628-065208.flac",0,3,"birdnetpi"
9189318679,6891,"2026-06-28T08:51:45.000+02:00",0.78,0.841241300106049,9.18704689056956,"almost_certain","2p4",NA,51.5664,6.0005,FALSE,1,"House Sparrow","Passer domesticus","#d16ff8","avian","https://media.birdweather.com/species/1/HouseSparrow-standard-b861184cf45c092cdb45fd689dd676ef.jpg","https://media.birdweather.com/species/1/HouseSparrow-thumbnail-e9cbc91763a1579de8ef04880678b5e3.jpg","https://media.birdweather.com/species/1/HouseSparrow-png200-125e8603e1efe9d7a18316b94f06a65e.png","XAgCDwD8qpukuHiqtLZ9mImnmPFcDO4E",13646664805,"https://media.birdweather.com/soundscapes/6891/6891-20260628-065145.flac",0,3,"birdnetpi"
9189314197,6891,"2026-06-28T08:51:29.000+02:00",0.83,0.841241300106049,9.32280142719216,"almost_certain","2p4",NA,51.5689,6.0027,FALSE,1,"House Sparrow","Passer domesticus","#d16ff8","avian","https://media.birdweather.com/species/1/HouseSparrow-standard-b861184cf45c092cdb45fd689dd676ef.jpg","https://media.birdweather.com/species/1/HouseSparrow-thumbnail-e9cbc91763a1579de8ef04880678b5e3.jpg","https://media.birdweather.com/species/1/HouseSparrow-png200-125e8603e1efe9d7a18316b94f06a65e.png","XAgCDwD8qpukuHiqtLZ9mImnmPFcDO4E",13646656341,"https://media.birdweather.com/soundscapes/6891/6891-20260628-065129.flac",0,3,"birdnetpi"
9189303073,6891,"2026-06-28T08:50:50.000+02:00",0.8,0.841241300106049,9.24297302306231,"almost_certain","2p4",NA,51.5701,6.0086,FALSE,1,"House Sparrow","Passer domesticus","#d16ff8","avian","https://media.birdweather.com/species/1/HouseSparrow-standard-b861184cf45c092cdb45fd689dd676ef.jpg","https://media.birdweather.com/species/1/HouseSparrow-thumbnail-e9cbc91763a1579de8ef04880678b5e3.jpg","https://media.birdweather.com/species/1/HouseSparrow-png200-125e8603e1efe9d7a18316b94f06a65e.png","XAgCDwD8qpukuHiqtLZ9mImnmPFcDO4E",13646635310,"https://media.birdweather.com/soundscapes/6891/6891-20260628-065050.flac",0,3,"birdnetpi"
9189295278,6891,"2026-06-28T08:50:14.000+02:00",0.84,0.841241300106049,9.34840964941881,"almost_certain","2p4",NA,51.5668,6.0057,FALSE,1,"House Sparrow","Passer domesticus","#d16ff8","avian","https://media.birdweather.com/species/1/HouseSparrow-standard-b861184cf45c092cdb45fd689dd676ef.jpg","https://media.birdweather.com/species/1/HouseSparrow-thumbnail-e9cbc91763a1579de8ef04880678b5e3.jpg","https://media.birdweather.com/species/1/HouseSparrow-png200-125e8603e1efe9d7a18316b94f06a65e.png","XAgCDwD8qpukuHiqtLZ9mImnmPFcDO4E",13646621029,"https://media.birdweather.com/soundscapes/6891/6891-20260628-065014.flac",0,3,"birdnetpi"
9189290897,6891,"2026-06-28T08:50:06.000+02:00",0.9,0.841241300106049,9.49275355587003,"almost_certain","2p4",NA,51.5644,6.0067,FALSE,1,"House Sparrow","Passer domesticus","#d16ff8","avian","https://media.birdweather.com/species/1/HouseSparrow-standard-b861184cf45c092cdb45fd689dd676ef.jpg","https://media.birdweather.com/species/1/HouseSparrow-thumbnail-e9cbc91763a1579de8ef04880678b5e3.jpg","https://media.birdweather.com/species/1/HouseSparrow-png200-125e8603e1efe9d7a18316b94f06a65e.png","XAgCDwD8qpukuHiqtLZ9mImnmPFcDO4E",13646612838,"https://media.birdweather.com/soundscapes/6891/6891-20260628-065006.flac",0,3,"birdnetpi"
9189285450,6891,"2026-06-28T08:49:36.000+02:00",0.71,0.841241300106049,8.97109523701065,"almost_certain","2p4",NA,51.5694,6.0081,FALSE,1,"House Sparrow","Passer domesticus","#d16ff8","avian","https://media.birdweather.com/species/1/HouseSparrow-standard-b861184cf45c092cdb45fd689dd676ef.jpg","https://media.birdweather.com/species/1/HouseSparrow-thumbnail-e9cbc91763a1579de8ef04880678b5e3.jpg","https://media.birdweather.com/species/1/HouseSparrow-png200-125e8603e1efe9d7a18316b94f06a65e.png","XAgCDwD8qpukuHiqtLZ9mImnmPFcDO4E",13646602818,"https://media.birdweather.com/soundscapes/6891/6891-20260628-064936.flac",0,3,"birdnetpi"
9189279763,6891,"2026-06-28T08:49:18.000+02:00",0.76,0.841241300106049,9.12874021881581,"almost_certain","2p4",NA,51.5655,6.0046,FALSE,1,"House Sparrow","Passer domesticus","#d16ff8","avian","https://media.birdweather.com/species/1/HouseSparrow-standard-b861184cf45c092cdb45fd689dd676ef.jpg","https://media.birdweather.com/species/1/HouseSparrow-thumbnail-e9cbc91763a1579de8ef04880678b5e3.jpg","https://media.birdweather.com/species/1/HouseSparrow-png200-125e8603e1efe9d7a18316b94f06a65e.png","XAgCDwD8qpukuHiqtLZ9mImnmPFcDO4E",13646591854,"https://media.birdweather.com/soundscapes/6891/6891-20260628-064918.flac",0,3,"birdnetpi"
9189275409,6891,"2026-06-28T08:49:03.000+02:00",0.93,0.841241300106049,9.55959608078215,"almost_certain","2p4",NA,51.5681,6.0074,FALSE,1,"House Sparrow","Passer domesticus","#d16ff8","avian","https://media.birdweather.com/species/1/HouseSparrow-standard-b861184cf45c092cdb45fd689dd676ef.jpg","https://media.birdweather.com/species/1/HouseSparrow-thumbnail-e9cbc91763a1579de8ef04880678b5e3.jpg","https://media.birdweather.com/species/1/HouseSparrow-png200-125e8603e1efe9d7a18316b94f06a65e.png","XAgCDwD8qpukuHiqtLZ9mImnmPFcDO4E",13646583732,"https://media.birdweather.com/soundscapes/6891/6891-20260628-064903.flac",0,3,"birdnetpi"
9189271224,6891,"2026-06-28T08:48:42.000+02:00",0.88,0.841241300106049,9.44630843007434,"almost_certain","2p4",NA,51.5701,6.0085,FALSE,1,"House Sparrow","Passer domesticus","#d16ff8","avian","https://media.birdweather.com/species/1/HouseSparrow-standard-b861184cf45c092cdb45fd689dd676ef.jpg","https://media.birdweather.com/species/1/HouseSparrow-thumbnail-e9cbc91763a1579de8ef04880678b5e3.jpg","https://media.birdweather.com/species/1/HouseSparrow-png200-125e8603e1efe9d7a18316b94f06a65e.png","XAgCDwD8qpukuHiqtLZ9mImnmPFcDO4E",13646576094,"https://media.birdweather.com/soundscapes/6891/6891-20260628-064842.flac",0,3,"birdnetpi"
9189264337,6891,"2026-06-28T08:48:20.000+02:00",0.77,0.841241300106049,9.15820371996853,"almost_certain","2p4",NA,51.5656,6.007,FALSE,1,"House Sparrow","Passer domesticus","#d16ff8","avian","https://media.birdweather.com/species/1/HouseSparrow-standard-b861184cf45c092cdb45fd689dd676ef.jpg","https://media.birdweather.com/species/1/HouseSparrow-thumbnail-e9cbc91763a1579de8ef04880678b5e3.jpg","https://media.birdweather.com/species/1/HouseSparrow-png200-125e8603e1efe9d7a18316b94f06a65e.png","XAgCDwD8qpukuHiqtLZ9mImnmPFcDO4E",13646563123,"https://media.birdweather.com/soundscapes/6891/6891-20260628-064820.flac",0,3,"birdnetpi"
9189259221,6891,"2026-06-28T08:47:54.000+02:00",0.86,0.841241300106049,9.3982333219329,"almost_certain","2p4",NA,51.568,6.0084,FALSE,1,"House Sparrow","Passer domesticus","#d16ff8","avian","https://media.birdweather.com/species/1/HouseSparrow-standard-b861184cf45c092cdb45fd689dd676ef.jpg","https://media.birdweather.com/species/1/HouseSparrow-thumbnail-e9cbc91763a1579de8ef04880678b5e3.jpg","https://media.birdweather.com/species/1/HouseSparrow-png200-125e8603e1efe9d7a18316b94f06a65e.png","XAgCDwD8qpukuHiqtLZ9mImnmPFcDO4E",13646553595,"https://media.birdweather.com/soundscapes/6891/6891-20260628-064754.flac",0,3,"birdnetpi"
9189250805,6891,"2026-06-28T08:47:23.000+02:00",0.82,0.841241300106049,9.29670540008231,"almost_certain","2p4",NA,51.5622,6.0021,FALSE,1,"House Sparrow","Passer domesticus","#d16ff8","avian","https://media.birdweather.com/species/1/HouseSparrow-standard-b861184cf45c092cdb45fd689dd676ef.jpg","https://media.birdweather.com/species/1/HouseSparrow-thumbnail-e9cbc91763a1579de8ef04880678b5e3.jpg","https://media.birdweather.com/species/1/HouseSparrow-png200-125e8603e1efe9d7a18316b94f06a65e.png","XAgCDwD8qpukuHiqtLZ9mImnmPFcDO4E",13646537758,"https://media.birdweather.com/soundscapes/6891/6891-20260628-064723.flac",0,3,"birdnetpi"
9189245870,6891,"2026-06-28T08:47:03.000+02:00",0.91,0.841241300106049,9.51539869954319,"almost_certain","2p4",NA,51.5643,6.0083,FALSE,1,"House Sparrow","Passer domesticus","#d16ff8","avian","https://media.birdweather.com/species/1/HouseSparrow-standard-b861184cf45c092cdb45fd689dd676ef.jpg","https://media.birdweather.com/species/1/HouseSparrow-thumbnail-e9cbc91763a1579de8ef04880678b5e3.jpg","https://media.birdweather.com/species/1/HouseSparrow-png200-125e8603e1efe9d7a18316b94f06a65e.png","XAgCDwD8qpukuHiqtLZ9mImnmPFcDO4E",13646528705,"https://media.birdweather.com/soundscapes/6891/6891-20260628-064703.flac",0,3,"birdnetpi"
9189241634,6891,"2026-06-28T08:46:45.000+02:00",0.94,0.841241300106049,9.5811713298285,"almost_certain","2p4",NA,51.5676,6.0049,FALSE,1,"House Sparrow","Passer domesticus","#d16ff8","avian","https://media.birdweather.com/species/1/HouseSparrow-standard-b861184cf45c092cdb45fd689dd676ef.jpg","https://media.birdweather.com/species/1/HouseSparrow-thumbnail-e9cbc91763a1579de8ef04880678b5e3.jpg","https://media.birdweather.com/species/1/HouseSparrow-png200-125e8603e1efe9d7a18316b94f06a65e.png","XAgCDwD8qpukuHiqtLZ9mImnmPFcDO4E",13646520700,"https://media.birdweather.com/soundscapes/6891/6891-20260628-064645.flac",0,3,"birdnetpi"
9189237534,6891,"2026-06-28T08:46:36.000+02:00",0.95,0.841241300106049,9.60241206538277,"almost_certain","2p4",NA,51.5701,6.0028,FALSE,1,"House Sparrow","Passer domesticus","#d16ff8","avian","https://media.birdweather.com/species/1/HouseSparrow-standard-b861184cf45c092cdb45fd689dd676ef.jpg","https://media.birdweather.com/species/1/HouseSparrow-thumbnail-e9cbc91763a1579de8ef04880678b5e3.jpg","https://media.birdweather.com/species/1/HouseSparrow-png200-125e8603e1efe9d7a18316b94f06a65e.png","XAgCDwD8qpukuHiqtLZ9mImnmPFcDO4E",13646512941,"https://media.birdweather.com/soundscapes/6891/6891-20260628-064636.flac",0,3,"birdnetpi"
9189230134,6891,"2026-06-28T08:46:09.000+02:00",0.96,0.841241300106049,9.62332850220195,"almost_certain","2p4",NA,51.5697,6.007,FALSE,1,"House Sparrow","Passer domesticus","#d16ff8","avian","https://media.birdweather.com/species/1/HouseSparrow-standard-b861184cf45c092cdb45fd689dd676ef.jpg","https://media.birdweather.com/species/1/HouseSparrow-thumbnail-e9cbc91763a1579de8ef04880678b5e3.jpg","https://media.birdweather.com/species/1/HouseSparrow-png200-125e8603e1efe9d7a18316b94f06a65e.png","XAgCDwD8qpukuHiqtLZ9mImnmPFcDO4E",13646499077,"https://media.birdweather.com/soundscapes/6891/6891-20260628-064609.flac",0,3,"birdnetpi"
9189224916,6891,"2026-06-28T08:45:48.000+02:00",0.92,0.841241300106049,9.53767561313752,"almost_certain","2p4",NA,51.563,6.0088,FALSE,1,"House Sparrow","Passer domesticus","#d16ff8","avian","https://media.birdweather.com/species/1/HouseSparrow-standard-b861184cf45c092cdb45fd689dd676ef.jpg","https://media.birdweather.com/species/1/HouseSparrow-thumbnail-e9cbc91763a1579de8ef04880678b5e3.jpg","https://media.birdweather.com/species/1/HouseSparrow-png200-125e8603e1efe9d7a18316b94f06a65e.png","XAgCDwD8qpukuHiqtLZ9mImnmPFcDO4E",13646489085,"https://media.birdweather.com/soundscapes/6891/6891-20260628-064548.flac",0,3,"birdnetpi"
9189220459,6891,"2026-06-28T08:45:24.000+02:00",0.87,0.651233911514282,9.07643620337154,"almost_certain","2p4",NA,51.5669,6.0048,FALSE,119,"Common House-Martin","Delichon urbicum","#53b1ff","avian","https://media.birdweather.com/species/119/CommonHouse-Martin-standard-9ffbcc688c51210fb136a162c84d82ad.jpg","https://media.birdweather.com/species/119/CommonHouse-Martin-thumbnail-dd7059ca6235347c3097e7a66f04df95.jpg","https://media.birdweather.com/species/119/CommonHouse-Martin-png200-a73a8953ce2af50676da81e70b2746b2.png","YhgKDwKJd4iIiHd/h5h5d4mIeQqVllAH",13646480532,"https://media.birdweather.com/soundscapes/6891/6891-20260628-064524.flac",0,3,"birdnetpi"
9189213540,6891,"2026-06-28T08:45:03.000+02:00",0.83,0.651233911514282,8.97675588800462,"almost_certain","2p4",NA,51.564,6.0039,FALSE,119,"Common House-Martin","Delichon urbicum","#53b1ff","avian","https://media.birdweather.com/species/119/CommonHouse-Martin-standard-9ffbcc688c51210fb136a162c84d82ad.jpg","https://media.birdweather.com/species/119/CommonHouse-Martin-thumbnail-dd7059ca6235347c3097e7a66f04df95.jpg","https://media.birdweather.com/species/119/CommonHouse-Martin-png200-a73a8953ce2af50676da81e70b2746b2.png","YhgKDwKJd4iIiHd/h5h5d4mIeQqVllAH",13646467630,"https://media.birdweather.com/soundscapes/6891/6891-20260628-064503.flac",0,3,"birdnetpi"
9189206791,6891,"2026-06-28T08:44:30.000+02:00",0.96,0.651233911514282,9.27728296301441,"almost_certain","2p4",NA,51.563,6.0047,FALSE,119,"Common House-Martin","Delichon urbicum","#53b1ff","avian","https://media.birdweather.com/species/119/CommonHouse-Martin-standard-9ffbcc688c51210fb136a162c84d82ad.jpg","https://media.birdweather.com/species/119/CommonHouse-Martin-thumbnail-dd7059ca6235347c3097e7a66f04df95.jpg","https://media.birdweather.com/species/119/CommonHouse-Martin-png200-a73a8953ce2af50676da81e70b2746b2.png","YhgKDwKJd4iIiHd/h5h5d4mIeQqVllAH",13646454748,"https://media.birdweather.com/soundscapes/6891/6891-20260628-064430.flac",0,3,"birdnetpi"
9189200202,6891,"2026-06-28T08:44:08.000+02:00",0.96,0.651233911514282,9.27728296301441,"almost_certain","2p4",NA,51.5641,6.0005,FALSE,119,"Common House-Martin","Delichon urbicum","#53b1ff","avian","https://media.birdweather.com/species/119/CommonHouse-Martin-standard-9ffbcc688c51210fb136a162c84d82ad.jpg","https://media.birdweather.com/species/119/CommonHouse-Martin-thumbnail-dd7059ca6235347c3097e7a66f04df95.jpg","https://media.birdweather.com/species/119/CommonHouse-Martin-png200-a73a8953ce2af50676da81e70b2746b2.png","YhgKDwKJd4iIiHd/h5h5d4mIeQqVllAH",13646441845,"https://media.birdweather.com/soundscapes/6891/6891-20260628-064408.flac",0,3,"birdnetpi"
9189197718,6891,"2026-06-28T08:43:48.000+02:00",0.8,0.841241300106049,9.24297302306231,"almost_certain","2p4",NA,51.5674,6.0037,FALSE,1,"House Sparrow","Passer domesticus","#d16ff8","avian","https://media.birdweather.com/species/1/HouseSparrow-standard-b861184cf45c092cdb45fd689dd676ef.jpg","https://media.birdweather.com/species/1/HouseSparrow-thumbnail-e9cbc91763a1579de8ef04880678b5e3.jpg","https://media.birdweather.com/species/1/HouseSparrow-png200-125e8603e1efe9d7a18316b94f06a65e.png","XAgCDwD8qpukuHiqtLZ9mImnmPFcDO4E",13646437206,"https://media.birdweather.com/soundscapes/6891/6891-20260628-064348.flac",0,3,"birdnetpi"
9189164242,6891,"2026-06-28T08:41:47.000+02:00",0.83,0.841241300106049,9.32280142719216,"almost_certain","2p4",NA,51.565,6.0026,FALSE,1,"House Sparrow","Passer domesticus","#d16ff8","avian","https://media.birdweather.com/species/1/HouseSparrow-standard-b861184cf45c092cdb45fd689dd676ef.jpg","https://media.birdweather.com/species/1/HouseSparrow-thumbnail-e9cbc91763a1579de8ef04880678b5e3.jpg","https://media.birdweather.com/species/1/HouseSparrow-png200-125e8603e1efe9d7a18316b94f06a65e.png","XAgCDwD8qpukuHiqtLZ9mImnmPFcDO4E",13646373111,"https://media.birdweather.com/soundscapes/6891/6891-20260628-064147.flac",0,3,"birdnetpi"
9189145632,6891,"2026-06-28T08:40:21.000+02:00",0.78,0.841241300106049,9.18704689056956,"almost_certain","2p4",NA,51.564,6.0024,FALSE,1,"House Sparrow","Passer domesticus","#d16ff8","avian","https://media.birdweather.com/species/1/HouseSparrow-standard-b861184cf45c092cdb45fd689dd676ef.jpg","https://media.birdweather.com/species/1/HouseSparrow-thumbnail-e9cbc91763a1579de8ef04880678b5e3.jpg","https://media.birdweather.com/species/1/HouseSparrow-png200-125e8603e1efe9d7a18316b94f06a65e.png","XAgCDwD8qpukuHiqtLZ9mImnmPFcDO4E",13646337346,"https://media.birdweather.com/soundscapes/6891/6891-20260628-064021.flac",0,3,"birdnetpi"
9189138475,6891,"2026-06-28T08:39:55.000+02:00",0.7,0.841241300106049,8.93726635776184,"almost_certain","2p4",NA,51.5667,6.0046,FALSE,1,"House Sparrow","Passer domesticus","#d16ff8","avian","https://media.birdweather.com/species/1/HouseSparrow-standard-b861184cf45c092cdb45fd689dd676ef.jpg","https://media.birdweather.com/species/1/HouseSparrow-thumbnail-e9cbc91763a1579de8ef04880678b5e3.jpg","https://media.birdweather.com/species/1/HouseSparrow-png200-125e8603e1efe9d7a18316b94f06a65e.png","XAgCDwD8qpukuHiqtLZ9mImnmPFcDO4E",13646323912,"https://media.birdweather.com/soundscapes/6891/6891-20260628-063955.flac",0,3,"birdnetpi"
9189134523,6891,"2026-06-28T08:39:38.000+02:00",0.8,0.841241300106049,9.24297302306231,"almost_certain","2p4",NA,51.5621,6.0062,FALSE,1,"House Sparrow","Passer domesticus","#d16ff8","avian","https://media.birdweather.com/species/1/HouseSparrow-standard-b861184cf45c092cdb45fd689dd676ef.jpg","https://media.birdweather.com/species/1/HouseSparrow-thumbnail-e9cbc91763a1579de8ef04880678b5e3.jpg","https://media.birdweather.com/species/1/HouseSparrow-png200-125e8603e1efe9d7a18316b94f06a65e.png","XAgCDwD8qpukuHiqtLZ9mImnmPFcDO4E",13646316329,"https://media.birdweather.com/soundscapes/6891/6891-20260628-063938.flac",0,3,"birdnetpi"
9189131286,6891,"2026-06-28T08:39:23.000+02:00",0.82,0.651233911514282,8.95065986089477,"almost_certain","2p4",NA,51.5677,6.0028,FALSE,119,"Common House-Martin","Delichon urbicum","#53b1ff","avian","https://media.birdweather.com/species/119/CommonHouse-Martin-standard-9ffbcc688c51210fb136a162c84d82ad.jpg","https://media.birdweather.com/species/119/CommonHouse-Martin-thumbnail-dd7059ca6235347c3097e7a66f04df95.jpg","https://media.birdweather.com/species/119/CommonHouse-Martin-png200-a73a8953ce2af50676da81e70b2746b2.png","YhgKDwKJd4iIiHd/h5h5d4mIeQqVllAH",13646310150,"https://media.birdweather.com/soundscapes/6891/6891-20260628-063923.flac",0,3,"birdnetpi"
9189114872,6891,"2026-06-28T08:38:17.000+02:00",0.73,0.651233911514282,8.69030012493839,"almost_certain","2p4",NA,51.5628,6.0019,FALSE,119,"Common House-Martin","Delichon urbicum","#53b1ff","avian","https://media.birdweather.com/species/119/CommonHouse-Martin-standard-9ffbcc688c51210fb136a162c84d82ad.jpg","https://media.birdweather.com/species/119/CommonHouse-Martin-thumbnail-dd7059ca6235347c3097e7a66f04df95.jpg","https://media.birdweather.com/species/119/CommonHouse-Martin-png200-a73a8953ce2af50676da81e70b2746b2.png","YhgKDwKJd4iIiHd/h5h5d4mIeQqVllAH",13646278701,"https://media.birdweather.com/soundscapes/6891/6891-20260628-063817.flac",0,3,"birdnetpi"
9189106319,6891,"2026-06-28T08:37:44.000+02:00",0.82,0.841241300106049,9.29670540008231,"almost_certain","2p4",NA,51.5672,6.0041,FALSE,1,"House Sparrow","Passer domesticus","#d16ff8","avian","https://media.birdweather.com/species/1/HouseSparrow-standard-b861184cf45c092cdb45fd689dd676ef.jpg","https://media.birdweather.com/species/1/HouseSparrow-thumbnail-e9cbc91763a1579de8ef04880678b5e3.jpg","https://media.birdweather.com/species/1/HouseSparrow-png200-125e8603e1efe9d7a18316b94f06a65e.png","XAgCDwD8qpukuHiqtLZ9mImnmPFcDO4E",13646262477,"https://media.birdweather.com/soundscapes/6891/6891-20260628-063744.flac",0,3,"birdnetpi"
9189085057,6891,"2026-06-28T08:36:23.000+02:00",0.73,0.841241300106049,9.03634566412593,"almost_certain","2p4",NA,51.5666,6.0081,FALSE,1,"House Sparrow","Passer domesticus","#d16ff8","avian","https://media.birdweather.com/species/1/HouseSparrow-standard-b861184cf45c092cdb45fd689dd676ef.jpg","https://media.birdweather.com/species/1/HouseSparrow-thumbnail-e9cbc91763a1579de8ef04880678b5e3.jpg","https://media.birdweather.com/species/1/HouseSparrow-png200-125e8603e1efe9d7a18316b94f06a65e.png","XAgCDwD8qpukuHiqtLZ9mImnmPFcDO4E",13646222531,"https://media.birdweather.com/soundscapes/6891/6891-20260628-063623.flac",0,3,"birdnetpi"
9189055446,6891,"2026-06-28T08:34:23.000+02:00",0.97,0.995071530342102,9.87151254075837,"almost_certain","2p4",NA,51.5687,6.0007,FALSE,407,"Common Wood-Pigeon","Columba palumbus","#028fb2","avian","https://media.birdweather.com/species/407/CommonWood-Pigeon-standard-5558900260c92622ceef8a812b06518e.jpg","https://media.birdweather.com/species/407/CommonWood-Pigeon-thumbnail-4b86c907c8b82c8af31d566b811dee05.jpg","https://media.birdweather.com/species/407/CommonWood-Pigeon-png200-533b13201573be3895fcec3e61e861b5.png","2ukFHwIHiYeWxnZUiniYZ3h5h6+rCIQH",13646167106,"https://media.birdweather.com/soundscapes/6891/6891-20260628-063423.flac",0,3,"birdnetpi"
9189047121,6891,"2026-06-28T08:33:51.000+02:00",0.79,0.841241300106049,9.21529531403731,"almost_certain","2p4",NA,51.5693,6.0009,FALSE,1,"House Sparrow","Passer domesticus","#d16ff8","avian","https://media.birdweather.com/species/1/HouseSparrow-standard-b861184cf45c092cdb45fd689dd676ef.jpg","https://media.birdweather.com/species/1/HouseSparrow-thumbnail-e9cbc91763a1579de8ef04880678b5e3.jpg","https://media.birdweather.com/species/1/HouseSparrow-png200-125e8603e1efe9d7a18316b94f06a65e.png","XAgCDwD8qpukuHiqtLZ9mImnmPFcDO4E",13646151498,"https://media.birdweather.com/soundscapes/6891/6891-20260628-063351.flac",0,3,"birdnetpi"
9189033075,6891,"2026-06-28T08:32:56.000+02:00",0.75,0.651233911514282,8.75258357742355,"almost_certain","2p4",NA,51.5658,6.0012,FALSE,119,"Common House-Martin","Delichon urbicum","#53b1ff","avian","https://media.birdweather.com/species/119/CommonHouse-Martin-standard-9ffbcc688c51210fb136a162c84d82ad.jpg","https://media.birdweather.com/species/119/CommonHouse-Martin-thumbnail-dd7059ca6235347c3097e7a66f04df95.jpg","https://media.birdweather.com/species/119/CommonHouse-Martin-png200-a73a8953ce2af50676da81e70b2746b2.png","YhgKDwKJd4iIiHd/h5h5d4mIeQqVllAH",13646125669,"https://media.birdweather.com/soundscapes/6891/6891-20260628-063256.flac",0,3,"birdnetpi"
9188992012,6891,"2026-06-28T08:30:14.000+02:00",0.72,0.841241300106049,9.00410888267396,"almost_certain","2p4",NA,51.5693,6.0064,FALSE,1,"House Sparrow","Passer domesticus","#d16ff8","avian","https://media.birdweather.com/species/1/HouseSparrow-standard-b861184cf45c092cdb45fd689dd676ef.jpg","https://media.birdweather.com/species/1/HouseSparrow-thumbnail-e9cbc91763a1579de8ef04880678b5e3.jpg","https://media.birdweather.com/species/1/HouseSparrow-png200-125e8603e1efe9d7a18316b94f06a65e.png","XAgCDwD8qpukuHiqtLZ9mImnmPFcDO4E",13646048423,"https://media.birdweather.com/soundscapes/6891/6891-20260628-063014.flac",0,3,"birdnetpi"
9188972664,6891,"2026-06-28T08:28:59.000+02:00",0.76,0.841241300106049,9.12874021881581,"almost_certain","2p4",NA,51.5679,6.0088,FALSE,1,"House Sparrow","Passer domesticus","#d16ff8","avian","https://media.birdweather.com/species/1/HouseSparrow-standard-b861184cf45c092cdb45fd689dd676ef.jpg","https://media.birdweather.com/species/1/HouseSparrow-thumbnail-e9cbc91763a1579de8ef04880678b5e3.jpg","https://media.birdweather.com/species/1/HouseSparrow-png200-125e8603e1efe9d7a18316b94f06a65e.png","XAgCDwD8qpukuHiqtLZ9mImnmPFcDO4E",13646012740,"https://media.birdweather.com/soundscapes/6891/6891-20260628-062859.flac",0,3,"birdnetpi"
9188941453,6891,"2026-06-28T08:27:05.000+02:00",0.78,0.841241300106049,9.18704689056956,"almost_certain","2p4",NA,51.5678,6.0073,FALSE,1,"House Sparrow","Passer domesticus","#d16ff8","avian","https://media.birdweather.com/species/1/HouseSparrow-standard-b861184cf45c092cdb45fd689dd676ef.jpg","https://media.birdweather.com/species/1/HouseSparrow-thumbnail-e9cbc91763a1579de8ef04880678b5e3.jpg","https://media.birdweather.com/species/1/HouseSparrow-png200-125e8603e1efe9d7a18316b94f06a65e.png","XAgCDwD8qpukuHiqtLZ9mImnmPFcDO4E",13645953858,"https://media.birdweather.com/soundscapes/6891/6891-20260628-062705.flac",0,3,"birdnetpi"
9188918403,6891,"2026-06-28T08:25:38.000+02:00",0.82,0.841241300106049,9.29670540008231,"almost_certain","2p4",NA,51.562,6.0063,FALSE,1,"House Sparrow","Passer domesticus","#d16ff8","avian","https://media.birdweather.com/species/1/HouseSparrow-standard-b861184cf45c092cdb45fd689dd676ef.jpg","https://media.birdweather.com/species/1/HouseSparrow-thumbnail-e9cbc91763a1579de8ef04880678b5e3.jpg","https://media.birdweather.com/species/1/HouseSparrow-png200-125e8603e1efe9d7a18316b94f06a65e.png","XAgCDwD8qpukuHiqtLZ9mImnmPFcDO4E",13645911007,"https://media.birdweather.com/soundscapes/6891/6891-20260628-062538.flac",0,3,"birdnetpi"
9188916865,6891,"2026-06-28T08:25:20.000+02:00",0.96,0.651233911514282,9.27728296301441,"almost_certain","2p4",NA,51.5697,6.0026,FALSE,119,"Common House-Martin","Delichon urbicum","#53b1ff","avian","https://media.birdweather.com/species/119/CommonHouse-Martin-standard-9ffbcc688c51210fb136a162c84d82ad.jpg","https://media.birdweather.com/species/119/CommonHouse-Martin-thumbnail-dd7059ca6235347c3097e7a66f04df95.jpg","https://media.birdweather.com/species/119/CommonHouse-Martin-png200-a73a8953ce2af50676da81e70b2746b2.png","YhgKDwKJd4iIiHd/h5h5d4mIeQqVllAH",13645908150,"https://media.birdweather.com/soundscapes/6891/6891-20260628-062520.flac",0,3,"birdnetpi"
9188910511,6891,"2026-06-28T08:25:06.000+02:00",0.91,0.841241300106049,9.51539869954319,"almost_certain","2p4",NA,51.569,6.0021,FALSE,1,"House Sparrow","Passer domesticus","#d16ff8","avian","https://media.birdweather.com/species/1/HouseSparrow-standard-b861184cf45c092cdb45fd689dd676ef.jpg","https://media.birdweather.com/species/1/HouseSparrow-thumbnail-e9cbc91763a1579de8ef04880678b5e3.jpg","https://media.birdweather.com/species/1/HouseSparrow-png200-125e8603e1efe9d7a18316b94f06a65e.png","XAgCDwD8qpukuHiqtLZ9mImnmPFcDO4E",13645896683,"https://media.birdweather.com/soundscapes/6891/6891-20260628-062506.flac",0,3,"birdnetpi"
9188896159,6891,"2026-06-28T08:24:03.000+02:00",0.73,0.841241300106049,9.03634566412593,"almost_certain","2p4",NA,51.57,6.0066,FALSE,1,"House Sparrow","Passer domesticus","#d16ff8","avian","https://media.birdweather.com/species/1/HouseSparrow-standard-b861184cf45c092cdb45fd689dd676ef.jpg","https://media.birdweather.com/species/1/HouseSparrow-thumbnail-e9cbc91763a1579de8ef04880678b5e3.jpg","https://media.birdweather.com/species/1/HouseSparrow-png200-125e8603e1efe9d7a18316b94f06a65e.png","XAgCDwD8qpukuHiqtLZ9mImnmPFcDO4E",13645870434,"https://media.birdweather.com/soundscapes/6891/6891-20260628-062403.flac",0,3,"birdnetpi"
9188892116,6891,"2026-06-28T08:23:45.000+02:00",0.73,0.841241300106049,9.03634566412593,"almost_certain","2p4",NA,51.567,6.0094,FALSE,1,"House Sparrow","Passer domesticus","#d16ff8","avian","https://media.birdweather.com/species/1/HouseSparrow-standard-b861184cf45c092cdb45fd689dd676ef.jpg","https://media.birdweather.com/species/1/HouseSparrow-thumbnail-e9cbc91763a1579de8ef04880678b5e3.jpg","https://media.birdweather.com/species/1/HouseSparrow-png200-125e8603e1efe9d7a18316b94f06a65e.png","XAgCDwD8qpukuHiqtLZ9mImnmPFcDO4E",13645863225,"https://media.birdweather.com/soundscapes/6891/6891-20260628-062345.flac",0,3,"birdnetpi"
9188875810,6891,"2026-06-28T08:22:42.000+02:00",0.81,0.651233911514282,8.92405708327054,"almost_certain","2p4",NA,51.5664,6.0065,FALSE,119,"Common House-Martin","Delichon urbicum","#53b1ff","avian","https://media.birdweather.com/species/119/CommonHouse-Martin-standard-9ffbcc688c51210fb136a162c84d82ad.jpg","https://media.birdweather.com/species/119/CommonHouse-Martin-thumbnail-dd7059ca6235347c3097e7a66f04df95.jpg","https://media.birdweather.com/species/119/CommonHouse-Martin-png200-a73a8953ce2af50676da81e70b2746b2.png","YhgKDwKJd4iIiHd/h5h5d4mIeQqVllAH",13645833087,"https://media.birdweather.com/soundscapes/6891/6891-20260628-062242.flac",0,3,"birdnetpi"
9188873570,6891,"2026-06-28T08:22:33.000+02:00",0.73,0.841241300106049,9.03634566412593,"almost_certain","2p4",NA,51.5663,6.0027,FALSE,1,"House Sparrow","Passer domesticus","#d16ff8","avian","https://media.birdweather.com/species/1/HouseSparrow-standard-b861184cf45c092cdb45fd689dd676ef.jpg","https://media.birdweather.com/species/1/HouseSparrow-thumbnail-e9cbc91763a1579de8ef04880678b5e3.jpg","https://media.birdweather.com/species/1/HouseSparrow-png200-125e8603e1efe9d7a18316b94f06a65e.png","XAgCDwD8qpukuHiqtLZ9mImnmPFcDO4E",13645828888,"https://media.birdweather.com/soundscapes/6891/6891-20260628-062233.flac",0,3,"birdnetpi"
9188868792,6891,"2026-06-28T08:22:15.000+02:00",0.77,0.841241300106049,9.15820371996853,"almost_certain","2p4",NA,51.5662,6.0026,FALSE,1,"House Sparrow","Passer domesticus","#d16ff8","avian","https://media.birdweather.com/species/1/HouseSparrow-standard-b861184cf45c092cdb45fd689dd676ef.jpg","https://media.birdweather.com/species/1/HouseSparrow-thumbnail-e9cbc91763a1579de8ef04880678b5e3.jpg","https://media.birdweather.com/species/1/HouseSparrow-png200-125e8603e1efe9d7a18316b94f06a65e.png","XAgCDwD8qpukuHiqtLZ9mImnmPFcDO4E",13645820294,"https://media.birdweather.com/soundscapes/6891/6891-20260628-062215.flac",0,3,"birdnetpi"
9188860326,6891,"2026-06-28T08:21:54.000+02:00",0.77,0.841241300106049,9.15820371996853,"almost_certain","2p4",NA,51.5697,6.0012,FALSE,1,"House Sparrow","Passer domesticus","#d16ff8","avian","https://media.birdweather.com/species/1/HouseSparrow-standard-b861184cf45c092cdb45fd689dd676ef.jpg","https://media.birdweather.com/species/1/HouseSparrow-thumbnail-e9cbc91763a1579de8ef04880678b5e3.jpg","https://media.birdweather.com/species/1/HouseSparrow-png200-125e8603e1efe9d7a18316b94f06a65e.png","XAgCDwD8qpukuHiqtLZ9mImnmPFcDO4E",13645804549,"https://media.birdweather.com/soundscapes/6891/6891-20260628-062154.flac",0,3,"birdnetpi"
9188861137,6891,"2026-06-28T08:21:45.000+02:00",0.75,0.651233911514282,8.75258357742355,"almost_certain","2p4",NA,51.568,6.0021,FALSE,119,"Common House-Martin","Delichon urbicum","#53b1ff","avian","https://media.birdweather.com/species/119/CommonHouse-Martin-standard-9ffbcc688c51210fb136a162c84d82ad.jpg","https://media.birdweather.com/species/119/CommonHouse-Martin-thumbnail-dd7059ca6235347c3097e7a66f04df95.jpg","https://media.birdweather.com/species/119/CommonHouse-Martin-png200-a73a8953ce2af50676da81e70b2746b2.png","YhgKDwKJd4iIiHd/h5h5d4mIeQqVllAH",13645805997,"https://media.birdweather.com/soundscapes/6891/6891-20260628-062145.flac",0,3,"birdnetpi"
9188853363,6891,"2026-06-28T08:21:27.000+02:00",0.88,0.841241300106049,9.44630843007434,"almost_certain","2p4",NA,51.5696,6.0008,FALSE,1,"House Sparrow","Passer domesticus","#d16ff8","avian","https://media.birdweather.com/species/1/HouseSparrow-standard-b861184cf45c092cdb45fd689dd676ef.jpg","https://media.birdweather.com/species/1/HouseSparrow-thumbnail-e9cbc91763a1579de8ef04880678b5e3.jpg","https://media.birdweather.com/species/1/HouseSparrow-png200-125e8603e1efe9d7a18316b94f06a65e.png","XAgCDwD8qpukuHiqtLZ9mImnmPFcDO4E",13645791620,"https://media.birdweather.com/soundscapes/6891/6891-20260628-062127.flac",0,3,"birdnetpi"
9188848248,6891,"2026-06-28T08:21:06.000+02:00",0.72,0.841241300106049,9.00410888267396,"almost_certain","2p4",NA,51.5654,6.0094,FALSE,1,"House Sparrow","Passer domesticus","#d16ff8","avian","https://media.birdweather.com/species/1/HouseSparrow-standard-b861184cf45c092cdb45fd689dd676ef.jpg","https://media.birdweather.com/species/1/HouseSparrow-thumbnail-e9cbc91763a1579de8ef04880678b5e3.jpg","https://media.birdweather.com/species/1/HouseSparrow-png200-125e8603e1efe9d7a18316b94f06a65e.png","XAgCDwD8qpukuHiqtLZ9mImnmPFcDO4E",13645782120,"https://media.birdweather.com/soundscapes/6891/6891-20260628-062106.flac",0,3,"birdnetpi"
9188842924,6891,"2026-06-28T08:20:36.000+02:00",0.96,0.841241300106049,9.62332850220195,"almost_certain","2p4",NA,51.5626,6.0038,FALSE,1,"House Sparrow","Passer domesticus","#d16ff8","avian","https://media.birdweather.com/species/1/HouseSparrow-standard-b861184cf45c092cdb45fd689dd676ef.jpg","https://media.birdweather.com/species/1/HouseSparrow-thumbnail-e9cbc91763a1579de8ef04880678b5e3.jpg","https://media.birdweather.com/species/1/HouseSparrow-png200-125e8603e1efe9d7a18316b94f06a65e.png","XAgCDwD8qpukuHiqtLZ9mImnmPFcDO4E",13645772101,"https://media.birdweather.com/soundscapes/6891/6891-20260628-062036.flac",0,3,"birdnetpi"
9188835915,6891,"2026-06-28T08:20:12.000+02:00",0.76,0.841241300106049,9.12874021881581,"almost_certain","2p4",NA,51.5671,6.002,FALSE,1,"House Sparrow","Passer domesticus","#d16ff8","avian","https://media.birdweather.com/species/1/HouseSparrow-standard-b861184cf45c092cdb45fd689dd676ef.jpg","https://media.birdweather.com/species/1/HouseSparrow-thumbnail-e9cbc91763a1579de8ef04880678b5e3.jpg","https://media.birdweather.com/species/1/HouseSparrow-png200-125e8603e1efe9d7a18316b94f06a65e.png","XAgCDwD8qpukuHiqtLZ9mImnmPFcDO4E",13645759255,"https://media.birdweather.com/soundscapes/6891/6891-20260628-062012.flac",0,3,"birdnetpi"
9188828604,6891,"2026-06-28T08:19:48.000+02:00",0.93,0.841241300106049,9.55959608078215,"almost_certain","2p4",NA,51.5615,6.0065,FALSE,1,"House Sparrow","Passer domesticus","#d16ff8","avian","https://media.birdweather.com/species/1/HouseSparrow-standard-b861184cf45c092cdb45fd689dd676ef.jpg","https://media.birdweather.com/species/1/HouseSparrow-thumbnail-e9cbc91763a1579de8ef04880678b5e3.jpg","https://media.birdweather.com/species/1/HouseSparrow-png200-125e8603e1efe9d7a18316b94f06a65e.png","XAgCDwD8qpukuHiqtLZ9mImnmPFcDO4E",13645745739,"https://media.birdweather.com/soundscapes/6891/6891-20260628-061948.flac",0,3,"birdnetpi"
9188824802,6891,"2026-06-28T08:19:26.000+02:00",0.8,0.841241300106049,9.24297302306231,"almost_certain","2p4",NA,51.5634,6.0039,FALSE,1,"House Sparrow","Passer domesticus","#d16ff8","avian","https://media.birdweather.com/species/1/HouseSparrow-standard-b861184cf45c092cdb45fd689dd676ef.jpg","https://media.birdweather.com/species/1/HouseSparrow-thumbnail-e9cbc91763a1579de8ef04880678b5e3.jpg","https://media.birdweather.com/species/1/HouseSparrow-png200-125e8603e1efe9d7a18316b94f06a65e.png","XAgCDwD8qpukuHiqtLZ9mImnmPFcDO4E",13645738588,"https://media.birdweather.com/soundscapes/6891/6891-20260628-061926.flac",0,3,"birdnetpi"
9188804383,6891,"2026-06-28T08:18:06.000+02:00",0.77,0.841241300106049,9.15820371996853,"almost_certain","2p4",NA,51.5682,6.0016,FALSE,1,"House Sparrow","Passer domesticus","#d16ff8","avian","https://media.birdweather.com/species/1/HouseSparrow-standard-b861184cf45c092cdb45fd689dd676ef.jpg","https://media.birdweather.com/species/1/HouseSparrow-thumbnail-e9cbc91763a1579de8ef04880678b5e3.jpg","https://media.birdweather.com/species/1/HouseSparrow-png200-125e8603e1efe9d7a18316b94f06a65e.png","XAgCDwD8qpukuHiqtLZ9mImnmPFcDO4E",13645701312,"https://media.birdweather.com/soundscapes/6891/6891-20260628-061806.flac",0,3,"birdnetpi"
9188799308,6891,"2026-06-28T08:17:53.000+02:00",0.79,0.841241300106049,9.21529531403731,"almost_certain","2p4",NA,51.5648,6.006,FALSE,1,"House Sparrow","Passer domesticus","#d16ff8","avian","https://media.birdweather.com/species/1/HouseSparrow-standard-b861184cf45c092cdb45fd689dd676ef.jpg","https://media.birdweather.com/species/1/HouseSparrow-thumbnail-e9cbc91763a1579de8ef04880678b5e3.jpg","https://media.birdweather.com/species/1/HouseSparrow-png200-125e8603e1efe9d7a18316b94f06a65e.png","XAgCDwD8qpukuHiqtLZ9mImnmPFcDO4E",13645691827,"https://media.birdweather.com/soundscapes/6891/6891-20260628-061753.flac",0,3,"birdnetpi"
9188792273,6891,"2026-06-28T08:17:20.000+02:00",0.73,0.841241300106049,9.03634566412593,"almost_certain","2p4",NA,51.5626,6.0005,FALSE,1,"House Sparrow","Passer domesticus","#d16ff8","avian","https://media.birdweather.com/species/1/HouseSparrow-standard-b861184cf45c092cdb45fd689dd676ef.jpg","https://media.birdweather.com/species/1/HouseSparrow-thumbnail-e9cbc91763a1579de8ef04880678b5e3.jpg","https://media.birdweather.com/species/1/HouseSparrow-png200-125e8603e1efe9d7a18316b94f06a65e.png","XAgCDwD8qpukuHiqtLZ9mImnmPFcDO4E",13645678943,"https://media.birdweather.com/soundscapes/6891/6891-20260628-061720.flac",0,3,"birdnetpi"
9188785212,6891,"2026-06-28T08:17:05.000+02:00",0.78,0.841241300106049,9.18704689056956,"almost_certain","2p4",NA,51.5704,6.0034,FALSE,1,"House Sparrow","Passer domesticus","#d16ff8","avian","https://media.birdweather.com/species/1/HouseSparrow-standard-b861184cf45c092cdb45fd689dd676ef.jpg","https://media.birdweather.com/species/1/HouseSparrow-thumbnail-e9cbc91763a1579de8ef04880678b5e3.jpg","https://media.birdweather.com/species/1/HouseSparrow-png200-125e8603e1efe9d7a18316b94f06a65e.png","XAgCDwD8qpukuHiqtLZ9mImnmPFcDO4E",13645666078,"https://media.birdweather.com/soundscapes/6891/6891-20260628-061705.flac",0,3,"birdnetpi"
9188778176,6891,"2026-06-28T08:16:38.000+02:00",0.88,0.841241300106049,9.44630843007434,"almost_certain","2p4",NA,51.5697,6.0092,FALSE,1,"House Sparrow","Passer domesticus","#d16ff8","avian","https://media.birdweather.com/species/1/HouseSparrow-standard-b861184cf45c092cdb45fd689dd676ef.jpg","https://media.birdweather.com/species/1/HouseSparrow-thumbnail-e9cbc91763a1579de8ef04880678b5e3.jpg","https://media.birdweather.com/species/1/HouseSparrow-png200-125e8603e1efe9d7a18316b94f06a65e.png","XAgCDwD8qpukuHiqtLZ9mImnmPFcDO4E",13645653172,"https://media.birdweather.com/soundscapes/6891/6891-20260628-061638.flac",0,3,"birdnetpi"
9188767445,6891,"2026-06-28T08:15:45.000+02:00",0.91,0.841241300106049,9.51539869954319,"almost_certain","2p4",NA,51.5675,6.002,FALSE,1,"House Sparrow","Passer domesticus","#d16ff8","avian","https://media.birdweather.com/species/1/HouseSparrow-standard-b861184cf45c092cdb45fd689dd676ef.jpg","https://media.birdweather.com/species/1/HouseSparrow-thumbnail-e9cbc91763a1579de8ef04880678b5e3.jpg","https://media.birdweather.com/species/1/HouseSparrow-png200-125e8603e1efe9d7a18316b94f06a65e.png","XAgCDwD8qpukuHiqtLZ9mImnmPFcDO4E",13645633227,"https://media.birdweather.com/soundscapes/6891/6891-20260628-061545.flac",0,3,"birdnetpi"
9188765648,6891,"2026-06-28T08:15:36.000+02:00",0.77,0.651233911514282,8.81215818078099,"almost_certain","2p4",NA,51.5693,6.0059,FALSE,119,"Common House-Martin","Delichon urbicum","#53b1ff","avian","https://media.birdweather.com/species/119/CommonHouse-Martin-standard-9ffbcc688c51210fb136a162c84d82ad.jpg","https://media.birdweather.com/species/119/CommonHouse-Martin-thumbnail-dd7059ca6235347c3097e7a66f04df95.jpg","https://media.birdweather.com/species/119/CommonHouse-Martin-png200-a73a8953ce2af50676da81e70b2746b2.png","YhgKDwKJd4iIiHd/h5h5d4mIeQqVllAH",13645629803,"https://media.birdweather.com/soundscapes/6891/6891-20260628-061536.flac",0,3,"birdnetpi"
9188758855,6891,"2026-06-28T08:15:12.000+02:00",0.81,0.841241300106049,9.27010262245808,"almost_certain","2p4",NA,51.5645,6.0016,FALSE,1,"House Sparrow","Passer domesticus","#d16ff8","avian","https://media.birdweather.com/species/1/HouseSparrow-standard-b861184cf45c092cdb45fd689dd676ef.jpg","https://media.birdweather.com/species/1/HouseSparrow-thumbnail-e9cbc91763a1579de8ef04880678b5e3.jpg","https://media.birdweather.com/species/1/HouseSparrow-png200-125e8603e1efe9d7a18316b94f06a65e.png","XAgCDwD8qpukuHiqtLZ9mImnmPFcDO4E",13645617353,"https://media.birdweather.com/soundscapes/6891/6891-20260628-061512.flac",0,3,"birdnetpi"
9188751652,6891,"2026-06-28T08:14:43.000+02:00",0.72,0.841241300106049,9.00410888267396,"almost_certain","2p4",NA,51.5693,6.0019,FALSE,1,"House Sparrow","Passer domesticus","#d16ff8","avian","https://media.birdweather.com/species/1/HouseSparrow-standard-b861184cf45c092cdb45fd689dd676ef.jpg","https://media.birdweather.com/species/1/HouseSparrow-thumbnail-e9cbc91763a1579de8ef04880678b5e3.jpg","https://media.birdweather.com/species/1/HouseSparrow-png200-125e8603e1efe9d7a18316b94f06a65e.png","XAgCDwD8qpukuHiqtLZ9mImnmPFcDO4E",13645603913,"https://media.birdweather.com/soundscapes/6891/6891-20260628-061443.flac",0,3,"birdnetpi"
9188739388,6891,"2026-06-28T08:13:54.000+02:00",0.84,0.841241300106049,9.34840964941881,"almost_certain","2p4",NA,51.5691,6.0046,FALSE,1,"House Sparrow","Passer domesticus","#d16ff8","avian","https://media.birdweather.com/species/1/HouseSparrow-standard-b861184cf45c092cdb45fd689dd676ef.jpg","https://media.birdweather.com/species/1/HouseSparrow-thumbnail-e9cbc91763a1579de8ef04880678b5e3.jpg","https://media.birdweather.com/species/1/HouseSparrow-png200-125e8603e1efe9d7a18316b94f06a65e.png","XAgCDwD8qpukuHiqtLZ9mImnmPFcDO4E",13645580911,"https://media.birdweather.com/soundscapes/6891/6891-20260628-061354.flac",0,3,"birdnetpi"
9188732701,6891,"2026-06-28T08:13:27.000+02:00",0.76,0.841241300106049,9.12874021881581,"almost_certain","2p4",NA,51.5662,6.0046,FALSE,1,"House Sparrow","Passer domesticus","#d16ff8","avian","https://media.birdweather.com/species/1/HouseSparrow-standard-b861184cf45c092cdb45fd689dd676ef.jpg","https://media.birdweather.com/species/1/HouseSparrow-thumbnail-e9cbc91763a1579de8ef04880678b5e3.jpg","https://media.birdweather.com/species/1/HouseSparrow-png200-125e8603e1efe9d7a18316b94f06a65e.png","XAgCDwD8qpukuHiqtLZ9mImnmPFcDO4E",13645568031,"https://media.birdweather.com/soundscapes/6891/6891-20260628-061327.flac",0,3,"birdnetpi"
9188725692,6891,"2026-06-28T08:13:02.000+02:00",0.95,0.841241300106049,9.60241206538277,"almost_certain","2p4",NA,51.5702,6.0011,FALSE,1,"House Sparrow","Passer domesticus","#d16ff8","avian","https://media.birdweather.com/species/1/HouseSparrow-standard-b861184cf45c092cdb45fd689dd676ef.jpg","https://media.birdweather.com/species/1/HouseSparrow-thumbnail-e9cbc91763a1579de8ef04880678b5e3.jpg","https://media.birdweather.com/species/1/HouseSparrow-png200-125e8603e1efe9d7a18316b94f06a65e.png","XAgCDwD8qpukuHiqtLZ9mImnmPFcDO4E",13645555062,"https://media.birdweather.com/soundscapes/6891/6891-20260628-061302.flac",0,3,"birdnetpi"
9188718330,6891,"2026-06-28T08:12:39.000+02:00",0.93,0.841241300106049,9.55959608078215,"almost_certain","2p4",NA,51.5682,6.005,FALSE,1,"House Sparrow","Passer domesticus","#d16ff8","avian","https://media.birdweather.com/species/1/HouseSparrow-standard-b861184cf45c092cdb45fd689dd676ef.jpg","https://media.birdweather.com/species/1/HouseSparrow-thumbnail-e9cbc91763a1579de8ef04880678b5e3.jpg","https://media.birdweather.com/species/1/HouseSparrow-png200-125e8603e1efe9d7a18316b94f06a65e.png","XAgCDwD8qpukuHiqtLZ9mImnmPFcDO4E",13645541210,"https://media.birdweather.com/soundscapes/6891/6891-20260628-061239.flac",0,3,"birdnetpi"
9188710915,6891,"2026-06-28T08:12:05.000+02:00",0.87,0.841241300106049,9.42248174255908,"almost_certain","2p4",NA,51.5654,6.0036,FALSE,1,"House Sparrow","Passer domesticus","#d16ff8","avian","https://media.birdweather.com/species/1/HouseSparrow-standard-b861184cf45c092cdb45fd689dd676ef.jpg","https://media.birdweather.com/species/1/HouseSparrow-thumbnail-e9cbc91763a1579de8ef04880678b5e3.jpg","https://media.birdweather.com/species/1/HouseSparrow-png200-125e8603e1efe9d7a18316b94f06a65e.png","XAgCDwD8qpukuHiqtLZ9mImnmPFcDO4E",13645527661,"https://media.birdweather.com/soundscapes/6891/6891-20260628-061205.flac",0,3,"birdnetpi"
9188702891,6891,"2026-06-28T08:11:41.000+02:00",0.93,0.841241300106049,9.55959608078215,"almost_certain","2p4",NA,51.57,6.0044,FALSE,1,"House Sparrow","Passer domesticus","#d16ff8","avian","https://media.birdweather.com/species/1/HouseSparrow-standard-b861184cf45c092cdb45fd689dd676ef.jpg","https://media.birdweather.com/species/1/HouseSparrow-thumbnail-e9cbc91763a1579de8ef04880678b5e3.jpg","https://media.birdweather.com/species/1/HouseSparrow-png200-125e8603e1efe9d7a18316b94f06a65e.png","XAgCDwD8qpukuHiqtLZ9mImnmPFcDO4E",13645512827,"https://media.birdweather.com/soundscapes/6891/6891-20260628-061141.flac",0,3,"birdnetpi"
9188695733,6891,"2026-06-28T08:11:11.000+02:00",0.87,0.841241300106049,9.42248174255908,"almost_certain","2p4",NA,51.5692,6.008,FALSE,1,"House Sparrow","Passer domesticus","#d16ff8","avian","https://media.birdweather.com/species/1/HouseSparrow-standard-b861184cf45c092cdb45fd689dd676ef.jpg","https://media.birdweather.com/species/1/HouseSparrow-thumbnail-e9cbc91763a1579de8ef04880678b5e3.jpg","https://media.birdweather.com/species/1/HouseSparrow-png200-125e8603e1efe9d7a18316b94f06a65e.png","XAgCDwD8qpukuHiqtLZ9mImnmPFcDO4E",13645499420,"https://media.birdweather.com/soundscapes/6891/6891-20260628-061111.flac",0,3,"birdnetpi"
9188691869,6891,"2026-06-28T08:10:56.000+02:00",0.9,0.841241300106049,9.49275355587003,"almost_certain","2p4",NA,51.5618,6.0088,FALSE,1,"House Sparrow","Passer domesticus","#d16ff8","avian","https://media.birdweather.com/species/1/HouseSparrow-standard-b861184cf45c092cdb45fd689dd676ef.jpg","https://media.birdweather.com/species/1/HouseSparrow-thumbnail-e9cbc91763a1579de8ef04880678b5e3.jpg","https://media.birdweather.com/species/1/HouseSparrow-png200-125e8603e1efe9d7a18316b94f06a65e.png","XAgCDwD8qpukuHiqtLZ9mImnmPFcDO4E",13645492244,"https://media.birdweather.com/soundscapes/6891/6891-20260628-061056.flac",0,3,"birdnetpi"
9188687863,6891,"2026-06-28T08:10:33.000+02:00",0.94,0.841241300106049,9.5811713298285,"almost_certain","2p4",NA,51.5668,6.0041,FALSE,1,"House Sparrow","Passer domesticus","#d16ff8","avian","https://media.birdweather.com/species/1/HouseSparrow-standard-b861184cf45c092cdb45fd689dd676ef.jpg","https://media.birdweather.com/species/1/HouseSparrow-thumbnail-e9cbc91763a1579de8ef04880678b5e3.jpg","https://media.birdweather.com/species/1/HouseSparrow-png200-125e8603e1efe9d7a18316b94f06a65e.png","XAgCDwD8qpukuHiqtLZ9mImnmPFcDO4E",13645484638,"https://media.birdweather.com/soundscapes/6891/6891-20260628-061033.flac",0,3,"birdnetpi"
9188680262,6891,"2026-06-28T08:10:11.000+02:00",0.83,0.841241300106049,9.32280142719216,"almost_certain","2p4",NA,51.5671,6.0091,FALSE,1,"House Sparrow","Passer domesticus","#d16ff8","avian","https://media.birdweather.com/species/1/HouseSparrow-standard-b861184cf45c092cdb45fd689dd676ef.jpg","https://media.birdweather.com/species/1/HouseSparrow-thumbnail-e9cbc91763a1579de8ef04880678b5e3.jpg","https://media.birdweather.com/species/1/HouseSparrow-png200-125e8603e1efe9d7a18316b94f06a65e.png","XAgCDwD8qpukuHiqtLZ9mImnmPFcDO4E",13645470806,"https://media.birdweather.com/soundscapes/6891/6891-20260628-061011.flac",0,3,"birdnetpi"
9188671881,6891,"2026-06-28T08:09:36.000+02:00",0.79,0.841241300106049,9.21529531403731,"almost_certain","2p4",NA,51.5618,6.0089,FALSE,1,"House Sparrow","Passer domesticus","#d16ff8","avian","https://media.birdweather.com/species/1/HouseSparrow-standard-b861184cf45c092cdb45fd689dd676ef.jpg","https://media.birdweather.com/species/1/HouseSparrow-thumbnail-e9cbc91763a1579de8ef04880678b5e3.jpg","https://media.birdweather.com/species/1/HouseSparrow-png200-125e8603e1efe9d7a18316b94f06a65e.png","XAgCDwD8qpukuHiqtLZ9mImnmPFcDO4E",13645454979,"https://media.birdweather.com/soundscapes/6891/6891-20260628-060936.flac",0,3,"birdnetpi"
9188669214,6891,"2026-06-28T08:09:26.000+02:00",0.95,0.651233911514282,9.25636652619523,"almost_certain","2p4",NA,51.5637,6.0048,FALSE,119,"Common House-Martin","Delichon urbicum","#53b1ff","avian","https://media.birdweather.com/species/119/CommonHouse-Martin-standard-9ffbcc688c51210fb136a162c84d82ad.jpg","https://media.birdweather.com/species/119/CommonHouse-Martin-thumbnail-dd7059ca6235347c3097e7a66f04df95.jpg","https://media.birdweather.com/species/119/CommonHouse-Martin-png200-a73a8953ce2af50676da81e70b2746b2.png","YhgKDwKJd4iIiHd/h5h5d4mIeQqVllAH",13645450119,"https://media.birdweather.com/soundscapes/6891/6891-20260628-060926.flac",0,3,"birdnetpi"
9188664131,6891,"2026-06-28T08:09:11.000+02:00",0.84,0.841241300106049,9.34840964941881,"almost_certain","2p4",NA,51.5649,6.0044,FALSE,1,"House Sparrow","Passer domesticus","#d16ff8","avian","https://media.birdweather.com/species/1/HouseSparrow-standard-b861184cf45c092cdb45fd689dd676ef.jpg","https://media.birdweather.com/species/1/HouseSparrow-thumbnail-e9cbc91763a1579de8ef04880678b5e3.jpg","https://media.birdweather.com/species/1/HouseSparrow-png200-125e8603e1efe9d7a18316b94f06a65e.png","XAgCDwD8qpukuHiqtLZ9mImnmPFcDO4E",13645440574,"https://media.birdweather.com/soundscapes/6891/6891-20260628-060911.flac",0,3,"birdnetpi"
9188641986,6891,"2026-06-28T08:07:38.000+02:00",0.73,0.841241300106049,9.03634566412593,"almost_certain","2p4",NA,51.566,6.0041,FALSE,1,"House Sparrow","Passer domesticus","#d16ff8","avian","https://media.birdweather.com/species/1/HouseSparrow-standard-b861184cf45c092cdb45fd689dd676ef.jpg","https://media.birdweather.com/species/1/HouseSparrow-thumbnail-e9cbc91763a1579de8ef04880678b5e3.jpg","https://media.birdweather.com/species/1/HouseSparrow-png200-125e8603e1efe9d7a18316b94f06a65e.png","XAgCDwD8qpukuHiqtLZ9mImnmPFcDO4E",13645400366,"https://media.birdweather.com/soundscapes/6891/6891-20260628-060738.flac",0,3,"birdnetpi"
9188627247,6891,"2026-06-28T08:06:50.000+02:00",0.78,0.841241300106049,9.18704689056956,"almost_certain","2p4",NA,51.5637,6.0076,FALSE,1,"House Sparrow","Passer domesticus","#d16ff8","avian","https://media.birdweather.com/species/1/HouseSparrow-standard-b861184cf45c092cdb45fd689dd676ef.jpg","https://media.birdweather.com/species/1/HouseSparrow-thumbnail-e9cbc91763a1579de8ef04880678b5e3.jpg","https://media.birdweather.com/species/1/HouseSparrow-png200-125e8603e1efe9d7a18316b94f06a65e.png","XAgCDwD8qpukuHiqtLZ9mImnmPFcDO4E",13645373050,"https://media.birdweather.com/soundscapes/6891/6891-20260628-060650.flac",0,3,"birdnetpi"
9188618727,6891,"2026-06-28T08:06:08.000+02:00",0.76,0.823857188224792,9.10047234201448,"almost_certain","2p4",NA,51.5665,6.008,FALSE,53,"European Starling","Sturnus vulgaris","#96038f","avian","https://media.birdweather.com/species/53/EuropeanStarling-standard-ff3a9beb497795d3bd4205bd86cf1652.jpg","https://media.birdweather.com/species/53/EuropeanStarling-thumbnail-974e70e3ea84a4be254312c2dfe527d5.jpg","https://media.birdweather.com/species/53/EuropeanStarling-png200-c81072eef7cc54f4bd51dcb88ed45765.png","FQgGBwD4dnmbZHhapUenmGh16HWAvzoO",13645357335,"https://media.birdweather.com/soundscapes/6891/6891-20260628-060608.flac",0,3,"birdnetpi"
9188614462,6891,"2026-06-28T08:05:51.000+02:00",0.77,0.841241300106049,9.15820371996853,"almost_certain","2p4",NA,51.5668,6.0047,FALSE,1,"House Sparrow","Passer domesticus","#d16ff8","avian","https://media.birdweather.com/species/1/HouseSparrow-standard-b861184cf45c092cdb45fd689dd676ef.jpg","https://media.birdweather.com/species/1/HouseSparrow-thumbnail-e9cbc91763a1579de8ef04880678b5e3.jpg","https://media.birdweather.com/species/1/HouseSparrow-png200-125e8603e1efe9d7a18316b94f06a65e.png","XAgCDwD8qpukuHiqtLZ9mImnmPFcDO4E",13645349569,"https://media.birdweather.com/soundscapes/6891/6891-20260628-060551.flac",0,3,"birdnetpi"
9188607537,6891,"2026-06-28T08:05:29.000+02:00",0.82,0.841241300106049,9.29670540008231,"almost_certain","2p4",NA,51.5624,6.0012,FALSE,1,"House Sparrow","Passer domesticus","#d16ff8","avian","https://media.birdweather.com/species/1/HouseSparrow-standard-b861184cf45c092cdb45fd689dd676ef.jpg","https://media.birdweather.com/species/1/HouseSparrow-thumbnail-e9cbc91763a1579de8ef04880678b5e3.jpg","https://media.birdweather.com/species/1/HouseSparrow-png200-125e8603e1efe9d7a18316b94f06a65e.png","XAgCDwD8qpukuHiqtLZ9mImnmPFcDO4E",13645336686,"https://media.birdweather.com/soundscapes/6891/6891-20260628-060529.flac",0,3,"birdnetpi"
9188600448,6891,"2026-06-28T08:05:00.000+02:00",0.87,0.841241300106049,9.42248174255908,"almost_certain","2p4",NA,51.5658,6.0023,FALSE,1,"House Sparrow","Passer domesticus","#d16ff8","avian","https://media.birdweather.com/species/1/HouseSparrow-standard-b861184cf45c092cdb45fd689dd676ef.jpg","https://media.birdweather.com/species/1/HouseSparrow-thumbnail-e9cbc91763a1579de8ef04880678b5e3.jpg","https://media.birdweather.com/species/1/HouseSparrow-png200-125e8603e1efe9d7a18316b94f06a65e.png","XAgCDwD8qpukuHiqtLZ9mImnmPFcDO4E",13645323775,"https://media.birdweather.com/soundscapes/6891/6891-20260628-060500.flac",0,3,"birdnetpi"
9188582850,6891,"2026-06-28T08:03:55.000+02:00",0.85,0.841241300106049,9.37354796939423,"almost_certain","2p4",NA,51.5671,6.0013,FALSE,1,"House Sparrow","Passer domesticus","#d16ff8","avian","https://media.birdweather.com/species/1/HouseSparrow-standard-b861184cf45c092cdb45fd689dd676ef.jpg","https://media.birdweather.com/species/1/HouseSparrow-thumbnail-e9cbc91763a1579de8ef04880678b5e3.jpg","https://media.birdweather.com/species/1/HouseSparrow-png200-125e8603e1efe9d7a18316b94f06a65e.png","XAgCDwD8qpukuHiqtLZ9mImnmPFcDO4E",13645291341,"https://media.birdweather.com/soundscapes/6891/6891-20260628-060355.flac",0,3,"birdnetpi"
9188575901,6891,"2026-06-28T08:03:29.000+02:00",0.77,0.841241300106049,9.15820371996853,"almost_certain","2p4",NA,51.5619,6.003,FALSE,1,"House Sparrow","Passer domesticus","#d16ff8","avian","https://media.birdweather.com/species/1/HouseSparrow-standard-b861184cf45c092cdb45fd689dd676ef.jpg","https://media.birdweather.com/species/1/HouseSparrow-thumbnail-e9cbc91763a1579de8ef04880678b5e3.jpg","https://media.birdweather.com/species/1/HouseSparrow-png200-125e8603e1efe9d7a18316b94f06a65e.png","XAgCDwD8qpukuHiqtLZ9mImnmPFcDO4E",13645278448,"https://media.birdweather.com/soundscapes/6891/6891-20260628-060329.flac",0,3,"birdnetpi"
9188563670,6891,"2026-06-28T08:02:35.000+02:00",0.76,0.841241300106049,9.12874021881581,"almost_certain","2p4",NA,51.5629,6.0022,FALSE,1,"House Sparrow","Passer domesticus","#d16ff8","avian","https://media.birdweather.com/species/1/HouseSparrow-standard-b861184cf45c092cdb45fd689dd676ef.jpg","https://media.birdweather.com/species/1/HouseSparrow-thumbnail-e9cbc91763a1579de8ef04880678b5e3.jpg","https://media.birdweather.com/species/1/HouseSparrow-png200-125e8603e1efe9d7a18316b94f06a65e.png","XAgCDwD8qpukuHiqtLZ9mImnmPFcDO4E",13645255524,"https://media.birdweather.com/soundscapes/6891/6891-20260628-060235.flac",0,3,"birdnetpi"
9188554168,6891,"2026-06-28T08:02:08.000+02:00",0.74,0.841241300106049,9.06784130409377,"almost_certain","2p4",NA,51.568,6.0025,FALSE,1,"House Sparrow","Passer domesticus","#d16ff8","avian","https://media.birdweather.com/species/1/HouseSparrow-standard-b861184cf45c092cdb45fd689dd676ef.jpg","https://media.birdweather.com/species/1/HouseSparrow-thumbnail-e9cbc91763a1579de8ef04880678b5e3.jpg","https://media.birdweather.com/species/1/HouseSparrow-png200-125e8603e1efe9d7a18316b94f06a65e.png","XAgCDwD8qpukuHiqtLZ9mImnmPFcDO4E",13645237895,"https://media.birdweather.com/soundscapes/6891/6891-20260628-060208.flac",0,3,"birdnetpi"
9188532855,6891,"2026-06-28T08:00:34.000+02:00",0.73,0.841241300106049,9.03634566412593,"almost_certain","2p4",NA,51.5639,6.0074,FALSE,1,"House Sparrow","Passer domesticus","#d16ff8","avian","https://media.birdweather.com/species/1/HouseSparrow-standard-b861184cf45c092cdb45fd689dd676ef.jpg","https://media.birdweather.com/species/1/HouseSparrow-thumbnail-e9cbc91763a1579de8ef04880678b5e3.jpg","https://media.birdweather.com/species/1/HouseSparrow-png200-125e8603e1efe9d7a18316b94f06a65e.png","XAgCDwD8qpukuHiqtLZ9mImnmPFcDO4E",13645197821,"https://media.birdweather.com/soundscapes/6891/6891-20260628-060034.flac",0,3,"birdnetpi"
9188526062,6891,"2026-06-28T08:00:15.000+02:00",0.86,0.841241300106049,9.3982333219329,"almost_certain","2p4",NA,51.5657,6.0094,FALSE,1,"House Sparrow","Passer domesticus","#d16ff8","avian","https://media.birdweather.com/species/1/HouseSparrow-standard-b861184cf45c092cdb45fd689dd676ef.jpg","https://media.birdweather.com/species/1/HouseSparrow-thumbnail-e9cbc91763a1579de8ef04880678b5e3.jpg","https://media.birdweather.com/species/1/HouseSparrow-png200-125e8603e1efe9d7a18316b94f06a65e.png","XAgCDwD8qpukuHiqtLZ9mImnmPFcDO4E",13645185036,"https://media.birdweather.com/soundscapes/6891/6891-20260628-060015.flac",0,3,"birdnetpi"
9188473713,6891,"2026-06-28T07:56:48.000+02:00",0.73,0.841241300106049,9.03634566412593,"almost_certain","2p4",NA,51.5615,6.0081,FALSE,1,"House Sparrow","Passer domesticus","#d16ff8","avian","https://media.birdweather.com/species/1/HouseSparrow-standard-b861184cf45c092cdb45fd689dd676ef.jpg","https://media.birdweather.com/species/1/HouseSparrow-thumbnail-e9cbc91763a1579de8ef04880678b5e3.jpg","https://media.birdweather.com/species/1/HouseSparrow-png200-125e8603e1efe9d7a18316b94f06a65e.png","XAgCDwD8qpukuHiqtLZ9mImnmPFcDO4E",13645090244,"https://media.birdweather.com/soundscapes/6891/6891-20260628-055648.flac",0,3,"birdnetpi"
9188447983,6891,"2026-06-28T07:55:14.000+02:00",0.79,0.841241300106049,9.21529531403731,"almost_certain","2p4",NA,51.5685,6.0068,FALSE,1,"House Sparrow","Passer domesticus","#d16ff8","avian","https://media.birdweather.com/species/1/HouseSparrow-standard-b861184cf45c092cdb45fd689dd676ef.jpg","https://media.birdweather.com/species/1/HouseSparrow-thumbnail-e9cbc91763a1579de8ef04880678b5e3.jpg","https://media.birdweather.com/species/1/HouseSparrow-png200-125e8603e1efe9d7a18316b94f06a65e.png","XAgCDwD8qpukuHiqtLZ9mImnmPFcDO4E",13645044233,"https://media.birdweather.com/soundscapes/6891/6891-20260628-055514.flac",0,3,"birdnetpi"
9188433798,6891,"2026-06-28T07:54:21.000+02:00",0.77,0.841241300106049,9.15820371996853,"almost_certain","2p4",NA,51.566,6.0057,FALSE,1,"House Sparrow","Passer domesticus","#d16ff8","avian","https://media.birdweather.com/species/1/HouseSparrow-standard-b861184cf45c092cdb45fd689dd676ef.jpg","https://media.birdweather.com/species/1/HouseSparrow-thumbnail-e9cbc91763a1579de8ef04880678b5e3.jpg","https://media.birdweather.com/species/1/HouseSparrow-png200-125e8603e1efe9d7a18316b94f06a65e.png","XAgCDwD8qpukuHiqtLZ9mImnmPFcDO4E",13645018529,"https://media.birdweather.com/soundscapes/6891/6891-20260628-055421.flac",0,3,"birdnetpi"
9188426634,6891,"2026-06-28T07:53:51.000+02:00",0.94,0.651233911514282,9.23512579064096,"almost_certain","2p4",NA,51.57,6.0035,FALSE,119,"Common House-Martin","Delichon urbicum","#53b1ff","avian","https://media.birdweather.com/species/119/CommonHouse-Martin-standard-9ffbcc688c51210fb136a162c84d82ad.jpg","https://media.birdweather.com/species/119/CommonHouse-Martin-thumbnail-dd7059ca6235347c3097e7a66f04df95.jpg","https://media.birdweather.com/species/119/CommonHouse-Martin-png200-a73a8953ce2af50676da81e70b2746b2.png","YhgKDwKJd4iIiHd/h5h5d4mIeQqVllAH",13645005675,"https://media.birdweather.com/soundscapes/6891/6891-20260628-055351.flac",0,3,"birdnetpi"
9188416693,6891,"2026-06-28T07:53:21.000+02:00",0.97,0.651233911514282,9.29788485500383,"almost_certain","2p4",NA,51.5616,6.0019,FALSE,119,"Common House-Martin","Delichon urbicum","#53b1ff","avian","https://media.birdweather.com/species/119/CommonHouse-Martin-standard-9ffbcc688c51210fb136a162c84d82ad.jpg","https://media.birdweather.com/species/119/CommonHouse-Martin-thumbnail-dd7059ca6235347c3097e7a66f04df95.jpg","https://media.birdweather.com/species/119/CommonHouse-Martin-png200-a73a8953ce2af50676da81e70b2746b2.png","YhgKDwKJd4iIiHd/h5h5d4mIeQqVllAH",13644987697,"https://media.birdweather.com/soundscapes/6891/6891-20260628-055321.flac",0,3,"birdnetpi"
9188382926,6891,"2026-06-28T07:51:17.000+02:00",0.76,0.841241300106049,9.12874021881581,"almost_certain","2p4",NA,51.5649,6.0081,FALSE,1,"House Sparrow","Passer domesticus","#d16ff8","avian","https://media.birdweather.com/species/1/HouseSparrow-standard-b861184cf45c092cdb45fd689dd676ef.jpg","https://media.birdweather.com/species/1/HouseSparrow-thumbnail-e9cbc91763a1579de8ef04880678b5e3.jpg","https://media.birdweather.com/species/1/HouseSparrow-png200-125e8603e1efe9d7a18316b94f06a65e.png","XAgCDwD8qpukuHiqtLZ9mImnmPFcDO4E",13644926183,"https://media.birdweather.com/soundscapes/6891/6891-20260628-055117.flac",0,3,"birdnetpi"
9188377910,6891,"2026-06-28T07:50:47.000+02:00",0.76,0.841241300106049,9.12874021881581,"almost_certain","2p4",NA,51.5686,6.0078,FALSE,1,"House Sparrow","Passer domesticus","#d16ff8","avian","https://media.birdweather.com/species/1/HouseSparrow-standard-b861184cf45c092cdb45fd689dd676ef.jpg","https://media.birdweather.com/species/1/HouseSparrow-thumbnail-e9cbc91763a1579de8ef04880678b5e3.jpg","https://media.birdweather.com/species/1/HouseSparrow-png200-125e8603e1efe9d7a18316b94f06a65e.png","XAgCDwD8qpukuHiqtLZ9mImnmPFcDO4E",13644917039,"https://media.birdweather.com/soundscapes/6891/6891-20260628-055047.flac",0,3,"birdnetpi"
9188373343,6891,"2026-06-28T07:50:27.000+02:00",0.71,0.651233911514282,8.62504969782311,"almost_certain","2p4",NA,51.5639,6.0078,FALSE,119,"Common House-Martin","Delichon urbicum","#53b1ff","avian","https://media.birdweather.com/species/119/CommonHouse-Martin-standard-9ffbcc688c51210fb136a162c84d82ad.jpg","https://media.birdweather.com/species/119/CommonHouse-Martin-thumbnail-dd7059ca6235347c3097e7a66f04df95.jpg","https://media.birdweather.com/species/119/CommonHouse-Martin-png200-a73a8953ce2af50676da81e70b2746b2.png","YhgKDwKJd4iIiHd/h5h5d4mIeQqVllAH",13644908630,"https://media.birdweather.com/soundscapes/6891/6891-20260628-055027.flac",0,3,"birdnetpi"
9188348105,6891,"2026-06-28T07:49:02.000+02:00",0.77,0.841241300106049,9.15820371996853,"almost_certain","2p4",NA,51.5669,6.0089,FALSE,1,"House Sparrow","Passer domesticus","#d16ff8","avian","https://media.birdweather.com/species/1/HouseSparrow-standard-b861184cf45c092cdb45fd689dd676ef.jpg","https://media.birdweather.com/species/1/HouseSparrow-thumbnail-e9cbc91763a1579de8ef04880678b5e3.jpg","https://media.birdweather.com/species/1/HouseSparrow-png200-125e8603e1efe9d7a18316b94f06a65e.png","XAgCDwD8qpukuHiqtLZ9mImnmPFcDO4E",13644862738,"https://media.birdweather.com/soundscapes/6891/6891-20260628-054902.flac",0,3,"birdnetpi"
9188319324,6891,"2026-06-28T07:47:14.000+02:00",0.9,0.841241300106049,9.49275355587003,"almost_certain","2p4",NA,51.5678,6.0077,FALSE,1,"House Sparrow","Passer domesticus","#d16ff8","avian","https://media.birdweather.com/species/1/HouseSparrow-standard-b861184cf45c092cdb45fd689dd676ef.jpg","https://media.birdweather.com/species/1/HouseSparrow-thumbnail-e9cbc91763a1579de8ef04880678b5e3.jpg","https://media.birdweather.com/species/1/HouseSparrow-png200-125e8603e1efe9d7a18316b94f06a65e.png","XAgCDwD8qpukuHiqtLZ9mImnmPFcDO4E",13644810895,"https://media.birdweather.com/soundscapes/6891/6891-20260628-054714.flac",0,3,"birdnetpi"
9188314676,6891,"2026-06-28T07:46:48.000+02:00",0.89,0.841241300106049,9.46972780377659,"almost_certain","2p4",NA,51.5661,6.0066,FALSE,1,"House Sparrow","Passer domesticus","#d16ff8","avian","https://media.birdweather.com/species/1/HouseSparrow-standard-b861184cf45c092cdb45fd689dd676ef.jpg","https://media.birdweather.com/species/1/HouseSparrow-thumbnail-e9cbc91763a1579de8ef04880678b5e3.jpg","https://media.birdweather.com/species/1/HouseSparrow-png200-125e8603e1efe9d7a18316b94f06a65e.png","XAgCDwD8qpukuHiqtLZ9mImnmPFcDO4E",13644802912,"https://media.birdweather.com/soundscapes/6891/6891-20260628-054648.flac",0,3,"birdnetpi"
9188307540,6891,"2026-06-28T07:46:21.000+02:00",0.84,0.841241300106049,9.34840964941881,"almost_certain","2p4",NA,51.5648,6.0094,FALSE,1,"House Sparrow","Passer domesticus","#d16ff8","avian","https://media.birdweather.com/species/1/HouseSparrow-standard-b861184cf45c092cdb45fd689dd676ef.jpg","https://media.birdweather.com/species/1/HouseSparrow-thumbnail-e9cbc91763a1579de8ef04880678b5e3.jpg","https://media.birdweather.com/species/1/HouseSparrow-png200-125e8603e1efe9d7a18316b94f06a65e.png","XAgCDwD8qpukuHiqtLZ9mImnmPFcDO4E",13644790058,"https://media.birdweather.com/soundscapes/6891/6891-20260628-054621.flac",0,3,"birdnetpi"
9188299624,6891,"2026-06-28T07:45:59.000+02:00",0.87,0.841241300106049,9.42248174255908,"almost_certain","2p4",NA,51.5704,6.0052,FALSE,1,"House Sparrow","Passer domesticus","#d16ff8","avian","https://media.birdweather.com/species/1/HouseSparrow-standard-b861184cf45c092cdb45fd689dd676ef.jpg","https://media.birdweather.com/species/1/HouseSparrow-thumbnail-e9cbc91763a1579de8ef04880678b5e3.jpg","https://media.birdweather.com/species/1/HouseSparrow-png200-125e8603e1efe9d7a18316b94f06a65e.png","XAgCDwD8qpukuHiqtLZ9mImnmPFcDO4E",13644775707,"https://media.birdweather.com/soundscapes/6891/6891-20260628-054559.flac",0,3,"birdnetpi"
9188297967,6891,"2026-06-28T07:45:44.000+02:00",0.94,0.651233911514282,9.23512579064096,"almost_certain","2p4",NA,51.5648,6.0046,FALSE,119,"Common House-Martin","Delichon urbicum","#53b1ff","avian","https://media.birdweather.com/species/119/CommonHouse-Martin-standard-9ffbcc688c51210fb136a162c84d82ad.jpg","https://media.birdweather.com/species/119/CommonHouse-Martin-thumbnail-dd7059ca6235347c3097e7a66f04df95.jpg","https://media.birdweather.com/species/119/CommonHouse-Martin-png200-a73a8953ce2af50676da81e70b2746b2.png","YhgKDwKJd4iIiHd/h5h5d4mIeQqVllAH",13644772934,"https://media.birdweather.com/soundscapes/6891/6891-20260628-054544.flac",0,3,"birdnetpi"
9188292389,6891,"2026-06-28T07:45:26.000+02:00",0.86,0.841241300106049,9.3982333219329,"almost_certain","2p4",NA,51.5617,6.0045,FALSE,1,"House Sparrow","Passer domesticus","#d16ff8","avian","https://media.birdweather.com/species/1/HouseSparrow-standard-b861184cf45c092cdb45fd689dd676ef.jpg","https://media.birdweather.com/species/1/HouseSparrow-thumbnail-e9cbc91763a1579de8ef04880678b5e3.jpg","https://media.birdweather.com/species/1/HouseSparrow-png200-125e8603e1efe9d7a18316b94f06a65e.png","XAgCDwD8qpukuHiqtLZ9mImnmPFcDO4E",13644762806,"https://media.birdweather.com/soundscapes/6891/6891-20260628-054526.flac",0,3,"birdnetpi"
9188290475,6891,"2026-06-28T07:45:15.000+02:00",0.95,0.651233911514282,9.25636652619523,"almost_certain","2p4",NA,51.5637,6.002,FALSE,119,"Common House-Martin","Delichon urbicum","#53b1ff","avian","https://media.birdweather.com/species/119/CommonHouse-Martin-standard-9ffbcc688c51210fb136a162c84d82ad.jpg","https://media.birdweather.com/species/119/CommonHouse-Martin-thumbnail-dd7059ca6235347c3097e7a66f04df95.jpg","https://media.birdweather.com/species/119/CommonHouse-Martin-png200-a73a8953ce2af50676da81e70b2746b2.png","YhgKDwKJd4iIiHd/h5h5d4mIeQqVllAH",13644759410,"https://media.birdweather.com/soundscapes/6891/6891-20260628-054515.flac",0,3,"birdnetpi"
9188282980,6891,"2026-06-28T07:44:52.000+02:00",0.96,0.823857188224792,9.59506062540062,"almost_certain","2p4",NA,51.5673,6.0034,FALSE,53,"European Starling","Sturnus vulgaris","#96038f","avian","https://media.birdweather.com/species/53/EuropeanStarling-standard-ff3a9beb497795d3bd4205bd86cf1652.jpg","https://media.birdweather.com/species/53/EuropeanStarling-thumbnail-974e70e3ea84a4be254312c2dfe527d5.jpg","https://media.birdweather.com/species/53/EuropeanStarling-png200-c81072eef7cc54f4bd51dcb88ed45765.png","FQgGBwD4dnmbZHhapUenmGh16HWAvzoO",13644745578,"https://media.birdweather.com/soundscapes/6891/6891-20260628-054452.flac",0,3,"birdnetpi"
9188282164,6891,"2026-06-28T07:44:44.000+02:00",0.86,0.651233911514282,9.05218778274537,"almost_certain","2p4",NA,51.564,6.0033,FALSE,119,"Common House-Martin","Delichon urbicum","#53b1ff","avian","https://media.birdweather.com/species/119/CommonHouse-Martin-standard-9ffbcc688c51210fb136a162c84d82ad.jpg","https://media.birdweather.com/species/119/CommonHouse-Martin-thumbnail-dd7059ca6235347c3097e7a66f04df95.jpg","https://media.birdweather.com/species/119/CommonHouse-Martin-png200-a73a8953ce2af50676da81e70b2746b2.png","YhgKDwKJd4iIiHd/h5h5d4mIeQqVllAH",13644744320,"https://media.birdweather.com/soundscapes/6891/6891-20260628-054444.flac",0,3,"birdnetpi"
9188277364,6891,"2026-06-28T07:44:36.000+02:00",0.82,0.841241300106049,9.29670540008231,"almost_certain","2p4",NA,51.5643,6.0005,FALSE,1,"House Sparrow","Passer domesticus","#d16ff8","avian","https://media.birdweather.com/species/1/HouseSparrow-standard-b861184cf45c092cdb45fd689dd676ef.jpg","https://media.birdweather.com/species/1/HouseSparrow-thumbnail-e9cbc91763a1579de8ef04880678b5e3.jpg","https://media.birdweather.com/species/1/HouseSparrow-png200-125e8603e1efe9d7a18316b94f06a65e.png","XAgCDwD8qpukuHiqtLZ9mImnmPFcDO4E",13644735668,"https://media.birdweather.com/soundscapes/6891/6891-20260628-054436.flac",0,3,"birdnetpi"
9188272019,6891,"2026-06-28T07:44:05.000+02:00",0.88,0.651233911514282,9.10026289088681,"almost_certain","2p4",NA,51.5638,6.007,FALSE,119,"Common House-Martin","Delichon urbicum","#53b1ff","avian","https://media.birdweather.com/species/119/CommonHouse-Martin-standard-9ffbcc688c51210fb136a162c84d82ad.jpg","https://media.birdweather.com/species/119/CommonHouse-Martin-thumbnail-dd7059ca6235347c3097e7a66f04df95.jpg","https://media.birdweather.com/species/119/CommonHouse-Martin-png200-a73a8953ce2af50676da81e70b2746b2.png","YhgKDwKJd4iIiHd/h5h5d4mIeQqVllAH",13644725645,"https://media.birdweather.com/soundscapes/6891/6891-20260628-054405.flac",0,3,"birdnetpi"
9188263593,6891,"2026-06-28T07:43:44.000+02:00",0.97,0.651233911514282,9.29788485500383,"almost_certain","2p4",NA,51.5684,6.0078,FALSE,119,"Common House-Martin","Delichon urbicum","#53b1ff","avian","https://media.birdweather.com/species/119/CommonHouse-Martin-standard-9ffbcc688c51210fb136a162c84d82ad.jpg","https://media.birdweather.com/species/119/CommonHouse-Martin-thumbnail-dd7059ca6235347c3097e7a66f04df95.jpg","https://media.birdweather.com/species/119/CommonHouse-Martin-png200-a73a8953ce2af50676da81e70b2746b2.png","YhgKDwKJd4iIiHd/h5h5d4mIeQqVllAH",13644709873,"https://media.birdweather.com/soundscapes/6891/6891-20260628-054344.flac",0,3,"birdnetpi"
9188258241,6891,"2026-06-28T07:43:12.000+02:00",0.89,0.651233911514282,9.12368226458905,"almost_certain","2p4",NA,51.5684,6.0052,FALSE,119,"Common House-Martin","Delichon urbicum","#53b1ff","avian","https://media.birdweather.com/species/119/CommonHouse-Martin-standard-9ffbcc688c51210fb136a162c84d82ad.jpg","https://media.birdweather.com/species/119/CommonHouse-Martin-thumbnail-dd7059ca6235347c3097e7a66f04df95.jpg","https://media.birdweather.com/species/119/CommonHouse-Martin-png200-a73a8953ce2af50676da81e70b2746b2.png","YhgKDwKJd4iIiHd/h5h5d4mIeQqVllAH",13644700659,"https://media.birdweather.com/soundscapes/6891/6891-20260628-054312.flac",0,3,"birdnetpi"
9188251224,6891,"2026-06-28T07:42:46.000+02:00",0.74,0.651233911514282,8.72179576490623,"almost_certain","2p4",NA,51.5621,6.0027,FALSE,119,"Common House-Martin","Delichon urbicum","#53b1ff","avian","https://media.birdweather.com/species/119/CommonHouse-Martin-standard-9ffbcc688c51210fb136a162c84d82ad.jpg","https://media.birdweather.com/species/119/CommonHouse-Martin-thumbnail-dd7059ca6235347c3097e7a66f04df95.jpg","https://media.birdweather.com/species/119/CommonHouse-Martin-png200-a73a8953ce2af50676da81e70b2746b2.png","YhgKDwKJd4iIiHd/h5h5d4mIeQqVllAH",13644687748,"https://media.birdweather.com/soundscapes/6891/6891-20260628-054246.flac",0,3,"birdnetpi"
9188208829,6891,"2026-06-28T07:40:06.000+02:00",0.78,0.651233911514282,8.84100135138202,"almost_certain","2p4",NA,51.5646,6.0032,FALSE,119,"Common House-Martin","Delichon urbicum","#53b1ff","avian","https://media.birdweather.com/species/119/CommonHouse-Martin-standard-9ffbcc688c51210fb136a162c84d82ad.jpg","https://media.birdweather.com/species/119/CommonHouse-Martin-thumbnail-dd7059ca6235347c3097e7a66f04df95.jpg","https://media.birdweather.com/species/119/CommonHouse-Martin-png200-a73a8953ce2af50676da81e70b2746b2.png","YhgKDwKJd4iIiHd/h5h5d4mIeQqVllAH",13644613099,"https://media.birdweather.com/soundscapes/6891/6891-20260628-054006.flac",0,3,"birdnetpi"
9188185982,6891,"2026-06-28T07:38:37.000+02:00",0.95,0.651233911514282,9.25636652619523,"almost_certain","2p4",NA,51.564,6.0075,FALSE,119,"Common House-Martin","Delichon urbicum","#53b1ff","avian","https://media.birdweather.com/species/119/CommonHouse-Martin-standard-9ffbcc688c51210fb136a162c84d82ad.jpg","https://media.birdweather.com/species/119/CommonHouse-Martin-thumbnail-dd7059ca6235347c3097e7a66f04df95.jpg","https://media.birdweather.com/species/119/CommonHouse-Martin-png200-a73a8953ce2af50676da81e70b2746b2.png","YhgKDwKJd4iIiHd/h5h5d4mIeQqVllAH",13644569435,"https://media.birdweather.com/soundscapes/6891/6891-20260628-053837.flac",0,3,"birdnetpi"
9188184097,6891,"2026-06-28T07:38:31.000+02:00",0.98,0.235489740967751,7.96071360517318,"almost_certain","2p4",NA,51.5663,6.0063,FALSE,20,"Black Redstart","Phoenicurus ochruros","#c8ce2d","avian","https://media.birdweather.com/species/20/BlackRedstart-standard-4255c9b712ecb46ea7d3df8d556c18e7.jpg","https://media.birdweather.com/species/20/BlackRedstart-thumbnail-2fee59acc1ecc6be7238da194869e940.jpg","https://media.birdweather.com/species/20/BlackRedstart-png200-cbc0625b8b4889aeec1da754ad906efd.png","2QgGFwT8epa+l3ZlZ5hntnh4Z/6oyZ8I",13644566029,"https://media.birdweather.com/soundscapes/6891/6891-20260628-053831.flac",0,3,"birdnetpi"
9188180190,6891,"2026-06-28T07:38:14.000+02:00",0.93,0.651233911514282,9.21355054159461,"almost_certain","2p4",NA,51.562,6.0028,FALSE,119,"Common House-Martin","Delichon urbicum","#53b1ff","avian","https://media.birdweather.com/species/119/CommonHouse-Martin-standard-9ffbcc688c51210fb136a162c84d82ad.jpg","https://media.birdweather.com/species/119/CommonHouse-Martin-thumbnail-dd7059ca6235347c3097e7a66f04df95.jpg","https://media.birdweather.com/species/119/CommonHouse-Martin-png200-a73a8953ce2af50676da81e70b2746b2.png","YhgKDwKJd4iIiHd/h5h5d4mIeQqVllAH",13644559095,"https://media.birdweather.com/soundscapes/6891/6891-20260628-053814.flac",0,3,"birdnetpi"
9188130061,6891,"2026-06-28T07:35:08.000+02:00",0.9,0.651233911514282,9.14670801668249,"almost_certain","2p4",NA,51.5689,6.0027,FALSE,119,"Common House-Martin","Delichon urbicum","#53b1ff","avian","https://media.birdweather.com/species/119/CommonHouse-Martin-standard-9ffbcc688c51210fb136a162c84d82ad.jpg","https://media.birdweather.com/species/119/CommonHouse-Martin-thumbnail-dd7059ca6235347c3097e7a66f04df95.jpg","https://media.birdweather.com/species/119/CommonHouse-Martin-png200-a73a8953ce2af50676da81e70b2746b2.png","YhgKDwKJd4iIiHd/h5h5d4mIeQqVllAH",13644470437,"https://media.birdweather.com/soundscapes/6891/6891-20260628-053508.flac",0,3,"birdnetpi"
9188089599,6891,"2026-06-28T07:32:41.000+02:00",0.97,0.995071530342102,9.87151254075837,"almost_certain","2p4",NA,51.5677,6.0054,FALSE,407,"Common Wood-Pigeon","Columba palumbus","#028fb2","avian","https://media.birdweather.com/species/407/CommonWood-Pigeon-standard-5558900260c92622ceef8a812b06518e.jpg","https://media.birdweather.com/species/407/CommonWood-Pigeon-thumbnail-4b86c907c8b82c8af31d566b811dee05.jpg","https://media.birdweather.com/species/407/CommonWood-Pigeon-png200-533b13201573be3895fcec3e61e861b5.png","2ukFHwIHiYeWxnZUiniYZ3h5h6+rCIQH",13644398470,"https://media.birdweather.com/soundscapes/6891/6891-20260628-053241.flac",0,3,"birdnetpi"
9188084386,6891,"2026-06-28T07:32:20.000+02:00",0.97,0.995071530342102,9.87151254075837,"almost_certain","2p4",NA,51.5678,6.0063,FALSE,407,"Common Wood-Pigeon","Columba palumbus","#028fb2","avian","https://media.birdweather.com/species/407/CommonWood-Pigeon-standard-5558900260c92622ceef8a812b06518e.jpg","https://media.birdweather.com/species/407/CommonWood-Pigeon-thumbnail-4b86c907c8b82c8af31d566b811dee05.jpg","https://media.birdweather.com/species/407/CommonWood-Pigeon-png200-533b13201573be3895fcec3e61e861b5.png","2ukFHwIHiYeWxnZUiniYZ3h5h6+rCIQH",13644389239,"https://media.birdweather.com/soundscapes/6891/6891-20260628-053220.flac",0,3,"birdnetpi"
9188082015,6891,"2026-06-28T07:32:11.000+02:00",0.98,0.651233911514282,9.31818152252948,"almost_certain","2p4",NA,51.5663,6.0026,FALSE,119,"Common House-Martin","Delichon urbicum","#53b1ff","avian","https://media.birdweather.com/species/119/CommonHouse-Martin-standard-9ffbcc688c51210fb136a162c84d82ad.jpg","https://media.birdweather.com/species/119/CommonHouse-Martin-thumbnail-dd7059ca6235347c3097e7a66f04df95.jpg","https://media.birdweather.com/species/119/CommonHouse-Martin-png200-a73a8953ce2af50676da81e70b2746b2.png","YhgKDwKJd4iIiHd/h5h5d4mIeQqVllAH",13644384891,"https://media.birdweather.com/soundscapes/6891/6891-20260628-053211.flac",0,3,"birdnetpi"
9188073889,6891,"2026-06-28T07:31:39.000+02:00",0.92,0.995071530342102,9.76525775970452,"almost_certain","2p4",NA,51.5627,6.0062,FALSE,407,"Common Wood-Pigeon","Columba palumbus","#028fb2","avian","https://media.birdweather.com/species/407/CommonWood-Pigeon-standard-5558900260c92622ceef8a812b06518e.jpg","https://media.birdweather.com/species/407/CommonWood-Pigeon-thumbnail-4b86c907c8b82c8af31d566b811dee05.jpg","https://media.birdweather.com/species/407/CommonWood-Pigeon-png200-533b13201573be3895fcec3e61e861b5.png","2ukFHwIHiYeWxnZUiniYZ3h5h6+rCIQH",13644370506,"https://media.birdweather.com/soundscapes/6891/6891-20260628-053139.flac",0,3,"birdnetpi"
9188073243,6891,"2026-06-28T07:31:38.000+02:00",0.95,0.651233911514282,9.25636652619523,"almost_certain","2p4",NA,51.5669,6.0079,FALSE,119,"Common House-Martin","Delichon urbicum","#53b1ff","avian","https://media.birdweather.com/species/119/CommonHouse-Martin-standard-9ffbcc688c51210fb136a162c84d82ad.jpg","https://media.birdweather.com/species/119/CommonHouse-Martin-thumbnail-dd7059ca6235347c3097e7a66f04df95.jpg","https://media.birdweather.com/species/119/CommonHouse-Martin-png200-a73a8953ce2af50676da81e70b2746b2.png","YhgKDwKJd4iIiHd/h5h5d4mIeQqVllAH",13644369567,"https://media.birdweather.com/soundscapes/6891/6891-20260628-053138.flac",0,3,"birdnetpi"
9188066120,6891,"2026-06-28T07:31:16.000+02:00",0.84,0.651233911514282,9.00236411023127,"almost_certain","2p4",NA,51.5663,6.0046,FALSE,119,"Common House-Martin","Delichon urbicum","#53b1ff","avian","https://media.birdweather.com/species/119/CommonHouse-Martin-standard-9ffbcc688c51210fb136a162c84d82ad.jpg","https://media.birdweather.com/species/119/CommonHouse-Martin-thumbnail-dd7059ca6235347c3097e7a66f04df95.jpg","https://media.birdweather.com/species/119/CommonHouse-Martin-png200-a73a8953ce2af50676da81e70b2746b2.png","YhgKDwKJd4iIiHd/h5h5d4mIeQqVllAH",13644356705,"https://media.birdweather.com/soundscapes/6891/6891-20260628-053116.flac",0,3,"birdnetpi"
9188058715,6891,"2026-06-28T07:30:47.000+02:00",0.92,0.651233911514282,9.19163007394999,"almost_certain","2p4",NA,51.5646,6.0016,FALSE,119,"Common House-Martin","Delichon urbicum","#53b1ff","avian","https://media.birdweather.com/species/119/CommonHouse-Martin-standard-9ffbcc688c51210fb136a162c84d82ad.jpg","https://media.birdweather.com/species/119/CommonHouse-Martin-thumbnail-dd7059ca6235347c3097e7a66f04df95.jpg","https://media.birdweather.com/species/119/CommonHouse-Martin-png200-a73a8953ce2af50676da81e70b2746b2.png","YhgKDwKJd4iIiHd/h5h5d4mIeQqVllAH",13644343668,"https://media.birdweather.com/soundscapes/6891/6891-20260628-053047.flac",0,3,"birdnetpi"
9188048998,6891,"2026-06-28T07:30:08.000+02:00",0.77,0.841241300106049,9.15820371996853,"almost_certain","2p4",NA,51.5664,6.0013,FALSE,1,"House Sparrow","Passer domesticus","#d16ff8","avian","https://media.birdweather.com/species/1/HouseSparrow-standard-b861184cf45c092cdb45fd689dd676ef.jpg","https://media.birdweather.com/species/1/HouseSparrow-thumbnail-e9cbc91763a1579de8ef04880678b5e3.jpg","https://media.birdweather.com/species/1/HouseSparrow-png200-125e8603e1efe9d7a18316b94f06a65e.png","XAgCDwD8qpukuHiqtLZ9mImnmPFcDO4E",13644326318,"https://media.birdweather.com/soundscapes/6891/6891-20260628-053008.flac",0,3,"birdnetpi"
9188041759,6891,"2026-06-28T07:29:46.000+02:00",0.75,0.841241300106049,9.09862911661109,"almost_certain","2p4",NA,51.5693,6.0085,FALSE,1,"House Sparrow","Passer domesticus","#d16ff8","avian","https://media.birdweather.com/species/1/HouseSparrow-standard-b861184cf45c092cdb45fd689dd676ef.jpg","https://media.birdweather.com/species/1/HouseSparrow-thumbnail-e9cbc91763a1579de8ef04880678b5e3.jpg","https://media.birdweather.com/species/1/HouseSparrow-png200-125e8603e1efe9d7a18316b94f06a65e.png","XAgCDwD8qpukuHiqtLZ9mImnmPFcDO4E",13644313289,"https://media.birdweather.com/soundscapes/6891/6891-20260628-052946.flac",0,3,"birdnetpi"
9188039344,6891,"2026-06-28T07:29:33.000+02:00",0.73,0.651233911514282,8.69030012493839,"almost_certain","2p4",NA,51.5629,6.0075,FALSE,119,"Common House-Martin","Delichon urbicum","#53b1ff","avian","https://media.birdweather.com/species/119/CommonHouse-Martin-standard-9ffbcc688c51210fb136a162c84d82ad.jpg","https://media.birdweather.com/species/119/CommonHouse-Martin-thumbnail-dd7059ca6235347c3097e7a66f04df95.jpg","https://media.birdweather.com/species/119/CommonHouse-Martin-png200-a73a8953ce2af50676da81e70b2746b2.png","YhgKDwKJd4iIiHd/h5h5d4mIeQqVllAH",13644308981,"https://media.birdweather.com/soundscapes/6891/6891-20260628-052933.flac",0,3,"birdnetpi"
9188037780,6891,"2026-06-28T07:29:26.000+02:00",0.85,0.841241300106049,9.37354796939423,"almost_certain","2p4",NA,51.5664,6.0077,FALSE,1,"House Sparrow","Passer domesticus","#d16ff8","avian","https://media.birdweather.com/species/1/HouseSparrow-standard-b861184cf45c092cdb45fd689dd676ef.jpg","https://media.birdweather.com/species/1/HouseSparrow-thumbnail-e9cbc91763a1579de8ef04880678b5e3.jpg","https://media.birdweather.com/species/1/HouseSparrow-png200-125e8603e1efe9d7a18316b94f06a65e.png","XAgCDwD8qpukuHiqtLZ9mImnmPFcDO4E",13644306174,"https://media.birdweather.com/soundscapes/6891/6891-20260628-052926.flac",0,3,"birdnetpi"
9188031931,6891,"2026-06-28T07:29:16.000+02:00",0.95,0.651233911514282,9.25636652619523,"almost_certain","2p4",NA,51.5696,6.0058,FALSE,119,"Common House-Martin","Delichon urbicum","#53b1ff","avian","https://media.birdweather.com/species/119/CommonHouse-Martin-standard-9ffbcc688c51210fb136a162c84d82ad.jpg","https://media.birdweather.com/species/119/CommonHouse-Martin-thumbnail-dd7059ca6235347c3097e7a66f04df95.jpg","https://media.birdweather.com/species/119/CommonHouse-Martin-png200-a73a8953ce2af50676da81e70b2746b2.png","YhgKDwKJd4iIiHd/h5h5d4mIeQqVllAH",13644295997,"https://media.birdweather.com/soundscapes/6891/6891-20260628-052916.flac",0,3,"birdnetpi"
9188026342,6891,"2026-06-28T07:28:44.000+02:00",0.82,0.995071530342102,9.5242875466493,"almost_certain","2p4",NA,51.569,6.0088,FALSE,407,"Common Wood-Pigeon","Columba palumbus","#028fb2","avian","https://media.birdweather.com/species/407/CommonWood-Pigeon-standard-5558900260c92622ceef8a812b06518e.jpg","https://media.birdweather.com/species/407/CommonWood-Pigeon-thumbnail-4b86c907c8b82c8af31d566b811dee05.jpg","https://media.birdweather.com/species/407/CommonWood-Pigeon-png200-533b13201573be3895fcec3e61e861b5.png","2ukFHwIHiYeWxnZUiniYZ3h5h6+rCIQH",13644285907,"https://media.birdweather.com/soundscapes/6891/6891-20260628-052844.flac",0,3,"birdnetpi"
9188023919,6891,"2026-06-28T07:28:38.000+02:00",1,0.651233911514282,9.35789444804583,"almost_certain","2p4",NA,51.5685,6.0031,FALSE,119,"Common House-Martin","Delichon urbicum","#53b1ff","avian","https://media.birdweather.com/species/119/CommonHouse-Martin-standard-9ffbcc688c51210fb136a162c84d82ad.jpg","https://media.birdweather.com/species/119/CommonHouse-Martin-thumbnail-dd7059ca6235347c3097e7a66f04df95.jpg","https://media.birdweather.com/species/119/CommonHouse-Martin-png200-a73a8953ce2af50676da81e70b2746b2.png","YhgKDwKJd4iIiHd/h5h5d4mIeQqVllAH",13644281508,"https://media.birdweather.com/soundscapes/6891/6891-20260628-052838.flac",0,3,"birdnetpi"
9188016690,6891,"2026-06-28T07:28:08.000+02:00",0.74,0.651233911514282,8.72179576490623,"almost_certain","2p4",NA,51.5697,6.0056,FALSE,119,"Common House-Martin","Delichon urbicum","#53b1ff","avian","https://media.birdweather.com/species/119/CommonHouse-Martin-standard-9ffbcc688c51210fb136a162c84d82ad.jpg","https://media.birdweather.com/species/119/CommonHouse-Martin-thumbnail-dd7059ca6235347c3097e7a66f04df95.jpg","https://media.birdweather.com/species/119/CommonHouse-Martin-png200-a73a8953ce2af50676da81e70b2746b2.png","YhgKDwKJd4iIiHd/h5h5d4mIeQqVllAH",13644268593,"https://media.birdweather.com/soundscapes/6891/6891-20260628-052808.flac",0,3,"birdnetpi"
9188013887,6891,"2026-06-28T07:28:01.000+02:00",0.95,0.995071530342102,9.82999421194977,"almost_certain","2p4",NA,51.5675,6.0019,FALSE,407,"Common Wood-Pigeon","Columba palumbus","#028fb2","avian","https://media.birdweather.com/species/407/CommonWood-Pigeon-standard-5558900260c92622ceef8a812b06518e.jpg","https://media.birdweather.com/species/407/CommonWood-Pigeon-thumbnail-4b86c907c8b82c8af31d566b811dee05.jpg","https://media.birdweather.com/species/407/CommonWood-Pigeon-png200-533b13201573be3895fcec3e61e861b5.png","2ukFHwIHiYeWxnZUiniYZ3h5h6+rCIQH",13644263659,"https://media.birdweather.com/soundscapes/6891/6891-20260628-052801.flac",0,3,"birdnetpi"
9188011756,6891,"2026-06-28T07:27:50.000+02:00",0.72,0.841241300106049,9.00410888267396,"almost_certain","2p4",NA,51.5687,6.0088,FALSE,1,"House Sparrow","Passer domesticus","#d16ff8","avian","https://media.birdweather.com/species/1/HouseSparrow-standard-b861184cf45c092cdb45fd689dd676ef.jpg","https://media.birdweather.com/species/1/HouseSparrow-thumbnail-e9cbc91763a1579de8ef04880678b5e3.jpg","https://media.birdweather.com/species/1/HouseSparrow-png200-125e8603e1efe9d7a18316b94f06a65e.png","XAgCDwD8qpukuHiqtLZ9mImnmPFcDO4E",13644259798,"https://media.birdweather.com/soundscapes/6891/6891-20260628-052750.flac",0,3,"birdnetpi"
9188011027,6891,"2026-06-28T07:27:47.000+02:00",0.86,0.651233911514282,9.05218778274537,"almost_certain","2p4",NA,51.5635,6.0071,FALSE,119,"Common House-Martin","Delichon urbicum","#53b1ff","avian","https://media.birdweather.com/species/119/CommonHouse-Martin-standard-9ffbcc688c51210fb136a162c84d82ad.jpg","https://media.birdweather.com/species/119/CommonHouse-Martin-thumbnail-dd7059ca6235347c3097e7a66f04df95.jpg","https://media.birdweather.com/species/119/CommonHouse-Martin-png200-a73a8953ce2af50676da81e70b2746b2.png","YhgKDwKJd4iIiHd/h5h5d4mIeQqVllAH",13644258595,"https://media.birdweather.com/soundscapes/6891/6891-20260628-052747.flac",0,3,"birdnetpi"
9187966582,6891,"2026-06-28T07:25:01.000+02:00",0.95,0.995071530342102,9.82999421194977,"almost_certain","2p4",NA,51.5684,6.0086,FALSE,407,"Common Wood-Pigeon","Columba palumbus","#028fb2","avian","https://media.birdweather.com/species/407/CommonWood-Pigeon-standard-5558900260c92622ceef8a812b06518e.jpg","https://media.birdweather.com/species/407/CommonWood-Pigeon-thumbnail-4b86c907c8b82c8af31d566b811dee05.jpg","https://media.birdweather.com/species/407/CommonWood-Pigeon-png200-533b13201573be3895fcec3e61e861b5.png","2ukFHwIHiYeWxnZUiniYZ3h5h6+rCIQH",13644178772,"https://media.birdweather.com/soundscapes/6891/6891-20260628-052501.flac",0,3,"birdnetpi"
9187959586,6891,"2026-06-28T07:24:35.000+02:00",0.73,0.841241300106049,9.03634566412593,"almost_certain","2p4",NA,51.5694,6.0032,FALSE,1,"House Sparrow","Passer domesticus","#d16ff8","avian","https://media.birdweather.com/species/1/HouseSparrow-standard-b861184cf45c092cdb45fd689dd676ef.jpg","https://media.birdweather.com/species/1/HouseSparrow-thumbnail-e9cbc91763a1579de8ef04880678b5e3.jpg","https://media.birdweather.com/species/1/HouseSparrow-png200-125e8603e1efe9d7a18316b94f06a65e.png","XAgCDwD8qpukuHiqtLZ9mImnmPFcDO4E",13644166315,"https://media.birdweather.com/soundscapes/6891/6891-20260628-052435.flac",0,3,"birdnetpi"
9187958518,6891,"2026-06-28T07:24:31.000+02:00",0.7,0.995071530342102,9.16484850432883,"almost_certain","2p4",NA,51.5691,6.0066,FALSE,407,"Common Wood-Pigeon","Columba palumbus","#028fb2","avian","https://media.birdweather.com/species/407/CommonWood-Pigeon-standard-5558900260c92622ceef8a812b06518e.jpg","https://media.birdweather.com/species/407/CommonWood-Pigeon-thumbnail-4b86c907c8b82c8af31d566b811dee05.jpg","https://media.birdweather.com/species/407/CommonWood-Pigeon-png200-533b13201573be3895fcec3e61e861b5.png","2ukFHwIHiYeWxnZUiniYZ3h5h6+rCIQH",13644164300,"https://media.birdweather.com/soundscapes/6891/6891-20260628-052431.flac",0,3,"birdnetpi"
9187951343,6891,"2026-06-28T07:24:10.000+02:00",0.79,0.841241300106049,9.21529531403731,"almost_certain","2p4",NA,51.5655,6.0028,FALSE,1,"House Sparrow","Passer domesticus","#d16ff8","avian","https://media.birdweather.com/species/1/HouseSparrow-standard-b861184cf45c092cdb45fd689dd676ef.jpg","https://media.birdweather.com/species/1/HouseSparrow-thumbnail-e9cbc91763a1579de8ef04880678b5e3.jpg","https://media.birdweather.com/species/1/HouseSparrow-png200-125e8603e1efe9d7a18316b94f06a65e.png","XAgCDwD8qpukuHiqtLZ9mImnmPFcDO4E",13644151909,"https://media.birdweather.com/soundscapes/6891/6891-20260628-052410.flac",0,3,"birdnetpi"
9187948682,6891,"2026-06-28T07:23:55.000+02:00",0.87,0.995071530342102,9.65006388912608,"almost_certain","2p4",NA,51.5627,6.0091,FALSE,407,"Common Wood-Pigeon","Columba palumbus","#028fb2","avian","https://media.birdweather.com/species/407/CommonWood-Pigeon-standard-5558900260c92622ceef8a812b06518e.jpg","https://media.birdweather.com/species/407/CommonWood-Pigeon-thumbnail-4b86c907c8b82c8af31d566b811dee05.jpg","https://media.birdweather.com/species/407/CommonWood-Pigeon-png200-533b13201573be3895fcec3e61e861b5.png","2ukFHwIHiYeWxnZUiniYZ3h5h6+rCIQH",13644146982,"https://media.birdweather.com/soundscapes/6891/6891-20260628-052355.flac",0,3,"birdnetpi"
9187941457,6891,"2026-06-28T07:23:31.000+02:00",0.99,0.995071530342102,9.91180956349099,"almost_certain","2p4",NA,51.5661,6.0031,FALSE,407,"Common Wood-Pigeon","Columba palumbus","#028fb2","avian","https://media.birdweather.com/species/407/CommonWood-Pigeon-standard-5558900260c92622ceef8a812b06518e.jpg","https://media.birdweather.com/species/407/CommonWood-Pigeon-thumbnail-4b86c907c8b82c8af31d566b811dee05.jpg","https://media.birdweather.com/species/407/CommonWood-Pigeon-png200-533b13201573be3895fcec3e61e861b5.png","2ukFHwIHiYeWxnZUiniYZ3h5h6+rCIQH",13644134011,"https://media.birdweather.com/soundscapes/6891/6891-20260628-052331.flac",0,3,"birdnetpi"
9187933824,6891,"2026-06-28T07:23:01.000+02:00",0.96,0.995071530342102,9.85091064876895,"almost_certain","2p4",NA,51.5654,6.0064,FALSE,407,"Common Wood-Pigeon","Columba palumbus","#028fb2","avian","https://media.birdweather.com/species/407/CommonWood-Pigeon-standard-5558900260c92622ceef8a812b06518e.jpg","https://media.birdweather.com/species/407/CommonWood-Pigeon-thumbnail-4b86c907c8b82c8af31d566b811dee05.jpg","https://media.birdweather.com/species/407/CommonWood-Pigeon-png200-533b13201573be3895fcec3e61e861b5.png","2ukFHwIHiYeWxnZUiniYZ3h5h6+rCIQH",13644120172,"https://media.birdweather.com/soundscapes/6891/6891-20260628-052301.flac",0,3,"birdnetpi"
9187906008,6891,"2026-06-28T07:21:22.000+02:00",0.81,0.841241300106049,9.27010262245808,"almost_certain","2p4",NA,51.5676,6.0054,FALSE,1,"House Sparrow","Passer domesticus","#d16ff8","avian","https://media.birdweather.com/species/1/HouseSparrow-standard-b861184cf45c092cdb45fd689dd676ef.jpg","https://media.birdweather.com/species/1/HouseSparrow-thumbnail-e9cbc91763a1579de8ef04880678b5e3.jpg","https://media.birdweather.com/species/1/HouseSparrow-png200-125e8603e1efe9d7a18316b94f06a65e.png","XAgCDwD8qpukuHiqtLZ9mImnmPFcDO4E",13644069756,"https://media.birdweather.com/soundscapes/6891/6891-20260628-052122.flac",0,3,"birdnetpi"
9187867199,6891,"2026-06-28T07:18:50.000+02:00",0.7,0.302056699991226,7.56245665049373,"almost_certain","2p4",NA,51.5617,6.0088,FALSE,2,"Short-toed Treecreeper","Certhia brachydactyla","#66dd57","avian","https://media.birdweather.com/species/2/Short-toedTreecreeper-standard-7bbb76fb215629d251262575c97eb338.jpg","https://media.birdweather.com/species/2/Short-toedTreecreeper-thumbnail-fab8f3fcc7962cfbf3bdbde5dc2a415d.jpg","https://media.birdweather.com/species/2/Short-toedTreecreeper-png200-9ed36805c2a6923b35a860f2814cdd8c.png","IRkGHwS/1aqJXad3ialWmph5+Yx4z3gI",13644000406,"https://media.birdweather.com/soundscapes/6891/6891-20260628-051850.flac",0,3,"birdnetpi"
9187858388,6891,"2026-06-28T07:18:17.000+02:00",0.81,0.841241300106049,9.27010262245808,"almost_certain","2p4",NA,51.5639,6.0065,FALSE,1,"House Sparrow","Passer domesticus","#d16ff8","avian","https://media.birdweather.com/species/1/HouseSparrow-standard-b861184cf45c092cdb45fd689dd676ef.jpg","https://media.birdweather.com/species/1/HouseSparrow-thumbnail-e9cbc91763a1579de8ef04880678b5e3.jpg","https://media.birdweather.com/species/1/HouseSparrow-png200-125e8603e1efe9d7a18316b94f06a65e.png","XAgCDwD8qpukuHiqtLZ9mImnmPFcDO4E",13643984540,"https://media.birdweather.com/soundscapes/6891/6891-20260628-051817.flac",0,3,"birdnetpi"
9187842048,6891,"2026-06-28T07:17:17.000+02:00",0.83,0.995071530342102,9.55038357375915,"almost_certain","2p4",NA,51.5647,6.0013,FALSE,407,"Common Wood-Pigeon","Columba palumbus","#028fb2","avian","https://media.birdweather.com/species/407/CommonWood-Pigeon-standard-5558900260c92622ceef8a812b06518e.jpg","https://media.birdweather.com/species/407/CommonWood-Pigeon-thumbnail-4b86c907c8b82c8af31d566b811dee05.jpg","https://media.birdweather.com/species/407/CommonWood-Pigeon-png200-533b13201573be3895fcec3e61e861b5.png","2ukFHwIHiYeWxnZUiniYZ3h5h6+rCIQH",13643955748,"https://media.birdweather.com/soundscapes/6891/6891-20260628-051717.flac",0,3,"birdnetpi"
9187833580,6891,"2026-06-28T07:16:49.000+02:00",0.82,0.995071530342102,9.5242875466493,"almost_certain","2p4",NA,51.568,6.0066,FALSE,407,"Common Wood-Pigeon","Columba palumbus","#028fb2","avian","https://media.birdweather.com/species/407/CommonWood-Pigeon-standard-5558900260c92622ceef8a812b06518e.jpg","https://media.birdweather.com/species/407/CommonWood-Pigeon-thumbnail-4b86c907c8b82c8af31d566b811dee05.jpg","https://media.birdweather.com/species/407/CommonWood-Pigeon-png200-533b13201573be3895fcec3e61e861b5.png","2ukFHwIHiYeWxnZUiniYZ3h5h6+rCIQH",13643940878,"https://media.birdweather.com/soundscapes/6891/6891-20260628-051649.flac",0,3,"birdnetpi"
9187828085,6891,"2026-06-28T07:16:25.000+02:00",0.76,0.841241300106049,9.12874021881581,"almost_certain","2p4",NA,51.5697,6.0033,FALSE,1,"House Sparrow","Passer domesticus","#d16ff8","avian","https://media.birdweather.com/species/1/HouseSparrow-standard-b861184cf45c092cdb45fd689dd676ef.jpg","https://media.birdweather.com/species/1/HouseSparrow-thumbnail-e9cbc91763a1579de8ef04880678b5e3.jpg","https://media.birdweather.com/species/1/HouseSparrow-png200-125e8603e1efe9d7a18316b94f06a65e.png","XAgCDwD8qpukuHiqtLZ9mImnmPFcDO4E",13643930944,"https://media.birdweather.com/soundscapes/6891/6891-20260628-051625.flac",0,3,"birdnetpi"
9187800630,6891,"2026-06-28T07:14:46.000+02:00",0.71,0.841241300106049,8.97109523701065,"almost_certain","2p4",NA,51.5644,6.001,FALSE,1,"House Sparrow","Passer domesticus","#d16ff8","avian","https://media.birdweather.com/species/1/HouseSparrow-standard-b861184cf45c092cdb45fd689dd676ef.jpg","https://media.birdweather.com/species/1/HouseSparrow-thumbnail-e9cbc91763a1579de8ef04880678b5e3.jpg","https://media.birdweather.com/species/1/HouseSparrow-png200-125e8603e1efe9d7a18316b94f06a65e.png","XAgCDwD8qpukuHiqtLZ9mImnmPFcDO4E",13643883399,"https://media.birdweather.com/soundscapes/6891/6891-20260628-051446.flac",0,3,"birdnetpi"
9187778260,6891,"2026-06-28T07:13:26.000+02:00",0.97,0.651233911514282,9.29788485500383,"almost_certain","2p4",NA,51.5628,6.0074,FALSE,119,"Common House-Martin","Delichon urbicum","#53b1ff","avian","https://media.birdweather.com/species/119/CommonHouse-Martin-standard-9ffbcc688c51210fb136a162c84d82ad.jpg","https://media.birdweather.com/species/119/CommonHouse-Martin-thumbnail-dd7059ca6235347c3097e7a66f04df95.jpg","https://media.birdweather.com/species/119/CommonHouse-Martin-png200-a73a8953ce2af50676da81e70b2746b2.png","YhgKDwKJd4iIiHd/h5h5d4mIeQqVllAH",13643844581,"https://media.birdweather.com/soundscapes/6891/6891-20260628-051326.flac",0,3,"birdnetpi"
9187757769,6891,"2026-06-28T07:12:11.000+02:00",0.87,0.651233911514282,9.07643620337154,"almost_certain","2p4",NA,51.5683,6.0049,FALSE,119,"Common House-Martin","Delichon urbicum","#53b1ff","avian","https://media.birdweather.com/species/119/CommonHouse-Martin-standard-9ffbcc688c51210fb136a162c84d82ad.jpg","https://media.birdweather.com/species/119/CommonHouse-Martin-thumbnail-dd7059ca6235347c3097e7a66f04df95.jpg","https://media.birdweather.com/species/119/CommonHouse-Martin-png200-a73a8953ce2af50676da81e70b2746b2.png","YhgKDwKJd4iIiHd/h5h5d4mIeQqVllAH",13643808377,"https://media.birdweather.com/soundscapes/6891/6891-20260628-051211.flac",0,3,"birdnetpi"
9187734472,6891,"2026-06-28T07:10:46.000+02:00",0.7,0.841241300106049,8.93726635776184,"almost_certain","2p4",NA,51.5697,6.004,FALSE,1,"House Sparrow","Passer domesticus","#d16ff8","avian","https://media.birdweather.com/species/1/HouseSparrow-standard-b861184cf45c092cdb45fd689dd676ef.jpg","https://media.birdweather.com/species/1/HouseSparrow-thumbnail-e9cbc91763a1579de8ef04880678b5e3.jpg","https://media.birdweather.com/species/1/HouseSparrow-png200-125e8603e1efe9d7a18316b94f06a65e.png","XAgCDwD8qpukuHiqtLZ9mImnmPFcDO4E",13643768181,"https://media.birdweather.com/soundscapes/6891/6891-20260628-051046.flac",0,3,"birdnetpi"
9187696035,6891,"2026-06-28T07:08:28.000+02:00",0.73,0.841241300106049,9.03634566412593,"almost_certain","2p4",NA,51.5638,6.0037,FALSE,1,"House Sparrow","Passer domesticus","#d16ff8","avian","https://media.birdweather.com/species/1/HouseSparrow-standard-b861184cf45c092cdb45fd689dd676ef.jpg","https://media.birdweather.com/species/1/HouseSparrow-thumbnail-e9cbc91763a1579de8ef04880678b5e3.jpg","https://media.birdweather.com/species/1/HouseSparrow-png200-125e8603e1efe9d7a18316b94f06a65e.png","XAgCDwD8qpukuHiqtLZ9mImnmPFcDO4E",13643701711,"https://media.birdweather.com/soundscapes/6891/6891-20260628-050828.flac",0,3,"birdnetpi"
9187683828,6891,"2026-06-28T07:07:56.000+02:00",0.75,0.841241300106049,9.09862911661109,"almost_certain","2p4",NA,51.564,6.0068,FALSE,1,"House Sparrow","Passer domesticus","#d16ff8","avian","https://media.birdweather.com/species/1/HouseSparrow-standard-b861184cf45c092cdb45fd689dd676ef.jpg","https://media.birdweather.com/species/1/HouseSparrow-thumbnail-e9cbc91763a1579de8ef04880678b5e3.jpg","https://media.birdweather.com/species/1/HouseSparrow-png200-125e8603e1efe9d7a18316b94f06a65e.png","XAgCDwD8qpukuHiqtLZ9mImnmPFcDO4E",13643680640,"https://media.birdweather.com/soundscapes/6891/6891-20260628-050756.flac",0,3,"birdnetpi"
9187678798,6891,"2026-06-28T07:07:26.000+02:00",0.72,0.841241300106049,9.00410888267396,"almost_certain","2p4",NA,51.5632,6.0021,FALSE,1,"House Sparrow","Passer domesticus","#d16ff8","avian","https://media.birdweather.com/species/1/HouseSparrow-standard-b861184cf45c092cdb45fd689dd676ef.jpg","https://media.birdweather.com/species/1/HouseSparrow-thumbnail-e9cbc91763a1579de8ef04880678b5e3.jpg","https://media.birdweather.com/species/1/HouseSparrow-png200-125e8603e1efe9d7a18316b94f06a65e.png","XAgCDwD8qpukuHiqtLZ9mImnmPFcDO4E",13643671893,"https://media.birdweather.com/soundscapes/6891/6891-20260628-050726.flac",0,3,"birdnetpi"
9187668781,6891,"2026-06-28T07:06:52.000+02:00",0.74,0.841241300106049,9.06784130409377,"almost_certain","2p4",NA,51.5652,6.0082,FALSE,1,"House Sparrow","Passer domesticus","#d16ff8","avian","https://media.birdweather.com/species/1/HouseSparrow-standard-b861184cf45c092cdb45fd689dd676ef.jpg","https://media.birdweather.com/species/1/HouseSparrow-thumbnail-e9cbc91763a1579de8ef04880678b5e3.jpg","https://media.birdweather.com/species/1/HouseSparrow-png200-125e8603e1efe9d7a18316b94f06a65e.png","XAgCDwD8qpukuHiqtLZ9mImnmPFcDO4E",13643654617,"https://media.birdweather.com/soundscapes/6891/6891-20260628-050652.flac",0,3,"birdnetpi"
9187664322,6891,"2026-06-28T07:06:40.000+02:00",0.77,0.841241300106049,9.15820371996853,"almost_certain","2p4",NA,51.5645,6.0094,FALSE,1,"House Sparrow","Passer domesticus","#d16ff8","avian","https://media.birdweather.com/species/1/HouseSparrow-standard-b861184cf45c092cdb45fd689dd676ef.jpg","https://media.birdweather.com/species/1/HouseSparrow-thumbnail-e9cbc91763a1579de8ef04880678b5e3.jpg","https://media.birdweather.com/species/1/HouseSparrow-png200-125e8603e1efe9d7a18316b94f06a65e.png","XAgCDwD8qpukuHiqtLZ9mImnmPFcDO4E",13643646825,"https://media.birdweather.com/soundscapes/6891/6891-20260628-050640.flac",0,3,"birdnetpi"
9187660136,6891,"2026-06-28T07:06:31.000+02:00",0.83,0.841241300106049,9.32280142719216,"almost_certain","2p4",NA,51.5633,6.0017,FALSE,1,"House Sparrow","Passer domesticus","#d16ff8","avian","https://media.birdweather.com/species/1/HouseSparrow-standard-b861184cf45c092cdb45fd689dd676ef.jpg","https://media.birdweather.com/species/1/HouseSparrow-thumbnail-e9cbc91763a1579de8ef04880678b5e3.jpg","https://media.birdweather.com/species/1/HouseSparrow-png200-125e8603e1efe9d7a18316b94f06a65e.png","XAgCDwD8qpukuHiqtLZ9mImnmPFcDO4E",13643639629,"https://media.birdweather.com/soundscapes/6891/6891-20260628-050631.flac",0,3,"birdnetpi"
9187651044,6891,"2026-06-28T07:05:52.000+02:00",0.8,0.841241300106049,9.24297302306231,"almost_certain","2p4",NA,51.5624,6.0054,FALSE,1,"House Sparrow","Passer domesticus","#d16ff8","avian","https://media.birdweather.com/species/1/HouseSparrow-standard-b861184cf45c092cdb45fd689dd676ef.jpg","https://media.birdweather.com/species/1/HouseSparrow-thumbnail-e9cbc91763a1579de8ef04880678b5e3.jpg","https://media.birdweather.com/species/1/HouseSparrow-png200-125e8603e1efe9d7a18316b94f06a65e.png","XAgCDwD8qpukuHiqtLZ9mImnmPFcDO4E",13643623734,"https://media.birdweather.com/soundscapes/6891/6891-20260628-050552.flac",0,3,"birdnetpi"
9187634777,6891,"2026-06-28T07:04:47.000+02:00",0.71,0.841241300106049,8.97109523701065,"almost_certain","2p4",NA,51.5702,6.0035,FALSE,1,"House Sparrow","Passer domesticus","#d16ff8","avian","https://media.birdweather.com/species/1/HouseSparrow-standard-b861184cf45c092cdb45fd689dd676ef.jpg","https://media.birdweather.com/species/1/HouseSparrow-thumbnail-e9cbc91763a1579de8ef04880678b5e3.jpg","https://media.birdweather.com/species/1/HouseSparrow-png200-125e8603e1efe9d7a18316b94f06a65e.png","XAgCDwD8qpukuHiqtLZ9mImnmPFcDO4E",13643595350,"https://media.birdweather.com/soundscapes/6891/6891-20260628-050447.flac",0,3,"birdnetpi"
9187613342,6891,"2026-06-28T07:03:29.000+02:00",0.71,0.841241300106049,8.97109523701065,"almost_certain","2p4",NA,51.5685,6.007,FALSE,1,"House Sparrow","Passer domesticus","#d16ff8","avian","https://media.birdweather.com/species/1/HouseSparrow-standard-b861184cf45c092cdb45fd689dd676ef.jpg","https://media.birdweather.com/species/1/HouseSparrow-thumbnail-e9cbc91763a1579de8ef04880678b5e3.jpg","https://media.birdweather.com/species/1/HouseSparrow-png200-125e8603e1efe9d7a18316b94f06a65e.png","XAgCDwD8qpukuHiqtLZ9mImnmPFcDO4E",13643557938,"https://media.birdweather.com/soundscapes/6891/6891-20260628-050329.flac",0,3,"birdnetpi"
9187552612,6891,"2026-06-28T06:59:55.000+02:00",0.75,0.841241300106049,9.09862911661109,"almost_certain","2p4",NA,51.5684,6.0083,FALSE,1,"House Sparrow","Passer domesticus","#d16ff8","avian","https://media.birdweather.com/species/1/HouseSparrow-standard-b861184cf45c092cdb45fd689dd676ef.jpg","https://media.birdweather.com/species/1/HouseSparrow-thumbnail-e9cbc91763a1579de8ef04880678b5e3.jpg","https://media.birdweather.com/species/1/HouseSparrow-png200-125e8603e1efe9d7a18316b94f06a65e.png","XAgCDwD8qpukuHiqtLZ9mImnmPFcDO4E",13643451483,"https://media.birdweather.com/soundscapes/6891/6891-20260628-045955.flac",0,3,"birdnetpi"
9187528010,6891,"2026-06-28T06:58:17.000+02:00",0.84,0.841241300106049,9.34840964941881,"almost_certain","2p4",NA,51.5688,6.0037,FALSE,1,"House Sparrow","Passer domesticus","#d16ff8","avian","https://media.birdweather.com/species/1/HouseSparrow-standard-b861184cf45c092cdb45fd689dd676ef.jpg","https://media.birdweather.com/species/1/HouseSparrow-thumbnail-e9cbc91763a1579de8ef04880678b5e3.jpg","https://media.birdweather.com/species/1/HouseSparrow-png200-125e8603e1efe9d7a18316b94f06a65e.png","XAgCDwD8qpukuHiqtLZ9mImnmPFcDO4E",13643407502,"https://media.birdweather.com/soundscapes/6891/6891-20260628-045817.flac",0,3,"birdnetpi"
9187520070,6891,"2026-06-28T06:57:53.000+02:00",0.91,0.841241300106049,9.51539869954319,"almost_certain","2p4",NA,51.569,6.0007,FALSE,1,"House Sparrow","Passer domesticus","#d16ff8","avian","https://media.birdweather.com/species/1/HouseSparrow-standard-b861184cf45c092cdb45fd689dd676ef.jpg","https://media.birdweather.com/species/1/HouseSparrow-thumbnail-e9cbc91763a1579de8ef04880678b5e3.jpg","https://media.birdweather.com/species/1/HouseSparrow-png200-125e8603e1efe9d7a18316b94f06a65e.png","XAgCDwD8qpukuHiqtLZ9mImnmPFcDO4E",13643393582,"https://media.birdweather.com/soundscapes/6891/6891-20260628-045753.flac",0,3,"birdnetpi"
9187512721,6891,"2026-06-28T06:57:20.000+02:00",0.85,0.841241300106049,9.37354796939423,"almost_certain","2p4",NA,51.5625,6.0029,FALSE,1,"House Sparrow","Passer domesticus","#d16ff8","avian","https://media.birdweather.com/species/1/HouseSparrow-standard-b861184cf45c092cdb45fd689dd676ef.jpg","https://media.birdweather.com/species/1/HouseSparrow-thumbnail-e9cbc91763a1579de8ef04880678b5e3.jpg","https://media.birdweather.com/species/1/HouseSparrow-png200-125e8603e1efe9d7a18316b94f06a65e.png","XAgCDwD8qpukuHiqtLZ9mImnmPFcDO4E",13643380580,"https://media.birdweather.com/soundscapes/6891/6891-20260628-045720.flac",0,3,"birdnetpi"
9187508340,6891,"2026-06-28T06:57:10.000+02:00",0.74,0.841241300106049,9.06784130409377,"almost_certain","2p4",NA,51.5704,6.009,FALSE,1,"House Sparrow","Passer domesticus","#d16ff8","avian","https://media.birdweather.com/species/1/HouseSparrow-standard-b861184cf45c092cdb45fd689dd676ef.jpg","https://media.birdweather.com/species/1/HouseSparrow-thumbnail-e9cbc91763a1579de8ef04880678b5e3.jpg","https://media.birdweather.com/species/1/HouseSparrow-png200-125e8603e1efe9d7a18316b94f06a65e.png","XAgCDwD8qpukuHiqtLZ9mImnmPFcDO4E",13643372802,"https://media.birdweather.com/soundscapes/6891/6891-20260628-045710.flac",0,3,"birdnetpi"
9187499558,6891,"2026-06-28T06:56:32.000+02:00",0.81,0.841241300106049,9.27010262245808,"almost_certain","2p4",NA,51.5633,6.0022,FALSE,1,"House Sparrow","Passer domesticus","#d16ff8","avian","https://media.birdweather.com/species/1/HouseSparrow-standard-b861184cf45c092cdb45fd689dd676ef.jpg","https://media.birdweather.com/species/1/HouseSparrow-thumbnail-e9cbc91763a1579de8ef04880678b5e3.jpg","https://media.birdweather.com/species/1/HouseSparrow-png200-125e8603e1efe9d7a18316b94f06a65e.png","XAgCDwD8qpukuHiqtLZ9mImnmPFcDO4E",13643357449,"https://media.birdweather.com/soundscapes/6891/6891-20260628-045632.flac",0,3,"birdnetpi"
9187489437,6891,"2026-06-28T06:56:07.000+02:00",0.78,0.841241300106049,9.18704689056956,"almost_certain","2p4",NA,51.5643,6.0093,FALSE,1,"House Sparrow","Passer domesticus","#d16ff8","avian","https://media.birdweather.com/species/1/HouseSparrow-standard-b861184cf45c092cdb45fd689dd676ef.jpg","https://media.birdweather.com/species/1/HouseSparrow-thumbnail-e9cbc91763a1579de8ef04880678b5e3.jpg","https://media.birdweather.com/species/1/HouseSparrow-png200-125e8603e1efe9d7a18316b94f06a65e.png","XAgCDwD8qpukuHiqtLZ9mImnmPFcDO4E",13643339530,"https://media.birdweather.com/soundscapes/6891/6891-20260628-045607.flac",0,3,"birdnetpi"
9187491116,6891,"2026-06-28T06:56:02.000+02:00",1,0.651233911514282,9.35789444804583,"almost_certain","2p4",NA,51.5662,6.0028,FALSE,119,"Common House-Martin","Delichon urbicum","#53b1ff","avian","https://media.birdweather.com/species/119/CommonHouse-Martin-standard-9ffbcc688c51210fb136a162c84d82ad.jpg","https://media.birdweather.com/species/119/CommonHouse-Martin-thumbnail-dd7059ca6235347c3097e7a66f04df95.jpg","https://media.birdweather.com/species/119/CommonHouse-Martin-png200-a73a8953ce2af50676da81e70b2746b2.png","YhgKDwKJd4iIiHd/h5h5d4mIeQqVllAH",13643342499,"https://media.birdweather.com/soundscapes/6891/6891-20260628-045602.flac",0,3,"birdnetpi"
9187484967,6891,"2026-06-28T06:55:49.000+02:00",0.73,0.841241300106049,9.03634566412593,"almost_certain","2p4",NA,51.5694,6.0053,FALSE,1,"House Sparrow","Passer domesticus","#d16ff8","avian","https://media.birdweather.com/species/1/HouseSparrow-standard-b861184cf45c092cdb45fd689dd676ef.jpg","https://media.birdweather.com/species/1/HouseSparrow-thumbnail-e9cbc91763a1579de8ef04880678b5e3.jpg","https://media.birdweather.com/species/1/HouseSparrow-png200-125e8603e1efe9d7a18316b94f06a65e.png","XAgCDwD8qpukuHiqtLZ9mImnmPFcDO4E",13643331508,"https://media.birdweather.com/soundscapes/6891/6891-20260628-045549.flac",0,3,"birdnetpi"
9187474664,6891,"2026-06-28T06:55:13.000+02:00",0.73,0.841241300106049,9.03634566412593,"almost_certain","2p4",NA,51.5673,6.0013,FALSE,1,"House Sparrow","Passer domesticus","#d16ff8","avian","https://media.birdweather.com/species/1/HouseSparrow-standard-b861184cf45c092cdb45fd689dd676ef.jpg","https://media.birdweather.com/species/1/HouseSparrow-thumbnail-e9cbc91763a1579de8ef04880678b5e3.jpg","https://media.birdweather.com/species/1/HouseSparrow-png200-125e8603e1efe9d7a18316b94f06a65e.png","XAgCDwD8qpukuHiqtLZ9mImnmPFcDO4E",13643313992,"https://media.birdweather.com/soundscapes/6891/6891-20260628-045513.flac",0,3,"birdnetpi"
9187468015,6891,"2026-06-28T06:54:40.000+02:00",0.92,0.841241300106049,9.53767561313752,"almost_certain","2p4",NA,51.5618,6.007,FALSE,1,"House Sparrow","Passer domesticus","#d16ff8","avian","https://media.birdweather.com/species/1/HouseSparrow-standard-b861184cf45c092cdb45fd689dd676ef.jpg","https://media.birdweather.com/species/1/HouseSparrow-thumbnail-e9cbc91763a1579de8ef04880678b5e3.jpg","https://media.birdweather.com/species/1/HouseSparrow-png200-125e8603e1efe9d7a18316b94f06a65e.png","XAgCDwD8qpukuHiqtLZ9mImnmPFcDO4E",13643302490,"https://media.birdweather.com/soundscapes/6891/6891-20260628-045440.flac",0,3,"birdnetpi"
9187460346,6891,"2026-06-28T06:54:17.000+02:00",0.9,0.841241300106049,9.49275355587003,"almost_certain","2p4",NA,51.5678,6.0091,FALSE,1,"House Sparrow","Passer domesticus","#d16ff8","avian","https://media.birdweather.com/species/1/HouseSparrow-standard-b861184cf45c092cdb45fd689dd676ef.jpg","https://media.birdweather.com/species/1/HouseSparrow-thumbnail-e9cbc91763a1579de8ef04880678b5e3.jpg","https://media.birdweather.com/species/1/HouseSparrow-png200-125e8603e1efe9d7a18316b94f06a65e.png","XAgCDwD8qpukuHiqtLZ9mImnmPFcDO4E",13643289475,"https://media.birdweather.com/soundscapes/6891/6891-20260628-045417.flac",0,3,"birdnetpi"
9187455444,6891,"2026-06-28T06:54:05.000+02:00",0.83,0.841241300106049,9.32280142719216,"almost_certain","2p4",NA,51.5651,6.004,FALSE,1,"House Sparrow","Passer domesticus","#d16ff8","avian","https://media.birdweather.com/species/1/HouseSparrow-standard-b861184cf45c092cdb45fd689dd676ef.jpg","https://media.birdweather.com/species/1/HouseSparrow-thumbnail-e9cbc91763a1579de8ef04880678b5e3.jpg","https://media.birdweather.com/species/1/HouseSparrow-png200-125e8603e1efe9d7a18316b94f06a65e.png","XAgCDwD8qpukuHiqtLZ9mImnmPFcDO4E",13643280849,"https://media.birdweather.com/soundscapes/6891/6891-20260628-045405.flac",0,3,"birdnetpi"
9187433764,6891,"2026-06-28T06:52:37.000+02:00",0.76,0.841241300106049,9.12874021881581,"almost_certain","2p4",NA,51.5615,6.0081,FALSE,1,"House Sparrow","Passer domesticus","#d16ff8","avian","https://media.birdweather.com/species/1/HouseSparrow-standard-b861184cf45c092cdb45fd689dd676ef.jpg","https://media.birdweather.com/species/1/HouseSparrow-thumbnail-e9cbc91763a1579de8ef04880678b5e3.jpg","https://media.birdweather.com/species/1/HouseSparrow-png200-125e8603e1efe9d7a18316b94f06a65e.png","XAgCDwD8qpukuHiqtLZ9mImnmPFcDO4E",13643243524,"https://media.birdweather.com/soundscapes/6891/6891-20260628-045237.flac",0,3,"birdnetpi"
9187357186,6891,"2026-06-28T06:48:05.000+02:00",0.76,0.841241300106049,9.12874021881581,"almost_certain","2p4",NA,51.5677,6.0009,FALSE,1,"House Sparrow","Passer domesticus","#d16ff8","avian","https://media.birdweather.com/species/1/HouseSparrow-standard-b861184cf45c092cdb45fd689dd676ef.jpg","https://media.birdweather.com/species/1/HouseSparrow-thumbnail-e9cbc91763a1579de8ef04880678b5e3.jpg","https://media.birdweather.com/species/1/HouseSparrow-png200-125e8603e1efe9d7a18316b94f06a65e.png","XAgCDwD8qpukuHiqtLZ9mImnmPFcDO4E",13643111298,"https://media.birdweather.com/soundscapes/6891/6891-20260628-044805.flac",0,3,"birdnetpi"
9187351290,6891,"2026-06-28T06:47:41.000+02:00",0.96,0.235489740967751,7.91981504565812,"almost_certain","2p4",NA,51.5644,6.0028,FALSE,20,"Black Redstart","Phoenicurus ochruros","#c8ce2d","avian","https://media.birdweather.com/species/20/BlackRedstart-standard-4255c9b712ecb46ea7d3df8d556c18e7.jpg","https://media.birdweather.com/species/20/BlackRedstart-thumbnail-2fee59acc1ecc6be7238da194869e940.jpg","https://media.birdweather.com/species/20/BlackRedstart-png200-cbc0625b8b4889aeec1da754ad906efd.png","2QgGFwT8epa+l3ZlZ5hntnh4Z/6oyZ8I",13643101180,"https://media.birdweather.com/soundscapes/6891/6891-20260628-044741.flac",0,3,"birdnetpi"
9187345425,6891,"2026-06-28T06:47:20.000+02:00",0.79,0.841241300106049,9.21529531403731,"almost_certain","2p4",NA,51.5651,6.0038,FALSE,1,"House Sparrow","Passer domesticus","#d16ff8","avian","https://media.birdweather.com/species/1/HouseSparrow-standard-b861184cf45c092cdb45fd689dd676ef.jpg","https://media.birdweather.com/species/1/HouseSparrow-thumbnail-e9cbc91763a1579de8ef04880678b5e3.jpg","https://media.birdweather.com/species/1/HouseSparrow-png200-125e8603e1efe9d7a18316b94f06a65e.png","XAgCDwD8qpukuHiqtLZ9mImnmPFcDO4E",13643091136,"https://media.birdweather.com/soundscapes/6891/6891-20260628-044720.flac",0,3,"birdnetpi"
9187340709,6891,"2026-06-28T06:47:11.000+02:00",0.78,0.841241300106049,9.18704689056956,"almost_certain","2p4",NA,51.5692,6.0056,FALSE,1,"House Sparrow","Passer domesticus","#d16ff8","avian","https://media.birdweather.com/species/1/HouseSparrow-standard-b861184cf45c092cdb45fd689dd676ef.jpg","https://media.birdweather.com/species/1/HouseSparrow-thumbnail-e9cbc91763a1579de8ef04880678b5e3.jpg","https://media.birdweather.com/species/1/HouseSparrow-png200-125e8603e1efe9d7a18316b94f06a65e.png","XAgCDwD8qpukuHiqtLZ9mImnmPFcDO4E",13643083013,"https://media.birdweather.com/soundscapes/6891/6891-20260628-044711.flac",0,3,"birdnetpi"
9187335262,6891,"2026-06-28T06:46:43.000+02:00",0.7,0.235489740967751,7.23375290121801,"almost_certain","2p4",NA,51.5693,6.0035,FALSE,20,"Black Redstart","Phoenicurus ochruros","#c8ce2d","avian","https://media.birdweather.com/species/20/BlackRedstart-standard-4255c9b712ecb46ea7d3df8d556c18e7.jpg","https://media.birdweather.com/species/20/BlackRedstart-thumbnail-2fee59acc1ecc6be7238da194869e940.jpg","https://media.birdweather.com/species/20/BlackRedstart-png200-cbc0625b8b4889aeec1da754ad906efd.png","2QgGFwT8epa+l3ZlZ5hntnh4Z/6oyZ8I",13643073837,"https://media.birdweather.com/soundscapes/6891/6891-20260628-044643.flac",0,3,"birdnetpi"
9187316698,6891,"2026-06-28T06:45:36.000+02:00",0.72,0.99532687664032,9.23203904427044,"almost_certain","2p4",NA,51.5671,6.0033,FALSE,58,"Carrion Crow","Corvus corone","#01a85a","avian","https://media.birdweather.com/species/58/CarrionCrow-standard-ed24da07616d0cd7c5ef9cd2892ec869.jpg","https://media.birdweather.com/species/58/CarrionCrow-thumbnail-38cc6285bbd8f8340f32fa4dc3f58a69.jpg","https://media.birdweather.com/species/58/CarrionCrow-png200-5ec2904f61f6588853b296f54d8d0cb6.png","nggODwDDmZlqdoiPdLeIWIiYaK6A1gMK",13643042086,"https://media.birdweather.com/soundscapes/6891/6891-20260628-044536.flac",0,3,"birdnetpi"
9187301938,6891,"2026-06-28T06:44:49.000+02:00",0.79,0.841241300106049,9.21529531403731,"almost_certain","2p4",NA,51.5669,6.0005,FALSE,1,"House Sparrow","Passer domesticus","#d16ff8","avian","https://media.birdweather.com/species/1/HouseSparrow-standard-b861184cf45c092cdb45fd689dd676ef.jpg","https://media.birdweather.com/species/1/HouseSparrow-thumbnail-e9cbc91763a1579de8ef04880678b5e3.jpg","https://media.birdweather.com/species/1/HouseSparrow-png200-125e8603e1efe9d7a18316b94f06a65e.png","XAgCDwD8qpukuHiqtLZ9mImnmPFcDO4E",13643016551,"https://media.birdweather.com/soundscapes/6891/6891-20260628-044449.flac",0,3,"birdnetpi"
9187287912,6891,"2026-06-28T06:43:55.000+02:00",0.71,0.841241300106049,8.97109523701065,"almost_certain","2p4",NA,51.5628,6.0012,FALSE,1,"House Sparrow","Passer domesticus","#d16ff8","avian","https://media.birdweather.com/species/1/HouseSparrow-standard-b861184cf45c092cdb45fd689dd676ef.jpg","https://media.birdweather.com/species/1/HouseSparrow-thumbnail-e9cbc91763a1579de8ef04880678b5e3.jpg","https://media.birdweather.com/species/1/HouseSparrow-png200-125e8603e1efe9d7a18316b94f06a65e.png","XAgCDwD8qpukuHiqtLZ9mImnmPFcDO4E",13642992890,"https://media.birdweather.com/soundscapes/6891/6891-20260628-044355.flac",0,3,"birdnetpi"
9187272827,6891,"2026-06-28T06:43:02.000+02:00",0.75,0.841241300106049,9.09862911661109,"almost_certain","2p4",NA,51.5661,6.0086,FALSE,1,"House Sparrow","Passer domesticus","#d16ff8","avian","https://media.birdweather.com/species/1/HouseSparrow-standard-b861184cf45c092cdb45fd689dd676ef.jpg","https://media.birdweather.com/species/1/HouseSparrow-thumbnail-e9cbc91763a1579de8ef04880678b5e3.jpg","https://media.birdweather.com/species/1/HouseSparrow-png200-125e8603e1efe9d7a18316b94f06a65e.png","XAgCDwD8qpukuHiqtLZ9mImnmPFcDO4E",13642967304,"https://media.birdweather.com/soundscapes/6891/6891-20260628-044302.flac",0,3,"birdnetpi"
9187265804,6891,"2026-06-28T06:42:37.000+02:00",0.77,0.841241300106049,9.15820371996853,"almost_certain","2p4",NA,51.5671,6.0067,FALSE,1,"House Sparrow","Passer domesticus","#d16ff8","avian","https://media.birdweather.com/species/1/HouseSparrow-standard-b861184cf45c092cdb45fd689dd676ef.jpg","https://media.birdweather.com/species/1/HouseSparrow-thumbnail-e9cbc91763a1579de8ef04880678b5e3.jpg","https://media.birdweather.com/species/1/HouseSparrow-png200-125e8603e1efe9d7a18316b94f06a65e.png","XAgCDwD8qpukuHiqtLZ9mImnmPFcDO4E",13642955273,"https://media.birdweather.com/soundscapes/6891/6891-20260628-044237.flac",0,3,"birdnetpi"
9187253621,6891,"2026-06-28T06:42:05.000+02:00",0.78,0.841241300106049,9.18704689056956,"almost_certain","2p4",NA,51.5667,6.003,FALSE,1,"House Sparrow","Passer domesticus","#d16ff8","avian","https://media.birdweather.com/species/1/HouseSparrow-standard-b861184cf45c092cdb45fd689dd676ef.jpg","https://media.birdweather.com/species/1/HouseSparrow-thumbnail-e9cbc91763a1579de8ef04880678b5e3.jpg","https://media.birdweather.com/species/1/HouseSparrow-png200-125e8603e1efe9d7a18316b94f06a65e.png","XAgCDwD8qpukuHiqtLZ9mImnmPFcDO4E",13642934961,"https://media.birdweather.com/soundscapes/6891/6891-20260628-044205.flac",0,3,"birdnetpi"
9187230836,6891,"2026-06-28T06:40:44.000+02:00",0.86,0.841241300106049,9.3982333219329,"almost_certain","2p4",NA,51.5668,6.0018,FALSE,1,"House Sparrow","Passer domesticus","#d16ff8","avian","https://media.birdweather.com/species/1/HouseSparrow-standard-b861184cf45c092cdb45fd689dd676ef.jpg","https://media.birdweather.com/species/1/HouseSparrow-thumbnail-e9cbc91763a1579de8ef04880678b5e3.jpg","https://media.birdweather.com/species/1/HouseSparrow-png200-125e8603e1efe9d7a18316b94f06a65e.png","XAgCDwD8qpukuHiqtLZ9mImnmPFcDO4E",13642897287,"https://media.birdweather.com/soundscapes/6891/6891-20260628-044044.flac",0,3,"birdnetpi"
9187220589,6891,"2026-06-28T06:40:11.000+02:00",0.75,0.841241300106049,9.09862911661109,"almost_certain","2p4",NA,51.5634,6.006,FALSE,1,"House Sparrow","Passer domesticus","#d16ff8","avian","https://media.birdweather.com/species/1/HouseSparrow-standard-b861184cf45c092cdb45fd689dd676ef.jpg","https://media.birdweather.com/species/1/HouseSparrow-thumbnail-e9cbc91763a1579de8ef04880678b5e3.jpg","https://media.birdweather.com/species/1/HouseSparrow-png200-125e8603e1efe9d7a18316b94f06a65e.png","XAgCDwD8qpukuHiqtLZ9mImnmPFcDO4E",13642880103,"https://media.birdweather.com/soundscapes/6891/6891-20260628-044011.flac",0,3,"birdnetpi"
9187170883,6891,"2026-06-28T06:37:07.000+02:00",0.84,0.841241300106049,9.34840964941881,"almost_certain","2p4",NA,51.566,6.0015,FALSE,1,"House Sparrow","Passer domesticus","#d16ff8","avian","https://media.birdweather.com/species/1/HouseSparrow-standard-b861184cf45c092cdb45fd689dd676ef.jpg","https://media.birdweather.com/species/1/HouseSparrow-thumbnail-e9cbc91763a1579de8ef04880678b5e3.jpg","https://media.birdweather.com/species/1/HouseSparrow-png200-125e8603e1efe9d7a18316b94f06a65e.png","XAgCDwD8qpukuHiqtLZ9mImnmPFcDO4E",13642796439,"https://media.birdweather.com/soundscapes/6891/6891-20260628-043707.flac",0,3,"birdnetpi"
9187164376,6891,"2026-06-28T06:36:50.000+02:00",0.74,0.841241300106049,9.06784130409377,"almost_certain","2p4",NA,51.5667,6.0059,FALSE,1,"House Sparrow","Passer domesticus","#d16ff8","avian","https://media.birdweather.com/species/1/HouseSparrow-standard-b861184cf45c092cdb45fd689dd676ef.jpg","https://media.birdweather.com/species/1/HouseSparrow-thumbnail-e9cbc91763a1579de8ef04880678b5e3.jpg","https://media.birdweather.com/species/1/HouseSparrow-png200-125e8603e1efe9d7a18316b94f06a65e.png","XAgCDwD8qpukuHiqtLZ9mImnmPFcDO4E",13642785289,"https://media.birdweather.com/soundscapes/6891/6891-20260628-043650.flac",0,3,"birdnetpi"
9187159339,6891,"2026-06-28T06:36:28.000+02:00",0.96,0.651233911514282,9.27728296301441,"almost_certain","2p4",NA,51.5633,6.0091,FALSE,119,"Common House-Martin","Delichon urbicum","#53b1ff","avian","https://media.birdweather.com/species/119/CommonHouse-Martin-standard-9ffbcc688c51210fb136a162c84d82ad.jpg","https://media.birdweather.com/species/119/CommonHouse-Martin-thumbnail-dd7059ca6235347c3097e7a66f04df95.jpg","https://media.birdweather.com/species/119/CommonHouse-Martin-png200-a73a8953ce2af50676da81e70b2746b2.png","YhgKDwKJd4iIiHd/h5h5d4mIeQqVllAH",13642776677,"https://media.birdweather.com/soundscapes/6891/6891-20260628-043628.flac",0,3,"birdnetpi"
9187149673,6891,"2026-06-28T06:35:53.000+02:00",0.72,0.841241300106049,9.00410888267396,"almost_certain","2p4",NA,51.565,6.0059,FALSE,1,"House Sparrow","Passer domesticus","#d16ff8","avian","https://media.birdweather.com/species/1/HouseSparrow-standard-b861184cf45c092cdb45fd689dd676ef.jpg","https://media.birdweather.com/species/1/HouseSparrow-thumbnail-e9cbc91763a1579de8ef04880678b5e3.jpg","https://media.birdweather.com/species/1/HouseSparrow-png200-125e8603e1efe9d7a18316b94f06a65e.png","XAgCDwD8qpukuHiqtLZ9mImnmPFcDO4E",13642760833,"https://media.birdweather.com/soundscapes/6891/6891-20260628-043553.flac",0,3,"birdnetpi"
9187140205,6891,"2026-06-28T06:35:28.000+02:00",0.78,0.841241300106049,9.18704689056956,"almost_certain","2p4",NA,51.5634,6.0051,FALSE,1,"House Sparrow","Passer domesticus","#d16ff8","avian","https://media.birdweather.com/species/1/HouseSparrow-standard-b861184cf45c092cdb45fd689dd676ef.jpg","https://media.birdweather.com/species/1/HouseSparrow-thumbnail-e9cbc91763a1579de8ef04880678b5e3.jpg","https://media.birdweather.com/species/1/HouseSparrow-png200-125e8603e1efe9d7a18316b94f06a65e.png","XAgCDwD8qpukuHiqtLZ9mImnmPFcDO4E",13642744600,"https://media.birdweather.com/soundscapes/6891/6891-20260628-043528.flac",0,3,"birdnetpi"
9187131865,6891,"2026-06-28T06:35:01.000+02:00",0.74,0.841241300106049,9.06784130409377,"almost_certain","2p4",NA,51.5626,6.0042,FALSE,1,"House Sparrow","Passer domesticus","#d16ff8","avian","https://media.birdweather.com/species/1/HouseSparrow-standard-b861184cf45c092cdb45fd689dd676ef.jpg","https://media.birdweather.com/species/1/HouseSparrow-thumbnail-e9cbc91763a1579de8ef04880678b5e3.jpg","https://media.birdweather.com/species/1/HouseSparrow-png200-125e8603e1efe9d7a18316b94f06a65e.png","XAgCDwD8qpukuHiqtLZ9mImnmPFcDO4E",13642730579,"https://media.birdweather.com/soundscapes/6891/6891-20260628-043501.flac",0,3,"birdnetpi"
9187126583,6891,"2026-06-28T06:34:32.000+02:00",0.82,0.841241300106049,9.29670540008231,"almost_certain","2p4",NA,51.5667,6.0022,FALSE,1,"House Sparrow","Passer domesticus","#d16ff8","avian","https://media.birdweather.com/species/1/HouseSparrow-standard-b861184cf45c092cdb45fd689dd676ef.jpg","https://media.birdweather.com/species/1/HouseSparrow-thumbnail-e9cbc91763a1579de8ef04880678b5e3.jpg","https://media.birdweather.com/species/1/HouseSparrow-png200-125e8603e1efe9d7a18316b94f06a65e.png","XAgCDwD8qpukuHiqtLZ9mImnmPFcDO4E",13642721391,"https://media.birdweather.com/soundscapes/6891/6891-20260628-043432.flac",0,3,"birdnetpi"
9187120942,6891,"2026-06-28T06:34:11.000+02:00",0.72,0.841241300106049,9.00410888267396,"almost_certain","2p4",NA,51.5704,6.0068,FALSE,1,"House Sparrow","Passer domesticus","#d16ff8","avian","https://media.birdweather.com/species/1/HouseSparrow-standard-b861184cf45c092cdb45fd689dd676ef.jpg","https://media.birdweather.com/species/1/HouseSparrow-thumbnail-e9cbc91763a1579de8ef04880678b5e3.jpg","https://media.birdweather.com/species/1/HouseSparrow-png200-125e8603e1efe9d7a18316b94f06a65e.png","XAgCDwD8qpukuHiqtLZ9mImnmPFcDO4E",13642711838,"https://media.birdweather.com/soundscapes/6891/6891-20260628-043411.flac",0,3,"birdnetpi"
9187113877,6891,"2026-06-28T06:33:47.000+02:00",0.71,0.651233911514282,8.62504969782311,"almost_certain","2p4",NA,51.5645,6.0087,FALSE,119,"Common House-Martin","Delichon urbicum","#53b1ff","avian","https://media.birdweather.com/species/119/CommonHouse-Martin-standard-9ffbcc688c51210fb136a162c84d82ad.jpg","https://media.birdweather.com/species/119/CommonHouse-Martin-thumbnail-dd7059ca6235347c3097e7a66f04df95.jpg","https://media.birdweather.com/species/119/CommonHouse-Martin-png200-a73a8953ce2af50676da81e70b2746b2.png","YhgKDwKJd4iIiHd/h5h5d4mIeQqVllAH",13642700358,"https://media.birdweather.com/soundscapes/6891/6891-20260628-043347.flac",0,3,"birdnetpi"
9187110470,6891,"2026-06-28T06:33:35.000+02:00",0.75,0.841241300106049,9.09862911661109,"almost_certain","2p4",NA,51.5677,6.0056,FALSE,1,"House Sparrow","Passer domesticus","#d16ff8","avian","https://media.birdweather.com/species/1/HouseSparrow-standard-b861184cf45c092cdb45fd689dd676ef.jpg","https://media.birdweather.com/species/1/HouseSparrow-thumbnail-e9cbc91763a1579de8ef04880678b5e3.jpg","https://media.birdweather.com/species/1/HouseSparrow-png200-125e8603e1efe9d7a18316b94f06a65e.png","XAgCDwD8qpukuHiqtLZ9mImnmPFcDO4E",13642694739,"https://media.birdweather.com/soundscapes/6891/6891-20260628-043335.flac",0,3,"birdnetpi"
9187083109,6891,"2026-06-28T06:32:02.000+02:00",0.73,0.841241300106049,9.03634566412593,"almost_certain","2p4",NA,51.5675,6.0031,FALSE,1,"House Sparrow","Passer domesticus","#d16ff8","avian","https://media.birdweather.com/species/1/HouseSparrow-standard-b861184cf45c092cdb45fd689dd676ef.jpg","https://media.birdweather.com/species/1/HouseSparrow-thumbnail-e9cbc91763a1579de8ef04880678b5e3.jpg","https://media.birdweather.com/species/1/HouseSparrow-png200-125e8603e1efe9d7a18316b94f06a65e.png","XAgCDwD8qpukuHiqtLZ9mImnmPFcDO4E",13642648472,"https://media.birdweather.com/soundscapes/6891/6891-20260628-043202.flac",0,3,"birdnetpi"
9187075511,6891,"2026-06-28T06:31:32.000+02:00",0.71,0.841241300106049,8.97109523701065,"almost_certain","2p4",NA,51.5689,6.0039,FALSE,1,"House Sparrow","Passer domesticus","#d16ff8","avian","https://media.birdweather.com/species/1/HouseSparrow-standard-b861184cf45c092cdb45fd689dd676ef.jpg","https://media.birdweather.com/species/1/HouseSparrow-thumbnail-e9cbc91763a1579de8ef04880678b5e3.jpg","https://media.birdweather.com/species/1/HouseSparrow-png200-125e8603e1efe9d7a18316b94f06a65e.png","XAgCDwD8qpukuHiqtLZ9mImnmPFcDO4E",13642635591,"https://media.birdweather.com/soundscapes/6891/6891-20260628-043132.flac",0,3,"birdnetpi"
9187045141,6891,"2026-06-28T06:29:44.000+02:00",0.71,0.841241300106049,8.97109523701065,"almost_certain","2p4",NA,51.5704,6.0014,FALSE,1,"House Sparrow","Passer domesticus","#d16ff8","avian","https://media.birdweather.com/species/1/HouseSparrow-standard-b861184cf45c092cdb45fd689dd676ef.jpg","https://media.birdweather.com/species/1/HouseSparrow-thumbnail-e9cbc91763a1579de8ef04880678b5e3.jpg","https://media.birdweather.com/species/1/HouseSparrow-png200-125e8603e1efe9d7a18316b94f06a65e.png","XAgCDwD8qpukuHiqtLZ9mImnmPFcDO4E",13642583524,"https://media.birdweather.com/soundscapes/6891/6891-20260628-042944.flac",0,3,"birdnetpi"
9187024274,6891,"2026-06-28T06:28:31.000+02:00",0.75,0.841241300106049,9.09862911661109,"almost_certain","2p4",NA,51.5631,6.0034,FALSE,1,"House Sparrow","Passer domesticus","#d16ff8","avian","https://media.birdweather.com/species/1/HouseSparrow-standard-b861184cf45c092cdb45fd689dd676ef.jpg","https://media.birdweather.com/species/1/HouseSparrow-thumbnail-e9cbc91763a1579de8ef04880678b5e3.jpg","https://media.birdweather.com/species/1/HouseSparrow-png200-125e8603e1efe9d7a18316b94f06a65e.png","XAgCDwD8qpukuHiqtLZ9mImnmPFcDO4E",13642548512,"https://media.birdweather.com/soundscapes/6891/6891-20260628-042831.flac",0,3,"birdnetpi"
9186958215,6891,"2026-06-28T06:24:50.000+02:00",0.81,0.841241300106049,9.27010262245808,"almost_certain","2p4",NA,51.5624,6.0093,FALSE,1,"House Sparrow","Passer domesticus","#d16ff8","avian","https://media.birdweather.com/species/1/HouseSparrow-standard-b861184cf45c092cdb45fd689dd676ef.jpg","https://media.birdweather.com/species/1/HouseSparrow-thumbnail-e9cbc91763a1579de8ef04880678b5e3.jpg","https://media.birdweather.com/species/1/HouseSparrow-png200-125e8603e1efe9d7a18316b94f06a65e.png","XAgCDwD8qpukuHiqtLZ9mImnmPFcDO4E",13642437462,"https://media.birdweather.com/soundscapes/6891/6891-20260628-042450.flac",0,3,"birdnetpi"
9186943052,6891,"2026-06-28T06:23:49.000+02:00",0.75,0.841241300106049,9.09862911661109,"almost_certain","2p4",NA,51.5665,6.0026,FALSE,1,"House Sparrow","Passer domesticus","#d16ff8","avian","https://media.birdweather.com/species/1/HouseSparrow-standard-b861184cf45c092cdb45fd689dd676ef.jpg","https://media.birdweather.com/species/1/HouseSparrow-thumbnail-e9cbc91763a1579de8ef04880678b5e3.jpg","https://media.birdweather.com/species/1/HouseSparrow-png200-125e8603e1efe9d7a18316b94f06a65e.png","XAgCDwD8qpukuHiqtLZ9mImnmPFcDO4E",13642412312,"https://media.birdweather.com/soundscapes/6891/6891-20260628-042349.flac",0,3,"birdnetpi"
9186920277,6891,"2026-06-28T06:22:31.000+02:00",0.7,0.465751200914383,8.14019952638619,"almost_certain","2p4",NA,51.5675,6.0085,FALSE,103,"Eurasian Collared-Dove","Streptopelia decaocto","#006e2a","avian","https://media.birdweather.com/species/103/EurasianCollared-Dove-standard-e0c74c4f1ffe5357c4759579380dab35.jpg","https://media.birdweather.com/species/103/EurasianCollared-Dove-thumbnail-53ccb5f0a5d0640a1e766dd99c28ebca.jpg","https://media.birdweather.com/species/103/EurasianCollared-Dove-png200-4efa83c8c5efbdb09427b3c3fa247357.png","pvcFFwLpd4RvlJeUWZh2eXh4VxBqBZIH",13642374729,"https://media.birdweather.com/soundscapes/6891/6891-20260628-042231.flac",0,3,"birdnetpi"
9186902588,6891,"2026-06-28T06:21:37.000+02:00",0.74,0.995071530342102,9.29542345066076,"almost_certain","2p4",NA,51.5661,6.0052,FALSE,407,"Common Wood-Pigeon","Columba palumbus","#028fb2","avian","https://media.birdweather.com/species/407/CommonWood-Pigeon-standard-5558900260c92622ceef8a812b06518e.jpg","https://media.birdweather.com/species/407/CommonWood-Pigeon-thumbnail-4b86c907c8b82c8af31d566b811dee05.jpg","https://media.birdweather.com/species/407/CommonWood-Pigeon-png200-533b13201573be3895fcec3e61e861b5.png","2ukFHwIHiYeWxnZUiniYZ3h5h6+rCIQH",13642345788,"https://media.birdweather.com/soundscapes/6891/6891-20260628-042137.flac",0,3,"birdnetpi"
9186892567,6891,"2026-06-28T06:21:02.000+02:00",0.96,0.995071530342102,9.85091064876895,"almost_certain","2p4",NA,51.5691,6.0034,FALSE,407,"Common Wood-Pigeon","Columba palumbus","#028fb2","avian","https://media.birdweather.com/species/407/CommonWood-Pigeon-standard-5558900260c92622ceef8a812b06518e.jpg","https://media.birdweather.com/species/407/CommonWood-Pigeon-thumbnail-4b86c907c8b82c8af31d566b811dee05.jpg","https://media.birdweather.com/species/407/CommonWood-Pigeon-png200-533b13201573be3895fcec3e61e861b5.png","2ukFHwIHiYeWxnZUiniYZ3h5h6+rCIQH",13642329103,"https://media.birdweather.com/soundscapes/6891/6891-20260628-042102.flac",0,3,"birdnetpi"
9186881297,6891,"2026-06-28T06:20:19.000+02:00",0.89,0.995071530342102,9.69730995034358,"almost_certain","2p4",NA,51.562,6.0073,FALSE,407,"Common Wood-Pigeon","Columba palumbus","#028fb2","avian","https://media.birdweather.com/species/407/CommonWood-Pigeon-standard-5558900260c92622ceef8a812b06518e.jpg","https://media.birdweather.com/species/407/CommonWood-Pigeon-thumbnail-4b86c907c8b82c8af31d566b811dee05.jpg","https://media.birdweather.com/species/407/CommonWood-Pigeon-png200-533b13201573be3895fcec3e61e861b5.png","2ukFHwIHiYeWxnZUiniYZ3h5h6+rCIQH",13642311147,"https://media.birdweather.com/soundscapes/6891/6891-20260628-042019.flac",0,3,"birdnetpi"
9186871046,6891,"2026-06-28T06:19:49.000+02:00",0.88,0.841241300106049,9.44630843007434,"almost_certain","2p4",NA,51.5663,6.0015,FALSE,1,"House Sparrow","Passer domesticus","#d16ff8","avian","https://media.birdweather.com/species/1/HouseSparrow-standard-b861184cf45c092cdb45fd689dd676ef.jpg","https://media.birdweather.com/species/1/HouseSparrow-thumbnail-e9cbc91763a1579de8ef04880678b5e3.jpg","https://media.birdweather.com/species/1/HouseSparrow-png200-125e8603e1efe9d7a18316b94f06a65e.png","XAgCDwD8qpukuHiqtLZ9mImnmPFcDO4E",13642294283,"https://media.birdweather.com/soundscapes/6891/6891-20260628-041949.flac",0,3,"birdnetpi"
9186864096,6891,"2026-06-28T06:19:20.000+02:00",0.77,0.841241300106049,9.15820371996853,"almost_certain","2p4",NA,51.5628,6.0059,FALSE,1,"House Sparrow","Passer domesticus","#d16ff8","avian","https://media.birdweather.com/species/1/HouseSparrow-standard-b861184cf45c092cdb45fd689dd676ef.jpg","https://media.birdweather.com/species/1/HouseSparrow-thumbnail-e9cbc91763a1579de8ef04880678b5e3.jpg","https://media.birdweather.com/species/1/HouseSparrow-png200-125e8603e1efe9d7a18316b94f06a65e.png","XAgCDwD8qpukuHiqtLZ9mImnmPFcDO4E",13642282781,"https://media.birdweather.com/soundscapes/6891/6891-20260628-041920.flac",0,3,"birdnetpi"
9186856125,6891,"2026-06-28T06:19:01.000+02:00",0.79,0.841241300106049,9.21529531403731,"almost_certain","2p4",NA,51.5656,6.0044,FALSE,1,"House Sparrow","Passer domesticus","#d16ff8","avian","https://media.birdweather.com/species/1/HouseSparrow-standard-b861184cf45c092cdb45fd689dd676ef.jpg","https://media.birdweather.com/species/1/HouseSparrow-thumbnail-e9cbc91763a1579de8ef04880678b5e3.jpg","https://media.birdweather.com/species/1/HouseSparrow-png200-125e8603e1efe9d7a18316b94f06a65e.png","XAgCDwD8qpukuHiqtLZ9mImnmPFcDO4E",13642269735,"https://media.birdweather.com/soundscapes/6891/6891-20260628-041901.flac",0,3,"birdnetpi"
9186848293,6891,"2026-06-28T06:18:28.000+02:00",0.79,0.841241300106049,9.21529531403731,"almost_certain","2p4",NA,51.5632,6.0066,FALSE,1,"House Sparrow","Passer domesticus","#d16ff8","avian","https://media.birdweather.com/species/1/HouseSparrow-standard-b861184cf45c092cdb45fd689dd676ef.jpg","https://media.birdweather.com/species/1/HouseSparrow-thumbnail-e9cbc91763a1579de8ef04880678b5e3.jpg","https://media.birdweather.com/species/1/HouseSparrow-png200-125e8603e1efe9d7a18316b94f06a65e.png","XAgCDwD8qpukuHiqtLZ9mImnmPFcDO4E",13642256658,"https://media.birdweather.com/soundscapes/6891/6891-20260628-041828.flac",0,3,"birdnetpi"
9186843035,6891,"2026-06-28T06:18:19.000+02:00",0.83,0.841241300106049,9.32280142719216,"almost_certain","2p4",NA,51.5688,6.0016,FALSE,1,"House Sparrow","Passer domesticus","#d16ff8","avian","https://media.birdweather.com/species/1/HouseSparrow-standard-b861184cf45c092cdb45fd689dd676ef.jpg","https://media.birdweather.com/species/1/HouseSparrow-thumbnail-e9cbc91763a1579de8ef04880678b5e3.jpg","https://media.birdweather.com/species/1/HouseSparrow-png200-125e8603e1efe9d7a18316b94f06a65e.png","XAgCDwD8qpukuHiqtLZ9mImnmPFcDO4E",13642247981,"https://media.birdweather.com/soundscapes/6891/6891-20260628-041819.flac",0,3,"birdnetpi"
9186835237,6891,"2026-06-28T06:17:46.000+02:00",0.89,0.841241300106049,9.46972780377659,"almost_certain","2p4",NA,51.5686,6.0085,FALSE,1,"House Sparrow","Passer domesticus","#d16ff8","avian","https://media.birdweather.com/species/1/HouseSparrow-standard-b861184cf45c092cdb45fd689dd676ef.jpg","https://media.birdweather.com/species/1/HouseSparrow-thumbnail-e9cbc91763a1579de8ef04880678b5e3.jpg","https://media.birdweather.com/species/1/HouseSparrow-png200-125e8603e1efe9d7a18316b94f06a65e.png","XAgCDwD8qpukuHiqtLZ9mImnmPFcDO4E",13642234981,"https://media.birdweather.com/soundscapes/6891/6891-20260628-041746.flac",0,3,"birdnetpi"
9186827310,6891,"2026-06-28T06:17:26.000+02:00",0.83,0.841241300106049,9.32280142719216,"almost_certain","2p4",NA,51.5687,6.0076,FALSE,1,"House Sparrow","Passer domesticus","#d16ff8","avian","https://media.birdweather.com/species/1/HouseSparrow-standard-b861184cf45c092cdb45fd689dd676ef.jpg","https://media.birdweather.com/species/1/HouseSparrow-thumbnail-e9cbc91763a1579de8ef04880678b5e3.jpg","https://media.birdweather.com/species/1/HouseSparrow-png200-125e8603e1efe9d7a18316b94f06a65e.png","XAgCDwD8qpukuHiqtLZ9mImnmPFcDO4E",13642221959,"https://media.birdweather.com/soundscapes/6891/6891-20260628-041726.flac",0,3,"birdnetpi"
9186808902,6891,"2026-06-28T06:16:20.000+02:00",0.75,0.841241300106049,9.09862911661109,"almost_certain","2p4",NA,51.5617,6.0067,FALSE,1,"House Sparrow","Passer domesticus","#d16ff8","avian","https://media.birdweather.com/species/1/HouseSparrow-standard-b861184cf45c092cdb45fd689dd676ef.jpg","https://media.birdweather.com/species/1/HouseSparrow-thumbnail-e9cbc91763a1579de8ef04880678b5e3.jpg","https://media.birdweather.com/species/1/HouseSparrow-png200-125e8603e1efe9d7a18316b94f06a65e.png","XAgCDwD8qpukuHiqtLZ9mImnmPFcDO4E",13642191708,"https://media.birdweather.com/soundscapes/6891/6891-20260628-041620.flac",0,3,"birdnetpi"
9186795463,6891,"2026-06-28T06:15:34.000+02:00",0.76,0.235489740967751,7.42522676227198,"almost_certain","2p4",NA,51.5692,6.0056,FALSE,20,"Black Redstart","Phoenicurus ochruros","#c8ce2d","avian","https://media.birdweather.com/species/20/BlackRedstart-standard-4255c9b712ecb46ea7d3df8d556c18e7.jpg","https://media.birdweather.com/species/20/BlackRedstart-thumbnail-2fee59acc1ecc6be7238da194869e940.jpg","https://media.birdweather.com/species/20/BlackRedstart-png200-cbc0625b8b4889aeec1da754ad906efd.png","2QgGFwT8epa+l3ZlZ5hntnh4Z/6oyZ8I",13642169768,"https://media.birdweather.com/soundscapes/6891/6891-20260628-041534.flac",0,3,"birdnetpi"
9186764958,6891,"2026-06-28T06:13:41.000+02:00",0.77,0.823857188224792,9.1299358431672,"almost_certain","2p4",NA,51.5639,6.0048,FALSE,53,"European Starling","Sturnus vulgaris","#96038f","avian","https://media.birdweather.com/species/53/EuropeanStarling-standard-ff3a9beb497795d3bd4205bd86cf1652.jpg","https://media.birdweather.com/species/53/EuropeanStarling-thumbnail-974e70e3ea84a4be254312c2dfe527d5.jpg","https://media.birdweather.com/species/53/EuropeanStarling-png200-c81072eef7cc54f4bd51dcb88ed45765.png","FQgGBwD4dnmbZHhapUenmGh16HWAvzoO",13642119655,"https://media.birdweather.com/soundscapes/6891/6891-20260628-041341.flac",0,3,"birdnetpi"
9186755240,6891,"2026-06-28T06:13:08.000+02:00",0.71,0.841241300106049,8.97109523701065,"almost_certain","2p4",NA,51.5671,6.0076,FALSE,1,"House Sparrow","Passer domesticus","#d16ff8","avian","https://media.birdweather.com/species/1/HouseSparrow-standard-b861184cf45c092cdb45fd689dd676ef.jpg","https://media.birdweather.com/species/1/HouseSparrow-thumbnail-e9cbc91763a1579de8ef04880678b5e3.jpg","https://media.birdweather.com/species/1/HouseSparrow-png200-125e8603e1efe9d7a18316b94f06a65e.png","XAgCDwD8qpukuHiqtLZ9mImnmPFcDO4E",13642103831,"https://media.birdweather.com/soundscapes/6891/6891-20260628-041308.flac",0,3,"birdnetpi"
9186746482,6891,"2026-06-28T06:12:38.000+02:00",0.72,0.841241300106049,9.00410888267396,"almost_certain","2p4",NA,51.5701,6.0079,FALSE,1,"House Sparrow","Passer domesticus","#d16ff8","avian","https://media.birdweather.com/species/1/HouseSparrow-standard-b861184cf45c092cdb45fd689dd676ef.jpg","https://media.birdweather.com/species/1/HouseSparrow-thumbnail-e9cbc91763a1579de8ef04880678b5e3.jpg","https://media.birdweather.com/species/1/HouseSparrow-png200-125e8603e1efe9d7a18316b94f06a65e.png","XAgCDwD8qpukuHiqtLZ9mImnmPFcDO4E",13642089418,"https://media.birdweather.com/soundscapes/6891/6891-20260628-041238.flac",0,3,"birdnetpi"
9186732095,6891,"2026-06-28T06:11:49.000+02:00",0.7,0.841241300106049,8.93726635776184,"almost_certain","2p4",NA,51.5628,6.002,FALSE,1,"House Sparrow","Passer domesticus","#d16ff8","avian","https://media.birdweather.com/species/1/HouseSparrow-standard-b861184cf45c092cdb45fd689dd676ef.jpg","https://media.birdweather.com/species/1/HouseSparrow-thumbnail-e9cbc91763a1579de8ef04880678b5e3.jpg","https://media.birdweather.com/species/1/HouseSparrow-png200-125e8603e1efe9d7a18316b94f06a65e.png","XAgCDwD8qpukuHiqtLZ9mImnmPFcDO4E",13642065680,"https://media.birdweather.com/soundscapes/6891/6891-20260628-041149.flac",0,3,"birdnetpi"
9186722884,6891,"2026-06-28T06:11:19.000+02:00",0.94,0.823857188224792,9.55290345302717,"almost_certain","2p4",NA,51.5623,6.0012,FALSE,53,"European Starling","Sturnus vulgaris","#96038f","avian","https://media.birdweather.com/species/53/EuropeanStarling-standard-ff3a9beb497795d3bd4205bd86cf1652.jpg","https://media.birdweather.com/species/53/EuropeanStarling-thumbnail-974e70e3ea84a4be254312c2dfe527d5.jpg","https://media.birdweather.com/species/53/EuropeanStarling-png200-c81072eef7cc54f4bd51dcb88ed45765.png","FQgGBwD4dnmbZHhapUenmGh16HWAvzoO",13642050315,"https://media.birdweather.com/soundscapes/6891/6891-20260628-041119.flac",0,3,"birdnetpi"
9186720142,6891,"2026-06-28T06:11:08.000+02:00",0.9,0.651233911514282,9.14670801668249,"almost_certain","2p4",NA,51.5625,6.0059,FALSE,119,"Common House-Martin","Delichon urbicum","#53b1ff","avian","https://media.birdweather.com/species/119/CommonHouse-Martin-standard-9ffbcc688c51210fb136a162c84d82ad.jpg","https://media.birdweather.com/species/119/CommonHouse-Martin-thumbnail-dd7059ca6235347c3097e7a66f04df95.jpg","https://media.birdweather.com/species/119/CommonHouse-Martin-png200-a73a8953ce2af50676da81e70b2746b2.png","YhgKDwKJd4iIiHd/h5h5d4mIeQqVllAH",13642046013,"https://media.birdweather.com/soundscapes/6891/6891-20260628-041108.flac",0,3,"birdnetpi"
9186712788,6891,"2026-06-28T06:10:43.000+02:00",0.74,0.841241300106049,9.06784130409377,"almost_certain","2p4",NA,51.5647,6.0056,FALSE,1,"House Sparrow","Passer domesticus","#d16ff8","avian","https://media.birdweather.com/species/1/HouseSparrow-standard-b861184cf45c092cdb45fd689dd676ef.jpg","https://media.birdweather.com/species/1/HouseSparrow-thumbnail-e9cbc91763a1579de8ef04880678b5e3.jpg","https://media.birdweather.com/species/1/HouseSparrow-png200-125e8603e1efe9d7a18316b94f06a65e.png","XAgCDwD8qpukuHiqtLZ9mImnmPFcDO4E",13642033953,"https://media.birdweather.com/soundscapes/6891/6891-20260628-041043.flac",0,3,"birdnetpi"
9186688056,6891,"2026-06-28T06:09:17.000+02:00",0.72,0.99532687664032,9.23203904427044,"almost_certain","2p4",NA,51.5673,6.0008,FALSE,58,"Carrion Crow","Corvus corone","#01a85a","avian","https://media.birdweather.com/species/58/CarrionCrow-standard-ed24da07616d0cd7c5ef9cd2892ec869.jpg","https://media.birdweather.com/species/58/CarrionCrow-thumbnail-38cc6285bbd8f8340f32fa4dc3f58a69.jpg","https://media.birdweather.com/species/58/CarrionCrow-png200-5ec2904f61f6588853b296f54d8d0cb6.png","nggODwDDmZlqdoiPdLeIWIiYaK6A1gMK",13641992665,"https://media.birdweather.com/soundscapes/6891/6891-20260628-040917.flac",0,3,"birdnetpi"
9186679269,6891,"2026-06-28T06:08:47.000+02:00",0.7,0.841241300106049,8.93726635776184,"almost_certain","2p4",NA,51.5664,6.0026,FALSE,1,"House Sparrow","Passer domesticus","#d16ff8","avian","https://media.birdweather.com/species/1/HouseSparrow-standard-b861184cf45c092cdb45fd689dd676ef.jpg","https://media.birdweather.com/species/1/HouseSparrow-thumbnail-e9cbc91763a1579de8ef04880678b5e3.jpg","https://media.birdweather.com/species/1/HouseSparrow-png200-125e8603e1efe9d7a18316b94f06a65e.png","XAgCDwD8qpukuHiqtLZ9mImnmPFcDO4E",13641978311,"https://media.birdweather.com/soundscapes/6891/6891-20260628-040847.flac",0,3,"birdnetpi"
9186623370,6891,"2026-06-28T06:05:40.000+02:00",0.78,0.841241300106049,9.18704689056956,"almost_certain","2p4",NA,51.5649,6.0062,FALSE,1,"House Sparrow","Passer domesticus","#d16ff8","avian","https://media.birdweather.com/species/1/HouseSparrow-standard-b861184cf45c092cdb45fd689dd676ef.jpg","https://media.birdweather.com/species/1/HouseSparrow-thumbnail-e9cbc91763a1579de8ef04880678b5e3.jpg","https://media.birdweather.com/species/1/HouseSparrow-png200-125e8603e1efe9d7a18316b94f06a65e.png","XAgCDwD8qpukuHiqtLZ9mImnmPFcDO4E",13641885790,"https://media.birdweather.com/soundscapes/6891/6891-20260628-040540.flac",0,3,"birdnetpi"
9186606702,6891,"2026-06-28T06:04:38.000+02:00",0.76,0.823857188224792,9.10047234201448,"almost_certain","2p4",NA,51.5619,6.0063,FALSE,53,"European Starling","Sturnus vulgaris","#96038f","avian","https://media.birdweather.com/species/53/EuropeanStarling-standard-ff3a9beb497795d3bd4205bd86cf1652.jpg","https://media.birdweather.com/species/53/EuropeanStarling-thumbnail-974e70e3ea84a4be254312c2dfe527d5.jpg","https://media.birdweather.com/species/53/EuropeanStarling-png200-c81072eef7cc54f4bd51dcb88ed45765.png","FQgGBwD4dnmbZHhapUenmGh16HWAvzoO",13641858316,"https://media.birdweather.com/soundscapes/6891/6891-20260628-040438.flac",0,3,"birdnetpi"
9186600411,6891,"2026-06-28T06:04:23.000+02:00",0.73,0.841241300106049,9.03634566412593,"almost_certain","2p4",NA,51.5624,6.0038,FALSE,1,"House Sparrow","Passer domesticus","#d16ff8","avian","https://media.birdweather.com/species/1/HouseSparrow-standard-b861184cf45c092cdb45fd689dd676ef.jpg","https://media.birdweather.com/species/1/HouseSparrow-thumbnail-e9cbc91763a1579de8ef04880678b5e3.jpg","https://media.birdweather.com/species/1/HouseSparrow-png200-125e8603e1efe9d7a18316b94f06a65e.png","XAgCDwD8qpukuHiqtLZ9mImnmPFcDO4E",13641848264,"https://media.birdweather.com/soundscapes/6891/6891-20260628-040423.flac",0,3,"birdnetpi"
9186584627,6891,"2026-06-28T06:03:29.000+02:00",0.87,0.841241300106049,9.42248174255908,"almost_certain","2p4",NA,51.5634,6.0083,FALSE,1,"House Sparrow","Passer domesticus","#d16ff8","avian","https://media.birdweather.com/species/1/HouseSparrow-standard-b861184cf45c092cdb45fd689dd676ef.jpg","https://media.birdweather.com/species/1/HouseSparrow-thumbnail-e9cbc91763a1579de8ef04880678b5e3.jpg","https://media.birdweather.com/species/1/HouseSparrow-png200-125e8603e1efe9d7a18316b94f06a65e.png","XAgCDwD8qpukuHiqtLZ9mImnmPFcDO4E",13641822124,"https://media.birdweather.com/soundscapes/6891/6891-20260628-040329.flac",0,3,"birdnetpi"
9186576656,6891,"2026-06-28T06:03:01.000+02:00",0.9,0.841241300106049,9.49275355587003,"almost_certain","2p4",NA,51.5684,6.0062,FALSE,1,"House Sparrow","Passer domesticus","#d16ff8","avian","https://media.birdweather.com/species/1/HouseSparrow-standard-b861184cf45c092cdb45fd689dd676ef.jpg","https://media.birdweather.com/species/1/HouseSparrow-thumbnail-e9cbc91763a1579de8ef04880678b5e3.jpg","https://media.birdweather.com/species/1/HouseSparrow-png200-125e8603e1efe9d7a18316b94f06a65e.png","XAgCDwD8qpukuHiqtLZ9mImnmPFcDO4E",13641809129,"https://media.birdweather.com/soundscapes/6891/6891-20260628-040301.flac",0,3,"birdnetpi"
9186568767,6891,"2026-06-28T06:02:40.000+02:00",0.85,0.841241300106049,9.37354796939423,"almost_certain","2p4",NA,51.566,6.0028,FALSE,1,"House Sparrow","Passer domesticus","#d16ff8","avian","https://media.birdweather.com/species/1/HouseSparrow-standard-b861184cf45c092cdb45fd689dd676ef.jpg","https://media.birdweather.com/species/1/HouseSparrow-thumbnail-e9cbc91763a1579de8ef04880678b5e3.jpg","https://media.birdweather.com/species/1/HouseSparrow-png200-125e8603e1efe9d7a18316b94f06a65e.png","XAgCDwD8qpukuHiqtLZ9mImnmPFcDO4E",13641796182,"https://media.birdweather.com/soundscapes/6891/6891-20260628-040240.flac",0,3,"birdnetpi"
9186560011,6891,"2026-06-28T06:01:59.000+02:00",0.81,0.841241300106049,9.27010262245808,"almost_certain","2p4",NA,51.5628,6.009,FALSE,1,"House Sparrow","Passer domesticus","#d16ff8","avian","https://media.birdweather.com/species/1/HouseSparrow-standard-b861184cf45c092cdb45fd689dd676ef.jpg","https://media.birdweather.com/species/1/HouseSparrow-thumbnail-e9cbc91763a1579de8ef04880678b5e3.jpg","https://media.birdweather.com/species/1/HouseSparrow-png200-125e8603e1efe9d7a18316b94f06a65e.png","XAgCDwD8qpukuHiqtLZ9mImnmPFcDO4E",13641781751,"https://media.birdweather.com/soundscapes/6891/6891-20260628-040159.flac",0,3,"birdnetpi"
9186551111,6891,"2026-06-28T06:01:31.000+02:00",0.79,0.841241300106049,9.21529531403731,"almost_certain","2p4",NA,51.5638,6.0058,FALSE,1,"House Sparrow","Passer domesticus","#d16ff8","avian","https://media.birdweather.com/species/1/HouseSparrow-standard-b861184cf45c092cdb45fd689dd676ef.jpg","https://media.birdweather.com/species/1/HouseSparrow-thumbnail-e9cbc91763a1579de8ef04880678b5e3.jpg","https://media.birdweather.com/species/1/HouseSparrow-png200-125e8603e1efe9d7a18316b94f06a65e.png","XAgCDwD8qpukuHiqtLZ9mImnmPFcDO4E",13641766848,"https://media.birdweather.com/soundscapes/6891/6891-20260628-040131.flac",0,3,"birdnetpi"
9186545967,6891,"2026-06-28T06:01:13.000+02:00",0.73,0.841241300106049,9.03634566412593,"almost_certain","2p4",NA,51.5659,6.0052,FALSE,1,"House Sparrow","Passer domesticus","#d16ff8","avian","https://media.birdweather.com/species/1/HouseSparrow-standard-b861184cf45c092cdb45fd689dd676ef.jpg","https://media.birdweather.com/species/1/HouseSparrow-thumbnail-e9cbc91763a1579de8ef04880678b5e3.jpg","https://media.birdweather.com/species/1/HouseSparrow-png200-125e8603e1efe9d7a18316b94f06a65e.png","XAgCDwD8qpukuHiqtLZ9mImnmPFcDO4E",13641758710,"https://media.birdweather.com/soundscapes/6891/6891-20260628-040113.flac",0,3,"birdnetpi"
9186541341,6891,"2026-06-28T06:00:58.000+02:00",0.91,0.841241300106049,9.51539869954319,"almost_certain","2p4",NA,51.5672,6.0022,FALSE,1,"House Sparrow","Passer domesticus","#d16ff8","avian","https://media.birdweather.com/species/1/HouseSparrow-standard-b861184cf45c092cdb45fd689dd676ef.jpg","https://media.birdweather.com/species/1/HouseSparrow-thumbnail-e9cbc91763a1579de8ef04880678b5e3.jpg","https://media.birdweather.com/species/1/HouseSparrow-png200-125e8603e1efe9d7a18316b94f06a65e.png","XAgCDwD8qpukuHiqtLZ9mImnmPFcDO4E",13641750990,"https://media.birdweather.com/soundscapes/6891/6891-20260628-040058.flac",0,3,"birdnetpi"
9186533387,6891,"2026-06-28T06:00:29.000+02:00",0.8,0.841241300106049,9.24297302306231,"almost_certain","2p4",NA,51.5677,6.009,FALSE,1,"House Sparrow","Passer domesticus","#d16ff8","avian","https://media.birdweather.com/species/1/HouseSparrow-standard-b861184cf45c092cdb45fd689dd676ef.jpg","https://media.birdweather.com/species/1/HouseSparrow-thumbnail-e9cbc91763a1579de8ef04880678b5e3.jpg","https://media.birdweather.com/species/1/HouseSparrow-png200-125e8603e1efe9d7a18316b94f06a65e.png","XAgCDwD8qpukuHiqtLZ9mImnmPFcDO4E",13641737958,"https://media.birdweather.com/soundscapes/6891/6891-20260628-040029.flac",0,3,"birdnetpi"
9186527637,6891,"2026-06-28T06:00:10.000+02:00",0.88,0.841241300106049,9.44630843007434,"almost_certain","2p4",NA,51.5677,6.0068,FALSE,1,"House Sparrow","Passer domesticus","#d16ff8","avian","https://media.birdweather.com/species/1/HouseSparrow-standard-b861184cf45c092cdb45fd689dd676ef.jpg","https://media.birdweather.com/species/1/HouseSparrow-thumbnail-e9cbc91763a1579de8ef04880678b5e3.jpg","https://media.birdweather.com/species/1/HouseSparrow-png200-125e8603e1efe9d7a18316b94f06a65e.png","XAgCDwD8qpukuHiqtLZ9mImnmPFcDO4E",13641728438,"https://media.birdweather.com/soundscapes/6891/6891-20260628-040010.flac",0,3,"birdnetpi"
9186523085,6891,"2026-06-28T05:59:59.000+02:00",0.85,0.841241300106049,9.37354796939423,"almost_certain","2p4",NA,51.569,6.0073,FALSE,1,"House Sparrow","Passer domesticus","#d16ff8","avian","https://media.birdweather.com/species/1/HouseSparrow-standard-b861184cf45c092cdb45fd689dd676ef.jpg","https://media.birdweather.com/species/1/HouseSparrow-thumbnail-e9cbc91763a1579de8ef04880678b5e3.jpg","https://media.birdweather.com/species/1/HouseSparrow-png200-125e8603e1efe9d7a18316b94f06a65e.png","XAgCDwD8qpukuHiqtLZ9mImnmPFcDO4E",13641720848,"https://media.birdweather.com/soundscapes/6891/6891-20260628-035959.flac",0,3,"birdnetpi"
9186518559,6891,"2026-06-28T05:59:44.000+02:00",0.94,0.841241300106049,9.5811713298285,"almost_certain","2p4",NA,51.5643,6.0009,FALSE,1,"House Sparrow","Passer domesticus","#d16ff8","avian","https://media.birdweather.com/species/1/HouseSparrow-standard-b861184cf45c092cdb45fd689dd676ef.jpg","https://media.birdweather.com/species/1/HouseSparrow-thumbnail-e9cbc91763a1579de8ef04880678b5e3.jpg","https://media.birdweather.com/species/1/HouseSparrow-png200-125e8603e1efe9d7a18316b94f06a65e.png","XAgCDwD8qpukuHiqtLZ9mImnmPFcDO4E",13641713514,"https://media.birdweather.com/soundscapes/6891/6891-20260628-035944.flac",0,3,"birdnetpi"
9186510444,6891,"2026-06-28T05:59:14.000+02:00",0.92,0.841241300106049,9.53767561313752,"almost_certain","2p4",NA,51.565,6.0074,FALSE,1,"House Sparrow","Passer domesticus","#d16ff8","avian","https://media.birdweather.com/species/1/HouseSparrow-standard-b861184cf45c092cdb45fd689dd676ef.jpg","https://media.birdweather.com/species/1/HouseSparrow-thumbnail-e9cbc91763a1579de8ef04880678b5e3.jpg","https://media.birdweather.com/species/1/HouseSparrow-png200-125e8603e1efe9d7a18316b94f06a65e.png","XAgCDwD8qpukuHiqtLZ9mImnmPFcDO4E",13641700451,"https://media.birdweather.com/soundscapes/6891/6891-20260628-035914.flac",0,3,"birdnetpi"
9186502443,6891,"2026-06-28T05:58:55.000+02:00",0.9,0.841241300106049,9.49275355587003,"almost_certain","2p4",NA,51.5645,6.0038,FALSE,1,"House Sparrow","Passer domesticus","#d16ff8","avian","https://media.birdweather.com/species/1/HouseSparrow-standard-b861184cf45c092cdb45fd689dd676ef.jpg","https://media.birdweather.com/species/1/HouseSparrow-thumbnail-e9cbc91763a1579de8ef04880678b5e3.jpg","https://media.birdweather.com/species/1/HouseSparrow-png200-125e8603e1efe9d7a18316b94f06a65e.png","XAgCDwD8qpukuHiqtLZ9mImnmPFcDO4E",13641687500,"https://media.birdweather.com/soundscapes/6891/6891-20260628-035855.flac",0,3,"birdnetpi"
9186494372,6891,"2026-06-28T05:58:19.000+02:00",0.87,0.841241300106049,9.42248174255908,"almost_certain","2p4",NA,51.5615,6.0038,FALSE,1,"House Sparrow","Passer domesticus","#d16ff8","avian","https://media.birdweather.com/species/1/HouseSparrow-standard-b861184cf45c092cdb45fd689dd676ef.jpg","https://media.birdweather.com/species/1/HouseSparrow-thumbnail-e9cbc91763a1579de8ef04880678b5e3.jpg","https://media.birdweather.com/species/1/HouseSparrow-png200-125e8603e1efe9d7a18316b94f06a65e.png","XAgCDwD8qpukuHiqtLZ9mImnmPFcDO4E",13641674411,"https://media.birdweather.com/soundscapes/6891/6891-20260628-035819.flac",0,3,"birdnetpi"
9186484481,6891,"2026-06-28T05:57:47.000+02:00",0.91,0.841241300106049,9.51539869954319,"almost_certain","2p4",NA,51.5635,6.0074,FALSE,1,"House Sparrow","Passer domesticus","#d16ff8","avian","https://media.birdweather.com/species/1/HouseSparrow-standard-b861184cf45c092cdb45fd689dd676ef.jpg","https://media.birdweather.com/species/1/HouseSparrow-thumbnail-e9cbc91763a1579de8ef04880678b5e3.jpg","https://media.birdweather.com/species/1/HouseSparrow-png200-125e8603e1efe9d7a18316b94f06a65e.png","XAgCDwD8qpukuHiqtLZ9mImnmPFcDO4E",13641658490,"https://media.birdweather.com/soundscapes/6891/6891-20260628-035747.flac",0,3,"birdnetpi"
9186476400,6891,"2026-06-28T05:57:26.000+02:00",0.88,0.841241300106049,9.44630843007434,"almost_certain","2p4",NA,51.5615,6.0058,FALSE,1,"House Sparrow","Passer domesticus","#d16ff8","avian","https://media.birdweather.com/species/1/HouseSparrow-standard-b861184cf45c092cdb45fd689dd676ef.jpg","https://media.birdweather.com/species/1/HouseSparrow-thumbnail-e9cbc91763a1579de8ef04880678b5e3.jpg","https://media.birdweather.com/species/1/HouseSparrow-png200-125e8603e1efe9d7a18316b94f06a65e.png","XAgCDwD8qpukuHiqtLZ9mImnmPFcDO4E",13641645493,"https://media.birdweather.com/soundscapes/6891/6891-20260628-035726.flac",0,3,"birdnetpi"
9186448291,6891,"2026-06-28T05:55:44.000+02:00",0.73,0.841241300106049,9.03634566412593,"almost_certain","2p4",NA,51.5663,6.0005,FALSE,1,"House Sparrow","Passer domesticus","#d16ff8","avian","https://media.birdweather.com/species/1/HouseSparrow-standard-b861184cf45c092cdb45fd689dd676ef.jpg","https://media.birdweather.com/species/1/HouseSparrow-thumbnail-e9cbc91763a1579de8ef04880678b5e3.jpg","https://media.birdweather.com/species/1/HouseSparrow-png200-125e8603e1efe9d7a18316b94f06a65e.png","XAgCDwD8qpukuHiqtLZ9mImnmPFcDO4E",13641600707,"https://media.birdweather.com/soundscapes/6891/6891-20260628-035544.flac",0,3,"birdnetpi"
9186439727,6891,"2026-06-28T05:55:14.000+02:00",0.83,0.841241300106049,9.32280142719216,"almost_certain","2p4",NA,51.5662,6.0038,FALSE,1,"House Sparrow","Passer domesticus","#d16ff8","avian","https://media.birdweather.com/species/1/HouseSparrow-standard-b861184cf45c092cdb45fd689dd676ef.jpg","https://media.birdweather.com/species/1/HouseSparrow-thumbnail-e9cbc91763a1579de8ef04880678b5e3.jpg","https://media.birdweather.com/species/1/HouseSparrow-png200-125e8603e1efe9d7a18316b94f06a65e.png","XAgCDwD8qpukuHiqtLZ9mImnmPFcDO4E",13641586803,"https://media.birdweather.com/soundscapes/6891/6891-20260628-035514.flac",0,3,"birdnetpi"
9186431348,6891,"2026-06-28T05:54:52.000+02:00",0.86,0.841241300106049,9.3982333219329,"almost_certain","2p4",NA,51.5652,6.0056,FALSE,1,"House Sparrow","Passer domesticus","#d16ff8","avian","https://media.birdweather.com/species/1/HouseSparrow-standard-b861184cf45c092cdb45fd689dd676ef.jpg","https://media.birdweather.com/species/1/HouseSparrow-thumbnail-e9cbc91763a1579de8ef04880678b5e3.jpg","https://media.birdweather.com/species/1/HouseSparrow-png200-125e8603e1efe9d7a18316b94f06a65e.png","XAgCDwD8qpukuHiqtLZ9mImnmPFcDO4E",13641573356,"https://media.birdweather.com/soundscapes/6891/6891-20260628-035452.flac",0,3,"birdnetpi"
9186426172,6891,"2026-06-28T05:54:31.000+02:00",0.86,0.841241300106049,9.3982333219329,"almost_certain","2p4",NA,51.5665,6.0042,FALSE,1,"House Sparrow","Passer domesticus","#d16ff8","avian","https://media.birdweather.com/species/1/HouseSparrow-standard-b861184cf45c092cdb45fd689dd676ef.jpg","https://media.birdweather.com/species/1/HouseSparrow-thumbnail-e9cbc91763a1579de8ef04880678b5e3.jpg","https://media.birdweather.com/species/1/HouseSparrow-png200-125e8603e1efe9d7a18316b94f06a65e.png","XAgCDwD8qpukuHiqtLZ9mImnmPFcDO4E",13641565172,"https://media.birdweather.com/soundscapes/6891/6891-20260628-035431.flac",0,3,"birdnetpi"
9186421713,6891,"2026-06-28T05:54:14.000+02:00",0.85,0.841241300106049,9.37354796939423,"almost_certain","2p4",NA,51.57,6.0028,FALSE,1,"House Sparrow","Passer domesticus","#d16ff8","avian","https://media.birdweather.com/species/1/HouseSparrow-standard-b861184cf45c092cdb45fd689dd676ef.jpg","https://media.birdweather.com/species/1/HouseSparrow-thumbnail-e9cbc91763a1579de8ef04880678b5e3.jpg","https://media.birdweather.com/species/1/HouseSparrow-png200-125e8603e1efe9d7a18316b94f06a65e.png","XAgCDwD8qpukuHiqtLZ9mImnmPFcDO4E",13641557931,"https://media.birdweather.com/soundscapes/6891/6891-20260628-035414.flac",0,3,"birdnetpi"
9186413665,6891,"2026-06-28T05:53:59.000+02:00",0.87,0.841241300106049,9.42248174255908,"almost_certain","2p4",NA,51.5649,6.0028,FALSE,1,"House Sparrow","Passer domesticus","#d16ff8","avian","https://media.birdweather.com/species/1/HouseSparrow-standard-b861184cf45c092cdb45fd689dd676ef.jpg","https://media.birdweather.com/species/1/HouseSparrow-thumbnail-e9cbc91763a1579de8ef04880678b5e3.jpg","https://media.birdweather.com/species/1/HouseSparrow-png200-125e8603e1efe9d7a18316b94f06a65e.png","XAgCDwD8qpukuHiqtLZ9mImnmPFcDO4E",13641544957,"https://media.birdweather.com/soundscapes/6891/6891-20260628-035359.flac",0,3,"birdnetpi"
9186405495,6891,"2026-06-28T05:53:31.000+02:00",0.94,0.841241300106049,9.5811713298285,"almost_certain","2p4",NA,51.5671,6.0082,FALSE,1,"House Sparrow","Passer domesticus","#d16ff8","avian","https://media.birdweather.com/species/1/HouseSparrow-standard-b861184cf45c092cdb45fd689dd676ef.jpg","https://media.birdweather.com/species/1/HouseSparrow-thumbnail-e9cbc91763a1579de8ef04880678b5e3.jpg","https://media.birdweather.com/species/1/HouseSparrow-png200-125e8603e1efe9d7a18316b94f06a65e.png","XAgCDwD8qpukuHiqtLZ9mImnmPFcDO4E",13641532034,"https://media.birdweather.com/soundscapes/6891/6891-20260628-035331.flac",0,3,"birdnetpi"
9186397283,6891,"2026-06-28T05:53:02.000+02:00",0.86,0.841241300106049,9.3982333219329,"almost_certain","2p4",NA,51.5621,6.0011,FALSE,1,"House Sparrow","Passer domesticus","#d16ff8","avian","https://media.birdweather.com/species/1/HouseSparrow-standard-b861184cf45c092cdb45fd689dd676ef.jpg","https://media.birdweather.com/species/1/HouseSparrow-thumbnail-e9cbc91763a1579de8ef04880678b5e3.jpg","https://media.birdweather.com/species/1/HouseSparrow-png200-125e8603e1efe9d7a18316b94f06a65e.png","XAgCDwD8qpukuHiqtLZ9mImnmPFcDO4E",13641518968,"https://media.birdweather.com/soundscapes/6891/6891-20260628-035302.flac",0,3,"birdnetpi"
9186389025,6891,"2026-06-28T05:52:31.000+02:00",0.83,0.841241300106049,9.32280142719216,"almost_certain","2p4",NA,51.5636,6.0059,FALSE,1,"House Sparrow","Passer domesticus","#d16ff8","avian","https://media.birdweather.com/species/1/HouseSparrow-standard-b861184cf45c092cdb45fd689dd676ef.jpg","https://media.birdweather.com/species/1/HouseSparrow-thumbnail-e9cbc91763a1579de8ef04880678b5e3.jpg","https://media.birdweather.com/species/1/HouseSparrow-png200-125e8603e1efe9d7a18316b94f06a65e.png","XAgCDwD8qpukuHiqtLZ9mImnmPFcDO4E",13641505991,"https://media.birdweather.com/soundscapes/6891/6891-20260628-035231.flac",0,3,"birdnetpi"
9186380886,6891,"2026-06-28T05:52:02.000+02:00",0.92,0.841241300106049,9.53767561313752,"almost_certain","2p4",NA,51.5654,6.0017,FALSE,1,"House Sparrow","Passer domesticus","#d16ff8","avian","https://media.birdweather.com/species/1/HouseSparrow-standard-b861184cf45c092cdb45fd689dd676ef.jpg","https://media.birdweather.com/species/1/HouseSparrow-thumbnail-e9cbc91763a1579de8ef04880678b5e3.jpg","https://media.birdweather.com/species/1/HouseSparrow-png200-125e8603e1efe9d7a18316b94f06a65e.png","XAgCDwD8qpukuHiqtLZ9mImnmPFcDO4E",13641492949,"https://media.birdweather.com/soundscapes/6891/6891-20260628-035202.flac",0,3,"birdnetpi"
9186372508,6891,"2026-06-28T05:51:44.000+02:00",0.79,0.841241300106049,9.21529531403731,"almost_certain","2p4",NA,51.5625,6.0092,FALSE,1,"House Sparrow","Passer domesticus","#d16ff8","avian","https://media.birdweather.com/species/1/HouseSparrow-standard-b861184cf45c092cdb45fd689dd676ef.jpg","https://media.birdweather.com/species/1/HouseSparrow-thumbnail-e9cbc91763a1579de8ef04880678b5e3.jpg","https://media.birdweather.com/species/1/HouseSparrow-png200-125e8603e1efe9d7a18316b94f06a65e.png","XAgCDwD8qpukuHiqtLZ9mImnmPFcDO4E",13641479952,"https://media.birdweather.com/soundscapes/6891/6891-20260628-035144.flac",0,3,"birdnetpi"
9186367741,6891,"2026-06-28T05:51:29.000+02:00",0.8,0.841241300106049,9.24297302306231,"almost_certain","2p4",NA,51.5658,6.0074,FALSE,1,"House Sparrow","Passer domesticus","#d16ff8","avian","https://media.birdweather.com/species/1/HouseSparrow-standard-b861184cf45c092cdb45fd689dd676ef.jpg","https://media.birdweather.com/species/1/HouseSparrow-thumbnail-e9cbc91763a1579de8ef04880678b5e3.jpg","https://media.birdweather.com/species/1/HouseSparrow-png200-125e8603e1efe9d7a18316b94f06a65e.png","XAgCDwD8qpukuHiqtLZ9mImnmPFcDO4E",13641472705,"https://media.birdweather.com/soundscapes/6891/6891-20260628-035129.flac",0,3,"birdnetpi"
9186359442,6891,"2026-06-28T05:51:01.000+02:00",0.87,0.841241300106049,9.42248174255908,"almost_certain","2p4",NA,51.5643,6.0093,FALSE,1,"House Sparrow","Passer domesticus","#d16ff8","avian","https://media.birdweather.com/species/1/HouseSparrow-standard-b861184cf45c092cdb45fd689dd676ef.jpg","https://media.birdweather.com/species/1/HouseSparrow-thumbnail-e9cbc91763a1579de8ef04880678b5e3.jpg","https://media.birdweather.com/species/1/HouseSparrow-png200-125e8603e1efe9d7a18316b94f06a65e.png","XAgCDwD8qpukuHiqtLZ9mImnmPFcDO4E",13641459838,"https://media.birdweather.com/soundscapes/6891/6891-20260628-035101.flac",0,3,"birdnetpi"
9186350901,6891,"2026-06-28T05:50:26.000+02:00",0.93,0.841241300106049,9.55959608078215,"almost_certain","2p4",NA,51.5699,6.0087,FALSE,1,"House Sparrow","Passer domesticus","#d16ff8","avian","https://media.birdweather.com/species/1/HouseSparrow-standard-b861184cf45c092cdb45fd689dd676ef.jpg","https://media.birdweather.com/species/1/HouseSparrow-thumbnail-e9cbc91763a1579de8ef04880678b5e3.jpg","https://media.birdweather.com/species/1/HouseSparrow-png200-125e8603e1efe9d7a18316b94f06a65e.png","XAgCDwD8qpukuHiqtLZ9mImnmPFcDO4E",13641446727,"https://media.birdweather.com/soundscapes/6891/6891-20260628-035026.flac",0,3,"birdnetpi"
9186344291,6891,"2026-06-28T05:50:07.000+02:00",0.9,0.841241300106049,9.49275355587003,"almost_certain","2p4",NA,51.5656,6.0025,FALSE,1,"House Sparrow","Passer domesticus","#d16ff8","avian","https://media.birdweather.com/species/1/HouseSparrow-standard-b861184cf45c092cdb45fd689dd676ef.jpg","https://media.birdweather.com/species/1/HouseSparrow-thumbnail-e9cbc91763a1579de8ef04880678b5e3.jpg","https://media.birdweather.com/species/1/HouseSparrow-png200-125e8603e1efe9d7a18316b94f06a65e.png","XAgCDwD8qpukuHiqtLZ9mImnmPFcDO4E",13641436680,"https://media.birdweather.com/soundscapes/6891/6891-20260628-035007.flac",0,3,"birdnetpi"
9186338750,6891,"2026-06-28T05:49:46.000+02:00",0.91,0.841241300106049,9.51539869954319,"almost_certain","2p4",NA,51.5637,6.0067,FALSE,1,"House Sparrow","Passer domesticus","#d16ff8","avian","https://media.birdweather.com/species/1/HouseSparrow-standard-b861184cf45c092cdb45fd689dd676ef.jpg","https://media.birdweather.com/species/1/HouseSparrow-thumbnail-e9cbc91763a1579de8ef04880678b5e3.jpg","https://media.birdweather.com/species/1/HouseSparrow-png200-125e8603e1efe9d7a18316b94f06a65e.png","XAgCDwD8qpukuHiqtLZ9mImnmPFcDO4E",13641428032,"https://media.birdweather.com/soundscapes/6891/6891-20260628-034946.flac",0,3,"birdnetpi"
9186333729,6891,"2026-06-28T05:49:34.000+02:00",0.84,0.841241300106049,9.34840964941881,"almost_certain","2p4",NA,51.5618,6.0079,FALSE,1,"House Sparrow","Passer domesticus","#d16ff8","avian","https://media.birdweather.com/species/1/HouseSparrow-standard-b861184cf45c092cdb45fd689dd676ef.jpg","https://media.birdweather.com/species/1/HouseSparrow-thumbnail-e9cbc91763a1579de8ef04880678b5e3.jpg","https://media.birdweather.com/species/1/HouseSparrow-png200-125e8603e1efe9d7a18316b94f06a65e.png","XAgCDwD8qpukuHiqtLZ9mImnmPFcDO4E",13641420317,"https://media.birdweather.com/soundscapes/6891/6891-20260628-034934.flac",0,3,"birdnetpi"
9186318017,6891,"2026-06-28T05:48:46.000+02:00",0.89,0.841241300106049,9.46972780377659,"almost_certain","2p4",NA,51.5615,6.0088,FALSE,1,"House Sparrow","Passer domesticus","#d16ff8","avian","https://media.birdweather.com/species/1/HouseSparrow-standard-b861184cf45c092cdb45fd689dd676ef.jpg","https://media.birdweather.com/species/1/HouseSparrow-thumbnail-e9cbc91763a1579de8ef04880678b5e3.jpg","https://media.birdweather.com/species/1/HouseSparrow-png200-125e8603e1efe9d7a18316b94f06a65e.png","XAgCDwD8qpukuHiqtLZ9mImnmPFcDO4E",13641395745,"https://media.birdweather.com/soundscapes/6891/6891-20260628-034846.flac",0,3,"birdnetpi"
9186312953,6891,"2026-06-28T05:48:26.000+02:00",0.81,0.841241300106049,9.27010262245808,"almost_certain","2p4",NA,51.5693,6.0017,FALSE,1,"House Sparrow","Passer domesticus","#d16ff8","avian","https://media.birdweather.com/species/1/HouseSparrow-standard-b861184cf45c092cdb45fd689dd676ef.jpg","https://media.birdweather.com/species/1/HouseSparrow-thumbnail-e9cbc91763a1579de8ef04880678b5e3.jpg","https://media.birdweather.com/species/1/HouseSparrow-png200-125e8603e1efe9d7a18316b94f06a65e.png","XAgCDwD8qpukuHiqtLZ9mImnmPFcDO4E",13641387548,"https://media.birdweather.com/soundscapes/6891/6891-20260628-034826.flac",0,3,"birdnetpi"
9186311220,6891,"2026-06-28T05:48:16.000+02:00",0.86,0.995071530342102,9.6258154684999,"almost_certain","2p4",NA,51.5654,6.0085,FALSE,407,"Common Wood-Pigeon","Columba palumbus","#028fb2","avian","https://media.birdweather.com/species/407/CommonWood-Pigeon-standard-5558900260c92622ceef8a812b06518e.jpg","https://media.birdweather.com/species/407/CommonWood-Pigeon-thumbnail-4b86c907c8b82c8af31d566b811dee05.jpg","https://media.birdweather.com/species/407/CommonWood-Pigeon-png200-533b13201573be3895fcec3e61e861b5.png","2ukFHwIHiYeWxnZUiniYZ3h5h6+rCIQH",13641384832,"https://media.birdweather.com/soundscapes/6891/6891-20260628-034816.flac",0,3,"birdnetpi"
9186305674,6891,"2026-06-28T05:47:58.000+02:00",0.71,0.841241300106049,8.97109523701065,"almost_certain","2p4",NA,51.5626,6.0046,FALSE,1,"House Sparrow","Passer domesticus","#d16ff8","avian","https://media.birdweather.com/species/1/HouseSparrow-standard-b861184cf45c092cdb45fd689dd676ef.jpg","https://media.birdweather.com/species/1/HouseSparrow-thumbnail-e9cbc91763a1579de8ef04880678b5e3.jpg","https://media.birdweather.com/species/1/HouseSparrow-png200-125e8603e1efe9d7a18316b94f06a65e.png","XAgCDwD8qpukuHiqtLZ9mImnmPFcDO4E",13641376091,"https://media.birdweather.com/soundscapes/6891/6891-20260628-034758.flac",0,3,"birdnetpi"
9186300212,6891,"2026-06-28T05:47:50.000+02:00",0.8,0.841241300106049,9.24297302306231,"almost_certain","2p4",NA,51.5683,6.005,FALSE,1,"House Sparrow","Passer domesticus","#d16ff8","avian","https://media.birdweather.com/species/1/HouseSparrow-standard-b861184cf45c092cdb45fd689dd676ef.jpg","https://media.birdweather.com/species/1/HouseSparrow-thumbnail-e9cbc91763a1579de8ef04880678b5e3.jpg","https://media.birdweather.com/species/1/HouseSparrow-png200-125e8603e1efe9d7a18316b94f06a65e.png","XAgCDwD8qpukuHiqtLZ9mImnmPFcDO4E",13641367502,"https://media.birdweather.com/soundscapes/6891/6891-20260628-034750.flac",0,3,"birdnetpi"
9186295211,6891,"2026-06-28T05:47:31.000+02:00",0.8,0.841241300106049,9.24297302306231,"almost_certain","2p4",NA,51.5673,6.006,FALSE,1,"House Sparrow","Passer domesticus","#d16ff8","avian","https://media.birdweather.com/species/1/HouseSparrow-standard-b861184cf45c092cdb45fd689dd676ef.jpg","https://media.birdweather.com/species/1/HouseSparrow-thumbnail-e9cbc91763a1579de8ef04880678b5e3.jpg","https://media.birdweather.com/species/1/HouseSparrow-png200-125e8603e1efe9d7a18316b94f06a65e.png","XAgCDwD8qpukuHiqtLZ9mImnmPFcDO4E",13641359737,"https://media.birdweather.com/soundscapes/6891/6891-20260628-034731.flac",0,3,"birdnetpi"
9186287055,6891,"2026-06-28T05:46:56.000+02:00",0.71,0.841241300106049,8.97109523701065,"almost_certain","2p4",NA,51.5697,6.0022,FALSE,1,"House Sparrow","Passer domesticus","#d16ff8","avian","https://media.birdweather.com/species/1/HouseSparrow-standard-b861184cf45c092cdb45fd689dd676ef.jpg","https://media.birdweather.com/species/1/HouseSparrow-thumbnail-e9cbc91763a1579de8ef04880678b5e3.jpg","https://media.birdweather.com/species/1/HouseSparrow-png200-125e8603e1efe9d7a18316b94f06a65e.png","XAgCDwD8qpukuHiqtLZ9mImnmPFcDO4E",13641346652,"https://media.birdweather.com/soundscapes/6891/6891-20260628-034656.flac",0,3,"birdnetpi"
9186273161,6891,"2026-06-28T05:46:11.000+02:00",0.72,0.841241300106049,9.00410888267396,"almost_certain","2p4",NA,51.5665,6.0063,FALSE,1,"House Sparrow","Passer domesticus","#d16ff8","avian","https://media.birdweather.com/species/1/HouseSparrow-standard-b861184cf45c092cdb45fd689dd676ef.jpg","https://media.birdweather.com/species/1/HouseSparrow-thumbnail-e9cbc91763a1579de8ef04880678b5e3.jpg","https://media.birdweather.com/species/1/HouseSparrow-png200-125e8603e1efe9d7a18316b94f06a65e.png","XAgCDwD8qpukuHiqtLZ9mImnmPFcDO4E",13641324999,"https://media.birdweather.com/soundscapes/6891/6891-20260628-034611.flac",0,3,"birdnetpi"
9186268066,6891,"2026-06-28T05:45:59.000+02:00",0.76,0.841241300106049,9.12874021881581,"almost_certain","2p4",NA,51.5659,6.006,FALSE,1,"House Sparrow","Passer domesticus","#d16ff8","avian","https://media.birdweather.com/species/1/HouseSparrow-standard-b861184cf45c092cdb45fd689dd676ef.jpg","https://media.birdweather.com/species/1/HouseSparrow-thumbnail-e9cbc91763a1579de8ef04880678b5e3.jpg","https://media.birdweather.com/species/1/HouseSparrow-png200-125e8603e1efe9d7a18316b94f06a65e.png","XAgCDwD8qpukuHiqtLZ9mImnmPFcDO4E",13641316745,"https://media.birdweather.com/soundscapes/6891/6891-20260628-034559.flac",0,3,"birdnetpi"
9186259632,6891,"2026-06-28T05:45:37.000+02:00",0.77,0.841241300106049,9.15820371996853,"almost_certain","2p4",NA,51.5696,6.0045,FALSE,1,"House Sparrow","Passer domesticus","#d16ff8","avian","https://media.birdweather.com/species/1/HouseSparrow-standard-b861184cf45c092cdb45fd689dd676ef.jpg","https://media.birdweather.com/species/1/HouseSparrow-thumbnail-e9cbc91763a1579de8ef04880678b5e3.jpg","https://media.birdweather.com/species/1/HouseSparrow-png200-125e8603e1efe9d7a18316b94f06a65e.png","XAgCDwD8qpukuHiqtLZ9mImnmPFcDO4E",13641303285,"https://media.birdweather.com/soundscapes/6891/6891-20260628-034537.flac",0,3,"birdnetpi"
9186242414,6891,"2026-06-28T05:44:32.000+02:00",0.86,0.995071530342102,9.6258154684999,"almost_certain","2p4",NA,51.5682,6.008,FALSE,407,"Common Wood-Pigeon","Columba palumbus","#028fb2","avian","https://media.birdweather.com/species/407/CommonWood-Pigeon-standard-5558900260c92622ceef8a812b06518e.jpg","https://media.birdweather.com/species/407/CommonWood-Pigeon-thumbnail-4b86c907c8b82c8af31d566b811dee05.jpg","https://media.birdweather.com/species/407/CommonWood-Pigeon-png200-533b13201573be3895fcec3e61e861b5.png","2ukFHwIHiYeWxnZUiniYZ3h5h6+rCIQH",13641275860,"https://media.birdweather.com/soundscapes/6891/6891-20260628-034432.flac",0,3,"birdnetpi"
9186230829,6891,"2026-06-28T05:43:56.000+02:00",0.88,0.995071530342102,9.67389057664134,"almost_certain","2p4",NA,51.57,6.0073,FALSE,407,"Common Wood-Pigeon","Columba palumbus","#028fb2","avian","https://media.birdweather.com/species/407/CommonWood-Pigeon-standard-5558900260c92622ceef8a812b06518e.jpg","https://media.birdweather.com/species/407/CommonWood-Pigeon-thumbnail-4b86c907c8b82c8af31d566b811dee05.jpg","https://media.birdweather.com/species/407/CommonWood-Pigeon-png200-533b13201573be3895fcec3e61e861b5.png","2ukFHwIHiYeWxnZUiniYZ3h5h6+rCIQH",13641257556,"https://media.birdweather.com/soundscapes/6891/6891-20260628-034356.flac",0,3,"birdnetpi"
9186225129,6891,"2026-06-28T05:43:32.000+02:00",0.75,0.841241300106049,9.09862911661109,"almost_certain","2p4",NA,51.5687,6.0043,FALSE,1,"House Sparrow","Passer domesticus","#d16ff8","avian","https://media.birdweather.com/species/1/HouseSparrow-standard-b861184cf45c092cdb45fd689dd676ef.jpg","https://media.birdweather.com/species/1/HouseSparrow-thumbnail-e9cbc91763a1579de8ef04880678b5e3.jpg","https://media.birdweather.com/species/1/HouseSparrow-png200-125e8603e1efe9d7a18316b94f06a65e.png","XAgCDwD8qpukuHiqtLZ9mImnmPFcDO4E",13641248402,"https://media.birdweather.com/soundscapes/6891/6891-20260628-034332.flac",0,3,"birdnetpi"
9186213564,6891,"2026-06-28T05:43:05.000+02:00",0.82,0.841241300106049,9.29670540008231,"almost_certain","2p4",NA,51.566,6.0005,FALSE,1,"House Sparrow","Passer domesticus","#d16ff8","avian","https://media.birdweather.com/species/1/HouseSparrow-standard-b861184cf45c092cdb45fd689dd676ef.jpg","https://media.birdweather.com/species/1/HouseSparrow-thumbnail-e9cbc91763a1579de8ef04880678b5e3.jpg","https://media.birdweather.com/species/1/HouseSparrow-png200-125e8603e1efe9d7a18316b94f06a65e.png","XAgCDwD8qpukuHiqtLZ9mImnmPFcDO4E",13641230022,"https://media.birdweather.com/soundscapes/6891/6891-20260628-034305.flac",0,3,"birdnetpi"
9186208221,6891,"2026-06-28T05:42:38.000+02:00",0.84,0.841241300106049,9.34840964941881,"almost_certain","2p4",NA,51.5634,6.0081,FALSE,1,"House Sparrow","Passer domesticus","#d16ff8","avian","https://media.birdweather.com/species/1/HouseSparrow-standard-b861184cf45c092cdb45fd689dd676ef.jpg","https://media.birdweather.com/species/1/HouseSparrow-thumbnail-e9cbc91763a1579de8ef04880678b5e3.jpg","https://media.birdweather.com/species/1/HouseSparrow-png200-125e8603e1efe9d7a18316b94f06a65e.png","XAgCDwD8qpukuHiqtLZ9mImnmPFcDO4E",13641221455,"https://media.birdweather.com/soundscapes/6891/6891-20260628-034238.flac",0,3,"birdnetpi"
9186199575,6891,"2026-06-28T05:42:17.000+02:00",0.92,0.841241300106049,9.53767561313752,"almost_certain","2p4",NA,51.5681,6.003,FALSE,1,"House Sparrow","Passer domesticus","#d16ff8","avian","https://media.birdweather.com/species/1/HouseSparrow-standard-b861184cf45c092cdb45fd689dd676ef.jpg","https://media.birdweather.com/species/1/HouseSparrow-thumbnail-e9cbc91763a1579de8ef04880678b5e3.jpg","https://media.birdweather.com/species/1/HouseSparrow-png200-125e8603e1efe9d7a18316b94f06a65e.png","XAgCDwD8qpukuHiqtLZ9mImnmPFcDO4E",13641207940,"https://media.birdweather.com/soundscapes/6891/6891-20260628-034217.flac",0,3,"birdnetpi"
9186190366,6891,"2026-06-28T05:41:38.000+02:00",0.81,0.841241300106049,9.27010262245808,"almost_certain","2p4",NA,51.5615,6.0057,FALSE,1,"House Sparrow","Passer domesticus","#d16ff8","avian","https://media.birdweather.com/species/1/HouseSparrow-standard-b861184cf45c092cdb45fd689dd676ef.jpg","https://media.birdweather.com/species/1/HouseSparrow-thumbnail-e9cbc91763a1579de8ef04880678b5e3.jpg","https://media.birdweather.com/species/1/HouseSparrow-png200-125e8603e1efe9d7a18316b94f06a65e.png","XAgCDwD8qpukuHiqtLZ9mImnmPFcDO4E",13641193477,"https://media.birdweather.com/soundscapes/6891/6891-20260628-034138.flac",0,3,"birdnetpi"
9186185972,6891,"2026-06-28T05:41:22.000+02:00",0.86,0.841241300106049,9.3982333219329,"almost_certain","2p4",NA,51.5679,6.0089,FALSE,1,"House Sparrow","Passer domesticus","#d16ff8","avian","https://media.birdweather.com/species/1/HouseSparrow-standard-b861184cf45c092cdb45fd689dd676ef.jpg","https://media.birdweather.com/species/1/HouseSparrow-thumbnail-e9cbc91763a1579de8ef04880678b5e3.jpg","https://media.birdweather.com/species/1/HouseSparrow-png200-125e8603e1efe9d7a18316b94f06a65e.png","XAgCDwD8qpukuHiqtLZ9mImnmPFcDO4E",13641186317,"https://media.birdweather.com/soundscapes/6891/6891-20260628-034122.flac",0,3,"birdnetpi"
9186177856,6891,"2026-06-28T05:41:01.000+02:00",0.88,0.841241300106049,9.44630843007434,"almost_certain","2p4",NA,51.5683,6.002,FALSE,1,"House Sparrow","Passer domesticus","#d16ff8","avian","https://media.birdweather.com/species/1/HouseSparrow-standard-b861184cf45c092cdb45fd689dd676ef.jpg","https://media.birdweather.com/species/1/HouseSparrow-thumbnail-e9cbc91763a1579de8ef04880678b5e3.jpg","https://media.birdweather.com/species/1/HouseSparrow-png200-125e8603e1efe9d7a18316b94f06a65e.png","XAgCDwD8qpukuHiqtLZ9mImnmPFcDO4E",13641173384,"https://media.birdweather.com/soundscapes/6891/6891-20260628-034101.flac",0,3,"birdnetpi"
9186173292,6891,"2026-06-28T05:40:47.000+02:00",0.7,0.841241300106049,8.93726635776184,"almost_certain","2p4",NA,51.5672,6.0054,FALSE,1,"House Sparrow","Passer domesticus","#d16ff8","avian","https://media.birdweather.com/species/1/HouseSparrow-standard-b861184cf45c092cdb45fd689dd676ef.jpg","https://media.birdweather.com/species/1/HouseSparrow-thumbnail-e9cbc91763a1579de8ef04880678b5e3.jpg","https://media.birdweather.com/species/1/HouseSparrow-png200-125e8603e1efe9d7a18316b94f06a65e.png","XAgCDwD8qpukuHiqtLZ9mImnmPFcDO4E",13641166218,"https://media.birdweather.com/soundscapes/6891/6891-20260628-034047.flac",0,3,"birdnetpi"
9186168136,6891,"2026-06-28T05:40:29.000+02:00",0.81,0.841241300106049,9.27010262245808,"almost_certain","2p4",NA,51.562,6.0085,FALSE,1,"House Sparrow","Passer domesticus","#d16ff8","avian","https://media.birdweather.com/species/1/HouseSparrow-standard-b861184cf45c092cdb45fd689dd676ef.jpg","https://media.birdweather.com/species/1/HouseSparrow-thumbnail-e9cbc91763a1579de8ef04880678b5e3.jpg","https://media.birdweather.com/species/1/HouseSparrow-png200-125e8603e1efe9d7a18316b94f06a65e.png","XAgCDwD8qpukuHiqtLZ9mImnmPFcDO4E",13641158167,"https://media.birdweather.com/soundscapes/6891/6891-20260628-034029.flac",0,3,"birdnetpi"
9186162306,6891,"2026-06-28T05:40:10.000+02:00",0.8,0.841241300106049,9.24297302306231,"almost_certain","2p4",NA,51.5674,6.0023,FALSE,1,"House Sparrow","Passer domesticus","#d16ff8","avian","https://media.birdweather.com/species/1/HouseSparrow-standard-b861184cf45c092cdb45fd689dd676ef.jpg","https://media.birdweather.com/species/1/HouseSparrow-thumbnail-e9cbc91763a1579de8ef04880678b5e3.jpg","https://media.birdweather.com/species/1/HouseSparrow-png200-125e8603e1efe9d7a18316b94f06a65e.png","XAgCDwD8qpukuHiqtLZ9mImnmPFcDO4E",13641149000,"https://media.birdweather.com/soundscapes/6891/6891-20260628-034010.flac",0,3,"birdnetpi"
9186159505,6891,"2026-06-28T05:39:55.000+02:00",0.85,0.995071530342102,9.60113011596123,"almost_certain","2p4",NA,51.5641,6.0006,FALSE,407,"Common Wood-Pigeon","Columba palumbus","#028fb2","avian","https://media.birdweather.com/species/407/CommonWood-Pigeon-standard-5558900260c92622ceef8a812b06518e.jpg","https://media.birdweather.com/species/407/CommonWood-Pigeon-thumbnail-4b86c907c8b82c8af31d566b811dee05.jpg","https://media.birdweather.com/species/407/CommonWood-Pigeon-png200-533b13201573be3895fcec3e61e861b5.png","2ukFHwIHiYeWxnZUiniYZ3h5h6+rCIQH",13641144675,"https://media.birdweather.com/soundscapes/6891/6891-20260628-033955.flac",0,3,"birdnetpi"
9186153394,6891,"2026-06-28T05:39:38.000+02:00",0.85,0.841241300106049,9.37354796939423,"almost_certain","2p4",NA,51.5622,6.0026,FALSE,1,"House Sparrow","Passer domesticus","#d16ff8","avian","https://media.birdweather.com/species/1/HouseSparrow-standard-b861184cf45c092cdb45fd689dd676ef.jpg","https://media.birdweather.com/species/1/HouseSparrow-thumbnail-e9cbc91763a1579de8ef04880678b5e3.jpg","https://media.birdweather.com/species/1/HouseSparrow-png200-125e8603e1efe9d7a18316b94f06a65e.png","XAgCDwD8qpukuHiqtLZ9mImnmPFcDO4E",13641135109,"https://media.birdweather.com/soundscapes/6891/6891-20260628-033938.flac",0,3,"birdnetpi"
9186144838,6891,"2026-06-28T05:39:07.000+02:00",0.77,0.841241300106049,9.15820371996853,"almost_certain","2p4",NA,51.5694,6.0063,FALSE,1,"House Sparrow","Passer domesticus","#d16ff8","avian","https://media.birdweather.com/species/1/HouseSparrow-standard-b861184cf45c092cdb45fd689dd676ef.jpg","https://media.birdweather.com/species/1/HouseSparrow-thumbnail-e9cbc91763a1579de8ef04880678b5e3.jpg","https://media.birdweather.com/species/1/HouseSparrow-png200-125e8603e1efe9d7a18316b94f06a65e.png","XAgCDwD8qpukuHiqtLZ9mImnmPFcDO4E",13641121743,"https://media.birdweather.com/soundscapes/6891/6891-20260628-033907.flac",0,3,"birdnetpi"
9186140319,6891,"2026-06-28T05:39:04.000+02:00",0.81,0.841241300106049,9.27010262245808,"almost_certain","2p4",NA,51.5703,6.0051,FALSE,1,"House Sparrow","Passer domesticus","#d16ff8","avian","https://media.birdweather.com/species/1/HouseSparrow-standard-b861184cf45c092cdb45fd689dd676ef.jpg","https://media.birdweather.com/species/1/HouseSparrow-thumbnail-e9cbc91763a1579de8ef04880678b5e3.jpg","https://media.birdweather.com/species/1/HouseSparrow-png200-125e8603e1efe9d7a18316b94f06a65e.png","XAgCDwD8qpukuHiqtLZ9mImnmPFcDO4E",13641114591,"https://media.birdweather.com/soundscapes/6891/6891-20260628-033904.flac",0,3,"birdnetpi"
9186132227,6891,"2026-06-28T05:38:29.000+02:00",0.85,0.841241300106049,9.37354796939423,"almost_certain","2p4",NA,51.5639,6.0005,FALSE,1,"House Sparrow","Passer domesticus","#d16ff8","avian","https://media.birdweather.com/species/1/HouseSparrow-standard-b861184cf45c092cdb45fd689dd676ef.jpg","https://media.birdweather.com/species/1/HouseSparrow-thumbnail-e9cbc91763a1579de8ef04880678b5e3.jpg","https://media.birdweather.com/species/1/HouseSparrow-png200-125e8603e1efe9d7a18316b94f06a65e.png","XAgCDwD8qpukuHiqtLZ9mImnmPFcDO4E",13641101677,"https://media.birdweather.com/soundscapes/6891/6891-20260628-033829.flac",0,3,"birdnetpi"
9186122406,6891,"2026-06-28T05:38:04.000+02:00",0.89,0.841241300106049,9.46972780377659,"almost_certain","2p4",NA,51.5648,6.0014,FALSE,1,"House Sparrow","Passer domesticus","#d16ff8","avian","https://media.birdweather.com/species/1/HouseSparrow-standard-b861184cf45c092cdb45fd689dd676ef.jpg","https://media.birdweather.com/species/1/HouseSparrow-thumbnail-e9cbc91763a1579de8ef04880678b5e3.jpg","https://media.birdweather.com/species/1/HouseSparrow-png200-125e8603e1efe9d7a18316b94f06a65e.png","XAgCDwD8qpukuHiqtLZ9mImnmPFcDO4E",13641086219,"https://media.birdweather.com/soundscapes/6891/6891-20260628-033804.flac",0,3,"birdnetpi"
9186119381,6891,"2026-06-28T05:37:49.000+02:00",0.82,0.995071530342102,9.5242875466493,"almost_certain","2p4",NA,51.5702,6.0067,FALSE,407,"Common Wood-Pigeon","Columba palumbus","#028fb2","avian","https://media.birdweather.com/species/407/CommonWood-Pigeon-standard-5558900260c92622ceef8a812b06518e.jpg","https://media.birdweather.com/species/407/CommonWood-Pigeon-thumbnail-4b86c907c8b82c8af31d566b811dee05.jpg","https://media.birdweather.com/species/407/CommonWood-Pigeon-png200-533b13201573be3895fcec3e61e861b5.png","2ukFHwIHiYeWxnZUiniYZ3h5h6+rCIQH",13641081431,"https://media.birdweather.com/soundscapes/6891/6891-20260628-033749.flac",0,3,"birdnetpi"
9186111168,6891,"2026-06-28T05:37:20.000+02:00",0.78,0.841241300106049,9.18704689056956,"almost_certain","2p4",NA,51.5637,6.0056,FALSE,1,"House Sparrow","Passer domesticus","#d16ff8","avian","https://media.birdweather.com/species/1/HouseSparrow-standard-b861184cf45c092cdb45fd689dd676ef.jpg","https://media.birdweather.com/species/1/HouseSparrow-thumbnail-e9cbc91763a1579de8ef04880678b5e3.jpg","https://media.birdweather.com/species/1/HouseSparrow-png200-125e8603e1efe9d7a18316b94f06a65e.png","XAgCDwD8qpukuHiqtLZ9mImnmPFcDO4E",13641068419,"https://media.birdweather.com/soundscapes/6891/6891-20260628-033720.flac",0,3,"birdnetpi"
9186104243,6891,"2026-06-28T05:36:56.000+02:00",0.96,0.995071530342102,9.85091064876895,"almost_certain","2p4",NA,51.5675,6.0055,FALSE,407,"Common Wood-Pigeon","Columba palumbus","#028fb2","avian","https://media.birdweather.com/species/407/CommonWood-Pigeon-standard-5558900260c92622ceef8a812b06518e.jpg","https://media.birdweather.com/species/407/CommonWood-Pigeon-thumbnail-4b86c907c8b82c8af31d566b811dee05.jpg","https://media.birdweather.com/species/407/CommonWood-Pigeon-png200-533b13201573be3895fcec3e61e861b5.png","2ukFHwIHiYeWxnZUiniYZ3h5h6+rCIQH",13641057523,"https://media.birdweather.com/soundscapes/6891/6891-20260628-033656.flac",0,3,"birdnetpi"
9186097153,6891,"2026-06-28T05:36:31.000+02:00",0.73,0.99532687664032,9.26427582572241,"almost_certain","2p4",NA,51.5688,6.0014,FALSE,58,"Carrion Crow","Corvus corone","#01a85a","avian","https://media.birdweather.com/species/58/CarrionCrow-standard-ed24da07616d0cd7c5ef9cd2892ec869.jpg","https://media.birdweather.com/species/58/CarrionCrow-thumbnail-38cc6285bbd8f8340f32fa4dc3f58a69.jpg","https://media.birdweather.com/species/58/CarrionCrow-png200-5ec2904f61f6588853b296f54d8d0cb6.png","nggODwDDmZlqdoiPdLeIWIiYaK6A1gMK",13641045926,"https://media.birdweather.com/soundscapes/6891/6891-20260628-033631.flac",0,3,"birdnetpi"
9186089363,6891,"2026-06-28T05:36:05.000+02:00",0.87,0.995071530342102,9.65006388912608,"almost_certain","2p4",NA,51.563,6.0056,FALSE,407,"Common Wood-Pigeon","Columba palumbus","#028fb2","avian","https://media.birdweather.com/species/407/CommonWood-Pigeon-standard-5558900260c92622ceef8a812b06518e.jpg","https://media.birdweather.com/species/407/CommonWood-Pigeon-thumbnail-4b86c907c8b82c8af31d566b811dee05.jpg","https://media.birdweather.com/species/407/CommonWood-Pigeon-png200-533b13201573be3895fcec3e61e861b5.png","2ukFHwIHiYeWxnZUiniYZ3h5h6+rCIQH",13641034033,"https://media.birdweather.com/soundscapes/6891/6891-20260628-033605.flac",0,3,"birdnetpi"
9186035030,6891,"2026-06-28T05:33:07.000+02:00",0.8,0.302056699991226,7.8681633157942,"almost_certain","2p4",NA,51.563,6.0045,FALSE,2,"Short-toed Treecreeper","Certhia brachydactyla","#66dd57","avian","https://media.birdweather.com/species/2/Short-toedTreecreeper-standard-7bbb76fb215629d251262575c97eb338.jpg","https://media.birdweather.com/species/2/Short-toedTreecreeper-thumbnail-fab8f3fcc7962cfbf3bdbde5dc2a415d.jpg","https://media.birdweather.com/species/2/Short-toedTreecreeper-png200-9ed36805c2a6923b35a860f2814cdd8c.png","IRkGHwS/1aqJXad3ialWmph5+Yx4z3gI",13640949111,"https://media.birdweather.com/soundscapes/6891/6891-20260628-033307.flac",0,3,"birdnetpi"
9185935585,6891,"2026-06-28T05:27:43.000+02:00",0.89,0.99532687664032,9.69765796537306,"almost_certain","2p4",NA,51.5683,6.0091,FALSE,58,"Carrion Crow","Corvus corone","#01a85a","avian","https://media.birdweather.com/species/58/CarrionCrow-standard-ed24da07616d0cd7c5ef9cd2892ec869.jpg","https://media.birdweather.com/species/58/CarrionCrow-thumbnail-38cc6285bbd8f8340f32fa4dc3f58a69.jpg","https://media.birdweather.com/species/58/CarrionCrow-png200-5ec2904f61f6588853b296f54d8d0cb6.png","nggODwDDmZlqdoiPdLeIWIiYaK6A1gMK",13640792226,"https://media.birdweather.com/soundscapes/6891/6891-20260628-032743.flac",0,3,"birdnetpi"
9185927435,6891,"2026-06-28T05:27:19.000+02:00",0.79,0.99532687664032,9.44322547563378,"almost_certain","2p4",NA,51.5628,6.0005,FALSE,58,"Carrion Crow","Corvus corone","#01a85a","avian","https://media.birdweather.com/species/58/CarrionCrow-standard-ed24da07616d0cd7c5ef9cd2892ec869.jpg","https://media.birdweather.com/species/58/CarrionCrow-thumbnail-38cc6285bbd8f8340f32fa4dc3f58a69.jpg","https://media.birdweather.com/species/58/CarrionCrow-png200-5ec2904f61f6588853b296f54d8d0cb6.png","nggODwDDmZlqdoiPdLeIWIiYaK6A1gMK",13640779348,"https://media.birdweather.com/soundscapes/6891/6891-20260628-032719.flac",0,3,"birdnetpi"
9185917383,6891,"2026-06-28T05:26:50.000+02:00",0.81,0.99532687664032,9.49803278405455,"almost_certain","2p4",NA,51.5647,6.0033,FALSE,58,"Carrion Crow","Corvus corone","#01a85a","avian","https://media.birdweather.com/species/58/CarrionCrow-standard-ed24da07616d0cd7c5ef9cd2892ec869.jpg","https://media.birdweather.com/species/58/CarrionCrow-thumbnail-38cc6285bbd8f8340f32fa4dc3f58a69.jpg","https://media.birdweather.com/species/58/CarrionCrow-png200-5ec2904f61f6588853b296f54d8d0cb6.png","nggODwDDmZlqdoiPdLeIWIiYaK6A1gMK",13640763570,"https://media.birdweather.com/soundscapes/6891/6891-20260628-032650.flac",0,3,"birdnetpi"
9185908146,6891,"2026-06-28T05:26:22.000+02:00",0.75,0.99532687664032,9.32655927820756,"almost_certain","2p4",NA,51.5659,6.0028,FALSE,58,"Carrion Crow","Corvus corone","#01a85a","avian","https://media.birdweather.com/species/58/CarrionCrow-standard-ed24da07616d0cd7c5ef9cd2892ec869.jpg","https://media.birdweather.com/species/58/CarrionCrow-thumbnail-38cc6285bbd8f8340f32fa4dc3f58a69.jpg","https://media.birdweather.com/species/58/CarrionCrow-png200-5ec2904f61f6588853b296f54d8d0cb6.png","nggODwDDmZlqdoiPdLeIWIiYaK6A1gMK",13640749206,"https://media.birdweather.com/soundscapes/6891/6891-20260628-032622.flac",0,3,"birdnetpi"
9185895929,6891,"2026-06-28T05:25:29.000+02:00",0.79,0.99532687664032,9.44322547563378,"almost_certain","2p4",NA,51.5632,6.0048,FALSE,58,"Carrion Crow","Corvus corone","#01a85a","avian","https://media.birdweather.com/species/58/CarrionCrow-standard-ed24da07616d0cd7c5ef9cd2892ec869.jpg","https://media.birdweather.com/species/58/CarrionCrow-thumbnail-38cc6285bbd8f8340f32fa4dc3f58a69.jpg","https://media.birdweather.com/species/58/CarrionCrow-png200-5ec2904f61f6588853b296f54d8d0cb6.png","nggODwDDmZlqdoiPdLeIWIiYaK6A1gMK",13640729746,"https://media.birdweather.com/soundscapes/6891/6891-20260628-032529.flac",0,3,"birdnetpi"
9185859548,6891,"2026-06-28T05:23:35.000+02:00",0.99,0.235489740967751,7.98071396038016,"almost_certain","2p4",NA,51.5642,6.0077,FALSE,20,"Black Redstart","Phoenicurus ochruros","#c8ce2d","avian","https://media.birdweather.com/species/20/BlackRedstart-standard-4255c9b712ecb46ea7d3df8d556c18e7.jpg","https://media.birdweather.com/species/20/BlackRedstart-thumbnail-2fee59acc1ecc6be7238da194869e940.jpg","https://media.birdweather.com/species/20/BlackRedstart-png200-cbc0625b8b4889aeec1da754ad906efd.png","2QgGFwT8epa+l3ZlZ5hntnh4Z/6oyZ8I",13640673071,"https://media.birdweather.com/soundscapes/6891/6891-20260628-032335.flac",0,3,"birdnetpi"
9185736641,6891,"2026-06-28T05:16:43.000+02:00",0.99,0.235489740967751,7.98071396038016,"almost_certain","2p4",NA,51.5695,6.0074,FALSE,20,"Black Redstart","Phoenicurus ochruros","#c8ce2d","avian","https://media.birdweather.com/species/20/BlackRedstart-standard-4255c9b712ecb46ea7d3df8d556c18e7.jpg","https://media.birdweather.com/species/20/BlackRedstart-thumbnail-2fee59acc1ecc6be7238da194869e940.jpg","https://media.birdweather.com/species/20/BlackRedstart-png200-cbc0625b8b4889aeec1da754ad906efd.png","2QgGFwT8epa+l3ZlZ5hntnh4Z/6oyZ8I",13640477037,"https://media.birdweather.com/soundscapes/6891/6891-20260628-031643.flac",0,3,"birdnetpi"
9185725871,6891,"2026-06-28T05:16:07.000+02:00",0.94,0.235489740967751,7.87765787328467,"almost_certain","2p4",NA,51.5655,6.0082,FALSE,20,"Black Redstart","Phoenicurus ochruros","#c8ce2d","avian","https://media.birdweather.com/species/20/BlackRedstart-standard-4255c9b712ecb46ea7d3df8d556c18e7.jpg","https://media.birdweather.com/species/20/BlackRedstart-thumbnail-2fee59acc1ecc6be7238da194869e940.jpg","https://media.birdweather.com/species/20/BlackRedstart-png200-cbc0625b8b4889aeec1da754ad906efd.png","2QgGFwT8epa+l3ZlZ5hntnh4Z/6oyZ8I",13640459735,"https://media.birdweather.com/soundscapes/6891/6891-20260628-031607.flac",0,3,"birdnetpi"
9185722927,6891,"2026-06-28T05:16:04.000+02:00",0.96,0.584394454956055,9.13128961457485,"almost_certain","2p4",NA,51.5619,6.0047,FALSE,201,"Graylag Goose","Anser anser","#844800","avian","https://media.birdweather.com/species/201/GraylagGoose-standard-5235ddd797e4ea12096e170348c7ba78.jpg","https://media.birdweather.com/species/201/GraylagGoose-thumbnail-dcbb525def2966bd14949956147c5dba.jpg","https://media.birdweather.com/species/201/GraylagGoose-png200-40b0bbf2cd8e268c481e679711a36bb6.png","GtkFHwTASHhwaYe4ZomGWWSKiJ74ZlQA",13640454959,"https://media.birdweather.com/soundscapes/6891/6891-20260628-031604.flac",0,3,"birdnetpi"
9185720203,6891,"2026-06-28T05:15:46.000+02:00",0.92,0.235489740967751,7.83416215659369,"almost_certain","2p4",NA,51.5619,6.0092,FALSE,20,"Black Redstart","Phoenicurus ochruros","#c8ce2d","avian","https://media.birdweather.com/species/20/BlackRedstart-standard-4255c9b712ecb46ea7d3df8d556c18e7.jpg","https://media.birdweather.com/species/20/BlackRedstart-thumbnail-2fee59acc1ecc6be7238da194869e940.jpg","https://media.birdweather.com/species/20/BlackRedstart-png200-cbc0625b8b4889aeec1da754ad906efd.png","2QgGFwT8epa+l3ZlZ5hntnh4Z/6oyZ8I",13640450692,"https://media.birdweather.com/soundscapes/6891/6891-20260628-031546.flac",0,3,"birdnetpi"
9185701640,6891,"2026-06-28T05:14:44.000+02:00",0.99,0.235489740967751,7.98071396038016,"almost_certain","2p4",NA,51.5624,6.0019,FALSE,20,"Black Redstart","Phoenicurus ochruros","#c8ce2d","avian","https://media.birdweather.com/species/20/BlackRedstart-standard-4255c9b712ecb46ea7d3df8d556c18e7.jpg","https://media.birdweather.com/species/20/BlackRedstart-thumbnail-2fee59acc1ecc6be7238da194869e940.jpg","https://media.birdweather.com/species/20/BlackRedstart-png200-cbc0625b8b4889aeec1da754ad906efd.png","2QgGFwT8epa+l3ZlZ5hntnh4Z/6oyZ8I",13640421170,"https://media.birdweather.com/soundscapes/6891/6891-20260628-031444.flac",0,3,"birdnetpi"
9185696185,6891,"2026-06-28T05:14:29.000+02:00",1,0.235489740967751,8.00042653068954,"almost_certain","2p4",NA,51.5625,6.0034,FALSE,20,"Black Redstart","Phoenicurus ochruros","#c8ce2d","avian","https://media.birdweather.com/species/20/BlackRedstart-standard-4255c9b712ecb46ea7d3df8d556c18e7.jpg","https://media.birdweather.com/species/20/BlackRedstart-thumbnail-2fee59acc1ecc6be7238da194869e940.jpg","https://media.birdweather.com/species/20/BlackRedstart-png200-cbc0625b8b4889aeec1da754ad906efd.png","2QgGFwT8epa+l3ZlZ5hntnh4Z/6oyZ8I",13640412542,"https://media.birdweather.com/soundscapes/6891/6891-20260628-031429.flac",0,3,"birdnetpi"
9185690268,6891,"2026-06-28T05:14:07.000+02:00",0.81,0.235489740967751,7.56658916591424,"almost_certain","2p4",NA,51.5656,6.0049,FALSE,20,"Black Redstart","Phoenicurus ochruros","#c8ce2d","avian","https://media.birdweather.com/species/20/BlackRedstart-standard-4255c9b712ecb46ea7d3df8d556c18e7.jpg","https://media.birdweather.com/species/20/BlackRedstart-thumbnail-2fee59acc1ecc6be7238da194869e940.jpg","https://media.birdweather.com/species/20/BlackRedstart-png200-cbc0625b8b4889aeec1da754ad906efd.png","2QgGFwT8epa+l3ZlZ5hntnh4Z/6oyZ8I",13640403365,"https://media.birdweather.com/soundscapes/6891/6891-20260628-031407.flac",0,3,"birdnetpi"
9185685250,6891,"2026-06-28T05:13:50.000+02:00",0.89,0.235489740967751,7.76621434723275,"almost_certain","2p4",NA,51.5655,6.0046,FALSE,20,"Black Redstart","Phoenicurus ochruros","#c8ce2d","avian","https://media.birdweather.com/species/20/BlackRedstart-standard-4255c9b712ecb46ea7d3df8d556c18e7.jpg","https://media.birdweather.com/species/20/BlackRedstart-thumbnail-2fee59acc1ecc6be7238da194869e940.jpg","https://media.birdweather.com/species/20/BlackRedstart-png200-cbc0625b8b4889aeec1da754ad906efd.png","2QgGFwT8epa+l3ZlZ5hntnh4Z/6oyZ8I",13640395359,"https://media.birdweather.com/soundscapes/6891/6891-20260628-031350.flac",0,3,"birdnetpi"
9185683444,6891,"2026-06-28T05:13:47.000+02:00",0.72,0.99532687664032,9.23203904427044,"almost_certain","2p4",NA,51.5641,6.0009,FALSE,58,"Carrion Crow","Corvus corone","#01a85a","avian","https://media.birdweather.com/species/58/CarrionCrow-standard-ed24da07616d0cd7c5ef9cd2892ec869.jpg","https://media.birdweather.com/species/58/CarrionCrow-thumbnail-38cc6285bbd8f8340f32fa4dc3f58a69.jpg","https://media.birdweather.com/species/58/CarrionCrow-png200-5ec2904f61f6588853b296f54d8d0cb6.png","nggODwDDmZlqdoiPdLeIWIiYaK6A1gMK",13640392456,"https://media.birdweather.com/soundscapes/6891/6891-20260628-031347.flac",0,3,"birdnetpi"
9185671610,6891,"2026-06-28T05:13:13.000+02:00",0.99,0.235489740967751,7.98071396038016,"almost_certain","2p4",NA,51.5639,6.0022,FALSE,20,"Black Redstart","Phoenicurus ochruros","#c8ce2d","avian","https://media.birdweather.com/species/20/BlackRedstart-standard-4255c9b712ecb46ea7d3df8d556c18e7.jpg","https://media.birdweather.com/species/20/BlackRedstart-thumbnail-2fee59acc1ecc6be7238da194869e940.jpg","https://media.birdweather.com/species/20/BlackRedstart-png200-cbc0625b8b4889aeec1da754ad906efd.png","2QgGFwT8epa+l3ZlZ5hntnh4Z/6oyZ8I",13640373295,"https://media.birdweather.com/soundscapes/6891/6891-20260628-031313.flac",0,3,"birdnetpi"
9185660176,6891,"2026-06-28T05:12:26.000+02:00",0.79,0.235489740967751,7.51178185749348,"almost_certain","2p4",NA,51.5674,6.0055,FALSE,20,"Black Redstart","Phoenicurus ochruros","#c8ce2d","avian","https://media.birdweather.com/species/20/BlackRedstart-standard-4255c9b712ecb46ea7d3df8d556c18e7.jpg","https://media.birdweather.com/species/20/BlackRedstart-thumbnail-2fee59acc1ecc6be7238da194869e940.jpg","https://media.birdweather.com/species/20/BlackRedstart-png200-cbc0625b8b4889aeec1da754ad906efd.png","2QgGFwT8epa+l3ZlZ5hntnh4Z/6oyZ8I",13640354747,"https://media.birdweather.com/soundscapes/6891/6891-20260628-031226.flac",0,3,"birdnetpi"
9185652718,6891,"2026-06-28T05:11:59.000+02:00",0.85,0.99532687664032,9.60147813099071,"almost_certain","2p4",NA,51.5649,6.0043,FALSE,58,"Carrion Crow","Corvus corone","#01a85a","avian","https://media.birdweather.com/species/58/CarrionCrow-standard-ed24da07616d0cd7c5ef9cd2892ec869.jpg","https://media.birdweather.com/species/58/CarrionCrow-thumbnail-38cc6285bbd8f8340f32fa4dc3f58a69.jpg","https://media.birdweather.com/species/58/CarrionCrow-png200-5ec2904f61f6588853b296f54d8d0cb6.png","nggODwDDmZlqdoiPdLeIWIiYaK6A1gMK",13640342399,"https://media.birdweather.com/soundscapes/6891/6891-20260628-031159.flac",0,3,"birdnetpi"
9185647908,6891,"2026-06-28T05:11:55.000+02:00",0.84,0.99532687664032,9.57633981101528,"almost_certain","2p4",NA,51.5678,6.0031,FALSE,58,"Carrion Crow","Corvus corone","#01a85a","avian","https://media.birdweather.com/species/58/CarrionCrow-standard-ed24da07616d0cd7c5ef9cd2892ec869.jpg","https://media.birdweather.com/species/58/CarrionCrow-thumbnail-38cc6285bbd8f8340f32fa4dc3f58a69.jpg","https://media.birdweather.com/species/58/CarrionCrow-png200-5ec2904f61f6588853b296f54d8d0cb6.png","nggODwDDmZlqdoiPdLeIWIiYaK6A1gMK",13640334721,"https://media.birdweather.com/soundscapes/6891/6891-20260628-031155.flac",0,3,"birdnetpi"
9185643166,6891,"2026-06-28T05:11:32.000+02:00",0.8,0.99532687664032,9.47090318465879,"almost_certain","2p4",NA,51.5662,6.0054,FALSE,58,"Carrion Crow","Corvus corone","#01a85a","avian","https://media.birdweather.com/species/58/CarrionCrow-standard-ed24da07616d0cd7c5ef9cd2892ec869.jpg","https://media.birdweather.com/species/58/CarrionCrow-thumbnail-38cc6285bbd8f8340f32fa4dc3f58a69.jpg","https://media.birdweather.com/species/58/CarrionCrow-png200-5ec2904f61f6588853b296f54d8d0cb6.png","nggODwDDmZlqdoiPdLeIWIiYaK6A1gMK",13640326681,"https://media.birdweather.com/soundscapes/6891/6891-20260628-031132.flac",0,3,"birdnetpi"
9185642217,6891,"2026-06-28T05:11:23.000+02:00",0.96,0.235489740967751,7.91981504565812,"almost_certain","2p4",NA,51.5646,6.0057,FALSE,20,"Black Redstart","Phoenicurus ochruros","#c8ce2d","avian","https://media.birdweather.com/species/20/BlackRedstart-standard-4255c9b712ecb46ea7d3df8d556c18e7.jpg","https://media.birdweather.com/species/20/BlackRedstart-thumbnail-2fee59acc1ecc6be7238da194869e940.jpg","https://media.birdweather.com/species/20/BlackRedstart-png200-cbc0625b8b4889aeec1da754ad906efd.png","2QgGFwT8epa+l3ZlZ5hntnh4Z/6oyZ8I",13640325151,"https://media.birdweather.com/soundscapes/6891/6891-20260628-031123.flac",0,3,"birdnetpi"
9185636627,6891,"2026-06-28T05:11:04.000+02:00",0.98,0.235489740967751,7.96071360517318,"almost_certain","2p4",NA,51.5678,6.0013,FALSE,20,"Black Redstart","Phoenicurus ochruros","#c8ce2d","avian","https://media.birdweather.com/species/20/BlackRedstart-standard-4255c9b712ecb46ea7d3df8d556c18e7.jpg","https://media.birdweather.com/species/20/BlackRedstart-thumbnail-2fee59acc1ecc6be7238da194869e940.jpg","https://media.birdweather.com/species/20/BlackRedstart-png200-cbc0625b8b4889aeec1da754ad906efd.png","2QgGFwT8epa+l3ZlZ5hntnh4Z/6oyZ8I",13640316100,"https://media.birdweather.com/soundscapes/6891/6891-20260628-031104.flac",0,3,"birdnetpi"
9185634785,6891,"2026-06-28T05:10:58.000+02:00",0.7,0.99532687664032,9.16519651935832,"almost_certain","2p4",NA,51.5686,6.0027,FALSE,58,"Carrion Crow","Corvus corone","#01a85a","avian","https://media.birdweather.com/species/58/CarrionCrow-standard-ed24da07616d0cd7c5ef9cd2892ec869.jpg","https://media.birdweather.com/species/58/CarrionCrow-thumbnail-38cc6285bbd8f8340f32fa4dc3f58a69.jpg","https://media.birdweather.com/species/58/CarrionCrow-png200-5ec2904f61f6588853b296f54d8d0cb6.png","nggODwDDmZlqdoiPdLeIWIiYaK6A1gMK",13640313223,"https://media.birdweather.com/soundscapes/6891/6891-20260628-031058.flac",0,3,"birdnetpi"
9185626838,6891,"2026-06-28T05:10:34.000+02:00",0.75,0.235489740967751,7.39511566006726,"almost_certain","2p4",NA,51.5616,6.0077,FALSE,20,"Black Redstart","Phoenicurus ochruros","#c8ce2d","avian","https://media.birdweather.com/species/20/BlackRedstart-standard-4255c9b712ecb46ea7d3df8d556c18e7.jpg","https://media.birdweather.com/species/20/BlackRedstart-thumbnail-2fee59acc1ecc6be7238da194869e940.jpg","https://media.birdweather.com/species/20/BlackRedstart-png200-cbc0625b8b4889aeec1da754ad906efd.png","2QgGFwT8epa+l3ZlZ5hntnh4Z/6oyZ8I",13640300739,"https://media.birdweather.com/soundscapes/6891/6891-20260628-031034.flac",0,3,"birdnetpi"
9185619319,6891,"2026-06-28T05:10:08.000+02:00",0.86,0.235489740967751,7.69471986538907,"almost_certain","2p4",NA,51.5624,6.0028,FALSE,20,"Black Redstart","Phoenicurus ochruros","#c8ce2d","avian","https://media.birdweather.com/species/20/BlackRedstart-standard-4255c9b712ecb46ea7d3df8d556c18e7.jpg","https://media.birdweather.com/species/20/BlackRedstart-thumbnail-2fee59acc1ecc6be7238da194869e940.jpg","https://media.birdweather.com/species/20/BlackRedstart-png200-cbc0625b8b4889aeec1da754ad906efd.png","2QgGFwT8epa+l3ZlZ5hntnh4Z/6oyZ8I",13640288772,"https://media.birdweather.com/soundscapes/6891/6891-20260628-031008.flac",0,3,"birdnetpi"
9185610938,6891,"2026-06-28T05:09:41.000+02:00",0.97,0.235489740967751,7.94041693764754,"almost_certain","2p4",NA,51.5616,6.0092,FALSE,20,"Black Redstart","Phoenicurus ochruros","#c8ce2d","avian","https://media.birdweather.com/species/20/BlackRedstart-standard-4255c9b712ecb46ea7d3df8d556c18e7.jpg","https://media.birdweather.com/species/20/BlackRedstart-thumbnail-2fee59acc1ecc6be7238da194869e940.jpg","https://media.birdweather.com/species/20/BlackRedstart-png200-cbc0625b8b4889aeec1da754ad906efd.png","2QgGFwT8epa+l3ZlZ5hntnh4Z/6oyZ8I",13640275809,"https://media.birdweather.com/soundscapes/6891/6891-20260628-030941.flac",0,3,"birdnetpi"
9185604941,6891,"2026-06-28T05:09:22.000+02:00",0.99,0.235489740967751,7.98071396038016,"almost_certain","2p4",NA,51.567,6.0023,FALSE,20,"Black Redstart","Phoenicurus ochruros","#c8ce2d","avian","https://media.birdweather.com/species/20/BlackRedstart-standard-4255c9b712ecb46ea7d3df8d556c18e7.jpg","https://media.birdweather.com/species/20/BlackRedstart-thumbnail-2fee59acc1ecc6be7238da194869e940.jpg","https://media.birdweather.com/species/20/BlackRedstart-png200-cbc0625b8b4889aeec1da754ad906efd.png","2QgGFwT8epa+l3ZlZ5hntnh4Z/6oyZ8I",13640266384,"https://media.birdweather.com/soundscapes/6891/6891-20260628-030922.flac",0,3,"birdnetpi"
9185595071,6891,"2026-06-28T05:08:47.000+02:00",0.74,0.235489740967751,7.36432784754994,"almost_certain","2p4",NA,51.5657,6.0086,FALSE,20,"Black Redstart","Phoenicurus ochruros","#c8ce2d","avian","https://media.birdweather.com/species/20/BlackRedstart-standard-4255c9b712ecb46ea7d3df8d556c18e7.jpg","https://media.birdweather.com/species/20/BlackRedstart-thumbnail-2fee59acc1ecc6be7238da194869e940.jpg","https://media.birdweather.com/species/20/BlackRedstart-png200-cbc0625b8b4889aeec1da754ad906efd.png","2QgGFwT8epa+l3ZlZ5hntnh4Z/6oyZ8I",13640250639,"https://media.birdweather.com/soundscapes/6891/6891-20260628-030847.flac",0,3,"birdnetpi"
9185587449,6891,"2026-06-28T05:08:22.000+02:00",0.76,0.235489740967751,7.42522676227198,"almost_certain","2p4",NA,51.5686,6.0053,FALSE,20,"Black Redstart","Phoenicurus ochruros","#c8ce2d","avian","https://media.birdweather.com/species/20/BlackRedstart-standard-4255c9b712ecb46ea7d3df8d556c18e7.jpg","https://media.birdweather.com/species/20/BlackRedstart-thumbnail-2fee59acc1ecc6be7238da194869e940.jpg","https://media.birdweather.com/species/20/BlackRedstart-png200-cbc0625b8b4889aeec1da754ad906efd.png","2QgGFwT8epa+l3ZlZ5hntnh4Z/6oyZ8I",13640238671,"https://media.birdweather.com/soundscapes/6891/6891-20260628-030822.flac",0,3,"birdnetpi"
9185577736,6891,"2026-06-28T05:07:49.000+02:00",0.82,0.235489740967751,7.59319194353847,"almost_certain","2p4",NA,51.5657,6.0068,FALSE,20,"Black Redstart","Phoenicurus ochruros","#c8ce2d","avian","https://media.birdweather.com/species/20/BlackRedstart-standard-4255c9b712ecb46ea7d3df8d556c18e7.jpg","https://media.birdweather.com/species/20/BlackRedstart-thumbnail-2fee59acc1ecc6be7238da194869e940.jpg","https://media.birdweather.com/species/20/BlackRedstart-png200-cbc0625b8b4889aeec1da754ad906efd.png","2QgGFwT8epa+l3ZlZ5hntnh4Z/6oyZ8I",13640222922,"https://media.birdweather.com/soundscapes/6891/6891-20260628-030749.flac",0,3,"birdnetpi"
9185570089,6891,"2026-06-28T05:07:26.000+02:00",0.85,0.235489740967751,7.6700345128504,"almost_certain","2p4",NA,51.5631,6.0057,FALSE,20,"Black Redstart","Phoenicurus ochruros","#c8ce2d","avian","https://media.birdweather.com/species/20/BlackRedstart-standard-4255c9b712ecb46ea7d3df8d556c18e7.jpg","https://media.birdweather.com/species/20/BlackRedstart-thumbnail-2fee59acc1ecc6be7238da194869e940.jpg","https://media.birdweather.com/species/20/BlackRedstart-png200-cbc0625b8b4889aeec1da754ad906efd.png","2QgGFwT8epa+l3ZlZ5hntnh4Z/6oyZ8I",13640210573,"https://media.birdweather.com/soundscapes/6891/6891-20260628-030726.flac",0,3,"birdnetpi"
9185561628,6891,"2026-06-28T05:06:55.000+02:00",0.76,0.235489740967751,7.42522676227198,"almost_certain","2p4",NA,51.568,6.0031,FALSE,20,"Black Redstart","Phoenicurus ochruros","#c8ce2d","avian","https://media.birdweather.com/species/20/BlackRedstart-standard-4255c9b712ecb46ea7d3df8d556c18e7.jpg","https://media.birdweather.com/species/20/BlackRedstart-thumbnail-2fee59acc1ecc6be7238da194869e940.jpg","https://media.birdweather.com/species/20/BlackRedstart-png200-cbc0625b8b4889aeec1da754ad906efd.png","2QgGFwT8epa+l3ZlZ5hntnh4Z/6oyZ8I",13640197155,"https://media.birdweather.com/soundscapes/6891/6891-20260628-030655.flac",0,3,"birdnetpi"
9185535789,6891,"2026-06-28T05:05:29.000+02:00",0.83,0.235489740967751,7.61928797064833,"almost_certain","2p4",NA,51.5633,6.0094,FALSE,20,"Black Redstart","Phoenicurus ochruros","#c8ce2d","avian","https://media.birdweather.com/species/20/BlackRedstart-standard-4255c9b712ecb46ea7d3df8d556c18e7.jpg","https://media.birdweather.com/species/20/BlackRedstart-thumbnail-2fee59acc1ecc6be7238da194869e940.jpg","https://media.birdweather.com/species/20/BlackRedstart-png200-cbc0625b8b4889aeec1da754ad906efd.png","2QgGFwT8epa+l3ZlZ5hntnh4Z/6oyZ8I",13640156024,"https://media.birdweather.com/soundscapes/6891/6891-20260628-030529.flac",0,3,"birdnetpi"
9185512444,6891,"2026-06-28T05:04:14.000+02:00",0.89,0.235489740967751,7.76621434723275,"almost_certain","2p4",NA,51.5663,6.0052,FALSE,20,"Black Redstart","Phoenicurus ochruros","#c8ce2d","avian","https://media.birdweather.com/species/20/BlackRedstart-standard-4255c9b712ecb46ea7d3df8d556c18e7.jpg","https://media.birdweather.com/species/20/BlackRedstart-thumbnail-2fee59acc1ecc6be7238da194869e940.jpg","https://media.birdweather.com/species/20/BlackRedstart-png200-cbc0625b8b4889aeec1da754ad906efd.png","2QgGFwT8epa+l3ZlZ5hntnh4Z/6oyZ8I",13640120264,"https://media.birdweather.com/soundscapes/6891/6891-20260628-030414.flac",0,3,"birdnetpi"
9185507438,6891,"2026-06-28T05:04:08.000+02:00",0.93,0.235489740967751,7.85608262423832,"almost_certain","2p4",NA,51.5672,6.0064,FALSE,20,"Black Redstart","Phoenicurus ochruros","#c8ce2d","avian","https://media.birdweather.com/species/20/BlackRedstart-standard-4255c9b712ecb46ea7d3df8d556c18e7.jpg","https://media.birdweather.com/species/20/BlackRedstart-thumbnail-2fee59acc1ecc6be7238da194869e940.jpg","https://media.birdweather.com/species/20/BlackRedstart-png200-cbc0625b8b4889aeec1da754ad906efd.png","2QgGFwT8epa+l3ZlZ5hntnh4Z/6oyZ8I",13640112462,"https://media.birdweather.com/soundscapes/6891/6891-20260628-030408.flac",0,3,"birdnetpi"
9185500789,6891,"2026-06-28T05:03:40.000+02:00",0.95,0.235489740967751,7.89889860883894,"almost_certain","2p4",NA,51.5631,6.0006,FALSE,20,"Black Redstart","Phoenicurus ochruros","#c8ce2d","avian","https://media.birdweather.com/species/20/BlackRedstart-standard-4255c9b712ecb46ea7d3df8d556c18e7.jpg","https://media.birdweather.com/species/20/BlackRedstart-thumbnail-2fee59acc1ecc6be7238da194869e940.jpg","https://media.birdweather.com/species/20/BlackRedstart-png200-cbc0625b8b4889aeec1da754ad906efd.png","2QgGFwT8epa+l3ZlZ5hntnh4Z/6oyZ8I",13640102372,"https://media.birdweather.com/soundscapes/6891/6891-20260628-030340.flac",0,3,"birdnetpi"
9185494284,6891,"2026-06-28T05:03:16.000+02:00",0.94,0.235489740967751,7.87765787328467,"almost_certain","2p4",NA,51.5697,6.0076,FALSE,20,"Black Redstart","Phoenicurus ochruros","#c8ce2d","avian","https://media.birdweather.com/species/20/BlackRedstart-standard-4255c9b712ecb46ea7d3df8d556c18e7.jpg","https://media.birdweather.com/species/20/BlackRedstart-thumbnail-2fee59acc1ecc6be7238da194869e940.jpg","https://media.birdweather.com/species/20/BlackRedstart-png200-cbc0625b8b4889aeec1da754ad906efd.png","2QgGFwT8epa+l3ZlZ5hntnh4Z/6oyZ8I",13640092451,"https://media.birdweather.com/soundscapes/6891/6891-20260628-030316.flac",0,3,"birdnetpi"
9185489986,6891,"2026-06-28T05:03:02.000+02:00",0.71,0.863980710506439,9.00721209187125,"almost_certain","2p4",NA,51.5653,6.0023,FALSE,62,"Eurasian Blackcap","Sylvia atricapilla","#7adb83","avian","https://media.birdweather.com/species/62/EurasianBlackcap-standard-ca67b81f2c6a6cba55dab13eb6582f24.jpg","https://media.birdweather.com/species/62/EurasianBlackcap-thumbnail-545c834c61889e5646dfc5aafeb4425a.jpg","https://media.birdweather.com/species/62/EurasianBlackcap-png200-0d77337af50a8eb9ae3deda32654c1fa.png","6vcJFwLyeItqY3mOc3enaoiH+HQaPpkA",13640085786,"https://media.birdweather.com/soundscapes/6891/6891-20260628-030302.flac",0,3,"birdnetpi"
9185487618,6891,"2026-06-28T05:02:55.000+02:00",0.87,0.235489740967751,7.71896828601525,"almost_certain","2p4",NA,51.5632,6.0084,FALSE,20,"Black Redstart","Phoenicurus ochruros","#c8ce2d","avian","https://media.birdweather.com/species/20/BlackRedstart-standard-4255c9b712ecb46ea7d3df8d556c18e7.jpg","https://media.birdweather.com/species/20/BlackRedstart-thumbnail-2fee59acc1ecc6be7238da194869e940.jpg","https://media.birdweather.com/species/20/BlackRedstart-png200-cbc0625b8b4889aeec1da754ad906efd.png","2QgGFwT8epa+l3ZlZ5hntnh4Z/6oyZ8I",13640082331,"https://media.birdweather.com/soundscapes/6891/6891-20260628-030255.flac",0,3,"birdnetpi"
9185476441,6891,"2026-06-28T05:02:19.000+02:00",0.84,0.235489740967751,7.64489619287497,"almost_certain","2p4",NA,51.5677,6.0062,FALSE,20,"Black Redstart","Phoenicurus ochruros","#c8ce2d","avian","https://media.birdweather.com/species/20/BlackRedstart-standard-4255c9b712ecb46ea7d3df8d556c18e7.jpg","https://media.birdweather.com/species/20/BlackRedstart-thumbnail-2fee59acc1ecc6be7238da194869e940.jpg","https://media.birdweather.com/species/20/BlackRedstart-png200-cbc0625b8b4889aeec1da754ad906efd.png","2QgGFwT8epa+l3ZlZ5hntnh4Z/6oyZ8I",13640065194,"https://media.birdweather.com/soundscapes/6891/6891-20260628-030219.flac",0,3,"birdnetpi"
9185465697,6891,"2026-06-28T05:01:44.000+02:00",0.99,0.235489740967751,7.98071396038016,"almost_certain","2p4",NA,51.5669,6.003,FALSE,20,"Black Redstart","Phoenicurus ochruros","#c8ce2d","avian","https://media.birdweather.com/species/20/BlackRedstart-standard-4255c9b712ecb46ea7d3df8d556c18e7.jpg","https://media.birdweather.com/species/20/BlackRedstart-thumbnail-2fee59acc1ecc6be7238da194869e940.jpg","https://media.birdweather.com/species/20/BlackRedstart-png200-cbc0625b8b4889aeec1da754ad906efd.png","2QgGFwT8epa+l3ZlZ5hntnh4Z/6oyZ8I",13640048536,"https://media.birdweather.com/soundscapes/6891/6891-20260628-030144.flac",0,3,"birdnetpi"
9185459788,6891,"2026-06-28T05:01:25.000+02:00",0.74,0.235489740967751,7.36432784754994,"almost_certain","2p4",NA,51.5685,6.0041,FALSE,20,"Black Redstart","Phoenicurus ochruros","#c8ce2d","avian","https://media.birdweather.com/species/20/BlackRedstart-standard-4255c9b712ecb46ea7d3df8d556c18e7.jpg","https://media.birdweather.com/species/20/BlackRedstart-thumbnail-2fee59acc1ecc6be7238da194869e940.jpg","https://media.birdweather.com/species/20/BlackRedstart-png200-cbc0625b8b4889aeec1da754ad906efd.png","2QgGFwT8epa+l3ZlZ5hntnh4Z/6oyZ8I",13640039428,"https://media.birdweather.com/soundscapes/6891/6891-20260628-030125.flac",0,3,"birdnetpi"
9185453524,6891,"2026-06-28T05:01:05.000+02:00",0.81,0.863980710506439,9.30621947731867,"almost_certain","2p4",NA,51.5638,6.0009,FALSE,62,"Eurasian Blackcap","Sylvia atricapilla","#7adb83","avian","https://media.birdweather.com/species/62/EurasianBlackcap-standard-ca67b81f2c6a6cba55dab13eb6582f24.jpg","https://media.birdweather.com/species/62/EurasianBlackcap-thumbnail-545c834c61889e5646dfc5aafeb4425a.jpg","https://media.birdweather.com/species/62/EurasianBlackcap-png200-0d77337af50a8eb9ae3deda32654c1fa.png","6vcJFwLyeItqY3mOc3enaoiH+HQaPpkA",13640029911,"https://media.birdweather.com/soundscapes/6891/6891-20260628-030105.flac",0,3,"birdnetpi"
9185442667,6891,"2026-06-28T05:00:29.000+02:00",0.76,0.235489740967751,7.42522676227198,"almost_certain","2p4",NA,51.5704,6.009,FALSE,20,"Black Redstart","Phoenicurus ochruros","#c8ce2d","avian","https://media.birdweather.com/species/20/BlackRedstart-standard-4255c9b712ecb46ea7d3df8d556c18e7.jpg","https://media.birdweather.com/species/20/BlackRedstart-thumbnail-2fee59acc1ecc6be7238da194869e940.jpg","https://media.birdweather.com/species/20/BlackRedstart-png200-cbc0625b8b4889aeec1da754ad906efd.png","2QgGFwT8epa+l3ZlZ5hntnh4Z/6oyZ8I",13640012807,"https://media.birdweather.com/soundscapes/6891/6891-20260628-030029.flac",0,3,"birdnetpi"
9185428733,6891,"2026-06-28T04:59:43.000+02:00",0.86,0.235489740967751,7.69471986538907,"almost_certain","2p4",NA,51.566,6.0086,FALSE,20,"Black Redstart","Phoenicurus ochruros","#c8ce2d","avian","https://media.birdweather.com/species/20/BlackRedstart-standard-4255c9b712ecb46ea7d3df8d556c18e7.jpg","https://media.birdweather.com/species/20/BlackRedstart-thumbnail-2fee59acc1ecc6be7238da194869e940.jpg","https://media.birdweather.com/species/20/BlackRedstart-png200-cbc0625b8b4889aeec1da754ad906efd.png","2QgGFwT8epa+l3ZlZ5hntnh4Z/6oyZ8I",13639990953,"https://media.birdweather.com/soundscapes/6891/6891-20260628-025943.flac",0,3,"birdnetpi"
9185420286,6891,"2026-06-28T04:59:17.000+02:00",0.91,0.235489740967751,7.81188524299936,"almost_certain","2p4",NA,51.5667,6.0091,FALSE,20,"Black Redstart","Phoenicurus ochruros","#c8ce2d","avian","https://media.birdweather.com/species/20/BlackRedstart-standard-4255c9b712ecb46ea7d3df8d556c18e7.jpg","https://media.birdweather.com/species/20/BlackRedstart-thumbnail-2fee59acc1ecc6be7238da194869e940.jpg","https://media.birdweather.com/species/20/BlackRedstart-png200-cbc0625b8b4889aeec1da754ad906efd.png","2QgGFwT8epa+l3ZlZ5hntnh4Z/6oyZ8I",13639978045,"https://media.birdweather.com/soundscapes/6891/6891-20260628-025917.flac",0,3,"birdnetpi"
9185414021,6891,"2026-06-28T04:58:56.000+02:00",0.72,0.863980710506439,9.04022573753456,"almost_certain","2p4",NA,51.5676,6.0092,FALSE,62,"Eurasian Blackcap","Sylvia atricapilla","#7adb83","avian","https://media.birdweather.com/species/62/EurasianBlackcap-standard-ca67b81f2c6a6cba55dab13eb6582f24.jpg","https://media.birdweather.com/species/62/EurasianBlackcap-thumbnail-545c834c61889e5646dfc5aafeb4425a.jpg","https://media.birdweather.com/species/62/EurasianBlackcap-png200-0d77337af50a8eb9ae3deda32654c1fa.png","6vcJFwLyeItqY3mOc3enaoiH+HQaPpkA",13639968531,"https://media.birdweather.com/soundscapes/6891/6891-20260628-025856.flac",0,3,"birdnetpi"
9185412068,6891,"2026-06-28T04:58:50.000+02:00",0.99,0.235489740967751,7.98071396038016,"almost_certain","2p4",NA,51.5658,6.0032,FALSE,20,"Black Redstart","Phoenicurus ochruros","#c8ce2d","avian","https://media.birdweather.com/species/20/BlackRedstart-standard-4255c9b712ecb46ea7d3df8d556c18e7.jpg","https://media.birdweather.com/species/20/BlackRedstart-thumbnail-2fee59acc1ecc6be7238da194869e940.jpg","https://media.birdweather.com/species/20/BlackRedstart-png200-cbc0625b8b4889aeec1da754ad906efd.png","2QgGFwT8epa+l3ZlZ5hntnh4Z/6oyZ8I",13639965573,"https://media.birdweather.com/soundscapes/6891/6891-20260628-025850.flac",0,3,"birdnetpi"
9185405535,6891,"2026-06-28T04:58:31.000+02:00",0.9,0.863980710506439,9.52887041073063,"almost_certain","2p4",NA,51.5664,6.0061,FALSE,62,"Eurasian Blackcap","Sylvia atricapilla","#7adb83","avian","https://media.birdweather.com/species/62/EurasianBlackcap-standard-ca67b81f2c6a6cba55dab13eb6582f24.jpg","https://media.birdweather.com/species/62/EurasianBlackcap-thumbnail-545c834c61889e5646dfc5aafeb4425a.jpg","https://media.birdweather.com/species/62/EurasianBlackcap-png200-0d77337af50a8eb9ae3deda32654c1fa.png","6vcJFwLyeItqY3mOc3enaoiH+HQaPpkA",13639955561,"https://media.birdweather.com/soundscapes/6891/6891-20260628-025831.flac",0,3,"birdnetpi"
9185397219,6891,"2026-06-28T04:58:02.000+02:00",0.84,0.235489740967751,7.64489619287497,"almost_certain","2p4",NA,51.5657,6.0009,FALSE,20,"Black Redstart","Phoenicurus ochruros","#c8ce2d","avian","https://media.birdweather.com/species/20/BlackRedstart-standard-4255c9b712ecb46ea7d3df8d556c18e7.jpg","https://media.birdweather.com/species/20/BlackRedstart-thumbnail-2fee59acc1ecc6be7238da194869e940.jpg","https://media.birdweather.com/species/20/BlackRedstart-png200-cbc0625b8b4889aeec1da754ad906efd.png","2QgGFwT8epa+l3ZlZ5hntnh4Z/6oyZ8I",13639942696,"https://media.birdweather.com/soundscapes/6891/6891-20260628-025802.flac",0,3,"birdnetpi"
9185378715,6891,"2026-06-28T04:57:02.000+02:00",0.7,0.863980710506439,8.97338321262244,"almost_certain","2p4",NA,51.5634,6.0036,FALSE,62,"Eurasian Blackcap","Sylvia atricapilla","#7adb83","avian","https://media.birdweather.com/species/62/EurasianBlackcap-standard-ca67b81f2c6a6cba55dab13eb6582f24.jpg","https://media.birdweather.com/species/62/EurasianBlackcap-thumbnail-545c834c61889e5646dfc5aafeb4425a.jpg","https://media.birdweather.com/species/62/EurasianBlackcap-png200-0d77337af50a8eb9ae3deda32654c1fa.png","6vcJFwLyeItqY3mOc3enaoiH+HQaPpkA",13639914216,"https://media.birdweather.com/soundscapes/6891/6891-20260628-025702.flac",0,3,"birdnetpi"
9185373209,6891,"2026-06-28T04:56:44.000+02:00",0.8,0.863980710506439,9.27908987792291,"almost_certain","2p4",NA,51.564,6.0015,FALSE,62,"Eurasian Blackcap","Sylvia atricapilla","#7adb83","avian","https://media.birdweather.com/species/62/EurasianBlackcap-standard-ca67b81f2c6a6cba55dab13eb6582f24.jpg","https://media.birdweather.com/species/62/EurasianBlackcap-thumbnail-545c834c61889e5646dfc5aafeb4425a.jpg","https://media.birdweather.com/species/62/EurasianBlackcap-png200-0d77337af50a8eb9ae3deda32654c1fa.png","6vcJFwLyeItqY3mOc3enaoiH+HQaPpkA",13639905535,"https://media.birdweather.com/soundscapes/6891/6891-20260628-025644.flac",0,3,"birdnetpi"
9185367557,6891,"2026-06-28T04:56:35.000+02:00",0.95,0.863980710506439,9.63852892024337,"almost_certain","2p4",NA,51.5618,6.0055,FALSE,62,"Eurasian Blackcap","Sylvia atricapilla","#7adb83","avian","https://media.birdweather.com/species/62/EurasianBlackcap-standard-ca67b81f2c6a6cba55dab13eb6582f24.jpg","https://media.birdweather.com/species/62/EurasianBlackcap-thumbnail-545c834c61889e5646dfc5aafeb4425a.jpg","https://media.birdweather.com/species/62/EurasianBlackcap-png200-0d77337af50a8eb9ae3deda32654c1fa.png","6vcJFwLyeItqY3mOc3enaoiH+HQaPpkA",13639896941,"https://media.birdweather.com/soundscapes/6891/6891-20260628-025635.flac",0,3,"birdnetpi"
9185366192,6891,"2026-06-28T04:56:22.000+02:00",0.94,0.235489740967751,7.87765787328467,"almost_certain","2p4",NA,51.5617,6.0063,FALSE,20,"Black Redstart","Phoenicurus ochruros","#c8ce2d","avian","https://media.birdweather.com/species/20/BlackRedstart-standard-4255c9b712ecb46ea7d3df8d556c18e7.jpg","https://media.birdweather.com/species/20/BlackRedstart-thumbnail-2fee59acc1ecc6be7238da194869e940.jpg","https://media.birdweather.com/species/20/BlackRedstart-png200-cbc0625b8b4889aeec1da754ad906efd.png","2QgGFwT8epa+l3ZlZ5hntnh4Z/6oyZ8I",13639894922,"https://media.birdweather.com/soundscapes/6891/6891-20260628-025622.flac",0,3,"birdnetpi"
9185360706,6891,"2026-06-28T04:56:04.000+02:00",0.92,0.235489740967751,7.83416215659369,"almost_certain","2p4",NA,51.5642,6.001,FALSE,20,"Black Redstart","Phoenicurus ochruros","#c8ce2d","avian","https://media.birdweather.com/species/20/BlackRedstart-standard-4255c9b712ecb46ea7d3df8d556c18e7.jpg","https://media.birdweather.com/species/20/BlackRedstart-thumbnail-2fee59acc1ecc6be7238da194869e940.jpg","https://media.birdweather.com/species/20/BlackRedstart-png200-cbc0625b8b4889aeec1da754ad906efd.png","2QgGFwT8epa+l3ZlZ5hntnh4Z/6oyZ8I",13639886339,"https://media.birdweather.com/soundscapes/6891/6891-20260628-025604.flac",0,3,"birdnetpi"
9185351752,6891,"2026-06-28T04:55:35.000+02:00",0.97,0.235489740967751,7.94041693764754,"almost_certain","2p4",NA,51.5634,6.002,FALSE,20,"Black Redstart","Phoenicurus ochruros","#c8ce2d","avian","https://media.birdweather.com/species/20/BlackRedstart-standard-4255c9b712ecb46ea7d3df8d556c18e7.jpg","https://media.birdweather.com/species/20/BlackRedstart-thumbnail-2fee59acc1ecc6be7238da194869e940.jpg","https://media.birdweather.com/species/20/BlackRedstart-png200-cbc0625b8b4889aeec1da754ad906efd.png","2QgGFwT8epa+l3ZlZ5hntnh4Z/6oyZ8I",13639872521,"https://media.birdweather.com/soundscapes/6891/6891-20260628-025535.flac",0,3,"birdnetpi"
9185343306,6891,"2026-06-28T04:55:08.000+02:00",0.99,0.235489740967751,7.98071396038016,"almost_certain","2p4",NA,51.5665,6.0013,FALSE,20,"Black Redstart","Phoenicurus ochruros","#c8ce2d","avian","https://media.birdweather.com/species/20/BlackRedstart-standard-4255c9b712ecb46ea7d3df8d556c18e7.jpg","https://media.birdweather.com/species/20/BlackRedstart-thumbnail-2fee59acc1ecc6be7238da194869e940.jpg","https://media.birdweather.com/species/20/BlackRedstart-png200-cbc0625b8b4889aeec1da754ad906efd.png","2QgGFwT8epa+l3ZlZ5hntnh4Z/6oyZ8I",13639859661,"https://media.birdweather.com/soundscapes/6891/6891-20260628-025508.flac",0,3,"birdnetpi"
9185338595,6891,"2026-06-28T04:55:05.000+02:00",0.99,0.235489740967751,7.98071396038016,"almost_certain","2p4",NA,51.5623,6.0025,FALSE,20,"Black Redstart","Phoenicurus ochruros","#c8ce2d","avian","https://media.birdweather.com/species/20/BlackRedstart-standard-4255c9b712ecb46ea7d3df8d556c18e7.jpg","https://media.birdweather.com/species/20/BlackRedstart-thumbnail-2fee59acc1ecc6be7238da194869e940.jpg","https://media.birdweather.com/species/20/BlackRedstart-png200-cbc0625b8b4889aeec1da754ad906efd.png","2QgGFwT8epa+l3ZlZ5hntnh4Z/6oyZ8I",13639852461,"https://media.birdweather.com/soundscapes/6891/6891-20260628-025505.flac",0,3,"birdnetpi"
9185332969,6891,"2026-06-28T04:54:35.000+02:00",0.9,0.235489740967751,7.7892400993262,"almost_certain","2p4",NA,51.5629,6.0014,FALSE,20,"Black Redstart","Phoenicurus ochruros","#c8ce2d","avian","https://media.birdweather.com/species/20/BlackRedstart-standard-4255c9b712ecb46ea7d3df8d556c18e7.jpg","https://media.birdweather.com/species/20/BlackRedstart-thumbnail-2fee59acc1ecc6be7238da194869e940.jpg","https://media.birdweather.com/species/20/BlackRedstart-png200-cbc0625b8b4889aeec1da754ad906efd.png","2QgGFwT8epa+l3ZlZ5hntnh4Z/6oyZ8I",13639843966,"https://media.birdweather.com/soundscapes/6891/6891-20260628-025435.flac",0,3,"birdnetpi"
9185326409,6891,"2026-06-28T04:54:14.000+02:00",0.79,0.863980710506439,9.25141216889791,"almost_certain","2p4",NA,51.5701,6.0042,FALSE,62,"Eurasian Blackcap","Sylvia atricapilla","#7adb83","avian","https://media.birdweather.com/species/62/EurasianBlackcap-standard-ca67b81f2c6a6cba55dab13eb6582f24.jpg","https://media.birdweather.com/species/62/EurasianBlackcap-thumbnail-545c834c61889e5646dfc5aafeb4425a.jpg","https://media.birdweather.com/species/62/EurasianBlackcap-png200-0d77337af50a8eb9ae3deda32654c1fa.png","6vcJFwLyeItqY3mOc3enaoiH+HQaPpkA",13639833928,"https://media.birdweather.com/soundscapes/6891/6891-20260628-025414.flac",0,3,"birdnetpi"
9185312385,6891,"2026-06-28T04:53:31.000+02:00",0.93,0.235489740967751,7.85608262423832,"almost_certain","2p4",NA,51.5623,6.0081,FALSE,20,"Black Redstart","Phoenicurus ochruros","#c8ce2d","avian","https://media.birdweather.com/species/20/BlackRedstart-standard-4255c9b712ecb46ea7d3df8d556c18e7.jpg","https://media.birdweather.com/species/20/BlackRedstart-thumbnail-2fee59acc1ecc6be7238da194869e940.jpg","https://media.birdweather.com/species/20/BlackRedstart-png200-cbc0625b8b4889aeec1da754ad906efd.png","2QgGFwT8epa+l3ZlZ5hntnh4Z/6oyZ8I",13639812502,"https://media.birdweather.com/soundscapes/6891/6891-20260628-025331.flac",0,3,"birdnetpi"
9185299974,6891,"2026-06-28T04:52:49.000+02:00",0.75,0.863980710506439,9.13474597147169,"almost_certain","2p4",NA,51.5696,6.0023,FALSE,62,"Eurasian Blackcap","Sylvia atricapilla","#7adb83","avian","https://media.birdweather.com/species/62/EurasianBlackcap-standard-ca67b81f2c6a6cba55dab13eb6582f24.jpg","https://media.birdweather.com/species/62/EurasianBlackcap-thumbnail-545c834c61889e5646dfc5aafeb4425a.jpg","https://media.birdweather.com/species/62/EurasianBlackcap-png200-0d77337af50a8eb9ae3deda32654c1fa.png","6vcJFwLyeItqY3mOc3enaoiH+HQaPpkA",13639793384,"https://media.birdweather.com/soundscapes/6891/6891-20260628-025249.flac",0,3,"birdnetpi"
9185287593,6891,"2026-06-28T04:52:08.000+02:00",0.76,0.863980710506439,9.16485707367641,"almost_certain","2p4",NA,51.5661,6.0019,FALSE,62,"Eurasian Blackcap","Sylvia atricapilla","#7adb83","avian","https://media.birdweather.com/species/62/EurasianBlackcap-standard-ca67b81f2c6a6cba55dab13eb6582f24.jpg","https://media.birdweather.com/species/62/EurasianBlackcap-thumbnail-545c834c61889e5646dfc5aafeb4425a.jpg","https://media.birdweather.com/species/62/EurasianBlackcap-png200-0d77337af50a8eb9ae3deda32654c1fa.png","6vcJFwLyeItqY3mOc3enaoiH+HQaPpkA",13639773828,"https://media.birdweather.com/soundscapes/6891/6891-20260628-025208.flac",0,3,"birdnetpi"
9185280809,6891,"2026-06-28T04:51:58.000+02:00",0.99,0.235489740967751,7.98071396038016,"almost_certain","2p4",NA,51.5659,6.0021,FALSE,20,"Black Redstart","Phoenicurus ochruros","#c8ce2d","avian","https://media.birdweather.com/species/20/BlackRedstart-standard-4255c9b712ecb46ea7d3df8d556c18e7.jpg","https://media.birdweather.com/species/20/BlackRedstart-thumbnail-2fee59acc1ecc6be7238da194869e940.jpg","https://media.birdweather.com/species/20/BlackRedstart-png200-cbc0625b8b4889aeec1da754ad906efd.png","2QgGFwT8epa+l3ZlZ5hntnh4Z/6oyZ8I",13639763356,"https://media.birdweather.com/soundscapes/6891/6891-20260628-025158.flac",0,3,"birdnetpi"
9185274760,6891,"2026-06-28T04:51:38.000+02:00",0.97,0.235489740967751,7.94041693764754,"almost_certain","2p4",NA,51.5626,6.0081,FALSE,20,"Black Redstart","Phoenicurus ochruros","#c8ce2d","avian","https://media.birdweather.com/species/20/BlackRedstart-standard-4255c9b712ecb46ea7d3df8d556c18e7.jpg","https://media.birdweather.com/species/20/BlackRedstart-thumbnail-2fee59acc1ecc6be7238da194869e940.jpg","https://media.birdweather.com/species/20/BlackRedstart-png200-cbc0625b8b4889aeec1da754ad906efd.png","2QgGFwT8epa+l3ZlZ5hntnh4Z/6oyZ8I",13639753951,"https://media.birdweather.com/soundscapes/6891/6891-20260628-025138.flac",0,3,"birdnetpi"
9185269084,6891,"2026-06-28T04:51:20.000+02:00",0.89,0.235489740967751,7.76621434723275,"almost_certain","2p4",NA,51.5673,6.0006,FALSE,20,"Black Redstart","Phoenicurus ochruros","#c8ce2d","avian","https://media.birdweather.com/species/20/BlackRedstart-standard-4255c9b712ecb46ea7d3df8d556c18e7.jpg","https://media.birdweather.com/species/20/BlackRedstart-thumbnail-2fee59acc1ecc6be7238da194869e940.jpg","https://media.birdweather.com/species/20/BlackRedstart-png200-cbc0625b8b4889aeec1da754ad906efd.png","2QgGFwT8epa+l3ZlZ5hntnh4Z/6oyZ8I",13639745300,"https://media.birdweather.com/soundscapes/6891/6891-20260628-025120.flac",0,3,"birdnetpi"
9185260570,6891,"2026-06-28T04:50:40.000+02:00",0.88,0.235489740967751,7.74279497353051,"almost_certain","2p4",NA,51.5617,6.0071,FALSE,20,"Black Redstart","Phoenicurus ochruros","#c8ce2d","avian","https://media.birdweather.com/species/20/BlackRedstart-standard-4255c9b712ecb46ea7d3df8d556c18e7.jpg","https://media.birdweather.com/species/20/BlackRedstart-thumbnail-2fee59acc1ecc6be7238da194869e940.jpg","https://media.birdweather.com/species/20/BlackRedstart-png200-cbc0625b8b4889aeec1da754ad906efd.png","2QgGFwT8epa+l3ZlZ5hntnh4Z/6oyZ8I",13639731904,"https://media.birdweather.com/soundscapes/6891/6891-20260628-025040.flac",0,3,"birdnetpi"
9185255467,6891,"2026-06-28T04:50:23.000+02:00",0.82,0.235489740967751,7.59319194353847,"almost_certain","2p4",NA,51.5629,6.0049,FALSE,20,"Black Redstart","Phoenicurus ochruros","#c8ce2d","avian","https://media.birdweather.com/species/20/BlackRedstart-standard-4255c9b712ecb46ea7d3df8d556c18e7.jpg","https://media.birdweather.com/species/20/BlackRedstart-thumbnail-2fee59acc1ecc6be7238da194869e940.jpg","https://media.birdweather.com/species/20/BlackRedstart-png200-cbc0625b8b4889aeec1da754ad906efd.png","2QgGFwT8epa+l3ZlZ5hntnh4Z/6oyZ8I",13639723880,"https://media.birdweather.com/soundscapes/6891/6891-20260628-025023.flac",0,3,"birdnetpi"
9185235541,6891,"2026-06-28T04:49:17.000+02:00",0.74,0.235489740967751,7.36432784754994,"almost_certain","2p4",NA,51.5696,6.0015,FALSE,20,"Black Redstart","Phoenicurus ochruros","#c8ce2d","avian","https://media.birdweather.com/species/20/BlackRedstart-standard-4255c9b712ecb46ea7d3df8d556c18e7.jpg","https://media.birdweather.com/species/20/BlackRedstart-thumbnail-2fee59acc1ecc6be7238da194869e940.jpg","https://media.birdweather.com/species/20/BlackRedstart-png200-cbc0625b8b4889aeec1da754ad906efd.png","2QgGFwT8epa+l3ZlZ5hntnh4Z/6oyZ8I",13639692626,"https://media.birdweather.com/soundscapes/6891/6891-20260628-024917.flac",0,3,"birdnetpi"
9185206103,6891,"2026-06-28T04:47:40.000+02:00",0.78,0.998033106327057,9.41865998709571,"almost_certain","2p4",NA,51.5701,6.005,FALSE,35,"Eurasian Blackbird","Turdus merula","#ff65df","avian","https://media.birdweather.com/species/35/EurasianBlackbird-standard-618b3a5132c7c359fb2a2884c39deb39.jpg","https://media.birdweather.com/species/35/EurasianBlackbird-thumbnail-276878929bed08167d1fd9bf34d63d40.jpg","https://media.birdweather.com/species/35/EurasianBlackbird-png200-ba5a1b43225da4611cac429c52a52c81.png","GfkFFwKRmrx2ZYiaaQe69nlzScn3T7IA",13639646264,"https://media.birdweather.com/soundscapes/6891/6891-20260628-024740.flac",0,3,"birdnetpi"
9185197923,6891,"2026-06-28T04:47:23.000+02:00",0.92,0.998033106327057,9.76928870966367,"almost_certain","2p4",NA,51.5697,6.0021,FALSE,35,"Eurasian Blackbird","Turdus merula","#ff65df","avian","https://media.birdweather.com/species/35/EurasianBlackbird-standard-618b3a5132c7c359fb2a2884c39deb39.jpg","https://media.birdweather.com/species/35/EurasianBlackbird-thumbnail-276878929bed08167d1fd9bf34d63d40.jpg","https://media.birdweather.com/species/35/EurasianBlackbird-png200-ba5a1b43225da4611cac429c52a52c81.png","GfkFFwKRmrx2ZYiaaQe69nlzScn3T7IA",13639633555,"https://media.birdweather.com/soundscapes/6891/6891-20260628-024723.flac",0,3,"birdnetpi"
9185170420,6891,"2026-06-28T04:45:43.000+02:00",0.9,0.998033106327057,9.72436665239617,"almost_certain","2p4",NA,51.5702,6.0019,FALSE,35,"Eurasian Blackbird","Turdus merula","#ff65df","avian","https://media.birdweather.com/species/35/EurasianBlackbird-standard-618b3a5132c7c359fb2a2884c39deb39.jpg","https://media.birdweather.com/species/35/EurasianBlackbird-thumbnail-276878929bed08167d1fd9bf34d63d40.jpg","https://media.birdweather.com/species/35/EurasianBlackbird-png200-ba5a1b43225da4611cac429c52a52c81.png","GfkFFwKRmrx2ZYiaaQe69nlzScn3T7IA",13639590599,"https://media.birdweather.com/soundscapes/6891/6891-20260628-024543.flac",0,3,"birdnetpi"
9185161378,6891,"2026-06-28T04:45:25.000+02:00",1,0.998033106327057,9.93555308375952,"almost_certain","2p4",NA,51.5694,6.0023,FALSE,35,"Eurasian Blackbird","Turdus merula","#ff65df","avian","https://media.birdweather.com/species/35/EurasianBlackbird-standard-618b3a5132c7c359fb2a2884c39deb39.jpg","https://media.birdweather.com/species/35/EurasianBlackbird-thumbnail-276878929bed08167d1fd9bf34d63d40.jpg","https://media.birdweather.com/species/35/EurasianBlackbird-png200-ba5a1b43225da4611cac429c52a52c81.png","GfkFFwKRmrx2ZYiaaQe69nlzScn3T7IA",13639576411,"https://media.birdweather.com/soundscapes/6891/6891-20260628-024525.flac",0,3,"birdnetpi"
9185130110,6891,"2026-06-28T04:43:32.000+02:00",0.81,0.235489740967751,7.56658916591424,"almost_certain","2p4",NA,51.5644,6.0005,FALSE,20,"Black Redstart","Phoenicurus ochruros","#c8ce2d","avian","https://media.birdweather.com/species/20/BlackRedstart-standard-4255c9b712ecb46ea7d3df8d556c18e7.jpg","https://media.birdweather.com/species/20/BlackRedstart-thumbnail-2fee59acc1ecc6be7238da194869e940.jpg","https://media.birdweather.com/species/20/BlackRedstart-png200-cbc0625b8b4889aeec1da754ad906efd.png","2QgGFwT8epa+l3ZlZ5hntnh4Z/6oyZ8I",13639528082,"https://media.birdweather.com/soundscapes/6891/6891-20260628-024332.flac",0,3,"birdnetpi"
9185118310,6891,"2026-06-28T04:43:01.000+02:00",0.91,0.235489740967751,7.81188524299936,"almost_certain","2p4",NA,51.5637,6.0093,FALSE,20,"Black Redstart","Phoenicurus ochruros","#c8ce2d","avian","https://media.birdweather.com/species/20/BlackRedstart-standard-4255c9b712ecb46ea7d3df8d556c18e7.jpg","https://media.birdweather.com/species/20/BlackRedstart-thumbnail-2fee59acc1ecc6be7238da194869e940.jpg","https://media.birdweather.com/species/20/BlackRedstart-png200-cbc0625b8b4889aeec1da754ad906efd.png","2QgGFwT8epa+l3ZlZ5hntnh4Z/6oyZ8I",13639509558,"https://media.birdweather.com/soundscapes/6891/6891-20260628-024301.flac",0,3,"birdnetpi"
9185119718,6891,"2026-06-28T04:42:58.000+02:00",0.74,0.998033106327057,9.29945440061991,"almost_certain","2p4",NA,51.5653,6.0006,FALSE,35,"Eurasian Blackbird","Turdus merula","#ff65df","avian","https://media.birdweather.com/species/35/EurasianBlackbird-standard-618b3a5132c7c359fb2a2884c39deb39.jpg","https://media.birdweather.com/species/35/EurasianBlackbird-thumbnail-276878929bed08167d1fd9bf34d63d40.jpg","https://media.birdweather.com/species/35/EurasianBlackbird-png200-ba5a1b43225da4611cac429c52a52c81.png","GfkFFwKRmrx2ZYiaaQe69nlzScn3T7IA",13639511832,"https://media.birdweather.com/soundscapes/6891/6891-20260628-024258.flac",0,3,"birdnetpi"
9185110174,6891,"2026-06-28T04:42:31.000+02:00",0.88,0.235489740967751,7.74279497353051,"almost_certain","2p4",NA,51.5641,6.0038,FALSE,20,"Black Redstart","Phoenicurus ochruros","#c8ce2d","avian","https://media.birdweather.com/species/20/BlackRedstart-standard-4255c9b712ecb46ea7d3df8d556c18e7.jpg","https://media.birdweather.com/species/20/BlackRedstart-thumbnail-2fee59acc1ecc6be7238da194869e940.jpg","https://media.birdweather.com/species/20/BlackRedstart-png200-cbc0625b8b4889aeec1da754ad906efd.png","2QgGFwT8epa+l3ZlZ5hntnh4Z/6oyZ8I",13639496653,"https://media.birdweather.com/soundscapes/6891/6891-20260628-024231.flac",0,3,"birdnetpi"
9185102054,6891,"2026-06-28T04:42:11.000+02:00",0.98,0.235489740967751,7.96071360517318,"almost_certain","2p4",NA,51.5693,6.0057,FALSE,20,"Black Redstart","Phoenicurus ochruros","#c8ce2d","avian","https://media.birdweather.com/species/20/BlackRedstart-standard-4255c9b712ecb46ea7d3df8d556c18e7.jpg","https://media.birdweather.com/species/20/BlackRedstart-thumbnail-2fee59acc1ecc6be7238da194869e940.jpg","https://media.birdweather.com/species/20/BlackRedstart-png200-cbc0625b8b4889aeec1da754ad906efd.png","2QgGFwT8epa+l3ZlZ5hntnh4Z/6oyZ8I",13639483805,"https://media.birdweather.com/soundscapes/6891/6891-20260628-024211.flac",0,3,"birdnetpi"
9185076036,6891,"2026-06-28T04:40:34.000+02:00",0.75,0.998033106327057,9.33024221313723,"almost_certain","2p4",NA,51.5703,6.0064,FALSE,35,"Eurasian Blackbird","Turdus merula","#ff65df","avian","https://media.birdweather.com/species/35/EurasianBlackbird-standard-618b3a5132c7c359fb2a2884c39deb39.jpg","https://media.birdweather.com/species/35/EurasianBlackbird-thumbnail-276878929bed08167d1fd9bf34d63d40.jpg","https://media.birdweather.com/species/35/EurasianBlackbird-png200-ba5a1b43225da4611cac429c52a52c81.png","GfkFFwKRmrx2ZYiaaQe69nlzScn3T7IA",13639443224,"https://media.birdweather.com/soundscapes/6891/6891-20260628-024034.flac",0,3,"birdnetpi"
9185056131,6891,"2026-06-28T04:39:28.000+02:00",0.76,0.998033106327057,9.36035331534196,"almost_certain","2p4",NA,51.5614,6.0063,FALSE,35,"Eurasian Blackbird","Turdus merula","#ff65df","avian","https://media.birdweather.com/species/35/EurasianBlackbird-standard-618b3a5132c7c359fb2a2884c39deb39.jpg","https://media.birdweather.com/species/35/EurasianBlackbird-thumbnail-276878929bed08167d1fd9bf34d63d40.jpg","https://media.birdweather.com/species/35/EurasianBlackbird-png200-ba5a1b43225da4611cac429c52a52c81.png","GfkFFwKRmrx2ZYiaaQe69nlzScn3T7IA",13639411964,"https://media.birdweather.com/soundscapes/6891/6891-20260628-023928.flac",0,3,"birdnetpi"
9184957389,6891,"2026-06-28T04:34:01.000+02:00",0.8,0.998033106327057,9.47458611958846,"almost_certain","2p4",NA,51.5655,6.0087,FALSE,35,"Eurasian Blackbird","Turdus merula","#ff65df","avian","https://media.birdweather.com/species/35/EurasianBlackbird-standard-618b3a5132c7c359fb2a2884c39deb39.jpg","https://media.birdweather.com/species/35/EurasianBlackbird-thumbnail-276878929bed08167d1fd9bf34d63d40.jpg","https://media.birdweather.com/species/35/EurasianBlackbird-png200-ba5a1b43225da4611cac429c52a52c81.png","GfkFFwKRmrx2ZYiaaQe69nlzScn3T7IA",13639256573,"https://media.birdweather.com/soundscapes/6891/6891-20260628-023401.flac",0,3,"birdnetpi"
9182286077,6891,"2026-06-28T02:03:14.000+02:00",0.96,0.163846984505653,7.44705593184449,"almost_certain","2p4",NA,51.5662,6.005,FALSE,143,"Eurasian Oystercatcher","Haematopus ostralegus","#ca8600","avian","https://media.birdweather.com/species/143/EurasianOystercatcher-standard-de054f6108c9ec46b2430e18a3a05899.jpg","https://media.birdweather.com/species/143/EurasianOystercatcher-thumbnail-30dda908d192acf9a6ba366e2d58599a.jpg","https://media.birdweather.com/species/143/EurasianOystercatcher-png200-eaade4c821880831fc0130856cf4cad3.png","3vcRFwKHd4mAiHeCdth4eIeIhYD5CocK",13634972134,"https://media.birdweather.com/soundscapes/6891/6891-20260628-000314.flac",0,3,"birdnetpi"
9182252721,6891,"2026-06-28T02:01:30.000+02:00",0.94,0.163846984505653,7.40489875947104,"almost_certain","2p4",NA,51.5634,6.0019,FALSE,143,"Eurasian Oystercatcher","Haematopus ostralegus","#ca8600","avian","https://media.birdweather.com/species/143/EurasianOystercatcher-standard-de054f6108c9ec46b2430e18a3a05899.jpg","https://media.birdweather.com/species/143/EurasianOystercatcher-thumbnail-30dda908d192acf9a6ba366e2d58599a.jpg","https://media.birdweather.com/species/143/EurasianOystercatcher-png200-eaade4c821880831fc0130856cf4cad3.png","3vcRFwKHd4mAiHeCdth4eIeIhYD5CocK",13634923087,"https://media.birdweather.com/soundscapes/6891/6891-20260628-000130.flac",0,3,"birdnetpi"
