"id","stationId","timestamp","confidence","probability","score","certainty","algorithm","metadata","lat","lon","favorite","species.id","species.commonName","species.scientificName","species.color","species.classification","species.imageUrl","species.thumbnailUrl","species.pngUrl","species.thumbhash","soundscape.id","soundscape.url","soundscape.startTime","soundscape.endTime","soundscape.mode"
7480357707,6891,"2026-05-05T21:42:30.000+02:00",0.93,0.0880130380392075,6.59821075784159,"almost_certain","2p4",NA,51.5644,6.0029,FALSE,175,"Common Snipe","Gallinago gallinago","#f6aef7","avian","https://media.birdweather.com/species/175/CommonSnipe-standard-1842d29e686146fb23ca5d35e0ed7103.jpg","https://media.birdweather.com/species/175/CommonSnipe-thumbnail-cb257689780327d1418334a236f73616.jpg","https://media.birdweather.com/species/175/CommonSnipe-png200-e73a73651ad6cd764efb6c71c7b8ed5b.png","JAgGDwL5Vod8h2mJh4hoxmV5OmCnAncK",11453792993,"https://media.birdweather.com/soundscapes/6891/6891-20260505-194230.flac",0,3,"birdnetpi"
7480005541,6891,"2026-05-05T21:27:29.000+02:00",0.99,0.999183833599091,9.91740355459112,"almost_certain","2p4",NA,51.5676,6.0087,FALSE,35,"Eurasian Blackbird","Turdus merula","#ff65df","avian","https://media.birdweather.com/species/35/EurasianBlackbird-standard-618b3a5132c7c359fb2a2884c39deb39.jpg","https://media.birdweather.com/species/35/EurasianBlackbird-thumbnail-276878929bed08167d1fd9bf34d63d40.jpg","https://media.birdweather.com/species/35/EurasianBlackbird-png200-ba5a1b43225da4611cac429c52a52c81.png","GfkFFwKRmrx2ZYiaaQe69nlzScn3T7IA",11453373309,"https://media.birdweather.com/soundscapes/6891/6891-20260505-192729.flac",0,3,"birdnetpi"
7479996676,6891,"2026-05-05T21:27:01.000+02:00",1,0.999183833599091,9.93711612490049,"almost_certain","2p4",NA,51.5628,6.0012,FALSE,35,"Eurasian Blackbird","Turdus merula","#ff65df","avian","https://media.birdweather.com/species/35/EurasianBlackbird-standard-618b3a5132c7c359fb2a2884c39deb39.jpg","https://media.birdweather.com/species/35/EurasianBlackbird-thumbnail-276878929bed08167d1fd9bf34d63d40.jpg","https://media.birdweather.com/species/35/EurasianBlackbird-png200-ba5a1b43225da4611cac429c52a52c81.png","GfkFFwKRmrx2ZYiaaQe69nlzScn3T7IA",11453362905,"https://media.birdweather.com/soundscapes/6891/6891-20260505-192701.flac",0,3,"birdnetpi"
7479987581,6891,"2026-05-05T21:26:35.000+02:00",1,0.999183833599091,9.93711612490049,"almost_certain","2p4",NA,51.5683,6.0027,FALSE,35,"Eurasian Blackbird","Turdus merula","#ff65df","avian","https://media.birdweather.com/species/35/EurasianBlackbird-standard-618b3a5132c7c359fb2a2884c39deb39.jpg","https://media.birdweather.com/species/35/EurasianBlackbird-thumbnail-276878929bed08167d1fd9bf34d63d40.jpg","https://media.birdweather.com/species/35/EurasianBlackbird-png200-ba5a1b43225da4611cac429c52a52c81.png","GfkFFwKRmrx2ZYiaaQe69nlzScn3T7IA",11453351671,"https://media.birdweather.com/soundscapes/6891/6891-20260505-192635.flac",0,3,"birdnetpi"
7479978642,6891,"2026-05-05T21:26:11.000+02:00",1,0.999183833599091,9.93711612490049,"almost_certain","2p4",NA,51.5623,6.0009,FALSE,35,"Eurasian Blackbird","Turdus merula","#ff65df","avian","https://media.birdweather.com/species/35/EurasianBlackbird-standard-618b3a5132c7c359fb2a2884c39deb39.jpg","https://media.birdweather.com/species/35/EurasianBlackbird-thumbnail-276878929bed08167d1fd9bf34d63d40.jpg","https://media.birdweather.com/species/35/EurasianBlackbird-png200-ba5a1b43225da4611cac429c52a52c81.png","GfkFFwKRmrx2ZYiaaQe69nlzScn3T7IA",11453340726,"https://media.birdweather.com/soundscapes/6891/6891-20260505-192611.flac",0,3,"birdnetpi"
7479969407,6891,"2026-05-05T21:25:47.000+02:00",1,0.999183833599091,9.93711612490049,"almost_certain","2p4",NA,51.5674,6.0065,FALSE,35,"Eurasian Blackbird","Turdus merula","#ff65df","avian","https://media.birdweather.com/species/35/EurasianBlackbird-standard-618b3a5132c7c359fb2a2884c39deb39.jpg","https://media.birdweather.com/species/35/EurasianBlackbird-thumbnail-276878929bed08167d1fd9bf34d63d40.jpg","https://media.birdweather.com/species/35/EurasianBlackbird-png200-ba5a1b43225da4611cac429c52a52c81.png","GfkFFwKRmrx2ZYiaaQe69nlzScn3T7IA",11453329716,"https://media.birdweather.com/soundscapes/6891/6891-20260505-192547.flac",0,3,"birdnetpi"
7479963780,6891,"2026-05-05T21:25:41.000+02:00",1,0.999183833599091,9.93711612490049,"almost_certain","2p4",NA,51.568,6.002,FALSE,35,"Eurasian Blackbird","Turdus merula","#ff65df","avian","https://media.birdweather.com/species/35/EurasianBlackbird-standard-618b3a5132c7c359fb2a2884c39deb39.jpg","https://media.birdweather.com/species/35/EurasianBlackbird-thumbnail-276878929bed08167d1fd9bf34d63d40.jpg","https://media.birdweather.com/species/35/EurasianBlackbird-png200-ba5a1b43225da4611cac429c52a52c81.png","GfkFFwKRmrx2ZYiaaQe69nlzScn3T7IA",11453322808,"https://media.birdweather.com/soundscapes/6891/6891-20260505-192541.flac",0,3,"birdnetpi"
7479953108,6891,"2026-05-05T21:25:06.000+02:00",1,0.999183833599091,9.93711612490049,"almost_certain","2p4",NA,51.5688,6.0035,FALSE,35,"Eurasian Blackbird","Turdus merula","#ff65df","avian","https://media.birdweather.com/species/35/EurasianBlackbird-standard-618b3a5132c7c359fb2a2884c39deb39.jpg","https://media.birdweather.com/species/35/EurasianBlackbird-thumbnail-276878929bed08167d1fd9bf34d63d40.jpg","https://media.birdweather.com/species/35/EurasianBlackbird-png200-ba5a1b43225da4611cac429c52a52c81.png","GfkFFwKRmrx2ZYiaaQe69nlzScn3T7IA",11453309790,"https://media.birdweather.com/soundscapes/6891/6891-20260505-192506.flac",0,3,"birdnetpi"
7479945963,6891,"2026-05-05T21:24:45.000+02:00",1,0.999183833599091,9.93711612490049,"almost_certain","2p4",NA,51.5641,6.0029,FALSE,35,"Eurasian Blackbird","Turdus merula","#ff65df","avian","https://media.birdweather.com/species/35/EurasianBlackbird-standard-618b3a5132c7c359fb2a2884c39deb39.jpg","https://media.birdweather.com/species/35/EurasianBlackbird-thumbnail-276878929bed08167d1fd9bf34d63d40.jpg","https://media.birdweather.com/species/35/EurasianBlackbird-png200-ba5a1b43225da4611cac429c52a52c81.png","GfkFFwKRmrx2ZYiaaQe69nlzScn3T7IA",11453301122,"https://media.birdweather.com/soundscapes/6891/6891-20260505-192445.flac",0,3,"birdnetpi"
7479935967,6891,"2026-05-05T21:24:25.000+02:00",1,0.999183833599091,9.93711612490049,"almost_certain","2p4",NA,51.5699,6.0051,FALSE,35,"Eurasian Blackbird","Turdus merula","#ff65df","avian","https://media.birdweather.com/species/35/EurasianBlackbird-standard-618b3a5132c7c359fb2a2884c39deb39.jpg","https://media.birdweather.com/species/35/EurasianBlackbird-thumbnail-276878929bed08167d1fd9bf34d63d40.jpg","https://media.birdweather.com/species/35/EurasianBlackbird-png200-ba5a1b43225da4611cac429c52a52c81.png","GfkFFwKRmrx2ZYiaaQe69nlzScn3T7IA",11453289057,"https://media.birdweather.com/soundscapes/6891/6891-20260505-192425.flac",0,3,"birdnetpi"
7479926887,6891,"2026-05-05T21:23:55.000+02:00",0.81,0.999183833599091,9.5032787601252,"almost_certain","2p4",NA,51.563,6.0066,FALSE,35,"Eurasian Blackbird","Turdus merula","#ff65df","avian","https://media.birdweather.com/species/35/EurasianBlackbird-standard-618b3a5132c7c359fb2a2884c39deb39.jpg","https://media.birdweather.com/species/35/EurasianBlackbird-thumbnail-276878929bed08167d1fd9bf34d63d40.jpg","https://media.birdweather.com/species/35/EurasianBlackbird-png200-ba5a1b43225da4611cac429c52a52c81.png","GfkFFwKRmrx2ZYiaaQe69nlzScn3T7IA",11453278021,"https://media.birdweather.com/soundscapes/6891/6891-20260505-192355.flac",0,3,"birdnetpi"
7479917737,6891,"2026-05-05T21:23:32.000+02:00",1,0.999183833599091,9.93711612490049,"almost_certain","2p4",NA,51.5653,6.0045,FALSE,35,"Eurasian Blackbird","Turdus merula","#ff65df","avian","https://media.birdweather.com/species/35/EurasianBlackbird-standard-618b3a5132c7c359fb2a2884c39deb39.jpg","https://media.birdweather.com/species/35/EurasianBlackbird-thumbnail-276878929bed08167d1fd9bf34d63d40.jpg","https://media.birdweather.com/species/35/EurasianBlackbird-png200-ba5a1b43225da4611cac429c52a52c81.png","GfkFFwKRmrx2ZYiaaQe69nlzScn3T7IA",11453266990,"https://media.birdweather.com/soundscapes/6891/6891-20260505-192332.flac",0,3,"birdnetpi"
7479909766,6891,"2026-05-05T21:23:13.000+02:00",1,0.999183833599091,9.93711612490049,"almost_certain","2p4",NA,51.5639,6.0094,FALSE,35,"Eurasian Blackbird","Turdus merula","#ff65df","avian","https://media.birdweather.com/species/35/EurasianBlackbird-standard-618b3a5132c7c359fb2a2884c39deb39.jpg","https://media.birdweather.com/species/35/EurasianBlackbird-thumbnail-276878929bed08167d1fd9bf34d63d40.jpg","https://media.birdweather.com/species/35/EurasianBlackbird-png200-ba5a1b43225da4611cac429c52a52c81.png","GfkFFwKRmrx2ZYiaaQe69nlzScn3T7IA",11453257295,"https://media.birdweather.com/soundscapes/6891/6891-20260505-192313.flac",0,3,"birdnetpi"
7479904425,6891,"2026-05-05T21:23:01.000+02:00",1,0.999183833599091,9.93711612490049,"almost_certain","2p4",NA,51.5631,6.0019,FALSE,35,"Eurasian Blackbird","Turdus merula","#ff65df","avian","https://media.birdweather.com/species/35/EurasianBlackbird-standard-618b3a5132c7c359fb2a2884c39deb39.jpg","https://media.birdweather.com/species/35/EurasianBlackbird-thumbnail-276878929bed08167d1fd9bf34d63d40.jpg","https://media.birdweather.com/species/35/EurasianBlackbird-png200-ba5a1b43225da4611cac429c52a52c81.png","GfkFFwKRmrx2ZYiaaQe69nlzScn3T7IA",11453250558,"https://media.birdweather.com/soundscapes/6891/6891-20260505-192301.flac",0,3,"birdnetpi"
7479789529,6891,"2026-05-05T21:17:56.000+02:00",0.74,0.999183833599091,9.30101744176089,"almost_certain","2p4",NA,51.5636,6.0067,FALSE,35,"Eurasian Blackbird","Turdus merula","#ff65df","avian","https://media.birdweather.com/species/35/EurasianBlackbird-standard-618b3a5132c7c359fb2a2884c39deb39.jpg","https://media.birdweather.com/species/35/EurasianBlackbird-thumbnail-276878929bed08167d1fd9bf34d63d40.jpg","https://media.birdweather.com/species/35/EurasianBlackbird-png200-ba5a1b43225da4611cac429c52a52c81.png","GfkFFwKRmrx2ZYiaaQe69nlzScn3T7IA",11453112209,"https://media.birdweather.com/soundscapes/6891/6891-20260505-191756.flac",0,3,"birdnetpi"
7479705416,6891,"2026-05-05T21:14:28.000+02:00",0.76,0.999183833599091,9.36191635648293,"almost_certain","2p4",NA,51.5687,6.0083,FALSE,35,"Eurasian Blackbird","Turdus merula","#ff65df","avian","https://media.birdweather.com/species/35/EurasianBlackbird-standard-618b3a5132c7c359fb2a2884c39deb39.jpg","https://media.birdweather.com/species/35/EurasianBlackbird-thumbnail-276878929bed08167d1fd9bf34d63d40.jpg","https://media.birdweather.com/species/35/EurasianBlackbird-png200-ba5a1b43225da4611cac429c52a52c81.png","GfkFFwKRmrx2ZYiaaQe69nlzScn3T7IA",11453012198,"https://media.birdweather.com/soundscapes/6891/6891-20260505-191428.flac",0,3,"birdnetpi"
7479681057,6891,"2026-05-05T21:13:26.000+02:00",0.8,0.999183833599091,9.47614916072943,"almost_certain","2p4",NA,51.5629,6.0013,FALSE,35,"Eurasian Blackbird","Turdus merula","#ff65df","avian","https://media.birdweather.com/species/35/EurasianBlackbird-standard-618b3a5132c7c359fb2a2884c39deb39.jpg","https://media.birdweather.com/species/35/EurasianBlackbird-thumbnail-276878929bed08167d1fd9bf34d63d40.jpg","https://media.birdweather.com/species/35/EurasianBlackbird-png200-ba5a1b43225da4611cac429c52a52c81.png","GfkFFwKRmrx2ZYiaaQe69nlzScn3T7IA",11452983579,"https://media.birdweather.com/soundscapes/6891/6891-20260505-191326.flac",0,3,"birdnetpi"
7479626832,6891,"2026-05-05T21:11:05.000+02:00",0.93,0.999183833599091,9.79277221844927,"almost_certain","2p4",NA,51.5689,6.0008,FALSE,35,"Eurasian Blackbird","Turdus merula","#ff65df","avian","https://media.birdweather.com/species/35/EurasianBlackbird-standard-618b3a5132c7c359fb2a2884c39deb39.jpg","https://media.birdweather.com/species/35/EurasianBlackbird-thumbnail-276878929bed08167d1fd9bf34d63d40.jpg","https://media.birdweather.com/species/35/EurasianBlackbird-png200-ba5a1b43225da4611cac429c52a52c81.png","GfkFFwKRmrx2ZYiaaQe69nlzScn3T7IA",11452919297,"https://media.birdweather.com/soundscapes/6891/6891-20260505-191105.flac",0,3,"birdnetpi"
7479613603,6891,"2026-05-05T21:10:24.000+02:00",0.97,0.999183833599091,9.8771065318585,"almost_certain","2p4",NA,51.5645,6.0023,FALSE,35,"Eurasian Blackbird","Turdus merula","#ff65df","avian","https://media.birdweather.com/species/35/EurasianBlackbird-standard-618b3a5132c7c359fb2a2884c39deb39.jpg","https://media.birdweather.com/species/35/EurasianBlackbird-thumbnail-276878929bed08167d1fd9bf34d63d40.jpg","https://media.birdweather.com/species/35/EurasianBlackbird-png200-ba5a1b43225da4611cac429c52a52c81.png","GfkFFwKRmrx2ZYiaaQe69nlzScn3T7IA",11452903611,"https://media.birdweather.com/soundscapes/6891/6891-20260505-191024.flac",0,3,"birdnetpi"
7479606176,6891,"2026-05-05T21:10:06.000+02:00",0.96,0.999183833599091,9.85650463986908,"almost_certain","2p4",NA,51.5634,6.0071,FALSE,35,"Eurasian Blackbird","Turdus merula","#ff65df","avian","https://media.birdweather.com/species/35/EurasianBlackbird-standard-618b3a5132c7c359fb2a2884c39deb39.jpg","https://media.birdweather.com/species/35/EurasianBlackbird-thumbnail-276878929bed08167d1fd9bf34d63d40.jpg","https://media.birdweather.com/species/35/EurasianBlackbird-png200-ba5a1b43225da4611cac429c52a52c81.png","GfkFFwKRmrx2ZYiaaQe69nlzScn3T7IA",11452894803,"https://media.birdweather.com/soundscapes/6891/6891-20260505-191006.flac",0,3,"birdnetpi"
7479599774,6891,"2026-05-05T21:09:55.000+02:00",0.84,0.999183833599091,9.58158578708593,"almost_certain","2p4",NA,51.5686,6.0021,FALSE,35,"Eurasian Blackbird","Turdus merula","#ff65df","avian","https://media.birdweather.com/species/35/EurasianBlackbird-standard-618b3a5132c7c359fb2a2884c39deb39.jpg","https://media.birdweather.com/species/35/EurasianBlackbird-thumbnail-276878929bed08167d1fd9bf34d63d40.jpg","https://media.birdweather.com/species/35/EurasianBlackbird-png200-ba5a1b43225da4611cac429c52a52c81.png","GfkFFwKRmrx2ZYiaaQe69nlzScn3T7IA",11452887497,"https://media.birdweather.com/soundscapes/6891/6891-20260505-190955.flac",0,3,"birdnetpi"
7479592010,6891,"2026-05-05T21:09:31.000+02:00",0.87,0.999183833599091,9.65565788022621,"almost_certain","2p4",NA,51.5644,6.0005,FALSE,35,"Eurasian Blackbird","Turdus merula","#ff65df","avian","https://media.birdweather.com/species/35/EurasianBlackbird-standard-618b3a5132c7c359fb2a2884c39deb39.jpg","https://media.birdweather.com/species/35/EurasianBlackbird-thumbnail-276878929bed08167d1fd9bf34d63d40.jpg","https://media.birdweather.com/species/35/EurasianBlackbird-png200-ba5a1b43225da4611cac429c52a52c81.png","GfkFFwKRmrx2ZYiaaQe69nlzScn3T7IA",11452878162,"https://media.birdweather.com/soundscapes/6891/6891-20260505-190931.flac",0,3,"birdnetpi"
7479560198,6891,"2026-05-05T21:08:08.000+02:00",0.87,0.999183833599091,9.65565788022621,"almost_certain","2p4",NA,51.5655,6.0091,FALSE,35,"Eurasian Blackbird","Turdus merula","#ff65df","avian","https://media.birdweather.com/species/35/EurasianBlackbird-standard-618b3a5132c7c359fb2a2884c39deb39.jpg","https://media.birdweather.com/species/35/EurasianBlackbird-thumbnail-276878929bed08167d1fd9bf34d63d40.jpg","https://media.birdweather.com/species/35/EurasianBlackbird-png200-ba5a1b43225da4611cac429c52a52c81.png","GfkFFwKRmrx2ZYiaaQe69nlzScn3T7IA",11452841302,"https://media.birdweather.com/soundscapes/6891/6891-20260505-190808.flac",0,3,"birdnetpi"
7479551186,6891,"2026-05-05T21:07:51.000+02:00",0.98,0.999183833599091,9.89740319938414,"almost_certain","2p4",NA,51.5652,6.0094,FALSE,35,"Eurasian Blackbird","Turdus merula","#ff65df","avian","https://media.birdweather.com/species/35/EurasianBlackbird-standard-618b3a5132c7c359fb2a2884c39deb39.jpg","https://media.birdweather.com/species/35/EurasianBlackbird-thumbnail-276878929bed08167d1fd9bf34d63d40.jpg","https://media.birdweather.com/species/35/EurasianBlackbird-png200-ba5a1b43225da4611cac429c52a52c81.png","GfkFFwKRmrx2ZYiaaQe69nlzScn3T7IA",11452830593,"https://media.birdweather.com/soundscapes/6891/6891-20260505-190751.flac",0,3,"birdnetpi"
7479543845,6891,"2026-05-05T21:07:26.000+02:00",0.81,0.999183833599091,9.5032787601252,"almost_certain","2p4",NA,51.5652,6.0045,FALSE,35,"Eurasian Blackbird","Turdus merula","#ff65df","avian","https://media.birdweather.com/species/35/EurasianBlackbird-standard-618b3a5132c7c359fb2a2884c39deb39.jpg","https://media.birdweather.com/species/35/EurasianBlackbird-thumbnail-276878929bed08167d1fd9bf34d63d40.jpg","https://media.birdweather.com/species/35/EurasianBlackbird-png200-ba5a1b43225da4611cac429c52a52c81.png","GfkFFwKRmrx2ZYiaaQe69nlzScn3T7IA",11452821839,"https://media.birdweather.com/soundscapes/6891/6891-20260505-190726.flac",0,3,"birdnetpi"
7479523388,6891,"2026-05-05T21:06:38.000+02:00",0.89,0.999183833599091,9.70290394144371,"almost_certain","2p4",NA,51.5695,6.0032,FALSE,35,"Eurasian Blackbird","Turdus merula","#ff65df","avian","https://media.birdweather.com/species/35/EurasianBlackbird-standard-618b3a5132c7c359fb2a2884c39deb39.jpg","https://media.birdweather.com/species/35/EurasianBlackbird-thumbnail-276878929bed08167d1fd9bf34d63d40.jpg","https://media.birdweather.com/species/35/EurasianBlackbird-png200-ba5a1b43225da4611cac429c52a52c81.png","GfkFFwKRmrx2ZYiaaQe69nlzScn3T7IA",11452797739,"https://media.birdweather.com/soundscapes/6891/6891-20260505-190638.flac",0,3,"birdnetpi"
7479513941,6891,"2026-05-05T21:06:10.000+02:00",0.99,0.999183833599091,9.91740355459112,"almost_certain","2p4",NA,51.5671,6.0085,FALSE,35,"Eurasian Blackbird","Turdus merula","#ff65df","avian","https://media.birdweather.com/species/35/EurasianBlackbird-standard-618b3a5132c7c359fb2a2884c39deb39.jpg","https://media.birdweather.com/species/35/EurasianBlackbird-thumbnail-276878929bed08167d1fd9bf34d63d40.jpg","https://media.birdweather.com/species/35/EurasianBlackbird-png200-ba5a1b43225da4611cac429c52a52c81.png","GfkFFwKRmrx2ZYiaaQe69nlzScn3T7IA",11452786719,"https://media.birdweather.com/soundscapes/6891/6891-20260505-190610.flac",0,3,"birdnetpi"
7479500511,6891,"2026-05-05T21:05:39.000+02:00",0.98,0.999183833599091,9.89740319938414,"almost_certain","2p4",NA,51.5684,6.0047,FALSE,35,"Eurasian Blackbird","Turdus merula","#ff65df","avian","https://media.birdweather.com/species/35/EurasianBlackbird-standard-618b3a5132c7c359fb2a2884c39deb39.jpg","https://media.birdweather.com/species/35/EurasianBlackbird-thumbnail-276878929bed08167d1fd9bf34d63d40.jpg","https://media.birdweather.com/species/35/EurasianBlackbird-png200-ba5a1b43225da4611cac429c52a52c81.png","GfkFFwKRmrx2ZYiaaQe69nlzScn3T7IA",11452770903,"https://media.birdweather.com/soundscapes/6891/6891-20260505-190539.flac",0,3,"birdnetpi"
7479486003,6891,"2026-05-05T21:05:00.000+02:00",0.97,0.999183833599091,9.8771065318585,"almost_certain","2p4",NA,51.5704,6.0028,FALSE,35,"Eurasian Blackbird","Turdus merula","#ff65df","avian","https://media.birdweather.com/species/35/EurasianBlackbird-standard-618b3a5132c7c359fb2a2884c39deb39.jpg","https://media.birdweather.com/species/35/EurasianBlackbird-thumbnail-276878929bed08167d1fd9bf34d63d40.jpg","https://media.birdweather.com/species/35/EurasianBlackbird-png200-ba5a1b43225da4611cac429c52a52c81.png","GfkFFwKRmrx2ZYiaaQe69nlzScn3T7IA",11452753778,"https://media.birdweather.com/soundscapes/6891/6891-20260505-190500.flac",0,3,"birdnetpi"
7479475016,6891,"2026-05-05T21:04:32.000+02:00",1,0.999183833599091,9.93711612490049,"almost_certain","2p4",NA,51.5669,6.0005,FALSE,35,"Eurasian Blackbird","Turdus merula","#ff65df","avian","https://media.birdweather.com/species/35/EurasianBlackbird-standard-618b3a5132c7c359fb2a2884c39deb39.jpg","https://media.birdweather.com/species/35/EurasianBlackbird-thumbnail-276878929bed08167d1fd9bf34d63d40.jpg","https://media.birdweather.com/species/35/EurasianBlackbird-png200-ba5a1b43225da4611cac429c52a52c81.png","GfkFFwKRmrx2ZYiaaQe69nlzScn3T7IA",11452740865,"https://media.birdweather.com/soundscapes/6891/6891-20260505-190432.flac",0,3,"birdnetpi"
7479465611,6891,"2026-05-05T21:04:08.000+02:00",0.9,0.999183833599091,9.72592969353715,"almost_certain","2p4",NA,51.5651,6.0088,FALSE,35,"Eurasian Blackbird","Turdus merula","#ff65df","avian","https://media.birdweather.com/species/35/EurasianBlackbird-standard-618b3a5132c7c359fb2a2884c39deb39.jpg","https://media.birdweather.com/species/35/EurasianBlackbird-thumbnail-276878929bed08167d1fd9bf34d63d40.jpg","https://media.birdweather.com/species/35/EurasianBlackbird-png200-ba5a1b43225da4611cac429c52a52c81.png","GfkFFwKRmrx2ZYiaaQe69nlzScn3T7IA",11452729774,"https://media.birdweather.com/soundscapes/6891/6891-20260505-190408.flac",0,3,"birdnetpi"
7479459786,6891,"2026-05-05T21:04:01.000+02:00",1,0.999183833599091,9.93711612490049,"almost_certain","2p4",NA,51.5688,6.0038,FALSE,35,"Eurasian Blackbird","Turdus merula","#ff65df","avian","https://media.birdweather.com/species/35/EurasianBlackbird-standard-618b3a5132c7c359fb2a2884c39deb39.jpg","https://media.birdweather.com/species/35/EurasianBlackbird-thumbnail-276878929bed08167d1fd9bf34d63d40.jpg","https://media.birdweather.com/species/35/EurasianBlackbird-png200-ba5a1b43225da4611cac429c52a52c81.png","GfkFFwKRmrx2ZYiaaQe69nlzScn3T7IA",11452722887,"https://media.birdweather.com/soundscapes/6891/6891-20260505-190401.flac",0,3,"birdnetpi"
7479446885,6891,"2026-05-05T21:03:20.000+02:00",1,0.999183833599091,9.93711612490049,"almost_certain","2p4",NA,51.5622,6.0012,FALSE,35,"Eurasian Blackbird","Turdus merula","#ff65df","avian","https://media.birdweather.com/species/35/EurasianBlackbird-standard-618b3a5132c7c359fb2a2884c39deb39.jpg","https://media.birdweather.com/species/35/EurasianBlackbird-thumbnail-276878929bed08167d1fd9bf34d63d40.jpg","https://media.birdweather.com/species/35/EurasianBlackbird-png200-ba5a1b43225da4611cac429c52a52c81.png","GfkFFwKRmrx2ZYiaaQe69nlzScn3T7IA",11452708071,"https://media.birdweather.com/soundscapes/6891/6891-20260505-190320.flac",0,3,"birdnetpi"
7479436771,6891,"2026-05-05T21:03:02.000+02:00",1,0.999183833599091,9.93711612490049,"almost_certain","2p4",NA,51.5634,6.0083,FALSE,35,"Eurasian Blackbird","Turdus merula","#ff65df","avian","https://media.birdweather.com/species/35/EurasianBlackbird-standard-618b3a5132c7c359fb2a2884c39deb39.jpg","https://media.birdweather.com/species/35/EurasianBlackbird-thumbnail-276878929bed08167d1fd9bf34d63d40.jpg","https://media.birdweather.com/species/35/EurasianBlackbird-png200-ba5a1b43225da4611cac429c52a52c81.png","GfkFFwKRmrx2ZYiaaQe69nlzScn3T7IA",11452696030,"https://media.birdweather.com/soundscapes/6891/6891-20260505-190302.flac",0,3,"birdnetpi"
7479426881,6891,"2026-05-05T21:02:29.000+02:00",1,0.999183833599091,9.93711612490049,"almost_certain","2p4",NA,51.5697,6.0081,FALSE,35,"Eurasian Blackbird","Turdus merula","#ff65df","avian","https://media.birdweather.com/species/35/EurasianBlackbird-standard-618b3a5132c7c359fb2a2884c39deb39.jpg","https://media.birdweather.com/species/35/EurasianBlackbird-thumbnail-276878929bed08167d1fd9bf34d63d40.jpg","https://media.birdweather.com/species/35/EurasianBlackbird-png200-ba5a1b43225da4611cac429c52a52c81.png","GfkFFwKRmrx2ZYiaaQe69nlzScn3T7IA",11452684475,"https://media.birdweather.com/soundscapes/6891/6891-20260505-190229.flac",0,3,"birdnetpi"
7479417176,6891,"2026-05-05T21:02:11.000+02:00",1,0.999183833599091,9.93711612490049,"almost_certain","2p4",NA,51.5688,6.004,FALSE,35,"Eurasian Blackbird","Turdus merula","#ff65df","avian","https://media.birdweather.com/species/35/EurasianBlackbird-standard-618b3a5132c7c359fb2a2884c39deb39.jpg","https://media.birdweather.com/species/35/EurasianBlackbird-thumbnail-276878929bed08167d1fd9bf34d63d40.jpg","https://media.birdweather.com/species/35/EurasianBlackbird-png200-ba5a1b43225da4611cac429c52a52c81.png","GfkFFwKRmrx2ZYiaaQe69nlzScn3T7IA",11452673334,"https://media.birdweather.com/soundscapes/6891/6891-20260505-190211.flac",0,3,"birdnetpi"
7479406794,6891,"2026-05-05T21:01:41.000+02:00",1,0.999183833599091,9.93711612490049,"almost_certain","2p4",NA,51.5648,6.0057,FALSE,35,"Eurasian Blackbird","Turdus merula","#ff65df","avian","https://media.birdweather.com/species/35/EurasianBlackbird-standard-618b3a5132c7c359fb2a2884c39deb39.jpg","https://media.birdweather.com/species/35/EurasianBlackbird-thumbnail-276878929bed08167d1fd9bf34d63d40.jpg","https://media.birdweather.com/species/35/EurasianBlackbird-png200-ba5a1b43225da4611cac429c52a52c81.png","GfkFFwKRmrx2ZYiaaQe69nlzScn3T7IA",11452661806,"https://media.birdweather.com/soundscapes/6891/6891-20260505-190141.flac",0,3,"birdnetpi"
7479398185,6891,"2026-05-05T21:01:25.000+02:00",1,0.999183833599091,9.93711612490049,"almost_certain","2p4",NA,51.5638,6.0019,FALSE,35,"Eurasian Blackbird","Turdus merula","#ff65df","avian","https://media.birdweather.com/species/35/EurasianBlackbird-standard-618b3a5132c7c359fb2a2884c39deb39.jpg","https://media.birdweather.com/species/35/EurasianBlackbird-thumbnail-276878929bed08167d1fd9bf34d63d40.jpg","https://media.birdweather.com/species/35/EurasianBlackbird-png200-ba5a1b43225da4611cac429c52a52c81.png","GfkFFwKRmrx2ZYiaaQe69nlzScn3T7IA",11452651607,"https://media.birdweather.com/soundscapes/6891/6891-20260505-190125.flac",0,3,"birdnetpi"
7479388706,6891,"2026-05-05T21:01:03.000+02:00",1,0.999183833599091,9.93711612490049,"almost_certain","2p4",NA,51.562,6.0013,FALSE,35,"Eurasian Blackbird","Turdus merula","#ff65df","avian","https://media.birdweather.com/species/35/EurasianBlackbird-standard-618b3a5132c7c359fb2a2884c39deb39.jpg","https://media.birdweather.com/species/35/EurasianBlackbird-thumbnail-276878929bed08167d1fd9bf34d63d40.jpg","https://media.birdweather.com/species/35/EurasianBlackbird-png200-ba5a1b43225da4611cac429c52a52c81.png","GfkFFwKRmrx2ZYiaaQe69nlzScn3T7IA",11452640551,"https://media.birdweather.com/soundscapes/6891/6891-20260505-190103.flac",0,3,"birdnetpi"
7479379859,6891,"2026-05-05T21:00:33.000+02:00",1,0.999183833599091,9.93711612490049,"almost_certain","2p4",NA,51.5636,6.0056,FALSE,35,"Eurasian Blackbird","Turdus merula","#ff65df","avian","https://media.birdweather.com/species/35/EurasianBlackbird-standard-618b3a5132c7c359fb2a2884c39deb39.jpg","https://media.birdweather.com/species/35/EurasianBlackbird-thumbnail-276878929bed08167d1fd9bf34d63d40.jpg","https://media.birdweather.com/species/35/EurasianBlackbird-png200-ba5a1b43225da4611cac429c52a52c81.png","GfkFFwKRmrx2ZYiaaQe69nlzScn3T7IA",11452629945,"https://media.birdweather.com/soundscapes/6891/6891-20260505-190033.flac",0,3,"birdnetpi"
7479370298,6891,"2026-05-05T21:00:09.000+02:00",1,0.999183833599091,9.93711612490049,"almost_certain","2p4",NA,51.5643,6.0074,FALSE,35,"Eurasian Blackbird","Turdus merula","#ff65df","avian","https://media.birdweather.com/species/35/EurasianBlackbird-standard-618b3a5132c7c359fb2a2884c39deb39.jpg","https://media.birdweather.com/species/35/EurasianBlackbird-thumbnail-276878929bed08167d1fd9bf34d63d40.jpg","https://media.birdweather.com/species/35/EurasianBlackbird-png200-ba5a1b43225da4611cac429c52a52c81.png","GfkFFwKRmrx2ZYiaaQe69nlzScn3T7IA",11452618756,"https://media.birdweather.com/soundscapes/6891/6891-20260505-190009.flac",0,3,"birdnetpi"
7479360760,6891,"2026-05-05T20:59:49.000+02:00",1,0.999183833599091,9.93711612490049,"almost_certain","2p4",NA,51.5615,6.0005,FALSE,35,"Eurasian Blackbird","Turdus merula","#ff65df","avian","https://media.birdweather.com/species/35/EurasianBlackbird-standard-618b3a5132c7c359fb2a2884c39deb39.jpg","https://media.birdweather.com/species/35/EurasianBlackbird-thumbnail-276878929bed08167d1fd9bf34d63d40.jpg","https://media.birdweather.com/species/35/EurasianBlackbird-png200-ba5a1b43225da4611cac429c52a52c81.png","GfkFFwKRmrx2ZYiaaQe69nlzScn3T7IA",11452607658,"https://media.birdweather.com/soundscapes/6891/6891-20260505-185949.flac",0,3,"birdnetpi"
7479351689,6891,"2026-05-05T20:59:23.000+02:00",1,0.999183833599091,9.93711612490049,"almost_certain","2p4",NA,51.5653,6.0043,FALSE,35,"Eurasian Blackbird","Turdus merula","#ff65df","avian","https://media.birdweather.com/species/35/EurasianBlackbird-standard-618b3a5132c7c359fb2a2884c39deb39.jpg","https://media.birdweather.com/species/35/EurasianBlackbird-thumbnail-276878929bed08167d1fd9bf34d63d40.jpg","https://media.birdweather.com/species/35/EurasianBlackbird-png200-ba5a1b43225da4611cac429c52a52c81.png","GfkFFwKRmrx2ZYiaaQe69nlzScn3T7IA",11452597024,"https://media.birdweather.com/soundscapes/6891/6891-20260505-185923.flac",0,3,"birdnetpi"
7479341666,6891,"2026-05-05T20:58:58.000+02:00",0.99,0.999183833599091,9.91740355459112,"almost_certain","2p4",NA,51.5623,6.0073,FALSE,35,"Eurasian Blackbird","Turdus merula","#ff65df","avian","https://media.birdweather.com/species/35/EurasianBlackbird-standard-618b3a5132c7c359fb2a2884c39deb39.jpg","https://media.birdweather.com/species/35/EurasianBlackbird-thumbnail-276878929bed08167d1fd9bf34d63d40.jpg","https://media.birdweather.com/species/35/EurasianBlackbird-png200-ba5a1b43225da4611cac429c52a52c81.png","GfkFFwKRmrx2ZYiaaQe69nlzScn3T7IA",11452585589,"https://media.birdweather.com/soundscapes/6891/6891-20260505-185858.flac",0,3,"birdnetpi"
7479317814,6891,"2026-05-05T20:57:56.000+02:00",0.98,0.672991514205933,9.36253497487563,"almost_certain","2p4",NA,51.5665,6.0083,FALSE,44,"Dunnock","Prunella modularis","#fea614","avian","https://media.birdweather.com/species/44/Dunnock-standard-a705d7131240cedd1c407b5a19989591.jpg","https://media.birdweather.com/species/44/Dunnock-thumbnail-1036624855b82c96db4ad23d1ed9d702.jpg","https://media.birdweather.com/species/44/Dunnock-png200-951bb2cdb9ec585716907d8eac83882e.png","lQgGDwB9pneQhHlwWjeK2ZK6d/kdFaUA",11452558138,"https://media.birdweather.com/soundscapes/6891/6891-20260505-185756.flac",0,3,"birdnetpi"
7479301113,6891,"2026-05-05T20:57:15.000+02:00",0.73,0.999183833599091,9.26952180179305,"almost_certain","2p4",NA,51.5632,6.0082,FALSE,35,"Eurasian Blackbird","Turdus merula","#ff65df","avian","https://media.birdweather.com/species/35/EurasianBlackbird-standard-618b3a5132c7c359fb2a2884c39deb39.jpg","https://media.birdweather.com/species/35/EurasianBlackbird-thumbnail-276878929bed08167d1fd9bf34d63d40.jpg","https://media.birdweather.com/species/35/EurasianBlackbird-png200-ba5a1b43225da4611cac429c52a52c81.png","GfkFFwKRmrx2ZYiaaQe69nlzScn3T7IA",11452539058,"https://media.birdweather.com/soundscapes/6891/6891-20260505-185715.flac",0,3,"birdnetpi"
7479269409,6891,"2026-05-05T20:55:55.000+02:00",0.77,0.999183833599091,9.39137985763565,"almost_certain","2p4",NA,51.5704,6.0021,FALSE,35,"Eurasian Blackbird","Turdus merula","#ff65df","avian","https://media.birdweather.com/species/35/EurasianBlackbird-standard-618b3a5132c7c359fb2a2884c39deb39.jpg","https://media.birdweather.com/species/35/EurasianBlackbird-thumbnail-276878929bed08167d1fd9bf34d63d40.jpg","https://media.birdweather.com/species/35/EurasianBlackbird-png200-ba5a1b43225da4611cac429c52a52c81.png","GfkFFwKRmrx2ZYiaaQe69nlzScn3T7IA",11452502025,"https://media.birdweather.com/soundscapes/6891/6891-20260505-185555.flac",0,3,"birdnetpi"
7479262315,6891,"2026-05-05T20:55:39.000+02:00",0.99,0.672991514205933,9.38253533008261,"almost_certain","2p4",NA,51.5697,6.0055,FALSE,44,"Dunnock","Prunella modularis","#fea614","avian","https://media.birdweather.com/species/44/Dunnock-standard-a705d7131240cedd1c407b5a19989591.jpg","https://media.birdweather.com/species/44/Dunnock-thumbnail-1036624855b82c96db4ad23d1ed9d702.jpg","https://media.birdweather.com/species/44/Dunnock-png200-951bb2cdb9ec585716907d8eac83882e.png","lQgGDwB9pneQhHlwWjeK2ZK6d/kdFaUA",11452493659,"https://media.birdweather.com/soundscapes/6891/6891-20260505-185539.flac",0,3,"birdnetpi"
7479261166,6891,"2026-05-05T20:55:36.000+02:00",0.93,0.999183833599091,9.79277221844927,"almost_certain","2p4",NA,51.5694,6.0092,FALSE,35,"Eurasian Blackbird","Turdus merula","#ff65df","avian","https://media.birdweather.com/species/35/EurasianBlackbird-standard-618b3a5132c7c359fb2a2884c39deb39.jpg","https://media.birdweather.com/species/35/EurasianBlackbird-thumbnail-276878929bed08167d1fd9bf34d63d40.jpg","https://media.birdweather.com/species/35/EurasianBlackbird-png200-ba5a1b43225da4611cac429c52a52c81.png","GfkFFwKRmrx2ZYiaaQe69nlzScn3T7IA",11452492273,"https://media.birdweather.com/soundscapes/6891/6891-20260505-185536.flac",0,3,"birdnetpi"
7479244557,6891,"2026-05-05T20:54:52.000+02:00",0.99,0.999183833599091,9.91740355459112,"almost_certain","2p4",NA,51.5651,6.0013,FALSE,35,"Eurasian Blackbird","Turdus merula","#ff65df","avian","https://media.birdweather.com/species/35/EurasianBlackbird-standard-618b3a5132c7c359fb2a2884c39deb39.jpg","https://media.birdweather.com/species/35/EurasianBlackbird-thumbnail-276878929bed08167d1fd9bf34d63d40.jpg","https://media.birdweather.com/species/35/EurasianBlackbird-png200-ba5a1b43225da4611cac429c52a52c81.png","GfkFFwKRmrx2ZYiaaQe69nlzScn3T7IA",11452472835,"https://media.birdweather.com/soundscapes/6891/6891-20260505-185452.flac",0,3,"birdnetpi"
7479243357,6891,"2026-05-05T20:54:49.000+02:00",0.84,0.824159979820251,9.3206391589733,"almost_certain","2p4",NA,51.5617,6.0071,FALSE,5,"Eurasian Wren","Troglodytes troglodytes","#871aa2","avian","https://media.birdweather.com/species/5/EurasianWren-standard-9c09f98281df1112cec97e5b2520b7ac.jpg","https://media.birdweather.com/species/5/EurasianWren-thumbnail-7ee2ceda5807a63f70243cd666e8e3c8.jpg","https://media.birdweather.com/species/5/EurasianWren-png200-a33056cab50c84c6025cfd25b6f18c19.png","JwgGDwDcVHlfhXmJhXiXWJiJaEAXA5IC",11452471492,"https://media.birdweather.com/soundscapes/6891/6891-20260505-185449.flac",0,3,"birdnetpi"
7479237455,6891,"2026-05-05T20:54:35.000+02:00",0.96,0.824159979820251,9.59555801175645,"almost_certain","2p4",NA,51.5681,6.0093,FALSE,5,"Eurasian Wren","Troglodytes troglodytes","#871aa2","avian","https://media.birdweather.com/species/5/EurasianWren-standard-9c09f98281df1112cec97e5b2520b7ac.jpg","https://media.birdweather.com/species/5/EurasianWren-thumbnail-7ee2ceda5807a63f70243cd666e8e3c8.jpg","https://media.birdweather.com/species/5/EurasianWren-png200-a33056cab50c84c6025cfd25b6f18c19.png","JwgGDwDcVHlfhXmJhXiXWJiJaEAXA5IC",11452464601,"https://media.birdweather.com/soundscapes/6891/6891-20260505-185435.flac",0,3,"birdnetpi"
7479221402,6891,"2026-05-05T20:53:56.000+02:00",0.98,0.672991514205933,9.36253497487563,"almost_certain","2p4",NA,51.5619,6.004,FALSE,44,"Dunnock","Prunella modularis","#fea614","avian","https://media.birdweather.com/species/44/Dunnock-standard-a705d7131240cedd1c407b5a19989591.jpg","https://media.birdweather.com/species/44/Dunnock-thumbnail-1036624855b82c96db4ad23d1ed9d702.jpg","https://media.birdweather.com/species/44/Dunnock-png200-951bb2cdb9ec585716907d8eac83882e.png","lQgGDwB9pneQhHlwWjeK2ZK6d/kdFaUA",11452446028,"https://media.birdweather.com/soundscapes/6891/6891-20260505-185356.flac",0,3,"birdnetpi"
7479181508,6891,"2026-05-05T20:52:18.000+02:00",0.79,0.999183833599091,9.44847145170443,"almost_certain","2p4",NA,51.5701,6.009,FALSE,35,"Eurasian Blackbird","Turdus merula","#ff65df","avian","https://media.birdweather.com/species/35/EurasianBlackbird-standard-618b3a5132c7c359fb2a2884c39deb39.jpg","https://media.birdweather.com/species/35/EurasianBlackbird-thumbnail-276878929bed08167d1fd9bf34d63d40.jpg","https://media.birdweather.com/species/35/EurasianBlackbird-png200-ba5a1b43225da4611cac429c52a52c81.png","GfkFFwKRmrx2ZYiaaQe69nlzScn3T7IA",11452400652,"https://media.birdweather.com/soundscapes/6891/6891-20260505-185218.flac",0,3,"birdnetpi"
7479173755,6891,"2026-05-05T20:51:59.000+02:00",1,0.672991514205933,9.40224790039199,"almost_certain","2p4",NA,51.5616,6.0012,FALSE,44,"Dunnock","Prunella modularis","#fea614","avian","https://media.birdweather.com/species/44/Dunnock-standard-a705d7131240cedd1c407b5a19989591.jpg","https://media.birdweather.com/species/44/Dunnock-thumbnail-1036624855b82c96db4ad23d1ed9d702.jpg","https://media.birdweather.com/species/44/Dunnock-png200-951bb2cdb9ec585716907d8eac83882e.png","lQgGDwB9pneQhHlwWjeK2ZK6d/kdFaUA",11452391814,"https://media.birdweather.com/soundscapes/6891/6891-20260505-185159.flac",0,3,"birdnetpi"
7479154169,6891,"2026-05-05T20:51:15.000+02:00",0.9,0.999183833599091,9.72592969353715,"almost_certain","2p4",NA,51.5631,6.0058,FALSE,35,"Eurasian Blackbird","Turdus merula","#ff65df","avian","https://media.birdweather.com/species/35/EurasianBlackbird-standard-618b3a5132c7c359fb2a2884c39deb39.jpg","https://media.birdweather.com/species/35/EurasianBlackbird-thumbnail-276878929bed08167d1fd9bf34d63d40.jpg","https://media.birdweather.com/species/35/EurasianBlackbird-png200-ba5a1b43225da4611cac429c52a52c81.png","GfkFFwKRmrx2ZYiaaQe69nlzScn3T7IA",11452369073,"https://media.birdweather.com/soundscapes/6891/6891-20260505-185115.flac",0,3,"birdnetpi"
7479137091,6891,"2026-05-05T20:50:28.000+02:00",0.78,0.999183833599091,9.42022302823668,"almost_certain","2p4",NA,51.5661,6.0066,FALSE,35,"Eurasian Blackbird","Turdus merula","#ff65df","avian","https://media.birdweather.com/species/35/EurasianBlackbird-standard-618b3a5132c7c359fb2a2884c39deb39.jpg","https://media.birdweather.com/species/35/EurasianBlackbird-thumbnail-276878929bed08167d1fd9bf34d63d40.jpg","https://media.birdweather.com/species/35/EurasianBlackbird-png200-ba5a1b43225da4611cac429c52a52c81.png","GfkFFwKRmrx2ZYiaaQe69nlzScn3T7IA",11452349271,"https://media.birdweather.com/soundscapes/6891/6891-20260505-185028.flac",0,3,"birdnetpi"
7479113929,6891,"2026-05-05T20:49:29.000+02:00",0.82,0.999183833599091,9.52988153774943,"almost_certain","2p4",NA,51.563,6.0054,FALSE,35,"Eurasian Blackbird","Turdus merula","#ff65df","avian","https://media.birdweather.com/species/35/EurasianBlackbird-standard-618b3a5132c7c359fb2a2884c39deb39.jpg","https://media.birdweather.com/species/35/EurasianBlackbird-thumbnail-276878929bed08167d1fd9bf34d63d40.jpg","https://media.birdweather.com/species/35/EurasianBlackbird-png200-ba5a1b43225da4611cac429c52a52c81.png","GfkFFwKRmrx2ZYiaaQe69nlzScn3T7IA",11452322821,"https://media.birdweather.com/soundscapes/6891/6891-20260505-184929.flac",0,3,"birdnetpi"
7479108433,6891,"2026-05-05T20:49:16.000+02:00",0.98,0.672991514205933,9.36253497487563,"almost_certain","2p4",NA,51.5635,6.0035,FALSE,44,"Dunnock","Prunella modularis","#fea614","avian","https://media.birdweather.com/species/44/Dunnock-standard-a705d7131240cedd1c407b5a19989591.jpg","https://media.birdweather.com/species/44/Dunnock-thumbnail-1036624855b82c96db4ad23d1ed9d702.jpg","https://media.birdweather.com/species/44/Dunnock-png200-951bb2cdb9ec585716907d8eac83882e.png","lQgGDwB9pneQhHlwWjeK2ZK6d/kdFaUA",11452316415,"https://media.birdweather.com/soundscapes/6891/6891-20260505-184916.flac",0,3,"birdnetpi"
7479097806,6891,"2026-05-05T20:48:53.000+02:00",0.74,0.999183833599091,9.30101744176089,"almost_certain","2p4",NA,51.5694,6.0057,FALSE,35,"Eurasian Blackbird","Turdus merula","#ff65df","avian","https://media.birdweather.com/species/35/EurasianBlackbird-standard-618b3a5132c7c359fb2a2884c39deb39.jpg","https://media.birdweather.com/species/35/EurasianBlackbird-thumbnail-276878929bed08167d1fd9bf34d63d40.jpg","https://media.birdweather.com/species/35/EurasianBlackbird-png200-ba5a1b43225da4611cac429c52a52c81.png","GfkFFwKRmrx2ZYiaaQe69nlzScn3T7IA",11452304332,"https://media.birdweather.com/soundscapes/6891/6891-20260505-184853.flac",0,3,"birdnetpi"
7479080144,6891,"2026-05-05T20:48:05.000+02:00",0.9,0.999183833599091,9.72592969353715,"almost_certain","2p4",NA,51.5699,6.0072,FALSE,35,"Eurasian Blackbird","Turdus merula","#ff65df","avian","https://media.birdweather.com/species/35/EurasianBlackbird-standard-618b3a5132c7c359fb2a2884c39deb39.jpg","https://media.birdweather.com/species/35/EurasianBlackbird-thumbnail-276878929bed08167d1fd9bf34d63d40.jpg","https://media.birdweather.com/species/35/EurasianBlackbird-png200-ba5a1b43225da4611cac429c52a52c81.png","GfkFFwKRmrx2ZYiaaQe69nlzScn3T7IA",11452283528,"https://media.birdweather.com/soundscapes/6891/6891-20260505-184805.flac",0,3,"birdnetpi"
7479068476,6891,"2026-05-05T20:47:36.000+02:00",0.86,0.999183833599091,9.63140945960003,"almost_certain","2p4",NA,51.5698,6.0014,FALSE,35,"Eurasian Blackbird","Turdus merula","#ff65df","avian","https://media.birdweather.com/species/35/EurasianBlackbird-standard-618b3a5132c7c359fb2a2884c39deb39.jpg","https://media.birdweather.com/species/35/EurasianBlackbird-thumbnail-276878929bed08167d1fd9bf34d63d40.jpg","https://media.birdweather.com/species/35/EurasianBlackbird-png200-ba5a1b43225da4611cac429c52a52c81.png","GfkFFwKRmrx2ZYiaaQe69nlzScn3T7IA",11452269591,"https://media.birdweather.com/soundscapes/6891/6891-20260505-184736.flac",0,3,"birdnetpi"
7479036420,6891,"2026-05-05T20:46:21.000+02:00",0.84,0.999183833599091,9.58158578708593,"almost_certain","2p4",NA,51.5687,6.003,FALSE,35,"Eurasian Blackbird","Turdus merula","#ff65df","avian","https://media.birdweather.com/species/35/EurasianBlackbird-standard-618b3a5132c7c359fb2a2884c39deb39.jpg","https://media.birdweather.com/species/35/EurasianBlackbird-thumbnail-276878929bed08167d1fd9bf34d63d40.jpg","https://media.birdweather.com/species/35/EurasianBlackbird-png200-ba5a1b43225da4611cac429c52a52c81.png","GfkFFwKRmrx2ZYiaaQe69nlzScn3T7IA",11452232638,"https://media.birdweather.com/soundscapes/6891/6891-20260505-184621.flac",0,3,"birdnetpi"
7479000452,6891,"2026-05-05T20:44:49.000+02:00",0.98,0.999183833599091,9.89740319938414,"almost_certain","2p4",NA,51.5694,6.0024,FALSE,35,"Eurasian Blackbird","Turdus merula","#ff65df","avian","https://media.birdweather.com/species/35/EurasianBlackbird-standard-618b3a5132c7c359fb2a2884c39deb39.jpg","https://media.birdweather.com/species/35/EurasianBlackbird-thumbnail-276878929bed08167d1fd9bf34d63d40.jpg","https://media.birdweather.com/species/35/EurasianBlackbird-png200-ba5a1b43225da4611cac429c52a52c81.png","GfkFFwKRmrx2ZYiaaQe69nlzScn3T7IA",11452190914,"https://media.birdweather.com/soundscapes/6891/6891-20260505-184449.flac",0,3,"birdnetpi"
7478990677,6891,"2026-05-05T20:44:29.000+02:00",0.99,0.999183833599091,9.91740355459112,"almost_certain","2p4",NA,51.5622,6.0051,FALSE,35,"Eurasian Blackbird","Turdus merula","#ff65df","avian","https://media.birdweather.com/species/35/EurasianBlackbird-standard-618b3a5132c7c359fb2a2884c39deb39.jpg","https://media.birdweather.com/species/35/EurasianBlackbird-thumbnail-276878929bed08167d1fd9bf34d63d40.jpg","https://media.birdweather.com/species/35/EurasianBlackbird-png200-ba5a1b43225da4611cac429c52a52c81.png","GfkFFwKRmrx2ZYiaaQe69nlzScn3T7IA",11452179778,"https://media.birdweather.com/soundscapes/6891/6891-20260505-184429.flac",0,3,"birdnetpi"
7478980625,6891,"2026-05-05T20:44:02.000+02:00",0.95,0.999183833599091,9.8355882030499,"almost_certain","2p4",NA,51.5646,6.0037,FALSE,35,"Eurasian Blackbird","Turdus merula","#ff65df","avian","https://media.birdweather.com/species/35/EurasianBlackbird-standard-618b3a5132c7c359fb2a2884c39deb39.jpg","https://media.birdweather.com/species/35/EurasianBlackbird-thumbnail-276878929bed08167d1fd9bf34d63d40.jpg","https://media.birdweather.com/species/35/EurasianBlackbird-png200-ba5a1b43225da4611cac429c52a52c81.png","GfkFFwKRmrx2ZYiaaQe69nlzScn3T7IA",11452168202,"https://media.birdweather.com/soundscapes/6891/6891-20260505-184402.flac",0,3,"birdnetpi"
7478970769,6891,"2026-05-05T20:43:35.000+02:00",0.9,0.999183833599091,9.72592969353715,"almost_certain","2p4",NA,51.5684,6.0079,FALSE,35,"Eurasian Blackbird","Turdus merula","#ff65df","avian","https://media.birdweather.com/species/35/EurasianBlackbird-standard-618b3a5132c7c359fb2a2884c39deb39.jpg","https://media.birdweather.com/species/35/EurasianBlackbird-thumbnail-276878929bed08167d1fd9bf34d63d40.jpg","https://media.birdweather.com/species/35/EurasianBlackbird-png200-ba5a1b43225da4611cac429c52a52c81.png","GfkFFwKRmrx2ZYiaaQe69nlzScn3T7IA",11452156818,"https://media.birdweather.com/soundscapes/6891/6891-20260505-184335.flac",0,3,"birdnetpi"
7478963927,6891,"2026-05-05T20:43:12.000+02:00",0.97,0.999183833599091,9.8771065318585,"almost_certain","2p4",NA,51.5689,6.0011,FALSE,35,"Eurasian Blackbird","Turdus merula","#ff65df","avian","https://media.birdweather.com/species/35/EurasianBlackbird-standard-618b3a5132c7c359fb2a2884c39deb39.jpg","https://media.birdweather.com/species/35/EurasianBlackbird-thumbnail-276878929bed08167d1fd9bf34d63d40.jpg","https://media.birdweather.com/species/35/EurasianBlackbird-png200-ba5a1b43225da4611cac429c52a52c81.png","GfkFFwKRmrx2ZYiaaQe69nlzScn3T7IA",11452149144,"https://media.birdweather.com/soundscapes/6891/6891-20260505-184312.flac",0,3,"birdnetpi"
7478952999,6891,"2026-05-05T20:42:45.000+02:00",0.98,0.999183833599091,9.89740319938414,"almost_certain","2p4",NA,51.5643,6.0034,FALSE,35,"Eurasian Blackbird","Turdus merula","#ff65df","avian","https://media.birdweather.com/species/35/EurasianBlackbird-standard-618b3a5132c7c359fb2a2884c39deb39.jpg","https://media.birdweather.com/species/35/EurasianBlackbird-thumbnail-276878929bed08167d1fd9bf34d63d40.jpg","https://media.birdweather.com/species/35/EurasianBlackbird-png200-ba5a1b43225da4611cac429c52a52c81.png","GfkFFwKRmrx2ZYiaaQe69nlzScn3T7IA",11452136905,"https://media.birdweather.com/soundscapes/6891/6891-20260505-184245.flac",0,3,"birdnetpi"
7478943147,6891,"2026-05-05T20:42:28.000+02:00",0.96,0.999183833599091,9.85650463986908,"almost_certain","2p4",NA,51.5654,6.0019,FALSE,35,"Eurasian Blackbird","Turdus merula","#ff65df","avian","https://media.birdweather.com/species/35/EurasianBlackbird-standard-618b3a5132c7c359fb2a2884c39deb39.jpg","https://media.birdweather.com/species/35/EurasianBlackbird-thumbnail-276878929bed08167d1fd9bf34d63d40.jpg","https://media.birdweather.com/species/35/EurasianBlackbird-png200-ba5a1b43225da4611cac429c52a52c81.png","GfkFFwKRmrx2ZYiaaQe69nlzScn3T7IA",11452125855,"https://media.birdweather.com/soundscapes/6891/6891-20260505-184228.flac",0,3,"birdnetpi"
7478933620,6891,"2026-05-05T20:41:58.000+02:00",0.97,0.999183833599091,9.8771065318585,"almost_certain","2p4",NA,51.5639,6.005,FALSE,35,"Eurasian Blackbird","Turdus merula","#ff65df","avian","https://media.birdweather.com/species/35/EurasianBlackbird-standard-618b3a5132c7c359fb2a2884c39deb39.jpg","https://media.birdweather.com/species/35/EurasianBlackbird-thumbnail-276878929bed08167d1fd9bf34d63d40.jpg","https://media.birdweather.com/species/35/EurasianBlackbird-png200-ba5a1b43225da4611cac429c52a52c81.png","GfkFFwKRmrx2ZYiaaQe69nlzScn3T7IA",11452115196,"https://media.birdweather.com/soundscapes/6891/6891-20260505-184158.flac",0,3,"birdnetpi"
7478927117,6891,"2026-05-05T20:41:43.000+02:00",0.99,0.999183833599091,9.91740355459112,"almost_certain","2p4",NA,51.5622,6.0038,FALSE,35,"Eurasian Blackbird","Turdus merula","#ff65df","avian","https://media.birdweather.com/species/35/EurasianBlackbird-standard-618b3a5132c7c359fb2a2884c39deb39.jpg","https://media.birdweather.com/species/35/EurasianBlackbird-thumbnail-276878929bed08167d1fd9bf34d63d40.jpg","https://media.birdweather.com/species/35/EurasianBlackbird-png200-ba5a1b43225da4611cac429c52a52c81.png","GfkFFwKRmrx2ZYiaaQe69nlzScn3T7IA",11452107757,"https://media.birdweather.com/soundscapes/6891/6891-20260505-184143.flac",0,3,"birdnetpi"
7478906868,6891,"2026-05-05T20:41:01.000+02:00",0.97,0.999183833599091,9.8771065318585,"almost_certain","2p4",NA,51.5646,6.0031,FALSE,35,"Eurasian Blackbird","Turdus merula","#ff65df","avian","https://media.birdweather.com/species/35/EurasianBlackbird-standard-618b3a5132c7c359fb2a2884c39deb39.jpg","https://media.birdweather.com/species/35/EurasianBlackbird-thumbnail-276878929bed08167d1fd9bf34d63d40.jpg","https://media.birdweather.com/species/35/EurasianBlackbird-png200-ba5a1b43225da4611cac429c52a52c81.png","GfkFFwKRmrx2ZYiaaQe69nlzScn3T7IA",11452084985,"https://media.birdweather.com/soundscapes/6891/6891-20260505-184101.flac",0,3,"birdnetpi"
7478896673,6891,"2026-05-05T20:40:34.000+02:00",0.96,0.999183833599091,9.85650463986908,"almost_certain","2p4",NA,51.5638,6.0052,FALSE,35,"Eurasian Blackbird","Turdus merula","#ff65df","avian","https://media.birdweather.com/species/35/EurasianBlackbird-standard-618b3a5132c7c359fb2a2884c39deb39.jpg","https://media.birdweather.com/species/35/EurasianBlackbird-thumbnail-276878929bed08167d1fd9bf34d63d40.jpg","https://media.birdweather.com/species/35/EurasianBlackbird-png200-ba5a1b43225da4611cac429c52a52c81.png","GfkFFwKRmrx2ZYiaaQe69nlzScn3T7IA",11452073297,"https://media.birdweather.com/soundscapes/6891/6891-20260505-184034.flac",0,3,"birdnetpi"
7478886825,6891,"2026-05-05T20:40:14.000+02:00",0.99,0.999183833599091,9.91740355459112,"almost_certain","2p4",NA,51.5676,6.0028,FALSE,35,"Eurasian Blackbird","Turdus merula","#ff65df","avian","https://media.birdweather.com/species/35/EurasianBlackbird-standard-618b3a5132c7c359fb2a2884c39deb39.jpg","https://media.birdweather.com/species/35/EurasianBlackbird-thumbnail-276878929bed08167d1fd9bf34d63d40.jpg","https://media.birdweather.com/species/35/EurasianBlackbird-png200-ba5a1b43225da4611cac429c52a52c81.png","GfkFFwKRmrx2ZYiaaQe69nlzScn3T7IA",11452062144,"https://media.birdweather.com/soundscapes/6891/6891-20260505-184014.flac",0,3,"birdnetpi"
7478872582,6891,"2026-05-05T20:39:40.000+02:00",0.92,0.999183833599091,9.77085175080465,"almost_certain","2p4",NA,51.5697,6.0034,FALSE,35,"Eurasian Blackbird","Turdus merula","#ff65df","avian","https://media.birdweather.com/species/35/EurasianBlackbird-standard-618b3a5132c7c359fb2a2884c39deb39.jpg","https://media.birdweather.com/species/35/EurasianBlackbird-thumbnail-276878929bed08167d1fd9bf34d63d40.jpg","https://media.birdweather.com/species/35/EurasianBlackbird-png200-ba5a1b43225da4611cac429c52a52c81.png","GfkFFwKRmrx2ZYiaaQe69nlzScn3T7IA",11452046350,"https://media.birdweather.com/soundscapes/6891/6891-20260505-183940.flac",0,3,"birdnetpi"
7478864952,6891,"2026-05-05T20:39:12.000+02:00",0.99,0.999183833599091,9.91740355459112,"almost_certain","2p4",NA,51.563,6.0031,FALSE,35,"Eurasian Blackbird","Turdus merula","#ff65df","avian","https://media.birdweather.com/species/35/EurasianBlackbird-standard-618b3a5132c7c359fb2a2884c39deb39.jpg","https://media.birdweather.com/species/35/EurasianBlackbird-thumbnail-276878929bed08167d1fd9bf34d63d40.jpg","https://media.birdweather.com/species/35/EurasianBlackbird-png200-ba5a1b43225da4611cac429c52a52c81.png","GfkFFwKRmrx2ZYiaaQe69nlzScn3T7IA",11452037532,"https://media.birdweather.com/soundscapes/6891/6891-20260505-183912.flac",0,3,"birdnetpi"
7478853656,6891,"2026-05-05T20:38:54.000+02:00",0.97,0.999183833599091,9.8771065318585,"almost_certain","2p4",NA,51.5675,6.0075,FALSE,35,"Eurasian Blackbird","Turdus merula","#ff65df","avian","https://media.birdweather.com/species/35/EurasianBlackbird-standard-618b3a5132c7c359fb2a2884c39deb39.jpg","https://media.birdweather.com/species/35/EurasianBlackbird-thumbnail-276878929bed08167d1fd9bf34d63d40.jpg","https://media.birdweather.com/species/35/EurasianBlackbird-png200-ba5a1b43225da4611cac429c52a52c81.png","GfkFFwKRmrx2ZYiaaQe69nlzScn3T7IA",11452024895,"https://media.birdweather.com/soundscapes/6891/6891-20260505-183854.flac",0,3,"birdnetpi"
7478839716,6891,"2026-05-05T20:38:17.000+02:00",0.83,0.999183833599091,9.55597756485928,"almost_certain","2p4",NA,51.5623,6.0051,FALSE,35,"Eurasian Blackbird","Turdus merula","#ff65df","avian","https://media.birdweather.com/species/35/EurasianBlackbird-standard-618b3a5132c7c359fb2a2884c39deb39.jpg","https://media.birdweather.com/species/35/EurasianBlackbird-thumbnail-276878929bed08167d1fd9bf34d63d40.jpg","https://media.birdweather.com/species/35/EurasianBlackbird-png200-ba5a1b43225da4611cac429c52a52c81.png","GfkFFwKRmrx2ZYiaaQe69nlzScn3T7IA",11452009228,"https://media.birdweather.com/soundscapes/6891/6891-20260505-183817.flac",0,3,"birdnetpi"
7478830922,6891,"2026-05-05T20:37:50.000+02:00",0.77,0.999183833599091,9.39137985763565,"almost_certain","2p4",NA,51.5703,6.0015,FALSE,35,"Eurasian Blackbird","Turdus merula","#ff65df","avian","https://media.birdweather.com/species/35/EurasianBlackbird-standard-618b3a5132c7c359fb2a2884c39deb39.jpg","https://media.birdweather.com/species/35/EurasianBlackbird-thumbnail-276878929bed08167d1fd9bf34d63d40.jpg","https://media.birdweather.com/species/35/EurasianBlackbird-png200-ba5a1b43225da4611cac429c52a52c81.png","GfkFFwKRmrx2ZYiaaQe69nlzScn3T7IA",11451999469,"https://media.birdweather.com/soundscapes/6891/6891-20260505-183750.flac",0,3,"birdnetpi"
7478824378,6891,"2026-05-05T20:37:39.000+02:00",0.94,0.999183833599091,9.81434746749562,"almost_certain","2p4",NA,51.5696,6.0023,FALSE,35,"Eurasian Blackbird","Turdus merula","#ff65df","avian","https://media.birdweather.com/species/35/EurasianBlackbird-standard-618b3a5132c7c359fb2a2884c39deb39.jpg","https://media.birdweather.com/species/35/EurasianBlackbird-thumbnail-276878929bed08167d1fd9bf34d63d40.jpg","https://media.birdweather.com/species/35/EurasianBlackbird-png200-ba5a1b43225da4611cac429c52a52c81.png","GfkFFwKRmrx2ZYiaaQe69nlzScn3T7IA",11451991874,"https://media.birdweather.com/soundscapes/6891/6891-20260505-183739.flac",0,3,"birdnetpi"
7478804078,6891,"2026-05-05T20:36:45.000+02:00",0.73,0.992669761180878,9.26065007233656,"almost_certain","2p4",NA,51.5626,6.0036,FALSE,58,"Carrion Crow","Corvus corone","#01a85a","avian","https://media.birdweather.com/species/58/CarrionCrow-standard-ed24da07616d0cd7c5ef9cd2892ec869.jpg","https://media.birdweather.com/species/58/CarrionCrow-thumbnail-38cc6285bbd8f8340f32fa4dc3f58a69.jpg","https://media.birdweather.com/species/58/CarrionCrow-png200-5ec2904f61f6588853b296f54d8d0cb6.png","nggODwDDmZlqdoiPdLeIWIiYaK6A1gMK",11451969035,"https://media.birdweather.com/soundscapes/6891/6891-20260505-183645.flac",0,3,"birdnetpi"
7478802379,6891,"2026-05-05T20:36:40.000+02:00",0.86,0.999183833599091,9.63140945960003,"almost_certain","2p4",NA,51.5655,6.0035,FALSE,35,"Eurasian Blackbird","Turdus merula","#ff65df","avian","https://media.birdweather.com/species/35/EurasianBlackbird-standard-618b3a5132c7c359fb2a2884c39deb39.jpg","https://media.birdweather.com/species/35/EurasianBlackbird-thumbnail-276878929bed08167d1fd9bf34d63d40.jpg","https://media.birdweather.com/species/35/EurasianBlackbird-png200-ba5a1b43225da4611cac429c52a52c81.png","GfkFFwKRmrx2ZYiaaQe69nlzScn3T7IA",11451967137,"https://media.birdweather.com/soundscapes/6891/6891-20260505-183640.flac",0,3,"birdnetpi"
7478796247,6891,"2026-05-05T20:36:25.000+02:00",0.94,0.999183833599091,9.81434746749562,"almost_certain","2p4",NA,51.5631,6.0085,FALSE,35,"Eurasian Blackbird","Turdus merula","#ff65df","avian","https://media.birdweather.com/species/35/EurasianBlackbird-standard-618b3a5132c7c359fb2a2884c39deb39.jpg","https://media.birdweather.com/species/35/EurasianBlackbird-thumbnail-276878929bed08167d1fd9bf34d63d40.jpg","https://media.birdweather.com/species/35/EurasianBlackbird-png200-ba5a1b43225da4611cac429c52a52c81.png","GfkFFwKRmrx2ZYiaaQe69nlzScn3T7IA",11451960195,"https://media.birdweather.com/soundscapes/6891/6891-20260505-183625.flac",0,3,"birdnetpi"
7478777740,6891,"2026-05-05T20:35:41.000+02:00",0.76,0.999183833599091,9.36191635648293,"almost_certain","2p4",NA,51.5693,6.0024,FALSE,35,"Eurasian Blackbird","Turdus merula","#ff65df","avian","https://media.birdweather.com/species/35/EurasianBlackbird-standard-618b3a5132c7c359fb2a2884c39deb39.jpg","https://media.birdweather.com/species/35/EurasianBlackbird-thumbnail-276878929bed08167d1fd9bf34d63d40.jpg","https://media.birdweather.com/species/35/EurasianBlackbird-png200-ba5a1b43225da4611cac429c52a52c81.png","GfkFFwKRmrx2ZYiaaQe69nlzScn3T7IA",11451939330,"https://media.birdweather.com/soundscapes/6891/6891-20260505-183541.flac",0,3,"birdnetpi"
7478761203,6891,"2026-05-05T20:35:05.000+02:00",0.71,0.999183833599091,9.20427137467778,"almost_certain","2p4",NA,51.5687,6.003,FALSE,35,"Eurasian Blackbird","Turdus merula","#ff65df","avian","https://media.birdweather.com/species/35/EurasianBlackbird-standard-618b3a5132c7c359fb2a2884c39deb39.jpg","https://media.birdweather.com/species/35/EurasianBlackbird-thumbnail-276878929bed08167d1fd9bf34d63d40.jpg","https://media.birdweather.com/species/35/EurasianBlackbird-png200-ba5a1b43225da4611cac429c52a52c81.png","GfkFFwKRmrx2ZYiaaQe69nlzScn3T7IA",11451920666,"https://media.birdweather.com/soundscapes/6891/6891-20260505-183505.flac",0,3,"birdnetpi"
7478743667,6891,"2026-05-05T20:34:24.000+02:00",0.9,0.992669761180878,9.71705796408066,"almost_certain","2p4",NA,51.5666,6.0039,FALSE,58,"Carrion Crow","Corvus corone","#01a85a","avian","https://media.birdweather.com/species/58/CarrionCrow-standard-ed24da07616d0cd7c5ef9cd2892ec869.jpg","https://media.birdweather.com/species/58/CarrionCrow-thumbnail-38cc6285bbd8f8340f32fa4dc3f58a69.jpg","https://media.birdweather.com/species/58/CarrionCrow-png200-5ec2904f61f6588853b296f54d8d0cb6.png","nggODwDDmZlqdoiPdLeIWIiYaK6A1gMK",11451900778,"https://media.birdweather.com/soundscapes/6891/6891-20260505-183424.flac",0,3,"birdnetpi"
7478719258,6891,"2026-05-05T20:33:18.000+02:00",0.86,0.999183833599091,9.63140945960003,"almost_certain","2p4",NA,51.5655,6.0092,FALSE,35,"Eurasian Blackbird","Turdus merula","#ff65df","avian","https://media.birdweather.com/species/35/EurasianBlackbird-standard-618b3a5132c7c359fb2a2884c39deb39.jpg","https://media.birdweather.com/species/35/EurasianBlackbird-thumbnail-276878929bed08167d1fd9bf34d63d40.jpg","https://media.birdweather.com/species/35/EurasianBlackbird-png200-ba5a1b43225da4611cac429c52a52c81.png","GfkFFwKRmrx2ZYiaaQe69nlzScn3T7IA",11451873320,"https://media.birdweather.com/soundscapes/6891/6891-20260505-183318.flac",0,3,"birdnetpi"
7478707194,6891,"2026-05-05T20:32:49.000+02:00",0.8,0.999183833599091,9.47614916072943,"almost_certain","2p4",NA,51.57,6.0007,FALSE,35,"Eurasian Blackbird","Turdus merula","#ff65df","avian","https://media.birdweather.com/species/35/EurasianBlackbird-standard-618b3a5132c7c359fb2a2884c39deb39.jpg","https://media.birdweather.com/species/35/EurasianBlackbird-thumbnail-276878929bed08167d1fd9bf34d63d40.jpg","https://media.birdweather.com/species/35/EurasianBlackbird-png200-ba5a1b43225da4611cac429c52a52c81.png","GfkFFwKRmrx2ZYiaaQe69nlzScn3T7IA",11451859408,"https://media.birdweather.com/soundscapes/6891/6891-20260505-183249.flac",0,3,"birdnetpi"
7478689265,6891,"2026-05-05T20:32:03.000+02:00",0.85,0.999183833599091,9.60672410706136,"almost_certain","2p4",NA,51.5647,6.0061,FALSE,35,"Eurasian Blackbird","Turdus merula","#ff65df","avian","https://media.birdweather.com/species/35/EurasianBlackbird-standard-618b3a5132c7c359fb2a2884c39deb39.jpg","https://media.birdweather.com/species/35/EurasianBlackbird-thumbnail-276878929bed08167d1fd9bf34d63d40.jpg","https://media.birdweather.com/species/35/EurasianBlackbird-png200-ba5a1b43225da4611cac429c52a52c81.png","GfkFFwKRmrx2ZYiaaQe69nlzScn3T7IA",11451838643,"https://media.birdweather.com/soundscapes/6891/6891-20260505-183203.flac",0,3,"birdnetpi"
7478583728,6891,"2026-05-05T20:27:49.000+02:00",0.91,0.716157495975494,9.29766636770774,"almost_certain","2p4",NA,51.5674,6.0041,FALSE,201,"Graylag Goose","Anser anser","#844800","avian","https://media.birdweather.com/species/201/GraylagGoose-standard-5235ddd797e4ea12096e170348c7ba78.jpg","https://media.birdweather.com/species/201/GraylagGoose-thumbnail-dcbb525def2966bd14949956147c5dba.jpg","https://media.birdweather.com/species/201/GraylagGoose-png200-40b0bbf2cd8e268c481e679711a36bb6.png","GtkFHwTASHhwaYe4ZomGWWSKiJ74ZlQA",11451719956,"https://media.birdweather.com/soundscapes/6891/6891-20260505-182749.flac",0,3,"birdnetpi"
7478266289,6891,"2026-05-05T20:15:06.000+02:00",0.74,0.999183833599091,9.30101744176089,"almost_certain","2p4",NA,51.5665,6.0011,FALSE,35,"Eurasian Blackbird","Turdus merula","#ff65df","avian","https://media.birdweather.com/species/35/EurasianBlackbird-standard-618b3a5132c7c359fb2a2884c39deb39.jpg","https://media.birdweather.com/species/35/EurasianBlackbird-thumbnail-276878929bed08167d1fd9bf34d63d40.jpg","https://media.birdweather.com/species/35/EurasianBlackbird-png200-ba5a1b43225da4611cac429c52a52c81.png","GfkFFwKRmrx2ZYiaaQe69nlzScn3T7IA",11451365086,"https://media.birdweather.com/soundscapes/6891/6891-20260505-181506.flac",0,3,"birdnetpi"
7478159804,6891,"2026-05-05T20:10:51.000+02:00",1,0.672991514205933,9.40224790039199,"almost_certain","2p4",NA,51.5688,6.0038,FALSE,44,"Dunnock","Prunella modularis","#fea614","avian","https://media.birdweather.com/species/44/Dunnock-standard-a705d7131240cedd1c407b5a19989591.jpg","https://media.birdweather.com/species/44/Dunnock-thumbnail-1036624855b82c96db4ad23d1ed9d702.jpg","https://media.birdweather.com/species/44/Dunnock-png200-951bb2cdb9ec585716907d8eac83882e.png","lQgGDwB9pneQhHlwWjeK2ZK6d/kdFaUA",11451246567,"https://media.birdweather.com/soundscapes/6891/6891-20260505-181051.flac",0,3,"birdnetpi"
7478148771,6891,"2026-05-05T20:10:29.000+02:00",0.97,0.672991514205933,9.34223830734999,"almost_certain","2p4",NA,51.5646,6.0041,FALSE,44,"Dunnock","Prunella modularis","#fea614","avian","https://media.birdweather.com/species/44/Dunnock-standard-a705d7131240cedd1c407b5a19989591.jpg","https://media.birdweather.com/species/44/Dunnock-thumbnail-1036624855b82c96db4ad23d1ed9d702.jpg","https://media.birdweather.com/species/44/Dunnock-png200-951bb2cdb9ec585716907d8eac83882e.png","lQgGDwB9pneQhHlwWjeK2ZK6d/kdFaUA",11451234116,"https://media.birdweather.com/soundscapes/6891/6891-20260505-181029.flac",0,3,"birdnetpi"
7478139101,6891,"2026-05-05T20:10:08.000+02:00",1,0.672991514205933,9.40224790039199,"almost_certain","2p4",NA,51.567,6.0015,FALSE,44,"Dunnock","Prunella modularis","#fea614","avian","https://media.birdweather.com/species/44/Dunnock-standard-a705d7131240cedd1c407b5a19989591.jpg","https://media.birdweather.com/species/44/Dunnock-thumbnail-1036624855b82c96db4ad23d1ed9d702.jpg","https://media.birdweather.com/species/44/Dunnock-png200-951bb2cdb9ec585716907d8eac83882e.png","lQgGDwB9pneQhHlwWjeK2ZK6d/kdFaUA",11451223263,"https://media.birdweather.com/soundscapes/6891/6891-20260505-181008.flac",0,3,"birdnetpi"
7478130441,6891,"2026-05-05T20:09:47.000+02:00",0.99,0.672991514205933,9.38253533008261,"almost_certain","2p4",NA,51.5636,6.0092,FALSE,44,"Dunnock","Prunella modularis","#fea614","avian","https://media.birdweather.com/species/44/Dunnock-standard-a705d7131240cedd1c407b5a19989591.jpg","https://media.birdweather.com/species/44/Dunnock-thumbnail-1036624855b82c96db4ad23d1ed9d702.jpg","https://media.birdweather.com/species/44/Dunnock-png200-951bb2cdb9ec585716907d8eac83882e.png","lQgGDwB9pneQhHlwWjeK2ZK6d/kdFaUA",11451213490,"https://media.birdweather.com/soundscapes/6891/6891-20260505-180947.flac",0,3,"birdnetpi"
7478120585,6891,"2026-05-05T20:09:25.000+02:00",0.99,0.672991514205933,9.38253533008261,"almost_certain","2p4",NA,51.563,6.0047,FALSE,44,"Dunnock","Prunella modularis","#fea614","avian","https://media.birdweather.com/species/44/Dunnock-standard-a705d7131240cedd1c407b5a19989591.jpg","https://media.birdweather.com/species/44/Dunnock-thumbnail-1036624855b82c96db4ad23d1ed9d702.jpg","https://media.birdweather.com/species/44/Dunnock-png200-951bb2cdb9ec585716907d8eac83882e.png","lQgGDwB9pneQhHlwWjeK2ZK6d/kdFaUA",11451202299,"https://media.birdweather.com/soundscapes/6891/6891-20260505-180925.flac",0,3,"birdnetpi"
7478110625,6891,"2026-05-05T20:08:55.000+02:00",0.99,0.672991514205933,9.38253533008261,"almost_certain","2p4",NA,51.5661,6.0042,FALSE,44,"Dunnock","Prunella modularis","#fea614","avian","https://media.birdweather.com/species/44/Dunnock-standard-a705d7131240cedd1c407b5a19989591.jpg","https://media.birdweather.com/species/44/Dunnock-thumbnail-1036624855b82c96db4ad23d1ed9d702.jpg","https://media.birdweather.com/species/44/Dunnock-png200-951bb2cdb9ec585716907d8eac83882e.png","lQgGDwB9pneQhHlwWjeK2ZK6d/kdFaUA",11451191183,"https://media.birdweather.com/soundscapes/6891/6891-20260505-180855.flac",0,3,"birdnetpi"
7478100685,6891,"2026-05-05T20:08:37.000+02:00",1,0.672991514205933,9.40224790039199,"almost_certain","2p4",NA,51.568,6.0089,FALSE,44,"Dunnock","Prunella modularis","#fea614","avian","https://media.birdweather.com/species/44/Dunnock-standard-a705d7131240cedd1c407b5a19989591.jpg","https://media.birdweather.com/species/44/Dunnock-thumbnail-1036624855b82c96db4ad23d1ed9d702.jpg","https://media.birdweather.com/species/44/Dunnock-png200-951bb2cdb9ec585716907d8eac83882e.png","lQgGDwB9pneQhHlwWjeK2ZK6d/kdFaUA",11451179922,"https://media.birdweather.com/soundscapes/6891/6891-20260505-180837.flac",0,3,"birdnetpi"
7478103201,6891,"2026-05-05T20:08:33.000+02:00",0.99,0.999183833599091,9.91740355459112,"almost_certain","2p4",NA,51.57,6.0085,FALSE,35,"Eurasian Blackbird","Turdus merula","#ff65df","avian","https://media.birdweather.com/species/35/EurasianBlackbird-standard-618b3a5132c7c359fb2a2884c39deb39.jpg","https://media.birdweather.com/species/35/EurasianBlackbird-thumbnail-276878929bed08167d1fd9bf34d63d40.jpg","https://media.birdweather.com/species/35/EurasianBlackbird-png200-ba5a1b43225da4611cac429c52a52c81.png","GfkFFwKRmrx2ZYiaaQe69nlzScn3T7IA",11451182782,"https://media.birdweather.com/soundscapes/6891/6891-20260505-180833.flac",0,3,"birdnetpi"
7478100685,6891,"2026-05-05T20:08:37.000+02:00",1,0.672991514205933,9.40224790039199,"almost_certain","2p4",NA,51.568,6.0089,FALSE,44,"Dunnock","Prunella modularis","#fea614","avian","https://media.birdweather.com/species/44/Dunnock-standard-a705d7131240cedd1c407b5a19989591.jpg","https://media.birdweather.com/species/44/Dunnock-thumbnail-1036624855b82c96db4ad23d1ed9d702.jpg","https://media.birdweather.com/species/44/Dunnock-png200-951bb2cdb9ec585716907d8eac83882e.png","lQgGDwB9pneQhHlwWjeK2ZK6d/kdFaUA",11451179922,"https://media.birdweather.com/soundscapes/6891/6891-20260505-180837.flac",0,3,"birdnetpi"
7478093319,6891,"2026-05-05T20:08:10.000+02:00",1,0.999183833599091,9.93711612490049,"almost_certain","2p4",NA,51.5629,6.0052,FALSE,35,"Eurasian Blackbird","Turdus merula","#ff65df","avian","https://media.birdweather.com/species/35/EurasianBlackbird-standard-618b3a5132c7c359fb2a2884c39deb39.jpg","https://media.birdweather.com/species/35/EurasianBlackbird-thumbnail-276878929bed08167d1fd9bf34d63d40.jpg","https://media.birdweather.com/species/35/EurasianBlackbird-png200-ba5a1b43225da4611cac429c52a52c81.png","GfkFFwKRmrx2ZYiaaQe69nlzScn3T7IA",11451171568,"https://media.birdweather.com/soundscapes/6891/6891-20260505-180810.flac",0,3,"birdnetpi"
7478083057,6891,"2026-05-05T20:07:46.000+02:00",1,0.999183833599091,9.93711612490049,"almost_certain","2p4",NA,51.5629,6.0076,FALSE,35,"Eurasian Blackbird","Turdus merula","#ff65df","avian","https://media.birdweather.com/species/35/EurasianBlackbird-standard-618b3a5132c7c359fb2a2884c39deb39.jpg","https://media.birdweather.com/species/35/EurasianBlackbird-thumbnail-276878929bed08167d1fd9bf34d63d40.jpg","https://media.birdweather.com/species/35/EurasianBlackbird-png200-ba5a1b43225da4611cac429c52a52c81.png","GfkFFwKRmrx2ZYiaaQe69nlzScn3T7IA",11451160353,"https://media.birdweather.com/soundscapes/6891/6891-20260505-180746.flac",0,3,"birdnetpi"
7478072807,6891,"2026-05-05T20:07:23.000+02:00",1,0.999183833599091,9.93711612490049,"almost_certain","2p4",NA,51.5616,6.0081,FALSE,35,"Eurasian Blackbird","Turdus merula","#ff65df","avian","https://media.birdweather.com/species/35/EurasianBlackbird-standard-618b3a5132c7c359fb2a2884c39deb39.jpg","https://media.birdweather.com/species/35/EurasianBlackbird-thumbnail-276878929bed08167d1fd9bf34d63d40.jpg","https://media.birdweather.com/species/35/EurasianBlackbird-png200-ba5a1b43225da4611cac429c52a52c81.png","GfkFFwKRmrx2ZYiaaQe69nlzScn3T7IA",11451149112,"https://media.birdweather.com/soundscapes/6891/6891-20260505-180723.flac",0,3,"birdnetpi"
7478062617,6891,"2026-05-05T20:07:05.000+02:00",1,0.999183833599091,9.93711612490049,"almost_certain","2p4",NA,51.5653,6.0034,FALSE,35,"Eurasian Blackbird","Turdus merula","#ff65df","avian","https://media.birdweather.com/species/35/EurasianBlackbird-standard-618b3a5132c7c359fb2a2884c39deb39.jpg","https://media.birdweather.com/species/35/EurasianBlackbird-thumbnail-276878929bed08167d1fd9bf34d63d40.jpg","https://media.birdweather.com/species/35/EurasianBlackbird-png200-ba5a1b43225da4611cac429c52a52c81.png","GfkFFwKRmrx2ZYiaaQe69nlzScn3T7IA",11451137962,"https://media.birdweather.com/soundscapes/6891/6891-20260505-180705.flac",0,3,"birdnetpi"
7478053498,6891,"2026-05-05T20:06:43.000+02:00",1,0.999183833599091,9.93711612490049,"almost_certain","2p4",NA,51.5626,6.0012,FALSE,35,"Eurasian Blackbird","Turdus merula","#ff65df","avian","https://media.birdweather.com/species/35/EurasianBlackbird-standard-618b3a5132c7c359fb2a2884c39deb39.jpg","https://media.birdweather.com/species/35/EurasianBlackbird-thumbnail-276878929bed08167d1fd9bf34d63d40.jpg","https://media.birdweather.com/species/35/EurasianBlackbird-png200-ba5a1b43225da4611cac429c52a52c81.png","GfkFFwKRmrx2ZYiaaQe69nlzScn3T7IA",11451127682,"https://media.birdweather.com/soundscapes/6891/6891-20260505-180643.flac",0,3,"birdnetpi"
7478044978,6891,"2026-05-05T20:06:17.000+02:00",1,0.999183833599091,9.93711612490049,"almost_certain","2p4",NA,51.5645,6.0055,FALSE,35,"Eurasian Blackbird","Turdus merula","#ff65df","avian","https://media.birdweather.com/species/35/EurasianBlackbird-standard-618b3a5132c7c359fb2a2884c39deb39.jpg","https://media.birdweather.com/species/35/EurasianBlackbird-thumbnail-276878929bed08167d1fd9bf34d63d40.jpg","https://media.birdweather.com/species/35/EurasianBlackbird-png200-ba5a1b43225da4611cac429c52a52c81.png","GfkFFwKRmrx2ZYiaaQe69nlzScn3T7IA",11451118339,"https://media.birdweather.com/soundscapes/6891/6891-20260505-180617.flac",0,3,"birdnetpi"
7478033614,6891,"2026-05-05T20:05:56.000+02:00",0.95,0.999183833599091,9.8355882030499,"almost_certain","2p4",NA,51.5696,6.0016,FALSE,35,"Eurasian Blackbird","Turdus merula","#ff65df","avian","https://media.birdweather.com/species/35/EurasianBlackbird-standard-618b3a5132c7c359fb2a2884c39deb39.jpg","https://media.birdweather.com/species/35/EurasianBlackbird-thumbnail-276878929bed08167d1fd9bf34d63d40.jpg","https://media.birdweather.com/species/35/EurasianBlackbird-png200-ba5a1b43225da4611cac429c52a52c81.png","GfkFFwKRmrx2ZYiaaQe69nlzScn3T7IA",11451105640,"https://media.birdweather.com/soundscapes/6891/6891-20260505-180556.flac",0,3,"birdnetpi"
7478022975,6891,"2026-05-05T20:05:23.000+02:00",0.72,0.999183833599091,9.23728502034109,"almost_certain","2p4",NA,51.5623,6.0089,FALSE,35,"Eurasian Blackbird","Turdus merula","#ff65df","avian","https://media.birdweather.com/species/35/EurasianBlackbird-standard-618b3a5132c7c359fb2a2884c39deb39.jpg","https://media.birdweather.com/species/35/EurasianBlackbird-thumbnail-276878929bed08167d1fd9bf34d63d40.jpg","https://media.birdweather.com/species/35/EurasianBlackbird-png200-ba5a1b43225da4611cac429c52a52c81.png","GfkFFwKRmrx2ZYiaaQe69nlzScn3T7IA",11451093936,"https://media.birdweather.com/soundscapes/6891/6891-20260505-180523.flac",0,3,"birdnetpi"
7478009674,6891,"2026-05-05T20:04:54.000+02:00",0.77,0.672991514205933,8.85651163312714,"almost_certain","2p4",NA,51.5667,6.0016,FALSE,44,"Dunnock","Prunella modularis","#fea614","avian","https://media.birdweather.com/species/44/Dunnock-standard-a705d7131240cedd1c407b5a19989591.jpg","https://media.birdweather.com/species/44/Dunnock-thumbnail-1036624855b82c96db4ad23d1ed9d702.jpg","https://media.birdweather.com/species/44/Dunnock-png200-951bb2cdb9ec585716907d8eac83882e.png","lQgGDwB9pneQhHlwWjeK2ZK6d/kdFaUA",11451079013,"https://media.birdweather.com/soundscapes/6891/6891-20260505-180454.flac",0,3,"birdnetpi"
7477893800,6891,"2026-05-05T20:00:18.000+02:00",0.97,0.672991514205933,9.34223830734999,"almost_certain","2p4",NA,51.5681,6.0028,FALSE,44,"Dunnock","Prunella modularis","#fea614","avian","https://media.birdweather.com/species/44/Dunnock-standard-a705d7131240cedd1c407b5a19989591.jpg","https://media.birdweather.com/species/44/Dunnock-thumbnail-1036624855b82c96db4ad23d1ed9d702.jpg","https://media.birdweather.com/species/44/Dunnock-png200-951bb2cdb9ec585716907d8eac83882e.png","lQgGDwB9pneQhHlwWjeK2ZK6d/kdFaUA",11450948432,"https://media.birdweather.com/soundscapes/6891/6891-20260505-180018.flac",0,3,"birdnetpi"
7477768725,6891,"2026-05-05T19:55:20.000+02:00",0.99,0.997795641422272,9.91551774107037,"almost_certain","2p4",NA,51.5627,6.003,FALSE,407,"Common Wood-Pigeon","Columba palumbus","#028fb2","avian","https://media.birdweather.com/species/407/CommonWood-Pigeon-standard-5558900260c92622ceef8a812b06518e.jpg","https://media.birdweather.com/species/407/CommonWood-Pigeon-thumbnail-4b86c907c8b82c8af31d566b811dee05.jpg","https://media.birdweather.com/species/407/CommonWood-Pigeon-png200-533b13201573be3895fcec3e61e861b5.png","2ukFHwIHiYeWxnZUiniYZ3h5h6+rCIQH",11450810516,"https://media.birdweather.com/soundscapes/6891/6891-20260505-175520.flac",0,3,"birdnetpi"
7477753573,6891,"2026-05-05T19:54:48.000+02:00",0.7,0.997795641422272,9.16855668190822,"almost_certain","2p4",NA,51.5648,6.0016,FALSE,407,"Common Wood-Pigeon","Columba palumbus","#028fb2","avian","https://media.birdweather.com/species/407/CommonWood-Pigeon-standard-5558900260c92622ceef8a812b06518e.jpg","https://media.birdweather.com/species/407/CommonWood-Pigeon-thumbnail-4b86c907c8b82c8af31d566b811dee05.jpg","https://media.birdweather.com/species/407/CommonWood-Pigeon-png200-533b13201573be3895fcec3e61e861b5.png","2ukFHwIHiYeWxnZUiniYZ3h5h6+rCIQH",11450793645,"https://media.birdweather.com/soundscapes/6891/6891-20260505-175448.flac",0,3,"birdnetpi"
7477751815,6891,"2026-05-05T19:54:40.000+02:00",0.78,0.672991514205933,8.88535480372818,"almost_certain","2p4",NA,51.5621,6.007,FALSE,44,"Dunnock","Prunella modularis","#fea614","avian","https://media.birdweather.com/species/44/Dunnock-standard-a705d7131240cedd1c407b5a19989591.jpg","https://media.birdweather.com/species/44/Dunnock-thumbnail-1036624855b82c96db4ad23d1ed9d702.jpg","https://media.birdweather.com/species/44/Dunnock-png200-951bb2cdb9ec585716907d8eac83882e.png","lQgGDwB9pneQhHlwWjeK2ZK6d/kdFaUA",11450791752,"https://media.birdweather.com/soundscapes/6891/6891-20260505-175440.flac",0,3,"birdnetpi"
7477730810,6891,"2026-05-05T19:53:55.000+02:00",0.98,0.672991514205933,9.36253497487563,"almost_certain","2p4",NA,51.5629,6.0083,FALSE,44,"Dunnock","Prunella modularis","#fea614","avian","https://media.birdweather.com/species/44/Dunnock-standard-a705d7131240cedd1c407b5a19989591.jpg","https://media.birdweather.com/species/44/Dunnock-thumbnail-1036624855b82c96db4ad23d1ed9d702.jpg","https://media.birdweather.com/species/44/Dunnock-png200-951bb2cdb9ec585716907d8eac83882e.png","lQgGDwB9pneQhHlwWjeK2ZK6d/kdFaUA",11450768903,"https://media.birdweather.com/soundscapes/6891/6891-20260505-175355.flac",0,3,"birdnetpi"
7477720364,6891,"2026-05-05T19:53:31.000+02:00",1,0.672991514205933,9.40224790039199,"almost_certain","2p4",NA,51.5655,6.0075,FALSE,44,"Dunnock","Prunella modularis","#fea614","avian","https://media.birdweather.com/species/44/Dunnock-standard-a705d7131240cedd1c407b5a19989591.jpg","https://media.birdweather.com/species/44/Dunnock-thumbnail-1036624855b82c96db4ad23d1ed9d702.jpg","https://media.birdweather.com/species/44/Dunnock-png200-951bb2cdb9ec585716907d8eac83882e.png","lQgGDwB9pneQhHlwWjeK2ZK6d/kdFaUA",11450757632,"https://media.birdweather.com/soundscapes/6891/6891-20260505-175331.flac",0,3,"birdnetpi"
7477709942,6891,"2026-05-05T19:53:02.000+02:00",1,0.672991514205933,9.40224790039199,"almost_certain","2p4",NA,51.5652,6.0013,FALSE,44,"Dunnock","Prunella modularis","#fea614","avian","https://media.birdweather.com/species/44/Dunnock-standard-a705d7131240cedd1c407b5a19989591.jpg","https://media.birdweather.com/species/44/Dunnock-thumbnail-1036624855b82c96db4ad23d1ed9d702.jpg","https://media.birdweather.com/species/44/Dunnock-png200-951bb2cdb9ec585716907d8eac83882e.png","lQgGDwB9pneQhHlwWjeK2ZK6d/kdFaUA",11450746412,"https://media.birdweather.com/soundscapes/6891/6891-20260505-175302.flac",0,3,"birdnetpi"
7477698948,6891,"2026-05-05T19:52:40.000+02:00",0.99,0.672991514205933,9.38253533008261,"almost_certain","2p4",NA,51.5694,6.0074,FALSE,44,"Dunnock","Prunella modularis","#fea614","avian","https://media.birdweather.com/species/44/Dunnock-standard-a705d7131240cedd1c407b5a19989591.jpg","https://media.birdweather.com/species/44/Dunnock-thumbnail-1036624855b82c96db4ad23d1ed9d702.jpg","https://media.birdweather.com/species/44/Dunnock-png200-951bb2cdb9ec585716907d8eac83882e.png","lQgGDwB9pneQhHlwWjeK2ZK6d/kdFaUA",11450734607,"https://media.birdweather.com/soundscapes/6891/6891-20260505-175240.flac",0,3,"birdnetpi"
7477689857,6891,"2026-05-05T19:52:19.000+02:00",1,0.672991514205933,9.40224790039199,"almost_certain","2p4",NA,51.566,6.0006,FALSE,44,"Dunnock","Prunella modularis","#fea614","avian","https://media.birdweather.com/species/44/Dunnock-standard-a705d7131240cedd1c407b5a19989591.jpg","https://media.birdweather.com/species/44/Dunnock-thumbnail-1036624855b82c96db4ad23d1ed9d702.jpg","https://media.birdweather.com/species/44/Dunnock-png200-951bb2cdb9ec585716907d8eac83882e.png","lQgGDwB9pneQhHlwWjeK2ZK6d/kdFaUA",11450724834,"https://media.birdweather.com/soundscapes/6891/6891-20260505-175219.flac",0,3,"birdnetpi"
7477680870,6891,"2026-05-05T19:51:56.000+02:00",0.79,0.622888922691345,8.80922634393156,"almost_certain","2p4",NA,51.5683,6.0052,FALSE,76,"Eurasian Jackdaw","Corvus monedula","#f36f1b","avian","https://media.birdweather.com/species/76/EurasianJackdaw-standard-55cbd4006f743c538a3264a1fb86d41c.jpg","https://media.birdweather.com/species/76/EurasianJackdaw-thumbnail-80ecf23afe76ea22483b4f8043e19339.jpg","https://media.birdweather.com/species/76/EurasianJackdaw-png200-862dbf9b3725619bb5532ba255c32118.png","4AgKDwL2i2d1homOY0modph5OL/1qHAJ",11450715048,"https://media.birdweather.com/soundscapes/6891/6891-20260505-175156.flac",0,3,"birdnetpi"
7477667399,6891,"2026-05-05T19:51:23.000+02:00",0.74,0.556647181510925,8.51030777267744,"almost_certain","2p4",NA,51.5688,6.0014,FALSE,294,"European Greenfinch","Chloris chloris","#fea614","avian","https://media.birdweather.com/species/294/EuropeanGreenfinch-standard-34aa36357c06fbf52af390917f29436b.jpg","https://media.birdweather.com/species/294/EuropeanGreenfinch-thumbnail-7466d93ab9340d75d4eec2ca6eeed529.jpg","https://media.birdweather.com/species/294/EuropeanGreenfinch-png200-8b2951bb918db1cbed643a9530efa558.png","FRkGHwJYqWeEd4ifapeoh4ZriPUnaG8B",11450700447,"https://media.birdweather.com/soundscapes/6891/6891-20260505-175123.flac",0,3,"birdnetpi"
7477654555,6891,"2026-05-05T19:50:54.000+02:00",0.83,0.991870403289795,9.54601319541658,"almost_certain","2p4",NA,51.5687,6.0022,FALSE,25,"Common Chaffinch","Fringilla coelebs","#fb7eff","avian","https://media.birdweather.com/species/25/CommonChaffinch-standard-d8edb223d1ec828ee0cda788e8f5f209.jpg","https://media.birdweather.com/species/25/CommonChaffinch-thumbnail-7ba0a46bb0cd7efdb3215242f9528140.jpg","https://media.birdweather.com/species/25/CommonChaffinch-png200-ced617224ab07c316109e2d0e9078f2e.png","WfgJDwKGhIbAbHimmnhluHh2tv25ZoAD",11450686821,"https://media.birdweather.com/soundscapes/6891/6891-20260505-175054.flac",0,3,"birdnetpi"
7477644492,6891,"2026-05-05T19:50:39.000+02:00",0.81,0.556647181510925,8.71256909104175,"almost_certain","2p4",NA,51.5696,6.0017,FALSE,294,"European Greenfinch","Chloris chloris","#fea614","avian","https://media.birdweather.com/species/294/EuropeanGreenfinch-standard-34aa36357c06fbf52af390917f29436b.jpg","https://media.birdweather.com/species/294/EuropeanGreenfinch-thumbnail-7466d93ab9340d75d4eec2ca6eeed529.jpg","https://media.birdweather.com/species/294/EuropeanGreenfinch-png200-8b2951bb918db1cbed643a9530efa558.png","FRkGHwJYqWeEd4ifapeoh4ZriPUnaG8B",11450676040,"https://media.birdweather.com/soundscapes/6891/6891-20260505-175039.flac",0,3,"birdnetpi"
7477633805,6891,"2026-05-05T19:50:09.000+02:00",0.78,0.643900752067566,8.82572301853644,"almost_certain","2p4",NA,51.5614,6.001,FALSE,89,"European Goldfinch","Carduelis carduelis","#65dba3","avian","https://media.birdweather.com/species/89/EuropeanGoldfinch-standard-5e709d6e7011b21fe905b6d27ce94b9d.jpg","https://media.birdweather.com/species/89/EuropeanGoldfinch-thumbnail-f99916cbaf5a2c3bd8f61890d18d73c1.jpg","https://media.birdweather.com/species/89/EuropeanGoldfinch-png200-ef3fc90c8328c40b59d9ad3c4b52e850.png","lPgJDwI+UJmHq2hji4dWiHiH2XQID5UC",11450664312,"https://media.birdweather.com/soundscapes/6891/6891-20260505-175009.flac",0,3,"birdnetpi"
7477628411,6891,"2026-05-05T19:49:54.000+02:00",0.84,0.622888922691345,8.94234067931305,"almost_certain","2p4",NA,51.5674,6.0038,FALSE,76,"Eurasian Jackdaw","Corvus monedula","#f36f1b","avian","https://media.birdweather.com/species/76/EurasianJackdaw-standard-55cbd4006f743c538a3264a1fb86d41c.jpg","https://media.birdweather.com/species/76/EurasianJackdaw-thumbnail-80ecf23afe76ea22483b4f8043e19339.jpg","https://media.birdweather.com/species/76/EurasianJackdaw-png200-862dbf9b3725619bb5532ba255c32118.png","4AgKDwL2i2d1homOY0modph5OL/1qHAJ",11450658283,"https://media.birdweather.com/soundscapes/6891/6891-20260505-174954.flac",0,3,"birdnetpi"
7477547073,6891,"2026-05-05T19:46:50.000+02:00",0.77,0.991870403289795,9.38141548819295,"almost_certain","2p4",NA,51.5646,6.0016,FALSE,25,"Common Chaffinch","Fringilla coelebs","#fb7eff","avian","https://media.birdweather.com/species/25/CommonChaffinch-standard-d8edb223d1ec828ee0cda788e8f5f209.jpg","https://media.birdweather.com/species/25/CommonChaffinch-thumbnail-7ba0a46bb0cd7efdb3215242f9528140.jpg","https://media.birdweather.com/species/25/CommonChaffinch-png200-ced617224ab07c316109e2d0e9078f2e.png","WfgJDwKGhIbAbHimmnhluHh2tv25ZoAD",11450570415,"https://media.birdweather.com/soundscapes/6891/6891-20260505-174650.flac",0,3,"birdnetpi"
7477487201,6891,"2026-05-05T19:44:37.000+02:00",0.95,0.672991514205933,9.30071997854139,"almost_certain","2p4",NA,51.5631,6.0024,FALSE,44,"Dunnock","Prunella modularis","#fea614","avian","https://media.birdweather.com/species/44/Dunnock-standard-a705d7131240cedd1c407b5a19989591.jpg","https://media.birdweather.com/species/44/Dunnock-thumbnail-1036624855b82c96db4ad23d1ed9d702.jpg","https://media.birdweather.com/species/44/Dunnock-png200-951bb2cdb9ec585716907d8eac83882e.png","lQgGDwB9pneQhHlwWjeK2ZK6d/kdFaUA",11450506563,"https://media.birdweather.com/soundscapes/6891/6891-20260505-174437.flac",0,3,"birdnetpi"
7477477634,6891,"2026-05-05T19:44:15.000+02:00",0.96,0.672991514205933,9.32163641536057,"almost_certain","2p4",NA,51.5676,6.0094,FALSE,44,"Dunnock","Prunella modularis","#fea614","avian","https://media.birdweather.com/species/44/Dunnock-standard-a705d7131240cedd1c407b5a19989591.jpg","https://media.birdweather.com/species/44/Dunnock-thumbnail-1036624855b82c96db4ad23d1ed9d702.jpg","https://media.birdweather.com/species/44/Dunnock-png200-951bb2cdb9ec585716907d8eac83882e.png","lQgGDwB9pneQhHlwWjeK2ZK6d/kdFaUA",11450496186,"https://media.birdweather.com/soundscapes/6891/6891-20260505-174415.flac",0,3,"birdnetpi"
7477475452,6891,"2026-05-05T19:44:07.000+02:00",0.99,0.419734984636307,8.74779551818864,"almost_certain","2p4",NA,51.5692,6.0087,FALSE,119,"Common House-Martin","Delichon urbicum","#53b1ff","avian","https://media.birdweather.com/species/119/CommonHouse-Martin-standard-9ffbcc688c51210fb136a162c84d82ad.jpg","https://media.birdweather.com/species/119/CommonHouse-Martin-thumbnail-dd7059ca6235347c3097e7a66f04df95.jpg","https://media.birdweather.com/species/119/CommonHouse-Martin-png200-a73a8953ce2af50676da81e70b2746b2.png","YhgKDwKJd4iIiHd/h5h5d4mIeQqVllAH",11450493844,"https://media.birdweather.com/soundscapes/6891/6891-20260505-174407.flac",0,3,"birdnetpi"
7477469735,6891,"2026-05-05T19:43:53.000+02:00",0.99,0.672991514205933,9.38253533008261,"almost_certain","2p4",NA,51.5678,6.007,FALSE,44,"Dunnock","Prunella modularis","#fea614","avian","https://media.birdweather.com/species/44/Dunnock-standard-a705d7131240cedd1c407b5a19989591.jpg","https://media.birdweather.com/species/44/Dunnock-thumbnail-1036624855b82c96db4ad23d1ed9d702.jpg","https://media.birdweather.com/species/44/Dunnock-png200-951bb2cdb9ec585716907d8eac83882e.png","lQgGDwB9pneQhHlwWjeK2ZK6d/kdFaUA",11450487738,"https://media.birdweather.com/soundscapes/6891/6891-20260505-174353.flac",0,3,"birdnetpi"
7477462299,6891,"2026-05-05T19:43:35.000+02:00",0.79,0.991870403289795,9.43850708226173,"almost_certain","2p4",NA,51.5702,6.0092,FALSE,25,"Common Chaffinch","Fringilla coelebs","#fb7eff","avian","https://media.birdweather.com/species/25/CommonChaffinch-standard-d8edb223d1ec828ee0cda788e8f5f209.jpg","https://media.birdweather.com/species/25/CommonChaffinch-thumbnail-7ba0a46bb0cd7efdb3215242f9528140.jpg","https://media.birdweather.com/species/25/CommonChaffinch-png200-ced617224ab07c316109e2d0e9078f2e.png","WfgJDwKGhIbAbHimmnhluHh2tv25ZoAD",11450479779,"https://media.birdweather.com/soundscapes/6891/6891-20260505-174335.flac",0,3,"birdnetpi"
7477430350,6891,"2026-05-05T19:42:23.000+02:00",0.78,0.940908372402191,9.33873612913902,"almost_certain","2p4",NA,51.5664,6.0045,FALSE,397,"Barn Swallow","Hirundo rustica","#c85500","avian","https://media.birdweather.com/species/397/BarnSwallow-standard-66c9cb8916403efe633a420fe54e3bc6.jpg","https://media.birdweather.com/species/397/BarnSwallow-thumbnail-418cddeb212e9e1ce5d35f61a3040433.jpg","https://media.birdweather.com/species/397/BarnSwallow-png200-317c812ebfcec488fad1824feff99dbc.png","IAgKHwKLhnmThXdPl1i3p3ll51f4jngP",11450445902,"https://media.birdweather.com/soundscapes/6891/6891-20260505-174223.flac",0,3,"birdnetpi"
7477407481,6891,"2026-05-05T19:41:36.000+02:00",0.73,0.672991514205933,8.73465357728455,"almost_certain","2p4",NA,51.5693,6.005,FALSE,44,"Dunnock","Prunella modularis","#fea614","avian","https://media.birdweather.com/species/44/Dunnock-standard-a705d7131240cedd1c407b5a19989591.jpg","https://media.birdweather.com/species/44/Dunnock-thumbnail-1036624855b82c96db4ad23d1ed9d702.jpg","https://media.birdweather.com/species/44/Dunnock-png200-951bb2cdb9ec585716907d8eac83882e.png","lQgGDwB9pneQhHlwWjeK2ZK6d/kdFaUA",11450421069,"https://media.birdweather.com/soundscapes/6891/6891-20260505-174136.flac",0,3,"birdnetpi"
7477391836,6891,"2026-05-05T19:40:54.000+02:00",0.81,0.991870403289795,9.4933143906825,"almost_certain","2p4",NA,51.5689,6.008,FALSE,25,"Common Chaffinch","Fringilla coelebs","#fb7eff","avian","https://media.birdweather.com/species/25/CommonChaffinch-standard-d8edb223d1ec828ee0cda788e8f5f209.jpg","https://media.birdweather.com/species/25/CommonChaffinch-thumbnail-7ba0a46bb0cd7efdb3215242f9528140.jpg","https://media.birdweather.com/species/25/CommonChaffinch-png200-ced617224ab07c316109e2d0e9078f2e.png","WfgJDwKGhIbAbHimmnhluHh2tv25ZoAD",11450404154,"https://media.birdweather.com/soundscapes/6891/6891-20260505-174054.flac",0,3,"birdnetpi"
7477380420,6891,"2026-05-05T19:40:28.000+02:00",0.81,0.999183833599091,9.5032787601252,"almost_certain","2p4",NA,51.5686,6.0057,FALSE,35,"Eurasian Blackbird","Turdus merula","#ff65df","avian","https://media.birdweather.com/species/35/EurasianBlackbird-standard-618b3a5132c7c359fb2a2884c39deb39.jpg","https://media.birdweather.com/species/35/EurasianBlackbird-thumbnail-276878929bed08167d1fd9bf34d63d40.jpg","https://media.birdweather.com/species/35/EurasianBlackbird-png200-ba5a1b43225da4611cac429c52a52c81.png","GfkFFwKRmrx2ZYiaaQe69nlzScn3T7IA",11450391506,"https://media.birdweather.com/soundscapes/6891/6891-20260505-174028.flac",0,3,"birdnetpi"
7477367364,6891,"2026-05-05T19:40:03.000+02:00",0.95,0.999183833599091,9.8355882030499,"almost_certain","2p4",NA,51.5663,6.0041,FALSE,35,"Eurasian Blackbird","Turdus merula","#ff65df","avian","https://media.birdweather.com/species/35/EurasianBlackbird-standard-618b3a5132c7c359fb2a2884c39deb39.jpg","https://media.birdweather.com/species/35/EurasianBlackbird-thumbnail-276878929bed08167d1fd9bf34d63d40.jpg","https://media.birdweather.com/species/35/EurasianBlackbird-png200-ba5a1b43225da4611cac429c52a52c81.png","GfkFFwKRmrx2ZYiaaQe69nlzScn3T7IA",11450377509,"https://media.birdweather.com/soundscapes/6891/6891-20260505-174003.flac",0,3,"birdnetpi"
7477324608,6891,"2026-05-05T19:38:23.000+02:00",1,0.672991514205933,9.40224790039199,"almost_certain","2p4",NA,51.5679,6.0046,FALSE,44,"Dunnock","Prunella modularis","#fea614","avian","https://media.birdweather.com/species/44/Dunnock-standard-a705d7131240cedd1c407b5a19989591.jpg","https://media.birdweather.com/species/44/Dunnock-thumbnail-1036624855b82c96db4ad23d1ed9d702.jpg","https://media.birdweather.com/species/44/Dunnock-png200-951bb2cdb9ec585716907d8eac83882e.png","lQgGDwB9pneQhHlwWjeK2ZK6d/kdFaUA",11450330475,"https://media.birdweather.com/soundscapes/6891/6891-20260505-173823.flac",0,3,"birdnetpi"
7477315459,6891,"2026-05-05T19:38:05.000+02:00",0.98,0.672991514205933,9.36253497487563,"almost_certain","2p4",NA,51.5648,6.0037,FALSE,44,"Dunnock","Prunella modularis","#fea614","avian","https://media.birdweather.com/species/44/Dunnock-standard-a705d7131240cedd1c407b5a19989591.jpg","https://media.birdweather.com/species/44/Dunnock-thumbnail-1036624855b82c96db4ad23d1ed9d702.jpg","https://media.birdweather.com/species/44/Dunnock-png200-951bb2cdb9ec585716907d8eac83882e.png","lQgGDwB9pneQhHlwWjeK2ZK6d/kdFaUA",11450320607,"https://media.birdweather.com/soundscapes/6891/6891-20260505-173805.flac",0,3,"birdnetpi"
7477305117,6891,"2026-05-05T19:37:32.000+02:00",1,0.672991514205933,9.40224790039199,"almost_certain","2p4",NA,51.5681,6.0031,FALSE,44,"Dunnock","Prunella modularis","#fea614","avian","https://media.birdweather.com/species/44/Dunnock-standard-a705d7131240cedd1c407b5a19989591.jpg","https://media.birdweather.com/species/44/Dunnock-thumbnail-1036624855b82c96db4ad23d1ed9d702.jpg","https://media.birdweather.com/species/44/Dunnock-png200-951bb2cdb9ec585716907d8eac83882e.png","lQgGDwB9pneQhHlwWjeK2ZK6d/kdFaUA",11450309355,"https://media.birdweather.com/soundscapes/6891/6891-20260505-173732.flac",0,3,"birdnetpi"
7477294597,6891,"2026-05-05T19:37:11.000+02:00",1,0.672991514205933,9.40224790039199,"almost_certain","2p4",NA,51.564,6.0059,FALSE,44,"Dunnock","Prunella modularis","#fea614","avian","https://media.birdweather.com/species/44/Dunnock-standard-a705d7131240cedd1c407b5a19989591.jpg","https://media.birdweather.com/species/44/Dunnock-thumbnail-1036624855b82c96db4ad23d1ed9d702.jpg","https://media.birdweather.com/species/44/Dunnock-png200-951bb2cdb9ec585716907d8eac83882e.png","lQgGDwB9pneQhHlwWjeK2ZK6d/kdFaUA",11450298071,"https://media.birdweather.com/soundscapes/6891/6891-20260505-173711.flac",0,3,"birdnetpi"
7477284626,6891,"2026-05-05T19:36:48.000+02:00",0.99,0.672991514205933,9.38253533008261,"almost_certain","2p4",NA,51.5652,6.0044,FALSE,44,"Dunnock","Prunella modularis","#fea614","avian","https://media.birdweather.com/species/44/Dunnock-standard-a705d7131240cedd1c407b5a19989591.jpg","https://media.birdweather.com/species/44/Dunnock-thumbnail-1036624855b82c96db4ad23d1ed9d702.jpg","https://media.birdweather.com/species/44/Dunnock-png200-951bb2cdb9ec585716907d8eac83882e.png","lQgGDwB9pneQhHlwWjeK2ZK6d/kdFaUA",11450287290,"https://media.birdweather.com/soundscapes/6891/6891-20260505-173648.flac",0,3,"birdnetpi"
7477274407,6891,"2026-05-05T19:36:32.000+02:00",0.99,0.672991514205933,9.38253533008261,"almost_certain","2p4",NA,51.5631,6.0044,FALSE,44,"Dunnock","Prunella modularis","#fea614","avian","https://media.birdweather.com/species/44/Dunnock-standard-a705d7131240cedd1c407b5a19989591.jpg","https://media.birdweather.com/species/44/Dunnock-thumbnail-1036624855b82c96db4ad23d1ed9d702.jpg","https://media.birdweather.com/species/44/Dunnock-png200-951bb2cdb9ec585716907d8eac83882e.png","lQgGDwB9pneQhHlwWjeK2ZK6d/kdFaUA",11450276444,"https://media.birdweather.com/soundscapes/6891/6891-20260505-173632.flac",0,3,"birdnetpi"
7477264253,6891,"2026-05-05T19:36:03.000+02:00",0.96,0.672991514205933,9.32163641536057,"almost_certain","2p4",NA,51.5634,6.0024,FALSE,44,"Dunnock","Prunella modularis","#fea614","avian","https://media.birdweather.com/species/44/Dunnock-standard-a705d7131240cedd1c407b5a19989591.jpg","https://media.birdweather.com/species/44/Dunnock-thumbnail-1036624855b82c96db4ad23d1ed9d702.jpg","https://media.birdweather.com/species/44/Dunnock-png200-951bb2cdb9ec585716907d8eac83882e.png","lQgGDwB9pneQhHlwWjeK2ZK6d/kdFaUA",11450266134,"https://media.birdweather.com/soundscapes/6891/6891-20260505-173603.flac",0,3,"birdnetpi"
7477253910,6891,"2026-05-05T19:35:42.000+02:00",0.91,0.672991514205933,9.2137066127018,"almost_certain","2p4",NA,51.5679,6.0087,FALSE,44,"Dunnock","Prunella modularis","#fea614","avian","https://media.birdweather.com/species/44/Dunnock-standard-a705d7131240cedd1c407b5a19989591.jpg","https://media.birdweather.com/species/44/Dunnock-thumbnail-1036624855b82c96db4ad23d1ed9d702.jpg","https://media.birdweather.com/species/44/Dunnock-png200-951bb2cdb9ec585716907d8eac83882e.png","lQgGDwB9pneQhHlwWjeK2ZK6d/kdFaUA",11450254949,"https://media.birdweather.com/soundscapes/6891/6891-20260505-173542.flac",0,3,"birdnetpi"
7477229390,6891,"2026-05-05T19:34:43.000+02:00",0.87,0.991870403289795,9.64569351078351,"almost_certain","2p4",NA,51.5637,6.0067,FALSE,25,"Common Chaffinch","Fringilla coelebs","#fb7eff","avian","https://media.birdweather.com/species/25/CommonChaffinch-standard-d8edb223d1ec828ee0cda788e8f5f209.jpg","https://media.birdweather.com/species/25/CommonChaffinch-thumbnail-7ba0a46bb0cd7efdb3215242f9528140.jpg","https://media.birdweather.com/species/25/CommonChaffinch-png200-ced617224ab07c316109e2d0e9078f2e.png","WfgJDwKGhIbAbHimmnhluHh2tv25ZoAD",11450229085,"https://media.birdweather.com/soundscapes/6891/6891-20260505-173443.flac",0,3,"birdnetpi"
7477159487,6891,"2026-05-05T19:32:03.000+02:00",0.86,0.991870403289795,9.62144509015732,"almost_certain","2p4",NA,51.5668,6.005,FALSE,25,"Common Chaffinch","Fringilla coelebs","#fb7eff","avian","https://media.birdweather.com/species/25/CommonChaffinch-standard-d8edb223d1ec828ee0cda788e8f5f209.jpg","https://media.birdweather.com/species/25/CommonChaffinch-thumbnail-7ba0a46bb0cd7efdb3215242f9528140.jpg","https://media.birdweather.com/species/25/CommonChaffinch-png200-ced617224ab07c316109e2d0e9078f2e.png","WfgJDwKGhIbAbHimmnhluHh2tv25ZoAD",11450154681,"https://media.birdweather.com/soundscapes/6891/6891-20260505-173203.flac",0,3,"birdnetpi"
7477110336,6891,"2026-05-05T19:30:13.000+02:00",0.81,0.991870403289795,9.4933143906825,"almost_certain","2p4",NA,51.5677,6.0061,FALSE,25,"Common Chaffinch","Fringilla coelebs","#fb7eff","avian","https://media.birdweather.com/species/25/CommonChaffinch-standard-d8edb223d1ec828ee0cda788e8f5f209.jpg","https://media.birdweather.com/species/25/CommonChaffinch-thumbnail-7ba0a46bb0cd7efdb3215242f9528140.jpg","https://media.birdweather.com/species/25/CommonChaffinch-png200-ced617224ab07c316109e2d0e9078f2e.png","WfgJDwKGhIbAbHimmnhluHh2tv25ZoAD",11450102037,"https://media.birdweather.com/soundscapes/6891/6891-20260505-173013.flac",0,3,"birdnetpi"
7477025628,6891,"2026-05-05T19:27:05.000+02:00",0.86,0.672991514205933,9.09654123509152,"almost_certain","2p4",NA,51.5658,6.0009,FALSE,44,"Dunnock","Prunella modularis","#fea614","avian","https://media.birdweather.com/species/44/Dunnock-standard-a705d7131240cedd1c407b5a19989591.jpg","https://media.birdweather.com/species/44/Dunnock-thumbnail-1036624855b82c96db4ad23d1ed9d702.jpg","https://media.birdweather.com/species/44/Dunnock-png200-951bb2cdb9ec585716907d8eac83882e.png","lQgGDwB9pneQhHlwWjeK2ZK6d/kdFaUA",11450010052,"https://media.birdweather.com/soundscapes/6891/6891-20260505-172705.flac",0,3,"birdnetpi"
7476991963,6891,"2026-05-05T19:25:45.000+02:00",0.96,0.672991514205933,9.32163641536057,"almost_certain","2p4",NA,51.5653,6.0007,FALSE,44,"Dunnock","Prunella modularis","#fea614","avian","https://media.birdweather.com/species/44/Dunnock-standard-a705d7131240cedd1c407b5a19989591.jpg","https://media.birdweather.com/species/44/Dunnock-thumbnail-1036624855b82c96db4ad23d1ed9d702.jpg","https://media.birdweather.com/species/44/Dunnock-png200-951bb2cdb9ec585716907d8eac83882e.png","lQgGDwB9pneQhHlwWjeK2ZK6d/kdFaUA",11449973858,"https://media.birdweather.com/soundscapes/6891/6891-20260505-172545.flac",0,3,"birdnetpi"
7476981067,6891,"2026-05-05T19:25:16.000+02:00",0.96,0.672991514205933,9.32163641536057,"almost_certain","2p4",NA,51.5644,6.0087,FALSE,44,"Dunnock","Prunella modularis","#fea614","avian","https://media.birdweather.com/species/44/Dunnock-standard-a705d7131240cedd1c407b5a19989591.jpg","https://media.birdweather.com/species/44/Dunnock-thumbnail-1036624855b82c96db4ad23d1ed9d702.jpg","https://media.birdweather.com/species/44/Dunnock-png200-951bb2cdb9ec585716907d8eac83882e.png","lQgGDwB9pneQhHlwWjeK2ZK6d/kdFaUA",11449962213,"https://media.birdweather.com/soundscapes/6891/6891-20260505-172516.flac",0,3,"birdnetpi"
7476902159,6891,"2026-05-05T19:22:15.000+02:00",0.7,0.698269486427307,8.68536310769202,"almost_certain","2p4",NA,51.567,6.0019,FALSE,30,"Common Buzzard","Buteo buteo","#37e188","avian","https://media.birdweather.com/species/30/CommonBuzzard-standard-624dd5ff44ca4409c2692d7ec2eec597.jpg","https://media.birdweather.com/species/30/CommonBuzzard-thumbnail-781fb553c5eb2032627994238a1027c5.jpg","https://media.birdweather.com/species/30/CommonBuzzard-png200-dcecf7087fca9c5bd3977532471c052a.png","XwkGDwKDmYifVWWAmFZnmqiIer/ICGME",11449877569,"https://media.birdweather.com/soundscapes/6891/6891-20260505-172215.flac",0,3,"birdnetpi"
7476793557,6891,"2026-05-05T19:18:08.000+02:00",0.91,0.672991514205933,9.2137066127018,"almost_certain","2p4",NA,51.5685,6.0092,FALSE,44,"Dunnock","Prunella modularis","#fea614","avian","https://media.birdweather.com/species/44/Dunnock-standard-a705d7131240cedd1c407b5a19989591.jpg","https://media.birdweather.com/species/44/Dunnock-thumbnail-1036624855b82c96db4ad23d1ed9d702.jpg","https://media.birdweather.com/species/44/Dunnock-png200-951bb2cdb9ec585716907d8eac83882e.png","lQgGDwB9pneQhHlwWjeK2ZK6d/kdFaUA",11449763168,"https://media.birdweather.com/soundscapes/6891/6891-20260505-171808.flac",0,3,"birdnetpi"
7476757542,6891,"2026-05-05T19:16:51.000+02:00",0.87,0.997795641422272,9.65377206670546,"almost_certain","2p4",NA,51.5697,6.0054,FALSE,407,"Common Wood-Pigeon","Columba palumbus","#028fb2","avian","https://media.birdweather.com/species/407/CommonWood-Pigeon-standard-5558900260c92622ceef8a812b06518e.jpg","https://media.birdweather.com/species/407/CommonWood-Pigeon-thumbnail-4b86c907c8b82c8af31d566b811dee05.jpg","https://media.birdweather.com/species/407/CommonWood-Pigeon-png200-533b13201573be3895fcec3e61e861b5.png","2ukFHwIHiYeWxnZUiniYZ3h5h6+rCIQH",11449725491,"https://media.birdweather.com/soundscapes/6891/6891-20260505-171651.flac",0,3,"birdnetpi"
7476740906,6891,"2026-05-05T19:16:12.000+02:00",0.89,0.672991514205933,9.1680357169352,"almost_certain","2p4",NA,51.5626,6.0045,FALSE,44,"Dunnock","Prunella modularis","#fea614","avian","https://media.birdweather.com/species/44/Dunnock-standard-a705d7131240cedd1c407b5a19989591.jpg","https://media.birdweather.com/species/44/Dunnock-thumbnail-1036624855b82c96db4ad23d1ed9d702.jpg","https://media.birdweather.com/species/44/Dunnock-png200-951bb2cdb9ec585716907d8eac83882e.png","lQgGDwB9pneQhHlwWjeK2ZK6d/kdFaUA",11449707636,"https://media.birdweather.com/soundscapes/6891/6891-20260505-171612.flac",0,3,"birdnetpi"
7476730316,6891,"2026-05-05T19:15:48.000+02:00",0.96,0.672991514205933,9.32163641536057,"almost_certain","2p4",NA,51.5678,6.0011,FALSE,44,"Dunnock","Prunella modularis","#fea614","avian","https://media.birdweather.com/species/44/Dunnock-standard-a705d7131240cedd1c407b5a19989591.jpg","https://media.birdweather.com/species/44/Dunnock-thumbnail-1036624855b82c96db4ad23d1ed9d702.jpg","https://media.birdweather.com/species/44/Dunnock-png200-951bb2cdb9ec585716907d8eac83882e.png","lQgGDwB9pneQhHlwWjeK2ZK6d/kdFaUA",11449696362,"https://media.birdweather.com/soundscapes/6891/6891-20260505-171548.flac",0,3,"birdnetpi"
7476719416,6891,"2026-05-05T19:15:23.000+02:00",0.99,0.672991514205933,9.38253533008261,"almost_certain","2p4",NA,51.5643,6.0007,FALSE,44,"Dunnock","Prunella modularis","#fea614","avian","https://media.birdweather.com/species/44/Dunnock-standard-a705d7131240cedd1c407b5a19989591.jpg","https://media.birdweather.com/species/44/Dunnock-thumbnail-1036624855b82c96db4ad23d1ed9d702.jpg","https://media.birdweather.com/species/44/Dunnock-png200-951bb2cdb9ec585716907d8eac83882e.png","lQgGDwB9pneQhHlwWjeK2ZK6d/kdFaUA",11449685035,"https://media.birdweather.com/soundscapes/6891/6891-20260505-171523.flac",0,3,"birdnetpi"
7476708444,6891,"2026-05-05T19:15:05.000+02:00",1,0.672991514205933,9.40224790039199,"almost_certain","2p4",NA,51.5615,6.005,FALSE,44,"Dunnock","Prunella modularis","#fea614","avian","https://media.birdweather.com/species/44/Dunnock-standard-a705d7131240cedd1c407b5a19989591.jpg","https://media.birdweather.com/species/44/Dunnock-thumbnail-1036624855b82c96db4ad23d1ed9d702.jpg","https://media.birdweather.com/species/44/Dunnock-png200-951bb2cdb9ec585716907d8eac83882e.png","lQgGDwB9pneQhHlwWjeK2ZK6d/kdFaUA",11449673765,"https://media.birdweather.com/soundscapes/6891/6891-20260505-171505.flac",0,3,"birdnetpi"
7476699036,6891,"2026-05-05T19:14:38.000+02:00",1,0.672991514205933,9.40224790039199,"almost_certain","2p4",NA,51.5651,6.0038,FALSE,44,"Dunnock","Prunella modularis","#fea614","avian","https://media.birdweather.com/species/44/Dunnock-standard-a705d7131240cedd1c407b5a19989591.jpg","https://media.birdweather.com/species/44/Dunnock-thumbnail-1036624855b82c96db4ad23d1ed9d702.jpg","https://media.birdweather.com/species/44/Dunnock-png200-951bb2cdb9ec585716907d8eac83882e.png","lQgGDwB9pneQhHlwWjeK2ZK6d/kdFaUA",11449663369,"https://media.birdweather.com/soundscapes/6891/6891-20260505-171438.flac",0,3,"birdnetpi"
7476689808,6891,"2026-05-05T19:14:23.000+02:00",1,0.672991514205933,9.40224790039199,"almost_certain","2p4",NA,51.5684,6.0018,FALSE,44,"Dunnock","Prunella modularis","#fea614","avian","https://media.birdweather.com/species/44/Dunnock-standard-a705d7131240cedd1c407b5a19989591.jpg","https://media.birdweather.com/species/44/Dunnock-thumbnail-1036624855b82c96db4ad23d1ed9d702.jpg","https://media.birdweather.com/species/44/Dunnock-png200-951bb2cdb9ec585716907d8eac83882e.png","lQgGDwB9pneQhHlwWjeK2ZK6d/kdFaUA",11449653513,"https://media.birdweather.com/soundscapes/6891/6891-20260505-171423.flac",0,3,"birdnetpi"
7476680243,6891,"2026-05-05T19:13:59.000+02:00",0.98,0.672991514205933,9.36253497487563,"almost_certain","2p4",NA,51.5635,6.001,FALSE,44,"Dunnock","Prunella modularis","#fea614","avian","https://media.birdweather.com/species/44/Dunnock-standard-a705d7131240cedd1c407b5a19989591.jpg","https://media.birdweather.com/species/44/Dunnock-thumbnail-1036624855b82c96db4ad23d1ed9d702.jpg","https://media.birdweather.com/species/44/Dunnock-png200-951bb2cdb9ec585716907d8eac83882e.png","lQgGDwB9pneQhHlwWjeK2ZK6d/kdFaUA",11449643347,"https://media.birdweather.com/soundscapes/6891/6891-20260505-171359.flac",0,3,"birdnetpi"
7476669965,6891,"2026-05-05T19:13:32.000+02:00",0.96,0.672991514205933,9.32163641536057,"almost_certain","2p4",NA,51.5629,6.0042,FALSE,44,"Dunnock","Prunella modularis","#fea614","avian","https://media.birdweather.com/species/44/Dunnock-standard-a705d7131240cedd1c407b5a19989591.jpg","https://media.birdweather.com/species/44/Dunnock-thumbnail-1036624855b82c96db4ad23d1ed9d702.jpg","https://media.birdweather.com/species/44/Dunnock-png200-951bb2cdb9ec585716907d8eac83882e.png","lQgGDwB9pneQhHlwWjeK2ZK6d/kdFaUA",11449632564,"https://media.birdweather.com/soundscapes/6891/6891-20260505-171332.flac",0,3,"birdnetpi"
7476650422,6891,"2026-05-05T19:12:45.000+02:00",0.96,0.991870403289795,9.84654027042637,"almost_certain","2p4",NA,51.5642,6.001,FALSE,25,"Common Chaffinch","Fringilla coelebs","#fb7eff","avian","https://media.birdweather.com/species/25/CommonChaffinch-standard-d8edb223d1ec828ee0cda788e8f5f209.jpg","https://media.birdweather.com/species/25/CommonChaffinch-thumbnail-7ba0a46bb0cd7efdb3215242f9528140.jpg","https://media.birdweather.com/species/25/CommonChaffinch-png200-ced617224ab07c316109e2d0e9078f2e.png","WfgJDwKGhIbAbHimmnhluHh2tv25ZoAD",11449611400,"https://media.birdweather.com/soundscapes/6891/6891-20260505-171245.flac",0,3,"birdnetpi"
7476630839,6891,"2026-05-05T19:12:01.000+02:00",0.95,0.991870403289795,9.82562383360719,"almost_certain","2p4",NA,51.5666,6.0073,FALSE,25,"Common Chaffinch","Fringilla coelebs","#fb7eff","avian","https://media.birdweather.com/species/25/CommonChaffinch-standard-d8edb223d1ec828ee0cda788e8f5f209.jpg","https://media.birdweather.com/species/25/CommonChaffinch-thumbnail-7ba0a46bb0cd7efdb3215242f9528140.jpg","https://media.birdweather.com/species/25/CommonChaffinch-png200-ced617224ab07c316109e2d0e9078f2e.png","WfgJDwKGhIbAbHimmnhluHh2tv25ZoAD",11449590158,"https://media.birdweather.com/soundscapes/6891/6891-20260505-171201.flac",0,3,"birdnetpi"
7476623567,6891,"2026-05-05T19:11:43.000+02:00",0.9,0.991870403289795,9.71596532409445,"almost_certain","2p4",NA,51.5683,6.0091,FALSE,25,"Common Chaffinch","Fringilla coelebs","#fb7eff","avian","https://media.birdweather.com/species/25/CommonChaffinch-standard-d8edb223d1ec828ee0cda788e8f5f209.jpg","https://media.birdweather.com/species/25/CommonChaffinch-thumbnail-7ba0a46bb0cd7efdb3215242f9528140.jpg","https://media.birdweather.com/species/25/CommonChaffinch-png200-ced617224ab07c316109e2d0e9078f2e.png","WfgJDwKGhIbAbHimmnhluHh2tv25ZoAD",11449582267,"https://media.birdweather.com/soundscapes/6891/6891-20260505-171143.flac",0,3,"birdnetpi"
7476599802,6891,"2026-05-05T19:10:52.000+02:00",0.99,0.672991514205933,9.38253533008261,"almost_certain","2p4",NA,51.5704,6.0019,FALSE,44,"Dunnock","Prunella modularis","#fea614","avian","https://media.birdweather.com/species/44/Dunnock-standard-a705d7131240cedd1c407b5a19989591.jpg","https://media.birdweather.com/species/44/Dunnock-thumbnail-1036624855b82c96db4ad23d1ed9d702.jpg","https://media.birdweather.com/species/44/Dunnock-png200-951bb2cdb9ec585716907d8eac83882e.png","lQgGDwB9pneQhHlwWjeK2ZK6d/kdFaUA",11449557251,"https://media.birdweather.com/soundscapes/6891/6891-20260505-171052.flac",0,3,"birdnetpi"
7476588713,6891,"2026-05-05T19:10:26.000+02:00",0.86,0.991870403289795,9.62144509015732,"almost_certain","2p4",NA,51.5637,6.0071,FALSE,25,"Common Chaffinch","Fringilla coelebs","#fb7eff","avian","https://media.birdweather.com/species/25/CommonChaffinch-standard-d8edb223d1ec828ee0cda788e8f5f209.jpg","https://media.birdweather.com/species/25/CommonChaffinch-thumbnail-7ba0a46bb0cd7efdb3215242f9528140.jpg","https://media.birdweather.com/species/25/CommonChaffinch-png200-ced617224ab07c316109e2d0e9078f2e.png","WfgJDwKGhIbAbHimmnhluHh2tv25ZoAD",11449545520,"https://media.birdweather.com/soundscapes/6891/6891-20260505-171026.flac",0,3,"birdnetpi"
7476583156,6891,"2026-05-05T19:10:22.000+02:00",0.94,0.997795641422272,9.81246165397488,"almost_certain","2p4",NA,51.563,6.0011,FALSE,407,"Common Wood-Pigeon","Columba palumbus","#028fb2","avian","https://media.birdweather.com/species/407/CommonWood-Pigeon-standard-5558900260c92622ceef8a812b06518e.jpg","https://media.birdweather.com/species/407/CommonWood-Pigeon-thumbnail-4b86c907c8b82c8af31d566b811dee05.jpg","https://media.birdweather.com/species/407/CommonWood-Pigeon-png200-533b13201573be3895fcec3e61e861b5.png","2ukFHwIHiYeWxnZUiniYZ3h5h6+rCIQH",11449539836,"https://media.birdweather.com/soundscapes/6891/6891-20260505-171022.flac",0,3,"birdnetpi"
7476580986,6891,"2026-05-05T19:10:13.000+02:00",0.78,0.672991514205933,8.88535480372818,"almost_certain","2p4",NA,51.5688,6.0064,FALSE,44,"Dunnock","Prunella modularis","#fea614","avian","https://media.birdweather.com/species/44/Dunnock-standard-a705d7131240cedd1c407b5a19989591.jpg","https://media.birdweather.com/species/44/Dunnock-thumbnail-1036624855b82c96db4ad23d1ed9d702.jpg","https://media.birdweather.com/species/44/Dunnock-png200-951bb2cdb9ec585716907d8eac83882e.png","lQgGDwB9pneQhHlwWjeK2ZK6d/kdFaUA",11449537537,"https://media.birdweather.com/soundscapes/6891/6891-20260505-171013.flac",0,3,"birdnetpi"
7476547652,6891,"2026-05-05T19:08:54.000+02:00",0.78,0.991870403289795,9.41025865879398,"almost_certain","2p4",NA,51.5647,6.0034,FALSE,25,"Common Chaffinch","Fringilla coelebs","#fb7eff","avian","https://media.birdweather.com/species/25/CommonChaffinch-standard-d8edb223d1ec828ee0cda788e8f5f209.jpg","https://media.birdweather.com/species/25/CommonChaffinch-thumbnail-7ba0a46bb0cd7efdb3215242f9528140.jpg","https://media.birdweather.com/species/25/CommonChaffinch-png200-ced617224ab07c316109e2d0e9078f2e.png","WfgJDwKGhIbAbHimmnhluHh2tv25ZoAD",11449502285,"https://media.birdweather.com/soundscapes/6891/6891-20260505-170854.flac",0,3,"birdnetpi"
7476516316,6891,"2026-05-05T19:07:42.000+02:00",0.88,0.991870403289795,9.66952019829877,"almost_certain","2p4",NA,51.5658,6.0063,FALSE,25,"Common Chaffinch","Fringilla coelebs","#fb7eff","avian","https://media.birdweather.com/species/25/CommonChaffinch-standard-d8edb223d1ec828ee0cda788e8f5f209.jpg","https://media.birdweather.com/species/25/CommonChaffinch-thumbnail-7ba0a46bb0cd7efdb3215242f9528140.jpg","https://media.birdweather.com/species/25/CommonChaffinch-png200-ced617224ab07c316109e2d0e9078f2e.png","WfgJDwKGhIbAbHimmnhluHh2tv25ZoAD",11449468963,"https://media.birdweather.com/soundscapes/6891/6891-20260505-170742.flac",0,3,"birdnetpi"
7476507220,6891,"2026-05-05T19:07:24.000+02:00",0.93,0.991870403289795,9.78280784900657,"almost_certain","2p4",NA,51.562,6.0078,FALSE,25,"Common Chaffinch","Fringilla coelebs","#fb7eff","avian","https://media.birdweather.com/species/25/CommonChaffinch-standard-d8edb223d1ec828ee0cda788e8f5f209.jpg","https://media.birdweather.com/species/25/CommonChaffinch-thumbnail-7ba0a46bb0cd7efdb3215242f9528140.jpg","https://media.birdweather.com/species/25/CommonChaffinch-png200-ced617224ab07c316109e2d0e9078f2e.png","WfgJDwKGhIbAbHimmnhluHh2tv25ZoAD",11449459407,"https://media.birdweather.com/soundscapes/6891/6891-20260505-170724.flac",0,3,"birdnetpi"
7476495762,6891,"2026-05-05T19:06:58.000+02:00",0.72,0.991870403289795,9.22732065089838,"almost_certain","2p4",NA,51.5643,6.0022,FALSE,25,"Common Chaffinch","Fringilla coelebs","#fb7eff","avian","https://media.birdweather.com/species/25/CommonChaffinch-standard-d8edb223d1ec828ee0cda788e8f5f209.jpg","https://media.birdweather.com/species/25/CommonChaffinch-thumbnail-7ba0a46bb0cd7efdb3215242f9528140.jpg","https://media.birdweather.com/species/25/CommonChaffinch-png200-ced617224ab07c316109e2d0e9078f2e.png","WfgJDwKGhIbAbHimmnhluHh2tv25ZoAD",11449447236,"https://media.birdweather.com/soundscapes/6891/6891-20260505-170658.flac",0,3,"birdnetpi"
7476485019,6891,"2026-05-05T19:06:40.000+02:00",0.99,0.999183833599091,9.91740355459112,"almost_certain","2p4",NA,51.5698,6.0017,FALSE,35,"Eurasian Blackbird","Turdus merula","#ff65df","avian","https://media.birdweather.com/species/35/EurasianBlackbird-standard-618b3a5132c7c359fb2a2884c39deb39.jpg","https://media.birdweather.com/species/35/EurasianBlackbird-thumbnail-276878929bed08167d1fd9bf34d63d40.jpg","https://media.birdweather.com/species/35/EurasianBlackbird-png200-ba5a1b43225da4611cac429c52a52c81.png","GfkFFwKRmrx2ZYiaaQe69nlzScn3T7IA",11449435959,"https://media.birdweather.com/soundscapes/6891/6891-20260505-170640.flac",0,3,"birdnetpi"
7476487535,6891,"2026-05-05T19:06:37.000+02:00",0.76,0.991870403289795,9.35195198704023,"almost_certain","2p4",NA,51.568,6.0075,FALSE,25,"Common Chaffinch","Fringilla coelebs","#fb7eff","avian","https://media.birdweather.com/species/25/CommonChaffinch-standard-d8edb223d1ec828ee0cda788e8f5f209.jpg","https://media.birdweather.com/species/25/CommonChaffinch-thumbnail-7ba0a46bb0cd7efdb3215242f9528140.jpg","https://media.birdweather.com/species/25/CommonChaffinch-png200-ced617224ab07c316109e2d0e9078f2e.png","WfgJDwKGhIbAbHimmnhluHh2tv25ZoAD",11449438468,"https://media.birdweather.com/soundscapes/6891/6891-20260505-170637.flac",0,3,"birdnetpi"
7476473962,6891,"2026-05-05T19:06:13.000+02:00",0.99,0.999183833599091,9.91740355459112,"almost_certain","2p4",NA,51.5617,6.0029,FALSE,35,"Eurasian Blackbird","Turdus merula","#ff65df","avian","https://media.birdweather.com/species/35/EurasianBlackbird-standard-618b3a5132c7c359fb2a2884c39deb39.jpg","https://media.birdweather.com/species/35/EurasianBlackbird-thumbnail-276878929bed08167d1fd9bf34d63d40.jpg","https://media.birdweather.com/species/35/EurasianBlackbird-png200-ba5a1b43225da4611cac429c52a52c81.png","GfkFFwKRmrx2ZYiaaQe69nlzScn3T7IA",11449424272,"https://media.birdweather.com/soundscapes/6891/6891-20260505-170613.flac",0,3,"birdnetpi"
7476463080,6891,"2026-05-05T19:05:49.000+02:00",0.98,0.999183833599091,9.89740319938414,"almost_certain","2p4",NA,51.5621,6.0017,FALSE,35,"Eurasian Blackbird","Turdus merula","#ff65df","avian","https://media.birdweather.com/species/35/EurasianBlackbird-standard-618b3a5132c7c359fb2a2884c39deb39.jpg","https://media.birdweather.com/species/35/EurasianBlackbird-thumbnail-276878929bed08167d1fd9bf34d63d40.jpg","https://media.birdweather.com/species/35/EurasianBlackbird-png200-ba5a1b43225da4611cac429c52a52c81.png","GfkFFwKRmrx2ZYiaaQe69nlzScn3T7IA",11449413113,"https://media.birdweather.com/soundscapes/6891/6891-20260505-170549.flac",0,3,"birdnetpi"
7476452290,6891,"2026-05-05T19:05:20.000+02:00",1,0.999183833599091,9.93711612490049,"almost_certain","2p4",NA,51.5675,6.0059,FALSE,35,"Eurasian Blackbird","Turdus merula","#ff65df","avian","https://media.birdweather.com/species/35/EurasianBlackbird-standard-618b3a5132c7c359fb2a2884c39deb39.jpg","https://media.birdweather.com/species/35/EurasianBlackbird-thumbnail-276878929bed08167d1fd9bf34d63d40.jpg","https://media.birdweather.com/species/35/EurasianBlackbird-png200-ba5a1b43225da4611cac429c52a52c81.png","GfkFFwKRmrx2ZYiaaQe69nlzScn3T7IA",11449401845,"https://media.birdweather.com/soundscapes/6891/6891-20260505-170520.flac",0,3,"birdnetpi"
7476441165,6891,"2026-05-05T19:05:01.000+02:00",1,0.999183833599091,9.93711612490049,"almost_certain","2p4",NA,51.5687,6.0029,FALSE,35,"Eurasian Blackbird","Turdus merula","#ff65df","avian","https://media.birdweather.com/species/35/EurasianBlackbird-standard-618b3a5132c7c359fb2a2884c39deb39.jpg","https://media.birdweather.com/species/35/EurasianBlackbird-thumbnail-276878929bed08167d1fd9bf34d63d40.jpg","https://media.birdweather.com/species/35/EurasianBlackbird-png200-ba5a1b43225da4611cac429c52a52c81.png","GfkFFwKRmrx2ZYiaaQe69nlzScn3T7IA",11449390155,"https://media.birdweather.com/soundscapes/6891/6891-20260505-170501.flac",0,3,"birdnetpi"
7476429985,6891,"2026-05-05T19:04:30.000+02:00",1,0.672991514205933,9.40224790039199,"almost_certain","2p4",NA,51.5689,6.0008,FALSE,44,"Dunnock","Prunella modularis","#fea614","avian","https://media.birdweather.com/species/44/Dunnock-standard-a705d7131240cedd1c407b5a19989591.jpg","https://media.birdweather.com/species/44/Dunnock-thumbnail-1036624855b82c96db4ad23d1ed9d702.jpg","https://media.birdweather.com/species/44/Dunnock-png200-951bb2cdb9ec585716907d8eac83882e.png","lQgGDwB9pneQhHlwWjeK2ZK6d/kdFaUA",11449378332,"https://media.birdweather.com/soundscapes/6891/6891-20260505-170430.flac",0,3,"birdnetpi"
7476396308,6891,"2026-05-05T19:03:17.000+02:00",0.99,0.236734092235565,7.98764074755935,"almost_certain","2p4",NA,51.5615,6.0049,FALSE,20,"Black Redstart","Phoenicurus ochruros","#c8ce2d","avian","https://media.birdweather.com/species/20/BlackRedstart-standard-4255c9b712ecb46ea7d3df8d556c18e7.jpg","https://media.birdweather.com/species/20/BlackRedstart-thumbnail-2fee59acc1ecc6be7238da194869e940.jpg","https://media.birdweather.com/species/20/BlackRedstart-png200-cbc0625b8b4889aeec1da754ad906efd.png","2QgGFwT8epa+l3ZlZ5hntnh4Z/6oyZ8I",11449343101,"https://media.birdweather.com/soundscapes/6891/6891-20260505-170317.flac",0,3,"birdnetpi"
7476392767,6891,"2026-05-05T19:03:06.000+02:00",0.81,0.991870403289795,9.4933143906825,"almost_certain","2p4",NA,51.5688,6.006,FALSE,25,"Common Chaffinch","Fringilla coelebs","#fb7eff","avian","https://media.birdweather.com/species/25/CommonChaffinch-standard-d8edb223d1ec828ee0cda788e8f5f209.jpg","https://media.birdweather.com/species/25/CommonChaffinch-thumbnail-7ba0a46bb0cd7efdb3215242f9528140.jpg","https://media.birdweather.com/species/25/CommonChaffinch-png200-ced617224ab07c316109e2d0e9078f2e.png","WfgJDwKGhIbAbHimmnhluHh2tv25ZoAD",11449339421,"https://media.birdweather.com/soundscapes/6891/6891-20260505-170306.flac",0,3,"birdnetpi"
7476386361,6891,"2026-05-05T19:03:01.000+02:00",0.96,0.236734092235565,7.92674183283731,"almost_certain","2p4",NA,51.5681,6.003,FALSE,20,"Black Redstart","Phoenicurus ochruros","#c8ce2d","avian","https://media.birdweather.com/species/20/BlackRedstart-standard-4255c9b712ecb46ea7d3df8d556c18e7.jpg","https://media.birdweather.com/species/20/BlackRedstart-thumbnail-2fee59acc1ecc6be7238da194869e940.jpg","https://media.birdweather.com/species/20/BlackRedstart-png200-cbc0625b8b4889aeec1da754ad906efd.png","2QgGFwT8epa+l3ZlZ5hntnh4Z/6oyZ8I",11449332319,"https://media.birdweather.com/soundscapes/6891/6891-20260505-170301.flac",0,3,"birdnetpi"
7476385122,6891,"2026-05-05T19:02:48.000+02:00",0.72,0.991870403289795,9.22732065089838,"almost_certain","2p4",NA,51.569,6.0024,FALSE,25,"Common Chaffinch","Fringilla coelebs","#fb7eff","avian","https://media.birdweather.com/species/25/CommonChaffinch-standard-d8edb223d1ec828ee0cda788e8f5f209.jpg","https://media.birdweather.com/species/25/CommonChaffinch-thumbnail-7ba0a46bb0cd7efdb3215242f9528140.jpg","https://media.birdweather.com/species/25/CommonChaffinch-png200-ced617224ab07c316109e2d0e9078f2e.png","WfgJDwKGhIbAbHimmnhluHh2tv25ZoAD",11449330982,"https://media.birdweather.com/soundscapes/6891/6891-20260505-170248.flac",0,3,"birdnetpi"
7476352580,6891,"2026-05-05T19:01:34.000+02:00",0.96,0.236734092235565,7.92674183283731,"almost_certain","2p4",NA,51.5643,6.0042,FALSE,20,"Black Redstart","Phoenicurus ochruros","#c8ce2d","avian","https://media.birdweather.com/species/20/BlackRedstart-standard-4255c9b712ecb46ea7d3df8d556c18e7.jpg","https://media.birdweather.com/species/20/BlackRedstart-thumbnail-2fee59acc1ecc6be7238da194869e940.jpg","https://media.birdweather.com/species/20/BlackRedstart-png200-cbc0625b8b4889aeec1da754ad906efd.png","2QgGFwT8epa+l3ZlZ5hntnh4Z/6oyZ8I",11449296242,"https://media.birdweather.com/soundscapes/6891/6891-20260505-170134.flac",0,3,"birdnetpi"
7476345953,6891,"2026-05-05T19:01:19.000+02:00",0.72,0.236734092235565,7.30752221330932,"almost_certain","2p4",NA,51.5651,6.0024,FALSE,20,"Black Redstart","Phoenicurus ochruros","#c8ce2d","avian","https://media.birdweather.com/species/20/BlackRedstart-standard-4255c9b712ecb46ea7d3df8d556c18e7.jpg","https://media.birdweather.com/species/20/BlackRedstart-thumbnail-2fee59acc1ecc6be7238da194869e940.jpg","https://media.birdweather.com/species/20/BlackRedstart-png200-cbc0625b8b4889aeec1da754ad906efd.png","2QgGFwT8epa+l3ZlZ5hntnh4Z/6oyZ8I",11449289185,"https://media.birdweather.com/soundscapes/6891/6891-20260505-170119.flac",0,3,"birdnetpi"
7476322011,6891,"2026-05-05T19:00:28.000+02:00",0.88,0.236734092235565,7.7497217607097,"almost_certain","2p4",NA,51.5704,6.0092,FALSE,20,"Black Redstart","Phoenicurus ochruros","#c8ce2d","avian","https://media.birdweather.com/species/20/BlackRedstart-standard-4255c9b712ecb46ea7d3df8d556c18e7.jpg","https://media.birdweather.com/species/20/BlackRedstart-thumbnail-2fee59acc1ecc6be7238da194869e940.jpg","https://media.birdweather.com/species/20/BlackRedstart-png200-cbc0625b8b4889aeec1da754ad906efd.png","2QgGFwT8epa+l3ZlZ5hntnh4Z/6oyZ8I",11449264352,"https://media.birdweather.com/soundscapes/6891/6891-20260505-170028.flac",0,3,"birdnetpi"
7476242004,6891,"2026-05-05T18:57:24.000+02:00",0.7,0.999183833599091,9.17044249542897,"almost_certain","2p4",NA,51.5651,6.0079,FALSE,35,"Eurasian Blackbird","Turdus merula","#ff65df","avian","https://media.birdweather.com/species/35/EurasianBlackbird-standard-618b3a5132c7c359fb2a2884c39deb39.jpg","https://media.birdweather.com/species/35/EurasianBlackbird-thumbnail-276878929bed08167d1fd9bf34d63d40.jpg","https://media.birdweather.com/species/35/EurasianBlackbird-png200-ba5a1b43225da4611cac429c52a52c81.png","GfkFFwKRmrx2ZYiaaQe69nlzScn3T7IA",11449178774,"https://media.birdweather.com/soundscapes/6891/6891-20260505-165724.flac",0,3,"birdnetpi"
7476220015,6891,"2026-05-05T18:56:38.000+02:00",0.79,0.961844444274902,9.3968204751866,"almost_certain","2p4",NA,51.5659,6.0072,FALSE,51,"Common Chiffchaff","Phylloscopus collybita","#234bb2","avian","https://media.birdweather.com/species/51/CommonChiffchaff-standard-51b65ae67159c1d7e6b40d2e5032b8bc.jpg","https://media.birdweather.com/species/51/CommonChiffchaff-thumbnail-db7cc6cc80c51cac95a6cceb51a0a66f.jpg","https://media.birdweather.com/species/51/CommonChiffchaff-png200-e06677bd5f83c96ea17aab076a5e64dd.png","HSkCDwJplXeiMFilxTzIyVZplYf32ZcA",11449155492,"https://media.birdweather.com/soundscapes/6891/6891-20260505-165638.flac",0,3,"birdnetpi"
7476052788,6891,"2026-05-05T18:50:17.000+02:00",0.78,0.999183833599091,9.42022302823668,"almost_certain","2p4",NA,51.5626,6.0008,FALSE,35,"Eurasian Blackbird","Turdus merula","#ff65df","avian","https://media.birdweather.com/species/35/EurasianBlackbird-standard-618b3a5132c7c359fb2a2884c39deb39.jpg","https://media.birdweather.com/species/35/EurasianBlackbird-thumbnail-276878929bed08167d1fd9bf34d63d40.jpg","https://media.birdweather.com/species/35/EurasianBlackbird-png200-ba5a1b43225da4611cac429c52a52c81.png","GfkFFwKRmrx2ZYiaaQe69nlzScn3T7IA",11448978726,"https://media.birdweather.com/soundscapes/6891/6891-20260505-165017.flac",0,3,"birdnetpi"
7475948521,6891,"2026-05-05T18:46:20.000+02:00",0.96,0.236734092235565,7.92674183283731,"almost_certain","2p4",NA,51.5688,6.0029,FALSE,20,"Black Redstart","Phoenicurus ochruros","#c8ce2d","avian","https://media.birdweather.com/species/20/BlackRedstart-standard-4255c9b712ecb46ea7d3df8d556c18e7.jpg","https://media.birdweather.com/species/20/BlackRedstart-thumbnail-2fee59acc1ecc6be7238da194869e940.jpg","https://media.birdweather.com/species/20/BlackRedstart-png200-cbc0625b8b4889aeec1da754ad906efd.png","2QgGFwT8epa+l3ZlZ5hntnh4Z/6oyZ8I",11448867901,"https://media.birdweather.com/soundscapes/6891/6891-20260505-164620.flac",0,3,"birdnetpi"
7475901546,6891,"2026-05-05T18:44:35.000+02:00",0.88,0.476928234100342,8.68105535311451,"almost_certain","2p4",NA,51.5648,6.0037,FALSE,103,"Eurasian Collared-Dove","Streptopelia decaocto","#006e2a","avian","https://media.birdweather.com/species/103/EurasianCollared-Dove-standard-e0c74c4f1ffe5357c4759579380dab35.jpg","https://media.birdweather.com/species/103/EurasianCollared-Dove-thumbnail-53ccb5f0a5d0640a1e766dd99c28ebca.jpg","https://media.birdweather.com/species/103/EurasianCollared-Dove-png200-4efa83c8c5efbdb09427b3c3fa247357.png","pvcFFwLpd4RvlJeUWZh2eXh4VxBqBZIH",11448818160,"https://media.birdweather.com/soundscapes/6891/6891-20260505-164435.flac",0,3,"birdnetpi"
7475734854,6891,"2026-05-05T18:38:28.000+02:00",0.85,0.236734092235565,7.67696130002959,"almost_certain","2p4",NA,51.5652,6.0007,FALSE,20,"Black Redstart","Phoenicurus ochruros","#c8ce2d","avian","https://media.birdweather.com/species/20/BlackRedstart-standard-4255c9b712ecb46ea7d3df8d556c18e7.jpg","https://media.birdweather.com/species/20/BlackRedstart-thumbnail-2fee59acc1ecc6be7238da194869e940.jpg","https://media.birdweather.com/species/20/BlackRedstart-png200-cbc0625b8b4889aeec1da754ad906efd.png","2QgGFwT8epa+l3ZlZ5hntnh4Z/6oyZ8I",11448644380,"https://media.birdweather.com/soundscapes/6891/6891-20260505-163828.flac",0,3,"birdnetpi"
7475718995,6891,"2026-05-05T18:37:57.000+02:00",0.96,0.236734092235565,7.92674183283731,"almost_certain","2p4",NA,51.5642,6.0019,FALSE,20,"Black Redstart","Phoenicurus ochruros","#c8ce2d","avian","https://media.birdweather.com/species/20/BlackRedstart-standard-4255c9b712ecb46ea7d3df8d556c18e7.jpg","https://media.birdweather.com/species/20/BlackRedstart-thumbnail-2fee59acc1ecc6be7238da194869e940.jpg","https://media.birdweather.com/species/20/BlackRedstart-png200-cbc0625b8b4889aeec1da754ad906efd.png","2QgGFwT8epa+l3ZlZ5hntnh4Z/6oyZ8I",11448627979,"https://media.birdweather.com/soundscapes/6891/6891-20260505-163757.flac",0,3,"birdnetpi"
7475691430,6891,"2026-05-05T18:36:52.000+02:00",0.87,0.236734092235565,7.72589507319444,"almost_certain","2p4",NA,51.5623,6.0014,FALSE,20,"Black Redstart","Phoenicurus ochruros","#c8ce2d","avian","https://media.birdweather.com/species/20/BlackRedstart-standard-4255c9b712ecb46ea7d3df8d556c18e7.jpg","https://media.birdweather.com/species/20/BlackRedstart-thumbnail-2fee59acc1ecc6be7238da194869e940.jpg","https://media.birdweather.com/species/20/BlackRedstart-png200-cbc0625b8b4889aeec1da754ad906efd.png","2QgGFwT8epa+l3ZlZ5hntnh4Z/6oyZ8I",11448598482,"https://media.birdweather.com/soundscapes/6891/6891-20260505-163652.flac",0,3,"birdnetpi"
7475680086,6891,"2026-05-05T18:36:26.000+02:00",0.93,0.236734092235565,7.86300941141751,"almost_certain","2p4",NA,51.5682,6.0045,FALSE,20,"Black Redstart","Phoenicurus ochruros","#c8ce2d","avian","https://media.birdweather.com/species/20/BlackRedstart-standard-4255c9b712ecb46ea7d3df8d556c18e7.jpg","https://media.birdweather.com/species/20/BlackRedstart-thumbnail-2fee59acc1ecc6be7238da194869e940.jpg","https://media.birdweather.com/species/20/BlackRedstart-png200-cbc0625b8b4889aeec1da754ad906efd.png","2QgGFwT8epa+l3ZlZ5hntnh4Z/6oyZ8I",11448586168,"https://media.birdweather.com/soundscapes/6891/6891-20260505-163626.flac",0,3,"birdnetpi"
7475673401,6891,"2026-05-05T18:36:15.000+02:00",0.94,0.839938700199127,9.57907330114144,"almost_certain","2p4",NA,51.5622,6.0027,FALSE,1,"House Sparrow","Passer domesticus","#d16ff8","avian","https://media.birdweather.com/species/1/HouseSparrow-standard-b861184cf45c092cdb45fd689dd676ef.jpg","https://media.birdweather.com/species/1/HouseSparrow-thumbnail-e9cbc91763a1579de8ef04880678b5e3.jpg","https://media.birdweather.com/species/1/HouseSparrow-png200-125e8603e1efe9d7a18316b94f06a65e.png","XAgCDwD8qpukuHiqtLZ9mImnmPFcDO4E",11448579200,"https://media.birdweather.com/soundscapes/6891/6891-20260505-163615.flac",0,3,"birdnetpi"
7475664720,6891,"2026-05-05T18:35:51.000+02:00",0.82,0.839938700199127,9.29460737139524,"almost_certain","2p4",NA,51.5658,6.0085,FALSE,1,"House Sparrow","Passer domesticus","#d16ff8","avian","https://media.birdweather.com/species/1/HouseSparrow-standard-b861184cf45c092cdb45fd689dd676ef.jpg","https://media.birdweather.com/species/1/HouseSparrow-thumbnail-e9cbc91763a1579de8ef04880678b5e3.jpg","https://media.birdweather.com/species/1/HouseSparrow-png200-125e8603e1efe9d7a18316b94f06a65e.png","XAgCDwD8qpukuHiqtLZ9mImnmPFcDO4E",11448569804,"https://media.birdweather.com/soundscapes/6891/6891-20260505-163551.flac",0,3,"birdnetpi"
7475655438,6891,"2026-05-05T18:35:26.000+02:00",0.95,0.236734092235565,7.90582539601813,"almost_certain","2p4",NA,51.5664,6.0046,FALSE,20,"Black Redstart","Phoenicurus ochruros","#c8ce2d","avian","https://media.birdweather.com/species/20/BlackRedstart-standard-4255c9b712ecb46ea7d3df8d556c18e7.jpg","https://media.birdweather.com/species/20/BlackRedstart-thumbnail-2fee59acc1ecc6be7238da194869e940.jpg","https://media.birdweather.com/species/20/BlackRedstart-png200-cbc0625b8b4889aeec1da754ad906efd.png","2QgGFwT8epa+l3ZlZ5hntnh4Z/6oyZ8I",11448559999,"https://media.birdweather.com/soundscapes/6891/6891-20260505-163526.flac",0,3,"birdnetpi"
7475637188,6891,"2026-05-05T18:34:44.000+02:00",0.99,0.236734092235565,7.98764074755935,"almost_certain","2p4",NA,51.5642,6.0084,FALSE,20,"Black Redstart","Phoenicurus ochruros","#c8ce2d","avian","https://media.birdweather.com/species/20/BlackRedstart-standard-4255c9b712ecb46ea7d3df8d556c18e7.jpg","https://media.birdweather.com/species/20/BlackRedstart-thumbnail-2fee59acc1ecc6be7238da194869e940.jpg","https://media.birdweather.com/species/20/BlackRedstart-png200-cbc0625b8b4889aeec1da754ad906efd.png","2QgGFwT8epa+l3ZlZ5hntnh4Z/6oyZ8I",11448540255,"https://media.birdweather.com/soundscapes/6891/6891-20260505-163444.flac",0,3,"birdnetpi"
7475635138,6891,"2026-05-05T18:34:37.000+02:00",0.79,0.476928234100342,8.45004223707747,"almost_certain","2p4",NA,51.5646,6.0058,FALSE,103,"Eurasian Collared-Dove","Streptopelia decaocto","#006e2a","avian","https://media.birdweather.com/species/103/EurasianCollared-Dove-standard-e0c74c4f1ffe5357c4759579380dab35.jpg","https://media.birdweather.com/species/103/EurasianCollared-Dove-thumbnail-53ccb5f0a5d0640a1e766dd99c28ebca.jpg","https://media.birdweather.com/species/103/EurasianCollared-Dove-png200-4efa83c8c5efbdb09427b3c3fa247357.png","pvcFFwLpd4RvlJeUWZh2eXh4VxBqBZIH",11448538090,"https://media.birdweather.com/soundscapes/6891/6891-20260505-163437.flac",0,3,"birdnetpi"
7475594331,6891,"2026-05-05T18:33:05.000+02:00",1,0.672991514205933,9.40224790039199,"almost_certain","2p4",NA,51.5632,6.0082,FALSE,44,"Dunnock","Prunella modularis","#fea614","avian","https://media.birdweather.com/species/44/Dunnock-standard-a705d7131240cedd1c407b5a19989591.jpg","https://media.birdweather.com/species/44/Dunnock-thumbnail-1036624855b82c96db4ad23d1ed9d702.jpg","https://media.birdweather.com/species/44/Dunnock-png200-951bb2cdb9ec585716907d8eac83882e.png","lQgGDwB9pneQhHlwWjeK2ZK6d/kdFaUA",11448494438,"https://media.birdweather.com/soundscapes/6891/6891-20260505-163305.flac",0,3,"birdnetpi"
7475567414,6891,"2026-05-05T18:32:05.000+02:00",0.77,0.622888922691345,8.75213474986278,"almost_certain","2p4",NA,51.5644,6.0025,FALSE,76,"Eurasian Jackdaw","Corvus monedula","#f36f1b","avian","https://media.birdweather.com/species/76/EurasianJackdaw-standard-55cbd4006f743c538a3264a1fb86d41c.jpg","https://media.birdweather.com/species/76/EurasianJackdaw-thumbnail-80ecf23afe76ea22483b4f8043e19339.jpg","https://media.birdweather.com/species/76/EurasianJackdaw-png200-862dbf9b3725619bb5532ba255c32118.png","4AgKDwL2i2d1homOY0modph5OL/1qHAJ",11448465616,"https://media.birdweather.com/soundscapes/6891/6891-20260505-163205.flac",0,3,"birdnetpi"
7475521530,6891,"2026-05-05T18:30:23.000+02:00",0.7,0.236734092235565,7.2406796883972,"almost_certain","2p4",NA,51.5649,6.0067,FALSE,20,"Black Redstart","Phoenicurus ochruros","#c8ce2d","avian","https://media.birdweather.com/species/20/BlackRedstart-standard-4255c9b712ecb46ea7d3df8d556c18e7.jpg","https://media.birdweather.com/species/20/BlackRedstart-thumbnail-2fee59acc1ecc6be7238da194869e940.jpg","https://media.birdweather.com/species/20/BlackRedstart-png200-cbc0625b8b4889aeec1da754ad906efd.png","2QgGFwT8epa+l3ZlZ5hntnh4Z/6oyZ8I",11448418174,"https://media.birdweather.com/soundscapes/6891/6891-20260505-163023.flac",0,3,"birdnetpi"
7475500307,6891,"2026-05-05T18:29:37.000+02:00",0.96,0.236734092235565,7.92674183283731,"almost_certain","2p4",NA,51.5617,6.0061,FALSE,20,"Black Redstart","Phoenicurus ochruros","#c8ce2d","avian","https://media.birdweather.com/species/20/BlackRedstart-standard-4255c9b712ecb46ea7d3df8d556c18e7.jpg","https://media.birdweather.com/species/20/BlackRedstart-thumbnail-2fee59acc1ecc6be7238da194869e940.jpg","https://media.birdweather.com/species/20/BlackRedstart-png200-cbc0625b8b4889aeec1da754ad906efd.png","2QgGFwT8epa+l3ZlZ5hntnh4Z/6oyZ8I",11448395727,"https://media.birdweather.com/soundscapes/6891/6891-20260505-162937.flac",0,3,"birdnetpi"
7475493836,6891,"2026-05-05T18:29:19.000+02:00",0.83,0.836401343345642,9.31498970220682,"almost_certain","2p4",NA,51.5624,6.0045,FALSE,95,"White Wagtail","Motacilla alba","#457700","avian","https://media.birdweather.com/species/95/WhiteWagtail-standard-c3e712d95481fd4c30012b3afc4ee61f.jpg","https://media.birdweather.com/species/95/WhiteWagtail-thumbnail-645080e5b8667eaccbc9a938f781f907.jpg","https://media.birdweather.com/species/95/WhiteWagtail-png200-38e3473b44d59c0f49a722ef0b7250cd.png","2PcFJwZKpplweXdymnZouGiofwaoZ4AL",11448389060,"https://media.birdweather.com/soundscapes/6891/6891-20260505-162919.flac",0,3,"birdnetpi"
7475471053,6891,"2026-05-05T18:28:31.000+02:00",1,0.672991514205933,9.40224790039199,"almost_certain","2p4",NA,51.5626,6.0042,FALSE,44,"Dunnock","Prunella modularis","#fea614","avian","https://media.birdweather.com/species/44/Dunnock-standard-a705d7131240cedd1c407b5a19989591.jpg","https://media.birdweather.com/species/44/Dunnock-thumbnail-1036624855b82c96db4ad23d1ed9d702.jpg","https://media.birdweather.com/species/44/Dunnock-png200-951bb2cdb9ec585716907d8eac83882e.png","lQgGDwB9pneQhHlwWjeK2ZK6d/kdFaUA",11448365620,"https://media.birdweather.com/soundscapes/6891/6891-20260505-162831.flac",0,3,"birdnetpi"
7475434412,6891,"2026-05-05T18:27:11.000+02:00",0.95,0.672991514205933,9.30071997854139,"almost_certain","2p4",NA,51.5619,6.0015,FALSE,44,"Dunnock","Prunella modularis","#fea614","avian","https://media.birdweather.com/species/44/Dunnock-standard-a705d7131240cedd1c407b5a19989591.jpg","https://media.birdweather.com/species/44/Dunnock-thumbnail-1036624855b82c96db4ad23d1ed9d702.jpg","https://media.birdweather.com/species/44/Dunnock-png200-951bb2cdb9ec585716907d8eac83882e.png","lQgGDwB9pneQhHlwWjeK2ZK6d/kdFaUA",11448327738,"https://media.birdweather.com/soundscapes/6891/6891-20260505-162711.flac",0,3,"birdnetpi"
7475362100,6891,"2026-05-05T18:24:30.000+02:00",0.87,0.999183833599091,9.65565788022621,"almost_certain","2p4",NA,51.5704,6.0092,FALSE,35,"Eurasian Blackbird","Turdus merula","#ff65df","avian","https://media.birdweather.com/species/35/EurasianBlackbird-standard-618b3a5132c7c359fb2a2884c39deb39.jpg","https://media.birdweather.com/species/35/EurasianBlackbird-thumbnail-276878929bed08167d1fd9bf34d63d40.jpg","https://media.birdweather.com/species/35/EurasianBlackbird-png200-ba5a1b43225da4611cac429c52a52c81.png","GfkFFwKRmrx2ZYiaaQe69nlzScn3T7IA",11448252808,"https://media.birdweather.com/soundscapes/6891/6891-20260505-162430.flac",0,3,"birdnetpi"
7475309955,6891,"2026-05-05T18:22:44.000+02:00",0.82,0.672991514205933,8.99501331324092,"almost_certain","2p4",NA,51.5643,6.0037,FALSE,44,"Dunnock","Prunella modularis","#fea614","avian","https://media.birdweather.com/species/44/Dunnock-standard-a705d7131240cedd1c407b5a19989591.jpg","https://media.birdweather.com/species/44/Dunnock-thumbnail-1036624855b82c96db4ad23d1ed9d702.jpg","https://media.birdweather.com/species/44/Dunnock-png200-951bb2cdb9ec585716907d8eac83882e.png","lQgGDwB9pneQhHlwWjeK2ZK6d/kdFaUA",11448199402,"https://media.birdweather.com/soundscapes/6891/6891-20260505-162244.flac",0,3,"birdnetpi"
7475299646,6891,"2026-05-05T18:22:22.000+02:00",1,0.672991514205933,9.40224790039199,"almost_certain","2p4",NA,51.5681,6.0051,FALSE,44,"Dunnock","Prunella modularis","#fea614","avian","https://media.birdweather.com/species/44/Dunnock-standard-a705d7131240cedd1c407b5a19989591.jpg","https://media.birdweather.com/species/44/Dunnock-thumbnail-1036624855b82c96db4ad23d1ed9d702.jpg","https://media.birdweather.com/species/44/Dunnock-png200-951bb2cdb9ec585716907d8eac83882e.png","lQgGDwB9pneQhHlwWjeK2ZK6d/kdFaUA",11448188695,"https://media.birdweather.com/soundscapes/6891/6891-20260505-162222.flac",0,3,"birdnetpi"
7475150769,6891,"2026-05-05T18:16:41.000+02:00",0.99,0.236734092235565,7.98764074755935,"almost_certain","2p4",NA,51.5634,6.0073,FALSE,20,"Black Redstart","Phoenicurus ochruros","#c8ce2d","avian","https://media.birdweather.com/species/20/BlackRedstart-standard-4255c9b712ecb46ea7d3df8d556c18e7.jpg","https://media.birdweather.com/species/20/BlackRedstart-thumbnail-2fee59acc1ecc6be7238da194869e940.jpg","https://media.birdweather.com/species/20/BlackRedstart-png200-cbc0625b8b4889aeec1da754ad906efd.png","2QgGFwT8epa+l3ZlZ5hntnh4Z/6oyZ8I",11448034302,"https://media.birdweather.com/soundscapes/6891/6891-20260505-161641.flac",0,3,"birdnetpi"
7475140683,6891,"2026-05-05T18:16:30.000+02:00",1,0.236734092235565,8.00735331786873,"almost_certain","2p4",NA,51.5699,6.0028,FALSE,20,"Black Redstart","Phoenicurus ochruros","#c8ce2d","avian","https://media.birdweather.com/species/20/BlackRedstart-standard-4255c9b712ecb46ea7d3df8d556c18e7.jpg","https://media.birdweather.com/species/20/BlackRedstart-thumbnail-2fee59acc1ecc6be7238da194869e940.jpg","https://media.birdweather.com/species/20/BlackRedstart-png200-cbc0625b8b4889aeec1da754ad906efd.png","2QgGFwT8epa+l3ZlZ5hntnh4Z/6oyZ8I",11448024103,"https://media.birdweather.com/soundscapes/6891/6891-20260505-161630.flac",0,3,"birdnetpi"
7475130498,6891,"2026-05-05T18:16:06.000+02:00",0.95,0.236734092235565,7.90582539601813,"almost_certain","2p4",NA,51.569,6.0059,FALSE,20,"Black Redstart","Phoenicurus ochruros","#c8ce2d","avian","https://media.birdweather.com/species/20/BlackRedstart-standard-4255c9b712ecb46ea7d3df8d556c18e7.jpg","https://media.birdweather.com/species/20/BlackRedstart-thumbnail-2fee59acc1ecc6be7238da194869e940.jpg","https://media.birdweather.com/species/20/BlackRedstart-png200-cbc0625b8b4889aeec1da754ad906efd.png","2QgGFwT8epa+l3ZlZ5hntnh4Z/6oyZ8I",11448013673,"https://media.birdweather.com/soundscapes/6891/6891-20260505-161606.flac",0,3,"birdnetpi"
7475122716,6891,"2026-05-05T18:15:42.000+02:00",1,0.236734092235565,8.00735331786873,"almost_certain","2p4",NA,51.5651,6.0006,FALSE,20,"Black Redstart","Phoenicurus ochruros","#c8ce2d","avian","https://media.birdweather.com/species/20/BlackRedstart-standard-4255c9b712ecb46ea7d3df8d556c18e7.jpg","https://media.birdweather.com/species/20/BlackRedstart-thumbnail-2fee59acc1ecc6be7238da194869e940.jpg","https://media.birdweather.com/species/20/BlackRedstart-png200-cbc0625b8b4889aeec1da754ad906efd.png","2QgGFwT8epa+l3ZlZ5hntnh4Z/6oyZ8I",11448005753,"https://media.birdweather.com/soundscapes/6891/6891-20260505-161542.flac",0,3,"birdnetpi"
7475111856,6891,"2026-05-05T18:15:15.000+02:00",0.72,0.999183833599091,9.23728502034109,"almost_certain","2p4",NA,51.5637,6.0087,FALSE,35,"Eurasian Blackbird","Turdus merula","#ff65df","avian","https://media.birdweather.com/species/35/EurasianBlackbird-standard-618b3a5132c7c359fb2a2884c39deb39.jpg","https://media.birdweather.com/species/35/EurasianBlackbird-thumbnail-276878929bed08167d1fd9bf34d63d40.jpg","https://media.birdweather.com/species/35/EurasianBlackbird-png200-ba5a1b43225da4611cac429c52a52c81.png","GfkFFwKRmrx2ZYiaaQe69nlzScn3T7IA",11447994133,"https://media.birdweather.com/soundscapes/6891/6891-20260505-161515.flac",0,3,"birdnetpi"
7475093720,6891,"2026-05-05T18:14:40.000+02:00",0.83,0.999183833599091,9.55597756485928,"almost_certain","2p4",NA,51.5656,6.0076,FALSE,35,"Eurasian Blackbird","Turdus merula","#ff65df","avian","https://media.birdweather.com/species/35/EurasianBlackbird-standard-618b3a5132c7c359fb2a2884c39deb39.jpg","https://media.birdweather.com/species/35/EurasianBlackbird-thumbnail-276878929bed08167d1fd9bf34d63d40.jpg","https://media.birdweather.com/species/35/EurasianBlackbird-png200-ba5a1b43225da4611cac429c52a52c81.png","GfkFFwKRmrx2ZYiaaQe69nlzScn3T7IA",11447975077,"https://media.birdweather.com/soundscapes/6891/6891-20260505-161440.flac",0,3,"birdnetpi"
7474863633,6891,"2026-05-05T18:06:07.000+02:00",0.73,0.940908372402191,9.18803490269539,"almost_certain","2p4",NA,51.5642,6.002,FALSE,397,"Barn Swallow","Hirundo rustica","#c85500","avian","https://media.birdweather.com/species/397/BarnSwallow-standard-66c9cb8916403efe633a420fe54e3bc6.jpg","https://media.birdweather.com/species/397/BarnSwallow-thumbnail-418cddeb212e9e1ce5d35f61a3040433.jpg","https://media.birdweather.com/species/397/BarnSwallow-png200-317c812ebfcec488fad1824feff99dbc.png","IAgKHwKLhnmThXdPl1i3p3ll51f4jngP",11447735356,"https://media.birdweather.com/soundscapes/6891/6891-20260505-160607.flac",0,3,"birdnetpi"
7474682843,6891,"2026-05-05T17:59:25.000+02:00",0.99,0.999183833599091,9.91740355459112,"almost_certain","2p4",NA,51.5692,6.0042,FALSE,35,"Eurasian Blackbird","Turdus merula","#ff65df","avian","https://media.birdweather.com/species/35/EurasianBlackbird-standard-618b3a5132c7c359fb2a2884c39deb39.jpg","https://media.birdweather.com/species/35/EurasianBlackbird-thumbnail-276878929bed08167d1fd9bf34d63d40.jpg","https://media.birdweather.com/species/35/EurasianBlackbird-png200-ba5a1b43225da4611cac429c52a52c81.png","GfkFFwKRmrx2ZYiaaQe69nlzScn3T7IA",11447548204,"https://media.birdweather.com/soundscapes/6891/6891-20260505-155925.flac",0,3,"birdnetpi"
7474669309,6891,"2026-05-05T17:58:58.000+02:00",0.99,0.999183833599091,9.91740355459112,"almost_certain","2p4",NA,51.5666,6.0035,FALSE,35,"Eurasian Blackbird","Turdus merula","#ff65df","avian","https://media.birdweather.com/species/35/EurasianBlackbird-standard-618b3a5132c7c359fb2a2884c39deb39.jpg","https://media.birdweather.com/species/35/EurasianBlackbird-thumbnail-276878929bed08167d1fd9bf34d63d40.jpg","https://media.birdweather.com/species/35/EurasianBlackbird-png200-ba5a1b43225da4611cac429c52a52c81.png","GfkFFwKRmrx2ZYiaaQe69nlzScn3T7IA",11447534514,"https://media.birdweather.com/soundscapes/6891/6891-20260505-155858.flac",0,3,"birdnetpi"
7474658228,6891,"2026-05-05T17:58:34.000+02:00",0.99,0.999183833599091,9.91740355459112,"almost_certain","2p4",NA,51.5636,6.0064,FALSE,35,"Eurasian Blackbird","Turdus merula","#ff65df","avian","https://media.birdweather.com/species/35/EurasianBlackbird-standard-618b3a5132c7c359fb2a2884c39deb39.jpg","https://media.birdweather.com/species/35/EurasianBlackbird-thumbnail-276878929bed08167d1fd9bf34d63d40.jpg","https://media.birdweather.com/species/35/EurasianBlackbird-png200-ba5a1b43225da4611cac429c52a52c81.png","GfkFFwKRmrx2ZYiaaQe69nlzScn3T7IA",11447523370,"https://media.birdweather.com/soundscapes/6891/6891-20260505-155834.flac",0,3,"birdnetpi"
7474646777,6891,"2026-05-05T17:58:14.000+02:00",1,0.999183833599091,9.93711612490049,"almost_certain","2p4",NA,51.5683,6.0071,FALSE,35,"Eurasian Blackbird","Turdus merula","#ff65df","avian","https://media.birdweather.com/species/35/EurasianBlackbird-standard-618b3a5132c7c359fb2a2884c39deb39.jpg","https://media.birdweather.com/species/35/EurasianBlackbird-thumbnail-276878929bed08167d1fd9bf34d63d40.jpg","https://media.birdweather.com/species/35/EurasianBlackbird-png200-ba5a1b43225da4611cac429c52a52c81.png","GfkFFwKRmrx2ZYiaaQe69nlzScn3T7IA",11447512012,"https://media.birdweather.com/soundscapes/6891/6891-20260505-155814.flac",0,3,"birdnetpi"
7474635929,6891,"2026-05-05T17:57:51.000+02:00",1,0.999183833599091,9.93711612490049,"almost_certain","2p4",NA,51.5661,6.0071,FALSE,35,"Eurasian Blackbird","Turdus merula","#ff65df","avian","https://media.birdweather.com/species/35/EurasianBlackbird-standard-618b3a5132c7c359fb2a2884c39deb39.jpg","https://media.birdweather.com/species/35/EurasianBlackbird-thumbnail-276878929bed08167d1fd9bf34d63d40.jpg","https://media.birdweather.com/species/35/EurasianBlackbird-png200-ba5a1b43225da4611cac429c52a52c81.png","GfkFFwKRmrx2ZYiaaQe69nlzScn3T7IA",11447500817,"https://media.birdweather.com/soundscapes/6891/6891-20260505-155751.flac",0,3,"birdnetpi"
7474625584,6891,"2026-05-05T17:57:21.000+02:00",1,0.999183833599091,9.93711612490049,"almost_certain","2p4",NA,51.5671,6.0019,FALSE,35,"Eurasian Blackbird","Turdus merula","#ff65df","avian","https://media.birdweather.com/species/35/EurasianBlackbird-standard-618b3a5132c7c359fb2a2884c39deb39.jpg","https://media.birdweather.com/species/35/EurasianBlackbird-thumbnail-276878929bed08167d1fd9bf34d63d40.jpg","https://media.birdweather.com/species/35/EurasianBlackbird-png200-ba5a1b43225da4611cac429c52a52c81.png","GfkFFwKRmrx2ZYiaaQe69nlzScn3T7IA",11447489923,"https://media.birdweather.com/soundscapes/6891/6891-20260505-155721.flac",0,3,"birdnetpi"
7474614905,6891,"2026-05-05T17:57:00.000+02:00",0.99,0.999183833599091,9.91740355459112,"almost_certain","2p4",NA,51.5687,6.0053,FALSE,35,"Eurasian Blackbird","Turdus merula","#ff65df","avian","https://media.birdweather.com/species/35/EurasianBlackbird-standard-618b3a5132c7c359fb2a2884c39deb39.jpg","https://media.birdweather.com/species/35/EurasianBlackbird-thumbnail-276878929bed08167d1fd9bf34d63d40.jpg","https://media.birdweather.com/species/35/EurasianBlackbird-png200-ba5a1b43225da4611cac429c52a52c81.png","GfkFFwKRmrx2ZYiaaQe69nlzScn3T7IA",11447479152,"https://media.birdweather.com/soundscapes/6891/6891-20260505-155700.flac",0,3,"birdnetpi"
7474603834,6891,"2026-05-05T17:56:33.000+02:00",1,0.999183833599091,9.93711612490049,"almost_certain","2p4",NA,51.5634,6.0043,FALSE,35,"Eurasian Blackbird","Turdus merula","#ff65df","avian","https://media.birdweather.com/species/35/EurasianBlackbird-standard-618b3a5132c7c359fb2a2884c39deb39.jpg","https://media.birdweather.com/species/35/EurasianBlackbird-thumbnail-276878929bed08167d1fd9bf34d63d40.jpg","https://media.birdweather.com/species/35/EurasianBlackbird-png200-ba5a1b43225da4611cac429c52a52c81.png","GfkFFwKRmrx2ZYiaaQe69nlzScn3T7IA",11447467534,"https://media.birdweather.com/soundscapes/6891/6891-20260505-155633.flac",0,3,"birdnetpi"
7474592296,6891,"2026-05-05T17:56:09.000+02:00",0.98,0.999183833599091,9.89740319938414,"almost_certain","2p4",NA,51.5661,6.0017,FALSE,35,"Eurasian Blackbird","Turdus merula","#ff65df","avian","https://media.birdweather.com/species/35/EurasianBlackbird-standard-618b3a5132c7c359fb2a2884c39deb39.jpg","https://media.birdweather.com/species/35/EurasianBlackbird-thumbnail-276878929bed08167d1fd9bf34d63d40.jpg","https://media.birdweather.com/species/35/EurasianBlackbird-png200-ba5a1b43225da4611cac429c52a52c81.png","GfkFFwKRmrx2ZYiaaQe69nlzScn3T7IA",11447455728,"https://media.birdweather.com/soundscapes/6891/6891-20260505-155609.flac",0,3,"birdnetpi"
7474581193,6891,"2026-05-05T17:55:49.000+02:00",1,0.999183833599091,9.93711612490049,"almost_certain","2p4",NA,51.5702,6.0084,FALSE,35,"Eurasian Blackbird","Turdus merula","#ff65df","avian","https://media.birdweather.com/species/35/EurasianBlackbird-standard-618b3a5132c7c359fb2a2884c39deb39.jpg","https://media.birdweather.com/species/35/EurasianBlackbird-thumbnail-276878929bed08167d1fd9bf34d63d40.jpg","https://media.birdweather.com/species/35/EurasianBlackbird-png200-ba5a1b43225da4611cac429c52a52c81.png","GfkFFwKRmrx2ZYiaaQe69nlzScn3T7IA",11447444408,"https://media.birdweather.com/soundscapes/6891/6891-20260505-155549.flac",0,3,"birdnetpi"
7474570986,6891,"2026-05-05T17:55:22.000+02:00",0.98,0.999183833599091,9.89740319938414,"almost_certain","2p4",NA,51.5694,6.0078,FALSE,35,"Eurasian Blackbird","Turdus merula","#ff65df","avian","https://media.birdweather.com/species/35/EurasianBlackbird-standard-618b3a5132c7c359fb2a2884c39deb39.jpg","https://media.birdweather.com/species/35/EurasianBlackbird-thumbnail-276878929bed08167d1fd9bf34d63d40.jpg","https://media.birdweather.com/species/35/EurasianBlackbird-png200-ba5a1b43225da4611cac429c52a52c81.png","GfkFFwKRmrx2ZYiaaQe69nlzScn3T7IA",11447434062,"https://media.birdweather.com/soundscapes/6891/6891-20260505-155522.flac",0,3,"birdnetpi"
7474559874,6891,"2026-05-05T17:54:59.000+02:00",1,0.999183833599091,9.93711612490049,"almost_certain","2p4",NA,51.5662,6.0046,FALSE,35,"Eurasian Blackbird","Turdus merula","#ff65df","avian","https://media.birdweather.com/species/35/EurasianBlackbird-standard-618b3a5132c7c359fb2a2884c39deb39.jpg","https://media.birdweather.com/species/35/EurasianBlackbird-thumbnail-276878929bed08167d1fd9bf34d63d40.jpg","https://media.birdweather.com/species/35/EurasianBlackbird-png200-ba5a1b43225da4611cac429c52a52c81.png","GfkFFwKRmrx2ZYiaaQe69nlzScn3T7IA",11447422793,"https://media.birdweather.com/soundscapes/6891/6891-20260505-155459.flac",0,3,"birdnetpi"
7474548888,6891,"2026-05-05T17:54:34.000+02:00",0.9,0.997795641422272,9.7240438800164,"almost_certain","2p4",NA,51.5631,6.0052,FALSE,407,"Common Wood-Pigeon","Columba palumbus","#028fb2","avian","https://media.birdweather.com/species/407/CommonWood-Pigeon-standard-5558900260c92622ceef8a812b06518e.jpg","https://media.birdweather.com/species/407/CommonWood-Pigeon-thumbnail-4b86c907c8b82c8af31d566b811dee05.jpg","https://media.birdweather.com/species/407/CommonWood-Pigeon-png200-533b13201573be3895fcec3e61e861b5.png","2ukFHwIHiYeWxnZUiniYZ3h5h6+rCIQH",11447411561,"https://media.birdweather.com/soundscapes/6891/6891-20260505-155434.flac",0,3,"birdnetpi"
7474546658,6891,"2026-05-05T17:54:31.000+02:00",1,0.999183833599091,9.93711612490049,"almost_certain","2p4",NA,51.5661,6.001,FALSE,35,"Eurasian Blackbird","Turdus merula","#ff65df","avian","https://media.birdweather.com/species/35/EurasianBlackbird-standard-618b3a5132c7c359fb2a2884c39deb39.jpg","https://media.birdweather.com/species/35/EurasianBlackbird-thumbnail-276878929bed08167d1fd9bf34d63d40.jpg","https://media.birdweather.com/species/35/EurasianBlackbird-png200-ba5a1b43225da4611cac429c52a52c81.png","GfkFFwKRmrx2ZYiaaQe69nlzScn3T7IA",11447409233,"https://media.birdweather.com/soundscapes/6891/6891-20260505-155431.flac",0,3,"birdnetpi"
7474531392,6891,"2026-05-05T17:53:58.000+02:00",1,0.999183833599091,9.93711612490049,"almost_certain","2p4",NA,51.5647,6.0054,FALSE,35,"Eurasian Blackbird","Turdus merula","#ff65df","avian","https://media.birdweather.com/species/35/EurasianBlackbird-standard-618b3a5132c7c359fb2a2884c39deb39.jpg","https://media.birdweather.com/species/35/EurasianBlackbird-thumbnail-276878929bed08167d1fd9bf34d63d40.jpg","https://media.birdweather.com/species/35/EurasianBlackbird-png200-ba5a1b43225da4611cac429c52a52c81.png","GfkFFwKRmrx2ZYiaaQe69nlzScn3T7IA",11447393754,"https://media.birdweather.com/soundscapes/6891/6891-20260505-155358.flac",0,3,"birdnetpi"
7474519083,6891,"2026-05-05T17:53:36.000+02:00",0.99,0.999183833599091,9.91740355459112,"almost_certain","2p4",NA,51.5683,6.0046,FALSE,35,"Eurasian Blackbird","Turdus merula","#ff65df","avian","https://media.birdweather.com/species/35/EurasianBlackbird-standard-618b3a5132c7c359fb2a2884c39deb39.jpg","https://media.birdweather.com/species/35/EurasianBlackbird-thumbnail-276878929bed08167d1fd9bf34d63d40.jpg","https://media.birdweather.com/species/35/EurasianBlackbird-png200-ba5a1b43225da4611cac429c52a52c81.png","GfkFFwKRmrx2ZYiaaQe69nlzScn3T7IA",11447381200,"https://media.birdweather.com/soundscapes/6891/6891-20260505-155336.flac",0,3,"birdnetpi"
7474511601,6891,"2026-05-05T17:53:15.000+02:00",0.99,0.999183833599091,9.91740355459112,"almost_certain","2p4",NA,51.5669,6.0094,FALSE,35,"Eurasian Blackbird","Turdus merula","#ff65df","avian","https://media.birdweather.com/species/35/EurasianBlackbird-standard-618b3a5132c7c359fb2a2884c39deb39.jpg","https://media.birdweather.com/species/35/EurasianBlackbird-thumbnail-276878929bed08167d1fd9bf34d63d40.jpg","https://media.birdweather.com/species/35/EurasianBlackbird-png200-ba5a1b43225da4611cac429c52a52c81.png","GfkFFwKRmrx2ZYiaaQe69nlzScn3T7IA",11447373648,"https://media.birdweather.com/soundscapes/6891/6891-20260505-155315.flac",0,3,"birdnetpi"
7474501461,6891,"2026-05-05T17:52:53.000+02:00",1,0.999183833599091,9.93711612490049,"almost_certain","2p4",NA,51.5633,6.0045,FALSE,35,"Eurasian Blackbird","Turdus merula","#ff65df","avian","https://media.birdweather.com/species/35/EurasianBlackbird-standard-618b3a5132c7c359fb2a2884c39deb39.jpg","https://media.birdweather.com/species/35/EurasianBlackbird-thumbnail-276878929bed08167d1fd9bf34d63d40.jpg","https://media.birdweather.com/species/35/EurasianBlackbird-png200-ba5a1b43225da4611cac429c52a52c81.png","GfkFFwKRmrx2ZYiaaQe69nlzScn3T7IA",11447363407,"https://media.birdweather.com/soundscapes/6891/6891-20260505-155253.flac",0,3,"birdnetpi"
7474493221,6891,"2026-05-05T17:52:35.000+02:00",1,0.999183833599091,9.93711612490049,"almost_certain","2p4",NA,51.5672,6.0033,FALSE,35,"Eurasian Blackbird","Turdus merula","#ff65df","avian","https://media.birdweather.com/species/35/EurasianBlackbird-standard-618b3a5132c7c359fb2a2884c39deb39.jpg","https://media.birdweather.com/species/35/EurasianBlackbird-thumbnail-276878929bed08167d1fd9bf34d63d40.jpg","https://media.birdweather.com/species/35/EurasianBlackbird-png200-ba5a1b43225da4611cac429c52a52c81.png","GfkFFwKRmrx2ZYiaaQe69nlzScn3T7IA",11447354885,"https://media.birdweather.com/soundscapes/6891/6891-20260505-155235.flac",0,3,"birdnetpi"
7474482775,6891,"2026-05-05T17:52:20.000+02:00",0.75,0.997795641422272,9.32991944075746,"almost_certain","2p4",NA,51.5632,6.0038,FALSE,407,"Common Wood-Pigeon","Columba palumbus","#028fb2","avian","https://media.birdweather.com/species/407/CommonWood-Pigeon-standard-5558900260c92622ceef8a812b06518e.jpg","https://media.birdweather.com/species/407/CommonWood-Pigeon-thumbnail-4b86c907c8b82c8af31d566b811dee05.jpg","https://media.birdweather.com/species/407/CommonWood-Pigeon-png200-533b13201573be3895fcec3e61e861b5.png","2ukFHwIHiYeWxnZUiniYZ3h5h6+rCIQH",11447344075,"https://media.birdweather.com/soundscapes/6891/6891-20260505-155220.flac",0,3,"birdnetpi"
7474481825,6891,"2026-05-05T17:52:13.000+02:00",1,0.999183833599091,9.93711612490049,"almost_certain","2p4",NA,51.5621,6.0033,FALSE,35,"Eurasian Blackbird","Turdus merula","#ff65df","avian","https://media.birdweather.com/species/35/EurasianBlackbird-standard-618b3a5132c7c359fb2a2884c39deb39.jpg","https://media.birdweather.com/species/35/EurasianBlackbird-thumbnail-276878929bed08167d1fd9bf34d63d40.jpg","https://media.birdweather.com/species/35/EurasianBlackbird-png200-ba5a1b43225da4611cac429c52a52c81.png","GfkFFwKRmrx2ZYiaaQe69nlzScn3T7IA",11447343068,"https://media.birdweather.com/soundscapes/6891/6891-20260505-155213.flac",0,3,"birdnetpi"
7474471502,6891,"2026-05-05T17:51:52.000+02:00",1,0.999183833599091,9.93711612490049,"almost_certain","2p4",NA,51.5652,6.0029,FALSE,35,"Eurasian Blackbird","Turdus merula","#ff65df","avian","https://media.birdweather.com/species/35/EurasianBlackbird-standard-618b3a5132c7c359fb2a2884c39deb39.jpg","https://media.birdweather.com/species/35/EurasianBlackbird-thumbnail-276878929bed08167d1fd9bf34d63d40.jpg","https://media.birdweather.com/species/35/EurasianBlackbird-png200-ba5a1b43225da4611cac429c52a52c81.png","GfkFFwKRmrx2ZYiaaQe69nlzScn3T7IA",11447332373,"https://media.birdweather.com/soundscapes/6891/6891-20260505-155152.flac",0,3,"birdnetpi"
7474459483,6891,"2026-05-05T17:51:28.000+02:00",1,0.999183833599091,9.93711612490049,"almost_certain","2p4",NA,51.5653,6.009,FALSE,35,"Eurasian Blackbird","Turdus merula","#ff65df","avian","https://media.birdweather.com/species/35/EurasianBlackbird-standard-618b3a5132c7c359fb2a2884c39deb39.jpg","https://media.birdweather.com/species/35/EurasianBlackbird-thumbnail-276878929bed08167d1fd9bf34d63d40.jpg","https://media.birdweather.com/species/35/EurasianBlackbird-png200-ba5a1b43225da4611cac429c52a52c81.png","GfkFFwKRmrx2ZYiaaQe69nlzScn3T7IA",11447319729,"https://media.birdweather.com/soundscapes/6891/6891-20260505-155128.flac",0,3,"birdnetpi"
7474450077,6891,"2026-05-05T17:51:00.000+02:00",1,0.999183833599091,9.93711612490049,"almost_certain","2p4",NA,51.5657,6.0053,FALSE,35,"Eurasian Blackbird","Turdus merula","#ff65df","avian","https://media.birdweather.com/species/35/EurasianBlackbird-standard-618b3a5132c7c359fb2a2884c39deb39.jpg","https://media.birdweather.com/species/35/EurasianBlackbird-thumbnail-276878929bed08167d1fd9bf34d63d40.jpg","https://media.birdweather.com/species/35/EurasianBlackbird-png200-ba5a1b43225da4611cac429c52a52c81.png","GfkFFwKRmrx2ZYiaaQe69nlzScn3T7IA",11447310264,"https://media.birdweather.com/soundscapes/6891/6891-20260505-155100.flac",0,3,"birdnetpi"
7474440874,6891,"2026-05-05T17:50:40.000+02:00",0.93,0.997795641422272,9.79088640492852,"almost_certain","2p4",NA,51.5646,6.0065,FALSE,407,"Common Wood-Pigeon","Columba palumbus","#028fb2","avian","https://media.birdweather.com/species/407/CommonWood-Pigeon-standard-5558900260c92622ceef8a812b06518e.jpg","https://media.birdweather.com/species/407/CommonWood-Pigeon-thumbnail-4b86c907c8b82c8af31d566b811dee05.jpg","https://media.birdweather.com/species/407/CommonWood-Pigeon-png200-533b13201573be3895fcec3e61e861b5.png","2ukFHwIHiYeWxnZUiniYZ3h5h6+rCIQH",11447300433,"https://media.birdweather.com/soundscapes/6891/6891-20260505-155040.flac",0,3,"birdnetpi"
7474433951,6891,"2026-05-05T17:50:28.000+02:00",0.99,0.999183833599091,9.91740355459112,"almost_certain","2p4",NA,51.57,6.0052,FALSE,35,"Eurasian Blackbird","Turdus merula","#ff65df","avian","https://media.birdweather.com/species/35/EurasianBlackbird-standard-618b3a5132c7c359fb2a2884c39deb39.jpg","https://media.birdweather.com/species/35/EurasianBlackbird-thumbnail-276878929bed08167d1fd9bf34d63d40.jpg","https://media.birdweather.com/species/35/EurasianBlackbird-png200-ba5a1b43225da4611cac429c52a52c81.png","GfkFFwKRmrx2ZYiaaQe69nlzScn3T7IA",11447293347,"https://media.birdweather.com/soundscapes/6891/6891-20260505-155028.flac",0,3,"birdnetpi"
7474431205,6891,"2026-05-05T17:50:16.000+02:00",0.99,0.997795641422272,9.91551774107037,"almost_certain","2p4",NA,51.567,6.0072,FALSE,407,"Common Wood-Pigeon","Columba palumbus","#028fb2","avian","https://media.birdweather.com/species/407/CommonWood-Pigeon-standard-5558900260c92622ceef8a812b06518e.jpg","https://media.birdweather.com/species/407/CommonWood-Pigeon-thumbnail-4b86c907c8b82c8af31d566b811dee05.jpg","https://media.birdweather.com/species/407/CommonWood-Pigeon-png200-533b13201573be3895fcec3e61e861b5.png","2ukFHwIHiYeWxnZUiniYZ3h5h6+rCIQH",11447290555,"https://media.birdweather.com/soundscapes/6891/6891-20260505-155016.flac",0,3,"birdnetpi"
7474425714,6891,"2026-05-05T17:50:04.000+02:00",0.99,0.999183833599091,9.91740355459112,"almost_certain","2p4",NA,51.564,6.0078,FALSE,35,"Eurasian Blackbird","Turdus merula","#ff65df","avian","https://media.birdweather.com/species/35/EurasianBlackbird-standard-618b3a5132c7c359fb2a2884c39deb39.jpg","https://media.birdweather.com/species/35/EurasianBlackbird-thumbnail-276878929bed08167d1fd9bf34d63d40.jpg","https://media.birdweather.com/species/35/EurasianBlackbird-png200-ba5a1b43225da4611cac429c52a52c81.png","GfkFFwKRmrx2ZYiaaQe69nlzScn3T7IA",11447284916,"https://media.birdweather.com/soundscapes/6891/6891-20260505-155004.flac",0,3,"birdnetpi"
7474404741,6891,"2026-05-05T17:49:20.000+02:00",1,0.999183833599091,9.93711612490049,"almost_certain","2p4",NA,51.5685,6.0093,FALSE,35,"Eurasian Blackbird","Turdus merula","#ff65df","avian","https://media.birdweather.com/species/35/EurasianBlackbird-standard-618b3a5132c7c359fb2a2884c39deb39.jpg","https://media.birdweather.com/species/35/EurasianBlackbird-thumbnail-276878929bed08167d1fd9bf34d63d40.jpg","https://media.birdweather.com/species/35/EurasianBlackbird-png200-ba5a1b43225da4611cac429c52a52c81.png","GfkFFwKRmrx2ZYiaaQe69nlzScn3T7IA",11447263360,"https://media.birdweather.com/soundscapes/6891/6891-20260505-154920.flac",0,3,"birdnetpi"
7474394751,6891,"2026-05-05T17:49:07.000+02:00",0.99,0.999183833599091,9.91740355459112,"almost_certain","2p4",NA,51.5642,6.0061,FALSE,35,"Eurasian Blackbird","Turdus merula","#ff65df","avian","https://media.birdweather.com/species/35/EurasianBlackbird-standard-618b3a5132c7c359fb2a2884c39deb39.jpg","https://media.birdweather.com/species/35/EurasianBlackbird-thumbnail-276878929bed08167d1fd9bf34d63d40.jpg","https://media.birdweather.com/species/35/EurasianBlackbird-png200-ba5a1b43225da4611cac429c52a52c81.png","GfkFFwKRmrx2ZYiaaQe69nlzScn3T7IA",11447253101,"https://media.birdweather.com/soundscapes/6891/6891-20260505-154907.flac",0,3,"birdnetpi"
7474385568,6891,"2026-05-05T17:48:36.000+02:00",0.95,0.999183833599091,9.8355882030499,"almost_certain","2p4",NA,51.5676,6.004,FALSE,35,"Eurasian Blackbird","Turdus merula","#ff65df","avian","https://media.birdweather.com/species/35/EurasianBlackbird-standard-618b3a5132c7c359fb2a2884c39deb39.jpg","https://media.birdweather.com/species/35/EurasianBlackbird-thumbnail-276878929bed08167d1fd9bf34d63d40.jpg","https://media.birdweather.com/species/35/EurasianBlackbird-png200-ba5a1b43225da4611cac429c52a52c81.png","GfkFFwKRmrx2ZYiaaQe69nlzScn3T7IA",11447243659,"https://media.birdweather.com/soundscapes/6891/6891-20260505-154836.flac",0,3,"birdnetpi"
7474362754,6891,"2026-05-05T17:47:56.000+02:00",0.97,0.999183833599091,9.8771065318585,"almost_certain","2p4",NA,51.57,6.0056,FALSE,35,"Eurasian Blackbird","Turdus merula","#ff65df","avian","https://media.birdweather.com/species/35/EurasianBlackbird-standard-618b3a5132c7c359fb2a2884c39deb39.jpg","https://media.birdweather.com/species/35/EurasianBlackbird-thumbnail-276878929bed08167d1fd9bf34d63d40.jpg","https://media.birdweather.com/species/35/EurasianBlackbird-png200-ba5a1b43225da4611cac429c52a52c81.png","GfkFFwKRmrx2ZYiaaQe69nlzScn3T7IA",11447220346,"https://media.birdweather.com/soundscapes/6891/6891-20260505-154756.flac",0,3,"birdnetpi"
7474346559,6891,"2026-05-05T17:47:15.000+02:00",0.95,0.999183833599091,9.8355882030499,"almost_certain","2p4",NA,51.5677,6.004,FALSE,35,"Eurasian Blackbird","Turdus merula","#ff65df","avian","https://media.birdweather.com/species/35/EurasianBlackbird-standard-618b3a5132c7c359fb2a2884c39deb39.jpg","https://media.birdweather.com/species/35/EurasianBlackbird-thumbnail-276878929bed08167d1fd9bf34d63d40.jpg","https://media.birdweather.com/species/35/EurasianBlackbird-png200-ba5a1b43225da4611cac429c52a52c81.png","GfkFFwKRmrx2ZYiaaQe69nlzScn3T7IA",11447203502,"https://media.birdweather.com/soundscapes/6891/6891-20260505-154715.flac",0,3,"birdnetpi"
7474333786,6891,"2026-05-05T17:46:42.000+02:00",0.94,0.999183833599091,9.81434746749562,"almost_certain","2p4",NA,51.5616,6.0071,FALSE,35,"Eurasian Blackbird","Turdus merula","#ff65df","avian","https://media.birdweather.com/species/35/EurasianBlackbird-standard-618b3a5132c7c359fb2a2884c39deb39.jpg","https://media.birdweather.com/species/35/EurasianBlackbird-thumbnail-276878929bed08167d1fd9bf34d63d40.jpg","https://media.birdweather.com/species/35/EurasianBlackbird-png200-ba5a1b43225da4611cac429c52a52c81.png","GfkFFwKRmrx2ZYiaaQe69nlzScn3T7IA",11447190372,"https://media.birdweather.com/soundscapes/6891/6891-20260505-154642.flac",0,3,"birdnetpi"
7474313348,6891,"2026-05-05T17:46:01.000+02:00",0.95,0.999183833599091,9.8355882030499,"almost_certain","2p4",NA,51.5619,6.0054,FALSE,35,"Eurasian Blackbird","Turdus merula","#ff65df","avian","https://media.birdweather.com/species/35/EurasianBlackbird-standard-618b3a5132c7c359fb2a2884c39deb39.jpg","https://media.birdweather.com/species/35/EurasianBlackbird-thumbnail-276878929bed08167d1fd9bf34d63d40.jpg","https://media.birdweather.com/species/35/EurasianBlackbird-png200-ba5a1b43225da4611cac429c52a52c81.png","GfkFFwKRmrx2ZYiaaQe69nlzScn3T7IA",11447169672,"https://media.birdweather.com/soundscapes/6891/6891-20260505-154601.flac",0,3,"birdnetpi"
7474301791,6891,"2026-05-05T17:45:34.000+02:00",0.98,0.672991514205933,9.36253497487563,"almost_certain","2p4",NA,51.5695,6.0026,FALSE,44,"Dunnock","Prunella modularis","#fea614","avian","https://media.birdweather.com/species/44/Dunnock-standard-a705d7131240cedd1c407b5a19989591.jpg","https://media.birdweather.com/species/44/Dunnock-thumbnail-1036624855b82c96db4ad23d1ed9d702.jpg","https://media.birdweather.com/species/44/Dunnock-png200-951bb2cdb9ec585716907d8eac83882e.png","lQgGDwB9pneQhHlwWjeK2ZK6d/kdFaUA",11447157652,"https://media.birdweather.com/soundscapes/6891/6891-20260505-154534.flac",0,3,"birdnetpi"
7474042525,6891,"2026-05-05T17:36:08.000+02:00",0.96,0.672991514205933,9.32163641536057,"almost_certain","2p4",NA,51.5663,6.0091,FALSE,44,"Dunnock","Prunella modularis","#fea614","avian","https://media.birdweather.com/species/44/Dunnock-standard-a705d7131240cedd1c407b5a19989591.jpg","https://media.birdweather.com/species/44/Dunnock-thumbnail-1036624855b82c96db4ad23d1ed9d702.jpg","https://media.birdweather.com/species/44/Dunnock-png200-951bb2cdb9ec585716907d8eac83882e.png","lQgGDwB9pneQhHlwWjeK2ZK6d/kdFaUA",11446892823,"https://media.birdweather.com/soundscapes/6891/6891-20260505-153608.flac",0,3,"birdnetpi"
7474041653,6891,"2026-05-05T17:36:05.000+02:00",0.89,0.556647181510925,8.91219427236026,"almost_certain","2p4",NA,51.5664,6.0082,FALSE,294,"European Greenfinch","Chloris chloris","#fea614","avian","https://media.birdweather.com/species/294/EuropeanGreenfinch-standard-34aa36357c06fbf52af390917f29436b.jpg","https://media.birdweather.com/species/294/EuropeanGreenfinch-thumbnail-7466d93ab9340d75d4eec2ca6eeed529.jpg","https://media.birdweather.com/species/294/EuropeanGreenfinch-png200-8b2951bb918db1cbed643a9530efa558.png","FRkGHwJYqWeEd4ifapeoh4ZriPUnaG8B",11446891900,"https://media.birdweather.com/soundscapes/6891/6891-20260505-153605.flac",0,3,"birdnetpi"
7474022181,6891,"2026-05-05T17:35:29.000+02:00",0.72,0.999183833599091,9.23728502034109,"almost_certain","2p4",NA,51.5649,6.0016,FALSE,35,"Eurasian Blackbird","Turdus merula","#ff65df","avian","https://media.birdweather.com/species/35/EurasianBlackbird-standard-618b3a5132c7c359fb2a2884c39deb39.jpg","https://media.birdweather.com/species/35/EurasianBlackbird-thumbnail-276878929bed08167d1fd9bf34d63d40.jpg","https://media.birdweather.com/species/35/EurasianBlackbird-png200-ba5a1b43225da4611cac429c52a52c81.png","GfkFFwKRmrx2ZYiaaQe69nlzScn3T7IA",11446872213,"https://media.birdweather.com/soundscapes/6891/6891-20260505-153529.flac",0,3,"birdnetpi"
7474023143,6891,"2026-05-05T17:35:28.000+02:00",0.96,0.672991514205933,9.32163641536057,"almost_certain","2p4",NA,51.5699,6.0052,FALSE,44,"Dunnock","Prunella modularis","#fea614","avian","https://media.birdweather.com/species/44/Dunnock-standard-a705d7131240cedd1c407b5a19989591.jpg","https://media.birdweather.com/species/44/Dunnock-thumbnail-1036624855b82c96db4ad23d1ed9d702.jpg","https://media.birdweather.com/species/44/Dunnock-png200-951bb2cdb9ec585716907d8eac83882e.png","lQgGDwB9pneQhHlwWjeK2ZK6d/kdFaUA",11446873202,"https://media.birdweather.com/soundscapes/6891/6891-20260505-153528.flac",0,3,"birdnetpi"
7474012029,6891,"2026-05-05T17:35:07.000+02:00",0.7,0.999183833599091,9.17044249542897,"almost_certain","2p4",NA,51.566,6.0044,FALSE,35,"Eurasian Blackbird","Turdus merula","#ff65df","avian","https://media.birdweather.com/species/35/EurasianBlackbird-standard-618b3a5132c7c359fb2a2884c39deb39.jpg","https://media.birdweather.com/species/35/EurasianBlackbird-thumbnail-276878929bed08167d1fd9bf34d63d40.jpg","https://media.birdweather.com/species/35/EurasianBlackbird-png200-ba5a1b43225da4611cac429c52a52c81.png","GfkFFwKRmrx2ZYiaaQe69nlzScn3T7IA",11446861953,"https://media.birdweather.com/soundscapes/6891/6891-20260505-153507.flac",0,3,"birdnetpi"
7474004738,6891,"2026-05-05T17:34:46.000+02:00",0.93,0.999183833599091,9.79277221844927,"almost_certain","2p4",NA,51.568,6.0033,FALSE,35,"Eurasian Blackbird","Turdus merula","#ff65df","avian","https://media.birdweather.com/species/35/EurasianBlackbird-standard-618b3a5132c7c359fb2a2884c39deb39.jpg","https://media.birdweather.com/species/35/EurasianBlackbird-thumbnail-276878929bed08167d1fd9bf34d63d40.jpg","https://media.birdweather.com/species/35/EurasianBlackbird-png200-ba5a1b43225da4611cac429c52a52c81.png","GfkFFwKRmrx2ZYiaaQe69nlzScn3T7IA",11446854561,"https://media.birdweather.com/soundscapes/6891/6891-20260505-153446.flac",0,3,"birdnetpi"
7473759937,6891,"2026-05-05T17:25:52.000+02:00",0.91,0.672991514205933,9.2137066127018,"almost_certain","2p4",NA,51.5701,6.0086,FALSE,44,"Dunnock","Prunella modularis","#fea614","avian","https://media.birdweather.com/species/44/Dunnock-standard-a705d7131240cedd1c407b5a19989591.jpg","https://media.birdweather.com/species/44/Dunnock-thumbnail-1036624855b82c96db4ad23d1ed9d702.jpg","https://media.birdweather.com/species/44/Dunnock-png200-951bb2cdb9ec585716907d8eac83882e.png","lQgGDwB9pneQhHlwWjeK2ZK6d/kdFaUA",11446603828,"https://media.birdweather.com/soundscapes/6891/6891-20260505-152552.flac",0,3,"birdnetpi"
7473729446,6891,"2026-05-05T17:24:45.000+02:00",0.85,0.672991514205933,9.07185588255285,"almost_certain","2p4",NA,51.5646,6.0094,FALSE,44,"Dunnock","Prunella modularis","#fea614","avian","https://media.birdweather.com/species/44/Dunnock-standard-a705d7131240cedd1c407b5a19989591.jpg","https://media.birdweather.com/species/44/Dunnock-thumbnail-1036624855b82c96db4ad23d1ed9d702.jpg","https://media.birdweather.com/species/44/Dunnock-png200-951bb2cdb9ec585716907d8eac83882e.png","lQgGDwB9pneQhHlwWjeK2ZK6d/kdFaUA",11446573491,"https://media.birdweather.com/soundscapes/6891/6891-20260505-152445.flac",0,3,"birdnetpi"
7473657044,6891,"2026-05-05T17:22:12.000+02:00",0.87,0.999183833599091,9.65565788022621,"almost_certain","2p4",NA,51.5648,6.0039,FALSE,35,"Eurasian Blackbird","Turdus merula","#ff65df","avian","https://media.birdweather.com/species/35/EurasianBlackbird-standard-618b3a5132c7c359fb2a2884c39deb39.jpg","https://media.birdweather.com/species/35/EurasianBlackbird-thumbnail-276878929bed08167d1fd9bf34d63d40.jpg","https://media.birdweather.com/species/35/EurasianBlackbird-png200-ba5a1b43225da4611cac429c52a52c81.png","GfkFFwKRmrx2ZYiaaQe69nlzScn3T7IA",11446501397,"https://media.birdweather.com/soundscapes/6891/6891-20260505-152212.flac",0,3,"birdnetpi"
7473635857,6891,"2026-05-05T17:21:29.000+02:00",0.87,0.999183833599091,9.65565788022621,"almost_certain","2p4",NA,51.5678,6.0082,FALSE,35,"Eurasian Blackbird","Turdus merula","#ff65df","avian","https://media.birdweather.com/species/35/EurasianBlackbird-standard-618b3a5132c7c359fb2a2884c39deb39.jpg","https://media.birdweather.com/species/35/EurasianBlackbird-thumbnail-276878929bed08167d1fd9bf34d63d40.jpg","https://media.birdweather.com/species/35/EurasianBlackbird-png200-ba5a1b43225da4611cac429c52a52c81.png","GfkFFwKRmrx2ZYiaaQe69nlzScn3T7IA",11446480120,"https://media.birdweather.com/soundscapes/6891/6891-20260505-152129.flac",0,3,"birdnetpi"
7473523611,6891,"2026-05-05T17:17:31.000+02:00",0.96,0.672991514205933,9.32163641536057,"almost_certain","2p4",NA,51.5646,6.0046,FALSE,44,"Dunnock","Prunella modularis","#fea614","avian","https://media.birdweather.com/species/44/Dunnock-standard-a705d7131240cedd1c407b5a19989591.jpg","https://media.birdweather.com/species/44/Dunnock-thumbnail-1036624855b82c96db4ad23d1ed9d702.jpg","https://media.birdweather.com/species/44/Dunnock-png200-951bb2cdb9ec585716907d8eac83882e.png","lQgGDwB9pneQhHlwWjeK2ZK6d/kdFaUA",11446369745,"https://media.birdweather.com/soundscapes/6891/6891-20260505-151731.flac",0,3,"birdnetpi"
7473514680,6891,"2026-05-05T17:17:13.000+02:00",0.99,0.672991514205933,9.38253533008261,"almost_certain","2p4",NA,51.5631,6.0069,FALSE,44,"Dunnock","Prunella modularis","#fea614","avian","https://media.birdweather.com/species/44/Dunnock-standard-a705d7131240cedd1c407b5a19989591.jpg","https://media.birdweather.com/species/44/Dunnock-thumbnail-1036624855b82c96db4ad23d1ed9d702.jpg","https://media.birdweather.com/species/44/Dunnock-png200-951bb2cdb9ec585716907d8eac83882e.png","lQgGDwB9pneQhHlwWjeK2ZK6d/kdFaUA",11446362377,"https://media.birdweather.com/soundscapes/6891/6891-20260505-151713.flac",0,3,"birdnetpi"
7473505894,6891,"2026-05-05T17:16:55.000+02:00",1,0.672991514205933,9.40224790039199,"almost_certain","2p4",NA,51.5642,6.0047,FALSE,44,"Dunnock","Prunella modularis","#fea614","avian","https://media.birdweather.com/species/44/Dunnock-standard-a705d7131240cedd1c407b5a19989591.jpg","https://media.birdweather.com/species/44/Dunnock-thumbnail-1036624855b82c96db4ad23d1ed9d702.jpg","https://media.birdweather.com/species/44/Dunnock-png200-951bb2cdb9ec585716907d8eac83882e.png","lQgGDwB9pneQhHlwWjeK2ZK6d/kdFaUA",11446352688,"https://media.birdweather.com/soundscapes/6891/6891-20260505-151655.flac",0,3,"birdnetpi"
7473494131,6891,"2026-05-05T17:16:26.000+02:00",1,0.672991514205933,9.40224790039199,"almost_certain","2p4",NA,51.5647,6.0034,FALSE,44,"Dunnock","Prunella modularis","#fea614","avian","https://media.birdweather.com/species/44/Dunnock-standard-a705d7131240cedd1c407b5a19989591.jpg","https://media.birdweather.com/species/44/Dunnock-thumbnail-1036624855b82c96db4ad23d1ed9d702.jpg","https://media.birdweather.com/species/44/Dunnock-png200-951bb2cdb9ec585716907d8eac83882e.png","lQgGDwB9pneQhHlwWjeK2ZK6d/kdFaUA",11446340017,"https://media.birdweather.com/soundscapes/6891/6891-20260505-151626.flac",0,3,"birdnetpi"
7473483098,6891,"2026-05-05T17:16:07.000+02:00",0.91,0.931612968444824,9.65362990669863,"almost_certain","2p4",NA,51.5675,6.0035,FALSE,66,"Eurasian Blue Tit","Cyanistes caeruleus","#4b8900","avian","https://media.birdweather.com/species/66/EurasianBlueTit-standard-4ec8e45d78b2908d0f41ae495ae07571.jpg","https://media.birdweather.com/species/66/EurasianBlueTit-thumbnail-4d9abc54a3abc3fb12e78e603cbe6784.jpg","https://media.birdweather.com/species/66/EurasianBlueTit-png200-49adab92304ba7a74e93ac43e38e62d3.png","EfgJBwAKhHiEm2ZheGllqXeZhi/ze3EP",11446329290,"https://media.birdweather.com/soundscapes/6891/6891-20260505-151607.flac",0,3,"birdnetpi"
7473472780,6891,"2026-05-05T17:15:47.000+02:00",0.96,0.931612968444824,9.7615597093574,"almost_certain","2p4",NA,51.5641,6.0033,FALSE,66,"Eurasian Blue Tit","Cyanistes caeruleus","#4b8900","avian","https://media.birdweather.com/species/66/EurasianBlueTit-standard-4ec8e45d78b2908d0f41ae495ae07571.jpg","https://media.birdweather.com/species/66/EurasianBlueTit-thumbnail-4d9abc54a3abc3fb12e78e603cbe6784.jpg","https://media.birdweather.com/species/66/EurasianBlueTit-png200-49adab92304ba7a74e93ac43e38e62d3.png","EfgJBwAKhHiEm2ZheGllqXeZhi/ze3EP",11446318594,"https://media.birdweather.com/soundscapes/6891/6891-20260505-151547.flac",0,3,"birdnetpi"
7473436276,6891,"2026-05-05T17:14:24.000+02:00",0.8,0.931612968444824,9.38120423021776,"almost_certain","2p4",NA,51.5682,6.004,FALSE,66,"Eurasian Blue Tit","Cyanistes caeruleus","#4b8900","avian","https://media.birdweather.com/species/66/EurasianBlueTit-standard-4ec8e45d78b2908d0f41ae495ae07571.jpg","https://media.birdweather.com/species/66/EurasianBlueTit-thumbnail-4d9abc54a3abc3fb12e78e603cbe6784.jpg","https://media.birdweather.com/species/66/EurasianBlueTit-png200-49adab92304ba7a74e93ac43e38e62d3.png","EfgJBwAKhHiEm2ZheGllqXeZhi/ze3EP",11446282734,"https://media.birdweather.com/soundscapes/6891/6891-20260505-151424.flac",0,3,"birdnetpi"
7473424443,6891,"2026-05-05T17:14:01.000+02:00",0.93,0.931612968444824,9.6978272879376,"almost_certain","2p4",NA,51.5624,6.0025,FALSE,66,"Eurasian Blue Tit","Cyanistes caeruleus","#4b8900","avian","https://media.birdweather.com/species/66/EurasianBlueTit-standard-4ec8e45d78b2908d0f41ae495ae07571.jpg","https://media.birdweather.com/species/66/EurasianBlueTit-thumbnail-4d9abc54a3abc3fb12e78e603cbe6784.jpg","https://media.birdweather.com/species/66/EurasianBlueTit-png200-49adab92304ba7a74e93ac43e38e62d3.png","EfgJBwAKhHiEm2ZheGllqXeZhi/ze3EP",11446271258,"https://media.birdweather.com/soundscapes/6891/6891-20260505-151401.flac",0,3,"birdnetpi"
7473203526,6891,"2026-05-05T17:06:09.000+02:00",1,0.672991514205933,9.40224790039199,"almost_certain","2p4",NA,51.5665,6.0018,FALSE,44,"Dunnock","Prunella modularis","#fea614","avian","https://media.birdweather.com/species/44/Dunnock-standard-a705d7131240cedd1c407b5a19989591.jpg","https://media.birdweather.com/species/44/Dunnock-thumbnail-1036624855b82c96db4ad23d1ed9d702.jpg","https://media.birdweather.com/species/44/Dunnock-png200-951bb2cdb9ec585716907d8eac83882e.png","lQgGDwB9pneQhHlwWjeK2ZK6d/kdFaUA",11446052035,"https://media.birdweather.com/soundscapes/6891/6891-20260505-150609.flac",0,3,"birdnetpi"
7473192802,6891,"2026-05-05T17:05:48.000+02:00",1,0.672991514205933,9.40224790039199,"almost_certain","2p4",NA,51.5618,6.0064,FALSE,44,"Dunnock","Prunella modularis","#fea614","avian","https://media.birdweather.com/species/44/Dunnock-standard-a705d7131240cedd1c407b5a19989591.jpg","https://media.birdweather.com/species/44/Dunnock-thumbnail-1036624855b82c96db4ad23d1ed9d702.jpg","https://media.birdweather.com/species/44/Dunnock-png200-951bb2cdb9ec585716907d8eac83882e.png","lQgGDwB9pneQhHlwWjeK2ZK6d/kdFaUA",11446041409,"https://media.birdweather.com/soundscapes/6891/6891-20260505-150548.flac",0,3,"birdnetpi"
7473126517,6891,"2026-05-05T17:03:25.000+02:00",0.95,0.672991514205933,9.30071997854139,"almost_certain","2p4",NA,51.5682,6.001,FALSE,44,"Dunnock","Prunella modularis","#fea614","avian","https://media.birdweather.com/species/44/Dunnock-standard-a705d7131240cedd1c407b5a19989591.jpg","https://media.birdweather.com/species/44/Dunnock-thumbnail-1036624855b82c96db4ad23d1ed9d702.jpg","https://media.birdweather.com/species/44/Dunnock-png200-951bb2cdb9ec585716907d8eac83882e.png","lQgGDwB9pneQhHlwWjeK2ZK6d/kdFaUA",11445975965,"https://media.birdweather.com/soundscapes/6891/6891-20260505-150325.flac",0,3,"birdnetpi"
7473113717,6891,"2026-05-05T17:03:05.000+02:00",0.93,0.672991514205933,9.25790399394077,"almost_certain","2p4",NA,51.5677,6.0042,FALSE,44,"Dunnock","Prunella modularis","#fea614","avian","https://media.birdweather.com/species/44/Dunnock-standard-a705d7131240cedd1c407b5a19989591.jpg","https://media.birdweather.com/species/44/Dunnock-thumbnail-1036624855b82c96db4ad23d1ed9d702.jpg","https://media.birdweather.com/species/44/Dunnock-png200-951bb2cdb9ec585716907d8eac83882e.png","lQgGDwB9pneQhHlwWjeK2ZK6d/kdFaUA",11445963310,"https://media.birdweather.com/soundscapes/6891/6891-20260505-150305.flac",0,3,"birdnetpi"
7473103253,6891,"2026-05-05T17:02:35.000+02:00",0.74,0.672991514205933,8.76614921725238,"almost_certain","2p4",NA,51.566,6.0048,FALSE,44,"Dunnock","Prunella modularis","#fea614","avian","https://media.birdweather.com/species/44/Dunnock-standard-a705d7131240cedd1c407b5a19989591.jpg","https://media.birdweather.com/species/44/Dunnock-thumbnail-1036624855b82c96db4ad23d1ed9d702.jpg","https://media.birdweather.com/species/44/Dunnock-png200-951bb2cdb9ec585716907d8eac83882e.png","lQgGDwB9pneQhHlwWjeK2ZK6d/kdFaUA",11445952661,"https://media.birdweather.com/soundscapes/6891/6891-20260505-150235.flac",0,3,"birdnetpi"
7473093029,6891,"2026-05-05T17:02:16.000+02:00",1,0.672991514205933,9.40224790039199,"almost_certain","2p4",NA,51.564,6.0039,FALSE,44,"Dunnock","Prunella modularis","#fea614","avian","https://media.birdweather.com/species/44/Dunnock-standard-a705d7131240cedd1c407b5a19989591.jpg","https://media.birdweather.com/species/44/Dunnock-thumbnail-1036624855b82c96db4ad23d1ed9d702.jpg","https://media.birdweather.com/species/44/Dunnock-png200-951bb2cdb9ec585716907d8eac83882e.png","lQgGDwB9pneQhHlwWjeK2ZK6d/kdFaUA",11445942487,"https://media.birdweather.com/soundscapes/6891/6891-20260505-150216.flac",0,3,"birdnetpi"
7472973128,6891,"2026-05-05T16:58:04.000+02:00",0.87,0.672991514205933,9.1207896557177,"almost_certain","2p4",NA,51.562,6.0071,FALSE,44,"Dunnock","Prunella modularis","#fea614","avian","https://media.birdweather.com/species/44/Dunnock-standard-a705d7131240cedd1c407b5a19989591.jpg","https://media.birdweather.com/species/44/Dunnock-thumbnail-1036624855b82c96db4ad23d1ed9d702.jpg","https://media.birdweather.com/species/44/Dunnock-png200-951bb2cdb9ec585716907d8eac83882e.png","lQgGDwB9pneQhHlwWjeK2ZK6d/kdFaUA",11445823276,"https://media.birdweather.com/soundscapes/6891/6891-20260505-145804.flac",0,3,"birdnetpi"
7472958602,6891,"2026-05-05T16:57:29.000+02:00",0.97,0.672991514205933,9.34223830734999,"almost_certain","2p4",NA,51.5681,6.003,FALSE,44,"Dunnock","Prunella modularis","#fea614","avian","https://media.birdweather.com/species/44/Dunnock-standard-a705d7131240cedd1c407b5a19989591.jpg","https://media.birdweather.com/species/44/Dunnock-thumbnail-1036624855b82c96db4ad23d1ed9d702.jpg","https://media.birdweather.com/species/44/Dunnock-png200-951bb2cdb9ec585716907d8eac83882e.png","lQgGDwB9pneQhHlwWjeK2ZK6d/kdFaUA",11445808768,"https://media.birdweather.com/soundscapes/6891/6891-20260505-145729.flac",0,3,"birdnetpi"
7472944733,6891,"2026-05-05T16:56:59.000+02:00",0.95,0.698269486427307,9.35050881531295,"almost_certain","2p4",NA,51.5683,6.0062,FALSE,30,"Common Buzzard","Buteo buteo","#37e188","avian","https://media.birdweather.com/species/30/CommonBuzzard-standard-624dd5ff44ca4409c2692d7ec2eec597.jpg","https://media.birdweather.com/species/30/CommonBuzzard-thumbnail-781fb553c5eb2032627994238a1027c5.jpg","https://media.birdweather.com/species/30/CommonBuzzard-png200-dcecf7087fca9c5bd3977532471c052a.png","XwkGDwKDmYifVWWAmFZnmqiIer/ICGME",11445795294,"https://media.birdweather.com/soundscapes/6891/6891-20260505-145659.flac",0,3,"birdnetpi"
7472939009,6891,"2026-05-05T16:56:48.000+02:00",0.99,0.672991514205933,9.38253533008261,"almost_certain","2p4",NA,51.5627,6.0088,FALSE,44,"Dunnock","Prunella modularis","#fea614","avian","https://media.birdweather.com/species/44/Dunnock-standard-a705d7131240cedd1c407b5a19989591.jpg","https://media.birdweather.com/species/44/Dunnock-thumbnail-1036624855b82c96db4ad23d1ed9d702.jpg","https://media.birdweather.com/species/44/Dunnock-png200-951bb2cdb9ec585716907d8eac83882e.png","lQgGDwB9pneQhHlwWjeK2ZK6d/kdFaUA",11445789330,"https://media.birdweather.com/soundscapes/6891/6891-20260505-145648.flac",0,3,"birdnetpi"
7472831726,6891,"2026-05-05T16:53:01.000+02:00",0.86,0.672991514205933,9.09654123509152,"almost_certain","2p4",NA,51.5696,6.0008,FALSE,44,"Dunnock","Prunella modularis","#fea614","avian","https://media.birdweather.com/species/44/Dunnock-standard-a705d7131240cedd1c407b5a19989591.jpg","https://media.birdweather.com/species/44/Dunnock-thumbnail-1036624855b82c96db4ad23d1ed9d702.jpg","https://media.birdweather.com/species/44/Dunnock-png200-951bb2cdb9ec585716907d8eac83882e.png","lQgGDwB9pneQhHlwWjeK2ZK6d/kdFaUA",11445685499,"https://media.birdweather.com/soundscapes/6891/6891-20260505-145301.flac",0,3,"birdnetpi"
7472651822,6891,"2026-05-05T16:47:24.000+02:00",0.78,0.997795641422272,9.41833721471593,"almost_certain","2p4",NA,51.5636,6.0084,FALSE,407,"Common Wood-Pigeon","Columba palumbus","#028fb2","avian","https://media.birdweather.com/species/407/CommonWood-Pigeon-standard-5558900260c92622ceef8a812b06518e.jpg","https://media.birdweather.com/species/407/CommonWood-Pigeon-thumbnail-4b86c907c8b82c8af31d566b811dee05.jpg","https://media.birdweather.com/species/407/CommonWood-Pigeon-png200-533b13201573be3895fcec3e61e861b5.png","2ukFHwIHiYeWxnZUiniYZ3h5h6+rCIQH",11445526833,"https://media.birdweather.com/soundscapes/6891/6891-20260505-144724.flac",0,3,"birdnetpi"
7472617915,6891,"2026-05-05T16:46:23.000+02:00",0.8,0.999183833599091,9.47614916072943,"almost_certain","2p4",NA,51.5631,6.0029,FALSE,35,"Eurasian Blackbird","Turdus merula","#ff65df","avian","https://media.birdweather.com/species/35/EurasianBlackbird-standard-618b3a5132c7c359fb2a2884c39deb39.jpg","https://media.birdweather.com/species/35/EurasianBlackbird-thumbnail-276878929bed08167d1fd9bf34d63d40.jpg","https://media.birdweather.com/species/35/EurasianBlackbird-png200-ba5a1b43225da4611cac429c52a52c81.png","GfkFFwKRmrx2ZYiaaQe69nlzScn3T7IA",11445499412,"https://media.birdweather.com/soundscapes/6891/6891-20260505-144623.flac",0,3,"birdnetpi"
7472588459,6891,"2026-05-05T16:45:31.000+02:00",0.95,0.672991514205933,9.30071997854139,"almost_certain","2p4",NA,51.5675,6.0049,FALSE,44,"Dunnock","Prunella modularis","#fea614","avian","https://media.birdweather.com/species/44/Dunnock-standard-a705d7131240cedd1c407b5a19989591.jpg","https://media.birdweather.com/species/44/Dunnock-thumbnail-1036624855b82c96db4ad23d1ed9d702.jpg","https://media.birdweather.com/species/44/Dunnock-png200-951bb2cdb9ec585716907d8eac83882e.png","lQgGDwB9pneQhHlwWjeK2ZK6d/kdFaUA",11445475650,"https://media.birdweather.com/soundscapes/6891/6891-20260505-144531.flac",0,3,"birdnetpi"
7472554400,6891,"2026-05-05T16:44:33.000+02:00",0.98,0.672991514205933,9.36253497487563,"almost_certain","2p4",NA,51.5684,6.009,FALSE,44,"Dunnock","Prunella modularis","#fea614","avian","https://media.birdweather.com/species/44/Dunnock-standard-a705d7131240cedd1c407b5a19989591.jpg","https://media.birdweather.com/species/44/Dunnock-thumbnail-1036624855b82c96db4ad23d1ed9d702.jpg","https://media.birdweather.com/species/44/Dunnock-png200-951bb2cdb9ec585716907d8eac83882e.png","lQgGDwB9pneQhHlwWjeK2ZK6d/kdFaUA",11445447993,"https://media.birdweather.com/soundscapes/6891/6891-20260505-144433.flac",0,3,"birdnetpi"
7472537036,6891,"2026-05-05T16:44:02.000+02:00",1,0.672991514205933,9.40224790039199,"almost_certain","2p4",NA,51.5648,6.0025,FALSE,44,"Dunnock","Prunella modularis","#fea614","avian","https://media.birdweather.com/species/44/Dunnock-standard-a705d7131240cedd1c407b5a19989591.jpg","https://media.birdweather.com/species/44/Dunnock-thumbnail-1036624855b82c96db4ad23d1ed9d702.jpg","https://media.birdweather.com/species/44/Dunnock-png200-951bb2cdb9ec585716907d8eac83882e.png","lQgGDwB9pneQhHlwWjeK2ZK6d/kdFaUA",11445433920,"https://media.birdweather.com/soundscapes/6891/6891-20260505-144402.flac",0,3,"birdnetpi"
7472524074,6891,"2026-05-05T16:43:38.000+02:00",1,0.672991514205933,9.40224790039199,"almost_certain","2p4",NA,51.5635,6.0019,FALSE,44,"Dunnock","Prunella modularis","#fea614","avian","https://media.birdweather.com/species/44/Dunnock-standard-a705d7131240cedd1c407b5a19989591.jpg","https://media.birdweather.com/species/44/Dunnock-thumbnail-1036624855b82c96db4ad23d1ed9d702.jpg","https://media.birdweather.com/species/44/Dunnock-png200-951bb2cdb9ec585716907d8eac83882e.png","lQgGDwB9pneQhHlwWjeK2ZK6d/kdFaUA",11445422912,"https://media.birdweather.com/soundscapes/6891/6891-20260505-144338.flac",0,3,"birdnetpi"
7472454678,6891,"2026-05-05T16:41:35.000+02:00",0.91,0.999183833599091,9.74857483721031,"almost_certain","2p4",NA,51.564,6.008,FALSE,35,"Eurasian Blackbird","Turdus merula","#ff65df","avian","https://media.birdweather.com/species/35/EurasianBlackbird-standard-618b3a5132c7c359fb2a2884c39deb39.jpg","https://media.birdweather.com/species/35/EurasianBlackbird-thumbnail-276878929bed08167d1fd9bf34d63d40.jpg","https://media.birdweather.com/species/35/EurasianBlackbird-png200-ba5a1b43225da4611cac429c52a52c81.png","GfkFFwKRmrx2ZYiaaQe69nlzScn3T7IA",11445366103,"https://media.birdweather.com/soundscapes/6891/6891-20260505-144135.flac",0,3,"birdnetpi"
7472433764,6891,"2026-05-05T16:41:04.000+02:00",0.82,0.999183833599091,9.52988153774943,"almost_certain","2p4",NA,51.5703,6.0072,FALSE,35,"Eurasian Blackbird","Turdus merula","#ff65df","avian","https://media.birdweather.com/species/35/EurasianBlackbird-standard-618b3a5132c7c359fb2a2884c39deb39.jpg","https://media.birdweather.com/species/35/EurasianBlackbird-thumbnail-276878929bed08167d1fd9bf34d63d40.jpg","https://media.birdweather.com/species/35/EurasianBlackbird-png200-ba5a1b43225da4611cac429c52a52c81.png","GfkFFwKRmrx2ZYiaaQe69nlzScn3T7IA",11445349614,"https://media.birdweather.com/soundscapes/6891/6891-20260505-144104.flac",0,3,"birdnetpi"
7472375911,6891,"2026-05-05T16:39:16.000+02:00",0.87,0.999183833599091,9.65565788022621,"almost_certain","2p4",NA,51.5626,6.0064,FALSE,35,"Eurasian Blackbird","Turdus merula","#ff65df","avian","https://media.birdweather.com/species/35/EurasianBlackbird-standard-618b3a5132c7c359fb2a2884c39deb39.jpg","https://media.birdweather.com/species/35/EurasianBlackbird-thumbnail-276878929bed08167d1fd9bf34d63d40.jpg","https://media.birdweather.com/species/35/EurasianBlackbird-png200-ba5a1b43225da4611cac429c52a52c81.png","GfkFFwKRmrx2ZYiaaQe69nlzScn3T7IA",11445302483,"https://media.birdweather.com/soundscapes/6891/6891-20260505-143916.flac",0,3,"birdnetpi"
7472119899,6891,"2026-05-05T16:31:46.000+02:00",0.98,0.672991514205933,9.36253497487563,"almost_certain","2p4",NA,51.569,6.0038,FALSE,44,"Dunnock","Prunella modularis","#fea614","avian","https://media.birdweather.com/species/44/Dunnock-standard-a705d7131240cedd1c407b5a19989591.jpg","https://media.birdweather.com/species/44/Dunnock-thumbnail-1036624855b82c96db4ad23d1ed9d702.jpg","https://media.birdweather.com/species/44/Dunnock-png200-951bb2cdb9ec585716907d8eac83882e.png","lQgGDwB9pneQhHlwWjeK2ZK6d/kdFaUA",11445095492,"https://media.birdweather.com/soundscapes/6891/6891-20260505-143146.flac",0,3,"birdnetpi"
7472111516,6891,"2026-05-05T16:31:31.000+02:00",1,0.672991514205933,9.40224790039199,"almost_certain","2p4",NA,51.5629,6.001,FALSE,44,"Dunnock","Prunella modularis","#fea614","avian","https://media.birdweather.com/species/44/Dunnock-standard-a705d7131240cedd1c407b5a19989591.jpg","https://media.birdweather.com/species/44/Dunnock-thumbnail-1036624855b82c96db4ad23d1ed9d702.jpg","https://media.birdweather.com/species/44/Dunnock-png200-951bb2cdb9ec585716907d8eac83882e.png","lQgGDwB9pneQhHlwWjeK2ZK6d/kdFaUA",11445088629,"https://media.birdweather.com/soundscapes/6891/6891-20260505-143131.flac",0,3,"birdnetpi"
7472094069,6891,"2026-05-05T16:31:01.000+02:00",0.99,0.672991514205933,9.38253533008261,"almost_certain","2p4",NA,51.567,6.0016,FALSE,44,"Dunnock","Prunella modularis","#fea614","avian","https://media.birdweather.com/species/44/Dunnock-standard-a705d7131240cedd1c407b5a19989591.jpg","https://media.birdweather.com/species/44/Dunnock-thumbnail-1036624855b82c96db4ad23d1ed9d702.jpg","https://media.birdweather.com/species/44/Dunnock-png200-951bb2cdb9ec585716907d8eac83882e.png","lQgGDwB9pneQhHlwWjeK2ZK6d/kdFaUA",11445074987,"https://media.birdweather.com/soundscapes/6891/6891-20260505-143101.flac",0,3,"birdnetpi"
7472080083,6891,"2026-05-05T16:30:39.000+02:00",0.99,0.672991514205933,9.38253533008261,"almost_certain","2p4",NA,51.5693,6.0081,FALSE,44,"Dunnock","Prunella modularis","#fea614","avian","https://media.birdweather.com/species/44/Dunnock-standard-a705d7131240cedd1c407b5a19989591.jpg","https://media.birdweather.com/species/44/Dunnock-thumbnail-1036624855b82c96db4ad23d1ed9d702.jpg","https://media.birdweather.com/species/44/Dunnock-png200-951bb2cdb9ec585716907d8eac83882e.png","lQgGDwB9pneQhHlwWjeK2ZK6d/kdFaUA",11445063450,"https://media.birdweather.com/soundscapes/6891/6891-20260505-143039.flac",0,3,"birdnetpi"
7472067943,6891,"2026-05-05T16:30:16.000+02:00",0.98,0.672991514205933,9.36253497487563,"almost_certain","2p4",NA,51.5619,6.0089,FALSE,44,"Dunnock","Prunella modularis","#fea614","avian","https://media.birdweather.com/species/44/Dunnock-standard-a705d7131240cedd1c407b5a19989591.jpg","https://media.birdweather.com/species/44/Dunnock-thumbnail-1036624855b82c96db4ad23d1ed9d702.jpg","https://media.birdweather.com/species/44/Dunnock-png200-951bb2cdb9ec585716907d8eac83882e.png","lQgGDwB9pneQhHlwWjeK2ZK6d/kdFaUA",11445053953,"https://media.birdweather.com/soundscapes/6891/6891-20260505-143016.flac",0,3,"birdnetpi"
7472055892,6891,"2026-05-05T16:29:52.000+02:00",0.96,0.672991514205933,9.32163641536057,"almost_certain","2p4",NA,51.5625,6.0018,FALSE,44,"Dunnock","Prunella modularis","#fea614","avian","https://media.birdweather.com/species/44/Dunnock-standard-a705d7131240cedd1c407b5a19989591.jpg","https://media.birdweather.com/species/44/Dunnock-thumbnail-1036624855b82c96db4ad23d1ed9d702.jpg","https://media.birdweather.com/species/44/Dunnock-png200-951bb2cdb9ec585716907d8eac83882e.png","lQgGDwB9pneQhHlwWjeK2ZK6d/kdFaUA",11445043951,"https://media.birdweather.com/soundscapes/6891/6891-20260505-142952.flac",0,3,"birdnetpi"
7472047099,6891,"2026-05-05T16:29:37.000+02:00",0.97,0.672991514205933,9.34223830734999,"almost_certain","2p4",NA,51.5669,6.0088,FALSE,44,"Dunnock","Prunella modularis","#fea614","avian","https://media.birdweather.com/species/44/Dunnock-standard-a705d7131240cedd1c407b5a19989591.jpg","https://media.birdweather.com/species/44/Dunnock-thumbnail-1036624855b82c96db4ad23d1ed9d702.jpg","https://media.birdweather.com/species/44/Dunnock-png200-951bb2cdb9ec585716907d8eac83882e.png","lQgGDwB9pneQhHlwWjeK2ZK6d/kdFaUA",11445036673,"https://media.birdweather.com/soundscapes/6891/6891-20260505-142937.flac",0,3,"birdnetpi"
7472033942,6891,"2026-05-05T16:29:16.000+02:00",0.96,0.672991514205933,9.32163641536057,"almost_certain","2p4",NA,51.569,6.0036,FALSE,44,"Dunnock","Prunella modularis","#fea614","avian","https://media.birdweather.com/species/44/Dunnock-standard-a705d7131240cedd1c407b5a19989591.jpg","https://media.birdweather.com/species/44/Dunnock-thumbnail-1036624855b82c96db4ad23d1ed9d702.jpg","https://media.birdweather.com/species/44/Dunnock-png200-951bb2cdb9ec585716907d8eac83882e.png","lQgGDwB9pneQhHlwWjeK2ZK6d/kdFaUA",11445026612,"https://media.birdweather.com/soundscapes/6891/6891-20260505-142916.flac",0,3,"birdnetpi"
7472021425,6891,"2026-05-05T16:28:59.000+02:00",1,0.672991514205933,9.40224790039199,"almost_certain","2p4",NA,51.5654,6.0071,FALSE,44,"Dunnock","Prunella modularis","#fea614","avian","https://media.birdweather.com/species/44/Dunnock-standard-a705d7131240cedd1c407b5a19989591.jpg","https://media.birdweather.com/species/44/Dunnock-thumbnail-1036624855b82c96db4ad23d1ed9d702.jpg","https://media.birdweather.com/species/44/Dunnock-png200-951bb2cdb9ec585716907d8eac83882e.png","lQgGDwB9pneQhHlwWjeK2ZK6d/kdFaUA",11445016066,"https://media.birdweather.com/soundscapes/6891/6891-20260505-142859.flac",0,3,"birdnetpi"
7471993579,6891,"2026-05-05T16:28:05.000+02:00",0.99,0.672991514205933,9.38253533008261,"almost_certain","2p4",NA,51.5658,6.002,FALSE,44,"Dunnock","Prunella modularis","#fea614","avian","https://media.birdweather.com/species/44/Dunnock-standard-a705d7131240cedd1c407b5a19989591.jpg","https://media.birdweather.com/species/44/Dunnock-thumbnail-1036624855b82c96db4ad23d1ed9d702.jpg","https://media.birdweather.com/species/44/Dunnock-png200-951bb2cdb9ec585716907d8eac83882e.png","lQgGDwB9pneQhHlwWjeK2ZK6d/kdFaUA",11444994018,"https://media.birdweather.com/soundscapes/6891/6891-20260505-142805.flac",0,3,"birdnetpi"
7471974420,6891,"2026-05-05T16:27:29.000+02:00",0.98,0.997795641422272,9.89551738586339,"almost_certain","2p4",NA,51.5677,6.0035,FALSE,407,"Common Wood-Pigeon","Columba palumbus","#028fb2","avian","https://media.birdweather.com/species/407/CommonWood-Pigeon-standard-5558900260c92622ceef8a812b06518e.jpg","https://media.birdweather.com/species/407/CommonWood-Pigeon-thumbnail-4b86c907c8b82c8af31d566b811dee05.jpg","https://media.birdweather.com/species/407/CommonWood-Pigeon-png200-533b13201573be3895fcec3e61e861b5.png","2ukFHwIHiYeWxnZUiniYZ3h5h6+rCIQH",11444978055,"https://media.birdweather.com/soundscapes/6891/6891-20260505-142729.flac",0,3,"birdnetpi"
7471965526,6891,"2026-05-05T16:27:14.000+02:00",0.97,0.672991514205933,9.34223830734999,"almost_certain","2p4",NA,51.5657,6.007,FALSE,44,"Dunnock","Prunella modularis","#fea614","avian","https://media.birdweather.com/species/44/Dunnock-standard-a705d7131240cedd1c407b5a19989591.jpg","https://media.birdweather.com/species/44/Dunnock-thumbnail-1036624855b82c96db4ad23d1ed9d702.jpg","https://media.birdweather.com/species/44/Dunnock-png200-951bb2cdb9ec585716907d8eac83882e.png","lQgGDwB9pneQhHlwWjeK2ZK6d/kdFaUA",11444971062,"https://media.birdweather.com/soundscapes/6891/6891-20260505-142714.flac",0,3,"birdnetpi"
7471953178,6891,"2026-05-05T16:26:51.000+02:00",0.97,0.997795641422272,9.87522071833775,"almost_certain","2p4",NA,51.5686,6.003,FALSE,407,"Common Wood-Pigeon","Columba palumbus","#028fb2","avian","https://media.birdweather.com/species/407/CommonWood-Pigeon-standard-5558900260c92622ceef8a812b06518e.jpg","https://media.birdweather.com/species/407/CommonWood-Pigeon-thumbnail-4b86c907c8b82c8af31d566b811dee05.jpg","https://media.birdweather.com/species/407/CommonWood-Pigeon-png200-533b13201573be3895fcec3e61e861b5.png","2ukFHwIHiYeWxnZUiniYZ3h5h6+rCIQH",11444960999,"https://media.birdweather.com/soundscapes/6891/6891-20260505-142651.flac",0,3,"birdnetpi"
7471932743,6891,"2026-05-05T16:26:18.000+02:00",0.96,0.997795641422272,9.85461882634833,"almost_certain","2p4",NA,51.5677,6.0051,FALSE,407,"Common Wood-Pigeon","Columba palumbus","#028fb2","avian","https://media.birdweather.com/species/407/CommonWood-Pigeon-standard-5558900260c92622ceef8a812b06518e.jpg","https://media.birdweather.com/species/407/CommonWood-Pigeon-thumbnail-4b86c907c8b82c8af31d566b811dee05.jpg","https://media.birdweather.com/species/407/CommonWood-Pigeon-png200-533b13201573be3895fcec3e61e861b5.png","2ukFHwIHiYeWxnZUiniYZ3h5h6+rCIQH",11444944961,"https://media.birdweather.com/soundscapes/6891/6891-20260505-142618.flac",0,3,"birdnetpi"
7471920484,6891,"2026-05-05T16:25:57.000+02:00",0.97,0.236734092235565,7.94734372482673,"almost_certain","2p4",NA,51.5624,6.0019,FALSE,20,"Black Redstart","Phoenicurus ochruros","#c8ce2d","avian","https://media.birdweather.com/species/20/BlackRedstart-standard-4255c9b712ecb46ea7d3df8d556c18e7.jpg","https://media.birdweather.com/species/20/BlackRedstart-thumbnail-2fee59acc1ecc6be7238da194869e940.jpg","https://media.birdweather.com/species/20/BlackRedstart-png200-cbc0625b8b4889aeec1da754ad906efd.png","2QgGFwT8epa+l3ZlZ5hntnh4Z/6oyZ8I",11444934925,"https://media.birdweather.com/soundscapes/6891/6891-20260505-142557.flac",0,3,"birdnetpi"
7471873402,6891,"2026-05-05T16:24:34.000+02:00",0.99,0.999183833599091,9.91740355459112,"almost_certain","2p4",NA,51.5693,6.007,FALSE,35,"Eurasian Blackbird","Turdus merula","#ff65df","avian","https://media.birdweather.com/species/35/EurasianBlackbird-standard-618b3a5132c7c359fb2a2884c39deb39.jpg","https://media.birdweather.com/species/35/EurasianBlackbird-thumbnail-276878929bed08167d1fd9bf34d63d40.jpg","https://media.birdweather.com/species/35/EurasianBlackbird-png200-ba5a1b43225da4611cac429c52a52c81.png","GfkFFwKRmrx2ZYiaaQe69nlzScn3T7IA",11444897374,"https://media.birdweather.com/soundscapes/6891/6891-20260505-142434.flac",0,3,"birdnetpi"
7471859427,6891,"2026-05-05T16:24:13.000+02:00",1,0.999183833599091,9.93711612490049,"almost_certain","2p4",NA,51.5665,6.0005,FALSE,35,"Eurasian Blackbird","Turdus merula","#ff65df","avian","https://media.birdweather.com/species/35/EurasianBlackbird-standard-618b3a5132c7c359fb2a2884c39deb39.jpg","https://media.birdweather.com/species/35/EurasianBlackbird-thumbnail-276878929bed08167d1fd9bf34d63d40.jpg","https://media.birdweather.com/species/35/EurasianBlackbird-png200-ba5a1b43225da4611cac429c52a52c81.png","GfkFFwKRmrx2ZYiaaQe69nlzScn3T7IA",11444886460,"https://media.birdweather.com/soundscapes/6891/6891-20260505-142413.flac",0,3,"birdnetpi"
7471847165,6891,"2026-05-05T16:23:47.000+02:00",0.98,0.999183833599091,9.89740319938414,"almost_certain","2p4",NA,51.568,6.0045,FALSE,35,"Eurasian Blackbird","Turdus merula","#ff65df","avian","https://media.birdweather.com/species/35/EurasianBlackbird-standard-618b3a5132c7c359fb2a2884c39deb39.jpg","https://media.birdweather.com/species/35/EurasianBlackbird-thumbnail-276878929bed08167d1fd9bf34d63d40.jpg","https://media.birdweather.com/species/35/EurasianBlackbird-png200-ba5a1b43225da4611cac429c52a52c81.png","GfkFFwKRmrx2ZYiaaQe69nlzScn3T7IA",11444875902,"https://media.birdweather.com/soundscapes/6891/6891-20260505-142347.flac",0,3,"birdnetpi"
7471830894,6891,"2026-05-05T16:23:25.000+02:00",0.98,0.999183833599091,9.89740319938414,"almost_certain","2p4",NA,51.5679,6.0079,FALSE,35,"Eurasian Blackbird","Turdus merula","#ff65df","avian","https://media.birdweather.com/species/35/EurasianBlackbird-standard-618b3a5132c7c359fb2a2884c39deb39.jpg","https://media.birdweather.com/species/35/EurasianBlackbird-thumbnail-276878929bed08167d1fd9bf34d63d40.jpg","https://media.birdweather.com/species/35/EurasianBlackbird-png200-ba5a1b43225da4611cac429c52a52c81.png","GfkFFwKRmrx2ZYiaaQe69nlzScn3T7IA",11444863065,"https://media.birdweather.com/soundscapes/6891/6891-20260505-142325.flac",0,3,"birdnetpi"
7471819210,6891,"2026-05-05T16:23:03.000+02:00",0.99,0.999183833599091,9.91740355459112,"almost_certain","2p4",NA,51.563,6.0062,FALSE,35,"Eurasian Blackbird","Turdus merula","#ff65df","avian","https://media.birdweather.com/species/35/EurasianBlackbird-standard-618b3a5132c7c359fb2a2884c39deb39.jpg","https://media.birdweather.com/species/35/EurasianBlackbird-thumbnail-276878929bed08167d1fd9bf34d63d40.jpg","https://media.birdweather.com/species/35/EurasianBlackbird-png200-ba5a1b43225da4611cac429c52a52c81.png","GfkFFwKRmrx2ZYiaaQe69nlzScn3T7IA",11444853519,"https://media.birdweather.com/soundscapes/6891/6891-20260505-142303.flac",0,3,"birdnetpi"
7471810122,6891,"2026-05-05T16:22:42.000+02:00",1,0.999183833599091,9.93711612490049,"almost_certain","2p4",NA,51.567,6.0089,FALSE,35,"Eurasian Blackbird","Turdus merula","#ff65df","avian","https://media.birdweather.com/species/35/EurasianBlackbird-standard-618b3a5132c7c359fb2a2884c39deb39.jpg","https://media.birdweather.com/species/35/EurasianBlackbird-thumbnail-276878929bed08167d1fd9bf34d63d40.jpg","https://media.birdweather.com/species/35/EurasianBlackbird-png200-ba5a1b43225da4611cac429c52a52c81.png","GfkFFwKRmrx2ZYiaaQe69nlzScn3T7IA",11444846106,"https://media.birdweather.com/soundscapes/6891/6891-20260505-142242.flac",0,3,"birdnetpi"
7471795617,6891,"2026-05-05T16:22:24.000+02:00",1,0.999183833599091,9.93711612490049,"almost_certain","2p4",NA,51.5692,6.0006,FALSE,35,"Eurasian Blackbird","Turdus merula","#ff65df","avian","https://media.birdweather.com/species/35/EurasianBlackbird-standard-618b3a5132c7c359fb2a2884c39deb39.jpg","https://media.birdweather.com/species/35/EurasianBlackbird-thumbnail-276878929bed08167d1fd9bf34d63d40.jpg","https://media.birdweather.com/species/35/EurasianBlackbird-png200-ba5a1b43225da4611cac429c52a52c81.png","GfkFFwKRmrx2ZYiaaQe69nlzScn3T7IA",11444834702,"https://media.birdweather.com/soundscapes/6891/6891-20260505-142224.flac",0,3,"birdnetpi"
7471782243,6891,"2026-05-05T16:22:01.000+02:00",0.95,0.999183833599091,9.8355882030499,"almost_certain","2p4",NA,51.568,6.0016,FALSE,35,"Eurasian Blackbird","Turdus merula","#ff65df","avian","https://media.birdweather.com/species/35/EurasianBlackbird-standard-618b3a5132c7c359fb2a2884c39deb39.jpg","https://media.birdweather.com/species/35/EurasianBlackbird-thumbnail-276878929bed08167d1fd9bf34d63d40.jpg","https://media.birdweather.com/species/35/EurasianBlackbird-png200-ba5a1b43225da4611cac429c52a52c81.png","GfkFFwKRmrx2ZYiaaQe69nlzScn3T7IA",11444823717,"https://media.birdweather.com/soundscapes/6891/6891-20260505-142201.flac",0,3,"birdnetpi"
7471769286,6891,"2026-05-05T16:21:30.000+02:00",1,0.999183833599091,9.93711612490049,"almost_certain","2p4",NA,51.564,6.0071,FALSE,35,"Eurasian Blackbird","Turdus merula","#ff65df","avian","https://media.birdweather.com/species/35/EurasianBlackbird-standard-618b3a5132c7c359fb2a2884c39deb39.jpg","https://media.birdweather.com/species/35/EurasianBlackbird-thumbnail-276878929bed08167d1fd9bf34d63d40.jpg","https://media.birdweather.com/species/35/EurasianBlackbird-png200-ba5a1b43225da4611cac429c52a52c81.png","GfkFFwKRmrx2ZYiaaQe69nlzScn3T7IA",11444813144,"https://media.birdweather.com/soundscapes/6891/6891-20260505-142130.flac",0,3,"birdnetpi"
7471753095,6891,"2026-05-05T16:21:01.000+02:00",1,0.999183833599091,9.93711612490049,"almost_certain","2p4",NA,51.5628,6.0068,FALSE,35,"Eurasian Blackbird","Turdus merula","#ff65df","avian","https://media.birdweather.com/species/35/EurasianBlackbird-standard-618b3a5132c7c359fb2a2884c39deb39.jpg","https://media.birdweather.com/species/35/EurasianBlackbird-thumbnail-276878929bed08167d1fd9bf34d63d40.jpg","https://media.birdweather.com/species/35/EurasianBlackbird-png200-ba5a1b43225da4611cac429c52a52c81.png","GfkFFwKRmrx2ZYiaaQe69nlzScn3T7IA",11444800388,"https://media.birdweather.com/soundscapes/6891/6891-20260505-142101.flac",0,3,"birdnetpi"
7471741020,6891,"2026-05-05T16:20:39.000+02:00",1,0.999183833599091,9.93711612490049,"almost_certain","2p4",NA,51.5681,6.0094,FALSE,35,"Eurasian Blackbird","Turdus merula","#ff65df","avian","https://media.birdweather.com/species/35/EurasianBlackbird-standard-618b3a5132c7c359fb2a2884c39deb39.jpg","https://media.birdweather.com/species/35/EurasianBlackbird-thumbnail-276878929bed08167d1fd9bf34d63d40.jpg","https://media.birdweather.com/species/35/EurasianBlackbird-png200-ba5a1b43225da4611cac429c52a52c81.png","GfkFFwKRmrx2ZYiaaQe69nlzScn3T7IA",11444790330,"https://media.birdweather.com/soundscapes/6891/6891-20260505-142039.flac",0,3,"birdnetpi"
7471729078,6891,"2026-05-05T16:20:19.000+02:00",0.99,0.999183833599091,9.91740355459112,"almost_certain","2p4",NA,51.5703,6.0063,FALSE,35,"Eurasian Blackbird","Turdus merula","#ff65df","avian","https://media.birdweather.com/species/35/EurasianBlackbird-standard-618b3a5132c7c359fb2a2884c39deb39.jpg","https://media.birdweather.com/species/35/EurasianBlackbird-thumbnail-276878929bed08167d1fd9bf34d63d40.jpg","https://media.birdweather.com/species/35/EurasianBlackbird-png200-ba5a1b43225da4611cac429c52a52c81.png","GfkFFwKRmrx2ZYiaaQe69nlzScn3T7IA",11444780648,"https://media.birdweather.com/soundscapes/6891/6891-20260505-142019.flac",0,3,"birdnetpi"
7471715280,6891,"2026-05-05T16:19:59.000+02:00",1,0.999183833599091,9.93711612490049,"almost_certain","2p4",NA,51.5663,6.0031,FALSE,35,"Eurasian Blackbird","Turdus merula","#ff65df","avian","https://media.birdweather.com/species/35/EurasianBlackbird-standard-618b3a5132c7c359fb2a2884c39deb39.jpg","https://media.birdweather.com/species/35/EurasianBlackbird-thumbnail-276878929bed08167d1fd9bf34d63d40.jpg","https://media.birdweather.com/species/35/EurasianBlackbird-png200-ba5a1b43225da4611cac429c52a52c81.png","GfkFFwKRmrx2ZYiaaQe69nlzScn3T7IA",11444769254,"https://media.birdweather.com/soundscapes/6891/6891-20260505-141959.flac",0,3,"birdnetpi"
7471702523,6891,"2026-05-05T16:19:38.000+02:00",0.98,0.999183833599091,9.89740319938414,"almost_certain","2p4",NA,51.5669,6.0064,FALSE,35,"Eurasian Blackbird","Turdus merula","#ff65df","avian","https://media.birdweather.com/species/35/EurasianBlackbird-standard-618b3a5132c7c359fb2a2884c39deb39.jpg","https://media.birdweather.com/species/35/EurasianBlackbird-thumbnail-276878929bed08167d1fd9bf34d63d40.jpg","https://media.birdweather.com/species/35/EurasianBlackbird-png200-ba5a1b43225da4611cac429c52a52c81.png","GfkFFwKRmrx2ZYiaaQe69nlzScn3T7IA",11444758719,"https://media.birdweather.com/soundscapes/6891/6891-20260505-141938.flac",0,3,"birdnetpi"
7471692662,6891,"2026-05-05T16:19:14.000+02:00",0.97,0.999183833599091,9.8771065318585,"almost_certain","2p4",NA,51.5683,6.0092,FALSE,35,"Eurasian Blackbird","Turdus merula","#ff65df","avian","https://media.birdweather.com/species/35/EurasianBlackbird-standard-618b3a5132c7c359fb2a2884c39deb39.jpg","https://media.birdweather.com/species/35/EurasianBlackbird-thumbnail-276878929bed08167d1fd9bf34d63d40.jpg","https://media.birdweather.com/species/35/EurasianBlackbird-png200-ba5a1b43225da4611cac429c52a52c81.png","GfkFFwKRmrx2ZYiaaQe69nlzScn3T7IA",11444750982,"https://media.birdweather.com/soundscapes/6891/6891-20260505-141914.flac",0,3,"birdnetpi"
7471678939,6891,"2026-05-05T16:18:47.000+02:00",1,0.999183833599091,9.93711612490049,"almost_certain","2p4",NA,51.567,6.0081,FALSE,35,"Eurasian Blackbird","Turdus merula","#ff65df","avian","https://media.birdweather.com/species/35/EurasianBlackbird-standard-618b3a5132c7c359fb2a2884c39deb39.jpg","https://media.birdweather.com/species/35/EurasianBlackbird-thumbnail-276878929bed08167d1fd9bf34d63d40.jpg","https://media.birdweather.com/species/35/EurasianBlackbird-png200-ba5a1b43225da4611cac429c52a52c81.png","GfkFFwKRmrx2ZYiaaQe69nlzScn3T7IA",11444739483,"https://media.birdweather.com/soundscapes/6891/6891-20260505-141847.flac",0,3,"birdnetpi"
7471665004,6891,"2026-05-05T16:18:29.000+02:00",0.99,0.999183833599091,9.91740355459112,"almost_certain","2p4",NA,51.565,6.0051,FALSE,35,"Eurasian Blackbird","Turdus merula","#ff65df","avian","https://media.birdweather.com/species/35/EurasianBlackbird-standard-618b3a5132c7c359fb2a2884c39deb39.jpg","https://media.birdweather.com/species/35/EurasianBlackbird-thumbnail-276878929bed08167d1fd9bf34d63d40.jpg","https://media.birdweather.com/species/35/EurasianBlackbird-png200-ba5a1b43225da4611cac429c52a52c81.png","GfkFFwKRmrx2ZYiaaQe69nlzScn3T7IA",11444728582,"https://media.birdweather.com/soundscapes/6891/6891-20260505-141829.flac",0,3,"birdnetpi"
7471651066,6891,"2026-05-05T16:18:09.000+02:00",0.99,0.999183833599091,9.91740355459112,"almost_certain","2p4",NA,51.5617,6.0082,FALSE,35,"Eurasian Blackbird","Turdus merula","#ff65df","avian","https://media.birdweather.com/species/35/EurasianBlackbird-standard-618b3a5132c7c359fb2a2884c39deb39.jpg","https://media.birdweather.com/species/35/EurasianBlackbird-thumbnail-276878929bed08167d1fd9bf34d63d40.jpg","https://media.birdweather.com/species/35/EurasianBlackbird-png200-ba5a1b43225da4611cac429c52a52c81.png","GfkFFwKRmrx2ZYiaaQe69nlzScn3T7IA",11444717597,"https://media.birdweather.com/soundscapes/6891/6891-20260505-141809.flac",0,3,"birdnetpi"
7471637001,6891,"2026-05-05T16:17:39.000+02:00",1,0.999183833599091,9.93711612490049,"almost_certain","2p4",NA,51.5698,6.007,FALSE,35,"Eurasian Blackbird","Turdus merula","#ff65df","avian","https://media.birdweather.com/species/35/EurasianBlackbird-standard-618b3a5132c7c359fb2a2884c39deb39.jpg","https://media.birdweather.com/species/35/EurasianBlackbird-thumbnail-276878929bed08167d1fd9bf34d63d40.jpg","https://media.birdweather.com/species/35/EurasianBlackbird-png200-ba5a1b43225da4611cac429c52a52c81.png","GfkFFwKRmrx2ZYiaaQe69nlzScn3T7IA",11444705670,"https://media.birdweather.com/soundscapes/6891/6891-20260505-141739.flac",0,3,"birdnetpi"
7471623362,6891,"2026-05-05T16:17:12.000+02:00",0.88,0.999183833599091,9.67948456774147,"almost_certain","2p4",NA,51.5674,6.0066,FALSE,35,"Eurasian Blackbird","Turdus merula","#ff65df","avian","https://media.birdweather.com/species/35/EurasianBlackbird-standard-618b3a5132c7c359fb2a2884c39deb39.jpg","https://media.birdweather.com/species/35/EurasianBlackbird-thumbnail-276878929bed08167d1fd9bf34d63d40.jpg","https://media.birdweather.com/species/35/EurasianBlackbird-png200-ba5a1b43225da4611cac429c52a52c81.png","GfkFFwKRmrx2ZYiaaQe69nlzScn3T7IA",11444694626,"https://media.birdweather.com/soundscapes/6891/6891-20260505-141712.flac",0,3,"birdnetpi"
7471604217,6891,"2026-05-05T16:16:34.000+02:00",0.98,0.999183833599091,9.89740319938414,"almost_certain","2p4",NA,51.5651,6.0013,FALSE,35,"Eurasian Blackbird","Turdus merula","#ff65df","avian","https://media.birdweather.com/species/35/EurasianBlackbird-standard-618b3a5132c7c359fb2a2884c39deb39.jpg","https://media.birdweather.com/species/35/EurasianBlackbird-thumbnail-276878929bed08167d1fd9bf34d63d40.jpg","https://media.birdweather.com/species/35/EurasianBlackbird-png200-ba5a1b43225da4611cac429c52a52c81.png","GfkFFwKRmrx2ZYiaaQe69nlzScn3T7IA",11444675883,"https://media.birdweather.com/soundscapes/6891/6891-20260505-141634.flac",0,3,"birdnetpi"
7471593003,6891,"2026-05-05T16:16:09.000+02:00",0.98,0.999183833599091,9.89740319938414,"almost_certain","2p4",NA,51.5644,6.0012,FALSE,35,"Eurasian Blackbird","Turdus merula","#ff65df","avian","https://media.birdweather.com/species/35/EurasianBlackbird-standard-618b3a5132c7c359fb2a2884c39deb39.jpg","https://media.birdweather.com/species/35/EurasianBlackbird-thumbnail-276878929bed08167d1fd9bf34d63d40.jpg","https://media.birdweather.com/species/35/EurasianBlackbird-png200-ba5a1b43225da4611cac429c52a52c81.png","GfkFFwKRmrx2ZYiaaQe69nlzScn3T7IA",11444667215,"https://media.birdweather.com/soundscapes/6891/6891-20260505-141609.flac",0,3,"birdnetpi"
7471580360,6891,"2026-05-05T16:15:46.000+02:00",1,0.999183833599091,9.93711612490049,"almost_certain","2p4",NA,51.569,6.0017,FALSE,35,"Eurasian Blackbird","Turdus merula","#ff65df","avian","https://media.birdweather.com/species/35/EurasianBlackbird-standard-618b3a5132c7c359fb2a2884c39deb39.jpg","https://media.birdweather.com/species/35/EurasianBlackbird-thumbnail-276878929bed08167d1fd9bf34d63d40.jpg","https://media.birdweather.com/species/35/EurasianBlackbird-png200-ba5a1b43225da4611cac429c52a52c81.png","GfkFFwKRmrx2ZYiaaQe69nlzScn3T7IA",11444656667,"https://media.birdweather.com/soundscapes/6891/6891-20260505-141546.flac",0,3,"birdnetpi"
7471566616,6891,"2026-05-05T16:15:26.000+02:00",0.97,0.999183833599091,9.8771065318585,"almost_certain","2p4",NA,51.5619,6.0045,FALSE,35,"Eurasian Blackbird","Turdus merula","#ff65df","avian","https://media.birdweather.com/species/35/EurasianBlackbird-standard-618b3a5132c7c359fb2a2884c39deb39.jpg","https://media.birdweather.com/species/35/EurasianBlackbird-thumbnail-276878929bed08167d1fd9bf34d63d40.jpg","https://media.birdweather.com/species/35/EurasianBlackbird-png200-ba5a1b43225da4611cac429c52a52c81.png","GfkFFwKRmrx2ZYiaaQe69nlzScn3T7IA",11444645698,"https://media.birdweather.com/soundscapes/6891/6891-20260505-141526.flac",0,3,"birdnetpi"
7471557345,6891,"2026-05-05T16:15:08.000+02:00",1,0.999183833599091,9.93711612490049,"almost_certain","2p4",NA,51.5689,6.0014,FALSE,35,"Eurasian Blackbird","Turdus merula","#ff65df","avian","https://media.birdweather.com/species/35/EurasianBlackbird-standard-618b3a5132c7c359fb2a2884c39deb39.jpg","https://media.birdweather.com/species/35/EurasianBlackbird-thumbnail-276878929bed08167d1fd9bf34d63d40.jpg","https://media.birdweather.com/species/35/EurasianBlackbird-png200-ba5a1b43225da4611cac429c52a52c81.png","GfkFFwKRmrx2ZYiaaQe69nlzScn3T7IA",11444638348,"https://media.birdweather.com/soundscapes/6891/6891-20260505-141508.flac",0,3,"birdnetpi"
7471545018,6891,"2026-05-05T16:14:43.000+02:00",0.97,0.999183833599091,9.8771065318585,"almost_certain","2p4",NA,51.5643,6.0062,FALSE,35,"Eurasian Blackbird","Turdus merula","#ff65df","avian","https://media.birdweather.com/species/35/EurasianBlackbird-standard-618b3a5132c7c359fb2a2884c39deb39.jpg","https://media.birdweather.com/species/35/EurasianBlackbird-thumbnail-276878929bed08167d1fd9bf34d63d40.jpg","https://media.birdweather.com/species/35/EurasianBlackbird-png200-ba5a1b43225da4611cac429c52a52c81.png","GfkFFwKRmrx2ZYiaaQe69nlzScn3T7IA",11444627890,"https://media.birdweather.com/soundscapes/6891/6891-20260505-141443.flac",0,3,"birdnetpi"
7471530404,6891,"2026-05-05T16:14:19.000+02:00",0.98,0.999183833599091,9.89740319938414,"almost_certain","2p4",NA,51.5693,6.0063,FALSE,35,"Eurasian Blackbird","Turdus merula","#ff65df","avian","https://media.birdweather.com/species/35/EurasianBlackbird-standard-618b3a5132c7c359fb2a2884c39deb39.jpg","https://media.birdweather.com/species/35/EurasianBlackbird-thumbnail-276878929bed08167d1fd9bf34d63d40.jpg","https://media.birdweather.com/species/35/EurasianBlackbird-png200-ba5a1b43225da4611cac429c52a52c81.png","GfkFFwKRmrx2ZYiaaQe69nlzScn3T7IA",11444616434,"https://media.birdweather.com/soundscapes/6891/6891-20260505-141419.flac",0,3,"birdnetpi"
7471516741,6891,"2026-05-05T16:13:56.000+02:00",0.97,0.999183833599091,9.8771065318585,"almost_certain","2p4",NA,51.5689,6.0027,FALSE,35,"Eurasian Blackbird","Turdus merula","#ff65df","avian","https://media.birdweather.com/species/35/EurasianBlackbird-standard-618b3a5132c7c359fb2a2884c39deb39.jpg","https://media.birdweather.com/species/35/EurasianBlackbird-thumbnail-276878929bed08167d1fd9bf34d63d40.jpg","https://media.birdweather.com/species/35/EurasianBlackbird-png200-ba5a1b43225da4611cac429c52a52c81.png","GfkFFwKRmrx2ZYiaaQe69nlzScn3T7IA",11444605019,"https://media.birdweather.com/soundscapes/6891/6891-20260505-141356.flac",0,3,"birdnetpi"
7471502826,6891,"2026-05-05T16:13:29.000+02:00",0.96,0.999183833599091,9.85650463986908,"almost_certain","2p4",NA,51.5663,6.0074,FALSE,35,"Eurasian Blackbird","Turdus merula","#ff65df","avian","https://media.birdweather.com/species/35/EurasianBlackbird-standard-618b3a5132c7c359fb2a2884c39deb39.jpg","https://media.birdweather.com/species/35/EurasianBlackbird-thumbnail-276878929bed08167d1fd9bf34d63d40.jpg","https://media.birdweather.com/species/35/EurasianBlackbird-png200-ba5a1b43225da4611cac429c52a52c81.png","GfkFFwKRmrx2ZYiaaQe69nlzScn3T7IA",11444594023,"https://media.birdweather.com/soundscapes/6891/6891-20260505-141329.flac",0,3,"birdnetpi"
7471489153,6891,"2026-05-05T16:13:11.000+02:00",0.95,0.999183833599091,9.8355882030499,"almost_certain","2p4",NA,51.5655,6.0031,FALSE,35,"Eurasian Blackbird","Turdus merula","#ff65df","avian","https://media.birdweather.com/species/35/EurasianBlackbird-standard-618b3a5132c7c359fb2a2884c39deb39.jpg","https://media.birdweather.com/species/35/EurasianBlackbird-thumbnail-276878929bed08167d1fd9bf34d63d40.jpg","https://media.birdweather.com/species/35/EurasianBlackbird-png200-ba5a1b43225da4611cac429c52a52c81.png","GfkFFwKRmrx2ZYiaaQe69nlzScn3T7IA",11444583086,"https://media.birdweather.com/soundscapes/6891/6891-20260505-141311.flac",0,3,"birdnetpi"
7471480187,6891,"2026-05-05T16:12:50.000+02:00",0.95,0.999183833599091,9.8355882030499,"almost_certain","2p4",NA,51.568,6.0092,FALSE,35,"Eurasian Blackbird","Turdus merula","#ff65df","avian","https://media.birdweather.com/species/35/EurasianBlackbird-standard-618b3a5132c7c359fb2a2884c39deb39.jpg","https://media.birdweather.com/species/35/EurasianBlackbird-thumbnail-276878929bed08167d1fd9bf34d63d40.jpg","https://media.birdweather.com/species/35/EurasianBlackbird-png200-ba5a1b43225da4611cac429c52a52c81.png","GfkFFwKRmrx2ZYiaaQe69nlzScn3T7IA",11444575316,"https://media.birdweather.com/soundscapes/6891/6891-20260505-141250.flac",0,3,"birdnetpi"
7471462007,6891,"2026-05-05T16:12:18.000+02:00",0.95,0.999183833599091,9.8355882030499,"almost_certain","2p4",NA,51.5655,6.0076,FALSE,35,"Eurasian Blackbird","Turdus merula","#ff65df","avian","https://media.birdweather.com/species/35/EurasianBlackbird-standard-618b3a5132c7c359fb2a2884c39deb39.jpg","https://media.birdweather.com/species/35/EurasianBlackbird-thumbnail-276878929bed08167d1fd9bf34d63d40.jpg","https://media.birdweather.com/species/35/EurasianBlackbird-png200-ba5a1b43225da4611cac429c52a52c81.png","GfkFFwKRmrx2ZYiaaQe69nlzScn3T7IA",11444560662,"https://media.birdweather.com/soundscapes/6891/6891-20260505-141218.flac",0,3,"birdnetpi"
7471450486,6891,"2026-05-05T16:12:01.000+02:00",1,0.672991514205933,9.40224790039199,"almost_certain","2p4",NA,51.5623,6.0034,FALSE,44,"Dunnock","Prunella modularis","#fea614","avian","https://media.birdweather.com/species/44/Dunnock-standard-a705d7131240cedd1c407b5a19989591.jpg","https://media.birdweather.com/species/44/Dunnock-thumbnail-1036624855b82c96db4ad23d1ed9d702.jpg","https://media.birdweather.com/species/44/Dunnock-png200-951bb2cdb9ec585716907d8eac83882e.png","lQgGDwB9pneQhHlwWjeK2ZK6d/kdFaUA",11444551044,"https://media.birdweather.com/soundscapes/6891/6891-20260505-141201.flac",0,3,"birdnetpi"
7471448752,6891,"2026-05-05T16:11:54.000+02:00",0.9,0.997795641422272,9.7240438800164,"almost_certain","2p4",NA,51.5654,6.0051,FALSE,407,"Common Wood-Pigeon","Columba palumbus","#028fb2","avian","https://media.birdweather.com/species/407/CommonWood-Pigeon-standard-5558900260c92622ceef8a812b06518e.jpg","https://media.birdweather.com/species/407/CommonWood-Pigeon-thumbnail-4b86c907c8b82c8af31d566b811dee05.jpg","https://media.birdweather.com/species/407/CommonWood-Pigeon-png200-533b13201573be3895fcec3e61e861b5.png","2ukFHwIHiYeWxnZUiniYZ3h5h6+rCIQH",11444549721,"https://media.birdweather.com/soundscapes/6891/6891-20260505-141154.flac",0,3,"birdnetpi"
7471441748,6891,"2026-05-05T16:11:39.000+02:00",0.8,0.999183833599091,9.47614916072943,"almost_certain","2p4",NA,51.568,6.0031,FALSE,35,"Eurasian Blackbird","Turdus merula","#ff65df","avian","https://media.birdweather.com/species/35/EurasianBlackbird-standard-618b3a5132c7c359fb2a2884c39deb39.jpg","https://media.birdweather.com/species/35/EurasianBlackbird-thumbnail-276878929bed08167d1fd9bf34d63d40.jpg","https://media.birdweather.com/species/35/EurasianBlackbird-png200-ba5a1b43225da4611cac429c52a52c81.png","GfkFFwKRmrx2ZYiaaQe69nlzScn3T7IA",11444543841,"https://media.birdweather.com/soundscapes/6891/6891-20260505-141139.flac",0,3,"birdnetpi"
7471403746,6891,"2026-05-05T16:10:32.000+02:00",0.86,0.999183833599091,9.63140945960003,"almost_certain","2p4",NA,51.5622,6.0077,FALSE,35,"Eurasian Blackbird","Turdus merula","#ff65df","avian","https://media.birdweather.com/species/35/EurasianBlackbird-standard-618b3a5132c7c359fb2a2884c39deb39.jpg","https://media.birdweather.com/species/35/EurasianBlackbird-thumbnail-276878929bed08167d1fd9bf34d63d40.jpg","https://media.birdweather.com/species/35/EurasianBlackbird-png200-ba5a1b43225da4611cac429c52a52c81.png","GfkFFwKRmrx2ZYiaaQe69nlzScn3T7IA",11444512631,"https://media.birdweather.com/soundscapes/6891/6891-20260505-141032.flac",0,3,"birdnetpi"
7471379174,6891,"2026-05-05T16:09:55.000+02:00",0.89,0.999183833599091,9.70290394144371,"almost_certain","2p4",NA,51.5695,6.002,FALSE,35,"Eurasian Blackbird","Turdus merula","#ff65df","avian","https://media.birdweather.com/species/35/EurasianBlackbird-standard-618b3a5132c7c359fb2a2884c39deb39.jpg","https://media.birdweather.com/species/35/EurasianBlackbird-thumbnail-276878929bed08167d1fd9bf34d63d40.jpg","https://media.birdweather.com/species/35/EurasianBlackbird-png200-ba5a1b43225da4611cac429c52a52c81.png","GfkFFwKRmrx2ZYiaaQe69nlzScn3T7IA",11444492568,"https://media.birdweather.com/soundscapes/6891/6891-20260505-140955.flac",0,3,"birdnetpi"
7471363777,6891,"2026-05-05T16:09:30.000+02:00",0.94,0.999183833599091,9.81434746749562,"almost_certain","2p4",NA,51.5689,6.0059,FALSE,35,"Eurasian Blackbird","Turdus merula","#ff65df","avian","https://media.birdweather.com/species/35/EurasianBlackbird-standard-618b3a5132c7c359fb2a2884c39deb39.jpg","https://media.birdweather.com/species/35/EurasianBlackbird-thumbnail-276878929bed08167d1fd9bf34d63d40.jpg","https://media.birdweather.com/species/35/EurasianBlackbird-png200-ba5a1b43225da4611cac429c52a52c81.png","GfkFFwKRmrx2ZYiaaQe69nlzScn3T7IA",11444480335,"https://media.birdweather.com/soundscapes/6891/6891-20260505-140930.flac",0,3,"birdnetpi"
7471349454,6891,"2026-05-05T16:08:54.000+02:00",0.79,0.997795641422272,9.44658563818368,"almost_certain","2p4",NA,51.5665,6.0066,FALSE,407,"Common Wood-Pigeon","Columba palumbus","#028fb2","avian","https://media.birdweather.com/species/407/CommonWood-Pigeon-standard-5558900260c92622ceef8a812b06518e.jpg","https://media.birdweather.com/species/407/CommonWood-Pigeon-thumbnail-4b86c907c8b82c8af31d566b811dee05.jpg","https://media.birdweather.com/species/407/CommonWood-Pigeon-png200-533b13201573be3895fcec3e61e861b5.png","2ukFHwIHiYeWxnZUiniYZ3h5h6+rCIQH",11444468016,"https://media.birdweather.com/soundscapes/6891/6891-20260505-140854.flac",0,3,"birdnetpi"
7471263799,6891,"2026-05-05T16:06:20.000+02:00",0.99,0.999183833599091,9.91740355459112,"almost_certain","2p4",NA,51.565,6.0067,FALSE,35,"Eurasian Blackbird","Turdus merula","#ff65df","avian","https://media.birdweather.com/species/35/EurasianBlackbird-standard-618b3a5132c7c359fb2a2884c39deb39.jpg","https://media.birdweather.com/species/35/EurasianBlackbird-thumbnail-276878929bed08167d1fd9bf34d63d40.jpg","https://media.birdweather.com/species/35/EurasianBlackbird-png200-ba5a1b43225da4611cac429c52a52c81.png","GfkFFwKRmrx2ZYiaaQe69nlzScn3T7IA",11444397698,"https://media.birdweather.com/soundscapes/6891/6891-20260505-140620.flac",0,3,"birdnetpi"
7471251257,6891,"2026-05-05T16:05:58.000+02:00",0.99,0.999183833599091,9.91740355459112,"almost_certain","2p4",NA,51.5661,6.0093,FALSE,35,"Eurasian Blackbird","Turdus merula","#ff65df","avian","https://media.birdweather.com/species/35/EurasianBlackbird-standard-618b3a5132c7c359fb2a2884c39deb39.jpg","https://media.birdweather.com/species/35/EurasianBlackbird-thumbnail-276878929bed08167d1fd9bf34d63d40.jpg","https://media.birdweather.com/species/35/EurasianBlackbird-png200-ba5a1b43225da4611cac429c52a52c81.png","GfkFFwKRmrx2ZYiaaQe69nlzScn3T7IA",11444387194,"https://media.birdweather.com/soundscapes/6891/6891-20260505-140558.flac",0,3,"birdnetpi"
7471237977,6891,"2026-05-05T16:05:34.000+02:00",0.96,0.999183833599091,9.85650463986908,"almost_certain","2p4",NA,51.5669,6.0065,FALSE,35,"Eurasian Blackbird","Turdus merula","#ff65df","avian","https://media.birdweather.com/species/35/EurasianBlackbird-standard-618b3a5132c7c359fb2a2884c39deb39.jpg","https://media.birdweather.com/species/35/EurasianBlackbird-thumbnail-276878929bed08167d1fd9bf34d63d40.jpg","https://media.birdweather.com/species/35/EurasianBlackbird-png200-ba5a1b43225da4611cac429c52a52c81.png","GfkFFwKRmrx2ZYiaaQe69nlzScn3T7IA",11444376344,"https://media.birdweather.com/soundscapes/6891/6891-20260505-140534.flac",0,3,"birdnetpi"
7471142526,6891,"2026-05-05T16:02:28.000+02:00",0.91,0.556647181510925,8.95786516812686,"almost_certain","2p4",NA,51.567,6.0036,FALSE,294,"European Greenfinch","Chloris chloris","#fea614","avian","https://media.birdweather.com/species/294/EuropeanGreenfinch-standard-34aa36357c06fbf52af390917f29436b.jpg","https://media.birdweather.com/species/294/EuropeanGreenfinch-thumbnail-7466d93ab9340d75d4eec2ca6eeed529.jpg","https://media.birdweather.com/species/294/EuropeanGreenfinch-png200-8b2951bb918db1cbed643a9530efa558.png","FRkGHwJYqWeEd4ifapeoh4ZriPUnaG8B",11444291730,"https://media.birdweather.com/soundscapes/6891/6891-20260505-140228.flac",0,3,"birdnetpi"
7471126266,6891,"2026-05-05T16:01:52.000+02:00",0.7,0.643900752067566,8.57594248572872,"almost_certain","2p4",NA,51.5635,6.003,FALSE,89,"European Goldfinch","Carduelis carduelis","#65dba3","avian","https://media.birdweather.com/species/89/EuropeanGoldfinch-standard-5e709d6e7011b21fe905b6d27ce94b9d.jpg","https://media.birdweather.com/species/89/EuropeanGoldfinch-thumbnail-f99916cbaf5a2c3bd8f61890d18d73c1.jpg","https://media.birdweather.com/species/89/EuropeanGoldfinch-png200-ef3fc90c8328c40b59d9ad3c4b52e850.png","lPgJDwI+UJmHq2hji4dWiHiH2XQID5UC",11444275818,"https://media.birdweather.com/soundscapes/6891/6891-20260505-140152.flac",0,3,"birdnetpi"
7471106589,6891,"2026-05-05T16:01:13.000+02:00",0.99,0.999183833599091,9.91740355459112,"almost_certain","2p4",NA,51.5653,6.0092,FALSE,35,"Eurasian Blackbird","Turdus merula","#ff65df","avian","https://media.birdweather.com/species/35/EurasianBlackbird-standard-618b3a5132c7c359fb2a2884c39deb39.jpg","https://media.birdweather.com/species/35/EurasianBlackbird-thumbnail-276878929bed08167d1fd9bf34d63d40.jpg","https://media.birdweather.com/species/35/EurasianBlackbird-png200-ba5a1b43225da4611cac429c52a52c81.png","GfkFFwKRmrx2ZYiaaQe69nlzScn3T7IA",11444258046,"https://media.birdweather.com/soundscapes/6891/6891-20260505-140113.flac",0,3,"birdnetpi"
7471095174,6891,"2026-05-05T16:00:58.000+02:00",0.97,0.999183833599091,9.8771065318585,"almost_certain","2p4",NA,51.566,6.0011,FALSE,35,"Eurasian Blackbird","Turdus merula","#ff65df","avian","https://media.birdweather.com/species/35/EurasianBlackbird-standard-618b3a5132c7c359fb2a2884c39deb39.jpg","https://media.birdweather.com/species/35/EurasianBlackbird-thumbnail-276878929bed08167d1fd9bf34d63d40.jpg","https://media.birdweather.com/species/35/EurasianBlackbird-png200-ba5a1b43225da4611cac429c52a52c81.png","GfkFFwKRmrx2ZYiaaQe69nlzScn3T7IA",11444247540,"https://media.birdweather.com/soundscapes/6891/6891-20260505-140058.flac",0,3,"birdnetpi"
7471063770,6891,"2026-05-05T15:59:53.000+02:00",0.99,0.999183833599091,9.91740355459112,"almost_certain","2p4",NA,51.5695,6.0047,FALSE,35,"Eurasian Blackbird","Turdus merula","#ff65df","avian","https://media.birdweather.com/species/35/EurasianBlackbird-standard-618b3a5132c7c359fb2a2884c39deb39.jpg","https://media.birdweather.com/species/35/EurasianBlackbird-thumbnail-276878929bed08167d1fd9bf34d63d40.jpg","https://media.birdweather.com/species/35/EurasianBlackbird-png200-ba5a1b43225da4611cac429c52a52c81.png","GfkFFwKRmrx2ZYiaaQe69nlzScn3T7IA",11444218679,"https://media.birdweather.com/soundscapes/6891/6891-20260505-135953.flac",0,3,"birdnetpi"
7471051271,6891,"2026-05-05T15:59:33.000+02:00",0.98,0.999183833599091,9.89740319938414,"almost_certain","2p4",NA,51.5621,6.0055,FALSE,35,"Eurasian Blackbird","Turdus merula","#ff65df","avian","https://media.birdweather.com/species/35/EurasianBlackbird-standard-618b3a5132c7c359fb2a2884c39deb39.jpg","https://media.birdweather.com/species/35/EurasianBlackbird-thumbnail-276878929bed08167d1fd9bf34d63d40.jpg","https://media.birdweather.com/species/35/EurasianBlackbird-png200-ba5a1b43225da4611cac429c52a52c81.png","GfkFFwKRmrx2ZYiaaQe69nlzScn3T7IA",11444207637,"https://media.birdweather.com/soundscapes/6891/6891-20260505-135933.flac",0,3,"birdnetpi"
7471039018,6891,"2026-05-05T15:59:03.000+02:00",0.98,0.999183833599091,9.89740319938414,"almost_certain","2p4",NA,51.5688,6.0008,FALSE,35,"Eurasian Blackbird","Turdus merula","#ff65df","avian","https://media.birdweather.com/species/35/EurasianBlackbird-standard-618b3a5132c7c359fb2a2884c39deb39.jpg","https://media.birdweather.com/species/35/EurasianBlackbird-thumbnail-276878929bed08167d1fd9bf34d63d40.jpg","https://media.birdweather.com/species/35/EurasianBlackbird-png200-ba5a1b43225da4611cac429c52a52c81.png","GfkFFwKRmrx2ZYiaaQe69nlzScn3T7IA",11444197133,"https://media.birdweather.com/soundscapes/6891/6891-20260505-135903.flac",0,3,"birdnetpi"
7471027698,6891,"2026-05-05T15:58:39.000+02:00",0.96,0.999183833599091,9.85650463986908,"almost_certain","2p4",NA,51.5674,6.0082,FALSE,35,"Eurasian Blackbird","Turdus merula","#ff65df","avian","https://media.birdweather.com/species/35/EurasianBlackbird-standard-618b3a5132c7c359fb2a2884c39deb39.jpg","https://media.birdweather.com/species/35/EurasianBlackbird-thumbnail-276878929bed08167d1fd9bf34d63d40.jpg","https://media.birdweather.com/species/35/EurasianBlackbird-png200-ba5a1b43225da4611cac429c52a52c81.png","GfkFFwKRmrx2ZYiaaQe69nlzScn3T7IA",11444187025,"https://media.birdweather.com/soundscapes/6891/6891-20260505-135839.flac",0,3,"birdnetpi"
7471013619,6891,"2026-05-05T15:58:16.000+02:00",0.99,0.999183833599091,9.91740355459112,"almost_certain","2p4",NA,51.568,6.0044,FALSE,35,"Eurasian Blackbird","Turdus merula","#ff65df","avian","https://media.birdweather.com/species/35/EurasianBlackbird-standard-618b3a5132c7c359fb2a2884c39deb39.jpg","https://media.birdweather.com/species/35/EurasianBlackbird-thumbnail-276878929bed08167d1fd9bf34d63d40.jpg","https://media.birdweather.com/species/35/EurasianBlackbird-png200-ba5a1b43225da4611cac429c52a52c81.png","GfkFFwKRmrx2ZYiaaQe69nlzScn3T7IA",11444175181,"https://media.birdweather.com/soundscapes/6891/6891-20260505-135816.flac",0,3,"birdnetpi"
7470465947,6891,"2026-05-05T15:43:07.000+02:00",0.82,0.933696985244751,9.43796539746209,"almost_certain","2p4",NA,51.5704,6.0073,FALSE,53,"European Starling","Sturnus vulgaris","#96038f","avian","https://media.birdweather.com/species/53/EuropeanStarling-standard-ff3a9beb497795d3bd4205bd86cf1652.jpg","https://media.birdweather.com/species/53/EuropeanStarling-thumbnail-974e70e3ea84a4be254312c2dfe527d5.jpg","https://media.birdweather.com/species/53/EuropeanStarling-png200-c81072eef7cc54f4bd51dcb88ed45765.png","FQgGBwD4dnmbZHhapUenmGh16HWAvzoO",11443759298,"https://media.birdweather.com/soundscapes/6891/6891-20260505-134307.flac",0,3,"birdnetpi"
7470451586,6891,"2026-05-05T15:42:52.000+02:00",0.89,0.672991514205933,9.1680357169352,"almost_certain","2p4",NA,51.5653,6.0015,FALSE,44,"Dunnock","Prunella modularis","#fea614","avian","https://media.birdweather.com/species/44/Dunnock-standard-a705d7131240cedd1c407b5a19989591.jpg","https://media.birdweather.com/species/44/Dunnock-thumbnail-1036624855b82c96db4ad23d1ed9d702.jpg","https://media.birdweather.com/species/44/Dunnock-png200-951bb2cdb9ec585716907d8eac83882e.png","lQgGDwB9pneQhHlwWjeK2ZK6d/kdFaUA",11443749243,"https://media.birdweather.com/soundscapes/6891/6891-20260505-134252.flac",0,3,"birdnetpi"
7470362198,6891,"2026-05-05T15:40:32.000+02:00",0.91,0.672991514205933,9.2137066127018,"almost_certain","2p4",NA,51.5676,6.0075,FALSE,44,"Dunnock","Prunella modularis","#fea614","avian","https://media.birdweather.com/species/44/Dunnock-standard-a705d7131240cedd1c407b5a19989591.jpg","https://media.birdweather.com/species/44/Dunnock-thumbnail-1036624855b82c96db4ad23d1ed9d702.jpg","https://media.birdweather.com/species/44/Dunnock-png200-951bb2cdb9ec585716907d8eac83882e.png","lQgGDwB9pneQhHlwWjeK2ZK6d/kdFaUA",11443687605,"https://media.birdweather.com/soundscapes/6891/6891-20260505-134032.flac",0,3,"birdnetpi"
7470307464,6891,"2026-05-05T15:39:07.000+02:00",0.99,0.236734092235565,7.98764074755935,"almost_certain","2p4",NA,51.5624,6.0025,FALSE,20,"Black Redstart","Phoenicurus ochruros","#c8ce2d","avian","https://media.birdweather.com/species/20/BlackRedstart-standard-4255c9b712ecb46ea7d3df8d556c18e7.jpg","https://media.birdweather.com/species/20/BlackRedstart-thumbnail-2fee59acc1ecc6be7238da194869e940.jpg","https://media.birdweather.com/species/20/BlackRedstart-png200-cbc0625b8b4889aeec1da754ad906efd.png","2QgGFwT8epa+l3ZlZ5hntnh4Z/6oyZ8I",11443649387,"https://media.birdweather.com/soundscapes/6891/6891-20260505-133907.flac",0,3,"birdnetpi"
7470265849,6891,"2026-05-05T15:38:06.000+02:00",1,0.236734092235565,8.00735331786873,"almost_certain","2p4",NA,51.5673,6.008,FALSE,20,"Black Redstart","Phoenicurus ochruros","#c8ce2d","avian","https://media.birdweather.com/species/20/BlackRedstart-standard-4255c9b712ecb46ea7d3df8d556c18e7.jpg","https://media.birdweather.com/species/20/BlackRedstart-thumbnail-2fee59acc1ecc6be7238da194869e940.jpg","https://media.birdweather.com/species/20/BlackRedstart-png200-cbc0625b8b4889aeec1da754ad906efd.png","2QgGFwT8epa+l3ZlZ5hntnh4Z/6oyZ8I",11443619894,"https://media.birdweather.com/soundscapes/6891/6891-20260505-133806.flac",0,3,"birdnetpi"
7470244299,6891,"2026-05-05T15:37:29.000+02:00",0.99,0.672991514205933,9.38253533008261,"almost_certain","2p4",NA,51.5678,6.0063,FALSE,44,"Dunnock","Prunella modularis","#fea614","avian","https://media.birdweather.com/species/44/Dunnock-standard-a705d7131240cedd1c407b5a19989591.jpg","https://media.birdweather.com/species/44/Dunnock-thumbnail-1036624855b82c96db4ad23d1ed9d702.jpg","https://media.birdweather.com/species/44/Dunnock-png200-951bb2cdb9ec585716907d8eac83882e.png","lQgGDwB9pneQhHlwWjeK2ZK6d/kdFaUA",11443604217,"https://media.birdweather.com/soundscapes/6891/6891-20260505-133729.flac",0,3,"birdnetpi"
7470227807,6891,"2026-05-05T15:37:04.000+02:00",0.99,0.672991514205933,9.38253533008261,"almost_certain","2p4",NA,51.5629,6.0054,FALSE,44,"Dunnock","Prunella modularis","#fea614","avian","https://media.birdweather.com/species/44/Dunnock-standard-a705d7131240cedd1c407b5a19989591.jpg","https://media.birdweather.com/species/44/Dunnock-thumbnail-1036624855b82c96db4ad23d1ed9d702.jpg","https://media.birdweather.com/species/44/Dunnock-png200-951bb2cdb9ec585716907d8eac83882e.png","lQgGDwB9pneQhHlwWjeK2ZK6d/kdFaUA",11443592777,"https://media.birdweather.com/soundscapes/6891/6891-20260505-133704.flac",0,3,"birdnetpi"
7470214226,6891,"2026-05-05T15:36:46.000+02:00",1,0.672991514205933,9.40224790039199,"almost_certain","2p4",NA,51.563,6.0092,FALSE,44,"Dunnock","Prunella modularis","#fea614","avian","https://media.birdweather.com/species/44/Dunnock-standard-a705d7131240cedd1c407b5a19989591.jpg","https://media.birdweather.com/species/44/Dunnock-thumbnail-1036624855b82c96db4ad23d1ed9d702.jpg","https://media.birdweather.com/species/44/Dunnock-png200-951bb2cdb9ec585716907d8eac83882e.png","lQgGDwB9pneQhHlwWjeK2ZK6d/kdFaUA",11443582707,"https://media.birdweather.com/soundscapes/6891/6891-20260505-133646.flac",0,3,"birdnetpi"
7470199384,6891,"2026-05-05T15:36:20.000+02:00",1,0.672991514205933,9.40224790039199,"almost_certain","2p4",NA,51.5647,6.0072,FALSE,44,"Dunnock","Prunella modularis","#fea614","avian","https://media.birdweather.com/species/44/Dunnock-standard-a705d7131240cedd1c407b5a19989591.jpg","https://media.birdweather.com/species/44/Dunnock-thumbnail-1036624855b82c96db4ad23d1ed9d702.jpg","https://media.birdweather.com/species/44/Dunnock-png200-951bb2cdb9ec585716907d8eac83882e.png","lQgGDwB9pneQhHlwWjeK2ZK6d/kdFaUA",11443572544,"https://media.birdweather.com/soundscapes/6891/6891-20260505-133620.flac",0,3,"birdnetpi"
7470184099,6891,"2026-05-05T15:36:05.000+02:00",0.99,0.672991514205933,9.38253533008261,"almost_certain","2p4",NA,51.5678,6.0079,FALSE,44,"Dunnock","Prunella modularis","#fea614","avian","https://media.birdweather.com/species/44/Dunnock-standard-a705d7131240cedd1c407b5a19989591.jpg","https://media.birdweather.com/species/44/Dunnock-thumbnail-1036624855b82c96db4ad23d1ed9d702.jpg","https://media.birdweather.com/species/44/Dunnock-png200-951bb2cdb9ec585716907d8eac83882e.png","lQgGDwB9pneQhHlwWjeK2ZK6d/kdFaUA",11443561553,"https://media.birdweather.com/soundscapes/6891/6891-20260505-133605.flac",0,3,"birdnetpi"
7470169002,6891,"2026-05-05T15:35:35.000+02:00",1,0.672991514205933,9.40224790039199,"almost_certain","2p4",NA,51.5703,6.0094,FALSE,44,"Dunnock","Prunella modularis","#fea614","avian","https://media.birdweather.com/species/44/Dunnock-standard-a705d7131240cedd1c407b5a19989591.jpg","https://media.birdweather.com/species/44/Dunnock-thumbnail-1036624855b82c96db4ad23d1ed9d702.jpg","https://media.birdweather.com/species/44/Dunnock-png200-951bb2cdb9ec585716907d8eac83882e.png","lQgGDwB9pneQhHlwWjeK2ZK6d/kdFaUA",11443550926,"https://media.birdweather.com/soundscapes/6891/6891-20260505-133535.flac",0,3,"birdnetpi"
7470155832,6891,"2026-05-05T15:35:14.000+02:00",0.79,0.931612968444824,9.35352652119276,"almost_certain","2p4",NA,51.5698,6.0022,FALSE,66,"Eurasian Blue Tit","Cyanistes caeruleus","#4b8900","avian","https://media.birdweather.com/species/66/EurasianBlueTit-standard-4ec8e45d78b2908d0f41ae495ae07571.jpg","https://media.birdweather.com/species/66/EurasianBlueTit-thumbnail-4d9abc54a3abc3fb12e78e603cbe6784.jpg","https://media.birdweather.com/species/66/EurasianBlueTit-png200-49adab92304ba7a74e93ac43e38e62d3.png","EfgJBwAKhHiEm2ZheGllqXeZhi/ze3EP",11443541880,"https://media.birdweather.com/soundscapes/6891/6891-20260505-133514.flac",0,3,"birdnetpi"
7469991435,6891,"2026-05-05T15:30:56.000+02:00",0.96,0.672991514205933,9.32163641536057,"almost_certain","2p4",NA,51.565,6.0086,FALSE,44,"Dunnock","Prunella modularis","#fea614","avian","https://media.birdweather.com/species/44/Dunnock-standard-a705d7131240cedd1c407b5a19989591.jpg","https://media.birdweather.com/species/44/Dunnock-thumbnail-1036624855b82c96db4ad23d1ed9d702.jpg","https://media.birdweather.com/species/44/Dunnock-png200-951bb2cdb9ec585716907d8eac83882e.png","lQgGDwB9pneQhHlwWjeK2ZK6d/kdFaUA",11443423570,"https://media.birdweather.com/soundscapes/6891/6891-20260505-133056.flac",0,3,"birdnetpi"
7469967370,6891,"2026-05-05T15:30:21.000+02:00",0.91,0.236734092235565,7.81881203017854,"almost_certain","2p4",NA,51.5661,6.0054,FALSE,20,"Black Redstart","Phoenicurus ochruros","#c8ce2d","avian","https://media.birdweather.com/species/20/BlackRedstart-standard-4255c9b712ecb46ea7d3df8d556c18e7.jpg","https://media.birdweather.com/species/20/BlackRedstart-thumbnail-2fee59acc1ecc6be7238da194869e940.jpg","https://media.birdweather.com/species/20/BlackRedstart-png200-cbc0625b8b4889aeec1da754ad906efd.png","2QgGFwT8epa+l3ZlZ5hntnh4Z/6oyZ8I",11443406550,"https://media.birdweather.com/soundscapes/6891/6891-20260505-133021.flac",0,3,"birdnetpi"
7469954702,6891,"2026-05-05T15:30:01.000+02:00",0.98,0.236734092235565,7.96764039235237,"almost_certain","2p4",NA,51.5703,6.0016,FALSE,20,"Black Redstart","Phoenicurus ochruros","#c8ce2d","avian","https://media.birdweather.com/species/20/BlackRedstart-standard-4255c9b712ecb46ea7d3df8d556c18e7.jpg","https://media.birdweather.com/species/20/BlackRedstart-thumbnail-2fee59acc1ecc6be7238da194869e940.jpg","https://media.birdweather.com/species/20/BlackRedstart-png200-cbc0625b8b4889aeec1da754ad906efd.png","2QgGFwT8epa+l3ZlZ5hntnh4Z/6oyZ8I",11443397712,"https://media.birdweather.com/soundscapes/6891/6891-20260505-133001.flac",0,3,"birdnetpi"
7469940218,6891,"2026-05-05T15:29:37.000+02:00",0.98,0.236734092235565,7.96764039235237,"almost_certain","2p4",NA,51.5667,6.0078,FALSE,20,"Black Redstart","Phoenicurus ochruros","#c8ce2d","avian","https://media.birdweather.com/species/20/BlackRedstart-standard-4255c9b712ecb46ea7d3df8d556c18e7.jpg","https://media.birdweather.com/species/20/BlackRedstart-thumbnail-2fee59acc1ecc6be7238da194869e940.jpg","https://media.birdweather.com/species/20/BlackRedstart-png200-cbc0625b8b4889aeec1da754ad906efd.png","2QgGFwT8epa+l3ZlZ5hntnh4Z/6oyZ8I",11443386761,"https://media.birdweather.com/soundscapes/6891/6891-20260505-132937.flac",0,3,"birdnetpi"
7469901167,6891,"2026-05-05T15:28:32.000+02:00",0.87,0.961844444274902,9.60400690370837,"almost_certain","2p4",NA,51.565,6.0022,FALSE,51,"Common Chiffchaff","Phylloscopus collybita","#234bb2","avian","https://media.birdweather.com/species/51/CommonChiffchaff-standard-51b65ae67159c1d7e6b40d2e5032b8bc.jpg","https://media.birdweather.com/species/51/CommonChiffchaff-thumbnail-db7cc6cc80c51cac95a6cceb51a0a66f.jpg","https://media.birdweather.com/species/51/CommonChiffchaff-png200-e06677bd5f83c96ea17aab076a5e64dd.png","HSkCDwJplXeiMFilxTzIyVZplYf32ZcA",11443356773,"https://media.birdweather.com/soundscapes/6891/6891-20260505-132832.flac",0,3,"birdnetpi"
7469875627,6891,"2026-05-05T15:27:47.000+02:00",0.89,0.961844444274902,9.65125296492587,"almost_certain","2p4",NA,51.5661,6.0072,FALSE,51,"Common Chiffchaff","Phylloscopus collybita","#234bb2","avian","https://media.birdweather.com/species/51/CommonChiffchaff-standard-51b65ae67159c1d7e6b40d2e5032b8bc.jpg","https://media.birdweather.com/species/51/CommonChiffchaff-thumbnail-db7cc6cc80c51cac95a6cceb51a0a66f.jpg","https://media.birdweather.com/species/51/CommonChiffchaff-png200-e06677bd5f83c96ea17aab076a5e64dd.png","HSkCDwJplXeiMFilxTzIyVZplYf32ZcA",11443335757,"https://media.birdweather.com/soundscapes/6891/6891-20260505-132747.flac",0,3,"birdnetpi"
7469813508,6891,"2026-05-05T15:25:45.000+02:00",0.86,0.672991514205933,9.09654123509152,"almost_certain","2p4",NA,51.5661,6.0019,FALSE,44,"Dunnock","Prunella modularis","#fea614","avian","https://media.birdweather.com/species/44/Dunnock-standard-a705d7131240cedd1c407b5a19989591.jpg","https://media.birdweather.com/species/44/Dunnock-thumbnail-1036624855b82c96db4ad23d1ed9d702.jpg","https://media.birdweather.com/species/44/Dunnock-png200-951bb2cdb9ec585716907d8eac83882e.png","lQgGDwB9pneQhHlwWjeK2ZK6d/kdFaUA",11443279634,"https://media.birdweather.com/soundscapes/6891/6891-20260505-132545.flac",0,3,"birdnetpi"
7469640221,6891,"2026-05-05T15:20:16.000+02:00",0.83,0.940908372402191,9.47449066576161,"almost_certain","2p4",NA,51.562,6.0024,FALSE,397,"Barn Swallow","Hirundo rustica","#c85500","avian","https://media.birdweather.com/species/397/BarnSwallow-standard-66c9cb8916403efe633a420fe54e3bc6.jpg","https://media.birdweather.com/species/397/BarnSwallow-thumbnail-418cddeb212e9e1ce5d35f61a3040433.jpg","https://media.birdweather.com/species/397/BarnSwallow-png200-317c812ebfcec488fad1824feff99dbc.png","IAgKHwKLhnmThXdPl1i3p3ll51f4jngP",11443128520,"https://media.birdweather.com/soundscapes/6891/6891-20260505-132016.flac",0,3,"birdnetpi"
7469633692,6891,"2026-05-05T15:20:07.000+02:00",1,0.236734092235565,8.00735331786873,"almost_certain","2p4",NA,51.5701,6.0091,FALSE,20,"Black Redstart","Phoenicurus ochruros","#c8ce2d","avian","https://media.birdweather.com/species/20/BlackRedstart-standard-4255c9b712ecb46ea7d3df8d556c18e7.jpg","https://media.birdweather.com/species/20/BlackRedstart-thumbnail-2fee59acc1ecc6be7238da194869e940.jpg","https://media.birdweather.com/species/20/BlackRedstart-png200-cbc0625b8b4889aeec1da754ad906efd.png","2QgGFwT8epa+l3ZlZ5hntnh4Z/6oyZ8I",11443122936,"https://media.birdweather.com/soundscapes/6891/6891-20260505-132007.flac",0,3,"birdnetpi"
7469625745,6891,"2026-05-05T15:19:49.000+02:00",0.97,0.236734092235565,7.94734372482673,"almost_certain","2p4",NA,51.5704,6.004,FALSE,20,"Black Redstart","Phoenicurus ochruros","#c8ce2d","avian","https://media.birdweather.com/species/20/BlackRedstart-standard-4255c9b712ecb46ea7d3df8d556c18e7.jpg","https://media.birdweather.com/species/20/BlackRedstart-thumbnail-2fee59acc1ecc6be7238da194869e940.jpg","https://media.birdweather.com/species/20/BlackRedstart-png200-cbc0625b8b4889aeec1da754ad906efd.png","2QgGFwT8epa+l3ZlZ5hntnh4Z/6oyZ8I",11443115601,"https://media.birdweather.com/soundscapes/6891/6891-20260505-131949.flac",0,3,"birdnetpi"
7469615344,6891,"2026-05-05T15:19:30.000+02:00",0.97,0.236734092235565,7.94734372482673,"almost_certain","2p4",NA,51.5635,6.0072,FALSE,20,"Black Redstart","Phoenicurus ochruros","#c8ce2d","avian","https://media.birdweather.com/species/20/BlackRedstart-standard-4255c9b712ecb46ea7d3df8d556c18e7.jpg","https://media.birdweather.com/species/20/BlackRedstart-thumbnail-2fee59acc1ecc6be7238da194869e940.jpg","https://media.birdweather.com/species/20/BlackRedstart-png200-cbc0625b8b4889aeec1da754ad906efd.png","2QgGFwT8epa+l3ZlZ5hntnh4Z/6oyZ8I",11443106286,"https://media.birdweather.com/soundscapes/6891/6891-20260505-131930.flac",0,3,"birdnetpi"
7469588866,6891,"2026-05-05T15:18:46.000+02:00",0.92,0.991870403289795,9.76088738136195,"almost_certain","2p4",NA,51.5649,6.0066,FALSE,25,"Common Chaffinch","Fringilla coelebs","#fb7eff","avian","https://media.birdweather.com/species/25/CommonChaffinch-standard-d8edb223d1ec828ee0cda788e8f5f209.jpg","https://media.birdweather.com/species/25/CommonChaffinch-thumbnail-7ba0a46bb0cd7efdb3215242f9528140.jpg","https://media.birdweather.com/species/25/CommonChaffinch-png200-ced617224ab07c316109e2d0e9078f2e.png","WfgJDwKGhIbAbHimmnhluHh2tv25ZoAD",11443082905,"https://media.birdweather.com/soundscapes/6891/6891-20260505-131846.flac",0,3,"birdnetpi"
7469565199,6891,"2026-05-05T15:18:02.000+02:00",0.99,0.933696985244751,9.82548741430378,"almost_certain","2p4",NA,51.5699,6.0013,FALSE,53,"European Starling","Sturnus vulgaris","#96038f","avian","https://media.birdweather.com/species/53/EuropeanStarling-standard-ff3a9beb497795d3bd4205bd86cf1652.jpg","https://media.birdweather.com/species/53/EuropeanStarling-thumbnail-974e70e3ea84a4be254312c2dfe527d5.jpg","https://media.birdweather.com/species/53/EuropeanStarling-png200-c81072eef7cc54f4bd51dcb88ed45765.png","FQgGBwD4dnmbZHhapUenmGh16HWAvzoO",11443062176,"https://media.birdweather.com/soundscapes/6891/6891-20260505-131802.flac",0,3,"birdnetpi"
7469553880,6891,"2026-05-05T15:17:40.000+02:00",0.98,0.933696985244751,9.8054870590968,"almost_certain","2p4",NA,51.5672,6.0045,FALSE,53,"European Starling","Sturnus vulgaris","#96038f","avian","https://media.birdweather.com/species/53/EuropeanStarling-standard-ff3a9beb497795d3bd4205bd86cf1652.jpg","https://media.birdweather.com/species/53/EuropeanStarling-thumbnail-974e70e3ea84a4be254312c2dfe527d5.jpg","https://media.birdweather.com/species/53/EuropeanStarling-png200-c81072eef7cc54f4bd51dcb88ed45765.png","FQgGBwD4dnmbZHhapUenmGh16HWAvzoO",11443052146,"https://media.birdweather.com/soundscapes/6891/6891-20260505-131740.flac",0,3,"birdnetpi"
7469482402,6891,"2026-05-05T15:15:07.000+02:00",0.88,0.991870403289795,9.66952019829877,"almost_certain","2p4",NA,51.5632,6.0006,FALSE,25,"Common Chaffinch","Fringilla coelebs","#fb7eff","avian","https://media.birdweather.com/species/25/CommonChaffinch-standard-d8edb223d1ec828ee0cda788e8f5f209.jpg","https://media.birdweather.com/species/25/CommonChaffinch-thumbnail-7ba0a46bb0cd7efdb3215242f9528140.jpg","https://media.birdweather.com/species/25/CommonChaffinch-png200-ced617224ab07c316109e2d0e9078f2e.png","WfgJDwKGhIbAbHimmnhluHh2tv25ZoAD",11442986047,"https://media.birdweather.com/soundscapes/6891/6891-20260505-131507.flac",0,3,"birdnetpi"
7469476688,6891,"2026-05-05T15:14:55.000+02:00",0.8,0.933696985244751,9.38423302044209,"almost_certain","2p4",NA,51.5677,6.0092,FALSE,53,"European Starling","Sturnus vulgaris","#96038f","avian","https://media.birdweather.com/species/53/EuropeanStarling-standard-ff3a9beb497795d3bd4205bd86cf1652.jpg","https://media.birdweather.com/species/53/EuropeanStarling-thumbnail-974e70e3ea84a4be254312c2dfe527d5.jpg","https://media.birdweather.com/species/53/EuropeanStarling-png200-c81072eef7cc54f4bd51dcb88ed45765.png","FQgGBwD4dnmbZHhapUenmGh16HWAvzoO",11442980135,"https://media.birdweather.com/soundscapes/6891/6891-20260505-131455.flac",0,3,"birdnetpi"
7469445921,6891,"2026-05-05T15:13:52.000+02:00",0.87,0.236734092235565,7.72589507319444,"almost_certain","2p4",NA,51.5675,6.0075,FALSE,20,"Black Redstart","Phoenicurus ochruros","#c8ce2d","avian","https://media.birdweather.com/species/20/BlackRedstart-standard-4255c9b712ecb46ea7d3df8d556c18e7.jpg","https://media.birdweather.com/species/20/BlackRedstart-thumbnail-2fee59acc1ecc6be7238da194869e940.jpg","https://media.birdweather.com/species/20/BlackRedstart-png200-cbc0625b8b4889aeec1da754ad906efd.png","2QgGFwT8epa+l3ZlZ5hntnh4Z/6oyZ8I",11442951596,"https://media.birdweather.com/soundscapes/6891/6891-20260505-131352.flac",0,3,"birdnetpi"
7469436273,6891,"2026-05-05T15:13:37.000+02:00",0.96,0.236734092235565,7.92674183283731,"almost_certain","2p4",NA,51.5684,6.0038,FALSE,20,"Black Redstart","Phoenicurus ochruros","#c8ce2d","avian","https://media.birdweather.com/species/20/BlackRedstart-standard-4255c9b712ecb46ea7d3df8d556c18e7.jpg","https://media.birdweather.com/species/20/BlackRedstart-thumbnail-2fee59acc1ecc6be7238da194869e940.jpg","https://media.birdweather.com/species/20/BlackRedstart-png200-cbc0625b8b4889aeec1da754ad906efd.png","2QgGFwT8epa+l3ZlZ5hntnh4Z/6oyZ8I",11442943343,"https://media.birdweather.com/soundscapes/6891/6891-20260505-131337.flac",0,3,"birdnetpi"
7469427145,6891,"2026-05-05T15:13:19.000+02:00",0.98,0.236734092235565,7.96764039235237,"almost_certain","2p4",NA,51.5704,6.0044,FALSE,20,"Black Redstart","Phoenicurus ochruros","#c8ce2d","avian","https://media.birdweather.com/species/20/BlackRedstart-standard-4255c9b712ecb46ea7d3df8d556c18e7.jpg","https://media.birdweather.com/species/20/BlackRedstart-thumbnail-2fee59acc1ecc6be7238da194869e940.jpg","https://media.birdweather.com/species/20/BlackRedstart-png200-cbc0625b8b4889aeec1da754ad906efd.png","2QgGFwT8epa+l3ZlZ5hntnh4Z/6oyZ8I",11442935072,"https://media.birdweather.com/soundscapes/6891/6891-20260505-131319.flac",0,3,"birdnetpi"
7469413538,6891,"2026-05-05T15:12:53.000+02:00",0.73,0.991870403289795,9.25955743235035,"almost_certain","2p4",NA,51.5666,6.008,FALSE,25,"Common Chaffinch","Fringilla coelebs","#fb7eff","avian","https://media.birdweather.com/species/25/CommonChaffinch-standard-d8edb223d1ec828ee0cda788e8f5f209.jpg","https://media.birdweather.com/species/25/CommonChaffinch-thumbnail-7ba0a46bb0cd7efdb3215242f9528140.jpg","https://media.birdweather.com/species/25/CommonChaffinch-png200-ced617224ab07c316109e2d0e9078f2e.png","WfgJDwKGhIbAbHimmnhluHh2tv25ZoAD",11442921775,"https://media.birdweather.com/soundscapes/6891/6891-20260505-131253.flac",0,3,"birdnetpi"
7469399534,6891,"2026-05-05T15:12:26.000+02:00",0.98,0.991870403289795,9.88743882994144,"almost_certain","2p4",NA,51.5682,6.0076,FALSE,25,"Common Chaffinch","Fringilla coelebs","#fb7eff","avian","https://media.birdweather.com/species/25/CommonChaffinch-standard-d8edb223d1ec828ee0cda788e8f5f209.jpg","https://media.birdweather.com/species/25/CommonChaffinch-thumbnail-7ba0a46bb0cd7efdb3215242f9528140.jpg","https://media.birdweather.com/species/25/CommonChaffinch-png200-ced617224ab07c316109e2d0e9078f2e.png","WfgJDwKGhIbAbHimmnhluHh2tv25ZoAD",11442908091,"https://media.birdweather.com/soundscapes/6891/6891-20260505-131226.flac",0,3,"birdnetpi"
7469339690,6891,"2026-05-05T15:10:21.000+02:00",0.93,0.933696985244751,9.70085607816193,"almost_certain","2p4",NA,51.5617,6.0039,FALSE,53,"European Starling","Sturnus vulgaris","#96038f","avian","https://media.birdweather.com/species/53/EuropeanStarling-standard-ff3a9beb497795d3bd4205bd86cf1652.jpg","https://media.birdweather.com/species/53/EuropeanStarling-thumbnail-974e70e3ea84a4be254312c2dfe527d5.jpg","https://media.birdweather.com/species/53/EuropeanStarling-png200-c81072eef7cc54f4bd51dcb88ed45765.png","FQgGBwD4dnmbZHhapUenmGh16HWAvzoO",11442854661,"https://media.birdweather.com/soundscapes/6891/6891-20260505-131021.flac",0,3,"birdnetpi"
7469317222,6891,"2026-05-05T15:09:37.000+02:00",0.84,0.961844444274902,9.52993481056809,"almost_certain","2p4",NA,51.5686,6.0069,FALSE,51,"Common Chiffchaff","Phylloscopus collybita","#234bb2","avian","https://media.birdweather.com/species/51/CommonChiffchaff-standard-51b65ae67159c1d7e6b40d2e5032b8bc.jpg","https://media.birdweather.com/species/51/CommonChiffchaff-thumbnail-db7cc6cc80c51cac95a6cceb51a0a66f.jpg","https://media.birdweather.com/species/51/CommonChiffchaff-png200-e06677bd5f83c96ea17aab076a5e64dd.png","HSkCDwJplXeiMFilxTzIyVZplYf32ZcA",11442834475,"https://media.birdweather.com/soundscapes/6891/6891-20260505-130937.flac",0,3,"birdnetpi"
7469261227,6891,"2026-05-05T15:07:54.000+02:00",0.87,0.991870403289795,9.64569351078351,"almost_certain","2p4",NA,51.5698,6.0052,FALSE,25,"Common Chaffinch","Fringilla coelebs","#fb7eff","avian","https://media.birdweather.com/species/25/CommonChaffinch-standard-d8edb223d1ec828ee0cda788e8f5f209.jpg","https://media.birdweather.com/species/25/CommonChaffinch-thumbnail-7ba0a46bb0cd7efdb3215242f9528140.jpg","https://media.birdweather.com/species/25/CommonChaffinch-png200-ced617224ab07c316109e2d0e9078f2e.png","WfgJDwKGhIbAbHimmnhluHh2tv25ZoAD",11442784322,"https://media.birdweather.com/soundscapes/6891/6891-20260505-130754.flac",0,3,"birdnetpi"
7469200000,6891,"2026-05-05T15:05:49.000+02:00",0.86,0.672991514205933,9.09654123509152,"almost_certain","2p4",NA,51.5687,6.0049,FALSE,44,"Dunnock","Prunella modularis","#fea614","avian","https://media.birdweather.com/species/44/Dunnock-standard-a705d7131240cedd1c407b5a19989591.jpg","https://media.birdweather.com/species/44/Dunnock-thumbnail-1036624855b82c96db4ad23d1ed9d702.jpg","https://media.birdweather.com/species/44/Dunnock-png200-951bb2cdb9ec585716907d8eac83882e.png","lQgGDwB9pneQhHlwWjeK2ZK6d/kdFaUA",11442729300,"https://media.birdweather.com/soundscapes/6891/6891-20260505-130549.flac",0,3,"birdnetpi"
7469188881,6891,"2026-05-05T15:05:30.000+02:00",1,0.672991514205933,9.40224790039199,"almost_certain","2p4",NA,51.5684,6.0008,FALSE,44,"Dunnock","Prunella modularis","#fea614","avian","https://media.birdweather.com/species/44/Dunnock-standard-a705d7131240cedd1c407b5a19989591.jpg","https://media.birdweather.com/species/44/Dunnock-thumbnail-1036624855b82c96db4ad23d1ed9d702.jpg","https://media.birdweather.com/species/44/Dunnock-png200-951bb2cdb9ec585716907d8eac83882e.png","lQgGDwB9pneQhHlwWjeK2ZK6d/kdFaUA",11442719306,"https://media.birdweather.com/soundscapes/6891/6891-20260505-130530.flac",0,3,"birdnetpi"
7469133331,6891,"2026-05-05T15:03:41.000+02:00",0.83,0.672991514205933,9.02110934035077,"almost_certain","2p4",NA,51.5663,6.0037,FALSE,44,"Dunnock","Prunella modularis","#fea614","avian","https://media.birdweather.com/species/44/Dunnock-standard-a705d7131240cedd1c407b5a19989591.jpg","https://media.birdweather.com/species/44/Dunnock-thumbnail-1036624855b82c96db4ad23d1ed9d702.jpg","https://media.birdweather.com/species/44/Dunnock-png200-951bb2cdb9ec585716907d8eac83882e.png","lQgGDwB9pneQhHlwWjeK2ZK6d/kdFaUA",11442668995,"https://media.birdweather.com/soundscapes/6891/6891-20260505-130341.flac",0,3,"birdnetpi"
7469104067,6891,"2026-05-05T15:02:42.000+02:00",0.89,0.999183833599091,9.70290394144371,"almost_certain","2p4",NA,51.5697,6.0059,FALSE,35,"Eurasian Blackbird","Turdus merula","#ff65df","avian","https://media.birdweather.com/species/35/EurasianBlackbird-standard-618b3a5132c7c359fb2a2884c39deb39.jpg","https://media.birdweather.com/species/35/EurasianBlackbird-thumbnail-276878929bed08167d1fd9bf34d63d40.jpg","https://media.birdweather.com/species/35/EurasianBlackbird-png200-ba5a1b43225da4611cac429c52a52c81.png","GfkFFwKRmrx2ZYiaaQe69nlzScn3T7IA",11442642631,"https://media.birdweather.com/soundscapes/6891/6891-20260505-130242.flac",0,3,"birdnetpi"
7469079771,6891,"2026-05-05T15:01:54.000+02:00",1,0.672991514205933,9.40224790039199,"almost_certain","2p4",NA,51.5673,6.0089,FALSE,44,"Dunnock","Prunella modularis","#fea614","avian","https://media.birdweather.com/species/44/Dunnock-standard-a705d7131240cedd1c407b5a19989591.jpg","https://media.birdweather.com/species/44/Dunnock-thumbnail-1036624855b82c96db4ad23d1ed9d702.jpg","https://media.birdweather.com/species/44/Dunnock-png200-951bb2cdb9ec585716907d8eac83882e.png","lQgGDwB9pneQhHlwWjeK2ZK6d/kdFaUA",11442620562,"https://media.birdweather.com/soundscapes/6891/6891-20260505-130154.flac",0,3,"birdnetpi"
7469068177,6891,"2026-05-05T15:01:36.000+02:00",1,0.672991514205933,9.40224790039199,"almost_certain","2p4",NA,51.5643,6.0021,FALSE,44,"Dunnock","Prunella modularis","#fea614","avian","https://media.birdweather.com/species/44/Dunnock-standard-a705d7131240cedd1c407b5a19989591.jpg","https://media.birdweather.com/species/44/Dunnock-thumbnail-1036624855b82c96db4ad23d1ed9d702.jpg","https://media.birdweather.com/species/44/Dunnock-png200-951bb2cdb9ec585716907d8eac83882e.png","lQgGDwB9pneQhHlwWjeK2ZK6d/kdFaUA",11442609899,"https://media.birdweather.com/soundscapes/6891/6891-20260505-130136.flac",0,3,"birdnetpi"
7469060521,6891,"2026-05-05T15:01:24.000+02:00",1,0.672991514205933,9.40224790039199,"almost_certain","2p4",NA,51.5629,6.0012,FALSE,44,"Dunnock","Prunella modularis","#fea614","avian","https://media.birdweather.com/species/44/Dunnock-standard-a705d7131240cedd1c407b5a19989591.jpg","https://media.birdweather.com/species/44/Dunnock-thumbnail-1036624855b82c96db4ad23d1ed9d702.jpg","https://media.birdweather.com/species/44/Dunnock-png200-951bb2cdb9ec585716907d8eac83882e.png","lQgGDwB9pneQhHlwWjeK2ZK6d/kdFaUA",11442603144,"https://media.birdweather.com/soundscapes/6891/6891-20260505-130124.flac",0,3,"birdnetpi"
7468967967,6891,"2026-05-05T14:58:15.000+02:00",1,0.672991514205933,9.40224790039199,"almost_certain","2p4",NA,51.5676,6.0048,FALSE,44,"Dunnock","Prunella modularis","#fea614","avian","https://media.birdweather.com/species/44/Dunnock-standard-a705d7131240cedd1c407b5a19989591.jpg","https://media.birdweather.com/species/44/Dunnock-thumbnail-1036624855b82c96db4ad23d1ed9d702.jpg","https://media.birdweather.com/species/44/Dunnock-png200-951bb2cdb9ec585716907d8eac83882e.png","lQgGDwB9pneQhHlwWjeK2ZK6d/kdFaUA",11442518585,"https://media.birdweather.com/soundscapes/6891/6891-20260505-125815.flac",0,3,"birdnetpi"
7468787501,6891,"2026-05-05T14:52:09.000+02:00",1,0.672991514205933,9.40224790039199,"almost_certain","2p4",NA,51.5673,6.0013,FALSE,44,"Dunnock","Prunella modularis","#fea614","avian","https://media.birdweather.com/species/44/Dunnock-standard-a705d7131240cedd1c407b5a19989591.jpg","https://media.birdweather.com/species/44/Dunnock-thumbnail-1036624855b82c96db4ad23d1ed9d702.jpg","https://media.birdweather.com/species/44/Dunnock-png200-951bb2cdb9ec585716907d8eac83882e.png","lQgGDwB9pneQhHlwWjeK2ZK6d/kdFaUA",11442351155,"https://media.birdweather.com/soundscapes/6891/6891-20260505-125209.flac",0,3,"birdnetpi"
7468775791,6891,"2026-05-05T14:51:52.000+02:00",1,0.672991514205933,9.40224790039199,"almost_certain","2p4",NA,51.5665,6.0029,FALSE,44,"Dunnock","Prunella modularis","#fea614","avian","https://media.birdweather.com/species/44/Dunnock-standard-a705d7131240cedd1c407b5a19989591.jpg","https://media.birdweather.com/species/44/Dunnock-thumbnail-1036624855b82c96db4ad23d1ed9d702.jpg","https://media.birdweather.com/species/44/Dunnock-png200-951bb2cdb9ec585716907d8eac83882e.png","lQgGDwB9pneQhHlwWjeK2ZK6d/kdFaUA",11442340059,"https://media.birdweather.com/soundscapes/6891/6891-20260505-125152.flac",0,3,"birdnetpi"
7468763720,6891,"2026-05-05T14:51:31.000+02:00",1,0.672991514205933,9.40224790039199,"almost_certain","2p4",NA,51.5633,6.0006,FALSE,44,"Dunnock","Prunella modularis","#fea614","avian","https://media.birdweather.com/species/44/Dunnock-standard-a705d7131240cedd1c407b5a19989591.jpg","https://media.birdweather.com/species/44/Dunnock-thumbnail-1036624855b82c96db4ad23d1ed9d702.jpg","https://media.birdweather.com/species/44/Dunnock-png200-951bb2cdb9ec585716907d8eac83882e.png","lQgGDwB9pneQhHlwWjeK2ZK6d/kdFaUA",11442329421,"https://media.birdweather.com/soundscapes/6891/6891-20260505-125131.flac",0,3,"birdnetpi"
7468703818,6891,"2026-05-05T14:49:28.000+02:00",0.95,0.999183833599091,9.8355882030499,"almost_certain","2p4",NA,51.5703,6.0089,FALSE,35,"Eurasian Blackbird","Turdus merula","#ff65df","avian","https://media.birdweather.com/species/35/EurasianBlackbird-standard-618b3a5132c7c359fb2a2884c39deb39.jpg","https://media.birdweather.com/species/35/EurasianBlackbird-thumbnail-276878929bed08167d1fd9bf34d63d40.jpg","https://media.birdweather.com/species/35/EurasianBlackbird-png200-ba5a1b43225da4611cac429c52a52c81.png","GfkFFwKRmrx2ZYiaaQe69nlzScn3T7IA",11442275981,"https://media.birdweather.com/soundscapes/6891/6891-20260505-124928.flac",0,3,"birdnetpi"
7468695386,6891,"2026-05-05T14:49:13.000+02:00",0.71,0.999183833599091,9.20427137467778,"almost_certain","2p4",NA,51.5694,6.0047,FALSE,35,"Eurasian Blackbird","Turdus merula","#ff65df","avian","https://media.birdweather.com/species/35/EurasianBlackbird-standard-618b3a5132c7c359fb2a2884c39deb39.jpg","https://media.birdweather.com/species/35/EurasianBlackbird-thumbnail-276878929bed08167d1fd9bf34d63d40.jpg","https://media.birdweather.com/species/35/EurasianBlackbird-png200-ba5a1b43225da4611cac429c52a52c81.png","GfkFFwKRmrx2ZYiaaQe69nlzScn3T7IA",11442269028,"https://media.birdweather.com/soundscapes/6891/6891-20260505-124913.flac",0,3,"birdnetpi"
7468667198,6891,"2026-05-05T14:48:17.000+02:00",0.99,0.933696985244751,9.82548741430378,"almost_certain","2p4",NA,51.568,6.003,FALSE,53,"European Starling","Sturnus vulgaris","#96038f","avian","https://media.birdweather.com/species/53/EuropeanStarling-standard-ff3a9beb497795d3bd4205bd86cf1652.jpg","https://media.birdweather.com/species/53/EuropeanStarling-thumbnail-974e70e3ea84a4be254312c2dfe527d5.jpg","https://media.birdweather.com/species/53/EuropeanStarling-png200-c81072eef7cc54f4bd51dcb88ed45765.png","FQgGBwD4dnmbZHhapUenmGh16HWAvzoO",11442243531,"https://media.birdweather.com/soundscapes/6891/6891-20260505-124817.flac",0,3,"birdnetpi"
7468665344,6891,"2026-05-05T14:48:12.000+02:00",0.81,0.999183833599091,9.5032787601252,"almost_certain","2p4",NA,51.5668,6.0071,FALSE,35,"Eurasian Blackbird","Turdus merula","#ff65df","avian","https://media.birdweather.com/species/35/EurasianBlackbird-standard-618b3a5132c7c359fb2a2884c39deb39.jpg","https://media.birdweather.com/species/35/EurasianBlackbird-thumbnail-276878929bed08167d1fd9bf34d63d40.jpg","https://media.birdweather.com/species/35/EurasianBlackbird-png200-ba5a1b43225da4611cac429c52a52c81.png","GfkFFwKRmrx2ZYiaaQe69nlzScn3T7IA",11442241992,"https://media.birdweather.com/soundscapes/6891/6891-20260505-124812.flac",0,3,"birdnetpi"
7468654685,6891,"2026-05-05T14:47:51.000+02:00",0.96,0.999183833599091,9.85650463986908,"almost_certain","2p4",NA,51.5621,6.006,FALSE,35,"Eurasian Blackbird","Turdus merula","#ff65df","avian","https://media.birdweather.com/species/35/EurasianBlackbird-standard-618b3a5132c7c359fb2a2884c39deb39.jpg","https://media.birdweather.com/species/35/EurasianBlackbird-thumbnail-276878929bed08167d1fd9bf34d63d40.jpg","https://media.birdweather.com/species/35/EurasianBlackbird-png200-ba5a1b43225da4611cac429c52a52c81.png","GfkFFwKRmrx2ZYiaaQe69nlzScn3T7IA",11442232225,"https://media.birdweather.com/soundscapes/6891/6891-20260505-124751.flac",0,3,"birdnetpi"
7468643837,6891,"2026-05-05T14:47:31.000+02:00",0.93,0.999183833599091,9.79277221844927,"almost_certain","2p4",NA,51.5652,6.0061,FALSE,35,"Eurasian Blackbird","Turdus merula","#ff65df","avian","https://media.birdweather.com/species/35/EurasianBlackbird-standard-618b3a5132c7c359fb2a2884c39deb39.jpg","https://media.birdweather.com/species/35/EurasianBlackbird-thumbnail-276878929bed08167d1fd9bf34d63d40.jpg","https://media.birdweather.com/species/35/EurasianBlackbird-png200-ba5a1b43225da4611cac429c52a52c81.png","GfkFFwKRmrx2ZYiaaQe69nlzScn3T7IA",11442222143,"https://media.birdweather.com/soundscapes/6891/6891-20260505-124731.flac",0,3,"birdnetpi"
7468627547,6891,"2026-05-05T14:47:03.000+02:00",0.85,0.999183833599091,9.60672410706136,"almost_certain","2p4",NA,51.5682,6.0008,FALSE,35,"Eurasian Blackbird","Turdus merula","#ff65df","avian","https://media.birdweather.com/species/35/EurasianBlackbird-standard-618b3a5132c7c359fb2a2884c39deb39.jpg","https://media.birdweather.com/species/35/EurasianBlackbird-thumbnail-276878929bed08167d1fd9bf34d63d40.jpg","https://media.birdweather.com/species/35/EurasianBlackbird-png200-ba5a1b43225da4611cac429c52a52c81.png","GfkFFwKRmrx2ZYiaaQe69nlzScn3T7IA",11442207834,"https://media.birdweather.com/soundscapes/6891/6891-20260505-124703.flac",0,3,"birdnetpi"
7468612562,6891,"2026-05-05T14:46:30.000+02:00",0.89,0.999183833599091,9.70290394144371,"almost_certain","2p4",NA,51.5653,6.004,FALSE,35,"Eurasian Blackbird","Turdus merula","#ff65df","avian","https://media.birdweather.com/species/35/EurasianBlackbird-standard-618b3a5132c7c359fb2a2884c39deb39.jpg","https://media.birdweather.com/species/35/EurasianBlackbird-thumbnail-276878929bed08167d1fd9bf34d63d40.jpg","https://media.birdweather.com/species/35/EurasianBlackbird-png200-ba5a1b43225da4611cac429c52a52c81.png","GfkFFwKRmrx2ZYiaaQe69nlzScn3T7IA",11442194092,"https://media.birdweather.com/soundscapes/6891/6891-20260505-124630.flac",0,3,"birdnetpi"
7468599767,6891,"2026-05-05T14:46:13.000+02:00",0.92,0.999183833599091,9.77085175080465,"almost_certain","2p4",NA,51.5644,6.0008,FALSE,35,"Eurasian Blackbird","Turdus merula","#ff65df","avian","https://media.birdweather.com/species/35/EurasianBlackbird-standard-618b3a5132c7c359fb2a2884c39deb39.jpg","https://media.birdweather.com/species/35/EurasianBlackbird-thumbnail-276878929bed08167d1fd9bf34d63d40.jpg","https://media.birdweather.com/species/35/EurasianBlackbird-png200-ba5a1b43225da4611cac429c52a52c81.png","GfkFFwKRmrx2ZYiaaQe69nlzScn3T7IA",11442182928,"https://media.birdweather.com/soundscapes/6891/6891-20260505-124613.flac",0,3,"birdnetpi"
7468562431,6891,"2026-05-05T14:44:59.000+02:00",0.93,0.999183833599091,9.79277221844927,"almost_certain","2p4",NA,51.5619,6.0074,FALSE,35,"Eurasian Blackbird","Turdus merula","#ff65df","avian","https://media.birdweather.com/species/35/EurasianBlackbird-standard-618b3a5132c7c359fb2a2884c39deb39.jpg","https://media.birdweather.com/species/35/EurasianBlackbird-thumbnail-276878929bed08167d1fd9bf34d63d40.jpg","https://media.birdweather.com/species/35/EurasianBlackbird-png200-ba5a1b43225da4611cac429c52a52c81.png","GfkFFwKRmrx2ZYiaaQe69nlzScn3T7IA",11442149258,"https://media.birdweather.com/soundscapes/6891/6891-20260505-124459.flac",0,3,"birdnetpi"
7468558211,6891,"2026-05-05T14:44:44.000+02:00",0.92,0.997795641422272,9.7689659372839,"almost_certain","2p4",NA,51.569,6.005,FALSE,407,"Common Wood-Pigeon","Columba palumbus","#028fb2","avian","https://media.birdweather.com/species/407/CommonWood-Pigeon-standard-5558900260c92622ceef8a812b06518e.jpg","https://media.birdweather.com/species/407/CommonWood-Pigeon-thumbnail-4b86c907c8b82c8af31d566b811dee05.jpg","https://media.birdweather.com/species/407/CommonWood-Pigeon-png200-533b13201573be3895fcec3e61e861b5.png","2ukFHwIHiYeWxnZUiniYZ3h5h6+rCIQH",11442145277,"https://media.birdweather.com/soundscapes/6891/6891-20260505-124444.flac",0,3,"birdnetpi"
7468323750,6891,"2026-05-05T14:37:04.000+02:00",0.84,0.999183833599091,9.58158578708593,"almost_certain","2p4",NA,51.5662,6.0086,FALSE,35,"Eurasian Blackbird","Turdus merula","#ff65df","avian","https://media.birdweather.com/species/35/EurasianBlackbird-standard-618b3a5132c7c359fb2a2884c39deb39.jpg","https://media.birdweather.com/species/35/EurasianBlackbird-thumbnail-276878929bed08167d1fd9bf34d63d40.jpg","https://media.birdweather.com/species/35/EurasianBlackbird-png200-ba5a1b43225da4611cac429c52a52c81.png","GfkFFwKRmrx2ZYiaaQe69nlzScn3T7IA",11441933766,"https://media.birdweather.com/soundscapes/6891/6891-20260505-123704.flac",0,3,"birdnetpi"
7468310939,6891,"2026-05-05T14:36:43.000+02:00",0.86,0.999183833599091,9.63140945960003,"almost_certain","2p4",NA,51.5636,6.003,FALSE,35,"Eurasian Blackbird","Turdus merula","#ff65df","avian","https://media.birdweather.com/species/35/EurasianBlackbird-standard-618b3a5132c7c359fb2a2884c39deb39.jpg","https://media.birdweather.com/species/35/EurasianBlackbird-thumbnail-276878929bed08167d1fd9bf34d63d40.jpg","https://media.birdweather.com/species/35/EurasianBlackbird-png200-ba5a1b43225da4611cac429c52a52c81.png","GfkFFwKRmrx2ZYiaaQe69nlzScn3T7IA",11441921789,"https://media.birdweather.com/soundscapes/6891/6891-20260505-123643.flac",0,3,"birdnetpi"
7468303018,6891,"2026-05-05T14:36:31.000+02:00",0.89,0.997795641422272,9.70101812792296,"almost_certain","2p4",NA,51.5682,6.0031,FALSE,407,"Common Wood-Pigeon","Columba palumbus","#028fb2","avian","https://media.birdweather.com/species/407/CommonWood-Pigeon-standard-5558900260c92622ceef8a812b06518e.jpg","https://media.birdweather.com/species/407/CommonWood-Pigeon-thumbnail-4b86c907c8b82c8af31d566b811dee05.jpg","https://media.birdweather.com/species/407/CommonWood-Pigeon-png200-533b13201573be3895fcec3e61e861b5.png","2ukFHwIHiYeWxnZUiniYZ3h5h6+rCIQH",11441914733,"https://media.birdweather.com/soundscapes/6891/6891-20260505-123631.flac",0,3,"birdnetpi"
7468299473,6891,"2026-05-05T14:36:17.000+02:00",0.88,0.999183833599091,9.67948456774147,"almost_certain","2p4",NA,51.5643,6.003,FALSE,35,"Eurasian Blackbird","Turdus merula","#ff65df","avian","https://media.birdweather.com/species/35/EurasianBlackbird-standard-618b3a5132c7c359fb2a2884c39deb39.jpg","https://media.birdweather.com/species/35/EurasianBlackbird-thumbnail-276878929bed08167d1fd9bf34d63d40.jpg","https://media.birdweather.com/species/35/EurasianBlackbird-png200-ba5a1b43225da4611cac429c52a52c81.png","GfkFFwKRmrx2ZYiaaQe69nlzScn3T7IA",11441911639,"https://media.birdweather.com/soundscapes/6891/6891-20260505-123617.flac",0,3,"birdnetpi"
7468263743,6891,"2026-05-05T14:35:08.000+02:00",0.97,0.997795641422272,9.87522071833775,"almost_certain","2p4",NA,51.5658,6.002,FALSE,407,"Common Wood-Pigeon","Columba palumbus","#028fb2","avian","https://media.birdweather.com/species/407/CommonWood-Pigeon-standard-5558900260c92622ceef8a812b06518e.jpg","https://media.birdweather.com/species/407/CommonWood-Pigeon-thumbnail-4b86c907c8b82c8af31d566b811dee05.jpg","https://media.birdweather.com/species/407/CommonWood-Pigeon-png200-533b13201573be3895fcec3e61e861b5.png","2ukFHwIHiYeWxnZUiniYZ3h5h6+rCIQH",11441879296,"https://media.birdweather.com/soundscapes/6891/6891-20260505-123508.flac",0,3,"birdnetpi"
7468251749,6891,"2026-05-05T14:34:44.000+02:00",0.92,0.672991514205933,9.23598352629614,"almost_certain","2p4",NA,51.5688,6.0067,FALSE,44,"Dunnock","Prunella modularis","#fea614","avian","https://media.birdweather.com/species/44/Dunnock-standard-a705d7131240cedd1c407b5a19989591.jpg","https://media.birdweather.com/species/44/Dunnock-thumbnail-1036624855b82c96db4ad23d1ed9d702.jpg","https://media.birdweather.com/species/44/Dunnock-png200-951bb2cdb9ec585716907d8eac83882e.png","lQgGDwB9pneQhHlwWjeK2ZK6d/kdFaUA",11441868164,"https://media.birdweather.com/soundscapes/6891/6891-20260505-123444.flac",0,3,"birdnetpi"
7468241569,6891,"2026-05-05T14:34:23.000+02:00",0.97,0.997795641422272,9.87522071833775,"almost_certain","2p4",NA,51.5647,6.0063,FALSE,407,"Common Wood-Pigeon","Columba palumbus","#028fb2","avian","https://media.birdweather.com/species/407/CommonWood-Pigeon-standard-5558900260c92622ceef8a812b06518e.jpg","https://media.birdweather.com/species/407/CommonWood-Pigeon-thumbnail-4b86c907c8b82c8af31d566b811dee05.jpg","https://media.birdweather.com/species/407/CommonWood-Pigeon-png200-533b13201573be3895fcec3e61e861b5.png","2ukFHwIHiYeWxnZUiniYZ3h5h6+rCIQH",11441858867,"https://media.birdweather.com/soundscapes/6891/6891-20260505-123423.flac",0,3,"birdnetpi"
7468241139,6891,"2026-05-05T14:34:21.000+02:00",0.75,0.476928234100342,8.33337603965125,"almost_certain","2p4",NA,51.5697,6.0025,FALSE,103,"Eurasian Collared-Dove","Streptopelia decaocto","#006e2a","avian","https://media.birdweather.com/species/103/EurasianCollared-Dove-standard-e0c74c4f1ffe5357c4759579380dab35.jpg","https://media.birdweather.com/species/103/EurasianCollared-Dove-thumbnail-53ccb5f0a5d0640a1e766dd99c28ebca.jpg","https://media.birdweather.com/species/103/EurasianCollared-Dove-png200-4efa83c8c5efbdb09427b3c3fa247357.png","pvcFFwLpd4RvlJeUWZh2eXh4VxBqBZIH",11441858455,"https://media.birdweather.com/soundscapes/6891/6891-20260505-123421.flac",0,3,"birdnetpi"
7468221844,6891,"2026-05-05T14:33:44.000+02:00",0.99,0.997795641422272,9.91551774107037,"almost_certain","2p4",NA,51.5689,6.0032,FALSE,407,"Common Wood-Pigeon","Columba palumbus","#028fb2","avian","https://media.birdweather.com/species/407/CommonWood-Pigeon-standard-5558900260c92622ceef8a812b06518e.jpg","https://media.birdweather.com/species/407/CommonWood-Pigeon-thumbnail-4b86c907c8b82c8af31d566b811dee05.jpg","https://media.birdweather.com/species/407/CommonWood-Pigeon-png200-533b13201573be3895fcec3e61e861b5.png","2ukFHwIHiYeWxnZUiniYZ3h5h6+rCIQH",11441840173,"https://media.birdweather.com/soundscapes/6891/6891-20260505-123344.flac",0,3,"birdnetpi"
7468126669,6891,"2026-05-05T14:30:34.000+02:00",1,0.672991514205933,9.40224790039199,"almost_certain","2p4",NA,51.5644,6.0047,FALSE,44,"Dunnock","Prunella modularis","#fea614","avian","https://media.birdweather.com/species/44/Dunnock-standard-a705d7131240cedd1c407b5a19989591.jpg","https://media.birdweather.com/species/44/Dunnock-thumbnail-1036624855b82c96db4ad23d1ed9d702.jpg","https://media.birdweather.com/species/44/Dunnock-png200-951bb2cdb9ec585716907d8eac83882e.png","lQgGDwB9pneQhHlwWjeK2ZK6d/kdFaUA",11441751327,"https://media.birdweather.com/soundscapes/6891/6891-20260505-123034.flac",0,3,"birdnetpi"
7468117750,6891,"2026-05-05T14:30:12.000+02:00",0.96,0.672991514205933,9.32163641536057,"almost_certain","2p4",NA,51.5695,6.0056,FALSE,44,"Dunnock","Prunella modularis","#fea614","avian","https://media.birdweather.com/species/44/Dunnock-standard-a705d7131240cedd1c407b5a19989591.jpg","https://media.birdweather.com/species/44/Dunnock-thumbnail-1036624855b82c96db4ad23d1ed9d702.jpg","https://media.birdweather.com/species/44/Dunnock-png200-951bb2cdb9ec585716907d8eac83882e.png","lQgGDwB9pneQhHlwWjeK2ZK6d/kdFaUA",11441743045,"https://media.birdweather.com/soundscapes/6891/6891-20260505-123012.flac",0,3,"birdnetpi"
7468007565,6891,"2026-05-05T14:26:25.000+02:00",0.94,0.997795641422272,9.81246165397488,"almost_certain","2p4",NA,51.563,6.0021,FALSE,407,"Common Wood-Pigeon","Columba palumbus","#028fb2","avian","https://media.birdweather.com/species/407/CommonWood-Pigeon-standard-5558900260c92622ceef8a812b06518e.jpg","https://media.birdweather.com/species/407/CommonWood-Pigeon-thumbnail-4b86c907c8b82c8af31d566b811dee05.jpg","https://media.birdweather.com/species/407/CommonWood-Pigeon-png200-533b13201573be3895fcec3e61e861b5.png","2ukFHwIHiYeWxnZUiniYZ3h5h6+rCIQH",11441636176,"https://media.birdweather.com/soundscapes/6891/6891-20260505-122625.flac",0,3,"birdnetpi"
7467986970,6891,"2026-05-05T14:25:36.000+02:00",0.7,0.476928234100342,8.17201328080201,"almost_certain","2p4",NA,51.5703,6.0024,FALSE,103,"Eurasian Collared-Dove","Streptopelia decaocto","#006e2a","avian","https://media.birdweather.com/species/103/EurasianCollared-Dove-standard-e0c74c4f1ffe5357c4759579380dab35.jpg","https://media.birdweather.com/species/103/EurasianCollared-Dove-thumbnail-53ccb5f0a5d0640a1e766dd99c28ebca.jpg","https://media.birdweather.com/species/103/EurasianCollared-Dove-png200-4efa83c8c5efbdb09427b3c3fa247357.png","pvcFFwLpd4RvlJeUWZh2eXh4VxBqBZIH",11441616210,"https://media.birdweather.com/soundscapes/6891/6891-20260505-122536.flac",0,3,"birdnetpi"
7467986629,6891,"2026-05-05T14:25:35.000+02:00",0.93,0.997795641422272,9.79088640492852,"almost_certain","2p4",NA,51.5644,6.0013,FALSE,407,"Common Wood-Pigeon","Columba palumbus","#028fb2","avian","https://media.birdweather.com/species/407/CommonWood-Pigeon-standard-5558900260c92622ceef8a812b06518e.jpg","https://media.birdweather.com/species/407/CommonWood-Pigeon-thumbnail-4b86c907c8b82c8af31d566b811dee05.jpg","https://media.birdweather.com/species/407/CommonWood-Pigeon-png200-533b13201573be3895fcec3e61e861b5.png","2ukFHwIHiYeWxnZUiniYZ3h5h6+rCIQH",11441615870,"https://media.birdweather.com/soundscapes/6891/6891-20260505-122535.flac",0,3,"birdnetpi"
7467955532,6891,"2026-05-05T14:24:30.000+02:00",0.9,0.999183833599091,9.72592969353715,"almost_certain","2p4",NA,51.5628,6.0031,FALSE,35,"Eurasian Blackbird","Turdus merula","#ff65df","avian","https://media.birdweather.com/species/35/EurasianBlackbird-standard-618b3a5132c7c359fb2a2884c39deb39.jpg","https://media.birdweather.com/species/35/EurasianBlackbird-thumbnail-276878929bed08167d1fd9bf34d63d40.jpg","https://media.birdweather.com/species/35/EurasianBlackbird-png200-ba5a1b43225da4611cac429c52a52c81.png","GfkFFwKRmrx2ZYiaaQe69nlzScn3T7IA",11441585936,"https://media.birdweather.com/soundscapes/6891/6891-20260505-122430.flac",0,3,"birdnetpi"
7467943394,6891,"2026-05-05T14:24:09.000+02:00",0.76,0.999183833599091,9.36191635648293,"almost_certain","2p4",NA,51.5704,6.0092,FALSE,35,"Eurasian Blackbird","Turdus merula","#ff65df","avian","https://media.birdweather.com/species/35/EurasianBlackbird-standard-618b3a5132c7c359fb2a2884c39deb39.jpg","https://media.birdweather.com/species/35/EurasianBlackbird-thumbnail-276878929bed08167d1fd9bf34d63d40.jpg","https://media.birdweather.com/species/35/EurasianBlackbird-png200-ba5a1b43225da4611cac429c52a52c81.png","GfkFFwKRmrx2ZYiaaQe69nlzScn3T7IA",11441574476,"https://media.birdweather.com/soundscapes/6891/6891-20260505-122409.flac",0,3,"birdnetpi"
7467931484,6891,"2026-05-05T14:23:45.000+02:00",0.98,0.999183833599091,9.89740319938414,"almost_certain","2p4",NA,51.5658,6.0021,FALSE,35,"Eurasian Blackbird","Turdus merula","#ff65df","avian","https://media.birdweather.com/species/35/EurasianBlackbird-standard-618b3a5132c7c359fb2a2884c39deb39.jpg","https://media.birdweather.com/species/35/EurasianBlackbird-thumbnail-276878929bed08167d1fd9bf34d63d40.jpg","https://media.birdweather.com/species/35/EurasianBlackbird-png200-ba5a1b43225da4611cac429c52a52c81.png","GfkFFwKRmrx2ZYiaaQe69nlzScn3T7IA",11441562510,"https://media.birdweather.com/soundscapes/6891/6891-20260505-122345.flac",0,3,"birdnetpi"
7467919365,6891,"2026-05-05T14:23:19.000+02:00",0.82,0.999183833599091,9.52988153774943,"almost_certain","2p4",NA,51.5703,6.0035,FALSE,35,"Eurasian Blackbird","Turdus merula","#ff65df","avian","https://media.birdweather.com/species/35/EurasianBlackbird-standard-618b3a5132c7c359fb2a2884c39deb39.jpg","https://media.birdweather.com/species/35/EurasianBlackbird-thumbnail-276878929bed08167d1fd9bf34d63d40.jpg","https://media.birdweather.com/species/35/EurasianBlackbird-png200-ba5a1b43225da4611cac429c52a52c81.png","GfkFFwKRmrx2ZYiaaQe69nlzScn3T7IA",11441551086,"https://media.birdweather.com/soundscapes/6891/6891-20260505-122319.flac",0,3,"birdnetpi"
7467908565,6891,"2026-05-05T14:22:58.000+02:00",0.8,0.999183833599091,9.47614916072943,"almost_certain","2p4",NA,51.5628,6.0047,FALSE,35,"Eurasian Blackbird","Turdus merula","#ff65df","avian","https://media.birdweather.com/species/35/EurasianBlackbird-standard-618b3a5132c7c359fb2a2884c39deb39.jpg","https://media.birdweather.com/species/35/EurasianBlackbird-thumbnail-276878929bed08167d1fd9bf34d63d40.jpg","https://media.birdweather.com/species/35/EurasianBlackbird-png200-ba5a1b43225da4611cac429c52a52c81.png","GfkFFwKRmrx2ZYiaaQe69nlzScn3T7IA",11441540486,"https://media.birdweather.com/soundscapes/6891/6891-20260505-122258.flac",0,3,"birdnetpi"
7467892267,6891,"2026-05-05T14:22:25.000+02:00",0.94,0.999183833599091,9.81434746749562,"almost_certain","2p4",NA,51.5647,6.0082,FALSE,35,"Eurasian Blackbird","Turdus merula","#ff65df","avian","https://media.birdweather.com/species/35/EurasianBlackbird-standard-618b3a5132c7c359fb2a2884c39deb39.jpg","https://media.birdweather.com/species/35/EurasianBlackbird-thumbnail-276878929bed08167d1fd9bf34d63d40.jpg","https://media.birdweather.com/species/35/EurasianBlackbird-png200-ba5a1b43225da4611cac429c52a52c81.png","GfkFFwKRmrx2ZYiaaQe69nlzScn3T7IA",11441524761,"https://media.birdweather.com/soundscapes/6891/6891-20260505-122225.flac",0,3,"birdnetpi"
7467879198,6891,"2026-05-05T14:21:55.000+02:00",0.94,0.999183833599091,9.81434746749562,"almost_certain","2p4",NA,51.5671,6.0057,FALSE,35,"Eurasian Blackbird","Turdus merula","#ff65df","avian","https://media.birdweather.com/species/35/EurasianBlackbird-standard-618b3a5132c7c359fb2a2884c39deb39.jpg","https://media.birdweather.com/species/35/EurasianBlackbird-thumbnail-276878929bed08167d1fd9bf34d63d40.jpg","https://media.birdweather.com/species/35/EurasianBlackbird-png200-ba5a1b43225da4611cac429c52a52c81.png","GfkFFwKRmrx2ZYiaaQe69nlzScn3T7IA",11441511995,"https://media.birdweather.com/soundscapes/6891/6891-20260505-122155.flac",0,3,"birdnetpi"
7467872582,6891,"2026-05-05T14:21:43.000+02:00",0.87,0.672991514205933,9.1207896557177,"almost_certain","2p4",NA,51.5684,6.0077,FALSE,44,"Dunnock","Prunella modularis","#fea614","avian","https://media.birdweather.com/species/44/Dunnock-standard-a705d7131240cedd1c407b5a19989591.jpg","https://media.birdweather.com/species/44/Dunnock-thumbnail-1036624855b82c96db4ad23d1ed9d702.jpg","https://media.birdweather.com/species/44/Dunnock-png200-951bb2cdb9ec585716907d8eac83882e.png","lQgGDwB9pneQhHlwWjeK2ZK6d/kdFaUA",11441505475,"https://media.birdweather.com/soundscapes/6891/6891-20260505-122143.flac",0,3,"birdnetpi"
7467863403,6891,"2026-05-05T14:21:20.000+02:00",0.97,0.999183833599091,9.8771065318585,"almost_certain","2p4",NA,51.5698,6.0037,FALSE,35,"Eurasian Blackbird","Turdus merula","#ff65df","avian","https://media.birdweather.com/species/35/EurasianBlackbird-standard-618b3a5132c7c359fb2a2884c39deb39.jpg","https://media.birdweather.com/species/35/EurasianBlackbird-thumbnail-276878929bed08167d1fd9bf34d63d40.jpg","https://media.birdweather.com/species/35/EurasianBlackbird-png200-ba5a1b43225da4611cac429c52a52c81.png","GfkFFwKRmrx2ZYiaaQe69nlzScn3T7IA",11441496876,"https://media.birdweather.com/soundscapes/6891/6891-20260505-122120.flac",0,3,"birdnetpi"
7467851232,6891,"2026-05-05T14:20:56.000+02:00",0.95,0.999183833599091,9.8355882030499,"almost_certain","2p4",NA,51.5692,6.0028,FALSE,35,"Eurasian Blackbird","Turdus merula","#ff65df","avian","https://media.birdweather.com/species/35/EurasianBlackbird-standard-618b3a5132c7c359fb2a2884c39deb39.jpg","https://media.birdweather.com/species/35/EurasianBlackbird-thumbnail-276878929bed08167d1fd9bf34d63d40.jpg","https://media.birdweather.com/species/35/EurasianBlackbird-png200-ba5a1b43225da4611cac429c52a52c81.png","GfkFFwKRmrx2ZYiaaQe69nlzScn3T7IA",11441484912,"https://media.birdweather.com/soundscapes/6891/6891-20260505-122056.flac",0,3,"birdnetpi"
7467839795,6891,"2026-05-05T14:20:26.000+02:00",0.99,0.999183833599091,9.91740355459112,"almost_certain","2p4",NA,51.5644,6.0017,FALSE,35,"Eurasian Blackbird","Turdus merula","#ff65df","avian","https://media.birdweather.com/species/35/EurasianBlackbird-standard-618b3a5132c7c359fb2a2884c39deb39.jpg","https://media.birdweather.com/species/35/EurasianBlackbird-thumbnail-276878929bed08167d1fd9bf34d63d40.jpg","https://media.birdweather.com/species/35/EurasianBlackbird-png200-ba5a1b43225da4611cac429c52a52c81.png","GfkFFwKRmrx2ZYiaaQe69nlzScn3T7IA",11441473828,"https://media.birdweather.com/soundscapes/6891/6891-20260505-122026.flac",0,3,"birdnetpi"
7467828499,6891,"2026-05-05T14:20:02.000+02:00",0.97,0.999183833599091,9.8771065318585,"almost_certain","2p4",NA,51.5622,6.0074,FALSE,35,"Eurasian Blackbird","Turdus merula","#ff65df","avian","https://media.birdweather.com/species/35/EurasianBlackbird-standard-618b3a5132c7c359fb2a2884c39deb39.jpg","https://media.birdweather.com/species/35/EurasianBlackbird-thumbnail-276878929bed08167d1fd9bf34d63d40.jpg","https://media.birdweather.com/species/35/EurasianBlackbird-png200-ba5a1b43225da4611cac429c52a52c81.png","GfkFFwKRmrx2ZYiaaQe69nlzScn3T7IA",11441462866,"https://media.birdweather.com/soundscapes/6891/6891-20260505-122002.flac",0,3,"birdnetpi"
7467815036,6891,"2026-05-05T14:19:33.000+02:00",0.92,0.999183833599091,9.77085175080465,"almost_certain","2p4",NA,51.5683,6.0038,FALSE,35,"Eurasian Blackbird","Turdus merula","#ff65df","avian","https://media.birdweather.com/species/35/EurasianBlackbird-standard-618b3a5132c7c359fb2a2884c39deb39.jpg","https://media.birdweather.com/species/35/EurasianBlackbird-thumbnail-276878929bed08167d1fd9bf34d63d40.jpg","https://media.birdweather.com/species/35/EurasianBlackbird-png200-ba5a1b43225da4611cac429c52a52c81.png","GfkFFwKRmrx2ZYiaaQe69nlzScn3T7IA",11441449555,"https://media.birdweather.com/soundscapes/6891/6891-20260505-121933.flac",0,3,"birdnetpi"
7467805065,6891,"2026-05-05T14:19:13.000+02:00",0.84,0.999183833599091,9.58158578708593,"almost_certain","2p4",NA,51.5676,6.0041,FALSE,35,"Eurasian Blackbird","Turdus merula","#ff65df","avian","https://media.birdweather.com/species/35/EurasianBlackbird-standard-618b3a5132c7c359fb2a2884c39deb39.jpg","https://media.birdweather.com/species/35/EurasianBlackbird-thumbnail-276878929bed08167d1fd9bf34d63d40.jpg","https://media.birdweather.com/species/35/EurasianBlackbird-png200-ba5a1b43225da4611cac429c52a52c81.png","GfkFFwKRmrx2ZYiaaQe69nlzScn3T7IA",11441440072,"https://media.birdweather.com/soundscapes/6891/6891-20260505-121913.flac",0,3,"birdnetpi"
7467759208,6891,"2026-05-05T14:17:35.000+02:00",1,0.672991514205933,9.40224790039199,"almost_certain","2p4",NA,51.5693,6.0042,FALSE,44,"Dunnock","Prunella modularis","#fea614","avian","https://media.birdweather.com/species/44/Dunnock-standard-a705d7131240cedd1c407b5a19989591.jpg","https://media.birdweather.com/species/44/Dunnock-thumbnail-1036624855b82c96db4ad23d1ed9d702.jpg","https://media.birdweather.com/species/44/Dunnock-png200-951bb2cdb9ec585716907d8eac83882e.png","lQgGDwB9pneQhHlwWjeK2ZK6d/kdFaUA",11441395123,"https://media.birdweather.com/soundscapes/6891/6891-20260505-121735.flac",0,3,"birdnetpi"
7467751917,6891,"2026-05-05T14:17:20.000+02:00",0.98,0.672991514205933,9.36253497487563,"almost_certain","2p4",NA,51.5666,6.0024,FALSE,44,"Dunnock","Prunella modularis","#fea614","avian","https://media.birdweather.com/species/44/Dunnock-standard-a705d7131240cedd1c407b5a19989591.jpg","https://media.birdweather.com/species/44/Dunnock-thumbnail-1036624855b82c96db4ad23d1ed9d702.jpg","https://media.birdweather.com/species/44/Dunnock-png200-951bb2cdb9ec585716907d8eac83882e.png","lQgGDwB9pneQhHlwWjeK2ZK6d/kdFaUA",11441388191,"https://media.birdweather.com/soundscapes/6891/6891-20260505-121720.flac",0,3,"birdnetpi"
7467744432,6891,"2026-05-05T14:17:02.000+02:00",1,0.672991514205933,9.40224790039199,"almost_certain","2p4",NA,51.5665,6.001,FALSE,44,"Dunnock","Prunella modularis","#fea614","avian","https://media.birdweather.com/species/44/Dunnock-standard-a705d7131240cedd1c407b5a19989591.jpg","https://media.birdweather.com/species/44/Dunnock-thumbnail-1036624855b82c96db4ad23d1ed9d702.jpg","https://media.birdweather.com/species/44/Dunnock-png200-951bb2cdb9ec585716907d8eac83882e.png","lQgGDwB9pneQhHlwWjeK2ZK6d/kdFaUA",11441379938,"https://media.birdweather.com/soundscapes/6891/6891-20260505-121702.flac",0,3,"birdnetpi"
7467739443,6891,"2026-05-05T14:16:47.000+02:00",0.89,0.839938700199127,9.46762977508953,"almost_certain","2p4",NA,51.5685,6.0034,FALSE,1,"House Sparrow","Passer domesticus","#d16ff8","avian","https://media.birdweather.com/species/1/HouseSparrow-standard-b861184cf45c092cdb45fd689dd676ef.jpg","https://media.birdweather.com/species/1/HouseSparrow-thumbnail-e9cbc91763a1579de8ef04880678b5e3.jpg","https://media.birdweather.com/species/1/HouseSparrow-png200-125e8603e1efe9d7a18316b94f06a65e.png","XAgCDwD8qpukuHiqtLZ9mImnmPFcDO4E",11441373196,"https://media.birdweather.com/soundscapes/6891/6891-20260505-121647.flac",0,3,"birdnetpi"
7467547295,6891,"2026-05-05T14:09:46.000+02:00",1,0.672991514205933,9.40224790039199,"almost_certain","2p4",NA,51.5635,6.0042,FALSE,44,"Dunnock","Prunella modularis","#fea614","avian","https://media.birdweather.com/species/44/Dunnock-standard-a705d7131240cedd1c407b5a19989591.jpg","https://media.birdweather.com/species/44/Dunnock-thumbnail-1036624855b82c96db4ad23d1ed9d702.jpg","https://media.birdweather.com/species/44/Dunnock-png200-951bb2cdb9ec585716907d8eac83882e.png","lQgGDwB9pneQhHlwWjeK2ZK6d/kdFaUA",11441178004,"https://media.birdweather.com/soundscapes/6891/6891-20260505-120946.flac",0,3,"birdnetpi"
7467537015,6891,"2026-05-05T14:09:21.000+02:00",0.99,0.672991514205933,9.38253533008261,"almost_certain","2p4",NA,51.5695,6.0009,FALSE,44,"Dunnock","Prunella modularis","#fea614","avian","https://media.birdweather.com/species/44/Dunnock-standard-a705d7131240cedd1c407b5a19989591.jpg","https://media.birdweather.com/species/44/Dunnock-thumbnail-1036624855b82c96db4ad23d1ed9d702.jpg","https://media.birdweather.com/species/44/Dunnock-png200-951bb2cdb9ec585716907d8eac83882e.png","lQgGDwB9pneQhHlwWjeK2ZK6d/kdFaUA",11441167529,"https://media.birdweather.com/soundscapes/6891/6891-20260505-120921.flac",0,3,"birdnetpi"
7467435518,6891,"2026-05-05T14:05:27.000+02:00",0.98,0.672991514205933,9.36253497487563,"almost_certain","2p4",NA,51.5663,6.0065,FALSE,44,"Dunnock","Prunella modularis","#fea614","avian","https://media.birdweather.com/species/44/Dunnock-standard-a705d7131240cedd1c407b5a19989591.jpg","https://media.birdweather.com/species/44/Dunnock-thumbnail-1036624855b82c96db4ad23d1ed9d702.jpg","https://media.birdweather.com/species/44/Dunnock-png200-951bb2cdb9ec585716907d8eac83882e.png","lQgGDwB9pneQhHlwWjeK2ZK6d/kdFaUA",11441060020,"https://media.birdweather.com/soundscapes/6891/6891-20260505-120527.flac",0,3,"birdnetpi"
7467425146,6891,"2026-05-05T14:05:03.000+02:00",0.95,0.672991514205933,9.30071997854139,"almost_certain","2p4",NA,51.5657,6.0019,FALSE,44,"Dunnock","Prunella modularis","#fea614","avian","https://media.birdweather.com/species/44/Dunnock-standard-a705d7131240cedd1c407b5a19989591.jpg","https://media.birdweather.com/species/44/Dunnock-thumbnail-1036624855b82c96db4ad23d1ed9d702.jpg","https://media.birdweather.com/species/44/Dunnock-png200-951bb2cdb9ec585716907d8eac83882e.png","lQgGDwB9pneQhHlwWjeK2ZK6d/kdFaUA",11441049527,"https://media.birdweather.com/soundscapes/6891/6891-20260505-120503.flac",0,3,"birdnetpi"
7467387394,6891,"2026-05-05T14:03:37.000+02:00",0.82,0.672991514205933,8.99501331324092,"almost_certain","2p4",NA,51.564,6.0018,FALSE,44,"Dunnock","Prunella modularis","#fea614","avian","https://media.birdweather.com/species/44/Dunnock-standard-a705d7131240cedd1c407b5a19989591.jpg","https://media.birdweather.com/species/44/Dunnock-thumbnail-1036624855b82c96db4ad23d1ed9d702.jpg","https://media.birdweather.com/species/44/Dunnock-png200-951bb2cdb9ec585716907d8eac83882e.png","lQgGDwB9pneQhHlwWjeK2ZK6d/kdFaUA",11441009563,"https://media.birdweather.com/soundscapes/6891/6891-20260505-120337.flac",0,3,"birdnetpi"
7467376412,6891,"2026-05-05T14:03:11.000+02:00",0.93,0.672991514205933,9.25790399394077,"almost_certain","2p4",NA,51.5697,6.0043,FALSE,44,"Dunnock","Prunella modularis","#fea614","avian","https://media.birdweather.com/species/44/Dunnock-standard-a705d7131240cedd1c407b5a19989591.jpg","https://media.birdweather.com/species/44/Dunnock-thumbnail-1036624855b82c96db4ad23d1ed9d702.jpg","https://media.birdweather.com/species/44/Dunnock-png200-951bb2cdb9ec585716907d8eac83882e.png","lQgGDwB9pneQhHlwWjeK2ZK6d/kdFaUA",11440998219,"https://media.birdweather.com/soundscapes/6891/6891-20260505-120311.flac",0,3,"birdnetpi"
7467327099,6891,"2026-05-05T14:01:17.000+02:00",1,0.672991514205933,9.40224790039199,"almost_certain","2p4",NA,51.5674,6.0083,FALSE,44,"Dunnock","Prunella modularis","#fea614","avian","https://media.birdweather.com/species/44/Dunnock-standard-a705d7131240cedd1c407b5a19989591.jpg","https://media.birdweather.com/species/44/Dunnock-thumbnail-1036624855b82c96db4ad23d1ed9d702.jpg","https://media.birdweather.com/species/44/Dunnock-png200-951bb2cdb9ec585716907d8eac83882e.png","lQgGDwB9pneQhHlwWjeK2ZK6d/kdFaUA",11440946184,"https://media.birdweather.com/soundscapes/6891/6891-20260505-120117.flac",0,3,"birdnetpi"
7467317459,6891,"2026-05-05T14:00:56.000+02:00",1,0.672991514205933,9.40224790039199,"almost_certain","2p4",NA,51.5637,6.0092,FALSE,44,"Dunnock","Prunella modularis","#fea614","avian","https://media.birdweather.com/species/44/Dunnock-standard-a705d7131240cedd1c407b5a19989591.jpg","https://media.birdweather.com/species/44/Dunnock-thumbnail-1036624855b82c96db4ad23d1ed9d702.jpg","https://media.birdweather.com/species/44/Dunnock-png200-951bb2cdb9ec585716907d8eac83882e.png","lQgGDwB9pneQhHlwWjeK2ZK6d/kdFaUA",11440935672,"https://media.birdweather.com/soundscapes/6891/6891-20260505-120056.flac",0,3,"birdnetpi"
7467311382,6891,"2026-05-05T14:00:42.000+02:00",0.96,0.999183833599091,9.85650463986908,"almost_certain","2p4",NA,51.5682,6.0087,FALSE,35,"Eurasian Blackbird","Turdus merula","#ff65df","avian","https://media.birdweather.com/species/35/EurasianBlackbird-standard-618b3a5132c7c359fb2a2884c39deb39.jpg","https://media.birdweather.com/species/35/EurasianBlackbird-thumbnail-276878929bed08167d1fd9bf34d63d40.jpg","https://media.birdweather.com/species/35/EurasianBlackbird-png200-ba5a1b43225da4611cac429c52a52c81.png","GfkFFwKRmrx2ZYiaaQe69nlzScn3T7IA",11440929196,"https://media.birdweather.com/soundscapes/6891/6891-20260505-120042.flac",0,3,"birdnetpi"
7467300699,6891,"2026-05-05T14:00:18.000+02:00",1,0.999183833599091,9.93711612490049,"almost_certain","2p4",NA,51.5644,6.0074,FALSE,35,"Eurasian Blackbird","Turdus merula","#ff65df","avian","https://media.birdweather.com/species/35/EurasianBlackbird-standard-618b3a5132c7c359fb2a2884c39deb39.jpg","https://media.birdweather.com/species/35/EurasianBlackbird-thumbnail-276878929bed08167d1fd9bf34d63d40.jpg","https://media.birdweather.com/species/35/EurasianBlackbird-png200-ba5a1b43225da4611cac429c52a52c81.png","GfkFFwKRmrx2ZYiaaQe69nlzScn3T7IA",11440918160,"https://media.birdweather.com/soundscapes/6891/6891-20260505-120018.flac",0,3,"birdnetpi"
7467290564,6891,"2026-05-05T13:59:58.000+02:00",0.98,0.999183833599091,9.89740319938414,"almost_certain","2p4",NA,51.5623,6.0057,FALSE,35,"Eurasian Blackbird","Turdus merula","#ff65df","avian","https://media.birdweather.com/species/35/EurasianBlackbird-standard-618b3a5132c7c359fb2a2884c39deb39.jpg","https://media.birdweather.com/species/35/EurasianBlackbird-thumbnail-276878929bed08167d1fd9bf34d63d40.jpg","https://media.birdweather.com/species/35/EurasianBlackbird-png200-ba5a1b43225da4611cac429c52a52c81.png","GfkFFwKRmrx2ZYiaaQe69nlzScn3T7IA",11440907020,"https://media.birdweather.com/soundscapes/6891/6891-20260505-115958.flac",0,3,"birdnetpi"
7467279264,6891,"2026-05-05T13:59:25.000+02:00",0.98,0.999183833599091,9.89740319938414,"almost_certain","2p4",NA,51.5617,6.0021,FALSE,35,"Eurasian Blackbird","Turdus merula","#ff65df","avian","https://media.birdweather.com/species/35/EurasianBlackbird-standard-618b3a5132c7c359fb2a2884c39deb39.jpg","https://media.birdweather.com/species/35/EurasianBlackbird-thumbnail-276878929bed08167d1fd9bf34d63d40.jpg","https://media.birdweather.com/species/35/EurasianBlackbird-png200-ba5a1b43225da4611cac429c52a52c81.png","GfkFFwKRmrx2ZYiaaQe69nlzScn3T7IA",11440894173,"https://media.birdweather.com/soundscapes/6891/6891-20260505-115925.flac",0,3,"birdnetpi"
7467270111,6891,"2026-05-05T13:59:06.000+02:00",0.96,0.999183833599091,9.85650463986908,"almost_certain","2p4",NA,51.5659,6.0049,FALSE,35,"Eurasian Blackbird","Turdus merula","#ff65df","avian","https://media.birdweather.com/species/35/EurasianBlackbird-standard-618b3a5132c7c359fb2a2884c39deb39.jpg","https://media.birdweather.com/species/35/EurasianBlackbird-thumbnail-276878929bed08167d1fd9bf34d63d40.jpg","https://media.birdweather.com/species/35/EurasianBlackbird-png200-ba5a1b43225da4611cac429c52a52c81.png","GfkFFwKRmrx2ZYiaaQe69nlzScn3T7IA",11440884547,"https://media.birdweather.com/soundscapes/6891/6891-20260505-115906.flac",0,3,"birdnetpi"
7467263467,6891,"2026-05-05T13:58:49.000+02:00",1,0.672991514205933,9.40224790039199,"almost_certain","2p4",NA,51.5639,6.0066,FALSE,44,"Dunnock","Prunella modularis","#fea614","avian","https://media.birdweather.com/species/44/Dunnock-standard-a705d7131240cedd1c407b5a19989591.jpg","https://media.birdweather.com/species/44/Dunnock-thumbnail-1036624855b82c96db4ad23d1ed9d702.jpg","https://media.birdweather.com/species/44/Dunnock-png200-951bb2cdb9ec585716907d8eac83882e.png","lQgGDwB9pneQhHlwWjeK2ZK6d/kdFaUA",11440877210,"https://media.birdweather.com/soundscapes/6891/6891-20260505-115849.flac",0,3,"birdnetpi"
7467245640,6891,"2026-05-05T13:58:10.000+02:00",1,0.672991514205933,9.40224790039199,"almost_certain","2p4",NA,51.5657,6.0027,FALSE,44,"Dunnock","Prunella modularis","#fea614","avian","https://media.birdweather.com/species/44/Dunnock-standard-a705d7131240cedd1c407b5a19989591.jpg","https://media.birdweather.com/species/44/Dunnock-thumbnail-1036624855b82c96db4ad23d1ed9d702.jpg","https://media.birdweather.com/species/44/Dunnock-png200-951bb2cdb9ec585716907d8eac83882e.png","lQgGDwB9pneQhHlwWjeK2ZK6d/kdFaUA",11440858809,"https://media.birdweather.com/soundscapes/6891/6891-20260505-115810.flac",0,3,"birdnetpi"
7467234236,6891,"2026-05-05T13:57:50.000+02:00",0.99,0.672991514205933,9.38253533008261,"almost_certain","2p4",NA,51.5618,6.0059,FALSE,44,"Dunnock","Prunella modularis","#fea614","avian","https://media.birdweather.com/species/44/Dunnock-standard-a705d7131240cedd1c407b5a19989591.jpg","https://media.birdweather.com/species/44/Dunnock-thumbnail-1036624855b82c96db4ad23d1ed9d702.jpg","https://media.birdweather.com/species/44/Dunnock-png200-951bb2cdb9ec585716907d8eac83882e.png","lQgGDwB9pneQhHlwWjeK2ZK6d/kdFaUA",11440846405,"https://media.birdweather.com/soundscapes/6891/6891-20260505-115750.flac",0,3,"birdnetpi"
7467226893,6891,"2026-05-05T13:57:25.000+02:00",0.89,0.22369821369648,7.69877669989265,"almost_certain","2p4",NA,51.5622,6.0089,FALSE,303,"European Stonechat","Saxicola rubicola","#96038f","avian","https://media.birdweather.com/species/303/EuropeanStonechat-standard-23799ee67e36e10c6993ad61d7af5ef8.jpg","https://media.birdweather.com/species/303/EuropeanStonechat-thumbnail-25df46e1744b6d9ba7c7e1f023235f2a.jpg","https://media.birdweather.com/species/303/EuropeanStonechat-png200-e4986c9ef9cdea05900d0c27650cc63c.png","5sYFHwL3WId6hnl7hZhpZZd4hzBYB4QD",11440839016,"https://media.birdweather.com/soundscapes/6891/6891-20260505-115725.flac",0,3,"birdnetpi"
7467222961,6891,"2026-05-05T13:57:19.000+02:00",0.99,0.672991514205933,9.38253533008261,"almost_certain","2p4",NA,51.5677,6.0078,FALSE,44,"Dunnock","Prunella modularis","#fea614","avian","https://media.birdweather.com/species/44/Dunnock-standard-a705d7131240cedd1c407b5a19989591.jpg","https://media.birdweather.com/species/44/Dunnock-thumbnail-1036624855b82c96db4ad23d1ed9d702.jpg","https://media.birdweather.com/species/44/Dunnock-png200-951bb2cdb9ec585716907d8eac83882e.png","lQgGDwB9pneQhHlwWjeK2ZK6d/kdFaUA",11440835015,"https://media.birdweather.com/soundscapes/6891/6891-20260505-115719.flac",0,3,"birdnetpi"
7467096419,6891,"2026-05-05T13:52:27.000+02:00",0.88,0.999183833599091,9.67948456774147,"almost_certain","2p4",NA,51.5669,6.0041,FALSE,35,"Eurasian Blackbird","Turdus merula","#ff65df","avian","https://media.birdweather.com/species/35/EurasianBlackbird-standard-618b3a5132c7c359fb2a2884c39deb39.jpg","https://media.birdweather.com/species/35/EurasianBlackbird-thumbnail-276878929bed08167d1fd9bf34d63d40.jpg","https://media.birdweather.com/species/35/EurasianBlackbird-png200-ba5a1b43225da4611cac429c52a52c81.png","GfkFFwKRmrx2ZYiaaQe69nlzScn3T7IA",11440701724,"https://media.birdweather.com/soundscapes/6891/6891-20260505-115227.flac",0,3,"birdnetpi"
7467051921,6891,"2026-05-05T13:50:45.000+02:00",0.97,0.672991514205933,9.34223830734999,"almost_certain","2p4",NA,51.5618,6.0077,FALSE,44,"Dunnock","Prunella modularis","#fea614","avian","https://media.birdweather.com/species/44/Dunnock-standard-a705d7131240cedd1c407b5a19989591.jpg","https://media.birdweather.com/species/44/Dunnock-thumbnail-1036624855b82c96db4ad23d1ed9d702.jpg","https://media.birdweather.com/species/44/Dunnock-png200-951bb2cdb9ec585716907d8eac83882e.png","lQgGDwB9pneQhHlwWjeK2ZK6d/kdFaUA",11440654840,"https://media.birdweather.com/soundscapes/6891/6891-20260505-115045.flac",0,3,"birdnetpi"
7467008613,6891,"2026-05-05T13:49:04.000+02:00",0.8,0.672991514205933,8.94128093622093,"almost_certain","2p4",NA,51.5629,6.0065,FALSE,44,"Dunnock","Prunella modularis","#fea614","avian","https://media.birdweather.com/species/44/Dunnock-standard-a705d7131240cedd1c407b5a19989591.jpg","https://media.birdweather.com/species/44/Dunnock-thumbnail-1036624855b82c96db4ad23d1ed9d702.jpg","https://media.birdweather.com/species/44/Dunnock-png200-951bb2cdb9ec585716907d8eac83882e.png","lQgGDwB9pneQhHlwWjeK2ZK6d/kdFaUA",11440609275,"https://media.birdweather.com/soundscapes/6891/6891-20260505-114904.flac",0,3,"birdnetpi"
7466837148,6891,"2026-05-05T13:42:20.000+02:00",1,0.672991514205933,9.40224790039199,"almost_certain","2p4",NA,51.5688,6.008,FALSE,44,"Dunnock","Prunella modularis","#fea614","avian","https://media.birdweather.com/species/44/Dunnock-standard-a705d7131240cedd1c407b5a19989591.jpg","https://media.birdweather.com/species/44/Dunnock-thumbnail-1036624855b82c96db4ad23d1ed9d702.jpg","https://media.birdweather.com/species/44/Dunnock-png200-951bb2cdb9ec585716907d8eac83882e.png","lQgGDwB9pneQhHlwWjeK2ZK6d/kdFaUA",11440422396,"https://media.birdweather.com/soundscapes/6891/6891-20260505-114220.flac",0,3,"birdnetpi"
7466823688,6891,"2026-05-05T13:41:48.000+02:00",1,0.672991514205933,9.40224790039199,"almost_certain","2p4",NA,51.5667,6.0094,FALSE,44,"Dunnock","Prunella modularis","#fea614","avian","https://media.birdweather.com/species/44/Dunnock-standard-a705d7131240cedd1c407b5a19989591.jpg","https://media.birdweather.com/species/44/Dunnock-thumbnail-1036624855b82c96db4ad23d1ed9d702.jpg","https://media.birdweather.com/species/44/Dunnock-png200-951bb2cdb9ec585716907d8eac83882e.png","lQgGDwB9pneQhHlwWjeK2ZK6d/kdFaUA",11440407699,"https://media.birdweather.com/soundscapes/6891/6891-20260505-114148.flac",0,3,"birdnetpi"
7466818019,6891,"2026-05-05T13:41:33.000+02:00",0.99,0.271727293729782,8.16934159042937,"almost_certain","2p4",NA,51.5697,6.0077,FALSE,8,"Long-tailed Tit","Aegithalos caudatus","#bdc706","avian","https://media.birdweather.com/species/8/Long-tailedTit-standard-f8bdec5e2df87ccaa32a7b13a292f078.jpg","https://media.birdweather.com/species/8/Long-tailedTit-thumbnail-652dd0fa7d32953de84a85963165fb57.jpg","https://media.birdweather.com/species/8/Long-tailedTit-png200-aba8917f8bf81c61c1bc7e2fe9f8aa63.png","5okGFwRveYeOd2d5d1h1V3qGmYn1mFoP",11440401389,"https://media.birdweather.com/soundscapes/6891/6891-20260505-114133.flac",0,3,"birdnetpi"
7466658709,6891,"2026-05-05T13:35:22.000+02:00",0.74,0.991870403289795,9.29105307231819,"almost_certain","2p4",NA,51.5648,6.0082,FALSE,25,"Common Chaffinch","Fringilla coelebs","#fb7eff","avian","https://media.birdweather.com/species/25/CommonChaffinch-standard-d8edb223d1ec828ee0cda788e8f5f209.jpg","https://media.birdweather.com/species/25/CommonChaffinch-thumbnail-7ba0a46bb0cd7efdb3215242f9528140.jpg","https://media.birdweather.com/species/25/CommonChaffinch-png200-ced617224ab07c316109e2d0e9078f2e.png","WfgJDwKGhIbAbHimmnhluHh2tv25ZoAD",11440227355,"https://media.birdweather.com/soundscapes/6891/6891-20260505-113522.flac",0,3,"birdnetpi"
7466639660,6891,"2026-05-05T13:34:37.000+02:00",0.91,0.672991514205933,9.2137066127018,"almost_certain","2p4",NA,51.5647,6.0022,FALSE,44,"Dunnock","Prunella modularis","#fea614","avian","https://media.birdweather.com/species/44/Dunnock-standard-a705d7131240cedd1c407b5a19989591.jpg","https://media.birdweather.com/species/44/Dunnock-thumbnail-1036624855b82c96db4ad23d1ed9d702.jpg","https://media.birdweather.com/species/44/Dunnock-png200-951bb2cdb9ec585716907d8eac83882e.png","lQgGDwB9pneQhHlwWjeK2ZK6d/kdFaUA",11440206265,"https://media.birdweather.com/soundscapes/6891/6891-20260505-113437.flac",0,3,"birdnetpi"
7466586032,6891,"2026-05-05T13:32:20.000+02:00",1,0.672991514205933,9.40224790039199,"almost_certain","2p4",NA,51.5649,6.0067,FALSE,44,"Dunnock","Prunella modularis","#fea614","avian","https://media.birdweather.com/species/44/Dunnock-standard-a705d7131240cedd1c407b5a19989591.jpg","https://media.birdweather.com/species/44/Dunnock-thumbnail-1036624855b82c96db4ad23d1ed9d702.jpg","https://media.birdweather.com/species/44/Dunnock-png200-951bb2cdb9ec585716907d8eac83882e.png","lQgGDwB9pneQhHlwWjeK2ZK6d/kdFaUA",11440146568,"https://media.birdweather.com/soundscapes/6891/6891-20260505-113220.flac",0,3,"birdnetpi"
7466576701,6891,"2026-05-05T13:32:06.000+02:00",1,0.672991514205933,9.40224790039199,"almost_certain","2p4",NA,51.5682,6.0087,FALSE,44,"Dunnock","Prunella modularis","#fea614","avian","https://media.birdweather.com/species/44/Dunnock-standard-a705d7131240cedd1c407b5a19989591.jpg","https://media.birdweather.com/species/44/Dunnock-thumbnail-1036624855b82c96db4ad23d1ed9d702.jpg","https://media.birdweather.com/species/44/Dunnock-png200-951bb2cdb9ec585716907d8eac83882e.png","lQgGDwB9pneQhHlwWjeK2ZK6d/kdFaUA",11440136390,"https://media.birdweather.com/soundscapes/6891/6891-20260505-113206.flac",0,3,"birdnetpi"
7466568541,6891,"2026-05-05T13:31:42.000+02:00",0.99,0.672991514205933,9.38253533008261,"almost_certain","2p4",NA,51.5649,6.0068,FALSE,44,"Dunnock","Prunella modularis","#fea614","avian","https://media.birdweather.com/species/44/Dunnock-standard-a705d7131240cedd1c407b5a19989591.jpg","https://media.birdweather.com/species/44/Dunnock-thumbnail-1036624855b82c96db4ad23d1ed9d702.jpg","https://media.birdweather.com/species/44/Dunnock-png200-951bb2cdb9ec585716907d8eac83882e.png","lQgGDwB9pneQhHlwWjeK2ZK6d/kdFaUA",11440126678,"https://media.birdweather.com/soundscapes/6891/6891-20260505-113142.flac",0,3,"birdnetpi"
7466555190,6891,"2026-05-05T13:31:04.000+02:00",0.87,0.824159979820251,9.39471125211358,"almost_certain","2p4",NA,51.5686,6.0088,FALSE,5,"Eurasian Wren","Troglodytes troglodytes","#871aa2","avian","https://media.birdweather.com/species/5/EurasianWren-standard-9c09f98281df1112cec97e5b2520b7ac.jpg","https://media.birdweather.com/species/5/EurasianWren-thumbnail-7ee2ceda5807a63f70243cd666e8e3c8.jpg","https://media.birdweather.com/species/5/EurasianWren-png200-a33056cab50c84c6025cfd25b6f18c19.png","JwgGDwDcVHlfhXmJhXiXWJiJaEAXA5IC",11440112103,"https://media.birdweather.com/soundscapes/6891/6891-20260505-113104.flac",0,3,"birdnetpi"
7466517226,6891,"2026-05-05T13:29:31.000+02:00",0.99,0.672991514205933,9.38253533008261,"almost_certain","2p4",NA,51.5622,6.0086,FALSE,44,"Dunnock","Prunella modularis","#fea614","avian","https://media.birdweather.com/species/44/Dunnock-standard-a705d7131240cedd1c407b5a19989591.jpg","https://media.birdweather.com/species/44/Dunnock-thumbnail-1036624855b82c96db4ad23d1ed9d702.jpg","https://media.birdweather.com/species/44/Dunnock-png200-951bb2cdb9ec585716907d8eac83882e.png","lQgGDwB9pneQhHlwWjeK2ZK6d/kdFaUA",11440069202,"https://media.birdweather.com/soundscapes/6891/6891-20260505-112931.flac",0,3,"birdnetpi"
7466507414,6891,"2026-05-05T13:29:13.000+02:00",1,0.672991514205933,9.40224790039199,"almost_certain","2p4",NA,51.5645,6.0009,FALSE,44,"Dunnock","Prunella modularis","#fea614","avian","https://media.birdweather.com/species/44/Dunnock-standard-a705d7131240cedd1c407b5a19989591.jpg","https://media.birdweather.com/species/44/Dunnock-thumbnail-1036624855b82c96db4ad23d1ed9d702.jpg","https://media.birdweather.com/species/44/Dunnock-png200-951bb2cdb9ec585716907d8eac83882e.png","lQgGDwB9pneQhHlwWjeK2ZK6d/kdFaUA",11440058511,"https://media.birdweather.com/soundscapes/6891/6891-20260505-112913.flac",0,3,"birdnetpi"
7466497527,6891,"2026-05-05T13:28:50.000+02:00",1,0.672991514205933,9.40224790039199,"almost_certain","2p4",NA,51.563,6.0057,FALSE,44,"Dunnock","Prunella modularis","#fea614","avian","https://media.birdweather.com/species/44/Dunnock-standard-a705d7131240cedd1c407b5a19989591.jpg","https://media.birdweather.com/species/44/Dunnock-thumbnail-1036624855b82c96db4ad23d1ed9d702.jpg","https://media.birdweather.com/species/44/Dunnock-png200-951bb2cdb9ec585716907d8eac83882e.png","lQgGDwB9pneQhHlwWjeK2ZK6d/kdFaUA",11440047006,"https://media.birdweather.com/soundscapes/6891/6891-20260505-112850.flac",0,3,"birdnetpi"
7466489182,6891,"2026-05-05T13:28:29.000+02:00",0.93,0.672991514205933,9.25790399394077,"almost_certain","2p4",NA,51.5658,6.0061,FALSE,44,"Dunnock","Prunella modularis","#fea614","avian","https://media.birdweather.com/species/44/Dunnock-standard-a705d7131240cedd1c407b5a19989591.jpg","https://media.birdweather.com/species/44/Dunnock-thumbnail-1036624855b82c96db4ad23d1ed9d702.jpg","https://media.birdweather.com/species/44/Dunnock-png200-951bb2cdb9ec585716907d8eac83882e.png","lQgGDwB9pneQhHlwWjeK2ZK6d/kdFaUA",11440037768,"https://media.birdweather.com/soundscapes/6891/6891-20260505-112829.flac",0,3,"birdnetpi"
7466486573,6891,"2026-05-05T13:28:18.000+02:00",0.78,0.999183833599091,9.42022302823668,"almost_certain","2p4",NA,51.5651,6.0018,FALSE,35,"Eurasian Blackbird","Turdus merula","#ff65df","avian","https://media.birdweather.com/species/35/EurasianBlackbird-standard-618b3a5132c7c359fb2a2884c39deb39.jpg","https://media.birdweather.com/species/35/EurasianBlackbird-thumbnail-276878929bed08167d1fd9bf34d63d40.jpg","https://media.birdweather.com/species/35/EurasianBlackbird-png200-ba5a1b43225da4611cac429c52a52c81.png","GfkFFwKRmrx2ZYiaaQe69nlzScn3T7IA",11440035082,"https://media.birdweather.com/soundscapes/6891/6891-20260505-112818.flac",0,3,"birdnetpi"
7466466741,6891,"2026-05-05T13:27:29.000+02:00",0.79,0.999183833599091,9.44847145170443,"almost_certain","2p4",NA,51.5654,6.0079,FALSE,35,"Eurasian Blackbird","Turdus merula","#ff65df","avian","https://media.birdweather.com/species/35/EurasianBlackbird-standard-618b3a5132c7c359fb2a2884c39deb39.jpg","https://media.birdweather.com/species/35/EurasianBlackbird-thumbnail-276878929bed08167d1fd9bf34d63d40.jpg","https://media.birdweather.com/species/35/EurasianBlackbird-png200-ba5a1b43225da4611cac429c52a52c81.png","GfkFFwKRmrx2ZYiaaQe69nlzScn3T7IA",11440012542,"https://media.birdweather.com/soundscapes/6891/6891-20260505-112729.flac",0,3,"birdnetpi"
7466437120,6891,"2026-05-05T13:26:18.000+02:00",0.93,0.999183833599091,9.79277221844927,"almost_certain","2p4",NA,51.5669,6.0048,FALSE,35,"Eurasian Blackbird","Turdus merula","#ff65df","avian","https://media.birdweather.com/species/35/EurasianBlackbird-standard-618b3a5132c7c359fb2a2884c39deb39.jpg","https://media.birdweather.com/species/35/EurasianBlackbird-thumbnail-276878929bed08167d1fd9bf34d63d40.jpg","https://media.birdweather.com/species/35/EurasianBlackbird-png200-ba5a1b43225da4611cac429c52a52c81.png","GfkFFwKRmrx2ZYiaaQe69nlzScn3T7IA",11439979963,"https://media.birdweather.com/soundscapes/6891/6891-20260505-112618.flac",0,3,"birdnetpi"
7466418705,6891,"2026-05-05T13:25:32.000+02:00",0.94,0.999183833599091,9.81434746749562,"almost_certain","2p4",NA,51.569,6.0088,FALSE,35,"Eurasian Blackbird","Turdus merula","#ff65df","avian","https://media.birdweather.com/species/35/EurasianBlackbird-standard-618b3a5132c7c359fb2a2884c39deb39.jpg","https://media.birdweather.com/species/35/EurasianBlackbird-thumbnail-276878929bed08167d1fd9bf34d63d40.jpg","https://media.birdweather.com/species/35/EurasianBlackbird-png200-ba5a1b43225da4611cac429c52a52c81.png","GfkFFwKRmrx2ZYiaaQe69nlzScn3T7IA",11439959373,"https://media.birdweather.com/soundscapes/6891/6891-20260505-112532.flac",0,3,"birdnetpi"
7466274420,6891,"2026-05-05T13:19:38.000+02:00",0.97,0.672991514205933,9.34223830734999,"almost_certain","2p4",NA,51.5648,6.0071,FALSE,44,"Dunnock","Prunella modularis","#fea614","avian","https://media.birdweather.com/species/44/Dunnock-standard-a705d7131240cedd1c407b5a19989591.jpg","https://media.birdweather.com/species/44/Dunnock-thumbnail-1036624855b82c96db4ad23d1ed9d702.jpg","https://media.birdweather.com/species/44/Dunnock-png200-951bb2cdb9ec585716907d8eac83882e.png","lQgGDwB9pneQhHlwWjeK2ZK6d/kdFaUA",11439795668,"https://media.birdweather.com/soundscapes/6891/6891-20260505-111938.flac",0,3,"birdnetpi"
7466216708,6891,"2026-05-05T13:17:12.000+02:00",0.98,0.991870403289795,9.88743882994144,"almost_certain","2p4",NA,51.5688,6.0007,FALSE,25,"Common Chaffinch","Fringilla coelebs","#fb7eff","avian","https://media.birdweather.com/species/25/CommonChaffinch-standard-d8edb223d1ec828ee0cda788e8f5f209.jpg","https://media.birdweather.com/species/25/CommonChaffinch-thumbnail-7ba0a46bb0cd7efdb3215242f9528140.jpg","https://media.birdweather.com/species/25/CommonChaffinch-png200-ced617224ab07c316109e2d0e9078f2e.png","WfgJDwKGhIbAbHimmnhluHh2tv25ZoAD",11439728599,"https://media.birdweather.com/soundscapes/6891/6891-20260505-111712.flac",0,3,"birdnetpi"
7466210526,6891,"2026-05-05T13:16:52.000+02:00",0.97,0.991870403289795,9.86714216241579,"almost_certain","2p4",NA,51.5697,6.0083,FALSE,25,"Common Chaffinch","Fringilla coelebs","#fb7eff","avian","https://media.birdweather.com/species/25/CommonChaffinch-standard-d8edb223d1ec828ee0cda788e8f5f209.jpg","https://media.birdweather.com/species/25/CommonChaffinch-thumbnail-7ba0a46bb0cd7efdb3215242f9528140.jpg","https://media.birdweather.com/species/25/CommonChaffinch-png200-ced617224ab07c316109e2d0e9078f2e.png","WfgJDwKGhIbAbHimmnhluHh2tv25ZoAD",11439719771,"https://media.birdweather.com/soundscapes/6891/6891-20260505-111652.flac",0,3,"birdnetpi"
7466200553,6891,"2026-05-05T13:16:33.000+02:00",0.94,0.991870403289795,9.80438309805292,"almost_certain","2p4",NA,51.57,6.0057,FALSE,25,"Common Chaffinch","Fringilla coelebs","#fb7eff","avian","https://media.birdweather.com/species/25/CommonChaffinch-standard-d8edb223d1ec828ee0cda788e8f5f209.jpg","https://media.birdweather.com/species/25/CommonChaffinch-thumbnail-7ba0a46bb0cd7efdb3215242f9528140.jpg","https://media.birdweather.com/species/25/CommonChaffinch-png200-ced617224ab07c316109e2d0e9078f2e.png","WfgJDwKGhIbAbHimmnhluHh2tv25ZoAD",11439707855,"https://media.birdweather.com/soundscapes/6891/6891-20260505-111633.flac",0,3,"birdnetpi"
7466197626,6891,"2026-05-05T13:16:21.000+02:00",0.89,0.419734984636307,8.53329590504123,"almost_certain","2p4",NA,51.562,6.0088,FALSE,119,"Common House-Martin","Delichon urbicum","#53b1ff","avian","https://media.birdweather.com/species/119/CommonHouse-Martin-standard-9ffbcc688c51210fb136a162c84d82ad.jpg","https://media.birdweather.com/species/119/CommonHouse-Martin-thumbnail-dd7059ca6235347c3097e7a66f04df95.jpg","https://media.birdweather.com/species/119/CommonHouse-Martin-png200-a73a8953ce2af50676da81e70b2746b2.png","YhgKDwKJd4iIiHd/h5h5d4mIeQqVllAH",11439704607,"https://media.birdweather.com/soundscapes/6891/6891-20260505-111621.flac",0,3,"birdnetpi"
7466193793,6891,"2026-05-05T13:16:10.000+02:00",0.87,0.991870403289795,9.64569351078351,"almost_certain","2p4",NA,51.5668,6.0067,FALSE,25,"Common Chaffinch","Fringilla coelebs","#fb7eff","avian","https://media.birdweather.com/species/25/CommonChaffinch-standard-d8edb223d1ec828ee0cda788e8f5f209.jpg","https://media.birdweather.com/species/25/CommonChaffinch-thumbnail-7ba0a46bb0cd7efdb3215242f9528140.jpg","https://media.birdweather.com/species/25/CommonChaffinch-png200-ced617224ab07c316109e2d0e9078f2e.png","WfgJDwKGhIbAbHimmnhluHh2tv25ZoAD",11439700517,"https://media.birdweather.com/soundscapes/6891/6891-20260505-111610.flac",0,3,"birdnetpi"
7466190861,6891,"2026-05-05T13:16:04.000+02:00",0.97,0.622888922691345,9.23786142408562,"almost_certain","2p4",NA,51.5667,6.0079,FALSE,76,"Eurasian Jackdaw","Corvus monedula","#f36f1b","avian","https://media.birdweather.com/species/76/EurasianJackdaw-standard-55cbd4006f743c538a3264a1fb86d41c.jpg","https://media.birdweather.com/species/76/EurasianJackdaw-thumbnail-80ecf23afe76ea22483b4f8043e19339.jpg","https://media.birdweather.com/species/76/EurasianJackdaw-png200-862dbf9b3725619bb5532ba255c32118.png","4AgKDwL2i2d1homOY0modph5OL/1qHAJ",11439697295,"https://media.birdweather.com/soundscapes/6891/6891-20260505-111604.flac",0,3,"birdnetpi"
7466158132,6891,"2026-05-05T13:14:41.000+02:00",0.99,0.672991514205933,9.38253533008261,"almost_certain","2p4",NA,51.5692,6.0046,FALSE,44,"Dunnock","Prunella modularis","#fea614","avian","https://media.birdweather.com/species/44/Dunnock-standard-a705d7131240cedd1c407b5a19989591.jpg","https://media.birdweather.com/species/44/Dunnock-thumbnail-1036624855b82c96db4ad23d1ed9d702.jpg","https://media.birdweather.com/species/44/Dunnock-png200-951bb2cdb9ec585716907d8eac83882e.png","lQgGDwB9pneQhHlwWjeK2ZK6d/kdFaUA",11439660200,"https://media.birdweather.com/soundscapes/6891/6891-20260505-111441.flac",0,3,"birdnetpi"
7466150578,6891,"2026-05-05T13:14:23.000+02:00",0.93,0.991870403289795,9.78280784900657,"almost_certain","2p4",NA,51.5663,6.0066,FALSE,25,"Common Chaffinch","Fringilla coelebs","#fb7eff","avian","https://media.birdweather.com/species/25/CommonChaffinch-standard-d8edb223d1ec828ee0cda788e8f5f209.jpg","https://media.birdweather.com/species/25/CommonChaffinch-thumbnail-7ba0a46bb0cd7efdb3215242f9528140.jpg","https://media.birdweather.com/species/25/CommonChaffinch-png200-ced617224ab07c316109e2d0e9078f2e.png","WfgJDwKGhIbAbHimmnhluHh2tv25ZoAD",11439651829,"https://media.birdweather.com/soundscapes/6891/6891-20260505-111423.flac",0,3,"birdnetpi"
7466141874,6891,"2026-05-05T13:14:08.000+02:00",0.88,0.991870403289795,9.66952019829877,"almost_certain","2p4",NA,51.5672,6.0073,FALSE,25,"Common Chaffinch","Fringilla coelebs","#fb7eff","avian","https://media.birdweather.com/species/25/CommonChaffinch-standard-d8edb223d1ec828ee0cda788e8f5f209.jpg","https://media.birdweather.com/species/25/CommonChaffinch-thumbnail-7ba0a46bb0cd7efdb3215242f9528140.jpg","https://media.birdweather.com/species/25/CommonChaffinch-png200-ced617224ab07c316109e2d0e9078f2e.png","WfgJDwKGhIbAbHimmnhluHh2tv25ZoAD",11439642371,"https://media.birdweather.com/soundscapes/6891/6891-20260505-111408.flac",0,3,"birdnetpi"
7466092014,6891,"2026-05-05T13:12:03.000+02:00",0.93,0.824159979820251,9.53182559033664,"almost_certain","2p4",NA,51.5615,6.0056,FALSE,5,"Eurasian Wren","Troglodytes troglodytes","#871aa2","avian","https://media.birdweather.com/species/5/EurasianWren-standard-9c09f98281df1112cec97e5b2520b7ac.jpg","https://media.birdweather.com/species/5/EurasianWren-thumbnail-7ee2ceda5807a63f70243cd666e8e3c8.jpg","https://media.birdweather.com/species/5/EurasianWren-png200-a33056cab50c84c6025cfd25b6f18c19.png","JwgGDwDcVHlfhXmJhXiXWJiJaEAXA5IC",11439586434,"https://media.birdweather.com/soundscapes/6891/6891-20260505-111203.flac",0,3,"birdnetpi"
7465773663,6891,"2026-05-05T12:59:02.000+02:00",0.9,0.672991514205933,9.19106146902864,"almost_certain","2p4",NA,51.5676,6.0037,FALSE,44,"Dunnock","Prunella modularis","#fea614","avian","https://media.birdweather.com/species/44/Dunnock-standard-a705d7131240cedd1c407b5a19989591.jpg","https://media.birdweather.com/species/44/Dunnock-thumbnail-1036624855b82c96db4ad23d1ed9d702.jpg","https://media.birdweather.com/species/44/Dunnock-png200-951bb2cdb9ec585716907d8eac83882e.png","lQgGDwB9pneQhHlwWjeK2ZK6d/kdFaUA",11439229573,"https://media.birdweather.com/soundscapes/6891/6891-20260505-105902.flac",0,3,"birdnetpi"
7465645807,6891,"2026-05-05T12:53:57.000+02:00",0.76,0.999183833599091,9.36191635648293,"almost_certain","2p4",NA,51.5669,6.004,FALSE,35,"Eurasian Blackbird","Turdus merula","#ff65df","avian","https://media.birdweather.com/species/35/EurasianBlackbird-standard-618b3a5132c7c359fb2a2884c39deb39.jpg","https://media.birdweather.com/species/35/EurasianBlackbird-thumbnail-276878929bed08167d1fd9bf34d63d40.jpg","https://media.birdweather.com/species/35/EurasianBlackbird-png200-ba5a1b43225da4611cac429c52a52c81.png","GfkFFwKRmrx2ZYiaaQe69nlzScn3T7IA",11439087035,"https://media.birdweather.com/soundscapes/6891/6891-20260505-105357.flac",0,3,"birdnetpi"
7465633096,6891,"2026-05-05T12:53:21.000+02:00",0.75,0.999183833599091,9.33180525427821,"almost_certain","2p4",NA,51.5654,6.0019,FALSE,35,"Eurasian Blackbird","Turdus merula","#ff65df","avian","https://media.birdweather.com/species/35/EurasianBlackbird-standard-618b3a5132c7c359fb2a2884c39deb39.jpg","https://media.birdweather.com/species/35/EurasianBlackbird-thumbnail-276878929bed08167d1fd9bf34d63d40.jpg","https://media.birdweather.com/species/35/EurasianBlackbird-png200-ba5a1b43225da4611cac429c52a52c81.png","GfkFFwKRmrx2ZYiaaQe69nlzScn3T7IA",11439073346,"https://media.birdweather.com/soundscapes/6891/6891-20260505-105321.flac",0,3,"birdnetpi"
7465600346,6891,"2026-05-05T12:52:04.000+02:00",0.96,0.672991514205933,9.32163641536057,"almost_certain","2p4",NA,51.5642,6.0032,FALSE,44,"Dunnock","Prunella modularis","#fea614","avian","https://media.birdweather.com/species/44/Dunnock-standard-a705d7131240cedd1c407b5a19989591.jpg","https://media.birdweather.com/species/44/Dunnock-thumbnail-1036624855b82c96db4ad23d1ed9d702.jpg","https://media.birdweather.com/species/44/Dunnock-png200-951bb2cdb9ec585716907d8eac83882e.png","lQgGDwB9pneQhHlwWjeK2ZK6d/kdFaUA",11439036949,"https://media.birdweather.com/soundscapes/6891/6891-20260505-105204.flac",0,3,"birdnetpi"
7465592071,6891,"2026-05-05T12:51:41.000+02:00",0.87,0.999183833599091,9.65565788022621,"almost_certain","2p4",NA,51.5687,6.0029,FALSE,35,"Eurasian Blackbird","Turdus merula","#ff65df","avian","https://media.birdweather.com/species/35/EurasianBlackbird-standard-618b3a5132c7c359fb2a2884c39deb39.jpg","https://media.birdweather.com/species/35/EurasianBlackbird-thumbnail-276878929bed08167d1fd9bf34d63d40.jpg","https://media.birdweather.com/species/35/EurasianBlackbird-png200-ba5a1b43225da4611cac429c52a52c81.png","GfkFFwKRmrx2ZYiaaQe69nlzScn3T7IA",11439027482,"https://media.birdweather.com/soundscapes/6891/6891-20260505-105141.flac",0,3,"birdnetpi"
7465465061,6891,"2026-05-05T12:46:35.000+02:00",0.96,0.991870403289795,9.84654027042637,"almost_certain","2p4",NA,51.5665,6.0037,FALSE,25,"Common Chaffinch","Fringilla coelebs","#fb7eff","avian","https://media.birdweather.com/species/25/CommonChaffinch-standard-d8edb223d1ec828ee0cda788e8f5f209.jpg","https://media.birdweather.com/species/25/CommonChaffinch-thumbnail-7ba0a46bb0cd7efdb3215242f9528140.jpg","https://media.birdweather.com/species/25/CommonChaffinch-png200-ced617224ab07c316109e2d0e9078f2e.png","WfgJDwKGhIbAbHimmnhluHh2tv25ZoAD",11438886397,"https://media.birdweather.com/soundscapes/6891/6891-20260505-104635.flac",0,3,"birdnetpi"
7465456619,6891,"2026-05-05T12:46:23.000+02:00",1,0.991870403289795,9.92715175545779,"almost_certain","2p4",NA,51.5695,6.0015,FALSE,25,"Common Chaffinch","Fringilla coelebs","#fb7eff","avian","https://media.birdweather.com/species/25/CommonChaffinch-standard-d8edb223d1ec828ee0cda788e8f5f209.jpg","https://media.birdweather.com/species/25/CommonChaffinch-thumbnail-7ba0a46bb0cd7efdb3215242f9528140.jpg","https://media.birdweather.com/species/25/CommonChaffinch-png200-ced617224ab07c316109e2d0e9078f2e.png","WfgJDwKGhIbAbHimmnhluHh2tv25ZoAD",11438877217,"https://media.birdweather.com/soundscapes/6891/6891-20260505-104623.flac",0,3,"birdnetpi"
7465444989,6891,"2026-05-05T12:45:53.000+02:00",0.99,0.991870403289795,9.90743918514842,"almost_certain","2p4",NA,51.5686,6.0055,FALSE,25,"Common Chaffinch","Fringilla coelebs","#fb7eff","avian","https://media.birdweather.com/species/25/CommonChaffinch-standard-d8edb223d1ec828ee0cda788e8f5f209.jpg","https://media.birdweather.com/species/25/CommonChaffinch-thumbnail-7ba0a46bb0cd7efdb3215242f9528140.jpg","https://media.birdweather.com/species/25/CommonChaffinch-png200-ced617224ab07c316109e2d0e9078f2e.png","WfgJDwKGhIbAbHimmnhluHh2tv25ZoAD",11438864251,"https://media.birdweather.com/soundscapes/6891/6891-20260505-104553.flac",0,3,"birdnetpi"
7465430367,6891,"2026-05-05T12:45:12.000+02:00",0.92,0.997795641422272,9.7689659372839,"almost_certain","2p4",NA,51.562,6.0087,FALSE,407,"Common Wood-Pigeon","Columba palumbus","#028fb2","avian","https://media.birdweather.com/species/407/CommonWood-Pigeon-standard-5558900260c92622ceef8a812b06518e.jpg","https://media.birdweather.com/species/407/CommonWood-Pigeon-thumbnail-4b86c907c8b82c8af31d566b811dee05.jpg","https://media.birdweather.com/species/407/CommonWood-Pigeon-png200-533b13201573be3895fcec3e61e861b5.png","2ukFHwIHiYeWxnZUiniYZ3h5h6+rCIQH",11438848085,"https://media.birdweather.com/soundscapes/6891/6891-20260505-104512.flac",0,3,"birdnetpi"
7465418644,6891,"2026-05-05T12:44:44.000+02:00",0.86,0.997795641422272,9.62952364607928,"almost_certain","2p4",NA,51.5686,6.0057,FALSE,407,"Common Wood-Pigeon","Columba palumbus","#028fb2","avian","https://media.birdweather.com/species/407/CommonWood-Pigeon-standard-5558900260c92622ceef8a812b06518e.jpg","https://media.birdweather.com/species/407/CommonWood-Pigeon-thumbnail-4b86c907c8b82c8af31d566b811dee05.jpg","https://media.birdweather.com/species/407/CommonWood-Pigeon-png200-533b13201573be3895fcec3e61e861b5.png","2ukFHwIHiYeWxnZUiniYZ3h5h6+rCIQH",11438834668,"https://media.birdweather.com/soundscapes/6891/6891-20260505-104444.flac",0,3,"birdnetpi"
7465410634,6891,"2026-05-05T12:44:33.000+02:00",0.8,0.997795641422272,9.47426334720869,"almost_certain","2p4",NA,51.565,6.007,FALSE,407,"Common Wood-Pigeon","Columba palumbus","#028fb2","avian","https://media.birdweather.com/species/407/CommonWood-Pigeon-standard-5558900260c92622ceef8a812b06518e.jpg","https://media.birdweather.com/species/407/CommonWood-Pigeon-thumbnail-4b86c907c8b82c8af31d566b811dee05.jpg","https://media.birdweather.com/species/407/CommonWood-Pigeon-png200-533b13201573be3895fcec3e61e861b5.png","2ukFHwIHiYeWxnZUiniYZ3h5h6+rCIQH",11438825928,"https://media.birdweather.com/soundscapes/6891/6891-20260505-104433.flac",0,3,"birdnetpi"
7465402766,6891,"2026-05-05T12:44:15.000+02:00",0.96,0.991870403289795,9.84654027042637,"almost_certain","2p4",NA,51.5637,6.0072,FALSE,25,"Common Chaffinch","Fringilla coelebs","#fb7eff","avian","https://media.birdweather.com/species/25/CommonChaffinch-standard-d8edb223d1ec828ee0cda788e8f5f209.jpg","https://media.birdweather.com/species/25/CommonChaffinch-thumbnail-7ba0a46bb0cd7efdb3215242f9528140.jpg","https://media.birdweather.com/species/25/CommonChaffinch-png200-ced617224ab07c316109e2d0e9078f2e.png","WfgJDwKGhIbAbHimmnhluHh2tv25ZoAD",11438817566,"https://media.birdweather.com/soundscapes/6891/6891-20260505-104415.flac",0,3,"birdnetpi"
7465401435,6891,"2026-05-05T12:44:04.000+02:00",0.71,0.997795641422272,9.20238556115703,"almost_certain","2p4",NA,51.5647,6.0086,FALSE,407,"Common Wood-Pigeon","Columba palumbus","#028fb2","avian","https://media.birdweather.com/species/407/CommonWood-Pigeon-standard-5558900260c92622ceef8a812b06518e.jpg","https://media.birdweather.com/species/407/CommonWood-Pigeon-thumbnail-4b86c907c8b82c8af31d566b811dee05.jpg","https://media.birdweather.com/species/407/CommonWood-Pigeon-png200-533b13201573be3895fcec3e61e861b5.png","2ukFHwIHiYeWxnZUiniYZ3h5h6+rCIQH",11438816142,"https://media.birdweather.com/soundscapes/6891/6891-20260505-104404.flac",0,3,"birdnetpi"
7465388553,6891,"2026-05-05T12:43:39.000+02:00",0.88,0.997795641422272,9.67759875422072,"almost_certain","2p4",NA,51.5673,6.0011,FALSE,407,"Common Wood-Pigeon","Columba palumbus","#028fb2","avian","https://media.birdweather.com/species/407/CommonWood-Pigeon-standard-5558900260c92622ceef8a812b06518e.jpg","https://media.birdweather.com/species/407/CommonWood-Pigeon-thumbnail-4b86c907c8b82c8af31d566b811dee05.jpg","https://media.birdweather.com/species/407/CommonWood-Pigeon-png200-533b13201573be3895fcec3e61e861b5.png","2ukFHwIHiYeWxnZUiniYZ3h5h6+rCIQH",11438801217,"https://media.birdweather.com/soundscapes/6891/6891-20260505-104339.flac",0,3,"birdnetpi"
7465386465,6891,"2026-05-05T12:43:27.000+02:00",0.88,0.991870403289795,9.66952019829877,"almost_certain","2p4",NA,51.5634,6.0045,FALSE,25,"Common Chaffinch","Fringilla coelebs","#fb7eff","avian","https://media.birdweather.com/species/25/CommonChaffinch-standard-d8edb223d1ec828ee0cda788e8f5f209.jpg","https://media.birdweather.com/species/25/CommonChaffinch-thumbnail-7ba0a46bb0cd7efdb3215242f9528140.jpg","https://media.birdweather.com/species/25/CommonChaffinch-png200-ced617224ab07c316109e2d0e9078f2e.png","WfgJDwKGhIbAbHimmnhluHh2tv25ZoAD",11438798818,"https://media.birdweather.com/soundscapes/6891/6891-20260505-104327.flac",0,3,"birdnetpi"
7465381208,6891,"2026-05-05T12:43:15.000+02:00",0.9,0.997795641422272,9.7240438800164,"almost_certain","2p4",NA,51.5642,6.0041,FALSE,407,"Common Wood-Pigeon","Columba palumbus","#028fb2","avian","https://media.birdweather.com/species/407/CommonWood-Pigeon-standard-5558900260c92622ceef8a812b06518e.jpg","https://media.birdweather.com/species/407/CommonWood-Pigeon-thumbnail-4b86c907c8b82c8af31d566b811dee05.jpg","https://media.birdweather.com/species/407/CommonWood-Pigeon-png200-533b13201573be3895fcec3e61e861b5.png","2ukFHwIHiYeWxnZUiniYZ3h5h6+rCIQH",11438793333,"https://media.birdweather.com/soundscapes/6891/6891-20260505-104315.flac",0,3,"birdnetpi"
7465369826,6891,"2026-05-05T12:42:46.000+02:00",0.97,0.991870403289795,9.86714216241579,"almost_certain","2p4",NA,51.5635,6.0086,FALSE,25,"Common Chaffinch","Fringilla coelebs","#fb7eff","avian","https://media.birdweather.com/species/25/CommonChaffinch-standard-d8edb223d1ec828ee0cda788e8f5f209.jpg","https://media.birdweather.com/species/25/CommonChaffinch-thumbnail-7ba0a46bb0cd7efdb3215242f9528140.jpg","https://media.birdweather.com/species/25/CommonChaffinch-png200-ced617224ab07c316109e2d0e9078f2e.png","WfgJDwKGhIbAbHimmnhluHh2tv25ZoAD",11438780338,"https://media.birdweather.com/soundscapes/6891/6891-20260505-104246.flac",0,3,"birdnetpi"
7465359118,6891,"2026-05-05T12:42:22.000+02:00",0.81,0.991870403289795,9.4933143906825,"almost_certain","2p4",NA,51.5674,6.0027,FALSE,25,"Common Chaffinch","Fringilla coelebs","#fb7eff","avian","https://media.birdweather.com/species/25/CommonChaffinch-standard-d8edb223d1ec828ee0cda788e8f5f209.jpg","https://media.birdweather.com/species/25/CommonChaffinch-thumbnail-7ba0a46bb0cd7efdb3215242f9528140.jpg","https://media.birdweather.com/species/25/CommonChaffinch-png200-ced617224ab07c316109e2d0e9078f2e.png","WfgJDwKGhIbAbHimmnhluHh2tv25ZoAD",11438768283,"https://media.birdweather.com/soundscapes/6891/6891-20260505-104222.flac",0,3,"birdnetpi"
7465325871,6891,"2026-05-05T12:40:59.000+02:00",0.97,0.997795641422272,9.87522071833775,"almost_certain","2p4",NA,51.567,6.002,FALSE,407,"Common Wood-Pigeon","Columba palumbus","#028fb2","avian","https://media.birdweather.com/species/407/CommonWood-Pigeon-standard-5558900260c92622ceef8a812b06518e.jpg","https://media.birdweather.com/species/407/CommonWood-Pigeon-thumbnail-4b86c907c8b82c8af31d566b811dee05.jpg","https://media.birdweather.com/species/407/CommonWood-Pigeon-png200-533b13201573be3895fcec3e61e861b5.png","2ukFHwIHiYeWxnZUiniYZ3h5h6+rCIQH",11438730666,"https://media.birdweather.com/soundscapes/6891/6891-20260505-104059.flac",0,3,"birdnetpi"
7465306424,6891,"2026-05-05T12:40:12.000+02:00",0.98,0.997795641422272,9.89551738586339,"almost_certain","2p4",NA,51.5617,6.0031,FALSE,407,"Common Wood-Pigeon","Columba palumbus","#028fb2","avian","https://media.birdweather.com/species/407/CommonWood-Pigeon-standard-5558900260c92622ceef8a812b06518e.jpg","https://media.birdweather.com/species/407/CommonWood-Pigeon-thumbnail-4b86c907c8b82c8af31d566b811dee05.jpg","https://media.birdweather.com/species/407/CommonWood-Pigeon-png200-533b13201573be3895fcec3e61e861b5.png","2ukFHwIHiYeWxnZUiniYZ3h5h6+rCIQH",11438708867,"https://media.birdweather.com/soundscapes/6891/6891-20260505-104012.flac",0,3,"birdnetpi"
7465296608,6891,"2026-05-05T12:39:58.000+02:00",0.92,0.997795641422272,9.7689659372839,"almost_certain","2p4",NA,51.5633,6.0086,FALSE,407,"Common Wood-Pigeon","Columba palumbus","#028fb2","avian","https://media.birdweather.com/species/407/CommonWood-Pigeon-standard-5558900260c92622ceef8a812b06518e.jpg","https://media.birdweather.com/species/407/CommonWood-Pigeon-thumbnail-4b86c907c8b82c8af31d566b811dee05.jpg","https://media.birdweather.com/species/407/CommonWood-Pigeon-png200-533b13201573be3895fcec3e61e861b5.png","2ukFHwIHiYeWxnZUiniYZ3h5h6+rCIQH",11438697704,"https://media.birdweather.com/soundscapes/6891/6891-20260505-103958.flac",0,3,"birdnetpi"
7465290426,6891,"2026-05-05T12:39:34.000+02:00",0.94,0.999183833599091,9.81434746749562,"almost_certain","2p4",NA,51.5668,6.0027,FALSE,35,"Eurasian Blackbird","Turdus merula","#ff65df","avian","https://media.birdweather.com/species/35/EurasianBlackbird-standard-618b3a5132c7c359fb2a2884c39deb39.jpg","https://media.birdweather.com/species/35/EurasianBlackbird-thumbnail-276878929bed08167d1fd9bf34d63d40.jpg","https://media.birdweather.com/species/35/EurasianBlackbird-png200-ba5a1b43225da4611cac429c52a52c81.png","GfkFFwKRmrx2ZYiaaQe69nlzScn3T7IA",11438690733,"https://media.birdweather.com/soundscapes/6891/6891-20260505-103934.flac",0,3,"birdnetpi"
7465284213,6891,"2026-05-05T12:39:24.000+02:00",0.96,0.997795641422272,9.85461882634833,"almost_certain","2p4",NA,51.5639,6.0068,FALSE,407,"Common Wood-Pigeon","Columba palumbus","#028fb2","avian","https://media.birdweather.com/species/407/CommonWood-Pigeon-standard-5558900260c92622ceef8a812b06518e.jpg","https://media.birdweather.com/species/407/CommonWood-Pigeon-thumbnail-4b86c907c8b82c8af31d566b811dee05.jpg","https://media.birdweather.com/species/407/CommonWood-Pigeon-png200-533b13201573be3895fcec3e61e861b5.png","2ukFHwIHiYeWxnZUiniYZ3h5h6+rCIQH",11438683966,"https://media.birdweather.com/soundscapes/6891/6891-20260505-103924.flac",0,3,"birdnetpi"
7465131348,6891,"2026-05-05T12:33:17.000+02:00",0.99,0.991870403289795,9.90743918514842,"almost_certain","2p4",NA,51.5661,6.0063,FALSE,25,"Common Chaffinch","Fringilla coelebs","#fb7eff","avian","https://media.birdweather.com/species/25/CommonChaffinch-standard-d8edb223d1ec828ee0cda788e8f5f209.jpg","https://media.birdweather.com/species/25/CommonChaffinch-thumbnail-7ba0a46bb0cd7efdb3215242f9528140.jpg","https://media.birdweather.com/species/25/CommonChaffinch-png200-ced617224ab07c316109e2d0e9078f2e.png","WfgJDwKGhIbAbHimmnhluHh2tv25ZoAD",11438515848,"https://media.birdweather.com/soundscapes/6891/6891-20260505-103317.flac",0,3,"birdnetpi"
7465119791,6891,"2026-05-05T12:32:53.000+02:00",0.98,0.991870403289795,9.88743882994144,"almost_certain","2p4",NA,51.5695,6.008,FALSE,25,"Common Chaffinch","Fringilla coelebs","#fb7eff","avian","https://media.birdweather.com/species/25/CommonChaffinch-standard-d8edb223d1ec828ee0cda788e8f5f209.jpg","https://media.birdweather.com/species/25/CommonChaffinch-thumbnail-7ba0a46bb0cd7efdb3215242f9528140.jpg","https://media.birdweather.com/species/25/CommonChaffinch-png200-ced617224ab07c316109e2d0e9078f2e.png","WfgJDwKGhIbAbHimmnhluHh2tv25ZoAD",11438502913,"https://media.birdweather.com/soundscapes/6891/6891-20260505-103253.flac",0,3,"birdnetpi"
7465112184,6891,"2026-05-05T12:32:37.000+02:00",0.94,0.991870403289795,9.80438309805292,"almost_certain","2p4",NA,51.5698,6.0009,FALSE,25,"Common Chaffinch","Fringilla coelebs","#fb7eff","avian","https://media.birdweather.com/species/25/CommonChaffinch-standard-d8edb223d1ec828ee0cda788e8f5f209.jpg","https://media.birdweather.com/species/25/CommonChaffinch-thumbnail-7ba0a46bb0cd7efdb3215242f9528140.jpg","https://media.birdweather.com/species/25/CommonChaffinch-png200-ced617224ab07c316109e2d0e9078f2e.png","WfgJDwKGhIbAbHimmnhluHh2tv25ZoAD",11438494680,"https://media.birdweather.com/soundscapes/6891/6891-20260505-103237.flac",0,3,"birdnetpi"
7465100941,6891,"2026-05-05T12:32:14.000+02:00",0.78,0.991870403289795,9.41025865879398,"almost_certain","2p4",NA,51.5621,6.0034,FALSE,25,"Common Chaffinch","Fringilla coelebs","#fb7eff","avian","https://media.birdweather.com/species/25/CommonChaffinch-standard-d8edb223d1ec828ee0cda788e8f5f209.jpg","https://media.birdweather.com/species/25/CommonChaffinch-thumbnail-7ba0a46bb0cd7efdb3215242f9528140.jpg","https://media.birdweather.com/species/25/CommonChaffinch-png200-ced617224ab07c316109e2d0e9078f2e.png","WfgJDwKGhIbAbHimmnhluHh2tv25ZoAD",11438482488,"https://media.birdweather.com/soundscapes/6891/6891-20260505-103214.flac",0,3,"birdnetpi"
7465092490,6891,"2026-05-05T12:31:50.000+02:00",0.85,0.991870403289795,9.59675973761866,"almost_certain","2p4",NA,51.5669,6.0066,FALSE,25,"Common Chaffinch","Fringilla coelebs","#fb7eff","avian","https://media.birdweather.com/species/25/CommonChaffinch-standard-d8edb223d1ec828ee0cda788e8f5f209.jpg","https://media.birdweather.com/species/25/CommonChaffinch-thumbnail-7ba0a46bb0cd7efdb3215242f9528140.jpg","https://media.birdweather.com/species/25/CommonChaffinch-png200-ced617224ab07c316109e2d0e9078f2e.png","WfgJDwKGhIbAbHimmnhluHh2tv25ZoAD",11438472684,"https://media.birdweather.com/soundscapes/6891/6891-20260505-103150.flac",0,3,"birdnetpi"
7465093574,6891,"2026-05-05T12:31:47.000+02:00",0.98,0.672991514205933,9.36253497487563,"almost_certain","2p4",NA,51.5615,6.007,FALSE,44,"Dunnock","Prunella modularis","#fea614","avian","https://media.birdweather.com/species/44/Dunnock-standard-a705d7131240cedd1c407b5a19989591.jpg","https://media.birdweather.com/species/44/Dunnock-thumbnail-1036624855b82c96db4ad23d1ed9d702.jpg","https://media.birdweather.com/species/44/Dunnock-png200-951bb2cdb9ec585716907d8eac83882e.png","lQgGDwB9pneQhHlwWjeK2ZK6d/kdFaUA",11438474028,"https://media.birdweather.com/soundscapes/6891/6891-20260505-103147.flac",0,3,"birdnetpi"
7465083678,6891,"2026-05-05T12:31:29.000+02:00",1,0.672991514205933,9.40224790039199,"almost_certain","2p4",NA,51.563,6.0038,FALSE,44,"Dunnock","Prunella modularis","#fea614","avian","https://media.birdweather.com/species/44/Dunnock-standard-a705d7131240cedd1c407b5a19989591.jpg","https://media.birdweather.com/species/44/Dunnock-thumbnail-1036624855b82c96db4ad23d1ed9d702.jpg","https://media.birdweather.com/species/44/Dunnock-png200-951bb2cdb9ec585716907d8eac83882e.png","lQgGDwB9pneQhHlwWjeK2ZK6d/kdFaUA",11438463008,"https://media.birdweather.com/soundscapes/6891/6891-20260505-103129.flac",0,3,"birdnetpi"
7465079737,6891,"2026-05-05T12:31:20.000+02:00",0.9,0.991870403289795,9.71596532409445,"almost_certain","2p4",NA,51.5665,6.0079,FALSE,25,"Common Chaffinch","Fringilla coelebs","#fb7eff","avian","https://media.birdweather.com/species/25/CommonChaffinch-standard-d8edb223d1ec828ee0cda788e8f5f209.jpg","https://media.birdweather.com/species/25/CommonChaffinch-thumbnail-7ba0a46bb0cd7efdb3215242f9528140.jpg","https://media.birdweather.com/species/25/CommonChaffinch-png200-ced617224ab07c316109e2d0e9078f2e.png","WfgJDwKGhIbAbHimmnhluHh2tv25ZoAD",11438458826,"https://media.birdweather.com/soundscapes/6891/6891-20260505-103120.flac",0,3,"birdnetpi"
7465070615,6891,"2026-05-05T12:30:53.000+02:00",0.92,0.672991514205933,9.23598352629614,"almost_certain","2p4",NA,51.5694,6.006,FALSE,44,"Dunnock","Prunella modularis","#fea614","avian","https://media.birdweather.com/species/44/Dunnock-standard-a705d7131240cedd1c407b5a19989591.jpg","https://media.birdweather.com/species/44/Dunnock-thumbnail-1036624855b82c96db4ad23d1ed9d702.jpg","https://media.birdweather.com/species/44/Dunnock-png200-951bb2cdb9ec585716907d8eac83882e.png","lQgGDwB9pneQhHlwWjeK2ZK6d/kdFaUA",11438448633,"https://media.birdweather.com/soundscapes/6891/6891-20260505-103053.flac",0,3,"birdnetpi"
7465061666,6891,"2026-05-05T12:30:38.000+02:00",1,0.672991514205933,9.40224790039199,"almost_certain","2p4",NA,51.5695,6.001,FALSE,44,"Dunnock","Prunella modularis","#fea614","avian","https://media.birdweather.com/species/44/Dunnock-standard-a705d7131240cedd1c407b5a19989591.jpg","https://media.birdweather.com/species/44/Dunnock-thumbnail-1036624855b82c96db4ad23d1ed9d702.jpg","https://media.birdweather.com/species/44/Dunnock-png200-951bb2cdb9ec585716907d8eac83882e.png","lQgGDwB9pneQhHlwWjeK2ZK6d/kdFaUA",11438438831,"https://media.birdweather.com/soundscapes/6891/6891-20260505-103038.flac",0,3,"birdnetpi"
7465055337,6891,"2026-05-05T12:30:18.000+02:00",0.95,0.991870403289795,9.82562383360719,"almost_certain","2p4",NA,51.565,6.0043,FALSE,25,"Common Chaffinch","Fringilla coelebs","#fb7eff","avian","https://media.birdweather.com/species/25/CommonChaffinch-standard-d8edb223d1ec828ee0cda788e8f5f209.jpg","https://media.birdweather.com/species/25/CommonChaffinch-thumbnail-7ba0a46bb0cd7efdb3215242f9528140.jpg","https://media.birdweather.com/species/25/CommonChaffinch-png200-ced617224ab07c316109e2d0e9078f2e.png","WfgJDwKGhIbAbHimmnhluHh2tv25ZoAD",11438431874,"https://media.birdweather.com/soundscapes/6891/6891-20260505-103018.flac",0,3,"birdnetpi"
7465048705,6891,"2026-05-05T12:30:03.000+02:00",0.85,0.991870403289795,9.59675973761866,"almost_certain","2p4",NA,51.5648,6.0049,FALSE,25,"Common Chaffinch","Fringilla coelebs","#fb7eff","avian","https://media.birdweather.com/species/25/CommonChaffinch-standard-d8edb223d1ec828ee0cda788e8f5f209.jpg","https://media.birdweather.com/species/25/CommonChaffinch-thumbnail-7ba0a46bb0cd7efdb3215242f9528140.jpg","https://media.birdweather.com/species/25/CommonChaffinch-png200-ced617224ab07c316109e2d0e9078f2e.png","WfgJDwKGhIbAbHimmnhluHh2tv25ZoAD",11438424889,"https://media.birdweather.com/soundscapes/6891/6891-20260505-103003.flac",0,3,"birdnetpi"
7465039129,6891,"2026-05-05T12:29:45.000+02:00",0.98,0.991870403289795,9.88743882994144,"almost_certain","2p4",NA,51.5692,6.0059,FALSE,25,"Common Chaffinch","Fringilla coelebs","#fb7eff","avian","https://media.birdweather.com/species/25/CommonChaffinch-standard-d8edb223d1ec828ee0cda788e8f5f209.jpg","https://media.birdweather.com/species/25/CommonChaffinch-thumbnail-7ba0a46bb0cd7efdb3215242f9528140.jpg","https://media.birdweather.com/species/25/CommonChaffinch-png200-ced617224ab07c316109e2d0e9078f2e.png","WfgJDwKGhIbAbHimmnhluHh2tv25ZoAD",11438413772,"https://media.birdweather.com/soundscapes/6891/6891-20260505-102945.flac",0,3,"birdnetpi"
7465032489,6891,"2026-05-05T12:29:24.000+02:00",0.96,0.991870403289795,9.84654027042637,"almost_certain","2p4",NA,51.5682,6.0035,FALSE,25,"Common Chaffinch","Fringilla coelebs","#fb7eff","avian","https://media.birdweather.com/species/25/CommonChaffinch-standard-d8edb223d1ec828ee0cda788e8f5f209.jpg","https://media.birdweather.com/species/25/CommonChaffinch-thumbnail-7ba0a46bb0cd7efdb3215242f9528140.jpg","https://media.birdweather.com/species/25/CommonChaffinch-png200-ced617224ab07c316109e2d0e9078f2e.png","WfgJDwKGhIbAbHimmnhluHh2tv25ZoAD",11438406776,"https://media.birdweather.com/soundscapes/6891/6891-20260505-102924.flac",0,3,"birdnetpi"
7465020325,6891,"2026-05-05T12:28:55.000+02:00",0.86,0.991870403289795,9.62144509015732,"almost_certain","2p4",NA,51.5619,6.0044,FALSE,25,"Common Chaffinch","Fringilla coelebs","#fb7eff","avian","https://media.birdweather.com/species/25/CommonChaffinch-standard-d8edb223d1ec828ee0cda788e8f5f209.jpg","https://media.birdweather.com/species/25/CommonChaffinch-thumbnail-7ba0a46bb0cd7efdb3215242f9528140.jpg","https://media.birdweather.com/species/25/CommonChaffinch-png200-ced617224ab07c316109e2d0e9078f2e.png","WfgJDwKGhIbAbHimmnhluHh2tv25ZoAD",11438393273,"https://media.birdweather.com/soundscapes/6891/6891-20260505-102855.flac",0,3,"birdnetpi"
7465013587,6891,"2026-05-05T12:28:37.000+02:00",0.94,0.991870403289795,9.80438309805292,"almost_certain","2p4",NA,51.5635,6.0047,FALSE,25,"Common Chaffinch","Fringilla coelebs","#fb7eff","avian","https://media.birdweather.com/species/25/CommonChaffinch-standard-d8edb223d1ec828ee0cda788e8f5f209.jpg","https://media.birdweather.com/species/25/CommonChaffinch-thumbnail-7ba0a46bb0cd7efdb3215242f9528140.jpg","https://media.birdweather.com/species/25/CommonChaffinch-png200-ced617224ab07c316109e2d0e9078f2e.png","WfgJDwKGhIbAbHimmnhluHh2tv25ZoAD",11438385838,"https://media.birdweather.com/soundscapes/6891/6891-20260505-102837.flac",0,3,"birdnetpi"
7465005042,6891,"2026-05-05T12:28:17.000+02:00",0.84,0.991870403289795,9.57162141764323,"almost_certain","2p4",NA,51.5676,6.0091,FALSE,25,"Common Chaffinch","Fringilla coelebs","#fb7eff","avian","https://media.birdweather.com/species/25/CommonChaffinch-standard-d8edb223d1ec828ee0cda788e8f5f209.jpg","https://media.birdweather.com/species/25/CommonChaffinch-thumbnail-7ba0a46bb0cd7efdb3215242f9528140.jpg","https://media.birdweather.com/species/25/CommonChaffinch-png200-ced617224ab07c316109e2d0e9078f2e.png","WfgJDwKGhIbAbHimmnhluHh2tv25ZoAD",11438376579,"https://media.birdweather.com/soundscapes/6891/6891-20260505-102817.flac",0,3,"birdnetpi"
7464993778,6891,"2026-05-05T12:27:55.000+02:00",0.97,0.991870403289795,9.86714216241579,"almost_certain","2p4",NA,51.5672,6.0013,FALSE,25,"Common Chaffinch","Fringilla coelebs","#fb7eff","avian","https://media.birdweather.com/species/25/CommonChaffinch-standard-d8edb223d1ec828ee0cda788e8f5f209.jpg","https://media.birdweather.com/species/25/CommonChaffinch-thumbnail-7ba0a46bb0cd7efdb3215242f9528140.jpg","https://media.birdweather.com/species/25/CommonChaffinch-png200-ced617224ab07c316109e2d0e9078f2e.png","WfgJDwKGhIbAbHimmnhluHh2tv25ZoAD",11438364039,"https://media.birdweather.com/soundscapes/6891/6891-20260505-102755.flac",0,3,"birdnetpi"
7464992324,6891,"2026-05-05T12:27:46.000+02:00",0.99,0.672991514205933,9.38253533008261,"almost_certain","2p4",NA,51.5699,6.0073,FALSE,44,"Dunnock","Prunella modularis","#fea614","avian","https://media.birdweather.com/species/44/Dunnock-standard-a705d7131240cedd1c407b5a19989591.jpg","https://media.birdweather.com/species/44/Dunnock-thumbnail-1036624855b82c96db4ad23d1ed9d702.jpg","https://media.birdweather.com/species/44/Dunnock-png200-951bb2cdb9ec585716907d8eac83882e.png","lQgGDwB9pneQhHlwWjeK2ZK6d/kdFaUA",11438362224,"https://media.birdweather.com/soundscapes/6891/6891-20260505-102746.flac",0,3,"birdnetpi"
7464984413,6891,"2026-05-05T12:27:32.000+02:00",0.98,0.991870403289795,9.88743882994144,"almost_certain","2p4",NA,51.5663,6.0023,FALSE,25,"Common Chaffinch","Fringilla coelebs","#fb7eff","avian","https://media.birdweather.com/species/25/CommonChaffinch-standard-d8edb223d1ec828ee0cda788e8f5f209.jpg","https://media.birdweather.com/species/25/CommonChaffinch-thumbnail-7ba0a46bb0cd7efdb3215242f9528140.jpg","https://media.birdweather.com/species/25/CommonChaffinch-png200-ced617224ab07c316109e2d0e9078f2e.png","WfgJDwKGhIbAbHimmnhluHh2tv25ZoAD",11438353421,"https://media.birdweather.com/soundscapes/6891/6891-20260505-102732.flac",0,3,"birdnetpi"
7464867934,6891,"2026-05-05T12:22:49.000+02:00",0.96,0.556647181510925,9.06579497078562,"almost_certain","2p4",NA,51.5701,6.0057,FALSE,294,"European Greenfinch","Chloris chloris","#fea614","avian","https://media.birdweather.com/species/294/EuropeanGreenfinch-standard-34aa36357c06fbf52af390917f29436b.jpg","https://media.birdweather.com/species/294/EuropeanGreenfinch-thumbnail-7466d93ab9340d75d4eec2ca6eeed529.jpg","https://media.birdweather.com/species/294/EuropeanGreenfinch-png200-8b2951bb918db1cbed643a9530efa558.png","FRkGHwJYqWeEd4ifapeoh4ZriPUnaG8B",11438223389,"https://media.birdweather.com/soundscapes/6891/6891-20260505-102249.flac",0,3,"birdnetpi"
7464836499,6891,"2026-05-05T12:21:39.000+02:00",0.72,0.991870403289795,9.22732065089838,"almost_certain","2p4",NA,51.5665,6.0078,FALSE,25,"Common Chaffinch","Fringilla coelebs","#fb7eff","avian","https://media.birdweather.com/species/25/CommonChaffinch-standard-d8edb223d1ec828ee0cda788e8f5f209.jpg","https://media.birdweather.com/species/25/CommonChaffinch-thumbnail-7ba0a46bb0cd7efdb3215242f9528140.jpg","https://media.birdweather.com/species/25/CommonChaffinch-png200-ced617224ab07c316109e2d0e9078f2e.png","WfgJDwKGhIbAbHimmnhluHh2tv25ZoAD",11438188160,"https://media.birdweather.com/soundscapes/6891/6891-20260505-102139.flac",0,3,"birdnetpi"
7464828910,6891,"2026-05-05T12:21:14.000+02:00",0.74,0.991870403289795,9.29105307231819,"almost_certain","2p4",NA,51.5699,6.0072,FALSE,25,"Common Chaffinch","Fringilla coelebs","#fb7eff","avian","https://media.birdweather.com/species/25/CommonChaffinch-standard-d8edb223d1ec828ee0cda788e8f5f209.jpg","https://media.birdweather.com/species/25/CommonChaffinch-thumbnail-7ba0a46bb0cd7efdb3215242f9528140.jpg","https://media.birdweather.com/species/25/CommonChaffinch-png200-ced617224ab07c316109e2d0e9078f2e.png","WfgJDwKGhIbAbHimmnhluHh2tv25ZoAD",11438179757,"https://media.birdweather.com/soundscapes/6891/6891-20260505-102114.flac",0,3,"birdnetpi"
7464798241,6891,"2026-05-05T12:19:58.000+02:00",0.94,0.991870403289795,9.80438309805292,"almost_certain","2p4",NA,51.5618,6.0078,FALSE,25,"Common Chaffinch","Fringilla coelebs","#fb7eff","avian","https://media.birdweather.com/species/25/CommonChaffinch-standard-d8edb223d1ec828ee0cda788e8f5f209.jpg","https://media.birdweather.com/species/25/CommonChaffinch-thumbnail-7ba0a46bb0cd7efdb3215242f9528140.jpg","https://media.birdweather.com/species/25/CommonChaffinch-png200-ced617224ab07c316109e2d0e9078f2e.png","WfgJDwKGhIbAbHimmnhluHh2tv25ZoAD",11438145021,"https://media.birdweather.com/soundscapes/6891/6891-20260505-101958.flac",0,3,"birdnetpi"
7464776571,6891,"2026-05-05T12:19:13.000+02:00",0.9,0.991870403289795,9.71596532409445,"almost_certain","2p4",NA,51.5637,6.0045,FALSE,25,"Common Chaffinch","Fringilla coelebs","#fb7eff","avian","https://media.birdweather.com/species/25/CommonChaffinch-standard-d8edb223d1ec828ee0cda788e8f5f209.jpg","https://media.birdweather.com/species/25/CommonChaffinch-thumbnail-7ba0a46bb0cd7efdb3215242f9528140.jpg","https://media.birdweather.com/species/25/CommonChaffinch-png200-ced617224ab07c316109e2d0e9078f2e.png","WfgJDwKGhIbAbHimmnhluHh2tv25ZoAD",11438120434,"https://media.birdweather.com/soundscapes/6891/6891-20260505-101913.flac",0,3,"birdnetpi"
7464769475,6891,"2026-05-05T12:18:47.000+02:00",0.71,0.991870403289795,9.19430700523507,"almost_certain","2p4",NA,51.5674,6.0044,FALSE,25,"Common Chaffinch","Fringilla coelebs","#fb7eff","avian","https://media.birdweather.com/species/25/CommonChaffinch-standard-d8edb223d1ec828ee0cda788e8f5f209.jpg","https://media.birdweather.com/species/25/CommonChaffinch-thumbnail-7ba0a46bb0cd7efdb3215242f9528140.jpg","https://media.birdweather.com/species/25/CommonChaffinch-png200-ced617224ab07c316109e2d0e9078f2e.png","WfgJDwKGhIbAbHimmnhluHh2tv25ZoAD",11438112115,"https://media.birdweather.com/soundscapes/6891/6891-20260505-101847.flac",0,3,"birdnetpi"
7464760472,6891,"2026-05-05T12:18:28.000+02:00",0.99,0.991870403289795,9.90743918514842,"almost_certain","2p4",NA,51.5642,6.0055,FALSE,25,"Common Chaffinch","Fringilla coelebs","#fb7eff","avian","https://media.birdweather.com/species/25/CommonChaffinch-standard-d8edb223d1ec828ee0cda788e8f5f209.jpg","https://media.birdweather.com/species/25/CommonChaffinch-thumbnail-7ba0a46bb0cd7efdb3215242f9528140.jpg","https://media.birdweather.com/species/25/CommonChaffinch-png200-ced617224ab07c316109e2d0e9078f2e.png","WfgJDwKGhIbAbHimmnhluHh2tv25ZoAD",11438101986,"https://media.birdweather.com/soundscapes/6891/6891-20260505-101828.flac",0,3,"birdnetpi"
7464749369,6891,"2026-05-05T12:18:08.000+02:00",0.97,0.991870403289795,9.86714216241579,"almost_certain","2p4",NA,51.5644,6.0052,FALSE,25,"Common Chaffinch","Fringilla coelebs","#fb7eff","avian","https://media.birdweather.com/species/25/CommonChaffinch-standard-d8edb223d1ec828ee0cda788e8f5f209.jpg","https://media.birdweather.com/species/25/CommonChaffinch-thumbnail-7ba0a46bb0cd7efdb3215242f9528140.jpg","https://media.birdweather.com/species/25/CommonChaffinch-png200-ced617224ab07c316109e2d0e9078f2e.png","WfgJDwKGhIbAbHimmnhluHh2tv25ZoAD",11438089787,"https://media.birdweather.com/soundscapes/6891/6891-20260505-101808.flac",0,3,"birdnetpi"
7464738558,6891,"2026-05-05T12:17:43.000+02:00",0.98,0.991870403289795,9.88743882994144,"almost_certain","2p4",NA,51.5679,6.0007,FALSE,25,"Common Chaffinch","Fringilla coelebs","#fb7eff","avian","https://media.birdweather.com/species/25/CommonChaffinch-standard-d8edb223d1ec828ee0cda788e8f5f209.jpg","https://media.birdweather.com/species/25/CommonChaffinch-thumbnail-7ba0a46bb0cd7efdb3215242f9528140.jpg","https://media.birdweather.com/species/25/CommonChaffinch-png200-ced617224ab07c316109e2d0e9078f2e.png","WfgJDwKGhIbAbHimmnhluHh2tv25ZoAD",11438077256,"https://media.birdweather.com/soundscapes/6891/6891-20260505-101743.flac",0,3,"birdnetpi"
7464727892,6891,"2026-05-05T12:17:08.000+02:00",0.91,0.991870403289795,9.73861046776761,"almost_certain","2p4",NA,51.568,6.0074,FALSE,25,"Common Chaffinch","Fringilla coelebs","#fb7eff","avian","https://media.birdweather.com/species/25/CommonChaffinch-standard-d8edb223d1ec828ee0cda788e8f5f209.jpg","https://media.birdweather.com/species/25/CommonChaffinch-thumbnail-7ba0a46bb0cd7efdb3215242f9528140.jpg","https://media.birdweather.com/species/25/CommonChaffinch-png200-ced617224ab07c316109e2d0e9078f2e.png","WfgJDwKGhIbAbHimmnhluHh2tv25ZoAD",11438064723,"https://media.birdweather.com/soundscapes/6891/6891-20260505-101708.flac",0,3,"birdnetpi"
7464723309,6891,"2026-05-05T12:16:59.000+02:00",0.98,0.991870403289795,9.88743882994144,"almost_certain","2p4",NA,51.5689,6.0089,FALSE,25,"Common Chaffinch","Fringilla coelebs","#fb7eff","avian","https://media.birdweather.com/species/25/CommonChaffinch-standard-d8edb223d1ec828ee0cda788e8f5f209.jpg","https://media.birdweather.com/species/25/CommonChaffinch-thumbnail-7ba0a46bb0cd7efdb3215242f9528140.jpg","https://media.birdweather.com/species/25/CommonChaffinch-png200-ced617224ab07c316109e2d0e9078f2e.png","WfgJDwKGhIbAbHimmnhluHh2tv25ZoAD",11438057815,"https://media.birdweather.com/soundscapes/6891/6891-20260505-101659.flac",0,3,"birdnetpi"
7464713726,6891,"2026-05-05T12:16:35.000+02:00",0.96,0.991870403289795,9.84654027042637,"almost_certain","2p4",NA,51.5676,6.001,FALSE,25,"Common Chaffinch","Fringilla coelebs","#fb7eff","avian","https://media.birdweather.com/species/25/CommonChaffinch-standard-d8edb223d1ec828ee0cda788e8f5f209.jpg","https://media.birdweather.com/species/25/CommonChaffinch-thumbnail-7ba0a46bb0cd7efdb3215242f9528140.jpg","https://media.birdweather.com/species/25/CommonChaffinch-png200-ced617224ab07c316109e2d0e9078f2e.png","WfgJDwKGhIbAbHimmnhluHh2tv25ZoAD",11438046219,"https://media.birdweather.com/soundscapes/6891/6891-20260505-101635.flac",0,3,"birdnetpi"
7464703435,6891,"2026-05-05T12:16:01.000+02:00",0.92,0.991870403289795,9.76088738136195,"almost_certain","2p4",NA,51.5701,6.0067,FALSE,25,"Common Chaffinch","Fringilla coelebs","#fb7eff","avian","https://media.birdweather.com/species/25/CommonChaffinch-standard-d8edb223d1ec828ee0cda788e8f5f209.jpg","https://media.birdweather.com/species/25/CommonChaffinch-thumbnail-7ba0a46bb0cd7efdb3215242f9528140.jpg","https://media.birdweather.com/species/25/CommonChaffinch-png200-ced617224ab07c316109e2d0e9078f2e.png","WfgJDwKGhIbAbHimmnhluHh2tv25ZoAD",11438035001,"https://media.birdweather.com/soundscapes/6891/6891-20260505-101601.flac",0,3,"birdnetpi"
7464696405,6891,"2026-05-05T12:15:52.000+02:00",0.97,0.991870403289795,9.86714216241579,"almost_certain","2p4",NA,51.5669,6.0025,FALSE,25,"Common Chaffinch","Fringilla coelebs","#fb7eff","avian","https://media.birdweather.com/species/25/CommonChaffinch-standard-d8edb223d1ec828ee0cda788e8f5f209.jpg","https://media.birdweather.com/species/25/CommonChaffinch-thumbnail-7ba0a46bb0cd7efdb3215242f9528140.jpg","https://media.birdweather.com/species/25/CommonChaffinch-png200-ced617224ab07c316109e2d0e9078f2e.png","WfgJDwKGhIbAbHimmnhluHh2tv25ZoAD",11438026676,"https://media.birdweather.com/soundscapes/6891/6891-20260505-101552.flac",0,3,"birdnetpi"
7464684690,6891,"2026-05-05T12:15:16.000+02:00",0.82,0.991870403289795,9.51991716830673,"almost_certain","2p4",NA,51.5667,6.0064,FALSE,25,"Common Chaffinch","Fringilla coelebs","#fb7eff","avian","https://media.birdweather.com/species/25/CommonChaffinch-standard-d8edb223d1ec828ee0cda788e8f5f209.jpg","https://media.birdweather.com/species/25/CommonChaffinch-thumbnail-7ba0a46bb0cd7efdb3215242f9528140.jpg","https://media.birdweather.com/species/25/CommonChaffinch-png200-ced617224ab07c316109e2d0e9078f2e.png","WfgJDwKGhIbAbHimmnhluHh2tv25ZoAD",11438013758,"https://media.birdweather.com/soundscapes/6891/6891-20260505-101516.flac",0,3,"birdnetpi"
7464678915,6891,"2026-05-05T12:15:03.000+02:00",0.96,0.556647181510925,9.06579497078562,"almost_certain","2p4",NA,51.5674,6.0009,FALSE,294,"European Greenfinch","Chloris chloris","#fea614","avian","https://media.birdweather.com/species/294/EuropeanGreenfinch-standard-34aa36357c06fbf52af390917f29436b.jpg","https://media.birdweather.com/species/294/EuropeanGreenfinch-thumbnail-7466d93ab9340d75d4eec2ca6eeed529.jpg","https://media.birdweather.com/species/294/EuropeanGreenfinch-png200-8b2951bb918db1cbed643a9530efa558.png","FRkGHwJYqWeEd4ifapeoh4ZriPUnaG8B",11438007168,"https://media.birdweather.com/soundscapes/6891/6891-20260505-101503.flac",0,3,"birdnetpi"
7464673900,6891,"2026-05-05T12:14:49.000+02:00",0.96,0.991870403289795,9.84654027042637,"almost_certain","2p4",NA,51.562,6.0043,FALSE,25,"Common Chaffinch","Fringilla coelebs","#fb7eff","avian","https://media.birdweather.com/species/25/CommonChaffinch-standard-d8edb223d1ec828ee0cda788e8f5f209.jpg","https://media.birdweather.com/species/25/CommonChaffinch-thumbnail-7ba0a46bb0cd7efdb3215242f9528140.jpg","https://media.birdweather.com/species/25/CommonChaffinch-png200-ced617224ab07c316109e2d0e9078f2e.png","WfgJDwKGhIbAbHimmnhluHh2tv25ZoAD",11438001249,"https://media.birdweather.com/soundscapes/6891/6891-20260505-101449.flac",0,3,"birdnetpi"
7464663204,6891,"2026-05-05T12:14:25.000+02:00",0.84,0.991870403289795,9.57162141764323,"almost_certain","2p4",NA,51.5627,6.0084,FALSE,25,"Common Chaffinch","Fringilla coelebs","#fb7eff","avian","https://media.birdweather.com/species/25/CommonChaffinch-standard-d8edb223d1ec828ee0cda788e8f5f209.jpg","https://media.birdweather.com/species/25/CommonChaffinch-thumbnail-7ba0a46bb0cd7efdb3215242f9528140.jpg","https://media.birdweather.com/species/25/CommonChaffinch-png200-ced617224ab07c316109e2d0e9078f2e.png","WfgJDwKGhIbAbHimmnhluHh2tv25ZoAD",11437989161,"https://media.birdweather.com/soundscapes/6891/6891-20260505-101425.flac",0,3,"birdnetpi"
7464646631,6891,"2026-05-05T12:13:43.000+02:00",0.75,0.991870403289795,9.32184088483551,"almost_certain","2p4",NA,51.5656,6.0051,FALSE,25,"Common Chaffinch","Fringilla coelebs","#fb7eff","avian","https://media.birdweather.com/species/25/CommonChaffinch-standard-d8edb223d1ec828ee0cda788e8f5f209.jpg","https://media.birdweather.com/species/25/CommonChaffinch-thumbnail-7ba0a46bb0cd7efdb3215242f9528140.jpg","https://media.birdweather.com/species/25/CommonChaffinch-png200-ced617224ab07c316109e2d0e9078f2e.png","WfgJDwKGhIbAbHimmnhluHh2tv25ZoAD",11437970129,"https://media.birdweather.com/soundscapes/6891/6891-20260505-101343.flac",0,3,"birdnetpi"
7464633391,6891,"2026-05-05T12:13:10.000+02:00",0.94,0.991870403289795,9.80438309805292,"almost_certain","2p4",NA,51.5672,6.0018,FALSE,25,"Common Chaffinch","Fringilla coelebs","#fb7eff","avian","https://media.birdweather.com/species/25/CommonChaffinch-standard-d8edb223d1ec828ee0cda788e8f5f209.jpg","https://media.birdweather.com/species/25/CommonChaffinch-thumbnail-7ba0a46bb0cd7efdb3215242f9528140.jpg","https://media.birdweather.com/species/25/CommonChaffinch-png200-ced617224ab07c316109e2d0e9078f2e.png","WfgJDwKGhIbAbHimmnhluHh2tv25ZoAD",11437955314,"https://media.birdweather.com/soundscapes/6891/6891-20260505-101310.flac",0,3,"birdnetpi"
7464619412,6891,"2026-05-05T12:12:36.000+02:00",0.99,0.991870403289795,9.90743918514842,"almost_certain","2p4",NA,51.5668,6.007,FALSE,25,"Common Chaffinch","Fringilla coelebs","#fb7eff","avian","https://media.birdweather.com/species/25/CommonChaffinch-standard-d8edb223d1ec828ee0cda788e8f5f209.jpg","https://media.birdweather.com/species/25/CommonChaffinch-thumbnail-7ba0a46bb0cd7efdb3215242f9528140.jpg","https://media.birdweather.com/species/25/CommonChaffinch-png200-ced617224ab07c316109e2d0e9078f2e.png","WfgJDwKGhIbAbHimmnhluHh2tv25ZoAD",11437939104,"https://media.birdweather.com/soundscapes/6891/6891-20260505-101236.flac",0,3,"birdnetpi"
7464607163,6891,"2026-05-05T12:12:09.000+02:00",0.99,0.672991514205933,9.38253533008261,"almost_certain","2p4",NA,51.5681,6.0041,FALSE,44,"Dunnock","Prunella modularis","#fea614","avian","https://media.birdweather.com/species/44/Dunnock-standard-a705d7131240cedd1c407b5a19989591.jpg","https://media.birdweather.com/species/44/Dunnock-thumbnail-1036624855b82c96db4ad23d1ed9d702.jpg","https://media.birdweather.com/species/44/Dunnock-png200-951bb2cdb9ec585716907d8eac83882e.png","lQgGDwB9pneQhHlwWjeK2ZK6d/kdFaUA",11437925273,"https://media.birdweather.com/soundscapes/6891/6891-20260505-101209.flac",0,3,"birdnetpi"
7464598520,6891,"2026-05-05T12:11:51.000+02:00",0.99,0.672991514205933,9.38253533008261,"almost_certain","2p4",NA,51.5626,6.0019,FALSE,44,"Dunnock","Prunella modularis","#fea614","avian","https://media.birdweather.com/species/44/Dunnock-standard-a705d7131240cedd1c407b5a19989591.jpg","https://media.birdweather.com/species/44/Dunnock-thumbnail-1036624855b82c96db4ad23d1ed9d702.jpg","https://media.birdweather.com/species/44/Dunnock-png200-951bb2cdb9ec585716907d8eac83882e.png","lQgGDwB9pneQhHlwWjeK2ZK6d/kdFaUA",11437914976,"https://media.birdweather.com/soundscapes/6891/6891-20260505-101151.flac",0,3,"birdnetpi"
7464590051,6891,"2026-05-05T12:11:25.000+02:00",0.99,0.672991514205933,9.38253533008261,"almost_certain","2p4",NA,51.5657,6.0046,FALSE,44,"Dunnock","Prunella modularis","#fea614","avian","https://media.birdweather.com/species/44/Dunnock-standard-a705d7131240cedd1c407b5a19989591.jpg","https://media.birdweather.com/species/44/Dunnock-thumbnail-1036624855b82c96db4ad23d1ed9d702.jpg","https://media.birdweather.com/species/44/Dunnock-png200-951bb2cdb9ec585716907d8eac83882e.png","lQgGDwB9pneQhHlwWjeK2ZK6d/kdFaUA",11437905262,"https://media.birdweather.com/soundscapes/6891/6891-20260505-101125.flac",0,3,"birdnetpi"
7464580276,6891,"2026-05-05T12:10:57.000+02:00",0.99,0.672991514205933,9.38253533008261,"almost_certain","2p4",NA,51.57,6.0072,FALSE,44,"Dunnock","Prunella modularis","#fea614","avian","https://media.birdweather.com/species/44/Dunnock-standard-a705d7131240cedd1c407b5a19989591.jpg","https://media.birdweather.com/species/44/Dunnock-thumbnail-1036624855b82c96db4ad23d1ed9d702.jpg","https://media.birdweather.com/species/44/Dunnock-png200-951bb2cdb9ec585716907d8eac83882e.png","lQgGDwB9pneQhHlwWjeK2ZK6d/kdFaUA",11437894149,"https://media.birdweather.com/soundscapes/6891/6891-20260505-101057.flac",0,3,"birdnetpi"
7464571021,6891,"2026-05-05T12:10:40.000+02:00",0.99,0.672991514205933,9.38253533008261,"almost_certain","2p4",NA,51.5678,6.0007,FALSE,44,"Dunnock","Prunella modularis","#fea614","avian","https://media.birdweather.com/species/44/Dunnock-standard-a705d7131240cedd1c407b5a19989591.jpg","https://media.birdweather.com/species/44/Dunnock-thumbnail-1036624855b82c96db4ad23d1ed9d702.jpg","https://media.birdweather.com/species/44/Dunnock-png200-951bb2cdb9ec585716907d8eac83882e.png","lQgGDwB9pneQhHlwWjeK2ZK6d/kdFaUA",11437883126,"https://media.birdweather.com/soundscapes/6891/6891-20260505-101040.flac",0,3,"birdnetpi"
7464561668,6891,"2026-05-05T12:10:13.000+02:00",1,0.672991514205933,9.40224790039199,"almost_certain","2p4",NA,51.5701,6.002,FALSE,44,"Dunnock","Prunella modularis","#fea614","avian","https://media.birdweather.com/species/44/Dunnock-standard-a705d7131240cedd1c407b5a19989591.jpg","https://media.birdweather.com/species/44/Dunnock-thumbnail-1036624855b82c96db4ad23d1ed9d702.jpg","https://media.birdweather.com/species/44/Dunnock-png200-951bb2cdb9ec585716907d8eac83882e.png","lQgGDwB9pneQhHlwWjeK2ZK6d/kdFaUA",11437872449,"https://media.birdweather.com/soundscapes/6891/6891-20260505-101013.flac",0,3,"birdnetpi"
7464553654,6891,"2026-05-05T12:09:58.000+02:00",1,0.672991514205933,9.40224790039199,"almost_certain","2p4",NA,51.5663,6.007,FALSE,44,"Dunnock","Prunella modularis","#fea614","avian","https://media.birdweather.com/species/44/Dunnock-standard-a705d7131240cedd1c407b5a19989591.jpg","https://media.birdweather.com/species/44/Dunnock-thumbnail-1036624855b82c96db4ad23d1ed9d702.jpg","https://media.birdweather.com/species/44/Dunnock-png200-951bb2cdb9ec585716907d8eac83882e.png","lQgGDwB9pneQhHlwWjeK2ZK6d/kdFaUA",11437862750,"https://media.birdweather.com/soundscapes/6891/6891-20260505-100958.flac",0,3,"birdnetpi"
7464544326,6891,"2026-05-05T12:09:28.000+02:00",0.99,0.672991514205933,9.38253533008261,"almost_certain","2p4",NA,51.565,6.0071,FALSE,44,"Dunnock","Prunella modularis","#fea614","avian","https://media.birdweather.com/species/44/Dunnock-standard-a705d7131240cedd1c407b5a19989591.jpg","https://media.birdweather.com/species/44/Dunnock-thumbnail-1036624855b82c96db4ad23d1ed9d702.jpg","https://media.birdweather.com/species/44/Dunnock-png200-951bb2cdb9ec585716907d8eac83882e.png","lQgGDwB9pneQhHlwWjeK2ZK6d/kdFaUA",11437851616,"https://media.birdweather.com/soundscapes/6891/6891-20260505-100928.flac",0,3,"birdnetpi"
7464538299,6891,"2026-05-05T12:09:20.000+02:00",0.95,0.672991514205933,9.30071997854139,"almost_certain","2p4",NA,51.5664,6.0028,FALSE,44,"Dunnock","Prunella modularis","#fea614","avian","https://media.birdweather.com/species/44/Dunnock-standard-a705d7131240cedd1c407b5a19989591.jpg","https://media.birdweather.com/species/44/Dunnock-thumbnail-1036624855b82c96db4ad23d1ed9d702.jpg","https://media.birdweather.com/species/44/Dunnock-png200-951bb2cdb9ec585716907d8eac83882e.png","lQgGDwB9pneQhHlwWjeK2ZK6d/kdFaUA",11437844774,"https://media.birdweather.com/soundscapes/6891/6891-20260505-100920.flac",0,3,"birdnetpi"
7464525587,6891,"2026-05-05T12:08:40.000+02:00",0.82,0.672991514205933,8.99501331324092,"almost_certain","2p4",NA,51.5687,6.0071,FALSE,44,"Dunnock","Prunella modularis","#fea614","avian","https://media.birdweather.com/species/44/Dunnock-standard-a705d7131240cedd1c407b5a19989591.jpg","https://media.birdweather.com/species/44/Dunnock-thumbnail-1036624855b82c96db4ad23d1ed9d702.jpg","https://media.birdweather.com/species/44/Dunnock-png200-951bb2cdb9ec585716907d8eac83882e.png","lQgGDwB9pneQhHlwWjeK2ZK6d/kdFaUA",11437829632,"https://media.birdweather.com/soundscapes/6891/6891-20260505-100840.flac",0,3,"birdnetpi"
7464513238,6891,"2026-05-05T12:08:15.000+02:00",0.9,0.991870403289795,9.71596532409445,"almost_certain","2p4",NA,51.5617,6.0033,FALSE,25,"Common Chaffinch","Fringilla coelebs","#fb7eff","avian","https://media.birdweather.com/species/25/CommonChaffinch-standard-d8edb223d1ec828ee0cda788e8f5f209.jpg","https://media.birdweather.com/species/25/CommonChaffinch-thumbnail-7ba0a46bb0cd7efdb3215242f9528140.jpg","https://media.birdweather.com/species/25/CommonChaffinch-png200-ced617224ab07c316109e2d0e9078f2e.png","WfgJDwKGhIbAbHimmnhluHh2tv25ZoAD",11437814792,"https://media.birdweather.com/soundscapes/6891/6891-20260505-100815.flac",0,3,"birdnetpi"
7464498048,6891,"2026-05-05T12:07:30.000+02:00",0.95,0.991870403289795,9.82562383360719,"almost_certain","2p4",NA,51.5667,6.0094,FALSE,25,"Common Chaffinch","Fringilla coelebs","#fb7eff","avian","https://media.birdweather.com/species/25/CommonChaffinch-standard-d8edb223d1ec828ee0cda788e8f5f209.jpg","https://media.birdweather.com/species/25/CommonChaffinch-thumbnail-7ba0a46bb0cd7efdb3215242f9528140.jpg","https://media.birdweather.com/species/25/CommonChaffinch-png200-ced617224ab07c316109e2d0e9078f2e.png","WfgJDwKGhIbAbHimmnhluHh2tv25ZoAD",11437795978,"https://media.birdweather.com/soundscapes/6891/6891-20260505-100730.flac",0,3,"birdnetpi"
7464488452,6891,"2026-05-05T12:07:03.000+02:00",0.97,0.991870403289795,9.86714216241579,"almost_certain","2p4",NA,51.5665,6.0087,FALSE,25,"Common Chaffinch","Fringilla coelebs","#fb7eff","avian","https://media.birdweather.com/species/25/CommonChaffinch-standard-d8edb223d1ec828ee0cda788e8f5f209.jpg","https://media.birdweather.com/species/25/CommonChaffinch-thumbnail-7ba0a46bb0cd7efdb3215242f9528140.jpg","https://media.birdweather.com/species/25/CommonChaffinch-png200-ced617224ab07c316109e2d0e9078f2e.png","WfgJDwKGhIbAbHimmnhluHh2tv25ZoAD",11437785435,"https://media.birdweather.com/soundscapes/6891/6891-20260505-100703.flac",0,3,"birdnetpi"
7464485339,6891,"2026-05-05T12:06:54.000+02:00",0.98,0.672991514205933,9.36253497487563,"almost_certain","2p4",NA,51.5625,6.0005,FALSE,44,"Dunnock","Prunella modularis","#fea614","avian","https://media.birdweather.com/species/44/Dunnock-standard-a705d7131240cedd1c407b5a19989591.jpg","https://media.birdweather.com/species/44/Dunnock-thumbnail-1036624855b82c96db4ad23d1ed9d702.jpg","https://media.birdweather.com/species/44/Dunnock-png200-951bb2cdb9ec585716907d8eac83882e.png","lQgGDwB9pneQhHlwWjeK2ZK6d/kdFaUA",11437781760,"https://media.birdweather.com/soundscapes/6891/6891-20260505-100654.flac",0,3,"birdnetpi"
7464475913,6891,"2026-05-05T12:06:30.000+02:00",1,0.672991514205933,9.40224790039199,"almost_certain","2p4",NA,51.5672,6.0046,FALSE,44,"Dunnock","Prunella modularis","#fea614","avian","https://media.birdweather.com/species/44/Dunnock-standard-a705d7131240cedd1c407b5a19989591.jpg","https://media.birdweather.com/species/44/Dunnock-thumbnail-1036624855b82c96db4ad23d1ed9d702.jpg","https://media.birdweather.com/species/44/Dunnock-png200-951bb2cdb9ec585716907d8eac83882e.png","lQgGDwB9pneQhHlwWjeK2ZK6d/kdFaUA",11437771231,"https://media.birdweather.com/soundscapes/6891/6891-20260505-100630.flac",0,3,"birdnetpi"
7464465756,6891,"2026-05-05T12:06:06.000+02:00",1,0.672991514205933,9.40224790039199,"almost_certain","2p4",NA,51.564,6.0082,FALSE,44,"Dunnock","Prunella modularis","#fea614","avian","https://media.birdweather.com/species/44/Dunnock-standard-a705d7131240cedd1c407b5a19989591.jpg","https://media.birdweather.com/species/44/Dunnock-thumbnail-1036624855b82c96db4ad23d1ed9d702.jpg","https://media.birdweather.com/species/44/Dunnock-png200-951bb2cdb9ec585716907d8eac83882e.png","lQgGDwB9pneQhHlwWjeK2ZK6d/kdFaUA",11437759724,"https://media.birdweather.com/soundscapes/6891/6891-20260505-100606.flac",0,3,"birdnetpi"
7464457128,6891,"2026-05-05T12:05:52.000+02:00",0.99,0.672991514205933,9.38253533008261,"almost_certain","2p4",NA,51.5655,6.0021,FALSE,44,"Dunnock","Prunella modularis","#fea614","avian","https://media.birdweather.com/species/44/Dunnock-standard-a705d7131240cedd1c407b5a19989591.jpg","https://media.birdweather.com/species/44/Dunnock-thumbnail-1036624855b82c96db4ad23d1ed9d702.jpg","https://media.birdweather.com/species/44/Dunnock-png200-951bb2cdb9ec585716907d8eac83882e.png","lQgGDwB9pneQhHlwWjeK2ZK6d/kdFaUA",11437749514,"https://media.birdweather.com/soundscapes/6891/6891-20260505-100552.flac",0,3,"birdnetpi"
7464443872,6891,"2026-05-05T12:05:13.000+02:00",0.72,0.991870403289795,9.22732065089838,"almost_certain","2p4",NA,51.5632,6.0069,FALSE,25,"Common Chaffinch","Fringilla coelebs","#fb7eff","avian","https://media.birdweather.com/species/25/CommonChaffinch-standard-d8edb223d1ec828ee0cda788e8f5f209.jpg","https://media.birdweather.com/species/25/CommonChaffinch-thumbnail-7ba0a46bb0cd7efdb3215242f9528140.jpg","https://media.birdweather.com/species/25/CommonChaffinch-png200-ced617224ab07c316109e2d0e9078f2e.png","WfgJDwKGhIbAbHimmnhluHh2tv25ZoAD",11437734819,"https://media.birdweather.com/soundscapes/6891/6891-20260505-100513.flac",0,3,"birdnetpi"
7464389355,6891,"2026-05-05T12:02:57.000+02:00",0.75,0.556647181510925,8.54109558519476,"almost_certain","2p4",NA,51.5704,6.0032,FALSE,294,"European Greenfinch","Chloris chloris","#fea614","avian","https://media.birdweather.com/species/294/EuropeanGreenfinch-standard-34aa36357c06fbf52af390917f29436b.jpg","https://media.birdweather.com/species/294/EuropeanGreenfinch-thumbnail-7466d93ab9340d75d4eec2ca6eeed529.jpg","https://media.birdweather.com/species/294/EuropeanGreenfinch-png200-8b2951bb918db1cbed643a9530efa558.png","FRkGHwJYqWeEd4ifapeoh4ZriPUnaG8B",11437672800,"https://media.birdweather.com/soundscapes/6891/6891-20260505-100257.flac",0,3,"birdnetpi"
7464286310,6891,"2026-05-05T11:58:41.000+02:00",0.97,0.672991514205933,9.34223830734999,"almost_certain","2p4",NA,51.5679,6.0037,FALSE,44,"Dunnock","Prunella modularis","#fea614","avian","https://media.birdweather.com/species/44/Dunnock-standard-a705d7131240cedd1c407b5a19989591.jpg","https://media.birdweather.com/species/44/Dunnock-thumbnail-1036624855b82c96db4ad23d1ed9d702.jpg","https://media.birdweather.com/species/44/Dunnock-png200-951bb2cdb9ec585716907d8eac83882e.png","lQgGDwB9pneQhHlwWjeK2ZK6d/kdFaUA",11437554475,"https://media.birdweather.com/soundscapes/6891/6891-20260505-095841.flac",0,3,"birdnetpi"
7464274512,6891,"2026-05-05T11:58:12.000+02:00",0.99,0.672991514205933,9.38253533008261,"almost_certain","2p4",NA,51.5624,6.0014,FALSE,44,"Dunnock","Prunella modularis","#fea614","avian","https://media.birdweather.com/species/44/Dunnock-standard-a705d7131240cedd1c407b5a19989591.jpg","https://media.birdweather.com/species/44/Dunnock-thumbnail-1036624855b82c96db4ad23d1ed9d702.jpg","https://media.birdweather.com/species/44/Dunnock-png200-951bb2cdb9ec585716907d8eac83882e.png","lQgGDwB9pneQhHlwWjeK2ZK6d/kdFaUA",11437541576,"https://media.birdweather.com/soundscapes/6891/6891-20260505-095812.flac",0,3,"birdnetpi"
7464266878,6891,"2026-05-05T11:57:54.000+02:00",0.99,0.672991514205933,9.38253533008261,"almost_certain","2p4",NA,51.5684,6.0039,FALSE,44,"Dunnock","Prunella modularis","#fea614","avian","https://media.birdweather.com/species/44/Dunnock-standard-a705d7131240cedd1c407b5a19989591.jpg","https://media.birdweather.com/species/44/Dunnock-thumbnail-1036624855b82c96db4ad23d1ed9d702.jpg","https://media.birdweather.com/species/44/Dunnock-png200-951bb2cdb9ec585716907d8eac83882e.png","lQgGDwB9pneQhHlwWjeK2ZK6d/kdFaUA",11437532851,"https://media.birdweather.com/soundscapes/6891/6891-20260505-095754.flac",0,3,"birdnetpi"
7464258881,6891,"2026-05-05T11:57:32.000+02:00",0.99,0.672991514205933,9.38253533008261,"almost_certain","2p4",NA,51.5662,6.0063,FALSE,44,"Dunnock","Prunella modularis","#fea614","avian","https://media.birdweather.com/species/44/Dunnock-standard-a705d7131240cedd1c407b5a19989591.jpg","https://media.birdweather.com/species/44/Dunnock-thumbnail-1036624855b82c96db4ad23d1ed9d702.jpg","https://media.birdweather.com/species/44/Dunnock-png200-951bb2cdb9ec585716907d8eac83882e.png","lQgGDwB9pneQhHlwWjeK2ZK6d/kdFaUA",11437523418,"https://media.birdweather.com/soundscapes/6891/6891-20260505-095732.flac",0,3,"birdnetpi"
7464146608,6891,"2026-05-05T11:52:48.000+02:00",0.97,0.672991514205933,9.34223830734999,"almost_certain","2p4",NA,51.5622,6.0068,FALSE,44,"Dunnock","Prunella modularis","#fea614","avian","https://media.birdweather.com/species/44/Dunnock-standard-a705d7131240cedd1c407b5a19989591.jpg","https://media.birdweather.com/species/44/Dunnock-thumbnail-1036624855b82c96db4ad23d1ed9d702.jpg","https://media.birdweather.com/species/44/Dunnock-png200-951bb2cdb9ec585716907d8eac83882e.png","lQgGDwB9pneQhHlwWjeK2ZK6d/kdFaUA",11437393294,"https://media.birdweather.com/soundscapes/6891/6891-20260505-095248.flac",0,3,"birdnetpi"
7464135228,6891,"2026-05-05T11:52:19.000+02:00",0.99,0.672991514205933,9.38253533008261,"almost_certain","2p4",NA,51.5642,6.0022,FALSE,44,"Dunnock","Prunella modularis","#fea614","avian","https://media.birdweather.com/species/44/Dunnock-standard-a705d7131240cedd1c407b5a19989591.jpg","https://media.birdweather.com/species/44/Dunnock-thumbnail-1036624855b82c96db4ad23d1ed9d702.jpg","https://media.birdweather.com/species/44/Dunnock-png200-951bb2cdb9ec585716907d8eac83882e.png","lQgGDwB9pneQhHlwWjeK2ZK6d/kdFaUA",11437379490,"https://media.birdweather.com/soundscapes/6891/6891-20260505-095219.flac",0,3,"birdnetpi"
7464125785,6891,"2026-05-05T11:52:00.000+02:00",0.99,0.672991514205933,9.38253533008261,"almost_certain","2p4",NA,51.566,6.0016,FALSE,44,"Dunnock","Prunella modularis","#fea614","avian","https://media.birdweather.com/species/44/Dunnock-standard-a705d7131240cedd1c407b5a19989591.jpg","https://media.birdweather.com/species/44/Dunnock-thumbnail-1036624855b82c96db4ad23d1ed9d702.jpg","https://media.birdweather.com/species/44/Dunnock-png200-951bb2cdb9ec585716907d8eac83882e.png","lQgGDwB9pneQhHlwWjeK2ZK6d/kdFaUA",11437368082,"https://media.birdweather.com/soundscapes/6891/6891-20260505-095200.flac",0,3,"birdnetpi"
7464107790,6891,"2026-05-05T11:51:16.000+02:00",0.99,0.672991514205933,9.38253533008261,"almost_certain","2p4",NA,51.5627,6.0066,FALSE,44,"Dunnock","Prunella modularis","#fea614","avian","https://media.birdweather.com/species/44/Dunnock-standard-a705d7131240cedd1c407b5a19989591.jpg","https://media.birdweather.com/species/44/Dunnock-thumbnail-1036624855b82c96db4ad23d1ed9d702.jpg","https://media.birdweather.com/species/44/Dunnock-png200-951bb2cdb9ec585716907d8eac83882e.png","lQgGDwB9pneQhHlwWjeK2ZK6d/kdFaUA",11437346955,"https://media.birdweather.com/soundscapes/6891/6891-20260505-095116.flac",0,3,"birdnetpi"
7464077587,6891,"2026-05-05T11:49:50.000+02:00",0.81,0.961844444274902,9.45162778360736,"almost_certain","2p4",NA,51.5626,6.0093,FALSE,51,"Common Chiffchaff","Phylloscopus collybita","#234bb2","avian","https://media.birdweather.com/species/51/CommonChiffchaff-standard-51b65ae67159c1d7e6b40d2e5032b8bc.jpg","https://media.birdweather.com/species/51/CommonChiffchaff-thumbnail-db7cc6cc80c51cac95a6cceb51a0a66f.jpg","https://media.birdweather.com/species/51/CommonChiffchaff-png200-e06677bd5f83c96ea17aab076a5e64dd.png","HSkCDwJplXeiMFilxTzIyVZplYf32ZcA",11437310664,"https://media.birdweather.com/soundscapes/6891/6891-20260505-094950.flac",0,3,"birdnetpi"
7464063094,6891,"2026-05-05T11:49:11.000+02:00",0.99,0.999183833599091,9.91740355459112,"almost_certain","2p4",NA,51.562,6.0032,FALSE,35,"Eurasian Blackbird","Turdus merula","#ff65df","avian","https://media.birdweather.com/species/35/EurasianBlackbird-standard-618b3a5132c7c359fb2a2884c39deb39.jpg","https://media.birdweather.com/species/35/EurasianBlackbird-thumbnail-276878929bed08167d1fd9bf34d63d40.jpg","https://media.birdweather.com/species/35/EurasianBlackbird-png200-ba5a1b43225da4611cac429c52a52c81.png","GfkFFwKRmrx2ZYiaaQe69nlzScn3T7IA",11437293616,"https://media.birdweather.com/soundscapes/6891/6891-20260505-094911.flac",0,3,"birdnetpi"
7464055326,6891,"2026-05-05T11:48:50.000+02:00",0.98,0.672991514205933,9.36253497487563,"almost_certain","2p4",NA,51.5656,6.0066,FALSE,44,"Dunnock","Prunella modularis","#fea614","avian","https://media.birdweather.com/species/44/Dunnock-standard-a705d7131240cedd1c407b5a19989591.jpg","https://media.birdweather.com/species/44/Dunnock-thumbnail-1036624855b82c96db4ad23d1ed9d702.jpg","https://media.birdweather.com/species/44/Dunnock-png200-951bb2cdb9ec585716907d8eac83882e.png","lQgGDwB9pneQhHlwWjeK2ZK6d/kdFaUA",11437284105,"https://media.birdweather.com/soundscapes/6891/6891-20260505-094850.flac",0,3,"birdnetpi"
7464046351,6891,"2026-05-05T11:48:27.000+02:00",0.99,0.672991514205933,9.38253533008261,"almost_certain","2p4",NA,51.5646,6.0088,FALSE,44,"Dunnock","Prunella modularis","#fea614","avian","https://media.birdweather.com/species/44/Dunnock-standard-a705d7131240cedd1c407b5a19989591.jpg","https://media.birdweather.com/species/44/Dunnock-thumbnail-1036624855b82c96db4ad23d1ed9d702.jpg","https://media.birdweather.com/species/44/Dunnock-png200-951bb2cdb9ec585716907d8eac83882e.png","lQgGDwB9pneQhHlwWjeK2ZK6d/kdFaUA",11437273062,"https://media.birdweather.com/soundscapes/6891/6891-20260505-094827.flac",0,3,"birdnetpi"
7464041211,6891,"2026-05-05T11:48:15.000+02:00",0.99,0.999183833599091,9.91740355459112,"almost_certain","2p4",NA,51.5654,6.0068,FALSE,35,"Eurasian Blackbird","Turdus merula","#ff65df","avian","https://media.birdweather.com/species/35/EurasianBlackbird-standard-618b3a5132c7c359fb2a2884c39deb39.jpg","https://media.birdweather.com/species/35/EurasianBlackbird-thumbnail-276878929bed08167d1fd9bf34d63d40.jpg","https://media.birdweather.com/species/35/EurasianBlackbird-png200-ba5a1b43225da4611cac429c52a52c81.png","GfkFFwKRmrx2ZYiaaQe69nlzScn3T7IA",11437267087,"https://media.birdweather.com/soundscapes/6891/6891-20260505-094815.flac",0,3,"birdnetpi"
7464032234,6891,"2026-05-05T11:47:57.000+02:00",0.98,0.999183833599091,9.89740319938414,"almost_certain","2p4",NA,51.5656,6.0079,FALSE,35,"Eurasian Blackbird","Turdus merula","#ff65df","avian","https://media.birdweather.com/species/35/EurasianBlackbird-standard-618b3a5132c7c359fb2a2884c39deb39.jpg","https://media.birdweather.com/species/35/EurasianBlackbird-thumbnail-276878929bed08167d1fd9bf34d63d40.jpg","https://media.birdweather.com/species/35/EurasianBlackbird-png200-ba5a1b43225da4611cac429c52a52c81.png","GfkFFwKRmrx2ZYiaaQe69nlzScn3T7IA",11437256230,"https://media.birdweather.com/soundscapes/6891/6891-20260505-094757.flac",0,3,"birdnetpi"
7463963317,6891,"2026-05-05T11:44:52.000+02:00",0.76,0.672991514205933,8.82704813197443,"almost_certain","2p4",NA,51.5664,6.0041,FALSE,44,"Dunnock","Prunella modularis","#fea614","avian","https://media.birdweather.com/species/44/Dunnock-standard-a705d7131240cedd1c407b5a19989591.jpg","https://media.birdweather.com/species/44/Dunnock-thumbnail-1036624855b82c96db4ad23d1ed9d702.jpg","https://media.birdweather.com/species/44/Dunnock-png200-951bb2cdb9ec585716907d8eac83882e.png","lQgGDwB9pneQhHlwWjeK2ZK6d/kdFaUA",11437171829,"https://media.birdweather.com/soundscapes/6891/6891-20260505-094452.flac",0,3,"birdnetpi"
7463956708,6891,"2026-05-05T11:44:29.000+02:00",0.82,0.672991514205933,8.99501331324092,"almost_certain","2p4",NA,51.5648,6.0075,FALSE,44,"Dunnock","Prunella modularis","#fea614","avian","https://media.birdweather.com/species/44/Dunnock-standard-a705d7131240cedd1c407b5a19989591.jpg","https://media.birdweather.com/species/44/Dunnock-thumbnail-1036624855b82c96db4ad23d1ed9d702.jpg","https://media.birdweather.com/species/44/Dunnock-png200-951bb2cdb9ec585716907d8eac83882e.png","lQgGDwB9pneQhHlwWjeK2ZK6d/kdFaUA",11437163616,"https://media.birdweather.com/soundscapes/6891/6891-20260505-094429.flac",0,3,"birdnetpi"
7463939454,6891,"2026-05-05T11:43:42.000+02:00",0.92,0.961844444274902,9.71920077428681,"almost_certain","2p4",NA,51.5694,6.0049,FALSE,51,"Common Chiffchaff","Phylloscopus collybita","#234bb2","avian","https://media.birdweather.com/species/51/CommonChiffchaff-standard-51b65ae67159c1d7e6b40d2e5032b8bc.jpg","https://media.birdweather.com/species/51/CommonChiffchaff-thumbnail-db7cc6cc80c51cac95a6cceb51a0a66f.jpg","https://media.birdweather.com/species/51/CommonChiffchaff-png200-e06677bd5f83c96ea17aab076a5e64dd.png","HSkCDwJplXeiMFilxTzIyVZplYf32ZcA",11437142072,"https://media.birdweather.com/soundscapes/6891/6891-20260505-094342.flac",0,3,"birdnetpi"
7463932608,6891,"2026-05-05T11:43:23.000+02:00",0.99,0.672991514205933,9.38253533008261,"almost_certain","2p4",NA,51.568,6.008,FALSE,44,"Dunnock","Prunella modularis","#fea614","avian","https://media.birdweather.com/species/44/Dunnock-standard-a705d7131240cedd1c407b5a19989591.jpg","https://media.birdweather.com/species/44/Dunnock-thumbnail-1036624855b82c96db4ad23d1ed9d702.jpg","https://media.birdweather.com/species/44/Dunnock-png200-951bb2cdb9ec585716907d8eac83882e.png","lQgGDwB9pneQhHlwWjeK2ZK6d/kdFaUA",11437133414,"https://media.birdweather.com/soundscapes/6891/6891-20260505-094323.flac",0,3,"birdnetpi"
7463927175,6891,"2026-05-05T11:43:12.000+02:00",1,0.672991514205933,9.40224790039199,"almost_certain","2p4",NA,51.5623,6.0016,FALSE,44,"Dunnock","Prunella modularis","#fea614","avian","https://media.birdweather.com/species/44/Dunnock-standard-a705d7131240cedd1c407b5a19989591.jpg","https://media.birdweather.com/species/44/Dunnock-thumbnail-1036624855b82c96db4ad23d1ed9d702.jpg","https://media.birdweather.com/species/44/Dunnock-png200-951bb2cdb9ec585716907d8eac83882e.png","lQgGDwB9pneQhHlwWjeK2ZK6d/kdFaUA",11437126638,"https://media.birdweather.com/soundscapes/6891/6891-20260505-094312.flac",0,3,"birdnetpi"
7463804227,6891,"2026-05-05T11:37:33.000+02:00",0.75,0.961844444274902,9.28015427776038,"almost_certain","2p4",NA,51.5659,6.0077,FALSE,51,"Common Chiffchaff","Phylloscopus collybita","#234bb2","avian","https://media.birdweather.com/species/51/CommonChiffchaff-standard-51b65ae67159c1d7e6b40d2e5032b8bc.jpg","https://media.birdweather.com/species/51/CommonChiffchaff-thumbnail-db7cc6cc80c51cac95a6cceb51a0a66f.jpg","https://media.birdweather.com/species/51/CommonChiffchaff-png200-e06677bd5f83c96ea17aab076a5e64dd.png","HSkCDwJplXeiMFilxTzIyVZplYf32ZcA",11436972969,"https://media.birdweather.com/soundscapes/6891/6891-20260505-093733.flac",0,3,"birdnetpi"
7463798743,6891,"2026-05-05T11:37:15.000+02:00",0.78,0.961844444274902,9.36857205171885,"almost_certain","2p4",NA,51.5677,6.009,FALSE,51,"Common Chiffchaff","Phylloscopus collybita","#234bb2","avian","https://media.birdweather.com/species/51/CommonChiffchaff-standard-51b65ae67159c1d7e6b40d2e5032b8bc.jpg","https://media.birdweather.com/species/51/CommonChiffchaff-thumbnail-db7cc6cc80c51cac95a6cceb51a0a66f.jpg","https://media.birdweather.com/species/51/CommonChiffchaff-png200-e06677bd5f83c96ea17aab076a5e64dd.png","HSkCDwJplXeiMFilxTzIyVZplYf32ZcA",11436965722,"https://media.birdweather.com/soundscapes/6891/6891-20260505-093715.flac",0,3,"birdnetpi"
7463691925,6891,"2026-05-05T11:32:04.000+02:00",0.93,0.999183833599091,9.79277221844927,"almost_certain","2p4",NA,51.5673,6.0009,FALSE,35,"Eurasian Blackbird","Turdus merula","#ff65df","avian","https://media.birdweather.com/species/35/EurasianBlackbird-standard-618b3a5132c7c359fb2a2884c39deb39.jpg","https://media.birdweather.com/species/35/EurasianBlackbird-thumbnail-276878929bed08167d1fd9bf34d63d40.jpg","https://media.birdweather.com/species/35/EurasianBlackbird-png200-ba5a1b43225da4611cac429c52a52c81.png","GfkFFwKRmrx2ZYiaaQe69nlzScn3T7IA",11436823977,"https://media.birdweather.com/soundscapes/6891/6891-20260505-093204.flac",0,3,"birdnetpi"
7463683037,6891,"2026-05-05T11:31:38.000+02:00",0.91,0.999183833599091,9.74857483721031,"almost_certain","2p4",NA,51.568,6.0067,FALSE,35,"Eurasian Blackbird","Turdus merula","#ff65df","avian","https://media.birdweather.com/species/35/EurasianBlackbird-standard-618b3a5132c7c359fb2a2884c39deb39.jpg","https://media.birdweather.com/species/35/EurasianBlackbird-thumbnail-276878929bed08167d1fd9bf34d63d40.jpg","https://media.birdweather.com/species/35/EurasianBlackbird-png200-ba5a1b43225da4611cac429c52a52c81.png","GfkFFwKRmrx2ZYiaaQe69nlzScn3T7IA",11436812160,"https://media.birdweather.com/soundscapes/6891/6891-20260505-093138.flac",0,3,"birdnetpi"
7463676579,6891,"2026-05-05T11:31:25.000+02:00",0.98,0.999183833599091,9.89740319938414,"almost_certain","2p4",NA,51.5653,6.0061,FALSE,35,"Eurasian Blackbird","Turdus merula","#ff65df","avian","https://media.birdweather.com/species/35/EurasianBlackbird-standard-618b3a5132c7c359fb2a2884c39deb39.jpg","https://media.birdweather.com/species/35/EurasianBlackbird-thumbnail-276878929bed08167d1fd9bf34d63d40.jpg","https://media.birdweather.com/species/35/EurasianBlackbird-png200-ba5a1b43225da4611cac429c52a52c81.png","GfkFFwKRmrx2ZYiaaQe69nlzScn3T7IA",11436803445,"https://media.birdweather.com/soundscapes/6891/6891-20260505-093125.flac",0,3,"birdnetpi"
7463665956,6891,"2026-05-05T11:30:49.000+02:00",0.93,0.999183833599091,9.79277221844927,"almost_certain","2p4",NA,51.5688,6.0052,FALSE,35,"Eurasian Blackbird","Turdus merula","#ff65df","avian","https://media.birdweather.com/species/35/EurasianBlackbird-standard-618b3a5132c7c359fb2a2884c39deb39.jpg","https://media.birdweather.com/species/35/EurasianBlackbird-thumbnail-276878929bed08167d1fd9bf34d63d40.jpg","https://media.birdweather.com/species/35/EurasianBlackbird-png200-ba5a1b43225da4611cac429c52a52c81.png","GfkFFwKRmrx2ZYiaaQe69nlzScn3T7IA",11436789320,"https://media.birdweather.com/soundscapes/6891/6891-20260505-093049.flac",0,3,"birdnetpi"
7463649686,6891,"2026-05-05T11:30:00.000+02:00",0.8,0.999183833599091,9.47614916072943,"almost_certain","2p4",NA,51.5648,6.0074,FALSE,35,"Eurasian Blackbird","Turdus merula","#ff65df","avian","https://media.birdweather.com/species/35/EurasianBlackbird-standard-618b3a5132c7c359fb2a2884c39deb39.jpg","https://media.birdweather.com/species/35/EurasianBlackbird-thumbnail-276878929bed08167d1fd9bf34d63d40.jpg","https://media.birdweather.com/species/35/EurasianBlackbird-png200-ba5a1b43225da4611cac429c52a52c81.png","GfkFFwKRmrx2ZYiaaQe69nlzScn3T7IA",11436767609,"https://media.birdweather.com/soundscapes/6891/6891-20260505-093000.flac",0,3,"birdnetpi"
7463613299,6891,"2026-05-05T11:28:16.000+02:00",0.99,0.999183833599091,9.91740355459112,"almost_certain","2p4",NA,51.5682,6.0057,FALSE,35,"Eurasian Blackbird","Turdus merula","#ff65df","avian","https://media.birdweather.com/species/35/EurasianBlackbird-standard-618b3a5132c7c359fb2a2884c39deb39.jpg","https://media.birdweather.com/species/35/EurasianBlackbird-thumbnail-276878929bed08167d1fd9bf34d63d40.jpg","https://media.birdweather.com/species/35/EurasianBlackbird-png200-ba5a1b43225da4611cac429c52a52c81.png","GfkFFwKRmrx2ZYiaaQe69nlzScn3T7IA",11436716900,"https://media.birdweather.com/soundscapes/6891/6891-20260505-092816.flac",0,3,"birdnetpi"
7463602279,6891,"2026-05-05T11:27:43.000+02:00",0.97,0.999183833599091,9.8771065318585,"almost_certain","2p4",NA,51.5646,6.0016,FALSE,35,"Eurasian Blackbird","Turdus merula","#ff65df","avian","https://media.birdweather.com/species/35/EurasianBlackbird-standard-618b3a5132c7c359fb2a2884c39deb39.jpg","https://media.birdweather.com/species/35/EurasianBlackbird-thumbnail-276878929bed08167d1fd9bf34d63d40.jpg","https://media.birdweather.com/species/35/EurasianBlackbird-png200-ba5a1b43225da4611cac429c52a52c81.png","GfkFFwKRmrx2ZYiaaQe69nlzScn3T7IA",11436701495,"https://media.birdweather.com/soundscapes/6891/6891-20260505-092743.flac",0,3,"birdnetpi"
7463593562,6891,"2026-05-05T11:27:14.000+02:00",0.96,0.999183833599091,9.85650463986908,"almost_certain","2p4",NA,51.5633,6.0067,FALSE,35,"Eurasian Blackbird","Turdus merula","#ff65df","avian","https://media.birdweather.com/species/35/EurasianBlackbird-standard-618b3a5132c7c359fb2a2884c39deb39.jpg","https://media.birdweather.com/species/35/EurasianBlackbird-thumbnail-276878929bed08167d1fd9bf34d63d40.jpg","https://media.birdweather.com/species/35/EurasianBlackbird-png200-ba5a1b43225da4611cac429c52a52c81.png","GfkFFwKRmrx2ZYiaaQe69nlzScn3T7IA",11436689205,"https://media.birdweather.com/soundscapes/6891/6891-20260505-092714.flac",0,3,"birdnetpi"
7463585575,6891,"2026-05-05T11:26:44.000+02:00",0.92,0.999183833599091,9.77085175080465,"almost_certain","2p4",NA,51.5664,6.0032,FALSE,35,"Eurasian Blackbird","Turdus merula","#ff65df","avian","https://media.birdweather.com/species/35/EurasianBlackbird-standard-618b3a5132c7c359fb2a2884c39deb39.jpg","https://media.birdweather.com/species/35/EurasianBlackbird-thumbnail-276878929bed08167d1fd9bf34d63d40.jpg","https://media.birdweather.com/species/35/EurasianBlackbird-png200-ba5a1b43225da4611cac429c52a52c81.png","GfkFFwKRmrx2ZYiaaQe69nlzScn3T7IA",11436678177,"https://media.birdweather.com/soundscapes/6891/6891-20260505-092644.flac",0,3,"birdnetpi"
7463574467,6891,"2026-05-05T11:26:11.000+02:00",0.96,0.999183833599091,9.85650463986908,"almost_certain","2p4",NA,51.5681,6.0025,FALSE,35,"Eurasian Blackbird","Turdus merula","#ff65df","avian","https://media.birdweather.com/species/35/EurasianBlackbird-standard-618b3a5132c7c359fb2a2884c39deb39.jpg","https://media.birdweather.com/species/35/EurasianBlackbird-thumbnail-276878929bed08167d1fd9bf34d63d40.jpg","https://media.birdweather.com/species/35/EurasianBlackbird-png200-ba5a1b43225da4611cac429c52a52c81.png","GfkFFwKRmrx2ZYiaaQe69nlzScn3T7IA",11436662730,"https://media.birdweather.com/soundscapes/6891/6891-20260505-092611.flac",0,3,"birdnetpi"
7463566028,6891,"2026-05-05T11:25:47.000+02:00",0.79,0.999183833599091,9.44847145170443,"almost_certain","2p4",NA,51.5693,6.0037,FALSE,35,"Eurasian Blackbird","Turdus merula","#ff65df","avian","https://media.birdweather.com/species/35/EurasianBlackbird-standard-618b3a5132c7c359fb2a2884c39deb39.jpg","https://media.birdweather.com/species/35/EurasianBlackbird-thumbnail-276878929bed08167d1fd9bf34d63d40.jpg","https://media.birdweather.com/species/35/EurasianBlackbird-png200-ba5a1b43225da4611cac429c52a52c81.png","GfkFFwKRmrx2ZYiaaQe69nlzScn3T7IA",11436650877,"https://media.birdweather.com/soundscapes/6891/6891-20260505-092547.flac",0,3,"birdnetpi"
7463556749,6891,"2026-05-05T11:25:15.000+02:00",0.96,0.999183833599091,9.85650463986908,"almost_certain","2p4",NA,51.5698,6.0058,FALSE,35,"Eurasian Blackbird","Turdus merula","#ff65df","avian","https://media.birdweather.com/species/35/EurasianBlackbird-standard-618b3a5132c7c359fb2a2884c39deb39.jpg","https://media.birdweather.com/species/35/EurasianBlackbird-thumbnail-276878929bed08167d1fd9bf34d63d40.jpg","https://media.birdweather.com/species/35/EurasianBlackbird-png200-ba5a1b43225da4611cac429c52a52c81.png","GfkFFwKRmrx2ZYiaaQe69nlzScn3T7IA",11436637658,"https://media.birdweather.com/soundscapes/6891/6891-20260505-092515.flac",0,3,"birdnetpi"
7463550969,6891,"2026-05-05T11:25:06.000+02:00",0.94,0.999183833599091,9.81434746749562,"almost_certain","2p4",NA,51.5617,6.0088,FALSE,35,"Eurasian Blackbird","Turdus merula","#ff65df","avian","https://media.birdweather.com/species/35/EurasianBlackbird-standard-618b3a5132c7c359fb2a2884c39deb39.jpg","https://media.birdweather.com/species/35/EurasianBlackbird-thumbnail-276878929bed08167d1fd9bf34d63d40.jpg","https://media.birdweather.com/species/35/EurasianBlackbird-png200-ba5a1b43225da4611cac429c52a52c81.png","GfkFFwKRmrx2ZYiaaQe69nlzScn3T7IA",11436629468,"https://media.birdweather.com/soundscapes/6891/6891-20260505-092506.flac",0,3,"birdnetpi"
7463542433,6891,"2026-05-05T11:24:30.000+02:00",0.94,0.999183833599091,9.81434746749562,"almost_certain","2p4",NA,51.5625,6.0083,FALSE,35,"Eurasian Blackbird","Turdus merula","#ff65df","avian","https://media.birdweather.com/species/35/EurasianBlackbird-standard-618b3a5132c7c359fb2a2884c39deb39.jpg","https://media.birdweather.com/species/35/EurasianBlackbird-thumbnail-276878929bed08167d1fd9bf34d63d40.jpg","https://media.birdweather.com/species/35/EurasianBlackbird-png200-ba5a1b43225da4611cac429c52a52c81.png","GfkFFwKRmrx2ZYiaaQe69nlzScn3T7IA",11436617208,"https://media.birdweather.com/soundscapes/6891/6891-20260505-092430.flac",0,3,"birdnetpi"
7463530823,6891,"2026-05-05T11:24:03.000+02:00",0.95,0.999183833599091,9.8355882030499,"almost_certain","2p4",NA,51.5663,6.0061,FALSE,35,"Eurasian Blackbird","Turdus merula","#ff65df","avian","https://media.birdweather.com/species/35/EurasianBlackbird-standard-618b3a5132c7c359fb2a2884c39deb39.jpg","https://media.birdweather.com/species/35/EurasianBlackbird-thumbnail-276878929bed08167d1fd9bf34d63d40.jpg","https://media.birdweather.com/species/35/EurasianBlackbird-png200-ba5a1b43225da4611cac429c52a52c81.png","GfkFFwKRmrx2ZYiaaQe69nlzScn3T7IA",11436600842,"https://media.birdweather.com/soundscapes/6891/6891-20260505-092403.flac",0,3,"birdnetpi"
7463515156,6891,"2026-05-05T11:23:06.000+02:00",0.93,0.999183833599091,9.79277221844927,"almost_certain","2p4",NA,51.5667,6.0057,FALSE,35,"Eurasian Blackbird","Turdus merula","#ff65df","avian","https://media.birdweather.com/species/35/EurasianBlackbird-standard-618b3a5132c7c359fb2a2884c39deb39.jpg","https://media.birdweather.com/species/35/EurasianBlackbird-thumbnail-276878929bed08167d1fd9bf34d63d40.jpg","https://media.birdweather.com/species/35/EurasianBlackbird-png200-ba5a1b43225da4611cac429c52a52c81.png","GfkFFwKRmrx2ZYiaaQe69nlzScn3T7IA",11436578549,"https://media.birdweather.com/soundscapes/6891/6891-20260505-092306.flac",0,3,"birdnetpi"
7463507533,6891,"2026-05-05T11:22:48.000+02:00",0.89,0.999183833599091,9.70290394144371,"almost_certain","2p4",NA,51.568,6.0066,FALSE,35,"Eurasian Blackbird","Turdus merula","#ff65df","avian","https://media.birdweather.com/species/35/EurasianBlackbird-standard-618b3a5132c7c359fb2a2884c39deb39.jpg","https://media.birdweather.com/species/35/EurasianBlackbird-thumbnail-276878929bed08167d1fd9bf34d63d40.jpg","https://media.birdweather.com/species/35/EurasianBlackbird-png200-ba5a1b43225da4611cac429c52a52c81.png","GfkFFwKRmrx2ZYiaaQe69nlzScn3T7IA",11436567562,"https://media.birdweather.com/soundscapes/6891/6891-20260505-092248.flac",0,3,"birdnetpi"
7463501743,6891,"2026-05-05T11:22:31.000+02:00",0.94,0.999183833599091,9.81434746749562,"almost_certain","2p4",NA,51.5687,6.0059,FALSE,35,"Eurasian Blackbird","Turdus merula","#ff65df","avian","https://media.birdweather.com/species/35/EurasianBlackbird-standard-618b3a5132c7c359fb2a2884c39deb39.jpg","https://media.birdweather.com/species/35/EurasianBlackbird-thumbnail-276878929bed08167d1fd9bf34d63d40.jpg","https://media.birdweather.com/species/35/EurasianBlackbird-png200-ba5a1b43225da4611cac429c52a52c81.png","GfkFFwKRmrx2ZYiaaQe69nlzScn3T7IA",11436558999,"https://media.birdweather.com/soundscapes/6891/6891-20260505-092231.flac",0,3,"birdnetpi"
7463494336,6891,"2026-05-05T11:22:08.000+02:00",0.8,0.999183833599091,9.47614916072943,"almost_certain","2p4",NA,51.565,6.0051,FALSE,35,"Eurasian Blackbird","Turdus merula","#ff65df","avian","https://media.birdweather.com/species/35/EurasianBlackbird-standard-618b3a5132c7c359fb2a2884c39deb39.jpg","https://media.birdweather.com/species/35/EurasianBlackbird-thumbnail-276878929bed08167d1fd9bf34d63d40.jpg","https://media.birdweather.com/species/35/EurasianBlackbird-png200-ba5a1b43225da4611cac429c52a52c81.png","GfkFFwKRmrx2ZYiaaQe69nlzScn3T7IA",11436548393,"https://media.birdweather.com/soundscapes/6891/6891-20260505-092208.flac",0,3,"birdnetpi"
7463485760,6891,"2026-05-05T11:21:32.000+02:00",0.88,0.999183833599091,9.67948456774147,"almost_certain","2p4",NA,51.565,6.002,FALSE,35,"Eurasian Blackbird","Turdus merula","#ff65df","avian","https://media.birdweather.com/species/35/EurasianBlackbird-standard-618b3a5132c7c359fb2a2884c39deb39.jpg","https://media.birdweather.com/species/35/EurasianBlackbird-thumbnail-276878929bed08167d1fd9bf34d63d40.jpg","https://media.birdweather.com/species/35/EurasianBlackbird-png200-ba5a1b43225da4611cac429c52a52c81.png","GfkFFwKRmrx2ZYiaaQe69nlzScn3T7IA",11436535822,"https://media.birdweather.com/soundscapes/6891/6891-20260505-092132.flac",0,3,"birdnetpi"
7463475018,6891,"2026-05-05T11:20:58.000+02:00",0.93,0.999183833599091,9.79277221844927,"almost_certain","2p4",NA,51.5681,6.0084,FALSE,35,"Eurasian Blackbird","Turdus merula","#ff65df","avian","https://media.birdweather.com/species/35/EurasianBlackbird-standard-618b3a5132c7c359fb2a2884c39deb39.jpg","https://media.birdweather.com/species/35/EurasianBlackbird-thumbnail-276878929bed08167d1fd9bf34d63d40.jpg","https://media.birdweather.com/species/35/EurasianBlackbird-png200-ba5a1b43225da4611cac429c52a52c81.png","GfkFFwKRmrx2ZYiaaQe69nlzScn3T7IA",11436519886,"https://media.birdweather.com/soundscapes/6891/6891-20260505-092058.flac",0,3,"birdnetpi"
7463459292,6891,"2026-05-05T11:20:05.000+02:00",0.89,0.672991514205933,9.1680357169352,"almost_certain","2p4",NA,51.5663,6.0035,FALSE,44,"Dunnock","Prunella modularis","#fea614","avian","https://media.birdweather.com/species/44/Dunnock-standard-a705d7131240cedd1c407b5a19989591.jpg","https://media.birdweather.com/species/44/Dunnock-thumbnail-1036624855b82c96db4ad23d1ed9d702.jpg","https://media.birdweather.com/species/44/Dunnock-png200-951bb2cdb9ec585716907d8eac83882e.png","lQgGDwB9pneQhHlwWjeK2ZK6d/kdFaUA",11436496792,"https://media.birdweather.com/soundscapes/6891/6891-20260505-092005.flac",0,3,"birdnetpi"
7463453532,6891,"2026-05-05T11:19:50.000+02:00",0.95,0.999183833599091,9.8355882030499,"almost_certain","2p4",NA,51.5654,6.0076,FALSE,35,"Eurasian Blackbird","Turdus merula","#ff65df","avian","https://media.birdweather.com/species/35/EurasianBlackbird-standard-618b3a5132c7c359fb2a2884c39deb39.jpg","https://media.birdweather.com/species/35/EurasianBlackbird-thumbnail-276878929bed08167d1fd9bf34d63d40.jpg","https://media.birdweather.com/species/35/EurasianBlackbird-png200-ba5a1b43225da4611cac429c52a52c81.png","GfkFFwKRmrx2ZYiaaQe69nlzScn3T7IA",11436488601,"https://media.birdweather.com/soundscapes/6891/6891-20260505-091950.flac",0,3,"birdnetpi"
7463446889,6891,"2026-05-05T11:19:27.000+02:00",0.85,0.999183833599091,9.60672410706136,"almost_certain","2p4",NA,51.5636,6.0091,FALSE,35,"Eurasian Blackbird","Turdus merula","#ff65df","avian","https://media.birdweather.com/species/35/EurasianBlackbird-standard-618b3a5132c7c359fb2a2884c39deb39.jpg","https://media.birdweather.com/species/35/EurasianBlackbird-thumbnail-276878929bed08167d1fd9bf34d63d40.jpg","https://media.birdweather.com/species/35/EurasianBlackbird-png200-ba5a1b43225da4611cac429c52a52c81.png","GfkFFwKRmrx2ZYiaaQe69nlzScn3T7IA",11436479042,"https://media.birdweather.com/soundscapes/6891/6891-20260505-091927.flac",0,3,"birdnetpi"
7463439690,6891,"2026-05-05T11:19:04.000+02:00",0.95,0.999183833599091,9.8355882030499,"almost_certain","2p4",NA,51.5658,6.0083,FALSE,35,"Eurasian Blackbird","Turdus merula","#ff65df","avian","https://media.birdweather.com/species/35/EurasianBlackbird-standard-618b3a5132c7c359fb2a2884c39deb39.jpg","https://media.birdweather.com/species/35/EurasianBlackbird-thumbnail-276878929bed08167d1fd9bf34d63d40.jpg","https://media.birdweather.com/species/35/EurasianBlackbird-png200-ba5a1b43225da4611cac429c52a52c81.png","GfkFFwKRmrx2ZYiaaQe69nlzScn3T7IA",11436468705,"https://media.birdweather.com/soundscapes/6891/6891-20260505-091904.flac",0,3,"birdnetpi"
7463385678,6891,"2026-05-05T11:16:10.000+02:00",0.99,0.672991514205933,9.38253533008261,"almost_certain","2p4",NA,51.5657,6.0037,FALSE,44,"Dunnock","Prunella modularis","#fea614","avian","https://media.birdweather.com/species/44/Dunnock-standard-a705d7131240cedd1c407b5a19989591.jpg","https://media.birdweather.com/species/44/Dunnock-thumbnail-1036624855b82c96db4ad23d1ed9d702.jpg","https://media.birdweather.com/species/44/Dunnock-png200-951bb2cdb9ec585716907d8eac83882e.png","lQgGDwB9pneQhHlwWjeK2ZK6d/kdFaUA",11436388981,"https://media.birdweather.com/soundscapes/6891/6891-20260505-091610.flac",0,3,"birdnetpi"
7463363458,6891,"2026-05-05T11:14:57.000+02:00",0.7,0.992669761180878,9.16157076597247,"almost_certain","2p4",NA,51.5638,6.0066,FALSE,58,"Carrion Crow","Corvus corone","#01a85a","avian","https://media.birdweather.com/species/58/CarrionCrow-standard-ed24da07616d0cd7c5ef9cd2892ec869.jpg","https://media.birdweather.com/species/58/CarrionCrow-thumbnail-38cc6285bbd8f8340f32fa4dc3f58a69.jpg","https://media.birdweather.com/species/58/CarrionCrow-png200-5ec2904f61f6588853b296f54d8d0cb6.png","nggODwDDmZlqdoiPdLeIWIiYaK6A1gMK",11436355875,"https://media.birdweather.com/soundscapes/6891/6891-20260505-091457.flac",0,3,"birdnetpi"
7463346979,6891,"2026-05-05T11:14:01.000+02:00",0.81,0.992669761180878,9.49440703066871,"almost_certain","2p4",NA,51.5696,6.0031,FALSE,58,"Carrion Crow","Corvus corone","#01a85a","avian","https://media.birdweather.com/species/58/CarrionCrow-standard-ed24da07616d0cd7c5ef9cd2892ec869.jpg","https://media.birdweather.com/species/58/CarrionCrow-thumbnail-38cc6285bbd8f8340f32fa4dc3f58a69.jpg","https://media.birdweather.com/species/58/CarrionCrow-png200-5ec2904f61f6588853b296f54d8d0cb6.png","nggODwDDmZlqdoiPdLeIWIiYaK6A1gMK",11436330903,"https://media.birdweather.com/soundscapes/6891/6891-20260505-091401.flac",0,3,"birdnetpi"
7463338010,6891,"2026-05-05T11:13:39.000+02:00",0.73,0.992669761180878,9.26065007233656,"almost_certain","2p4",NA,51.5691,6.0027,FALSE,58,"Carrion Crow","Corvus corone","#01a85a","avian","https://media.birdweather.com/species/58/CarrionCrow-standard-ed24da07616d0cd7c5ef9cd2892ec869.jpg","https://media.birdweather.com/species/58/CarrionCrow-thumbnail-38cc6285bbd8f8340f32fa4dc3f58a69.jpg","https://media.birdweather.com/species/58/CarrionCrow-png200-5ec2904f61f6588853b296f54d8d0cb6.png","nggODwDDmZlqdoiPdLeIWIiYaK6A1gMK",11436317335,"https://media.birdweather.com/soundscapes/6891/6891-20260505-091339.flac",0,3,"birdnetpi"
7463332136,6891,"2026-05-05T11:13:10.000+02:00",0.9,0.997795641422272,9.7240438800164,"almost_certain","2p4",NA,51.5615,6.0086,FALSE,407,"Common Wood-Pigeon","Columba palumbus","#028fb2","avian","https://media.birdweather.com/species/407/CommonWood-Pigeon-standard-5558900260c92622ceef8a812b06518e.jpg","https://media.birdweather.com/species/407/CommonWood-Pigeon-thumbnail-4b86c907c8b82c8af31d566b811dee05.jpg","https://media.birdweather.com/species/407/CommonWood-Pigeon-png200-533b13201573be3895fcec3e61e861b5.png","2ukFHwIHiYeWxnZUiniYZ3h5h6+rCIQH",11436308259,"https://media.birdweather.com/soundscapes/6891/6891-20260505-091310.flac",0,3,"birdnetpi"
7463322528,6891,"2026-05-05T11:12:37.000+02:00",0.93,0.991870403289795,9.78280784900657,"almost_certain","2p4",NA,51.5665,6.0013,FALSE,25,"Common Chaffinch","Fringilla coelebs","#fb7eff","avian","https://media.birdweather.com/species/25/CommonChaffinch-standard-d8edb223d1ec828ee0cda788e8f5f209.jpg","https://media.birdweather.com/species/25/CommonChaffinch-thumbnail-7ba0a46bb0cd7efdb3215242f9528140.jpg","https://media.birdweather.com/species/25/CommonChaffinch-png200-ced617224ab07c316109e2d0e9078f2e.png","WfgJDwKGhIbAbHimmnhluHh2tv25ZoAD",11436293379,"https://media.birdweather.com/soundscapes/6891/6891-20260505-091237.flac",0,3,"birdnetpi"
7463314758,6891,"2026-05-05T11:12:16.000+02:00",0.93,0.991870403289795,9.78280784900657,"almost_certain","2p4",NA,51.5669,6.0092,FALSE,25,"Common Chaffinch","Fringilla coelebs","#fb7eff","avian","https://media.birdweather.com/species/25/CommonChaffinch-standard-d8edb223d1ec828ee0cda788e8f5f209.jpg","https://media.birdweather.com/species/25/CommonChaffinch-thumbnail-7ba0a46bb0cd7efdb3215242f9528140.jpg","https://media.birdweather.com/species/25/CommonChaffinch-png200-ced617224ab07c316109e2d0e9078f2e.png","WfgJDwKGhIbAbHimmnhluHh2tv25ZoAD",11436281107,"https://media.birdweather.com/soundscapes/6891/6891-20260505-091216.flac",0,3,"birdnetpi"
7463306112,6891,"2026-05-05T11:11:41.000+02:00",0.93,0.991870403289795,9.78280784900657,"almost_certain","2p4",NA,51.5641,6.008,FALSE,25,"Common Chaffinch","Fringilla coelebs","#fb7eff","avian","https://media.birdweather.com/species/25/CommonChaffinch-standard-d8edb223d1ec828ee0cda788e8f5f209.jpg","https://media.birdweather.com/species/25/CommonChaffinch-thumbnail-7ba0a46bb0cd7efdb3215242f9528140.jpg","https://media.birdweather.com/species/25/CommonChaffinch-png200-ced617224ab07c316109e2d0e9078f2e.png","WfgJDwKGhIbAbHimmnhluHh2tv25ZoAD",11436267468,"https://media.birdweather.com/soundscapes/6891/6891-20260505-091141.flac",0,3,"birdnetpi"
7463298746,6891,"2026-05-05T11:11:17.000+02:00",0.98,0.991870403289795,9.88743882994144,"almost_certain","2p4",NA,51.562,6.0083,FALSE,25,"Common Chaffinch","Fringilla coelebs","#fb7eff","avian","https://media.birdweather.com/species/25/CommonChaffinch-standard-d8edb223d1ec828ee0cda788e8f5f209.jpg","https://media.birdweather.com/species/25/CommonChaffinch-thumbnail-7ba0a46bb0cd7efdb3215242f9528140.jpg","https://media.birdweather.com/species/25/CommonChaffinch-png200-ced617224ab07c316109e2d0e9078f2e.png","WfgJDwKGhIbAbHimmnhluHh2tv25ZoAD",11436256132,"https://media.birdweather.com/soundscapes/6891/6891-20260505-091117.flac",0,3,"birdnetpi"
7463288188,6891,"2026-05-05T11:10:38.000+02:00",0.93,0.991870403289795,9.78280784900657,"almost_certain","2p4",NA,51.5624,6.0075,FALSE,25,"Common Chaffinch","Fringilla coelebs","#fb7eff","avian","https://media.birdweather.com/species/25/CommonChaffinch-standard-d8edb223d1ec828ee0cda788e8f5f209.jpg","https://media.birdweather.com/species/25/CommonChaffinch-thumbnail-7ba0a46bb0cd7efdb3215242f9528140.jpg","https://media.birdweather.com/species/25/CommonChaffinch-png200-ced617224ab07c316109e2d0e9078f2e.png","WfgJDwKGhIbAbHimmnhluHh2tv25ZoAD",11436239411,"https://media.birdweather.com/soundscapes/6891/6891-20260505-091038.flac",0,3,"birdnetpi"
7463282626,6891,"2026-05-05T11:10:30.000+02:00",0.97,0.991870403289795,9.86714216241579,"almost_certain","2p4",NA,51.5652,6.0038,FALSE,25,"Common Chaffinch","Fringilla coelebs","#fb7eff","avian","https://media.birdweather.com/species/25/CommonChaffinch-standard-d8edb223d1ec828ee0cda788e8f5f209.jpg","https://media.birdweather.com/species/25/CommonChaffinch-thumbnail-7ba0a46bb0cd7efdb3215242f9528140.jpg","https://media.birdweather.com/species/25/CommonChaffinch-png200-ced617224ab07c316109e2d0e9078f2e.png","WfgJDwKGhIbAbHimmnhluHh2tv25ZoAD",11436230743,"https://media.birdweather.com/soundscapes/6891/6891-20260505-091030.flac",0,3,"birdnetpi"
7463281356,6891,"2026-05-05T11:10:15.000+02:00",0.99,0.672991514205933,9.38253533008261,"almost_certain","2p4",NA,51.5641,6.0074,FALSE,44,"Dunnock","Prunella modularis","#fea614","avian","https://media.birdweather.com/species/44/Dunnock-standard-a705d7131240cedd1c407b5a19989591.jpg","https://media.birdweather.com/species/44/Dunnock-thumbnail-1036624855b82c96db4ad23d1ed9d702.jpg","https://media.birdweather.com/species/44/Dunnock-png200-951bb2cdb9ec585716907d8eac83882e.png","lQgGDwB9pneQhHlwWjeK2ZK6d/kdFaUA",11436228900,"https://media.birdweather.com/soundscapes/6891/6891-20260505-091015.flac",0,3,"birdnetpi"
7463273699,6891,"2026-05-05T11:09:57.000+02:00",0.98,0.672991514205933,9.36253497487563,"almost_certain","2p4",NA,51.5645,6.0091,FALSE,44,"Dunnock","Prunella modularis","#fea614","avian","https://media.birdweather.com/species/44/Dunnock-standard-a705d7131240cedd1c407b5a19989591.jpg","https://media.birdweather.com/species/44/Dunnock-thumbnail-1036624855b82c96db4ad23d1ed9d702.jpg","https://media.birdweather.com/species/44/Dunnock-png200-951bb2cdb9ec585716907d8eac83882e.png","lQgGDwB9pneQhHlwWjeK2ZK6d/kdFaUA",11436216661,"https://media.birdweather.com/soundscapes/6891/6891-20260505-090957.flac",0,3,"birdnetpi"
7463271597,6891,"2026-05-05T11:09:42.000+02:00",0.85,0.991870403289795,9.59675973761866,"almost_certain","2p4",NA,51.5659,6.0067,FALSE,25,"Common Chaffinch","Fringilla coelebs","#fb7eff","avian","https://media.birdweather.com/species/25/CommonChaffinch-standard-d8edb223d1ec828ee0cda788e8f5f209.jpg","https://media.birdweather.com/species/25/CommonChaffinch-thumbnail-7ba0a46bb0cd7efdb3215242f9528140.jpg","https://media.birdweather.com/species/25/CommonChaffinch-png200-ced617224ab07c316109e2d0e9078f2e.png","WfgJDwKGhIbAbHimmnhluHh2tv25ZoAD",11436213134,"https://media.birdweather.com/soundscapes/6891/6891-20260505-090942.flac",0,3,"birdnetpi"
7463264649,6891,"2026-05-05T11:09:21.000+02:00",0.93,0.991870403289795,9.78280784900657,"almost_certain","2p4",NA,51.5682,6.0049,FALSE,25,"Common Chaffinch","Fringilla coelebs","#fb7eff","avian","https://media.birdweather.com/species/25/CommonChaffinch-standard-d8edb223d1ec828ee0cda788e8f5f209.jpg","https://media.birdweather.com/species/25/CommonChaffinch-thumbnail-7ba0a46bb0cd7efdb3215242f9528140.jpg","https://media.birdweather.com/species/25/CommonChaffinch-png200-ced617224ab07c316109e2d0e9078f2e.png","WfgJDwKGhIbAbHimmnhluHh2tv25ZoAD",11436201873,"https://media.birdweather.com/soundscapes/6891/6891-20260505-090921.flac",0,3,"birdnetpi"
7463260817,6891,"2026-05-05T11:09:06.000+02:00",0.85,0.672991514205933,9.07185588255285,"almost_certain","2p4",NA,51.5668,6.0019,FALSE,44,"Dunnock","Prunella modularis","#fea614","avian","https://media.birdweather.com/species/44/Dunnock-standard-a705d7131240cedd1c407b5a19989591.jpg","https://media.birdweather.com/species/44/Dunnock-thumbnail-1036624855b82c96db4ad23d1ed9d702.jpg","https://media.birdweather.com/species/44/Dunnock-png200-951bb2cdb9ec585716907d8eac83882e.png","lQgGDwB9pneQhHlwWjeK2ZK6d/kdFaUA",11436195979,"https://media.birdweather.com/soundscapes/6891/6891-20260505-090906.flac",0,3,"birdnetpi"
7463255094,6891,"2026-05-05T11:08:43.000+02:00",0.99,0.672991514205933,9.38253533008261,"almost_certain","2p4",NA,51.5646,6.0014,FALSE,44,"Dunnock","Prunella modularis","#fea614","avian","https://media.birdweather.com/species/44/Dunnock-standard-a705d7131240cedd1c407b5a19989591.jpg","https://media.birdweather.com/species/44/Dunnock-thumbnail-1036624855b82c96db4ad23d1ed9d702.jpg","https://media.birdweather.com/species/44/Dunnock-png200-951bb2cdb9ec585716907d8eac83882e.png","lQgGDwB9pneQhHlwWjeK2ZK6d/kdFaUA",11436186894,"https://media.birdweather.com/soundscapes/6891/6891-20260505-090843.flac",0,3,"birdnetpi"
7463253774,6891,"2026-05-05T11:08:40.000+02:00",0.95,0.991870403289795,9.82562383360719,"almost_certain","2p4",NA,51.5657,6.0048,FALSE,25,"Common Chaffinch","Fringilla coelebs","#fb7eff","avian","https://media.birdweather.com/species/25/CommonChaffinch-standard-d8edb223d1ec828ee0cda788e8f5f209.jpg","https://media.birdweather.com/species/25/CommonChaffinch-thumbnail-7ba0a46bb0cd7efdb3215242f9528140.jpg","https://media.birdweather.com/species/25/CommonChaffinch-png200-ced617224ab07c316109e2d0e9078f2e.png","WfgJDwKGhIbAbHimmnhluHh2tv25ZoAD",11436184705,"https://media.birdweather.com/soundscapes/6891/6891-20260505-090840.flac",0,3,"birdnetpi"
7463247773,6891,"2026-05-05T11:08:22.000+02:00",0.93,0.991870403289795,9.78280784900657,"almost_certain","2p4",NA,51.5701,6.0036,FALSE,25,"Common Chaffinch","Fringilla coelebs","#fb7eff","avian","https://media.birdweather.com/species/25/CommonChaffinch-standard-d8edb223d1ec828ee0cda788e8f5f209.jpg","https://media.birdweather.com/species/25/CommonChaffinch-thumbnail-7ba0a46bb0cd7efdb3215242f9528140.jpg","https://media.birdweather.com/species/25/CommonChaffinch-png200-ced617224ab07c316109e2d0e9078f2e.png","WfgJDwKGhIbAbHimmnhluHh2tv25ZoAD",11436175110,"https://media.birdweather.com/soundscapes/6891/6891-20260505-090822.flac",0,3,"birdnetpi"
7463243493,6891,"2026-05-05T11:08:05.000+02:00",0.9,0.991870403289795,9.71596532409445,"almost_certain","2p4",NA,51.562,6.0038,FALSE,25,"Common Chaffinch","Fringilla coelebs","#fb7eff","avian","https://media.birdweather.com/species/25/CommonChaffinch-standard-d8edb223d1ec828ee0cda788e8f5f209.jpg","https://media.birdweather.com/species/25/CommonChaffinch-thumbnail-7ba0a46bb0cd7efdb3215242f9528140.jpg","https://media.birdweather.com/species/25/CommonChaffinch-png200-ced617224ab07c316109e2d0e9078f2e.png","WfgJDwKGhIbAbHimmnhluHh2tv25ZoAD",11436168396,"https://media.birdweather.com/soundscapes/6891/6891-20260505-090805.flac",0,3,"birdnetpi"
7463235915,6891,"2026-05-05T11:07:35.000+02:00",0.78,0.839938700199127,9.1849488618825,"almost_certain","2p4",NA,51.5689,6.0049,FALSE,1,"House Sparrow","Passer domesticus","#d16ff8","avian","https://media.birdweather.com/species/1/HouseSparrow-standard-b861184cf45c092cdb45fd689dd676ef.jpg","https://media.birdweather.com/species/1/HouseSparrow-thumbnail-e9cbc91763a1579de8ef04880678b5e3.jpg","https://media.birdweather.com/species/1/HouseSparrow-png200-125e8603e1efe9d7a18316b94f06a65e.png","XAgCDwD8qpukuHiqtLZ9mImnmPFcDO4E",11436156202,"https://media.birdweather.com/soundscapes/6891/6891-20260505-090735.flac",0,3,"birdnetpi"
7463227628,6891,"2026-05-05T11:07:05.000+02:00",0.74,0.839938700199127,9.06574327540671,"almost_certain","2p4",NA,51.5616,6.0069,FALSE,1,"House Sparrow","Passer domesticus","#d16ff8","avian","https://media.birdweather.com/species/1/HouseSparrow-standard-b861184cf45c092cdb45fd689dd676ef.jpg","https://media.birdweather.com/species/1/HouseSparrow-thumbnail-e9cbc91763a1579de8ef04880678b5e3.jpg","https://media.birdweather.com/species/1/HouseSparrow-png200-125e8603e1efe9d7a18316b94f06a65e.png","XAgCDwD8qpukuHiqtLZ9mImnmPFcDO4E",11436142991,"https://media.birdweather.com/soundscapes/6891/6891-20260505-090705.flac",0,3,"birdnetpi"
7463221263,6891,"2026-05-05T11:06:48.000+02:00",0.72,0.839938700199127,9.0020108539869,"almost_certain","2p4",NA,51.5671,6.007,FALSE,1,"House Sparrow","Passer domesticus","#d16ff8","avian","https://media.birdweather.com/species/1/HouseSparrow-standard-b861184cf45c092cdb45fd689dd676ef.jpg","https://media.birdweather.com/species/1/HouseSparrow-thumbnail-e9cbc91763a1579de8ef04880678b5e3.jpg","https://media.birdweather.com/species/1/HouseSparrow-png200-125e8603e1efe9d7a18316b94f06a65e.png","XAgCDwD8qpukuHiqtLZ9mImnmPFcDO4E",11436132599,"https://media.birdweather.com/soundscapes/6891/6891-20260505-090648.flac",0,3,"birdnetpi"
7463207778,6891,"2026-05-05T11:06:03.000+02:00",0.98,0.991870403289795,9.88743882994144,"almost_certain","2p4",NA,51.5669,6.0016,FALSE,25,"Common Chaffinch","Fringilla coelebs","#fb7eff","avian","https://media.birdweather.com/species/25/CommonChaffinch-standard-d8edb223d1ec828ee0cda788e8f5f209.jpg","https://media.birdweather.com/species/25/CommonChaffinch-thumbnail-7ba0a46bb0cd7efdb3215242f9528140.jpg","https://media.birdweather.com/species/25/CommonChaffinch-png200-ced617224ab07c316109e2d0e9078f2e.png","WfgJDwKGhIbAbHimmnhluHh2tv25ZoAD",11436110520,"https://media.birdweather.com/soundscapes/6891/6891-20260505-090603.flac",0,3,"birdnetpi"
7463200705,6891,"2026-05-05T11:05:33.000+02:00",0.94,0.991870403289795,9.80438309805292,"almost_certain","2p4",NA,51.5684,6.0028,FALSE,25,"Common Chaffinch","Fringilla coelebs","#fb7eff","avian","https://media.birdweather.com/species/25/CommonChaffinch-standard-d8edb223d1ec828ee0cda788e8f5f209.jpg","https://media.birdweather.com/species/25/CommonChaffinch-thumbnail-7ba0a46bb0cd7efdb3215242f9528140.jpg","https://media.birdweather.com/species/25/CommonChaffinch-png200-ced617224ab07c316109e2d0e9078f2e.png","WfgJDwKGhIbAbHimmnhluHh2tv25ZoAD",11436098747,"https://media.birdweather.com/soundscapes/6891/6891-20260505-090533.flac",0,3,"birdnetpi"
7463194329,6891,"2026-05-05T11:05:11.000+02:00",0.87,0.991870403289795,9.64569351078351,"almost_certain","2p4",NA,51.5659,6.0032,FALSE,25,"Common Chaffinch","Fringilla coelebs","#fb7eff","avian","https://media.birdweather.com/species/25/CommonChaffinch-standard-d8edb223d1ec828ee0cda788e8f5f209.jpg","https://media.birdweather.com/species/25/CommonChaffinch-thumbnail-7ba0a46bb0cd7efdb3215242f9528140.jpg","https://media.birdweather.com/species/25/CommonChaffinch-png200-ced617224ab07c316109e2d0e9078f2e.png","WfgJDwKGhIbAbHimmnhluHh2tv25ZoAD",11436088211,"https://media.birdweather.com/soundscapes/6891/6891-20260505-090511.flac",0,3,"birdnetpi"
7463189877,6891,"2026-05-05T11:04:54.000+02:00",0.98,0.991870403289795,9.88743882994144,"almost_certain","2p4",NA,51.5629,6.0094,FALSE,25,"Common Chaffinch","Fringilla coelebs","#fb7eff","avian","https://media.birdweather.com/species/25/CommonChaffinch-standard-d8edb223d1ec828ee0cda788e8f5f209.jpg","https://media.birdweather.com/species/25/CommonChaffinch-thumbnail-7ba0a46bb0cd7efdb3215242f9528140.jpg","https://media.birdweather.com/species/25/CommonChaffinch-png200-ced617224ab07c316109e2d0e9078f2e.png","WfgJDwKGhIbAbHimmnhluHh2tv25ZoAD",11436080945,"https://media.birdweather.com/soundscapes/6891/6891-20260505-090454.flac",0,3,"birdnetpi"
7463183467,6891,"2026-05-05T11:04:30.000+02:00",0.92,0.991870403289795,9.76088738136195,"almost_certain","2p4",NA,51.5655,6.0094,FALSE,25,"Common Chaffinch","Fringilla coelebs","#fb7eff","avian","https://media.birdweather.com/species/25/CommonChaffinch-standard-d8edb223d1ec828ee0cda788e8f5f209.jpg","https://media.birdweather.com/species/25/CommonChaffinch-thumbnail-7ba0a46bb0cd7efdb3215242f9528140.jpg","https://media.birdweather.com/species/25/CommonChaffinch-png200-ced617224ab07c316109e2d0e9078f2e.png","WfgJDwKGhIbAbHimmnhluHh2tv25ZoAD",11436070067,"https://media.birdweather.com/soundscapes/6891/6891-20260505-090430.flac",0,3,"birdnetpi"
7463164821,6891,"2026-05-05T11:03:16.000+02:00",0.87,0.991870403289795,9.64569351078351,"almost_certain","2p4",NA,51.5647,6.0085,FALSE,25,"Common Chaffinch","Fringilla coelebs","#fb7eff","avian","https://media.birdweather.com/species/25/CommonChaffinch-standard-d8edb223d1ec828ee0cda788e8f5f209.jpg","https://media.birdweather.com/species/25/CommonChaffinch-thumbnail-7ba0a46bb0cd7efdb3215242f9528140.jpg","https://media.birdweather.com/species/25/CommonChaffinch-png200-ced617224ab07c316109e2d0e9078f2e.png","WfgJDwKGhIbAbHimmnhluHh2tv25ZoAD",11436039306,"https://media.birdweather.com/soundscapes/6891/6891-20260505-090316.flac",0,3,"birdnetpi"
7463147445,6891,"2026-05-05T11:02:12.000+02:00",0.81,0.839938700199127,9.26800459377102,"almost_certain","2p4",NA,51.5622,6.0029,FALSE,1,"House Sparrow","Passer domesticus","#d16ff8","avian","https://media.birdweather.com/species/1/HouseSparrow-standard-b861184cf45c092cdb45fd689dd676ef.jpg","https://media.birdweather.com/species/1/HouseSparrow-thumbnail-e9cbc91763a1579de8ef04880678b5e3.jpg","https://media.birdweather.com/species/1/HouseSparrow-png200-125e8603e1efe9d7a18316b94f06a65e.png","XAgCDwD8qpukuHiqtLZ9mImnmPFcDO4E",11436010418,"https://media.birdweather.com/soundscapes/6891/6891-20260505-090212.flac",0,3,"birdnetpi"
7463056837,6891,"2026-05-05T10:56:29.000+02:00",0.96,0.672991514205933,9.32163641536057,"almost_certain","2p4",NA,51.5616,6.0039,FALSE,44,"Dunnock","Prunella modularis","#fea614","avian","https://media.birdweather.com/species/44/Dunnock-standard-a705d7131240cedd1c407b5a19989591.jpg","https://media.birdweather.com/species/44/Dunnock-thumbnail-1036624855b82c96db4ad23d1ed9d702.jpg","https://media.birdweather.com/species/44/Dunnock-png200-951bb2cdb9ec585716907d8eac83882e.png","lQgGDwB9pneQhHlwWjeK2ZK6d/kdFaUA",11435855247,"https://media.birdweather.com/soundscapes/6891/6891-20260505-085629.flac",0,3,"birdnetpi"
7463035819,6891,"2026-05-05T10:55:09.000+02:00",0.89,0.931612968444824,9.60795901093203,"almost_certain","2p4",NA,51.562,6.0062,FALSE,66,"Eurasian Blue Tit","Cyanistes caeruleus","#4b8900","avian","https://media.birdweather.com/species/66/EurasianBlueTit-standard-4ec8e45d78b2908d0f41ae495ae07571.jpg","https://media.birdweather.com/species/66/EurasianBlueTit-thumbnail-4d9abc54a3abc3fb12e78e603cbe6784.jpg","https://media.birdweather.com/species/66/EurasianBlueTit-png200-49adab92304ba7a74e93ac43e38e62d3.png","EfgJBwAKhHiEm2ZheGllqXeZhi/ze3EP",11435818540,"https://media.birdweather.com/soundscapes/6891/6891-20260505-085509.flac",0,3,"birdnetpi"
7462995066,6891,"2026-05-05T10:52:32.000+02:00",0.98,0.999183833599091,9.89740319938414,"almost_certain","2p4",NA,51.5698,6.0085,FALSE,35,"Eurasian Blackbird","Turdus merula","#ff65df","avian","https://media.birdweather.com/species/35/EurasianBlackbird-standard-618b3a5132c7c359fb2a2884c39deb39.jpg","https://media.birdweather.com/species/35/EurasianBlackbird-thumbnail-276878929bed08167d1fd9bf34d63d40.jpg","https://media.birdweather.com/species/35/EurasianBlackbird-png200-ba5a1b43225da4611cac429c52a52c81.png","GfkFFwKRmrx2ZYiaaQe69nlzScn3T7IA",11435748007,"https://media.birdweather.com/soundscapes/6891/6891-20260505-085232.flac",0,3,"birdnetpi"
7462993234,6891,"2026-05-05T10:52:26.000+02:00",0.98,0.672991514205933,9.36253497487563,"almost_certain","2p4",NA,51.5688,6.008,FALSE,44,"Dunnock","Prunella modularis","#fea614","avian","https://media.birdweather.com/species/44/Dunnock-standard-a705d7131240cedd1c407b5a19989591.jpg","https://media.birdweather.com/species/44/Dunnock-thumbnail-1036624855b82c96db4ad23d1ed9d702.jpg","https://media.birdweather.com/species/44/Dunnock-png200-951bb2cdb9ec585716907d8eac83882e.png","lQgGDwB9pneQhHlwWjeK2ZK6d/kdFaUA",11435744432,"https://media.birdweather.com/soundscapes/6891/6891-20260505-085226.flac",0,3,"birdnetpi"
7462989986,6891,"2026-05-05T10:52:12.000+02:00",0.96,0.999183833599091,9.85650463986908,"almost_certain","2p4",NA,51.5683,6.0036,FALSE,35,"Eurasian Blackbird","Turdus merula","#ff65df","avian","https://media.birdweather.com/species/35/EurasianBlackbird-standard-618b3a5132c7c359fb2a2884c39deb39.jpg","https://media.birdweather.com/species/35/EurasianBlackbird-thumbnail-276878929bed08167d1fd9bf34d63d40.jpg","https://media.birdweather.com/species/35/EurasianBlackbird-png200-ba5a1b43225da4611cac429c52a52c81.png","GfkFFwKRmrx2ZYiaaQe69nlzScn3T7IA",11435738582,"https://media.birdweather.com/soundscapes/6891/6891-20260505-085212.flac",0,3,"birdnetpi"
7462983856,6891,"2026-05-05T10:51:50.000+02:00",0.99,0.999183833599091,9.91740355459112,"almost_certain","2p4",NA,51.5661,6.0037,FALSE,35,"Eurasian Blackbird","Turdus merula","#ff65df","avian","https://media.birdweather.com/species/35/EurasianBlackbird-standard-618b3a5132c7c359fb2a2884c39deb39.jpg","https://media.birdweather.com/species/35/EurasianBlackbird-thumbnail-276878929bed08167d1fd9bf34d63d40.jpg","https://media.birdweather.com/species/35/EurasianBlackbird-png200-ba5a1b43225da4611cac429c52a52c81.png","GfkFFwKRmrx2ZYiaaQe69nlzScn3T7IA",11435727765,"https://media.birdweather.com/soundscapes/6891/6891-20260505-085150.flac",0,3,"birdnetpi"
7462981842,6891,"2026-05-05T10:51:41.000+02:00",0.95,0.672991514205933,9.30071997854139,"almost_certain","2p4",NA,51.5642,6.0094,FALSE,44,"Dunnock","Prunella modularis","#fea614","avian","https://media.birdweather.com/species/44/Dunnock-standard-a705d7131240cedd1c407b5a19989591.jpg","https://media.birdweather.com/species/44/Dunnock-thumbnail-1036624855b82c96db4ad23d1ed9d702.jpg","https://media.birdweather.com/species/44/Dunnock-png200-951bb2cdb9ec585716907d8eac83882e.png","lQgGDwB9pneQhHlwWjeK2ZK6d/kdFaUA",11435724050,"https://media.birdweather.com/soundscapes/6891/6891-20260505-085141.flac",0,3,"birdnetpi"
7462976435,6891,"2026-05-05T10:51:18.000+02:00",0.92,0.999183833599091,9.77085175080465,"almost_certain","2p4",NA,51.5681,6.0027,FALSE,35,"Eurasian Blackbird","Turdus merula","#ff65df","avian","https://media.birdweather.com/species/35/EurasianBlackbird-standard-618b3a5132c7c359fb2a2884c39deb39.jpg","https://media.birdweather.com/species/35/EurasianBlackbird-thumbnail-276878929bed08167d1fd9bf34d63d40.jpg","https://media.birdweather.com/species/35/EurasianBlackbird-png200-ba5a1b43225da4611cac429c52a52c81.png","GfkFFwKRmrx2ZYiaaQe69nlzScn3T7IA",11435714503,"https://media.birdweather.com/soundscapes/6891/6891-20260505-085118.flac",0,3,"birdnetpi"
7462959219,6891,"2026-05-05T10:50:10.000+02:00",0.99,0.148204311728477,7.37878000840138,"almost_certain","2p4",NA,51.5667,6.0046,FALSE,143,"Eurasian Oystercatcher","Haematopus ostralegus","#ca8600","avian","https://media.birdweather.com/species/143/EurasianOystercatcher-standard-de054f6108c9ec46b2430e18a3a05899.jpg","https://media.birdweather.com/species/143/EurasianOystercatcher-thumbnail-30dda908d192acf9a6ba366e2d58599a.jpg","https://media.birdweather.com/species/143/EurasianOystercatcher-png200-eaade4c821880831fc0130856cf4cad3.png","3vcRFwKHd4mAiHeCdth4eIeIhYD5CocK",11435683699,"https://media.birdweather.com/soundscapes/6891/6891-20260505-085010.flac",0,3,"birdnetpi"
7462812325,6891,"2026-05-05T10:40:16.000+02:00",0.95,0.962032496929169,9.78420229695055,"almost_certain","2p4",NA,51.5663,6.0086,FALSE,11,"Great Tit","Parus major","#7a41c7","avian","https://media.birdweather.com/species/11/GreatTit-standard-0058e4dcd148acb2e0cb8a7b7c6ad3b2.jpg","https://media.birdweather.com/species/11/GreatTit-thumbnail-6910d0adae4550c5e6f2396322ee64c4.jpg","https://media.birdweather.com/species/11/GreatTit-png200-9f3394faf07d12f615112c10cb9d7f02.png","ImkCDwTFxox9pZloaIaeZLsJp9r1yG4P",11435414680,"https://media.birdweather.com/soundscapes/6891/6891-20260505-084016.flac",0,3,"birdnetpi"
7462794626,6891,"2026-05-05T10:39:02.000+02:00",0.98,0.148204311728477,7.3587796531944,"almost_certain","2p4",NA,51.5649,6.001,FALSE,143,"Eurasian Oystercatcher","Haematopus ostralegus","#ca8600","avian","https://media.birdweather.com/species/143/EurasianOystercatcher-standard-de054f6108c9ec46b2430e18a3a05899.jpg","https://media.birdweather.com/species/143/EurasianOystercatcher-thumbnail-30dda908d192acf9a6ba366e2d58599a.jpg","https://media.birdweather.com/species/143/EurasianOystercatcher-png200-eaade4c821880831fc0130856cf4cad3.png","3vcRFwKHd4mAiHeCdth4eIeIhYD5CocK",11435381808,"https://media.birdweather.com/soundscapes/6891/6891-20260505-083902.flac",0,3,"birdnetpi"
7462668796,6891,"2026-05-05T10:30:20.000+02:00",0.78,0.997795641422272,9.41833721471593,"almost_certain","2p4",NA,51.5699,6.0028,FALSE,407,"Common Wood-Pigeon","Columba palumbus","#028fb2","avian","https://media.birdweather.com/species/407/CommonWood-Pigeon-standard-5558900260c92622ceef8a812b06518e.jpg","https://media.birdweather.com/species/407/CommonWood-Pigeon-thumbnail-4b86c907c8b82c8af31d566b811dee05.jpg","https://media.birdweather.com/species/407/CommonWood-Pigeon-png200-533b13201573be3895fcec3e61e861b5.png","2ukFHwIHiYeWxnZUiniYZ3h5h6+rCIQH",11435142160,"https://media.birdweather.com/soundscapes/6891/6891-20260505-083020.flac",0,3,"birdnetpi"
7462616068,6891,"2026-05-05T10:26:22.000+02:00",0.92,0.991870403289795,9.76088738136195,"almost_certain","2p4",NA,51.5633,6.0033,FALSE,25,"Common Chaffinch","Fringilla coelebs","#fb7eff","avian","https://media.birdweather.com/species/25/CommonChaffinch-standard-d8edb223d1ec828ee0cda788e8f5f209.jpg","https://media.birdweather.com/species/25/CommonChaffinch-thumbnail-7ba0a46bb0cd7efdb3215242f9528140.jpg","https://media.birdweather.com/species/25/CommonChaffinch-png200-ced617224ab07c316109e2d0e9078f2e.png","WfgJDwKGhIbAbHimmnhluHh2tv25ZoAD",11435038862,"https://media.birdweather.com/soundscapes/6891/6891-20260505-082622.flac",0,3,"birdnetpi"
7462612201,6891,"2026-05-05T10:26:12.000+02:00",0.97,0.672991514205933,9.34223830734999,"almost_certain","2p4",NA,51.5671,6.0077,FALSE,44,"Dunnock","Prunella modularis","#fea614","avian","https://media.birdweather.com/species/44/Dunnock-standard-a705d7131240cedd1c407b5a19989591.jpg","https://media.birdweather.com/species/44/Dunnock-thumbnail-1036624855b82c96db4ad23d1ed9d702.jpg","https://media.birdweather.com/species/44/Dunnock-png200-951bb2cdb9ec585716907d8eac83882e.png","lQgGDwB9pneQhHlwWjeK2ZK6d/kdFaUA",11435031136,"https://media.birdweather.com/soundscapes/6891/6891-20260505-082612.flac",0,3,"birdnetpi"
7462601924,6891,"2026-05-05T10:25:28.000+02:00",0.97,0.999183833599091,9.8771065318585,"almost_certain","2p4",NA,51.5686,6.0082,FALSE,35,"Eurasian Blackbird","Turdus merula","#ff65df","avian","https://media.birdweather.com/species/35/EurasianBlackbird-standard-618b3a5132c7c359fb2a2884c39deb39.jpg","https://media.birdweather.com/species/35/EurasianBlackbird-thumbnail-276878929bed08167d1fd9bf34d63d40.jpg","https://media.birdweather.com/species/35/EurasianBlackbird-png200-ba5a1b43225da4611cac429c52a52c81.png","GfkFFwKRmrx2ZYiaaQe69nlzScn3T7IA",11435010754,"https://media.birdweather.com/soundscapes/6891/6891-20260505-082528.flac",0,3,"birdnetpi"
7462583515,6891,"2026-05-05T10:24:07.000+02:00",1,0.672991514205933,9.40224790039199,"almost_certain","2p4",NA,51.5657,6.0035,FALSE,44,"Dunnock","Prunella modularis","#fea614","avian","https://media.birdweather.com/species/44/Dunnock-standard-a705d7131240cedd1c407b5a19989591.jpg","https://media.birdweather.com/species/44/Dunnock-thumbnail-1036624855b82c96db4ad23d1ed9d702.jpg","https://media.birdweather.com/species/44/Dunnock-png200-951bb2cdb9ec585716907d8eac83882e.png","lQgGDwB9pneQhHlwWjeK2ZK6d/kdFaUA",11434974067,"https://media.birdweather.com/soundscapes/6891/6891-20260505-082407.flac",0,3,"birdnetpi"
7462527010,6891,"2026-05-05T10:19:56.000+02:00",0.84,0.999183833599091,9.58158578708593,"almost_certain","2p4",NA,51.5639,6.0086,FALSE,35,"Eurasian Blackbird","Turdus merula","#ff65df","avian","https://media.birdweather.com/species/35/EurasianBlackbird-standard-618b3a5132c7c359fb2a2884c39deb39.jpg","https://media.birdweather.com/species/35/EurasianBlackbird-thumbnail-276878929bed08167d1fd9bf34d63d40.jpg","https://media.birdweather.com/species/35/EurasianBlackbird-png200-ba5a1b43225da4611cac429c52a52c81.png","GfkFFwKRmrx2ZYiaaQe69nlzScn3T7IA",11434862901,"https://media.birdweather.com/soundscapes/6891/6891-20260505-081956.flac",0,3,"birdnetpi"
7462476081,6891,"2026-05-05T10:16:24.000+02:00",0.98,0.672991514205933,9.36253497487563,"almost_certain","2p4",NA,51.5647,6.0034,FALSE,44,"Dunnock","Prunella modularis","#fea614","avian","https://media.birdweather.com/species/44/Dunnock-standard-a705d7131240cedd1c407b5a19989591.jpg","https://media.birdweather.com/species/44/Dunnock-thumbnail-1036624855b82c96db4ad23d1ed9d702.jpg","https://media.birdweather.com/species/44/Dunnock-png200-951bb2cdb9ec585716907d8eac83882e.png","lQgGDwB9pneQhHlwWjeK2ZK6d/kdFaUA",11434762502,"https://media.birdweather.com/soundscapes/6891/6891-20260505-081624.flac",0,3,"birdnetpi"
7462415927,6891,"2026-05-05T10:11:58.000+02:00",0.98,0.672991514205933,9.36253497487563,"almost_certain","2p4",NA,51.5644,6.0077,FALSE,44,"Dunnock","Prunella modularis","#fea614","avian","https://media.birdweather.com/species/44/Dunnock-standard-a705d7131240cedd1c407b5a19989591.jpg","https://media.birdweather.com/species/44/Dunnock-thumbnail-1036624855b82c96db4ad23d1ed9d702.jpg","https://media.birdweather.com/species/44/Dunnock-png200-951bb2cdb9ec585716907d8eac83882e.png","lQgGDwB9pneQhHlwWjeK2ZK6d/kdFaUA",11434645500,"https://media.birdweather.com/soundscapes/6891/6891-20260505-081158.flac",0,3,"birdnetpi"
7462409347,6891,"2026-05-05T10:11:29.000+02:00",0.99,0.236734092235565,7.98764074755935,"almost_certain","2p4",NA,51.5653,6.0024,FALSE,20,"Black Redstart","Phoenicurus ochruros","#c8ce2d","avian","https://media.birdweather.com/species/20/BlackRedstart-standard-4255c9b712ecb46ea7d3df8d556c18e7.jpg","https://media.birdweather.com/species/20/BlackRedstart-thumbnail-2fee59acc1ecc6be7238da194869e940.jpg","https://media.birdweather.com/species/20/BlackRedstart-png200-cbc0625b8b4889aeec1da754ad906efd.png","2QgGFwT8epa+l3ZlZ5hntnh4Z/6oyZ8I",11434632651,"https://media.birdweather.com/soundscapes/6891/6891-20260505-081129.flac",0,3,"birdnetpi"
7462401068,6891,"2026-05-05T10:10:53.000+02:00",0.89,0.236734092235565,7.77314113441194,"almost_certain","2p4",NA,51.5629,6.0017,FALSE,20,"Black Redstart","Phoenicurus ochruros","#c8ce2d","avian","https://media.birdweather.com/species/20/BlackRedstart-standard-4255c9b712ecb46ea7d3df8d556c18e7.jpg","https://media.birdweather.com/species/20/BlackRedstart-thumbnail-2fee59acc1ecc6be7238da194869e940.jpg","https://media.birdweather.com/species/20/BlackRedstart-png200-cbc0625b8b4889aeec1da754ad906efd.png","2QgGFwT8epa+l3ZlZ5hntnh4Z/6oyZ8I",11434615762,"https://media.birdweather.com/soundscapes/6891/6891-20260505-081053.flac",0,3,"birdnetpi"
7462388857,6891,"2026-05-05T10:09:59.000+02:00",0.82,0.236734092235565,7.60011873071766,"almost_certain","2p4",NA,51.5661,6.0091,FALSE,20,"Black Redstart","Phoenicurus ochruros","#c8ce2d","avian","https://media.birdweather.com/species/20/BlackRedstart-standard-4255c9b712ecb46ea7d3df8d556c18e7.jpg","https://media.birdweather.com/species/20/BlackRedstart-thumbnail-2fee59acc1ecc6be7238da194869e940.jpg","https://media.birdweather.com/species/20/BlackRedstart-png200-cbc0625b8b4889aeec1da754ad906efd.png","2QgGFwT8epa+l3ZlZ5hntnh4Z/6oyZ8I",11434591564,"https://media.birdweather.com/soundscapes/6891/6891-20260505-080959.flac",0,3,"birdnetpi"
7462374043,6891,"2026-05-05T10:08:56.000+02:00",0.99,0.672991514205933,9.38253533008261,"almost_certain","2p4",NA,51.5635,6.0039,FALSE,44,"Dunnock","Prunella modularis","#fea614","avian","https://media.birdweather.com/species/44/Dunnock-standard-a705d7131240cedd1c407b5a19989591.jpg","https://media.birdweather.com/species/44/Dunnock-thumbnail-1036624855b82c96db4ad23d1ed9d702.jpg","https://media.birdweather.com/species/44/Dunnock-png200-951bb2cdb9ec585716907d8eac83882e.png","lQgGDwB9pneQhHlwWjeK2ZK6d/kdFaUA",11434561975,"https://media.birdweather.com/soundscapes/6891/6891-20260505-080856.flac",0,3,"birdnetpi"
7462368773,6891,"2026-05-05T10:08:32.000+02:00",0.98,0.672991514205933,9.36253497487563,"almost_certain","2p4",NA,51.5697,6.0083,FALSE,44,"Dunnock","Prunella modularis","#fea614","avian","https://media.birdweather.com/species/44/Dunnock-standard-a705d7131240cedd1c407b5a19989591.jpg","https://media.birdweather.com/species/44/Dunnock-thumbnail-1036624855b82c96db4ad23d1ed9d702.jpg","https://media.birdweather.com/species/44/Dunnock-png200-951bb2cdb9ec585716907d8eac83882e.png","lQgGDwB9pneQhHlwWjeK2ZK6d/kdFaUA",11434551555,"https://media.birdweather.com/soundscapes/6891/6891-20260505-080832.flac",0,3,"birdnetpi"
7462362470,6891,"2026-05-05T10:08:04.000+02:00",0.98,0.672991514205933,9.36253497487563,"almost_certain","2p4",NA,51.5675,6.0068,FALSE,44,"Dunnock","Prunella modularis","#fea614","avian","https://media.birdweather.com/species/44/Dunnock-standard-a705d7131240cedd1c407b5a19989591.jpg","https://media.birdweather.com/species/44/Dunnock-thumbnail-1036624855b82c96db4ad23d1ed9d702.jpg","https://media.birdweather.com/species/44/Dunnock-png200-951bb2cdb9ec585716907d8eac83882e.png","lQgGDwB9pneQhHlwWjeK2ZK6d/kdFaUA",11434539266,"https://media.birdweather.com/soundscapes/6891/6891-20260505-080804.flac",0,3,"birdnetpi"
7462357159,6891,"2026-05-05T10:07:42.000+02:00",0.97,0.672991514205933,9.34223830734999,"almost_certain","2p4",NA,51.566,6.003,FALSE,44,"Dunnock","Prunella modularis","#fea614","avian","https://media.birdweather.com/species/44/Dunnock-standard-a705d7131240cedd1c407b5a19989591.jpg","https://media.birdweather.com/species/44/Dunnock-thumbnail-1036624855b82c96db4ad23d1ed9d702.jpg","https://media.birdweather.com/species/44/Dunnock-png200-951bb2cdb9ec585716907d8eac83882e.png","lQgGDwB9pneQhHlwWjeK2ZK6d/kdFaUA",11434528497,"https://media.birdweather.com/soundscapes/6891/6891-20260505-080742.flac",0,3,"birdnetpi"
7462319188,6891,"2026-05-05T10:04:54.000+02:00",0.8,0.622888922691345,8.83690405295656,"almost_certain","2p4",NA,51.5656,6.0015,FALSE,76,"Eurasian Jackdaw","Corvus monedula","#f36f1b","avian","https://media.birdweather.com/species/76/EurasianJackdaw-standard-55cbd4006f743c538a3264a1fb86d41c.jpg","https://media.birdweather.com/species/76/EurasianJackdaw-thumbnail-80ecf23afe76ea22483b4f8043e19339.jpg","https://media.birdweather.com/species/76/EurasianJackdaw-png200-862dbf9b3725619bb5532ba255c32118.png","4AgKDwL2i2d1homOY0modph5OL/1qHAJ",11434452986,"https://media.birdweather.com/soundscapes/6891/6891-20260505-080454.flac",0,3,"birdnetpi"
7462289748,6891,"2026-05-05T10:02:46.000+02:00",0.95,0.672991514205933,9.30071997854139,"almost_certain","2p4",NA,51.564,6.001,FALSE,44,"Dunnock","Prunella modularis","#fea614","avian","https://media.birdweather.com/species/44/Dunnock-standard-a705d7131240cedd1c407b5a19989591.jpg","https://media.birdweather.com/species/44/Dunnock-thumbnail-1036624855b82c96db4ad23d1ed9d702.jpg","https://media.birdweather.com/species/44/Dunnock-png200-951bb2cdb9ec585716907d8eac83882e.png","lQgGDwB9pneQhHlwWjeK2ZK6d/kdFaUA",11434394604,"https://media.birdweather.com/soundscapes/6891/6891-20260505-080246.flac",0,3,"birdnetpi"
7462285722,6891,"2026-05-05T10:02:28.000+02:00",0.84,0.672991514205933,9.04671756257742,"almost_certain","2p4",NA,51.5685,6.0049,FALSE,44,"Dunnock","Prunella modularis","#fea614","avian","https://media.birdweather.com/species/44/Dunnock-standard-a705d7131240cedd1c407b5a19989591.jpg","https://media.birdweather.com/species/44/Dunnock-thumbnail-1036624855b82c96db4ad23d1ed9d702.jpg","https://media.birdweather.com/species/44/Dunnock-png200-951bb2cdb9ec585716907d8eac83882e.png","lQgGDwB9pneQhHlwWjeK2ZK6d/kdFaUA",11434386449,"https://media.birdweather.com/soundscapes/6891/6891-20260505-080228.flac",0,3,"birdnetpi"
7462268845,6891,"2026-05-05T10:01:13.000+02:00",0.97,0.672991514205933,9.34223830734999,"almost_certain","2p4",NA,51.5647,6.0038,FALSE,44,"Dunnock","Prunella modularis","#fea614","avian","https://media.birdweather.com/species/44/Dunnock-standard-a705d7131240cedd1c407b5a19989591.jpg","https://media.birdweather.com/species/44/Dunnock-thumbnail-1036624855b82c96db4ad23d1ed9d702.jpg","https://media.birdweather.com/species/44/Dunnock-png200-951bb2cdb9ec585716907d8eac83882e.png","lQgGDwB9pneQhHlwWjeK2ZK6d/kdFaUA",11434352492,"https://media.birdweather.com/soundscapes/6891/6891-20260505-080113.flac",0,3,"birdnetpi"
7462190560,6891,"2026-05-05T09:55:29.000+02:00",0.92,0.556647181510925,8.9801420817212,"almost_certain","2p4",NA,51.5642,6.0083,FALSE,294,"European Greenfinch","Chloris chloris","#fea614","avian","https://media.birdweather.com/species/294/EuropeanGreenfinch-standard-34aa36357c06fbf52af390917f29436b.jpg","https://media.birdweather.com/species/294/EuropeanGreenfinch-thumbnail-7466d93ab9340d75d4eec2ca6eeed529.jpg","https://media.birdweather.com/species/294/EuropeanGreenfinch-png200-8b2951bb918db1cbed643a9530efa558.png","FRkGHwJYqWeEd4ifapeoh4ZriPUnaG8B",11434195362,"https://media.birdweather.com/soundscapes/6891/6891-20260505-075529.flac",0,3,"birdnetpi"
7462186768,6891,"2026-05-05T09:55:18.000+02:00",0.89,0.556647181510925,8.91219427236026,"almost_certain","2p4",NA,51.5682,6.0018,FALSE,294,"European Greenfinch","Chloris chloris","#fea614","avian","https://media.birdweather.com/species/294/EuropeanGreenfinch-standard-34aa36357c06fbf52af390917f29436b.jpg","https://media.birdweather.com/species/294/EuropeanGreenfinch-thumbnail-7466d93ab9340d75d4eec2ca6eeed529.jpg","https://media.birdweather.com/species/294/EuropeanGreenfinch-png200-8b2951bb918db1cbed643a9530efa558.png","FRkGHwJYqWeEd4ifapeoh4ZriPUnaG8B",11434188086,"https://media.birdweather.com/soundscapes/6891/6891-20260505-075518.flac",0,3,"birdnetpi"
7462167233,6891,"2026-05-05T09:53:52.000+02:00",0.94,0.672991514205933,9.27947924298712,"almost_certain","2p4",NA,51.5671,6.0069,FALSE,44,"Dunnock","Prunella modularis","#fea614","avian","https://media.birdweather.com/species/44/Dunnock-standard-a705d7131240cedd1c407b5a19989591.jpg","https://media.birdweather.com/species/44/Dunnock-thumbnail-1036624855b82c96db4ad23d1ed9d702.jpg","https://media.birdweather.com/species/44/Dunnock-png200-951bb2cdb9ec585716907d8eac83882e.png","lQgGDwB9pneQhHlwWjeK2ZK6d/kdFaUA",11434148043,"https://media.birdweather.com/soundscapes/6891/6891-20260505-075352.flac",0,3,"birdnetpi"
7462157206,6891,"2026-05-05T09:53:03.000+02:00",0.91,0.999183833599091,9.74857483721031,"almost_certain","2p4",NA,51.5633,6.0027,FALSE,35,"Eurasian Blackbird","Turdus merula","#ff65df","avian","https://media.birdweather.com/species/35/EurasianBlackbird-standard-618b3a5132c7c359fb2a2884c39deb39.jpg","https://media.birdweather.com/species/35/EurasianBlackbird-thumbnail-276878929bed08167d1fd9bf34d63d40.jpg","https://media.birdweather.com/species/35/EurasianBlackbird-png200-ba5a1b43225da4611cac429c52a52c81.png","GfkFFwKRmrx2ZYiaaQe69nlzScn3T7IA",11434127666,"https://media.birdweather.com/soundscapes/6891/6891-20260505-075303.flac",0,3,"birdnetpi"
7462124662,6891,"2026-05-05T09:50:45.000+02:00",0.78,0.999183833599091,9.42022302823668,"almost_certain","2p4",NA,51.5672,6.0088,FALSE,35,"Eurasian Blackbird","Turdus merula","#ff65df","avian","https://media.birdweather.com/species/35/EurasianBlackbird-standard-618b3a5132c7c359fb2a2884c39deb39.jpg","https://media.birdweather.com/species/35/EurasianBlackbird-thumbnail-276878929bed08167d1fd9bf34d63d40.jpg","https://media.birdweather.com/species/35/EurasianBlackbird-png200-ba5a1b43225da4611cac429c52a52c81.png","GfkFFwKRmrx2ZYiaaQe69nlzScn3T7IA",11434062526,"https://media.birdweather.com/soundscapes/6891/6891-20260505-075045.flac",0,3,"birdnetpi"
7462119292,6891,"2026-05-05T09:50:12.000+02:00",0.86,0.999183833599091,9.63140945960003,"almost_certain","2p4",NA,51.5664,6.0013,FALSE,35,"Eurasian Blackbird","Turdus merula","#ff65df","avian","https://media.birdweather.com/species/35/EurasianBlackbird-standard-618b3a5132c7c359fb2a2884c39deb39.jpg","https://media.birdweather.com/species/35/EurasianBlackbird-thumbnail-276878929bed08167d1fd9bf34d63d40.jpg","https://media.birdweather.com/species/35/EurasianBlackbird-png200-ba5a1b43225da4611cac429c52a52c81.png","GfkFFwKRmrx2ZYiaaQe69nlzScn3T7IA",11434052074,"https://media.birdweather.com/soundscapes/6891/6891-20260505-075012.flac",0,3,"birdnetpi"
7462020672,6891,"2026-05-05T09:43:04.000+02:00",0.88,0.991870403289795,9.66952019829877,"almost_certain","2p4",NA,51.5628,6.0008,FALSE,25,"Common Chaffinch","Fringilla coelebs","#fb7eff","avian","https://media.birdweather.com/species/25/CommonChaffinch-standard-d8edb223d1ec828ee0cda788e8f5f209.jpg","https://media.birdweather.com/species/25/CommonChaffinch-thumbnail-7ba0a46bb0cd7efdb3215242f9528140.jpg","https://media.birdweather.com/species/25/CommonChaffinch-png200-ced617224ab07c316109e2d0e9078f2e.png","WfgJDwKGhIbAbHimmnhluHh2tv25ZoAD",11433856615,"https://media.birdweather.com/soundscapes/6891/6891-20260505-074304.flac",0,3,"birdnetpi"
7461957966,6891,"2026-05-05T09:38:34.000+02:00",0.89,0.836401343345642,9.46191607879125,"almost_certain","2p4",NA,51.5678,6.0046,FALSE,95,"White Wagtail","Motacilla alba","#457700","avian","https://media.birdweather.com/species/95/WhiteWagtail-standard-c3e712d95481fd4c30012b3afc4ee61f.jpg","https://media.birdweather.com/species/95/WhiteWagtail-thumbnail-645080e5b8667eaccbc9a938f781f907.jpg","https://media.birdweather.com/species/95/WhiteWagtail-png200-38e3473b44d59c0f49a722ef0b7250cd.png","2PcFJwZKpplweXdymnZouGiofwaoZ4AL",11433734025,"https://media.birdweather.com/soundscapes/6891/6891-20260505-073834.flac",0,3,"birdnetpi"
7461907806,6891,"2026-05-05T09:35:07.000+02:00",0.99,0.672991514205933,9.38253533008261,"almost_certain","2p4",NA,51.5663,6.0043,FALSE,44,"Dunnock","Prunella modularis","#fea614","avian","https://media.birdweather.com/species/44/Dunnock-standard-a705d7131240cedd1c407b5a19989591.jpg","https://media.birdweather.com/species/44/Dunnock-thumbnail-1036624855b82c96db4ad23d1ed9d702.jpg","https://media.birdweather.com/species/44/Dunnock-png200-951bb2cdb9ec585716907d8eac83882e.png","lQgGDwB9pneQhHlwWjeK2ZK6d/kdFaUA",11433636549,"https://media.birdweather.com/soundscapes/6891/6891-20260505-073507.flac",0,3,"birdnetpi"
7461888319,6891,"2026-05-05T09:33:44.000+02:00",0.99,0.672991514205933,9.38253533008261,"almost_certain","2p4",NA,51.5695,6.0018,FALSE,44,"Dunnock","Prunella modularis","#fea614","avian","https://media.birdweather.com/species/44/Dunnock-standard-a705d7131240cedd1c407b5a19989591.jpg","https://media.birdweather.com/species/44/Dunnock-thumbnail-1036624855b82c96db4ad23d1ed9d702.jpg","https://media.birdweather.com/species/44/Dunnock-png200-951bb2cdb9ec585716907d8eac83882e.png","lQgGDwB9pneQhHlwWjeK2ZK6d/kdFaUA",11433598517,"https://media.birdweather.com/soundscapes/6891/6891-20260505-073344.flac",0,3,"birdnetpi"
7461860766,6891,"2026-05-05T09:31:41.000+02:00",0.9,0.991870403289795,9.71596532409445,"almost_certain","2p4",NA,51.57,6.0019,FALSE,25,"Common Chaffinch","Fringilla coelebs","#fb7eff","avian","https://media.birdweather.com/species/25/CommonChaffinch-standard-d8edb223d1ec828ee0cda788e8f5f209.jpg","https://media.birdweather.com/species/25/CommonChaffinch-thumbnail-7ba0a46bb0cd7efdb3215242f9528140.jpg","https://media.birdweather.com/species/25/CommonChaffinch-png200-ced617224ab07c316109e2d0e9078f2e.png","WfgJDwKGhIbAbHimmnhluHh2tv25ZoAD",11433546134,"https://media.birdweather.com/soundscapes/6891/6891-20260505-073141.flac",0,3,"birdnetpi"
7461854749,6891,"2026-05-05T09:31:20.000+02:00",0.91,0.991870403289795,9.73861046776761,"almost_certain","2p4",NA,51.5678,6.0058,FALSE,25,"Common Chaffinch","Fringilla coelebs","#fb7eff","avian","https://media.birdweather.com/species/25/CommonChaffinch-standard-d8edb223d1ec828ee0cda788e8f5f209.jpg","https://media.birdweather.com/species/25/CommonChaffinch-thumbnail-7ba0a46bb0cd7efdb3215242f9528140.jpg","https://media.birdweather.com/species/25/CommonChaffinch-png200-ced617224ab07c316109e2d0e9078f2e.png","WfgJDwKGhIbAbHimmnhluHh2tv25ZoAD",11433534875,"https://media.birdweather.com/soundscapes/6891/6891-20260505-073120.flac",0,3,"birdnetpi"
7461850494,6891,"2026-05-05T09:30:59.000+02:00",0.96,0.991870403289795,9.84654027042637,"almost_certain","2p4",NA,51.562,6.0059,FALSE,25,"Common Chaffinch","Fringilla coelebs","#fb7eff","avian","https://media.birdweather.com/species/25/CommonChaffinch-standard-d8edb223d1ec828ee0cda788e8f5f209.jpg","https://media.birdweather.com/species/25/CommonChaffinch-thumbnail-7ba0a46bb0cd7efdb3215242f9528140.jpg","https://media.birdweather.com/species/25/CommonChaffinch-png200-ced617224ab07c316109e2d0e9078f2e.png","WfgJDwKGhIbAbHimmnhluHh2tv25ZoAD",11433526672,"https://media.birdweather.com/soundscapes/6891/6891-20260505-073059.flac",0,3,"birdnetpi"
7461845230,6891,"2026-05-05T09:30:35.000+02:00",0.88,0.991870403289795,9.66952019829877,"almost_certain","2p4",NA,51.5652,6.0081,FALSE,25,"Common Chaffinch","Fringilla coelebs","#fb7eff","avian","https://media.birdweather.com/species/25/CommonChaffinch-standard-d8edb223d1ec828ee0cda788e8f5f209.jpg","https://media.birdweather.com/species/25/CommonChaffinch-thumbnail-7ba0a46bb0cd7efdb3215242f9528140.jpg","https://media.birdweather.com/species/25/CommonChaffinch-png200-ced617224ab07c316109e2d0e9078f2e.png","WfgJDwKGhIbAbHimmnhluHh2tv25ZoAD",11433516297,"https://media.birdweather.com/soundscapes/6891/6891-20260505-073035.flac",0,3,"birdnetpi"
7461759141,6891,"2026-05-05T09:24:30.000+02:00",0.98,0.997795641422272,9.89551738586339,"almost_certain","2p4",NA,51.5638,6.0069,FALSE,407,"Common Wood-Pigeon","Columba palumbus","#028fb2","avian","https://media.birdweather.com/species/407/CommonWood-Pigeon-standard-5558900260c92622ceef8a812b06518e.jpg","https://media.birdweather.com/species/407/CommonWood-Pigeon-thumbnail-4b86c907c8b82c8af31d566b811dee05.jpg","https://media.birdweather.com/species/407/CommonWood-Pigeon-png200-533b13201573be3895fcec3e61e861b5.png","2ukFHwIHiYeWxnZUiniYZ3h5h6+rCIQH",11433349834,"https://media.birdweather.com/soundscapes/6891/6891-20260505-072430.flac",0,3,"birdnetpi"
7461676966,6891,"2026-05-05T09:18:46.000+02:00",0.99,0.672991514205933,9.38253533008261,"almost_certain","2p4",NA,51.5633,6.0055,FALSE,44,"Dunnock","Prunella modularis","#fea614","avian","https://media.birdweather.com/species/44/Dunnock-standard-a705d7131240cedd1c407b5a19989591.jpg","https://media.birdweather.com/species/44/Dunnock-thumbnail-1036624855b82c96db4ad23d1ed9d702.jpg","https://media.birdweather.com/species/44/Dunnock-png200-951bb2cdb9ec585716907d8eac83882e.png","lQgGDwB9pneQhHlwWjeK2ZK6d/kdFaUA",11433193418,"https://media.birdweather.com/soundscapes/6891/6891-20260505-071846.flac",0,3,"birdnetpi"
7461672086,6891,"2026-05-05T09:18:25.000+02:00",0.91,0.672991514205933,9.2137066127018,"almost_certain","2p4",NA,51.5624,6.008,FALSE,44,"Dunnock","Prunella modularis","#fea614","avian","https://media.birdweather.com/species/44/Dunnock-standard-a705d7131240cedd1c407b5a19989591.jpg","https://media.birdweather.com/species/44/Dunnock-thumbnail-1036624855b82c96db4ad23d1ed9d702.jpg","https://media.birdweather.com/species/44/Dunnock-png200-951bb2cdb9ec585716907d8eac83882e.png","lQgGDwB9pneQhHlwWjeK2ZK6d/kdFaUA",11433183960,"https://media.birdweather.com/soundscapes/6891/6891-20260505-071825.flac",0,3,"birdnetpi"
7461637602,6891,"2026-05-05T09:16:07.000+02:00",0.98,0.672991514205933,9.36253497487563,"almost_certain","2p4",NA,51.5675,6.0063,FALSE,44,"Dunnock","Prunella modularis","#fea614","avian","https://media.birdweather.com/species/44/Dunnock-standard-a705d7131240cedd1c407b5a19989591.jpg","https://media.birdweather.com/species/44/Dunnock-thumbnail-1036624855b82c96db4ad23d1ed9d702.jpg","https://media.birdweather.com/species/44/Dunnock-png200-951bb2cdb9ec585716907d8eac83882e.png","lQgGDwB9pneQhHlwWjeK2ZK6d/kdFaUA",11433117989,"https://media.birdweather.com/soundscapes/6891/6891-20260505-071607.flac",0,3,"birdnetpi"
7461624835,6891,"2026-05-05T09:15:12.000+02:00",0.96,0.672991514205933,9.32163641536057,"almost_certain","2p4",NA,51.5694,6.0071,FALSE,44,"Dunnock","Prunella modularis","#fea614","avian","https://media.birdweather.com/species/44/Dunnock-standard-a705d7131240cedd1c407b5a19989591.jpg","https://media.birdweather.com/species/44/Dunnock-thumbnail-1036624855b82c96db4ad23d1ed9d702.jpg","https://media.birdweather.com/species/44/Dunnock-png200-951bb2cdb9ec585716907d8eac83882e.png","lQgGDwB9pneQhHlwWjeK2ZK6d/kdFaUA",11433093294,"https://media.birdweather.com/soundscapes/6891/6891-20260505-071512.flac",0,3,"birdnetpi"
7461621027,6891,"2026-05-05T09:14:51.000+02:00",0.95,0.672991514205933,9.30071997854139,"almost_certain","2p4",NA,51.5691,6.0058,FALSE,44,"Dunnock","Prunella modularis","#fea614","avian","https://media.birdweather.com/species/44/Dunnock-standard-a705d7131240cedd1c407b5a19989591.jpg","https://media.birdweather.com/species/44/Dunnock-thumbnail-1036624855b82c96db4ad23d1ed9d702.jpg","https://media.birdweather.com/species/44/Dunnock-png200-951bb2cdb9ec585716907d8eac83882e.png","lQgGDwB9pneQhHlwWjeK2ZK6d/kdFaUA",11433086079,"https://media.birdweather.com/soundscapes/6891/6891-20260505-071451.flac",0,3,"birdnetpi"
7461615196,6891,"2026-05-05T09:14:31.000+02:00",0.86,0.672991514205933,9.09654123509152,"almost_certain","2p4",NA,51.5659,6.0042,FALSE,44,"Dunnock","Prunella modularis","#fea614","avian","https://media.birdweather.com/species/44/Dunnock-standard-a705d7131240cedd1c407b5a19989591.jpg","https://media.birdweather.com/species/44/Dunnock-thumbnail-1036624855b82c96db4ad23d1ed9d702.jpg","https://media.birdweather.com/species/44/Dunnock-png200-951bb2cdb9ec585716907d8eac83882e.png","lQgGDwB9pneQhHlwWjeK2ZK6d/kdFaUA",11433074717,"https://media.birdweather.com/soundscapes/6891/6891-20260505-071431.flac",0,3,"birdnetpi"
7461604567,6891,"2026-05-05T09:13:38.000+02:00",0.97,0.672991514205933,9.34223830734999,"almost_certain","2p4",NA,51.5679,6.0071,FALSE,44,"Dunnock","Prunella modularis","#fea614","avian","https://media.birdweather.com/species/44/Dunnock-standard-a705d7131240cedd1c407b5a19989591.jpg","https://media.birdweather.com/species/44/Dunnock-thumbnail-1036624855b82c96db4ad23d1ed9d702.jpg","https://media.birdweather.com/species/44/Dunnock-png200-951bb2cdb9ec585716907d8eac83882e.png","lQgGDwB9pneQhHlwWjeK2ZK6d/kdFaUA",11433054156,"https://media.birdweather.com/soundscapes/6891/6891-20260505-071338.flac",0,3,"birdnetpi"
7461589835,6891,"2026-05-05T09:12:36.000+02:00",0.97,0.672991514205933,9.34223830734999,"almost_certain","2p4",NA,51.5662,6.0033,FALSE,44,"Dunnock","Prunella modularis","#fea614","avian","https://media.birdweather.com/species/44/Dunnock-standard-a705d7131240cedd1c407b5a19989591.jpg","https://media.birdweather.com/species/44/Dunnock-thumbnail-1036624855b82c96db4ad23d1ed9d702.jpg","https://media.birdweather.com/species/44/Dunnock-png200-951bb2cdb9ec585716907d8eac83882e.png","lQgGDwB9pneQhHlwWjeK2ZK6d/kdFaUA",11433025463,"https://media.birdweather.com/soundscapes/6891/6891-20260505-071236.flac",0,3,"birdnetpi"
7461584866,6891,"2026-05-05T09:12:14.000+02:00",0.99,0.997795641422272,9.91551774107037,"almost_certain","2p4",NA,51.5615,6.0005,FALSE,407,"Common Wood-Pigeon","Columba palumbus","#028fb2","avian","https://media.birdweather.com/species/407/CommonWood-Pigeon-standard-5558900260c92622ceef8a812b06518e.jpg","https://media.birdweather.com/species/407/CommonWood-Pigeon-thumbnail-4b86c907c8b82c8af31d566b811dee05.jpg","https://media.birdweather.com/species/407/CommonWood-Pigeon-png200-533b13201573be3895fcec3e61e861b5.png","2ukFHwIHiYeWxnZUiniYZ3h5h6+rCIQH",11433015989,"https://media.birdweather.com/soundscapes/6891/6891-20260505-071214.flac",0,3,"birdnetpi"
7461533375,6891,"2026-05-05T09:08:40.000+02:00",0.91,0.839938700199127,9.51330067085613,"almost_certain","2p4",NA,51.5624,6.0023,FALSE,1,"House Sparrow","Passer domesticus","#d16ff8","avian","https://media.birdweather.com/species/1/HouseSparrow-standard-b861184cf45c092cdb45fd689dd676ef.jpg","https://media.birdweather.com/species/1/HouseSparrow-thumbnail-e9cbc91763a1579de8ef04880678b5e3.jpg","https://media.birdweather.com/species/1/HouseSparrow-png200-125e8603e1efe9d7a18316b94f06a65e.png","XAgCDwD8qpukuHiqtLZ9mImnmPFcDO4E",11432916038,"https://media.birdweather.com/soundscapes/6891/6891-20260505-070840.flac",0,3,"birdnetpi"
7461527846,6891,"2026-05-05T09:08:14.000+02:00",0.8,0.839938700199127,9.24087499437525,"almost_certain","2p4",NA,51.5669,6.002,FALSE,1,"House Sparrow","Passer domesticus","#d16ff8","avian","https://media.birdweather.com/species/1/HouseSparrow-standard-b861184cf45c092cdb45fd689dd676ef.jpg","https://media.birdweather.com/species/1/HouseSparrow-thumbnail-e9cbc91763a1579de8ef04880678b5e3.jpg","https://media.birdweather.com/species/1/HouseSparrow-png200-125e8603e1efe9d7a18316b94f06a65e.png","XAgCDwD8qpukuHiqtLZ9mImnmPFcDO4E",11432905212,"https://media.birdweather.com/soundscapes/6891/6891-20260505-070814.flac",0,3,"birdnetpi"
7461495729,6891,"2026-05-05T09:06:03.000+02:00",0.81,0.999183833599091,9.5032787601252,"almost_certain","2p4",NA,51.569,6.0017,FALSE,35,"Eurasian Blackbird","Turdus merula","#ff65df","avian","https://media.birdweather.com/species/35/EurasianBlackbird-standard-618b3a5132c7c359fb2a2884c39deb39.jpg","https://media.birdweather.com/species/35/EurasianBlackbird-thumbnail-276878929bed08167d1fd9bf34d63d40.jpg","https://media.birdweather.com/species/35/EurasianBlackbird-png200-ba5a1b43225da4611cac429c52a52c81.png","GfkFFwKRmrx2ZYiaaQe69nlzScn3T7IA",11432842674,"https://media.birdweather.com/soundscapes/6891/6891-20260505-070603.flac",0,3,"birdnetpi"
7461477877,6891,"2026-05-05T09:04:37.000+02:00",0.89,0.716157495975494,9.25199547194114,"almost_certain","2p4",NA,51.5633,6.0066,FALSE,201,"Graylag Goose","Anser anser","#844800","avian","https://media.birdweather.com/species/201/GraylagGoose-standard-5235ddd797e4ea12096e170348c7ba78.jpg","https://media.birdweather.com/species/201/GraylagGoose-thumbnail-dcbb525def2966bd14949956147c5dba.jpg","https://media.birdweather.com/species/201/GraylagGoose-png200-40b0bbf2cd8e268c481e679711a36bb6.png","GtkFHwTASHhwaYe4ZomGWWSKiJ74ZlQA",11432807698,"https://media.birdweather.com/soundscapes/6891/6891-20260505-070437.flac",0,3,"birdnetpi"
7461391305,6891,"2026-05-05T08:58:30.000+02:00",0.92,0.991870403289795,9.76088738136195,"almost_certain","2p4",NA,51.5636,6.002,FALSE,25,"Common Chaffinch","Fringilla coelebs","#fb7eff","avian","https://media.birdweather.com/species/25/CommonChaffinch-standard-d8edb223d1ec828ee0cda788e8f5f209.jpg","https://media.birdweather.com/species/25/CommonChaffinch-thumbnail-7ba0a46bb0cd7efdb3215242f9528140.jpg","https://media.birdweather.com/species/25/CommonChaffinch-png200-ced617224ab07c316109e2d0e9078f2e.png","WfgJDwKGhIbAbHimmnhluHh2tv25ZoAD",11432639708,"https://media.birdweather.com/soundscapes/6891/6891-20260505-065830.flac",0,3,"birdnetpi"
7461372449,6891,"2026-05-05T08:57:10.000+02:00",0.94,0.991870403289795,9.80438309805292,"almost_certain","2p4",NA,51.5696,6.0032,FALSE,25,"Common Chaffinch","Fringilla coelebs","#fb7eff","avian","https://media.birdweather.com/species/25/CommonChaffinch-standard-d8edb223d1ec828ee0cda788e8f5f209.jpg","https://media.birdweather.com/species/25/CommonChaffinch-thumbnail-7ba0a46bb0cd7efdb3215242f9528140.jpg","https://media.birdweather.com/species/25/CommonChaffinch-png200-ced617224ab07c316109e2d0e9078f2e.png","WfgJDwKGhIbAbHimmnhluHh2tv25ZoAD",11432603623,"https://media.birdweather.com/soundscapes/6891/6891-20260505-065710.flac",0,3,"birdnetpi"
7461357609,6891,"2026-05-05T08:56:09.000+02:00",0.96,0.991870403289795,9.84654027042637,"almost_certain","2p4",NA,51.5682,6.0037,FALSE,25,"Common Chaffinch","Fringilla coelebs","#fb7eff","avian","https://media.birdweather.com/species/25/CommonChaffinch-standard-d8edb223d1ec828ee0cda788e8f5f209.jpg","https://media.birdweather.com/species/25/CommonChaffinch-thumbnail-7ba0a46bb0cd7efdb3215242f9528140.jpg","https://media.birdweather.com/species/25/CommonChaffinch-png200-ced617224ab07c316109e2d0e9078f2e.png","WfgJDwKGhIbAbHimmnhluHh2tv25ZoAD",11432575274,"https://media.birdweather.com/soundscapes/6891/6891-20260505-065609.flac",0,3,"birdnetpi"
7461354056,6891,"2026-05-05T08:55:55.000+02:00",0.83,0.991870403289795,9.54601319541658,"almost_certain","2p4",NA,51.5696,6.0023,FALSE,25,"Common Chaffinch","Fringilla coelebs","#fb7eff","avian","https://media.birdweather.com/species/25/CommonChaffinch-standard-d8edb223d1ec828ee0cda788e8f5f209.jpg","https://media.birdweather.com/species/25/CommonChaffinch-thumbnail-7ba0a46bb0cd7efdb3215242f9528140.jpg","https://media.birdweather.com/species/25/CommonChaffinch-png200-ced617224ab07c316109e2d0e9078f2e.png","WfgJDwKGhIbAbHimmnhluHh2tv25ZoAD",11432568605,"https://media.birdweather.com/soundscapes/6891/6891-20260505-065555.flac",0,3,"birdnetpi"
7461318332,6891,"2026-05-05T08:53:26.000+02:00",0.99,0.672991514205933,9.38253533008261,"almost_certain","2p4",NA,51.5678,6.0014,FALSE,44,"Dunnock","Prunella modularis","#fea614","avian","https://media.birdweather.com/species/44/Dunnock-standard-a705d7131240cedd1c407b5a19989591.jpg","https://media.birdweather.com/species/44/Dunnock-thumbnail-1036624855b82c96db4ad23d1ed9d702.jpg","https://media.birdweather.com/species/44/Dunnock-png200-951bb2cdb9ec585716907d8eac83882e.png","lQgGDwB9pneQhHlwWjeK2ZK6d/kdFaUA",11432500361,"https://media.birdweather.com/soundscapes/6891/6891-20260505-065326.flac",0,3,"birdnetpi"
7461313000,6891,"2026-05-05T08:53:03.000+02:00",0.99,0.672991514205933,9.38253533008261,"almost_certain","2p4",NA,51.5692,6.0008,FALSE,44,"Dunnock","Prunella modularis","#fea614","avian","https://media.birdweather.com/species/44/Dunnock-standard-a705d7131240cedd1c407b5a19989591.jpg","https://media.birdweather.com/species/44/Dunnock-thumbnail-1036624855b82c96db4ad23d1ed9d702.jpg","https://media.birdweather.com/species/44/Dunnock-png200-951bb2cdb9ec585716907d8eac83882e.png","lQgGDwB9pneQhHlwWjeK2ZK6d/kdFaUA",11432490355,"https://media.birdweather.com/soundscapes/6891/6891-20260505-065303.flac",0,3,"birdnetpi"
7461306662,6891,"2026-05-05T08:52:43.000+02:00",0.99,0.672991514205933,9.38253533008261,"almost_certain","2p4",NA,51.5651,6.0091,FALSE,44,"Dunnock","Prunella modularis","#fea614","avian","https://media.birdweather.com/species/44/Dunnock-standard-a705d7131240cedd1c407b5a19989591.jpg","https://media.birdweather.com/species/44/Dunnock-thumbnail-1036624855b82c96db4ad23d1ed9d702.jpg","https://media.birdweather.com/species/44/Dunnock-png200-951bb2cdb9ec585716907d8eac83882e.png","lQgGDwB9pneQhHlwWjeK2ZK6d/kdFaUA",11432478380,"https://media.birdweather.com/soundscapes/6891/6891-20260505-065243.flac",0,3,"birdnetpi"
7461301266,6891,"2026-05-05T08:52:13.000+02:00",0.99,0.672991514205933,9.38253533008261,"almost_certain","2p4",NA,51.5701,6.0022,FALSE,44,"Dunnock","Prunella modularis","#fea614","avian","https://media.birdweather.com/species/44/Dunnock-standard-a705d7131240cedd1c407b5a19989591.jpg","https://media.birdweather.com/species/44/Dunnock-thumbnail-1036624855b82c96db4ad23d1ed9d702.jpg","https://media.birdweather.com/species/44/Dunnock-png200-951bb2cdb9ec585716907d8eac83882e.png","lQgGDwB9pneQhHlwWjeK2ZK6d/kdFaUA",11432467877,"https://media.birdweather.com/soundscapes/6891/6891-20260505-065213.flac",0,3,"birdnetpi"
7461283152,6891,"2026-05-05T08:51:01.000+02:00",0.97,0.672991514205933,9.34223830734999,"almost_certain","2p4",NA,51.5689,6.0025,FALSE,44,"Dunnock","Prunella modularis","#fea614","avian","https://media.birdweather.com/species/44/Dunnock-standard-a705d7131240cedd1c407b5a19989591.jpg","https://media.birdweather.com/species/44/Dunnock-thumbnail-1036624855b82c96db4ad23d1ed9d702.jpg","https://media.birdweather.com/species/44/Dunnock-png200-951bb2cdb9ec585716907d8eac83882e.png","lQgGDwB9pneQhHlwWjeK2ZK6d/kdFaUA",11432432407,"https://media.birdweather.com/soundscapes/6891/6891-20260505-065101.flac",0,3,"birdnetpi"
7461266868,6891,"2026-05-05T08:49:49.000+02:00",0.88,0.999183833599091,9.67948456774147,"almost_certain","2p4",NA,51.5682,6.0044,FALSE,35,"Eurasian Blackbird","Turdus merula","#ff65df","avian","https://media.birdweather.com/species/35/EurasianBlackbird-standard-618b3a5132c7c359fb2a2884c39deb39.jpg","https://media.birdweather.com/species/35/EurasianBlackbird-thumbnail-276878929bed08167d1fd9bf34d63d40.jpg","https://media.birdweather.com/species/35/EurasianBlackbird-png200-ba5a1b43225da4611cac429c52a52c81.png","GfkFFwKRmrx2ZYiaaQe69nlzScn3T7IA",11432401825,"https://media.birdweather.com/soundscapes/6891/6891-20260505-064949.flac",0,3,"birdnetpi"
7461173003,6891,"2026-05-05T08:43:16.000+02:00",0.73,0.236734092235565,7.33975899476129,"almost_certain","2p4",NA,51.5628,6.003,FALSE,20,"Black Redstart","Phoenicurus ochruros","#c8ce2d","avian","https://media.birdweather.com/species/20/BlackRedstart-standard-4255c9b712ecb46ea7d3df8d556c18e7.jpg","https://media.birdweather.com/species/20/BlackRedstart-thumbnail-2fee59acc1ecc6be7238da194869e940.jpg","https://media.birdweather.com/species/20/BlackRedstart-png200-cbc0625b8b4889aeec1da754ad906efd.png","2QgGFwT8epa+l3ZlZ5hntnh4Z/6oyZ8I",11432222138,"https://media.birdweather.com/soundscapes/6891/6891-20260505-064316.flac",0,3,"birdnetpi"
7461171572,6891,"2026-05-05T08:43:10.000+02:00",0.89,0.991870403289795,9.69293957200101,"almost_certain","2p4",NA,51.5651,6.0023,FALSE,25,"Common Chaffinch","Fringilla coelebs","#fb7eff","avian","https://media.birdweather.com/species/25/CommonChaffinch-standard-d8edb223d1ec828ee0cda788e8f5f209.jpg","https://media.birdweather.com/species/25/CommonChaffinch-thumbnail-7ba0a46bb0cd7efdb3215242f9528140.jpg","https://media.birdweather.com/species/25/CommonChaffinch-png200-ced617224ab07c316109e2d0e9078f2e.png","WfgJDwKGhIbAbHimmnhluHh2tv25ZoAD",11432219377,"https://media.birdweather.com/soundscapes/6891/6891-20260505-064310.flac",0,3,"birdnetpi"
7461167794,6891,"2026-05-05T08:43:00.000+02:00",0.7,0.999183833599091,9.17044249542897,"almost_certain","2p4",NA,51.564,6.0077,FALSE,35,"Eurasian Blackbird","Turdus merula","#ff65df","avian","https://media.birdweather.com/species/35/EurasianBlackbird-standard-618b3a5132c7c359fb2a2884c39deb39.jpg","https://media.birdweather.com/species/35/EurasianBlackbird-thumbnail-276878929bed08167d1fd9bf34d63d40.jpg","https://media.birdweather.com/species/35/EurasianBlackbird-png200-ba5a1b43225da4611cac429c52a52c81.png","GfkFFwKRmrx2ZYiaaQe69nlzScn3T7IA",11432212196,"https://media.birdweather.com/soundscapes/6891/6891-20260505-064300.flac",0,3,"birdnetpi"
7461131211,6891,"2026-05-05T08:40:29.000+02:00",0.87,0.991870403289795,9.64569351078351,"almost_certain","2p4",NA,51.5683,6.0019,FALSE,25,"Common Chaffinch","Fringilla coelebs","#fb7eff","avian","https://media.birdweather.com/species/25/CommonChaffinch-standard-d8edb223d1ec828ee0cda788e8f5f209.jpg","https://media.birdweather.com/species/25/CommonChaffinch-thumbnail-7ba0a46bb0cd7efdb3215242f9528140.jpg","https://media.birdweather.com/species/25/CommonChaffinch-png200-ced617224ab07c316109e2d0e9078f2e.png","WfgJDwKGhIbAbHimmnhluHh2tv25ZoAD",11432141639,"https://media.birdweather.com/soundscapes/6891/6891-20260505-064029.flac",0,3,"birdnetpi"
7461122623,6891,"2026-05-05T08:39:45.000+02:00",0.99,0.672991514205933,9.38253533008261,"almost_certain","2p4",NA,51.5656,6.0048,FALSE,44,"Dunnock","Prunella modularis","#fea614","avian","https://media.birdweather.com/species/44/Dunnock-standard-a705d7131240cedd1c407b5a19989591.jpg","https://media.birdweather.com/species/44/Dunnock-thumbnail-1036624855b82c96db4ad23d1ed9d702.jpg","https://media.birdweather.com/species/44/Dunnock-png200-951bb2cdb9ec585716907d8eac83882e.png","lQgGDwB9pneQhHlwWjeK2ZK6d/kdFaUA",11432125566,"https://media.birdweather.com/soundscapes/6891/6891-20260505-063945.flac",0,3,"birdnetpi"
7461109311,6891,"2026-05-05T08:38:56.000+02:00",0.99,0.672991514205933,9.38253533008261,"almost_certain","2p4",NA,51.5663,6.0046,FALSE,44,"Dunnock","Prunella modularis","#fea614","avian","https://media.birdweather.com/species/44/Dunnock-standard-a705d7131240cedd1c407b5a19989591.jpg","https://media.birdweather.com/species/44/Dunnock-thumbnail-1036624855b82c96db4ad23d1ed9d702.jpg","https://media.birdweather.com/species/44/Dunnock-png200-951bb2cdb9ec585716907d8eac83882e.png","lQgGDwB9pneQhHlwWjeK2ZK6d/kdFaUA",11432100031,"https://media.birdweather.com/soundscapes/6891/6891-20260505-063856.flac",0,3,"birdnetpi"
7461085169,6891,"2026-05-05T08:37:09.000+02:00",0.83,0.999183833599091,9.55597756485928,"almost_certain","2p4",NA,51.5692,6.0005,FALSE,35,"Eurasian Blackbird","Turdus merula","#ff65df","avian","https://media.birdweather.com/species/35/EurasianBlackbird-standard-618b3a5132c7c359fb2a2884c39deb39.jpg","https://media.birdweather.com/species/35/EurasianBlackbird-thumbnail-276878929bed08167d1fd9bf34d63d40.jpg","https://media.birdweather.com/species/35/EurasianBlackbird-png200-ba5a1b43225da4611cac429c52a52c81.png","GfkFFwKRmrx2ZYiaaQe69nlzScn3T7IA",11432053673,"https://media.birdweather.com/soundscapes/6891/6891-20260505-063709.flac",0,3,"birdnetpi"
7461077515,6891,"2026-05-05T08:36:37.000+02:00",0.79,0.991870403289795,9.43850708226173,"almost_certain","2p4",NA,51.5643,6.0094,FALSE,25,"Common Chaffinch","Fringilla coelebs","#fb7eff","avian","https://media.birdweather.com/species/25/CommonChaffinch-standard-d8edb223d1ec828ee0cda788e8f5f209.jpg","https://media.birdweather.com/species/25/CommonChaffinch-thumbnail-7ba0a46bb0cd7efdb3215242f9528140.jpg","https://media.birdweather.com/species/25/CommonChaffinch-png200-ced617224ab07c316109e2d0e9078f2e.png","WfgJDwKGhIbAbHimmnhluHh2tv25ZoAD",11432038559,"https://media.birdweather.com/soundscapes/6891/6891-20260505-063637.flac",0,3,"birdnetpi"
7461070085,6891,"2026-05-05T08:36:11.000+02:00",0.87,0.991870403289795,9.64569351078351,"almost_certain","2p4",NA,51.5618,6.0018,FALSE,25,"Common Chaffinch","Fringilla coelebs","#fb7eff","avian","https://media.birdweather.com/species/25/CommonChaffinch-standard-d8edb223d1ec828ee0cda788e8f5f209.jpg","https://media.birdweather.com/species/25/CommonChaffinch-thumbnail-7ba0a46bb0cd7efdb3215242f9528140.jpg","https://media.birdweather.com/species/25/CommonChaffinch-png200-ced617224ab07c316109e2d0e9078f2e.png","WfgJDwKGhIbAbHimmnhluHh2tv25ZoAD",11432024367,"https://media.birdweather.com/soundscapes/6891/6891-20260505-063611.flac",0,3,"birdnetpi"
7461062604,6891,"2026-05-05T08:35:34.000+02:00",0.98,0.991870403289795,9.88743882994144,"almost_certain","2p4",NA,51.5686,6.006,FALSE,25,"Common Chaffinch","Fringilla coelebs","#fb7eff","avian","https://media.birdweather.com/species/25/CommonChaffinch-standard-d8edb223d1ec828ee0cda788e8f5f209.jpg","https://media.birdweather.com/species/25/CommonChaffinch-thumbnail-7ba0a46bb0cd7efdb3215242f9528140.jpg","https://media.birdweather.com/species/25/CommonChaffinch-png200-ced617224ab07c316109e2d0e9078f2e.png","WfgJDwKGhIbAbHimmnhluHh2tv25ZoAD",11432010119,"https://media.birdweather.com/soundscapes/6891/6891-20260505-063534.flac",0,3,"birdnetpi"
7461047019,6891,"2026-05-05T08:34:29.000+02:00",0.87,0.991870403289795,9.64569351078351,"almost_certain","2p4",NA,51.5633,6.0005,FALSE,25,"Common Chaffinch","Fringilla coelebs","#fb7eff","avian","https://media.birdweather.com/species/25/CommonChaffinch-standard-d8edb223d1ec828ee0cda788e8f5f209.jpg","https://media.birdweather.com/species/25/CommonChaffinch-thumbnail-7ba0a46bb0cd7efdb3215242f9528140.jpg","https://media.birdweather.com/species/25/CommonChaffinch-png200-ced617224ab07c316109e2d0e9078f2e.png","WfgJDwKGhIbAbHimmnhluHh2tv25ZoAD",11431980931,"https://media.birdweather.com/soundscapes/6891/6891-20260505-063429.flac",0,3,"birdnetpi"
7461022570,6891,"2026-05-05T08:32:49.000+02:00",0.76,0.672991514205933,8.82704813197443,"almost_certain","2p4",NA,51.5621,6.0045,FALSE,44,"Dunnock","Prunella modularis","#fea614","avian","https://media.birdweather.com/species/44/Dunnock-standard-a705d7131240cedd1c407b5a19989591.jpg","https://media.birdweather.com/species/44/Dunnock-thumbnail-1036624855b82c96db4ad23d1ed9d702.jpg","https://media.birdweather.com/species/44/Dunnock-png200-951bb2cdb9ec585716907d8eac83882e.png","lQgGDwB9pneQhHlwWjeK2ZK6d/kdFaUA",11431935056,"https://media.birdweather.com/soundscapes/6891/6891-20260505-063249.flac",0,3,"birdnetpi"
7461012441,6891,"2026-05-05T08:32:15.000+02:00",0.95,0.991870403289795,9.82562383360719,"almost_certain","2p4",NA,51.5624,6.0071,FALSE,25,"Common Chaffinch","Fringilla coelebs","#fb7eff","avian","https://media.birdweather.com/species/25/CommonChaffinch-standard-d8edb223d1ec828ee0cda788e8f5f209.jpg","https://media.birdweather.com/species/25/CommonChaffinch-thumbnail-7ba0a46bb0cd7efdb3215242f9528140.jpg","https://media.birdweather.com/species/25/CommonChaffinch-png200-ced617224ab07c316109e2d0e9078f2e.png","WfgJDwKGhIbAbHimmnhluHh2tv25ZoAD",11431916252,"https://media.birdweather.com/soundscapes/6891/6891-20260505-063215.flac",0,3,"birdnetpi"
7460996362,6891,"2026-05-05T08:31:11.000+02:00",0.93,0.991870403289795,9.78280784900657,"almost_certain","2p4",NA,51.562,6.0067,FALSE,25,"Common Chaffinch","Fringilla coelebs","#fb7eff","avian","https://media.birdweather.com/species/25/CommonChaffinch-standard-d8edb223d1ec828ee0cda788e8f5f209.jpg","https://media.birdweather.com/species/25/CommonChaffinch-thumbnail-7ba0a46bb0cd7efdb3215242f9528140.jpg","https://media.birdweather.com/species/25/CommonChaffinch-png200-ced617224ab07c316109e2d0e9078f2e.png","WfgJDwKGhIbAbHimmnhluHh2tv25ZoAD",11431885975,"https://media.birdweather.com/soundscapes/6891/6891-20260505-063111.flac",0,3,"birdnetpi"
7460989591,6891,"2026-05-05T08:30:37.000+02:00",0.75,0.991870403289795,9.32184088483551,"almost_certain","2p4",NA,51.5688,6.0007,FALSE,25,"Common Chaffinch","Fringilla coelebs","#fb7eff","avian","https://media.birdweather.com/species/25/CommonChaffinch-standard-d8edb223d1ec828ee0cda788e8f5f209.jpg","https://media.birdweather.com/species/25/CommonChaffinch-thumbnail-7ba0a46bb0cd7efdb3215242f9528140.jpg","https://media.birdweather.com/species/25/CommonChaffinch-png200-ced617224ab07c316109e2d0e9078f2e.png","WfgJDwKGhIbAbHimmnhluHh2tv25ZoAD",11431873215,"https://media.birdweather.com/soundscapes/6891/6891-20260505-063037.flac",0,3,"birdnetpi"
7460917563,6891,"2026-05-05T08:25:35.000+02:00",0.94,0.672991514205933,9.27947924298712,"almost_certain","2p4",NA,51.5638,6.0026,FALSE,44,"Dunnock","Prunella modularis","#fea614","avian","https://media.birdweather.com/species/44/Dunnock-standard-a705d7131240cedd1c407b5a19989591.jpg","https://media.birdweather.com/species/44/Dunnock-thumbnail-1036624855b82c96db4ad23d1ed9d702.jpg","https://media.birdweather.com/species/44/Dunnock-png200-951bb2cdb9ec585716907d8eac83882e.png","lQgGDwB9pneQhHlwWjeK2ZK6d/kdFaUA",11431736973,"https://media.birdweather.com/soundscapes/6891/6891-20260505-062535.flac",0,3,"birdnetpi"
7460912672,6891,"2026-05-05T08:25:23.000+02:00",1,0.672991514205933,9.40224790039199,"almost_certain","2p4",NA,51.5657,6.0025,FALSE,44,"Dunnock","Prunella modularis","#fea614","avian","https://media.birdweather.com/species/44/Dunnock-standard-a705d7131240cedd1c407b5a19989591.jpg","https://media.birdweather.com/species/44/Dunnock-thumbnail-1036624855b82c96db4ad23d1ed9d702.jpg","https://media.birdweather.com/species/44/Dunnock-png200-951bb2cdb9ec585716907d8eac83882e.png","lQgGDwB9pneQhHlwWjeK2ZK6d/kdFaUA",11431727981,"https://media.birdweather.com/soundscapes/6891/6891-20260505-062523.flac",0,3,"birdnetpi"
7460884676,6891,"2026-05-05T08:23:27.000+02:00",0.8,0.672991514205933,8.94128093622093,"almost_certain","2p4",NA,51.5622,6.0076,FALSE,44,"Dunnock","Prunella modularis","#fea614","avian","https://media.birdweather.com/species/44/Dunnock-standard-a705d7131240cedd1c407b5a19989591.jpg","https://media.birdweather.com/species/44/Dunnock-thumbnail-1036624855b82c96db4ad23d1ed9d702.jpg","https://media.birdweather.com/species/44/Dunnock-png200-951bb2cdb9ec585716907d8eac83882e.png","lQgGDwB9pneQhHlwWjeK2ZK6d/kdFaUA",11431675503,"https://media.birdweather.com/soundscapes/6891/6891-20260505-062327.flac",0,3,"birdnetpi"
7460878549,6891,"2026-05-05T08:22:57.000+02:00",0.81,0.672991514205933,8.96841053561669,"almost_certain","2p4",NA,51.5628,6.0079,FALSE,44,"Dunnock","Prunella modularis","#fea614","avian","https://media.birdweather.com/species/44/Dunnock-standard-a705d7131240cedd1c407b5a19989591.jpg","https://media.birdweather.com/species/44/Dunnock-thumbnail-1036624855b82c96db4ad23d1ed9d702.jpg","https://media.birdweather.com/species/44/Dunnock-png200-951bb2cdb9ec585716907d8eac83882e.png","lQgGDwB9pneQhHlwWjeK2ZK6d/kdFaUA",11431663723,"https://media.birdweather.com/soundscapes/6891/6891-20260505-062257.flac",0,3,"birdnetpi"
7460868820,6891,"2026-05-05T08:22:23.000+02:00",0.98,0.672991514205933,9.36253497487563,"almost_certain","2p4",NA,51.5629,6.0075,FALSE,44,"Dunnock","Prunella modularis","#fea614","avian","https://media.birdweather.com/species/44/Dunnock-standard-a705d7131240cedd1c407b5a19989591.jpg","https://media.birdweather.com/species/44/Dunnock-thumbnail-1036624855b82c96db4ad23d1ed9d702.jpg","https://media.birdweather.com/species/44/Dunnock-png200-951bb2cdb9ec585716907d8eac83882e.png","lQgGDwB9pneQhHlwWjeK2ZK6d/kdFaUA",11431645058,"https://media.birdweather.com/soundscapes/6891/6891-20260505-062223.flac",0,3,"birdnetpi"
7460865191,6891,"2026-05-05T08:21:59.000+02:00",0.98,0.672991514205933,9.36253497487563,"almost_certain","2p4",NA,51.5646,6.0093,FALSE,44,"Dunnock","Prunella modularis","#fea614","avian","https://media.birdweather.com/species/44/Dunnock-standard-a705d7131240cedd1c407b5a19989591.jpg","https://media.birdweather.com/species/44/Dunnock-thumbnail-1036624855b82c96db4ad23d1ed9d702.jpg","https://media.birdweather.com/species/44/Dunnock-png200-951bb2cdb9ec585716907d8eac83882e.png","lQgGDwB9pneQhHlwWjeK2ZK6d/kdFaUA",11431638349,"https://media.birdweather.com/soundscapes/6891/6891-20260505-062159.flac",0,3,"birdnetpi"
7460826603,6891,"2026-05-05T08:19:21.000+02:00",0.92,0.672991514205933,9.23598352629614,"almost_certain","2p4",NA,51.5678,6.0011,FALSE,44,"Dunnock","Prunella modularis","#fea614","avian","https://media.birdweather.com/species/44/Dunnock-standard-a705d7131240cedd1c407b5a19989591.jpg","https://media.birdweather.com/species/44/Dunnock-thumbnail-1036624855b82c96db4ad23d1ed9d702.jpg","https://media.birdweather.com/species/44/Dunnock-png200-951bb2cdb9ec585716907d8eac83882e.png","lQgGDwB9pneQhHlwWjeK2ZK6d/kdFaUA",11431565993,"https://media.birdweather.com/soundscapes/6891/6891-20260505-061921.flac",0,3,"birdnetpi"
7460820008,6891,"2026-05-05T08:19:00.000+02:00",0.98,0.672991514205933,9.36253497487563,"almost_certain","2p4",NA,51.5677,6.0088,FALSE,44,"Dunnock","Prunella modularis","#fea614","avian","https://media.birdweather.com/species/44/Dunnock-standard-a705d7131240cedd1c407b5a19989591.jpg","https://media.birdweather.com/species/44/Dunnock-thumbnail-1036624855b82c96db4ad23d1ed9d702.jpg","https://media.birdweather.com/species/44/Dunnock-png200-951bb2cdb9ec585716907d8eac83882e.png","lQgGDwB9pneQhHlwWjeK2ZK6d/kdFaUA",11431553339,"https://media.birdweather.com/soundscapes/6891/6891-20260505-061900.flac",0,3,"birdnetpi"
7460813990,6891,"2026-05-05T08:18:33.000+02:00",0.91,0.672991514205933,9.2137066127018,"almost_certain","2p4",NA,51.5653,6.0039,FALSE,44,"Dunnock","Prunella modularis","#fea614","avian","https://media.birdweather.com/species/44/Dunnock-standard-a705d7131240cedd1c407b5a19989591.jpg","https://media.birdweather.com/species/44/Dunnock-thumbnail-1036624855b82c96db4ad23d1ed9d702.jpg","https://media.birdweather.com/species/44/Dunnock-png200-951bb2cdb9ec585716907d8eac83882e.png","lQgGDwB9pneQhHlwWjeK2ZK6d/kdFaUA",11431542359,"https://media.birdweather.com/soundscapes/6891/6891-20260505-061833.flac",0,3,"birdnetpi"
7460808365,6891,"2026-05-05T08:18:09.000+02:00",0.98,0.672991514205933,9.36253497487563,"almost_certain","2p4",NA,51.5654,6.0015,FALSE,44,"Dunnock","Prunella modularis","#fea614","avian","https://media.birdweather.com/species/44/Dunnock-standard-a705d7131240cedd1c407b5a19989591.jpg","https://media.birdweather.com/species/44/Dunnock-thumbnail-1036624855b82c96db4ad23d1ed9d702.jpg","https://media.birdweather.com/species/44/Dunnock-png200-951bb2cdb9ec585716907d8eac83882e.png","lQgGDwB9pneQhHlwWjeK2ZK6d/kdFaUA",11431531875,"https://media.birdweather.com/soundscapes/6891/6891-20260505-061809.flac",0,3,"birdnetpi"
7460798358,6891,"2026-05-05T08:17:22.000+02:00",0.79,0.997795641422272,9.44658563818368,"almost_certain","2p4",NA,51.5691,6.0009,FALSE,407,"Common Wood-Pigeon","Columba palumbus","#028fb2","avian","https://media.birdweather.com/species/407/CommonWood-Pigeon-standard-5558900260c92622ceef8a812b06518e.jpg","https://media.birdweather.com/species/407/CommonWood-Pigeon-thumbnail-4b86c907c8b82c8af31d566b811dee05.jpg","https://media.birdweather.com/species/407/CommonWood-Pigeon-png200-533b13201573be3895fcec3e61e861b5.png","2ukFHwIHiYeWxnZUiniYZ3h5h6+rCIQH",11431512855,"https://media.birdweather.com/soundscapes/6891/6891-20260505-061722.flac",0,3,"birdnetpi"
7460586241,6891,"2026-05-05T08:03:07.000+02:00",0.97,0.672991514205933,9.34223830734999,"almost_certain","2p4",NA,51.5618,6.004,FALSE,44,"Dunnock","Prunella modularis","#fea614","avian","https://media.birdweather.com/species/44/Dunnock-standard-a705d7131240cedd1c407b5a19989591.jpg","https://media.birdweather.com/species/44/Dunnock-thumbnail-1036624855b82c96db4ad23d1ed9d702.jpg","https://media.birdweather.com/species/44/Dunnock-png200-951bb2cdb9ec585716907d8eac83882e.png","lQgGDwB9pneQhHlwWjeK2ZK6d/kdFaUA",11431121503,"https://media.birdweather.com/soundscapes/6891/6891-20260505-060307.flac",0,3,"birdnetpi"
7460579244,6891,"2026-05-05T08:02:38.000+02:00",0.98,0.672991514205933,9.36253497487563,"almost_certain","2p4",NA,51.567,6.0048,FALSE,44,"Dunnock","Prunella modularis","#fea614","avian","https://media.birdweather.com/species/44/Dunnock-standard-a705d7131240cedd1c407b5a19989591.jpg","https://media.birdweather.com/species/44/Dunnock-thumbnail-1036624855b82c96db4ad23d1ed9d702.jpg","https://media.birdweather.com/species/44/Dunnock-png200-951bb2cdb9ec585716907d8eac83882e.png","lQgGDwB9pneQhHlwWjeK2ZK6d/kdFaUA",11431108321,"https://media.birdweather.com/soundscapes/6891/6891-20260505-060238.flac",0,3,"birdnetpi"
7460573637,6891,"2026-05-05T08:02:17.000+02:00",0.99,0.672991514205933,9.38253533008261,"almost_certain","2p4",NA,51.5634,6.0089,FALSE,44,"Dunnock","Prunella modularis","#fea614","avian","https://media.birdweather.com/species/44/Dunnock-standard-a705d7131240cedd1c407b5a19989591.jpg","https://media.birdweather.com/species/44/Dunnock-thumbnail-1036624855b82c96db4ad23d1ed9d702.jpg","https://media.birdweather.com/species/44/Dunnock-png200-951bb2cdb9ec585716907d8eac83882e.png","lQgGDwB9pneQhHlwWjeK2ZK6d/kdFaUA",11431097794,"https://media.birdweather.com/soundscapes/6891/6891-20260505-060217.flac",0,3,"birdnetpi"
7460568493,6891,"2026-05-05T08:01:48.000+02:00",0.98,0.672991514205933,9.36253497487563,"almost_certain","2p4",NA,51.5618,6.0013,FALSE,44,"Dunnock","Prunella modularis","#fea614","avian","https://media.birdweather.com/species/44/Dunnock-standard-a705d7131240cedd1c407b5a19989591.jpg","https://media.birdweather.com/species/44/Dunnock-thumbnail-1036624855b82c96db4ad23d1ed9d702.jpg","https://media.birdweather.com/species/44/Dunnock-png200-951bb2cdb9ec585716907d8eac83882e.png","lQgGDwB9pneQhHlwWjeK2ZK6d/kdFaUA",11431088391,"https://media.birdweather.com/soundscapes/6891/6891-20260505-060148.flac",0,3,"birdnetpi"
7460499102,6891,"2026-05-05T07:57:06.000+02:00",0.98,0.672991514205933,9.36253497487563,"almost_certain","2p4",NA,51.5652,6.0049,FALSE,44,"Dunnock","Prunella modularis","#fea614","avian","https://media.birdweather.com/species/44/Dunnock-standard-a705d7131240cedd1c407b5a19989591.jpg","https://media.birdweather.com/species/44/Dunnock-thumbnail-1036624855b82c96db4ad23d1ed9d702.jpg","https://media.birdweather.com/species/44/Dunnock-png200-951bb2cdb9ec585716907d8eac83882e.png","lQgGDwB9pneQhHlwWjeK2ZK6d/kdFaUA",11430959136,"https://media.birdweather.com/soundscapes/6891/6891-20260505-055706.flac",0,3,"birdnetpi"
7460492959,6891,"2026-05-05T07:56:50.000+02:00",0.87,0.999183833599091,9.65565788022621,"almost_certain","2p4",NA,51.5638,6.0078,FALSE,35,"Eurasian Blackbird","Turdus merula","#ff65df","avian","https://media.birdweather.com/species/35/EurasianBlackbird-standard-618b3a5132c7c359fb2a2884c39deb39.jpg","https://media.birdweather.com/species/35/EurasianBlackbird-thumbnail-276878929bed08167d1fd9bf34d63d40.jpg","https://media.birdweather.com/species/35/EurasianBlackbird-png200-ba5a1b43225da4611cac429c52a52c81.png","GfkFFwKRmrx2ZYiaaQe69nlzScn3T7IA",11430948119,"https://media.birdweather.com/soundscapes/6891/6891-20260505-055650.flac",0,3,"birdnetpi"
7460488212,6891,"2026-05-05T07:56:24.000+02:00",0.87,0.999183833599091,9.65565788022621,"almost_certain","2p4",NA,51.5661,6.0058,FALSE,35,"Eurasian Blackbird","Turdus merula","#ff65df","avian","https://media.birdweather.com/species/35/EurasianBlackbird-standard-618b3a5132c7c359fb2a2884c39deb39.jpg","https://media.birdweather.com/species/35/EurasianBlackbird-thumbnail-276878929bed08167d1fd9bf34d63d40.jpg","https://media.birdweather.com/species/35/EurasianBlackbird-png200-ba5a1b43225da4611cac429c52a52c81.png","GfkFFwKRmrx2ZYiaaQe69nlzScn3T7IA",11430939348,"https://media.birdweather.com/soundscapes/6891/6891-20260505-055624.flac",0,3,"birdnetpi"
7460479081,6891,"2026-05-05T07:55:45.000+02:00",0.7,0.999183833599091,9.17044249542897,"almost_certain","2p4",NA,51.5664,6.0068,FALSE,35,"Eurasian Blackbird","Turdus merula","#ff65df","avian","https://media.birdweather.com/species/35/EurasianBlackbird-standard-618b3a5132c7c359fb2a2884c39deb39.jpg","https://media.birdweather.com/species/35/EurasianBlackbird-thumbnail-276878929bed08167d1fd9bf34d63d40.jpg","https://media.birdweather.com/species/35/EurasianBlackbird-png200-ba5a1b43225da4611cac429c52a52c81.png","GfkFFwKRmrx2ZYiaaQe69nlzScn3T7IA",11430922459,"https://media.birdweather.com/soundscapes/6891/6891-20260505-055545.flac",0,3,"birdnetpi"
7460470427,6891,"2026-05-05T07:55:12.000+02:00",0.71,0.999183833599091,9.20427137467778,"almost_certain","2p4",NA,51.5676,6.0052,FALSE,35,"Eurasian Blackbird","Turdus merula","#ff65df","avian","https://media.birdweather.com/species/35/EurasianBlackbird-standard-618b3a5132c7c359fb2a2884c39deb39.jpg","https://media.birdweather.com/species/35/EurasianBlackbird-thumbnail-276878929bed08167d1fd9bf34d63d40.jpg","https://media.birdweather.com/species/35/EurasianBlackbird-png200-ba5a1b43225da4611cac429c52a52c81.png","GfkFFwKRmrx2ZYiaaQe69nlzScn3T7IA",11430906627,"https://media.birdweather.com/soundscapes/6891/6891-20260505-055512.flac",0,3,"birdnetpi"
7460426537,6891,"2026-05-05T07:52:15.000+02:00",0.93,0.556647181510925,9.00206254936582,"almost_certain","2p4",NA,51.5698,6.0015,FALSE,294,"European Greenfinch","Chloris chloris","#fea614","avian","https://media.birdweather.com/species/294/EuropeanGreenfinch-standard-34aa36357c06fbf52af390917f29436b.jpg","https://media.birdweather.com/species/294/EuropeanGreenfinch-thumbnail-7466d93ab9340d75d4eec2ca6eeed529.jpg","https://media.birdweather.com/species/294/EuropeanGreenfinch-png200-8b2951bb918db1cbed643a9530efa558.png","FRkGHwJYqWeEd4ifapeoh4ZriPUnaG8B",11430826460,"https://media.birdweather.com/soundscapes/6891/6891-20260505-055215.flac",0,3,"birdnetpi"
7460421907,6891,"2026-05-05T07:51:56.000+02:00",0.98,0.556647181510925,9.10669353030069,"almost_certain","2p4",NA,51.5683,6.0049,FALSE,294,"European Greenfinch","Chloris chloris","#fea614","avian","https://media.birdweather.com/species/294/EuropeanGreenfinch-standard-34aa36357c06fbf52af390917f29436b.jpg","https://media.birdweather.com/species/294/EuropeanGreenfinch-thumbnail-7466d93ab9340d75d4eec2ca6eeed529.jpg","https://media.birdweather.com/species/294/EuropeanGreenfinch-png200-8b2951bb918db1cbed643a9530efa558.png","FRkGHwJYqWeEd4ifapeoh4ZriPUnaG8B",11430817998,"https://media.birdweather.com/soundscapes/6891/6891-20260505-055156.flac",0,3,"birdnetpi"
7460350431,6891,"2026-05-05T07:47:18.000+02:00",0.78,0.672991514205933,8.88535480372818,"almost_certain","2p4",NA,51.5688,6.0085,FALSE,44,"Dunnock","Prunella modularis","#fea614","avian","https://media.birdweather.com/species/44/Dunnock-standard-a705d7131240cedd1c407b5a19989591.jpg","https://media.birdweather.com/species/44/Dunnock-thumbnail-1036624855b82c96db4ad23d1ed9d702.jpg","https://media.birdweather.com/species/44/Dunnock-png200-951bb2cdb9ec585716907d8eac83882e.png","lQgGDwB9pneQhHlwWjeK2ZK6d/kdFaUA",11430686621,"https://media.birdweather.com/soundscapes/6891/6891-20260505-054718.flac",0,3,"birdnetpi"
7460314779,6891,"2026-05-05T07:44:49.000+02:00",0.98,0.836401343345642,9.65641533673168,"almost_certain","2p4",NA,51.5688,6.0024,FALSE,95,"White Wagtail","Motacilla alba","#457700","avian","https://media.birdweather.com/species/95/WhiteWagtail-standard-c3e712d95481fd4c30012b3afc4ee61f.jpg","https://media.birdweather.com/species/95/WhiteWagtail-thumbnail-645080e5b8667eaccbc9a938f781f907.jpg","https://media.birdweather.com/species/95/WhiteWagtail-png200-38e3473b44d59c0f49a722ef0b7250cd.png","2PcFJwZKpplweXdymnZouGiofwaoZ4AL",11430621205,"https://media.birdweather.com/soundscapes/6891/6891-20260505-054449.flac",0,3,"birdnetpi"
7460197182,6891,"2026-05-05T07:37:02.000+02:00",0.99,0.672991514205933,9.38253533008261,"almost_certain","2p4",NA,51.569,6.008,FALSE,44,"Dunnock","Prunella modularis","#fea614","avian","https://media.birdweather.com/species/44/Dunnock-standard-a705d7131240cedd1c407b5a19989591.jpg","https://media.birdweather.com/species/44/Dunnock-thumbnail-1036624855b82c96db4ad23d1ed9d702.jpg","https://media.birdweather.com/species/44/Dunnock-png200-951bb2cdb9ec585716907d8eac83882e.png","lQgGDwB9pneQhHlwWjeK2ZK6d/kdFaUA",11430407976,"https://media.birdweather.com/soundscapes/6891/6891-20260505-053702.flac",0,3,"birdnetpi"
7460191085,6891,"2026-05-05T07:36:39.000+02:00",0.98,0.672991514205933,9.36253497487563,"almost_certain","2p4",NA,51.5698,6.0049,FALSE,44,"Dunnock","Prunella modularis","#fea614","avian","https://media.birdweather.com/species/44/Dunnock-standard-a705d7131240cedd1c407b5a19989591.jpg","https://media.birdweather.com/species/44/Dunnock-thumbnail-1036624855b82c96db4ad23d1ed9d702.jpg","https://media.birdweather.com/species/44/Dunnock-png200-951bb2cdb9ec585716907d8eac83882e.png","lQgGDwB9pneQhHlwWjeK2ZK6d/kdFaUA",11430396974,"https://media.birdweather.com/soundscapes/6891/6891-20260505-053639.flac",0,3,"birdnetpi"
7460185366,6891,"2026-05-05T07:36:22.000+02:00",0.86,0.672991514205933,9.09654123509152,"almost_certain","2p4",NA,51.5633,6.0025,FALSE,44,"Dunnock","Prunella modularis","#fea614","avian","https://media.birdweather.com/species/44/Dunnock-standard-a705d7131240cedd1c407b5a19989591.jpg","https://media.birdweather.com/species/44/Dunnock-thumbnail-1036624855b82c96db4ad23d1ed9d702.jpg","https://media.birdweather.com/species/44/Dunnock-png200-951bb2cdb9ec585716907d8eac83882e.png","lQgGDwB9pneQhHlwWjeK2ZK6d/kdFaUA",11430386479,"https://media.birdweather.com/soundscapes/6891/6891-20260505-053622.flac",0,3,"birdnetpi"
7460178818,6891,"2026-05-05T07:35:46.000+02:00",0.95,0.999183833599091,9.8355882030499,"almost_certain","2p4",NA,51.5623,6.0042,FALSE,35,"Eurasian Blackbird","Turdus merula","#ff65df","avian","https://media.birdweather.com/species/35/EurasianBlackbird-standard-618b3a5132c7c359fb2a2884c39deb39.jpg","https://media.birdweather.com/species/35/EurasianBlackbird-thumbnail-276878929bed08167d1fd9bf34d63d40.jpg","https://media.birdweather.com/species/35/EurasianBlackbird-png200-ba5a1b43225da4611cac429c52a52c81.png","GfkFFwKRmrx2ZYiaaQe69nlzScn3T7IA",11430374203,"https://media.birdweather.com/soundscapes/6891/6891-20260505-053546.flac",0,3,"birdnetpi"
7460171474,6891,"2026-05-05T07:35:17.000+02:00",0.7,0.999183833599091,9.17044249542897,"almost_certain","2p4",NA,51.5652,6.004,FALSE,35,"Eurasian Blackbird","Turdus merula","#ff65df","avian","https://media.birdweather.com/species/35/EurasianBlackbird-standard-618b3a5132c7c359fb2a2884c39deb39.jpg","https://media.birdweather.com/species/35/EurasianBlackbird-thumbnail-276878929bed08167d1fd9bf34d63d40.jpg","https://media.birdweather.com/species/35/EurasianBlackbird-png200-ba5a1b43225da4611cac429c52a52c81.png","GfkFFwKRmrx2ZYiaaQe69nlzScn3T7IA",11430361067,"https://media.birdweather.com/soundscapes/6891/6891-20260505-053517.flac",0,3,"birdnetpi"
7460137936,6891,"2026-05-05T07:33:12.000+02:00",0.97,0.999183833599091,9.8771065318585,"almost_certain","2p4",NA,51.5683,6.0052,FALSE,35,"Eurasian Blackbird","Turdus merula","#ff65df","avian","https://media.birdweather.com/species/35/EurasianBlackbird-standard-618b3a5132c7c359fb2a2884c39deb39.jpg","https://media.birdweather.com/species/35/EurasianBlackbird-thumbnail-276878929bed08167d1fd9bf34d63d40.jpg","https://media.birdweather.com/species/35/EurasianBlackbird-png200-ba5a1b43225da4611cac429c52a52c81.png","GfkFFwKRmrx2ZYiaaQe69nlzScn3T7IA",11430299548,"https://media.birdweather.com/soundscapes/6891/6891-20260505-053312.flac",0,3,"birdnetpi"
7459964167,6891,"2026-05-05T07:21:39.000+02:00",0.88,0.476928234100342,8.68105535311451,"almost_certain","2p4",NA,51.5704,6.004,FALSE,103,"Eurasian Collared-Dove","Streptopelia decaocto","#006e2a","avian","https://media.birdweather.com/species/103/EurasianCollared-Dove-standard-e0c74c4f1ffe5357c4759579380dab35.jpg","https://media.birdweather.com/species/103/EurasianCollared-Dove-thumbnail-53ccb5f0a5d0640a1e766dd99c28ebca.jpg","https://media.birdweather.com/species/103/EurasianCollared-Dove-png200-4efa83c8c5efbdb09427b3c3fa247357.png","pvcFFwLpd4RvlJeUWZh2eXh4VxBqBZIH",11429987203,"https://media.birdweather.com/soundscapes/6891/6891-20260505-052139.flac",0,3,"birdnetpi"
7459949015,6891,"2026-05-05T07:20:37.000+02:00",0.93,0.672991514205933,9.25790399394077,"almost_certain","2p4",NA,51.5675,6.0011,FALSE,44,"Dunnock","Prunella modularis","#fea614","avian","https://media.birdweather.com/species/44/Dunnock-standard-a705d7131240cedd1c407b5a19989591.jpg","https://media.birdweather.com/species/44/Dunnock-thumbnail-1036624855b82c96db4ad23d1ed9d702.jpg","https://media.birdweather.com/species/44/Dunnock-png200-951bb2cdb9ec585716907d8eac83882e.png","lQgGDwB9pneQhHlwWjeK2ZK6d/kdFaUA",11429959551,"https://media.birdweather.com/soundscapes/6891/6891-20260505-052037.flac",0,3,"birdnetpi"
7459937279,6891,"2026-05-05T07:19:49.000+02:00",1,0.672991514205933,9.40224790039199,"almost_certain","2p4",NA,51.5653,6.0056,FALSE,44,"Dunnock","Prunella modularis","#fea614","avian","https://media.birdweather.com/species/44/Dunnock-standard-a705d7131240cedd1c407b5a19989591.jpg","https://media.birdweather.com/species/44/Dunnock-thumbnail-1036624855b82c96db4ad23d1ed9d702.jpg","https://media.birdweather.com/species/44/Dunnock-png200-951bb2cdb9ec585716907d8eac83882e.png","lQgGDwB9pneQhHlwWjeK2ZK6d/kdFaUA",11429938169,"https://media.birdweather.com/soundscapes/6891/6891-20260505-051949.flac",0,3,"birdnetpi"
7459907447,6891,"2026-05-05T07:17:48.000+02:00",0.98,0.672991514205933,9.36253497487563,"almost_certain","2p4",NA,51.5673,6.0008,FALSE,44,"Dunnock","Prunella modularis","#fea614","avian","https://media.birdweather.com/species/44/Dunnock-standard-a705d7131240cedd1c407b5a19989591.jpg","https://media.birdweather.com/species/44/Dunnock-thumbnail-1036624855b82c96db4ad23d1ed9d702.jpg","https://media.birdweather.com/species/44/Dunnock-png200-951bb2cdb9ec585716907d8eac83882e.png","lQgGDwB9pneQhHlwWjeK2ZK6d/kdFaUA",11429884436,"https://media.birdweather.com/soundscapes/6891/6891-20260505-051748.flac",0,3,"birdnetpi"
7459856539,6891,"2026-05-05T07:14:27.000+02:00",0.98,0.672991514205933,9.36253497487563,"almost_certain","2p4",NA,51.5636,6.0052,FALSE,44,"Dunnock","Prunella modularis","#fea614","avian","https://media.birdweather.com/species/44/Dunnock-standard-a705d7131240cedd1c407b5a19989591.jpg","https://media.birdweather.com/species/44/Dunnock-thumbnail-1036624855b82c96db4ad23d1ed9d702.jpg","https://media.birdweather.com/species/44/Dunnock-png200-951bb2cdb9ec585716907d8eac83882e.png","lQgGDwB9pneQhHlwWjeK2ZK6d/kdFaUA",11429793084,"https://media.birdweather.com/soundscapes/6891/6891-20260505-051427.flac",0,3,"birdnetpi"
7459841274,6891,"2026-05-05T07:13:30.000+02:00",0.99,0.672991514205933,9.38253533008261,"almost_certain","2p4",NA,51.5635,6.0085,FALSE,44,"Dunnock","Prunella modularis","#fea614","avian","https://media.birdweather.com/species/44/Dunnock-standard-a705d7131240cedd1c407b5a19989591.jpg","https://media.birdweather.com/species/44/Dunnock-thumbnail-1036624855b82c96db4ad23d1ed9d702.jpg","https://media.birdweather.com/species/44/Dunnock-png200-951bb2cdb9ec585716907d8eac83882e.png","lQgGDwB9pneQhHlwWjeK2ZK6d/kdFaUA",11429766461,"https://media.birdweather.com/soundscapes/6891/6891-20260505-051330.flac",0,3,"birdnetpi"
7459807760,6891,"2026-05-05T07:11:16.000+02:00",0.95,0.672991514205933,9.30071997854139,"almost_certain","2p4",NA,51.5648,6.0082,FALSE,44,"Dunnock","Prunella modularis","#fea614","avian","https://media.birdweather.com/species/44/Dunnock-standard-a705d7131240cedd1c407b5a19989591.jpg","https://media.birdweather.com/species/44/Dunnock-thumbnail-1036624855b82c96db4ad23d1ed9d702.jpg","https://media.birdweather.com/species/44/Dunnock-png200-951bb2cdb9ec585716907d8eac83882e.png","lQgGDwB9pneQhHlwWjeK2ZK6d/kdFaUA",11429705808,"https://media.birdweather.com/soundscapes/6891/6891-20260505-051116.flac",0,3,"birdnetpi"
7459767850,6891,"2026-05-05T07:08:47.000+02:00",0.79,0.672991514205933,8.91360322719592,"almost_certain","2p4",NA,51.5645,6.0059,FALSE,44,"Dunnock","Prunella modularis","#fea614","avian","https://media.birdweather.com/species/44/Dunnock-standard-a705d7131240cedd1c407b5a19989591.jpg","https://media.birdweather.com/species/44/Dunnock-thumbnail-1036624855b82c96db4ad23d1ed9d702.jpg","https://media.birdweather.com/species/44/Dunnock-png200-951bb2cdb9ec585716907d8eac83882e.png","lQgGDwB9pneQhHlwWjeK2ZK6d/kdFaUA",11429634562,"https://media.birdweather.com/soundscapes/6891/6891-20260505-050847.flac",0,3,"birdnetpi"
7459761608,6891,"2026-05-05T07:08:18.000+02:00",0.93,0.672991514205933,9.25790399394077,"almost_certain","2p4",NA,51.5674,6.0009,FALSE,44,"Dunnock","Prunella modularis","#fea614","avian","https://media.birdweather.com/species/44/Dunnock-standard-a705d7131240cedd1c407b5a19989591.jpg","https://media.birdweather.com/species/44/Dunnock-thumbnail-1036624855b82c96db4ad23d1ed9d702.jpg","https://media.birdweather.com/species/44/Dunnock-png200-951bb2cdb9ec585716907d8eac83882e.png","lQgGDwB9pneQhHlwWjeK2ZK6d/kdFaUA",11429623474,"https://media.birdweather.com/soundscapes/6891/6891-20260505-050818.flac",0,3,"birdnetpi"
7459754077,6891,"2026-05-05T07:07:49.000+02:00",0.92,0.672991514205933,9.23598352629614,"almost_certain","2p4",NA,51.5674,6.0085,FALSE,44,"Dunnock","Prunella modularis","#fea614","avian","https://media.birdweather.com/species/44/Dunnock-standard-a705d7131240cedd1c407b5a19989591.jpg","https://media.birdweather.com/species/44/Dunnock-thumbnail-1036624855b82c96db4ad23d1ed9d702.jpg","https://media.birdweather.com/species/44/Dunnock-png200-951bb2cdb9ec585716907d8eac83882e.png","lQgGDwB9pneQhHlwWjeK2ZK6d/kdFaUA",11429610143,"https://media.birdweather.com/soundscapes/6891/6891-20260505-050749.flac",0,3,"birdnetpi"
7459722924,6891,"2026-05-05T07:05:52.000+02:00",0.9,0.672991514205933,9.19106146902864,"almost_certain","2p4",NA,51.5685,6.0069,FALSE,44,"Dunnock","Prunella modularis","#fea614","avian","https://media.birdweather.com/species/44/Dunnock-standard-a705d7131240cedd1c407b5a19989591.jpg","https://media.birdweather.com/species/44/Dunnock-thumbnail-1036624855b82c96db4ad23d1ed9d702.jpg","https://media.birdweather.com/species/44/Dunnock-png200-951bb2cdb9ec585716907d8eac83882e.png","lQgGDwB9pneQhHlwWjeK2ZK6d/kdFaUA",11429555222,"https://media.birdweather.com/soundscapes/6891/6891-20260505-050552.flac",0,3,"birdnetpi"
7459695879,6891,"2026-05-05T07:04:12.000+02:00",0.81,0.672991514205933,8.96841053561669,"almost_certain","2p4",NA,51.5663,6.0081,FALSE,44,"Dunnock","Prunella modularis","#fea614","avian","https://media.birdweather.com/species/44/Dunnock-standard-a705d7131240cedd1c407b5a19989591.jpg","https://media.birdweather.com/species/44/Dunnock-thumbnail-1036624855b82c96db4ad23d1ed9d702.jpg","https://media.birdweather.com/species/44/Dunnock-png200-951bb2cdb9ec585716907d8eac83882e.png","lQgGDwB9pneQhHlwWjeK2ZK6d/kdFaUA",11429506313,"https://media.birdweather.com/soundscapes/6891/6891-20260505-050412.flac",0,3,"birdnetpi"
7459673537,6891,"2026-05-05T07:02:37.000+02:00",0.88,0.236734092235565,7.7497217607097,"almost_certain","2p4",NA,51.5643,6.0044,FALSE,20,"Black Redstart","Phoenicurus ochruros","#c8ce2d","avian","https://media.birdweather.com/species/20/BlackRedstart-standard-4255c9b712ecb46ea7d3df8d556c18e7.jpg","https://media.birdweather.com/species/20/BlackRedstart-thumbnail-2fee59acc1ecc6be7238da194869e940.jpg","https://media.birdweather.com/species/20/BlackRedstart-png200-cbc0625b8b4889aeec1da754ad906efd.png","2QgGFwT8epa+l3ZlZ5hntnh4Z/6oyZ8I",11429465405,"https://media.birdweather.com/soundscapes/6891/6891-20260505-050237.flac",0,3,"birdnetpi"
7459662744,6891,"2026-05-05T07:01:53.000+02:00",0.88,0.236734092235565,7.7497217607097,"almost_certain","2p4",NA,51.5679,6.0094,FALSE,20,"Black Redstart","Phoenicurus ochruros","#c8ce2d","avian","https://media.birdweather.com/species/20/BlackRedstart-standard-4255c9b712ecb46ea7d3df8d556c18e7.jpg","https://media.birdweather.com/species/20/BlackRedstart-thumbnail-2fee59acc1ecc6be7238da194869e940.jpg","https://media.birdweather.com/species/20/BlackRedstart-png200-cbc0625b8b4889aeec1da754ad906efd.png","2QgGFwT8epa+l3ZlZ5hntnh4Z/6oyZ8I",11429445649,"https://media.birdweather.com/soundscapes/6891/6891-20260505-050153.flac",0,3,"birdnetpi"
7459656510,6891,"2026-05-05T07:01:28.000+02:00",0.95,0.236734092235565,7.90582539601813,"almost_certain","2p4",NA,51.5631,6.0033,FALSE,20,"Black Redstart","Phoenicurus ochruros","#c8ce2d","avian","https://media.birdweather.com/species/20/BlackRedstart-standard-4255c9b712ecb46ea7d3df8d556c18e7.jpg","https://media.birdweather.com/species/20/BlackRedstart-thumbnail-2fee59acc1ecc6be7238da194869e940.jpg","https://media.birdweather.com/species/20/BlackRedstart-png200-cbc0625b8b4889aeec1da754ad906efd.png","2QgGFwT8epa+l3ZlZ5hntnh4Z/6oyZ8I",11429434619,"https://media.birdweather.com/soundscapes/6891/6891-20260505-050128.flac",0,3,"birdnetpi"
7459650453,6891,"2026-05-05T07:01:05.000+02:00",0.97,0.236734092235565,7.94734372482673,"almost_certain","2p4",NA,51.5641,6.0031,FALSE,20,"Black Redstart","Phoenicurus ochruros","#c8ce2d","avian","https://media.birdweather.com/species/20/BlackRedstart-standard-4255c9b712ecb46ea7d3df8d556c18e7.jpg","https://media.birdweather.com/species/20/BlackRedstart-thumbnail-2fee59acc1ecc6be7238da194869e940.jpg","https://media.birdweather.com/species/20/BlackRedstart-png200-cbc0625b8b4889aeec1da754ad906efd.png","2QgGFwT8epa+l3ZlZ5hntnh4Z/6oyZ8I",11429423626,"https://media.birdweather.com/soundscapes/6891/6891-20260505-050105.flac",0,3,"birdnetpi"
7459644531,6891,"2026-05-05T07:00:41.000+02:00",0.95,0.236734092235565,7.90582539601813,"almost_certain","2p4",NA,51.5656,6.0093,FALSE,20,"Black Redstart","Phoenicurus ochruros","#c8ce2d","avian","https://media.birdweather.com/species/20/BlackRedstart-standard-4255c9b712ecb46ea7d3df8d556c18e7.jpg","https://media.birdweather.com/species/20/BlackRedstart-thumbnail-2fee59acc1ecc6be7238da194869e940.jpg","https://media.birdweather.com/species/20/BlackRedstart-png200-cbc0625b8b4889aeec1da754ad906efd.png","2QgGFwT8epa+l3ZlZ5hntnh4Z/6oyZ8I",11429413001,"https://media.birdweather.com/soundscapes/6891/6891-20260505-050041.flac",0,3,"birdnetpi"
7459633629,6891,"2026-05-05T07:00:03.000+02:00",0.98,0.236734092235565,7.96764039235237,"almost_certain","2p4",NA,51.5694,6.008,FALSE,20,"Black Redstart","Phoenicurus ochruros","#c8ce2d","avian","https://media.birdweather.com/species/20/BlackRedstart-standard-4255c9b712ecb46ea7d3df8d556c18e7.jpg","https://media.birdweather.com/species/20/BlackRedstart-thumbnail-2fee59acc1ecc6be7238da194869e940.jpg","https://media.birdweather.com/species/20/BlackRedstart-png200-cbc0625b8b4889aeec1da754ad906efd.png","2QgGFwT8epa+l3ZlZ5hntnh4Z/6oyZ8I",11429393687,"https://media.birdweather.com/soundscapes/6891/6891-20260505-050003.flac",0,3,"birdnetpi"
7459627733,6891,"2026-05-05T06:59:36.000+02:00",0.98,0.236734092235565,7.96764039235237,"almost_certain","2p4",NA,51.5634,6.003,FALSE,20,"Black Redstart","Phoenicurus ochruros","#c8ce2d","avian","https://media.birdweather.com/species/20/BlackRedstart-standard-4255c9b712ecb46ea7d3df8d556c18e7.jpg","https://media.birdweather.com/species/20/BlackRedstart-thumbnail-2fee59acc1ecc6be7238da194869e940.jpg","https://media.birdweather.com/species/20/BlackRedstart-png200-cbc0625b8b4889aeec1da754ad906efd.png","2QgGFwT8epa+l3ZlZ5hntnh4Z/6oyZ8I",11429383019,"https://media.birdweather.com/soundscapes/6891/6891-20260505-045936.flac",0,3,"birdnetpi"
7459622327,6891,"2026-05-05T06:59:23.000+02:00",0.98,0.236734092235565,7.96764039235237,"almost_certain","2p4",NA,51.562,6.0059,FALSE,20,"Black Redstart","Phoenicurus ochruros","#c8ce2d","avian","https://media.birdweather.com/species/20/BlackRedstart-standard-4255c9b712ecb46ea7d3df8d556c18e7.jpg","https://media.birdweather.com/species/20/BlackRedstart-thumbnail-2fee59acc1ecc6be7238da194869e940.jpg","https://media.birdweather.com/species/20/BlackRedstart-png200-cbc0625b8b4889aeec1da754ad906efd.png","2QgGFwT8epa+l3ZlZ5hntnh4Z/6oyZ8I",11429373328,"https://media.birdweather.com/soundscapes/6891/6891-20260505-045923.flac",0,3,"birdnetpi"
7459616116,6891,"2026-05-05T06:59:01.000+02:00",0.96,0.236734092235565,7.92674183283731,"almost_certain","2p4",NA,51.5656,6.0012,FALSE,20,"Black Redstart","Phoenicurus ochruros","#c8ce2d","avian","https://media.birdweather.com/species/20/BlackRedstart-standard-4255c9b712ecb46ea7d3df8d556c18e7.jpg","https://media.birdweather.com/species/20/BlackRedstart-thumbnail-2fee59acc1ecc6be7238da194869e940.jpg","https://media.birdweather.com/species/20/BlackRedstart-png200-cbc0625b8b4889aeec1da754ad906efd.png","2QgGFwT8epa+l3ZlZ5hntnh4Z/6oyZ8I",11429362219,"https://media.birdweather.com/soundscapes/6891/6891-20260505-045901.flac",0,3,"birdnetpi"
7459609883,6891,"2026-05-05T06:58:30.000+02:00",0.96,0.236734092235565,7.92674183283731,"almost_certain","2p4",NA,51.5659,6.008,FALSE,20,"Black Redstart","Phoenicurus ochruros","#c8ce2d","avian","https://media.birdweather.com/species/20/BlackRedstart-standard-4255c9b712ecb46ea7d3df8d556c18e7.jpg","https://media.birdweather.com/species/20/BlackRedstart-thumbnail-2fee59acc1ecc6be7238da194869e940.jpg","https://media.birdweather.com/species/20/BlackRedstart-png200-cbc0625b8b4889aeec1da754ad906efd.png","2QgGFwT8epa+l3ZlZ5hntnh4Z/6oyZ8I",11429351033,"https://media.birdweather.com/soundscapes/6891/6891-20260505-045830.flac",0,3,"birdnetpi"
7459603570,6891,"2026-05-05T06:58:07.000+02:00",0.98,0.236734092235565,7.96764039235237,"almost_certain","2p4",NA,51.5654,6.006,FALSE,20,"Black Redstart","Phoenicurus ochruros","#c8ce2d","avian","https://media.birdweather.com/species/20/BlackRedstart-standard-4255c9b712ecb46ea7d3df8d556c18e7.jpg","https://media.birdweather.com/species/20/BlackRedstart-thumbnail-2fee59acc1ecc6be7238da194869e940.jpg","https://media.birdweather.com/species/20/BlackRedstart-png200-cbc0625b8b4889aeec1da754ad906efd.png","2QgGFwT8epa+l3ZlZ5hntnh4Z/6oyZ8I",11429339981,"https://media.birdweather.com/soundscapes/6891/6891-20260505-045807.flac",0,3,"birdnetpi"
7459597891,6891,"2026-05-05T06:57:45.000+02:00",0.93,0.236734092235565,7.86300941141751,"almost_certain","2p4",NA,51.5629,6.0065,FALSE,20,"Black Redstart","Phoenicurus ochruros","#c8ce2d","avian","https://media.birdweather.com/species/20/BlackRedstart-standard-4255c9b712ecb46ea7d3df8d556c18e7.jpg","https://media.birdweather.com/species/20/BlackRedstart-thumbnail-2fee59acc1ecc6be7238da194869e940.jpg","https://media.birdweather.com/species/20/BlackRedstart-png200-cbc0625b8b4889aeec1da754ad906efd.png","2QgGFwT8epa+l3ZlZ5hntnh4Z/6oyZ8I",11429329792,"https://media.birdweather.com/soundscapes/6891/6891-20260505-045745.flac",0,3,"birdnetpi"
7459594077,6891,"2026-05-05T06:57:34.000+02:00",0.82,0.236734092235565,7.60011873071766,"almost_certain","2p4",NA,51.5658,6.0073,FALSE,20,"Black Redstart","Phoenicurus ochruros","#c8ce2d","avian","https://media.birdweather.com/species/20/BlackRedstart-standard-4255c9b712ecb46ea7d3df8d556c18e7.jpg","https://media.birdweather.com/species/20/BlackRedstart-thumbnail-2fee59acc1ecc6be7238da194869e940.jpg","https://media.birdweather.com/species/20/BlackRedstart-png200-cbc0625b8b4889aeec1da754ad906efd.png","2QgGFwT8epa+l3ZlZ5hntnh4Z/6oyZ8I",11429322857,"https://media.birdweather.com/soundscapes/6891/6891-20260505-045734.flac",0,3,"birdnetpi"
7459587620,6891,"2026-05-05T06:57:04.000+02:00",0.96,0.236734092235565,7.92674183283731,"almost_certain","2p4",NA,51.5661,6.0019,FALSE,20,"Black Redstart","Phoenicurus ochruros","#c8ce2d","avian","https://media.birdweather.com/species/20/BlackRedstart-standard-4255c9b712ecb46ea7d3df8d556c18e7.jpg","https://media.birdweather.com/species/20/BlackRedstart-thumbnail-2fee59acc1ecc6be7238da194869e940.jpg","https://media.birdweather.com/species/20/BlackRedstart-png200-cbc0625b8b4889aeec1da754ad906efd.png","2QgGFwT8epa+l3ZlZ5hntnh4Z/6oyZ8I",11429311380,"https://media.birdweather.com/soundscapes/6891/6891-20260505-045704.flac",0,3,"birdnetpi"
7459581627,6891,"2026-05-05T06:56:44.000+02:00",0.95,0.236734092235565,7.90582539601813,"almost_certain","2p4",NA,51.5631,6.0086,FALSE,20,"Black Redstart","Phoenicurus ochruros","#c8ce2d","avian","https://media.birdweather.com/species/20/BlackRedstart-standard-4255c9b712ecb46ea7d3df8d556c18e7.jpg","https://media.birdweather.com/species/20/BlackRedstart-thumbnail-2fee59acc1ecc6be7238da194869e940.jpg","https://media.birdweather.com/species/20/BlackRedstart-png200-cbc0625b8b4889aeec1da754ad906efd.png","2QgGFwT8epa+l3ZlZ5hntnh4Z/6oyZ8I",11429300739,"https://media.birdweather.com/soundscapes/6891/6891-20260505-045644.flac",0,3,"birdnetpi"
7459575991,6891,"2026-05-05T06:56:26.000+02:00",0.97,0.236734092235565,7.94734372482673,"almost_certain","2p4",NA,51.5635,6.0069,FALSE,20,"Black Redstart","Phoenicurus ochruros","#c8ce2d","avian","https://media.birdweather.com/species/20/BlackRedstart-standard-4255c9b712ecb46ea7d3df8d556c18e7.jpg","https://media.birdweather.com/species/20/BlackRedstart-thumbnail-2fee59acc1ecc6be7238da194869e940.jpg","https://media.birdweather.com/species/20/BlackRedstart-png200-cbc0625b8b4889aeec1da754ad906efd.png","2QgGFwT8epa+l3ZlZ5hntnh4Z/6oyZ8I",11429290564,"https://media.birdweather.com/soundscapes/6891/6891-20260505-045626.flac",0,3,"birdnetpi"
7459570806,6891,"2026-05-05T06:55:59.000+02:00",0.98,0.236734092235565,7.96764039235237,"almost_certain","2p4",NA,51.5622,6.0045,FALSE,20,"Black Redstart","Phoenicurus ochruros","#c8ce2d","avian","https://media.birdweather.com/species/20/BlackRedstart-standard-4255c9b712ecb46ea7d3df8d556c18e7.jpg","https://media.birdweather.com/species/20/BlackRedstart-thumbnail-2fee59acc1ecc6be7238da194869e940.jpg","https://media.birdweather.com/species/20/BlackRedstart-png200-cbc0625b8b4889aeec1da754ad906efd.png","2QgGFwT8epa+l3ZlZ5hntnh4Z/6oyZ8I",11429281304,"https://media.birdweather.com/soundscapes/6891/6891-20260505-045559.flac",0,3,"birdnetpi"
7459564504,6891,"2026-05-05T06:55:41.000+02:00",0.97,0.236734092235565,7.94734372482673,"almost_certain","2p4",NA,51.5699,6.0054,FALSE,20,"Black Redstart","Phoenicurus ochruros","#c8ce2d","avian","https://media.birdweather.com/species/20/BlackRedstart-standard-4255c9b712ecb46ea7d3df8d556c18e7.jpg","https://media.birdweather.com/species/20/BlackRedstart-thumbnail-2fee59acc1ecc6be7238da194869e940.jpg","https://media.birdweather.com/species/20/BlackRedstart-png200-cbc0625b8b4889aeec1da754ad906efd.png","2QgGFwT8epa+l3ZlZ5hntnh4Z/6oyZ8I",11429270055,"https://media.birdweather.com/soundscapes/6891/6891-20260505-045541.flac",0,3,"birdnetpi"
7459557940,6891,"2026-05-05T06:55:18.000+02:00",0.98,0.236734092235565,7.96764039235237,"almost_certain","2p4",NA,51.5664,6.002,FALSE,20,"Black Redstart","Phoenicurus ochruros","#c8ce2d","avian","https://media.birdweather.com/species/20/BlackRedstart-standard-4255c9b712ecb46ea7d3df8d556c18e7.jpg","https://media.birdweather.com/species/20/BlackRedstart-thumbnail-2fee59acc1ecc6be7238da194869e940.jpg","https://media.birdweather.com/species/20/BlackRedstart-png200-cbc0625b8b4889aeec1da754ad906efd.png","2QgGFwT8epa+l3ZlZ5hntnh4Z/6oyZ8I",11429258488,"https://media.birdweather.com/soundscapes/6891/6891-20260505-045518.flac",0,3,"birdnetpi"
7459552123,6891,"2026-05-05T06:54:45.000+02:00",0.97,0.236734092235565,7.94734372482673,"almost_certain","2p4",NA,51.5671,6.0081,FALSE,20,"Black Redstart","Phoenicurus ochruros","#c8ce2d","avian","https://media.birdweather.com/species/20/BlackRedstart-standard-4255c9b712ecb46ea7d3df8d556c18e7.jpg","https://media.birdweather.com/species/20/BlackRedstart-thumbnail-2fee59acc1ecc6be7238da194869e940.jpg","https://media.birdweather.com/species/20/BlackRedstart-png200-cbc0625b8b4889aeec1da754ad906efd.png","2QgGFwT8epa+l3ZlZ5hntnh4Z/6oyZ8I",11429248339,"https://media.birdweather.com/soundscapes/6891/6891-20260505-045445.flac",0,3,"birdnetpi"
7459546701,6891,"2026-05-05T06:54:27.000+02:00",0.98,0.236734092235565,7.96764039235237,"almost_certain","2p4",NA,51.5672,6.0064,FALSE,20,"Black Redstart","Phoenicurus ochruros","#c8ce2d","avian","https://media.birdweather.com/species/20/BlackRedstart-standard-4255c9b712ecb46ea7d3df8d556c18e7.jpg","https://media.birdweather.com/species/20/BlackRedstart-thumbnail-2fee59acc1ecc6be7238da194869e940.jpg","https://media.birdweather.com/species/20/BlackRedstart-png200-cbc0625b8b4889aeec1da754ad906efd.png","2QgGFwT8epa+l3ZlZ5hntnh4Z/6oyZ8I",11429238712,"https://media.birdweather.com/soundscapes/6891/6891-20260505-045427.flac",0,3,"birdnetpi"
7459540526,6891,"2026-05-05T06:54:06.000+02:00",0.98,0.236734092235565,7.96764039235237,"almost_certain","2p4",NA,51.5698,6.004,FALSE,20,"Black Redstart","Phoenicurus ochruros","#c8ce2d","avian","https://media.birdweather.com/species/20/BlackRedstart-standard-4255c9b712ecb46ea7d3df8d556c18e7.jpg","https://media.birdweather.com/species/20/BlackRedstart-thumbnail-2fee59acc1ecc6be7238da194869e940.jpg","https://media.birdweather.com/species/20/BlackRedstart-png200-cbc0625b8b4889aeec1da754ad906efd.png","2QgGFwT8epa+l3ZlZ5hntnh4Z/6oyZ8I",11429227714,"https://media.birdweather.com/soundscapes/6891/6891-20260505-045406.flac",0,3,"birdnetpi"
7459534220,6891,"2026-05-05T06:53:36.000+02:00",0.98,0.236734092235565,7.96764039235237,"almost_certain","2p4",NA,51.57,6.0068,FALSE,20,"Black Redstart","Phoenicurus ochruros","#c8ce2d","avian","https://media.birdweather.com/species/20/BlackRedstart-standard-4255c9b712ecb46ea7d3df8d556c18e7.jpg","https://media.birdweather.com/species/20/BlackRedstart-thumbnail-2fee59acc1ecc6be7238da194869e940.jpg","https://media.birdweather.com/species/20/BlackRedstart-png200-cbc0625b8b4889aeec1da754ad906efd.png","2QgGFwT8epa+l3ZlZ5hntnh4Z/6oyZ8I",11429216815,"https://media.birdweather.com/soundscapes/6891/6891-20260505-045336.flac",0,3,"birdnetpi"
7459528398,6891,"2026-05-05T06:53:15.000+02:00",0.97,0.236734092235565,7.94734372482673,"almost_certain","2p4",NA,51.5675,6.0011,FALSE,20,"Black Redstart","Phoenicurus ochruros","#c8ce2d","avian","https://media.birdweather.com/species/20/BlackRedstart-standard-4255c9b712ecb46ea7d3df8d556c18e7.jpg","https://media.birdweather.com/species/20/BlackRedstart-thumbnail-2fee59acc1ecc6be7238da194869e940.jpg","https://media.birdweather.com/species/20/BlackRedstart-png200-cbc0625b8b4889aeec1da754ad906efd.png","2QgGFwT8epa+l3ZlZ5hntnh4Z/6oyZ8I",11429206223,"https://media.birdweather.com/soundscapes/6891/6891-20260505-045315.flac",0,3,"birdnetpi"
7459522999,6891,"2026-05-05T06:52:52.000+02:00",0.98,0.236734092235565,7.96764039235237,"almost_certain","2p4",NA,51.5655,6.0029,FALSE,20,"Black Redstart","Phoenicurus ochruros","#c8ce2d","avian","https://media.birdweather.com/species/20/BlackRedstart-standard-4255c9b712ecb46ea7d3df8d556c18e7.jpg","https://media.birdweather.com/species/20/BlackRedstart-thumbnail-2fee59acc1ecc6be7238da194869e940.jpg","https://media.birdweather.com/species/20/BlackRedstart-png200-cbc0625b8b4889aeec1da754ad906efd.png","2QgGFwT8epa+l3ZlZ5hntnh4Z/6oyZ8I",11429196521,"https://media.birdweather.com/soundscapes/6891/6891-20260505-045252.flac",0,3,"birdnetpi"
7459516767,6891,"2026-05-05T06:52:29.000+02:00",0.97,0.236734092235565,7.94734372482673,"almost_certain","2p4",NA,51.5616,6.0092,FALSE,20,"Black Redstart","Phoenicurus ochruros","#c8ce2d","avian","https://media.birdweather.com/species/20/BlackRedstart-standard-4255c9b712ecb46ea7d3df8d556c18e7.jpg","https://media.birdweather.com/species/20/BlackRedstart-thumbnail-2fee59acc1ecc6be7238da194869e940.jpg","https://media.birdweather.com/species/20/BlackRedstart-png200-cbc0625b8b4889aeec1da754ad906efd.png","2QgGFwT8epa+l3ZlZ5hntnh4Z/6oyZ8I",11429185476,"https://media.birdweather.com/soundscapes/6891/6891-20260505-045229.flac",0,3,"birdnetpi"
7459510580,6891,"2026-05-05T06:52:11.000+02:00",0.97,0.236734092235565,7.94734372482673,"almost_certain","2p4",NA,51.5699,6.0012,FALSE,20,"Black Redstart","Phoenicurus ochruros","#c8ce2d","avian","https://media.birdweather.com/species/20/BlackRedstart-standard-4255c9b712ecb46ea7d3df8d556c18e7.jpg","https://media.birdweather.com/species/20/BlackRedstart-thumbnail-2fee59acc1ecc6be7238da194869e940.jpg","https://media.birdweather.com/species/20/BlackRedstart-png200-cbc0625b8b4889aeec1da754ad906efd.png","2QgGFwT8epa+l3ZlZ5hntnh4Z/6oyZ8I",11429174400,"https://media.birdweather.com/soundscapes/6891/6891-20260505-045211.flac",0,3,"birdnetpi"
7459504522,6891,"2026-05-05T06:51:47.000+02:00",0.98,0.236734092235565,7.96764039235237,"almost_certain","2p4",NA,51.5617,6.009,FALSE,20,"Black Redstart","Phoenicurus ochruros","#c8ce2d","avian","https://media.birdweather.com/species/20/BlackRedstart-standard-4255c9b712ecb46ea7d3df8d556c18e7.jpg","https://media.birdweather.com/species/20/BlackRedstart-thumbnail-2fee59acc1ecc6be7238da194869e940.jpg","https://media.birdweather.com/species/20/BlackRedstart-png200-cbc0625b8b4889aeec1da754ad906efd.png","2QgGFwT8epa+l3ZlZ5hntnh4Z/6oyZ8I",11429163701,"https://media.birdweather.com/soundscapes/6891/6891-20260505-045147.flac",0,3,"birdnetpi"
7459498897,6891,"2026-05-05T06:51:25.000+02:00",0.97,0.236734092235565,7.94734372482673,"almost_certain","2p4",NA,51.5653,6.004,FALSE,20,"Black Redstart","Phoenicurus ochruros","#c8ce2d","avian","https://media.birdweather.com/species/20/BlackRedstart-standard-4255c9b712ecb46ea7d3df8d556c18e7.jpg","https://media.birdweather.com/species/20/BlackRedstart-thumbnail-2fee59acc1ecc6be7238da194869e940.jpg","https://media.birdweather.com/species/20/BlackRedstart-png200-cbc0625b8b4889aeec1da754ad906efd.png","2QgGFwT8epa+l3ZlZ5hntnh4Z/6oyZ8I",11429153997,"https://media.birdweather.com/soundscapes/6891/6891-20260505-045125.flac",0,3,"birdnetpi"
7459491678,6891,"2026-05-05T06:50:54.000+02:00",0.98,0.236734092235565,7.96764039235237,"almost_certain","2p4",NA,51.5641,6.0021,FALSE,20,"Black Redstart","Phoenicurus ochruros","#c8ce2d","avian","https://media.birdweather.com/species/20/BlackRedstart-standard-4255c9b712ecb46ea7d3df8d556c18e7.jpg","https://media.birdweather.com/species/20/BlackRedstart-thumbnail-2fee59acc1ecc6be7238da194869e940.jpg","https://media.birdweather.com/species/20/BlackRedstart-png200-cbc0625b8b4889aeec1da754ad906efd.png","2QgGFwT8epa+l3ZlZ5hntnh4Z/6oyZ8I",11429141514,"https://media.birdweather.com/soundscapes/6891/6891-20260505-045054.flac",0,3,"birdnetpi"
7459485508,6891,"2026-05-05T06:50:32.000+02:00",0.97,0.236734092235565,7.94734372482673,"almost_certain","2p4",NA,51.5637,6.0027,FALSE,20,"Black Redstart","Phoenicurus ochruros","#c8ce2d","avian","https://media.birdweather.com/species/20/BlackRedstart-standard-4255c9b712ecb46ea7d3df8d556c18e7.jpg","https://media.birdweather.com/species/20/BlackRedstart-thumbnail-2fee59acc1ecc6be7238da194869e940.jpg","https://media.birdweather.com/species/20/BlackRedstart-png200-cbc0625b8b4889aeec1da754ad906efd.png","2QgGFwT8epa+l3ZlZ5hntnh4Z/6oyZ8I",11429130376,"https://media.birdweather.com/soundscapes/6891/6891-20260505-045032.flac",0,3,"birdnetpi"
7459478920,6891,"2026-05-05T06:50:05.000+02:00",0.93,0.236734092235565,7.86300941141751,"almost_certain","2p4",NA,51.567,6.0046,FALSE,20,"Black Redstart","Phoenicurus ochruros","#c8ce2d","avian","https://media.birdweather.com/species/20/BlackRedstart-standard-4255c9b712ecb46ea7d3df8d556c18e7.jpg","https://media.birdweather.com/species/20/BlackRedstart-thumbnail-2fee59acc1ecc6be7238da194869e940.jpg","https://media.birdweather.com/species/20/BlackRedstart-png200-cbc0625b8b4889aeec1da754ad906efd.png","2QgGFwT8epa+l3ZlZ5hntnh4Z/6oyZ8I",11429118813,"https://media.birdweather.com/soundscapes/6891/6891-20260505-045005.flac",0,3,"birdnetpi"
7459473347,6891,"2026-05-05T06:49:51.000+02:00",0.98,0.236734092235565,7.96764039235237,"almost_certain","2p4",NA,51.5703,6.0017,FALSE,20,"Black Redstart","Phoenicurus ochruros","#c8ce2d","avian","https://media.birdweather.com/species/20/BlackRedstart-standard-4255c9b712ecb46ea7d3df8d556c18e7.jpg","https://media.birdweather.com/species/20/BlackRedstart-thumbnail-2fee59acc1ecc6be7238da194869e940.jpg","https://media.birdweather.com/species/20/BlackRedstart-png200-cbc0625b8b4889aeec1da754ad906efd.png","2QgGFwT8epa+l3ZlZ5hntnh4Z/6oyZ8I",11429108542,"https://media.birdweather.com/soundscapes/6891/6891-20260505-044951.flac",0,3,"birdnetpi"
7459467690,6891,"2026-05-05T06:49:25.000+02:00",0.97,0.236734092235565,7.94734372482673,"almost_certain","2p4",NA,51.5629,6.0016,FALSE,20,"Black Redstart","Phoenicurus ochruros","#c8ce2d","avian","https://media.birdweather.com/species/20/BlackRedstart-standard-4255c9b712ecb46ea7d3df8d556c18e7.jpg","https://media.birdweather.com/species/20/BlackRedstart-thumbnail-2fee59acc1ecc6be7238da194869e940.jpg","https://media.birdweather.com/species/20/BlackRedstart-png200-cbc0625b8b4889aeec1da754ad906efd.png","2QgGFwT8epa+l3ZlZ5hntnh4Z/6oyZ8I",11429098887,"https://media.birdweather.com/soundscapes/6891/6891-20260505-044925.flac",0,3,"birdnetpi"
7459461370,6891,"2026-05-05T06:49:04.000+02:00",0.98,0.236734092235565,7.96764039235237,"almost_certain","2p4",NA,51.5666,6.0008,FALSE,20,"Black Redstart","Phoenicurus ochruros","#c8ce2d","avian","https://media.birdweather.com/species/20/BlackRedstart-standard-4255c9b712ecb46ea7d3df8d556c18e7.jpg","https://media.birdweather.com/species/20/BlackRedstart-thumbnail-2fee59acc1ecc6be7238da194869e940.jpg","https://media.birdweather.com/species/20/BlackRedstart-png200-cbc0625b8b4889aeec1da754ad906efd.png","2QgGFwT8epa+l3ZlZ5hntnh4Z/6oyZ8I",11429087876,"https://media.birdweather.com/soundscapes/6891/6891-20260505-044904.flac",0,3,"birdnetpi"
7459455053,6891,"2026-05-05T06:48:33.000+02:00",0.99,0.236734092235565,7.98764074755935,"almost_certain","2p4",NA,51.566,6.001,FALSE,20,"Black Redstart","Phoenicurus ochruros","#c8ce2d","avian","https://media.birdweather.com/species/20/BlackRedstart-standard-4255c9b712ecb46ea7d3df8d556c18e7.jpg","https://media.birdweather.com/species/20/BlackRedstart-thumbnail-2fee59acc1ecc6be7238da194869e940.jpg","https://media.birdweather.com/species/20/BlackRedstart-png200-cbc0625b8b4889aeec1da754ad906efd.png","2QgGFwT8epa+l3ZlZ5hntnh4Z/6oyZ8I",11429076682,"https://media.birdweather.com/soundscapes/6891/6891-20260505-044833.flac",0,3,"birdnetpi"
7459448986,6891,"2026-05-05T06:48:16.000+02:00",0.98,0.236734092235565,7.96764039235237,"almost_certain","2p4",NA,51.5688,6.0059,FALSE,20,"Black Redstart","Phoenicurus ochruros","#c8ce2d","avian","https://media.birdweather.com/species/20/BlackRedstart-standard-4255c9b712ecb46ea7d3df8d556c18e7.jpg","https://media.birdweather.com/species/20/BlackRedstart-thumbnail-2fee59acc1ecc6be7238da194869e940.jpg","https://media.birdweather.com/species/20/BlackRedstart-png200-cbc0625b8b4889aeec1da754ad906efd.png","2QgGFwT8epa+l3ZlZ5hntnh4Z/6oyZ8I",11429066429,"https://media.birdweather.com/soundscapes/6891/6891-20260505-044816.flac",0,3,"birdnetpi"
7459443033,6891,"2026-05-05T06:47:50.000+02:00",0.98,0.236734092235565,7.96764039235237,"almost_certain","2p4",NA,51.5624,6.0067,FALSE,20,"Black Redstart","Phoenicurus ochruros","#c8ce2d","avian","https://media.birdweather.com/species/20/BlackRedstart-standard-4255c9b712ecb46ea7d3df8d556c18e7.jpg","https://media.birdweather.com/species/20/BlackRedstart-thumbnail-2fee59acc1ecc6be7238da194869e940.jpg","https://media.birdweather.com/species/20/BlackRedstart-png200-cbc0625b8b4889aeec1da754ad906efd.png","2QgGFwT8epa+l3ZlZ5hntnh4Z/6oyZ8I",11429056244,"https://media.birdweather.com/soundscapes/6891/6891-20260505-044750.flac",0,3,"birdnetpi"
7459436678,6891,"2026-05-05T06:47:31.000+02:00",0.95,0.236734092235565,7.90582539601813,"almost_certain","2p4",NA,51.5628,6.0062,FALSE,20,"Black Redstart","Phoenicurus ochruros","#c8ce2d","avian","https://media.birdweather.com/species/20/BlackRedstart-standard-4255c9b712ecb46ea7d3df8d556c18e7.jpg","https://media.birdweather.com/species/20/BlackRedstart-thumbnail-2fee59acc1ecc6be7238da194869e940.jpg","https://media.birdweather.com/species/20/BlackRedstart-png200-cbc0625b8b4889aeec1da754ad906efd.png","2QgGFwT8epa+l3ZlZ5hntnh4Z/6oyZ8I",11429045176,"https://media.birdweather.com/soundscapes/6891/6891-20260505-044731.flac",0,3,"birdnetpi"
7459430160,6891,"2026-05-05T06:47:05.000+02:00",0.99,0.236734092235565,7.98764074755935,"almost_certain","2p4",NA,51.5643,6.0016,FALSE,20,"Black Redstart","Phoenicurus ochruros","#c8ce2d","avian","https://media.birdweather.com/species/20/BlackRedstart-standard-4255c9b712ecb46ea7d3df8d556c18e7.jpg","https://media.birdweather.com/species/20/BlackRedstart-thumbnail-2fee59acc1ecc6be7238da194869e940.jpg","https://media.birdweather.com/species/20/BlackRedstart-png200-cbc0625b8b4889aeec1da754ad906efd.png","2QgGFwT8epa+l3ZlZ5hntnh4Z/6oyZ8I",11429034140,"https://media.birdweather.com/soundscapes/6891/6891-20260505-044705.flac",0,3,"birdnetpi"
7459424341,6891,"2026-05-05T06:46:41.000+02:00",0.98,0.236734092235565,7.96764039235237,"almost_certain","2p4",NA,51.5625,6.0042,FALSE,20,"Black Redstart","Phoenicurus ochruros","#c8ce2d","avian","https://media.birdweather.com/species/20/BlackRedstart-standard-4255c9b712ecb46ea7d3df8d556c18e7.jpg","https://media.birdweather.com/species/20/BlackRedstart-thumbnail-2fee59acc1ecc6be7238da194869e940.jpg","https://media.birdweather.com/species/20/BlackRedstart-png200-cbc0625b8b4889aeec1da754ad906efd.png","2QgGFwT8epa+l3ZlZ5hntnh4Z/6oyZ8I",11429023941,"https://media.birdweather.com/soundscapes/6891/6891-20260505-044641.flac",0,3,"birdnetpi"
7459418596,6891,"2026-05-05T06:46:23.000+02:00",0.98,0.236734092235565,7.96764039235237,"almost_certain","2p4",NA,51.5698,6.0071,FALSE,20,"Black Redstart","Phoenicurus ochruros","#c8ce2d","avian","https://media.birdweather.com/species/20/BlackRedstart-standard-4255c9b712ecb46ea7d3df8d556c18e7.jpg","https://media.birdweather.com/species/20/BlackRedstart-thumbnail-2fee59acc1ecc6be7238da194869e940.jpg","https://media.birdweather.com/species/20/BlackRedstart-png200-cbc0625b8b4889aeec1da754ad906efd.png","2QgGFwT8epa+l3ZlZ5hntnh4Z/6oyZ8I",11429013745,"https://media.birdweather.com/soundscapes/6891/6891-20260505-044623.flac",0,3,"birdnetpi"
7459412283,6891,"2026-05-05T06:45:59.000+02:00",0.99,0.236734092235565,7.98764074755935,"almost_certain","2p4",NA,51.563,6.0068,FALSE,20,"Black Redstart","Phoenicurus ochruros","#c8ce2d","avian","https://media.birdweather.com/species/20/BlackRedstart-standard-4255c9b712ecb46ea7d3df8d556c18e7.jpg","https://media.birdweather.com/species/20/BlackRedstart-thumbnail-2fee59acc1ecc6be7238da194869e940.jpg","https://media.birdweather.com/species/20/BlackRedstart-png200-cbc0625b8b4889aeec1da754ad906efd.png","2QgGFwT8epa+l3ZlZ5hntnh4Z/6oyZ8I",11429002661,"https://media.birdweather.com/soundscapes/6891/6891-20260505-044559.flac",0,3,"birdnetpi"
7459405948,6891,"2026-05-05T06:45:38.000+02:00",0.99,0.236734092235565,7.98764074755935,"almost_certain","2p4",NA,51.5665,6.0054,FALSE,20,"Black Redstart","Phoenicurus ochruros","#c8ce2d","avian","https://media.birdweather.com/species/20/BlackRedstart-standard-4255c9b712ecb46ea7d3df8d556c18e7.jpg","https://media.birdweather.com/species/20/BlackRedstart-thumbnail-2fee59acc1ecc6be7238da194869e940.jpg","https://media.birdweather.com/species/20/BlackRedstart-png200-cbc0625b8b4889aeec1da754ad906efd.png","2QgGFwT8epa+l3ZlZ5hntnh4Z/6oyZ8I",11428991502,"https://media.birdweather.com/soundscapes/6891/6891-20260505-044538.flac",0,3,"birdnetpi"
7459400011,6891,"2026-05-05T06:45:08.000+02:00",0.93,0.236734092235565,7.86300941141751,"almost_certain","2p4",NA,51.5633,6.0068,FALSE,20,"Black Redstart","Phoenicurus ochruros","#c8ce2d","avian","https://media.birdweather.com/species/20/BlackRedstart-standard-4255c9b712ecb46ea7d3df8d556c18e7.jpg","https://media.birdweather.com/species/20/BlackRedstart-thumbnail-2fee59acc1ecc6be7238da194869e940.jpg","https://media.birdweather.com/species/20/BlackRedstart-png200-cbc0625b8b4889aeec1da754ad906efd.png","2QgGFwT8epa+l3ZlZ5hntnh4Z/6oyZ8I",11428980908,"https://media.birdweather.com/soundscapes/6891/6891-20260505-044508.flac",0,3,"birdnetpi"
7459394565,6891,"2026-05-05T06:44:54.000+02:00",0.98,0.236734092235565,7.96764039235237,"almost_certain","2p4",NA,51.5662,6.0065,FALSE,20,"Black Redstart","Phoenicurus ochruros","#c8ce2d","avian","https://media.birdweather.com/species/20/BlackRedstart-standard-4255c9b712ecb46ea7d3df8d556c18e7.jpg","https://media.birdweather.com/species/20/BlackRedstart-thumbnail-2fee59acc1ecc6be7238da194869e940.jpg","https://media.birdweather.com/species/20/BlackRedstart-png200-cbc0625b8b4889aeec1da754ad906efd.png","2QgGFwT8epa+l3ZlZ5hntnh4Z/6oyZ8I",11428971240,"https://media.birdweather.com/soundscapes/6891/6891-20260505-044454.flac",0,3,"birdnetpi"
7459388360,6891,"2026-05-05T06:44:30.000+02:00",0.99,0.236734092235565,7.98764074755935,"almost_certain","2p4",NA,51.562,6.0061,FALSE,20,"Black Redstart","Phoenicurus ochruros","#c8ce2d","avian","https://media.birdweather.com/species/20/BlackRedstart-standard-4255c9b712ecb46ea7d3df8d556c18e7.jpg","https://media.birdweather.com/species/20/BlackRedstart-thumbnail-2fee59acc1ecc6be7238da194869e940.jpg","https://media.birdweather.com/species/20/BlackRedstart-png200-cbc0625b8b4889aeec1da754ad906efd.png","2QgGFwT8epa+l3ZlZ5hntnh4Z/6oyZ8I",11428960116,"https://media.birdweather.com/soundscapes/6891/6891-20260505-044430.flac",0,3,"birdnetpi"
7459381978,6891,"2026-05-05T06:44:07.000+02:00",0.99,0.236734092235565,7.98764074755935,"almost_certain","2p4",NA,51.5644,6.0006,FALSE,20,"Black Redstart","Phoenicurus ochruros","#c8ce2d","avian","https://media.birdweather.com/species/20/BlackRedstart-standard-4255c9b712ecb46ea7d3df8d556c18e7.jpg","https://media.birdweather.com/species/20/BlackRedstart-thumbnail-2fee59acc1ecc6be7238da194869e940.jpg","https://media.birdweather.com/species/20/BlackRedstart-png200-cbc0625b8b4889aeec1da754ad906efd.png","2QgGFwT8epa+l3ZlZ5hntnh4Z/6oyZ8I",11428949024,"https://media.birdweather.com/soundscapes/6891/6891-20260505-044407.flac",0,3,"birdnetpi"
7459376965,6891,"2026-05-05T06:43:46.000+02:00",0.94,0.236734092235565,7.88458466046386,"almost_certain","2p4",NA,51.5689,6.0038,FALSE,20,"Black Redstart","Phoenicurus ochruros","#c8ce2d","avian","https://media.birdweather.com/species/20/BlackRedstart-standard-4255c9b712ecb46ea7d3df8d556c18e7.jpg","https://media.birdweather.com/species/20/BlackRedstart-thumbnail-2fee59acc1ecc6be7238da194869e940.jpg","https://media.birdweather.com/species/20/BlackRedstart-png200-cbc0625b8b4889aeec1da754ad906efd.png","2QgGFwT8epa+l3ZlZ5hntnh4Z/6oyZ8I",11428939829,"https://media.birdweather.com/soundscapes/6891/6891-20260505-044346.flac",0,3,"birdnetpi"
7459371371,6891,"2026-05-05T06:43:16.000+02:00",0.85,0.622888922691345,8.96747899928848,"almost_certain","2p4",NA,51.565,6.0074,FALSE,76,"Eurasian Jackdaw","Corvus monedula","#f36f1b","avian","https://media.birdweather.com/species/76/EurasianJackdaw-standard-55cbd4006f743c538a3264a1fb86d41c.jpg","https://media.birdweather.com/species/76/EurasianJackdaw-thumbnail-80ecf23afe76ea22483b4f8043e19339.jpg","https://media.birdweather.com/species/76/EurasianJackdaw-png200-862dbf9b3725619bb5532ba255c32118.png","4AgKDwL2i2d1homOY0modph5OL/1qHAJ",11428930120,"https://media.birdweather.com/soundscapes/6891/6891-20260505-044316.flac",0,3,"birdnetpi"
7459369287,6891,"2026-05-05T06:43:13.000+02:00",0.95,0.236734092235565,7.90582539601813,"almost_certain","2p4",NA,51.5687,6.0085,FALSE,20,"Black Redstart","Phoenicurus ochruros","#c8ce2d","avian","https://media.birdweather.com/species/20/BlackRedstart-standard-4255c9b712ecb46ea7d3df8d556c18e7.jpg","https://media.birdweather.com/species/20/BlackRedstart-thumbnail-2fee59acc1ecc6be7238da194869e940.jpg","https://media.birdweather.com/species/20/BlackRedstart-png200-cbc0625b8b4889aeec1da754ad906efd.png","2QgGFwT8epa+l3ZlZ5hntnh4Z/6oyZ8I",11428926362,"https://media.birdweather.com/soundscapes/6891/6891-20260505-044313.flac",0,3,"birdnetpi"
7459368526,6891,"2026-05-05T06:43:07.000+02:00",0.94,0.961844444274902,9.76269649097779,"almost_certain","2p4",NA,51.5688,6.0016,FALSE,51,"Common Chiffchaff","Phylloscopus collybita","#234bb2","avian","https://media.birdweather.com/species/51/CommonChiffchaff-standard-51b65ae67159c1d7e6b40d2e5032b8bc.jpg","https://media.birdweather.com/species/51/CommonChiffchaff-thumbnail-db7cc6cc80c51cac95a6cceb51a0a66f.jpg","https://media.birdweather.com/species/51/CommonChiffchaff-png200-e06677bd5f83c96ea17aab076a5e64dd.png","HSkCDwJplXeiMFilxTzIyVZplYf32ZcA",11428925073,"https://media.birdweather.com/soundscapes/6891/6891-20260505-044307.flac",0,3,"birdnetpi"
7459362867,6891,"2026-05-05T06:42:49.000+02:00",0.98,0.236734092235565,7.96764039235237,"almost_certain","2p4",NA,51.5672,6.0053,FALSE,20,"Black Redstart","Phoenicurus ochruros","#c8ce2d","avian","https://media.birdweather.com/species/20/BlackRedstart-standard-4255c9b712ecb46ea7d3df8d556c18e7.jpg","https://media.birdweather.com/species/20/BlackRedstart-thumbnail-2fee59acc1ecc6be7238da194869e940.jpg","https://media.birdweather.com/species/20/BlackRedstart-png200-cbc0625b8b4889aeec1da754ad906efd.png","2QgGFwT8epa+l3ZlZ5hntnh4Z/6oyZ8I",11428915190,"https://media.birdweather.com/soundscapes/6891/6891-20260505-044249.flac",0,3,"birdnetpi"
7459362686,6891,"2026-05-05T06:42:43.000+02:00",0.97,0.961844444274902,9.82545555534066,"almost_certain","2p4",NA,51.5663,6.002,FALSE,51,"Common Chiffchaff","Phylloscopus collybita","#234bb2","avian","https://media.birdweather.com/species/51/CommonChiffchaff-standard-51b65ae67159c1d7e6b40d2e5032b8bc.jpg","https://media.birdweather.com/species/51/CommonChiffchaff-thumbnail-db7cc6cc80c51cac95a6cceb51a0a66f.jpg","https://media.birdweather.com/species/51/CommonChiffchaff-png200-e06677bd5f83c96ea17aab076a5e64dd.png","HSkCDwJplXeiMFilxTzIyVZplYf32ZcA",11428914854,"https://media.birdweather.com/soundscapes/6891/6891-20260505-044243.flac",0,3,"birdnetpi"
7459356749,6891,"2026-05-05T06:42:22.000+02:00",0.98,0.236734092235565,7.96764039235237,"almost_certain","2p4",NA,51.5632,6.0031,FALSE,20,"Black Redstart","Phoenicurus ochruros","#c8ce2d","avian","https://media.birdweather.com/species/20/BlackRedstart-standard-4255c9b712ecb46ea7d3df8d556c18e7.jpg","https://media.birdweather.com/species/20/BlackRedstart-thumbnail-2fee59acc1ecc6be7238da194869e940.jpg","https://media.birdweather.com/species/20/BlackRedstart-png200-cbc0625b8b4889aeec1da754ad906efd.png","2QgGFwT8epa+l3ZlZ5hntnh4Z/6oyZ8I",11428904642,"https://media.birdweather.com/soundscapes/6891/6891-20260505-044222.flac",0,3,"birdnetpi"
7459350882,6891,"2026-05-05T06:42:02.000+02:00",0.98,0.236734092235565,7.96764039235237,"almost_certain","2p4",NA,51.5663,6.0086,FALSE,20,"Black Redstart","Phoenicurus ochruros","#c8ce2d","avian","https://media.birdweather.com/species/20/BlackRedstart-standard-4255c9b712ecb46ea7d3df8d556c18e7.jpg","https://media.birdweather.com/species/20/BlackRedstart-thumbnail-2fee59acc1ecc6be7238da194869e940.jpg","https://media.birdweather.com/species/20/BlackRedstart-png200-cbc0625b8b4889aeec1da754ad906efd.png","2QgGFwT8epa+l3ZlZ5hntnh4Z/6oyZ8I",11428894480,"https://media.birdweather.com/soundscapes/6891/6891-20260505-044202.flac",0,3,"birdnetpi"
7459344603,6891,"2026-05-05T06:41:39.000+02:00",0.98,0.236734092235565,7.96764039235237,"almost_certain","2p4",NA,51.5649,6.0066,FALSE,20,"Black Redstart","Phoenicurus ochruros","#c8ce2d","avian","https://media.birdweather.com/species/20/BlackRedstart-standard-4255c9b712ecb46ea7d3df8d556c18e7.jpg","https://media.birdweather.com/species/20/BlackRedstart-thumbnail-2fee59acc1ecc6be7238da194869e940.jpg","https://media.birdweather.com/species/20/BlackRedstart-png200-cbc0625b8b4889aeec1da754ad906efd.png","2QgGFwT8epa+l3ZlZ5hntnh4Z/6oyZ8I",11428883428,"https://media.birdweather.com/soundscapes/6891/6891-20260505-044139.flac",0,3,"birdnetpi"
7459340504,6891,"2026-05-05T06:41:23.000+02:00",0.72,0.961844444274902,9.18563404382325,"almost_certain","2p4",NA,51.5693,6.0046,FALSE,51,"Common Chiffchaff","Phylloscopus collybita","#234bb2","avian","https://media.birdweather.com/species/51/CommonChiffchaff-standard-51b65ae67159c1d7e6b40d2e5032b8bc.jpg","https://media.birdweather.com/species/51/CommonChiffchaff-thumbnail-db7cc6cc80c51cac95a6cceb51a0a66f.jpg","https://media.birdweather.com/species/51/CommonChiffchaff-png200-e06677bd5f83c96ea17aab076a5e64dd.png","HSkCDwJplXeiMFilxTzIyVZplYf32ZcA",11428876459,"https://media.birdweather.com/soundscapes/6891/6891-20260505-044123.flac",0,3,"birdnetpi"
7459338000,6891,"2026-05-05T06:41:15.000+02:00",0.94,0.236734092235565,7.88458466046386,"almost_certain","2p4",NA,51.5677,6.0087,FALSE,20,"Black Redstart","Phoenicurus ochruros","#c8ce2d","avian","https://media.birdweather.com/species/20/BlackRedstart-standard-4255c9b712ecb46ea7d3df8d556c18e7.jpg","https://media.birdweather.com/species/20/BlackRedstart-thumbnail-2fee59acc1ecc6be7238da194869e940.jpg","https://media.birdweather.com/species/20/BlackRedstart-png200-cbc0625b8b4889aeec1da754ad906efd.png","2QgGFwT8epa+l3ZlZ5hntnh4Z/6oyZ8I",11428872223,"https://media.birdweather.com/soundscapes/6891/6891-20260505-044115.flac",0,3,"birdnetpi"
7459330715,6891,"2026-05-05T06:40:54.000+02:00",0.96,0.961844444274902,9.80485366335124,"almost_certain","2p4",NA,51.564,6.0027,FALSE,51,"Common Chiffchaff","Phylloscopus collybita","#234bb2","avian","https://media.birdweather.com/species/51/CommonChiffchaff-standard-51b65ae67159c1d7e6b40d2e5032b8bc.jpg","https://media.birdweather.com/species/51/CommonChiffchaff-thumbnail-db7cc6cc80c51cac95a6cceb51a0a66f.jpg","https://media.birdweather.com/species/51/CommonChiffchaff-png200-e06677bd5f83c96ea17aab076a5e64dd.png","HSkCDwJplXeiMFilxTzIyVZplYf32ZcA",11428859780,"https://media.birdweather.com/soundscapes/6891/6891-20260505-044054.flac",0,3,"birdnetpi"
7459331809,6891,"2026-05-05T06:40:50.000+02:00",0.86,0.236734092235565,7.70164665256826,"almost_certain","2p4",NA,51.5617,6.0033,FALSE,20,"Black Redstart","Phoenicurus ochruros","#c8ce2d","avian","https://media.birdweather.com/species/20/BlackRedstart-standard-4255c9b712ecb46ea7d3df8d556c18e7.jpg","https://media.birdweather.com/species/20/BlackRedstart-thumbnail-2fee59acc1ecc6be7238da194869e940.jpg","https://media.birdweather.com/species/20/BlackRedstart-png200-cbc0625b8b4889aeec1da754ad906efd.png","2QgGFwT8epa+l3ZlZ5hntnh4Z/6oyZ8I",11428861653,"https://media.birdweather.com/soundscapes/6891/6891-20260505-044050.flac",0,3,"birdnetpi"
7459325939,6891,"2026-05-05T06:40:29.000+02:00",0.96,0.236734092235565,7.92674183283731,"almost_certain","2p4",NA,51.5665,6.0007,FALSE,20,"Black Redstart","Phoenicurus ochruros","#c8ce2d","avian","https://media.birdweather.com/species/20/BlackRedstart-standard-4255c9b712ecb46ea7d3df8d556c18e7.jpg","https://media.birdweather.com/species/20/BlackRedstart-thumbnail-2fee59acc1ecc6be7238da194869e940.jpg","https://media.birdweather.com/species/20/BlackRedstart-png200-cbc0625b8b4889aeec1da754ad906efd.png","2QgGFwT8epa+l3ZlZ5hntnh4Z/6oyZ8I",11428851404,"https://media.birdweather.com/soundscapes/6891/6891-20260505-044029.flac",0,3,"birdnetpi"
7459318648,6891,"2026-05-05T06:40:00.000+02:00",0.9,0.961844444274902,9.67427871701932,"almost_certain","2p4",NA,51.5666,6.0077,FALSE,51,"Common Chiffchaff","Phylloscopus collybita","#234bb2","avian","https://media.birdweather.com/species/51/CommonChiffchaff-standard-51b65ae67159c1d7e6b40d2e5032b8bc.jpg","https://media.birdweather.com/species/51/CommonChiffchaff-thumbnail-db7cc6cc80c51cac95a6cceb51a0a66f.jpg","https://media.birdweather.com/species/51/CommonChiffchaff-png200-e06677bd5f83c96ea17aab076a5e64dd.png","HSkCDwJplXeiMFilxTzIyVZplYf32ZcA",11428838460,"https://media.birdweather.com/soundscapes/6891/6891-20260505-044000.flac",0,3,"birdnetpi"
7459314404,6891,"2026-05-05T06:39:42.000+02:00",0.91,0.961844444274902,9.69692386069247,"almost_certain","2p4",NA,51.5658,6.0036,FALSE,51,"Common Chiffchaff","Phylloscopus collybita","#234bb2","avian","https://media.birdweather.com/species/51/CommonChiffchaff-standard-51b65ae67159c1d7e6b40d2e5032b8bc.jpg","https://media.birdweather.com/species/51/CommonChiffchaff-thumbnail-db7cc6cc80c51cac95a6cceb51a0a66f.jpg","https://media.birdweather.com/species/51/CommonChiffchaff-png200-e06677bd5f83c96ea17aab076a5e64dd.png","HSkCDwJplXeiMFilxTzIyVZplYf32ZcA",11428831054,"https://media.birdweather.com/soundscapes/6891/6891-20260505-043942.flac",0,3,"birdnetpi"
7459300674,6891,"2026-05-05T06:38:52.000+02:00",0.8,0.961844444274902,9.4244981842116,"almost_certain","2p4",NA,51.5636,6.0083,FALSE,51,"Common Chiffchaff","Phylloscopus collybita","#234bb2","avian","https://media.birdweather.com/species/51/CommonChiffchaff-standard-51b65ae67159c1d7e6b40d2e5032b8bc.jpg","https://media.birdweather.com/species/51/CommonChiffchaff-thumbnail-db7cc6cc80c51cac95a6cceb51a0a66f.jpg","https://media.birdweather.com/species/51/CommonChiffchaff-png200-e06677bd5f83c96ea17aab076a5e64dd.png","HSkCDwJplXeiMFilxTzIyVZplYf32ZcA",11428807089,"https://media.birdweather.com/soundscapes/6891/6891-20260505-043852.flac",0,3,"birdnetpi"
7459287956,6891,"2026-05-05T06:38:02.000+02:00",0.76,0.961844444274902,9.3102653799651,"almost_certain","2p4",NA,51.568,6.0018,FALSE,51,"Common Chiffchaff","Phylloscopus collybita","#234bb2","avian","https://media.birdweather.com/species/51/CommonChiffchaff-standard-51b65ae67159c1d7e6b40d2e5032b8bc.jpg","https://media.birdweather.com/species/51/CommonChiffchaff-thumbnail-db7cc6cc80c51cac95a6cceb51a0a66f.jpg","https://media.birdweather.com/species/51/CommonChiffchaff-png200-e06677bd5f83c96ea17aab076a5e64dd.png","HSkCDwJplXeiMFilxTzIyVZplYf32ZcA",11428784343,"https://media.birdweather.com/soundscapes/6891/6891-20260505-043802.flac",0,3,"birdnetpi"
7459281141,6891,"2026-05-05T06:37:35.000+02:00",0.82,0.961844444274902,9.47823056123159,"almost_certain","2p4",NA,51.5695,6.0047,FALSE,51,"Common Chiffchaff","Phylloscopus collybita","#234bb2","avian","https://media.birdweather.com/species/51/CommonChiffchaff-standard-51b65ae67159c1d7e6b40d2e5032b8bc.jpg","https://media.birdweather.com/species/51/CommonChiffchaff-thumbnail-db7cc6cc80c51cac95a6cceb51a0a66f.jpg","https://media.birdweather.com/species/51/CommonChiffchaff-png200-e06677bd5f83c96ea17aab076a5e64dd.png","HSkCDwJplXeiMFilxTzIyVZplYf32ZcA",11428772359,"https://media.birdweather.com/soundscapes/6891/6891-20260505-043735.flac",0,3,"birdnetpi"
7459270320,6891,"2026-05-05T06:36:56.000+02:00",1,0.236734092235565,8.00735331786873,"almost_certain","2p4",NA,51.5652,6.0054,FALSE,20,"Black Redstart","Phoenicurus ochruros","#c8ce2d","avian","https://media.birdweather.com/species/20/BlackRedstart-standard-4255c9b712ecb46ea7d3df8d556c18e7.jpg","https://media.birdweather.com/species/20/BlackRedstart-thumbnail-2fee59acc1ecc6be7238da194869e940.jpg","https://media.birdweather.com/species/20/BlackRedstart-png200-cbc0625b8b4889aeec1da754ad906efd.png","2QgGFwT8epa+l3ZlZ5hntnh4Z/6oyZ8I",11428753421,"https://media.birdweather.com/soundscapes/6891/6891-20260505-043656.flac",0,3,"birdnetpi"
7459269230,6891,"2026-05-05T06:36:50.000+02:00",1,0.689138293266296,9.43425950111052,"almost_certain","2p4",NA,51.5702,6.0009,FALSE,90,"Gray Heron","Ardea cinerea","#a70076","avian","https://media.birdweather.com/species/90/GrayHeron-standard-e3f0fccd9ae9722e5e8fbb19dbaf13d5.jpg","https://media.birdweather.com/species/90/GrayHeron-thumbnail-48938163008079f2a083eb422453fe97.jpg","https://media.birdweather.com/species/90/GrayHeron-png200-17ea141f1d862a12d8e4f1d98638157f.png","LOcJDwKIeId/h3iBh8eIR2iKpgfXaYAN",11428751539,"https://media.birdweather.com/soundscapes/6891/6891-20260505-043650.flac",0,3,"birdnetpi"
7459267718,6891,"2026-05-05T06:36:45.000+02:00",0.78,0.961844444274902,9.36857205171885,"almost_certain","2p4",NA,51.5616,6.004,FALSE,51,"Common Chiffchaff","Phylloscopus collybita","#234bb2","avian","https://media.birdweather.com/species/51/CommonChiffchaff-standard-51b65ae67159c1d7e6b40d2e5032b8bc.jpg","https://media.birdweather.com/species/51/CommonChiffchaff-thumbnail-db7cc6cc80c51cac95a6cceb51a0a66f.jpg","https://media.birdweather.com/species/51/CommonChiffchaff-png200-e06677bd5f83c96ea17aab076a5e64dd.png","HSkCDwJplXeiMFilxTzIyVZplYf32ZcA",11428748910,"https://media.birdweather.com/soundscapes/6891/6891-20260505-043645.flac",0,3,"birdnetpi"
7459210245,6891,"2026-05-05T06:33:17.000+02:00",0.78,0.961844444274902,9.36857205171885,"almost_certain","2p4",NA,51.5674,6.0094,FALSE,51,"Common Chiffchaff","Phylloscopus collybita","#234bb2","avian","https://media.birdweather.com/species/51/CommonChiffchaff-standard-51b65ae67159c1d7e6b40d2e5032b8bc.jpg","https://media.birdweather.com/species/51/CommonChiffchaff-thumbnail-db7cc6cc80c51cac95a6cceb51a0a66f.jpg","https://media.birdweather.com/species/51/CommonChiffchaff-png200-e06677bd5f83c96ea17aab076a5e64dd.png","HSkCDwJplXeiMFilxTzIyVZplYf32ZcA",11428648625,"https://media.birdweather.com/soundscapes/6891/6891-20260505-043317.flac",0,3,"birdnetpi"
7459200319,6891,"2026-05-05T06:32:31.000+02:00",0.77,0.961844444274902,9.33972888111782,"almost_certain","2p4",NA,51.5659,6.003,FALSE,51,"Common Chiffchaff","Phylloscopus collybita","#234bb2","avian","https://media.birdweather.com/species/51/CommonChiffchaff-standard-51b65ae67159c1d7e6b40d2e5032b8bc.jpg","https://media.birdweather.com/species/51/CommonChiffchaff-thumbnail-db7cc6cc80c51cac95a6cceb51a0a66f.jpg","https://media.birdweather.com/species/51/CommonChiffchaff-png200-e06677bd5f83c96ea17aab076a5e64dd.png","HSkCDwJplXeiMFilxTzIyVZplYf32ZcA",11428631437,"https://media.birdweather.com/soundscapes/6891/6891-20260505-043231.flac",0,3,"birdnetpi"
7459197034,6891,"2026-05-05T06:32:20.000+02:00",0.97,0.672991514205933,9.34223830734999,"almost_certain","2p4",NA,51.5616,6.009,FALSE,44,"Dunnock","Prunella modularis","#fea614","avian","https://media.birdweather.com/species/44/Dunnock-standard-a705d7131240cedd1c407b5a19989591.jpg","https://media.birdweather.com/species/44/Dunnock-thumbnail-1036624855b82c96db4ad23d1ed9d702.jpg","https://media.birdweather.com/species/44/Dunnock-png200-951bb2cdb9ec585716907d8eac83882e.png","lQgGDwB9pneQhHlwWjeK2ZK6d/kdFaUA",11428625853,"https://media.birdweather.com/soundscapes/6891/6891-20260505-043220.flac",0,3,"birdnetpi"
7459193642,6891,"2026-05-05T06:32:05.000+02:00",0.92,0.961844444274902,9.71920077428681,"almost_certain","2p4",NA,51.566,6.0009,FALSE,51,"Common Chiffchaff","Phylloscopus collybita","#234bb2","avian","https://media.birdweather.com/species/51/CommonChiffchaff-standard-51b65ae67159c1d7e6b40d2e5032b8bc.jpg","https://media.birdweather.com/species/51/CommonChiffchaff-thumbnail-db7cc6cc80c51cac95a6cceb51a0a66f.jpg","https://media.birdweather.com/species/51/CommonChiffchaff-png200-e06677bd5f83c96ea17aab076a5e64dd.png","HSkCDwJplXeiMFilxTzIyVZplYf32ZcA",11428619898,"https://media.birdweather.com/soundscapes/6891/6891-20260505-043205.flac",0,3,"birdnetpi"
7459187477,6891,"2026-05-05T06:31:42.000+02:00",0.86,0.961844444274902,9.57975848308219,"almost_certain","2p4",NA,51.5661,6.0067,FALSE,51,"Common Chiffchaff","Phylloscopus collybita","#234bb2","avian","https://media.birdweather.com/species/51/CommonChiffchaff-standard-51b65ae67159c1d7e6b40d2e5032b8bc.jpg","https://media.birdweather.com/species/51/CommonChiffchaff-thumbnail-db7cc6cc80c51cac95a6cceb51a0a66f.jpg","https://media.birdweather.com/species/51/CommonChiffchaff-png200-e06677bd5f83c96ea17aab076a5e64dd.png","HSkCDwJplXeiMFilxTzIyVZplYf32ZcA",11428609137,"https://media.birdweather.com/soundscapes/6891/6891-20260505-043142.flac",0,3,"birdnetpi"
7459186551,6891,"2026-05-05T06:31:38.000+02:00",0.93,0.236734092235565,7.86300941141751,"almost_certain","2p4",NA,51.5666,6.0085,FALSE,20,"Black Redstart","Phoenicurus ochruros","#c8ce2d","avian","https://media.birdweather.com/species/20/BlackRedstart-standard-4255c9b712ecb46ea7d3df8d556c18e7.jpg","https://media.birdweather.com/species/20/BlackRedstart-thumbnail-2fee59acc1ecc6be7238da194869e940.jpg","https://media.birdweather.com/species/20/BlackRedstart-png200-cbc0625b8b4889aeec1da754ad906efd.png","2QgGFwT8epa+l3ZlZ5hntnh4Z/6oyZ8I",11428607481,"https://media.birdweather.com/soundscapes/6891/6891-20260505-043138.flac",0,3,"birdnetpi"
7459162403,6891,"2026-05-05T06:30:06.000+02:00",0.78,0.961844444274902,9.36857205171885,"almost_certain","2p4",NA,51.568,6.0083,FALSE,51,"Common Chiffchaff","Phylloscopus collybita","#234bb2","avian","https://media.birdweather.com/species/51/CommonChiffchaff-standard-51b65ae67159c1d7e6b40d2e5032b8bc.jpg","https://media.birdweather.com/species/51/CommonChiffchaff-thumbnail-db7cc6cc80c51cac95a6cceb51a0a66f.jpg","https://media.birdweather.com/species/51/CommonChiffchaff-png200-e06677bd5f83c96ea17aab076a5e64dd.png","HSkCDwJplXeiMFilxTzIyVZplYf32ZcA",11428564910,"https://media.birdweather.com/soundscapes/6891/6891-20260505-043006.flac",0,3,"birdnetpi"
7459152985,6891,"2026-05-05T06:29:31.000+02:00",0.95,0.672991514205933,9.30071997854139,"almost_certain","2p4",NA,51.5658,6.0055,FALSE,44,"Dunnock","Prunella modularis","#fea614","avian","https://media.birdweather.com/species/44/Dunnock-standard-a705d7131240cedd1c407b5a19989591.jpg","https://media.birdweather.com/species/44/Dunnock-thumbnail-1036624855b82c96db4ad23d1ed9d702.jpg","https://media.birdweather.com/species/44/Dunnock-png200-951bb2cdb9ec585716907d8eac83882e.png","lQgGDwB9pneQhHlwWjeK2ZK6d/kdFaUA",11428548565,"https://media.birdweather.com/soundscapes/6891/6891-20260505-042931.flac",0,3,"birdnetpi"
7459147279,6891,"2026-05-05T06:29:11.000+02:00",0.88,0.961844444274902,9.62783359122363,"almost_certain","2p4",NA,51.5669,6.007,FALSE,51,"Common Chiffchaff","Phylloscopus collybita","#234bb2","avian","https://media.birdweather.com/species/51/CommonChiffchaff-standard-51b65ae67159c1d7e6b40d2e5032b8bc.jpg","https://media.birdweather.com/species/51/CommonChiffchaff-thumbnail-db7cc6cc80c51cac95a6cceb51a0a66f.jpg","https://media.birdweather.com/species/51/CommonChiffchaff-png200-e06677bd5f83c96ea17aab076a5e64dd.png","HSkCDwJplXeiMFilxTzIyVZplYf32ZcA",11428538876,"https://media.birdweather.com/soundscapes/6891/6891-20260505-042911.flac",0,3,"birdnetpi"
7459130842,6891,"2026-05-05T06:28:10.000+02:00",0.99,0.236734092235565,7.98764074755935,"almost_certain","2p4",NA,51.5621,6.008,FALSE,20,"Black Redstart","Phoenicurus ochruros","#c8ce2d","avian","https://media.birdweather.com/species/20/BlackRedstart-standard-4255c9b712ecb46ea7d3df8d556c18e7.jpg","https://media.birdweather.com/species/20/BlackRedstart-thumbnail-2fee59acc1ecc6be7238da194869e940.jpg","https://media.birdweather.com/species/20/BlackRedstart-png200-cbc0625b8b4889aeec1da754ad906efd.png","2QgGFwT8epa+l3ZlZ5hntnh4Z/6oyZ8I",11428510140,"https://media.birdweather.com/soundscapes/6891/6891-20260505-042810.flac",0,3,"birdnetpi"
7459125346,6891,"2026-05-05T06:27:49.000+02:00",0.91,0.961844444274902,9.69692386069247,"almost_certain","2p4",NA,51.5617,6.0039,FALSE,51,"Common Chiffchaff","Phylloscopus collybita","#234bb2","avian","https://media.birdweather.com/species/51/CommonChiffchaff-standard-51b65ae67159c1d7e6b40d2e5032b8bc.jpg","https://media.birdweather.com/species/51/CommonChiffchaff-thumbnail-db7cc6cc80c51cac95a6cceb51a0a66f.jpg","https://media.birdweather.com/species/51/CommonChiffchaff-png200-e06677bd5f83c96ea17aab076a5e64dd.png","HSkCDwJplXeiMFilxTzIyVZplYf32ZcA",11428500921,"https://media.birdweather.com/soundscapes/6891/6891-20260505-042749.flac",0,3,"birdnetpi"
7459117699,6891,"2026-05-05T06:27:21.000+02:00",0.79,0.961844444274902,9.3968204751866,"almost_certain","2p4",NA,51.5682,6.0056,FALSE,51,"Common Chiffchaff","Phylloscopus collybita","#234bb2","avian","https://media.birdweather.com/species/51/CommonChiffchaff-standard-51b65ae67159c1d7e6b40d2e5032b8bc.jpg","https://media.birdweather.com/species/51/CommonChiffchaff-thumbnail-db7cc6cc80c51cac95a6cceb51a0a66f.jpg","https://media.birdweather.com/species/51/CommonChiffchaff-png200-e06677bd5f83c96ea17aab076a5e64dd.png","HSkCDwJplXeiMFilxTzIyVZplYf32ZcA",11428487951,"https://media.birdweather.com/soundscapes/6891/6891-20260505-042721.flac",0,3,"birdnetpi"
7459096910,6891,"2026-05-05T06:26:05.000+02:00",0.73,0.961844444274902,9.21787082527522,"almost_certain","2p4",NA,51.5655,6.0071,FALSE,51,"Common Chiffchaff","Phylloscopus collybita","#234bb2","avian","https://media.birdweather.com/species/51/CommonChiffchaff-standard-51b65ae67159c1d7e6b40d2e5032b8bc.jpg","https://media.birdweather.com/species/51/CommonChiffchaff-thumbnail-db7cc6cc80c51cac95a6cceb51a0a66f.jpg","https://media.birdweather.com/species/51/CommonChiffchaff-png200-e06677bd5f83c96ea17aab076a5e64dd.png","HSkCDwJplXeiMFilxTzIyVZplYf32ZcA",11428452338,"https://media.birdweather.com/soundscapes/6891/6891-20260505-042605.flac",0,3,"birdnetpi"
7459079380,6891,"2026-05-05T06:24:58.000+02:00",0.92,0.961844444274902,9.71920077428681,"almost_certain","2p4",NA,51.5686,6.009,FALSE,51,"Common Chiffchaff","Phylloscopus collybita","#234bb2","avian","https://media.birdweather.com/species/51/CommonChiffchaff-standard-51b65ae67159c1d7e6b40d2e5032b8bc.jpg","https://media.birdweather.com/species/51/CommonChiffchaff-thumbnail-db7cc6cc80c51cac95a6cceb51a0a66f.jpg","https://media.birdweather.com/species/51/CommonChiffchaff-png200-e06677bd5f83c96ea17aab076a5e64dd.png","HSkCDwJplXeiMFilxTzIyVZplYf32ZcA",11428422174,"https://media.birdweather.com/soundscapes/6891/6891-20260505-042458.flac",0,3,"birdnetpi"
7459072766,6891,"2026-05-05T06:24:39.000+02:00",0.94,0.236734092235565,7.88458466046386,"almost_certain","2p4",NA,51.5675,6.0043,FALSE,20,"Black Redstart","Phoenicurus ochruros","#c8ce2d","avian","https://media.birdweather.com/species/20/BlackRedstart-standard-4255c9b712ecb46ea7d3df8d556c18e7.jpg","https://media.birdweather.com/species/20/BlackRedstart-thumbnail-2fee59acc1ecc6be7238da194869e940.jpg","https://media.birdweather.com/species/20/BlackRedstart-png200-cbc0625b8b4889aeec1da754ad906efd.png","2QgGFwT8epa+l3ZlZ5hntnh4Z/6oyZ8I",11428410799,"https://media.birdweather.com/soundscapes/6891/6891-20260505-042439.flac",0,3,"birdnetpi"
7459069156,6891,"2026-05-05T06:24:22.000+02:00",0.82,0.716157495975494,9.07897306824686,"almost_certain","2p4",NA,51.5641,6.0025,FALSE,201,"Graylag Goose","Anser anser","#844800","avian","https://media.birdweather.com/species/201/GraylagGoose-standard-5235ddd797e4ea12096e170348c7ba78.jpg","https://media.birdweather.com/species/201/GraylagGoose-thumbnail-dcbb525def2966bd14949956147c5dba.jpg","https://media.birdweather.com/species/201/GraylagGoose-png200-40b0bbf2cd8e268c481e679711a36bb6.png","GtkFHwTASHhwaYe4ZomGWWSKiJ74ZlQA",11428404670,"https://media.birdweather.com/soundscapes/6891/6891-20260505-042422.flac",0,3,"birdnetpi"
7459065436,6891,"2026-05-05T06:24:09.000+02:00",0.84,0.236734092235565,7.65182298005416,"almost_certain","2p4",NA,51.5683,6.0076,FALSE,20,"Black Redstart","Phoenicurus ochruros","#c8ce2d","avian","https://media.birdweather.com/species/20/BlackRedstart-standard-4255c9b712ecb46ea7d3df8d556c18e7.jpg","https://media.birdweather.com/species/20/BlackRedstart-thumbnail-2fee59acc1ecc6be7238da194869e940.jpg","https://media.birdweather.com/species/20/BlackRedstart-png200-cbc0625b8b4889aeec1da754ad906efd.png","2QgGFwT8epa+l3ZlZ5hntnh4Z/6oyZ8I",11428398258,"https://media.birdweather.com/soundscapes/6891/6891-20260505-042409.flac",0,3,"birdnetpi"
7459064119,6891,"2026-05-05T06:24:02.000+02:00",0.89,0.961844444274902,9.65125296492587,"almost_certain","2p4",NA,51.5698,6.005,FALSE,51,"Common Chiffchaff","Phylloscopus collybita","#234bb2","avian","https://media.birdweather.com/species/51/CommonChiffchaff-standard-51b65ae67159c1d7e6b40d2e5032b8bc.jpg","https://media.birdweather.com/species/51/CommonChiffchaff-thumbnail-db7cc6cc80c51cac95a6cceb51a0a66f.jpg","https://media.birdweather.com/species/51/CommonChiffchaff-png200-e06677bd5f83c96ea17aab076a5e64dd.png","HSkCDwJplXeiMFilxTzIyVZplYf32ZcA",11428395852,"https://media.birdweather.com/soundscapes/6891/6891-20260505-042402.flac",0,3,"birdnetpi"
7459057618,6891,"2026-05-05T06:23:37.000+02:00",0.89,0.961844444274902,9.65125296492587,"almost_certain","2p4",NA,51.5652,6.0021,FALSE,51,"Common Chiffchaff","Phylloscopus collybita","#234bb2","avian","https://media.birdweather.com/species/51/CommonChiffchaff-standard-51b65ae67159c1d7e6b40d2e5032b8bc.jpg","https://media.birdweather.com/species/51/CommonChiffchaff-thumbnail-db7cc6cc80c51cac95a6cceb51a0a66f.jpg","https://media.birdweather.com/species/51/CommonChiffchaff-png200-e06677bd5f83c96ea17aab076a5e64dd.png","HSkCDwJplXeiMFilxTzIyVZplYf32ZcA",11428384760,"https://media.birdweather.com/soundscapes/6891/6891-20260505-042337.flac",0,3,"birdnetpi"
7459053686,6891,"2026-05-05T06:23:29.000+02:00",0.89,0.961844444274902,9.65125296492587,"almost_certain","2p4",NA,51.5667,6.0078,FALSE,51,"Common Chiffchaff","Phylloscopus collybita","#234bb2","avian","https://media.birdweather.com/species/51/CommonChiffchaff-standard-51b65ae67159c1d7e6b40d2e5032b8bc.jpg","https://media.birdweather.com/species/51/CommonChiffchaff-thumbnail-db7cc6cc80c51cac95a6cceb51a0a66f.jpg","https://media.birdweather.com/species/51/CommonChiffchaff-png200-e06677bd5f83c96ea17aab076a5e64dd.png","HSkCDwJplXeiMFilxTzIyVZplYf32ZcA",11428377873,"https://media.birdweather.com/soundscapes/6891/6891-20260505-042329.flac",0,3,"birdnetpi"
7459044152,6891,"2026-05-05T06:22:48.000+02:00",0.86,0.961844444274902,9.57975848308219,"almost_certain","2p4",NA,51.5623,6.0092,FALSE,51,"Common Chiffchaff","Phylloscopus collybita","#234bb2","avian","https://media.birdweather.com/species/51/CommonChiffchaff-standard-51b65ae67159c1d7e6b40d2e5032b8bc.jpg","https://media.birdweather.com/species/51/CommonChiffchaff-thumbnail-db7cc6cc80c51cac95a6cceb51a0a66f.jpg","https://media.birdweather.com/species/51/CommonChiffchaff-png200-e06677bd5f83c96ea17aab076a5e64dd.png","HSkCDwJplXeiMFilxTzIyVZplYf32ZcA",11428361695,"https://media.birdweather.com/soundscapes/6891/6891-20260505-042248.flac",0,3,"birdnetpi"
7459038351,6891,"2026-05-05T06:22:35.000+02:00",0.8,0.961844444274902,9.4244981842116,"almost_certain","2p4",NA,51.5701,6.0009,FALSE,51,"Common Chiffchaff","Phylloscopus collybita","#234bb2","avian","https://media.birdweather.com/species/51/CommonChiffchaff-standard-51b65ae67159c1d7e6b40d2e5032b8bc.jpg","https://media.birdweather.com/species/51/CommonChiffchaff-thumbnail-db7cc6cc80c51cac95a6cceb51a0a66f.jpg","https://media.birdweather.com/species/51/CommonChiffchaff-png200-e06677bd5f83c96ea17aab076a5e64dd.png","HSkCDwJplXeiMFilxTzIyVZplYf32ZcA",11428351949,"https://media.birdweather.com/soundscapes/6891/6891-20260505-042235.flac",0,3,"birdnetpi"
7459034385,6891,"2026-05-05T06:22:11.000+02:00",0.91,0.961844444274902,9.69692386069247,"almost_certain","2p4",NA,51.5689,6.0006,FALSE,51,"Common Chiffchaff","Phylloscopus collybita","#234bb2","avian","https://media.birdweather.com/species/51/CommonChiffchaff-standard-51b65ae67159c1d7e6b40d2e5032b8bc.jpg","https://media.birdweather.com/species/51/CommonChiffchaff-thumbnail-db7cc6cc80c51cac95a6cceb51a0a66f.jpg","https://media.birdweather.com/species/51/CommonChiffchaff-png200-e06677bd5f83c96ea17aab076a5e64dd.png","HSkCDwJplXeiMFilxTzIyVZplYf32ZcA",11428345015,"https://media.birdweather.com/soundscapes/6891/6891-20260505-042211.flac",0,3,"birdnetpi"
7459022577,6891,"2026-05-05T06:21:29.000+02:00",0.87,0.961844444274902,9.60400690370837,"almost_certain","2p4",NA,51.5652,6.0046,FALSE,51,"Common Chiffchaff","Phylloscopus collybita","#234bb2","avian","https://media.birdweather.com/species/51/CommonChiffchaff-standard-51b65ae67159c1d7e6b40d2e5032b8bc.jpg","https://media.birdweather.com/species/51/CommonChiffchaff-thumbnail-db7cc6cc80c51cac95a6cceb51a0a66f.jpg","https://media.birdweather.com/species/51/CommonChiffchaff-png200-e06677bd5f83c96ea17aab076a5e64dd.png","HSkCDwJplXeiMFilxTzIyVZplYf32ZcA",11428325077,"https://media.birdweather.com/soundscapes/6891/6891-20260505-042129.flac",0,3,"birdnetpi"
7459016189,6891,"2026-05-05T06:21:09.000+02:00",0.82,0.961844444274902,9.47823056123159,"almost_certain","2p4",NA,51.5664,6.0052,FALSE,51,"Common Chiffchaff","Phylloscopus collybita","#234bb2","avian","https://media.birdweather.com/species/51/CommonChiffchaff-standard-51b65ae67159c1d7e6b40d2e5032b8bc.jpg","https://media.birdweather.com/species/51/CommonChiffchaff-thumbnail-db7cc6cc80c51cac95a6cceb51a0a66f.jpg","https://media.birdweather.com/species/51/CommonChiffchaff-png200-e06677bd5f83c96ea17aab076a5e64dd.png","HSkCDwJplXeiMFilxTzIyVZplYf32ZcA",11428314032,"https://media.birdweather.com/soundscapes/6891/6891-20260505-042109.flac",0,3,"birdnetpi"
7459010607,6891,"2026-05-05T06:20:46.000+02:00",0.96,0.961844444274902,9.80485366335124,"almost_certain","2p4",NA,51.5642,6.0035,FALSE,51,"Common Chiffchaff","Phylloscopus collybita","#234bb2","avian","https://media.birdweather.com/species/51/CommonChiffchaff-standard-51b65ae67159c1d7e6b40d2e5032b8bc.jpg","https://media.birdweather.com/species/51/CommonChiffchaff-thumbnail-db7cc6cc80c51cac95a6cceb51a0a66f.jpg","https://media.birdweather.com/species/51/CommonChiffchaff-png200-e06677bd5f83c96ea17aab076a5e64dd.png","HSkCDwJplXeiMFilxTzIyVZplYf32ZcA",11428304225,"https://media.birdweather.com/soundscapes/6891/6891-20260505-042046.flac",0,3,"birdnetpi"
7459006510,6891,"2026-05-05T06:20:34.000+02:00",0.88,0.961844444274902,9.62783359122363,"almost_certain","2p4",NA,51.5688,6.0036,FALSE,51,"Common Chiffchaff","Phylloscopus collybita","#234bb2","avian","https://media.birdweather.com/species/51/CommonChiffchaff-standard-51b65ae67159c1d7e6b40d2e5032b8bc.jpg","https://media.birdweather.com/species/51/CommonChiffchaff-thumbnail-db7cc6cc80c51cac95a6cceb51a0a66f.jpg","https://media.birdweather.com/species/51/CommonChiffchaff-png200-e06677bd5f83c96ea17aab076a5e64dd.png","HSkCDwJplXeiMFilxTzIyVZplYf32ZcA",11428297308,"https://media.birdweather.com/soundscapes/6891/6891-20260505-042034.flac",0,3,"birdnetpi"
7459001564,6891,"2026-05-05T06:20:10.000+02:00",0.84,0.999183833599091,9.58158578708593,"almost_certain","2p4",NA,51.5627,6.0057,FALSE,35,"Eurasian Blackbird","Turdus merula","#ff65df","avian","https://media.birdweather.com/species/35/EurasianBlackbird-standard-618b3a5132c7c359fb2a2884c39deb39.jpg","https://media.birdweather.com/species/35/EurasianBlackbird-thumbnail-276878929bed08167d1fd9bf34d63d40.jpg","https://media.birdweather.com/species/35/EurasianBlackbird-png200-ba5a1b43225da4611cac429c52a52c81.png","GfkFFwKRmrx2ZYiaaQe69nlzScn3T7IA",11428288930,"https://media.birdweather.com/soundscapes/6891/6891-20260505-042010.flac",0,3,"birdnetpi"
7458999672,6891,"2026-05-05T06:20:06.000+02:00",0.9,0.961844444274902,9.67427871701932,"almost_certain","2p4",NA,51.5642,6.0064,FALSE,51,"Common Chiffchaff","Phylloscopus collybita","#234bb2","avian","https://media.birdweather.com/species/51/CommonChiffchaff-standard-51b65ae67159c1d7e6b40d2e5032b8bc.jpg","https://media.birdweather.com/species/51/CommonChiffchaff-thumbnail-db7cc6cc80c51cac95a6cceb51a0a66f.jpg","https://media.birdweather.com/species/51/CommonChiffchaff-png200-e06677bd5f83c96ea17aab076a5e64dd.png","HSkCDwJplXeiMFilxTzIyVZplYf32ZcA",11428285830,"https://media.birdweather.com/soundscapes/6891/6891-20260505-042006.flac",0,3,"birdnetpi"
7458986900,6891,"2026-05-05T06:19:16.000+02:00",0.78,0.999183833599091,9.42022302823668,"almost_certain","2p4",NA,51.5648,6.0009,FALSE,35,"Eurasian Blackbird","Turdus merula","#ff65df","avian","https://media.birdweather.com/species/35/EurasianBlackbird-standard-618b3a5132c7c359fb2a2884c39deb39.jpg","https://media.birdweather.com/species/35/EurasianBlackbird-thumbnail-276878929bed08167d1fd9bf34d63d40.jpg","https://media.birdweather.com/species/35/EurasianBlackbird-png200-ba5a1b43225da4611cac429c52a52c81.png","GfkFFwKRmrx2ZYiaaQe69nlzScn3T7IA",11428264082,"https://media.birdweather.com/soundscapes/6891/6891-20260505-041916.flac",0,3,"birdnetpi"
7458981261,6891,"2026-05-05T06:19:02.000+02:00",0.81,0.999183833599091,9.5032787601252,"almost_certain","2p4",NA,51.5677,6.0041,FALSE,35,"Eurasian Blackbird","Turdus merula","#ff65df","avian","https://media.birdweather.com/species/35/EurasianBlackbird-standard-618b3a5132c7c359fb2a2884c39deb39.jpg","https://media.birdweather.com/species/35/EurasianBlackbird-thumbnail-276878929bed08167d1fd9bf34d63d40.jpg","https://media.birdweather.com/species/35/EurasianBlackbird-png200-ba5a1b43225da4611cac429c52a52c81.png","GfkFFwKRmrx2ZYiaaQe69nlzScn3T7IA",11428254700,"https://media.birdweather.com/soundscapes/6891/6891-20260505-041902.flac",0,3,"birdnetpi"
7458978978,6891,"2026-05-05T06:18:55.000+02:00",0.83,0.672991514205933,9.02110934035077,"almost_certain","2p4",NA,51.5641,6.0028,FALSE,44,"Dunnock","Prunella modularis","#fea614","avian","https://media.birdweather.com/species/44/Dunnock-standard-a705d7131240cedd1c407b5a19989591.jpg","https://media.birdweather.com/species/44/Dunnock-thumbnail-1036624855b82c96db4ad23d1ed9d702.jpg","https://media.birdweather.com/species/44/Dunnock-png200-951bb2cdb9ec585716907d8eac83882e.png","lQgGDwB9pneQhHlwWjeK2ZK6d/kdFaUA",11428251051,"https://media.birdweather.com/soundscapes/6891/6891-20260505-041855.flac",0,3,"birdnetpi"
7458967536,6891,"2026-05-05T06:18:08.000+02:00",0.81,0.672991514205933,8.96841053561669,"almost_certain","2p4",NA,51.5672,6.003,FALSE,44,"Dunnock","Prunella modularis","#fea614","avian","https://media.birdweather.com/species/44/Dunnock-standard-a705d7131240cedd1c407b5a19989591.jpg","https://media.birdweather.com/species/44/Dunnock-thumbnail-1036624855b82c96db4ad23d1ed9d702.jpg","https://media.birdweather.com/species/44/Dunnock-png200-951bb2cdb9ec585716907d8eac83882e.png","lQgGDwB9pneQhHlwWjeK2ZK6d/kdFaUA",11428231674,"https://media.birdweather.com/soundscapes/6891/6891-20260505-041808.flac",0,3,"birdnetpi"
7458952412,6891,"2026-05-05T06:17:15.000+02:00",0.82,0.999183833599091,9.52988153774943,"almost_certain","2p4",NA,51.5679,6.0053,FALSE,35,"Eurasian Blackbird","Turdus merula","#ff65df","avian","https://media.birdweather.com/species/35/EurasianBlackbird-standard-618b3a5132c7c359fb2a2884c39deb39.jpg","https://media.birdweather.com/species/35/EurasianBlackbird-thumbnail-276878929bed08167d1fd9bf34d63d40.jpg","https://media.birdweather.com/species/35/EurasianBlackbird-png200-ba5a1b43225da4611cac429c52a52c81.png","GfkFFwKRmrx2ZYiaaQe69nlzScn3T7IA",11428206124,"https://media.birdweather.com/soundscapes/6891/6891-20260505-041715.flac",0,3,"birdnetpi"
7458942110,6891,"2026-05-05T06:16:36.000+02:00",0.71,0.999183833599091,9.20427137467778,"almost_certain","2p4",NA,51.5694,6.0062,FALSE,35,"Eurasian Blackbird","Turdus merula","#ff65df","avian","https://media.birdweather.com/species/35/EurasianBlackbird-standard-618b3a5132c7c359fb2a2884c39deb39.jpg","https://media.birdweather.com/species/35/EurasianBlackbird-thumbnail-276878929bed08167d1fd9bf34d63d40.jpg","https://media.birdweather.com/species/35/EurasianBlackbird-png200-ba5a1b43225da4611cac429c52a52c81.png","GfkFFwKRmrx2ZYiaaQe69nlzScn3T7IA",11428188975,"https://media.birdweather.com/soundscapes/6891/6891-20260505-041636.flac",0,3,"birdnetpi"
7458936574,6891,"2026-05-05T06:16:15.000+02:00",0.97,0.999183833599091,9.8771065318585,"almost_certain","2p4",NA,51.5652,6.0091,FALSE,35,"Eurasian Blackbird","Turdus merula","#ff65df","avian","https://media.birdweather.com/species/35/EurasianBlackbird-standard-618b3a5132c7c359fb2a2884c39deb39.jpg","https://media.birdweather.com/species/35/EurasianBlackbird-thumbnail-276878929bed08167d1fd9bf34d63d40.jpg","https://media.birdweather.com/species/35/EurasianBlackbird-png200-ba5a1b43225da4611cac429c52a52c81.png","GfkFFwKRmrx2ZYiaaQe69nlzScn3T7IA",11428180133,"https://media.birdweather.com/soundscapes/6891/6891-20260505-041615.flac",0,3,"birdnetpi"
7458929940,6891,"2026-05-05T06:16:01.000+02:00",0.99,0.999183833599091,9.91740355459112,"almost_certain","2p4",NA,51.5618,6.0012,FALSE,35,"Eurasian Blackbird","Turdus merula","#ff65df","avian","https://media.birdweather.com/species/35/EurasianBlackbird-standard-618b3a5132c7c359fb2a2884c39deb39.jpg","https://media.birdweather.com/species/35/EurasianBlackbird-thumbnail-276878929bed08167d1fd9bf34d63d40.jpg","https://media.birdweather.com/species/35/EurasianBlackbird-png200-ba5a1b43225da4611cac429c52a52c81.png","GfkFFwKRmrx2ZYiaaQe69nlzScn3T7IA",11428169057,"https://media.birdweather.com/soundscapes/6891/6891-20260505-041601.flac",0,3,"birdnetpi"
7458923524,6891,"2026-05-05T06:15:37.000+02:00",0.71,0.999183833599091,9.20427137467778,"almost_certain","2p4",NA,51.5694,6.0012,FALSE,35,"Eurasian Blackbird","Turdus merula","#ff65df","avian","https://media.birdweather.com/species/35/EurasianBlackbird-standard-618b3a5132c7c359fb2a2884c39deb39.jpg","https://media.birdweather.com/species/35/EurasianBlackbird-thumbnail-276878929bed08167d1fd9bf34d63d40.jpg","https://media.birdweather.com/species/35/EurasianBlackbird-png200-ba5a1b43225da4611cac429c52a52c81.png","GfkFFwKRmrx2ZYiaaQe69nlzScn3T7IA",11428158369,"https://media.birdweather.com/soundscapes/6891/6891-20260505-041537.flac",0,3,"birdnetpi"
7458919339,6891,"2026-05-05T06:15:22.000+02:00",0.74,0.999183833599091,9.30101744176089,"almost_certain","2p4",NA,51.5649,6.0091,FALSE,35,"Eurasian Blackbird","Turdus merula","#ff65df","avian","https://media.birdweather.com/species/35/EurasianBlackbird-standard-618b3a5132c7c359fb2a2884c39deb39.jpg","https://media.birdweather.com/species/35/EurasianBlackbird-thumbnail-276878929bed08167d1fd9bf34d63d40.jpg","https://media.birdweather.com/species/35/EurasianBlackbird-png200-ba5a1b43225da4611cac429c52a52c81.png","GfkFFwKRmrx2ZYiaaQe69nlzScn3T7IA",11428151398,"https://media.birdweather.com/soundscapes/6891/6891-20260505-041522.flac",0,3,"birdnetpi"
7458914312,6891,"2026-05-05T06:15:01.000+02:00",0.99,0.672991514205933,9.38253533008261,"almost_certain","2p4",NA,51.5702,6.003,FALSE,44,"Dunnock","Prunella modularis","#fea614","avian","https://media.birdweather.com/species/44/Dunnock-standard-a705d7131240cedd1c407b5a19989591.jpg","https://media.birdweather.com/species/44/Dunnock-thumbnail-1036624855b82c96db4ad23d1ed9d702.jpg","https://media.birdweather.com/species/44/Dunnock-png200-951bb2cdb9ec585716907d8eac83882e.png","lQgGDwB9pneQhHlwWjeK2ZK6d/kdFaUA",11428143088,"https://media.birdweather.com/soundscapes/6891/6891-20260505-041501.flac",0,3,"birdnetpi"
7458909651,6891,"2026-05-05T06:14:47.000+02:00",0.91,0.999183833599091,9.74857483721031,"almost_certain","2p4",NA,51.5688,6.0006,FALSE,35,"Eurasian Blackbird","Turdus merula","#ff65df","avian","https://media.birdweather.com/species/35/EurasianBlackbird-standard-618b3a5132c7c359fb2a2884c39deb39.jpg","https://media.birdweather.com/species/35/EurasianBlackbird-thumbnail-276878929bed08167d1fd9bf34d63d40.jpg","https://media.birdweather.com/species/35/EurasianBlackbird-png200-ba5a1b43225da4611cac429c52a52c81.png","GfkFFwKRmrx2ZYiaaQe69nlzScn3T7IA",11428135280,"https://media.birdweather.com/soundscapes/6891/6891-20260505-041447.flac",0,3,"birdnetpi"
7458908553,6891,"2026-05-05T06:14:37.000+02:00",0.96,0.672991514205933,9.32163641536057,"almost_certain","2p4",NA,51.5624,6.0037,FALSE,44,"Dunnock","Prunella modularis","#fea614","avian","https://media.birdweather.com/species/44/Dunnock-standard-a705d7131240cedd1c407b5a19989591.jpg","https://media.birdweather.com/species/44/Dunnock-thumbnail-1036624855b82c96db4ad23d1ed9d702.jpg","https://media.birdweather.com/species/44/Dunnock-png200-951bb2cdb9ec585716907d8eac83882e.png","lQgGDwB9pneQhHlwWjeK2ZK6d/kdFaUA",11428133423,"https://media.birdweather.com/soundscapes/6891/6891-20260505-041437.flac",0,3,"birdnetpi"
7458902005,6891,"2026-05-05T06:14:17.000+02:00",0.84,0.999183833599091,9.58158578708593,"almost_certain","2p4",NA,51.5694,6.0075,FALSE,35,"Eurasian Blackbird","Turdus merula","#ff65df","avian","https://media.birdweather.com/species/35/EurasianBlackbird-standard-618b3a5132c7c359fb2a2884c39deb39.jpg","https://media.birdweather.com/species/35/EurasianBlackbird-thumbnail-276878929bed08167d1fd9bf34d63d40.jpg","https://media.birdweather.com/species/35/EurasianBlackbird-png200-ba5a1b43225da4611cac429c52a52c81.png","GfkFFwKRmrx2ZYiaaQe69nlzScn3T7IA",11428122757,"https://media.birdweather.com/soundscapes/6891/6891-20260505-041417.flac",0,3,"birdnetpi"
7458895388,6891,"2026-05-05T06:13:52.000+02:00",0.9,0.999183833599091,9.72592969353715,"almost_certain","2p4",NA,51.5697,6.0015,FALSE,35,"Eurasian Blackbird","Turdus merula","#ff65df","avian","https://media.birdweather.com/species/35/EurasianBlackbird-standard-618b3a5132c7c359fb2a2884c39deb39.jpg","https://media.birdweather.com/species/35/EurasianBlackbird-thumbnail-276878929bed08167d1fd9bf34d63d40.jpg","https://media.birdweather.com/species/35/EurasianBlackbird-png200-ba5a1b43225da4611cac429c52a52c81.png","GfkFFwKRmrx2ZYiaaQe69nlzScn3T7IA",11428111687,"https://media.birdweather.com/soundscapes/6891/6891-20260505-041352.flac",0,3,"birdnetpi"
7458880659,6891,"2026-05-05T06:12:57.000+02:00",0.96,0.999183833599091,9.85650463986908,"almost_certain","2p4",NA,51.5647,6.0038,FALSE,35,"Eurasian Blackbird","Turdus merula","#ff65df","avian","https://media.birdweather.com/species/35/EurasianBlackbird-standard-618b3a5132c7c359fb2a2884c39deb39.jpg","https://media.birdweather.com/species/35/EurasianBlackbird-thumbnail-276878929bed08167d1fd9bf34d63d40.jpg","https://media.birdweather.com/species/35/EurasianBlackbird-png200-ba5a1b43225da4611cac429c52a52c81.png","GfkFFwKRmrx2ZYiaaQe69nlzScn3T7IA",11428087032,"https://media.birdweather.com/soundscapes/6891/6891-20260505-041257.flac",0,3,"birdnetpi"
7458867192,6891,"2026-05-05T06:12:05.000+02:00",0.93,0.999183833599091,9.79277221844927,"almost_certain","2p4",NA,51.5624,6.0007,FALSE,35,"Eurasian Blackbird","Turdus merula","#ff65df","avian","https://media.birdweather.com/species/35/EurasianBlackbird-standard-618b3a5132c7c359fb2a2884c39deb39.jpg","https://media.birdweather.com/species/35/EurasianBlackbird-thumbnail-276878929bed08167d1fd9bf34d63d40.jpg","https://media.birdweather.com/species/35/EurasianBlackbird-png200-ba5a1b43225da4611cac429c52a52c81.png","GfkFFwKRmrx2ZYiaaQe69nlzScn3T7IA",11428064366,"https://media.birdweather.com/soundscapes/6891/6891-20260505-041205.flac",0,3,"birdnetpi"
7458861926,6891,"2026-05-05T06:11:48.000+02:00",0.99,0.999183833599091,9.91740355459112,"almost_certain","2p4",NA,51.5681,6.0078,FALSE,35,"Eurasian Blackbird","Turdus merula","#ff65df","avian","https://media.birdweather.com/species/35/EurasianBlackbird-standard-618b3a5132c7c359fb2a2884c39deb39.jpg","https://media.birdweather.com/species/35/EurasianBlackbird-thumbnail-276878929bed08167d1fd9bf34d63d40.jpg","https://media.birdweather.com/species/35/EurasianBlackbird-png200-ba5a1b43225da4611cac429c52a52c81.png","GfkFFwKRmrx2ZYiaaQe69nlzScn3T7IA",11428055536,"https://media.birdweather.com/soundscapes/6891/6891-20260505-041148.flac",0,3,"birdnetpi"
7458854997,6891,"2026-05-05T06:11:27.000+02:00",0.98,0.999183833599091,9.89740319938414,"almost_certain","2p4",NA,51.5649,6.0046,FALSE,35,"Eurasian Blackbird","Turdus merula","#ff65df","avian","https://media.birdweather.com/species/35/EurasianBlackbird-standard-618b3a5132c7c359fb2a2884c39deb39.jpg","https://media.birdweather.com/species/35/EurasianBlackbird-thumbnail-276878929bed08167d1fd9bf34d63d40.jpg","https://media.birdweather.com/species/35/EurasianBlackbird-png200-ba5a1b43225da4611cac429c52a52c81.png","GfkFFwKRmrx2ZYiaaQe69nlzScn3T7IA",11428044011,"https://media.birdweather.com/soundscapes/6891/6891-20260505-041127.flac",0,3,"birdnetpi"
7458847368,6891,"2026-05-05T06:11:00.000+02:00",0.93,0.999183833599091,9.79277221844927,"almost_certain","2p4",NA,51.5652,6.008,FALSE,35,"Eurasian Blackbird","Turdus merula","#ff65df","avian","https://media.birdweather.com/species/35/EurasianBlackbird-standard-618b3a5132c7c359fb2a2884c39deb39.jpg","https://media.birdweather.com/species/35/EurasianBlackbird-thumbnail-276878929bed08167d1fd9bf34d63d40.jpg","https://media.birdweather.com/species/35/EurasianBlackbird-png200-ba5a1b43225da4611cac429c52a52c81.png","GfkFFwKRmrx2ZYiaaQe69nlzScn3T7IA",11428031475,"https://media.birdweather.com/soundscapes/6891/6891-20260505-041100.flac",0,3,"birdnetpi"
7458840953,6891,"2026-05-05T06:10:37.000+02:00",0.89,0.999183833599091,9.70290394144371,"almost_certain","2p4",NA,51.5677,6.0093,FALSE,35,"Eurasian Blackbird","Turdus merula","#ff65df","avian","https://media.birdweather.com/species/35/EurasianBlackbird-standard-618b3a5132c7c359fb2a2884c39deb39.jpg","https://media.birdweather.com/species/35/EurasianBlackbird-thumbnail-276878929bed08167d1fd9bf34d63d40.jpg","https://media.birdweather.com/species/35/EurasianBlackbird-png200-ba5a1b43225da4611cac429c52a52c81.png","GfkFFwKRmrx2ZYiaaQe69nlzScn3T7IA",11428020759,"https://media.birdweather.com/soundscapes/6891/6891-20260505-041037.flac",0,3,"birdnetpi"
7458833413,6891,"2026-05-05T06:10:04.000+02:00",0.81,0.999183833599091,9.5032787601252,"almost_certain","2p4",NA,51.5645,6.0033,FALSE,35,"Eurasian Blackbird","Turdus merula","#ff65df","avian","https://media.birdweather.com/species/35/EurasianBlackbird-standard-618b3a5132c7c359fb2a2884c39deb39.jpg","https://media.birdweather.com/species/35/EurasianBlackbird-thumbnail-276878929bed08167d1fd9bf34d63d40.jpg","https://media.birdweather.com/species/35/EurasianBlackbird-png200-ba5a1b43225da4611cac429c52a52c81.png","GfkFFwKRmrx2ZYiaaQe69nlzScn3T7IA",11428008324,"https://media.birdweather.com/soundscapes/6891/6891-20260505-041004.flac",0,3,"birdnetpi"
7458826648,6891,"2026-05-05T06:09:40.000+02:00",0.74,0.999183833599091,9.30101744176089,"almost_certain","2p4",NA,51.5678,6.0023,FALSE,35,"Eurasian Blackbird","Turdus merula","#ff65df","avian","https://media.birdweather.com/species/35/EurasianBlackbird-standard-618b3a5132c7c359fb2a2884c39deb39.jpg","https://media.birdweather.com/species/35/EurasianBlackbird-thumbnail-276878929bed08167d1fd9bf34d63d40.jpg","https://media.birdweather.com/species/35/EurasianBlackbird-png200-ba5a1b43225da4611cac429c52a52c81.png","GfkFFwKRmrx2ZYiaaQe69nlzScn3T7IA",11427997205,"https://media.birdweather.com/soundscapes/6891/6891-20260505-040940.flac",0,3,"birdnetpi"
7458819518,6891,"2026-05-05T06:09:14.000+02:00",0.83,0.999183833599091,9.55597756485928,"almost_certain","2p4",NA,51.5638,6.0073,FALSE,35,"Eurasian Blackbird","Turdus merula","#ff65df","avian","https://media.birdweather.com/species/35/EurasianBlackbird-standard-618b3a5132c7c359fb2a2884c39deb39.jpg","https://media.birdweather.com/species/35/EurasianBlackbird-thumbnail-276878929bed08167d1fd9bf34d63d40.jpg","https://media.birdweather.com/species/35/EurasianBlackbird-png200-ba5a1b43225da4611cac429c52a52c81.png","GfkFFwKRmrx2ZYiaaQe69nlzScn3T7IA",11427985087,"https://media.birdweather.com/soundscapes/6891/6891-20260505-040914.flac",0,3,"birdnetpi"
7458813592,6891,"2026-05-05T06:08:53.000+02:00",0.86,0.999183833599091,9.63140945960003,"almost_certain","2p4",NA,51.5635,6.0071,FALSE,35,"Eurasian Blackbird","Turdus merula","#ff65df","avian","https://media.birdweather.com/species/35/EurasianBlackbird-standard-618b3a5132c7c359fb2a2884c39deb39.jpg","https://media.birdweather.com/species/35/EurasianBlackbird-thumbnail-276878929bed08167d1fd9bf34d63d40.jpg","https://media.birdweather.com/species/35/EurasianBlackbird-png200-ba5a1b43225da4611cac429c52a52c81.png","GfkFFwKRmrx2ZYiaaQe69nlzScn3T7IA",11427975074,"https://media.birdweather.com/soundscapes/6891/6891-20260505-040853.flac",0,3,"birdnetpi"
7458788141,6891,"2026-05-05T06:07:20.000+02:00",0.76,0.999183833599091,9.36191635648293,"almost_certain","2p4",NA,51.5649,6.0094,FALSE,35,"Eurasian Blackbird","Turdus merula","#ff65df","avian","https://media.birdweather.com/species/35/EurasianBlackbird-standard-618b3a5132c7c359fb2a2884c39deb39.jpg","https://media.birdweather.com/species/35/EurasianBlackbird-thumbnail-276878929bed08167d1fd9bf34d63d40.jpg","https://media.birdweather.com/species/35/EurasianBlackbird-png200-ba5a1b43225da4611cac429c52a52c81.png","GfkFFwKRmrx2ZYiaaQe69nlzScn3T7IA",11427931931,"https://media.birdweather.com/soundscapes/6891/6891-20260505-040720.flac",0,3,"birdnetpi"
7458785899,6891,"2026-05-05T06:07:12.000+02:00",0.78,0.672991514205933,8.88535480372818,"almost_certain","2p4",NA,51.5694,6.0053,FALSE,44,"Dunnock","Prunella modularis","#fea614","avian","https://media.birdweather.com/species/44/Dunnock-standard-a705d7131240cedd1c407b5a19989591.jpg","https://media.birdweather.com/species/44/Dunnock-thumbnail-1036624855b82c96db4ad23d1ed9d702.jpg","https://media.birdweather.com/species/44/Dunnock-png200-951bb2cdb9ec585716907d8eac83882e.png","lQgGDwB9pneQhHlwWjeK2ZK6d/kdFaUA",11427928238,"https://media.birdweather.com/soundscapes/6891/6891-20260505-040712.flac",0,3,"birdnetpi"
7458744036,6891,"2026-05-05T06:04:37.000+02:00",0.74,0.999183833599091,9.30101744176089,"almost_certain","2p4",NA,51.5671,6.0082,FALSE,35,"Eurasian Blackbird","Turdus merula","#ff65df","avian","https://media.birdweather.com/species/35/EurasianBlackbird-standard-618b3a5132c7c359fb2a2884c39deb39.jpg","https://media.birdweather.com/species/35/EurasianBlackbird-thumbnail-276878929bed08167d1fd9bf34d63d40.jpg","https://media.birdweather.com/species/35/EurasianBlackbird-png200-ba5a1b43225da4611cac429c52a52c81.png","GfkFFwKRmrx2ZYiaaQe69nlzScn3T7IA",11427856902,"https://media.birdweather.com/soundscapes/6891/6891-20260505-040437.flac",0,3,"birdnetpi"
7458738136,6891,"2026-05-05T06:04:16.000+02:00",0.96,0.999183833599091,9.85650463986908,"almost_certain","2p4",NA,51.5671,6.0045,FALSE,35,"Eurasian Blackbird","Turdus merula","#ff65df","avian","https://media.birdweather.com/species/35/EurasianBlackbird-standard-618b3a5132c7c359fb2a2884c39deb39.jpg","https://media.birdweather.com/species/35/EurasianBlackbird-thumbnail-276878929bed08167d1fd9bf34d63d40.jpg","https://media.birdweather.com/species/35/EurasianBlackbird-png200-ba5a1b43225da4611cac429c52a52c81.png","GfkFFwKRmrx2ZYiaaQe69nlzScn3T7IA",11427847133,"https://media.birdweather.com/soundscapes/6891/6891-20260505-040416.flac",0,3,"birdnetpi"
7458731971,6891,"2026-05-05T06:03:53.000+02:00",0.91,0.999183833599091,9.74857483721031,"almost_certain","2p4",NA,51.5656,6.0018,FALSE,35,"Eurasian Blackbird","Turdus merula","#ff65df","avian","https://media.birdweather.com/species/35/EurasianBlackbird-standard-618b3a5132c7c359fb2a2884c39deb39.jpg","https://media.birdweather.com/species/35/EurasianBlackbird-thumbnail-276878929bed08167d1fd9bf34d63d40.jpg","https://media.birdweather.com/species/35/EurasianBlackbird-png200-ba5a1b43225da4611cac429c52a52c81.png","GfkFFwKRmrx2ZYiaaQe69nlzScn3T7IA",11427836455,"https://media.birdweather.com/soundscapes/6891/6891-20260505-040353.flac",0,3,"birdnetpi"
7458724968,6891,"2026-05-05T06:03:29.000+02:00",0.82,0.999183833599091,9.52988153774943,"almost_certain","2p4",NA,51.57,6.0025,FALSE,35,"Eurasian Blackbird","Turdus merula","#ff65df","avian","https://media.birdweather.com/species/35/EurasianBlackbird-standard-618b3a5132c7c359fb2a2884c39deb39.jpg","https://media.birdweather.com/species/35/EurasianBlackbird-thumbnail-276878929bed08167d1fd9bf34d63d40.jpg","https://media.birdweather.com/species/35/EurasianBlackbird-png200-ba5a1b43225da4611cac429c52a52c81.png","GfkFFwKRmrx2ZYiaaQe69nlzScn3T7IA",11427824532,"https://media.birdweather.com/soundscapes/6891/6891-20260505-040329.flac",0,3,"birdnetpi"
7458696192,6891,"2026-05-05T06:01:48.000+02:00",0.9,0.999183833599091,9.72592969353715,"almost_certain","2p4",NA,51.5703,6.0059,FALSE,35,"Eurasian Blackbird","Turdus merula","#ff65df","avian","https://media.birdweather.com/species/35/EurasianBlackbird-standard-618b3a5132c7c359fb2a2884c39deb39.jpg","https://media.birdweather.com/species/35/EurasianBlackbird-thumbnail-276878929bed08167d1fd9bf34d63d40.jpg","https://media.birdweather.com/species/35/EurasianBlackbird-png200-ba5a1b43225da4611cac429c52a52c81.png","GfkFFwKRmrx2ZYiaaQe69nlzScn3T7IA",11427776388,"https://media.birdweather.com/soundscapes/6891/6891-20260505-040148.flac",0,3,"birdnetpi"
7458683706,6891,"2026-05-05T06:01:00.000+02:00",0.75,0.999183833599091,9.33180525427821,"almost_certain","2p4",NA,51.5658,6.0043,FALSE,35,"Eurasian Blackbird","Turdus merula","#ff65df","avian","https://media.birdweather.com/species/35/EurasianBlackbird-standard-618b3a5132c7c359fb2a2884c39deb39.jpg","https://media.birdweather.com/species/35/EurasianBlackbird-thumbnail-276878929bed08167d1fd9bf34d63d40.jpg","https://media.birdweather.com/species/35/EurasianBlackbird-png200-ba5a1b43225da4611cac429c52a52c81.png","GfkFFwKRmrx2ZYiaaQe69nlzScn3T7IA",11427755562,"https://media.birdweather.com/soundscapes/6891/6891-20260505-040100.flac",0,3,"birdnetpi"
7458659593,6891,"2026-05-05T05:59:34.000+02:00",0.86,0.716157495975494,9.18050099009746,"almost_certain","2p4",NA,51.5658,6.0085,FALSE,201,"Graylag Goose","Anser anser","#844800","avian","https://media.birdweather.com/species/201/GraylagGoose-standard-5235ddd797e4ea12096e170348c7ba78.jpg","https://media.birdweather.com/species/201/GraylagGoose-thumbnail-dcbb525def2966bd14949956147c5dba.jpg","https://media.birdweather.com/species/201/GraylagGoose-png200-40b0bbf2cd8e268c481e679711a36bb6.png","GtkFHwTASHhwaYe4ZomGWWSKiJ74ZlQA",11427714957,"https://media.birdweather.com/soundscapes/6891/6891-20260505-035934.flac",0,3,"birdnetpi"
7458644773,6891,"2026-05-05T05:58:36.000+02:00",0.7,0.999183833599091,9.17044249542897,"almost_certain","2p4",NA,51.5651,6.0042,FALSE,35,"Eurasian Blackbird","Turdus merula","#ff65df","avian","https://media.birdweather.com/species/35/EurasianBlackbird-standard-618b3a5132c7c359fb2a2884c39deb39.jpg","https://media.birdweather.com/species/35/EurasianBlackbird-thumbnail-276878929bed08167d1fd9bf34d63d40.jpg","https://media.birdweather.com/species/35/EurasianBlackbird-png200-ba5a1b43225da4611cac429c52a52c81.png","GfkFFwKRmrx2ZYiaaQe69nlzScn3T7IA",11427690092,"https://media.birdweather.com/soundscapes/6891/6891-20260505-035836.flac",0,3,"birdnetpi"
7458641132,6891,"2026-05-05T05:58:24.000+02:00",0.88,0.672991514205933,9.14461634323296,"almost_certain","2p4",NA,51.5698,6.009,FALSE,44,"Dunnock","Prunella modularis","#fea614","avian","https://media.birdweather.com/species/44/Dunnock-standard-a705d7131240cedd1c407b5a19989591.jpg","https://media.birdweather.com/species/44/Dunnock-thumbnail-1036624855b82c96db4ad23d1ed9d702.jpg","https://media.birdweather.com/species/44/Dunnock-png200-951bb2cdb9ec585716907d8eac83882e.png","lQgGDwB9pneQhHlwWjeK2ZK6d/kdFaUA",11427684077,"https://media.birdweather.com/soundscapes/6891/6891-20260505-035824.flac",0,3,"birdnetpi"
7458617505,6891,"2026-05-05T05:56:58.000+02:00",0.82,0.672991514205933,8.99501331324092,"almost_certain","2p4",NA,51.5646,6.0072,FALSE,44,"Dunnock","Prunella modularis","#fea614","avian","https://media.birdweather.com/species/44/Dunnock-standard-a705d7131240cedd1c407b5a19989591.jpg","https://media.birdweather.com/species/44/Dunnock-thumbnail-1036624855b82c96db4ad23d1ed9d702.jpg","https://media.birdweather.com/species/44/Dunnock-png200-951bb2cdb9ec585716907d8eac83882e.png","lQgGDwB9pneQhHlwWjeK2ZK6d/kdFaUA",11427644770,"https://media.birdweather.com/soundscapes/6891/6891-20260505-035658.flac",0,3,"birdnetpi"
7458610687,6891,"2026-05-05T05:56:36.000+02:00",1,0.672991514205933,9.40224790039199,"almost_certain","2p4",NA,51.562,6.0077,FALSE,44,"Dunnock","Prunella modularis","#fea614","avian","https://media.birdweather.com/species/44/Dunnock-standard-a705d7131240cedd1c407b5a19989591.jpg","https://media.birdweather.com/species/44/Dunnock-thumbnail-1036624855b82c96db4ad23d1ed9d702.jpg","https://media.birdweather.com/species/44/Dunnock-png200-951bb2cdb9ec585716907d8eac83882e.png","lQgGDwB9pneQhHlwWjeK2ZK6d/kdFaUA",11427633709,"https://media.birdweather.com/soundscapes/6891/6891-20260505-035636.flac",0,3,"birdnetpi"
7458602793,6891,"2026-05-05T05:56:18.000+02:00",0.96,0.672991514205933,9.32163641536057,"almost_certain","2p4",NA,51.565,6.0092,FALSE,44,"Dunnock","Prunella modularis","#fea614","avian","https://media.birdweather.com/species/44/Dunnock-standard-a705d7131240cedd1c407b5a19989591.jpg","https://media.birdweather.com/species/44/Dunnock-thumbnail-1036624855b82c96db4ad23d1ed9d702.jpg","https://media.birdweather.com/species/44/Dunnock-png200-951bb2cdb9ec585716907d8eac83882e.png","lQgGDwB9pneQhHlwWjeK2ZK6d/kdFaUA",11427621176,"https://media.birdweather.com/soundscapes/6891/6891-20260505-035618.flac",0,3,"birdnetpi"
7458595874,6891,"2026-05-05T05:55:44.000+02:00",0.99,0.672991514205933,9.38253533008261,"almost_certain","2p4",NA,51.5703,6.0029,FALSE,44,"Dunnock","Prunella modularis","#fea614","avian","https://media.birdweather.com/species/44/Dunnock-standard-a705d7131240cedd1c407b5a19989591.jpg","https://media.birdweather.com/species/44/Dunnock-thumbnail-1036624855b82c96db4ad23d1ed9d702.jpg","https://media.birdweather.com/species/44/Dunnock-png200-951bb2cdb9ec585716907d8eac83882e.png","lQgGDwB9pneQhHlwWjeK2ZK6d/kdFaUA",11427610087,"https://media.birdweather.com/soundscapes/6891/6891-20260505-035544.flac",0,3,"birdnetpi"
7458590092,6891,"2026-05-05T05:55:25.000+02:00",0.72,0.999183833599091,9.23728502034109,"almost_certain","2p4",NA,51.5703,6.0038,FALSE,35,"Eurasian Blackbird","Turdus merula","#ff65df","avian","https://media.birdweather.com/species/35/EurasianBlackbird-standard-618b3a5132c7c359fb2a2884c39deb39.jpg","https://media.birdweather.com/species/35/EurasianBlackbird-thumbnail-276878929bed08167d1fd9bf34d63d40.jpg","https://media.birdweather.com/species/35/EurasianBlackbird-png200-ba5a1b43225da4611cac429c52a52c81.png","GfkFFwKRmrx2ZYiaaQe69nlzScn3T7IA",11427600578,"https://media.birdweather.com/soundscapes/6891/6891-20260505-035525.flac",0,3,"birdnetpi"
7458560870,6891,"2026-05-05T05:53:41.000+02:00",0.84,0.670309662818909,9.04132749734237,"almost_certain","2p4",NA,51.5625,6.004,FALSE,32,"Egyptian Goose","Alopochen aegyptiaca","#76dd6d","avian","https://media.birdweather.com/species/32/EgyptianGoose-standard-afcaca2669d7826f15e1009dc165b95b.jpg","https://media.birdweather.com/species/32/EgyptianGoose-thumbnail-a92fbf9b26dfa67de817c53418cea512.jpg","https://media.birdweather.com/species/32/EgyptianGoose-png200-4fa18b983866a43db77cc443fa89e617.png","ZggODwKqd4dviHd2lph5Z5eJWAOJBZQB",11427552831,"https://media.birdweather.com/soundscapes/6891/6891-20260505-035341.flac",0,3,"birdnetpi"
7458555983,6891,"2026-05-05T05:53:23.000+02:00",0.83,0.999183833599091,9.55597756485928,"almost_certain","2p4",NA,51.5688,6.0027,FALSE,35,"Eurasian Blackbird","Turdus merula","#ff65df","avian","https://media.birdweather.com/species/35/EurasianBlackbird-standard-618b3a5132c7c359fb2a2884c39deb39.jpg","https://media.birdweather.com/species/35/EurasianBlackbird-thumbnail-276878929bed08167d1fd9bf34d63d40.jpg","https://media.birdweather.com/species/35/EurasianBlackbird-png200-ba5a1b43225da4611cac429c52a52c81.png","GfkFFwKRmrx2ZYiaaQe69nlzScn3T7IA",11427544962,"https://media.birdweather.com/soundscapes/6891/6891-20260505-035323.flac",0,3,"birdnetpi"
7458550165,6891,"2026-05-05T05:53:03.000+02:00",0.97,0.999183833599091,9.8771065318585,"almost_certain","2p4",NA,51.5624,6.0088,FALSE,35,"Eurasian Blackbird","Turdus merula","#ff65df","avian","https://media.birdweather.com/species/35/EurasianBlackbird-standard-618b3a5132c7c359fb2a2884c39deb39.jpg","https://media.birdweather.com/species/35/EurasianBlackbird-thumbnail-276878929bed08167d1fd9bf34d63d40.jpg","https://media.birdweather.com/species/35/EurasianBlackbird-png200-ba5a1b43225da4611cac429c52a52c81.png","GfkFFwKRmrx2ZYiaaQe69nlzScn3T7IA",11427535258,"https://media.birdweather.com/soundscapes/6891/6891-20260505-035303.flac",0,3,"birdnetpi"
7458542420,6891,"2026-05-05T05:52:34.000+02:00",0.84,0.999183833599091,9.58158578708593,"almost_certain","2p4",NA,51.5683,6.0086,FALSE,35,"Eurasian Blackbird","Turdus merula","#ff65df","avian","https://media.birdweather.com/species/35/EurasianBlackbird-standard-618b3a5132c7c359fb2a2884c39deb39.jpg","https://media.birdweather.com/species/35/EurasianBlackbird-thumbnail-276878929bed08167d1fd9bf34d63d40.jpg","https://media.birdweather.com/species/35/EurasianBlackbird-png200-ba5a1b43225da4611cac429c52a52c81.png","GfkFFwKRmrx2ZYiaaQe69nlzScn3T7IA",11427522740,"https://media.birdweather.com/soundscapes/6891/6891-20260505-035234.flac",0,3,"birdnetpi"
7458535266,6891,"2026-05-05T05:52:13.000+02:00",0.98,0.999183833599091,9.89740319938414,"almost_certain","2p4",NA,51.5696,6.0076,FALSE,35,"Eurasian Blackbird","Turdus merula","#ff65df","avian","https://media.birdweather.com/species/35/EurasianBlackbird-standard-618b3a5132c7c359fb2a2884c39deb39.jpg","https://media.birdweather.com/species/35/EurasianBlackbird-thumbnail-276878929bed08167d1fd9bf34d63d40.jpg","https://media.birdweather.com/species/35/EurasianBlackbird-png200-ba5a1b43225da4611cac429c52a52c81.png","GfkFFwKRmrx2ZYiaaQe69nlzScn3T7IA",11427511215,"https://media.birdweather.com/soundscapes/6891/6891-20260505-035213.flac",0,3,"birdnetpi"
7458528644,6891,"2026-05-05T05:51:46.000+02:00",0.9,0.999183833599091,9.72592969353715,"almost_certain","2p4",NA,51.5702,6.0018,FALSE,35,"Eurasian Blackbird","Turdus merula","#ff65df","avian","https://media.birdweather.com/species/35/EurasianBlackbird-standard-618b3a5132c7c359fb2a2884c39deb39.jpg","https://media.birdweather.com/species/35/EurasianBlackbird-thumbnail-276878929bed08167d1fd9bf34d63d40.jpg","https://media.birdweather.com/species/35/EurasianBlackbird-png200-ba5a1b43225da4611cac429c52a52c81.png","GfkFFwKRmrx2ZYiaaQe69nlzScn3T7IA",11427500594,"https://media.birdweather.com/soundscapes/6891/6891-20260505-035146.flac",0,3,"birdnetpi"
7458520835,6891,"2026-05-05T05:51:28.000+02:00",0.98,0.999183833599091,9.89740319938414,"almost_certain","2p4",NA,51.5622,6.0022,FALSE,35,"Eurasian Blackbird","Turdus merula","#ff65df","avian","https://media.birdweather.com/species/35/EurasianBlackbird-standard-618b3a5132c7c359fb2a2884c39deb39.jpg","https://media.birdweather.com/species/35/EurasianBlackbird-thumbnail-276878929bed08167d1fd9bf34d63d40.jpg","https://media.birdweather.com/species/35/EurasianBlackbird-png200-ba5a1b43225da4611cac429c52a52c81.png","GfkFFwKRmrx2ZYiaaQe69nlzScn3T7IA",11427488110,"https://media.birdweather.com/soundscapes/6891/6891-20260505-035128.flac",0,3,"birdnetpi"
7458506389,6891,"2026-05-05T05:50:35.000+02:00",0.9,0.622888922691345,9.08668458576428,"almost_certain","2p4",NA,51.567,6.0051,FALSE,76,"Eurasian Jackdaw","Corvus monedula","#f36f1b","avian","https://media.birdweather.com/species/76/EurasianJackdaw-standard-55cbd4006f743c538a3264a1fb86d41c.jpg","https://media.birdweather.com/species/76/EurasianJackdaw-thumbnail-80ecf23afe76ea22483b4f8043e19339.jpg","https://media.birdweather.com/species/76/EurasianJackdaw-png200-862dbf9b3725619bb5532ba255c32118.png","4AgKDwL2i2d1homOY0modph5OL/1qHAJ",11427464685,"https://media.birdweather.com/soundscapes/6891/6891-20260505-035035.flac",0,3,"birdnetpi"
7458466462,6891,"2026-05-05T05:48:15.000+02:00",0.98,0.999183833599091,9.89740319938414,"almost_certain","2p4",NA,51.563,6.0018,FALSE,35,"Eurasian Blackbird","Turdus merula","#ff65df","avian","https://media.birdweather.com/species/35/EurasianBlackbird-standard-618b3a5132c7c359fb2a2884c39deb39.jpg","https://media.birdweather.com/species/35/EurasianBlackbird-thumbnail-276878929bed08167d1fd9bf34d63d40.jpg","https://media.birdweather.com/species/35/EurasianBlackbird-png200-ba5a1b43225da4611cac429c52a52c81.png","GfkFFwKRmrx2ZYiaaQe69nlzScn3T7IA",11427400373,"https://media.birdweather.com/soundscapes/6891/6891-20260505-034815.flac",0,3,"birdnetpi"
7458459956,6891,"2026-05-05T05:47:48.000+02:00",1,0.999183833599091,9.93711612490049,"almost_certain","2p4",NA,51.5683,6.0083,FALSE,35,"Eurasian Blackbird","Turdus merula","#ff65df","avian","https://media.birdweather.com/species/35/EurasianBlackbird-standard-618b3a5132c7c359fb2a2884c39deb39.jpg","https://media.birdweather.com/species/35/EurasianBlackbird-thumbnail-276878929bed08167d1fd9bf34d63d40.jpg","https://media.birdweather.com/species/35/EurasianBlackbird-png200-ba5a1b43225da4611cac429c52a52c81.png","GfkFFwKRmrx2ZYiaaQe69nlzScn3T7IA",11427389793,"https://media.birdweather.com/soundscapes/6891/6891-20260505-034748.flac",0,3,"birdnetpi"
7458451273,6891,"2026-05-05T05:47:16.000+02:00",0.93,0.999183833599091,9.79277221844927,"almost_certain","2p4",NA,51.5691,6.0011,FALSE,35,"Eurasian Blackbird","Turdus merula","#ff65df","avian","https://media.birdweather.com/species/35/EurasianBlackbird-standard-618b3a5132c7c359fb2a2884c39deb39.jpg","https://media.birdweather.com/species/35/EurasianBlackbird-thumbnail-276878929bed08167d1fd9bf34d63d40.jpg","https://media.birdweather.com/species/35/EurasianBlackbird-png200-ba5a1b43225da4611cac429c52a52c81.png","GfkFFwKRmrx2ZYiaaQe69nlzScn3T7IA",11427375482,"https://media.birdweather.com/soundscapes/6891/6891-20260505-034716.flac",0,3,"birdnetpi"
7458444532,6891,"2026-05-05T05:47:00.000+02:00",0.96,0.999183833599091,9.85650463986908,"almost_certain","2p4",NA,51.5631,6.0072,FALSE,35,"Eurasian Blackbird","Turdus merula","#ff65df","avian","https://media.birdweather.com/species/35/EurasianBlackbird-standard-618b3a5132c7c359fb2a2884c39deb39.jpg","https://media.birdweather.com/species/35/EurasianBlackbird-thumbnail-276878929bed08167d1fd9bf34d63d40.jpg","https://media.birdweather.com/species/35/EurasianBlackbird-png200-ba5a1b43225da4611cac429c52a52c81.png","GfkFFwKRmrx2ZYiaaQe69nlzScn3T7IA",11427364429,"https://media.birdweather.com/soundscapes/6891/6891-20260505-034700.flac",0,3,"birdnetpi"
7458437993,6891,"2026-05-05T05:46:38.000+02:00",0.98,0.999183833599091,9.89740319938414,"almost_certain","2p4",NA,51.5679,6.0012,FALSE,35,"Eurasian Blackbird","Turdus merula","#ff65df","avian","https://media.birdweather.com/species/35/EurasianBlackbird-standard-618b3a5132c7c359fb2a2884c39deb39.jpg","https://media.birdweather.com/species/35/EurasianBlackbird-thumbnail-276878929bed08167d1fd9bf34d63d40.jpg","https://media.birdweather.com/species/35/EurasianBlackbird-png200-ba5a1b43225da4611cac429c52a52c81.png","GfkFFwKRmrx2ZYiaaQe69nlzScn3T7IA",11427353932,"https://media.birdweather.com/soundscapes/6891/6891-20260505-034638.flac",0,3,"birdnetpi"
7458431203,6891,"2026-05-05T05:46:07.000+02:00",0.96,0.999183833599091,9.85650463986908,"almost_certain","2p4",NA,51.5621,6.0029,FALSE,35,"Eurasian Blackbird","Turdus merula","#ff65df","avian","https://media.birdweather.com/species/35/EurasianBlackbird-standard-618b3a5132c7c359fb2a2884c39deb39.jpg","https://media.birdweather.com/species/35/EurasianBlackbird-thumbnail-276878929bed08167d1fd9bf34d63d40.jpg","https://media.birdweather.com/species/35/EurasianBlackbird-png200-ba5a1b43225da4611cac429c52a52c81.png","GfkFFwKRmrx2ZYiaaQe69nlzScn3T7IA",11427343269,"https://media.birdweather.com/soundscapes/6891/6891-20260505-034607.flac",0,3,"birdnetpi"
7458424071,6891,"2026-05-05T05:45:44.000+02:00",0.89,0.999183833599091,9.70290394144371,"almost_certain","2p4",NA,51.5642,6.0094,FALSE,35,"Eurasian Blackbird","Turdus merula","#ff65df","avian","https://media.birdweather.com/species/35/EurasianBlackbird-standard-618b3a5132c7c359fb2a2884c39deb39.jpg","https://media.birdweather.com/species/35/EurasianBlackbird-thumbnail-276878929bed08167d1fd9bf34d63d40.jpg","https://media.birdweather.com/species/35/EurasianBlackbird-png200-ba5a1b43225da4611cac429c52a52c81.png","GfkFFwKRmrx2ZYiaaQe69nlzScn3T7IA",11427331741,"https://media.birdweather.com/soundscapes/6891/6891-20260505-034544.flac",0,3,"birdnetpi"
7458417337,6891,"2026-05-05T05:45:20.000+02:00",0.99,0.999183833599091,9.91740355459112,"almost_certain","2p4",NA,51.5686,6.0058,FALSE,35,"Eurasian Blackbird","Turdus merula","#ff65df","avian","https://media.birdweather.com/species/35/EurasianBlackbird-standard-618b3a5132c7c359fb2a2884c39deb39.jpg","https://media.birdweather.com/species/35/EurasianBlackbird-thumbnail-276878929bed08167d1fd9bf34d63d40.jpg","https://media.birdweather.com/species/35/EurasianBlackbird-png200-ba5a1b43225da4611cac429c52a52c81.png","GfkFFwKRmrx2ZYiaaQe69nlzScn3T7IA",11427321112,"https://media.birdweather.com/soundscapes/6891/6891-20260505-034520.flac",0,3,"birdnetpi"
7458410410,6891,"2026-05-05T05:44:54.000+02:00",0.8,0.999183833599091,9.47614916072943,"almost_certain","2p4",NA,51.5673,6.0089,FALSE,35,"Eurasian Blackbird","Turdus merula","#ff65df","avian","https://media.birdweather.com/species/35/EurasianBlackbird-standard-618b3a5132c7c359fb2a2884c39deb39.jpg","https://media.birdweather.com/species/35/EurasianBlackbird-thumbnail-276878929bed08167d1fd9bf34d63d40.jpg","https://media.birdweather.com/species/35/EurasianBlackbird-png200-ba5a1b43225da4611cac429c52a52c81.png","GfkFFwKRmrx2ZYiaaQe69nlzScn3T7IA",11427310098,"https://media.birdweather.com/soundscapes/6891/6891-20260505-034454.flac",0,3,"birdnetpi"
7458402542,6891,"2026-05-05T05:44:35.000+02:00",0.97,0.999183833599091,9.8771065318585,"almost_certain","2p4",NA,51.5639,6.0013,FALSE,35,"Eurasian Blackbird","Turdus merula","#ff65df","avian","https://media.birdweather.com/species/35/EurasianBlackbird-standard-618b3a5132c7c359fb2a2884c39deb39.jpg","https://media.birdweather.com/species/35/EurasianBlackbird-thumbnail-276878929bed08167d1fd9bf34d63d40.jpg","https://media.birdweather.com/species/35/EurasianBlackbird-png200-ba5a1b43225da4611cac429c52a52c81.png","GfkFFwKRmrx2ZYiaaQe69nlzScn3T7IA",11427297693,"https://media.birdweather.com/soundscapes/6891/6891-20260505-034435.flac",0,3,"birdnetpi"
7458287784,6891,"2026-05-05T05:37:49.000+02:00",0.86,0.999183833599091,9.63140945960003,"almost_certain","2p4",NA,51.5663,6.0035,FALSE,35,"Eurasian Blackbird","Turdus merula","#ff65df","avian","https://media.birdweather.com/species/35/EurasianBlackbird-standard-618b3a5132c7c359fb2a2884c39deb39.jpg","https://media.birdweather.com/species/35/EurasianBlackbird-thumbnail-276878929bed08167d1fd9bf34d63d40.jpg","https://media.birdweather.com/species/35/EurasianBlackbird-png200-ba5a1b43225da4611cac429c52a52c81.png","GfkFFwKRmrx2ZYiaaQe69nlzScn3T7IA",11427113490,"https://media.birdweather.com/soundscapes/6891/6891-20260505-033749.flac",0,3,"birdnetpi"
7458278832,6891,"2026-05-05T05:37:15.000+02:00",0.95,0.999183833599091,9.8355882030499,"almost_certain","2p4",NA,51.5648,6.0068,FALSE,35,"Eurasian Blackbird","Turdus merula","#ff65df","avian","https://media.birdweather.com/species/35/EurasianBlackbird-standard-618b3a5132c7c359fb2a2884c39deb39.jpg","https://media.birdweather.com/species/35/EurasianBlackbird-thumbnail-276878929bed08167d1fd9bf34d63d40.jpg","https://media.birdweather.com/species/35/EurasianBlackbird-png200-ba5a1b43225da4611cac429c52a52c81.png","GfkFFwKRmrx2ZYiaaQe69nlzScn3T7IA",11427099249,"https://media.birdweather.com/soundscapes/6891/6891-20260505-033715.flac",0,3,"birdnetpi"
7458211695,6891,"2026-05-05T05:33:30.000+02:00",0.81,0.999183833599091,9.5032787601252,"almost_certain","2p4",NA,51.5688,6.0062,FALSE,35,"Eurasian Blackbird","Turdus merula","#ff65df","avian","https://media.birdweather.com/species/35/EurasianBlackbird-standard-618b3a5132c7c359fb2a2884c39deb39.jpg","https://media.birdweather.com/species/35/EurasianBlackbird-thumbnail-276878929bed08167d1fd9bf34d63d40.jpg","https://media.birdweather.com/species/35/EurasianBlackbird-png200-ba5a1b43225da4611cac429c52a52c81.png","GfkFFwKRmrx2ZYiaaQe69nlzScn3T7IA",11426992151,"https://media.birdweather.com/soundscapes/6891/6891-20260505-033330.flac",0,3,"birdnetpi"
7458184921,6891,"2026-05-05T05:31:56.000+02:00",0.75,0.999183833599091,9.33180525427821,"almost_certain","2p4",NA,51.5676,6.0005,FALSE,35,"Eurasian Blackbird","Turdus merula","#ff65df","avian","https://media.birdweather.com/species/35/EurasianBlackbird-standard-618b3a5132c7c359fb2a2884c39deb39.jpg","https://media.birdweather.com/species/35/EurasianBlackbird-thumbnail-276878929bed08167d1fd9bf34d63d40.jpg","https://media.birdweather.com/species/35/EurasianBlackbird-png200-ba5a1b43225da4611cac429c52a52c81.png","GfkFFwKRmrx2ZYiaaQe69nlzScn3T7IA",11426948504,"https://media.birdweather.com/soundscapes/6891/6891-20260505-033156.flac",0,3,"birdnetpi"
7458170614,6891,"2026-05-05T05:30:54.000+02:00",0.89,0.236734092235565,7.77314113441194,"almost_certain","2p4",NA,51.5648,6.0049,FALSE,20,"Black Redstart","Phoenicurus ochruros","#c8ce2d","avian","https://media.birdweather.com/species/20/BlackRedstart-standard-4255c9b712ecb46ea7d3df8d556c18e7.jpg","https://media.birdweather.com/species/20/BlackRedstart-thumbnail-2fee59acc1ecc6be7238da194869e940.jpg","https://media.birdweather.com/species/20/BlackRedstart-png200-cbc0625b8b4889aeec1da754ad906efd.png","2QgGFwT8epa+l3ZlZ5hntnh4Z/6oyZ8I",11426924494,"https://media.birdweather.com/soundscapes/6891/6891-20260505-033054.flac",0,3,"birdnetpi"
7458167320,6891,"2026-05-05T05:30:52.000+02:00",0.89,0.999183833599091,9.70290394144371,"almost_certain","2p4",NA,51.5615,6.0043,FALSE,35,"Eurasian Blackbird","Turdus merula","#ff65df","avian","https://media.birdweather.com/species/35/EurasianBlackbird-standard-618b3a5132c7c359fb2a2884c39deb39.jpg","https://media.birdweather.com/species/35/EurasianBlackbird-thumbnail-276878929bed08167d1fd9bf34d63d40.jpg","https://media.birdweather.com/species/35/EurasianBlackbird-png200-ba5a1b43225da4611cac429c52a52c81.png","GfkFFwKRmrx2ZYiaaQe69nlzScn3T7IA",11426918999,"https://media.birdweather.com/soundscapes/6891/6891-20260505-033052.flac",0,3,"birdnetpi"
7458156169,6891,"2026-05-05T05:30:03.000+02:00",1,0.236734092235565,8.00735331786873,"almost_certain","2p4",NA,51.5666,6.0089,FALSE,20,"Black Redstart","Phoenicurus ochruros","#c8ce2d","avian","https://media.birdweather.com/species/20/BlackRedstart-standard-4255c9b712ecb46ea7d3df8d556c18e7.jpg","https://media.birdweather.com/species/20/BlackRedstart-thumbnail-2fee59acc1ecc6be7238da194869e940.jpg","https://media.birdweather.com/species/20/BlackRedstart-png200-cbc0625b8b4889aeec1da754ad906efd.png","2QgGFwT8epa+l3ZlZ5hntnh4Z/6oyZ8I",11426900723,"https://media.birdweather.com/soundscapes/6891/6891-20260505-033003.flac",0,3,"birdnetpi"
7458152136,6891,"2026-05-05T05:29:50.000+02:00",0.83,0.999183833599091,9.55597756485928,"almost_certain","2p4",NA,51.5684,6.0047,FALSE,35,"Eurasian Blackbird","Turdus merula","#ff65df","avian","https://media.birdweather.com/species/35/EurasianBlackbird-standard-618b3a5132c7c359fb2a2884c39deb39.jpg","https://media.birdweather.com/species/35/EurasianBlackbird-thumbnail-276878929bed08167d1fd9bf34d63d40.jpg","https://media.birdweather.com/species/35/EurasianBlackbird-png200-ba5a1b43225da4611cac429c52a52c81.png","GfkFFwKRmrx2ZYiaaQe69nlzScn3T7IA",11426894685,"https://media.birdweather.com/soundscapes/6891/6891-20260505-032950.flac",0,3,"birdnetpi"
7458150962,6891,"2026-05-05T05:29:44.000+02:00",0.94,0.236734092235565,7.88458466046386,"almost_certain","2p4",NA,51.5615,6.0075,FALSE,20,"Black Redstart","Phoenicurus ochruros","#c8ce2d","avian","https://media.birdweather.com/species/20/BlackRedstart-standard-4255c9b712ecb46ea7d3df8d556c18e7.jpg","https://media.birdweather.com/species/20/BlackRedstart-thumbnail-2fee59acc1ecc6be7238da194869e940.jpg","https://media.birdweather.com/species/20/BlackRedstart-png200-cbc0625b8b4889aeec1da754ad906efd.png","2QgGFwT8epa+l3ZlZ5hntnh4Z/6oyZ8I",11426892396,"https://media.birdweather.com/soundscapes/6891/6891-20260505-032944.flac",0,3,"birdnetpi"
7458140110,6891,"2026-05-05T05:29:16.000+02:00",0.99,0.236734092235565,7.98764074755935,"almost_certain","2p4",NA,51.5649,6.0082,FALSE,20,"Black Redstart","Phoenicurus ochruros","#c8ce2d","avian","https://media.birdweather.com/species/20/BlackRedstart-standard-4255c9b712ecb46ea7d3df8d556c18e7.jpg","https://media.birdweather.com/species/20/BlackRedstart-thumbnail-2fee59acc1ecc6be7238da194869e940.jpg","https://media.birdweather.com/species/20/BlackRedstart-png200-cbc0625b8b4889aeec1da754ad906efd.png","2QgGFwT8epa+l3ZlZ5hntnh4Z/6oyZ8I",11426874886,"https://media.birdweather.com/soundscapes/6891/6891-20260505-032916.flac",0,3,"birdnetpi"
7458132569,6891,"2026-05-05T05:28:39.000+02:00",0.97,0.236734092235565,7.94734372482673,"almost_certain","2p4",NA,51.5687,6.0045,FALSE,20,"Black Redstart","Phoenicurus ochruros","#c8ce2d","avian","https://media.birdweather.com/species/20/BlackRedstart-standard-4255c9b712ecb46ea7d3df8d556c18e7.jpg","https://media.birdweather.com/species/20/BlackRedstart-thumbnail-2fee59acc1ecc6be7238da194869e940.jpg","https://media.birdweather.com/species/20/BlackRedstart-png200-cbc0625b8b4889aeec1da754ad906efd.png","2QgGFwT8epa+l3ZlZ5hntnh4Z/6oyZ8I",11426862524,"https://media.birdweather.com/soundscapes/6891/6891-20260505-032839.flac",0,3,"birdnetpi"
7458123097,6891,"2026-05-05T05:28:09.000+02:00",0.95,0.236734092235565,7.90582539601813,"almost_certain","2p4",NA,51.5632,6.0064,FALSE,20,"Black Redstart","Phoenicurus ochruros","#c8ce2d","avian","https://media.birdweather.com/species/20/BlackRedstart-standard-4255c9b712ecb46ea7d3df8d556c18e7.jpg","https://media.birdweather.com/species/20/BlackRedstart-thumbnail-2fee59acc1ecc6be7238da194869e940.jpg","https://media.birdweather.com/species/20/BlackRedstart-png200-cbc0625b8b4889aeec1da754ad906efd.png","2QgGFwT8epa+l3ZlZ5hntnh4Z/6oyZ8I",11426847342,"https://media.birdweather.com/soundscapes/6891/6891-20260505-032809.flac",0,3,"birdnetpi"
7458118709,6891,"2026-05-05T05:27:52.000+02:00",0.96,0.236734092235565,7.92674183283731,"almost_certain","2p4",NA,51.57,6.0093,FALSE,20,"Black Redstart","Phoenicurus ochruros","#c8ce2d","avian","https://media.birdweather.com/species/20/BlackRedstart-standard-4255c9b712ecb46ea7d3df8d556c18e7.jpg","https://media.birdweather.com/species/20/BlackRedstart-thumbnail-2fee59acc1ecc6be7238da194869e940.jpg","https://media.birdweather.com/species/20/BlackRedstart-png200-cbc0625b8b4889aeec1da754ad906efd.png","2QgGFwT8epa+l3ZlZ5hntnh4Z/6oyZ8I",11426840026,"https://media.birdweather.com/soundscapes/6891/6891-20260505-032752.flac",0,3,"birdnetpi"
7458111930,6891,"2026-05-05T05:27:26.000+02:00",0.73,0.999183833599091,9.26952180179305,"almost_certain","2p4",NA,51.5625,6.0026,FALSE,35,"Eurasian Blackbird","Turdus merula","#ff65df","avian","https://media.birdweather.com/species/35/EurasianBlackbird-standard-618b3a5132c7c359fb2a2884c39deb39.jpg","https://media.birdweather.com/species/35/EurasianBlackbird-thumbnail-276878929bed08167d1fd9bf34d63d40.jpg","https://media.birdweather.com/species/35/EurasianBlackbird-png200-ba5a1b43225da4611cac429c52a52c81.png","GfkFFwKRmrx2ZYiaaQe69nlzScn3T7IA",11426828910,"https://media.birdweather.com/soundscapes/6891/6891-20260505-032726.flac",0,3,"birdnetpi"
7458107071,6891,"2026-05-05T05:27:08.000+02:00",0.72,0.999183833599091,9.23728502034109,"almost_certain","2p4",NA,51.5688,6.0072,FALSE,35,"Eurasian Blackbird","Turdus merula","#ff65df","avian","https://media.birdweather.com/species/35/EurasianBlackbird-standard-618b3a5132c7c359fb2a2884c39deb39.jpg","https://media.birdweather.com/species/35/EurasianBlackbird-thumbnail-276878929bed08167d1fd9bf34d63d40.jpg","https://media.birdweather.com/species/35/EurasianBlackbird-png200-ba5a1b43225da4611cac429c52a52c81.png","GfkFFwKRmrx2ZYiaaQe69nlzScn3T7IA",11426820708,"https://media.birdweather.com/soundscapes/6891/6891-20260505-032708.flac",0,3,"birdnetpi"
7458105803,6891,"2026-05-05T05:27:05.000+02:00",0.97,0.236734092235565,7.94734372482673,"almost_certain","2p4",NA,51.5677,6.0064,FALSE,20,"Black Redstart","Phoenicurus ochruros","#c8ce2d","avian","https://media.birdweather.com/species/20/BlackRedstart-standard-4255c9b712ecb46ea7d3df8d556c18e7.jpg","https://media.birdweather.com/species/20/BlackRedstart-thumbnail-2fee59acc1ecc6be7238da194869e940.jpg","https://media.birdweather.com/species/20/BlackRedstart-png200-cbc0625b8b4889aeec1da754ad906efd.png","2QgGFwT8epa+l3ZlZ5hntnh4Z/6oyZ8I",11426818849,"https://media.birdweather.com/soundscapes/6891/6891-20260505-032705.flac",0,3,"birdnetpi"
7458100298,6891,"2026-05-05T05:26:50.000+02:00",0.71,0.999183833599091,9.20427137467778,"almost_certain","2p4",NA,51.5656,6.0056,FALSE,35,"Eurasian Blackbird","Turdus merula","#ff65df","avian","https://media.birdweather.com/species/35/EurasianBlackbird-standard-618b3a5132c7c359fb2a2884c39deb39.jpg","https://media.birdweather.com/species/35/EurasianBlackbird-thumbnail-276878929bed08167d1fd9bf34d63d40.jpg","https://media.birdweather.com/species/35/EurasianBlackbird-png200-ba5a1b43225da4611cac429c52a52c81.png","GfkFFwKRmrx2ZYiaaQe69nlzScn3T7IA",11426809623,"https://media.birdweather.com/soundscapes/6891/6891-20260505-032650.flac",0,3,"birdnetpi"
7458093788,6891,"2026-05-05T05:26:22.000+02:00",0.89,0.236734092235565,7.77314113441194,"almost_certain","2p4",NA,51.5621,6.0066,FALSE,20,"Black Redstart","Phoenicurus ochruros","#c8ce2d","avian","https://media.birdweather.com/species/20/BlackRedstart-standard-4255c9b712ecb46ea7d3df8d556c18e7.jpg","https://media.birdweather.com/species/20/BlackRedstart-thumbnail-2fee59acc1ecc6be7238da194869e940.jpg","https://media.birdweather.com/species/20/BlackRedstart-png200-cbc0625b8b4889aeec1da754ad906efd.png","2QgGFwT8epa+l3ZlZ5hntnh4Z/6oyZ8I",11426799104,"https://media.birdweather.com/soundscapes/6891/6891-20260505-032622.flac",0,3,"birdnetpi"
7458089029,6891,"2026-05-05T05:26:10.000+02:00",0.84,0.999183833599091,9.58158578708593,"almost_certain","2p4",NA,51.564,6.0076,FALSE,35,"Eurasian Blackbird","Turdus merula","#ff65df","avian","https://media.birdweather.com/species/35/EurasianBlackbird-standard-618b3a5132c7c359fb2a2884c39deb39.jpg","https://media.birdweather.com/species/35/EurasianBlackbird-thumbnail-276878929bed08167d1fd9bf34d63d40.jpg","https://media.birdweather.com/species/35/EurasianBlackbird-png200-ba5a1b43225da4611cac429c52a52c81.png","GfkFFwKRmrx2ZYiaaQe69nlzScn3T7IA",11426791261,"https://media.birdweather.com/soundscapes/6891/6891-20260505-032610.flac",0,3,"birdnetpi"
7458087646,6891,"2026-05-05T05:26:00.000+02:00",0.93,0.236734092235565,7.86300941141751,"almost_certain","2p4",NA,51.5633,6.0047,FALSE,20,"Black Redstart","Phoenicurus ochruros","#c8ce2d","avian","https://media.birdweather.com/species/20/BlackRedstart-standard-4255c9b712ecb46ea7d3df8d556c18e7.jpg","https://media.birdweather.com/species/20/BlackRedstart-thumbnail-2fee59acc1ecc6be7238da194869e940.jpg","https://media.birdweather.com/species/20/BlackRedstart-png200-cbc0625b8b4889aeec1da754ad906efd.png","2QgGFwT8epa+l3ZlZ5hntnh4Z/6oyZ8I",11426789010,"https://media.birdweather.com/soundscapes/6891/6891-20260505-032600.flac",0,3,"birdnetpi"
7458083614,6891,"2026-05-05T05:25:44.000+02:00",0.71,0.999183833599091,9.20427137467778,"almost_certain","2p4",NA,51.5689,6.0027,FALSE,35,"Eurasian Blackbird","Turdus merula","#ff65df","avian","https://media.birdweather.com/species/35/EurasianBlackbird-standard-618b3a5132c7c359fb2a2884c39deb39.jpg","https://media.birdweather.com/species/35/EurasianBlackbird-thumbnail-276878929bed08167d1fd9bf34d63d40.jpg","https://media.birdweather.com/species/35/EurasianBlackbird-png200-ba5a1b43225da4611cac429c52a52c81.png","GfkFFwKRmrx2ZYiaaQe69nlzScn3T7IA",11426782167,"https://media.birdweather.com/soundscapes/6891/6891-20260505-032544.flac",0,3,"birdnetpi"
7458076767,6891,"2026-05-05T05:25:23.000+02:00",0.84,0.999183833599091,9.58158578708593,"almost_certain","2p4",NA,51.565,6.0028,FALSE,35,"Eurasian Blackbird","Turdus merula","#ff65df","avian","https://media.birdweather.com/species/35/EurasianBlackbird-standard-618b3a5132c7c359fb2a2884c39deb39.jpg","https://media.birdweather.com/species/35/EurasianBlackbird-thumbnail-276878929bed08167d1fd9bf34d63d40.jpg","https://media.birdweather.com/species/35/EurasianBlackbird-png200-ba5a1b43225da4611cac429c52a52c81.png","GfkFFwKRmrx2ZYiaaQe69nlzScn3T7IA",11426770681,"https://media.birdweather.com/soundscapes/6891/6891-20260505-032523.flac",0,3,"birdnetpi"
7458074577,6891,"2026-05-05T05:25:18.000+02:00",0.99,0.236734092235565,7.98764074755935,"almost_certain","2p4",NA,51.5619,6.0032,FALSE,20,"Black Redstart","Phoenicurus ochruros","#c8ce2d","avian","https://media.birdweather.com/species/20/BlackRedstart-standard-4255c9b712ecb46ea7d3df8d556c18e7.jpg","https://media.birdweather.com/species/20/BlackRedstart-thumbnail-2fee59acc1ecc6be7238da194869e940.jpg","https://media.birdweather.com/species/20/BlackRedstart-png200-cbc0625b8b4889aeec1da754ad906efd.png","2QgGFwT8epa+l3ZlZ5hntnh4Z/6oyZ8I",11426766955,"https://media.birdweather.com/soundscapes/6891/6891-20260505-032518.flac",0,3,"birdnetpi"
7458067870,6891,"2026-05-05T05:24:56.000+02:00",0.89,0.999183833599091,9.70290394144371,"almost_certain","2p4",NA,51.5668,6.0037,FALSE,35,"Eurasian Blackbird","Turdus merula","#ff65df","avian","https://media.birdweather.com/species/35/EurasianBlackbird-standard-618b3a5132c7c359fb2a2884c39deb39.jpg","https://media.birdweather.com/species/35/EurasianBlackbird-thumbnail-276878929bed08167d1fd9bf34d63d40.jpg","https://media.birdweather.com/species/35/EurasianBlackbird-png200-ba5a1b43225da4611cac429c52a52c81.png","GfkFFwKRmrx2ZYiaaQe69nlzScn3T7IA",11426755437,"https://media.birdweather.com/soundscapes/6891/6891-20260505-032456.flac",0,3,"birdnetpi"
7458068715,6891,"2026-05-05T05:24:50.000+02:00",1,0.236734092235565,8.00735331786873,"almost_certain","2p4",NA,51.5642,6.0039,FALSE,20,"Black Redstart","Phoenicurus ochruros","#c8ce2d","avian","https://media.birdweather.com/species/20/BlackRedstart-standard-4255c9b712ecb46ea7d3df8d556c18e7.jpg","https://media.birdweather.com/species/20/BlackRedstart-thumbnail-2fee59acc1ecc6be7238da194869e940.jpg","https://media.birdweather.com/species/20/BlackRedstart-png200-cbc0625b8b4889aeec1da754ad906efd.png","2QgGFwT8epa+l3ZlZ5hntnh4Z/6oyZ8I",11426756879,"https://media.birdweather.com/soundscapes/6891/6891-20260505-032450.flac",0,3,"birdnetpi"
7458060983,6891,"2026-05-05T05:24:21.000+02:00",0.98,0.236734092235565,7.96764039235237,"almost_certain","2p4",NA,51.567,6.0036,FALSE,20,"Black Redstart","Phoenicurus ochruros","#c8ce2d","avian","https://media.birdweather.com/species/20/BlackRedstart-standard-4255c9b712ecb46ea7d3df8d556c18e7.jpg","https://media.birdweather.com/species/20/BlackRedstart-thumbnail-2fee59acc1ecc6be7238da194869e940.jpg","https://media.birdweather.com/species/20/BlackRedstart-png200-cbc0625b8b4889aeec1da754ad906efd.png","2QgGFwT8epa+l3ZlZ5hntnh4Z/6oyZ8I",11426743985,"https://media.birdweather.com/soundscapes/6891/6891-20260505-032421.flac",0,3,"birdnetpi"
7458060059,6891,"2026-05-05T05:24:18.000+02:00",0.84,0.999183833599091,9.58158578708593,"almost_certain","2p4",NA,51.5699,6.0041,FALSE,35,"Eurasian Blackbird","Turdus merula","#ff65df","avian","https://media.birdweather.com/species/35/EurasianBlackbird-standard-618b3a5132c7c359fb2a2884c39deb39.jpg","https://media.birdweather.com/species/35/EurasianBlackbird-thumbnail-276878929bed08167d1fd9bf34d63d40.jpg","https://media.birdweather.com/species/35/EurasianBlackbird-png200-ba5a1b43225da4611cac429c52a52c81.png","GfkFFwKRmrx2ZYiaaQe69nlzScn3T7IA",11426742575,"https://media.birdweather.com/soundscapes/6891/6891-20260505-032418.flac",0,3,"birdnetpi"
7458055227,6891,"2026-05-05T05:24:00.000+02:00",0.84,0.236734092235565,7.65182298005416,"almost_certain","2p4",NA,51.5703,6.0007,FALSE,20,"Black Redstart","Phoenicurus ochruros","#c8ce2d","avian","https://media.birdweather.com/species/20/BlackRedstart-standard-4255c9b712ecb46ea7d3df8d556c18e7.jpg","https://media.birdweather.com/species/20/BlackRedstart-thumbnail-2fee59acc1ecc6be7238da194869e940.jpg","https://media.birdweather.com/species/20/BlackRedstart-png200-cbc0625b8b4889aeec1da754ad906efd.png","2QgGFwT8epa+l3ZlZ5hntnh4Z/6oyZ8I",11426734483,"https://media.birdweather.com/soundscapes/6891/6891-20260505-032400.flac",0,3,"birdnetpi"
7458050541,6891,"2026-05-05T05:23:45.000+02:00",0.82,0.999183833599091,9.52988153774943,"almost_certain","2p4",NA,51.5703,6.0018,FALSE,35,"Eurasian Blackbird","Turdus merula","#ff65df","avian","https://media.birdweather.com/species/35/EurasianBlackbird-standard-618b3a5132c7c359fb2a2884c39deb39.jpg","https://media.birdweather.com/species/35/EurasianBlackbird-thumbnail-276878929bed08167d1fd9bf34d63d40.jpg","https://media.birdweather.com/species/35/EurasianBlackbird-png200-ba5a1b43225da4611cac429c52a52c81.png","GfkFFwKRmrx2ZYiaaQe69nlzScn3T7IA",11426726569,"https://media.birdweather.com/soundscapes/6891/6891-20260505-032345.flac",0,3,"birdnetpi"
7458047109,6891,"2026-05-05T05:23:40.000+02:00",0.99,0.236734092235565,7.98764074755935,"almost_certain","2p4",NA,51.5683,6.002,FALSE,20,"Black Redstart","Phoenicurus ochruros","#c8ce2d","avian","https://media.birdweather.com/species/20/BlackRedstart-standard-4255c9b712ecb46ea7d3df8d556c18e7.jpg","https://media.birdweather.com/species/20/BlackRedstart-thumbnail-2fee59acc1ecc6be7238da194869e940.jpg","https://media.birdweather.com/species/20/BlackRedstart-png200-cbc0625b8b4889aeec1da754ad906efd.png","2QgGFwT8epa+l3ZlZ5hntnh4Z/6oyZ8I",11426720652,"https://media.birdweather.com/soundscapes/6891/6891-20260505-032340.flac",0,3,"birdnetpi"
7458039931,6891,"2026-05-05T05:23:06.000+02:00",0.92,0.236734092235565,7.84108894377288,"almost_certain","2p4",NA,51.5664,6.0044,FALSE,20,"Black Redstart","Phoenicurus ochruros","#c8ce2d","avian","https://media.birdweather.com/species/20/BlackRedstart-standard-4255c9b712ecb46ea7d3df8d556c18e7.jpg","https://media.birdweather.com/species/20/BlackRedstart-thumbnail-2fee59acc1ecc6be7238da194869e940.jpg","https://media.birdweather.com/species/20/BlackRedstart-png200-cbc0625b8b4889aeec1da754ad906efd.png","2QgGFwT8epa+l3ZlZ5hntnh4Z/6oyZ8I",11426708693,"https://media.birdweather.com/soundscapes/6891/6891-20260505-032306.flac",0,3,"birdnetpi"
7458031038,6891,"2026-05-05T05:22:31.000+02:00",0.92,0.236734092235565,7.84108894377288,"almost_certain","2p4",NA,51.5682,6.0059,FALSE,20,"Black Redstart","Phoenicurus ochruros","#c8ce2d","avian","https://media.birdweather.com/species/20/BlackRedstart-standard-4255c9b712ecb46ea7d3df8d556c18e7.jpg","https://media.birdweather.com/species/20/BlackRedstart-thumbnail-2fee59acc1ecc6be7238da194869e940.jpg","https://media.birdweather.com/species/20/BlackRedstart-png200-cbc0625b8b4889aeec1da754ad906efd.png","2QgGFwT8epa+l3ZlZ5hntnh4Z/6oyZ8I",11426693601,"https://media.birdweather.com/soundscapes/6891/6891-20260505-032231.flac",0,3,"birdnetpi"
7458017317,6891,"2026-05-05T05:21:41.000+02:00",0.97,0.236734092235565,7.94734372482673,"almost_certain","2p4",NA,51.5658,6.0082,FALSE,20,"Black Redstart","Phoenicurus ochruros","#c8ce2d","avian","https://media.birdweather.com/species/20/BlackRedstart-standard-4255c9b712ecb46ea7d3df8d556c18e7.jpg","https://media.birdweather.com/species/20/BlackRedstart-thumbnail-2fee59acc1ecc6be7238da194869e940.jpg","https://media.birdweather.com/species/20/BlackRedstart-png200-cbc0625b8b4889aeec1da754ad906efd.png","2QgGFwT8epa+l3ZlZ5hntnh4Z/6oyZ8I",11426670595,"https://media.birdweather.com/soundscapes/6891/6891-20260505-032141.flac",0,3,"birdnetpi"
7458016726,6891,"2026-05-05T05:21:40.000+02:00",0.8,0.999183833599091,9.47614916072943,"almost_certain","2p4",NA,51.5643,6.0087,FALSE,35,"Eurasian Blackbird","Turdus merula","#ff65df","avian","https://media.birdweather.com/species/35/EurasianBlackbird-standard-618b3a5132c7c359fb2a2884c39deb39.jpg","https://media.birdweather.com/species/35/EurasianBlackbird-thumbnail-276878929bed08167d1fd9bf34d63d40.jpg","https://media.birdweather.com/species/35/EurasianBlackbird-png200-ba5a1b43225da4611cac429c52a52c81.png","GfkFFwKRmrx2ZYiaaQe69nlzScn3T7IA",11426669690,"https://media.birdweather.com/soundscapes/6891/6891-20260505-032140.flac",0,3,"birdnetpi"
7458006836,6891,"2026-05-05T05:21:02.000+02:00",0.85,0.236734092235565,7.67696130002959,"almost_certain","2p4",NA,51.568,6.0045,FALSE,20,"Black Redstart","Phoenicurus ochruros","#c8ce2d","avian","https://media.birdweather.com/species/20/BlackRedstart-standard-4255c9b712ecb46ea7d3df8d556c18e7.jpg","https://media.birdweather.com/species/20/BlackRedstart-thumbnail-2fee59acc1ecc6be7238da194869e940.jpg","https://media.birdweather.com/species/20/BlackRedstart-png200-cbc0625b8b4889aeec1da754ad906efd.png","2QgGFwT8epa+l3ZlZ5hntnh4Z/6oyZ8I",11426652789,"https://media.birdweather.com/soundscapes/6891/6891-20260505-032102.flac",0,3,"birdnetpi"
7457996552,6891,"2026-05-05T05:20:30.000+02:00",0.74,0.999183833599091,9.30101744176089,"almost_certain","2p4",NA,51.5631,6.0024,FALSE,35,"Eurasian Blackbird","Turdus merula","#ff65df","avian","https://media.birdweather.com/species/35/EurasianBlackbird-standard-618b3a5132c7c359fb2a2884c39deb39.jpg","https://media.birdweather.com/species/35/EurasianBlackbird-thumbnail-276878929bed08167d1fd9bf34d63d40.jpg","https://media.birdweather.com/species/35/EurasianBlackbird-png200-ba5a1b43225da4611cac429c52a52c81.png","GfkFFwKRmrx2ZYiaaQe69nlzScn3T7IA",11426635405,"https://media.birdweather.com/soundscapes/6891/6891-20260505-032030.flac",0,3,"birdnetpi"
7457988078,6891,"2026-05-05T05:20:00.000+02:00",0.99,0.236734092235565,7.98764074755935,"almost_certain","2p4",NA,51.5697,6.0062,FALSE,20,"Black Redstart","Phoenicurus ochruros","#c8ce2d","avian","https://media.birdweather.com/species/20/BlackRedstart-standard-4255c9b712ecb46ea7d3df8d556c18e7.jpg","https://media.birdweather.com/species/20/BlackRedstart-thumbnail-2fee59acc1ecc6be7238da194869e940.jpg","https://media.birdweather.com/species/20/BlackRedstart-png200-cbc0625b8b4889aeec1da754ad906efd.png","2QgGFwT8epa+l3ZlZ5hntnh4Z/6oyZ8I",11426621309,"https://media.birdweather.com/soundscapes/6891/6891-20260505-032000.flac",0,3,"birdnetpi"
7457971052,6891,"2026-05-05T05:18:49.000+02:00",0.96,0.236734092235565,7.92674183283731,"almost_certain","2p4",NA,51.5662,6.006,FALSE,20,"Black Redstart","Phoenicurus ochruros","#c8ce2d","avian","https://media.birdweather.com/species/20/BlackRedstart-standard-4255c9b712ecb46ea7d3df8d556c18e7.jpg","https://media.birdweather.com/species/20/BlackRedstart-thumbnail-2fee59acc1ecc6be7238da194869e940.jpg","https://media.birdweather.com/species/20/BlackRedstart-png200-cbc0625b8b4889aeec1da754ad906efd.png","2QgGFwT8epa+l3ZlZ5hntnh4Z/6oyZ8I",11426591542,"https://media.birdweather.com/soundscapes/6891/6891-20260505-031849.flac",0,3,"birdnetpi"
7457961621,6891,"2026-05-05T05:18:19.000+02:00",1,0.236734092235565,8.00735331786873,"almost_certain","2p4",NA,51.5651,6.0043,FALSE,20,"Black Redstart","Phoenicurus ochruros","#c8ce2d","avian","https://media.birdweather.com/species/20/BlackRedstart-standard-4255c9b712ecb46ea7d3df8d556c18e7.jpg","https://media.birdweather.com/species/20/BlackRedstart-thumbnail-2fee59acc1ecc6be7238da194869e940.jpg","https://media.birdweather.com/species/20/BlackRedstart-png200-cbc0625b8b4889aeec1da754ad906efd.png","2QgGFwT8epa+l3ZlZ5hntnh4Z/6oyZ8I",11426575037,"https://media.birdweather.com/soundscapes/6891/6891-20260505-031819.flac",0,3,"birdnetpi"
7457959765,6891,"2026-05-05T05:18:05.000+02:00",0.75,0.999183833599091,9.33180525427821,"almost_certain","2p4",NA,51.5628,6.0084,FALSE,35,"Eurasian Blackbird","Turdus merula","#ff65df","avian","https://media.birdweather.com/species/35/EurasianBlackbird-standard-618b3a5132c7c359fb2a2884c39deb39.jpg","https://media.birdweather.com/species/35/EurasianBlackbird-thumbnail-276878929bed08167d1fd9bf34d63d40.jpg","https://media.birdweather.com/species/35/EurasianBlackbird-png200-ba5a1b43225da4611cac429c52a52c81.png","GfkFFwKRmrx2ZYiaaQe69nlzScn3T7IA",11426571874,"https://media.birdweather.com/soundscapes/6891/6891-20260505-031805.flac",0,3,"birdnetpi"
7457954204,6891,"2026-05-05T05:17:52.000+02:00",1,0.236734092235565,8.00735331786873,"almost_certain","2p4",NA,51.5643,6.0006,FALSE,20,"Black Redstart","Phoenicurus ochruros","#c8ce2d","avian","https://media.birdweather.com/species/20/BlackRedstart-standard-4255c9b712ecb46ea7d3df8d556c18e7.jpg","https://media.birdweather.com/species/20/BlackRedstart-thumbnail-2fee59acc1ecc6be7238da194869e940.jpg","https://media.birdweather.com/species/20/BlackRedstart-png200-cbc0625b8b4889aeec1da754ad906efd.png","2QgGFwT8epa+l3ZlZ5hntnh4Z/6oyZ8I",11426562155,"https://media.birdweather.com/soundscapes/6891/6891-20260505-031752.flac",0,3,"birdnetpi"
7457953514,6891,"2026-05-05T05:17:41.000+02:00",0.97,0.999183833599091,9.8771065318585,"almost_certain","2p4",NA,51.5632,6.0045,FALSE,35,"Eurasian Blackbird","Turdus merula","#ff65df","avian","https://media.birdweather.com/species/35/EurasianBlackbird-standard-618b3a5132c7c359fb2a2884c39deb39.jpg","https://media.birdweather.com/species/35/EurasianBlackbird-thumbnail-276878929bed08167d1fd9bf34d63d40.jpg","https://media.birdweather.com/species/35/EurasianBlackbird-png200-ba5a1b43225da4611cac429c52a52c81.png","GfkFFwKRmrx2ZYiaaQe69nlzScn3T7IA",11426560950,"https://media.birdweather.com/soundscapes/6891/6891-20260505-031741.flac",0,3,"birdnetpi"
7457924164,6891,"2026-05-05T05:15:56.000+02:00",1,0.236734092235565,8.00735331786873,"almost_certain","2p4",NA,51.5655,6.0076,FALSE,20,"Black Redstart","Phoenicurus ochruros","#c8ce2d","avian","https://media.birdweather.com/species/20/BlackRedstart-standard-4255c9b712ecb46ea7d3df8d556c18e7.jpg","https://media.birdweather.com/species/20/BlackRedstart-thumbnail-2fee59acc1ecc6be7238da194869e940.jpg","https://media.birdweather.com/species/20/BlackRedstart-png200-cbc0625b8b4889aeec1da754ad906efd.png","2QgGFwT8epa+l3ZlZ5hntnh4Z/6oyZ8I",11426509213,"https://media.birdweather.com/soundscapes/6891/6891-20260505-031556.flac",0,3,"birdnetpi"
7457919429,6891,"2026-05-05T05:15:30.000+02:00",0.99,0.236734092235565,7.98764074755935,"almost_certain","2p4",NA,51.5666,6.0032,FALSE,20,"Black Redstart","Phoenicurus ochruros","#c8ce2d","avian","https://media.birdweather.com/species/20/BlackRedstart-standard-4255c9b712ecb46ea7d3df8d556c18e7.jpg","https://media.birdweather.com/species/20/BlackRedstart-thumbnail-2fee59acc1ecc6be7238da194869e940.jpg","https://media.birdweather.com/species/20/BlackRedstart-png200-cbc0625b8b4889aeec1da754ad906efd.png","2QgGFwT8epa+l3ZlZ5hntnh4Z/6oyZ8I",11426501131,"https://media.birdweather.com/soundscapes/6891/6891-20260505-031530.flac",0,3,"birdnetpi"
7457823597,6891,"2026-05-05T05:09:16.000+02:00",0.84,0.992669761180878,9.57271405762944,"almost_certain","2p4",NA,51.5698,6.0077,FALSE,58,"Carrion Crow","Corvus corone","#01a85a","avian","https://media.birdweather.com/species/58/CarrionCrow-standard-ed24da07616d0cd7c5ef9cd2892ec869.jpg","https://media.birdweather.com/species/58/CarrionCrow-thumbnail-38cc6285bbd8f8340f32fa4dc3f58a69.jpg","https://media.birdweather.com/species/58/CarrionCrow-png200-5ec2904f61f6588853b296f54d8d0cb6.png","nggODwDDmZlqdoiPdLeIWIiYaK6A1gMK",11426330290,"https://media.birdweather.com/soundscapes/6891/6891-20260505-030916.flac",0,3,"birdnetpi"
7457718397,6891,"2026-05-05T05:02:15.000+02:00",0.98,0.148204311728477,7.3587796531944,"almost_certain","2p4",NA,51.5626,6.006,FALSE,143,"Eurasian Oystercatcher","Haematopus ostralegus","#ca8600","avian","https://media.birdweather.com/species/143/EurasianOystercatcher-standard-de054f6108c9ec46b2430e18a3a05899.jpg","https://media.birdweather.com/species/143/EurasianOystercatcher-thumbnail-30dda908d192acf9a6ba366e2d58599a.jpg","https://media.birdweather.com/species/143/EurasianOystercatcher-png200-eaade4c821880831fc0130856cf4cad3.png","3vcRFwKHd4mAiHeCdth4eIeIhYD5CocK",11426137504,"https://media.birdweather.com/soundscapes/6891/6891-20260505-030215.flac",0,3,"birdnetpi"
7457709842,6891,"2026-05-05T05:01:39.000+02:00",0.9,0.148204311728477,7.18730614734741,"almost_certain","2p4",NA,51.5623,6.0012,FALSE,143,"Eurasian Oystercatcher","Haematopus ostralegus","#ca8600","avian","https://media.birdweather.com/species/143/EurasianOystercatcher-standard-de054f6108c9ec46b2430e18a3a05899.jpg","https://media.birdweather.com/species/143/EurasianOystercatcher-thumbnail-30dda908d192acf9a6ba366e2d58599a.jpg","https://media.birdweather.com/species/143/EurasianOystercatcher-png200-eaade4c821880831fc0130856cf4cad3.png","3vcRFwKHd4mAiHeCdth4eIeIhYD5CocK",11426121939,"https://media.birdweather.com/soundscapes/6891/6891-20260505-030139.flac",0,3,"birdnetpi"
7455335375,6891,"2026-05-05T02:20:48.000+02:00",0.91,0.00815452821552753,4.24394610121295,"almost_certain","2p4",NA,51.5698,6.0032,FALSE,242,"Barn Owl","Tyto alba","#c57e94","avian","https://media.birdweather.com/species/242/BarnOwl-standard-8bec9306e3928726cbb18b498dd33c03.jpg","https://media.birdweather.com/species/242/BarnOwl-thumbnail-f2dc3ee81bc91e5f2214d7a2b7be6eef.jpg","https://media.birdweather.com/species/242/BarnOwl-png200-fe95e07244e391ae77d98d1c722d7699.png","4PgFFwKCFGWPgIlpq2aJdXiHiQRFCWME",11421735063,"https://media.birdweather.com/soundscapes/6891/6891-20260505-002048.flac",0,3,"birdnetpi"
