"id","stationId","timestamp","confidence","probability","score","certainty","algorithm","metadata","lat","lon","favorite","species.id","species.commonName","species.scientificName","species.color","species.classification","species.imageUrl","species.thumbnailUrl","species.pngUrl","species.thumbhash","soundscape.id","soundscape.url","soundscape.startTime","soundscape.endTime","soundscape.mode"
9561842200,6891,"2026-07-11T01:31:21.000+02:00",1,0.159493267536163,7.49292105705004,"almost_certain","2p4",NA,51.5703,6.009,FALSE,143,"Eurasian Oystercatcher","Haematopus ostralegus","#ca8600","avian","https://media.birdweather.com/species/143/EurasianOystercatcher-standard-de054f6108c9ec46b2430e18a3a05899.jpg","https://media.birdweather.com/species/143/EurasianOystercatcher-thumbnail-30dda908d192acf9a6ba366e2d58599a.jpg","https://media.birdweather.com/species/143/EurasianOystercatcher-png200-eaade4c821880831fc0130856cf4cad3.png","3vcRFwKHd4mAiHeCdth4eIeIhYD5CocK",14168011536,"https://media.birdweather.com/soundscapes/6891/6891-20260710-233121.flac",0,3,"birdnetpi"
9561830102,6891,"2026-07-11T01:30:45.000+02:00",0.97,0.159493267536163,7.43291146400804,"almost_certain","2p4",NA,51.5657,6.0088,FALSE,143,"Eurasian Oystercatcher","Haematopus ostralegus","#ca8600","avian","https://media.birdweather.com/species/143/EurasianOystercatcher-standard-de054f6108c9ec46b2430e18a3a05899.jpg","https://media.birdweather.com/species/143/EurasianOystercatcher-thumbnail-30dda908d192acf9a6ba366e2d58599a.jpg","https://media.birdweather.com/species/143/EurasianOystercatcher-png200-eaade4c821880831fc0130856cf4cad3.png","3vcRFwKHd4mAiHeCdth4eIeIhYD5CocK",14167993935,"https://media.birdweather.com/soundscapes/6891/6891-20260710-233045.flac",0,3,"birdnetpi"
9561817984,6891,"2026-07-11T01:30:06.000+02:00",0.99,0.159493267536163,7.47320848674066,"almost_certain","2p4",NA,51.5637,6.002,FALSE,143,"Eurasian Oystercatcher","Haematopus ostralegus","#ca8600","avian","https://media.birdweather.com/species/143/EurasianOystercatcher-standard-de054f6108c9ec46b2430e18a3a05899.jpg","https://media.birdweather.com/species/143/EurasianOystercatcher-thumbnail-30dda908d192acf9a6ba366e2d58599a.jpg","https://media.birdweather.com/species/143/EurasianOystercatcher-png200-eaade4c821880831fc0130856cf4cad3.png","3vcRFwKHd4mAiHeCdth4eIeIhYD5CocK",14167976227,"https://media.birdweather.com/soundscapes/6891/6891-20260710-233006.flac",0,3,"birdnetpi"
9561803395,6891,"2026-07-11T01:29:21.000+02:00",0.91,0.159493267536163,7.30437976935985,"almost_certain","2p4",NA,51.5686,6.0062,FALSE,143,"Eurasian Oystercatcher","Haematopus ostralegus","#ca8600","avian","https://media.birdweather.com/species/143/EurasianOystercatcher-standard-de054f6108c9ec46b2430e18a3a05899.jpg","https://media.birdweather.com/species/143/EurasianOystercatcher-thumbnail-30dda908d192acf9a6ba366e2d58599a.jpg","https://media.birdweather.com/species/143/EurasianOystercatcher-png200-eaade4c821880831fc0130856cf4cad3.png","3vcRFwKHd4mAiHeCdth4eIeIhYD5CocK",14167954720,"https://media.birdweather.com/soundscapes/6891/6891-20260710-232921.flac",0,3,"birdnetpi"
9561793111,6891,"2026-07-11T01:28:49.000+02:00",0.99,0.159493267536163,7.47320848674066,"almost_certain","2p4",NA,51.5648,6.0018,FALSE,143,"Eurasian Oystercatcher","Haematopus ostralegus","#ca8600","avian","https://media.birdweather.com/species/143/EurasianOystercatcher-standard-de054f6108c9ec46b2430e18a3a05899.jpg","https://media.birdweather.com/species/143/EurasianOystercatcher-thumbnail-30dda908d192acf9a6ba366e2d58599a.jpg","https://media.birdweather.com/species/143/EurasianOystercatcher-png200-eaade4c821880831fc0130856cf4cad3.png","3vcRFwKHd4mAiHeCdth4eIeIhYD5CocK",14167939640,"https://media.birdweather.com/soundscapes/6891/6891-20260710-232849.flac",0,3,"birdnetpi"
9560668711,6891,"2026-07-11T00:32:12.000+02:00",0.83,0.159493267536163,7.11178249700882,"almost_certain","2p4",NA,51.5647,6.0011,FALSE,143,"Eurasian Oystercatcher","Haematopus ostralegus","#ca8600","avian","https://media.birdweather.com/species/143/EurasianOystercatcher-standard-de054f6108c9ec46b2430e18a3a05899.jpg","https://media.birdweather.com/species/143/EurasianOystercatcher-thumbnail-30dda908d192acf9a6ba366e2d58599a.jpg","https://media.birdweather.com/species/143/EurasianOystercatcher-png200-eaade4c821880831fc0130856cf4cad3.png","3vcRFwKHd4mAiHeCdth4eIeIhYD5CocK",14166324614,"https://media.birdweather.com/soundscapes/6891/6891-20260710-223212.flac",0,3,"birdnetpi"
9559504636,6891,"2026-07-10T23:34:14.000+02:00",0.98,0.159493267536163,7.45320813153368,"almost_certain","2p4",NA,51.5656,6.0067,FALSE,143,"Eurasian Oystercatcher","Haematopus ostralegus","#ca8600","avian","https://media.birdweather.com/species/143/EurasianOystercatcher-standard-de054f6108c9ec46b2430e18a3a05899.jpg","https://media.birdweather.com/species/143/EurasianOystercatcher-thumbnail-30dda908d192acf9a6ba366e2d58599a.jpg","https://media.birdweather.com/species/143/EurasianOystercatcher-png200-eaade4c821880831fc0130856cf4cad3.png","3vcRFwKHd4mAiHeCdth4eIeIhYD5CocK",14164673775,"https://media.birdweather.com/soundscapes/6891/6891-20260710-213414.flac",0,3,"birdnetpi"
9558861783,6891,"2026-07-10T23:02:18.000+02:00",0.93,0.00374250393360853,3.9066991622953,"very_likely","2p4",NA,51.5616,6.001,FALSE,242,"Barn Owl","Tyto alba","#c57e94","avian","https://media.birdweather.com/species/242/BarnOwl-standard-8bec9306e3928726cbb18b498dd33c03.jpg","https://media.birdweather.com/species/242/BarnOwl-thumbnail-f2dc3ee81bc91e5f2214d7a2b7be6eef.jpg","https://media.birdweather.com/species/242/BarnOwl-png200-fe95e07244e391ae77d98d1c722d7699.png","4PgFFwKCFGWPgIlpq2aJdXiHiQRFCWME",14163768602,"https://media.birdweather.com/soundscapes/6891/6891-20260710-210218.flac",0,3,"birdnetpi"
9558538722,6891,"2026-07-10T22:46:39.000+02:00",0.89,0.410935908555984,8.50495318337564,"almost_certain","2p4",NA,51.5704,6.0061,FALSE,475,"Northern Lapwing","Vanellus vanellus","#6c4d04","avian","https://media.birdweather.com/species/475/NorthernLapwing-standard-746331d89463e1cd3bfefaba1318f137.jpg","https://media.birdweather.com/species/475/NorthernLapwing-thumbnail-868e5b80e1aa3bfc291ecc9ace572941.jpg","https://media.birdweather.com/species/475/NorthernLapwing-png200-f768fb6ee23b4f2af87e39ef56ed4466.png","1fgFHwBbdJlvh3dqmOeI52d/jgo3R4EP",14163323358,"https://media.birdweather.com/soundscapes/6891/6891-20260710-204639.flac",0,3,"birdnetpi"
9558414591,6891,"2026-07-10T22:40:36.000+02:00",0.71,0.453138202428818,8.13721715293878,"almost_certain","2p4",NA,51.5633,6.0059,FALSE,76,"Eurasian Jackdaw","Corvus monedula","#f36f1b","avian","https://media.birdweather.com/species/76/EurasianJackdaw-standard-55cbd4006f743c538a3264a1fb86d41c.jpg","https://media.birdweather.com/species/76/EurasianJackdaw-thumbnail-80ecf23afe76ea22483b4f8043e19339.jpg","https://media.birdweather.com/species/76/EurasianJackdaw-png200-862dbf9b3725619bb5532ba255c32118.png","4AgKDwL2i2d1homOY0modph5OL/1qHAJ",14163150862,"https://media.birdweather.com/soundscapes/6891/6891-20260710-204036.flac",0,3,"birdnetpi"
9558403923,6891,"2026-07-10T22:40:05.000+02:00",0.92,0.410935908555984,8.57290099273659,"almost_certain","2p4",NA,51.5634,6.005,FALSE,475,"Northern Lapwing","Vanellus vanellus","#6c4d04","avian","https://media.birdweather.com/species/475/NorthernLapwing-standard-746331d89463e1cd3bfefaba1318f137.jpg","https://media.birdweather.com/species/475/NorthernLapwing-thumbnail-868e5b80e1aa3bfc291ecc9ace572941.jpg","https://media.birdweather.com/species/475/NorthernLapwing-png200-f768fb6ee23b4f2af87e39ef56ed4466.png","1fgFHwBbdJlvh3dqmOeI52d/jgo3R4EP",14163136272,"https://media.birdweather.com/soundscapes/6891/6891-20260710-204005.flac",0,3,"birdnetpi"
9558360821,6891,"2026-07-10T22:38:00.000+02:00",0.76,0.159493267536163,6.91772128863248,"almost_certain","2p4",NA,51.5645,6.008,FALSE,143,"Eurasian Oystercatcher","Haematopus ostralegus","#ca8600","avian","https://media.birdweather.com/species/143/EurasianOystercatcher-standard-de054f6108c9ec46b2430e18a3a05899.jpg","https://media.birdweather.com/species/143/EurasianOystercatcher-thumbnail-30dda908d192acf9a6ba366e2d58599a.jpg","https://media.birdweather.com/species/143/EurasianOystercatcher-png200-eaade4c821880831fc0130856cf4cad3.png","3vcRFwKHd4mAiHeCdth4eIeIhYD5CocK",14163076761,"https://media.birdweather.com/soundscapes/6891/6891-20260710-203800.flac",0,3,"birdnetpi"
9558351062,6891,"2026-07-10T22:37:39.000+02:00",0.99,0.159493267536163,7.47320848674066,"almost_certain","2p4",NA,51.5644,6.0086,FALSE,143,"Eurasian Oystercatcher","Haematopus ostralegus","#ca8600","avian","https://media.birdweather.com/species/143/EurasianOystercatcher-standard-de054f6108c9ec46b2430e18a3a05899.jpg","https://media.birdweather.com/species/143/EurasianOystercatcher-thumbnail-30dda908d192acf9a6ba366e2d58599a.jpg","https://media.birdweather.com/species/143/EurasianOystercatcher-png200-eaade4c821880831fc0130856cf4cad3.png","3vcRFwKHd4mAiHeCdth4eIeIhYD5CocK",14163063423,"https://media.birdweather.com/soundscapes/6891/6891-20260710-203739.flac",0,3,"birdnetpi"
9558341970,6891,"2026-07-10T22:37:06.000+02:00",0.96,0.159493267536163,7.41230957201862,"almost_certain","2p4",NA,51.569,6.0088,FALSE,143,"Eurasian Oystercatcher","Haematopus ostralegus","#ca8600","avian","https://media.birdweather.com/species/143/EurasianOystercatcher-standard-de054f6108c9ec46b2430e18a3a05899.jpg","https://media.birdweather.com/species/143/EurasianOystercatcher-thumbnail-30dda908d192acf9a6ba366e2d58599a.jpg","https://media.birdweather.com/species/143/EurasianOystercatcher-png200-eaade4c821880831fc0130856cf4cad3.png","3vcRFwKHd4mAiHeCdth4eIeIhYD5CocK",14163050769,"https://media.birdweather.com/soundscapes/6891/6891-20260710-203706.flac",0,3,"birdnetpi"
9558274360,6891,"2026-07-10T22:33:48.000+02:00",0.77,0.159493267536163,6.9471847897852,"almost_certain","2p4",NA,51.5658,6.0085,FALSE,143,"Eurasian Oystercatcher","Haematopus ostralegus","#ca8600","avian","https://media.birdweather.com/species/143/EurasianOystercatcher-standard-de054f6108c9ec46b2430e18a3a05899.jpg","https://media.birdweather.com/species/143/EurasianOystercatcher-thumbnail-30dda908d192acf9a6ba366e2d58599a.jpg","https://media.birdweather.com/species/143/EurasianOystercatcher-png200-eaade4c821880831fc0130856cf4cad3.png","3vcRFwKHd4mAiHeCdth4eIeIhYD5CocK",14162957086,"https://media.birdweather.com/soundscapes/6891/6891-20260710-203348.flac",0,3,"birdnetpi"
9558241712,6891,"2026-07-10T22:32:15.000+02:00",0.94,0.453138202428818,8.74729324575663,"almost_certain","2p4",NA,51.5618,6.0071,FALSE,76,"Eurasian Jackdaw","Corvus monedula","#f36f1b","avian","https://media.birdweather.com/species/76/EurasianJackdaw-standard-55cbd4006f743c538a3264a1fb86d41c.jpg","https://media.birdweather.com/species/76/EurasianJackdaw-thumbnail-80ecf23afe76ea22483b4f8043e19339.jpg","https://media.birdweather.com/species/76/EurasianJackdaw-png200-862dbf9b3725619bb5532ba255c32118.png","4AgKDwL2i2d1homOY0modph5OL/1qHAJ",14162912197,"https://media.birdweather.com/soundscapes/6891/6891-20260710-203215.flac",0,3,"birdnetpi"
9558236887,6891,"2026-07-10T22:32:02.000+02:00",0.9,0.572180032730103,8.97226876905239,"almost_certain","2p4",NA,51.5686,6.0093,FALSE,201,"Graylag Goose","Anser anser","#844800","avian","https://media.birdweather.com/species/201/GraylagGoose-standard-5235ddd797e4ea12096e170348c7ba78.jpg","https://media.birdweather.com/species/201/GraylagGoose-thumbnail-dcbb525def2966bd14949956147c5dba.jpg","https://media.birdweather.com/species/201/GraylagGoose-png200-40b0bbf2cd8e268c481e679711a36bb6.png","GtkFHwTASHhwaYe4ZomGWWSKiJ74ZlQA",14162905492,"https://media.birdweather.com/soundscapes/6891/6891-20260710-203202.flac",0,3,"birdnetpi"
9558217118,6891,"2026-07-10T22:31:03.000+02:00",0.75,0.572180032730103,8.57814432979345,"almost_certain","2p4",NA,51.5648,6.0046,FALSE,201,"Graylag Goose","Anser anser","#844800","avian","https://media.birdweather.com/species/201/GraylagGoose-standard-5235ddd797e4ea12096e170348c7ba78.jpg","https://media.birdweather.com/species/201/GraylagGoose-thumbnail-dcbb525def2966bd14949956147c5dba.jpg","https://media.birdweather.com/species/201/GraylagGoose-png200-40b0bbf2cd8e268c481e679711a36bb6.png","GtkFHwTASHhwaYe4ZomGWWSKiJ74ZlQA",14162878091,"https://media.birdweather.com/soundscapes/6891/6891-20260710-203103.flac",0,3,"birdnetpi"
9558177416,6891,"2026-07-10T22:29:06.000+02:00",0.9,0.572180032730103,8.97226876905239,"almost_certain","2p4",NA,51.5626,6.0026,FALSE,201,"Graylag Goose","Anser anser","#844800","avian","https://media.birdweather.com/species/201/GraylagGoose-standard-5235ddd797e4ea12096e170348c7ba78.jpg","https://media.birdweather.com/species/201/GraylagGoose-thumbnail-dcbb525def2966bd14949956147c5dba.jpg","https://media.birdweather.com/species/201/GraylagGoose-png200-40b0bbf2cd8e268c481e679711a36bb6.png","GtkFHwTASHhwaYe4ZomGWWSKiJ74ZlQA",14162822597,"https://media.birdweather.com/soundscapes/6891/6891-20260710-202906.flac",0,3,"birdnetpi"
9558064183,6891,"2026-07-10T22:23:38.000+02:00",0.7,0.995683014392853,9.16568175687828,"almost_certain","2p4",NA,51.5664,6.0076,FALSE,58,"Carrion Crow","Corvus corone","#01a85a","avian","https://media.birdweather.com/species/58/CarrionCrow-standard-ed24da07616d0cd7c5ef9cd2892ec869.jpg","https://media.birdweather.com/species/58/CarrionCrow-thumbnail-38cc6285bbd8f8340f32fa4dc3f58a69.jpg","https://media.birdweather.com/species/58/CarrionCrow-png200-5ec2904f61f6588853b296f54d8d0cb6.png","nggODwDDmZlqdoiPdLeIWIiYaK6A1gMK",14162667192,"https://media.birdweather.com/soundscapes/6891/6891-20260710-202338.flac",0,3,"birdnetpi"
9558024006,6891,"2026-07-10T22:21:42.000+02:00",0.85,0.995683014392853,9.60196336851067,"almost_certain","2p4",NA,51.563,6.0054,FALSE,58,"Carrion Crow","Corvus corone","#01a85a","avian","https://media.birdweather.com/species/58/CarrionCrow-standard-ed24da07616d0cd7c5ef9cd2892ec869.jpg","https://media.birdweather.com/species/58/CarrionCrow-thumbnail-38cc6285bbd8f8340f32fa4dc3f58a69.jpg","https://media.birdweather.com/species/58/CarrionCrow-png200-5ec2904f61f6588853b296f54d8d0cb6.png","nggODwDDmZlqdoiPdLeIWIiYaK6A1gMK",14162611854,"https://media.birdweather.com/soundscapes/6891/6891-20260710-202142.flac",0,3,"birdnetpi"
9557993460,6891,"2026-07-10T22:20:17.000+02:00",0.93,0.995683014392853,9.78801147989859,"almost_certain","2p4",NA,51.57,6.0039,FALSE,58,"Carrion Crow","Corvus corone","#01a85a","avian","https://media.birdweather.com/species/58/CarrionCrow-standard-ed24da07616d0cd7c5ef9cd2892ec869.jpg","https://media.birdweather.com/species/58/CarrionCrow-thumbnail-38cc6285bbd8f8340f32fa4dc3f58a69.jpg","https://media.birdweather.com/species/58/CarrionCrow-png200-5ec2904f61f6588853b296f54d8d0cb6.png","nggODwDDmZlqdoiPdLeIWIiYaK6A1gMK",14162570406,"https://media.birdweather.com/soundscapes/6891/6891-20260710-202017.flac",0,3,"birdnetpi"
9557967034,6891,"2026-07-10T22:19:00.000+02:00",0.89,0.876010596752167,9.52457338844239,"almost_certain","2p4",NA,51.5649,6.0087,FALSE,551,"Common Swift","Apus apus","#234bb2","avian","https://media.birdweather.com/species/551/CommonSwift-standard-ba54f84fbd8481b1c0de60654fbd79d5.jpg","https://media.birdweather.com/species/551/CommonSwift-thumbnail-bad1d7e3c141990f11d01e49e9f768ac.jpg","https://media.birdweather.com/species/551/CommonSwift-png200-f52bea49cb0e4232049806bde3e1a401.png","LLYFFwLchWelV5dvsqh1jKZoKJIEMkoA",14162534737,"https://media.birdweather.com/soundscapes/6891/6891-20260710-201900.flac",0,3,"birdnetpi"
9557953170,6891,"2026-07-10T22:18:30.000+02:00",0.99,0.876010596752167,9.7390730015898,"almost_certain","2p4",NA,51.5662,6.001,FALSE,551,"Common Swift","Apus apus","#234bb2","avian","https://media.birdweather.com/species/551/CommonSwift-standard-ba54f84fbd8481b1c0de60654fbd79d5.jpg","https://media.birdweather.com/species/551/CommonSwift-thumbnail-bad1d7e3c141990f11d01e49e9f768ac.jpg","https://media.birdweather.com/species/551/CommonSwift-png200-f52bea49cb0e4232049806bde3e1a401.png","LLYFFwLchWelV5dvsqh1jKZoKJIEMkoA",14162516145,"https://media.birdweather.com/soundscapes/6891/6891-20260710-201830.flac",0,3,"birdnetpi"
9557940338,6891,"2026-07-10T22:17:47.000+02:00",0.99,0.876010596752167,9.7390730015898,"almost_certain","2p4",NA,51.568,6.0081,FALSE,551,"Common Swift","Apus apus","#234bb2","avian","https://media.birdweather.com/species/551/CommonSwift-standard-ba54f84fbd8481b1c0de60654fbd79d5.jpg","https://media.birdweather.com/species/551/CommonSwift-thumbnail-bad1d7e3c141990f11d01e49e9f768ac.jpg","https://media.birdweather.com/species/551/CommonSwift-png200-f52bea49cb0e4232049806bde3e1a401.png","LLYFFwLchWelV5dvsqh1jKZoKJIEMkoA",14162498883,"https://media.birdweather.com/soundscapes/6891/6891-20260710-201747.flac",0,3,"birdnetpi"
9557931478,6891,"2026-07-10T22:17:21.000+02:00",1,0.876010596752167,9.75878557189918,"almost_certain","2p4",NA,51.5686,6.0083,FALSE,551,"Common Swift","Apus apus","#234bb2","avian","https://media.birdweather.com/species/551/CommonSwift-standard-ba54f84fbd8481b1c0de60654fbd79d5.jpg","https://media.birdweather.com/species/551/CommonSwift-thumbnail-bad1d7e3c141990f11d01e49e9f768ac.jpg","https://media.birdweather.com/species/551/CommonSwift-png200-f52bea49cb0e4232049806bde3e1a401.png","LLYFFwLchWelV5dvsqh1jKZoKJIEMkoA",14162486946,"https://media.birdweather.com/soundscapes/6891/6891-20260710-201721.flac",0,3,"birdnetpi"
9557906281,6891,"2026-07-10T22:16:17.000+02:00",0.96,0.876010596752167,9.67817408686776,"almost_certain","2p4",NA,51.5681,6.0089,FALSE,551,"Common Swift","Apus apus","#234bb2","avian","https://media.birdweather.com/species/551/CommonSwift-standard-ba54f84fbd8481b1c0de60654fbd79d5.jpg","https://media.birdweather.com/species/551/CommonSwift-thumbnail-bad1d7e3c141990f11d01e49e9f768ac.jpg","https://media.birdweather.com/species/551/CommonSwift-png200-f52bea49cb0e4232049806bde3e1a401.png","LLYFFwLchWelV5dvsqh1jKZoKJIEMkoA",14162453106,"https://media.birdweather.com/soundscapes/6891/6891-20260710-201617.flac",0,3,"birdnetpi"
9557880434,6891,"2026-07-10T22:14:57.000+02:00",1,0.876010596752167,9.75878557189918,"almost_certain","2p4",NA,51.5658,6.0032,FALSE,551,"Common Swift","Apus apus","#234bb2","avian","https://media.birdweather.com/species/551/CommonSwift-standard-ba54f84fbd8481b1c0de60654fbd79d5.jpg","https://media.birdweather.com/species/551/CommonSwift-thumbnail-bad1d7e3c141990f11d01e49e9f768ac.jpg","https://media.birdweather.com/species/551/CommonSwift-png200-f52bea49cb0e4232049806bde3e1a401.png","LLYFFwLchWelV5dvsqh1jKZoKJIEMkoA",14162418237,"https://media.birdweather.com/soundscapes/6891/6891-20260710-201457.flac",0,3,"birdnetpi"
9557834879,6891,"2026-07-10T22:12:50.000+02:00",0.99,0.876010596752167,9.7390730015898,"almost_certain","2p4",NA,51.5629,6.0015,FALSE,551,"Common Swift","Apus apus","#234bb2","avian","https://media.birdweather.com/species/551/CommonSwift-standard-ba54f84fbd8481b1c0de60654fbd79d5.jpg","https://media.birdweather.com/species/551/CommonSwift-thumbnail-bad1d7e3c141990f11d01e49e9f768ac.jpg","https://media.birdweather.com/species/551/CommonSwift-png200-f52bea49cb0e4232049806bde3e1a401.png","LLYFFwLchWelV5dvsqh1jKZoKJIEMkoA",14162356868,"https://media.birdweather.com/soundscapes/6891/6891-20260710-201250.flac",0,3,"birdnetpi"
9557794305,6891,"2026-07-10T22:11:02.000+02:00",1,0.876010596752167,9.75878557189918,"almost_certain","2p4",NA,51.564,6.0011,FALSE,551,"Common Swift","Apus apus","#234bb2","avian","https://media.birdweather.com/species/551/CommonSwift-standard-ba54f84fbd8481b1c0de60654fbd79d5.jpg","https://media.birdweather.com/species/551/CommonSwift-thumbnail-bad1d7e3c141990f11d01e49e9f768ac.jpg","https://media.birdweather.com/species/551/CommonSwift-png200-f52bea49cb0e4232049806bde3e1a401.png","LLYFFwLchWelV5dvsqh1jKZoKJIEMkoA",14162302330,"https://media.birdweather.com/soundscapes/6891/6891-20260710-201102.flac",0,3,"birdnetpi"
9557794563,6891,"2026-07-10T22:10:56.000+02:00",0.98,0.993988573551178,9.89033224804336,"almost_certain","2p4",NA,51.5663,6.0087,FALSE,35,"Eurasian Blackbird","Turdus merula","#ff65df","avian","https://media.birdweather.com/species/35/EurasianBlackbird-standard-618b3a5132c7c359fb2a2884c39deb39.jpg","https://media.birdweather.com/species/35/EurasianBlackbird-thumbnail-276878929bed08167d1fd9bf34d63d40.jpg","https://media.birdweather.com/species/35/EurasianBlackbird-png200-ba5a1b43225da4611cac429c52a52c81.png","GfkFFwKRmrx2ZYiaaQe69nlzScn3T7IA",14162302648,"https://media.birdweather.com/soundscapes/6891/6891-20260710-201056.flac",0,3,"birdnetpi"
9557783614,6891,"2026-07-10T22:10:30.000+02:00",0.98,0.993988573551178,9.89033224804336,"almost_certain","2p4",NA,51.5656,6.0005,FALSE,35,"Eurasian Blackbird","Turdus merula","#ff65df","avian","https://media.birdweather.com/species/35/EurasianBlackbird-standard-618b3a5132c7c359fb2a2884c39deb39.jpg","https://media.birdweather.com/species/35/EurasianBlackbird-thumbnail-276878929bed08167d1fd9bf34d63d40.jpg","https://media.birdweather.com/species/35/EurasianBlackbird-png200-ba5a1b43225da4611cac429c52a52c81.png","GfkFFwKRmrx2ZYiaaQe69nlzScn3T7IA",14162288440,"https://media.birdweather.com/soundscapes/6891/6891-20260710-201030.flac",0,3,"birdnetpi"
9557773653,6891,"2026-07-10T22:10:05.000+02:00",1,0.993988573551178,9.93004517355971,"almost_certain","2p4",NA,51.5629,6.0024,FALSE,35,"Eurasian Blackbird","Turdus merula","#ff65df","avian","https://media.birdweather.com/species/35/EurasianBlackbird-standard-618b3a5132c7c359fb2a2884c39deb39.jpg","https://media.birdweather.com/species/35/EurasianBlackbird-thumbnail-276878929bed08167d1fd9bf34d63d40.jpg","https://media.birdweather.com/species/35/EurasianBlackbird-png200-ba5a1b43225da4611cac429c52a52c81.png","GfkFFwKRmrx2ZYiaaQe69nlzScn3T7IA",14162275096,"https://media.birdweather.com/soundscapes/6891/6891-20260710-201005.flac",0,3,"birdnetpi"
9557762200,6891,"2026-07-10T22:09:26.000+02:00",0.99,0.993988573551178,9.91033260325034,"almost_certain","2p4",NA,51.5674,6.0085,FALSE,35,"Eurasian Blackbird","Turdus merula","#ff65df","avian","https://media.birdweather.com/species/35/EurasianBlackbird-standard-618b3a5132c7c359fb2a2884c39deb39.jpg","https://media.birdweather.com/species/35/EurasianBlackbird-thumbnail-276878929bed08167d1fd9bf34d63d40.jpg","https://media.birdweather.com/species/35/EurasianBlackbird-png200-ba5a1b43225da4611cac429c52a52c81.png","GfkFFwKRmrx2ZYiaaQe69nlzScn3T7IA",14162259869,"https://media.birdweather.com/soundscapes/6891/6891-20260710-200926.flac",0,3,"birdnetpi"
9557752048,6891,"2026-07-10T22:08:57.000+02:00",0.99,0.993988573551178,9.91033260325034,"almost_certain","2p4",NA,51.5688,6.0061,FALSE,35,"Eurasian Blackbird","Turdus merula","#ff65df","avian","https://media.birdweather.com/species/35/EurasianBlackbird-standard-618b3a5132c7c359fb2a2884c39deb39.jpg","https://media.birdweather.com/species/35/EurasianBlackbird-thumbnail-276878929bed08167d1fd9bf34d63d40.jpg","https://media.birdweather.com/species/35/EurasianBlackbird-png200-ba5a1b43225da4611cac429c52a52c81.png","GfkFFwKRmrx2ZYiaaQe69nlzScn3T7IA",14162246444,"https://media.birdweather.com/soundscapes/6891/6891-20260710-200857.flac",0,3,"birdnetpi"
9557742099,6891,"2026-07-10T22:08:29.000+02:00",0.99,0.993988573551178,9.91033260325034,"almost_certain","2p4",NA,51.5665,6.0064,FALSE,35,"Eurasian Blackbird","Turdus merula","#ff65df","avian","https://media.birdweather.com/species/35/EurasianBlackbird-standard-618b3a5132c7c359fb2a2884c39deb39.jpg","https://media.birdweather.com/species/35/EurasianBlackbird-thumbnail-276878929bed08167d1fd9bf34d63d40.jpg","https://media.birdweather.com/species/35/EurasianBlackbird-png200-ba5a1b43225da4611cac429c52a52c81.png","GfkFFwKRmrx2ZYiaaQe69nlzScn3T7IA",14162233463,"https://media.birdweather.com/soundscapes/6891/6891-20260710-200829.flac",0,3,"birdnetpi"
9557735987,6891,"2026-07-10T22:08:14.000+02:00",1,0.876010596752167,9.75878557189918,"almost_certain","2p4",NA,51.5637,6.0074,FALSE,551,"Common Swift","Apus apus","#234bb2","avian","https://media.birdweather.com/species/551/CommonSwift-standard-ba54f84fbd8481b1c0de60654fbd79d5.jpg","https://media.birdweather.com/species/551/CommonSwift-thumbnail-bad1d7e3c141990f11d01e49e9f768ac.jpg","https://media.birdweather.com/species/551/CommonSwift-png200-f52bea49cb0e4232049806bde3e1a401.png","LLYFFwLchWelV5dvsqh1jKZoKJIEMkoA",14162225322,"https://media.birdweather.com/soundscapes/6891/6891-20260710-200814.flac",0,3,"birdnetpi"
9557732392,6891,"2026-07-10T22:08:03.000+02:00",0.98,0.993988573551178,9.89033224804336,"almost_certain","2p4",NA,51.5703,6.0067,FALSE,35,"Eurasian Blackbird","Turdus merula","#ff65df","avian","https://media.birdweather.com/species/35/EurasianBlackbird-standard-618b3a5132c7c359fb2a2884c39deb39.jpg","https://media.birdweather.com/species/35/EurasianBlackbird-thumbnail-276878929bed08167d1fd9bf34d63d40.jpg","https://media.birdweather.com/species/35/EurasianBlackbird-png200-ba5a1b43225da4611cac429c52a52c81.png","GfkFFwKRmrx2ZYiaaQe69nlzScn3T7IA",14162220468,"https://media.birdweather.com/soundscapes/6891/6891-20260710-200803.flac",0,3,"birdnetpi"
9557726312,6891,"2026-07-10T22:07:56.000+02:00",1,0.993988573551178,9.93004517355971,"almost_certain","2p4",NA,51.5623,6.0084,FALSE,35,"Eurasian Blackbird","Turdus merula","#ff65df","avian","https://media.birdweather.com/species/35/EurasianBlackbird-standard-618b3a5132c7c359fb2a2884c39deb39.jpg","https://media.birdweather.com/species/35/EurasianBlackbird-thumbnail-276878929bed08167d1fd9bf34d63d40.jpg","https://media.birdweather.com/species/35/EurasianBlackbird-png200-ba5a1b43225da4611cac429c52a52c81.png","GfkFFwKRmrx2ZYiaaQe69nlzScn3T7IA",14162212340,"https://media.birdweather.com/soundscapes/6891/6891-20260710-200756.flac",0,3,"birdnetpi"
9557705269,6891,"2026-07-10T22:06:47.000+02:00",0.84,0.876010596752167,9.40325523408461,"almost_certain","2p4",NA,51.5675,6.0061,FALSE,551,"Common Swift","Apus apus","#234bb2","avian","https://media.birdweather.com/species/551/CommonSwift-standard-ba54f84fbd8481b1c0de60654fbd79d5.jpg","https://media.birdweather.com/species/551/CommonSwift-thumbnail-bad1d7e3c141990f11d01e49e9f768ac.jpg","https://media.birdweather.com/species/551/CommonSwift-png200-f52bea49cb0e4232049806bde3e1a401.png","LLYFFwLchWelV5dvsqh1jKZoKJIEMkoA",14162184683,"https://media.birdweather.com/soundscapes/6891/6891-20260710-200647.flac",0,3,"birdnetpi"
9557666770,6891,"2026-07-10T22:05:00.000+02:00",0.88,0.876010596752167,9.50115401474015,"almost_certain","2p4",NA,51.5698,6.006,FALSE,551,"Common Swift","Apus apus","#234bb2","avian","https://media.birdweather.com/species/551/CommonSwift-standard-ba54f84fbd8481b1c0de60654fbd79d5.jpg","https://media.birdweather.com/species/551/CommonSwift-thumbnail-bad1d7e3c141990f11d01e49e9f768ac.jpg","https://media.birdweather.com/species/551/CommonSwift-png200-f52bea49cb0e4232049806bde3e1a401.png","LLYFFwLchWelV5dvsqh1jKZoKJIEMkoA",14162133339,"https://media.birdweather.com/soundscapes/6891/6891-20260710-200500.flac",0,3,"birdnetpi"
9557657844,6891,"2026-07-10T22:04:35.000+02:00",0.93,0.876010596752167,9.61444166544796,"almost_certain","2p4",NA,51.5666,6.004,FALSE,551,"Common Swift","Apus apus","#234bb2","avian","https://media.birdweather.com/species/551/CommonSwift-standard-ba54f84fbd8481b1c0de60654fbd79d5.jpg","https://media.birdweather.com/species/551/CommonSwift-thumbnail-bad1d7e3c141990f11d01e49e9f768ac.jpg","https://media.birdweather.com/species/551/CommonSwift-png200-f52bea49cb0e4232049806bde3e1a401.png","LLYFFwLchWelV5dvsqh1jKZoKJIEMkoA",14162121352,"https://media.birdweather.com/soundscapes/6891/6891-20260710-200435.flac",0,3,"birdnetpi"
9557616465,6891,"2026-07-10T22:02:39.000+02:00",0.97,0.876010596752167,9.69877597885718,"almost_certain","2p4",NA,51.5631,6.0024,FALSE,551,"Common Swift","Apus apus","#234bb2","avian","https://media.birdweather.com/species/551/CommonSwift-standard-ba54f84fbd8481b1c0de60654fbd79d5.jpg","https://media.birdweather.com/species/551/CommonSwift-thumbnail-bad1d7e3c141990f11d01e49e9f768ac.jpg","https://media.birdweather.com/species/551/CommonSwift-png200-f52bea49cb0e4232049806bde3e1a401.png","LLYFFwLchWelV5dvsqh1jKZoKJIEMkoA",14162065942,"https://media.birdweather.com/soundscapes/6891/6891-20260710-200239.flac",0,3,"birdnetpi"
9557609934,6891,"2026-07-10T22:02:21.000+02:00",0.78,0.876010596752167,9.24189247523537,"almost_certain","2p4",NA,51.564,6.0023,FALSE,551,"Common Swift","Apus apus","#234bb2","avian","https://media.birdweather.com/species/551/CommonSwift-standard-ba54f84fbd8481b1c0de60654fbd79d5.jpg","https://media.birdweather.com/species/551/CommonSwift-thumbnail-bad1d7e3c141990f11d01e49e9f768ac.jpg","https://media.birdweather.com/species/551/CommonSwift-png200-f52bea49cb0e4232049806bde3e1a401.png","LLYFFwLchWelV5dvsqh1jKZoKJIEMkoA",14162057255,"https://media.birdweather.com/soundscapes/6891/6891-20260710-200221.flac",0,3,"birdnetpi"
9557599391,6891,"2026-07-10T22:01:51.000+02:00",0.86,0.876010596752167,9.45307890659871,"almost_certain","2p4",NA,51.5615,6.0085,FALSE,551,"Common Swift","Apus apus","#234bb2","avian","https://media.birdweather.com/species/551/CommonSwift-standard-ba54f84fbd8481b1c0de60654fbd79d5.jpg","https://media.birdweather.com/species/551/CommonSwift-thumbnail-bad1d7e3c141990f11d01e49e9f768ac.jpg","https://media.birdweather.com/species/551/CommonSwift-png200-f52bea49cb0e4232049806bde3e1a401.png","LLYFFwLchWelV5dvsqh1jKZoKJIEMkoA",14162043018,"https://media.birdweather.com/soundscapes/6891/6891-20260710-200151.flac",0,3,"birdnetpi"
9557593596,6891,"2026-07-10T22:01:35.000+02:00",0.89,0.876010596752167,9.52457338844239,"almost_certain","2p4",NA,51.5617,6.0015,FALSE,551,"Common Swift","Apus apus","#234bb2","avian","https://media.birdweather.com/species/551/CommonSwift-standard-ba54f84fbd8481b1c0de60654fbd79d5.jpg","https://media.birdweather.com/species/551/CommonSwift-thumbnail-bad1d7e3c141990f11d01e49e9f768ac.jpg","https://media.birdweather.com/species/551/CommonSwift-png200-f52bea49cb0e4232049806bde3e1a401.png","LLYFFwLchWelV5dvsqh1jKZoKJIEMkoA",14162035259,"https://media.birdweather.com/soundscapes/6891/6891-20260710-200135.flac",0,3,"birdnetpi"
9557580065,6891,"2026-07-10T22:01:09.000+02:00",0.93,0.21911683678627,7.76152100423889,"almost_certain","2p4",NA,51.5688,6.0091,FALSE,20,"Black Redstart","Phoenicurus ochruros","#c8ce2d","avian","https://media.birdweather.com/species/20/BlackRedstart-standard-4255c9b712ecb46ea7d3df8d556c18e7.jpg","https://media.birdweather.com/species/20/BlackRedstart-thumbnail-2fee59acc1ecc6be7238da194869e940.jpg","https://media.birdweather.com/species/20/BlackRedstart-png200-cbc0625b8b4889aeec1da754ad906efd.png","2QgGFwT8epa+l3ZlZ5hntnh4Z/6oyZ8I",14162017165,"https://media.birdweather.com/soundscapes/6891/6891-20260710-200109.flac",0,3,"birdnetpi"
9557556269,6891,"2026-07-10T21:59:50.000+02:00",1,0.876010596752167,9.75878557189918,"almost_certain","2p4",NA,51.5619,6.0047,FALSE,551,"Common Swift","Apus apus","#234bb2","avian","https://media.birdweather.com/species/551/CommonSwift-standard-ba54f84fbd8481b1c0de60654fbd79d5.jpg","https://media.birdweather.com/species/551/CommonSwift-thumbnail-bad1d7e3c141990f11d01e49e9f768ac.jpg","https://media.birdweather.com/species/551/CommonSwift-png200-f52bea49cb0e4232049806bde3e1a401.png","LLYFFwLchWelV5dvsqh1jKZoKJIEMkoA",14161985226,"https://media.birdweather.com/soundscapes/6891/6891-20260710-195950.flac",0,3,"birdnetpi"
9557546783,6891,"2026-07-10T21:59:32.000+02:00",1,0.876010596752167,9.75878557189918,"almost_certain","2p4",NA,51.5647,6.0022,FALSE,551,"Common Swift","Apus apus","#234bb2","avian","https://media.birdweather.com/species/551/CommonSwift-standard-ba54f84fbd8481b1c0de60654fbd79d5.jpg","https://media.birdweather.com/species/551/CommonSwift-thumbnail-bad1d7e3c141990f11d01e49e9f768ac.jpg","https://media.birdweather.com/species/551/CommonSwift-png200-f52bea49cb0e4232049806bde3e1a401.png","LLYFFwLchWelV5dvsqh1jKZoKJIEMkoA",14161972122,"https://media.birdweather.com/soundscapes/6891/6891-20260710-195932.flac",0,3,"birdnetpi"
9557527631,6891,"2026-07-10T21:58:33.000+02:00",0.98,0.876010596752167,9.71907264638282,"almost_certain","2p4",NA,51.565,6.003,FALSE,551,"Common Swift","Apus apus","#234bb2","avian","https://media.birdweather.com/species/551/CommonSwift-standard-ba54f84fbd8481b1c0de60654fbd79d5.jpg","https://media.birdweather.com/species/551/CommonSwift-thumbnail-bad1d7e3c141990f11d01e49e9f768ac.jpg","https://media.birdweather.com/species/551/CommonSwift-png200-f52bea49cb0e4232049806bde3e1a401.png","LLYFFwLchWelV5dvsqh1jKZoKJIEMkoA",14161946384,"https://media.birdweather.com/soundscapes/6891/6891-20260710-195833.flac",0,3,"birdnetpi"
9557522253,6891,"2026-07-10T21:58:14.000+02:00",0.96,0.876010596752167,9.67817408686776,"almost_certain","2p4",NA,51.5687,6.0046,FALSE,551,"Common Swift","Apus apus","#234bb2","avian","https://media.birdweather.com/species/551/CommonSwift-standard-ba54f84fbd8481b1c0de60654fbd79d5.jpg","https://media.birdweather.com/species/551/CommonSwift-thumbnail-bad1d7e3c141990f11d01e49e9f768ac.jpg","https://media.birdweather.com/species/551/CommonSwift-png200-f52bea49cb0e4232049806bde3e1a401.png","LLYFFwLchWelV5dvsqh1jKZoKJIEMkoA",14161939194,"https://media.birdweather.com/soundscapes/6891/6891-20260710-195814.flac",0,3,"birdnetpi"
9557504170,6891,"2026-07-10T21:57:26.000+02:00",1,0.876010596752167,9.75878557189918,"almost_certain","2p4",NA,51.5658,6.0045,FALSE,551,"Common Swift","Apus apus","#234bb2","avian","https://media.birdweather.com/species/551/CommonSwift-standard-ba54f84fbd8481b1c0de60654fbd79d5.jpg","https://media.birdweather.com/species/551/CommonSwift-thumbnail-bad1d7e3c141990f11d01e49e9f768ac.jpg","https://media.birdweather.com/species/551/CommonSwift-png200-f52bea49cb0e4232049806bde3e1a401.png","LLYFFwLchWelV5dvsqh1jKZoKJIEMkoA",14161914756,"https://media.birdweather.com/soundscapes/6891/6891-20260710-195726.flac",0,3,"birdnetpi"
9557497087,6891,"2026-07-10T21:57:03.000+02:00",0.94,0.876010596752167,9.63601691449431,"almost_certain","2p4",NA,51.5646,6.0011,FALSE,551,"Common Swift","Apus apus","#234bb2","avian","https://media.birdweather.com/species/551/CommonSwift-standard-ba54f84fbd8481b1c0de60654fbd79d5.jpg","https://media.birdweather.com/species/551/CommonSwift-thumbnail-bad1d7e3c141990f11d01e49e9f768ac.jpg","https://media.birdweather.com/species/551/CommonSwift-png200-f52bea49cb0e4232049806bde3e1a401.png","LLYFFwLchWelV5dvsqh1jKZoKJIEMkoA",14161905237,"https://media.birdweather.com/soundscapes/6891/6891-20260710-195703.flac",0,3,"birdnetpi"
9557490333,6891,"2026-07-10T21:56:44.000+02:00",0.82,0.876010596752167,9.35155098474811,"almost_certain","2p4",NA,51.5651,6.0014,FALSE,551,"Common Swift","Apus apus","#234bb2","avian","https://media.birdweather.com/species/551/CommonSwift-standard-ba54f84fbd8481b1c0de60654fbd79d5.jpg","https://media.birdweather.com/species/551/CommonSwift-thumbnail-bad1d7e3c141990f11d01e49e9f768ac.jpg","https://media.birdweather.com/species/551/CommonSwift-png200-f52bea49cb0e4232049806bde3e1a401.png","LLYFFwLchWelV5dvsqh1jKZoKJIEMkoA",14161896176,"https://media.birdweather.com/soundscapes/6891/6891-20260710-195644.flac",0,3,"birdnetpi"
9557453326,6891,"2026-07-10T21:55:08.000+02:00",1,0.876010596752167,9.75878557189918,"almost_certain","2p4",NA,51.5652,6.0095,FALSE,551,"Common Swift","Apus apus","#234bb2","avian","https://media.birdweather.com/species/551/CommonSwift-standard-ba54f84fbd8481b1c0de60654fbd79d5.jpg","https://media.birdweather.com/species/551/CommonSwift-thumbnail-bad1d7e3c141990f11d01e49e9f768ac.jpg","https://media.birdweather.com/species/551/CommonSwift-png200-f52bea49cb0e4232049806bde3e1a401.png","LLYFFwLchWelV5dvsqh1jKZoKJIEMkoA",14161846451,"https://media.birdweather.com/soundscapes/6891/6891-20260710-195508.flac",0,3,"birdnetpi"
9557443848,6891,"2026-07-10T21:54:33.000+02:00",0.84,0.876010596752167,9.40325523408461,"almost_certain","2p4",NA,51.5654,6.0038,FALSE,551,"Common Swift","Apus apus","#234bb2","avian","https://media.birdweather.com/species/551/CommonSwift-standard-ba54f84fbd8481b1c0de60654fbd79d5.jpg","https://media.birdweather.com/species/551/CommonSwift-thumbnail-bad1d7e3c141990f11d01e49e9f768ac.jpg","https://media.birdweather.com/species/551/CommonSwift-png200-f52bea49cb0e4232049806bde3e1a401.png","LLYFFwLchWelV5dvsqh1jKZoKJIEMkoA",14161833412,"https://media.birdweather.com/soundscapes/6891/6891-20260710-195433.flac",0,3,"birdnetpi"
9557431659,6891,"2026-07-10T21:54:00.000+02:00",0.99,0.876010596752167,9.7390730015898,"almost_certain","2p4",NA,51.5684,6.0052,FALSE,551,"Common Swift","Apus apus","#234bb2","avian","https://media.birdweather.com/species/551/CommonSwift-standard-ba54f84fbd8481b1c0de60654fbd79d5.jpg","https://media.birdweather.com/species/551/CommonSwift-thumbnail-bad1d7e3c141990f11d01e49e9f768ac.jpg","https://media.birdweather.com/species/551/CommonSwift-png200-f52bea49cb0e4232049806bde3e1a401.png","LLYFFwLchWelV5dvsqh1jKZoKJIEMkoA",14161817068,"https://media.birdweather.com/soundscapes/6891/6891-20260710-195400.flac",0,3,"birdnetpi"
9557427927,6891,"2026-07-10T21:53:48.000+02:00",0.88,0.660715103149414,9.11976731904705,"almost_certain","2p4",NA,51.5634,6.0012,FALSE,119,"Common House-Martin","Delichon urbicum","#53b1ff","avian","https://media.birdweather.com/species/119/CommonHouse-Martin-standard-9ffbcc688c51210fb136a162c84d82ad.jpg","https://media.birdweather.com/species/119/CommonHouse-Martin-thumbnail-dd7059ca6235347c3097e7a66f04df95.jpg","https://media.birdweather.com/species/119/CommonHouse-Martin-png200-a73a8953ce2af50676da81e70b2746b2.png","YhgKDwKJd4iIiHd/h5h5d4mIeQqVllAH",14161811844,"https://media.birdweather.com/soundscapes/6891/6891-20260710-195348.flac",0,3,"birdnetpi"
9557418403,6891,"2026-07-10T21:53:23.000+02:00",0.95,0.876010596752167,9.65725765004858,"almost_certain","2p4",NA,51.5626,6.0007,FALSE,551,"Common Swift","Apus apus","#234bb2","avian","https://media.birdweather.com/species/551/CommonSwift-standard-ba54f84fbd8481b1c0de60654fbd79d5.jpg","https://media.birdweather.com/species/551/CommonSwift-thumbnail-bad1d7e3c141990f11d01e49e9f768ac.jpg","https://media.birdweather.com/species/551/CommonSwift-png200-f52bea49cb0e4232049806bde3e1a401.png","LLYFFwLchWelV5dvsqh1jKZoKJIEMkoA",14161798930,"https://media.birdweather.com/soundscapes/6891/6891-20260710-195323.flac",0,3,"birdnetpi"
9557384034,6891,"2026-07-10T21:51:48.000+02:00",0.87,0.876010596752167,9.47732732722489,"almost_certain","2p4",NA,51.5656,6.0041,FALSE,551,"Common Swift","Apus apus","#234bb2","avian","https://media.birdweather.com/species/551/CommonSwift-standard-ba54f84fbd8481b1c0de60654fbd79d5.jpg","https://media.birdweather.com/species/551/CommonSwift-thumbnail-bad1d7e3c141990f11d01e49e9f768ac.jpg","https://media.birdweather.com/species/551/CommonSwift-png200-f52bea49cb0e4232049806bde3e1a401.png","LLYFFwLchWelV5dvsqh1jKZoKJIEMkoA",14161752502,"https://media.birdweather.com/soundscapes/6891/6891-20260710-195148.flac",0,3,"birdnetpi"
9557339666,6891,"2026-07-10T21:49:38.000+02:00",0.95,0.876010596752167,9.65725765004858,"almost_certain","2p4",NA,51.5615,6.0026,FALSE,551,"Common Swift","Apus apus","#234bb2","avian","https://media.birdweather.com/species/551/CommonSwift-standard-ba54f84fbd8481b1c0de60654fbd79d5.jpg","https://media.birdweather.com/species/551/CommonSwift-thumbnail-bad1d7e3c141990f11d01e49e9f768ac.jpg","https://media.birdweather.com/species/551/CommonSwift-png200-f52bea49cb0e4232049806bde3e1a401.png","LLYFFwLchWelV5dvsqh1jKZoKJIEMkoA",14161691744,"https://media.birdweather.com/soundscapes/6891/6891-20260710-194938.flac",0,3,"birdnetpi"
9557317111,6891,"2026-07-10T21:48:38.000+02:00",0.98,0.876010596752167,9.71907264638282,"almost_certain","2p4",NA,51.5625,6.0052,FALSE,551,"Common Swift","Apus apus","#234bb2","avian","https://media.birdweather.com/species/551/CommonSwift-standard-ba54f84fbd8481b1c0de60654fbd79d5.jpg","https://media.birdweather.com/species/551/CommonSwift-thumbnail-bad1d7e3c141990f11d01e49e9f768ac.jpg","https://media.birdweather.com/species/551/CommonSwift-png200-f52bea49cb0e4232049806bde3e1a401.png","LLYFFwLchWelV5dvsqh1jKZoKJIEMkoA",14161661347,"https://media.birdweather.com/soundscapes/6891/6891-20260710-194838.flac",0,3,"birdnetpi"
9557307663,6891,"2026-07-10T21:48:08.000+02:00",0.92,0.876010596752167,9.59252119780333,"almost_certain","2p4",NA,51.5699,6.004,FALSE,551,"Common Swift","Apus apus","#234bb2","avian","https://media.birdweather.com/species/551/CommonSwift-standard-ba54f84fbd8481b1c0de60654fbd79d5.jpg","https://media.birdweather.com/species/551/CommonSwift-thumbnail-bad1d7e3c141990f11d01e49e9f768ac.jpg","https://media.birdweather.com/species/551/CommonSwift-png200-f52bea49cb0e4232049806bde3e1a401.png","LLYFFwLchWelV5dvsqh1jKZoKJIEMkoA",14161648392,"https://media.birdweather.com/soundscapes/6891/6891-20260710-194808.flac",0,3,"birdnetpi"
9557289564,6891,"2026-07-10T21:47:17.000+02:00",0.73,0.993988573551178,9.26245085045227,"almost_certain","2p4",NA,51.5618,6.0009,FALSE,35,"Eurasian Blackbird","Turdus merula","#ff65df","avian","https://media.birdweather.com/species/35/EurasianBlackbird-standard-618b3a5132c7c359fb2a2884c39deb39.jpg","https://media.birdweather.com/species/35/EurasianBlackbird-thumbnail-276878929bed08167d1fd9bf34d63d40.jpg","https://media.birdweather.com/species/35/EurasianBlackbird-png200-ba5a1b43225da4611cac429c52a52c81.png","GfkFFwKRmrx2ZYiaaQe69nlzScn3T7IA",14161623929,"https://media.birdweather.com/soundscapes/6891/6891-20260710-194717.flac",0,3,"birdnetpi"
9557280288,6891,"2026-07-10T21:46:53.000+02:00",0.95,0.876010596752167,9.65725765004858,"almost_certain","2p4",NA,51.5679,6.0029,FALSE,551,"Common Swift","Apus apus","#234bb2","avian","https://media.birdweather.com/species/551/CommonSwift-standard-ba54f84fbd8481b1c0de60654fbd79d5.jpg","https://media.birdweather.com/species/551/CommonSwift-thumbnail-bad1d7e3c141990f11d01e49e9f768ac.jpg","https://media.birdweather.com/species/551/CommonSwift-png200-f52bea49cb0e4232049806bde3e1a401.png","LLYFFwLchWelV5dvsqh1jKZoKJIEMkoA",14161611496,"https://media.birdweather.com/soundscapes/6891/6891-20260710-194653.flac",0,3,"birdnetpi"
9557275166,6891,"2026-07-10T21:46:38.000+02:00",0.72,0.993988573551178,9.23021406900031,"almost_certain","2p4",NA,51.563,6.0038,FALSE,35,"Eurasian Blackbird","Turdus merula","#ff65df","avian","https://media.birdweather.com/species/35/EurasianBlackbird-standard-618b3a5132c7c359fb2a2884c39deb39.jpg","https://media.birdweather.com/species/35/EurasianBlackbird-thumbnail-276878929bed08167d1fd9bf34d63d40.jpg","https://media.birdweather.com/species/35/EurasianBlackbird-png200-ba5a1b43225da4611cac429c52a52c81.png","GfkFFwKRmrx2ZYiaaQe69nlzScn3T7IA",14161604228,"https://media.birdweather.com/soundscapes/6891/6891-20260710-194638.flac",0,3,"birdnetpi"
9557253693,6891,"2026-07-10T21:45:42.000+02:00",0.99,0.876010596752167,9.7390730015898,"almost_certain","2p4",NA,51.5616,6.0081,FALSE,551,"Common Swift","Apus apus","#234bb2","avian","https://media.birdweather.com/species/551/CommonSwift-standard-ba54f84fbd8481b1c0de60654fbd79d5.jpg","https://media.birdweather.com/species/551/CommonSwift-thumbnail-bad1d7e3c141990f11d01e49e9f768ac.jpg","https://media.birdweather.com/species/551/CommonSwift-png200-f52bea49cb0e4232049806bde3e1a401.png","LLYFFwLchWelV5dvsqh1jKZoKJIEMkoA",14161575382,"https://media.birdweather.com/soundscapes/6891/6891-20260710-194542.flac",0,3,"birdnetpi"
9557237497,6891,"2026-07-10T21:45:02.000+02:00",0.99,0.876010596752167,9.7390730015898,"almost_certain","2p4",NA,51.5625,6.0029,FALSE,551,"Common Swift","Apus apus","#234bb2","avian","https://media.birdweather.com/species/551/CommonSwift-standard-ba54f84fbd8481b1c0de60654fbd79d5.jpg","https://media.birdweather.com/species/551/CommonSwift-thumbnail-bad1d7e3c141990f11d01e49e9f768ac.jpg","https://media.birdweather.com/species/551/CommonSwift-png200-f52bea49cb0e4232049806bde3e1a401.png","LLYFFwLchWelV5dvsqh1jKZoKJIEMkoA",14161553265,"https://media.birdweather.com/soundscapes/6891/6891-20260710-194502.flac",0,3,"birdnetpi"
9557228322,6891,"2026-07-10T21:44:24.000+02:00",0.93,0.876010596752167,9.61444166544796,"almost_certain","2p4",NA,51.5619,6.0011,FALSE,551,"Common Swift","Apus apus","#234bb2","avian","https://media.birdweather.com/species/551/CommonSwift-standard-ba54f84fbd8481b1c0de60654fbd79d5.jpg","https://media.birdweather.com/species/551/CommonSwift-thumbnail-bad1d7e3c141990f11d01e49e9f768ac.jpg","https://media.birdweather.com/species/551/CommonSwift-png200-f52bea49cb0e4232049806bde3e1a401.png","LLYFFwLchWelV5dvsqh1jKZoKJIEMkoA",14161540785,"https://media.birdweather.com/soundscapes/6891/6891-20260710-194424.flac",0,3,"birdnetpi"
9557218810,6891,"2026-07-10T21:44:00.000+02:00",1,0.876010596752167,9.75878557189918,"almost_certain","2p4",NA,51.5653,6.002,FALSE,551,"Common Swift","Apus apus","#234bb2","avian","https://media.birdweather.com/species/551/CommonSwift-standard-ba54f84fbd8481b1c0de60654fbd79d5.jpg","https://media.birdweather.com/species/551/CommonSwift-thumbnail-bad1d7e3c141990f11d01e49e9f768ac.jpg","https://media.birdweather.com/species/551/CommonSwift-png200-f52bea49cb0e4232049806bde3e1a401.png","LLYFFwLchWelV5dvsqh1jKZoKJIEMkoA",14161527686,"https://media.birdweather.com/soundscapes/6891/6891-20260710-194400.flac",0,3,"birdnetpi"
9557209821,6891,"2026-07-10T21:43:39.000+02:00",0.98,0.876010596752167,9.71907264638282,"almost_certain","2p4",NA,51.5615,6.0043,FALSE,551,"Common Swift","Apus apus","#234bb2","avian","https://media.birdweather.com/species/551/CommonSwift-standard-ba54f84fbd8481b1c0de60654fbd79d5.jpg","https://media.birdweather.com/species/551/CommonSwift-thumbnail-bad1d7e3c141990f11d01e49e9f768ac.jpg","https://media.birdweather.com/species/551/CommonSwift-png200-f52bea49cb0e4232049806bde3e1a401.png","LLYFFwLchWelV5dvsqh1jKZoKJIEMkoA",14161515728,"https://media.birdweather.com/soundscapes/6891/6891-20260710-194339.flac",0,3,"birdnetpi"
9557205063,6891,"2026-07-10T21:43:27.000+02:00",0.92,0.993988573551178,9.76378079946387,"almost_certain","2p4",NA,51.5655,6.0032,FALSE,35,"Eurasian Blackbird","Turdus merula","#ff65df","avian","https://media.birdweather.com/species/35/EurasianBlackbird-standard-618b3a5132c7c359fb2a2884c39deb39.jpg","https://media.birdweather.com/species/35/EurasianBlackbird-thumbnail-276878929bed08167d1fd9bf34d63d40.jpg","https://media.birdweather.com/species/35/EurasianBlackbird-png200-ba5a1b43225da4611cac429c52a52c81.png","GfkFFwKRmrx2ZYiaaQe69nlzScn3T7IA",14161509162,"https://media.birdweather.com/soundscapes/6891/6891-20260710-194327.flac",0,3,"birdnetpi"
9557203927,6891,"2026-07-10T21:43:17.000+02:00",0.99,0.876010596752167,9.7390730015898,"almost_certain","2p4",NA,51.5641,6.0063,FALSE,551,"Common Swift","Apus apus","#234bb2","avian","https://media.birdweather.com/species/551/CommonSwift-standard-ba54f84fbd8481b1c0de60654fbd79d5.jpg","https://media.birdweather.com/species/551/CommonSwift-thumbnail-bad1d7e3c141990f11d01e49e9f768ac.jpg","https://media.birdweather.com/species/551/CommonSwift-png200-f52bea49cb0e4232049806bde3e1a401.png","LLYFFwLchWelV5dvsqh1jKZoKJIEMkoA",14161507563,"https://media.birdweather.com/soundscapes/6891/6891-20260710-194317.flac",0,3,"birdnetpi"
9557198765,6891,"2026-07-10T21:43:06.000+02:00",0.98,0.993988573551178,9.89033224804336,"almost_certain","2p4",NA,51.5705,6.0017,FALSE,35,"Eurasian Blackbird","Turdus merula","#ff65df","avian","https://media.birdweather.com/species/35/EurasianBlackbird-standard-618b3a5132c7c359fb2a2884c39deb39.jpg","https://media.birdweather.com/species/35/EurasianBlackbird-thumbnail-276878929bed08167d1fd9bf34d63d40.jpg","https://media.birdweather.com/species/35/EurasianBlackbird-png200-ba5a1b43225da4611cac429c52a52c81.png","GfkFFwKRmrx2ZYiaaQe69nlzScn3T7IA",14161500380,"https://media.birdweather.com/soundscapes/6891/6891-20260710-194306.flac",0,3,"birdnetpi"
9557192059,6891,"2026-07-10T21:42:45.000+02:00",0.88,0.993988573551178,9.67241361640069,"almost_certain","2p4",NA,51.5687,6.0081,FALSE,35,"Eurasian Blackbird","Turdus merula","#ff65df","avian","https://media.birdweather.com/species/35/EurasianBlackbird-standard-618b3a5132c7c359fb2a2884c39deb39.jpg","https://media.birdweather.com/species/35/EurasianBlackbird-thumbnail-276878929bed08167d1fd9bf34d63d40.jpg","https://media.birdweather.com/species/35/EurasianBlackbird-png200-ba5a1b43225da4611cac429c52a52c81.png","GfkFFwKRmrx2ZYiaaQe69nlzScn3T7IA",14161491191,"https://media.birdweather.com/soundscapes/6891/6891-20260710-194245.flac",0,3,"birdnetpi"
9557186692,6891,"2026-07-10T21:42:27.000+02:00",1,0.876010596752167,9.75878557189918,"almost_certain","2p4",NA,51.5667,6.0049,FALSE,551,"Common Swift","Apus apus","#234bb2","avian","https://media.birdweather.com/species/551/CommonSwift-standard-ba54f84fbd8481b1c0de60654fbd79d5.jpg","https://media.birdweather.com/species/551/CommonSwift-thumbnail-bad1d7e3c141990f11d01e49e9f768ac.jpg","https://media.birdweather.com/species/551/CommonSwift-png200-f52bea49cb0e4232049806bde3e1a401.png","LLYFFwLchWelV5dvsqh1jKZoKJIEMkoA",14161483881,"https://media.birdweather.com/soundscapes/6891/6891-20260710-194227.flac",0,3,"birdnetpi"
9557184965,6891,"2026-07-10T21:42:21.000+02:00",0.79,0.993988573551178,9.44140050036365,"almost_certain","2p4",NA,51.5677,6.006,FALSE,35,"Eurasian Blackbird","Turdus merula","#ff65df","avian","https://media.birdweather.com/species/35/EurasianBlackbird-standard-618b3a5132c7c359fb2a2884c39deb39.jpg","https://media.birdweather.com/species/35/EurasianBlackbird-thumbnail-276878929bed08167d1fd9bf34d63d40.jpg","https://media.birdweather.com/species/35/EurasianBlackbird-png200-ba5a1b43225da4611cac429c52a52c81.png","GfkFFwKRmrx2ZYiaaQe69nlzScn3T7IA",14161481450,"https://media.birdweather.com/soundscapes/6891/6891-20260710-194221.flac",0,3,"birdnetpi"
9557178137,6891,"2026-07-10T21:42:12.000+02:00",0.99,0.876010596752167,9.7390730015898,"almost_certain","2p4",NA,51.5676,6.0034,FALSE,551,"Common Swift","Apus apus","#234bb2","avian","https://media.birdweather.com/species/551/CommonSwift-standard-ba54f84fbd8481b1c0de60654fbd79d5.jpg","https://media.birdweather.com/species/551/CommonSwift-thumbnail-bad1d7e3c141990f11d01e49e9f768ac.jpg","https://media.birdweather.com/species/551/CommonSwift-png200-f52bea49cb0e4232049806bde3e1a401.png","LLYFFwLchWelV5dvsqh1jKZoKJIEMkoA",14161472361,"https://media.birdweather.com/soundscapes/6891/6891-20260710-194212.flac",0,3,"birdnetpi"
9557179258,6891,"2026-07-10T21:42:05.000+02:00",0.85,0.993988573551178,9.59965315572058,"almost_certain","2p4",NA,51.5623,6.0087,FALSE,35,"Eurasian Blackbird","Turdus merula","#ff65df","avian","https://media.birdweather.com/species/35/EurasianBlackbird-standard-618b3a5132c7c359fb2a2884c39deb39.jpg","https://media.birdweather.com/species/35/EurasianBlackbird-thumbnail-276878929bed08167d1fd9bf34d63d40.jpg","https://media.birdweather.com/species/35/EurasianBlackbird-png200-ba5a1b43225da4611cac429c52a52c81.png","GfkFFwKRmrx2ZYiaaQe69nlzScn3T7IA",14161473722,"https://media.birdweather.com/soundscapes/6891/6891-20260710-194205.flac",0,3,"birdnetpi"
9557172885,6891,"2026-07-10T21:41:54.000+02:00",0.94,0.993988573551178,9.80727651615484,"almost_certain","2p4",NA,51.5685,6.0083,FALSE,35,"Eurasian Blackbird","Turdus merula","#ff65df","avian","https://media.birdweather.com/species/35/EurasianBlackbird-standard-618b3a5132c7c359fb2a2884c39deb39.jpg","https://media.birdweather.com/species/35/EurasianBlackbird-thumbnail-276878929bed08167d1fd9bf34d63d40.jpg","https://media.birdweather.com/species/35/EurasianBlackbird-png200-ba5a1b43225da4611cac429c52a52c81.png","GfkFFwKRmrx2ZYiaaQe69nlzScn3T7IA",14161465085,"https://media.birdweather.com/soundscapes/6891/6891-20260710-194154.flac",0,3,"birdnetpi"
9557160841,6891,"2026-07-10T21:41:21.000+02:00",1,0.876010596752167,9.75878557189918,"almost_certain","2p4",NA,51.5631,6.0093,FALSE,551,"Common Swift","Apus apus","#234bb2","avian","https://media.birdweather.com/species/551/CommonSwift-standard-ba54f84fbd8481b1c0de60654fbd79d5.jpg","https://media.birdweather.com/species/551/CommonSwift-thumbnail-bad1d7e3c141990f11d01e49e9f768ac.jpg","https://media.birdweather.com/species/551/CommonSwift-png200-f52bea49cb0e4232049806bde3e1a401.png","LLYFFwLchWelV5dvsqh1jKZoKJIEMkoA",14161449167,"https://media.birdweather.com/soundscapes/6891/6891-20260710-194121.flac",0,3,"birdnetpi"
9557151202,6891,"2026-07-10T21:40:51.000+02:00",1,0.876010596752167,9.75878557189918,"almost_certain","2p4",NA,51.5656,6.0013,FALSE,551,"Common Swift","Apus apus","#234bb2","avian","https://media.birdweather.com/species/551/CommonSwift-standard-ba54f84fbd8481b1c0de60654fbd79d5.jpg","https://media.birdweather.com/species/551/CommonSwift-thumbnail-bad1d7e3c141990f11d01e49e9f768ac.jpg","https://media.birdweather.com/species/551/CommonSwift-png200-f52bea49cb0e4232049806bde3e1a401.png","LLYFFwLchWelV5dvsqh1jKZoKJIEMkoA",14161436138,"https://media.birdweather.com/soundscapes/6891/6891-20260710-194051.flac",0,3,"birdnetpi"
9557145255,6891,"2026-07-10T21:40:32.000+02:00",0.99,0.993988573551178,9.91033260325034,"almost_certain","2p4",NA,51.5638,6.0077,FALSE,35,"Eurasian Blackbird","Turdus merula","#ff65df","avian","https://media.birdweather.com/species/35/EurasianBlackbird-standard-618b3a5132c7c359fb2a2884c39deb39.jpg","https://media.birdweather.com/species/35/EurasianBlackbird-thumbnail-276878929bed08167d1fd9bf34d63d40.jpg","https://media.birdweather.com/species/35/EurasianBlackbird-png200-ba5a1b43225da4611cac429c52a52c81.png","GfkFFwKRmrx2ZYiaaQe69nlzScn3T7IA",14161428028,"https://media.birdweather.com/soundscapes/6891/6891-20260710-194032.flac",0,3,"birdnetpi"
9557143037,6891,"2026-07-10T21:40:26.000+02:00",0.98,0.876010596752167,9.71907264638282,"almost_certain","2p4",NA,51.5638,6.0045,FALSE,551,"Common Swift","Apus apus","#234bb2","avian","https://media.birdweather.com/species/551/CommonSwift-standard-ba54f84fbd8481b1c0de60654fbd79d5.jpg","https://media.birdweather.com/species/551/CommonSwift-thumbnail-bad1d7e3c141990f11d01e49e9f768ac.jpg","https://media.birdweather.com/species/551/CommonSwift-png200-f52bea49cb0e4232049806bde3e1a401.png","LLYFFwLchWelV5dvsqh1jKZoKJIEMkoA",14161425121,"https://media.birdweather.com/soundscapes/6891/6891-20260710-194026.flac",0,3,"birdnetpi"
9557134408,6891,"2026-07-10T21:40:00.000+02:00",0.99,0.993988573551178,9.91033260325034,"almost_certain","2p4",NA,51.5618,6.0089,FALSE,35,"Eurasian Blackbird","Turdus merula","#ff65df","avian","https://media.birdweather.com/species/35/EurasianBlackbird-standard-618b3a5132c7c359fb2a2884c39deb39.jpg","https://media.birdweather.com/species/35/EurasianBlackbird-thumbnail-276878929bed08167d1fd9bf34d63d40.jpg","https://media.birdweather.com/species/35/EurasianBlackbird-png200-ba5a1b43225da4611cac429c52a52c81.png","GfkFFwKRmrx2ZYiaaQe69nlzScn3T7IA",14161413564,"https://media.birdweather.com/soundscapes/6891/6891-20260710-194000.flac",0,3,"birdnetpi"
9557128509,6891,"2026-07-10T21:39:53.000+02:00",0.99,0.993988573551178,9.91033260325034,"almost_certain","2p4",NA,51.5652,6.0072,FALSE,35,"Eurasian Blackbird","Turdus merula","#ff65df","avian","https://media.birdweather.com/species/35/EurasianBlackbird-standard-618b3a5132c7c359fb2a2884c39deb39.jpg","https://media.birdweather.com/species/35/EurasianBlackbird-thumbnail-276878929bed08167d1fd9bf34d63d40.jpg","https://media.birdweather.com/species/35/EurasianBlackbird-png200-ba5a1b43225da4611cac429c52a52c81.png","GfkFFwKRmrx2ZYiaaQe69nlzScn3T7IA",14161405951,"https://media.birdweather.com/soundscapes/6891/6891-20260710-193953.flac",0,3,"birdnetpi"
9557122211,6891,"2026-07-10T21:39:38.000+02:00",0.97,0.993988573551178,9.87003558051772,"almost_certain","2p4",NA,51.5642,6.0084,FALSE,35,"Eurasian Blackbird","Turdus merula","#ff65df","avian","https://media.birdweather.com/species/35/EurasianBlackbird-standard-618b3a5132c7c359fb2a2884c39deb39.jpg","https://media.birdweather.com/species/35/EurasianBlackbird-thumbnail-276878929bed08167d1fd9bf34d63d40.jpg","https://media.birdweather.com/species/35/EurasianBlackbird-png200-ba5a1b43225da4611cac429c52a52c81.png","GfkFFwKRmrx2ZYiaaQe69nlzScn3T7IA",14161397667,"https://media.birdweather.com/soundscapes/6891/6891-20260710-193938.flac",0,3,"birdnetpi"
9557115394,6891,"2026-07-10T21:39:12.000+02:00",0.97,0.993988573551178,9.87003558051772,"almost_certain","2p4",NA,51.5689,6.0092,FALSE,35,"Eurasian Blackbird","Turdus merula","#ff65df","avian","https://media.birdweather.com/species/35/EurasianBlackbird-standard-618b3a5132c7c359fb2a2884c39deb39.jpg","https://media.birdweather.com/species/35/EurasianBlackbird-thumbnail-276878929bed08167d1fd9bf34d63d40.jpg","https://media.birdweather.com/species/35/EurasianBlackbird-png200-ba5a1b43225da4611cac429c52a52c81.png","GfkFFwKRmrx2ZYiaaQe69nlzScn3T7IA",14161388626,"https://media.birdweather.com/soundscapes/6891/6891-20260710-193912.flac",0,3,"birdnetpi"
9557108886,6891,"2026-07-10T21:38:57.000+02:00",0.99,0.993988573551178,9.91033260325034,"almost_certain","2p4",NA,51.5654,6.0072,FALSE,35,"Eurasian Blackbird","Turdus merula","#ff65df","avian","https://media.birdweather.com/species/35/EurasianBlackbird-standard-618b3a5132c7c359fb2a2884c39deb39.jpg","https://media.birdweather.com/species/35/EurasianBlackbird-thumbnail-276878929bed08167d1fd9bf34d63d40.jpg","https://media.birdweather.com/species/35/EurasianBlackbird-png200-ba5a1b43225da4611cac429c52a52c81.png","GfkFFwKRmrx2ZYiaaQe69nlzScn3T7IA",14161379809,"https://media.birdweather.com/soundscapes/6891/6891-20260710-193857.flac",0,3,"birdnetpi"
9557098360,6891,"2026-07-10T21:38:32.000+02:00",0.96,0.993988573551178,9.8494336885283,"almost_certain","2p4",NA,51.5623,6.0039,FALSE,35,"Eurasian Blackbird","Turdus merula","#ff65df","avian","https://media.birdweather.com/species/35/EurasianBlackbird-standard-618b3a5132c7c359fb2a2884c39deb39.jpg","https://media.birdweather.com/species/35/EurasianBlackbird-thumbnail-276878929bed08167d1fd9bf34d63d40.jpg","https://media.birdweather.com/species/35/EurasianBlackbird-png200-ba5a1b43225da4611cac429c52a52c81.png","GfkFFwKRmrx2ZYiaaQe69nlzScn3T7IA",14161365961,"https://media.birdweather.com/soundscapes/6891/6891-20260710-193832.flac",0,3,"birdnetpi"
9557091500,6891,"2026-07-10T21:38:08.000+02:00",1,0.993988573551178,9.93004517355971,"almost_certain","2p4",NA,51.5616,6.0093,FALSE,35,"Eurasian Blackbird","Turdus merula","#ff65df","avian","https://media.birdweather.com/species/35/EurasianBlackbird-standard-618b3a5132c7c359fb2a2884c39deb39.jpg","https://media.birdweather.com/species/35/EurasianBlackbird-thumbnail-276878929bed08167d1fd9bf34d63d40.jpg","https://media.birdweather.com/species/35/EurasianBlackbird-png200-ba5a1b43225da4611cac429c52a52c81.png","GfkFFwKRmrx2ZYiaaQe69nlzScn3T7IA",14161356821,"https://media.birdweather.com/soundscapes/6891/6891-20260710-193808.flac",0,3,"birdnetpi"
9557083995,6891,"2026-07-10T21:37:45.000+02:00",0.95,0.993988573551178,9.82851725170912,"almost_certain","2p4",NA,51.5617,6.0086,FALSE,35,"Eurasian Blackbird","Turdus merula","#ff65df","avian","https://media.birdweather.com/species/35/EurasianBlackbird-standard-618b3a5132c7c359fb2a2884c39deb39.jpg","https://media.birdweather.com/species/35/EurasianBlackbird-thumbnail-276878929bed08167d1fd9bf34d63d40.jpg","https://media.birdweather.com/species/35/EurasianBlackbird-png200-ba5a1b43225da4611cac429c52a52c81.png","GfkFFwKRmrx2ZYiaaQe69nlzScn3T7IA",14161346691,"https://media.birdweather.com/soundscapes/6891/6891-20260710-193745.flac",0,3,"birdnetpi"
9557077317,6891,"2026-07-10T21:37:23.000+02:00",0.91,0.993988573551178,9.74150388586953,"almost_certain","2p4",NA,51.5624,6.0007,FALSE,35,"Eurasian Blackbird","Turdus merula","#ff65df","avian","https://media.birdweather.com/species/35/EurasianBlackbird-standard-618b3a5132c7c359fb2a2884c39deb39.jpg","https://media.birdweather.com/species/35/EurasianBlackbird-thumbnail-276878929bed08167d1fd9bf34d63d40.jpg","https://media.birdweather.com/species/35/EurasianBlackbird-png200-ba5a1b43225da4611cac429c52a52c81.png","GfkFFwKRmrx2ZYiaaQe69nlzScn3T7IA",14161338040,"https://media.birdweather.com/soundscapes/6891/6891-20260710-193723.flac",0,3,"birdnetpi"
9557071832,6891,"2026-07-10T21:37:08.000+02:00",0.95,0.993988573551178,9.82851725170912,"almost_certain","2p4",NA,51.5675,6.0066,FALSE,35,"Eurasian Blackbird","Turdus merula","#ff65df","avian","https://media.birdweather.com/species/35/EurasianBlackbird-standard-618b3a5132c7c359fb2a2884c39deb39.jpg","https://media.birdweather.com/species/35/EurasianBlackbird-thumbnail-276878929bed08167d1fd9bf34d63d40.jpg","https://media.birdweather.com/species/35/EurasianBlackbird-png200-ba5a1b43225da4611cac429c52a52c81.png","GfkFFwKRmrx2ZYiaaQe69nlzScn3T7IA",14161330802,"https://media.birdweather.com/soundscapes/6891/6891-20260710-193708.flac",0,3,"birdnetpi"
9557060013,6891,"2026-07-10T21:36:42.000+02:00",0.99,0.993988573551178,9.91033260325034,"almost_certain","2p4",NA,51.5649,6.0013,FALSE,35,"Eurasian Blackbird","Turdus merula","#ff65df","avian","https://media.birdweather.com/species/35/EurasianBlackbird-standard-618b3a5132c7c359fb2a2884c39deb39.jpg","https://media.birdweather.com/species/35/EurasianBlackbird-thumbnail-276878929bed08167d1fd9bf34d63d40.jpg","https://media.birdweather.com/species/35/EurasianBlackbird-png200-ba5a1b43225da4611cac429c52a52c81.png","GfkFFwKRmrx2ZYiaaQe69nlzScn3T7IA",14161314971,"https://media.birdweather.com/soundscapes/6891/6891-20260710-193642.flac",0,3,"birdnetpi"
9557053512,6891,"2026-07-10T21:36:17.000+02:00",1,0.993988573551178,9.93004517355971,"almost_certain","2p4",NA,51.5685,6.0035,FALSE,35,"Eurasian Blackbird","Turdus merula","#ff65df","avian","https://media.birdweather.com/species/35/EurasianBlackbird-standard-618b3a5132c7c359fb2a2884c39deb39.jpg","https://media.birdweather.com/species/35/EurasianBlackbird-thumbnail-276878929bed08167d1fd9bf34d63d40.jpg","https://media.birdweather.com/species/35/EurasianBlackbird-png200-ba5a1b43225da4611cac429c52a52c81.png","GfkFFwKRmrx2ZYiaaQe69nlzScn3T7IA",14161306309,"https://media.birdweather.com/soundscapes/6891/6891-20260710-193617.flac",0,3,"birdnetpi"
9557047993,6891,"2026-07-10T21:36:11.000+02:00",0.98,0.993988573551178,9.89033224804336,"almost_certain","2p4",NA,51.5648,6.0076,FALSE,35,"Eurasian Blackbird","Turdus merula","#ff65df","avian","https://media.birdweather.com/species/35/EurasianBlackbird-standard-618b3a5132c7c359fb2a2884c39deb39.jpg","https://media.birdweather.com/species/35/EurasianBlackbird-thumbnail-276878929bed08167d1fd9bf34d63d40.jpg","https://media.birdweather.com/species/35/EurasianBlackbird-png200-ba5a1b43225da4611cac429c52a52c81.png","GfkFFwKRmrx2ZYiaaQe69nlzScn3T7IA",14161299166,"https://media.birdweather.com/soundscapes/6891/6891-20260710-193611.flac",0,3,"birdnetpi"
9557041380,6891,"2026-07-10T21:35:45.000+02:00",0.99,0.993988573551178,9.91033260325034,"almost_certain","2p4",NA,51.5629,6.0038,FALSE,35,"Eurasian Blackbird","Turdus merula","#ff65df","avian","https://media.birdweather.com/species/35/EurasianBlackbird-standard-618b3a5132c7c359fb2a2884c39deb39.jpg","https://media.birdweather.com/species/35/EurasianBlackbird-thumbnail-276878929bed08167d1fd9bf34d63d40.jpg","https://media.birdweather.com/species/35/EurasianBlackbird-png200-ba5a1b43225da4611cac429c52a52c81.png","GfkFFwKRmrx2ZYiaaQe69nlzScn3T7IA",14161290517,"https://media.birdweather.com/soundscapes/6891/6891-20260710-193545.flac",0,3,"birdnetpi"
9557040355,6891,"2026-07-10T21:35:42.000+02:00",0.96,0.876010596752167,9.67817408686776,"almost_certain","2p4",NA,51.5615,6.0037,FALSE,551,"Common Swift","Apus apus","#234bb2","avian","https://media.birdweather.com/species/551/CommonSwift-standard-ba54f84fbd8481b1c0de60654fbd79d5.jpg","https://media.birdweather.com/species/551/CommonSwift-thumbnail-bad1d7e3c141990f11d01e49e9f768ac.jpg","https://media.birdweather.com/species/551/CommonSwift-png200-f52bea49cb0e4232049806bde3e1a401.png","LLYFFwLchWelV5dvsqh1jKZoKJIEMkoA",14161289060,"https://media.birdweather.com/soundscapes/6891/6891-20260710-193542.flac",0,3,"birdnetpi"
9557031914,6891,"2026-07-10T21:35:23.000+02:00",0.98,0.993988573551178,9.89033224804336,"almost_certain","2p4",NA,51.567,6.0059,FALSE,35,"Eurasian Blackbird","Turdus merula","#ff65df","avian","https://media.birdweather.com/species/35/EurasianBlackbird-standard-618b3a5132c7c359fb2a2884c39deb39.jpg","https://media.birdweather.com/species/35/EurasianBlackbird-thumbnail-276878929bed08167d1fd9bf34d63d40.jpg","https://media.birdweather.com/species/35/EurasianBlackbird-png200-ba5a1b43225da4611cac429c52a52c81.png","GfkFFwKRmrx2ZYiaaQe69nlzScn3T7IA",14161277511,"https://media.birdweather.com/soundscapes/6891/6891-20260710-193523.flac",0,3,"birdnetpi"
9557025850,6891,"2026-07-10T21:35:11.000+02:00",0.99,0.993988573551178,9.91033260325034,"almost_certain","2p4",NA,51.5651,6.0015,FALSE,35,"Eurasian Blackbird","Turdus merula","#ff65df","avian","https://media.birdweather.com/species/35/EurasianBlackbird-standard-618b3a5132c7c359fb2a2884c39deb39.jpg","https://media.birdweather.com/species/35/EurasianBlackbird-thumbnail-276878929bed08167d1fd9bf34d63d40.jpg","https://media.birdweather.com/species/35/EurasianBlackbird-png200-ba5a1b43225da4611cac429c52a52c81.png","GfkFFwKRmrx2ZYiaaQe69nlzScn3T7IA",14161269372,"https://media.birdweather.com/soundscapes/6891/6891-20260710-193511.flac",0,3,"birdnetpi"
9557020175,6891,"2026-07-10T21:34:50.000+02:00",0.97,0.993988573551178,9.87003558051772,"almost_certain","2p4",NA,51.5666,6.0019,FALSE,35,"Eurasian Blackbird","Turdus merula","#ff65df","avian","https://media.birdweather.com/species/35/EurasianBlackbird-standard-618b3a5132c7c359fb2a2884c39deb39.jpg","https://media.birdweather.com/species/35/EurasianBlackbird-thumbnail-276878929bed08167d1fd9bf34d63d40.jpg","https://media.birdweather.com/species/35/EurasianBlackbird-png200-ba5a1b43225da4611cac429c52a52c81.png","GfkFFwKRmrx2ZYiaaQe69nlzScn3T7IA",14161262111,"https://media.birdweather.com/soundscapes/6891/6891-20260710-193450.flac",0,3,"birdnetpi"
9557010681,6891,"2026-07-10T21:34:27.000+02:00",0.99,0.993988573551178,9.91033260325034,"almost_certain","2p4",NA,51.5679,6.0081,FALSE,35,"Eurasian Blackbird","Turdus merula","#ff65df","avian","https://media.birdweather.com/species/35/EurasianBlackbird-standard-618b3a5132c7c359fb2a2884c39deb39.jpg","https://media.birdweather.com/species/35/EurasianBlackbird-thumbnail-276878929bed08167d1fd9bf34d63d40.jpg","https://media.birdweather.com/species/35/EurasianBlackbird-png200-ba5a1b43225da4611cac429c52a52c81.png","GfkFFwKRmrx2ZYiaaQe69nlzScn3T7IA",14161249162,"https://media.birdweather.com/soundscapes/6891/6891-20260710-193427.flac",0,3,"birdnetpi"
9556995258,6891,"2026-07-10T21:33:43.000+02:00",0.99,0.993988573551178,9.91033260325034,"almost_certain","2p4",NA,51.5644,6.0052,FALSE,35,"Eurasian Blackbird","Turdus merula","#ff65df","avian","https://media.birdweather.com/species/35/EurasianBlackbird-standard-618b3a5132c7c359fb2a2884c39deb39.jpg","https://media.birdweather.com/species/35/EurasianBlackbird-thumbnail-276878929bed08167d1fd9bf34d63d40.jpg","https://media.birdweather.com/species/35/EurasianBlackbird-png200-ba5a1b43225da4611cac429c52a52c81.png","GfkFFwKRmrx2ZYiaaQe69nlzScn3T7IA",14161228804,"https://media.birdweather.com/soundscapes/6891/6891-20260710-193343.flac",0,3,"birdnetpi"
9556985347,6891,"2026-07-10T21:33:11.000+02:00",0.98,0.993988573551178,9.89033224804336,"almost_certain","2p4",NA,51.5616,6.0071,FALSE,35,"Eurasian Blackbird","Turdus merula","#ff65df","avian","https://media.birdweather.com/species/35/EurasianBlackbird-standard-618b3a5132c7c359fb2a2884c39deb39.jpg","https://media.birdweather.com/species/35/EurasianBlackbird-thumbnail-276878929bed08167d1fd9bf34d63d40.jpg","https://media.birdweather.com/species/35/EurasianBlackbird-png200-ba5a1b43225da4611cac429c52a52c81.png","GfkFFwKRmrx2ZYiaaQe69nlzScn3T7IA",14161215771,"https://media.birdweather.com/soundscapes/6891/6891-20260710-193311.flac",0,3,"birdnetpi"
9556974930,6891,"2026-07-10T21:32:51.000+02:00",0.98,0.993988573551178,9.89033224804336,"almost_certain","2p4",NA,51.5682,6.0053,FALSE,35,"Eurasian Blackbird","Turdus merula","#ff65df","avian","https://media.birdweather.com/species/35/EurasianBlackbird-standard-618b3a5132c7c359fb2a2884c39deb39.jpg","https://media.birdweather.com/species/35/EurasianBlackbird-thumbnail-276878929bed08167d1fd9bf34d63d40.jpg","https://media.birdweather.com/species/35/EurasianBlackbird-png200-ba5a1b43225da4611cac429c52a52c81.png","GfkFFwKRmrx2ZYiaaQe69nlzScn3T7IA",14161202254,"https://media.birdweather.com/soundscapes/6891/6891-20260710-193251.flac",0,3,"birdnetpi"
9556965111,6891,"2026-07-10T21:32:26.000+02:00",1,0.993988573551178,9.93004517355971,"almost_certain","2p4",NA,51.563,6.0058,FALSE,35,"Eurasian Blackbird","Turdus merula","#ff65df","avian","https://media.birdweather.com/species/35/EurasianBlackbird-standard-618b3a5132c7c359fb2a2884c39deb39.jpg","https://media.birdweather.com/species/35/EurasianBlackbird-thumbnail-276878929bed08167d1fd9bf34d63d40.jpg","https://media.birdweather.com/species/35/EurasianBlackbird-png200-ba5a1b43225da4611cac429c52a52c81.png","GfkFFwKRmrx2ZYiaaQe69nlzScn3T7IA",14161189333,"https://media.birdweather.com/soundscapes/6891/6891-20260710-193226.flac",0,3,"birdnetpi"
9556960615,6891,"2026-07-10T21:32:03.000+02:00",0.99,0.876010596752167,9.7390730015898,"almost_certain","2p4",NA,51.5663,6.0014,FALSE,551,"Common Swift","Apus apus","#234bb2","avian","https://media.birdweather.com/species/551/CommonSwift-standard-ba54f84fbd8481b1c0de60654fbd79d5.jpg","https://media.birdweather.com/species/551/CommonSwift-thumbnail-bad1d7e3c141990f11d01e49e9f768ac.jpg","https://media.birdweather.com/species/551/CommonSwift-png200-f52bea49cb0e4232049806bde3e1a401.png","LLYFFwLchWelV5dvsqh1jKZoKJIEMkoA",14161183547,"https://media.birdweather.com/soundscapes/6891/6891-20260710-193203.flac",0,3,"birdnetpi"
9556953045,6891,"2026-07-10T21:31:48.000+02:00",0.99,0.993988573551178,9.91033260325034,"almost_certain","2p4",NA,51.57,6.0056,FALSE,35,"Eurasian Blackbird","Turdus merula","#ff65df","avian","https://media.birdweather.com/species/35/EurasianBlackbird-standard-618b3a5132c7c359fb2a2884c39deb39.jpg","https://media.birdweather.com/species/35/EurasianBlackbird-thumbnail-276878929bed08167d1fd9bf34d63d40.jpg","https://media.birdweather.com/species/35/EurasianBlackbird-png200-ba5a1b43225da4611cac429c52a52c81.png","GfkFFwKRmrx2ZYiaaQe69nlzScn3T7IA",14161173386,"https://media.birdweather.com/soundscapes/6891/6891-20260710-193148.flac",0,3,"birdnetpi"
9556942665,6891,"2026-07-10T21:31:18.000+02:00",1,0.993988573551178,9.93004517355971,"almost_certain","2p4",NA,51.5672,6.0078,FALSE,35,"Eurasian Blackbird","Turdus merula","#ff65df","avian","https://media.birdweather.com/species/35/EurasianBlackbird-standard-618b3a5132c7c359fb2a2884c39deb39.jpg","https://media.birdweather.com/species/35/EurasianBlackbird-thumbnail-276878929bed08167d1fd9bf34d63d40.jpg","https://media.birdweather.com/species/35/EurasianBlackbird-png200-ba5a1b43225da4611cac429c52a52c81.png","GfkFFwKRmrx2ZYiaaQe69nlzScn3T7IA",14161159490,"https://media.birdweather.com/soundscapes/6891/6891-20260710-193118.flac",0,3,"birdnetpi"
9556937115,6891,"2026-07-10T21:31:06.000+02:00",0.98,0.993988573551178,9.89033224804336,"almost_certain","2p4",NA,51.5673,6.0066,FALSE,35,"Eurasian Blackbird","Turdus merula","#ff65df","avian","https://media.birdweather.com/species/35/EurasianBlackbird-standard-618b3a5132c7c359fb2a2884c39deb39.jpg","https://media.birdweather.com/species/35/EurasianBlackbird-thumbnail-276878929bed08167d1fd9bf34d63d40.jpg","https://media.birdweather.com/species/35/EurasianBlackbird-png200-ba5a1b43225da4611cac429c52a52c81.png","GfkFFwKRmrx2ZYiaaQe69nlzScn3T7IA",14161152256,"https://media.birdweather.com/soundscapes/6891/6891-20260710-193106.flac",0,3,"birdnetpi"
9556930997,6891,"2026-07-10T21:30:44.000+02:00",0.98,0.993988573551178,9.89033224804336,"almost_certain","2p4",NA,51.5622,6.0005,FALSE,35,"Eurasian Blackbird","Turdus merula","#ff65df","avian","https://media.birdweather.com/species/35/EurasianBlackbird-standard-618b3a5132c7c359fb2a2884c39deb39.jpg","https://media.birdweather.com/species/35/EurasianBlackbird-thumbnail-276878929bed08167d1fd9bf34d63d40.jpg","https://media.birdweather.com/species/35/EurasianBlackbird-png200-ba5a1b43225da4611cac429c52a52c81.png","GfkFFwKRmrx2ZYiaaQe69nlzScn3T7IA",14161144460,"https://media.birdweather.com/soundscapes/6891/6891-20260710-193044.flac",0,3,"birdnetpi"
9556922062,6891,"2026-07-10T21:30:17.000+02:00",1,0.876010596752167,9.75878557189918,"almost_certain","2p4",NA,51.5674,6.0075,FALSE,551,"Common Swift","Apus apus","#234bb2","avian","https://media.birdweather.com/species/551/CommonSwift-standard-ba54f84fbd8481b1c0de60654fbd79d5.jpg","https://media.birdweather.com/species/551/CommonSwift-thumbnail-bad1d7e3c141990f11d01e49e9f768ac.jpg","https://media.birdweather.com/species/551/CommonSwift-png200-f52bea49cb0e4232049806bde3e1a401.png","LLYFFwLchWelV5dvsqh1jKZoKJIEMkoA",14161132955,"https://media.birdweather.com/soundscapes/6891/6891-20260710-193017.flac",0,3,"birdnetpi"
9556920984,6891,"2026-07-10T21:30:14.000+02:00",0.84,0.993988573551178,9.57451483574515,"almost_certain","2p4",NA,51.5633,6.008,FALSE,35,"Eurasian Blackbird","Turdus merula","#ff65df","avian","https://media.birdweather.com/species/35/EurasianBlackbird-standard-618b3a5132c7c359fb2a2884c39deb39.jpg","https://media.birdweather.com/species/35/EurasianBlackbird-thumbnail-276878929bed08167d1fd9bf34d63d40.jpg","https://media.birdweather.com/species/35/EurasianBlackbird-png200-ba5a1b43225da4611cac429c52a52c81.png","GfkFFwKRmrx2ZYiaaQe69nlzScn3T7IA",14161131457,"https://media.birdweather.com/soundscapes/6891/6891-20260710-193014.flac",0,3,"birdnetpi"
9556912341,6891,"2026-07-10T21:29:57.000+02:00",1,0.876010596752167,9.75878557189918,"almost_certain","2p4",NA,51.57,6.0038,FALSE,551,"Common Swift","Apus apus","#234bb2","avian","https://media.birdweather.com/species/551/CommonSwift-standard-ba54f84fbd8481b1c0de60654fbd79d5.jpg","https://media.birdweather.com/species/551/CommonSwift-thumbnail-bad1d7e3c141990f11d01e49e9f768ac.jpg","https://media.birdweather.com/species/551/CommonSwift-png200-f52bea49cb0e4232049806bde3e1a401.png","LLYFFwLchWelV5dvsqh1jKZoKJIEMkoA",14161119899,"https://media.birdweather.com/soundscapes/6891/6891-20260710-192957.flac",0,3,"birdnetpi"
9556903533,6891,"2026-07-10T21:29:35.000+02:00",0.96,0.993988573551178,9.8494336885283,"almost_certain","2p4",NA,51.568,6.0031,FALSE,35,"Eurasian Blackbird","Turdus merula","#ff65df","avian","https://media.birdweather.com/species/35/EurasianBlackbird-standard-618b3a5132c7c359fb2a2884c39deb39.jpg","https://media.birdweather.com/species/35/EurasianBlackbird-thumbnail-276878929bed08167d1fd9bf34d63d40.jpg","https://media.birdweather.com/species/35/EurasianBlackbird-png200-ba5a1b43225da4611cac429c52a52c81.png","GfkFFwKRmrx2ZYiaaQe69nlzScn3T7IA",14161108369,"https://media.birdweather.com/soundscapes/6891/6891-20260710-192935.flac",0,3,"birdnetpi"
9556885930,6891,"2026-07-10T21:28:38.000+02:00",0.99,0.993988573551178,9.91033260325034,"almost_certain","2p4",NA,51.57,6.0045,FALSE,35,"Eurasian Blackbird","Turdus merula","#ff65df","avian","https://media.birdweather.com/species/35/EurasianBlackbird-standard-618b3a5132c7c359fb2a2884c39deb39.jpg","https://media.birdweather.com/species/35/EurasianBlackbird-thumbnail-276878929bed08167d1fd9bf34d63d40.jpg","https://media.birdweather.com/species/35/EurasianBlackbird-png200-ba5a1b43225da4611cac429c52a52c81.png","GfkFFwKRmrx2ZYiaaQe69nlzScn3T7IA",14161085194,"https://media.birdweather.com/soundscapes/6891/6891-20260710-192838.flac",0,3,"birdnetpi"
9556874979,6891,"2026-07-10T21:28:09.000+02:00",0.97,0.993988573551178,9.87003558051772,"almost_certain","2p4",NA,51.5659,6.0034,FALSE,35,"Eurasian Blackbird","Turdus merula","#ff65df","avian","https://media.birdweather.com/species/35/EurasianBlackbird-standard-618b3a5132c7c359fb2a2884c39deb39.jpg","https://media.birdweather.com/species/35/EurasianBlackbird-thumbnail-276878929bed08167d1fd9bf34d63d40.jpg","https://media.birdweather.com/species/35/EurasianBlackbird-png200-ba5a1b43225da4611cac429c52a52c81.png","GfkFFwKRmrx2ZYiaaQe69nlzScn3T7IA",14161070719,"https://media.birdweather.com/soundscapes/6891/6891-20260710-192809.flac",0,3,"birdnetpi"
9556865301,6891,"2026-07-10T21:27:53.000+02:00",0.99,0.993988573551178,9.91033260325034,"almost_certain","2p4",NA,51.5666,6.0049,FALSE,35,"Eurasian Blackbird","Turdus merula","#ff65df","avian","https://media.birdweather.com/species/35/EurasianBlackbird-standard-618b3a5132c7c359fb2a2884c39deb39.jpg","https://media.birdweather.com/species/35/EurasianBlackbird-thumbnail-276878929bed08167d1fd9bf34d63d40.jpg","https://media.birdweather.com/species/35/EurasianBlackbird-png200-ba5a1b43225da4611cac429c52a52c81.png","GfkFFwKRmrx2ZYiaaQe69nlzScn3T7IA",14161057705,"https://media.birdweather.com/soundscapes/6891/6891-20260710-192753.flac",0,3,"birdnetpi"
9556867560,6891,"2026-07-10T21:27:47.000+02:00",0.99,0.876010596752167,9.7390730015898,"almost_certain","2p4",NA,51.5629,6.0051,FALSE,551,"Common Swift","Apus apus","#234bb2","avian","https://media.birdweather.com/species/551/CommonSwift-standard-ba54f84fbd8481b1c0de60654fbd79d5.jpg","https://media.birdweather.com/species/551/CommonSwift-thumbnail-bad1d7e3c141990f11d01e49e9f768ac.jpg","https://media.birdweather.com/species/551/CommonSwift-png200-f52bea49cb0e4232049806bde3e1a401.png","LLYFFwLchWelV5dvsqh1jKZoKJIEMkoA",14161060622,"https://media.birdweather.com/soundscapes/6891/6891-20260710-192747.flac",0,3,"birdnetpi"
9556858153,6891,"2026-07-10T21:27:29.000+02:00",1,0.993988573551178,9.93004517355971,"almost_certain","2p4",NA,51.5665,6.008,FALSE,35,"Eurasian Blackbird","Turdus merula","#ff65df","avian","https://media.birdweather.com/species/35/EurasianBlackbird-standard-618b3a5132c7c359fb2a2884c39deb39.jpg","https://media.birdweather.com/species/35/EurasianBlackbird-thumbnail-276878929bed08167d1fd9bf34d63d40.jpg","https://media.birdweather.com/species/35/EurasianBlackbird-png200-ba5a1b43225da4611cac429c52a52c81.png","GfkFFwKRmrx2ZYiaaQe69nlzScn3T7IA",14161048186,"https://media.birdweather.com/soundscapes/6891/6891-20260710-192729.flac",0,3,"birdnetpi"
9556848168,6891,"2026-07-10T21:27:02.000+02:00",0.91,0.993988573551178,9.74150388586953,"almost_certain","2p4",NA,51.5648,6.0067,FALSE,35,"Eurasian Blackbird","Turdus merula","#ff65df","avian","https://media.birdweather.com/species/35/EurasianBlackbird-standard-618b3a5132c7c359fb2a2884c39deb39.jpg","https://media.birdweather.com/species/35/EurasianBlackbird-thumbnail-276878929bed08167d1fd9bf34d63d40.jpg","https://media.birdweather.com/species/35/EurasianBlackbird-png200-ba5a1b43225da4611cac429c52a52c81.png","GfkFFwKRmrx2ZYiaaQe69nlzScn3T7IA",14161034639,"https://media.birdweather.com/soundscapes/6891/6891-20260710-192702.flac",0,3,"birdnetpi"
9556842052,6891,"2026-07-10T21:26:39.000+02:00",0.99,0.993988573551178,9.91033260325034,"almost_certain","2p4",NA,51.5691,6.0037,FALSE,35,"Eurasian Blackbird","Turdus merula","#ff65df","avian","https://media.birdweather.com/species/35/EurasianBlackbird-standard-618b3a5132c7c359fb2a2884c39deb39.jpg","https://media.birdweather.com/species/35/EurasianBlackbird-thumbnail-276878929bed08167d1fd9bf34d63d40.jpg","https://media.birdweather.com/species/35/EurasianBlackbird-png200-ba5a1b43225da4611cac429c52a52c81.png","GfkFFwKRmrx2ZYiaaQe69nlzScn3T7IA",14161026477,"https://media.birdweather.com/soundscapes/6891/6891-20260710-192639.flac",0,3,"birdnetpi"
9556839964,6891,"2026-07-10T21:26:30.000+02:00",0.83,0.799220323562622,9.25344597635432,"almost_certain","2p4",NA,51.5654,6.0091,FALSE,5,"Eurasian Wren","Troglodytes troglodytes","#871aa2","avian","https://media.birdweather.com/species/5/EurasianWren-standard-9c09f98281df1112cec97e5b2520b7ac.jpg","https://media.birdweather.com/species/5/EurasianWren-thumbnail-7ee2ceda5807a63f70243cd666e8e3c8.jpg","https://media.birdweather.com/species/5/EurasianWren-png200-a33056cab50c84c6025cfd25b6f18c19.png","JwgGDwDcVHlfhXmJhXiXWJiJaEAXA5IC",14161023648,"https://media.birdweather.com/soundscapes/6891/6891-20260710-192630.flac",0,3,"birdnetpi"
9556830221,6891,"2026-07-10T21:26:03.000+02:00",0.91,0.993988573551178,9.74150388586953,"almost_certain","2p4",NA,51.5625,6.0041,FALSE,35,"Eurasian Blackbird","Turdus merula","#ff65df","avian","https://media.birdweather.com/species/35/EurasianBlackbird-standard-618b3a5132c7c359fb2a2884c39deb39.jpg","https://media.birdweather.com/species/35/EurasianBlackbird-thumbnail-276878929bed08167d1fd9bf34d63d40.jpg","https://media.birdweather.com/species/35/EurasianBlackbird-png200-ba5a1b43225da4611cac429c52a52c81.png","GfkFFwKRmrx2ZYiaaQe69nlzScn3T7IA",14161010563,"https://media.birdweather.com/soundscapes/6891/6891-20260710-192603.flac",0,3,"birdnetpi"
9556823874,6891,"2026-07-10T21:25:47.000+02:00",0.95,0.799220323562622,9.53305661454494,"almost_certain","2p4",NA,51.5658,6.0055,FALSE,5,"Eurasian Wren","Troglodytes troglodytes","#871aa2","avian","https://media.birdweather.com/species/5/EurasianWren-standard-9c09f98281df1112cec97e5b2520b7ac.jpg","https://media.birdweather.com/species/5/EurasianWren-thumbnail-7ee2ceda5807a63f70243cd666e8e3c8.jpg","https://media.birdweather.com/species/5/EurasianWren-png200-a33056cab50c84c6025cfd25b6f18c19.png","JwgGDwDcVHlfhXmJhXiXWJiJaEAXA5IC",14161001921,"https://media.birdweather.com/soundscapes/6891/6891-20260710-192547.flac",0,3,"birdnetpi"
9556807400,6891,"2026-07-10T21:25:00.000+02:00",0.99,0.159493267536163,7.47320848674066,"almost_certain","2p4",NA,51.5615,6.0005,FALSE,143,"Eurasian Oystercatcher","Haematopus ostralegus","#ca8600","avian","https://media.birdweather.com/species/143/EurasianOystercatcher-standard-de054f6108c9ec46b2430e18a3a05899.jpg","https://media.birdweather.com/species/143/EurasianOystercatcher-thumbnail-30dda908d192acf9a6ba366e2d58599a.jpg","https://media.birdweather.com/species/143/EurasianOystercatcher-png200-eaade4c821880831fc0130856cf4cad3.png","3vcRFwKHd4mAiHeCdth4eIeIhYD5CocK",14160979826,"https://media.birdweather.com/soundscapes/6891/6891-20260710-192500.flac",0,3,"birdnetpi"
9556803102,6891,"2026-07-10T21:24:47.000+02:00",0.87,0.799220323562622,9.35312629172125,"almost_certain","2p4",NA,51.566,6.0067,FALSE,5,"Eurasian Wren","Troglodytes troglodytes","#871aa2","avian","https://media.birdweather.com/species/5/EurasianWren-standard-9c09f98281df1112cec97e5b2520b7ac.jpg","https://media.birdweather.com/species/5/EurasianWren-thumbnail-7ee2ceda5807a63f70243cd666e8e3c8.jpg","https://media.birdweather.com/species/5/EurasianWren-png200-a33056cab50c84c6025cfd25b6f18c19.png","JwgGDwDcVHlfhXmJhXiXWJiJaEAXA5IC",14160974019,"https://media.birdweather.com/soundscapes/6891/6891-20260710-192447.flac",0,3,"birdnetpi"
9556774194,6891,"2026-07-10T21:23:26.000+02:00",0.7,0.799220323562622,8.867910906924,"almost_certain","2p4",NA,51.5676,6.0042,FALSE,5,"Eurasian Wren","Troglodytes troglodytes","#871aa2","avian","https://media.birdweather.com/species/5/EurasianWren-standard-9c09f98281df1112cec97e5b2520b7ac.jpg","https://media.birdweather.com/species/5/EurasianWren-thumbnail-7ee2ceda5807a63f70243cd666e8e3c8.jpg","https://media.birdweather.com/species/5/EurasianWren-png200-a33056cab50c84c6025cfd25b6f18c19.png","JwgGDwDcVHlfhXmJhXiXWJiJaEAXA5IC",14160934825,"https://media.birdweather.com/soundscapes/6891/6891-20260710-192326.flac",0,3,"birdnetpi"
9556765900,6891,"2026-07-10T21:23:03.000+02:00",0.93,0.660715103149414,9.23305496975486,"almost_certain","2p4",NA,51.5654,6.0038,FALSE,119,"Common House-Martin","Delichon urbicum","#53b1ff","avian","https://media.birdweather.com/species/119/CommonHouse-Martin-standard-9ffbcc688c51210fb136a162c84d82ad.jpg","https://media.birdweather.com/species/119/CommonHouse-Martin-thumbnail-dd7059ca6235347c3097e7a66f04df95.jpg","https://media.birdweather.com/species/119/CommonHouse-Martin-png200-a73a8953ce2af50676da81e70b2746b2.png","YhgKDwKJd4iIiHd/h5h5d4mIeQqVllAH",14160923718,"https://media.birdweather.com/soundscapes/6891/6891-20260710-192303.flac",0,3,"birdnetpi"
9556741389,6891,"2026-07-10T21:21:54.000+02:00",0.83,0.993988573551178,9.5489066135185,"almost_certain","2p4",NA,51.5667,6.0065,FALSE,35,"Eurasian Blackbird","Turdus merula","#ff65df","avian","https://media.birdweather.com/species/35/EurasianBlackbird-standard-618b3a5132c7c359fb2a2884c39deb39.jpg","https://media.birdweather.com/species/35/EurasianBlackbird-thumbnail-276878929bed08167d1fd9bf34d63d40.jpg","https://media.birdweather.com/species/35/EurasianBlackbird-png200-ba5a1b43225da4611cac429c52a52c81.png","GfkFFwKRmrx2ZYiaaQe69nlzScn3T7IA",14160890458,"https://media.birdweather.com/soundscapes/6891/6891-20260710-192154.flac",0,3,"birdnetpi"
9556735697,6891,"2026-07-10T21:21:38.000+02:00",0.74,0.993988573551178,9.29394649042011,"almost_certain","2p4",NA,51.5632,6.0075,FALSE,35,"Eurasian Blackbird","Turdus merula","#ff65df","avian","https://media.birdweather.com/species/35/EurasianBlackbird-standard-618b3a5132c7c359fb2a2884c39deb39.jpg","https://media.birdweather.com/species/35/EurasianBlackbird-thumbnail-276878929bed08167d1fd9bf34d63d40.jpg","https://media.birdweather.com/species/35/EurasianBlackbird-png200-ba5a1b43225da4611cac429c52a52c81.png","GfkFFwKRmrx2ZYiaaQe69nlzScn3T7IA",14160882708,"https://media.birdweather.com/soundscapes/6891/6891-20260710-192138.flac",0,3,"birdnetpi"
9556728582,6891,"2026-07-10T21:21:18.000+02:00",0.76,0.660715103149414,8.80219910778852,"almost_certain","2p4",NA,51.5681,6.0052,FALSE,119,"Common House-Martin","Delichon urbicum","#53b1ff","avian","https://media.birdweather.com/species/119/CommonHouse-Martin-standard-9ffbcc688c51210fb136a162c84d82ad.jpg","https://media.birdweather.com/species/119/CommonHouse-Martin-thumbnail-dd7059ca6235347c3097e7a66f04df95.jpg","https://media.birdweather.com/species/119/CommonHouse-Martin-png200-a73a8953ce2af50676da81e70b2746b2.png","YhgKDwKJd4iIiHd/h5h5d4mIeQqVllAH",14160873130,"https://media.birdweather.com/soundscapes/6891/6891-20260710-192118.flac",0,3,"birdnetpi"
9556722851,6891,"2026-07-10T21:21:02.000+02:00",0.87,0.993988573551178,9.64858692888543,"almost_certain","2p4",NA,51.5648,6.0092,FALSE,35,"Eurasian Blackbird","Turdus merula","#ff65df","avian","https://media.birdweather.com/species/35/EurasianBlackbird-standard-618b3a5132c7c359fb2a2884c39deb39.jpg","https://media.birdweather.com/species/35/EurasianBlackbird-thumbnail-276878929bed08167d1fd9bf34d63d40.jpg","https://media.birdweather.com/species/35/EurasianBlackbird-png200-ba5a1b43225da4611cac429c52a52c81.png","GfkFFwKRmrx2ZYiaaQe69nlzScn3T7IA",14160865358,"https://media.birdweather.com/soundscapes/6891/6891-20260710-192102.flac",0,3,"birdnetpi"
9556720677,6891,"2026-07-10T21:20:57.000+02:00",0.92,0.876010596752167,9.59252119780333,"almost_certain","2p4",NA,51.5656,6.0031,FALSE,551,"Common Swift","Apus apus","#234bb2","avian","https://media.birdweather.com/species/551/CommonSwift-standard-ba54f84fbd8481b1c0de60654fbd79d5.jpg","https://media.birdweather.com/species/551/CommonSwift-thumbnail-bad1d7e3c141990f11d01e49e9f768ac.jpg","https://media.birdweather.com/species/551/CommonSwift-png200-f52bea49cb0e4232049806bde3e1a401.png","LLYFFwLchWelV5dvsqh1jKZoKJIEMkoA",14160862469,"https://media.birdweather.com/soundscapes/6891/6891-20260710-192057.flac",0,3,"birdnetpi"
9556713478,6891,"2026-07-10T21:20:38.000+02:00",0.97,0.159493267536163,7.43291146400804,"almost_certain","2p4",NA,51.5696,6.0016,FALSE,143,"Eurasian Oystercatcher","Haematopus ostralegus","#ca8600","avian","https://media.birdweather.com/species/143/EurasianOystercatcher-standard-de054f6108c9ec46b2430e18a3a05899.jpg","https://media.birdweather.com/species/143/EurasianOystercatcher-thumbnail-30dda908d192acf9a6ba366e2d58599a.jpg","https://media.birdweather.com/species/143/EurasianOystercatcher-png200-eaade4c821880831fc0130856cf4cad3.png","3vcRFwKHd4mAiHeCdth4eIeIhYD5CocK",14160852855,"https://media.birdweather.com/soundscapes/6891/6891-20260710-192038.flac",0,3,"birdnetpi"
9556688213,6891,"2026-07-10T21:19:33.000+02:00",0.85,0.159493267536163,7.1625290392109,"almost_certain","2p4",NA,51.5656,6.0027,FALSE,143,"Eurasian Oystercatcher","Haematopus ostralegus","#ca8600","avian","https://media.birdweather.com/species/143/EurasianOystercatcher-standard-de054f6108c9ec46b2430e18a3a05899.jpg","https://media.birdweather.com/species/143/EurasianOystercatcher-thumbnail-30dda908d192acf9a6ba366e2d58599a.jpg","https://media.birdweather.com/species/143/EurasianOystercatcher-png200-eaade4c821880831fc0130856cf4cad3.png","3vcRFwKHd4mAiHeCdth4eIeIhYD5CocK",14160819045,"https://media.birdweather.com/soundscapes/6891/6891-20260710-191933.flac",0,3,"birdnetpi"
9556678344,6891,"2026-07-10T21:18:59.000+02:00",0.98,0.159493267536163,7.45320813153368,"almost_certain","2p4",NA,51.5645,6.005,FALSE,143,"Eurasian Oystercatcher","Haematopus ostralegus","#ca8600","avian","https://media.birdweather.com/species/143/EurasianOystercatcher-standard-de054f6108c9ec46b2430e18a3a05899.jpg","https://media.birdweather.com/species/143/EurasianOystercatcher-thumbnail-30dda908d192acf9a6ba366e2d58599a.jpg","https://media.birdweather.com/species/143/EurasianOystercatcher-png200-eaade4c821880831fc0130856cf4cad3.png","3vcRFwKHd4mAiHeCdth4eIeIhYD5CocK",14160806129,"https://media.birdweather.com/soundscapes/6891/6891-20260710-191859.flac",0,3,"birdnetpi"
9556651427,6891,"2026-07-10T21:17:44.000+02:00",0.97,0.159493267536163,7.43291146400804,"almost_certain","2p4",NA,51.5628,6.0015,FALSE,143,"Eurasian Oystercatcher","Haematopus ostralegus","#ca8600","avian","https://media.birdweather.com/species/143/EurasianOystercatcher-standard-de054f6108c9ec46b2430e18a3a05899.jpg","https://media.birdweather.com/species/143/EurasianOystercatcher-thumbnail-30dda908d192acf9a6ba366e2d58599a.jpg","https://media.birdweather.com/species/143/EurasianOystercatcher-png200-eaade4c821880831fc0130856cf4cad3.png","3vcRFwKHd4mAiHeCdth4eIeIhYD5CocK",14160770035,"https://media.birdweather.com/soundscapes/6891/6891-20260710-191744.flac",0,3,"birdnetpi"
9556639698,6891,"2026-07-10T21:17:12.000+02:00",0.81,0.159493267536163,7.05908369227474,"almost_certain","2p4",NA,51.5645,6.0088,FALSE,143,"Eurasian Oystercatcher","Haematopus ostralegus","#ca8600","avian","https://media.birdweather.com/species/143/EurasianOystercatcher-standard-de054f6108c9ec46b2430e18a3a05899.jpg","https://media.birdweather.com/species/143/EurasianOystercatcher-thumbnail-30dda908d192acf9a6ba366e2d58599a.jpg","https://media.birdweather.com/species/143/EurasianOystercatcher-png200-eaade4c821880831fc0130856cf4cad3.png","3vcRFwKHd4mAiHeCdth4eIeIhYD5CocK",14160754570,"https://media.birdweather.com/soundscapes/6891/6891-20260710-191712.flac",0,3,"birdnetpi"
9556622079,6891,"2026-07-10T21:16:24.000+02:00",1,0.159493267536163,7.49292105705004,"almost_certain","2p4",NA,51.5669,6.0023,FALSE,143,"Eurasian Oystercatcher","Haematopus ostralegus","#ca8600","avian","https://media.birdweather.com/species/143/EurasianOystercatcher-standard-de054f6108c9ec46b2430e18a3a05899.jpg","https://media.birdweather.com/species/143/EurasianOystercatcher-thumbnail-30dda908d192acf9a6ba366e2d58599a.jpg","https://media.birdweather.com/species/143/EurasianOystercatcher-png200-eaade4c821880831fc0130856cf4cad3.png","3vcRFwKHd4mAiHeCdth4eIeIhYD5CocK",14160731068,"https://media.birdweather.com/soundscapes/6891/6891-20260710-191624.flac",0,3,"birdnetpi"
9556575379,6891,"2026-07-10T21:14:17.000+02:00",0.93,0.660715103149414,9.23305496975486,"almost_certain","2p4",NA,51.5676,6.0041,FALSE,119,"Common House-Martin","Delichon urbicum","#53b1ff","avian","https://media.birdweather.com/species/119/CommonHouse-Martin-standard-9ffbcc688c51210fb136a162c84d82ad.jpg","https://media.birdweather.com/species/119/CommonHouse-Martin-thumbnail-dd7059ca6235347c3097e7a66f04df95.jpg","https://media.birdweather.com/species/119/CommonHouse-Martin-png200-a73a8953ce2af50676da81e70b2746b2.png","YhgKDwKJd4iIiHd/h5h5d4mIeQqVllAH",14160669387,"https://media.birdweather.com/soundscapes/6891/6891-20260710-191417.flac",0,3,"birdnetpi"
9556568586,6891,"2026-07-10T21:13:56.000+02:00",0.72,0.660715103149414,8.67756777164667,"almost_certain","2p4",NA,51.5702,6.0057,FALSE,119,"Common House-Martin","Delichon urbicum","#53b1ff","avian","https://media.birdweather.com/species/119/CommonHouse-Martin-standard-9ffbcc688c51210fb136a162c84d82ad.jpg","https://media.birdweather.com/species/119/CommonHouse-Martin-thumbnail-dd7059ca6235347c3097e7a66f04df95.jpg","https://media.birdweather.com/species/119/CommonHouse-Martin-png200-a73a8953ce2af50676da81e70b2746b2.png","YhgKDwKJd4iIiHd/h5h5d4mIeQqVllAH",14160660341,"https://media.birdweather.com/soundscapes/6891/6891-20260710-191356.flac",0,3,"birdnetpi"
9556320746,6891,"2026-07-10T21:02:35.000+02:00",0.88,0.660715103149414,9.11976731904705,"almost_certain","2p4",NA,51.5681,6.0053,FALSE,119,"Common House-Martin","Delichon urbicum","#53b1ff","avian","https://media.birdweather.com/species/119/CommonHouse-Martin-standard-9ffbcc688c51210fb136a162c84d82ad.jpg","https://media.birdweather.com/species/119/CommonHouse-Martin-thumbnail-dd7059ca6235347c3097e7a66f04df95.jpg","https://media.birdweather.com/species/119/CommonHouse-Martin-png200-a73a8953ce2af50676da81e70b2746b2.png","YhgKDwKJd4iIiHd/h5h5d4mIeQqVllAH",14160331914,"https://media.birdweather.com/soundscapes/6891/6891-20260710-190235.flac",0,3,"birdnetpi"
9556273980,6891,"2026-07-10T21:00:27.000+02:00",0.81,0.660715103149414,8.94356151143078,"almost_certain","2p4",NA,51.5697,6.0026,FALSE,119,"Common House-Martin","Delichon urbicum","#53b1ff","avian","https://media.birdweather.com/species/119/CommonHouse-Martin-standard-9ffbcc688c51210fb136a162c84d82ad.jpg","https://media.birdweather.com/species/119/CommonHouse-Martin-thumbnail-dd7059ca6235347c3097e7a66f04df95.jpg","https://media.birdweather.com/species/119/CommonHouse-Martin-png200-a73a8953ce2af50676da81e70b2746b2.png","YhgKDwKJd4iIiHd/h5h5d4mIeQqVllAH",14160270295,"https://media.birdweather.com/soundscapes/6891/6891-20260710-190027.flac",0,3,"birdnetpi"
9556240223,6891,"2026-07-10T20:58:56.000+02:00",0.95,0.660715103149414,9.27587095435548,"almost_certain","2p4",NA,51.5677,6.0014,FALSE,119,"Common House-Martin","Delichon urbicum","#53b1ff","avian","https://media.birdweather.com/species/119/CommonHouse-Martin-standard-9ffbcc688c51210fb136a162c84d82ad.jpg","https://media.birdweather.com/species/119/CommonHouse-Martin-thumbnail-dd7059ca6235347c3097e7a66f04df95.jpg","https://media.birdweather.com/species/119/CommonHouse-Martin-png200-a73a8953ce2af50676da81e70b2746b2.png","YhgKDwKJd4iIiHd/h5h5d4mIeQqVllAH",14160225305,"https://media.birdweather.com/soundscapes/6891/6891-20260710-185856.flac",0,3,"birdnetpi"
9556234446,6891,"2026-07-10T20:58:38.000+02:00",0.8,0.660715103149414,8.91643191203502,"almost_certain","2p4",NA,51.5675,6.0066,FALSE,119,"Common House-Martin","Delichon urbicum","#53b1ff","avian","https://media.birdweather.com/species/119/CommonHouse-Martin-standard-9ffbcc688c51210fb136a162c84d82ad.jpg","https://media.birdweather.com/species/119/CommonHouse-Martin-thumbnail-dd7059ca6235347c3097e7a66f04df95.jpg","https://media.birdweather.com/species/119/CommonHouse-Martin-png200-a73a8953ce2af50676da81e70b2746b2.png","YhgKDwKJd4iIiHd/h5h5d4mIeQqVllAH",14160217751,"https://media.birdweather.com/soundscapes/6891/6891-20260710-185838.flac",0,3,"birdnetpi"
9556160169,6891,"2026-07-10T20:55:17.000+02:00",0.8,0.827771067619324,9.22112047760023,"almost_certain","2p4",NA,51.5671,6.001,FALSE,1,"House Sparrow","Passer domesticus","#d16ff8","avian","https://media.birdweather.com/species/1/HouseSparrow-standard-b861184cf45c092cdb45fd689dd676ef.jpg","https://media.birdweather.com/species/1/HouseSparrow-thumbnail-e9cbc91763a1579de8ef04880678b5e3.jpg","https://media.birdweather.com/species/1/HouseSparrow-png200-125e8603e1efe9d7a18316b94f06a65e.png","XAgCDwD8qpukuHiqtLZ9mImnmPFcDO4E",14160120507,"https://media.birdweather.com/soundscapes/6891/6891-20260710-185517.flac",0,3,"birdnetpi"
9556104192,6891,"2026-07-10T20:52:44.000+02:00",0.99,0.660715103149414,9.3576863058967,"almost_certain","2p4",NA,51.5622,6.006,FALSE,119,"Common House-Martin","Delichon urbicum","#53b1ff","avian","https://media.birdweather.com/species/119/CommonHouse-Martin-standard-9ffbcc688c51210fb136a162c84d82ad.jpg","https://media.birdweather.com/species/119/CommonHouse-Martin-thumbnail-dd7059ca6235347c3097e7a66f04df95.jpg","https://media.birdweather.com/species/119/CommonHouse-Martin-png200-a73a8953ce2af50676da81e70b2746b2.png","YhgKDwKJd4iIiHd/h5h5d4mIeQqVllAH",14160045650,"https://media.birdweather.com/soundscapes/6891/6891-20260710-185244.flac",0,3,"birdnetpi"
9556081491,6891,"2026-07-10T20:51:41.000+02:00",0.95,0.876010596752167,9.65725765004858,"almost_certain","2p4",NA,51.5618,6.0065,FALSE,551,"Common Swift","Apus apus","#234bb2","avian","https://media.birdweather.com/species/551/CommonSwift-standard-ba54f84fbd8481b1c0de60654fbd79d5.jpg","https://media.birdweather.com/species/551/CommonSwift-thumbnail-bad1d7e3c141990f11d01e49e9f768ac.jpg","https://media.birdweather.com/species/551/CommonSwift-png200-f52bea49cb0e4232049806bde3e1a401.png","LLYFFwLchWelV5dvsqh1jKZoKJIEMkoA",14160015331,"https://media.birdweather.com/soundscapes/6891/6891-20260710-185141.flac",0,3,"birdnetpi"
9556017094,6891,"2026-07-10T20:48:44.000+02:00",0.87,0.660715103149414,9.09594063153179,"almost_certain","2p4",NA,51.568,6.0092,FALSE,119,"Common House-Martin","Delichon urbicum","#53b1ff","avian","https://media.birdweather.com/species/119/CommonHouse-Martin-standard-9ffbcc688c51210fb136a162c84d82ad.jpg","https://media.birdweather.com/species/119/CommonHouse-Martin-thumbnail-dd7059ca6235347c3097e7a66f04df95.jpg","https://media.birdweather.com/species/119/CommonHouse-Martin-png200-a73a8953ce2af50676da81e70b2746b2.png","YhgKDwKJd4iIiHd/h5h5d4mIeQqVllAH",14159930895,"https://media.birdweather.com/soundscapes/6891/6891-20260710-184844.flac",0,3,"birdnetpi"
9555712591,6891,"2026-07-10T20:34:53.000+02:00",0.95,0.660715103149414,9.27587095435548,"almost_certain","2p4",NA,51.5637,6.0031,FALSE,119,"Common House-Martin","Delichon urbicum","#53b1ff","avian","https://media.birdweather.com/species/119/CommonHouse-Martin-standard-9ffbcc688c51210fb136a162c84d82ad.jpg","https://media.birdweather.com/species/119/CommonHouse-Martin-thumbnail-dd7059ca6235347c3097e7a66f04df95.jpg","https://media.birdweather.com/species/119/CommonHouse-Martin-png200-a73a8953ce2af50676da81e70b2746b2.png","YhgKDwKJd4iIiHd/h5h5d4mIeQqVllAH",14159529960,"https://media.birdweather.com/soundscapes/6891/6891-20260710-183453.flac",0,3,"birdnetpi"
9555556584,6891,"2026-07-10T20:27:41.000+02:00",0.9,0.876010596752167,9.54759914053584,"almost_certain","2p4",NA,51.5691,6.0051,FALSE,551,"Common Swift","Apus apus","#234bb2","avian","https://media.birdweather.com/species/551/CommonSwift-standard-ba54f84fbd8481b1c0de60654fbd79d5.jpg","https://media.birdweather.com/species/551/CommonSwift-thumbnail-bad1d7e3c141990f11d01e49e9f768ac.jpg","https://media.birdweather.com/species/551/CommonSwift-png200-f52bea49cb0e4232049806bde3e1a401.png","LLYFFwLchWelV5dvsqh1jKZoKJIEMkoA",14159323354,"https://media.birdweather.com/soundscapes/6891/6891-20260710-182741.flac",0,3,"birdnetpi"
9555475487,6891,"2026-07-10T20:24:05.000+02:00",0.91,0.876010596752167,9.57024428420899,"almost_certain","2p4",NA,51.567,6.0025,FALSE,551,"Common Swift","Apus apus","#234bb2","avian","https://media.birdweather.com/species/551/CommonSwift-standard-ba54f84fbd8481b1c0de60654fbd79d5.jpg","https://media.birdweather.com/species/551/CommonSwift-thumbnail-bad1d7e3c141990f11d01e49e9f768ac.jpg","https://media.birdweather.com/species/551/CommonSwift-png200-f52bea49cb0e4232049806bde3e1a401.png","LLYFFwLchWelV5dvsqh1jKZoKJIEMkoA",14159218622,"https://media.birdweather.com/soundscapes/6891/6891-20260710-182405.flac",0,3,"birdnetpi"
9555334778,6891,"2026-07-10T20:17:39.000+02:00",0.7,0.660715103149414,8.61072524673455,"almost_certain","2p4",NA,51.5654,6.0089,FALSE,119,"Common House-Martin","Delichon urbicum","#53b1ff","avian","https://media.birdweather.com/species/119/CommonHouse-Martin-standard-9ffbcc688c51210fb136a162c84d82ad.jpg","https://media.birdweather.com/species/119/CommonHouse-Martin-thumbnail-dd7059ca6235347c3097e7a66f04df95.jpg","https://media.birdweather.com/species/119/CommonHouse-Martin-png200-a73a8953ce2af50676da81e70b2746b2.png","YhgKDwKJd4iIiHd/h5h5d4mIeQqVllAH",14159034001,"https://media.birdweather.com/soundscapes/6891/6891-20260710-181739.flac",0,3,"birdnetpi"
9555265313,6891,"2026-07-10T20:14:27.000+02:00",0.99,0.876010596752167,9.7390730015898,"almost_certain","2p4",NA,51.5681,6.0008,FALSE,551,"Common Swift","Apus apus","#234bb2","avian","https://media.birdweather.com/species/551/CommonSwift-standard-ba54f84fbd8481b1c0de60654fbd79d5.jpg","https://media.birdweather.com/species/551/CommonSwift-thumbnail-bad1d7e3c141990f11d01e49e9f768ac.jpg","https://media.birdweather.com/species/551/CommonSwift-png200-f52bea49cb0e4232049806bde3e1a401.png","LLYFFwLchWelV5dvsqh1jKZoKJIEMkoA",14158941649,"https://media.birdweather.com/soundscapes/6891/6891-20260710-181427.flac",0,3,"birdnetpi"
9555183078,6891,"2026-07-10T20:10:41.000+02:00",0.95,0.660715103149414,9.27587095435548,"almost_certain","2p4",NA,51.5654,6.0016,FALSE,119,"Common House-Martin","Delichon urbicum","#53b1ff","avian","https://media.birdweather.com/species/119/CommonHouse-Martin-standard-9ffbcc688c51210fb136a162c84d82ad.jpg","https://media.birdweather.com/species/119/CommonHouse-Martin-thumbnail-dd7059ca6235347c3097e7a66f04df95.jpg","https://media.birdweather.com/species/119/CommonHouse-Martin-png200-a73a8953ce2af50676da81e70b2746b2.png","YhgKDwKJd4iIiHd/h5h5d4mIeQqVllAH",14158832578,"https://media.birdweather.com/soundscapes/6891/6891-20260710-181041.flac",0,3,"birdnetpi"
9555156800,6891,"2026-07-10T20:09:29.000+02:00",0.87,0.159493267536163,7.21146281237575,"almost_certain","2p4",NA,51.5701,6.0023,FALSE,143,"Eurasian Oystercatcher","Haematopus ostralegus","#ca8600","avian","https://media.birdweather.com/species/143/EurasianOystercatcher-standard-de054f6108c9ec46b2430e18a3a05899.jpg","https://media.birdweather.com/species/143/EurasianOystercatcher-thumbnail-30dda908d192acf9a6ba366e2d58599a.jpg","https://media.birdweather.com/species/143/EurasianOystercatcher-png200-eaade4c821880831fc0130856cf4cad3.png","3vcRFwKHd4mAiHeCdth4eIeIhYD5CocK",14158798077,"https://media.birdweather.com/soundscapes/6891/6891-20260710-180929.flac",0,3,"birdnetpi"
9554927193,6891,"2026-07-10T19:59:08.000+02:00",0.96,0.572180032730103,9.10284371538432,"almost_certain","2p4",NA,51.5615,6.0056,FALSE,201,"Graylag Goose","Anser anser","#844800","avian","https://media.birdweather.com/species/201/GraylagGoose-standard-5235ddd797e4ea12096e170348c7ba78.jpg","https://media.birdweather.com/species/201/GraylagGoose-thumbnail-dcbb525def2966bd14949956147c5dba.jpg","https://media.birdweather.com/species/201/GraylagGoose-png200-40b0bbf2cd8e268c481e679711a36bb6.png","GtkFHwTASHhwaYe4ZomGWWSKiJ74ZlQA",14158500632,"https://media.birdweather.com/soundscapes/6891/6891-20260710-175908.flac",0,3,"birdnetpi"
9554890475,6891,"2026-07-10T19:57:29.000+02:00",0.84,0.660715103149414,9.02186853839151,"almost_certain","2p4",NA,51.5674,6.0074,FALSE,119,"Common House-Martin","Delichon urbicum","#53b1ff","avian","https://media.birdweather.com/species/119/CommonHouse-Martin-standard-9ffbcc688c51210fb136a162c84d82ad.jpg","https://media.birdweather.com/species/119/CommonHouse-Martin-thumbnail-dd7059ca6235347c3097e7a66f04df95.jpg","https://media.birdweather.com/species/119/CommonHouse-Martin-png200-a73a8953ce2af50676da81e70b2746b2.png","YhgKDwKJd4iIiHd/h5h5d4mIeQqVllAH",14158453209,"https://media.birdweather.com/soundscapes/6891/6891-20260710-175729.flac",0,3,"birdnetpi"
9554878604,6891,"2026-07-10T19:57:00.000+02:00",0.97,0.660715103149414,9.31738928316408,"almost_certain","2p4",NA,51.5645,6.0067,FALSE,119,"Common House-Martin","Delichon urbicum","#53b1ff","avian","https://media.birdweather.com/species/119/CommonHouse-Martin-standard-9ffbcc688c51210fb136a162c84d82ad.jpg","https://media.birdweather.com/species/119/CommonHouse-Martin-thumbnail-dd7059ca6235347c3097e7a66f04df95.jpg","https://media.birdweather.com/species/119/CommonHouse-Martin-png200-a73a8953ce2af50676da81e70b2746b2.png","YhgKDwKJd4iIiHd/h5h5d4mIeQqVllAH",14158437483,"https://media.birdweather.com/soundscapes/6891/6891-20260710-175700.flac",0,3,"birdnetpi"
9554873211,6891,"2026-07-10T19:56:47.000+02:00",0.86,0.660715103149414,9.07169221090561,"almost_certain","2p4",NA,51.5687,6.0017,FALSE,119,"Common House-Martin","Delichon urbicum","#53b1ff","avian","https://media.birdweather.com/species/119/CommonHouse-Martin-standard-9ffbcc688c51210fb136a162c84d82ad.jpg","https://media.birdweather.com/species/119/CommonHouse-Martin-thumbnail-dd7059ca6235347c3097e7a66f04df95.jpg","https://media.birdweather.com/species/119/CommonHouse-Martin-png200-a73a8953ce2af50676da81e70b2746b2.png","YhgKDwKJd4iIiHd/h5h5d4mIeQqVllAH",14158430311,"https://media.birdweather.com/soundscapes/6891/6891-20260710-175647.flac",0,3,"birdnetpi"
9554852142,6891,"2026-07-10T19:55:42.000+02:00",0.86,0.660715103149414,9.07169221090561,"almost_certain","2p4",NA,51.567,6.0043,FALSE,119,"Common House-Martin","Delichon urbicum","#53b1ff","avian","https://media.birdweather.com/species/119/CommonHouse-Martin-standard-9ffbcc688c51210fb136a162c84d82ad.jpg","https://media.birdweather.com/species/119/CommonHouse-Martin-thumbnail-dd7059ca6235347c3097e7a66f04df95.jpg","https://media.birdweather.com/species/119/CommonHouse-Martin-png200-a73a8953ce2af50676da81e70b2746b2.png","YhgKDwKJd4iIiHd/h5h5d4mIeQqVllAH",14158403191,"https://media.birdweather.com/soundscapes/6891/6891-20260710-175542.flac",0,3,"birdnetpi"
9554816695,6891,"2026-07-10T19:54:05.000+02:00",0.82,0.660715103149414,8.97016428905501,"almost_certain","2p4",NA,51.5701,6.0013,FALSE,119,"Common House-Martin","Delichon urbicum","#53b1ff","avian","https://media.birdweather.com/species/119/CommonHouse-Martin-standard-9ffbcc688c51210fb136a162c84d82ad.jpg","https://media.birdweather.com/species/119/CommonHouse-Martin-thumbnail-dd7059ca6235347c3097e7a66f04df95.jpg","https://media.birdweather.com/species/119/CommonHouse-Martin-png200-a73a8953ce2af50676da81e70b2746b2.png","YhgKDwKJd4iIiHd/h5h5d4mIeQqVllAH",14158356822,"https://media.birdweather.com/soundscapes/6891/6891-20260710-175405.flac",0,3,"birdnetpi"
9554770630,6891,"2026-07-10T19:51:59.000+02:00",0.76,0.827771067619324,9.10688767335373,"almost_certain","2p4",NA,51.5678,6.006,FALSE,1,"House Sparrow","Passer domesticus","#d16ff8","avian","https://media.birdweather.com/species/1/HouseSparrow-standard-b861184cf45c092cdb45fd689dd676ef.jpg","https://media.birdweather.com/species/1/HouseSparrow-thumbnail-e9cbc91763a1579de8ef04880678b5e3.jpg","https://media.birdweather.com/species/1/HouseSparrow-png200-125e8603e1efe9d7a18316b94f06a65e.png","XAgCDwD8qpukuHiqtLZ9mImnmPFcDO4E",14158296527,"https://media.birdweather.com/soundscapes/6891/6891-20260710-175159.flac",0,3,"birdnetpi"
9554707151,6891,"2026-07-10T19:49:09.000+02:00",0.86,0.660715103149414,9.07169221090561,"almost_certain","2p4",NA,51.5674,6.0049,FALSE,119,"Common House-Martin","Delichon urbicum","#53b1ff","avian","https://media.birdweather.com/species/119/CommonHouse-Martin-standard-9ffbcc688c51210fb136a162c84d82ad.jpg","https://media.birdweather.com/species/119/CommonHouse-Martin-thumbnail-dd7059ca6235347c3097e7a66f04df95.jpg","https://media.birdweather.com/species/119/CommonHouse-Martin-png200-a73a8953ce2af50676da81e70b2746b2.png","YhgKDwKJd4iIiHd/h5h5d4mIeQqVllAH",14158215249,"https://media.birdweather.com/soundscapes/6891/6891-20260710-174909.flac",0,3,"birdnetpi"
9554645388,6891,"2026-07-10T19:46:23.000+02:00",1,0.876010596752167,9.75878557189918,"almost_certain","2p4",NA,51.5697,6.0066,FALSE,551,"Common Swift","Apus apus","#234bb2","avian","https://media.birdweather.com/species/551/CommonSwift-standard-ba54f84fbd8481b1c0de60654fbd79d5.jpg","https://media.birdweather.com/species/551/CommonSwift-thumbnail-bad1d7e3c141990f11d01e49e9f768ac.jpg","https://media.birdweather.com/species/551/CommonSwift-png200-f52bea49cb0e4232049806bde3e1a401.png","LLYFFwLchWelV5dvsqh1jKZoKJIEMkoA",14158135757,"https://media.birdweather.com/soundscapes/6891/6891-20260710-174623.flac",0,3,"birdnetpi"
9554591076,6891,"2026-07-10T19:44:03.000+02:00",0.97,0.660715103149414,9.31738928316408,"almost_certain","2p4",NA,51.5693,6.0086,FALSE,119,"Common House-Martin","Delichon urbicum","#53b1ff","avian","https://media.birdweather.com/species/119/CommonHouse-Martin-standard-9ffbcc688c51210fb136a162c84d82ad.jpg","https://media.birdweather.com/species/119/CommonHouse-Martin-thumbnail-dd7059ca6235347c3097e7a66f04df95.jpg","https://media.birdweather.com/species/119/CommonHouse-Martin-png200-a73a8953ce2af50676da81e70b2746b2.png","YhgKDwKJd4iIiHd/h5h5d4mIeQqVllAH",14158065451,"https://media.birdweather.com/soundscapes/6891/6891-20260710-174403.flac",0,3,"birdnetpi"
9554563264,6891,"2026-07-10T19:42:42.000+02:00",0.88,0.660715103149414,9.11976731904705,"almost_certain","2p4",NA,51.5683,6.0034,FALSE,119,"Common House-Martin","Delichon urbicum","#53b1ff","avian","https://media.birdweather.com/species/119/CommonHouse-Martin-standard-9ffbcc688c51210fb136a162c84d82ad.jpg","https://media.birdweather.com/species/119/CommonHouse-Martin-thumbnail-dd7059ca6235347c3097e7a66f04df95.jpg","https://media.birdweather.com/species/119/CommonHouse-Martin-png200-a73a8953ce2af50676da81e70b2746b2.png","YhgKDwKJd4iIiHd/h5h5d4mIeQqVllAH",14158030080,"https://media.birdweather.com/soundscapes/6891/6891-20260710-174242.flac",0,3,"birdnetpi"
9554554329,6891,"2026-07-10T19:42:27.000+02:00",0.75,0.660715103149414,8.77208800558379,"almost_certain","2p4",NA,51.5615,6.0081,FALSE,119,"Common House-Martin","Delichon urbicum","#53b1ff","avian","https://media.birdweather.com/species/119/CommonHouse-Martin-standard-9ffbcc688c51210fb136a162c84d82ad.jpg","https://media.birdweather.com/species/119/CommonHouse-Martin-thumbnail-dd7059ca6235347c3097e7a66f04df95.jpg","https://media.birdweather.com/species/119/CommonHouse-Martin-png200-a73a8953ce2af50676da81e70b2746b2.png","YhgKDwKJd4iIiHd/h5h5d4mIeQqVllAH",14158018709,"https://media.birdweather.com/soundscapes/6891/6891-20260710-174227.flac",0,3,"birdnetpi"
9554473099,6891,"2026-07-10T19:38:39.000+02:00",0.99,0.993988573551178,9.91033260325034,"almost_certain","2p4",NA,51.5687,6.0047,FALSE,35,"Eurasian Blackbird","Turdus merula","#ff65df","avian","https://media.birdweather.com/species/35/EurasianBlackbird-standard-618b3a5132c7c359fb2a2884c39deb39.jpg","https://media.birdweather.com/species/35/EurasianBlackbird-thumbnail-276878929bed08167d1fd9bf34d63d40.jpg","https://media.birdweather.com/species/35/EurasianBlackbird-png200-ba5a1b43225da4611cac429c52a52c81.png","GfkFFwKRmrx2ZYiaaQe69nlzScn3T7IA",14157913683,"https://media.birdweather.com/soundscapes/6891/6891-20260710-173839.flac",0,3,"birdnetpi"
9554459836,6891,"2026-07-10T19:38:14.000+02:00",0.83,0.993988573551178,9.5489066135185,"almost_certain","2p4",NA,51.5639,6.0037,FALSE,35,"Eurasian Blackbird","Turdus merula","#ff65df","avian","https://media.birdweather.com/species/35/EurasianBlackbird-standard-618b3a5132c7c359fb2a2884c39deb39.jpg","https://media.birdweather.com/species/35/EurasianBlackbird-thumbnail-276878929bed08167d1fd9bf34d63d40.jpg","https://media.birdweather.com/species/35/EurasianBlackbird-png200-ba5a1b43225da4611cac429c52a52c81.png","GfkFFwKRmrx2ZYiaaQe69nlzScn3T7IA",14157896506,"https://media.birdweather.com/soundscapes/6891/6891-20260710-173814.flac",0,3,"birdnetpi"
9554452444,6891,"2026-07-10T19:37:42.000+02:00",0.91,0.993988573551178,9.74150388586953,"almost_certain","2p4",NA,51.5646,6.0057,FALSE,35,"Eurasian Blackbird","Turdus merula","#ff65df","avian","https://media.birdweather.com/species/35/EurasianBlackbird-standard-618b3a5132c7c359fb2a2884c39deb39.jpg","https://media.birdweather.com/species/35/EurasianBlackbird-thumbnail-276878929bed08167d1fd9bf34d63d40.jpg","https://media.birdweather.com/species/35/EurasianBlackbird-png200-ba5a1b43225da4611cac429c52a52c81.png","GfkFFwKRmrx2ZYiaaQe69nlzScn3T7IA",14157886885,"https://media.birdweather.com/soundscapes/6891/6891-20260710-173742.flac",0,3,"birdnetpi"
9554445850,6891,"2026-07-10T19:37:26.000+02:00",0.94,0.993988573551178,9.80727651615484,"almost_certain","2p4",NA,51.5646,6.0026,FALSE,35,"Eurasian Blackbird","Turdus merula","#ff65df","avian","https://media.birdweather.com/species/35/EurasianBlackbird-standard-618b3a5132c7c359fb2a2884c39deb39.jpg","https://media.birdweather.com/species/35/EurasianBlackbird-thumbnail-276878929bed08167d1fd9bf34d63d40.jpg","https://media.birdweather.com/species/35/EurasianBlackbird-png200-ba5a1b43225da4611cac429c52a52c81.png","GfkFFwKRmrx2ZYiaaQe69nlzScn3T7IA",14157878353,"https://media.birdweather.com/soundscapes/6891/6891-20260710-173726.flac",0,3,"birdnetpi"
9554442632,6891,"2026-07-10T19:37:17.000+02:00",0.97,0.876010596752167,9.69877597885718,"almost_certain","2p4",NA,51.5676,6.0064,FALSE,551,"Common Swift","Apus apus","#234bb2","avian","https://media.birdweather.com/species/551/CommonSwift-standard-ba54f84fbd8481b1c0de60654fbd79d5.jpg","https://media.birdweather.com/species/551/CommonSwift-thumbnail-bad1d7e3c141990f11d01e49e9f768ac.jpg","https://media.birdweather.com/species/551/CommonSwift-png200-f52bea49cb0e4232049806bde3e1a401.png","LLYFFwLchWelV5dvsqh1jKZoKJIEMkoA",14157874084,"https://media.birdweather.com/soundscapes/6891/6891-20260710-173717.flac",0,3,"birdnetpi"
9554438119,6891,"2026-07-10T19:37:05.000+02:00",0.96,0.993988573551178,9.8494336885283,"almost_certain","2p4",NA,51.5632,6.0081,FALSE,35,"Eurasian Blackbird","Turdus merula","#ff65df","avian","https://media.birdweather.com/species/35/EurasianBlackbird-standard-618b3a5132c7c359fb2a2884c39deb39.jpg","https://media.birdweather.com/species/35/EurasianBlackbird-thumbnail-276878929bed08167d1fd9bf34d63d40.jpg","https://media.birdweather.com/species/35/EurasianBlackbird-png200-ba5a1b43225da4611cac429c52a52c81.png","GfkFFwKRmrx2ZYiaaQe69nlzScn3T7IA",14157868295,"https://media.birdweather.com/soundscapes/6891/6891-20260710-173705.flac",0,3,"birdnetpi"
9554432263,6891,"2026-07-10T19:36:47.000+02:00",0.95,0.876010596752167,9.65725765004858,"almost_certain","2p4",NA,51.5692,6.001,FALSE,551,"Common Swift","Apus apus","#234bb2","avian","https://media.birdweather.com/species/551/CommonSwift-standard-ba54f84fbd8481b1c0de60654fbd79d5.jpg","https://media.birdweather.com/species/551/CommonSwift-thumbnail-bad1d7e3c141990f11d01e49e9f768ac.jpg","https://media.birdweather.com/species/551/CommonSwift-png200-f52bea49cb0e4232049806bde3e1a401.png","LLYFFwLchWelV5dvsqh1jKZoKJIEMkoA",14157860737,"https://media.birdweather.com/soundscapes/6891/6891-20260710-173647.flac",0,3,"birdnetpi"
9554431106,6891,"2026-07-10T19:36:44.000+02:00",0.92,0.993988573551178,9.76378079946387,"almost_certain","2p4",NA,51.5675,6.0088,FALSE,35,"Eurasian Blackbird","Turdus merula","#ff65df","avian","https://media.birdweather.com/species/35/EurasianBlackbird-standard-618b3a5132c7c359fb2a2884c39deb39.jpg","https://media.birdweather.com/species/35/EurasianBlackbird-thumbnail-276878929bed08167d1fd9bf34d63d40.jpg","https://media.birdweather.com/species/35/EurasianBlackbird-png200-ba5a1b43225da4611cac429c52a52c81.png","GfkFFwKRmrx2ZYiaaQe69nlzScn3T7IA",14157859276,"https://media.birdweather.com/soundscapes/6891/6891-20260710-173644.flac",0,3,"birdnetpi"
9554411467,6891,"2026-07-10T19:35:51.000+02:00",0.95,0.993988573551178,9.82851725170912,"almost_certain","2p4",NA,51.5625,6.0069,FALSE,35,"Eurasian Blackbird","Turdus merula","#ff65df","avian","https://media.birdweather.com/species/35/EurasianBlackbird-standard-618b3a5132c7c359fb2a2884c39deb39.jpg","https://media.birdweather.com/species/35/EurasianBlackbird-thumbnail-276878929bed08167d1fd9bf34d63d40.jpg","https://media.birdweather.com/species/35/EurasianBlackbird-png200-ba5a1b43225da4611cac429c52a52c81.png","GfkFFwKRmrx2ZYiaaQe69nlzScn3T7IA",14157833950,"https://media.birdweather.com/soundscapes/6891/6891-20260710-173551.flac",0,3,"birdnetpi"
9554398218,6891,"2026-07-10T19:35:15.000+02:00",0.83,0.993988573551178,9.5489066135185,"almost_certain","2p4",NA,51.5616,6.005,FALSE,35,"Eurasian Blackbird","Turdus merula","#ff65df","avian","https://media.birdweather.com/species/35/EurasianBlackbird-standard-618b3a5132c7c359fb2a2884c39deb39.jpg","https://media.birdweather.com/species/35/EurasianBlackbird-thumbnail-276878929bed08167d1fd9bf34d63d40.jpg","https://media.birdweather.com/species/35/EurasianBlackbird-png200-ba5a1b43225da4611cac429c52a52c81.png","GfkFFwKRmrx2ZYiaaQe69nlzScn3T7IA",14157816850,"https://media.birdweather.com/soundscapes/6891/6891-20260710-173515.flac",0,3,"birdnetpi"
9554390339,6891,"2026-07-10T19:35:06.000+02:00",0.92,0.993988573551178,9.76378079946387,"almost_certain","2p4",NA,51.5694,6.0062,FALSE,35,"Eurasian Blackbird","Turdus merula","#ff65df","avian","https://media.birdweather.com/species/35/EurasianBlackbird-standard-618b3a5132c7c359fb2a2884c39deb39.jpg","https://media.birdweather.com/species/35/EurasianBlackbird-thumbnail-276878929bed08167d1fd9bf34d63d40.jpg","https://media.birdweather.com/species/35/EurasianBlackbird-png200-ba5a1b43225da4611cac429c52a52c81.png","GfkFFwKRmrx2ZYiaaQe69nlzScn3T7IA",14157806791,"https://media.birdweather.com/soundscapes/6891/6891-20260710-173506.flac",0,3,"birdnetpi"
9554375874,6891,"2026-07-10T19:34:21.000+02:00",0.87,0.993988573551178,9.64858692888543,"almost_certain","2p4",NA,51.5701,6.0037,FALSE,35,"Eurasian Blackbird","Turdus merula","#ff65df","avian","https://media.birdweather.com/species/35/EurasianBlackbird-standard-618b3a5132c7c359fb2a2884c39deb39.jpg","https://media.birdweather.com/species/35/EurasianBlackbird-thumbnail-276878929bed08167d1fd9bf34d63d40.jpg","https://media.birdweather.com/species/35/EurasianBlackbird-png200-ba5a1b43225da4611cac429c52a52c81.png","GfkFFwKRmrx2ZYiaaQe69nlzScn3T7IA",14157787854,"https://media.birdweather.com/soundscapes/6891/6891-20260710-173421.flac",0,3,"birdnetpi"
9554357193,6891,"2026-07-10T19:33:24.000+02:00",0.95,0.993988573551178,9.82851725170912,"almost_certain","2p4",NA,51.5632,6.0025,FALSE,35,"Eurasian Blackbird","Turdus merula","#ff65df","avian","https://media.birdweather.com/species/35/EurasianBlackbird-standard-618b3a5132c7c359fb2a2884c39deb39.jpg","https://media.birdweather.com/species/35/EurasianBlackbird-thumbnail-276878929bed08167d1fd9bf34d63d40.jpg","https://media.birdweather.com/species/35/EurasianBlackbird-png200-ba5a1b43225da4611cac429c52a52c81.png","GfkFFwKRmrx2ZYiaaQe69nlzScn3T7IA",14157763525,"https://media.birdweather.com/soundscapes/6891/6891-20260710-173324.flac",0,3,"birdnetpi"
9554345118,6891,"2026-07-10T19:32:50.000+02:00",0.89,0.993988573551178,9.69583299010293,"almost_certain","2p4",NA,51.5652,6.0025,FALSE,35,"Eurasian Blackbird","Turdus merula","#ff65df","avian","https://media.birdweather.com/species/35/EurasianBlackbird-standard-618b3a5132c7c359fb2a2884c39deb39.jpg","https://media.birdweather.com/species/35/EurasianBlackbird-thumbnail-276878929bed08167d1fd9bf34d63d40.jpg","https://media.birdweather.com/species/35/EurasianBlackbird-png200-ba5a1b43225da4611cac429c52a52c81.png","GfkFFwKRmrx2ZYiaaQe69nlzScn3T7IA",14157747811,"https://media.birdweather.com/soundscapes/6891/6891-20260710-173250.flac",0,3,"birdnetpi"
9554330783,6891,"2026-07-10T19:32:11.000+02:00",0.82,0.993988573551178,9.52281058640865,"almost_certain","2p4",NA,51.5617,6.0023,FALSE,35,"Eurasian Blackbird","Turdus merula","#ff65df","avian","https://media.birdweather.com/species/35/EurasianBlackbird-standard-618b3a5132c7c359fb2a2884c39deb39.jpg","https://media.birdweather.com/species/35/EurasianBlackbird-thumbnail-276878929bed08167d1fd9bf34d63d40.jpg","https://media.birdweather.com/species/35/EurasianBlackbird-png200-ba5a1b43225da4611cac429c52a52c81.png","GfkFFwKRmrx2ZYiaaQe69nlzScn3T7IA",14157729230,"https://media.birdweather.com/soundscapes/6891/6891-20260710-173211.flac",0,3,"birdnetpi"
9554322555,6891,"2026-07-10T19:31:59.000+02:00",0.92,0.993988573551178,9.76378079946387,"almost_certain","2p4",NA,51.5687,6.0009,FALSE,35,"Eurasian Blackbird","Turdus merula","#ff65df","avian","https://media.birdweather.com/species/35/EurasianBlackbird-standard-618b3a5132c7c359fb2a2884c39deb39.jpg","https://media.birdweather.com/species/35/EurasianBlackbird-thumbnail-276878929bed08167d1fd9bf34d63d40.jpg","https://media.birdweather.com/species/35/EurasianBlackbird-png200-ba5a1b43225da4611cac429c52a52c81.png","GfkFFwKRmrx2ZYiaaQe69nlzScn3T7IA",14157718705,"https://media.birdweather.com/soundscapes/6891/6891-20260710-173159.flac",0,3,"birdnetpi"
9554316912,6891,"2026-07-10T19:31:42.000+02:00",0.89,0.993988573551178,9.69583299010293,"almost_certain","2p4",NA,51.5643,6.0044,FALSE,35,"Eurasian Blackbird","Turdus merula","#ff65df","avian","https://media.birdweather.com/species/35/EurasianBlackbird-standard-618b3a5132c7c359fb2a2884c39deb39.jpg","https://media.birdweather.com/species/35/EurasianBlackbird-thumbnail-276878929bed08167d1fd9bf34d63d40.jpg","https://media.birdweather.com/species/35/EurasianBlackbird-png200-ba5a1b43225da4611cac429c52a52c81.png","GfkFFwKRmrx2ZYiaaQe69nlzScn3T7IA",14157711117,"https://media.birdweather.com/soundscapes/6891/6891-20260710-173142.flac",0,3,"birdnetpi"
9554299693,6891,"2026-07-10T19:30:47.000+02:00",0.75,0.993988573551178,9.32473430293743,"almost_certain","2p4",NA,51.5669,6.0072,FALSE,35,"Eurasian Blackbird","Turdus merula","#ff65df","avian","https://media.birdweather.com/species/35/EurasianBlackbird-standard-618b3a5132c7c359fb2a2884c39deb39.jpg","https://media.birdweather.com/species/35/EurasianBlackbird-thumbnail-276878929bed08167d1fd9bf34d63d40.jpg","https://media.birdweather.com/species/35/EurasianBlackbird-png200-ba5a1b43225da4611cac429c52a52c81.png","GfkFFwKRmrx2ZYiaaQe69nlzScn3T7IA",14157689163,"https://media.birdweather.com/soundscapes/6891/6891-20260710-173047.flac",0,3,"birdnetpi"
9554292760,6891,"2026-07-10T19:30:28.000+02:00",0.79,0.993988573551178,9.44140050036365,"almost_certain","2p4",NA,51.5671,6.0088,FALSE,35,"Eurasian Blackbird","Turdus merula","#ff65df","avian","https://media.birdweather.com/species/35/EurasianBlackbird-standard-618b3a5132c7c359fb2a2884c39deb39.jpg","https://media.birdweather.com/species/35/EurasianBlackbird-thumbnail-276878929bed08167d1fd9bf34d63d40.jpg","https://media.birdweather.com/species/35/EurasianBlackbird-png200-ba5a1b43225da4611cac429c52a52c81.png","GfkFFwKRmrx2ZYiaaQe69nlzScn3T7IA",14157680173,"https://media.birdweather.com/soundscapes/6891/6891-20260710-173028.flac",0,3,"birdnetpi"
9554256834,6891,"2026-07-10T19:28:50.000+02:00",0.97,0.993988573551178,9.87003558051772,"almost_certain","2p4",NA,51.5664,6.0037,FALSE,35,"Eurasian Blackbird","Turdus merula","#ff65df","avian","https://media.birdweather.com/species/35/EurasianBlackbird-standard-618b3a5132c7c359fb2a2884c39deb39.jpg","https://media.birdweather.com/species/35/EurasianBlackbird-thumbnail-276878929bed08167d1fd9bf34d63d40.jpg","https://media.birdweather.com/species/35/EurasianBlackbird-png200-ba5a1b43225da4611cac429c52a52c81.png","GfkFFwKRmrx2ZYiaaQe69nlzScn3T7IA",14157633368,"https://media.birdweather.com/soundscapes/6891/6891-20260710-172850.flac",0,3,"birdnetpi"
9554232827,6891,"2026-07-10T19:27:45.000+02:00",0.9,0.993988573551178,9.71885874219637,"almost_certain","2p4",NA,51.5696,6.0089,FALSE,35,"Eurasian Blackbird","Turdus merula","#ff65df","avian","https://media.birdweather.com/species/35/EurasianBlackbird-standard-618b3a5132c7c359fb2a2884c39deb39.jpg","https://media.birdweather.com/species/35/EurasianBlackbird-thumbnail-276878929bed08167d1fd9bf34d63d40.jpg","https://media.birdweather.com/species/35/EurasianBlackbird-png200-ba5a1b43225da4611cac429c52a52c81.png","GfkFFwKRmrx2ZYiaaQe69nlzScn3T7IA",14157602236,"https://media.birdweather.com/soundscapes/6891/6891-20260710-172745.flac",0,3,"birdnetpi"
9554227130,6891,"2026-07-10T19:27:30.000+02:00",0.86,0.993988573551178,9.62433850825925,"almost_certain","2p4",NA,51.5659,6.0026,FALSE,35,"Eurasian Blackbird","Turdus merula","#ff65df","avian","https://media.birdweather.com/species/35/EurasianBlackbird-standard-618b3a5132c7c359fb2a2884c39deb39.jpg","https://media.birdweather.com/species/35/EurasianBlackbird-thumbnail-276878929bed08167d1fd9bf34d63d40.jpg","https://media.birdweather.com/species/35/EurasianBlackbird-png200-ba5a1b43225da4611cac429c52a52c81.png","GfkFFwKRmrx2ZYiaaQe69nlzScn3T7IA",14157594612,"https://media.birdweather.com/soundscapes/6891/6891-20260710-172730.flac",0,3,"birdnetpi"
9554218493,6891,"2026-07-10T19:27:05.000+02:00",0.75,0.993988573551178,9.32473430293743,"almost_certain","2p4",NA,51.5685,6.0055,FALSE,35,"Eurasian Blackbird","Turdus merula","#ff65df","avian","https://media.birdweather.com/species/35/EurasianBlackbird-standard-618b3a5132c7c359fb2a2884c39deb39.jpg","https://media.birdweather.com/species/35/EurasianBlackbird-thumbnail-276878929bed08167d1fd9bf34d63d40.jpg","https://media.birdweather.com/species/35/EurasianBlackbird-png200-ba5a1b43225da4611cac429c52a52c81.png","GfkFFwKRmrx2ZYiaaQe69nlzScn3T7IA",14157583180,"https://media.birdweather.com/soundscapes/6891/6891-20260710-172705.flac",0,3,"birdnetpi"
9554187411,6891,"2026-07-10T19:25:39.000+02:00",0.87,0.660715103149414,9.09594063153179,"almost_certain","2p4",NA,51.5637,6.0051,FALSE,119,"Common House-Martin","Delichon urbicum","#53b1ff","avian","https://media.birdweather.com/species/119/CommonHouse-Martin-standard-9ffbcc688c51210fb136a162c84d82ad.jpg","https://media.birdweather.com/species/119/CommonHouse-Martin-thumbnail-dd7059ca6235347c3097e7a66f04df95.jpg","https://media.birdweather.com/species/119/CommonHouse-Martin-png200-a73a8953ce2af50676da81e70b2746b2.png","YhgKDwKJd4iIiHd/h5h5d4mIeQqVllAH",14157542066,"https://media.birdweather.com/soundscapes/6891/6891-20260710-172539.flac",0,3,"birdnetpi"
9554185742,6891,"2026-07-10T19:25:36.000+02:00",0.96,0.993988573551178,9.8494336885283,"almost_certain","2p4",NA,51.5698,6.0015,FALSE,35,"Eurasian Blackbird","Turdus merula","#ff65df","avian","https://media.birdweather.com/species/35/EurasianBlackbird-standard-618b3a5132c7c359fb2a2884c39deb39.jpg","https://media.birdweather.com/species/35/EurasianBlackbird-thumbnail-276878929bed08167d1fd9bf34d63d40.jpg","https://media.birdweather.com/species/35/EurasianBlackbird-png200-ba5a1b43225da4611cac429c52a52c81.png","GfkFFwKRmrx2ZYiaaQe69nlzScn3T7IA",14157539725,"https://media.birdweather.com/soundscapes/6891/6891-20260710-172536.flac",0,3,"birdnetpi"
9554181562,6891,"2026-07-10T19:25:23.000+02:00",0.87,0.660715103149414,9.09594063153179,"almost_certain","2p4",NA,51.5682,6.0087,FALSE,119,"Common House-Martin","Delichon urbicum","#53b1ff","avian","https://media.birdweather.com/species/119/CommonHouse-Martin-standard-9ffbcc688c51210fb136a162c84d82ad.jpg","https://media.birdweather.com/species/119/CommonHouse-Martin-thumbnail-dd7059ca6235347c3097e7a66f04df95.jpg","https://media.birdweather.com/species/119/CommonHouse-Martin-png200-a73a8953ce2af50676da81e70b2746b2.png","YhgKDwKJd4iIiHd/h5h5d4mIeQqVllAH",14157534455,"https://media.birdweather.com/soundscapes/6891/6891-20260710-172523.flac",0,3,"birdnetpi"
9554174954,6891,"2026-07-10T19:25:05.000+02:00",0.74,0.660715103149414,8.74130019306647,"almost_certain","2p4",NA,51.5684,6.0006,FALSE,119,"Common House-Martin","Delichon urbicum","#53b1ff","avian","https://media.birdweather.com/species/119/CommonHouse-Martin-standard-9ffbcc688c51210fb136a162c84d82ad.jpg","https://media.birdweather.com/species/119/CommonHouse-Martin-thumbnail-dd7059ca6235347c3097e7a66f04df95.jpg","https://media.birdweather.com/species/119/CommonHouse-Martin-png200-a73a8953ce2af50676da81e70b2746b2.png","YhgKDwKJd4iIiHd/h5h5d4mIeQqVllAH",14157525865,"https://media.birdweather.com/soundscapes/6891/6891-20260710-172505.flac",0,3,"birdnetpi"
9554168748,6891,"2026-07-10T19:24:48.000+02:00",0.85,0.660715103149414,9.04700685836694,"almost_certain","2p4",NA,51.5661,6.0072,FALSE,119,"Common House-Martin","Delichon urbicum","#53b1ff","avian","https://media.birdweather.com/species/119/CommonHouse-Martin-standard-9ffbcc688c51210fb136a162c84d82ad.jpg","https://media.birdweather.com/species/119/CommonHouse-Martin-thumbnail-dd7059ca6235347c3097e7a66f04df95.jpg","https://media.birdweather.com/species/119/CommonHouse-Martin-png200-a73a8953ce2af50676da81e70b2746b2.png","YhgKDwKJd4iIiHd/h5h5d4mIeQqVllAH",14157517707,"https://media.birdweather.com/soundscapes/6891/6891-20260710-172448.flac",0,3,"birdnetpi"
9554153366,6891,"2026-07-10T19:24:05.000+02:00",0.71,0.660715103149414,8.64455412598336,"almost_certain","2p4",NA,51.5626,6.0093,FALSE,119,"Common House-Martin","Delichon urbicum","#53b1ff","avian","https://media.birdweather.com/species/119/CommonHouse-Martin-standard-9ffbcc688c51210fb136a162c84d82ad.jpg","https://media.birdweather.com/species/119/CommonHouse-Martin-thumbnail-dd7059ca6235347c3097e7a66f04df95.jpg","https://media.birdweather.com/species/119/CommonHouse-Martin-png200-a73a8953ce2af50676da81e70b2746b2.png","YhgKDwKJd4iIiHd/h5h5d4mIeQqVllAH",14157497386,"https://media.birdweather.com/soundscapes/6891/6891-20260710-172405.flac",0,3,"birdnetpi"
9553566016,6891,"2026-07-10T18:58:00.000+02:00",0.99,0.876010596752167,9.7390730015898,"almost_certain","2p4",NA,51.5632,6.009,FALSE,551,"Common Swift","Apus apus","#234bb2","avian","https://media.birdweather.com/species/551/CommonSwift-standard-ba54f84fbd8481b1c0de60654fbd79d5.jpg","https://media.birdweather.com/species/551/CommonSwift-thumbnail-bad1d7e3c141990f11d01e49e9f768ac.jpg","https://media.birdweather.com/species/551/CommonSwift-png200-f52bea49cb0e4232049806bde3e1a401.png","LLYFFwLchWelV5dvsqh1jKZoKJIEMkoA",14156749144,"https://media.birdweather.com/soundscapes/6891/6891-20260710-165800.flac",0,3,"birdnetpi"
9553560700,6891,"2026-07-10T18:57:45.000+02:00",0.86,0.660715103149414,9.07169221090561,"almost_certain","2p4",NA,51.5645,6.004,FALSE,119,"Common House-Martin","Delichon urbicum","#53b1ff","avian","https://media.birdweather.com/species/119/CommonHouse-Martin-standard-9ffbcc688c51210fb136a162c84d82ad.jpg","https://media.birdweather.com/species/119/CommonHouse-Martin-thumbnail-dd7059ca6235347c3097e7a66f04df95.jpg","https://media.birdweather.com/species/119/CommonHouse-Martin-png200-a73a8953ce2af50676da81e70b2746b2.png","YhgKDwKJd4iIiHd/h5h5d4mIeQqVllAH",14156742434,"https://media.birdweather.com/soundscapes/6891/6891-20260710-165745.flac",0,3,"birdnetpi"
9553549717,6891,"2026-07-10T18:57:16.000+02:00",0.85,0.660715103149414,9.04700685836694,"almost_certain","2p4",NA,51.5675,6.0052,FALSE,119,"Common House-Martin","Delichon urbicum","#53b1ff","avian","https://media.birdweather.com/species/119/CommonHouse-Martin-standard-9ffbcc688c51210fb136a162c84d82ad.jpg","https://media.birdweather.com/species/119/CommonHouse-Martin-thumbnail-dd7059ca6235347c3097e7a66f04df95.jpg","https://media.birdweather.com/species/119/CommonHouse-Martin-png200-a73a8953ce2af50676da81e70b2746b2.png","YhgKDwKJd4iIiHd/h5h5d4mIeQqVllAH",14156728670,"https://media.birdweather.com/soundscapes/6891/6891-20260710-165716.flac",0,3,"birdnetpi"
9553098596,6891,"2026-07-10T18:37:24.000+02:00",0.93,0.660715103149414,9.23305496975486,"almost_certain","2p4",NA,51.566,6.0006,FALSE,119,"Common House-Martin","Delichon urbicum","#53b1ff","avian","https://media.birdweather.com/species/119/CommonHouse-Martin-standard-9ffbcc688c51210fb136a162c84d82ad.jpg","https://media.birdweather.com/species/119/CommonHouse-Martin-thumbnail-dd7059ca6235347c3097e7a66f04df95.jpg","https://media.birdweather.com/species/119/CommonHouse-Martin-png200-a73a8953ce2af50676da81e70b2746b2.png","YhgKDwKJd4iIiHd/h5h5d4mIeQqVllAH",14156159187,"https://media.birdweather.com/soundscapes/6891/6891-20260710-163724.flac",0,3,"birdnetpi"
9553023416,6891,"2026-07-10T18:34:05.000+02:00",0.87,0.993988573551178,9.64858692888543,"almost_certain","2p4",NA,51.5655,6.0045,FALSE,35,"Eurasian Blackbird","Turdus merula","#ff65df","avian","https://media.birdweather.com/species/35/EurasianBlackbird-standard-618b3a5132c7c359fb2a2884c39deb39.jpg","https://media.birdweather.com/species/35/EurasianBlackbird-thumbnail-276878929bed08167d1fd9bf34d63d40.jpg","https://media.birdweather.com/species/35/EurasianBlackbird-png200-ba5a1b43225da4611cac429c52a52c81.png","GfkFFwKRmrx2ZYiaaQe69nlzScn3T7IA",14156063743,"https://media.birdweather.com/soundscapes/6891/6891-20260710-163405.flac",0,3,"birdnetpi"
9553014520,6891,"2026-07-10T18:33:43.000+02:00",0.77,0.993988573551178,9.38430890629487,"almost_certain","2p4",NA,51.5643,6.0024,FALSE,35,"Eurasian Blackbird","Turdus merula","#ff65df","avian","https://media.birdweather.com/species/35/EurasianBlackbird-standard-618b3a5132c7c359fb2a2884c39deb39.jpg","https://media.birdweather.com/species/35/EurasianBlackbird-thumbnail-276878929bed08167d1fd9bf34d63d40.jpg","https://media.birdweather.com/species/35/EurasianBlackbird-png200-ba5a1b43225da4611cac429c52a52c81.png","GfkFFwKRmrx2ZYiaaQe69nlzScn3T7IA",14156052396,"https://media.birdweather.com/soundscapes/6891/6891-20260710-163343.flac",0,3,"birdnetpi"
9552945344,6891,"2026-07-10T18:30:39.000+02:00",0.83,0.660715103149414,8.99626031616486,"almost_certain","2p4",NA,51.5627,6.0049,FALSE,119,"Common House-Martin","Delichon urbicum","#53b1ff","avian","https://media.birdweather.com/species/119/CommonHouse-Martin-standard-9ffbcc688c51210fb136a162c84d82ad.jpg","https://media.birdweather.com/species/119/CommonHouse-Martin-thumbnail-dd7059ca6235347c3097e7a66f04df95.jpg","https://media.birdweather.com/species/119/CommonHouse-Martin-png200-a73a8953ce2af50676da81e70b2746b2.png","YhgKDwKJd4iIiHd/h5h5d4mIeQqVllAH",14155964829,"https://media.birdweather.com/soundscapes/6891/6891-20260710-163039.flac",0,3,"birdnetpi"
9552909241,6891,"2026-07-10T18:29:13.000+02:00",0.91,0.660715103149414,9.18885758851589,"almost_certain","2p4",NA,51.566,6.0084,FALSE,119,"Common House-Martin","Delichon urbicum","#53b1ff","avian","https://media.birdweather.com/species/119/CommonHouse-Martin-standard-9ffbcc688c51210fb136a162c84d82ad.jpg","https://media.birdweather.com/species/119/CommonHouse-Martin-thumbnail-dd7059ca6235347c3097e7a66f04df95.jpg","https://media.birdweather.com/species/119/CommonHouse-Martin-png200-a73a8953ce2af50676da81e70b2746b2.png","YhgKDwKJd4iIiHd/h5h5d4mIeQqVllAH",14155919125,"https://media.birdweather.com/soundscapes/6891/6891-20260710-162913.flac",0,3,"birdnetpi"
9552900157,6891,"2026-07-10T18:28:45.000+02:00",0.98,0.660715103149414,9.33768595068972,"almost_certain","2p4",NA,51.5657,6.0084,FALSE,119,"Common House-Martin","Delichon urbicum","#53b1ff","avian","https://media.birdweather.com/species/119/CommonHouse-Martin-standard-9ffbcc688c51210fb136a162c84d82ad.jpg","https://media.birdweather.com/species/119/CommonHouse-Martin-thumbnail-dd7059ca6235347c3097e7a66f04df95.jpg","https://media.birdweather.com/species/119/CommonHouse-Martin-png200-a73a8953ce2af50676da81e70b2746b2.png","YhgKDwKJd4iIiHd/h5h5d4mIeQqVllAH",14155907812,"https://media.birdweather.com/soundscapes/6891/6891-20260710-162845.flac",0,3,"birdnetpi"
9552838660,6891,"2026-07-10T18:25:59.000+02:00",0.98,0.660715103149414,9.33768595068972,"almost_certain","2p4",NA,51.5661,6.0056,FALSE,119,"Common House-Martin","Delichon urbicum","#53b1ff","avian","https://media.birdweather.com/species/119/CommonHouse-Martin-standard-9ffbcc688c51210fb136a162c84d82ad.jpg","https://media.birdweather.com/species/119/CommonHouse-Martin-thumbnail-dd7059ca6235347c3097e7a66f04df95.jpg","https://media.birdweather.com/species/119/CommonHouse-Martin-png200-a73a8953ce2af50676da81e70b2746b2.png","YhgKDwKJd4iIiHd/h5h5d4mIeQqVllAH",14155831082,"https://media.birdweather.com/soundscapes/6891/6891-20260710-162559.flac",0,3,"birdnetpi"
9552810707,6891,"2026-07-10T18:24:47.000+02:00",0.76,0.660715103149414,8.80219910778852,"almost_certain","2p4",NA,51.5639,6.0061,FALSE,119,"Common House-Martin","Delichon urbicum","#53b1ff","avian","https://media.birdweather.com/species/119/CommonHouse-Martin-standard-9ffbcc688c51210fb136a162c84d82ad.jpg","https://media.birdweather.com/species/119/CommonHouse-Martin-thumbnail-dd7059ca6235347c3097e7a66f04df95.jpg","https://media.birdweather.com/species/119/CommonHouse-Martin-png200-a73a8953ce2af50676da81e70b2746b2.png","YhgKDwKJd4iIiHd/h5h5d4mIeQqVllAH",14155796722,"https://media.birdweather.com/soundscapes/6891/6891-20260710-162447.flac",0,3,"birdnetpi"
9552558084,6891,"2026-07-10T18:13:56.000+02:00",0.94,0.660715103149414,9.25463021880121,"almost_certain","2p4",NA,51.5686,6.0013,FALSE,119,"Common House-Martin","Delichon urbicum","#53b1ff","avian","https://media.birdweather.com/species/119/CommonHouse-Martin-standard-9ffbcc688c51210fb136a162c84d82ad.jpg","https://media.birdweather.com/species/119/CommonHouse-Martin-thumbnail-dd7059ca6235347c3097e7a66f04df95.jpg","https://media.birdweather.com/species/119/CommonHouse-Martin-png200-a73a8953ce2af50676da81e70b2746b2.png","YhgKDwKJd4iIiHd/h5h5d4mIeQqVllAH",14155485065,"https://media.birdweather.com/soundscapes/6891/6891-20260710-161356.flac",0,3,"birdnetpi"
9552490104,6891,"2026-07-10T18:11:02.000+02:00",0.71,0.827771067619324,8.94924269154857,"almost_certain","2p4",NA,51.5621,6.0089,FALSE,1,"House Sparrow","Passer domesticus","#d16ff8","avian","https://media.birdweather.com/species/1/HouseSparrow-standard-b861184cf45c092cdb45fd689dd676ef.jpg","https://media.birdweather.com/species/1/HouseSparrow-thumbnail-e9cbc91763a1579de8ef04880678b5e3.jpg","https://media.birdweather.com/species/1/HouseSparrow-png200-125e8603e1efe9d7a18316b94f06a65e.png","XAgCDwD8qpukuHiqtLZ9mImnmPFcDO4E",14155401525,"https://media.birdweather.com/soundscapes/6891/6891-20260710-161102.flac",0,3,"birdnetpi"
9552446595,6891,"2026-07-10T18:09:11.000+02:00",0.71,0.827771067619324,8.94924269154857,"almost_certain","2p4",NA,51.5673,6.0056,FALSE,1,"House Sparrow","Passer domesticus","#d16ff8","avian","https://media.birdweather.com/species/1/HouseSparrow-standard-b861184cf45c092cdb45fd689dd676ef.jpg","https://media.birdweather.com/species/1/HouseSparrow-thumbnail-e9cbc91763a1579de8ef04880678b5e3.jpg","https://media.birdweather.com/species/1/HouseSparrow-png200-125e8603e1efe9d7a18316b94f06a65e.png","XAgCDwD8qpukuHiqtLZ9mImnmPFcDO4E",14155348184,"https://media.birdweather.com/soundscapes/6891/6891-20260710-160911.flac",0,3,"birdnetpi"
9552321179,6891,"2026-07-10T18:03:54.000+02:00",0.92,0.660715103149414,9.21113450211023,"almost_certain","2p4",NA,51.5662,6.0016,FALSE,119,"Common House-Martin","Delichon urbicum","#53b1ff","avian","https://media.birdweather.com/species/119/CommonHouse-Martin-standard-9ffbcc688c51210fb136a162c84d82ad.jpg","https://media.birdweather.com/species/119/CommonHouse-Martin-thumbnail-dd7059ca6235347c3097e7a66f04df95.jpg","https://media.birdweather.com/species/119/CommonHouse-Martin-png200-a73a8953ce2af50676da81e70b2746b2.png","YhgKDwKJd4iIiHd/h5h5d4mIeQqVllAH",14155195576,"https://media.birdweather.com/soundscapes/6891/6891-20260710-160354.flac",0,3,"birdnetpi"
9552296537,6891,"2026-07-10T18:02:56.000+02:00",0.86,0.827771067619324,9.37638077647082,"almost_certain","2p4",NA,51.5623,6.0089,FALSE,1,"House Sparrow","Passer domesticus","#d16ff8","avian","https://media.birdweather.com/species/1/HouseSparrow-standard-b861184cf45c092cdb45fd689dd676ef.jpg","https://media.birdweather.com/species/1/HouseSparrow-thumbnail-e9cbc91763a1579de8ef04880678b5e3.jpg","https://media.birdweather.com/species/1/HouseSparrow-png200-125e8603e1efe9d7a18316b94f06a65e.png","XAgCDwD8qpukuHiqtLZ9mImnmPFcDO4E",14155165753,"https://media.birdweather.com/soundscapes/6891/6891-20260710-160256.flac",0,3,"birdnetpi"
9552289482,6891,"2026-07-10T18:02:33.000+02:00",0.73,0.827771067619324,9.01449311866385,"almost_certain","2p4",NA,51.567,6.0063,FALSE,1,"House Sparrow","Passer domesticus","#d16ff8","avian","https://media.birdweather.com/species/1/HouseSparrow-standard-b861184cf45c092cdb45fd689dd676ef.jpg","https://media.birdweather.com/species/1/HouseSparrow-thumbnail-e9cbc91763a1579de8ef04880678b5e3.jpg","https://media.birdweather.com/species/1/HouseSparrow-png200-125e8603e1efe9d7a18316b94f06a65e.png","XAgCDwD8qpukuHiqtLZ9mImnmPFcDO4E",14155157196,"https://media.birdweather.com/soundscapes/6891/6891-20260710-160233.flac",0,3,"birdnetpi"
9552278505,6891,"2026-07-10T18:02:11.000+02:00",0.93,0.827771067619324,9.53774353532007,"almost_certain","2p4",NA,51.5661,6.0084,FALSE,1,"House Sparrow","Passer domesticus","#d16ff8","avian","https://media.birdweather.com/species/1/HouseSparrow-standard-b861184cf45c092cdb45fd689dd676ef.jpg","https://media.birdweather.com/species/1/HouseSparrow-thumbnail-e9cbc91763a1579de8ef04880678b5e3.jpg","https://media.birdweather.com/species/1/HouseSparrow-png200-125e8603e1efe9d7a18316b94f06a65e.png","XAgCDwD8qpukuHiqtLZ9mImnmPFcDO4E",14155144157,"https://media.birdweather.com/soundscapes/6891/6891-20260710-160211.flac",0,3,"birdnetpi"
9552270426,6891,"2026-07-10T18:01:50.000+02:00",0.85,0.827771067619324,9.35169542393215,"almost_certain","2p4",NA,51.5698,6.0052,FALSE,1,"House Sparrow","Passer domesticus","#d16ff8","avian","https://media.birdweather.com/species/1/HouseSparrow-standard-b861184cf45c092cdb45fd689dd676ef.jpg","https://media.birdweather.com/species/1/HouseSparrow-thumbnail-e9cbc91763a1579de8ef04880678b5e3.jpg","https://media.birdweather.com/species/1/HouseSparrow-png200-125e8603e1efe9d7a18316b94f06a65e.png","XAgCDwD8qpukuHiqtLZ9mImnmPFcDO4E",14155134702,"https://media.birdweather.com/soundscapes/6891/6891-20260710-160150.flac",0,3,"birdnetpi"
9552263335,6891,"2026-07-10T18:01:32.000+02:00",0.9,0.827771067619324,9.47090101040795,"almost_certain","2p4",NA,51.5629,6.0092,FALSE,1,"House Sparrow","Passer domesticus","#d16ff8","avian","https://media.birdweather.com/species/1/HouseSparrow-standard-b861184cf45c092cdb45fd689dd676ef.jpg","https://media.birdweather.com/species/1/HouseSparrow-thumbnail-e9cbc91763a1579de8ef04880678b5e3.jpg","https://media.birdweather.com/species/1/HouseSparrow-png200-125e8603e1efe9d7a18316b94f06a65e.png","XAgCDwD8qpukuHiqtLZ9mImnmPFcDO4E",14155126061,"https://media.birdweather.com/soundscapes/6891/6891-20260710-160132.flac",0,3,"birdnetpi"
9552264058,6891,"2026-07-10T18:01:31.000+02:00",0.86,0.660715103149414,9.07169221090561,"almost_certain","2p4",NA,51.5678,6.0078,FALSE,119,"Common House-Martin","Delichon urbicum","#53b1ff","avian","https://media.birdweather.com/species/119/CommonHouse-Martin-standard-9ffbcc688c51210fb136a162c84d82ad.jpg","https://media.birdweather.com/species/119/CommonHouse-Martin-thumbnail-dd7059ca6235347c3097e7a66f04df95.jpg","https://media.birdweather.com/species/119/CommonHouse-Martin-png200-a73a8953ce2af50676da81e70b2746b2.png","YhgKDwKJd4iIiHd/h5h5d4mIeQqVllAH",14155126889,"https://media.birdweather.com/soundscapes/6891/6891-20260710-160131.flac",0,3,"birdnetpi"
9552256870,6891,"2026-07-10T18:01:13.000+02:00",0.86,0.827771067619324,9.37638077647082,"almost_certain","2p4",NA,51.5636,6.0025,FALSE,1,"House Sparrow","Passer domesticus","#d16ff8","avian","https://media.birdweather.com/species/1/HouseSparrow-standard-b861184cf45c092cdb45fd689dd676ef.jpg","https://media.birdweather.com/species/1/HouseSparrow-thumbnail-e9cbc91763a1579de8ef04880678b5e3.jpg","https://media.birdweather.com/species/1/HouseSparrow-png200-125e8603e1efe9d7a18316b94f06a65e.png","XAgCDwD8qpukuHiqtLZ9mImnmPFcDO4E",14155118321,"https://media.birdweather.com/soundscapes/6891/6891-20260710-160113.flac",0,3,"birdnetpi"
9552252208,6891,"2026-07-10T18:01:01.000+02:00",0.86,0.660715103149414,9.07169221090561,"almost_certain","2p4",NA,51.5683,6.0043,FALSE,119,"Common House-Martin","Delichon urbicum","#53b1ff","avian","https://media.birdweather.com/species/119/CommonHouse-Martin-standard-9ffbcc688c51210fb136a162c84d82ad.jpg","https://media.birdweather.com/species/119/CommonHouse-Martin-thumbnail-dd7059ca6235347c3097e7a66f04df95.jpg","https://media.birdweather.com/species/119/CommonHouse-Martin-png200-a73a8953ce2af50676da81e70b2746b2.png","YhgKDwKJd4iIiHd/h5h5d4mIeQqVllAH",14155112545,"https://media.birdweather.com/soundscapes/6891/6891-20260710-160101.flac",0,3,"birdnetpi"
9552250230,6891,"2026-07-10T18:00:56.000+02:00",0.81,0.827771067619324,9.248250076996,"almost_certain","2p4",NA,51.5635,6.0046,FALSE,1,"House Sparrow","Passer domesticus","#d16ff8","avian","https://media.birdweather.com/species/1/HouseSparrow-standard-b861184cf45c092cdb45fd689dd676ef.jpg","https://media.birdweather.com/species/1/HouseSparrow-thumbnail-e9cbc91763a1579de8ef04880678b5e3.jpg","https://media.birdweather.com/species/1/HouseSparrow-png200-125e8603e1efe9d7a18316b94f06a65e.png","XAgCDwD8qpukuHiqtLZ9mImnmPFcDO4E",14155110212,"https://media.birdweather.com/soundscapes/6891/6891-20260710-160056.flac",0,3,"birdnetpi"
9552239844,6891,"2026-07-10T18:00:31.000+02:00",0.86,0.827771067619324,9.37638077647082,"almost_certain","2p4",NA,51.5677,6.0051,FALSE,1,"House Sparrow","Passer domesticus","#d16ff8","avian","https://media.birdweather.com/species/1/HouseSparrow-standard-b861184cf45c092cdb45fd689dd676ef.jpg","https://media.birdweather.com/species/1/HouseSparrow-thumbnail-e9cbc91763a1579de8ef04880678b5e3.jpg","https://media.birdweather.com/species/1/HouseSparrow-png200-125e8603e1efe9d7a18316b94f06a65e.png","XAgCDwD8qpukuHiqtLZ9mImnmPFcDO4E",14155097276,"https://media.birdweather.com/soundscapes/6891/6891-20260710-160031.flac",0,3,"birdnetpi"
9552229220,6891,"2026-07-10T18:00:10.000+02:00",0.83,0.827771067619324,9.30094888173008,"almost_certain","2p4",NA,51.5682,6.0046,FALSE,1,"House Sparrow","Passer domesticus","#d16ff8","avian","https://media.birdweather.com/species/1/HouseSparrow-standard-b861184cf45c092cdb45fd689dd676ef.jpg","https://media.birdweather.com/species/1/HouseSparrow-thumbnail-e9cbc91763a1579de8ef04880678b5e3.jpg","https://media.birdweather.com/species/1/HouseSparrow-png200-125e8603e1efe9d7a18316b94f06a65e.png","XAgCDwD8qpukuHiqtLZ9mImnmPFcDO4E",14155084305,"https://media.birdweather.com/soundscapes/6891/6891-20260710-160010.flac",0,3,"birdnetpi"
9552220741,6891,"2026-07-10T17:59:40.000+02:00",0.86,0.827771067619324,9.37638077647082,"almost_certain","2p4",NA,51.5643,6.0038,FALSE,1,"House Sparrow","Passer domesticus","#d16ff8","avian","https://media.birdweather.com/species/1/HouseSparrow-standard-b861184cf45c092cdb45fd689dd676ef.jpg","https://media.birdweather.com/species/1/HouseSparrow-thumbnail-e9cbc91763a1579de8ef04880678b5e3.jpg","https://media.birdweather.com/species/1/HouseSparrow-png200-125e8603e1efe9d7a18316b94f06a65e.png","XAgCDwD8qpukuHiqtLZ9mImnmPFcDO4E",14155073738,"https://media.birdweather.com/soundscapes/6891/6891-20260710-155940.flac",0,3,"birdnetpi"
9552210550,6891,"2026-07-10T17:59:22.000+02:00",0.9,0.827771067619324,9.47090101040795,"almost_certain","2p4",NA,51.5686,6.0008,FALSE,1,"House Sparrow","Passer domesticus","#d16ff8","avian","https://media.birdweather.com/species/1/HouseSparrow-standard-b861184cf45c092cdb45fd689dd676ef.jpg","https://media.birdweather.com/species/1/HouseSparrow-thumbnail-e9cbc91763a1579de8ef04880678b5e3.jpg","https://media.birdweather.com/species/1/HouseSparrow-png200-125e8603e1efe9d7a18316b94f06a65e.png","XAgCDwD8qpukuHiqtLZ9mImnmPFcDO4E",14155060712,"https://media.birdweather.com/soundscapes/6891/6891-20260710-155922.flac",0,3,"birdnetpi"
9552200072,6891,"2026-07-10T17:58:47.000+02:00",0.85,0.827771067619324,9.35169542393215,"almost_certain","2p4",NA,51.5617,6.0057,FALSE,1,"House Sparrow","Passer domesticus","#d16ff8","avian","https://media.birdweather.com/species/1/HouseSparrow-standard-b861184cf45c092cdb45fd689dd676ef.jpg","https://media.birdweather.com/species/1/HouseSparrow-thumbnail-e9cbc91763a1579de8ef04880678b5e3.jpg","https://media.birdweather.com/species/1/HouseSparrow-png200-125e8603e1efe9d7a18316b94f06a65e.png","XAgCDwD8qpukuHiqtLZ9mImnmPFcDO4E",14155047706,"https://media.birdweather.com/soundscapes/6891/6891-20260710-155847.flac",0,3,"birdnetpi"
9552188740,6891,"2026-07-10T17:58:17.000+02:00",0.7,0.827771067619324,8.91541381229976,"almost_certain","2p4",NA,51.5663,6.0091,FALSE,1,"House Sparrow","Passer domesticus","#d16ff8","avian","https://media.birdweather.com/species/1/HouseSparrow-standard-b861184cf45c092cdb45fd689dd676ef.jpg","https://media.birdweather.com/species/1/HouseSparrow-thumbnail-e9cbc91763a1579de8ef04880678b5e3.jpg","https://media.birdweather.com/species/1/HouseSparrow-png200-125e8603e1efe9d7a18316b94f06a65e.png","XAgCDwD8qpukuHiqtLZ9mImnmPFcDO4E",14155033862,"https://media.birdweather.com/soundscapes/6891/6891-20260710-155817.flac",0,3,"birdnetpi"
9552178111,6891,"2026-07-10T17:57:50.000+02:00",0.84,0.827771067619324,9.32655710395673,"almost_certain","2p4",NA,51.5647,6.0008,FALSE,1,"House Sparrow","Passer domesticus","#d16ff8","avian","https://media.birdweather.com/species/1/HouseSparrow-standard-b861184cf45c092cdb45fd689dd676ef.jpg","https://media.birdweather.com/species/1/HouseSparrow-thumbnail-e9cbc91763a1579de8ef04880678b5e3.jpg","https://media.birdweather.com/species/1/HouseSparrow-png200-125e8603e1efe9d7a18316b94f06a65e.png","XAgCDwD8qpukuHiqtLZ9mImnmPFcDO4E",14155020784,"https://media.birdweather.com/soundscapes/6891/6891-20260710-155750.flac",0,3,"birdnetpi"
9552163616,6891,"2026-07-10T17:57:21.000+02:00",0.79,0.827771067619324,9.19344276857523,"almost_certain","2p4",NA,51.5657,6.0092,FALSE,1,"House Sparrow","Passer domesticus","#d16ff8","avian","https://media.birdweather.com/species/1/HouseSparrow-standard-b861184cf45c092cdb45fd689dd676ef.jpg","https://media.birdweather.com/species/1/HouseSparrow-thumbnail-e9cbc91763a1579de8ef04880678b5e3.jpg","https://media.birdweather.com/species/1/HouseSparrow-png200-125e8603e1efe9d7a18316b94f06a65e.png","XAgCDwD8qpukuHiqtLZ9mImnmPFcDO4E",14155002992,"https://media.birdweather.com/soundscapes/6891/6891-20260710-155721.flac",0,3,"birdnetpi"
9552157276,6891,"2026-07-10T17:57:05.000+02:00",0.85,0.827771067619324,9.35169542393215,"almost_certain","2p4",NA,51.5637,6.0031,FALSE,1,"House Sparrow","Passer domesticus","#d16ff8","avian","https://media.birdweather.com/species/1/HouseSparrow-standard-b861184cf45c092cdb45fd689dd676ef.jpg","https://media.birdweather.com/species/1/HouseSparrow-thumbnail-e9cbc91763a1579de8ef04880678b5e3.jpg","https://media.birdweather.com/species/1/HouseSparrow-png200-125e8603e1efe9d7a18316b94f06a65e.png","XAgCDwD8qpukuHiqtLZ9mImnmPFcDO4E",14154994838,"https://media.birdweather.com/soundscapes/6891/6891-20260710-155705.flac",0,3,"birdnetpi"
9552146837,6891,"2026-07-10T17:56:39.000+02:00",0.9,0.827771067619324,9.47090101040795,"almost_certain","2p4",NA,51.5616,6.0034,FALSE,1,"House Sparrow","Passer domesticus","#d16ff8","avian","https://media.birdweather.com/species/1/HouseSparrow-standard-b861184cf45c092cdb45fd689dd676ef.jpg","https://media.birdweather.com/species/1/HouseSparrow-thumbnail-e9cbc91763a1579de8ef04880678b5e3.jpg","https://media.birdweather.com/species/1/HouseSparrow-png200-125e8603e1efe9d7a18316b94f06a65e.png","XAgCDwD8qpukuHiqtLZ9mImnmPFcDO4E",14154981896,"https://media.birdweather.com/soundscapes/6891/6891-20260710-155639.flac",0,3,"birdnetpi"
9552141609,6891,"2026-07-10T17:56:17.000+02:00",0.7,0.993988573551178,9.16337154408819,"almost_certain","2p4",NA,51.5642,6.0079,FALSE,35,"Eurasian Blackbird","Turdus merula","#ff65df","avian","https://media.birdweather.com/species/35/EurasianBlackbird-standard-618b3a5132c7c359fb2a2884c39deb39.jpg","https://media.birdweather.com/species/35/EurasianBlackbird-thumbnail-276878929bed08167d1fd9bf34d63d40.jpg","https://media.birdweather.com/species/35/EurasianBlackbird-png200-ba5a1b43225da4611cac429c52a52c81.png","GfkFFwKRmrx2ZYiaaQe69nlzScn3T7IA",14154975545,"https://media.birdweather.com/soundscapes/6891/6891-20260710-155617.flac",0,3,"birdnetpi"
9552132464,6891,"2026-07-10T17:55:52.000+02:00",0.73,0.660715103149414,8.70980455309864,"almost_certain","2p4",NA,51.5639,6.0084,FALSE,119,"Common House-Martin","Delichon urbicum","#53b1ff","avian","https://media.birdweather.com/species/119/CommonHouse-Martin-standard-9ffbcc688c51210fb136a162c84d82ad.jpg","https://media.birdweather.com/species/119/CommonHouse-Martin-thumbnail-dd7059ca6235347c3097e7a66f04df95.jpg","https://media.birdweather.com/species/119/CommonHouse-Martin-png200-a73a8953ce2af50676da81e70b2746b2.png","YhgKDwKJd4iIiHd/h5h5d4mIeQqVllAH",14154964207,"https://media.birdweather.com/soundscapes/6891/6891-20260710-155552.flac",0,3,"birdnetpi"
9552083307,6891,"2026-07-10T17:53:51.000+02:00",0.88,0.660715103149414,9.11976731904705,"almost_certain","2p4",NA,51.5657,6.0039,FALSE,119,"Common House-Martin","Delichon urbicum","#53b1ff","avian","https://media.birdweather.com/species/119/CommonHouse-Martin-standard-9ffbcc688c51210fb136a162c84d82ad.jpg","https://media.birdweather.com/species/119/CommonHouse-Martin-thumbnail-dd7059ca6235347c3097e7a66f04df95.jpg","https://media.birdweather.com/species/119/CommonHouse-Martin-png200-a73a8953ce2af50676da81e70b2746b2.png","YhgKDwKJd4iIiHd/h5h5d4mIeQqVllAH",14154903411,"https://media.birdweather.com/soundscapes/6891/6891-20260710-155351.flac",0,3,"birdnetpi"
9552065230,6891,"2026-07-10T17:53:02.000+02:00",0.94,0.660715103149414,9.25463021880121,"almost_certain","2p4",NA,51.5703,6.0068,FALSE,119,"Common House-Martin","Delichon urbicum","#53b1ff","avian","https://media.birdweather.com/species/119/CommonHouse-Martin-standard-9ffbcc688c51210fb136a162c84d82ad.jpg","https://media.birdweather.com/species/119/CommonHouse-Martin-thumbnail-dd7059ca6235347c3097e7a66f04df95.jpg","https://media.birdweather.com/species/119/CommonHouse-Martin-png200-a73a8953ce2af50676da81e70b2746b2.png","YhgKDwKJd4iIiHd/h5h5d4mIeQqVllAH",14154880719,"https://media.birdweather.com/soundscapes/6891/6891-20260710-155302.flac",0,3,"birdnetpi"
9552044252,6891,"2026-07-10T17:52:11.000+02:00",0.96,0.660715103149414,9.29678739117466,"almost_certain","2p4",NA,51.5692,6.0005,FALSE,119,"Common House-Martin","Delichon urbicum","#53b1ff","avian","https://media.birdweather.com/species/119/CommonHouse-Martin-standard-9ffbcc688c51210fb136a162c84d82ad.jpg","https://media.birdweather.com/species/119/CommonHouse-Martin-thumbnail-dd7059ca6235347c3097e7a66f04df95.jpg","https://media.birdweather.com/species/119/CommonHouse-Martin-png200-a73a8953ce2af50676da81e70b2746b2.png","YhgKDwKJd4iIiHd/h5h5d4mIeQqVllAH",14154854709,"https://media.birdweather.com/soundscapes/6891/6891-20260710-155211.flac",0,3,"birdnetpi"
9552033374,6891,"2026-07-10T17:51:43.000+02:00",0.81,0.827771067619324,9.248250076996,"almost_certain","2p4",NA,51.5638,6.0037,FALSE,1,"House Sparrow","Passer domesticus","#d16ff8","avian","https://media.birdweather.com/species/1/HouseSparrow-standard-b861184cf45c092cdb45fd689dd676ef.jpg","https://media.birdweather.com/species/1/HouseSparrow-thumbnail-e9cbc91763a1579de8ef04880678b5e3.jpg","https://media.birdweather.com/species/1/HouseSparrow-png200-125e8603e1efe9d7a18316b94f06a65e.png","XAgCDwD8qpukuHiqtLZ9mImnmPFcDO4E",14154841168,"https://media.birdweather.com/soundscapes/6891/6891-20260710-155143.flac",0,3,"birdnetpi"
9552022559,6891,"2026-07-10T17:51:11.000+02:00",0.86,0.827771067619324,9.37638077647082,"almost_certain","2p4",NA,51.5616,6.0054,FALSE,1,"House Sparrow","Passer domesticus","#d16ff8","avian","https://media.birdweather.com/species/1/HouseSparrow-standard-b861184cf45c092cdb45fd689dd676ef.jpg","https://media.birdweather.com/species/1/HouseSparrow-thumbnail-e9cbc91763a1579de8ef04880678b5e3.jpg","https://media.birdweather.com/species/1/HouseSparrow-png200-125e8603e1efe9d7a18316b94f06a65e.png","XAgCDwD8qpukuHiqtLZ9mImnmPFcDO4E",14154828194,"https://media.birdweather.com/soundscapes/6891/6891-20260710-155111.flac",0,3,"birdnetpi"
9552011931,6891,"2026-07-10T17:50:45.000+02:00",0.87,0.827771067619324,9.400629197097,"almost_certain","2p4",NA,51.5679,6.0047,FALSE,1,"House Sparrow","Passer domesticus","#d16ff8","avian","https://media.birdweather.com/species/1/HouseSparrow-standard-b861184cf45c092cdb45fd689dd676ef.jpg","https://media.birdweather.com/species/1/HouseSparrow-thumbnail-e9cbc91763a1579de8ef04880678b5e3.jpg","https://media.birdweather.com/species/1/HouseSparrow-png200-125e8603e1efe9d7a18316b94f06a65e.png","XAgCDwD8qpukuHiqtLZ9mImnmPFcDO4E",14154815151,"https://media.birdweather.com/soundscapes/6891/6891-20260710-155045.flac",0,3,"birdnetpi"
9552000958,6891,"2026-07-10T17:50:23.000+02:00",0.88,0.827771067619324,9.42445588461226,"almost_certain","2p4",NA,51.5679,6.005,FALSE,1,"House Sparrow","Passer domesticus","#d16ff8","avian","https://media.birdweather.com/species/1/HouseSparrow-standard-b861184cf45c092cdb45fd689dd676ef.jpg","https://media.birdweather.com/species/1/HouseSparrow-thumbnail-e9cbc91763a1579de8ef04880678b5e3.jpg","https://media.birdweather.com/species/1/HouseSparrow-png200-125e8603e1efe9d7a18316b94f06a65e.png","XAgCDwD8qpukuHiqtLZ9mImnmPFcDO4E",14154801378,"https://media.birdweather.com/soundscapes/6891/6891-20260710-155023.flac",0,3,"birdnetpi"
9551998749,6891,"2026-07-10T17:50:11.000+02:00",0.89,0.876010596752167,9.52457338844239,"almost_certain","2p4",NA,51.5649,6.0035,FALSE,551,"Common Swift","Apus apus","#234bb2","avian","https://media.birdweather.com/species/551/CommonSwift-standard-ba54f84fbd8481b1c0de60654fbd79d5.jpg","https://media.birdweather.com/species/551/CommonSwift-thumbnail-bad1d7e3c141990f11d01e49e9f768ac.jpg","https://media.birdweather.com/species/551/CommonSwift-png200-f52bea49cb0e4232049806bde3e1a401.png","LLYFFwLchWelV5dvsqh1jKZoKJIEMkoA",14154798890,"https://media.birdweather.com/soundscapes/6891/6891-20260710-155011.flac",0,3,"birdnetpi"
9551994536,6891,"2026-07-10T17:50:05.000+02:00",0.9,0.827771067619324,9.47090101040795,"almost_certain","2p4",NA,51.569,6.0045,FALSE,1,"House Sparrow","Passer domesticus","#d16ff8","avian","https://media.birdweather.com/species/1/HouseSparrow-standard-b861184cf45c092cdb45fd689dd676ef.jpg","https://media.birdweather.com/species/1/HouseSparrow-thumbnail-e9cbc91763a1579de8ef04880678b5e3.jpg","https://media.birdweather.com/species/1/HouseSparrow-png200-125e8603e1efe9d7a18316b94f06a65e.png","XAgCDwD8qpukuHiqtLZ9mImnmPFcDO4E",14154793571,"https://media.birdweather.com/soundscapes/6891/6891-20260710-155005.flac",0,3,"birdnetpi"
9551983852,6891,"2026-07-10T17:49:38.000+02:00",0.7,0.827771067619324,8.91541381229976,"almost_certain","2p4",NA,51.5637,6.0032,FALSE,1,"House Sparrow","Passer domesticus","#d16ff8","avian","https://media.birdweather.com/species/1/HouseSparrow-standard-b861184cf45c092cdb45fd689dd676ef.jpg","https://media.birdweather.com/species/1/HouseSparrow-thumbnail-e9cbc91763a1579de8ef04880678b5e3.jpg","https://media.birdweather.com/species/1/HouseSparrow-png200-125e8603e1efe9d7a18316b94f06a65e.png","XAgCDwD8qpukuHiqtLZ9mImnmPFcDO4E",14154780590,"https://media.birdweather.com/soundscapes/6891/6891-20260710-154938.flac",0,3,"birdnetpi"
9551951987,6891,"2026-07-10T17:48:10.000+02:00",0.85,0.660715103149414,9.04700685836694,"almost_certain","2p4",NA,51.5704,6.0066,FALSE,119,"Common House-Martin","Delichon urbicum","#53b1ff","avian","https://media.birdweather.com/species/119/CommonHouse-Martin-standard-9ffbcc688c51210fb136a162c84d82ad.jpg","https://media.birdweather.com/species/119/CommonHouse-Martin-thumbnail-dd7059ca6235347c3097e7a66f04df95.jpg","https://media.birdweather.com/species/119/CommonHouse-Martin-png200-a73a8953ce2af50676da81e70b2746b2.png","YhgKDwKJd4iIiHd/h5h5d4mIeQqVllAH",14154741804,"https://media.birdweather.com/soundscapes/6891/6891-20260710-154810.flac",0,3,"birdnetpi"
9551915750,6891,"2026-07-10T17:46:38.000+02:00",0.8,0.660715103149414,8.91643191203502,"almost_certain","2p4",NA,51.563,6.0052,FALSE,119,"Common House-Martin","Delichon urbicum","#53b1ff","avian","https://media.birdweather.com/species/119/CommonHouse-Martin-standard-9ffbcc688c51210fb136a162c84d82ad.jpg","https://media.birdweather.com/species/119/CommonHouse-Martin-thumbnail-dd7059ca6235347c3097e7a66f04df95.jpg","https://media.birdweather.com/species/119/CommonHouse-Martin-png200-a73a8953ce2af50676da81e70b2746b2.png","YhgKDwKJd4iIiHd/h5h5d4mIeQqVllAH",14154697635,"https://media.birdweather.com/soundscapes/6891/6891-20260710-154638.flac",0,3,"birdnetpi"
9551838094,6891,"2026-07-10T17:43:31.000+02:00",1,0.159493267536163,7.49292105705004,"almost_certain","2p4",NA,51.5691,6.0067,FALSE,143,"Eurasian Oystercatcher","Haematopus ostralegus","#ca8600","avian","https://media.birdweather.com/species/143/EurasianOystercatcher-standard-de054f6108c9ec46b2430e18a3a05899.jpg","https://media.birdweather.com/species/143/EurasianOystercatcher-thumbnail-30dda908d192acf9a6ba366e2d58599a.jpg","https://media.birdweather.com/species/143/EurasianOystercatcher-png200-eaade4c821880831fc0130856cf4cad3.png","3vcRFwKHd4mAiHeCdth4eIeIhYD5CocK",14154603705,"https://media.birdweather.com/soundscapes/6891/6891-20260710-154331.flac",0,3,"birdnetpi"
9551823493,6891,"2026-07-10T17:42:52.000+02:00",0.99,0.159493267536163,7.47320848674066,"almost_certain","2p4",NA,51.5703,6.0069,FALSE,143,"Eurasian Oystercatcher","Haematopus ostralegus","#ca8600","avian","https://media.birdweather.com/species/143/EurasianOystercatcher-standard-de054f6108c9ec46b2430e18a3a05899.jpg","https://media.birdweather.com/species/143/EurasianOystercatcher-thumbnail-30dda908d192acf9a6ba366e2d58599a.jpg","https://media.birdweather.com/species/143/EurasianOystercatcher-png200-eaade4c821880831fc0130856cf4cad3.png","3vcRFwKHd4mAiHeCdth4eIeIhYD5CocK",14154585788,"https://media.birdweather.com/soundscapes/6891/6891-20260710-154252.flac",0,3,"birdnetpi"
9551816748,6891,"2026-07-10T17:42:29.000+02:00",0.91,0.159493267536163,7.30437976935985,"almost_certain","2p4",NA,51.5624,6.0074,FALSE,143,"Eurasian Oystercatcher","Haematopus ostralegus","#ca8600","avian","https://media.birdweather.com/species/143/EurasianOystercatcher-standard-de054f6108c9ec46b2430e18a3a05899.jpg","https://media.birdweather.com/species/143/EurasianOystercatcher-thumbnail-30dda908d192acf9a6ba366e2d58599a.jpg","https://media.birdweather.com/species/143/EurasianOystercatcher-png200-eaade4c821880831fc0130856cf4cad3.png","3vcRFwKHd4mAiHeCdth4eIeIhYD5CocK",14154577772,"https://media.birdweather.com/soundscapes/6891/6891-20260710-154229.flac",0,3,"birdnetpi"
9551806747,6891,"2026-07-10T17:42:04.000+02:00",1,0.660715103149414,9.37739887620608,"almost_certain","2p4",NA,51.5626,6.0014,FALSE,119,"Common House-Martin","Delichon urbicum","#53b1ff","avian","https://media.birdweather.com/species/119/CommonHouse-Martin-standard-9ffbcc688c51210fb136a162c84d82ad.jpg","https://media.birdweather.com/species/119/CommonHouse-Martin-thumbnail-dd7059ca6235347c3097e7a66f04df95.jpg","https://media.birdweather.com/species/119/CommonHouse-Martin-png200-a73a8953ce2af50676da81e70b2746b2.png","YhgKDwKJd4iIiHd/h5h5d4mIeQqVllAH",14154565806,"https://media.birdweather.com/soundscapes/6891/6891-20260710-154204.flac",0,3,"birdnetpi"
9551765158,6891,"2026-07-10T17:40:20.000+02:00",1,0.876010596752167,9.75878557189918,"almost_certain","2p4",NA,51.566,6.0055,FALSE,551,"Common Swift","Apus apus","#234bb2","avian","https://media.birdweather.com/species/551/CommonSwift-standard-ba54f84fbd8481b1c0de60654fbd79d5.jpg","https://media.birdweather.com/species/551/CommonSwift-thumbnail-bad1d7e3c141990f11d01e49e9f768ac.jpg","https://media.birdweather.com/species/551/CommonSwift-png200-f52bea49cb0e4232049806bde3e1a401.png","LLYFFwLchWelV5dvsqh1jKZoKJIEMkoA",14154515582,"https://media.birdweather.com/soundscapes/6891/6891-20260710-154020.flac",0,3,"birdnetpi"
9551760056,6891,"2026-07-10T17:40:07.000+02:00",0.8,0.402777165174484,8.2513838171296,"almost_certain","2p4",NA,51.5672,6.0057,FALSE,44,"Dunnock","Prunella modularis","#fea614","avian","https://media.birdweather.com/species/44/Dunnock-standard-a705d7131240cedd1c407b5a19989591.jpg","https://media.birdweather.com/species/44/Dunnock-thumbnail-1036624855b82c96db4ad23d1ed9d702.jpg","https://media.birdweather.com/species/44/Dunnock-png200-951bb2cdb9ec585716907d8eac83882e.png","lQgGDwB9pneQhHlwWjeK2ZK6d/kdFaUA",14154509297,"https://media.birdweather.com/soundscapes/6891/6891-20260710-154007.flac",0,3,"birdnetpi"
9551759025,6891,"2026-07-10T17:40:04.000+02:00",0.9,0.876010596752167,9.54759914053584,"almost_certain","2p4",NA,51.5683,6.0029,FALSE,551,"Common Swift","Apus apus","#234bb2","avian","https://media.birdweather.com/species/551/CommonSwift-standard-ba54f84fbd8481b1c0de60654fbd79d5.jpg","https://media.birdweather.com/species/551/CommonSwift-thumbnail-bad1d7e3c141990f11d01e49e9f768ac.jpg","https://media.birdweather.com/species/551/CommonSwift-png200-f52bea49cb0e4232049806bde3e1a401.png","LLYFFwLchWelV5dvsqh1jKZoKJIEMkoA",14154507935,"https://media.birdweather.com/soundscapes/6891/6891-20260710-154004.flac",0,3,"birdnetpi"
9551696007,6891,"2026-07-10T17:37:27.000+02:00",0.86,0.876010596752167,9.45307890659871,"almost_certain","2p4",NA,51.5676,6.0048,FALSE,551,"Common Swift","Apus apus","#234bb2","avian","https://media.birdweather.com/species/551/CommonSwift-standard-ba54f84fbd8481b1c0de60654fbd79d5.jpg","https://media.birdweather.com/species/551/CommonSwift-thumbnail-bad1d7e3c141990f11d01e49e9f768ac.jpg","https://media.birdweather.com/species/551/CommonSwift-png200-f52bea49cb0e4232049806bde3e1a401.png","LLYFFwLchWelV5dvsqh1jKZoKJIEMkoA",14154432177,"https://media.birdweather.com/soundscapes/6891/6891-20260710-153727.flac",0,3,"birdnetpi"
9551682073,6891,"2026-07-10T17:36:51.000+02:00",0.73,0.660715103149414,8.70980455309864,"almost_certain","2p4",NA,51.5661,6.0012,FALSE,119,"Common House-Martin","Delichon urbicum","#53b1ff","avian","https://media.birdweather.com/species/119/CommonHouse-Martin-standard-9ffbcc688c51210fb136a162c84d82ad.jpg","https://media.birdweather.com/species/119/CommonHouse-Martin-thumbnail-dd7059ca6235347c3097e7a66f04df95.jpg","https://media.birdweather.com/species/119/CommonHouse-Martin-png200-a73a8953ce2af50676da81e70b2746b2.png","YhgKDwKJd4iIiHd/h5h5d4mIeQqVllAH",14154415666,"https://media.birdweather.com/soundscapes/6891/6891-20260710-153651.flac",0,3,"birdnetpi"
9551658772,6891,"2026-07-10T17:35:54.000+02:00",0.84,0.827771067619324,9.32655710395673,"almost_certain","2p4",NA,51.567,6.0024,FALSE,1,"House Sparrow","Passer domesticus","#d16ff8","avian","https://media.birdweather.com/species/1/HouseSparrow-standard-b861184cf45c092cdb45fd689dd676ef.jpg","https://media.birdweather.com/species/1/HouseSparrow-thumbnail-e9cbc91763a1579de8ef04880678b5e3.jpg","https://media.birdweather.com/species/1/HouseSparrow-png200-125e8603e1efe9d7a18316b94f06a65e.png","XAgCDwD8qpukuHiqtLZ9mImnmPFcDO4E",14154387369,"https://media.birdweather.com/soundscapes/6891/6891-20260710-153554.flac",0,3,"birdnetpi"
9551651526,6891,"2026-07-10T17:35:43.000+02:00",0.89,0.827771067619324,9.4478752583145,"almost_certain","2p4",NA,51.5696,6.0036,FALSE,1,"House Sparrow","Passer domesticus","#d16ff8","avian","https://media.birdweather.com/species/1/HouseSparrow-standard-b861184cf45c092cdb45fd689dd676ef.jpg","https://media.birdweather.com/species/1/HouseSparrow-thumbnail-e9cbc91763a1579de8ef04880678b5e3.jpg","https://media.birdweather.com/species/1/HouseSparrow-png200-125e8603e1efe9d7a18316b94f06a65e.png","XAgCDwD8qpukuHiqtLZ9mImnmPFcDO4E",14154378717,"https://media.birdweather.com/soundscapes/6891/6891-20260710-153543.flac",0,3,"birdnetpi"
9551631190,6891,"2026-07-10T17:34:44.000+02:00",0.83,0.660715103149414,8.99626031616486,"almost_certain","2p4",NA,51.568,6.0011,FALSE,119,"Common House-Martin","Delichon urbicum","#53b1ff","avian","https://media.birdweather.com/species/119/CommonHouse-Martin-standard-9ffbcc688c51210fb136a162c84d82ad.jpg","https://media.birdweather.com/species/119/CommonHouse-Martin-thumbnail-dd7059ca6235347c3097e7a66f04df95.jpg","https://media.birdweather.com/species/119/CommonHouse-Martin-png200-a73a8953ce2af50676da81e70b2746b2.png","YhgKDwKJd4iIiHd/h5h5d4mIeQqVllAH",14154354115,"https://media.birdweather.com/soundscapes/6891/6891-20260710-153444.flac",0,3,"birdnetpi"
9551619298,6891,"2026-07-10T17:34:14.000+02:00",0.74,0.827771067619324,9.04598875863169,"almost_certain","2p4",NA,51.5671,6.0062,FALSE,1,"House Sparrow","Passer domesticus","#d16ff8","avian","https://media.birdweather.com/species/1/HouseSparrow-standard-b861184cf45c092cdb45fd689dd676ef.jpg","https://media.birdweather.com/species/1/HouseSparrow-thumbnail-e9cbc91763a1579de8ef04880678b5e3.jpg","https://media.birdweather.com/species/1/HouseSparrow-png200-125e8603e1efe9d7a18316b94f06a65e.png","XAgCDwD8qpukuHiqtLZ9mImnmPFcDO4E",14154339664,"https://media.birdweather.com/soundscapes/6891/6891-20260710-153414.flac",0,3,"birdnetpi"
9551612169,6891,"2026-07-10T17:33:59.000+02:00",0.7,0.827771067619324,8.91541381229976,"almost_certain","2p4",NA,51.5703,6.0083,FALSE,1,"House Sparrow","Passer domesticus","#d16ff8","avian","https://media.birdweather.com/species/1/HouseSparrow-standard-b861184cf45c092cdb45fd689dd676ef.jpg","https://media.birdweather.com/species/1/HouseSparrow-thumbnail-e9cbc91763a1579de8ef04880678b5e3.jpg","https://media.birdweather.com/species/1/HouseSparrow-png200-125e8603e1efe9d7a18316b94f06a65e.png","XAgCDwD8qpukuHiqtLZ9mImnmPFcDO4E",14154330883,"https://media.birdweather.com/soundscapes/6891/6891-20260710-153359.flac",0,3,"birdnetpi"
9551603216,6891,"2026-07-10T17:33:38.000+02:00",0.73,0.827771067619324,9.01449311866385,"almost_certain","2p4",NA,51.5686,6.0025,FALSE,1,"House Sparrow","Passer domesticus","#d16ff8","avian","https://media.birdweather.com/species/1/HouseSparrow-standard-b861184cf45c092cdb45fd689dd676ef.jpg","https://media.birdweather.com/species/1/HouseSparrow-thumbnail-e9cbc91763a1579de8ef04880678b5e3.jpg","https://media.birdweather.com/species/1/HouseSparrow-png200-125e8603e1efe9d7a18316b94f06a65e.png","XAgCDwD8qpukuHiqtLZ9mImnmPFcDO4E",14154320434,"https://media.birdweather.com/soundscapes/6891/6891-20260710-153338.flac",0,3,"birdnetpi"
9551579321,6891,"2026-07-10T17:32:45.000+02:00",0.8,0.827771067619324,9.22112047760023,"almost_certain","2p4",NA,51.5697,6.0044,FALSE,1,"House Sparrow","Passer domesticus","#d16ff8","avian","https://media.birdweather.com/species/1/HouseSparrow-standard-b861184cf45c092cdb45fd689dd676ef.jpg","https://media.birdweather.com/species/1/HouseSparrow-thumbnail-e9cbc91763a1579de8ef04880678b5e3.jpg","https://media.birdweather.com/species/1/HouseSparrow-png200-125e8603e1efe9d7a18316b94f06a65e.png","XAgCDwD8qpukuHiqtLZ9mImnmPFcDO4E",14154291555,"https://media.birdweather.com/soundscapes/6891/6891-20260710-153245.flac",0,3,"birdnetpi"
9551573670,6891,"2026-07-10T17:32:24.000+02:00",0.85,0.827771067619324,9.35169542393215,"almost_certain","2p4",NA,51.568,6.0061,FALSE,1,"House Sparrow","Passer domesticus","#d16ff8","avian","https://media.birdweather.com/species/1/HouseSparrow-standard-b861184cf45c092cdb45fd689dd676ef.jpg","https://media.birdweather.com/species/1/HouseSparrow-thumbnail-e9cbc91763a1579de8ef04880678b5e3.jpg","https://media.birdweather.com/species/1/HouseSparrow-png200-125e8603e1efe9d7a18316b94f06a65e.png","XAgCDwD8qpukuHiqtLZ9mImnmPFcDO4E",14154284465,"https://media.birdweather.com/soundscapes/6891/6891-20260710-153224.flac",0,3,"birdnetpi"
9551518188,6891,"2026-07-10T17:29:57.000+02:00",0.77,0.827771067619324,9.13635117450645,"almost_certain","2p4",NA,51.5683,6.0075,FALSE,1,"House Sparrow","Passer domesticus","#d16ff8","avian","https://media.birdweather.com/species/1/HouseSparrow-standard-b861184cf45c092cdb45fd689dd676ef.jpg","https://media.birdweather.com/species/1/HouseSparrow-thumbnail-e9cbc91763a1579de8ef04880678b5e3.jpg","https://media.birdweather.com/species/1/HouseSparrow-png200-125e8603e1efe9d7a18316b94f06a65e.png","XAgCDwD8qpukuHiqtLZ9mImnmPFcDO4E",14154216651,"https://media.birdweather.com/soundscapes/6891/6891-20260710-152957.flac",0,3,"birdnetpi"
9551509923,6891,"2026-07-10T17:29:40.000+02:00",0.77,0.827771067619324,9.13635117450645,"almost_certain","2p4",NA,51.5679,6.0058,FALSE,1,"House Sparrow","Passer domesticus","#d16ff8","avian","https://media.birdweather.com/species/1/HouseSparrow-standard-b861184cf45c092cdb45fd689dd676ef.jpg","https://media.birdweather.com/species/1/HouseSparrow-thumbnail-e9cbc91763a1579de8ef04880678b5e3.jpg","https://media.birdweather.com/species/1/HouseSparrow-png200-125e8603e1efe9d7a18316b94f06a65e.png","XAgCDwD8qpukuHiqtLZ9mImnmPFcDO4E",14154206561,"https://media.birdweather.com/soundscapes/6891/6891-20260710-152940.flac",0,3,"birdnetpi"
9551498036,6891,"2026-07-10T17:29:19.000+02:00",0.82,0.827771067619324,9.27485285462022,"almost_certain","2p4",NA,51.5636,6.0048,FALSE,1,"House Sparrow","Passer domesticus","#d16ff8","avian","https://media.birdweather.com/species/1/HouseSparrow-standard-b861184cf45c092cdb45fd689dd676ef.jpg","https://media.birdweather.com/species/1/HouseSparrow-thumbnail-e9cbc91763a1579de8ef04880678b5e3.jpg","https://media.birdweather.com/species/1/HouseSparrow-png200-125e8603e1efe9d7a18316b94f06a65e.png","XAgCDwD8qpukuHiqtLZ9mImnmPFcDO4E",14154192106,"https://media.birdweather.com/soundscapes/6891/6891-20260710-152919.flac",0,3,"birdnetpi"
9551490749,6891,"2026-07-10T17:28:50.000+02:00",0.78,0.827771067619324,9.16519434510748,"almost_certain","2p4",NA,51.567,6.0085,FALSE,1,"House Sparrow","Passer domesticus","#d16ff8","avian","https://media.birdweather.com/species/1/HouseSparrow-standard-b861184cf45c092cdb45fd689dd676ef.jpg","https://media.birdweather.com/species/1/HouseSparrow-thumbnail-e9cbc91763a1579de8ef04880678b5e3.jpg","https://media.birdweather.com/species/1/HouseSparrow-png200-125e8603e1efe9d7a18316b94f06a65e.png","XAgCDwD8qpukuHiqtLZ9mImnmPFcDO4E",14154183496,"https://media.birdweather.com/soundscapes/6891/6891-20260710-152850.flac",0,3,"birdnetpi"
9551478928,6891,"2026-07-10T17:28:22.000+02:00",0.82,0.827771067619324,9.27485285462022,"almost_certain","2p4",NA,51.5658,6.0025,FALSE,1,"House Sparrow","Passer domesticus","#d16ff8","avian","https://media.birdweather.com/species/1/HouseSparrow-standard-b861184cf45c092cdb45fd689dd676ef.jpg","https://media.birdweather.com/species/1/HouseSparrow-thumbnail-e9cbc91763a1579de8ef04880678b5e3.jpg","https://media.birdweather.com/species/1/HouseSparrow-png200-125e8603e1efe9d7a18316b94f06a65e.png","XAgCDwD8qpukuHiqtLZ9mImnmPFcDO4E",14154169537,"https://media.birdweather.com/soundscapes/6891/6891-20260710-152822.flac",0,3,"birdnetpi"
9551447047,6891,"2026-07-10T17:27:02.000+02:00",0.81,0.660715103149414,8.94356151143078,"almost_certain","2p4",NA,51.5681,6.0092,FALSE,119,"Common House-Martin","Delichon urbicum","#53b1ff","avian","https://media.birdweather.com/species/119/CommonHouse-Martin-standard-9ffbcc688c51210fb136a162c84d82ad.jpg","https://media.birdweather.com/species/119/CommonHouse-Martin-thumbnail-dd7059ca6235347c3097e7a66f04df95.jpg","https://media.birdweather.com/species/119/CommonHouse-Martin-png200-a73a8953ce2af50676da81e70b2746b2.png","YhgKDwKJd4iIiHd/h5h5d4mIeQqVllAH",14154132173,"https://media.birdweather.com/soundscapes/6891/6891-20260710-152702.flac",0,3,"birdnetpi"
9551436028,6891,"2026-07-10T17:26:35.000+02:00",0.71,0.827771067619324,8.94924269154857,"almost_certain","2p4",NA,51.5679,6.0068,FALSE,1,"House Sparrow","Passer domesticus","#d16ff8","avian","https://media.birdweather.com/species/1/HouseSparrow-standard-b861184cf45c092cdb45fd689dd676ef.jpg","https://media.birdweather.com/species/1/HouseSparrow-thumbnail-e9cbc91763a1579de8ef04880678b5e3.jpg","https://media.birdweather.com/species/1/HouseSparrow-png200-125e8603e1efe9d7a18316b94f06a65e.png","XAgCDwD8qpukuHiqtLZ9mImnmPFcDO4E",14154118620,"https://media.birdweather.com/soundscapes/6891/6891-20260710-152635.flac",0,3,"birdnetpi"
9551430086,6891,"2026-07-10T17:26:29.000+02:00",0.87,0.660715103149414,9.09594063153179,"almost_certain","2p4",NA,51.5655,6.0083,FALSE,119,"Common House-Martin","Delichon urbicum","#53b1ff","avian","https://media.birdweather.com/species/119/CommonHouse-Martin-standard-9ffbcc688c51210fb136a162c84d82ad.jpg","https://media.birdweather.com/species/119/CommonHouse-Martin-thumbnail-dd7059ca6235347c3097e7a66f04df95.jpg","https://media.birdweather.com/species/119/CommonHouse-Martin-png200-a73a8953ce2af50676da81e70b2746b2.png","YhgKDwKJd4iIiHd/h5h5d4mIeQqVllAH",14154111515,"https://media.birdweather.com/soundscapes/6891/6891-20260710-152629.flac",0,3,"birdnetpi"
9551428124,6891,"2026-07-10T17:26:14.000+02:00",0.88,0.827771067619324,9.42445588461226,"almost_certain","2p4",NA,51.563,6.0024,FALSE,1,"House Sparrow","Passer domesticus","#d16ff8","avian","https://media.birdweather.com/species/1/HouseSparrow-standard-b861184cf45c092cdb45fd689dd676ef.jpg","https://media.birdweather.com/species/1/HouseSparrow-thumbnail-e9cbc91763a1579de8ef04880678b5e3.jpg","https://media.birdweather.com/species/1/HouseSparrow-png200-125e8603e1efe9d7a18316b94f06a65e.png","XAgCDwD8qpukuHiqtLZ9mImnmPFcDO4E",14154109154,"https://media.birdweather.com/soundscapes/6891/6891-20260710-152614.flac",0,3,"birdnetpi"
9551422171,6891,"2026-07-10T17:26:10.000+02:00",0.81,0.827771067619324,9.248250076996,"almost_certain","2p4",NA,51.5638,6.0022,FALSE,1,"House Sparrow","Passer domesticus","#d16ff8","avian","https://media.birdweather.com/species/1/HouseSparrow-standard-b861184cf45c092cdb45fd689dd676ef.jpg","https://media.birdweather.com/species/1/HouseSparrow-thumbnail-e9cbc91763a1579de8ef04880678b5e3.jpg","https://media.birdweather.com/species/1/HouseSparrow-png200-125e8603e1efe9d7a18316b94f06a65e.png","XAgCDwD8qpukuHiqtLZ9mImnmPFcDO4E",14154101996,"https://media.birdweather.com/soundscapes/6891/6891-20260710-152610.flac",0,3,"birdnetpi"
9551423349,6891,"2026-07-10T17:26:02.000+02:00",0.96,0.660715103149414,9.29678739117466,"almost_certain","2p4",NA,51.5656,6.0005,FALSE,119,"Common House-Martin","Delichon urbicum","#53b1ff","avian","https://media.birdweather.com/species/119/CommonHouse-Martin-standard-9ffbcc688c51210fb136a162c84d82ad.jpg","https://media.birdweather.com/species/119/CommonHouse-Martin-thumbnail-dd7059ca6235347c3097e7a66f04df95.jpg","https://media.birdweather.com/species/119/CommonHouse-Martin-png200-a73a8953ce2af50676da81e70b2746b2.png","YhgKDwKJd4iIiHd/h5h5d4mIeQqVllAH",14154103368,"https://media.birdweather.com/soundscapes/6891/6891-20260710-152602.flac",0,3,"birdnetpi"
9551415705,6891,"2026-07-10T17:25:42.000+02:00",0.75,0.827771067619324,9.07677657114901,"almost_certain","2p4",NA,51.5645,6.004,FALSE,1,"House Sparrow","Passer domesticus","#d16ff8","avian","https://media.birdweather.com/species/1/HouseSparrow-standard-b861184cf45c092cdb45fd689dd676ef.jpg","https://media.birdweather.com/species/1/HouseSparrow-thumbnail-e9cbc91763a1579de8ef04880678b5e3.jpg","https://media.birdweather.com/species/1/HouseSparrow-png200-125e8603e1efe9d7a18316b94f06a65e.png","XAgCDwD8qpukuHiqtLZ9mImnmPFcDO4E",14154094309,"https://media.birdweather.com/soundscapes/6891/6891-20260710-152542.flac",0,3,"birdnetpi"
9551403019,6891,"2026-07-10T17:25:11.000+02:00",0.72,0.827771067619324,8.98225633721188,"almost_certain","2p4",NA,51.5697,6.0061,FALSE,1,"House Sparrow","Passer domesticus","#d16ff8","avian","https://media.birdweather.com/species/1/HouseSparrow-standard-b861184cf45c092cdb45fd689dd676ef.jpg","https://media.birdweather.com/species/1/HouseSparrow-thumbnail-e9cbc91763a1579de8ef04880678b5e3.jpg","https://media.birdweather.com/species/1/HouseSparrow-png200-125e8603e1efe9d7a18316b94f06a65e.png","XAgCDwD8qpukuHiqtLZ9mImnmPFcDO4E",14154078931,"https://media.birdweather.com/soundscapes/6891/6891-20260710-152511.flac",0,3,"birdnetpi"
9551396660,6891,"2026-07-10T17:25:04.000+02:00",0.74,0.827771067619324,9.04598875863169,"almost_certain","2p4",NA,51.5641,6.0017,FALSE,1,"House Sparrow","Passer domesticus","#d16ff8","avian","https://media.birdweather.com/species/1/HouseSparrow-standard-b861184cf45c092cdb45fd689dd676ef.jpg","https://media.birdweather.com/species/1/HouseSparrow-thumbnail-e9cbc91763a1579de8ef04880678b5e3.jpg","https://media.birdweather.com/species/1/HouseSparrow-png200-125e8603e1efe9d7a18316b94f06a65e.png","XAgCDwD8qpukuHiqtLZ9mImnmPFcDO4E",14154071246,"https://media.birdweather.com/soundscapes/6891/6891-20260710-152504.flac",0,3,"birdnetpi"
9551379301,6891,"2026-07-10T17:24:13.000+02:00",0.81,0.827771067619324,9.248250076996,"almost_certain","2p4",NA,51.5615,6.0083,FALSE,1,"House Sparrow","Passer domesticus","#d16ff8","avian","https://media.birdweather.com/species/1/HouseSparrow-standard-b861184cf45c092cdb45fd689dd676ef.jpg","https://media.birdweather.com/species/1/HouseSparrow-thumbnail-e9cbc91763a1579de8ef04880678b5e3.jpg","https://media.birdweather.com/species/1/HouseSparrow-png200-125e8603e1efe9d7a18316b94f06a65e.png","XAgCDwD8qpukuHiqtLZ9mImnmPFcDO4E",14154050135,"https://media.birdweather.com/soundscapes/6891/6891-20260710-152413.flac",0,3,"birdnetpi"
9551373240,6891,"2026-07-10T17:24:02.000+02:00",0.87,0.827771067619324,9.400629197097,"almost_certain","2p4",NA,51.5698,6.0067,FALSE,1,"House Sparrow","Passer domesticus","#d16ff8","avian","https://media.birdweather.com/species/1/HouseSparrow-standard-b861184cf45c092cdb45fd689dd676ef.jpg","https://media.birdweather.com/species/1/HouseSparrow-thumbnail-e9cbc91763a1579de8ef04880678b5e3.jpg","https://media.birdweather.com/species/1/HouseSparrow-png200-125e8603e1efe9d7a18316b94f06a65e.png","XAgCDwD8qpukuHiqtLZ9mImnmPFcDO4E",14154043122,"https://media.birdweather.com/soundscapes/6891/6891-20260710-152402.flac",0,3,"birdnetpi"
9551362358,6891,"2026-07-10T17:23:37.000+02:00",0.87,0.827771067619324,9.400629197097,"almost_certain","2p4",NA,51.5618,6.003,FALSE,1,"House Sparrow","Passer domesticus","#d16ff8","avian","https://media.birdweather.com/species/1/HouseSparrow-standard-b861184cf45c092cdb45fd689dd676ef.jpg","https://media.birdweather.com/species/1/HouseSparrow-thumbnail-e9cbc91763a1579de8ef04880678b5e3.jpg","https://media.birdweather.com/species/1/HouseSparrow-png200-125e8603e1efe9d7a18316b94f06a65e.png","XAgCDwD8qpukuHiqtLZ9mImnmPFcDO4E",14154030261,"https://media.birdweather.com/soundscapes/6891/6891-20260710-152337.flac",0,3,"birdnetpi"
9551351197,6891,"2026-07-10T17:23:10.000+02:00",0.79,0.827771067619324,9.19344276857523,"almost_certain","2p4",NA,51.5646,6.0076,FALSE,1,"House Sparrow","Passer domesticus","#d16ff8","avian","https://media.birdweather.com/species/1/HouseSparrow-standard-b861184cf45c092cdb45fd689dd676ef.jpg","https://media.birdweather.com/species/1/HouseSparrow-thumbnail-e9cbc91763a1579de8ef04880678b5e3.jpg","https://media.birdweather.com/species/1/HouseSparrow-png200-125e8603e1efe9d7a18316b94f06a65e.png","XAgCDwD8qpukuHiqtLZ9mImnmPFcDO4E",14154016701,"https://media.birdweather.com/soundscapes/6891/6891-20260710-152310.flac",0,3,"birdnetpi"
9551340423,6891,"2026-07-10T17:22:46.000+02:00",0.87,0.827771067619324,9.400629197097,"almost_certain","2p4",NA,51.5649,6.0025,FALSE,1,"House Sparrow","Passer domesticus","#d16ff8","avian","https://media.birdweather.com/species/1/HouseSparrow-standard-b861184cf45c092cdb45fd689dd676ef.jpg","https://media.birdweather.com/species/1/HouseSparrow-thumbnail-e9cbc91763a1579de8ef04880678b5e3.jpg","https://media.birdweather.com/species/1/HouseSparrow-png200-125e8603e1efe9d7a18316b94f06a65e.png","XAgCDwD8qpukuHiqtLZ9mImnmPFcDO4E",14154003765,"https://media.birdweather.com/soundscapes/6891/6891-20260710-152246.flac",0,3,"birdnetpi"
9551329565,6891,"2026-07-10T17:22:16.000+02:00",0.87,0.827771067619324,9.400629197097,"almost_certain","2p4",NA,51.5697,6.0083,FALSE,1,"House Sparrow","Passer domesticus","#d16ff8","avian","https://media.birdweather.com/species/1/HouseSparrow-standard-b861184cf45c092cdb45fd689dd676ef.jpg","https://media.birdweather.com/species/1/HouseSparrow-thumbnail-e9cbc91763a1579de8ef04880678b5e3.jpg","https://media.birdweather.com/species/1/HouseSparrow-png200-125e8603e1efe9d7a18316b94f06a65e.png","XAgCDwD8qpukuHiqtLZ9mImnmPFcDO4E",14153990876,"https://media.birdweather.com/soundscapes/6891/6891-20260710-152216.flac",0,3,"birdnetpi"
9551318979,6891,"2026-07-10T17:21:47.000+02:00",0.82,0.827771067619324,9.27485285462022,"almost_certain","2p4",NA,51.5631,6.0018,FALSE,1,"House Sparrow","Passer domesticus","#d16ff8","avian","https://media.birdweather.com/species/1/HouseSparrow-standard-b861184cf45c092cdb45fd689dd676ef.jpg","https://media.birdweather.com/species/1/HouseSparrow-thumbnail-e9cbc91763a1579de8ef04880678b5e3.jpg","https://media.birdweather.com/species/1/HouseSparrow-png200-125e8603e1efe9d7a18316b94f06a65e.png","XAgCDwD8qpukuHiqtLZ9mImnmPFcDO4E",14153977983,"https://media.birdweather.com/soundscapes/6891/6891-20260710-152147.flac",0,3,"birdnetpi"
9551308226,6891,"2026-07-10T17:21:16.000+02:00",0.9,0.827771067619324,9.47090101040795,"almost_certain","2p4",NA,51.5703,6.0069,FALSE,1,"House Sparrow","Passer domesticus","#d16ff8","avian","https://media.birdweather.com/species/1/HouseSparrow-standard-b861184cf45c092cdb45fd689dd676ef.jpg","https://media.birdweather.com/species/1/HouseSparrow-thumbnail-e9cbc91763a1579de8ef04880678b5e3.jpg","https://media.birdweather.com/species/1/HouseSparrow-png200-125e8603e1efe9d7a18316b94f06a65e.png","XAgCDwD8qpukuHiqtLZ9mImnmPFcDO4E",14153964943,"https://media.birdweather.com/soundscapes/6891/6891-20260710-152116.flac",0,3,"birdnetpi"
9551296877,6891,"2026-07-10T17:20:44.000+02:00",0.71,0.827771067619324,8.94924269154857,"almost_certain","2p4",NA,51.5641,6.0065,FALSE,1,"House Sparrow","Passer domesticus","#d16ff8","avian","https://media.birdweather.com/species/1/HouseSparrow-standard-b861184cf45c092cdb45fd689dd676ef.jpg","https://media.birdweather.com/species/1/HouseSparrow-thumbnail-e9cbc91763a1579de8ef04880678b5e3.jpg","https://media.birdweather.com/species/1/HouseSparrow-png200-125e8603e1efe9d7a18316b94f06a65e.png","XAgCDwD8qpukuHiqtLZ9mImnmPFcDO4E",14153951080,"https://media.birdweather.com/soundscapes/6891/6891-20260710-152044.flac",0,3,"birdnetpi"
9551284735,6891,"2026-07-10T17:20:25.000+02:00",0.81,0.827771067619324,9.248250076996,"almost_certain","2p4",NA,51.5692,6.002,FALSE,1,"House Sparrow","Passer domesticus","#d16ff8","avian","https://media.birdweather.com/species/1/HouseSparrow-standard-b861184cf45c092cdb45fd689dd676ef.jpg","https://media.birdweather.com/species/1/HouseSparrow-thumbnail-e9cbc91763a1579de8ef04880678b5e3.jpg","https://media.birdweather.com/species/1/HouseSparrow-png200-125e8603e1efe9d7a18316b94f06a65e.png","XAgCDwD8qpukuHiqtLZ9mImnmPFcDO4E",14153936284,"https://media.birdweather.com/soundscapes/6891/6891-20260710-152025.flac",0,3,"birdnetpi"
9551274206,6891,"2026-07-10T17:19:46.000+02:00",0.77,0.827771067619324,9.13635117450645,"almost_certain","2p4",NA,51.5626,6.0027,FALSE,1,"House Sparrow","Passer domesticus","#d16ff8","avian","https://media.birdweather.com/species/1/HouseSparrow-standard-b861184cf45c092cdb45fd689dd676ef.jpg","https://media.birdweather.com/species/1/HouseSparrow-thumbnail-e9cbc91763a1579de8ef04880678b5e3.jpg","https://media.birdweather.com/species/1/HouseSparrow-png200-125e8603e1efe9d7a18316b94f06a65e.png","XAgCDwD8qpukuHiqtLZ9mImnmPFcDO4E",14153923310,"https://media.birdweather.com/soundscapes/6891/6891-20260710-151946.flac",0,3,"birdnetpi"
9551263673,6891,"2026-07-10T17:19:19.000+02:00",0.77,0.827771067619324,9.13635117450645,"almost_certain","2p4",NA,51.5685,6.0032,FALSE,1,"House Sparrow","Passer domesticus","#d16ff8","avian","https://media.birdweather.com/species/1/HouseSparrow-standard-b861184cf45c092cdb45fd689dd676ef.jpg","https://media.birdweather.com/species/1/HouseSparrow-thumbnail-e9cbc91763a1579de8ef04880678b5e3.jpg","https://media.birdweather.com/species/1/HouseSparrow-png200-125e8603e1efe9d7a18316b94f06a65e.png","XAgCDwD8qpukuHiqtLZ9mImnmPFcDO4E",14153910384,"https://media.birdweather.com/soundscapes/6891/6891-20260710-151919.flac",0,3,"birdnetpi"
9551230731,6891,"2026-07-10T17:17:56.000+02:00",0.99,0.660715103149414,9.3576863058967,"almost_certain","2p4",NA,51.5647,6.001,FALSE,119,"Common House-Martin","Delichon urbicum","#53b1ff","avian","https://media.birdweather.com/species/119/CommonHouse-Martin-standard-9ffbcc688c51210fb136a162c84d82ad.jpg","https://media.birdweather.com/species/119/CommonHouse-Martin-thumbnail-dd7059ca6235347c3097e7a66f04df95.jpg","https://media.birdweather.com/species/119/CommonHouse-Martin-png200-a73a8953ce2af50676da81e70b2746b2.png","YhgKDwKJd4iIiHd/h5h5d4mIeQqVllAH",14153870504,"https://media.birdweather.com/soundscapes/6891/6891-20260710-151756.flac",0,3,"birdnetpi"
9551216011,6891,"2026-07-10T17:17:18.000+02:00",0.8,0.660715103149414,8.91643191203502,"almost_certain","2p4",NA,51.5661,6.0068,FALSE,119,"Common House-Martin","Delichon urbicum","#53b1ff","avian","https://media.birdweather.com/species/119/CommonHouse-Martin-standard-9ffbcc688c51210fb136a162c84d82ad.jpg","https://media.birdweather.com/species/119/CommonHouse-Martin-thumbnail-dd7059ca6235347c3097e7a66f04df95.jpg","https://media.birdweather.com/species/119/CommonHouse-Martin-png200-a73a8953ce2af50676da81e70b2746b2.png","YhgKDwKJd4iIiHd/h5h5d4mIeQqVllAH",14153852837,"https://media.birdweather.com/soundscapes/6891/6891-20260710-151718.flac",0,3,"birdnetpi"
9551202054,6891,"2026-07-10T17:16:53.000+02:00",0.93,0.660715103149414,9.23305496975486,"almost_certain","2p4",NA,51.5633,6.0069,FALSE,119,"Common House-Martin","Delichon urbicum","#53b1ff","avian","https://media.birdweather.com/species/119/CommonHouse-Martin-standard-9ffbcc688c51210fb136a162c84d82ad.jpg","https://media.birdweather.com/species/119/CommonHouse-Martin-thumbnail-dd7059ca6235347c3097e7a66f04df95.jpg","https://media.birdweather.com/species/119/CommonHouse-Martin-png200-a73a8953ce2af50676da81e70b2746b2.png","YhgKDwKJd4iIiHd/h5h5d4mIeQqVllAH",14153836084,"https://media.birdweather.com/soundscapes/6891/6891-20260710-151653.flac",0,3,"birdnetpi"
9551195780,6891,"2026-07-10T17:16:27.000+02:00",0.94,0.660715103149414,9.25463021880121,"almost_certain","2p4",NA,51.5661,6.0049,FALSE,119,"Common House-Martin","Delichon urbicum","#53b1ff","avian","https://media.birdweather.com/species/119/CommonHouse-Martin-standard-9ffbcc688c51210fb136a162c84d82ad.jpg","https://media.birdweather.com/species/119/CommonHouse-Martin-thumbnail-dd7059ca6235347c3097e7a66f04df95.jpg","https://media.birdweather.com/species/119/CommonHouse-Martin-png200-a73a8953ce2af50676da81e70b2746b2.png","YhgKDwKJd4iIiHd/h5h5d4mIeQqVllAH",14153828552,"https://media.birdweather.com/soundscapes/6891/6891-20260710-151627.flac",0,3,"birdnetpi"
9551057251,6891,"2026-07-10T17:10:44.000+02:00",0.86,0.827771067619324,9.37638077647082,"almost_certain","2p4",NA,51.5676,6.0053,FALSE,1,"House Sparrow","Passer domesticus","#d16ff8","avian","https://media.birdweather.com/species/1/HouseSparrow-standard-b861184cf45c092cdb45fd689dd676ef.jpg","https://media.birdweather.com/species/1/HouseSparrow-thumbnail-e9cbc91763a1579de8ef04880678b5e3.jpg","https://media.birdweather.com/species/1/HouseSparrow-png200-125e8603e1efe9d7a18316b94f06a65e.png","XAgCDwD8qpukuHiqtLZ9mImnmPFcDO4E",14153661710,"https://media.birdweather.com/soundscapes/6891/6891-20260710-151044.flac",0,3,"birdnetpi"
9551046429,6891,"2026-07-10T17:10:19.000+02:00",0.81,0.827771067619324,9.248250076996,"almost_certain","2p4",NA,51.5674,6.0056,FALSE,1,"House Sparrow","Passer domesticus","#d16ff8","avian","https://media.birdweather.com/species/1/HouseSparrow-standard-b861184cf45c092cdb45fd689dd676ef.jpg","https://media.birdweather.com/species/1/HouseSparrow-thumbnail-e9cbc91763a1579de8ef04880678b5e3.jpg","https://media.birdweather.com/species/1/HouseSparrow-png200-125e8603e1efe9d7a18316b94f06a65e.png","XAgCDwD8qpukuHiqtLZ9mImnmPFcDO4E",14153648822,"https://media.birdweather.com/soundscapes/6891/6891-20260710-151019.flac",0,3,"birdnetpi"
9551028040,6891,"2026-07-10T17:09:28.000+02:00",0.77,0.827771067619324,9.13635117450645,"almost_certain","2p4",NA,51.5661,6.0031,FALSE,1,"House Sparrow","Passer domesticus","#d16ff8","avian","https://media.birdweather.com/species/1/HouseSparrow-standard-b861184cf45c092cdb45fd689dd676ef.jpg","https://media.birdweather.com/species/1/HouseSparrow-thumbnail-e9cbc91763a1579de8ef04880678b5e3.jpg","https://media.birdweather.com/species/1/HouseSparrow-png200-125e8603e1efe9d7a18316b94f06a65e.png","XAgCDwD8qpukuHiqtLZ9mImnmPFcDO4E",14153626638,"https://media.birdweather.com/soundscapes/6891/6891-20260710-150928.flac",0,3,"birdnetpi"
9551017491,6891,"2026-07-10T17:09:05.000+02:00",0.82,0.827771067619324,9.27485285462022,"almost_certain","2p4",NA,51.5663,6.007,FALSE,1,"House Sparrow","Passer domesticus","#d16ff8","avian","https://media.birdweather.com/species/1/HouseSparrow-standard-b861184cf45c092cdb45fd689dd676ef.jpg","https://media.birdweather.com/species/1/HouseSparrow-thumbnail-e9cbc91763a1579de8ef04880678b5e3.jpg","https://media.birdweather.com/species/1/HouseSparrow-png200-125e8603e1efe9d7a18316b94f06a65e.png","XAgCDwD8qpukuHiqtLZ9mImnmPFcDO4E",14153613718,"https://media.birdweather.com/soundscapes/6891/6891-20260710-150905.flac",0,3,"birdnetpi"
9551001211,6891,"2026-07-10T17:08:22.000+02:00",0.91,0.827771067619324,9.49354615408111,"almost_certain","2p4",NA,51.5652,6.0029,FALSE,1,"House Sparrow","Passer domesticus","#d16ff8","avian","https://media.birdweather.com/species/1/HouseSparrow-standard-b861184cf45c092cdb45fd689dd676ef.jpg","https://media.birdweather.com/species/1/HouseSparrow-thumbnail-e9cbc91763a1579de8ef04880678b5e3.jpg","https://media.birdweather.com/species/1/HouseSparrow-png200-125e8603e1efe9d7a18316b94f06a65e.png","XAgCDwD8qpukuHiqtLZ9mImnmPFcDO4E",14153594009,"https://media.birdweather.com/soundscapes/6891/6891-20260710-150822.flac",0,3,"birdnetpi"
9550990020,6891,"2026-07-10T17:07:52.000+02:00",0.89,0.876010596752167,9.52457338844239,"almost_certain","2p4",NA,51.5651,6.003,FALSE,551,"Common Swift","Apus apus","#234bb2","avian","https://media.birdweather.com/species/551/CommonSwift-standard-ba54f84fbd8481b1c0de60654fbd79d5.jpg","https://media.birdweather.com/species/551/CommonSwift-thumbnail-bad1d7e3c141990f11d01e49e9f768ac.jpg","https://media.birdweather.com/species/551/CommonSwift-png200-f52bea49cb0e4232049806bde3e1a401.png","LLYFFwLchWelV5dvsqh1jKZoKJIEMkoA",14153580488,"https://media.birdweather.com/soundscapes/6891/6891-20260710-150752.flac",0,3,"birdnetpi"
9550980798,6891,"2026-07-10T17:07:34.000+02:00",1,0.876010596752167,9.75878557189918,"almost_certain","2p4",NA,51.5617,6.0054,FALSE,551,"Common Swift","Apus apus","#234bb2","avian","https://media.birdweather.com/species/551/CommonSwift-standard-ba54f84fbd8481b1c0de60654fbd79d5.jpg","https://media.birdweather.com/species/551/CommonSwift-thumbnail-bad1d7e3c141990f11d01e49e9f768ac.jpg","https://media.birdweather.com/species/551/CommonSwift-png200-f52bea49cb0e4232049806bde3e1a401.png","LLYFFwLchWelV5dvsqh1jKZoKJIEMkoA",14153569415,"https://media.birdweather.com/soundscapes/6891/6891-20260710-150734.flac",0,3,"birdnetpi"
9550972947,6891,"2026-07-10T17:07:10.000+02:00",0.88,0.876010596752167,9.50115401474015,"almost_certain","2p4",NA,51.5679,6.003,FALSE,551,"Common Swift","Apus apus","#234bb2","avian","https://media.birdweather.com/species/551/CommonSwift-standard-ba54f84fbd8481b1c0de60654fbd79d5.jpg","https://media.birdweather.com/species/551/CommonSwift-thumbnail-bad1d7e3c141990f11d01e49e9f768ac.jpg","https://media.birdweather.com/species/551/CommonSwift-png200-f52bea49cb0e4232049806bde3e1a401.png","LLYFFwLchWelV5dvsqh1jKZoKJIEMkoA",14153560270,"https://media.birdweather.com/soundscapes/6891/6891-20260710-150710.flac",0,3,"birdnetpi"
9550962417,6891,"2026-07-10T17:06:43.000+02:00",0.79,0.660715103149414,8.88875420301001,"almost_certain","2p4",NA,51.5639,6.0027,FALSE,119,"Common House-Martin","Delichon urbicum","#53b1ff","avian","https://media.birdweather.com/species/119/CommonHouse-Martin-standard-9ffbcc688c51210fb136a162c84d82ad.jpg","https://media.birdweather.com/species/119/CommonHouse-Martin-thumbnail-dd7059ca6235347c3097e7a66f04df95.jpg","https://media.birdweather.com/species/119/CommonHouse-Martin-png200-a73a8953ce2af50676da81e70b2746b2.png","YhgKDwKJd4iIiHd/h5h5d4mIeQqVllAH",14153547433,"https://media.birdweather.com/soundscapes/6891/6891-20260710-150643.flac",0,3,"birdnetpi"
9550871069,6891,"2026-07-10T17:02:58.000+02:00",0.99,0.876010596752167,9.7390730015898,"almost_certain","2p4",NA,51.5641,6.0081,FALSE,551,"Common Swift","Apus apus","#234bb2","avian","https://media.birdweather.com/species/551/CommonSwift-standard-ba54f84fbd8481b1c0de60654fbd79d5.jpg","https://media.birdweather.com/species/551/CommonSwift-thumbnail-bad1d7e3c141990f11d01e49e9f768ac.jpg","https://media.birdweather.com/species/551/CommonSwift-png200-f52bea49cb0e4232049806bde3e1a401.png","LLYFFwLchWelV5dvsqh1jKZoKJIEMkoA",14153438562,"https://media.birdweather.com/soundscapes/6891/6891-20260710-150258.flac",0,3,"birdnetpi"
9550817759,6891,"2026-07-10T17:00:47.000+02:00",0.84,0.695406913757324,9.09095812830559,"almost_certain","2p4",NA,51.5689,6.0005,FALSE,89,"European Goldfinch","Carduelis carduelis","#65dba3","avian","https://media.birdweather.com/species/89/EuropeanGoldfinch-standard-5e709d6e7011b21fe905b6d27ce94b9d.jpg","https://media.birdweather.com/species/89/EuropeanGoldfinch-thumbnail-f99916cbaf5a2c3bd8f61890d18d73c1.jpg","https://media.birdweather.com/species/89/EuropeanGoldfinch-png200-ef3fc90c8328c40b59d9ad3c4b52e850.png","lPgJDwI+UJmHq2hji4dWiHiH2XQID5UC",14153376026,"https://media.birdweather.com/soundscapes/6891/6891-20260710-150047.flac",0,3,"birdnetpi"
9550793406,6891,"2026-07-10T16:59:45.000+02:00",0.7,0.21911683678627,7.13919128121858,"almost_certain","2p4",NA,51.5622,6.0093,FALSE,20,"Black Redstart","Phoenicurus ochruros","#c8ce2d","avian","https://media.birdweather.com/species/20/BlackRedstart-standard-4255c9b712ecb46ea7d3df8d556c18e7.jpg","https://media.birdweather.com/species/20/BlackRedstart-thumbnail-2fee59acc1ecc6be7238da194869e940.jpg","https://media.birdweather.com/species/20/BlackRedstart-png200-cbc0625b8b4889aeec1da754ad906efd.png","2QgGFwT8epa+l3ZlZ5hntnh4Z/6oyZ8I",14153347499,"https://media.birdweather.com/soundscapes/6891/6891-20260710-145945.flac",0,3,"birdnetpi"
9550786210,6891,"2026-07-10T16:59:28.000+02:00",0.79,0.21911683678627,7.41722023749405,"almost_certain","2p4",NA,51.5632,6.0092,FALSE,20,"Black Redstart","Phoenicurus ochruros","#c8ce2d","avian","https://media.birdweather.com/species/20/BlackRedstart-standard-4255c9b712ecb46ea7d3df8d556c18e7.jpg","https://media.birdweather.com/species/20/BlackRedstart-thumbnail-2fee59acc1ecc6be7238da194869e940.jpg","https://media.birdweather.com/species/20/BlackRedstart-png200-cbc0625b8b4889aeec1da754ad906efd.png","2QgGFwT8epa+l3ZlZ5hntnh4Z/6oyZ8I",14153338738,"https://media.birdweather.com/soundscapes/6891/6891-20260710-145928.flac",0,3,"birdnetpi"
9550769068,6891,"2026-07-10T16:58:47.000+02:00",0.79,0.21911683678627,7.41722023749405,"almost_certain","2p4",NA,51.5686,6.0006,FALSE,20,"Black Redstart","Phoenicurus ochruros","#c8ce2d","avian","https://media.birdweather.com/species/20/BlackRedstart-standard-4255c9b712ecb46ea7d3df8d556c18e7.jpg","https://media.birdweather.com/species/20/BlackRedstart-thumbnail-2fee59acc1ecc6be7238da194869e940.jpg","https://media.birdweather.com/species/20/BlackRedstart-png200-cbc0625b8b4889aeec1da754ad906efd.png","2QgGFwT8epa+l3ZlZ5hntnh4Z/6oyZ8I",14153318496,"https://media.birdweather.com/soundscapes/6891/6891-20260710-145847.flac",0,3,"birdnetpi"
9550757336,6891,"2026-07-10T16:58:17.000+02:00",0.76,0.21911683678627,7.33066514227255,"almost_certain","2p4",NA,51.5691,6.0061,FALSE,20,"Black Redstart","Phoenicurus ochruros","#c8ce2d","avian","https://media.birdweather.com/species/20/BlackRedstart-standard-4255c9b712ecb46ea7d3df8d556c18e7.jpg","https://media.birdweather.com/species/20/BlackRedstart-thumbnail-2fee59acc1ecc6be7238da194869e940.jpg","https://media.birdweather.com/species/20/BlackRedstart-png200-cbc0625b8b4889aeec1da754ad906efd.png","2QgGFwT8epa+l3ZlZ5hntnh4Z/6oyZ8I",14153304545,"https://media.birdweather.com/soundscapes/6891/6891-20260710-145817.flac",0,3,"birdnetpi"
9550749951,6891,"2026-07-10T16:58:04.000+02:00",0.91,0.21911683678627,7.71732362299993,"almost_certain","2p4",NA,51.565,6.0035,FALSE,20,"Black Redstart","Phoenicurus ochruros","#c8ce2d","avian","https://media.birdweather.com/species/20/BlackRedstart-standard-4255c9b712ecb46ea7d3df8d556c18e7.jpg","https://media.birdweather.com/species/20/BlackRedstart-thumbnail-2fee59acc1ecc6be7238da194869e940.jpg","https://media.birdweather.com/species/20/BlackRedstart-png200-cbc0625b8b4889aeec1da754ad906efd.png","2QgGFwT8epa+l3ZlZ5hntnh4Z/6oyZ8I",14153295891,"https://media.birdweather.com/soundscapes/6891/6891-20260710-145804.flac",0,3,"birdnetpi"
9550743756,6891,"2026-07-10T16:57:44.000+02:00",0.72,0.21911683678627,7.20603380613071,"almost_certain","2p4",NA,51.5693,6.0077,FALSE,20,"Black Redstart","Phoenicurus ochruros","#c8ce2d","avian","https://media.birdweather.com/species/20/BlackRedstart-standard-4255c9b712ecb46ea7d3df8d556c18e7.jpg","https://media.birdweather.com/species/20/BlackRedstart-thumbnail-2fee59acc1ecc6be7238da194869e940.jpg","https://media.birdweather.com/species/20/BlackRedstart-png200-cbc0625b8b4889aeec1da754ad906efd.png","2QgGFwT8epa+l3ZlZ5hntnh4Z/6oyZ8I",14153288705,"https://media.birdweather.com/soundscapes/6891/6891-20260710-145744.flac",0,3,"birdnetpi"
9550735793,6891,"2026-07-10T16:57:25.000+02:00",0.78,0.21911683678627,7.3889718140263,"almost_certain","2p4",NA,51.5691,6.0053,FALSE,20,"Black Redstart","Phoenicurus ochruros","#c8ce2d","avian","https://media.birdweather.com/species/20/BlackRedstart-standard-4255c9b712ecb46ea7d3df8d556c18e7.jpg","https://media.birdweather.com/species/20/BlackRedstart-thumbnail-2fee59acc1ecc6be7238da194869e940.jpg","https://media.birdweather.com/species/20/BlackRedstart-png200-cbc0625b8b4889aeec1da754ad906efd.png","2QgGFwT8epa+l3ZlZ5hntnh4Z/6oyZ8I",14153279464,"https://media.birdweather.com/soundscapes/6891/6891-20260710-145725.flac",0,3,"birdnetpi"
9550729111,6891,"2026-07-10T16:57:08.000+02:00",0.7,0.21911683678627,7.13919128121858,"almost_certain","2p4",NA,51.5697,6.0058,FALSE,20,"Black Redstart","Phoenicurus ochruros","#c8ce2d","avian","https://media.birdweather.com/species/20/BlackRedstart-standard-4255c9b712ecb46ea7d3df8d556c18e7.jpg","https://media.birdweather.com/species/20/BlackRedstart-thumbnail-2fee59acc1ecc6be7238da194869e940.jpg","https://media.birdweather.com/species/20/BlackRedstart-png200-cbc0625b8b4889aeec1da754ad906efd.png","2QgGFwT8epa+l3ZlZ5hntnh4Z/6oyZ8I",14153271472,"https://media.birdweather.com/soundscapes/6891/6891-20260710-145708.flac",0,3,"birdnetpi"
9550636982,6891,"2026-07-10T16:53:25.000+02:00",1,0.159493267536163,7.49292105705004,"almost_certain","2p4",NA,51.5675,6.0036,FALSE,143,"Eurasian Oystercatcher","Haematopus ostralegus","#ca8600","avian","https://media.birdweather.com/species/143/EurasianOystercatcher-standard-de054f6108c9ec46b2430e18a3a05899.jpg","https://media.birdweather.com/species/143/EurasianOystercatcher-thumbnail-30dda908d192acf9a6ba366e2d58599a.jpg","https://media.birdweather.com/species/143/EurasianOystercatcher-png200-eaade4c821880831fc0130856cf4cad3.png","3vcRFwKHd4mAiHeCdth4eIeIhYD5CocK",14153162835,"https://media.birdweather.com/soundscapes/6891/6891-20260710-145325.flac",0,3,"birdnetpi"
9550635337,6891,"2026-07-10T16:53:19.000+02:00",0.75,0.660715103149414,8.77208800558379,"almost_certain","2p4",NA,51.5658,6.0087,FALSE,119,"Common House-Martin","Delichon urbicum","#53b1ff","avian","https://media.birdweather.com/species/119/CommonHouse-Martin-standard-9ffbcc688c51210fb136a162c84d82ad.jpg","https://media.birdweather.com/species/119/CommonHouse-Martin-thumbnail-dd7059ca6235347c3097e7a66f04df95.jpg","https://media.birdweather.com/species/119/CommonHouse-Martin-png200-a73a8953ce2af50676da81e70b2746b2.png","YhgKDwKJd4iIiHd/h5h5d4mIeQqVllAH",14153160905,"https://media.birdweather.com/soundscapes/6891/6891-20260710-145319.flac",0,3,"birdnetpi"
9550616087,6891,"2026-07-10T16:52:31.000+02:00",0.82,0.660715103149414,8.97016428905501,"almost_certain","2p4",NA,51.5682,6.0075,FALSE,119,"Common House-Martin","Delichon urbicum","#53b1ff","avian","https://media.birdweather.com/species/119/CommonHouse-Martin-standard-9ffbcc688c51210fb136a162c84d82ad.jpg","https://media.birdweather.com/species/119/CommonHouse-Martin-thumbnail-dd7059ca6235347c3097e7a66f04df95.jpg","https://media.birdweather.com/species/119/CommonHouse-Martin-png200-a73a8953ce2af50676da81e70b2746b2.png","YhgKDwKJd4iIiHd/h5h5d4mIeQqVllAH",14153137911,"https://media.birdweather.com/soundscapes/6891/6891-20260710-145231.flac",0,3,"birdnetpi"
9550540392,6891,"2026-07-10T16:49:35.000+02:00",0.94,0.660715103149414,9.25463021880121,"almost_certain","2p4",NA,51.5633,6.0055,FALSE,119,"Common House-Martin","Delichon urbicum","#53b1ff","avian","https://media.birdweather.com/species/119/CommonHouse-Martin-standard-9ffbcc688c51210fb136a162c84d82ad.jpg","https://media.birdweather.com/species/119/CommonHouse-Martin-thumbnail-dd7059ca6235347c3097e7a66f04df95.jpg","https://media.birdweather.com/species/119/CommonHouse-Martin-png200-a73a8953ce2af50676da81e70b2746b2.png","YhgKDwKJd4iIiHd/h5h5d4mIeQqVllAH",14153049012,"https://media.birdweather.com/soundscapes/6891/6891-20260710-144935.flac",0,3,"birdnetpi"
9550502051,6891,"2026-07-10T16:47:52.000+02:00",0.82,0.660715103149414,8.97016428905501,"almost_certain","2p4",NA,51.5629,6.0057,FALSE,119,"Common House-Martin","Delichon urbicum","#53b1ff","avian","https://media.birdweather.com/species/119/CommonHouse-Martin-standard-9ffbcc688c51210fb136a162c84d82ad.jpg","https://media.birdweather.com/species/119/CommonHouse-Martin-thumbnail-dd7059ca6235347c3097e7a66f04df95.jpg","https://media.birdweather.com/species/119/CommonHouse-Martin-png200-a73a8953ce2af50676da81e70b2746b2.png","YhgKDwKJd4iIiHd/h5h5d4mIeQqVllAH",14153003620,"https://media.birdweather.com/soundscapes/6891/6891-20260710-144752.flac",0,3,"birdnetpi"
9550479993,6891,"2026-07-10T16:46:59.000+02:00",0.97,0.876010596752167,9.69877597885718,"almost_certain","2p4",NA,51.5674,6.003,FALSE,551,"Common Swift","Apus apus","#234bb2","avian","https://media.birdweather.com/species/551/CommonSwift-standard-ba54f84fbd8481b1c0de60654fbd79d5.jpg","https://media.birdweather.com/species/551/CommonSwift-thumbnail-bad1d7e3c141990f11d01e49e9f768ac.jpg","https://media.birdweather.com/species/551/CommonSwift-png200-f52bea49cb0e4232049806bde3e1a401.png","LLYFFwLchWelV5dvsqh1jKZoKJIEMkoA",14152977672,"https://media.birdweather.com/soundscapes/6891/6891-20260710-144659.flac",0,3,"birdnetpi"
9550471878,6891,"2026-07-10T16:46:40.000+02:00",0.9,0.876010596752167,9.54759914053584,"almost_certain","2p4",NA,51.5639,6.006,FALSE,551,"Common Swift","Apus apus","#234bb2","avian","https://media.birdweather.com/species/551/CommonSwift-standard-ba54f84fbd8481b1c0de60654fbd79d5.jpg","https://media.birdweather.com/species/551/CommonSwift-thumbnail-bad1d7e3c141990f11d01e49e9f768ac.jpg","https://media.birdweather.com/species/551/CommonSwift-png200-f52bea49cb0e4232049806bde3e1a401.png","LLYFFwLchWelV5dvsqh1jKZoKJIEMkoA",14152968031,"https://media.birdweather.com/soundscapes/6891/6891-20260710-144640.flac",0,3,"birdnetpi"
9550465583,6891,"2026-07-10T16:46:22.000+02:00",0.81,0.876010596752167,9.32494820712388,"almost_certain","2p4",NA,51.5668,6.0094,FALSE,551,"Common Swift","Apus apus","#234bb2","avian","https://media.birdweather.com/species/551/CommonSwift-standard-ba54f84fbd8481b1c0de60654fbd79d5.jpg","https://media.birdweather.com/species/551/CommonSwift-thumbnail-bad1d7e3c141990f11d01e49e9f768ac.jpg","https://media.birdweather.com/species/551/CommonSwift-png200-f52bea49cb0e4232049806bde3e1a401.png","LLYFFwLchWelV5dvsqh1jKZoKJIEMkoA",14152960369,"https://media.birdweather.com/soundscapes/6891/6891-20260710-144622.flac",0,3,"birdnetpi"
9550420584,6891,"2026-07-10T16:44:34.000+02:00",0.99,0.876010596752167,9.7390730015898,"almost_certain","2p4",NA,51.5632,6.0078,FALSE,551,"Common Swift","Apus apus","#234bb2","avian","https://media.birdweather.com/species/551/CommonSwift-standard-ba54f84fbd8481b1c0de60654fbd79d5.jpg","https://media.birdweather.com/species/551/CommonSwift-thumbnail-bad1d7e3c141990f11d01e49e9f768ac.jpg","https://media.birdweather.com/species/551/CommonSwift-png200-f52bea49cb0e4232049806bde3e1a401.png","LLYFFwLchWelV5dvsqh1jKZoKJIEMkoA",14152907449,"https://media.birdweather.com/soundscapes/6891/6891-20260710-144434.flac",0,3,"birdnetpi"
9550368826,6891,"2026-07-10T16:42:26.000+02:00",0.92,0.827771067619324,9.51582306767544,"almost_certain","2p4",NA,51.5678,6.0048,FALSE,1,"House Sparrow","Passer domesticus","#d16ff8","avian","https://media.birdweather.com/species/1/HouseSparrow-standard-b861184cf45c092cdb45fd689dd676ef.jpg","https://media.birdweather.com/species/1/HouseSparrow-thumbnail-e9cbc91763a1579de8ef04880678b5e3.jpg","https://media.birdweather.com/species/1/HouseSparrow-png200-125e8603e1efe9d7a18316b94f06a65e.png","XAgCDwD8qpukuHiqtLZ9mImnmPFcDO4E",14152846706,"https://media.birdweather.com/soundscapes/6891/6891-20260710-144226.flac",0,3,"birdnetpi"
9550341871,6891,"2026-07-10T16:41:23.000+02:00",0.84,0.827771067619324,9.32655710395673,"almost_certain","2p4",NA,51.5679,6.0022,FALSE,1,"House Sparrow","Passer domesticus","#d16ff8","avian","https://media.birdweather.com/species/1/HouseSparrow-standard-b861184cf45c092cdb45fd689dd676ef.jpg","https://media.birdweather.com/species/1/HouseSparrow-thumbnail-e9cbc91763a1579de8ef04880678b5e3.jpg","https://media.birdweather.com/species/1/HouseSparrow-png200-125e8603e1efe9d7a18316b94f06a65e.png","XAgCDwD8qpukuHiqtLZ9mImnmPFcDO4E",14152814990,"https://media.birdweather.com/soundscapes/6891/6891-20260710-144123.flac",0,3,"birdnetpi"
9550324323,6891,"2026-07-10T16:40:46.000+02:00",0.74,0.827771067619324,9.04598875863169,"almost_certain","2p4",NA,51.5655,6.0039,FALSE,1,"House Sparrow","Passer domesticus","#d16ff8","avian","https://media.birdweather.com/species/1/HouseSparrow-standard-b861184cf45c092cdb45fd689dd676ef.jpg","https://media.birdweather.com/species/1/HouseSparrow-thumbnail-e9cbc91763a1579de8ef04880678b5e3.jpg","https://media.birdweather.com/species/1/HouseSparrow-png200-125e8603e1efe9d7a18316b94f06a65e.png","XAgCDwD8qpukuHiqtLZ9mImnmPFcDO4E",14152794258,"https://media.birdweather.com/soundscapes/6891/6891-20260710-144046.flac",0,3,"birdnetpi"
9550238762,6891,"2026-07-10T16:37:07.000+02:00",0.92,0.695406913757324,9.28022409202431,"almost_certain","2p4",NA,51.5682,6.0015,FALSE,89,"European Goldfinch","Carduelis carduelis","#65dba3","avian","https://media.birdweather.com/species/89/EuropeanGoldfinch-standard-5e709d6e7011b21fe905b6d27ce94b9d.jpg","https://media.birdweather.com/species/89/EuropeanGoldfinch-thumbnail-f99916cbaf5a2c3bd8f61890d18d73c1.jpg","https://media.birdweather.com/species/89/EuropeanGoldfinch-png200-ef3fc90c8328c40b59d9ad3c4b52e850.png","lPgJDwI+UJmHq2hji4dWiHiH2XQID5UC",14152693131,"https://media.birdweather.com/soundscapes/6891/6891-20260710-143707.flac",0,3,"birdnetpi"
9550230365,6891,"2026-07-10T16:36:55.000+02:00",0.93,0.402777165174484,8.56800687484944,"almost_certain","2p4",NA,51.5615,6.0049,FALSE,44,"Dunnock","Prunella modularis","#fea614","avian","https://media.birdweather.com/species/44/Dunnock-standard-a705d7131240cedd1c407b5a19989591.jpg","https://media.birdweather.com/species/44/Dunnock-thumbnail-1036624855b82c96db4ad23d1ed9d702.jpg","https://media.birdweather.com/species/44/Dunnock-png200-951bb2cdb9ec585716907d8eac83882e.png","lQgGDwB9pneQhHlwWjeK2ZK6d/kdFaUA",14152683108,"https://media.birdweather.com/soundscapes/6891/6891-20260710-143655.flac",0,3,"birdnetpi"
9550115123,6891,"2026-07-10T16:32:00.000+02:00",0.75,0.664113521575928,8.77901207467226,"almost_certain","2p4",NA,51.5692,6.0045,FALSE,30,"Common Buzzard","Buteo buteo","#37e188","avian","https://media.birdweather.com/species/30/CommonBuzzard-standard-624dd5ff44ca4409c2692d7ec2eec597.jpg","https://media.birdweather.com/species/30/CommonBuzzard-thumbnail-781fb553c5eb2032627994238a1027c5.jpg","https://media.birdweather.com/species/30/CommonBuzzard-png200-dcecf7087fca9c5bd3977532471c052a.png","XwkGDwKDmYifVWWAmFZnmqiIer/ICGME",14152545968,"https://media.birdweather.com/soundscapes/6891/6891-20260710-143200.flac",0,3,"birdnetpi"
9550028355,6891,"2026-07-10T16:28:29.000+02:00",0.87,0.660715103149414,9.09594063153179,"almost_certain","2p4",NA,51.5636,6.0012,FALSE,119,"Common House-Martin","Delichon urbicum","#53b1ff","avian","https://media.birdweather.com/species/119/CommonHouse-Martin-standard-9ffbcc688c51210fb136a162c84d82ad.jpg","https://media.birdweather.com/species/119/CommonHouse-Martin-thumbnail-dd7059ca6235347c3097e7a66f04df95.jpg","https://media.birdweather.com/species/119/CommonHouse-Martin-png200-a73a8953ce2af50676da81e70b2746b2.png","YhgKDwKJd4iIiHd/h5h5d4mIeQqVllAH",14152443654,"https://media.birdweather.com/soundscapes/6891/6891-20260710-142829.flac",0,3,"birdnetpi"
9550005541,6891,"2026-07-10T16:27:34.000+02:00",0.9,0.660715103149414,9.16621244484273,"almost_certain","2p4",NA,51.5668,6.0024,FALSE,119,"Common House-Martin","Delichon urbicum","#53b1ff","avian","https://media.birdweather.com/species/119/CommonHouse-Martin-standard-9ffbcc688c51210fb136a162c84d82ad.jpg","https://media.birdweather.com/species/119/CommonHouse-Martin-thumbnail-dd7059ca6235347c3097e7a66f04df95.jpg","https://media.birdweather.com/species/119/CommonHouse-Martin-png200-a73a8953ce2af50676da81e70b2746b2.png","YhgKDwKJd4iIiHd/h5h5d4mIeQqVllAH",14152417095,"https://media.birdweather.com/soundscapes/6891/6891-20260710-142734.flac",0,3,"birdnetpi"
9549833058,6891,"2026-07-10T16:20:35.000+02:00",0.87,0.695406913757324,9.16503022144586,"almost_certain","2p4",NA,51.5657,6.0016,FALSE,89,"European Goldfinch","Carduelis carduelis","#65dba3","avian","https://media.birdweather.com/species/89/EuropeanGoldfinch-standard-5e709d6e7011b21fe905b6d27ce94b9d.jpg","https://media.birdweather.com/species/89/EuropeanGoldfinch-thumbnail-f99916cbaf5a2c3bd8f61890d18d73c1.jpg","https://media.birdweather.com/species/89/EuropeanGoldfinch-png200-ef3fc90c8328c40b59d9ad3c4b52e850.png","lPgJDwI+UJmHq2hji4dWiHiH2XQID5UC",14152215332,"https://media.birdweather.com/soundscapes/6891/6891-20260710-142035.flac",0,3,"birdnetpi"
9549785495,6891,"2026-07-10T16:18:38.000+02:00",0.79,0.159493267536163,7.00427638385398,"almost_certain","2p4",NA,51.5632,6.0015,FALSE,143,"Eurasian Oystercatcher","Haematopus ostralegus","#ca8600","avian","https://media.birdweather.com/species/143/EurasianOystercatcher-standard-de054f6108c9ec46b2430e18a3a05899.jpg","https://media.birdweather.com/species/143/EurasianOystercatcher-thumbnail-30dda908d192acf9a6ba366e2d58599a.jpg","https://media.birdweather.com/species/143/EurasianOystercatcher-png200-eaade4c821880831fc0130856cf4cad3.png","3vcRFwKHd4mAiHeCdth4eIeIhYD5CocK",14152159002,"https://media.birdweather.com/soundscapes/6891/6891-20260710-141838.flac",0,3,"birdnetpi"
9549769869,6891,"2026-07-10T16:18:02.000+02:00",0.96,0.159493267536163,7.41230957201862,"almost_certain","2p4",NA,51.5635,6.008,FALSE,143,"Eurasian Oystercatcher","Haematopus ostralegus","#ca8600","avian","https://media.birdweather.com/species/143/EurasianOystercatcher-standard-de054f6108c9ec46b2430e18a3a05899.jpg","https://media.birdweather.com/species/143/EurasianOystercatcher-thumbnail-30dda908d192acf9a6ba366e2d58599a.jpg","https://media.birdweather.com/species/143/EurasianOystercatcher-png200-eaade4c821880831fc0130856cf4cad3.png","3vcRFwKHd4mAiHeCdth4eIeIhYD5CocK",14152140263,"https://media.birdweather.com/soundscapes/6891/6891-20260710-141802.flac",0,3,"birdnetpi"
9549754115,6891,"2026-07-10T16:17:22.000+02:00",0.95,0.0137737961485982,4.70039908391876,"almost_certain","2p4",NA,51.568,6.0046,FALSE,46,"Little Owl","Athene noctua","#b0ae00","avian","https://media.birdweather.com/species/46/LittleOwl-standard-f2cff2a2b2f38eb0d9b119ca1cb31433.jpg","https://media.birdweather.com/species/46/LittleOwl-thumbnail-dc4a3ab0d115888ba2e987e8e30a8fa3.jpg","https://media.birdweather.com/species/46/LittleOwl-png200-44c03d9b44930f908f8bdcad52112c56.png","YgkGFwL0XnOqRJabZGu2eXh3Z9+4h7AJ",14152121643,"https://media.birdweather.com/soundscapes/6891/6891-20260710-141722.flac",0,3,"birdnetpi"
9549747692,6891,"2026-07-10T16:17:05.000+02:00",0.96,0.159493267536163,7.41230957201862,"almost_certain","2p4",NA,51.5684,6.0085,FALSE,143,"Eurasian Oystercatcher","Haematopus ostralegus","#ca8600","avian","https://media.birdweather.com/species/143/EurasianOystercatcher-standard-de054f6108c9ec46b2430e18a3a05899.jpg","https://media.birdweather.com/species/143/EurasianOystercatcher-thumbnail-30dda908d192acf9a6ba366e2d58599a.jpg","https://media.birdweather.com/species/143/EurasianOystercatcher-png200-eaade4c821880831fc0130856cf4cad3.png","3vcRFwKHd4mAiHeCdth4eIeIhYD5CocK",14152114270,"https://media.birdweather.com/soundscapes/6891/6891-20260710-141705.flac",0,3,"birdnetpi"
9549738199,6891,"2026-07-10T16:16:43.000+02:00",0.87,0.334065556526184,8.18144884790101,"almost_certain","2p4",NA,51.5662,6.0078,FALSE,2,"Short-toed Treecreeper","Certhia brachydactyla","#66dd57","avian","https://media.birdweather.com/species/2/Short-toedTreecreeper-standard-7bbb76fb215629d251262575c97eb338.jpg","https://media.birdweather.com/species/2/Short-toedTreecreeper-thumbnail-fab8f3fcc7962cfbf3bdbde5dc2a415d.jpg","https://media.birdweather.com/species/2/Short-toedTreecreeper-png200-9ed36805c2a6923b35a860f2814cdd8c.png","IRkGHwS/1aqJXad3ialWmph5+Yx4z3gI",14152102731,"https://media.birdweather.com/soundscapes/6891/6891-20260710-141643.flac",0,3,"birdnetpi"
9549732136,6891,"2026-07-10T16:16:32.000+02:00",0.76,0.159493267536163,6.91772128863248,"almost_certain","2p4",NA,51.5645,6.0016,FALSE,143,"Eurasian Oystercatcher","Haematopus ostralegus","#ca8600","avian","https://media.birdweather.com/species/143/EurasianOystercatcher-standard-de054f6108c9ec46b2430e18a3a05899.jpg","https://media.birdweather.com/species/143/EurasianOystercatcher-thumbnail-30dda908d192acf9a6ba366e2d58599a.jpg","https://media.birdweather.com/species/143/EurasianOystercatcher-png200-eaade4c821880831fc0130856cf4cad3.png","3vcRFwKHd4mAiHeCdth4eIeIhYD5CocK",14152095488,"https://media.birdweather.com/soundscapes/6891/6891-20260710-141632.flac",0,3,"birdnetpi"
9549698209,6891,"2026-07-10T16:15:04.000+02:00",0.88,0.159493267536163,7.23528949989101,"almost_certain","2p4",NA,51.5693,6.0086,FALSE,143,"Eurasian Oystercatcher","Haematopus ostralegus","#ca8600","avian","https://media.birdweather.com/species/143/EurasianOystercatcher-standard-de054f6108c9ec46b2430e18a3a05899.jpg","https://media.birdweather.com/species/143/EurasianOystercatcher-thumbnail-30dda908d192acf9a6ba366e2d58599a.jpg","https://media.birdweather.com/species/143/EurasianOystercatcher-png200-eaade4c821880831fc0130856cf4cad3.png","3vcRFwKHd4mAiHeCdth4eIeIhYD5CocK",14152056003,"https://media.birdweather.com/soundscapes/6891/6891-20260710-141504.flac",0,3,"birdnetpi"
9549678525,6891,"2026-07-10T16:14:17.000+02:00",0.86,0.159493267536163,7.18721439174957,"almost_certain","2p4",NA,51.565,6.0085,FALSE,143,"Eurasian Oystercatcher","Haematopus ostralegus","#ca8600","avian","https://media.birdweather.com/species/143/EurasianOystercatcher-standard-de054f6108c9ec46b2430e18a3a05899.jpg","https://media.birdweather.com/species/143/EurasianOystercatcher-thumbnail-30dda908d192acf9a6ba366e2d58599a.jpg","https://media.birdweather.com/species/143/EurasianOystercatcher-png200-eaade4c821880831fc0130856cf4cad3.png","3vcRFwKHd4mAiHeCdth4eIeIhYD5CocK",14152032868,"https://media.birdweather.com/soundscapes/6891/6891-20260710-141417.flac",0,3,"birdnetpi"
9549670997,6891,"2026-07-10T16:14:02.000+02:00",0.99,0.159493267536163,7.47320848674066,"almost_certain","2p4",NA,51.5644,6.0035,FALSE,143,"Eurasian Oystercatcher","Haematopus ostralegus","#ca8600","avian","https://media.birdweather.com/species/143/EurasianOystercatcher-standard-de054f6108c9ec46b2430e18a3a05899.jpg","https://media.birdweather.com/species/143/EurasianOystercatcher-thumbnail-30dda908d192acf9a6ba366e2d58599a.jpg","https://media.birdweather.com/species/143/EurasianOystercatcher-png200-eaade4c821880831fc0130856cf4cad3.png","3vcRFwKHd4mAiHeCdth4eIeIhYD5CocK",14152024201,"https://media.birdweather.com/soundscapes/6891/6891-20260710-141402.flac",0,3,"birdnetpi"
9549659926,6891,"2026-07-10T16:13:41.000+02:00",0.98,0.159493267536163,7.45320813153368,"almost_certain","2p4",NA,51.565,6.0094,FALSE,143,"Eurasian Oystercatcher","Haematopus ostralegus","#ca8600","avian","https://media.birdweather.com/species/143/EurasianOystercatcher-standard-de054f6108c9ec46b2430e18a3a05899.jpg","https://media.birdweather.com/species/143/EurasianOystercatcher-thumbnail-30dda908d192acf9a6ba366e2d58599a.jpg","https://media.birdweather.com/species/143/EurasianOystercatcher-png200-eaade4c821880831fc0130856cf4cad3.png","3vcRFwKHd4mAiHeCdth4eIeIhYD5CocK",14152011334,"https://media.birdweather.com/soundscapes/6891/6891-20260710-141341.flac",0,3,"birdnetpi"
9549645077,6891,"2026-07-10T16:12:56.000+02:00",0.86,0.159493267536163,7.18721439174957,"almost_certain","2p4",NA,51.5672,6.0062,FALSE,143,"Eurasian Oystercatcher","Haematopus ostralegus","#ca8600","avian","https://media.birdweather.com/species/143/EurasianOystercatcher-standard-de054f6108c9ec46b2430e18a3a05899.jpg","https://media.birdweather.com/species/143/EurasianOystercatcher-thumbnail-30dda908d192acf9a6ba366e2d58599a.jpg","https://media.birdweather.com/species/143/EurasianOystercatcher-png200-eaade4c821880831fc0130856cf4cad3.png","3vcRFwKHd4mAiHeCdth4eIeIhYD5CocK",14151994568,"https://media.birdweather.com/soundscapes/6891/6891-20260710-141256.flac",0,3,"birdnetpi"
9549465668,6891,"2026-07-10T16:05:50.000+02:00",0.96,0.818590819835663,9.58638071626338,"almost_certain","2p4",NA,51.5669,6.0082,FALSE,11,"Great Tit","Parus major","#7a41c7","avian","https://media.birdweather.com/species/11/GreatTit-standard-0058e4dcd148acb2e0cb8a7b7c6ad3b2.jpg","https://media.birdweather.com/species/11/GreatTit-thumbnail-6910d0adae4550c5e6f2396322ee64c4.jpg","https://media.birdweather.com/species/11/GreatTit-png200-9f3394faf07d12f615112c10cb9d7f02.png","ImkCDwTFxox9pZloaIaeZLsJp9r1yG4P",14151789492,"https://media.birdweather.com/soundscapes/6891/6891-20260710-140550.flac",0,3,"birdnetpi"
9549432542,6891,"2026-07-10T16:04:32.000+02:00",1,0.993988573551178,9.93004517355971,"almost_certain","2p4",NA,51.5622,6.005,FALSE,35,"Eurasian Blackbird","Turdus merula","#ff65df","avian","https://media.birdweather.com/species/35/EurasianBlackbird-standard-618b3a5132c7c359fb2a2884c39deb39.jpg","https://media.birdweather.com/species/35/EurasianBlackbird-thumbnail-276878929bed08167d1fd9bf34d63d40.jpg","https://media.birdweather.com/species/35/EurasianBlackbird-png200-ba5a1b43225da4611cac429c52a52c81.png","GfkFFwKRmrx2ZYiaaQe69nlzScn3T7IA",14151751545,"https://media.birdweather.com/soundscapes/6891/6891-20260710-140432.flac",0,3,"birdnetpi"
9549392241,6891,"2026-07-10T16:02:56.000+02:00",0.71,0.334065556526184,7.73006234235258,"almost_certain","2p4",NA,51.5656,6.0032,FALSE,2,"Short-toed Treecreeper","Certhia brachydactyla","#66dd57","avian","https://media.birdweather.com/species/2/Short-toedTreecreeper-standard-7bbb76fb215629d251262575c97eb338.jpg","https://media.birdweather.com/species/2/Short-toedTreecreeper-thumbnail-fab8f3fcc7962cfbf3bdbde5dc2a415d.jpg","https://media.birdweather.com/species/2/Short-toedTreecreeper-png200-9ed36805c2a6923b35a860f2814cdd8c.png","IRkGHwS/1aqJXad3ialWmph5+Yx4z3gI",14151705795,"https://media.birdweather.com/soundscapes/6891/6891-20260710-140256.flac",0,3,"birdnetpi"
9549385975,6891,"2026-07-10T16:02:49.000+02:00",0.77,0.818590819835663,9.12125593402996,"almost_certain","2p4",NA,51.5692,6.0067,FALSE,11,"Great Tit","Parus major","#7a41c7","avian","https://media.birdweather.com/species/11/GreatTit-standard-0058e4dcd148acb2e0cb8a7b7c6ad3b2.jpg","https://media.birdweather.com/species/11/GreatTit-thumbnail-6910d0adae4550c5e6f2396322ee64c4.jpg","https://media.birdweather.com/species/11/GreatTit-png200-9f3394faf07d12f615112c10cb9d7f02.png","ImkCDwTFxox9pZloaIaeZLsJp9r1yG4P",14151698649,"https://media.birdweather.com/soundscapes/6891/6891-20260710-140249.flac",0,3,"birdnetpi"
9549304709,6891,"2026-07-10T15:59:41.000+02:00",0.94,0.827771067619324,9.55931878436642,"almost_certain","2p4",NA,51.5665,6.0038,FALSE,1,"House Sparrow","Passer domesticus","#d16ff8","avian","https://media.birdweather.com/species/1/HouseSparrow-standard-b861184cf45c092cdb45fd689dd676ef.jpg","https://media.birdweather.com/species/1/HouseSparrow-thumbnail-e9cbc91763a1579de8ef04880678b5e3.jpg","https://media.birdweather.com/species/1/HouseSparrow-png200-125e8603e1efe9d7a18316b94f06a65e.png","XAgCDwD8qpukuHiqtLZ9mImnmPFcDO4E",14151607385,"https://media.birdweather.com/soundscapes/6891/6891-20260710-135941.flac",0,3,"birdnetpi"
9549293234,6891,"2026-07-10T15:59:05.000+02:00",0.98,0.827771067619324,9.64237451625493,"almost_certain","2p4",NA,51.57,6.0044,FALSE,1,"House Sparrow","Passer domesticus","#d16ff8","avian","https://media.birdweather.com/species/1/HouseSparrow-standard-b861184cf45c092cdb45fd689dd676ef.jpg","https://media.birdweather.com/species/1/HouseSparrow-thumbnail-e9cbc91763a1579de8ef04880678b5e3.jpg","https://media.birdweather.com/species/1/HouseSparrow-png200-125e8603e1efe9d7a18316b94f06a65e.png","XAgCDwD8qpukuHiqtLZ9mImnmPFcDO4E",14151594363,"https://media.birdweather.com/soundscapes/6891/6891-20260710-135905.flac",0,3,"birdnetpi"
9549280020,6891,"2026-07-10T15:58:37.000+02:00",0.97,0.827771067619324,9.62207784872929,"almost_certain","2p4",NA,51.5659,6.0029,FALSE,1,"House Sparrow","Passer domesticus","#d16ff8","avian","https://media.birdweather.com/species/1/HouseSparrow-standard-b861184cf45c092cdb45fd689dd676ef.jpg","https://media.birdweather.com/species/1/HouseSparrow-thumbnail-e9cbc91763a1579de8ef04880678b5e3.jpg","https://media.birdweather.com/species/1/HouseSparrow-png200-125e8603e1efe9d7a18316b94f06a65e.png","XAgCDwD8qpukuHiqtLZ9mImnmPFcDO4E",14151579345,"https://media.birdweather.com/soundscapes/6891/6891-20260710-135837.flac",0,3,"birdnetpi"
9549276184,6891,"2026-07-10T15:58:25.000+02:00",0.78,0.660715103149414,8.86050577954227,"almost_certain","2p4",NA,51.5685,6.0072,FALSE,119,"Common House-Martin","Delichon urbicum","#53b1ff","avian","https://media.birdweather.com/species/119/CommonHouse-Martin-standard-9ffbcc688c51210fb136a162c84d82ad.jpg","https://media.birdweather.com/species/119/CommonHouse-Martin-thumbnail-dd7059ca6235347c3097e7a66f04df95.jpg","https://media.birdweather.com/species/119/CommonHouse-Martin-png200-a73a8953ce2af50676da81e70b2746b2.png","YhgKDwKJd4iIiHd/h5h5d4mIeQqVllAH",14151575029,"https://media.birdweather.com/soundscapes/6891/6891-20260710-135825.flac",0,3,"birdnetpi"
9549267605,6891,"2026-07-10T15:58:11.000+02:00",0.96,0.827771067619324,9.60147595673987,"almost_certain","2p4",NA,51.5675,6.0057,FALSE,1,"House Sparrow","Passer domesticus","#d16ff8","avian","https://media.birdweather.com/species/1/HouseSparrow-standard-b861184cf45c092cdb45fd689dd676ef.jpg","https://media.birdweather.com/species/1/HouseSparrow-thumbnail-e9cbc91763a1579de8ef04880678b5e3.jpg","https://media.birdweather.com/species/1/HouseSparrow-png200-125e8603e1efe9d7a18316b94f06a65e.png","XAgCDwD8qpukuHiqtLZ9mImnmPFcDO4E",14151565418,"https://media.birdweather.com/soundscapes/6891/6891-20260710-135811.flac",0,3,"birdnetpi"
9549256359,6891,"2026-07-10T15:57:41.000+02:00",0.97,0.827771067619324,9.62207784872929,"almost_certain","2p4",NA,51.5626,6.0069,FALSE,1,"House Sparrow","Passer domesticus","#d16ff8","avian","https://media.birdweather.com/species/1/HouseSparrow-standard-b861184cf45c092cdb45fd689dd676ef.jpg","https://media.birdweather.com/species/1/HouseSparrow-thumbnail-e9cbc91763a1579de8ef04880678b5e3.jpg","https://media.birdweather.com/species/1/HouseSparrow-png200-125e8603e1efe9d7a18316b94f06a65e.png","XAgCDwD8qpukuHiqtLZ9mImnmPFcDO4E",14151552425,"https://media.birdweather.com/soundscapes/6891/6891-20260710-135741.flac",0,3,"birdnetpi"
9549244214,6891,"2026-07-10T15:57:19.000+02:00",0.95,0.827771067619324,9.58055951992069,"almost_certain","2p4",NA,51.5655,6.0035,FALSE,1,"House Sparrow","Passer domesticus","#d16ff8","avian","https://media.birdweather.com/species/1/HouseSparrow-standard-b861184cf45c092cdb45fd689dd676ef.jpg","https://media.birdweather.com/species/1/HouseSparrow-thumbnail-e9cbc91763a1579de8ef04880678b5e3.jpg","https://media.birdweather.com/species/1/HouseSparrow-png200-125e8603e1efe9d7a18316b94f06a65e.png","XAgCDwD8qpukuHiqtLZ9mImnmPFcDO4E",14151538761,"https://media.birdweather.com/soundscapes/6891/6891-20260710-135719.flac",0,3,"birdnetpi"
9549233268,6891,"2026-07-10T15:56:56.000+02:00",0.99,0.660715103149414,9.3576863058967,"almost_certain","2p4",NA,51.5637,6.0037,FALSE,119,"Common House-Martin","Delichon urbicum","#53b1ff","avian","https://media.birdweather.com/species/119/CommonHouse-Martin-standard-9ffbcc688c51210fb136a162c84d82ad.jpg","https://media.birdweather.com/species/119/CommonHouse-Martin-thumbnail-dd7059ca6235347c3097e7a66f04df95.jpg","https://media.birdweather.com/species/119/CommonHouse-Martin-png200-a73a8953ce2af50676da81e70b2746b2.png","YhgKDwKJd4iIiHd/h5h5d4mIeQqVllAH",14151526362,"https://media.birdweather.com/soundscapes/6891/6891-20260710-135656.flac",0,3,"birdnetpi"
9549220218,6891,"2026-07-10T15:56:25.000+02:00",0.95,0.827771067619324,9.58055951992069,"almost_certain","2p4",NA,51.5668,6.0029,FALSE,1,"House Sparrow","Passer domesticus","#d16ff8","avian","https://media.birdweather.com/species/1/HouseSparrow-standard-b861184cf45c092cdb45fd689dd676ef.jpg","https://media.birdweather.com/species/1/HouseSparrow-thumbnail-e9cbc91763a1579de8ef04880678b5e3.jpg","https://media.birdweather.com/species/1/HouseSparrow-png200-125e8603e1efe9d7a18316b94f06a65e.png","XAgCDwD8qpukuHiqtLZ9mImnmPFcDO4E",14151511496,"https://media.birdweather.com/soundscapes/6891/6891-20260710-135625.flac",0,3,"birdnetpi"
9549222228,6891,"2026-07-10T15:56:22.000+02:00",0.98,0.660715103149414,9.33768595068972,"almost_certain","2p4",NA,51.5615,6.003,FALSE,119,"Common House-Martin","Delichon urbicum","#53b1ff","avian","https://media.birdweather.com/species/119/CommonHouse-Martin-standard-9ffbcc688c51210fb136a162c84d82ad.jpg","https://media.birdweather.com/species/119/CommonHouse-Martin-thumbnail-dd7059ca6235347c3097e7a66f04df95.jpg","https://media.birdweather.com/species/119/CommonHouse-Martin-png200-a73a8953ce2af50676da81e70b2746b2.png","YhgKDwKJd4iIiHd/h5h5d4mIeQqVllAH",14151513381,"https://media.birdweather.com/soundscapes/6891/6891-20260710-135622.flac",0,3,"birdnetpi"
9549207677,6891,"2026-07-10T15:55:55.000+02:00",0.95,0.827771067619324,9.58055951992069,"almost_certain","2p4",NA,51.5624,6.0072,FALSE,1,"House Sparrow","Passer domesticus","#d16ff8","avian","https://media.birdweather.com/species/1/HouseSparrow-standard-b861184cf45c092cdb45fd689dd676ef.jpg","https://media.birdweather.com/species/1/HouseSparrow-thumbnail-e9cbc91763a1579de8ef04880678b5e3.jpg","https://media.birdweather.com/species/1/HouseSparrow-png200-125e8603e1efe9d7a18316b94f06a65e.png","XAgCDwD8qpukuHiqtLZ9mImnmPFcDO4E",14151497087,"https://media.birdweather.com/soundscapes/6891/6891-20260710-135555.flac",0,3,"birdnetpi"
9549196608,6891,"2026-07-10T15:55:25.000+02:00",0.96,0.827771067619324,9.60147595673987,"almost_certain","2p4",NA,51.5688,6.0054,FALSE,1,"House Sparrow","Passer domesticus","#d16ff8","avian","https://media.birdweather.com/species/1/HouseSparrow-standard-b861184cf45c092cdb45fd689dd676ef.jpg","https://media.birdweather.com/species/1/HouseSparrow-thumbnail-e9cbc91763a1579de8ef04880678b5e3.jpg","https://media.birdweather.com/species/1/HouseSparrow-png200-125e8603e1efe9d7a18316b94f06a65e.png","XAgCDwD8qpukuHiqtLZ9mImnmPFcDO4E",14151484108,"https://media.birdweather.com/soundscapes/6891/6891-20260710-135525.flac",0,3,"birdnetpi"
9549183779,6891,"2026-07-10T15:54:47.000+02:00",0.95,0.827771067619324,9.58055951992069,"almost_certain","2p4",NA,51.5692,6.0085,FALSE,1,"House Sparrow","Passer domesticus","#d16ff8","avian","https://media.birdweather.com/species/1/HouseSparrow-standard-b861184cf45c092cdb45fd689dd676ef.jpg","https://media.birdweather.com/species/1/HouseSparrow-thumbnail-e9cbc91763a1579de8ef04880678b5e3.jpg","https://media.birdweather.com/species/1/HouseSparrow-png200-125e8603e1efe9d7a18316b94f06a65e.png","XAgCDwD8qpukuHiqtLZ9mImnmPFcDO4E",14151469729,"https://media.birdweather.com/soundscapes/6891/6891-20260710-135447.flac",0,3,"birdnetpi"
9549160547,6891,"2026-07-10T15:53:50.000+02:00",0.94,0.827771067619324,9.55931878436642,"almost_certain","2p4",NA,51.5668,6.0053,FALSE,1,"House Sparrow","Passer domesticus","#d16ff8","avian","https://media.birdweather.com/species/1/HouseSparrow-standard-b861184cf45c092cdb45fd689dd676ef.jpg","https://media.birdweather.com/species/1/HouseSparrow-thumbnail-e9cbc91763a1579de8ef04880678b5e3.jpg","https://media.birdweather.com/species/1/HouseSparrow-png200-125e8603e1efe9d7a18316b94f06a65e.png","XAgCDwD8qpukuHiqtLZ9mImnmPFcDO4E",14151442715,"https://media.birdweather.com/soundscapes/6891/6891-20260710-135350.flac",0,3,"birdnetpi"
9549149123,6891,"2026-07-10T15:53:25.000+02:00",0.97,0.827771067619324,9.62207784872929,"almost_certain","2p4",NA,51.5702,6.0088,FALSE,1,"House Sparrow","Passer domesticus","#d16ff8","avian","https://media.birdweather.com/species/1/HouseSparrow-standard-b861184cf45c092cdb45fd689dd676ef.jpg","https://media.birdweather.com/species/1/HouseSparrow-thumbnail-e9cbc91763a1579de8ef04880678b5e3.jpg","https://media.birdweather.com/species/1/HouseSparrow-png200-125e8603e1efe9d7a18316b94f06a65e.png","XAgCDwD8qpukuHiqtLZ9mImnmPFcDO4E",14151429708,"https://media.birdweather.com/soundscapes/6891/6891-20260710-135325.flac",0,3,"birdnetpi"
9549137782,6891,"2026-07-10T15:53:04.000+02:00",0.96,0.827771067619324,9.60147595673987,"almost_certain","2p4",NA,51.5663,6.009,FALSE,1,"House Sparrow","Passer domesticus","#d16ff8","avian","https://media.birdweather.com/species/1/HouseSparrow-standard-b861184cf45c092cdb45fd689dd676ef.jpg","https://media.birdweather.com/species/1/HouseSparrow-thumbnail-e9cbc91763a1579de8ef04880678b5e3.jpg","https://media.birdweather.com/species/1/HouseSparrow-png200-125e8603e1efe9d7a18316b94f06a65e.png","XAgCDwD8qpukuHiqtLZ9mImnmPFcDO4E",14151416643,"https://media.birdweather.com/soundscapes/6891/6891-20260710-135304.flac",0,3,"birdnetpi"
9549127412,6891,"2026-07-10T15:52:32.000+02:00",0.9,0.660715103149414,9.16621244484273,"almost_certain","2p4",NA,51.5684,6.0037,FALSE,119,"Common House-Martin","Delichon urbicum","#53b1ff","avian","https://media.birdweather.com/species/119/CommonHouse-Martin-standard-9ffbcc688c51210fb136a162c84d82ad.jpg","https://media.birdweather.com/species/119/CommonHouse-Martin-thumbnail-dd7059ca6235347c3097e7a66f04df95.jpg","https://media.birdweather.com/species/119/CommonHouse-Martin-png200-a73a8953ce2af50676da81e70b2746b2.png","YhgKDwKJd4iIiHd/h5h5d4mIeQqVllAH",14151404754,"https://media.birdweather.com/soundscapes/6891/6891-20260710-135232.flac",0,3,"birdnetpi"
9548766553,6891,"2026-07-10T15:38:16.000+02:00",0.74,0.660715103149414,8.74130019306647,"almost_certain","2p4",NA,51.5626,6.0005,FALSE,119,"Common House-Martin","Delichon urbicum","#53b1ff","avian","https://media.birdweather.com/species/119/CommonHouse-Martin-standard-9ffbcc688c51210fb136a162c84d82ad.jpg","https://media.birdweather.com/species/119/CommonHouse-Martin-thumbnail-dd7059ca6235347c3097e7a66f04df95.jpg","https://media.birdweather.com/species/119/CommonHouse-Martin-png200-a73a8953ce2af50676da81e70b2746b2.png","YhgKDwKJd4iIiHd/h5h5d4mIeQqVllAH",14150991658,"https://media.birdweather.com/soundscapes/6891/6891-20260710-133816.flac",0,3,"birdnetpi"
9548753046,6891,"2026-07-10T15:37:44.000+02:00",0.72,0.660715103149414,8.67756777164667,"almost_certain","2p4",NA,51.5698,6.0069,FALSE,119,"Common House-Martin","Delichon urbicum","#53b1ff","avian","https://media.birdweather.com/species/119/CommonHouse-Martin-standard-9ffbcc688c51210fb136a162c84d82ad.jpg","https://media.birdweather.com/species/119/CommonHouse-Martin-thumbnail-dd7059ca6235347c3097e7a66f04df95.jpg","https://media.birdweather.com/species/119/CommonHouse-Martin-png200-a73a8953ce2af50676da81e70b2746b2.png","YhgKDwKJd4iIiHd/h5h5d4mIeQqVllAH",14150976259,"https://media.birdweather.com/soundscapes/6891/6891-20260710-133744.flac",0,3,"birdnetpi"
9548732909,6891,"2026-07-10T15:37:04.000+02:00",0.97,0.660715103149414,9.31738928316408,"almost_certain","2p4",NA,51.5648,6.0036,FALSE,119,"Common House-Martin","Delichon urbicum","#53b1ff","avian","https://media.birdweather.com/species/119/CommonHouse-Martin-standard-9ffbcc688c51210fb136a162c84d82ad.jpg","https://media.birdweather.com/species/119/CommonHouse-Martin-thumbnail-dd7059ca6235347c3097e7a66f04df95.jpg","https://media.birdweather.com/species/119/CommonHouse-Martin-png200-a73a8953ce2af50676da81e70b2746b2.png","YhgKDwKJd4iIiHd/h5h5d4mIeQqVllAH",14150953113,"https://media.birdweather.com/soundscapes/6891/6891-20260710-133704.flac",0,3,"birdnetpi"
9548701794,6891,"2026-07-10T15:35:43.000+02:00",0.92,0.876010596752167,9.59252119780333,"almost_certain","2p4",NA,51.5659,6.0016,FALSE,551,"Common Swift","Apus apus","#234bb2","avian","https://media.birdweather.com/species/551/CommonSwift-standard-ba54f84fbd8481b1c0de60654fbd79d5.jpg","https://media.birdweather.com/species/551/CommonSwift-thumbnail-bad1d7e3c141990f11d01e49e9f768ac.jpg","https://media.birdweather.com/species/551/CommonSwift-png200-f52bea49cb0e4232049806bde3e1a401.png","LLYFFwLchWelV5dvsqh1jKZoKJIEMkoA",14150918214,"https://media.birdweather.com/soundscapes/6891/6891-20260710-133543.flac",0,3,"birdnetpi"
9548638801,6891,"2026-07-10T15:33:20.000+02:00",0.99,0.876010596752167,9.7390730015898,"almost_certain","2p4",NA,51.5655,6.0068,FALSE,551,"Common Swift","Apus apus","#234bb2","avian","https://media.birdweather.com/species/551/CommonSwift-standard-ba54f84fbd8481b1c0de60654fbd79d5.jpg","https://media.birdweather.com/species/551/CommonSwift-thumbnail-bad1d7e3c141990f11d01e49e9f768ac.jpg","https://media.birdweather.com/species/551/CommonSwift-png200-f52bea49cb0e4232049806bde3e1a401.png","LLYFFwLchWelV5dvsqh1jKZoKJIEMkoA",14150847378,"https://media.birdweather.com/soundscapes/6891/6891-20260710-133320.flac",0,3,"birdnetpi"
9548592764,6891,"2026-07-10T15:31:35.000+02:00",0.86,0.827771067619324,9.37638077647082,"almost_certain","2p4",NA,51.566,6.0065,FALSE,1,"House Sparrow","Passer domesticus","#d16ff8","avian","https://media.birdweather.com/species/1/HouseSparrow-standard-b861184cf45c092cdb45fd689dd676ef.jpg","https://media.birdweather.com/species/1/HouseSparrow-thumbnail-e9cbc91763a1579de8ef04880678b5e3.jpg","https://media.birdweather.com/species/1/HouseSparrow-png200-125e8603e1efe9d7a18316b94f06a65e.png","XAgCDwD8qpukuHiqtLZ9mImnmPFcDO4E",14150795282,"https://media.birdweather.com/soundscapes/6891/6891-20260710-133135.flac",0,3,"birdnetpi"
9548578688,6891,"2026-07-10T15:31:02.000+02:00",0.92,0.827771067619324,9.51582306767544,"almost_certain","2p4",NA,51.564,6.0077,FALSE,1,"House Sparrow","Passer domesticus","#d16ff8","avian","https://media.birdweather.com/species/1/HouseSparrow-standard-b861184cf45c092cdb45fd689dd676ef.jpg","https://media.birdweather.com/species/1/HouseSparrow-thumbnail-e9cbc91763a1579de8ef04880678b5e3.jpg","https://media.birdweather.com/species/1/HouseSparrow-png200-125e8603e1efe9d7a18316b94f06a65e.png","XAgCDwD8qpukuHiqtLZ9mImnmPFcDO4E",14150779543,"https://media.birdweather.com/soundscapes/6891/6891-20260710-133102.flac",0,3,"birdnetpi"
9548553080,6891,"2026-07-10T15:29:59.000+02:00",0.99,0.159493267536163,7.47320848674066,"almost_certain","2p4",NA,51.5642,6.0059,FALSE,143,"Eurasian Oystercatcher","Haematopus ostralegus","#ca8600","avian","https://media.birdweather.com/species/143/EurasianOystercatcher-standard-de054f6108c9ec46b2430e18a3a05899.jpg","https://media.birdweather.com/species/143/EurasianOystercatcher-thumbnail-30dda908d192acf9a6ba366e2d58599a.jpg","https://media.birdweather.com/species/143/EurasianOystercatcher-png200-eaade4c821880831fc0130856cf4cad3.png","3vcRFwKHd4mAiHeCdth4eIeIhYD5CocK",14150750549,"https://media.birdweather.com/soundscapes/6891/6891-20260710-132959.flac",0,3,"birdnetpi"
9548549420,6891,"2026-07-10T15:29:53.000+02:00",0.98,0.660715103149414,9.33768595068972,"almost_certain","2p4",NA,51.5685,6.0055,FALSE,119,"Common House-Martin","Delichon urbicum","#53b1ff","avian","https://media.birdweather.com/species/119/CommonHouse-Martin-standard-9ffbcc688c51210fb136a162c84d82ad.jpg","https://media.birdweather.com/species/119/CommonHouse-Martin-thumbnail-dd7059ca6235347c3097e7a66f04df95.jpg","https://media.birdweather.com/species/119/CommonHouse-Martin-png200-a73a8953ce2af50676da81e70b2746b2.png","YhgKDwKJd4iIiHd/h5h5d4mIeQqVllAH",14150746385,"https://media.birdweather.com/soundscapes/6891/6891-20260710-132953.flac",0,3,"birdnetpi"
9548538280,6891,"2026-07-10T15:29:25.000+02:00",0.99,0.660715103149414,9.3576863058967,"almost_certain","2p4",NA,51.5636,6.002,FALSE,119,"Common House-Martin","Delichon urbicum","#53b1ff","avian","https://media.birdweather.com/species/119/CommonHouse-Martin-standard-9ffbcc688c51210fb136a162c84d82ad.jpg","https://media.birdweather.com/species/119/CommonHouse-Martin-thumbnail-dd7059ca6235347c3097e7a66f04df95.jpg","https://media.birdweather.com/species/119/CommonHouse-Martin-png200-a73a8953ce2af50676da81e70b2746b2.png","YhgKDwKJd4iIiHd/h5h5d4mIeQqVllAH",14150733409,"https://media.birdweather.com/soundscapes/6891/6891-20260710-132925.flac",0,3,"birdnetpi"
9548530639,6891,"2026-07-10T15:29:10.000+02:00",0.93,0.660715103149414,9.23305496975486,"almost_certain","2p4",NA,51.563,6.0026,FALSE,119,"Common House-Martin","Delichon urbicum","#53b1ff","avian","https://media.birdweather.com/species/119/CommonHouse-Martin-standard-9ffbcc688c51210fb136a162c84d82ad.jpg","https://media.birdweather.com/species/119/CommonHouse-Martin-thumbnail-dd7059ca6235347c3097e7a66f04df95.jpg","https://media.birdweather.com/species/119/CommonHouse-Martin-png200-a73a8953ce2af50676da81e70b2746b2.png","YhgKDwKJd4iIiHd/h5h5d4mIeQqVllAH",14150724596,"https://media.birdweather.com/soundscapes/6891/6891-20260710-132910.flac",0,3,"birdnetpi"
9548530921,6891,"2026-07-10T15:29:02.000+02:00",0.88,0.204495519399643,7.55789113092314,"almost_certain","2p4",NA,51.5678,6.0015,FALSE,8,"Long-tailed Tit","Aegithalos caudatus","#bdc706","avian","https://media.birdweather.com/species/8/Long-tailedTit-standard-f8bdec5e2df87ccaa32a7b13a292f078.jpg","https://media.birdweather.com/species/8/Long-tailedTit-thumbnail-652dd0fa7d32953de84a85963165fb57.jpg","https://media.birdweather.com/species/8/Long-tailedTit-png200-aba8917f8bf81c61c1bc7e2fe9f8aa63.png","5okGFwRveYeOd2d5d1h1V3qGmYn1mFoP",14150725002,"https://media.birdweather.com/soundscapes/6891/6891-20260710-132902.flac",0,3,"birdnetpi"
9548507457,6891,"2026-07-10T15:28:10.000+02:00",0.99,0.660715103149414,9.3576863058967,"almost_certain","2p4",NA,51.5658,6.0078,FALSE,119,"Common House-Martin","Delichon urbicum","#53b1ff","avian","https://media.birdweather.com/species/119/CommonHouse-Martin-standard-9ffbcc688c51210fb136a162c84d82ad.jpg","https://media.birdweather.com/species/119/CommonHouse-Martin-thumbnail-dd7059ca6235347c3097e7a66f04df95.jpg","https://media.birdweather.com/species/119/CommonHouse-Martin-png200-a73a8953ce2af50676da81e70b2746b2.png","YhgKDwKJd4iIiHd/h5h5d4mIeQqVllAH",14150698558,"https://media.birdweather.com/soundscapes/6891/6891-20260710-132810.flac",0,3,"birdnetpi"
9548500362,6891,"2026-07-10T15:27:50.000+02:00",0.91,0.660715103149414,9.18885758851589,"almost_certain","2p4",NA,51.5617,6.0036,FALSE,119,"Common House-Martin","Delichon urbicum","#53b1ff","avian","https://media.birdweather.com/species/119/CommonHouse-Martin-standard-9ffbcc688c51210fb136a162c84d82ad.jpg","https://media.birdweather.com/species/119/CommonHouse-Martin-thumbnail-dd7059ca6235347c3097e7a66f04df95.jpg","https://media.birdweather.com/species/119/CommonHouse-Martin-png200-a73a8953ce2af50676da81e70b2746b2.png","YhgKDwKJd4iIiHd/h5h5d4mIeQqVllAH",14150690498,"https://media.birdweather.com/soundscapes/6891/6891-20260710-132750.flac",0,3,"birdnetpi"
9548487028,6891,"2026-07-10T15:27:31.000+02:00",0.97,0.660715103149414,9.31738928316408,"almost_certain","2p4",NA,51.5647,6.0033,FALSE,119,"Common House-Martin","Delichon urbicum","#53b1ff","avian","https://media.birdweather.com/species/119/CommonHouse-Martin-standard-9ffbcc688c51210fb136a162c84d82ad.jpg","https://media.birdweather.com/species/119/CommonHouse-Martin-thumbnail-dd7059ca6235347c3097e7a66f04df95.jpg","https://media.birdweather.com/species/119/CommonHouse-Martin-png200-a73a8953ce2af50676da81e70b2746b2.png","YhgKDwKJd4iIiHd/h5h5d4mIeQqVllAH",14150675593,"https://media.birdweather.com/soundscapes/6891/6891-20260710-132731.flac",0,3,"birdnetpi"
9548478273,6891,"2026-07-10T15:27:07.000+02:00",0.94,0.660715103149414,9.25463021880121,"almost_certain","2p4",NA,51.5619,6.0059,FALSE,119,"Common House-Martin","Delichon urbicum","#53b1ff","avian","https://media.birdweather.com/species/119/CommonHouse-Martin-standard-9ffbcc688c51210fb136a162c84d82ad.jpg","https://media.birdweather.com/species/119/CommonHouse-Martin-thumbnail-dd7059ca6235347c3097e7a66f04df95.jpg","https://media.birdweather.com/species/119/CommonHouse-Martin-png200-a73a8953ce2af50676da81e70b2746b2.png","YhgKDwKJd4iIiHd/h5h5d4mIeQqVllAH",14150665998,"https://media.birdweather.com/soundscapes/6891/6891-20260710-132707.flac",0,3,"birdnetpi"
9548471466,6891,"2026-07-10T15:26:43.000+02:00",0.91,0.924771189689636,9.64363911841154,"almost_certain","2p4",NA,51.5666,6.0054,FALSE,397,"Barn Swallow","Hirundo rustica","#c85500","avian","https://media.birdweather.com/species/397/BarnSwallow-standard-66c9cb8916403efe633a420fe54e3bc6.jpg","https://media.birdweather.com/species/397/BarnSwallow-thumbnail-418cddeb212e9e1ce5d35f61a3040433.jpg","https://media.birdweather.com/species/397/BarnSwallow-png200-317c812ebfcec488fad1824feff99dbc.png","IAgKHwKLhnmThXdPl1i3p3ll51f4jngP",14150658350,"https://media.birdweather.com/soundscapes/6891/6891-20260710-132643.flac",0,3,"birdnetpi"
9548427165,6891,"2026-07-10T15:24:59.000+02:00",0.8,0.827771067619324,9.22112047760023,"almost_certain","2p4",NA,51.5616,6.0048,FALSE,1,"House Sparrow","Passer domesticus","#d16ff8","avian","https://media.birdweather.com/species/1/HouseSparrow-standard-b861184cf45c092cdb45fd689dd676ef.jpg","https://media.birdweather.com/species/1/HouseSparrow-thumbnail-e9cbc91763a1579de8ef04880678b5e3.jpg","https://media.birdweather.com/species/1/HouseSparrow-png200-125e8603e1efe9d7a18316b94f06a65e.png","XAgCDwD8qpukuHiqtLZ9mImnmPFcDO4E",14150608332,"https://media.birdweather.com/soundscapes/6891/6891-20260710-132459.flac",0,3,"birdnetpi"
9548269619,6891,"2026-07-10T15:18:56.000+02:00",0.91,0.695406913757324,9.25794717842997,"almost_certain","2p4",NA,51.5653,6.0041,FALSE,89,"European Goldfinch","Carduelis carduelis","#65dba3","avian","https://media.birdweather.com/species/89/EuropeanGoldfinch-standard-5e709d6e7011b21fe905b6d27ce94b9d.jpg","https://media.birdweather.com/species/89/EuropeanGoldfinch-thumbnail-f99916cbaf5a2c3bd8f61890d18d73c1.jpg","https://media.birdweather.com/species/89/EuropeanGoldfinch-png200-ef3fc90c8328c40b59d9ad3c4b52e850.png","lPgJDwI+UJmHq2hji4dWiHiH2XQID5UC",14150433631,"https://media.birdweather.com/soundscapes/6891/6891-20260710-131856.flac",0,3,"birdnetpi"
9548146312,6891,"2026-07-10T15:14:14.000+02:00",0.89,0.660715103149414,9.14318669274929,"almost_certain","2p4",NA,51.5625,6.0071,FALSE,119,"Common House-Martin","Delichon urbicum","#53b1ff","avian","https://media.birdweather.com/species/119/CommonHouse-Martin-standard-9ffbcc688c51210fb136a162c84d82ad.jpg","https://media.birdweather.com/species/119/CommonHouse-Martin-thumbnail-dd7059ca6235347c3097e7a66f04df95.jpg","https://media.birdweather.com/species/119/CommonHouse-Martin-png200-a73a8953ce2af50676da81e70b2746b2.png","YhgKDwKJd4iIiHd/h5h5d4mIeQqVllAH",14150298197,"https://media.birdweather.com/soundscapes/6891/6891-20260710-131414.flac",0,3,"birdnetpi"
9548019452,6891,"2026-07-10T15:09:19.000+02:00",0.78,0.660715103149414,8.86050577954227,"almost_certain","2p4",NA,51.5636,6.0093,FALSE,119,"Common House-Martin","Delichon urbicum","#53b1ff","avian","https://media.birdweather.com/species/119/CommonHouse-Martin-standard-9ffbcc688c51210fb136a162c84d82ad.jpg","https://media.birdweather.com/species/119/CommonHouse-Martin-thumbnail-dd7059ca6235347c3097e7a66f04df95.jpg","https://media.birdweather.com/species/119/CommonHouse-Martin-png200-a73a8953ce2af50676da81e70b2746b2.png","YhgKDwKJd4iIiHd/h5h5d4mIeQqVllAH",14150156089,"https://media.birdweather.com/soundscapes/6891/6891-20260710-130919.flac",0,3,"birdnetpi"
9548011096,6891,"2026-07-10T15:08:59.000+02:00",0.86,0.660715103149414,9.07169221090561,"almost_certain","2p4",NA,51.5637,6.0016,FALSE,119,"Common House-Martin","Delichon urbicum","#53b1ff","avian","https://media.birdweather.com/species/119/CommonHouse-Martin-standard-9ffbcc688c51210fb136a162c84d82ad.jpg","https://media.birdweather.com/species/119/CommonHouse-Martin-thumbnail-dd7059ca6235347c3097e7a66f04df95.jpg","https://media.birdweather.com/species/119/CommonHouse-Martin-png200-a73a8953ce2af50676da81e70b2746b2.png","YhgKDwKJd4iIiHd/h5h5d4mIeQqVllAH",14150146574,"https://media.birdweather.com/soundscapes/6891/6891-20260710-130859.flac",0,3,"birdnetpi"
9548003467,6891,"2026-07-10T15:08:49.000+02:00",0.9,0.660715103149414,9.16621244484273,"almost_certain","2p4",NA,51.5646,6.0016,FALSE,119,"Common House-Martin","Delichon urbicum","#53b1ff","avian","https://media.birdweather.com/species/119/CommonHouse-Martin-standard-9ffbcc688c51210fb136a162c84d82ad.jpg","https://media.birdweather.com/species/119/CommonHouse-Martin-thumbnail-dd7059ca6235347c3097e7a66f04df95.jpg","https://media.birdweather.com/species/119/CommonHouse-Martin-png200-a73a8953ce2af50676da81e70b2746b2.png","YhgKDwKJd4iIiHd/h5h5d4mIeQqVllAH",14150137858,"https://media.birdweather.com/soundscapes/6891/6891-20260710-130849.flac",0,3,"birdnetpi"
9547990644,6891,"2026-07-10T15:08:19.000+02:00",0.95,0.660715103149414,9.27587095435548,"almost_certain","2p4",NA,51.5697,6.0043,FALSE,119,"Common House-Martin","Delichon urbicum","#53b1ff","avian","https://media.birdweather.com/species/119/CommonHouse-Martin-standard-9ffbcc688c51210fb136a162c84d82ad.jpg","https://media.birdweather.com/species/119/CommonHouse-Martin-thumbnail-dd7059ca6235347c3097e7a66f04df95.jpg","https://media.birdweather.com/species/119/CommonHouse-Martin-png200-a73a8953ce2af50676da81e70b2746b2.png","YhgKDwKJd4iIiHd/h5h5d4mIeQqVllAH",14150123295,"https://media.birdweather.com/soundscapes/6891/6891-20260710-130819.flac",0,3,"birdnetpi"
9547960407,6891,"2026-07-10T15:06:59.000+02:00",0.92,0.876010596752167,9.59252119780333,"almost_certain","2p4",NA,51.569,6.0049,FALSE,551,"Common Swift","Apus apus","#234bb2","avian","https://media.birdweather.com/species/551/CommonSwift-standard-ba54f84fbd8481b1c0de60654fbd79d5.jpg","https://media.birdweather.com/species/551/CommonSwift-thumbnail-bad1d7e3c141990f11d01e49e9f768ac.jpg","https://media.birdweather.com/species/551/CommonSwift-png200-f52bea49cb0e4232049806bde3e1a401.png","LLYFFwLchWelV5dvsqh1jKZoKJIEMkoA",14150088750,"https://media.birdweather.com/soundscapes/6891/6891-20260710-130659.flac",0,3,"birdnetpi"
9547879632,6891,"2026-07-10T15:03:52.000+02:00",0.72,0.827771067619324,8.98225633721188,"almost_certain","2p4",NA,51.5684,6.0026,FALSE,1,"House Sparrow","Passer domesticus","#d16ff8","avian","https://media.birdweather.com/species/1/HouseSparrow-standard-b861184cf45c092cdb45fd689dd676ef.jpg","https://media.birdweather.com/species/1/HouseSparrow-thumbnail-e9cbc91763a1579de8ef04880678b5e3.jpg","https://media.birdweather.com/species/1/HouseSparrow-png200-125e8603e1efe9d7a18316b94f06a65e.png","XAgCDwD8qpukuHiqtLZ9mImnmPFcDO4E",14149998796,"https://media.birdweather.com/soundscapes/6891/6891-20260710-130352.flac",0,3,"birdnetpi"
9547807082,6891,"2026-07-10T15:01:07.000+02:00",0.74,0.660715103149414,8.74130019306647,"almost_certain","2p4",NA,51.5628,6.0019,FALSE,119,"Common House-Martin","Delichon urbicum","#53b1ff","avian","https://media.birdweather.com/species/119/CommonHouse-Martin-standard-9ffbcc688c51210fb136a162c84d82ad.jpg","https://media.birdweather.com/species/119/CommonHouse-Martin-thumbnail-dd7059ca6235347c3097e7a66f04df95.jpg","https://media.birdweather.com/species/119/CommonHouse-Martin-png200-a73a8953ce2af50676da81e70b2746b2.png","YhgKDwKJd4iIiHd/h5h5d4mIeQqVllAH",14149918287,"https://media.birdweather.com/soundscapes/6891/6891-20260710-130107.flac",0,3,"birdnetpi"
9547797863,6891,"2026-07-10T15:00:47.000+02:00",0.99,0.660715103149414,9.3576863058967,"almost_certain","2p4",NA,51.5681,6.0086,FALSE,119,"Common House-Martin","Delichon urbicum","#53b1ff","avian","https://media.birdweather.com/species/119/CommonHouse-Martin-standard-9ffbcc688c51210fb136a162c84d82ad.jpg","https://media.birdweather.com/species/119/CommonHouse-Martin-thumbnail-dd7059ca6235347c3097e7a66f04df95.jpg","https://media.birdweather.com/species/119/CommonHouse-Martin-png200-a73a8953ce2af50676da81e70b2746b2.png","YhgKDwKJd4iIiHd/h5h5d4mIeQqVllAH",14149907797,"https://media.birdweather.com/soundscapes/6891/6891-20260710-130047.flac",0,3,"birdnetpi"
9547729709,6891,"2026-07-10T14:58:08.000+02:00",1,0.159493267536163,7.49292105705004,"almost_certain","2p4",NA,51.5703,6.0089,FALSE,143,"Eurasian Oystercatcher","Haematopus ostralegus","#ca8600","avian","https://media.birdweather.com/species/143/EurasianOystercatcher-standard-de054f6108c9ec46b2430e18a3a05899.jpg","https://media.birdweather.com/species/143/EurasianOystercatcher-thumbnail-30dda908d192acf9a6ba366e2d58599a.jpg","https://media.birdweather.com/species/143/EurasianOystercatcher-png200-eaade4c821880831fc0130856cf4cad3.png","3vcRFwKHd4mAiHeCdth4eIeIhYD5CocK",14149832501,"https://media.birdweather.com/soundscapes/6891/6891-20260710-125808.flac",0,3,"birdnetpi"
9547699360,6891,"2026-07-10T14:56:58.000+02:00",0.87,0.660715103149414,9.09594063153179,"almost_certain","2p4",NA,51.5626,6.0024,FALSE,119,"Common House-Martin","Delichon urbicum","#53b1ff","avian","https://media.birdweather.com/species/119/CommonHouse-Martin-standard-9ffbcc688c51210fb136a162c84d82ad.jpg","https://media.birdweather.com/species/119/CommonHouse-Martin-thumbnail-dd7059ca6235347c3097e7a66f04df95.jpg","https://media.birdweather.com/species/119/CommonHouse-Martin-png200-a73a8953ce2af50676da81e70b2746b2.png","YhgKDwKJd4iIiHd/h5h5d4mIeQqVllAH",14149799242,"https://media.birdweather.com/soundscapes/6891/6891-20260710-125658.flac",0,3,"birdnetpi"
9547670141,6891,"2026-07-10T14:55:52.000+02:00",0.98,0.660715103149414,9.33768595068972,"almost_certain","2p4",NA,51.5618,6.0078,FALSE,119,"Common House-Martin","Delichon urbicum","#53b1ff","avian","https://media.birdweather.com/species/119/CommonHouse-Martin-standard-9ffbcc688c51210fb136a162c84d82ad.jpg","https://media.birdweather.com/species/119/CommonHouse-Martin-thumbnail-dd7059ca6235347c3097e7a66f04df95.jpg","https://media.birdweather.com/species/119/CommonHouse-Martin-png200-a73a8953ce2af50676da81e70b2746b2.png","YhgKDwKJd4iIiHd/h5h5d4mIeQqVllAH",14149767456,"https://media.birdweather.com/soundscapes/6891/6891-20260710-125552.flac",0,3,"birdnetpi"
9547646144,6891,"2026-07-10T14:54:58.000+02:00",0.71,0.876010596752167,9.02594082167646,"almost_certain","2p4",NA,51.5662,6.0016,FALSE,551,"Common Swift","Apus apus","#234bb2","avian","https://media.birdweather.com/species/551/CommonSwift-standard-ba54f84fbd8481b1c0de60654fbd79d5.jpg","https://media.birdweather.com/species/551/CommonSwift-thumbnail-bad1d7e3c141990f11d01e49e9f768ac.jpg","https://media.birdweather.com/species/551/CommonSwift-png200-f52bea49cb0e4232049806bde3e1a401.png","LLYFFwLchWelV5dvsqh1jKZoKJIEMkoA",14149741404,"https://media.birdweather.com/soundscapes/6891/6891-20260710-125458.flac",0,3,"birdnetpi"
9547634736,6891,"2026-07-10T14:54:37.000+02:00",0.92,0.159493267536163,7.32665668295419,"almost_certain","2p4",NA,51.5636,6.0093,FALSE,143,"Eurasian Oystercatcher","Haematopus ostralegus","#ca8600","avian","https://media.birdweather.com/species/143/EurasianOystercatcher-standard-de054f6108c9ec46b2430e18a3a05899.jpg","https://media.birdweather.com/species/143/EurasianOystercatcher-thumbnail-30dda908d192acf9a6ba366e2d58599a.jpg","https://media.birdweather.com/species/143/EurasianOystercatcher-png200-eaade4c821880831fc0130856cf4cad3.png","3vcRFwKHd4mAiHeCdth4eIeIhYD5CocK",14149728907,"https://media.birdweather.com/soundscapes/6891/6891-20260710-125437.flac",0,3,"birdnetpi"
9547606897,6891,"2026-07-10T14:53:29.000+02:00",0.79,0.660715103149414,8.88875420301001,"almost_certain","2p4",NA,51.567,6.0021,FALSE,119,"Common House-Martin","Delichon urbicum","#53b1ff","avian","https://media.birdweather.com/species/119/CommonHouse-Martin-standard-9ffbcc688c51210fb136a162c84d82ad.jpg","https://media.birdweather.com/species/119/CommonHouse-Martin-thumbnail-dd7059ca6235347c3097e7a66f04df95.jpg","https://media.birdweather.com/species/119/CommonHouse-Martin-png200-a73a8953ce2af50676da81e70b2746b2.png","YhgKDwKJd4iIiHd/h5h5d4mIeQqVllAH",14149698579,"https://media.birdweather.com/soundscapes/6891/6891-20260710-125329.flac",0,3,"birdnetpi"
9547598879,6891,"2026-07-10T14:53:13.000+02:00",0.92,0.660715103149414,9.21113450211023,"almost_certain","2p4",NA,51.5659,6.0008,FALSE,119,"Common House-Martin","Delichon urbicum","#53b1ff","avian","https://media.birdweather.com/species/119/CommonHouse-Martin-standard-9ffbcc688c51210fb136a162c84d82ad.jpg","https://media.birdweather.com/species/119/CommonHouse-Martin-thumbnail-dd7059ca6235347c3097e7a66f04df95.jpg","https://media.birdweather.com/species/119/CommonHouse-Martin-png200-a73a8953ce2af50676da81e70b2746b2.png","YhgKDwKJd4iIiHd/h5h5d4mIeQqVllAH",14149689890,"https://media.birdweather.com/soundscapes/6891/6891-20260710-125313.flac",0,3,"birdnetpi"
9547572992,6891,"2026-07-10T14:52:13.000+02:00",0.87,0.876010596752167,9.47732732722489,"almost_certain","2p4",NA,51.5682,6.001,FALSE,551,"Common Swift","Apus apus","#234bb2","avian","https://media.birdweather.com/species/551/CommonSwift-standard-ba54f84fbd8481b1c0de60654fbd79d5.jpg","https://media.birdweather.com/species/551/CommonSwift-thumbnail-bad1d7e3c141990f11d01e49e9f768ac.jpg","https://media.birdweather.com/species/551/CommonSwift-png200-f52bea49cb0e4232049806bde3e1a401.png","LLYFFwLchWelV5dvsqh1jKZoKJIEMkoA",14149661885,"https://media.birdweather.com/soundscapes/6891/6891-20260710-125213.flac",0,3,"birdnetpi"
9547566999,6891,"2026-07-10T14:52:02.000+02:00",0.97,0.660715103149414,9.31738928316408,"almost_certain","2p4",NA,51.5627,6.007,FALSE,119,"Common House-Martin","Delichon urbicum","#53b1ff","avian","https://media.birdweather.com/species/119/CommonHouse-Martin-standard-9ffbcc688c51210fb136a162c84d82ad.jpg","https://media.birdweather.com/species/119/CommonHouse-Martin-thumbnail-dd7059ca6235347c3097e7a66f04df95.jpg","https://media.birdweather.com/species/119/CommonHouse-Martin-png200-a73a8953ce2af50676da81e70b2746b2.png","YhgKDwKJd4iIiHd/h5h5d4mIeQqVllAH",14149655259,"https://media.birdweather.com/soundscapes/6891/6891-20260710-125202.flac",0,3,"birdnetpi"
9547552246,6891,"2026-07-10T14:51:28.000+02:00",0.91,0.660715103149414,9.18885758851589,"almost_certain","2p4",NA,51.564,6.0085,FALSE,119,"Common House-Martin","Delichon urbicum","#53b1ff","avian","https://media.birdweather.com/species/119/CommonHouse-Martin-standard-9ffbcc688c51210fb136a162c84d82ad.jpg","https://media.birdweather.com/species/119/CommonHouse-Martin-thumbnail-dd7059ca6235347c3097e7a66f04df95.jpg","https://media.birdweather.com/species/119/CommonHouse-Martin-png200-a73a8953ce2af50676da81e70b2746b2.png","YhgKDwKJd4iIiHd/h5h5d4mIeQqVllAH",14149639317,"https://media.birdweather.com/soundscapes/6891/6891-20260710-125128.flac",0,3,"birdnetpi"
9547545044,6891,"2026-07-10T14:51:11.000+02:00",0.99,0.660715103149414,9.3576863058967,"almost_certain","2p4",NA,51.5653,6.0022,FALSE,119,"Common House-Martin","Delichon urbicum","#53b1ff","avian","https://media.birdweather.com/species/119/CommonHouse-Martin-standard-9ffbcc688c51210fb136a162c84d82ad.jpg","https://media.birdweather.com/species/119/CommonHouse-Martin-thumbnail-dd7059ca6235347c3097e7a66f04df95.jpg","https://media.birdweather.com/species/119/CommonHouse-Martin-png200-a73a8953ce2af50676da81e70b2746b2.png","YhgKDwKJd4iIiHd/h5h5d4mIeQqVllAH",14149631556,"https://media.birdweather.com/soundscapes/6891/6891-20260710-125111.flac",0,3,"birdnetpi"
9547537788,6891,"2026-07-10T14:50:55.000+02:00",0.87,0.660715103149414,9.09594063153179,"almost_certain","2p4",NA,51.5622,6.0088,FALSE,119,"Common House-Martin","Delichon urbicum","#53b1ff","avian","https://media.birdweather.com/species/119/CommonHouse-Martin-standard-9ffbcc688c51210fb136a162c84d82ad.jpg","https://media.birdweather.com/species/119/CommonHouse-Martin-thumbnail-dd7059ca6235347c3097e7a66f04df95.jpg","https://media.birdweather.com/species/119/CommonHouse-Martin-png200-a73a8953ce2af50676da81e70b2746b2.png","YhgKDwKJd4iIiHd/h5h5d4mIeQqVllAH",14149623528,"https://media.birdweather.com/soundscapes/6891/6891-20260710-125055.flac",0,3,"birdnetpi"
9547497862,6891,"2026-07-10T14:49:31.000+02:00",0.76,0.827771067619324,9.10688767335373,"almost_certain","2p4",NA,51.5642,6.004,FALSE,1,"House Sparrow","Passer domesticus","#d16ff8","avian","https://media.birdweather.com/species/1/HouseSparrow-standard-b861184cf45c092cdb45fd689dd676ef.jpg","https://media.birdweather.com/species/1/HouseSparrow-thumbnail-e9cbc91763a1579de8ef04880678b5e3.jpg","https://media.birdweather.com/species/1/HouseSparrow-png200-125e8603e1efe9d7a18316b94f06a65e.png","XAgCDwD8qpukuHiqtLZ9mImnmPFcDO4E",14149579816,"https://media.birdweather.com/soundscapes/6891/6891-20260710-124931.flac",0,3,"birdnetpi"
9547495049,6891,"2026-07-10T14:49:16.000+02:00",0.92,0.660715103149414,9.21113450211023,"almost_certain","2p4",NA,51.5625,6.0011,FALSE,119,"Common House-Martin","Delichon urbicum","#53b1ff","avian","https://media.birdweather.com/species/119/CommonHouse-Martin-standard-9ffbcc688c51210fb136a162c84d82ad.jpg","https://media.birdweather.com/species/119/CommonHouse-Martin-thumbnail-dd7059ca6235347c3097e7a66f04df95.jpg","https://media.birdweather.com/species/119/CommonHouse-Martin-png200-a73a8953ce2af50676da81e70b2746b2.png","YhgKDwKJd4iIiHd/h5h5d4mIeQqVllAH",14149576641,"https://media.birdweather.com/soundscapes/6891/6891-20260710-124916.flac",0,3,"birdnetpi"
9547428553,6891,"2026-07-10T14:46:46.000+02:00",0.93,0.660715103149414,9.23305496975486,"almost_certain","2p4",NA,51.5634,6.0067,FALSE,119,"Common House-Martin","Delichon urbicum","#53b1ff","avian","https://media.birdweather.com/species/119/CommonHouse-Martin-standard-9ffbcc688c51210fb136a162c84d82ad.jpg","https://media.birdweather.com/species/119/CommonHouse-Martin-thumbnail-dd7059ca6235347c3097e7a66f04df95.jpg","https://media.birdweather.com/species/119/CommonHouse-Martin-png200-a73a8953ce2af50676da81e70b2746b2.png","YhgKDwKJd4iIiHd/h5h5d4mIeQqVllAH",14149504185,"https://media.birdweather.com/soundscapes/6891/6891-20260710-124646.flac",0,3,"birdnetpi"
9547372562,6891,"2026-07-10T14:44:53.000+02:00",0.81,0.827771067619324,9.248250076996,"almost_certain","2p4",NA,51.5667,6.0078,FALSE,1,"House Sparrow","Passer domesticus","#d16ff8","avian","https://media.birdweather.com/species/1/HouseSparrow-standard-b861184cf45c092cdb45fd689dd676ef.jpg","https://media.birdweather.com/species/1/HouseSparrow-thumbnail-e9cbc91763a1579de8ef04880678b5e3.jpg","https://media.birdweather.com/species/1/HouseSparrow-png200-125e8603e1efe9d7a18316b94f06a65e.png","XAgCDwD8qpukuHiqtLZ9mImnmPFcDO4E",14149443984,"https://media.birdweather.com/soundscapes/6891/6891-20260710-124453.flac",0,3,"birdnetpi"
9547309182,6891,"2026-07-10T14:42:20.000+02:00",0.75,0.660715103149414,8.77208800558379,"almost_certain","2p4",NA,51.5684,6.0031,FALSE,119,"Common House-Martin","Delichon urbicum","#53b1ff","avian","https://media.birdweather.com/species/119/CommonHouse-Martin-standard-9ffbcc688c51210fb136a162c84d82ad.jpg","https://media.birdweather.com/species/119/CommonHouse-Martin-thumbnail-dd7059ca6235347c3097e7a66f04df95.jpg","https://media.birdweather.com/species/119/CommonHouse-Martin-png200-a73a8953ce2af50676da81e70b2746b2.png","YhgKDwKJd4iIiHd/h5h5d4mIeQqVllAH",14149375689,"https://media.birdweather.com/soundscapes/6891/6891-20260710-124220.flac",0,3,"birdnetpi"
9547306619,6891,"2026-07-10T14:42:14.000+02:00",0.73,0.827771067619324,9.01449311866385,"almost_certain","2p4",NA,51.5691,6.006,FALSE,1,"House Sparrow","Passer domesticus","#d16ff8","avian","https://media.birdweather.com/species/1/HouseSparrow-standard-b861184cf45c092cdb45fd689dd676ef.jpg","https://media.birdweather.com/species/1/HouseSparrow-thumbnail-e9cbc91763a1579de8ef04880678b5e3.jpg","https://media.birdweather.com/species/1/HouseSparrow-png200-125e8603e1efe9d7a18316b94f06a65e.png","XAgCDwD8qpukuHiqtLZ9mImnmPFcDO4E",14149372779,"https://media.birdweather.com/soundscapes/6891/6891-20260710-124214.flac",0,3,"birdnetpi"
9547296587,6891,"2026-07-10T14:41:58.000+02:00",0.81,0.827771067619324,9.248250076996,"almost_certain","2p4",NA,51.5615,6.0026,FALSE,1,"House Sparrow","Passer domesticus","#d16ff8","avian","https://media.birdweather.com/species/1/HouseSparrow-standard-b861184cf45c092cdb45fd689dd676ef.jpg","https://media.birdweather.com/species/1/HouseSparrow-thumbnail-e9cbc91763a1579de8ef04880678b5e3.jpg","https://media.birdweather.com/species/1/HouseSparrow-png200-125e8603e1efe9d7a18316b94f06a65e.png","XAgCDwD8qpukuHiqtLZ9mImnmPFcDO4E",14149362033,"https://media.birdweather.com/soundscapes/6891/6891-20260710-124158.flac",0,3,"birdnetpi"
9547284146,6891,"2026-07-10T14:41:25.000+02:00",0.78,0.827771067619324,9.16519434510748,"almost_certain","2p4",NA,51.565,6.008,FALSE,1,"House Sparrow","Passer domesticus","#d16ff8","avian","https://media.birdweather.com/species/1/HouseSparrow-standard-b861184cf45c092cdb45fd689dd676ef.jpg","https://media.birdweather.com/species/1/HouseSparrow-thumbnail-e9cbc91763a1579de8ef04880678b5e3.jpg","https://media.birdweather.com/species/1/HouseSparrow-png200-125e8603e1efe9d7a18316b94f06a65e.png","XAgCDwD8qpukuHiqtLZ9mImnmPFcDO4E",14149348998,"https://media.birdweather.com/soundscapes/6891/6891-20260710-124125.flac",0,3,"birdnetpi"
9547272001,6891,"2026-07-10T14:40:59.000+02:00",0.88,0.827771067619324,9.42445588461226,"almost_certain","2p4",NA,51.5643,6.0071,FALSE,1,"House Sparrow","Passer domesticus","#d16ff8","avian","https://media.birdweather.com/species/1/HouseSparrow-standard-b861184cf45c092cdb45fd689dd676ef.jpg","https://media.birdweather.com/species/1/HouseSparrow-thumbnail-e9cbc91763a1579de8ef04880678b5e3.jpg","https://media.birdweather.com/species/1/HouseSparrow-png200-125e8603e1efe9d7a18316b94f06a65e.png","XAgCDwD8qpukuHiqtLZ9mImnmPFcDO4E",14149335915,"https://media.birdweather.com/soundscapes/6891/6891-20260710-124059.flac",0,3,"birdnetpi"
9547259879,6891,"2026-07-10T14:40:37.000+02:00",0.8,0.827771067619324,9.22112047760023,"almost_certain","2p4",NA,51.5679,6.0038,FALSE,1,"House Sparrow","Passer domesticus","#d16ff8","avian","https://media.birdweather.com/species/1/HouseSparrow-standard-b861184cf45c092cdb45fd689dd676ef.jpg","https://media.birdweather.com/species/1/HouseSparrow-thumbnail-e9cbc91763a1579de8ef04880678b5e3.jpg","https://media.birdweather.com/species/1/HouseSparrow-png200-125e8603e1efe9d7a18316b94f06a65e.png","XAgCDwD8qpukuHiqtLZ9mImnmPFcDO4E",14149322875,"https://media.birdweather.com/soundscapes/6891/6891-20260710-124037.flac",0,3,"birdnetpi"
9547251955,6891,"2026-07-10T14:40:16.000+02:00",0.72,0.827771067619324,8.98225633721188,"almost_certain","2p4",NA,51.5649,6.0035,FALSE,1,"House Sparrow","Passer domesticus","#d16ff8","avian","https://media.birdweather.com/species/1/HouseSparrow-standard-b861184cf45c092cdb45fd689dd676ef.jpg","https://media.birdweather.com/species/1/HouseSparrow-thumbnail-e9cbc91763a1579de8ef04880678b5e3.jpg","https://media.birdweather.com/species/1/HouseSparrow-png200-125e8603e1efe9d7a18316b94f06a65e.png","XAgCDwD8qpukuHiqtLZ9mImnmPFcDO4E",14149314561,"https://media.birdweather.com/soundscapes/6891/6891-20260710-124016.flac",0,3,"birdnetpi"
9547239767,6891,"2026-07-10T14:39:53.000+02:00",0.84,0.827771067619324,9.32655710395673,"almost_certain","2p4",NA,51.5697,6.0086,FALSE,1,"House Sparrow","Passer domesticus","#d16ff8","avian","https://media.birdweather.com/species/1/HouseSparrow-standard-b861184cf45c092cdb45fd689dd676ef.jpg","https://media.birdweather.com/species/1/HouseSparrow-thumbnail-e9cbc91763a1579de8ef04880678b5e3.jpg","https://media.birdweather.com/species/1/HouseSparrow-png200-125e8603e1efe9d7a18316b94f06a65e.png","XAgCDwD8qpukuHiqtLZ9mImnmPFcDO4E",14149301512,"https://media.birdweather.com/soundscapes/6891/6891-20260710-123953.flac",0,3,"birdnetpi"
9547227563,6891,"2026-07-10T14:39:22.000+02:00",0.88,0.827771067619324,9.42445588461226,"almost_certain","2p4",NA,51.5649,6.0037,FALSE,1,"House Sparrow","Passer domesticus","#d16ff8","avian","https://media.birdweather.com/species/1/HouseSparrow-standard-b861184cf45c092cdb45fd689dd676ef.jpg","https://media.birdweather.com/species/1/HouseSparrow-thumbnail-e9cbc91763a1579de8ef04880678b5e3.jpg","https://media.birdweather.com/species/1/HouseSparrow-png200-125e8603e1efe9d7a18316b94f06a65e.png","XAgCDwD8qpukuHiqtLZ9mImnmPFcDO4E",14149288556,"https://media.birdweather.com/soundscapes/6891/6891-20260710-123922.flac",0,3,"birdnetpi"
9547219453,6891,"2026-07-10T14:39:05.000+02:00",0.73,0.827771067619324,9.01449311866385,"almost_certain","2p4",NA,51.5696,6.0032,FALSE,1,"House Sparrow","Passer domesticus","#d16ff8","avian","https://media.birdweather.com/species/1/HouseSparrow-standard-b861184cf45c092cdb45fd689dd676ef.jpg","https://media.birdweather.com/species/1/HouseSparrow-thumbnail-e9cbc91763a1579de8ef04880678b5e3.jpg","https://media.birdweather.com/species/1/HouseSparrow-png200-125e8603e1efe9d7a18316b94f06a65e.png","XAgCDwD8qpukuHiqtLZ9mImnmPFcDO4E",14149279818,"https://media.birdweather.com/soundscapes/6891/6891-20260710-123905.flac",0,3,"birdnetpi"
9547212710,6891,"2026-07-10T14:38:53.000+02:00",0.87,0.827771067619324,9.400629197097,"almost_certain","2p4",NA,51.5684,6.003,FALSE,1,"House Sparrow","Passer domesticus","#d16ff8","avian","https://media.birdweather.com/species/1/HouseSparrow-standard-b861184cf45c092cdb45fd689dd676ef.jpg","https://media.birdweather.com/species/1/HouseSparrow-thumbnail-e9cbc91763a1579de8ef04880678b5e3.jpg","https://media.birdweather.com/species/1/HouseSparrow-png200-125e8603e1efe9d7a18316b94f06a65e.png","XAgCDwD8qpukuHiqtLZ9mImnmPFcDO4E",14149272537,"https://media.birdweather.com/soundscapes/6891/6891-20260710-123853.flac",0,3,"birdnetpi"
9547205022,6891,"2026-07-10T14:38:29.000+02:00",0.86,0.660715103149414,9.07169221090561,"almost_certain","2p4",NA,51.5661,6.0005,FALSE,119,"Common House-Martin","Delichon urbicum","#53b1ff","avian","https://media.birdweather.com/species/119/CommonHouse-Martin-standard-9ffbcc688c51210fb136a162c84d82ad.jpg","https://media.birdweather.com/species/119/CommonHouse-Martin-thumbnail-dd7059ca6235347c3097e7a66f04df95.jpg","https://media.birdweather.com/species/119/CommonHouse-Martin-png200-a73a8953ce2af50676da81e70b2746b2.png","YhgKDwKJd4iIiHd/h5h5d4mIeQqVllAH",14149264352,"https://media.birdweather.com/soundscapes/6891/6891-20260710-123829.flac",0,3,"birdnetpi"
9547192266,6891,"2026-07-10T14:38:11.000+02:00",0.91,0.827771067619324,9.49354615408111,"almost_certain","2p4",NA,51.5635,6.0049,FALSE,1,"House Sparrow","Passer domesticus","#d16ff8","avian","https://media.birdweather.com/species/1/HouseSparrow-standard-b861184cf45c092cdb45fd689dd676ef.jpg","https://media.birdweather.com/species/1/HouseSparrow-thumbnail-e9cbc91763a1579de8ef04880678b5e3.jpg","https://media.birdweather.com/species/1/HouseSparrow-png200-125e8603e1efe9d7a18316b94f06a65e.png","XAgCDwD8qpukuHiqtLZ9mImnmPFcDO4E",14149250828,"https://media.birdweather.com/soundscapes/6891/6891-20260710-123811.flac",0,3,"birdnetpi"
9547180064,6891,"2026-07-10T14:37:44.000+02:00",0.87,0.827771067619324,9.400629197097,"almost_certain","2p4",NA,51.5686,6.0056,FALSE,1,"House Sparrow","Passer domesticus","#d16ff8","avian","https://media.birdweather.com/species/1/HouseSparrow-standard-b861184cf45c092cdb45fd689dd676ef.jpg","https://media.birdweather.com/species/1/HouseSparrow-thumbnail-e9cbc91763a1579de8ef04880678b5e3.jpg","https://media.birdweather.com/species/1/HouseSparrow-png200-125e8603e1efe9d7a18316b94f06a65e.png","XAgCDwD8qpukuHiqtLZ9mImnmPFcDO4E",14149237781,"https://media.birdweather.com/soundscapes/6891/6891-20260710-123744.flac",0,3,"birdnetpi"
9547178002,6891,"2026-07-10T14:37:31.000+02:00",0.81,0.660715103149414,8.94356151143078,"almost_certain","2p4",NA,51.5657,6.0046,FALSE,119,"Common House-Martin","Delichon urbicum","#53b1ff","avian","https://media.birdweather.com/species/119/CommonHouse-Martin-standard-9ffbcc688c51210fb136a162c84d82ad.jpg","https://media.birdweather.com/species/119/CommonHouse-Martin-thumbnail-dd7059ca6235347c3097e7a66f04df95.jpg","https://media.birdweather.com/species/119/CommonHouse-Martin-png200-a73a8953ce2af50676da81e70b2746b2.png","YhgKDwKJd4iIiHd/h5h5d4mIeQqVllAH",14149235715,"https://media.birdweather.com/soundscapes/6891/6891-20260710-123731.flac",0,3,"birdnetpi"
9547167748,6891,"2026-07-10T14:37:16.000+02:00",0.89,0.827771067619324,9.4478752583145,"almost_certain","2p4",NA,51.5678,6.0071,FALSE,1,"House Sparrow","Passer domesticus","#d16ff8","avian","https://media.birdweather.com/species/1/HouseSparrow-standard-b861184cf45c092cdb45fd689dd676ef.jpg","https://media.birdweather.com/species/1/HouseSparrow-thumbnail-e9cbc91763a1579de8ef04880678b5e3.jpg","https://media.birdweather.com/species/1/HouseSparrow-png200-125e8603e1efe9d7a18316b94f06a65e.png","XAgCDwD8qpukuHiqtLZ9mImnmPFcDO4E",14149224728,"https://media.birdweather.com/soundscapes/6891/6891-20260710-123716.flac",0,3,"birdnetpi"
9547154523,6891,"2026-07-10T14:36:38.000+02:00",0.97,0.660715103149414,9.31738928316408,"almost_certain","2p4",NA,51.5626,6.0061,FALSE,119,"Common House-Martin","Delichon urbicum","#53b1ff","avian","https://media.birdweather.com/species/119/CommonHouse-Martin-standard-9ffbcc688c51210fb136a162c84d82ad.jpg","https://media.birdweather.com/species/119/CommonHouse-Martin-thumbnail-dd7059ca6235347c3097e7a66f04df95.jpg","https://media.birdweather.com/species/119/CommonHouse-Martin-png200-a73a8953ce2af50676da81e70b2746b2.png","YhgKDwKJd4iIiHd/h5h5d4mIeQqVllAH",14149210516,"https://media.birdweather.com/soundscapes/6891/6891-20260710-123638.flac",0,3,"birdnetpi"
9547098933,6891,"2026-07-10T14:34:37.000+02:00",0.99,0.876010596752167,9.7390730015898,"almost_certain","2p4",NA,51.5655,6.0008,FALSE,551,"Common Swift","Apus apus","#234bb2","avian","https://media.birdweather.com/species/551/CommonSwift-standard-ba54f84fbd8481b1c0de60654fbd79d5.jpg","https://media.birdweather.com/species/551/CommonSwift-thumbnail-bad1d7e3c141990f11d01e49e9f768ac.jpg","https://media.birdweather.com/species/551/CommonSwift-png200-f52bea49cb0e4232049806bde3e1a401.png","LLYFFwLchWelV5dvsqh1jKZoKJIEMkoA",14149150920,"https://media.birdweather.com/soundscapes/6891/6891-20260710-123437.flac",0,3,"birdnetpi"
9547088110,6891,"2026-07-10T14:34:13.000+02:00",0.96,0.660715103149414,9.29678739117466,"almost_certain","2p4",NA,51.5633,6.0029,FALSE,119,"Common House-Martin","Delichon urbicum","#53b1ff","avian","https://media.birdweather.com/species/119/CommonHouse-Martin-standard-9ffbcc688c51210fb136a162c84d82ad.jpg","https://media.birdweather.com/species/119/CommonHouse-Martin-thumbnail-dd7059ca6235347c3097e7a66f04df95.jpg","https://media.birdweather.com/species/119/CommonHouse-Martin-png200-a73a8953ce2af50676da81e70b2746b2.png","YhgKDwKJd4iIiHd/h5h5d4mIeQqVllAH",14149139425,"https://media.birdweather.com/soundscapes/6891/6891-20260710-123413.flac",0,3,"birdnetpi"
9546879595,6891,"2026-07-10T14:26:28.000+02:00",0.77,0.827771067619324,9.13635117450645,"almost_certain","2p4",NA,51.564,6.0037,FALSE,1,"House Sparrow","Passer domesticus","#d16ff8","avian","https://media.birdweather.com/species/1/HouseSparrow-standard-b861184cf45c092cdb45fd689dd676ef.jpg","https://media.birdweather.com/species/1/HouseSparrow-thumbnail-e9cbc91763a1579de8ef04880678b5e3.jpg","https://media.birdweather.com/species/1/HouseSparrow-png200-125e8603e1efe9d7a18316b94f06a65e.png","XAgCDwD8qpukuHiqtLZ9mImnmPFcDO4E",14148916290,"https://media.birdweather.com/soundscapes/6891/6891-20260710-122628.flac",0,3,"birdnetpi"
9546862678,6891,"2026-07-10T14:25:55.000+02:00",0.7,0.827771067619324,8.91541381229976,"almost_certain","2p4",NA,51.5616,6.0044,FALSE,1,"House Sparrow","Passer domesticus","#d16ff8","avian","https://media.birdweather.com/species/1/HouseSparrow-standard-b861184cf45c092cdb45fd689dd676ef.jpg","https://media.birdweather.com/species/1/HouseSparrow-thumbnail-e9cbc91763a1579de8ef04880678b5e3.jpg","https://media.birdweather.com/species/1/HouseSparrow-png200-125e8603e1efe9d7a18316b94f06a65e.png","XAgCDwD8qpukuHiqtLZ9mImnmPFcDO4E",14148897926,"https://media.birdweather.com/soundscapes/6891/6891-20260710-122555.flac",0,3,"birdnetpi"
9546842088,6891,"2026-07-10T14:25:04.000+02:00",0.78,0.827771067619324,9.16519434510748,"almost_certain","2p4",NA,51.5632,6.0074,FALSE,1,"House Sparrow","Passer domesticus","#d16ff8","avian","https://media.birdweather.com/species/1/HouseSparrow-standard-b861184cf45c092cdb45fd689dd676ef.jpg","https://media.birdweather.com/species/1/HouseSparrow-thumbnail-e9cbc91763a1579de8ef04880678b5e3.jpg","https://media.birdweather.com/species/1/HouseSparrow-png200-125e8603e1efe9d7a18316b94f06a65e.png","XAgCDwD8qpukuHiqtLZ9mImnmPFcDO4E",14148875635,"https://media.birdweather.com/soundscapes/6891/6891-20260710-122504.flac",0,3,"birdnetpi"
9546840783,6891,"2026-07-10T14:25:01.000+02:00",0.94,0.660715103149414,9.25463021880121,"almost_certain","2p4",NA,51.5699,6.0083,FALSE,119,"Common House-Martin","Delichon urbicum","#53b1ff","avian","https://media.birdweather.com/species/119/CommonHouse-Martin-standard-9ffbcc688c51210fb136a162c84d82ad.jpg","https://media.birdweather.com/species/119/CommonHouse-Martin-thumbnail-dd7059ca6235347c3097e7a66f04df95.jpg","https://media.birdweather.com/species/119/CommonHouse-Martin-png200-a73a8953ce2af50676da81e70b2746b2.png","YhgKDwKJd4iIiHd/h5h5d4mIeQqVllAH",14148874217,"https://media.birdweather.com/soundscapes/6891/6891-20260710-122501.flac",0,3,"birdnetpi"
9546827552,6891,"2026-07-10T14:24:37.000+02:00",0.86,0.827771067619324,9.37638077647082,"almost_certain","2p4",NA,51.5636,6.0013,FALSE,1,"House Sparrow","Passer domesticus","#d16ff8","avian","https://media.birdweather.com/species/1/HouseSparrow-standard-b861184cf45c092cdb45fd689dd676ef.jpg","https://media.birdweather.com/species/1/HouseSparrow-thumbnail-e9cbc91763a1579de8ef04880678b5e3.jpg","https://media.birdweather.com/species/1/HouseSparrow-png200-125e8603e1efe9d7a18316b94f06a65e.png","XAgCDwD8qpukuHiqtLZ9mImnmPFcDO4E",14148859779,"https://media.birdweather.com/soundscapes/6891/6891-20260710-122437.flac",0,3,"birdnetpi"
9546814253,6891,"2026-07-10T14:24:02.000+02:00",0.73,0.827771067619324,9.01449311866385,"almost_certain","2p4",NA,51.565,6.0063,FALSE,1,"House Sparrow","Passer domesticus","#d16ff8","avian","https://media.birdweather.com/species/1/HouseSparrow-standard-b861184cf45c092cdb45fd689dd676ef.jpg","https://media.birdweather.com/species/1/HouseSparrow-thumbnail-e9cbc91763a1579de8ef04880678b5e3.jpg","https://media.birdweather.com/species/1/HouseSparrow-png200-125e8603e1efe9d7a18316b94f06a65e.png","XAgCDwD8qpukuHiqtLZ9mImnmPFcDO4E",14148845293,"https://media.birdweather.com/soundscapes/6891/6891-20260710-122402.flac",0,3,"birdnetpi"
9546799787,6891,"2026-07-10T14:23:28.000+02:00",0.87,0.827771067619324,9.400629197097,"almost_certain","2p4",NA,51.5662,6.0062,FALSE,1,"House Sparrow","Passer domesticus","#d16ff8","avian","https://media.birdweather.com/species/1/HouseSparrow-standard-b861184cf45c092cdb45fd689dd676ef.jpg","https://media.birdweather.com/species/1/HouseSparrow-thumbnail-e9cbc91763a1579de8ef04880678b5e3.jpg","https://media.birdweather.com/species/1/HouseSparrow-png200-125e8603e1efe9d7a18316b94f06a65e.png","XAgCDwD8qpukuHiqtLZ9mImnmPFcDO4E",14148829410,"https://media.birdweather.com/soundscapes/6891/6891-20260710-122328.flac",0,3,"birdnetpi"
9546773866,6891,"2026-07-10T14:22:28.000+02:00",0.8,0.876010596752167,9.29781860772812,"almost_certain","2p4",NA,51.5659,6.0077,FALSE,551,"Common Swift","Apus apus","#234bb2","avian","https://media.birdweather.com/species/551/CommonSwift-standard-ba54f84fbd8481b1c0de60654fbd79d5.jpg","https://media.birdweather.com/species/551/CommonSwift-thumbnail-bad1d7e3c141990f11d01e49e9f768ac.jpg","https://media.birdweather.com/species/551/CommonSwift-png200-f52bea49cb0e4232049806bde3e1a401.png","LLYFFwLchWelV5dvsqh1jKZoKJIEMkoA",14148800465,"https://media.birdweather.com/soundscapes/6891/6891-20260710-122228.flac",0,3,"birdnetpi"
9546761954,6891,"2026-07-10T14:22:05.000+02:00",0.75,0.827771067619324,9.07677657114901,"almost_certain","2p4",NA,51.5681,6.0061,FALSE,1,"House Sparrow","Passer domesticus","#d16ff8","avian","https://media.birdweather.com/species/1/HouseSparrow-standard-b861184cf45c092cdb45fd689dd676ef.jpg","https://media.birdweather.com/species/1/HouseSparrow-thumbnail-e9cbc91763a1579de8ef04880678b5e3.jpg","https://media.birdweather.com/species/1/HouseSparrow-png200-125e8603e1efe9d7a18316b94f06a65e.png","XAgCDwD8qpukuHiqtLZ9mImnmPFcDO4E",14148787877,"https://media.birdweather.com/soundscapes/6891/6891-20260710-122205.flac",0,3,"birdnetpi"
9546754049,6891,"2026-07-10T14:21:44.000+02:00",0.74,0.827771067619324,9.04598875863169,"almost_certain","2p4",NA,51.5664,6.0031,FALSE,1,"House Sparrow","Passer domesticus","#d16ff8","avian","https://media.birdweather.com/species/1/HouseSparrow-standard-b861184cf45c092cdb45fd689dd676ef.jpg","https://media.birdweather.com/species/1/HouseSparrow-thumbnail-e9cbc91763a1579de8ef04880678b5e3.jpg","https://media.birdweather.com/species/1/HouseSparrow-png200-125e8603e1efe9d7a18316b94f06a65e.png","XAgCDwD8qpukuHiqtLZ9mImnmPFcDO4E",14148779335,"https://media.birdweather.com/soundscapes/6891/6891-20260710-122144.flac",0,3,"birdnetpi"
9546746181,6891,"2026-07-10T14:21:26.000+02:00",0.81,0.827771067619324,9.248250076996,"almost_certain","2p4",NA,51.5616,6.0011,FALSE,1,"House Sparrow","Passer domesticus","#d16ff8","avian","https://media.birdweather.com/species/1/HouseSparrow-standard-b861184cf45c092cdb45fd689dd676ef.jpg","https://media.birdweather.com/species/1/HouseSparrow-thumbnail-e9cbc91763a1579de8ef04880678b5e3.jpg","https://media.birdweather.com/species/1/HouseSparrow-png200-125e8603e1efe9d7a18316b94f06a65e.png","XAgCDwD8qpukuHiqtLZ9mImnmPFcDO4E",14148770574,"https://media.birdweather.com/soundscapes/6891/6891-20260710-122126.flac",0,3,"birdnetpi"
9546736810,6891,"2026-07-10T14:21:14.000+02:00",0.84,0.827771067619324,9.32655710395673,"almost_certain","2p4",NA,51.5664,6.0048,FALSE,1,"House Sparrow","Passer domesticus","#d16ff8","avian","https://media.birdweather.com/species/1/HouseSparrow-standard-b861184cf45c092cdb45fd689dd676ef.jpg","https://media.birdweather.com/species/1/HouseSparrow-thumbnail-e9cbc91763a1579de8ef04880678b5e3.jpg","https://media.birdweather.com/species/1/HouseSparrow-png200-125e8603e1efe9d7a18316b94f06a65e.png","XAgCDwD8qpukuHiqtLZ9mImnmPFcDO4E",14148760134,"https://media.birdweather.com/soundscapes/6891/6891-20260710-122114.flac",0,3,"birdnetpi"
9546626530,6891,"2026-07-10T14:16:52.000+02:00",0.85,0.827771067619324,9.35169542393215,"almost_certain","2p4",NA,51.567,6.0053,FALSE,1,"House Sparrow","Passer domesticus","#d16ff8","avian","https://media.birdweather.com/species/1/HouseSparrow-standard-b861184cf45c092cdb45fd689dd676ef.jpg","https://media.birdweather.com/species/1/HouseSparrow-thumbnail-e9cbc91763a1579de8ef04880678b5e3.jpg","https://media.birdweather.com/species/1/HouseSparrow-png200-125e8603e1efe9d7a18316b94f06a65e.png","XAgCDwD8qpukuHiqtLZ9mImnmPFcDO4E",14148637807,"https://media.birdweather.com/soundscapes/6891/6891-20260710-121652.flac",0,3,"birdnetpi"
9546582322,6891,"2026-07-10T14:15:08.000+02:00",0.94,0.660715103149414,9.25463021880121,"almost_certain","2p4",NA,51.5623,6.0009,FALSE,119,"Common House-Martin","Delichon urbicum","#53b1ff","avian","https://media.birdweather.com/species/119/CommonHouse-Martin-standard-9ffbcc688c51210fb136a162c84d82ad.jpg","https://media.birdweather.com/species/119/CommonHouse-Martin-thumbnail-dd7059ca6235347c3097e7a66f04df95.jpg","https://media.birdweather.com/species/119/CommonHouse-Martin-png200-a73a8953ce2af50676da81e70b2746b2.png","YhgKDwKJd4iIiHd/h5h5d4mIeQqVllAH",14148587202,"https://media.birdweather.com/soundscapes/6891/6891-20260710-121508.flac",0,3,"birdnetpi"
9546575997,6891,"2026-07-10T14:14:50.000+02:00",0.94,0.660715103149414,9.25463021880121,"almost_certain","2p4",NA,51.5629,6.0041,FALSE,119,"Common House-Martin","Delichon urbicum","#53b1ff","avian","https://media.birdweather.com/species/119/CommonHouse-Martin-standard-9ffbcc688c51210fb136a162c84d82ad.jpg","https://media.birdweather.com/species/119/CommonHouse-Martin-thumbnail-dd7059ca6235347c3097e7a66f04df95.jpg","https://media.birdweather.com/species/119/CommonHouse-Martin-png200-a73a8953ce2af50676da81e70b2746b2.png","YhgKDwKJd4iIiHd/h5h5d4mIeQqVllAH",14148580006,"https://media.birdweather.com/soundscapes/6891/6891-20260710-121450.flac",0,3,"birdnetpi"
9546568438,6891,"2026-07-10T14:14:32.000+02:00",0.99,0.660715103149414,9.3576863058967,"almost_certain","2p4",NA,51.5649,6.0092,FALSE,119,"Common House-Martin","Delichon urbicum","#53b1ff","avian","https://media.birdweather.com/species/119/CommonHouse-Martin-standard-9ffbcc688c51210fb136a162c84d82ad.jpg","https://media.birdweather.com/species/119/CommonHouse-Martin-thumbnail-dd7059ca6235347c3097e7a66f04df95.jpg","https://media.birdweather.com/species/119/CommonHouse-Martin-png200-a73a8953ce2af50676da81e70b2746b2.png","YhgKDwKJd4iIiHd/h5h5d4mIeQqVllAH",14148571476,"https://media.birdweather.com/soundscapes/6891/6891-20260710-121432.flac",0,3,"birdnetpi"
9546520297,6891,"2026-07-10T14:12:40.000+02:00",0.87,0.660715103149414,9.09594063153179,"almost_certain","2p4",NA,51.5651,6.0045,FALSE,119,"Common House-Martin","Delichon urbicum","#53b1ff","avian","https://media.birdweather.com/species/119/CommonHouse-Martin-standard-9ffbcc688c51210fb136a162c84d82ad.jpg","https://media.birdweather.com/species/119/CommonHouse-Martin-thumbnail-dd7059ca6235347c3097e7a66f04df95.jpg","https://media.birdweather.com/species/119/CommonHouse-Martin-png200-a73a8953ce2af50676da81e70b2746b2.png","YhgKDwKJd4iIiHd/h5h5d4mIeQqVllAH",14148517552,"https://media.birdweather.com/soundscapes/6891/6891-20260710-121240.flac",0,3,"birdnetpi"
9546446410,6891,"2026-07-10T14:09:50.000+02:00",0.95,0.660715103149414,9.27587095435548,"almost_certain","2p4",NA,51.5645,6.0065,FALSE,119,"Common House-Martin","Delichon urbicum","#53b1ff","avian","https://media.birdweather.com/species/119/CommonHouse-Martin-standard-9ffbcc688c51210fb136a162c84d82ad.jpg","https://media.birdweather.com/species/119/CommonHouse-Martin-thumbnail-dd7059ca6235347c3097e7a66f04df95.jpg","https://media.birdweather.com/species/119/CommonHouse-Martin-png200-a73a8953ce2af50676da81e70b2746b2.png","YhgKDwKJd4iIiHd/h5h5d4mIeQqVllAH",14148434059,"https://media.birdweather.com/soundscapes/6891/6891-20260710-120950.flac",0,3,"birdnetpi"
9546431878,6891,"2026-07-10T14:09:13.000+02:00",0.74,0.660715103149414,8.74130019306647,"almost_certain","2p4",NA,51.5671,6.0033,FALSE,119,"Common House-Martin","Delichon urbicum","#53b1ff","avian","https://media.birdweather.com/species/119/CommonHouse-Martin-standard-9ffbcc688c51210fb136a162c84d82ad.jpg","https://media.birdweather.com/species/119/CommonHouse-Martin-thumbnail-dd7059ca6235347c3097e7a66f04df95.jpg","https://media.birdweather.com/species/119/CommonHouse-Martin-png200-a73a8953ce2af50676da81e70b2746b2.png","YhgKDwKJd4iIiHd/h5h5d4mIeQqVllAH",14148417695,"https://media.birdweather.com/soundscapes/6891/6891-20260710-120913.flac",0,3,"birdnetpi"
9546413039,6891,"2026-07-10T14:08:31.000+02:00",0.91,0.660715103149414,9.18885758851589,"almost_certain","2p4",NA,51.567,6.0032,FALSE,119,"Common House-Martin","Delichon urbicum","#53b1ff","avian","https://media.birdweather.com/species/119/CommonHouse-Martin-standard-9ffbcc688c51210fb136a162c84d82ad.jpg","https://media.birdweather.com/species/119/CommonHouse-Martin-thumbnail-dd7059ca6235347c3097e7a66f04df95.jpg","https://media.birdweather.com/species/119/CommonHouse-Martin-png200-a73a8953ce2af50676da81e70b2746b2.png","YhgKDwKJd4iIiHd/h5h5d4mIeQqVllAH",14148396549,"https://media.birdweather.com/soundscapes/6891/6891-20260710-120831.flac",0,3,"birdnetpi"
9546352504,6891,"2026-07-10T14:06:07.000+02:00",0.95,0.660715103149414,9.27587095435548,"almost_certain","2p4",NA,51.5687,6.0047,FALSE,119,"Common House-Martin","Delichon urbicum","#53b1ff","avian","https://media.birdweather.com/species/119/CommonHouse-Martin-standard-9ffbcc688c51210fb136a162c84d82ad.jpg","https://media.birdweather.com/species/119/CommonHouse-Martin-thumbnail-dd7059ca6235347c3097e7a66f04df95.jpg","https://media.birdweather.com/species/119/CommonHouse-Martin-png200-a73a8953ce2af50676da81e70b2746b2.png","YhgKDwKJd4iIiHd/h5h5d4mIeQqVllAH",14148327930,"https://media.birdweather.com/soundscapes/6891/6891-20260710-120607.flac",0,3,"birdnetpi"
9546315306,6891,"2026-07-10T14:04:40.000+02:00",0.94,0.660715103149414,9.25463021880121,"almost_certain","2p4",NA,51.5625,6.0031,FALSE,119,"Common House-Martin","Delichon urbicum","#53b1ff","avian","https://media.birdweather.com/species/119/CommonHouse-Martin-standard-9ffbcc688c51210fb136a162c84d82ad.jpg","https://media.birdweather.com/species/119/CommonHouse-Martin-thumbnail-dd7059ca6235347c3097e7a66f04df95.jpg","https://media.birdweather.com/species/119/CommonHouse-Martin-png200-a73a8953ce2af50676da81e70b2746b2.png","YhgKDwKJd4iIiHd/h5h5d4mIeQqVllAH",14148285225,"https://media.birdweather.com/soundscapes/6891/6891-20260710-120440.flac",0,3,"birdnetpi"
9546258261,6891,"2026-07-10T14:02:26.000+02:00",0.97,0.876010596752167,9.69877597885718,"almost_certain","2p4",NA,51.5703,6.0037,FALSE,551,"Common Swift","Apus apus","#234bb2","avian","https://media.birdweather.com/species/551/CommonSwift-standard-ba54f84fbd8481b1c0de60654fbd79d5.jpg","https://media.birdweather.com/species/551/CommonSwift-thumbnail-bad1d7e3c141990f11d01e49e9f768ac.jpg","https://media.birdweather.com/species/551/CommonSwift-png200-f52bea49cb0e4232049806bde3e1a401.png","LLYFFwLchWelV5dvsqh1jKZoKJIEMkoA",14148221047,"https://media.birdweather.com/soundscapes/6891/6891-20260710-120226.flac",0,3,"birdnetpi"
9546250765,6891,"2026-07-10T14:02:08.000+02:00",0.93,0.660715103149414,9.23305496975486,"almost_certain","2p4",NA,51.5686,6.0035,FALSE,119,"Common House-Martin","Delichon urbicum","#53b1ff","avian","https://media.birdweather.com/species/119/CommonHouse-Martin-standard-9ffbcc688c51210fb136a162c84d82ad.jpg","https://media.birdweather.com/species/119/CommonHouse-Martin-thumbnail-dd7059ca6235347c3097e7a66f04df95.jpg","https://media.birdweather.com/species/119/CommonHouse-Martin-png200-a73a8953ce2af50676da81e70b2746b2.png","YhgKDwKJd4iIiHd/h5h5d4mIeQqVllAH",14148212346,"https://media.birdweather.com/soundscapes/6891/6891-20260710-120208.flac",0,3,"birdnetpi"
9546217644,6891,"2026-07-10T14:00:49.000+02:00",0.71,0.660715103149414,8.64455412598336,"almost_certain","2p4",NA,51.5636,6.0089,FALSE,119,"Common House-Martin","Delichon urbicum","#53b1ff","avian","https://media.birdweather.com/species/119/CommonHouse-Martin-standard-9ffbcc688c51210fb136a162c84d82ad.jpg","https://media.birdweather.com/species/119/CommonHouse-Martin-thumbnail-dd7059ca6235347c3097e7a66f04df95.jpg","https://media.birdweather.com/species/119/CommonHouse-Martin-png200-a73a8953ce2af50676da81e70b2746b2.png","YhgKDwKJd4iIiHd/h5h5d4mIeQqVllAH",14148174905,"https://media.birdweather.com/soundscapes/6891/6891-20260710-120049.flac",0,3,"birdnetpi"
9546134108,6891,"2026-07-10T13:57:41.000+02:00",0.81,0.827771067619324,9.248250076996,"almost_certain","2p4",NA,51.562,6.0028,FALSE,1,"House Sparrow","Passer domesticus","#d16ff8","avian","https://media.birdweather.com/species/1/HouseSparrow-standard-b861184cf45c092cdb45fd689dd676ef.jpg","https://media.birdweather.com/species/1/HouseSparrow-thumbnail-e9cbc91763a1579de8ef04880678b5e3.jpg","https://media.birdweather.com/species/1/HouseSparrow-png200-125e8603e1efe9d7a18316b94f06a65e.png","XAgCDwD8qpukuHiqtLZ9mImnmPFcDO4E",14148080937,"https://media.birdweather.com/soundscapes/6891/6891-20260710-115741.flac",0,3,"birdnetpi"
9546125796,6891,"2026-07-10T13:57:20.000+02:00",0.74,0.827771067619324,9.04598875863169,"almost_certain","2p4",NA,51.5625,6.0057,FALSE,1,"House Sparrow","Passer domesticus","#d16ff8","avian","https://media.birdweather.com/species/1/HouseSparrow-standard-b861184cf45c092cdb45fd689dd676ef.jpg","https://media.birdweather.com/species/1/HouseSparrow-thumbnail-e9cbc91763a1579de8ef04880678b5e3.jpg","https://media.birdweather.com/species/1/HouseSparrow-png200-125e8603e1efe9d7a18316b94f06a65e.png","XAgCDwD8qpukuHiqtLZ9mImnmPFcDO4E",14148071325,"https://media.birdweather.com/soundscapes/6891/6891-20260710-115720.flac",0,3,"birdnetpi"
9546117514,6891,"2026-07-10T13:56:55.000+02:00",0.84,0.827771067619324,9.32655710395673,"almost_certain","2p4",NA,51.5632,6.0086,FALSE,1,"House Sparrow","Passer domesticus","#d16ff8","avian","https://media.birdweather.com/species/1/HouseSparrow-standard-b861184cf45c092cdb45fd689dd676ef.jpg","https://media.birdweather.com/species/1/HouseSparrow-thumbnail-e9cbc91763a1579de8ef04880678b5e3.jpg","https://media.birdweather.com/species/1/HouseSparrow-png200-125e8603e1efe9d7a18316b94f06a65e.png","XAgCDwD8qpukuHiqtLZ9mImnmPFcDO4E",14148062141,"https://media.birdweather.com/soundscapes/6891/6891-20260710-115655.flac",0,3,"birdnetpi"
9546104731,6891,"2026-07-10T13:56:35.000+02:00",0.78,0.827771067619324,9.16519434510748,"almost_certain","2p4",NA,51.5682,6.0023,FALSE,1,"House Sparrow","Passer domesticus","#d16ff8","avian","https://media.birdweather.com/species/1/HouseSparrow-standard-b861184cf45c092cdb45fd689dd676ef.jpg","https://media.birdweather.com/species/1/HouseSparrow-thumbnail-e9cbc91763a1579de8ef04880678b5e3.jpg","https://media.birdweather.com/species/1/HouseSparrow-png200-125e8603e1efe9d7a18316b94f06a65e.png","XAgCDwD8qpukuHiqtLZ9mImnmPFcDO4E",14148047718,"https://media.birdweather.com/soundscapes/6891/6891-20260710-115635.flac",0,3,"birdnetpi"
9546097199,6891,"2026-07-10T13:56:14.000+02:00",0.75,0.827771067619324,9.07677657114901,"almost_certain","2p4",NA,51.5626,6.001,FALSE,1,"House Sparrow","Passer domesticus","#d16ff8","avian","https://media.birdweather.com/species/1/HouseSparrow-standard-b861184cf45c092cdb45fd689dd676ef.jpg","https://media.birdweather.com/species/1/HouseSparrow-thumbnail-e9cbc91763a1579de8ef04880678b5e3.jpg","https://media.birdweather.com/species/1/HouseSparrow-png200-125e8603e1efe9d7a18316b94f06a65e.png","XAgCDwD8qpukuHiqtLZ9mImnmPFcDO4E",14148039553,"https://media.birdweather.com/soundscapes/6891/6891-20260710-115614.flac",0,3,"birdnetpi"
9546085535,6891,"2026-07-10T13:55:41.000+02:00",0.88,0.827771067619324,9.42445588461226,"almost_certain","2p4",NA,51.5688,6.007,FALSE,1,"House Sparrow","Passer domesticus","#d16ff8","avian","https://media.birdweather.com/species/1/HouseSparrow-standard-b861184cf45c092cdb45fd689dd676ef.jpg","https://media.birdweather.com/species/1/HouseSparrow-thumbnail-e9cbc91763a1579de8ef04880678b5e3.jpg","https://media.birdweather.com/species/1/HouseSparrow-png200-125e8603e1efe9d7a18316b94f06a65e.png","XAgCDwD8qpukuHiqtLZ9mImnmPFcDO4E",14148026457,"https://media.birdweather.com/soundscapes/6891/6891-20260710-115541.flac",0,3,"birdnetpi"
9546074077,6891,"2026-07-10T13:55:17.000+02:00",0.77,0.827771067619324,9.13635117450645,"almost_certain","2p4",NA,51.5673,6.0077,FALSE,1,"House Sparrow","Passer domesticus","#d16ff8","avian","https://media.birdweather.com/species/1/HouseSparrow-standard-b861184cf45c092cdb45fd689dd676ef.jpg","https://media.birdweather.com/species/1/HouseSparrow-thumbnail-e9cbc91763a1579de8ef04880678b5e3.jpg","https://media.birdweather.com/species/1/HouseSparrow-png200-125e8603e1efe9d7a18316b94f06a65e.png","XAgCDwD8qpukuHiqtLZ9mImnmPFcDO4E",14148013505,"https://media.birdweather.com/soundscapes/6891/6891-20260710-115517.flac",0,3,"birdnetpi"
9546062579,6891,"2026-07-10T13:54:49.000+02:00",0.72,0.827771067619324,8.98225633721188,"almost_certain","2p4",NA,51.5647,6.001,FALSE,1,"House Sparrow","Passer domesticus","#d16ff8","avian","https://media.birdweather.com/species/1/HouseSparrow-standard-b861184cf45c092cdb45fd689dd676ef.jpg","https://media.birdweather.com/species/1/HouseSparrow-thumbnail-e9cbc91763a1579de8ef04880678b5e3.jpg","https://media.birdweather.com/species/1/HouseSparrow-png200-125e8603e1efe9d7a18316b94f06a65e.png","XAgCDwD8qpukuHiqtLZ9mImnmPFcDO4E",14148000514,"https://media.birdweather.com/soundscapes/6891/6891-20260710-115449.flac",0,3,"birdnetpi"
9546055696,6891,"2026-07-10T13:54:34.000+02:00",0.83,0.827771067619324,9.30094888173008,"almost_certain","2p4",NA,51.5688,6.0019,FALSE,1,"House Sparrow","Passer domesticus","#d16ff8","avian","https://media.birdweather.com/species/1/HouseSparrow-standard-b861184cf45c092cdb45fd689dd676ef.jpg","https://media.birdweather.com/species/1/HouseSparrow-thumbnail-e9cbc91763a1579de8ef04880678b5e3.jpg","https://media.birdweather.com/species/1/HouseSparrow-png200-125e8603e1efe9d7a18316b94f06a65e.png","XAgCDwD8qpukuHiqtLZ9mImnmPFcDO4E",14147992737,"https://media.birdweather.com/soundscapes/6891/6891-20260710-115434.flac",0,3,"birdnetpi"
9546044469,6891,"2026-07-10T13:54:05.000+02:00",0.75,0.827771067619324,9.07677657114901,"almost_certain","2p4",NA,51.5689,6.008,FALSE,1,"House Sparrow","Passer domesticus","#d16ff8","avian","https://media.birdweather.com/species/1/HouseSparrow-standard-b861184cf45c092cdb45fd689dd676ef.jpg","https://media.birdweather.com/species/1/HouseSparrow-thumbnail-e9cbc91763a1579de8ef04880678b5e3.jpg","https://media.birdweather.com/species/1/HouseSparrow-png200-125e8603e1efe9d7a18316b94f06a65e.png","XAgCDwD8qpukuHiqtLZ9mImnmPFcDO4E",14147980262,"https://media.birdweather.com/soundscapes/6891/6891-20260710-115405.flac",0,3,"birdnetpi"
9546034286,6891,"2026-07-10T13:53:44.000+02:00",0.83,0.827771067619324,9.30094888173008,"almost_certain","2p4",NA,51.5626,6.0053,FALSE,1,"House Sparrow","Passer domesticus","#d16ff8","avian","https://media.birdweather.com/species/1/HouseSparrow-standard-b861184cf45c092cdb45fd689dd676ef.jpg","https://media.birdweather.com/species/1/HouseSparrow-thumbnail-e9cbc91763a1579de8ef04880678b5e3.jpg","https://media.birdweather.com/species/1/HouseSparrow-png200-125e8603e1efe9d7a18316b94f06a65e.png","XAgCDwD8qpukuHiqtLZ9mImnmPFcDO4E",14147968752,"https://media.birdweather.com/soundscapes/6891/6891-20260710-115344.flac",0,3,"birdnetpi"
9546022861,6891,"2026-07-10T13:53:14.000+02:00",0.79,0.827771067619324,9.19344276857523,"almost_certain","2p4",NA,51.5646,6.0094,FALSE,1,"House Sparrow","Passer domesticus","#d16ff8","avian","https://media.birdweather.com/species/1/HouseSparrow-standard-b861184cf45c092cdb45fd689dd676ef.jpg","https://media.birdweather.com/species/1/HouseSparrow-thumbnail-e9cbc91763a1579de8ef04880678b5e3.jpg","https://media.birdweather.com/species/1/HouseSparrow-png200-125e8603e1efe9d7a18316b94f06a65e.png","XAgCDwD8qpukuHiqtLZ9mImnmPFcDO4E",14147955873,"https://media.birdweather.com/soundscapes/6891/6891-20260710-115314.flac",0,3,"birdnetpi"
9545931177,6891,"2026-07-10T13:49:43.000+02:00",0.73,0.827771067619324,9.01449311866385,"almost_certain","2p4",NA,51.568,6.0046,FALSE,1,"House Sparrow","Passer domesticus","#d16ff8","avian","https://media.birdweather.com/species/1/HouseSparrow-standard-b861184cf45c092cdb45fd689dd676ef.jpg","https://media.birdweather.com/species/1/HouseSparrow-thumbnail-e9cbc91763a1579de8ef04880678b5e3.jpg","https://media.birdweather.com/species/1/HouseSparrow-png200-125e8603e1efe9d7a18316b94f06a65e.png","XAgCDwD8qpukuHiqtLZ9mImnmPFcDO4E",14147852755,"https://media.birdweather.com/soundscapes/6891/6891-20260710-114943.flac",0,3,"birdnetpi"
9545924684,6891,"2026-07-10T13:49:29.000+02:00",0.88,0.827771067619324,9.42445588461226,"almost_certain","2p4",NA,51.5668,6.0088,FALSE,1,"House Sparrow","Passer domesticus","#d16ff8","avian","https://media.birdweather.com/species/1/HouseSparrow-standard-b861184cf45c092cdb45fd689dd676ef.jpg","https://media.birdweather.com/species/1/HouseSparrow-thumbnail-e9cbc91763a1579de8ef04880678b5e3.jpg","https://media.birdweather.com/species/1/HouseSparrow-png200-125e8603e1efe9d7a18316b94f06a65e.png","XAgCDwD8qpukuHiqtLZ9mImnmPFcDO4E",14147845558,"https://media.birdweather.com/soundscapes/6891/6891-20260710-114929.flac",0,3,"birdnetpi"
9545913228,6891,"2026-07-10T13:49:11.000+02:00",0.77,0.827771067619324,9.13635117450645,"almost_certain","2p4",NA,51.5615,6.0032,FALSE,1,"House Sparrow","Passer domesticus","#d16ff8","avian","https://media.birdweather.com/species/1/HouseSparrow-standard-b861184cf45c092cdb45fd689dd676ef.jpg","https://media.birdweather.com/species/1/HouseSparrow-thumbnail-e9cbc91763a1579de8ef04880678b5e3.jpg","https://media.birdweather.com/species/1/HouseSparrow-png200-125e8603e1efe9d7a18316b94f06a65e.png","XAgCDwD8qpukuHiqtLZ9mImnmPFcDO4E",14147832492,"https://media.birdweather.com/soundscapes/6891/6891-20260710-114911.flac",0,3,"birdnetpi"
9545900415,6891,"2026-07-10T13:48:32.000+02:00",0.87,0.827771067619324,9.400629197097,"almost_certain","2p4",NA,51.5646,6.0027,FALSE,1,"House Sparrow","Passer domesticus","#d16ff8","avian","https://media.birdweather.com/species/1/HouseSparrow-standard-b861184cf45c092cdb45fd689dd676ef.jpg","https://media.birdweather.com/species/1/HouseSparrow-thumbnail-e9cbc91763a1579de8ef04880678b5e3.jpg","https://media.birdweather.com/species/1/HouseSparrow-png200-125e8603e1efe9d7a18316b94f06a65e.png","XAgCDwD8qpukuHiqtLZ9mImnmPFcDO4E",14147817956,"https://media.birdweather.com/soundscapes/6891/6891-20260710-114832.flac",0,3,"birdnetpi"
9545888857,6891,"2026-07-10T13:48:05.000+02:00",0.87,0.827771067619324,9.400629197097,"almost_certain","2p4",NA,51.5668,6.0094,FALSE,1,"House Sparrow","Passer domesticus","#d16ff8","avian","https://media.birdweather.com/species/1/HouseSparrow-standard-b861184cf45c092cdb45fd689dd676ef.jpg","https://media.birdweather.com/species/1/HouseSparrow-thumbnail-e9cbc91763a1579de8ef04880678b5e3.jpg","https://media.birdweather.com/species/1/HouseSparrow-png200-125e8603e1efe9d7a18316b94f06a65e.png","XAgCDwD8qpukuHiqtLZ9mImnmPFcDO4E",14147805041,"https://media.birdweather.com/soundscapes/6891/6891-20260710-114805.flac",0,3,"birdnetpi"
9545836469,6891,"2026-07-10T13:45:59.000+02:00",1,0.876010596752167,9.75878557189918,"almost_certain","2p4",NA,51.5628,6.0019,FALSE,551,"Common Swift","Apus apus","#234bb2","avian","https://media.birdweather.com/species/551/CommonSwift-standard-ba54f84fbd8481b1c0de60654fbd79d5.jpg","https://media.birdweather.com/species/551/CommonSwift-thumbnail-bad1d7e3c141990f11d01e49e9f768ac.jpg","https://media.birdweather.com/species/551/CommonSwift-png200-f52bea49cb0e4232049806bde3e1a401.png","LLYFFwLchWelV5dvsqh1jKZoKJIEMkoA",14147744943,"https://media.birdweather.com/soundscapes/6891/6891-20260710-114559.flac",0,3,"birdnetpi"
9545815249,6891,"2026-07-10T13:45:08.000+02:00",0.82,0.876010596752167,9.35155098474811,"almost_certain","2p4",NA,51.5651,6.0055,FALSE,551,"Common Swift","Apus apus","#234bb2","avian","https://media.birdweather.com/species/551/CommonSwift-standard-ba54f84fbd8481b1c0de60654fbd79d5.jpg","https://media.birdweather.com/species/551/CommonSwift-thumbnail-bad1d7e3c141990f11d01e49e9f768ac.jpg","https://media.birdweather.com/species/551/CommonSwift-png200-f52bea49cb0e4232049806bde3e1a401.png","LLYFFwLchWelV5dvsqh1jKZoKJIEMkoA",14147720882,"https://media.birdweather.com/soundscapes/6891/6891-20260710-114508.flac",0,3,"birdnetpi"
9545814051,6891,"2026-07-10T13:45:05.000+02:00",0.98,0.660715103149414,9.33768595068972,"almost_certain","2p4",NA,51.5624,6.0086,FALSE,119,"Common House-Martin","Delichon urbicum","#53b1ff","avian","https://media.birdweather.com/species/119/CommonHouse-Martin-standard-9ffbcc688c51210fb136a162c84d82ad.jpg","https://media.birdweather.com/species/119/CommonHouse-Martin-thumbnail-dd7059ca6235347c3097e7a66f04df95.jpg","https://media.birdweather.com/species/119/CommonHouse-Martin-png200-a73a8953ce2af50676da81e70b2746b2.png","YhgKDwKJd4iIiHd/h5h5d4mIeQqVllAH",14147719452,"https://media.birdweather.com/soundscapes/6891/6891-20260710-114505.flac",0,3,"birdnetpi"
9545697158,6891,"2026-07-10T13:40:26.000+02:00",0.77,0.660715103149414,8.83166260894124,"almost_certain","2p4",NA,51.568,6.0086,FALSE,119,"Common House-Martin","Delichon urbicum","#53b1ff","avian","https://media.birdweather.com/species/119/CommonHouse-Martin-standard-9ffbcc688c51210fb136a162c84d82ad.jpg","https://media.birdweather.com/species/119/CommonHouse-Martin-thumbnail-dd7059ca6235347c3097e7a66f04df95.jpg","https://media.birdweather.com/species/119/CommonHouse-Martin-png200-a73a8953ce2af50676da81e70b2746b2.png","YhgKDwKJd4iIiHd/h5h5d4mIeQqVllAH",14147583986,"https://media.birdweather.com/soundscapes/6891/6891-20260710-114026.flac",0,3,"birdnetpi"
9545669453,6891,"2026-07-10T13:39:20.000+02:00",0.96,0.660715103149414,9.29678739117466,"almost_certain","2p4",NA,51.5687,6.0066,FALSE,119,"Common House-Martin","Delichon urbicum","#53b1ff","avian","https://media.birdweather.com/species/119/CommonHouse-Martin-standard-9ffbcc688c51210fb136a162c84d82ad.jpg","https://media.birdweather.com/species/119/CommonHouse-Martin-thumbnail-dd7059ca6235347c3097e7a66f04df95.jpg","https://media.birdweather.com/species/119/CommonHouse-Martin-png200-a73a8953ce2af50676da81e70b2746b2.png","YhgKDwKJd4iIiHd/h5h5d4mIeQqVllAH",14147552155,"https://media.birdweather.com/soundscapes/6891/6891-20260710-113920.flac",0,3,"birdnetpi"
9545592047,6891,"2026-07-10T13:36:19.000+02:00",0.99,0.660715103149414,9.3576863058967,"almost_certain","2p4",NA,51.5653,6.0032,FALSE,119,"Common House-Martin","Delichon urbicum","#53b1ff","avian","https://media.birdweather.com/species/119/CommonHouse-Martin-standard-9ffbcc688c51210fb136a162c84d82ad.jpg","https://media.birdweather.com/species/119/CommonHouse-Martin-thumbnail-dd7059ca6235347c3097e7a66f04df95.jpg","https://media.birdweather.com/species/119/CommonHouse-Martin-png200-a73a8953ce2af50676da81e70b2746b2.png","YhgKDwKJd4iIiHd/h5h5d4mIeQqVllAH",14147461615,"https://media.birdweather.com/soundscapes/6891/6891-20260710-113619.flac",0,3,"birdnetpi"
9545588083,6891,"2026-07-10T13:36:07.000+02:00",0.99,0.876010596752167,9.7390730015898,"almost_certain","2p4",NA,51.5625,6.0061,FALSE,551,"Common Swift","Apus apus","#234bb2","avian","https://media.birdweather.com/species/551/CommonSwift-standard-ba54f84fbd8481b1c0de60654fbd79d5.jpg","https://media.birdweather.com/species/551/CommonSwift-thumbnail-bad1d7e3c141990f11d01e49e9f768ac.jpg","https://media.birdweather.com/species/551/CommonSwift-png200-f52bea49cb0e4232049806bde3e1a401.png","LLYFFwLchWelV5dvsqh1jKZoKJIEMkoA",14147456931,"https://media.birdweather.com/soundscapes/6891/6891-20260710-113607.flac",0,3,"birdnetpi"
9545468166,6891,"2026-07-10T13:31:13.000+02:00",0.77,0.453138202428818,8.32432563589666,"almost_certain","2p4",NA,51.5638,6.0016,FALSE,76,"Eurasian Jackdaw","Corvus monedula","#f36f1b","avian","https://media.birdweather.com/species/76/EurasianJackdaw-standard-55cbd4006f743c538a3264a1fb86d41c.jpg","https://media.birdweather.com/species/76/EurasianJackdaw-thumbnail-80ecf23afe76ea22483b4f8043e19339.jpg","https://media.birdweather.com/species/76/EurasianJackdaw-png200-862dbf9b3725619bb5532ba255c32118.png","4AgKDwL2i2d1homOY0modph5OL/1qHAJ",14147315701,"https://media.birdweather.com/soundscapes/6891/6891-20260710-113113.flac",0,3,"birdnetpi"
9545461285,6891,"2026-07-10T13:31:01.000+02:00",0.8,0.453138202428818,8.40909493899044,"almost_certain","2p4",NA,51.5661,6.0056,FALSE,76,"Eurasian Jackdaw","Corvus monedula","#f36f1b","avian","https://media.birdweather.com/species/76/EurasianJackdaw-standard-55cbd4006f743c538a3264a1fb86d41c.jpg","https://media.birdweather.com/species/76/EurasianJackdaw-thumbnail-80ecf23afe76ea22483b4f8043e19339.jpg","https://media.birdweather.com/species/76/EurasianJackdaw-png200-862dbf9b3725619bb5532ba255c32118.png","4AgKDwL2i2d1homOY0modph5OL/1qHAJ",14147307589,"https://media.birdweather.com/soundscapes/6891/6891-20260710-113101.flac",0,3,"birdnetpi"
9545387036,6891,"2026-07-10T13:27:53.000+02:00",0.71,0.453138202428818,8.13721715293878,"almost_certain","2p4",NA,51.5615,6.001,FALSE,76,"Eurasian Jackdaw","Corvus monedula","#f36f1b","avian","https://media.birdweather.com/species/76/EurasianJackdaw-standard-55cbd4006f743c538a3264a1fb86d41c.jpg","https://media.birdweather.com/species/76/EurasianJackdaw-thumbnail-80ecf23afe76ea22483b4f8043e19339.jpg","https://media.birdweather.com/species/76/EurasianJackdaw-png200-862dbf9b3725619bb5532ba255c32118.png","4AgKDwL2i2d1homOY0modph5OL/1qHAJ",14147218912,"https://media.birdweather.com/soundscapes/6891/6891-20260710-112753.flac",0,3,"birdnetpi"
9545302265,6891,"2026-07-10T13:24:31.000+02:00",0.79,0.660715103149414,8.88875420301001,"almost_certain","2p4",NA,51.5629,6.0084,FALSE,119,"Common House-Martin","Delichon urbicum","#53b1ff","avian","https://media.birdweather.com/species/119/CommonHouse-Martin-standard-9ffbcc688c51210fb136a162c84d82ad.jpg","https://media.birdweather.com/species/119/CommonHouse-Martin-thumbnail-dd7059ca6235347c3097e7a66f04df95.jpg","https://media.birdweather.com/species/119/CommonHouse-Martin-png200-a73a8953ce2af50676da81e70b2746b2.png","YhgKDwKJd4iIiHd/h5h5d4mIeQqVllAH",14147120959,"https://media.birdweather.com/soundscapes/6891/6891-20260710-112431.flac",0,3,"birdnetpi"
9545238123,6891,"2026-07-10T13:22:07.000+02:00",0.7,0.827771067619324,8.91541381229976,"almost_certain","2p4",NA,51.57,6.0061,FALSE,1,"House Sparrow","Passer domesticus","#d16ff8","avian","https://media.birdweather.com/species/1/HouseSparrow-standard-b861184cf45c092cdb45fd689dd676ef.jpg","https://media.birdweather.com/species/1/HouseSparrow-thumbnail-e9cbc91763a1579de8ef04880678b5e3.jpg","https://media.birdweather.com/species/1/HouseSparrow-png200-125e8603e1efe9d7a18316b94f06a65e.png","XAgCDwD8qpukuHiqtLZ9mImnmPFcDO4E",14147045617,"https://media.birdweather.com/soundscapes/6891/6891-20260710-112207.flac",0,3,"birdnetpi"
9545225732,6891,"2026-07-10T13:21:25.000+02:00",0.79,0.827771067619324,9.19344276857523,"almost_certain","2p4",NA,51.5644,6.0047,FALSE,1,"House Sparrow","Passer domesticus","#d16ff8","avian","https://media.birdweather.com/species/1/HouseSparrow-standard-b861184cf45c092cdb45fd689dd676ef.jpg","https://media.birdweather.com/species/1/HouseSparrow-thumbnail-e9cbc91763a1579de8ef04880678b5e3.jpg","https://media.birdweather.com/species/1/HouseSparrow-png200-125e8603e1efe9d7a18316b94f06a65e.png","XAgCDwD8qpukuHiqtLZ9mImnmPFcDO4E",14147031048,"https://media.birdweather.com/soundscapes/6891/6891-20260710-112125.flac",0,3,"birdnetpi"
9545208641,6891,"2026-07-10T13:20:44.000+02:00",0.82,0.827771067619324,9.27485285462022,"almost_certain","2p4",NA,51.5645,6.0075,FALSE,1,"House Sparrow","Passer domesticus","#d16ff8","avian","https://media.birdweather.com/species/1/HouseSparrow-standard-b861184cf45c092cdb45fd689dd676ef.jpg","https://media.birdweather.com/species/1/HouseSparrow-thumbnail-e9cbc91763a1579de8ef04880678b5e3.jpg","https://media.birdweather.com/species/1/HouseSparrow-png200-125e8603e1efe9d7a18316b94f06a65e.png","XAgCDwD8qpukuHiqtLZ9mImnmPFcDO4E",14147011210,"https://media.birdweather.com/soundscapes/6891/6891-20260710-112044.flac",0,3,"birdnetpi"
9545187163,6891,"2026-07-10T13:19:55.000+02:00",0.82,0.827771067619324,9.27485285462022,"almost_certain","2p4",NA,51.5639,6.0064,FALSE,1,"House Sparrow","Passer domesticus","#d16ff8","avian","https://media.birdweather.com/species/1/HouseSparrow-standard-b861184cf45c092cdb45fd689dd676ef.jpg","https://media.birdweather.com/species/1/HouseSparrow-thumbnail-e9cbc91763a1579de8ef04880678b5e3.jpg","https://media.birdweather.com/species/1/HouseSparrow-png200-125e8603e1efe9d7a18316b94f06a65e.png","XAgCDwD8qpukuHiqtLZ9mImnmPFcDO4E",14146986213,"https://media.birdweather.com/soundscapes/6891/6891-20260710-111955.flac",0,3,"birdnetpi"
9545178831,6891,"2026-07-10T13:19:41.000+02:00",0.71,0.827771067619324,8.94924269154857,"almost_certain","2p4",NA,51.566,6.0013,FALSE,1,"House Sparrow","Passer domesticus","#d16ff8","avian","https://media.birdweather.com/species/1/HouseSparrow-standard-b861184cf45c092cdb45fd689dd676ef.jpg","https://media.birdweather.com/species/1/HouseSparrow-thumbnail-e9cbc91763a1579de8ef04880678b5e3.jpg","https://media.birdweather.com/species/1/HouseSparrow-png200-125e8603e1efe9d7a18316b94f06a65e.png","XAgCDwD8qpukuHiqtLZ9mImnmPFcDO4E",14146976594,"https://media.birdweather.com/soundscapes/6891/6891-20260710-111941.flac",0,3,"birdnetpi"
9545171192,6891,"2026-07-10T13:19:22.000+02:00",0.82,0.827771067619324,9.27485285462022,"almost_certain","2p4",NA,51.5647,6.0009,FALSE,1,"House Sparrow","Passer domesticus","#d16ff8","avian","https://media.birdweather.com/species/1/HouseSparrow-standard-b861184cf45c092cdb45fd689dd676ef.jpg","https://media.birdweather.com/species/1/HouseSparrow-thumbnail-e9cbc91763a1579de8ef04880678b5e3.jpg","https://media.birdweather.com/species/1/HouseSparrow-png200-125e8603e1efe9d7a18316b94f06a65e.png","XAgCDwD8qpukuHiqtLZ9mImnmPFcDO4E",14146967845,"https://media.birdweather.com/soundscapes/6891/6891-20260710-111922.flac",0,3,"birdnetpi"
9545153061,6891,"2026-07-10T13:18:31.000+02:00",0.96,0.660715103149414,9.29678739117466,"almost_certain","2p4",NA,51.5673,6.0066,FALSE,119,"Common House-Martin","Delichon urbicum","#53b1ff","avian","https://media.birdweather.com/species/119/CommonHouse-Martin-standard-9ffbcc688c51210fb136a162c84d82ad.jpg","https://media.birdweather.com/species/119/CommonHouse-Martin-thumbnail-dd7059ca6235347c3097e7a66f04df95.jpg","https://media.birdweather.com/species/119/CommonHouse-Martin-png200-a73a8953ce2af50676da81e70b2746b2.png","YhgKDwKJd4iIiHd/h5h5d4mIeQqVllAH",14146947146,"https://media.birdweather.com/soundscapes/6891/6891-20260710-111831.flac",0,3,"birdnetpi"
9545145922,6891,"2026-07-10T13:18:16.000+02:00",0.82,0.876010596752167,9.35155098474811,"almost_certain","2p4",NA,51.5664,6.0061,FALSE,551,"Common Swift","Apus apus","#234bb2","avian","https://media.birdweather.com/species/551/CommonSwift-standard-ba54f84fbd8481b1c0de60654fbd79d5.jpg","https://media.birdweather.com/species/551/CommonSwift-thumbnail-bad1d7e3c141990f11d01e49e9f768ac.jpg","https://media.birdweather.com/species/551/CommonSwift-png200-f52bea49cb0e4232049806bde3e1a401.png","LLYFFwLchWelV5dvsqh1jKZoKJIEMkoA",14146938959,"https://media.birdweather.com/soundscapes/6891/6891-20260710-111816.flac",0,3,"birdnetpi"
9545097194,6891,"2026-07-10T13:16:16.000+02:00",0.71,0.827771067619324,8.94924269154857,"almost_certain","2p4",NA,51.5632,6.0019,FALSE,1,"House Sparrow","Passer domesticus","#d16ff8","avian","https://media.birdweather.com/species/1/HouseSparrow-standard-b861184cf45c092cdb45fd689dd676ef.jpg","https://media.birdweather.com/species/1/HouseSparrow-thumbnail-e9cbc91763a1579de8ef04880678b5e3.jpg","https://media.birdweather.com/species/1/HouseSparrow-png200-125e8603e1efe9d7a18316b94f06a65e.png","XAgCDwD8qpukuHiqtLZ9mImnmPFcDO4E",14146881847,"https://media.birdweather.com/soundscapes/6891/6891-20260710-111616.flac",0,3,"birdnetpi"
9545060810,6891,"2026-07-10T13:14:49.000+02:00",0.96,0.876010596752167,9.67817408686776,"almost_certain","2p4",NA,51.5664,6.0036,FALSE,551,"Common Swift","Apus apus","#234bb2","avian","https://media.birdweather.com/species/551/CommonSwift-standard-ba54f84fbd8481b1c0de60654fbd79d5.jpg","https://media.birdweather.com/species/551/CommonSwift-thumbnail-bad1d7e3c141990f11d01e49e9f768ac.jpg","https://media.birdweather.com/species/551/CommonSwift-png200-f52bea49cb0e4232049806bde3e1a401.png","LLYFFwLchWelV5dvsqh1jKZoKJIEMkoA",14146838918,"https://media.birdweather.com/soundscapes/6891/6891-20260710-111449.flac",0,3,"birdnetpi"
9544939644,6891,"2026-07-10T13:09:59.000+02:00",0.87,0.827771067619324,9.400629197097,"almost_certain","2p4",NA,51.5638,6.009,FALSE,1,"House Sparrow","Passer domesticus","#d16ff8","avian","https://media.birdweather.com/species/1/HouseSparrow-standard-b861184cf45c092cdb45fd689dd676ef.jpg","https://media.birdweather.com/species/1/HouseSparrow-thumbnail-e9cbc91763a1579de8ef04880678b5e3.jpg","https://media.birdweather.com/species/1/HouseSparrow-png200-125e8603e1efe9d7a18316b94f06a65e.png","XAgCDwD8qpukuHiqtLZ9mImnmPFcDO4E",14146696383,"https://media.birdweather.com/soundscapes/6891/6891-20260710-110959.flac",0,3,"birdnetpi"
9544879372,6891,"2026-07-10T13:07:37.000+02:00",0.73,0.827771067619324,9.01449311866385,"almost_certain","2p4",NA,51.5685,6.0081,FALSE,1,"House Sparrow","Passer domesticus","#d16ff8","avian","https://media.birdweather.com/species/1/HouseSparrow-standard-b861184cf45c092cdb45fd689dd676ef.jpg","https://media.birdweather.com/species/1/HouseSparrow-thumbnail-e9cbc91763a1579de8ef04880678b5e3.jpg","https://media.birdweather.com/species/1/HouseSparrow-png200-125e8603e1efe9d7a18316b94f06a65e.png","XAgCDwD8qpukuHiqtLZ9mImnmPFcDO4E",14146626527,"https://media.birdweather.com/soundscapes/6891/6891-20260710-110737.flac",0,3,"birdnetpi"
9544864846,6891,"2026-07-10T13:07:05.000+02:00",0.71,0.827771067619324,8.94924269154857,"almost_certain","2p4",NA,51.5629,6.0013,FALSE,1,"House Sparrow","Passer domesticus","#d16ff8","avian","https://media.birdweather.com/species/1/HouseSparrow-standard-b861184cf45c092cdb45fd689dd676ef.jpg","https://media.birdweather.com/species/1/HouseSparrow-thumbnail-e9cbc91763a1579de8ef04880678b5e3.jpg","https://media.birdweather.com/species/1/HouseSparrow-png200-125e8603e1efe9d7a18316b94f06a65e.png","XAgCDwD8qpukuHiqtLZ9mImnmPFcDO4E",14146609700,"https://media.birdweather.com/soundscapes/6891/6891-20260710-110705.flac",0,3,"birdnetpi"
9544819947,6891,"2026-07-10T13:05:04.000+02:00",0.84,0.924771189689636,9.47665006828716,"almost_certain","2p4",NA,51.5617,6.0079,FALSE,397,"Barn Swallow","Hirundo rustica","#c85500","avian","https://media.birdweather.com/species/397/BarnSwallow-standard-66c9cb8916403efe633a420fe54e3bc6.jpg","https://media.birdweather.com/species/397/BarnSwallow-thumbnail-418cddeb212e9e1ce5d35f61a3040433.jpg","https://media.birdweather.com/species/397/BarnSwallow-png200-317c812ebfcec488fad1824feff99dbc.png","IAgKHwKLhnmThXdPl1i3p3ll51f4jngP",14146556575,"https://media.birdweather.com/soundscapes/6891/6891-20260710-110504.flac",0,3,"birdnetpi"
9544805348,6891,"2026-07-10T13:04:28.000+02:00",0.92,0.660715103149414,9.21113450211023,"almost_certain","2p4",NA,51.5633,6.003,FALSE,119,"Common House-Martin","Delichon urbicum","#53b1ff","avian","https://media.birdweather.com/species/119/CommonHouse-Martin-standard-9ffbcc688c51210fb136a162c84d82ad.jpg","https://media.birdweather.com/species/119/CommonHouse-Martin-thumbnail-dd7059ca6235347c3097e7a66f04df95.jpg","https://media.birdweather.com/species/119/CommonHouse-Martin-png200-a73a8953ce2af50676da81e70b2746b2.png","YhgKDwKJd4iIiHd/h5h5d4mIeQqVllAH",14146539296,"https://media.birdweather.com/soundscapes/6891/6891-20260710-110428.flac",0,3,"birdnetpi"
9544787083,6891,"2026-07-10T13:03:43.000+02:00",0.94,0.660715103149414,9.25463021880121,"almost_certain","2p4",NA,51.5662,6.0073,FALSE,119,"Common House-Martin","Delichon urbicum","#53b1ff","avian","https://media.birdweather.com/species/119/CommonHouse-Martin-standard-9ffbcc688c51210fb136a162c84d82ad.jpg","https://media.birdweather.com/species/119/CommonHouse-Martin-thumbnail-dd7059ca6235347c3097e7a66f04df95.jpg","https://media.birdweather.com/species/119/CommonHouse-Martin-png200-a73a8953ce2af50676da81e70b2746b2.png","YhgKDwKJd4iIiHd/h5h5d4mIeQqVllAH",14146517412,"https://media.birdweather.com/soundscapes/6891/6891-20260710-110343.flac",0,3,"birdnetpi"
9544779784,6891,"2026-07-10T13:03:25.000+02:00",0.82,0.660715103149414,8.97016428905501,"almost_certain","2p4",NA,51.5694,6.0087,FALSE,119,"Common House-Martin","Delichon urbicum","#53b1ff","avian","https://media.birdweather.com/species/119/CommonHouse-Martin-standard-9ffbcc688c51210fb136a162c84d82ad.jpg","https://media.birdweather.com/species/119/CommonHouse-Martin-thumbnail-dd7059ca6235347c3097e7a66f04df95.jpg","https://media.birdweather.com/species/119/CommonHouse-Martin-png200-a73a8953ce2af50676da81e70b2746b2.png","YhgKDwKJd4iIiHd/h5h5d4mIeQqVllAH",14146508771,"https://media.birdweather.com/soundscapes/6891/6891-20260710-110325.flac",0,3,"birdnetpi"
9544776500,6891,"2026-07-10T13:03:22.000+02:00",0.79,0.876010596752167,9.27014089870312,"almost_certain","2p4",NA,51.5667,6.0014,FALSE,551,"Common Swift","Apus apus","#234bb2","avian","https://media.birdweather.com/species/551/CommonSwift-standard-ba54f84fbd8481b1c0de60654fbd79d5.jpg","https://media.birdweather.com/species/551/CommonSwift-thumbnail-bad1d7e3c141990f11d01e49e9f768ac.jpg","https://media.birdweather.com/species/551/CommonSwift-png200-f52bea49cb0e4232049806bde3e1a401.png","LLYFFwLchWelV5dvsqh1jKZoKJIEMkoA",14146504885,"https://media.birdweather.com/soundscapes/6891/6891-20260710-110322.flac",0,3,"birdnetpi"
9544768667,6891,"2026-07-10T13:03:01.000+02:00",1,0.876010596752167,9.75878557189918,"almost_certain","2p4",NA,51.5632,6.0051,FALSE,551,"Common Swift","Apus apus","#234bb2","avian","https://media.birdweather.com/species/551/CommonSwift-standard-ba54f84fbd8481b1c0de60654fbd79d5.jpg","https://media.birdweather.com/species/551/CommonSwift-thumbnail-bad1d7e3c141990f11d01e49e9f768ac.jpg","https://media.birdweather.com/species/551/CommonSwift-png200-f52bea49cb0e4232049806bde3e1a401.png","LLYFFwLchWelV5dvsqh1jKZoKJIEMkoA",14146495658,"https://media.birdweather.com/soundscapes/6891/6891-20260710-110301.flac",0,3,"birdnetpi"
9544742458,6891,"2026-07-10T13:01:59.000+02:00",0.95,0.660715103149414,9.27587095435548,"almost_certain","2p4",NA,51.562,6.005,FALSE,119,"Common House-Martin","Delichon urbicum","#53b1ff","avian","https://media.birdweather.com/species/119/CommonHouse-Martin-standard-9ffbcc688c51210fb136a162c84d82ad.jpg","https://media.birdweather.com/species/119/CommonHouse-Martin-thumbnail-dd7059ca6235347c3097e7a66f04df95.jpg","https://media.birdweather.com/species/119/CommonHouse-Martin-png200-a73a8953ce2af50676da81e70b2746b2.png","YhgKDwKJd4iIiHd/h5h5d4mIeQqVllAH",14146463935,"https://media.birdweather.com/soundscapes/6891/6891-20260710-110159.flac",0,3,"birdnetpi"
9544732844,6891,"2026-07-10T13:01:28.000+02:00",1,0.660715103149414,9.37739887620608,"almost_certain","2p4",NA,51.5651,6.0047,FALSE,119,"Common House-Martin","Delichon urbicum","#53b1ff","avian","https://media.birdweather.com/species/119/CommonHouse-Martin-standard-9ffbcc688c51210fb136a162c84d82ad.jpg","https://media.birdweather.com/species/119/CommonHouse-Martin-thumbnail-dd7059ca6235347c3097e7a66f04df95.jpg","https://media.birdweather.com/species/119/CommonHouse-Martin-png200-a73a8953ce2af50676da81e70b2746b2.png","YhgKDwKJd4iIiHd/h5h5d4mIeQqVllAH",14146452421,"https://media.birdweather.com/soundscapes/6891/6891-20260710-110128.flac",0,3,"birdnetpi"
9544717429,6891,"2026-07-10T13:00:52.000+02:00",0.99,0.660715103149414,9.3576863058967,"almost_certain","2p4",NA,51.5681,6.0074,FALSE,119,"Common House-Martin","Delichon urbicum","#53b1ff","avian","https://media.birdweather.com/species/119/CommonHouse-Martin-standard-9ffbcc688c51210fb136a162c84d82ad.jpg","https://media.birdweather.com/species/119/CommonHouse-Martin-thumbnail-dd7059ca6235347c3097e7a66f04df95.jpg","https://media.birdweather.com/species/119/CommonHouse-Martin-png200-a73a8953ce2af50676da81e70b2746b2.png","YhgKDwKJd4iIiHd/h5h5d4mIeQqVllAH",14146433668,"https://media.birdweather.com/soundscapes/6891/6891-20260710-110052.flac",0,3,"birdnetpi"
9544714319,6891,"2026-07-10T13:00:43.000+02:00",0.98,0.876010596752167,9.71907264638282,"almost_certain","2p4",NA,51.5679,6.0019,FALSE,551,"Common Swift","Apus apus","#234bb2","avian","https://media.birdweather.com/species/551/CommonSwift-standard-ba54f84fbd8481b1c0de60654fbd79d5.jpg","https://media.birdweather.com/species/551/CommonSwift-thumbnail-bad1d7e3c141990f11d01e49e9f768ac.jpg","https://media.birdweather.com/species/551/CommonSwift-png200-f52bea49cb0e4232049806bde3e1a401.png","LLYFFwLchWelV5dvsqh1jKZoKJIEMkoA",14146429985,"https://media.birdweather.com/soundscapes/6891/6891-20260710-110043.flac",0,3,"birdnetpi"
9544668451,6891,"2026-07-10T12:58:49.000+02:00",0.95,0.876010596752167,9.65725765004858,"almost_certain","2p4",NA,51.5619,6.0066,FALSE,551,"Common Swift","Apus apus","#234bb2","avian","https://media.birdweather.com/species/551/CommonSwift-standard-ba54f84fbd8481b1c0de60654fbd79d5.jpg","https://media.birdweather.com/species/551/CommonSwift-thumbnail-bad1d7e3c141990f11d01e49e9f768ac.jpg","https://media.birdweather.com/species/551/CommonSwift-png200-f52bea49cb0e4232049806bde3e1a401.png","LLYFFwLchWelV5dvsqh1jKZoKJIEMkoA",14146374846,"https://media.birdweather.com/soundscapes/6891/6891-20260710-105849.flac",0,3,"birdnetpi"
9544657699,6891,"2026-07-10T12:58:23.000+02:00",0.73,0.827771067619324,9.01449311866385,"almost_certain","2p4",NA,51.5642,6.0087,FALSE,1,"House Sparrow","Passer domesticus","#d16ff8","avian","https://media.birdweather.com/species/1/HouseSparrow-standard-b861184cf45c092cdb45fd689dd676ef.jpg","https://media.birdweather.com/species/1/HouseSparrow-thumbnail-e9cbc91763a1579de8ef04880678b5e3.jpg","https://media.birdweather.com/species/1/HouseSparrow-png200-125e8603e1efe9d7a18316b94f06a65e.png","XAgCDwD8qpukuHiqtLZ9mImnmPFcDO4E",14146361853,"https://media.birdweather.com/soundscapes/6891/6891-20260710-105823.flac",0,3,"birdnetpi"
9544646299,6891,"2026-07-10T12:57:53.000+02:00",0.71,0.827771067619324,8.94924269154857,"almost_certain","2p4",NA,51.5625,6.0036,FALSE,1,"House Sparrow","Passer domesticus","#d16ff8","avian","https://media.birdweather.com/species/1/HouseSparrow-standard-b861184cf45c092cdb45fd689dd676ef.jpg","https://media.birdweather.com/species/1/HouseSparrow-thumbnail-e9cbc91763a1579de8ef04880678b5e3.jpg","https://media.birdweather.com/species/1/HouseSparrow-png200-125e8603e1efe9d7a18316b94f06a65e.png","XAgCDwD8qpukuHiqtLZ9mImnmPFcDO4E",14146348281,"https://media.birdweather.com/soundscapes/6891/6891-20260710-105753.flac",0,3,"birdnetpi"
9544619201,6891,"2026-07-10T12:56:44.000+02:00",0.82,0.660715103149414,8.97016428905501,"almost_certain","2p4",NA,51.567,6.0081,FALSE,119,"Common House-Martin","Delichon urbicum","#53b1ff","avian","https://media.birdweather.com/species/119/CommonHouse-Martin-standard-9ffbcc688c51210fb136a162c84d82ad.jpg","https://media.birdweather.com/species/119/CommonHouse-Martin-thumbnail-dd7059ca6235347c3097e7a66f04df95.jpg","https://media.birdweather.com/species/119/CommonHouse-Martin-png200-a73a8953ce2af50676da81e70b2746b2.png","YhgKDwKJd4iIiHd/h5h5d4mIeQqVllAH",14146315396,"https://media.birdweather.com/soundscapes/6891/6891-20260710-105644.flac",0,3,"birdnetpi"
9544612169,6891,"2026-07-10T12:56:31.000+02:00",0.99,0.876010596752167,9.7390730015898,"almost_certain","2p4",NA,51.5651,6.0076,FALSE,551,"Common Swift","Apus apus","#234bb2","avian","https://media.birdweather.com/species/551/CommonSwift-standard-ba54f84fbd8481b1c0de60654fbd79d5.jpg","https://media.birdweather.com/species/551/CommonSwift-thumbnail-bad1d7e3c141990f11d01e49e9f768ac.jpg","https://media.birdweather.com/species/551/CommonSwift-png200-f52bea49cb0e4232049806bde3e1a401.png","LLYFFwLchWelV5dvsqh1jKZoKJIEMkoA",14146306783,"https://media.birdweather.com/soundscapes/6891/6891-20260710-105631.flac",0,3,"birdnetpi"
9544601153,6891,"2026-07-10T12:55:58.000+02:00",0.9,0.660715103149414,9.16621244484273,"almost_certain","2p4",NA,51.5674,6.0049,FALSE,119,"Common House-Martin","Delichon urbicum","#53b1ff","avian","https://media.birdweather.com/species/119/CommonHouse-Martin-standard-9ffbcc688c51210fb136a162c84d82ad.jpg","https://media.birdweather.com/species/119/CommonHouse-Martin-thumbnail-dd7059ca6235347c3097e7a66f04df95.jpg","https://media.birdweather.com/species/119/CommonHouse-Martin-png200-a73a8953ce2af50676da81e70b2746b2.png","YhgKDwKJd4iIiHd/h5h5d4mIeQqVllAH",14146293292,"https://media.birdweather.com/soundscapes/6891/6891-20260710-105558.flac",0,3,"birdnetpi"
9544556891,6891,"2026-07-10T12:54:07.000+02:00",0.94,0.876010596752167,9.63601691449431,"almost_certain","2p4",NA,51.5697,6.002,FALSE,551,"Common Swift","Apus apus","#234bb2","avian","https://media.birdweather.com/species/551/CommonSwift-standard-ba54f84fbd8481b1c0de60654fbd79d5.jpg","https://media.birdweather.com/species/551/CommonSwift-thumbnail-bad1d7e3c141990f11d01e49e9f768ac.jpg","https://media.birdweather.com/species/551/CommonSwift-png200-f52bea49cb0e4232049806bde3e1a401.png","LLYFFwLchWelV5dvsqh1jKZoKJIEMkoA",14146239760,"https://media.birdweather.com/soundscapes/6891/6891-20260710-105407.flac",0,3,"birdnetpi"
9544544981,6891,"2026-07-10T12:53:38.000+02:00",0.9,0.660715103149414,9.16621244484273,"almost_certain","2p4",NA,51.5684,6.0041,FALSE,119,"Common House-Martin","Delichon urbicum","#53b1ff","avian","https://media.birdweather.com/species/119/CommonHouse-Martin-standard-9ffbcc688c51210fb136a162c84d82ad.jpg","https://media.birdweather.com/species/119/CommonHouse-Martin-thumbnail-dd7059ca6235347c3097e7a66f04df95.jpg","https://media.birdweather.com/species/119/CommonHouse-Martin-png200-a73a8953ce2af50676da81e70b2746b2.png","YhgKDwKJd4iIiHd/h5h5d4mIeQqVllAH",14146225280,"https://media.birdweather.com/soundscapes/6891/6891-20260710-105338.flac",0,3,"birdnetpi"
9544528730,6891,"2026-07-10T12:52:56.000+02:00",0.78,0.876010596752167,9.24189247523537,"almost_certain","2p4",NA,51.5693,6.0081,FALSE,551,"Common Swift","Apus apus","#234bb2","avian","https://media.birdweather.com/species/551/CommonSwift-standard-ba54f84fbd8481b1c0de60654fbd79d5.jpg","https://media.birdweather.com/species/551/CommonSwift-thumbnail-bad1d7e3c141990f11d01e49e9f768ac.jpg","https://media.birdweather.com/species/551/CommonSwift-png200-f52bea49cb0e4232049806bde3e1a401.png","LLYFFwLchWelV5dvsqh1jKZoKJIEMkoA",14146205496,"https://media.birdweather.com/soundscapes/6891/6891-20260710-105256.flac",0,3,"birdnetpi"
9544527485,6891,"2026-07-10T12:52:53.000+02:00",0.84,0.660715103149414,9.02186853839151,"almost_certain","2p4",NA,51.5632,6.009,FALSE,119,"Common House-Martin","Delichon urbicum","#53b1ff","avian","https://media.birdweather.com/species/119/CommonHouse-Martin-standard-9ffbcc688c51210fb136a162c84d82ad.jpg","https://media.birdweather.com/species/119/CommonHouse-Martin-thumbnail-dd7059ca6235347c3097e7a66f04df95.jpg","https://media.birdweather.com/species/119/CommonHouse-Martin-png200-a73a8953ce2af50676da81e70b2746b2.png","YhgKDwKJd4iIiHd/h5h5d4mIeQqVllAH",14146203986,"https://media.birdweather.com/soundscapes/6891/6891-20260710-105253.flac",0,3,"birdnetpi"
9544513151,6891,"2026-07-10T12:52:19.000+02:00",0.86,0.660715103149414,9.07169221090561,"almost_certain","2p4",NA,51.5669,6.0021,FALSE,119,"Common House-Martin","Delichon urbicum","#53b1ff","avian","https://media.birdweather.com/species/119/CommonHouse-Martin-standard-9ffbcc688c51210fb136a162c84d82ad.jpg","https://media.birdweather.com/species/119/CommonHouse-Martin-thumbnail-dd7059ca6235347c3097e7a66f04df95.jpg","https://media.birdweather.com/species/119/CommonHouse-Martin-png200-a73a8953ce2af50676da81e70b2746b2.png","YhgKDwKJd4iIiHd/h5h5d4mIeQqVllAH",14146186656,"https://media.birdweather.com/soundscapes/6891/6891-20260710-105219.flac",0,3,"birdnetpi"
9544497486,6891,"2026-07-10T12:51:41.000+02:00",0.78,0.827771067619324,9.16519434510748,"almost_certain","2p4",NA,51.5672,6.0064,FALSE,1,"House Sparrow","Passer domesticus","#d16ff8","avian","https://media.birdweather.com/species/1/HouseSparrow-standard-b861184cf45c092cdb45fd689dd676ef.jpg","https://media.birdweather.com/species/1/HouseSparrow-thumbnail-e9cbc91763a1579de8ef04880678b5e3.jpg","https://media.birdweather.com/species/1/HouseSparrow-png200-125e8603e1efe9d7a18316b94f06a65e.png","XAgCDwD8qpukuHiqtLZ9mImnmPFcDO4E",14146167849,"https://media.birdweather.com/soundscapes/6891/6891-20260710-105141.flac",0,3,"birdnetpi"
9544490320,6891,"2026-07-10T12:51:28.000+02:00",0.71,0.827771067619324,8.94924269154857,"almost_certain","2p4",NA,51.5682,6.007,FALSE,1,"House Sparrow","Passer domesticus","#d16ff8","avian","https://media.birdweather.com/species/1/HouseSparrow-standard-b861184cf45c092cdb45fd689dd676ef.jpg","https://media.birdweather.com/species/1/HouseSparrow-thumbnail-e9cbc91763a1579de8ef04880678b5e3.jpg","https://media.birdweather.com/species/1/HouseSparrow-png200-125e8603e1efe9d7a18316b94f06a65e.png","XAgCDwD8qpukuHiqtLZ9mImnmPFcDO4E",14146159116,"https://media.birdweather.com/soundscapes/6891/6891-20260710-105128.flac",0,3,"birdnetpi"
9544484564,6891,"2026-07-10T12:51:08.000+02:00",0.82,0.827771067619324,9.27485285462022,"almost_certain","2p4",NA,51.5621,6.0019,FALSE,1,"House Sparrow","Passer domesticus","#d16ff8","avian","https://media.birdweather.com/species/1/HouseSparrow-standard-b861184cf45c092cdb45fd689dd676ef.jpg","https://media.birdweather.com/species/1/HouseSparrow-thumbnail-e9cbc91763a1579de8ef04880678b5e3.jpg","https://media.birdweather.com/species/1/HouseSparrow-png200-125e8603e1efe9d7a18316b94f06a65e.png","XAgCDwD8qpukuHiqtLZ9mImnmPFcDO4E",14146151989,"https://media.birdweather.com/soundscapes/6891/6891-20260710-105108.flac",0,3,"birdnetpi"
9544476061,6891,"2026-07-10T12:50:47.000+02:00",0.89,0.827771067619324,9.4478752583145,"almost_certain","2p4",NA,51.5666,6.0039,FALSE,1,"House Sparrow","Passer domesticus","#d16ff8","avian","https://media.birdweather.com/species/1/HouseSparrow-standard-b861184cf45c092cdb45fd689dd676ef.jpg","https://media.birdweather.com/species/1/HouseSparrow-thumbnail-e9cbc91763a1579de8ef04880678b5e3.jpg","https://media.birdweather.com/species/1/HouseSparrow-png200-125e8603e1efe9d7a18316b94f06a65e.png","XAgCDwD8qpukuHiqtLZ9mImnmPFcDO4E",14146141379,"https://media.birdweather.com/soundscapes/6891/6891-20260710-105047.flac",0,3,"birdnetpi"
9544465368,6891,"2026-07-10T12:50:23.000+02:00",0.86,0.827771067619324,9.37638077647082,"almost_certain","2p4",NA,51.5616,6.0067,FALSE,1,"House Sparrow","Passer domesticus","#d16ff8","avian","https://media.birdweather.com/species/1/HouseSparrow-standard-b861184cf45c092cdb45fd689dd676ef.jpg","https://media.birdweather.com/species/1/HouseSparrow-thumbnail-e9cbc91763a1579de8ef04880678b5e3.jpg","https://media.birdweather.com/species/1/HouseSparrow-png200-125e8603e1efe9d7a18316b94f06a65e.png","XAgCDwD8qpukuHiqtLZ9mImnmPFcDO4E",14146128310,"https://media.birdweather.com/soundscapes/6891/6891-20260710-105023.flac",0,3,"birdnetpi"
9544453988,6891,"2026-07-10T12:49:56.000+02:00",0.91,0.827771067619324,9.49354615408111,"almost_certain","2p4",NA,51.5637,6.008,FALSE,1,"House Sparrow","Passer domesticus","#d16ff8","avian","https://media.birdweather.com/species/1/HouseSparrow-standard-b861184cf45c092cdb45fd689dd676ef.jpg","https://media.birdweather.com/species/1/HouseSparrow-thumbnail-e9cbc91763a1579de8ef04880678b5e3.jpg","https://media.birdweather.com/species/1/HouseSparrow-png200-125e8603e1efe9d7a18316b94f06a65e.png","XAgCDwD8qpukuHiqtLZ9mImnmPFcDO4E",14146114285,"https://media.birdweather.com/soundscapes/6891/6891-20260710-104956.flac",0,3,"birdnetpi"
9544440708,6891,"2026-07-10T12:49:25.000+02:00",0.84,0.827771067619324,9.32655710395673,"almost_certain","2p4",NA,51.5691,6.0082,FALSE,1,"House Sparrow","Passer domesticus","#d16ff8","avian","https://media.birdweather.com/species/1/HouseSparrow-standard-b861184cf45c092cdb45fd689dd676ef.jpg","https://media.birdweather.com/species/1/HouseSparrow-thumbnail-e9cbc91763a1579de8ef04880678b5e3.jpg","https://media.birdweather.com/species/1/HouseSparrow-png200-125e8603e1efe9d7a18316b94f06a65e.png","XAgCDwD8qpukuHiqtLZ9mImnmPFcDO4E",14146097904,"https://media.birdweather.com/soundscapes/6891/6891-20260710-104925.flac",0,3,"birdnetpi"
9544430119,6891,"2026-07-10T12:48:47.000+02:00",0.78,0.827771067619324,9.16519434510748,"almost_certain","2p4",NA,51.5703,6.0017,FALSE,1,"House Sparrow","Passer domesticus","#d16ff8","avian","https://media.birdweather.com/species/1/HouseSparrow-standard-b861184cf45c092cdb45fd689dd676ef.jpg","https://media.birdweather.com/species/1/HouseSparrow-thumbnail-e9cbc91763a1579de8ef04880678b5e3.jpg","https://media.birdweather.com/species/1/HouseSparrow-png200-125e8603e1efe9d7a18316b94f06a65e.png","XAgCDwD8qpukuHiqtLZ9mImnmPFcDO4E",14146084894,"https://media.birdweather.com/soundscapes/6891/6891-20260710-104847.flac",0,3,"birdnetpi"
9544418262,6891,"2026-07-10T12:48:26.000+02:00",0.84,0.827771067619324,9.32655710395673,"almost_certain","2p4",NA,51.5622,6.009,FALSE,1,"House Sparrow","Passer domesticus","#d16ff8","avian","https://media.birdweather.com/species/1/HouseSparrow-standard-b861184cf45c092cdb45fd689dd676ef.jpg","https://media.birdweather.com/species/1/HouseSparrow-thumbnail-e9cbc91763a1579de8ef04880678b5e3.jpg","https://media.birdweather.com/species/1/HouseSparrow-png200-125e8603e1efe9d7a18316b94f06a65e.png","XAgCDwD8qpukuHiqtLZ9mImnmPFcDO4E",14146070456,"https://media.birdweather.com/soundscapes/6891/6891-20260710-104826.flac",0,3,"birdnetpi"
9544387516,6891,"2026-07-10T12:47:11.000+02:00",0.71,0.827771067619324,8.94924269154857,"almost_certain","2p4",NA,51.5622,6.0023,FALSE,1,"House Sparrow","Passer domesticus","#d16ff8","avian","https://media.birdweather.com/species/1/HouseSparrow-standard-b861184cf45c092cdb45fd689dd676ef.jpg","https://media.birdweather.com/species/1/HouseSparrow-thumbnail-e9cbc91763a1579de8ef04880678b5e3.jpg","https://media.birdweather.com/species/1/HouseSparrow-png200-125e8603e1efe9d7a18316b94f06a65e.png","XAgCDwD8qpukuHiqtLZ9mImnmPFcDO4E",14146033222,"https://media.birdweather.com/soundscapes/6891/6891-20260710-104711.flac",0,3,"birdnetpi"
9544364203,6891,"2026-07-10T12:45:59.000+02:00",0.7,0.827771067619324,8.91541381229976,"almost_certain","2p4",NA,51.5669,6.0074,FALSE,1,"House Sparrow","Passer domesticus","#d16ff8","avian","https://media.birdweather.com/species/1/HouseSparrow-standard-b861184cf45c092cdb45fd689dd676ef.jpg","https://media.birdweather.com/species/1/HouseSparrow-thumbnail-e9cbc91763a1579de8ef04880678b5e3.jpg","https://media.birdweather.com/species/1/HouseSparrow-png200-125e8603e1efe9d7a18316b94f06a65e.png","XAgCDwD8qpukuHiqtLZ9mImnmPFcDO4E",14146004848,"https://media.birdweather.com/soundscapes/6891/6891-20260710-104559.flac",0,3,"birdnetpi"
9544305203,6891,"2026-07-10T12:43:32.000+02:00",0.74,0.827771067619324,9.04598875863169,"almost_certain","2p4",NA,51.5704,6.0085,FALSE,1,"House Sparrow","Passer domesticus","#d16ff8","avian","https://media.birdweather.com/species/1/HouseSparrow-standard-b861184cf45c092cdb45fd689dd676ef.jpg","https://media.birdweather.com/species/1/HouseSparrow-thumbnail-e9cbc91763a1579de8ef04880678b5e3.jpg","https://media.birdweather.com/species/1/HouseSparrow-png200-125e8603e1efe9d7a18316b94f06a65e.png","XAgCDwD8qpukuHiqtLZ9mImnmPFcDO4E",14145932889,"https://media.birdweather.com/soundscapes/6891/6891-20260710-104332.flac",0,3,"birdnetpi"
9544293737,6891,"2026-07-10T12:43:11.000+02:00",0.86,0.827771067619324,9.37638077647082,"almost_certain","2p4",NA,51.5649,6.0047,FALSE,1,"House Sparrow","Passer domesticus","#d16ff8","avian","https://media.birdweather.com/species/1/HouseSparrow-standard-b861184cf45c092cdb45fd689dd676ef.jpg","https://media.birdweather.com/species/1/HouseSparrow-thumbnail-e9cbc91763a1579de8ef04880678b5e3.jpg","https://media.birdweather.com/species/1/HouseSparrow-png200-125e8603e1efe9d7a18316b94f06a65e.png","XAgCDwD8qpukuHiqtLZ9mImnmPFcDO4E",14145918833,"https://media.birdweather.com/soundscapes/6891/6891-20260710-104311.flac",0,3,"birdnetpi"
9544281912,6891,"2026-07-10T12:42:31.000+02:00",0.81,0.827771067619324,9.248250076996,"almost_certain","2p4",NA,51.565,6.0064,FALSE,1,"House Sparrow","Passer domesticus","#d16ff8","avian","https://media.birdweather.com/species/1/HouseSparrow-standard-b861184cf45c092cdb45fd689dd676ef.jpg","https://media.birdweather.com/species/1/HouseSparrow-thumbnail-e9cbc91763a1579de8ef04880678b5e3.jpg","https://media.birdweather.com/species/1/HouseSparrow-png200-125e8603e1efe9d7a18316b94f06a65e.png","XAgCDwD8qpukuHiqtLZ9mImnmPFcDO4E",14145903940,"https://media.birdweather.com/soundscapes/6891/6891-20260710-104231.flac",0,3,"birdnetpi"
9544271235,6891,"2026-07-10T12:42:08.000+02:00",0.8,0.827771067619324,9.22112047760023,"almost_certain","2p4",NA,51.5684,6.007,FALSE,1,"House Sparrow","Passer domesticus","#d16ff8","avian","https://media.birdweather.com/species/1/HouseSparrow-standard-b861184cf45c092cdb45fd689dd676ef.jpg","https://media.birdweather.com/species/1/HouseSparrow-thumbnail-e9cbc91763a1579de8ef04880678b5e3.jpg","https://media.birdweather.com/species/1/HouseSparrow-png200-125e8603e1efe9d7a18316b94f06a65e.png","XAgCDwD8qpukuHiqtLZ9mImnmPFcDO4E",14145890768,"https://media.birdweather.com/soundscapes/6891/6891-20260710-104208.flac",0,3,"birdnetpi"
9544249880,6891,"2026-07-10T12:41:19.000+02:00",0.83,0.827771067619324,9.30094888173008,"almost_certain","2p4",NA,51.5658,6.003,FALSE,1,"House Sparrow","Passer domesticus","#d16ff8","avian","https://media.birdweather.com/species/1/HouseSparrow-standard-b861184cf45c092cdb45fd689dd676ef.jpg","https://media.birdweather.com/species/1/HouseSparrow-thumbnail-e9cbc91763a1579de8ef04880678b5e3.jpg","https://media.birdweather.com/species/1/HouseSparrow-png200-125e8603e1efe9d7a18316b94f06a65e.png","XAgCDwD8qpukuHiqtLZ9mImnmPFcDO4E",14145864710,"https://media.birdweather.com/soundscapes/6891/6891-20260710-104119.flac",0,3,"birdnetpi"
9544238716,6891,"2026-07-10T12:40:41.000+02:00",0.83,0.827771067619324,9.30094888173008,"almost_certain","2p4",NA,51.568,6.003,FALSE,1,"House Sparrow","Passer domesticus","#d16ff8","avian","https://media.birdweather.com/species/1/HouseSparrow-standard-b861184cf45c092cdb45fd689dd676ef.jpg","https://media.birdweather.com/species/1/HouseSparrow-thumbnail-e9cbc91763a1579de8ef04880678b5e3.jpg","https://media.birdweather.com/species/1/HouseSparrow-png200-125e8603e1efe9d7a18316b94f06a65e.png","XAgCDwD8qpukuHiqtLZ9mImnmPFcDO4E",14145850687,"https://media.birdweather.com/soundscapes/6891/6891-20260710-104041.flac",0,3,"birdnetpi"
9544216521,6891,"2026-07-10T12:39:46.000+02:00",0.81,0.827771067619324,9.248250076996,"almost_certain","2p4",NA,51.5674,6.0029,FALSE,1,"House Sparrow","Passer domesticus","#d16ff8","avian","https://media.birdweather.com/species/1/HouseSparrow-standard-b861184cf45c092cdb45fd689dd676ef.jpg","https://media.birdweather.com/species/1/HouseSparrow-thumbnail-e9cbc91763a1579de8ef04880678b5e3.jpg","https://media.birdweather.com/species/1/HouseSparrow-png200-125e8603e1efe9d7a18316b94f06a65e.png","XAgCDwD8qpukuHiqtLZ9mImnmPFcDO4E",14145823203,"https://media.birdweather.com/soundscapes/6891/6891-20260710-103946.flac",0,3,"birdnetpi"
9544205624,6891,"2026-07-10T12:39:17.000+02:00",0.78,0.827771067619324,9.16519434510748,"almost_certain","2p4",NA,51.5661,6.0044,FALSE,1,"House Sparrow","Passer domesticus","#d16ff8","avian","https://media.birdweather.com/species/1/HouseSparrow-standard-b861184cf45c092cdb45fd689dd676ef.jpg","https://media.birdweather.com/species/1/HouseSparrow-thumbnail-e9cbc91763a1579de8ef04880678b5e3.jpg","https://media.birdweather.com/species/1/HouseSparrow-png200-125e8603e1efe9d7a18316b94f06a65e.png","XAgCDwD8qpukuHiqtLZ9mImnmPFcDO4E",14145809628,"https://media.birdweather.com/soundscapes/6891/6891-20260710-103917.flac",0,3,"birdnetpi"
9544194503,6891,"2026-07-10T12:38:47.000+02:00",0.77,0.827771067619324,9.13635117450645,"almost_certain","2p4",NA,51.5643,6.0072,FALSE,1,"House Sparrow","Passer domesticus","#d16ff8","avian","https://media.birdweather.com/species/1/HouseSparrow-standard-b861184cf45c092cdb45fd689dd676ef.jpg","https://media.birdweather.com/species/1/HouseSparrow-thumbnail-e9cbc91763a1579de8ef04880678b5e3.jpg","https://media.birdweather.com/species/1/HouseSparrow-png200-125e8603e1efe9d7a18316b94f06a65e.png","XAgCDwD8qpukuHiqtLZ9mImnmPFcDO4E",14145795573,"https://media.birdweather.com/soundscapes/6891/6891-20260710-103847.flac",0,3,"birdnetpi"
9544183398,6891,"2026-07-10T12:38:19.000+02:00",0.71,0.827771067619324,8.94924269154857,"almost_certain","2p4",NA,51.5652,6.0077,FALSE,1,"House Sparrow","Passer domesticus","#d16ff8","avian","https://media.birdweather.com/species/1/HouseSparrow-standard-b861184cf45c092cdb45fd689dd676ef.jpg","https://media.birdweather.com/species/1/HouseSparrow-thumbnail-e9cbc91763a1579de8ef04880678b5e3.jpg","https://media.birdweather.com/species/1/HouseSparrow-png200-125e8603e1efe9d7a18316b94f06a65e.png","XAgCDwD8qpukuHiqtLZ9mImnmPFcDO4E",14145782051,"https://media.birdweather.com/soundscapes/6891/6891-20260710-103819.flac",0,3,"birdnetpi"
9544172136,6891,"2026-07-10T12:37:50.000+02:00",0.79,0.827771067619324,9.19344276857523,"almost_certain","2p4",NA,51.5698,6.0025,FALSE,1,"House Sparrow","Passer domesticus","#d16ff8","avian","https://media.birdweather.com/species/1/HouseSparrow-standard-b861184cf45c092cdb45fd689dd676ef.jpg","https://media.birdweather.com/species/1/HouseSparrow-thumbnail-e9cbc91763a1579de8ef04880678b5e3.jpg","https://media.birdweather.com/species/1/HouseSparrow-png200-125e8603e1efe9d7a18316b94f06a65e.png","XAgCDwD8qpukuHiqtLZ9mImnmPFcDO4E",14145767935,"https://media.birdweather.com/soundscapes/6891/6891-20260710-103750.flac",0,3,"birdnetpi"
9544161483,6891,"2026-07-10T12:37:31.000+02:00",0.8,0.827771067619324,9.22112047760023,"almost_certain","2p4",NA,51.5655,6.0074,FALSE,1,"House Sparrow","Passer domesticus","#d16ff8","avian","https://media.birdweather.com/species/1/HouseSparrow-standard-b861184cf45c092cdb45fd689dd676ef.jpg","https://media.birdweather.com/species/1/HouseSparrow-thumbnail-e9cbc91763a1579de8ef04880678b5e3.jpg","https://media.birdweather.com/species/1/HouseSparrow-png200-125e8603e1efe9d7a18316b94f06a65e.png","XAgCDwD8qpukuHiqtLZ9mImnmPFcDO4E",14145754889,"https://media.birdweather.com/soundscapes/6891/6891-20260710-103731.flac",0,3,"birdnetpi"
9544150809,6891,"2026-07-10T12:37:08.000+02:00",0.84,0.827771067619324,9.32655710395673,"almost_certain","2p4",NA,51.5692,6.001,FALSE,1,"House Sparrow","Passer domesticus","#d16ff8","avian","https://media.birdweather.com/species/1/HouseSparrow-standard-b861184cf45c092cdb45fd689dd676ef.jpg","https://media.birdweather.com/species/1/HouseSparrow-thumbnail-e9cbc91763a1579de8ef04880678b5e3.jpg","https://media.birdweather.com/species/1/HouseSparrow-png200-125e8603e1efe9d7a18316b94f06a65e.png","XAgCDwD8qpukuHiqtLZ9mImnmPFcDO4E",14145741850,"https://media.birdweather.com/soundscapes/6891/6891-20260710-103708.flac",0,3,"birdnetpi"
9544148118,6891,"2026-07-10T12:36:49.000+02:00",0.79,0.660715103149414,8.88875420301001,"almost_certain","2p4",NA,51.5644,6.0084,FALSE,119,"Common House-Martin","Delichon urbicum","#53b1ff","avian","https://media.birdweather.com/species/119/CommonHouse-Martin-standard-9ffbcc688c51210fb136a162c84d82ad.jpg","https://media.birdweather.com/species/119/CommonHouse-Martin-thumbnail-dd7059ca6235347c3097e7a66f04df95.jpg","https://media.birdweather.com/species/119/CommonHouse-Martin-png200-a73a8953ce2af50676da81e70b2746b2.png","YhgKDwKJd4iIiHd/h5h5d4mIeQqVllAH",14145738474,"https://media.birdweather.com/soundscapes/6891/6891-20260710-103649.flac",0,3,"birdnetpi"
9544139756,6891,"2026-07-10T12:36:37.000+02:00",0.89,0.827771067619324,9.4478752583145,"almost_certain","2p4",NA,51.5637,6.0087,FALSE,1,"House Sparrow","Passer domesticus","#d16ff8","avian","https://media.birdweather.com/species/1/HouseSparrow-standard-b861184cf45c092cdb45fd689dd676ef.jpg","https://media.birdweather.com/species/1/HouseSparrow-thumbnail-e9cbc91763a1579de8ef04880678b5e3.jpg","https://media.birdweather.com/species/1/HouseSparrow-png200-125e8603e1efe9d7a18316b94f06a65e.png","XAgCDwD8qpukuHiqtLZ9mImnmPFcDO4E",14145728402,"https://media.birdweather.com/soundscapes/6891/6891-20260710-103637.flac",0,3,"birdnetpi"
9544128981,6891,"2026-07-10T12:36:08.000+02:00",0.83,0.827771067619324,9.30094888173008,"almost_certain","2p4",NA,51.5638,6.003,FALSE,1,"House Sparrow","Passer domesticus","#d16ff8","avian","https://media.birdweather.com/species/1/HouseSparrow-standard-b861184cf45c092cdb45fd689dd676ef.jpg","https://media.birdweather.com/species/1/HouseSparrow-thumbnail-e9cbc91763a1579de8ef04880678b5e3.jpg","https://media.birdweather.com/species/1/HouseSparrow-png200-125e8603e1efe9d7a18316b94f06a65e.png","XAgCDwD8qpukuHiqtLZ9mImnmPFcDO4E",14145715240,"https://media.birdweather.com/soundscapes/6891/6891-20260710-103608.flac",0,3,"birdnetpi"
9544118251,6891,"2026-07-10T12:35:35.000+02:00",0.85,0.827771067619324,9.35169542393215,"almost_certain","2p4",NA,51.5665,6.0063,FALSE,1,"House Sparrow","Passer domesticus","#d16ff8","avian","https://media.birdweather.com/species/1/HouseSparrow-standard-b861184cf45c092cdb45fd689dd676ef.jpg","https://media.birdweather.com/species/1/HouseSparrow-thumbnail-e9cbc91763a1579de8ef04880678b5e3.jpg","https://media.birdweather.com/species/1/HouseSparrow-png200-125e8603e1efe9d7a18316b94f06a65e.png","XAgCDwD8qpukuHiqtLZ9mImnmPFcDO4E",14145702182,"https://media.birdweather.com/soundscapes/6891/6891-20260710-103535.flac",0,3,"birdnetpi"
9544105297,6891,"2026-07-10T12:35:10.000+02:00",0.84,0.827771067619324,9.32655710395673,"almost_certain","2p4",NA,51.5692,6.0064,FALSE,1,"House Sparrow","Passer domesticus","#d16ff8","avian","https://media.birdweather.com/species/1/HouseSparrow-standard-b861184cf45c092cdb45fd689dd676ef.jpg","https://media.birdweather.com/species/1/HouseSparrow-thumbnail-e9cbc91763a1579de8ef04880678b5e3.jpg","https://media.birdweather.com/species/1/HouseSparrow-png200-125e8603e1efe9d7a18316b94f06a65e.png","XAgCDwD8qpukuHiqtLZ9mImnmPFcDO4E",14145686306,"https://media.birdweather.com/soundscapes/6891/6891-20260710-103510.flac",0,3,"birdnetpi"
9544092415,6891,"2026-07-10T12:34:28.000+02:00",0.85,0.827771067619324,9.35169542393215,"almost_certain","2p4",NA,51.5675,6.0086,FALSE,1,"House Sparrow","Passer domesticus","#d16ff8","avian","https://media.birdweather.com/species/1/HouseSparrow-standard-b861184cf45c092cdb45fd689dd676ef.jpg","https://media.birdweather.com/species/1/HouseSparrow-thumbnail-e9cbc91763a1579de8ef04880678b5e3.jpg","https://media.birdweather.com/species/1/HouseSparrow-png200-125e8603e1efe9d7a18316b94f06a65e.png","XAgCDwD8qpukuHiqtLZ9mImnmPFcDO4E",14145670354,"https://media.birdweather.com/soundscapes/6891/6891-20260710-103428.flac",0,3,"birdnetpi"
9544081957,6891,"2026-07-10T12:34:13.000+02:00",0.77,0.827771067619324,9.13635117450645,"almost_certain","2p4",NA,51.5669,6.0016,FALSE,1,"House Sparrow","Passer domesticus","#d16ff8","avian","https://media.birdweather.com/species/1/HouseSparrow-standard-b861184cf45c092cdb45fd689dd676ef.jpg","https://media.birdweather.com/species/1/HouseSparrow-thumbnail-e9cbc91763a1579de8ef04880678b5e3.jpg","https://media.birdweather.com/species/1/HouseSparrow-png200-125e8603e1efe9d7a18316b94f06a65e.png","XAgCDwD8qpukuHiqtLZ9mImnmPFcDO4E",14145657286,"https://media.birdweather.com/soundscapes/6891/6891-20260710-103413.flac",0,3,"birdnetpi"
9544084499,6891,"2026-07-10T12:34:08.000+02:00",0.81,0.660715103149414,8.94356151143078,"almost_certain","2p4",NA,51.5674,6.0053,FALSE,119,"Common House-Martin","Delichon urbicum","#53b1ff","avian","https://media.birdweather.com/species/119/CommonHouse-Martin-standard-9ffbcc688c51210fb136a162c84d82ad.jpg","https://media.birdweather.com/species/119/CommonHouse-Martin-thumbnail-dd7059ca6235347c3097e7a66f04df95.jpg","https://media.birdweather.com/species/119/CommonHouse-Martin-png200-a73a8953ce2af50676da81e70b2746b2.png","YhgKDwKJd4iIiHd/h5h5d4mIeQqVllAH",14145660640,"https://media.birdweather.com/soundscapes/6891/6891-20260710-103408.flac",0,3,"birdnetpi"
9544071693,6891,"2026-07-10T12:33:35.000+02:00",0.75,0.660715103149414,8.77208800558379,"almost_certain","2p4",NA,51.5672,6.0086,FALSE,119,"Common House-Martin","Delichon urbicum","#53b1ff","avian","https://media.birdweather.com/species/119/CommonHouse-Martin-standard-9ffbcc688c51210fb136a162c84d82ad.jpg","https://media.birdweather.com/species/119/CommonHouse-Martin-thumbnail-dd7059ca6235347c3097e7a66f04df95.jpg","https://media.birdweather.com/species/119/CommonHouse-Martin-png200-a73a8953ce2af50676da81e70b2746b2.png","YhgKDwKJd4iIiHd/h5h5d4mIeQqVllAH",14145644605,"https://media.birdweather.com/soundscapes/6891/6891-20260710-103335.flac",0,3,"birdnetpi"
9544068211,6891,"2026-07-10T12:33:32.000+02:00",0.95,0.993988573551178,9.82851725170912,"almost_certain","2p4",NA,51.5656,6.0044,FALSE,35,"Eurasian Blackbird","Turdus merula","#ff65df","avian","https://media.birdweather.com/species/35/EurasianBlackbird-standard-618b3a5132c7c359fb2a2884c39deb39.jpg","https://media.birdweather.com/species/35/EurasianBlackbird-thumbnail-276878929bed08167d1fd9bf34d63d40.jpg","https://media.birdweather.com/species/35/EurasianBlackbird-png200-ba5a1b43225da4611cac429c52a52c81.png","GfkFFwKRmrx2ZYiaaQe69nlzScn3T7IA",14145640343,"https://media.birdweather.com/soundscapes/6891/6891-20260710-103332.flac",0,3,"birdnetpi"
9544065919,6891,"2026-07-10T12:33:22.000+02:00",1,0.876010596752167,9.75878557189918,"almost_certain","2p4",NA,51.5649,6.002,FALSE,551,"Common Swift","Apus apus","#234bb2","avian","https://media.birdweather.com/species/551/CommonSwift-standard-ba54f84fbd8481b1c0de60654fbd79d5.jpg","https://media.birdweather.com/species/551/CommonSwift-thumbnail-bad1d7e3c141990f11d01e49e9f768ac.jpg","https://media.birdweather.com/species/551/CommonSwift-png200-f52bea49cb0e4232049806bde3e1a401.png","LLYFFwLchWelV5dvsqh1jKZoKJIEMkoA",14145637450,"https://media.birdweather.com/soundscapes/6891/6891-20260710-103322.flac",0,3,"birdnetpi"
9544004356,6891,"2026-07-10T12:30:53.000+02:00",0.92,0.660715103149414,9.21113450211023,"almost_certain","2p4",NA,51.5697,6.0066,FALSE,119,"Common House-Martin","Delichon urbicum","#53b1ff","avian","https://media.birdweather.com/species/119/CommonHouse-Martin-standard-9ffbcc688c51210fb136a162c84d82ad.jpg","https://media.birdweather.com/species/119/CommonHouse-Martin-thumbnail-dd7059ca6235347c3097e7a66f04df95.jpg","https://media.birdweather.com/species/119/CommonHouse-Martin-png200-a73a8953ce2af50676da81e70b2746b2.png","YhgKDwKJd4iIiHd/h5h5d4mIeQqVllAH",14145560518,"https://media.birdweather.com/soundscapes/6891/6891-20260710-103053.flac",0,3,"birdnetpi"
9543982213,6891,"2026-07-10T12:29:49.000+02:00",0.95,0.660715103149414,9.27587095435548,"almost_certain","2p4",NA,51.5638,6.0011,FALSE,119,"Common House-Martin","Delichon urbicum","#53b1ff","avian","https://media.birdweather.com/species/119/CommonHouse-Martin-standard-9ffbcc688c51210fb136a162c84d82ad.jpg","https://media.birdweather.com/species/119/CommonHouse-Martin-thumbnail-dd7059ca6235347c3097e7a66f04df95.jpg","https://media.birdweather.com/species/119/CommonHouse-Martin-png200-a73a8953ce2af50676da81e70b2746b2.png","YhgKDwKJd4iIiHd/h5h5d4mIeQqVllAH",14145532557,"https://media.birdweather.com/soundscapes/6891/6891-20260710-102949.flac",0,3,"birdnetpi"
9543970844,6891,"2026-07-10T12:29:19.000+02:00",0.97,0.660715103149414,9.31738928316408,"almost_certain","2p4",NA,51.5697,6.0009,FALSE,119,"Common House-Martin","Delichon urbicum","#53b1ff","avian","https://media.birdweather.com/species/119/CommonHouse-Martin-standard-9ffbcc688c51210fb136a162c84d82ad.jpg","https://media.birdweather.com/species/119/CommonHouse-Martin-thumbnail-dd7059ca6235347c3097e7a66f04df95.jpg","https://media.birdweather.com/species/119/CommonHouse-Martin-png200-a73a8953ce2af50676da81e70b2746b2.png","YhgKDwKJd4iIiHd/h5h5d4mIeQqVllAH",14145518115,"https://media.birdweather.com/soundscapes/6891/6891-20260710-102919.flac",0,3,"birdnetpi"
9543965115,6891,"2026-07-10T12:29:01.000+02:00",0.94,0.660715103149414,9.25463021880121,"almost_certain","2p4",NA,51.5655,6.0076,FALSE,119,"Common House-Martin","Delichon urbicum","#53b1ff","avian","https://media.birdweather.com/species/119/CommonHouse-Martin-standard-9ffbcc688c51210fb136a162c84d82ad.jpg","https://media.birdweather.com/species/119/CommonHouse-Martin-thumbnail-dd7059ca6235347c3097e7a66f04df95.jpg","https://media.birdweather.com/species/119/CommonHouse-Martin-png200-a73a8953ce2af50676da81e70b2746b2.png","YhgKDwKJd4iIiHd/h5h5d4mIeQqVllAH",14145510979,"https://media.birdweather.com/soundscapes/6891/6891-20260710-102901.flac",0,3,"birdnetpi"
9543930871,6891,"2026-07-10T12:27:28.000+02:00",0.98,0.876010596752167,9.71907264638282,"almost_certain","2p4",NA,51.563,6.0084,FALSE,551,"Common Swift","Apus apus","#234bb2","avian","https://media.birdweather.com/species/551/CommonSwift-standard-ba54f84fbd8481b1c0de60654fbd79d5.jpg","https://media.birdweather.com/species/551/CommonSwift-thumbnail-bad1d7e3c141990f11d01e49e9f768ac.jpg","https://media.birdweather.com/species/551/CommonSwift-png200-f52bea49cb0e4232049806bde3e1a401.png","LLYFFwLchWelV5dvsqh1jKZoKJIEMkoA",14145466622,"https://media.birdweather.com/soundscapes/6891/6891-20260710-102728.flac",0,3,"birdnetpi"
9543850133,6891,"2026-07-10T12:23:54.000+02:00",0.9,0.876010596752167,9.54759914053584,"almost_certain","2p4",NA,51.5616,6.0054,FALSE,551,"Common Swift","Apus apus","#234bb2","avian","https://media.birdweather.com/species/551/CommonSwift-standard-ba54f84fbd8481b1c0de60654fbd79d5.jpg","https://media.birdweather.com/species/551/CommonSwift-thumbnail-bad1d7e3c141990f11d01e49e9f768ac.jpg","https://media.birdweather.com/species/551/CommonSwift-png200-f52bea49cb0e4232049806bde3e1a401.png","LLYFFwLchWelV5dvsqh1jKZoKJIEMkoA",14145363247,"https://media.birdweather.com/soundscapes/6891/6891-20260710-102354.flac",0,3,"birdnetpi"
9543837851,6891,"2026-07-10T12:23:20.000+02:00",0.94,0.876010596752167,9.63601691449431,"almost_certain","2p4",NA,51.564,6.0043,FALSE,551,"Common Swift","Apus apus","#234bb2","avian","https://media.birdweather.com/species/551/CommonSwift-standard-ba54f84fbd8481b1c0de60654fbd79d5.jpg","https://media.birdweather.com/species/551/CommonSwift-thumbnail-bad1d7e3c141990f11d01e49e9f768ac.jpg","https://media.birdweather.com/species/551/CommonSwift-png200-f52bea49cb0e4232049806bde3e1a401.png","LLYFFwLchWelV5dvsqh1jKZoKJIEMkoA",14145347491,"https://media.birdweather.com/soundscapes/6891/6891-20260710-102320.flac",0,3,"birdnetpi"
9543831406,6891,"2026-07-10T12:23:02.000+02:00",0.86,0.660715103149414,9.07169221090561,"almost_certain","2p4",NA,51.5671,6.0088,FALSE,119,"Common House-Martin","Delichon urbicum","#53b1ff","avian","https://media.birdweather.com/species/119/CommonHouse-Martin-standard-9ffbcc688c51210fb136a162c84d82ad.jpg","https://media.birdweather.com/species/119/CommonHouse-Martin-thumbnail-dd7059ca6235347c3097e7a66f04df95.jpg","https://media.birdweather.com/species/119/CommonHouse-Martin-png200-a73a8953ce2af50676da81e70b2746b2.png","YhgKDwKJd4iIiHd/h5h5d4mIeQqVllAH",14145339320,"https://media.birdweather.com/soundscapes/6891/6891-20260710-102302.flac",0,3,"birdnetpi"
9543767174,6891,"2026-07-10T12:20:08.000+02:00",0.83,0.644990086555481,8.9637579418024,"almost_certain","2p4",NA,51.5634,6.005,FALSE,294,"European Greenfinch","Chloris chloris","#fea614","avian","https://media.birdweather.com/species/294/EuropeanGreenfinch-standard-34aa36357c06fbf52af390917f29436b.jpg","https://media.birdweather.com/species/294/EuropeanGreenfinch-thumbnail-7466d93ab9340d75d4eec2ca6eeed529.jpg","https://media.birdweather.com/species/294/EuropeanGreenfinch-png200-8b2951bb918db1cbed643a9530efa558.png","FRkGHwJYqWeEd4ifapeoh4ZriPUnaG8B",14145255381,"https://media.birdweather.com/soundscapes/6891/6891-20260710-102008.flac",0,3,"birdnetpi"
9543766058,6891,"2026-07-10T12:20:05.000+02:00",0.7,0.799220323562622,8.867910906924,"almost_certain","2p4",NA,51.5683,6.0076,FALSE,5,"Eurasian Wren","Troglodytes troglodytes","#871aa2","avian","https://media.birdweather.com/species/5/EurasianWren-standard-9c09f98281df1112cec97e5b2520b7ac.jpg","https://media.birdweather.com/species/5/EurasianWren-thumbnail-7ee2ceda5807a63f70243cd666e8e3c8.jpg","https://media.birdweather.com/species/5/EurasianWren-png200-a33056cab50c84c6025cfd25b6f18c19.png","JwgGDwDcVHlfhXmJhXiXWJiJaEAXA5IC",14145253922,"https://media.birdweather.com/soundscapes/6891/6891-20260710-102005.flac",0,3,"birdnetpi"
9543759034,6891,"2026-07-10T12:19:49.000+02:00",0.98,0.876010596752167,9.71907264638282,"almost_certain","2p4",NA,51.5661,6.0018,FALSE,551,"Common Swift","Apus apus","#234bb2","avian","https://media.birdweather.com/species/551/CommonSwift-standard-ba54f84fbd8481b1c0de60654fbd79d5.jpg","https://media.birdweather.com/species/551/CommonSwift-thumbnail-bad1d7e3c141990f11d01e49e9f768ac.jpg","https://media.birdweather.com/species/551/CommonSwift-png200-f52bea49cb0e4232049806bde3e1a401.png","LLYFFwLchWelV5dvsqh1jKZoKJIEMkoA",14145244694,"https://media.birdweather.com/soundscapes/6891/6891-20260710-101949.flac",0,3,"birdnetpi"
9543735119,6891,"2026-07-10T12:18:43.000+02:00",0.93,0.660715103149414,9.23305496975486,"almost_certain","2p4",NA,51.5697,6.0018,FALSE,119,"Common House-Martin","Delichon urbicum","#53b1ff","avian","https://media.birdweather.com/species/119/CommonHouse-Martin-standard-9ffbcc688c51210fb136a162c84d82ad.jpg","https://media.birdweather.com/species/119/CommonHouse-Martin-thumbnail-dd7059ca6235347c3097e7a66f04df95.jpg","https://media.birdweather.com/species/119/CommonHouse-Martin-png200-a73a8953ce2af50676da81e70b2746b2.png","YhgKDwKJd4iIiHd/h5h5d4mIeQqVllAH",14145213906,"https://media.birdweather.com/soundscapes/6891/6891-20260710-101843.flac",0,3,"birdnetpi"
9543724671,6891,"2026-07-10T12:18:19.000+02:00",0.88,0.660715103149414,9.11976731904705,"almost_certain","2p4",NA,51.5619,6.0057,FALSE,119,"Common House-Martin","Delichon urbicum","#53b1ff","avian","https://media.birdweather.com/species/119/CommonHouse-Martin-standard-9ffbcc688c51210fb136a162c84d82ad.jpg","https://media.birdweather.com/species/119/CommonHouse-Martin-thumbnail-dd7059ca6235347c3097e7a66f04df95.jpg","https://media.birdweather.com/species/119/CommonHouse-Martin-png200-a73a8953ce2af50676da81e70b2746b2.png","YhgKDwKJd4iIiHd/h5h5d4mIeQqVllAH",14145200337,"https://media.birdweather.com/soundscapes/6891/6891-20260710-101819.flac",0,3,"birdnetpi"
9543692303,6891,"2026-07-10T12:16:50.000+02:00",0.95,0.660715103149414,9.27587095435548,"almost_certain","2p4",NA,51.5619,6.007,FALSE,119,"Common House-Martin","Delichon urbicum","#53b1ff","avian","https://media.birdweather.com/species/119/CommonHouse-Martin-standard-9ffbcc688c51210fb136a162c84d82ad.jpg","https://media.birdweather.com/species/119/CommonHouse-Martin-thumbnail-dd7059ca6235347c3097e7a66f04df95.jpg","https://media.birdweather.com/species/119/CommonHouse-Martin-png200-a73a8953ce2af50676da81e70b2746b2.png","YhgKDwKJd4iIiHd/h5h5d4mIeQqVllAH",14145159498,"https://media.birdweather.com/soundscapes/6891/6891-20260710-101650.flac",0,3,"birdnetpi"
9543682390,6891,"2026-07-10T12:16:26.000+02:00",0.96,0.660715103149414,9.29678739117466,"almost_certain","2p4",NA,51.5672,6.0073,FALSE,119,"Common House-Martin","Delichon urbicum","#53b1ff","avian","https://media.birdweather.com/species/119/CommonHouse-Martin-standard-9ffbcc688c51210fb136a162c84d82ad.jpg","https://media.birdweather.com/species/119/CommonHouse-Martin-thumbnail-dd7059ca6235347c3097e7a66f04df95.jpg","https://media.birdweather.com/species/119/CommonHouse-Martin-png200-a73a8953ce2af50676da81e70b2746b2.png","YhgKDwKJd4iIiHd/h5h5d4mIeQqVllAH",14145146378,"https://media.birdweather.com/soundscapes/6891/6891-20260710-101626.flac",0,3,"birdnetpi"
9543676828,6891,"2026-07-10T12:16:16.000+02:00",0.99,0.660715103149414,9.3576863058967,"almost_certain","2p4",NA,51.5623,6.0086,FALSE,119,"Common House-Martin","Delichon urbicum","#53b1ff","avian","https://media.birdweather.com/species/119/CommonHouse-Martin-standard-9ffbcc688c51210fb136a162c84d82ad.jpg","https://media.birdweather.com/species/119/CommonHouse-Martin-thumbnail-dd7059ca6235347c3097e7a66f04df95.jpg","https://media.birdweather.com/species/119/CommonHouse-Martin-png200-a73a8953ce2af50676da81e70b2746b2.png","YhgKDwKJd4iIiHd/h5h5d4mIeQqVllAH",14145139215,"https://media.birdweather.com/soundscapes/6891/6891-20260710-101616.flac",0,3,"birdnetpi"
9543662113,6891,"2026-07-10T12:15:34.000+02:00",0.76,0.827771067619324,9.10688767335373,"almost_certain","2p4",NA,51.5623,6.0051,FALSE,1,"House Sparrow","Passer domesticus","#d16ff8","avian","https://media.birdweather.com/species/1/HouseSparrow-standard-b861184cf45c092cdb45fd689dd676ef.jpg","https://media.birdweather.com/species/1/HouseSparrow-thumbnail-e9cbc91763a1579de8ef04880678b5e3.jpg","https://media.birdweather.com/species/1/HouseSparrow-png200-125e8603e1efe9d7a18316b94f06a65e.png","XAgCDwD8qpukuHiqtLZ9mImnmPFcDO4E",14145120380,"https://media.birdweather.com/soundscapes/6891/6891-20260710-101534.flac",0,3,"birdnetpi"
9543656439,6891,"2026-07-10T12:15:14.000+02:00",0.74,0.827771067619324,9.04598875863169,"almost_certain","2p4",NA,51.5652,6.0007,FALSE,1,"House Sparrow","Passer domesticus","#d16ff8","avian","https://media.birdweather.com/species/1/HouseSparrow-standard-b861184cf45c092cdb45fd689dd676ef.jpg","https://media.birdweather.com/species/1/HouseSparrow-thumbnail-e9cbc91763a1579de8ef04880678b5e3.jpg","https://media.birdweather.com/species/1/HouseSparrow-png200-125e8603e1efe9d7a18316b94f06a65e.png","XAgCDwD8qpukuHiqtLZ9mImnmPFcDO4E",14145113120,"https://media.birdweather.com/soundscapes/6891/6891-20260710-101514.flac",0,3,"birdnetpi"
9543642295,6891,"2026-07-10T12:14:35.000+02:00",0.98,0.876010596752167,9.71907264638282,"almost_certain","2p4",NA,51.5625,6.0021,FALSE,551,"Common Swift","Apus apus","#234bb2","avian","https://media.birdweather.com/species/551/CommonSwift-standard-ba54f84fbd8481b1c0de60654fbd79d5.jpg","https://media.birdweather.com/species/551/CommonSwift-thumbnail-bad1d7e3c141990f11d01e49e9f768ac.jpg","https://media.birdweather.com/species/551/CommonSwift-png200-f52bea49cb0e4232049806bde3e1a401.png","LLYFFwLchWelV5dvsqh1jKZoKJIEMkoA",14145094774,"https://media.birdweather.com/soundscapes/6891/6891-20260710-101435.flac",0,3,"birdnetpi"
9543634553,6891,"2026-07-10T12:14:26.000+02:00",0.86,0.660715103149414,9.07169221090561,"almost_certain","2p4",NA,51.5671,6.0084,FALSE,119,"Common House-Martin","Delichon urbicum","#53b1ff","avian","https://media.birdweather.com/species/119/CommonHouse-Martin-standard-9ffbcc688c51210fb136a162c84d82ad.jpg","https://media.birdweather.com/species/119/CommonHouse-Martin-thumbnail-dd7059ca6235347c3097e7a66f04df95.jpg","https://media.birdweather.com/species/119/CommonHouse-Martin-png200-a73a8953ce2af50676da81e70b2746b2.png","YhgKDwKJd4iIiHd/h5h5d4mIeQqVllAH",14145084649,"https://media.birdweather.com/soundscapes/6891/6891-20260710-101426.flac",0,3,"birdnetpi"
9543610510,6891,"2026-07-10T12:13:08.000+02:00",0.73,0.995683014392853,9.26476106324237,"almost_certain","2p4",NA,51.5673,6.0023,FALSE,58,"Carrion Crow","Corvus corone","#01a85a","avian","https://media.birdweather.com/species/58/CarrionCrow-standard-ed24da07616d0cd7c5ef9cd2892ec869.jpg","https://media.birdweather.com/species/58/CarrionCrow-thumbnail-38cc6285bbd8f8340f32fa4dc3f58a69.jpg","https://media.birdweather.com/species/58/CarrionCrow-png200-5ec2904f61f6588853b296f54d8d0cb6.png","nggODwDDmZlqdoiPdLeIWIiYaK6A1gMK",14145053300,"https://media.birdweather.com/soundscapes/6891/6891-20260710-101308.flac",0,3,"birdnetpi"
9543592292,6891,"2026-07-10T12:12:19.000+02:00",0.95,0.660715103149414,9.27587095435548,"almost_certain","2p4",NA,51.5672,6.0086,FALSE,119,"Common House-Martin","Delichon urbicum","#53b1ff","avian","https://media.birdweather.com/species/119/CommonHouse-Martin-standard-9ffbcc688c51210fb136a162c84d82ad.jpg","https://media.birdweather.com/species/119/CommonHouse-Martin-thumbnail-dd7059ca6235347c3097e7a66f04df95.jpg","https://media.birdweather.com/species/119/CommonHouse-Martin-png200-a73a8953ce2af50676da81e70b2746b2.png","YhgKDwKJd4iIiHd/h5h5d4mIeQqVllAH",14145029211,"https://media.birdweather.com/soundscapes/6891/6891-20260710-101219.flac",0,3,"birdnetpi"
9543573999,6891,"2026-07-10T12:11:32.000+02:00",0.75,0.827771067619324,9.07677657114901,"almost_certain","2p4",NA,51.569,6.0087,FALSE,1,"House Sparrow","Passer domesticus","#d16ff8","avian","https://media.birdweather.com/species/1/HouseSparrow-standard-b861184cf45c092cdb45fd689dd676ef.jpg","https://media.birdweather.com/species/1/HouseSparrow-thumbnail-e9cbc91763a1579de8ef04880678b5e3.jpg","https://media.birdweather.com/species/1/HouseSparrow-png200-125e8603e1efe9d7a18316b94f06a65e.png","XAgCDwD8qpukuHiqtLZ9mImnmPFcDO4E",14145005044,"https://media.birdweather.com/soundscapes/6891/6891-20260710-101132.flac",0,3,"birdnetpi"
9543557705,6891,"2026-07-10T12:10:44.000+02:00",0.98,0.876010596752167,9.71907264638282,"almost_certain","2p4",NA,51.5662,6.0014,FALSE,551,"Common Swift","Apus apus","#234bb2","avian","https://media.birdweather.com/species/551/CommonSwift-standard-ba54f84fbd8481b1c0de60654fbd79d5.jpg","https://media.birdweather.com/species/551/CommonSwift-thumbnail-bad1d7e3c141990f11d01e49e9f768ac.jpg","https://media.birdweather.com/species/551/CommonSwift-png200-f52bea49cb0e4232049806bde3e1a401.png","LLYFFwLchWelV5dvsqh1jKZoKJIEMkoA",14144983046,"https://media.birdweather.com/soundscapes/6891/6891-20260710-101044.flac",0,3,"birdnetpi"
9543548411,6891,"2026-07-10T12:10:20.000+02:00",0.97,0.660715103149414,9.31738928316408,"almost_certain","2p4",NA,51.568,6.0065,FALSE,119,"Common House-Martin","Delichon urbicum","#53b1ff","avian","https://media.birdweather.com/species/119/CommonHouse-Martin-standard-9ffbcc688c51210fb136a162c84d82ad.jpg","https://media.birdweather.com/species/119/CommonHouse-Martin-thumbnail-dd7059ca6235347c3097e7a66f04df95.jpg","https://media.birdweather.com/species/119/CommonHouse-Martin-png200-a73a8953ce2af50676da81e70b2746b2.png","YhgKDwKJd4iIiHd/h5h5d4mIeQqVllAH",14144970436,"https://media.birdweather.com/soundscapes/6891/6891-20260710-101020.flac",0,3,"birdnetpi"
9543525374,6891,"2026-07-10T12:09:16.000+02:00",0.78,0.827771067619324,9.16519434510748,"almost_certain","2p4",NA,51.5675,6.0065,FALSE,1,"House Sparrow","Passer domesticus","#d16ff8","avian","https://media.birdweather.com/species/1/HouseSparrow-standard-b861184cf45c092cdb45fd689dd676ef.jpg","https://media.birdweather.com/species/1/HouseSparrow-thumbnail-e9cbc91763a1579de8ef04880678b5e3.jpg","https://media.birdweather.com/species/1/HouseSparrow-png200-125e8603e1efe9d7a18316b94f06a65e.png","XAgCDwD8qpukuHiqtLZ9mImnmPFcDO4E",14144939772,"https://media.birdweather.com/soundscapes/6891/6891-20260710-100916.flac",0,3,"birdnetpi"
9543520072,6891,"2026-07-10T12:09:02.000+02:00",0.92,0.876010596752167,9.59252119780333,"almost_certain","2p4",NA,51.5664,6.0094,FALSE,551,"Common Swift","Apus apus","#234bb2","avian","https://media.birdweather.com/species/551/CommonSwift-standard-ba54f84fbd8481b1c0de60654fbd79d5.jpg","https://media.birdweather.com/species/551/CommonSwift-thumbnail-bad1d7e3c141990f11d01e49e9f768ac.jpg","https://media.birdweather.com/species/551/CommonSwift-png200-f52bea49cb0e4232049806bde3e1a401.png","LLYFFwLchWelV5dvsqh1jKZoKJIEMkoA",14144932479,"https://media.birdweather.com/soundscapes/6891/6891-20260710-100902.flac",0,3,"birdnetpi"
9543509092,6891,"2026-07-10T12:08:32.000+02:00",1,0.876010596752167,9.75878557189918,"almost_certain","2p4",NA,51.5699,6.0052,FALSE,551,"Common Swift","Apus apus","#234bb2","avian","https://media.birdweather.com/species/551/CommonSwift-standard-ba54f84fbd8481b1c0de60654fbd79d5.jpg","https://media.birdweather.com/species/551/CommonSwift-thumbnail-bad1d7e3c141990f11d01e49e9f768ac.jpg","https://media.birdweather.com/species/551/CommonSwift-png200-f52bea49cb0e4232049806bde3e1a401.png","LLYFFwLchWelV5dvsqh1jKZoKJIEMkoA",14144918066,"https://media.birdweather.com/soundscapes/6891/6891-20260710-100832.flac",0,3,"birdnetpi"
9543477629,6891,"2026-07-10T12:07:01.000+02:00",0.81,0.827771067619324,9.248250076996,"almost_certain","2p4",NA,51.5654,6.0011,FALSE,1,"House Sparrow","Passer domesticus","#d16ff8","avian","https://media.birdweather.com/species/1/HouseSparrow-standard-b861184cf45c092cdb45fd689dd676ef.jpg","https://media.birdweather.com/species/1/HouseSparrow-thumbnail-e9cbc91763a1579de8ef04880678b5e3.jpg","https://media.birdweather.com/species/1/HouseSparrow-png200-125e8603e1efe9d7a18316b94f06a65e.png","XAgCDwD8qpukuHiqtLZ9mImnmPFcDO4E",14144876297,"https://media.birdweather.com/soundscapes/6891/6891-20260710-100701.flac",0,3,"birdnetpi"
9543462617,6891,"2026-07-10T12:06:20.000+02:00",0.87,0.827771067619324,9.400629197097,"almost_certain","2p4",NA,51.5693,6.0021,FALSE,1,"House Sparrow","Passer domesticus","#d16ff8","avian","https://media.birdweather.com/species/1/HouseSparrow-standard-b861184cf45c092cdb45fd689dd676ef.jpg","https://media.birdweather.com/species/1/HouseSparrow-thumbnail-e9cbc91763a1579de8ef04880678b5e3.jpg","https://media.birdweather.com/species/1/HouseSparrow-png200-125e8603e1efe9d7a18316b94f06a65e.png","XAgCDwD8qpukuHiqtLZ9mImnmPFcDO4E",14144856024,"https://media.birdweather.com/soundscapes/6891/6891-20260710-100620.flac",0,3,"birdnetpi"
9543436868,6891,"2026-07-10T12:05:07.000+02:00",0.84,0.660715103149414,9.02186853839151,"almost_certain","2p4",NA,51.5636,6.0071,FALSE,119,"Common House-Martin","Delichon urbicum","#53b1ff","avian","https://media.birdweather.com/species/119/CommonHouse-Martin-standard-9ffbcc688c51210fb136a162c84d82ad.jpg","https://media.birdweather.com/species/119/CommonHouse-Martin-thumbnail-dd7059ca6235347c3097e7a66f04df95.jpg","https://media.birdweather.com/species/119/CommonHouse-Martin-png200-a73a8953ce2af50676da81e70b2746b2.png","YhgKDwKJd4iIiHd/h5h5d4mIeQqVllAH",14144821508,"https://media.birdweather.com/soundscapes/6891/6891-20260710-100507.flac",0,3,"birdnetpi"
9543427308,6891,"2026-07-10T12:04:40.000+02:00",0.72,0.827771067619324,8.98225633721188,"almost_certain","2p4",NA,51.5657,6.006,FALSE,1,"House Sparrow","Passer domesticus","#d16ff8","avian","https://media.birdweather.com/species/1/HouseSparrow-standard-b861184cf45c092cdb45fd689dd676ef.jpg","https://media.birdweather.com/species/1/HouseSparrow-thumbnail-e9cbc91763a1579de8ef04880678b5e3.jpg","https://media.birdweather.com/species/1/HouseSparrow-png200-125e8603e1efe9d7a18316b94f06a65e.png","XAgCDwD8qpukuHiqtLZ9mImnmPFcDO4E",14144808579,"https://media.birdweather.com/soundscapes/6891/6891-20260710-100440.flac",0,3,"birdnetpi"
9543414819,6891,"2026-07-10T12:04:14.000+02:00",0.91,0.827771067619324,9.49354615408111,"almost_certain","2p4",NA,51.5644,6.001,FALSE,1,"House Sparrow","Passer domesticus","#d16ff8","avian","https://media.birdweather.com/species/1/HouseSparrow-standard-b861184cf45c092cdb45fd689dd676ef.jpg","https://media.birdweather.com/species/1/HouseSparrow-thumbnail-e9cbc91763a1579de8ef04880678b5e3.jpg","https://media.birdweather.com/species/1/HouseSparrow-png200-125e8603e1efe9d7a18316b94f06a65e.png","XAgCDwD8qpukuHiqtLZ9mImnmPFcDO4E",14144791357,"https://media.birdweather.com/soundscapes/6891/6891-20260710-100414.flac",0,3,"birdnetpi"
9543404734,6891,"2026-07-10T12:03:38.000+02:00",0.85,0.827771067619324,9.35169542393215,"almost_certain","2p4",NA,51.562,6.0029,FALSE,1,"House Sparrow","Passer domesticus","#d16ff8","avian","https://media.birdweather.com/species/1/HouseSparrow-standard-b861184cf45c092cdb45fd689dd676ef.jpg","https://media.birdweather.com/species/1/HouseSparrow-thumbnail-e9cbc91763a1579de8ef04880678b5e3.jpg","https://media.birdweather.com/species/1/HouseSparrow-png200-125e8603e1efe9d7a18316b94f06a65e.png","XAgCDwD8qpukuHiqtLZ9mImnmPFcDO4E",14144777484,"https://media.birdweather.com/soundscapes/6891/6891-20260710-100338.flac",0,3,"birdnetpi"
9543398171,6891,"2026-07-10T12:03:20.000+02:00",0.83,0.827771067619324,9.30094888173008,"almost_certain","2p4",NA,51.5675,6.0072,FALSE,1,"House Sparrow","Passer domesticus","#d16ff8","avian","https://media.birdweather.com/species/1/HouseSparrow-standard-b861184cf45c092cdb45fd689dd676ef.jpg","https://media.birdweather.com/species/1/HouseSparrow-thumbnail-e9cbc91763a1579de8ef04880678b5e3.jpg","https://media.birdweather.com/species/1/HouseSparrow-png200-125e8603e1efe9d7a18316b94f06a65e.png","XAgCDwD8qpukuHiqtLZ9mImnmPFcDO4E",14144768388,"https://media.birdweather.com/soundscapes/6891/6891-20260710-100320.flac",0,3,"birdnetpi"
9543388017,6891,"2026-07-10T12:02:47.000+02:00",0.76,0.827771067619324,9.10688767335373,"almost_certain","2p4",NA,51.5645,6.0054,FALSE,1,"House Sparrow","Passer domesticus","#d16ff8","avian","https://media.birdweather.com/species/1/HouseSparrow-standard-b861184cf45c092cdb45fd689dd676ef.jpg","https://media.birdweather.com/species/1/HouseSparrow-thumbnail-e9cbc91763a1579de8ef04880678b5e3.jpg","https://media.birdweather.com/species/1/HouseSparrow-png200-125e8603e1efe9d7a18316b94f06a65e.png","XAgCDwD8qpukuHiqtLZ9mImnmPFcDO4E",14144754513,"https://media.birdweather.com/soundscapes/6891/6891-20260710-100247.flac",0,3,"birdnetpi"
9543378424,6891,"2026-07-10T12:02:26.000+02:00",0.82,0.827771067619324,9.27485285462022,"almost_certain","2p4",NA,51.5657,6.0069,FALSE,1,"House Sparrow","Passer domesticus","#d16ff8","avian","https://media.birdweather.com/species/1/HouseSparrow-standard-b861184cf45c092cdb45fd689dd676ef.jpg","https://media.birdweather.com/species/1/HouseSparrow-thumbnail-e9cbc91763a1579de8ef04880678b5e3.jpg","https://media.birdweather.com/species/1/HouseSparrow-png200-125e8603e1efe9d7a18316b94f06a65e.png","XAgCDwD8qpukuHiqtLZ9mImnmPFcDO4E",14144741491,"https://media.birdweather.com/soundscapes/6891/6891-20260710-100226.flac",0,3,"birdnetpi"
9543368773,6891,"2026-07-10T12:01:56.000+02:00",0.77,0.827771067619324,9.13635117450645,"almost_certain","2p4",NA,51.5666,6.0089,FALSE,1,"House Sparrow","Passer domesticus","#d16ff8","avian","https://media.birdweather.com/species/1/HouseSparrow-standard-b861184cf45c092cdb45fd689dd676ef.jpg","https://media.birdweather.com/species/1/HouseSparrow-thumbnail-e9cbc91763a1579de8ef04880678b5e3.jpg","https://media.birdweather.com/species/1/HouseSparrow-png200-125e8603e1efe9d7a18316b94f06a65e.png","XAgCDwD8qpukuHiqtLZ9mImnmPFcDO4E",14144728562,"https://media.birdweather.com/soundscapes/6891/6891-20260710-100156.flac",0,3,"birdnetpi"
9543358839,6891,"2026-07-10T12:01:34.000+02:00",0.8,0.827771067619324,9.22112047760023,"almost_certain","2p4",NA,51.5656,6.0069,FALSE,1,"House Sparrow","Passer domesticus","#d16ff8","avian","https://media.birdweather.com/species/1/HouseSparrow-standard-b861184cf45c092cdb45fd689dd676ef.jpg","https://media.birdweather.com/species/1/HouseSparrow-thumbnail-e9cbc91763a1579de8ef04880678b5e3.jpg","https://media.birdweather.com/species/1/HouseSparrow-png200-125e8603e1efe9d7a18316b94f06a65e.png","XAgCDwD8qpukuHiqtLZ9mImnmPFcDO4E",14144715369,"https://media.birdweather.com/soundscapes/6891/6891-20260710-100134.flac",0,3,"birdnetpi"
9543322034,6891,"2026-07-10T11:59:43.000+02:00",0.89,0.660715103149414,9.14318669274929,"almost_certain","2p4",NA,51.5699,6.0057,FALSE,119,"Common House-Martin","Delichon urbicum","#53b1ff","avian","https://media.birdweather.com/species/119/CommonHouse-Martin-standard-9ffbcc688c51210fb136a162c84d82ad.jpg","https://media.birdweather.com/species/119/CommonHouse-Martin-thumbnail-dd7059ca6235347c3097e7a66f04df95.jpg","https://media.birdweather.com/species/119/CommonHouse-Martin-png200-a73a8953ce2af50676da81e70b2746b2.png","YhgKDwKJd4iIiHd/h5h5d4mIeQqVllAH",14144666362,"https://media.birdweather.com/soundscapes/6891/6891-20260710-095943.flac",0,3,"birdnetpi"
9543312720,6891,"2026-07-10T11:59:20.000+02:00",0.84,0.660715103149414,9.02186853839151,"almost_certain","2p4",NA,51.5677,6.0049,FALSE,119,"Common House-Martin","Delichon urbicum","#53b1ff","avian","https://media.birdweather.com/species/119/CommonHouse-Martin-standard-9ffbcc688c51210fb136a162c84d82ad.jpg","https://media.birdweather.com/species/119/CommonHouse-Martin-thumbnail-dd7059ca6235347c3097e7a66f04df95.jpg","https://media.birdweather.com/species/119/CommonHouse-Martin-png200-a73a8953ce2af50676da81e70b2746b2.png","YhgKDwKJd4iIiHd/h5h5d4mIeQqVllAH",14144653870,"https://media.birdweather.com/soundscapes/6891/6891-20260710-095920.flac",0,3,"birdnetpi"
9543304146,6891,"2026-07-10T11:59:02.000+02:00",0.99,0.660715103149414,9.3576863058967,"almost_certain","2p4",NA,51.5648,6.0021,FALSE,119,"Common House-Martin","Delichon urbicum","#53b1ff","avian","https://media.birdweather.com/species/119/CommonHouse-Martin-standard-9ffbcc688c51210fb136a162c84d82ad.jpg","https://media.birdweather.com/species/119/CommonHouse-Martin-thumbnail-dd7059ca6235347c3097e7a66f04df95.jpg","https://media.birdweather.com/species/119/CommonHouse-Martin-png200-a73a8953ce2af50676da81e70b2746b2.png","YhgKDwKJd4iIiHd/h5h5d4mIeQqVllAH",14144642308,"https://media.birdweather.com/soundscapes/6891/6891-20260710-095902.flac",0,3,"birdnetpi"
9543294201,6891,"2026-07-10T11:58:26.000+02:00",0.98,0.660715103149414,9.33768595068972,"almost_certain","2p4",NA,51.5657,6.0081,FALSE,119,"Common House-Martin","Delichon urbicum","#53b1ff","avian","https://media.birdweather.com/species/119/CommonHouse-Martin-standard-9ffbcc688c51210fb136a162c84d82ad.jpg","https://media.birdweather.com/species/119/CommonHouse-Martin-thumbnail-dd7059ca6235347c3097e7a66f04df95.jpg","https://media.birdweather.com/species/119/CommonHouse-Martin-png200-a73a8953ce2af50676da81e70b2746b2.png","YhgKDwKJd4iIiHd/h5h5d4mIeQqVllAH",14144628902,"https://media.birdweather.com/soundscapes/6891/6891-20260710-095826.flac",0,3,"birdnetpi"
9543281176,6891,"2026-07-10T11:57:49.000+02:00",0.95,0.660715103149414,9.27587095435548,"almost_certain","2p4",NA,51.5704,6.0062,FALSE,119,"Common House-Martin","Delichon urbicum","#53b1ff","avian","https://media.birdweather.com/species/119/CommonHouse-Martin-standard-9ffbcc688c51210fb136a162c84d82ad.jpg","https://media.birdweather.com/species/119/CommonHouse-Martin-thumbnail-dd7059ca6235347c3097e7a66f04df95.jpg","https://media.birdweather.com/species/119/CommonHouse-Martin-png200-a73a8953ce2af50676da81e70b2746b2.png","YhgKDwKJd4iIiHd/h5h5d4mIeQqVllAH",14144611593,"https://media.birdweather.com/soundscapes/6891/6891-20260710-095749.flac",0,3,"birdnetpi"
9543280850,6891,"2026-07-10T11:57:47.000+02:00",0.74,0.827771067619324,9.04598875863169,"almost_certain","2p4",NA,51.5692,6.0007,FALSE,1,"House Sparrow","Passer domesticus","#d16ff8","avian","https://media.birdweather.com/species/1/HouseSparrow-standard-b861184cf45c092cdb45fd689dd676ef.jpg","https://media.birdweather.com/species/1/HouseSparrow-thumbnail-e9cbc91763a1579de8ef04880678b5e3.jpg","https://media.birdweather.com/species/1/HouseSparrow-png200-125e8603e1efe9d7a18316b94f06a65e.png","XAgCDwD8qpukuHiqtLZ9mImnmPFcDO4E",14144611108,"https://media.birdweather.com/soundscapes/6891/6891-20260710-095747.flac",0,3,"birdnetpi"
9543256371,6891,"2026-07-10T11:56:40.000+02:00",0.84,0.660715103149414,9.02186853839151,"almost_certain","2p4",NA,51.5646,6.0034,FALSE,119,"Common House-Martin","Delichon urbicum","#53b1ff","avian","https://media.birdweather.com/species/119/CommonHouse-Martin-standard-9ffbcc688c51210fb136a162c84d82ad.jpg","https://media.birdweather.com/species/119/CommonHouse-Martin-thumbnail-dd7059ca6235347c3097e7a66f04df95.jpg","https://media.birdweather.com/species/119/CommonHouse-Martin-png200-a73a8953ce2af50676da81e70b2746b2.png","YhgKDwKJd4iIiHd/h5h5d4mIeQqVllAH",14144578545,"https://media.birdweather.com/soundscapes/6891/6891-20260710-095640.flac",0,3,"birdnetpi"
9543247807,6891,"2026-07-10T11:56:22.000+02:00",0.98,0.827771067619324,9.64237451625493,"almost_certain","2p4",NA,51.5701,6.0063,FALSE,1,"House Sparrow","Passer domesticus","#d16ff8","avian","https://media.birdweather.com/species/1/HouseSparrow-standard-b861184cf45c092cdb45fd689dd676ef.jpg","https://media.birdweather.com/species/1/HouseSparrow-thumbnail-e9cbc91763a1579de8ef04880678b5e3.jpg","https://media.birdweather.com/species/1/HouseSparrow-png200-125e8603e1efe9d7a18316b94f06a65e.png","XAgCDwD8qpukuHiqtLZ9mImnmPFcDO4E",14144567029,"https://media.birdweather.com/soundscapes/6891/6891-20260710-095622.flac",0,3,"birdnetpi"
9543241270,6891,"2026-07-10T11:56:04.000+02:00",0.98,0.827771067619324,9.64237451625493,"almost_certain","2p4",NA,51.5697,6.0074,FALSE,1,"House Sparrow","Passer domesticus","#d16ff8","avian","https://media.birdweather.com/species/1/HouseSparrow-standard-b861184cf45c092cdb45fd689dd676ef.jpg","https://media.birdweather.com/species/1/HouseSparrow-thumbnail-e9cbc91763a1579de8ef04880678b5e3.jpg","https://media.birdweather.com/species/1/HouseSparrow-png200-125e8603e1efe9d7a18316b94f06a65e.png","XAgCDwD8qpukuHiqtLZ9mImnmPFcDO4E",14144558343,"https://media.birdweather.com/soundscapes/6891/6891-20260710-095604.flac",0,3,"birdnetpi"
9543235924,6891,"2026-07-10T11:55:43.000+02:00",0.94,0.660715103149414,9.25463021880121,"almost_certain","2p4",NA,51.569,6.0058,FALSE,119,"Common House-Martin","Delichon urbicum","#53b1ff","avian","https://media.birdweather.com/species/119/CommonHouse-Martin-standard-9ffbcc688c51210fb136a162c84d82ad.jpg","https://media.birdweather.com/species/119/CommonHouse-Martin-thumbnail-dd7059ca6235347c3097e7a66f04df95.jpg","https://media.birdweather.com/species/119/CommonHouse-Martin-png200-a73a8953ce2af50676da81e70b2746b2.png","YhgKDwKJd4iIiHd/h5h5d4mIeQqVllAH",14144551144,"https://media.birdweather.com/soundscapes/6891/6891-20260710-095543.flac",0,3,"birdnetpi"
9543231869,6891,"2026-07-10T11:55:37.000+02:00",0.96,0.827771067619324,9.60147595673987,"almost_certain","2p4",NA,51.5704,6.0034,FALSE,1,"House Sparrow","Passer domesticus","#d16ff8","avian","https://media.birdweather.com/species/1/HouseSparrow-standard-b861184cf45c092cdb45fd689dd676ef.jpg","https://media.birdweather.com/species/1/HouseSparrow-thumbnail-e9cbc91763a1579de8ef04880678b5e3.jpg","https://media.birdweather.com/species/1/HouseSparrow-png200-125e8603e1efe9d7a18316b94f06a65e.png","XAgCDwD8qpukuHiqtLZ9mImnmPFcDO4E",14144545505,"https://media.birdweather.com/soundscapes/6891/6891-20260710-095537.flac",0,3,"birdnetpi"
9543228618,6891,"2026-07-10T11:55:22.000+02:00",0.95,0.660715103149414,9.27587095435548,"almost_certain","2p4",NA,51.5671,6.0006,FALSE,119,"Common House-Martin","Delichon urbicum","#53b1ff","avian","https://media.birdweather.com/species/119/CommonHouse-Martin-standard-9ffbcc688c51210fb136a162c84d82ad.jpg","https://media.birdweather.com/species/119/CommonHouse-Martin-thumbnail-dd7059ca6235347c3097e7a66f04df95.jpg","https://media.birdweather.com/species/119/CommonHouse-Martin-png200-a73a8953ce2af50676da81e70b2746b2.png","YhgKDwKJd4iIiHd/h5h5d4mIeQqVllAH",14144540990,"https://media.birdweather.com/soundscapes/6891/6891-20260710-095522.flac",0,3,"birdnetpi"
9543221122,6891,"2026-07-10T11:55:13.000+02:00",0.85,0.827771067619324,9.35169542393215,"almost_certain","2p4",NA,51.5678,6.0074,FALSE,1,"House Sparrow","Passer domesticus","#d16ff8","avian","https://media.birdweather.com/species/1/HouseSparrow-standard-b861184cf45c092cdb45fd689dd676ef.jpg","https://media.birdweather.com/species/1/HouseSparrow-thumbnail-e9cbc91763a1579de8ef04880678b5e3.jpg","https://media.birdweather.com/species/1/HouseSparrow-png200-125e8603e1efe9d7a18316b94f06a65e.png","XAgCDwD8qpukuHiqtLZ9mImnmPFcDO4E",14144530880,"https://media.birdweather.com/soundscapes/6891/6891-20260710-095513.flac",0,3,"birdnetpi"
9543217222,6891,"2026-07-10T11:54:50.000+02:00",0.96,0.660715103149414,9.29678739117466,"almost_certain","2p4",NA,51.5671,6.0067,FALSE,119,"Common House-Martin","Delichon urbicum","#53b1ff","avian","https://media.birdweather.com/species/119/CommonHouse-Martin-standard-9ffbcc688c51210fb136a162c84d82ad.jpg","https://media.birdweather.com/species/119/CommonHouse-Martin-thumbnail-dd7059ca6235347c3097e7a66f04df95.jpg","https://media.birdweather.com/species/119/CommonHouse-Martin-png200-a73a8953ce2af50676da81e70b2746b2.png","YhgKDwKJd4iIiHd/h5h5d4mIeQqVllAH",14144525661,"https://media.birdweather.com/soundscapes/6891/6891-20260710-095450.flac",0,3,"birdnetpi"
9543210782,6891,"2026-07-10T11:54:32.000+02:00",0.83,0.660715103149414,8.99626031616486,"almost_certain","2p4",NA,51.5626,6.0022,FALSE,119,"Common House-Martin","Delichon urbicum","#53b1ff","avian","https://media.birdweather.com/species/119/CommonHouse-Martin-standard-9ffbcc688c51210fb136a162c84d82ad.jpg","https://media.birdweather.com/species/119/CommonHouse-Martin-thumbnail-dd7059ca6235347c3097e7a66f04df95.jpg","https://media.birdweather.com/species/119/CommonHouse-Martin-png200-a73a8953ce2af50676da81e70b2746b2.png","YhgKDwKJd4iIiHd/h5h5d4mIeQqVllAH",14144517016,"https://media.birdweather.com/soundscapes/6891/6891-20260710-095432.flac",0,3,"birdnetpi"
9543195582,6891,"2026-07-10T11:53:49.000+02:00",0.84,0.660715103149414,9.02186853839151,"almost_certain","2p4",NA,51.5651,6.008,FALSE,119,"Common House-Martin","Delichon urbicum","#53b1ff","avian","https://media.birdweather.com/species/119/CommonHouse-Martin-standard-9ffbcc688c51210fb136a162c84d82ad.jpg","https://media.birdweather.com/species/119/CommonHouse-Martin-thumbnail-dd7059ca6235347c3097e7a66f04df95.jpg","https://media.birdweather.com/species/119/CommonHouse-Martin-png200-a73a8953ce2af50676da81e70b2746b2.png","YhgKDwKJd4iIiHd/h5h5d4mIeQqVllAH",14144496441,"https://media.birdweather.com/soundscapes/6891/6891-20260710-095349.flac",0,3,"birdnetpi"
9543172649,6891,"2026-07-10T11:52:46.000+02:00",0.91,0.827771067619324,9.49354615408111,"almost_certain","2p4",NA,51.5649,6.0064,FALSE,1,"House Sparrow","Passer domesticus","#d16ff8","avian","https://media.birdweather.com/species/1/HouseSparrow-standard-b861184cf45c092cdb45fd689dd676ef.jpg","https://media.birdweather.com/species/1/HouseSparrow-thumbnail-e9cbc91763a1579de8ef04880678b5e3.jpg","https://media.birdweather.com/species/1/HouseSparrow-png200-125e8603e1efe9d7a18316b94f06a65e.png","XAgCDwD8qpukuHiqtLZ9mImnmPFcDO4E",14144465289,"https://media.birdweather.com/soundscapes/6891/6891-20260710-095246.flac",0,3,"birdnetpi"
9543171462,6891,"2026-07-10T11:52:41.000+02:00",0.94,0.660715103149414,9.25463021880121,"almost_certain","2p4",NA,51.565,6.0056,FALSE,119,"Common House-Martin","Delichon urbicum","#53b1ff","avian","https://media.birdweather.com/species/119/CommonHouse-Martin-standard-9ffbcc688c51210fb136a162c84d82ad.jpg","https://media.birdweather.com/species/119/CommonHouse-Martin-thumbnail-dd7059ca6235347c3097e7a66f04df95.jpg","https://media.birdweather.com/species/119/CommonHouse-Martin-png200-a73a8953ce2af50676da81e70b2746b2.png","YhgKDwKJd4iIiHd/h5h5d4mIeQqVllAH",14144463717,"https://media.birdweather.com/soundscapes/6891/6891-20260710-095241.flac",0,3,"birdnetpi"
9543162791,6891,"2026-07-10T11:52:17.000+02:00",0.77,0.827771067619324,9.13635117450645,"almost_certain","2p4",NA,51.5679,6.0042,FALSE,1,"House Sparrow","Passer domesticus","#d16ff8","avian","https://media.birdweather.com/species/1/HouseSparrow-standard-b861184cf45c092cdb45fd689dd676ef.jpg","https://media.birdweather.com/species/1/HouseSparrow-thumbnail-e9cbc91763a1579de8ef04880678b5e3.jpg","https://media.birdweather.com/species/1/HouseSparrow-png200-125e8603e1efe9d7a18316b94f06a65e.png","XAgCDwD8qpukuHiqtLZ9mImnmPFcDO4E",14144451711,"https://media.birdweather.com/soundscapes/6891/6891-20260710-095217.flac",0,3,"birdnetpi"
9543155059,6891,"2026-07-10T11:51:59.000+02:00",0.78,0.827771067619324,9.16519434510748,"almost_certain","2p4",NA,51.5637,6.0065,FALSE,1,"House Sparrow","Passer domesticus","#d16ff8","avian","https://media.birdweather.com/species/1/HouseSparrow-standard-b861184cf45c092cdb45fd689dd676ef.jpg","https://media.birdweather.com/species/1/HouseSparrow-thumbnail-e9cbc91763a1579de8ef04880678b5e3.jpg","https://media.birdweather.com/species/1/HouseSparrow-png200-125e8603e1efe9d7a18316b94f06a65e.png","XAgCDwD8qpukuHiqtLZ9mImnmPFcDO4E",14144441236,"https://media.birdweather.com/soundscapes/6891/6891-20260710-095159.flac",0,3,"birdnetpi"
9543137645,6891,"2026-07-10T11:51:04.000+02:00",0.73,0.827771067619324,9.01449311866385,"almost_certain","2p4",NA,51.5679,6.0057,FALSE,1,"House Sparrow","Passer domesticus","#d16ff8","avian","https://media.birdweather.com/species/1/HouseSparrow-standard-b861184cf45c092cdb45fd689dd676ef.jpg","https://media.birdweather.com/species/1/HouseSparrow-thumbnail-e9cbc91763a1579de8ef04880678b5e3.jpg","https://media.birdweather.com/species/1/HouseSparrow-png200-125e8603e1efe9d7a18316b94f06a65e.png","XAgCDwD8qpukuHiqtLZ9mImnmPFcDO4E",14144417052,"https://media.birdweather.com/soundscapes/6891/6891-20260710-095104.flac",0,3,"birdnetpi"
9543136410,6891,"2026-07-10T11:51:01.000+02:00",0.85,0.660715103149414,9.04700685836694,"almost_certain","2p4",NA,51.568,6.0032,FALSE,119,"Common House-Martin","Delichon urbicum","#53b1ff","avian","https://media.birdweather.com/species/119/CommonHouse-Martin-standard-9ffbcc688c51210fb136a162c84d82ad.jpg","https://media.birdweather.com/species/119/CommonHouse-Martin-thumbnail-dd7059ca6235347c3097e7a66f04df95.jpg","https://media.birdweather.com/species/119/CommonHouse-Martin-png200-a73a8953ce2af50676da81e70b2746b2.png","YhgKDwKJd4iIiHd/h5h5d4mIeQqVllAH",14144415231,"https://media.birdweather.com/soundscapes/6891/6891-20260710-095101.flac",0,3,"birdnetpi"
9543125785,6891,"2026-07-10T11:50:29.000+02:00",0.95,0.695406913757324,9.34496054426955,"almost_certain","2p4",NA,51.5655,6.0046,FALSE,89,"European Goldfinch","Carduelis carduelis","#65dba3","avian","https://media.birdweather.com/species/89/EuropeanGoldfinch-standard-5e709d6e7011b21fe905b6d27ce94b9d.jpg","https://media.birdweather.com/species/89/EuropeanGoldfinch-thumbnail-f99916cbaf5a2c3bd8f61890d18d73c1.jpg","https://media.birdweather.com/species/89/EuropeanGoldfinch-png200-ef3fc90c8328c40b59d9ad3c4b52e850.png","lPgJDwI+UJmHq2hji4dWiHiH2XQID5UC",14144399972,"https://media.birdweather.com/soundscapes/6891/6891-20260710-095029.flac",0,3,"birdnetpi"
9543083766,6891,"2026-07-10T11:48:25.000+02:00",0.79,0.660715103149414,8.88875420301001,"almost_certain","2p4",NA,51.5663,6.0046,FALSE,119,"Common House-Martin","Delichon urbicum","#53b1ff","avian","https://media.birdweather.com/species/119/CommonHouse-Martin-standard-9ffbcc688c51210fb136a162c84d82ad.jpg","https://media.birdweather.com/species/119/CommonHouse-Martin-thumbnail-dd7059ca6235347c3097e7a66f04df95.jpg","https://media.birdweather.com/species/119/CommonHouse-Martin-png200-a73a8953ce2af50676da81e70b2746b2.png","YhgKDwKJd4iIiHd/h5h5d4mIeQqVllAH",14144340833,"https://media.birdweather.com/soundscapes/6891/6891-20260710-094825.flac",0,3,"birdnetpi"
9543078282,6891,"2026-07-10T11:48:09.000+02:00",0.76,0.827771067619324,9.10688767335373,"almost_certain","2p4",NA,51.5687,6.0019,FALSE,1,"House Sparrow","Passer domesticus","#d16ff8","avian","https://media.birdweather.com/species/1/HouseSparrow-standard-b861184cf45c092cdb45fd689dd676ef.jpg","https://media.birdweather.com/species/1/HouseSparrow-thumbnail-e9cbc91763a1579de8ef04880678b5e3.jpg","https://media.birdweather.com/species/1/HouseSparrow-png200-125e8603e1efe9d7a18316b94f06a65e.png","XAgCDwD8qpukuHiqtLZ9mImnmPFcDO4E",14144333140,"https://media.birdweather.com/soundscapes/6891/6891-20260710-094809.flac",0,3,"birdnetpi"
9543060341,6891,"2026-07-10T11:47:28.000+02:00",0.77,0.827771067619324,9.13635117450645,"almost_certain","2p4",NA,51.562,6.0062,FALSE,1,"House Sparrow","Passer domesticus","#d16ff8","avian","https://media.birdweather.com/species/1/HouseSparrow-standard-b861184cf45c092cdb45fd689dd676ef.jpg","https://media.birdweather.com/species/1/HouseSparrow-thumbnail-e9cbc91763a1579de8ef04880678b5e3.jpg","https://media.birdweather.com/species/1/HouseSparrow-png200-125e8603e1efe9d7a18316b94f06a65e.png","XAgCDwD8qpukuHiqtLZ9mImnmPFcDO4E",14144307720,"https://media.birdweather.com/soundscapes/6891/6891-20260710-094728.flac",0,3,"birdnetpi"
9543051571,6891,"2026-07-10T11:46:59.000+02:00",0.88,0.827771067619324,9.42445588461226,"almost_certain","2p4",NA,51.5673,6.0007,FALSE,1,"House Sparrow","Passer domesticus","#d16ff8","avian","https://media.birdweather.com/species/1/HouseSparrow-standard-b861184cf45c092cdb45fd689dd676ef.jpg","https://media.birdweather.com/species/1/HouseSparrow-thumbnail-e9cbc91763a1579de8ef04880678b5e3.jpg","https://media.birdweather.com/species/1/HouseSparrow-png200-125e8603e1efe9d7a18316b94f06a65e.png","XAgCDwD8qpukuHiqtLZ9mImnmPFcDO4E",14144295177,"https://media.birdweather.com/soundscapes/6891/6891-20260710-094659.flac",0,3,"birdnetpi"
9543046268,6891,"2026-07-10T11:46:34.000+02:00",0.78,0.827771067619324,9.16519434510748,"almost_certain","2p4",NA,51.5659,6.0045,FALSE,1,"House Sparrow","Passer domesticus","#d16ff8","avian","https://media.birdweather.com/species/1/HouseSparrow-standard-b861184cf45c092cdb45fd689dd676ef.jpg","https://media.birdweather.com/species/1/HouseSparrow-thumbnail-e9cbc91763a1579de8ef04880678b5e3.jpg","https://media.birdweather.com/species/1/HouseSparrow-png200-125e8603e1efe9d7a18316b94f06a65e.png","XAgCDwD8qpukuHiqtLZ9mImnmPFcDO4E",14144287576,"https://media.birdweather.com/soundscapes/6891/6891-20260710-094634.flac",0,3,"birdnetpi"
9543037070,6891,"2026-07-10T11:46:16.000+02:00",0.85,0.827771067619324,9.35169542393215,"almost_certain","2p4",NA,51.5678,6.0031,FALSE,1,"House Sparrow","Passer domesticus","#d16ff8","avian","https://media.birdweather.com/species/1/HouseSparrow-standard-b861184cf45c092cdb45fd689dd676ef.jpg","https://media.birdweather.com/species/1/HouseSparrow-thumbnail-e9cbc91763a1579de8ef04880678b5e3.jpg","https://media.birdweather.com/species/1/HouseSparrow-png200-125e8603e1efe9d7a18316b94f06a65e.png","XAgCDwD8qpukuHiqtLZ9mImnmPFcDO4E",14144274561,"https://media.birdweather.com/soundscapes/6891/6891-20260710-094616.flac",0,3,"birdnetpi"
9543028100,6891,"2026-07-10T11:45:40.000+02:00",0.74,0.827771067619324,9.04598875863169,"almost_certain","2p4",NA,51.5682,6.0032,FALSE,1,"House Sparrow","Passer domesticus","#d16ff8","avian","https://media.birdweather.com/species/1/HouseSparrow-standard-b861184cf45c092cdb45fd689dd676ef.jpg","https://media.birdweather.com/species/1/HouseSparrow-thumbnail-e9cbc91763a1579de8ef04880678b5e3.jpg","https://media.birdweather.com/species/1/HouseSparrow-png200-125e8603e1efe9d7a18316b94f06a65e.png","XAgCDwD8qpukuHiqtLZ9mImnmPFcDO4E",14144261605,"https://media.birdweather.com/soundscapes/6891/6891-20260710-094540.flac",0,3,"birdnetpi"
9543000417,6891,"2026-07-10T11:44:23.000+02:00",0.99,0.660715103149414,9.3576863058967,"almost_certain","2p4",NA,51.5646,6.0085,FALSE,119,"Common House-Martin","Delichon urbicum","#53b1ff","avian","https://media.birdweather.com/species/119/CommonHouse-Martin-standard-9ffbcc688c51210fb136a162c84d82ad.jpg","https://media.birdweather.com/species/119/CommonHouse-Martin-thumbnail-dd7059ca6235347c3097e7a66f04df95.jpg","https://media.birdweather.com/species/119/CommonHouse-Martin-png200-a73a8953ce2af50676da81e70b2746b2.png","YhgKDwKJd4iIiHd/h5h5d4mIeQqVllAH",14144221580,"https://media.birdweather.com/soundscapes/6891/6891-20260710-094423.flac",0,3,"birdnetpi"
9542887837,6891,"2026-07-10T11:38:37.000+02:00",0.8,0.402777165174484,8.2513838171296,"almost_certain","2p4",NA,51.5648,6.0008,FALSE,44,"Dunnock","Prunella modularis","#fea614","avian","https://media.birdweather.com/species/44/Dunnock-standard-a705d7131240cedd1c407b5a19989591.jpg","https://media.birdweather.com/species/44/Dunnock-thumbnail-1036624855b82c96db4ad23d1ed9d702.jpg","https://media.birdweather.com/species/44/Dunnock-png200-951bb2cdb9ec585716907d8eac83882e.png","lQgGDwB9pneQhHlwWjeK2ZK6d/kdFaUA",14144057700,"https://media.birdweather.com/soundscapes/6891/6891-20260710-093837.flac",0,3,"birdnetpi"
9542877018,6891,"2026-07-10T11:38:01.000+02:00",0.9,0.876010596752167,9.54759914053584,"almost_certain","2p4",NA,51.5676,6.0058,FALSE,551,"Common Swift","Apus apus","#234bb2","avian","https://media.birdweather.com/species/551/CommonSwift-standard-ba54f84fbd8481b1c0de60654fbd79d5.jpg","https://media.birdweather.com/species/551/CommonSwift-thumbnail-bad1d7e3c141990f11d01e49e9f768ac.jpg","https://media.birdweather.com/species/551/CommonSwift-png200-f52bea49cb0e4232049806bde3e1a401.png","LLYFFwLchWelV5dvsqh1jKZoKJIEMkoA",14144041417,"https://media.birdweather.com/soundscapes/6891/6891-20260710-093801.flac",0,3,"birdnetpi"
9542872200,6891,"2026-07-10T11:37:46.000+02:00",0.82,0.402777165174484,8.3051161941496,"almost_certain","2p4",NA,51.5649,6.0061,FALSE,44,"Dunnock","Prunella modularis","#fea614","avian","https://media.birdweather.com/species/44/Dunnock-standard-a705d7131240cedd1c407b5a19989591.jpg","https://media.birdweather.com/species/44/Dunnock-thumbnail-1036624855b82c96db4ad23d1ed9d702.jpg","https://media.birdweather.com/species/44/Dunnock-png200-951bb2cdb9ec585716907d8eac83882e.png","lQgGDwB9pneQhHlwWjeK2ZK6d/kdFaUA",14144034207,"https://media.birdweather.com/soundscapes/6891/6891-20260710-093746.flac",0,3,"birdnetpi"
9542850856,6891,"2026-07-10T11:36:50.000+02:00",0.8,0.827771067619324,9.22112047760023,"almost_certain","2p4",NA,51.5635,6.0059,FALSE,1,"House Sparrow","Passer domesticus","#d16ff8","avian","https://media.birdweather.com/species/1/HouseSparrow-standard-b861184cf45c092cdb45fd689dd676ef.jpg","https://media.birdweather.com/species/1/HouseSparrow-thumbnail-e9cbc91763a1579de8ef04880678b5e3.jpg","https://media.birdweather.com/species/1/HouseSparrow-png200-125e8603e1efe9d7a18316b94f06a65e.png","XAgCDwD8qpukuHiqtLZ9mImnmPFcDO4E",14144002089,"https://media.birdweather.com/soundscapes/6891/6891-20260710-093650.flac",0,3,"birdnetpi"
9542828458,6891,"2026-07-10T11:35:28.000+02:00",0.95,0.876010596752167,9.65725765004858,"almost_certain","2p4",NA,51.5637,6.0049,FALSE,551,"Common Swift","Apus apus","#234bb2","avian","https://media.birdweather.com/species/551/CommonSwift-standard-ba54f84fbd8481b1c0de60654fbd79d5.jpg","https://media.birdweather.com/species/551/CommonSwift-thumbnail-bad1d7e3c141990f11d01e49e9f768ac.jpg","https://media.birdweather.com/species/551/CommonSwift-png200-f52bea49cb0e4232049806bde3e1a401.png","LLYFFwLchWelV5dvsqh1jKZoKJIEMkoA",14143968176,"https://media.birdweather.com/soundscapes/6891/6891-20260710-093528.flac",0,3,"birdnetpi"
9542802138,6891,"2026-07-10T11:34:05.000+02:00",0.71,0.876010596752167,9.02594082167646,"almost_certain","2p4",NA,51.5665,6.0006,FALSE,551,"Common Swift","Apus apus","#234bb2","avian","https://media.birdweather.com/species/551/CommonSwift-standard-ba54f84fbd8481b1c0de60654fbd79d5.jpg","https://media.birdweather.com/species/551/CommonSwift-thumbnail-bad1d7e3c141990f11d01e49e9f768ac.jpg","https://media.birdweather.com/species/551/CommonSwift-png200-f52bea49cb0e4232049806bde3e1a401.png","LLYFFwLchWelV5dvsqh1jKZoKJIEMkoA",14143927990,"https://media.birdweather.com/soundscapes/6891/6891-20260710-093405.flac",0,3,"birdnetpi"
9542793845,6891,"2026-07-10T11:33:40.000+02:00",0.96,0.876010596752167,9.67817408686776,"almost_certain","2p4",NA,51.5695,6.0006,FALSE,551,"Common Swift","Apus apus","#234bb2","avian","https://media.birdweather.com/species/551/CommonSwift-standard-ba54f84fbd8481b1c0de60654fbd79d5.jpg","https://media.birdweather.com/species/551/CommonSwift-thumbnail-bad1d7e3c141990f11d01e49e9f768ac.jpg","https://media.birdweather.com/species/551/CommonSwift-png200-f52bea49cb0e4232049806bde3e1a401.png","LLYFFwLchWelV5dvsqh1jKZoKJIEMkoA",14143915495,"https://media.birdweather.com/soundscapes/6891/6891-20260710-093340.flac",0,3,"birdnetpi"
9542787852,6891,"2026-07-10T11:33:19.000+02:00",0.87,0.876010596752167,9.47732732722489,"almost_certain","2p4",NA,51.5655,6.0042,FALSE,551,"Common Swift","Apus apus","#234bb2","avian","https://media.birdweather.com/species/551/CommonSwift-standard-ba54f84fbd8481b1c0de60654fbd79d5.jpg","https://media.birdweather.com/species/551/CommonSwift-thumbnail-bad1d7e3c141990f11d01e49e9f768ac.jpg","https://media.birdweather.com/species/551/CommonSwift-png200-f52bea49cb0e4232049806bde3e1a401.png","LLYFFwLchWelV5dvsqh1jKZoKJIEMkoA",14143906453,"https://media.birdweather.com/soundscapes/6891/6891-20260710-093319.flac",0,3,"birdnetpi"
9542777548,6891,"2026-07-10T11:32:47.000+02:00",0.89,0.876010596752167,9.52457338844239,"almost_certain","2p4",NA,51.5694,6.0067,FALSE,551,"Common Swift","Apus apus","#234bb2","avian","https://media.birdweather.com/species/551/CommonSwift-standard-ba54f84fbd8481b1c0de60654fbd79d5.jpg","https://media.birdweather.com/species/551/CommonSwift-thumbnail-bad1d7e3c141990f11d01e49e9f768ac.jpg","https://media.birdweather.com/species/551/CommonSwift-png200-f52bea49cb0e4232049806bde3e1a401.png","LLYFFwLchWelV5dvsqh1jKZoKJIEMkoA",14143890653,"https://media.birdweather.com/soundscapes/6891/6891-20260710-093247.flac",0,3,"birdnetpi"
9542761237,6891,"2026-07-10T11:31:54.000+02:00",0.76,0.827771067619324,9.10688767335373,"almost_certain","2p4",NA,51.5682,6.0075,FALSE,1,"House Sparrow","Passer domesticus","#d16ff8","avian","https://media.birdweather.com/species/1/HouseSparrow-standard-b861184cf45c092cdb45fd689dd676ef.jpg","https://media.birdweather.com/species/1/HouseSparrow-thumbnail-e9cbc91763a1579de8ef04880678b5e3.jpg","https://media.birdweather.com/species/1/HouseSparrow-png200-125e8603e1efe9d7a18316b94f06a65e.png","XAgCDwD8qpukuHiqtLZ9mImnmPFcDO4E",14143865770,"https://media.birdweather.com/soundscapes/6891/6891-20260710-093154.flac",0,3,"birdnetpi"
9542751973,6891,"2026-07-10T11:31:34.000+02:00",0.71,0.827771067619324,8.94924269154857,"almost_certain","2p4",NA,51.5645,6.0092,FALSE,1,"House Sparrow","Passer domesticus","#d16ff8","avian","https://media.birdweather.com/species/1/HouseSparrow-standard-b861184cf45c092cdb45fd689dd676ef.jpg","https://media.birdweather.com/species/1/HouseSparrow-thumbnail-e9cbc91763a1579de8ef04880678b5e3.jpg","https://media.birdweather.com/species/1/HouseSparrow-png200-125e8603e1efe9d7a18316b94f06a65e.png","XAgCDwD8qpukuHiqtLZ9mImnmPFcDO4E",14143851922,"https://media.birdweather.com/soundscapes/6891/6891-20260710-093134.flac",0,3,"birdnetpi"
9542753972,6891,"2026-07-10T11:31:31.000+02:00",0.96,0.876010596752167,9.67817408686776,"almost_certain","2p4",NA,51.5646,6.0023,FALSE,551,"Common Swift","Apus apus","#234bb2","avian","https://media.birdweather.com/species/551/CommonSwift-standard-ba54f84fbd8481b1c0de60654fbd79d5.jpg","https://media.birdweather.com/species/551/CommonSwift-thumbnail-bad1d7e3c141990f11d01e49e9f768ac.jpg","https://media.birdweather.com/species/551/CommonSwift-png200-f52bea49cb0e4232049806bde3e1a401.png","LLYFFwLchWelV5dvsqh1jKZoKJIEMkoA",14143854806,"https://media.birdweather.com/soundscapes/6891/6891-20260710-093131.flac",0,3,"birdnetpi"
9542743022,6891,"2026-07-10T11:30:59.000+02:00",0.88,0.827771067619324,9.42445588461226,"almost_certain","2p4",NA,51.5647,6.0032,FALSE,1,"House Sparrow","Passer domesticus","#d16ff8","avian","https://media.birdweather.com/species/1/HouseSparrow-standard-b861184cf45c092cdb45fd689dd676ef.jpg","https://media.birdweather.com/species/1/HouseSparrow-thumbnail-e9cbc91763a1579de8ef04880678b5e3.jpg","https://media.birdweather.com/species/1/HouseSparrow-png200-125e8603e1efe9d7a18316b94f06a65e.png","XAgCDwD8qpukuHiqtLZ9mImnmPFcDO4E",14143838464,"https://media.birdweather.com/soundscapes/6891/6891-20260710-093059.flac",0,3,"birdnetpi"
9542734617,6891,"2026-07-10T11:30:36.000+02:00",0.91,0.827771067619324,9.49354615408111,"almost_certain","2p4",NA,51.5684,6.0048,FALSE,1,"House Sparrow","Passer domesticus","#d16ff8","avian","https://media.birdweather.com/species/1/HouseSparrow-standard-b861184cf45c092cdb45fd689dd676ef.jpg","https://media.birdweather.com/species/1/HouseSparrow-thumbnail-e9cbc91763a1579de8ef04880678b5e3.jpg","https://media.birdweather.com/species/1/HouseSparrow-png200-125e8603e1efe9d7a18316b94f06a65e.png","XAgCDwD8qpukuHiqtLZ9mImnmPFcDO4E",14143825598,"https://media.birdweather.com/soundscapes/6891/6891-20260710-093036.flac",0,3,"birdnetpi"
9542729922,6891,"2026-07-10T11:30:15.000+02:00",0.95,0.660715103149414,9.27587095435548,"almost_certain","2p4",NA,51.5701,6.0022,FALSE,119,"Common House-Martin","Delichon urbicum","#53b1ff","avian","https://media.birdweather.com/species/119/CommonHouse-Martin-standard-9ffbcc688c51210fb136a162c84d82ad.jpg","https://media.birdweather.com/species/119/CommonHouse-Martin-thumbnail-dd7059ca6235347c3097e7a66f04df95.jpg","https://media.birdweather.com/species/119/CommonHouse-Martin-png200-a73a8953ce2af50676da81e70b2746b2.png","YhgKDwKJd4iIiHd/h5h5d4mIeQqVllAH",14143818441,"https://media.birdweather.com/soundscapes/6891/6891-20260710-093015.flac",0,3,"birdnetpi"
9542727865,6891,"2026-07-10T11:30:09.000+02:00",0.72,0.827771067619324,8.98225633721188,"almost_certain","2p4",NA,51.5679,6.0087,FALSE,1,"House Sparrow","Passer domesticus","#d16ff8","avian","https://media.birdweather.com/species/1/HouseSparrow-standard-b861184cf45c092cdb45fd689dd676ef.jpg","https://media.birdweather.com/species/1/HouseSparrow-thumbnail-e9cbc91763a1579de8ef04880678b5e3.jpg","https://media.birdweather.com/species/1/HouseSparrow-png200-125e8603e1efe9d7a18316b94f06a65e.png","XAgCDwD8qpukuHiqtLZ9mImnmPFcDO4E",14143815563,"https://media.birdweather.com/soundscapes/6891/6891-20260710-093009.flac",0,3,"birdnetpi"
9542719430,6891,"2026-07-10T11:29:41.000+02:00",0.89,0.827771067619324,9.4478752583145,"almost_certain","2p4",NA,51.5696,6.0008,FALSE,1,"House Sparrow","Passer domesticus","#d16ff8","avian","https://media.birdweather.com/species/1/HouseSparrow-standard-b861184cf45c092cdb45fd689dd676ef.jpg","https://media.birdweather.com/species/1/HouseSparrow-thumbnail-e9cbc91763a1579de8ef04880678b5e3.jpg","https://media.birdweather.com/species/1/HouseSparrow-png200-125e8603e1efe9d7a18316b94f06a65e.png","XAgCDwD8qpukuHiqtLZ9mImnmPFcDO4E",14143802609,"https://media.birdweather.com/soundscapes/6891/6891-20260710-092941.flac",0,3,"birdnetpi"
9542711091,6891,"2026-07-10T11:29:23.000+02:00",0.77,0.827771067619324,9.13635117450645,"almost_certain","2p4",NA,51.5671,6.0048,FALSE,1,"House Sparrow","Passer domesticus","#d16ff8","avian","https://media.birdweather.com/species/1/HouseSparrow-standard-b861184cf45c092cdb45fd689dd676ef.jpg","https://media.birdweather.com/species/1/HouseSparrow-thumbnail-e9cbc91763a1579de8ef04880678b5e3.jpg","https://media.birdweather.com/species/1/HouseSparrow-png200-125e8603e1efe9d7a18316b94f06a65e.png","XAgCDwD8qpukuHiqtLZ9mImnmPFcDO4E",14143790121,"https://media.birdweather.com/soundscapes/6891/6891-20260710-092923.flac",0,3,"birdnetpi"
9542702932,6891,"2026-07-10T11:29:01.000+02:00",0.8,0.827771067619324,9.22112047760023,"almost_certain","2p4",NA,51.5676,6.0067,FALSE,1,"House Sparrow","Passer domesticus","#d16ff8","avian","https://media.birdweather.com/species/1/HouseSparrow-standard-b861184cf45c092cdb45fd689dd676ef.jpg","https://media.birdweather.com/species/1/HouseSparrow-thumbnail-e9cbc91763a1579de8ef04880678b5e3.jpg","https://media.birdweather.com/species/1/HouseSparrow-png200-125e8603e1efe9d7a18316b94f06a65e.png","XAgCDwD8qpukuHiqtLZ9mImnmPFcDO4E",14143777275,"https://media.birdweather.com/soundscapes/6891/6891-20260710-092901.flac",0,3,"birdnetpi"
9542697260,6891,"2026-07-10T11:28:31.000+02:00",0.93,0.695406913757324,9.30214455966893,"almost_certain","2p4",NA,51.5663,6.0072,FALSE,89,"European Goldfinch","Carduelis carduelis","#65dba3","avian","https://media.birdweather.com/species/89/EuropeanGoldfinch-standard-5e709d6e7011b21fe905b6d27ce94b9d.jpg","https://media.birdweather.com/species/89/EuropeanGoldfinch-thumbnail-f99916cbaf5a2c3bd8f61890d18d73c1.jpg","https://media.birdweather.com/species/89/EuropeanGoldfinch-png200-ef3fc90c8328c40b59d9ad3c4b52e850.png","lPgJDwI+UJmHq2hji4dWiHiH2XQID5UC",14143768608,"https://media.birdweather.com/soundscapes/6891/6891-20260710-092831.flac",0,3,"birdnetpi"
9542689842,6891,"2026-07-10T11:28:07.000+02:00",0.98,0.695406913757324,9.4067755406038,"almost_certain","2p4",NA,51.5663,6.0049,FALSE,89,"European Goldfinch","Carduelis carduelis","#65dba3","avian","https://media.birdweather.com/species/89/EuropeanGoldfinch-standard-5e709d6e7011b21fe905b6d27ce94b9d.jpg","https://media.birdweather.com/species/89/EuropeanGoldfinch-thumbnail-f99916cbaf5a2c3bd8f61890d18d73c1.jpg","https://media.birdweather.com/species/89/EuropeanGoldfinch-png200-ef3fc90c8328c40b59d9ad3c4b52e850.png","lPgJDwI+UJmHq2hji4dWiHiH2XQID5UC",14143757103,"https://media.birdweather.com/soundscapes/6891/6891-20260710-092807.flac",0,3,"birdnetpi"
9542680147,6891,"2026-07-10T11:27:38.000+02:00",0.87,0.827771067619324,9.400629197097,"almost_certain","2p4",NA,51.5675,6.0067,FALSE,1,"House Sparrow","Passer domesticus","#d16ff8","avian","https://media.birdweather.com/species/1/HouseSparrow-standard-b861184cf45c092cdb45fd689dd676ef.jpg","https://media.birdweather.com/species/1/HouseSparrow-thumbnail-e9cbc91763a1579de8ef04880678b5e3.jpg","https://media.birdweather.com/species/1/HouseSparrow-png200-125e8603e1efe9d7a18316b94f06a65e.png","XAgCDwD8qpukuHiqtLZ9mImnmPFcDO4E",14143741904,"https://media.birdweather.com/soundscapes/6891/6891-20260710-092738.flac",0,3,"birdnetpi"
9542630890,6891,"2026-07-10T11:24:51.000+02:00",0.92,0.660715103149414,9.21113450211023,"almost_certain","2p4",NA,51.5641,6.0005,FALSE,119,"Common House-Martin","Delichon urbicum","#53b1ff","avian","https://media.birdweather.com/species/119/CommonHouse-Martin-standard-9ffbcc688c51210fb136a162c84d82ad.jpg","https://media.birdweather.com/species/119/CommonHouse-Martin-thumbnail-dd7059ca6235347c3097e7a66f04df95.jpg","https://media.birdweather.com/species/119/CommonHouse-Martin-png200-a73a8953ce2af50676da81e70b2746b2.png","YhgKDwKJd4iIiHd/h5h5d4mIeQqVllAH",14143663265,"https://media.birdweather.com/soundscapes/6891/6891-20260710-092451.flac",0,3,"birdnetpi"
9542630410,6891,"2026-07-10T11:24:49.000+02:00",0.71,0.695406913757324,8.71364371589743,"almost_certain","2p4",NA,51.5656,6.0083,FALSE,89,"European Goldfinch","Carduelis carduelis","#65dba3","avian","https://media.birdweather.com/species/89/EuropeanGoldfinch-standard-5e709d6e7011b21fe905b6d27ce94b9d.jpg","https://media.birdweather.com/species/89/EuropeanGoldfinch-thumbnail-f99916cbaf5a2c3bd8f61890d18d73c1.jpg","https://media.birdweather.com/species/89/EuropeanGoldfinch-png200-ef3fc90c8328c40b59d9ad3c4b52e850.png","lPgJDwI+UJmHq2hji4dWiHiH2XQID5UC",14143662446,"https://media.birdweather.com/soundscapes/6891/6891-20260710-092449.flac",0,3,"birdnetpi"
9542610424,6891,"2026-07-10T11:23:40.000+02:00",0.96,0.876010596752167,9.67817408686776,"almost_certain","2p4",NA,51.5639,6.0072,FALSE,551,"Common Swift","Apus apus","#234bb2","avian","https://media.birdweather.com/species/551/CommonSwift-standard-ba54f84fbd8481b1c0de60654fbd79d5.jpg","https://media.birdweather.com/species/551/CommonSwift-thumbnail-bad1d7e3c141990f11d01e49e9f768ac.jpg","https://media.birdweather.com/species/551/CommonSwift-png200-f52bea49cb0e4232049806bde3e1a401.png","LLYFFwLchWelV5dvsqh1jKZoKJIEMkoA",14143628979,"https://media.birdweather.com/soundscapes/6891/6891-20260710-092340.flac",0,3,"birdnetpi"
9542564383,6891,"2026-07-10T11:21:01.000+02:00",0.95,0.660715103149414,9.27587095435548,"almost_certain","2p4",NA,51.5654,6.0033,FALSE,119,"Common House-Martin","Delichon urbicum","#53b1ff","avian","https://media.birdweather.com/species/119/CommonHouse-Martin-standard-9ffbcc688c51210fb136a162c84d82ad.jpg","https://media.birdweather.com/species/119/CommonHouse-Martin-thumbnail-dd7059ca6235347c3097e7a66f04df95.jpg","https://media.birdweather.com/species/119/CommonHouse-Martin-png200-a73a8953ce2af50676da81e70b2746b2.png","YhgKDwKJd4iIiHd/h5h5d4mIeQqVllAH",14143553310,"https://media.birdweather.com/soundscapes/6891/6891-20260710-092101.flac",0,3,"birdnetpi"
9542553192,6891,"2026-07-10T11:20:23.000+02:00",0.98,0.876010596752167,9.71907264638282,"almost_certain","2p4",NA,51.5629,6.0018,FALSE,551,"Common Swift","Apus apus","#234bb2","avian","https://media.birdweather.com/species/551/CommonSwift-standard-ba54f84fbd8481b1c0de60654fbd79d5.jpg","https://media.birdweather.com/species/551/CommonSwift-thumbnail-bad1d7e3c141990f11d01e49e9f768ac.jpg","https://media.birdweather.com/species/551/CommonSwift-png200-f52bea49cb0e4232049806bde3e1a401.png","LLYFFwLchWelV5dvsqh1jKZoKJIEMkoA",14143534552,"https://media.birdweather.com/soundscapes/6891/6891-20260710-092023.flac",0,3,"birdnetpi"
9542529994,6891,"2026-07-10T11:19:01.000+02:00",0.94,0.876010596752167,9.63601691449431,"almost_certain","2p4",NA,51.5617,6.0036,FALSE,551,"Common Swift","Apus apus","#234bb2","avian","https://media.birdweather.com/species/551/CommonSwift-standard-ba54f84fbd8481b1c0de60654fbd79d5.jpg","https://media.birdweather.com/species/551/CommonSwift-thumbnail-bad1d7e3c141990f11d01e49e9f768ac.jpg","https://media.birdweather.com/species/551/CommonSwift-png200-f52bea49cb0e4232049806bde3e1a401.png","LLYFFwLchWelV5dvsqh1jKZoKJIEMkoA",14143495856,"https://media.birdweather.com/soundscapes/6891/6891-20260710-091901.flac",0,3,"birdnetpi"
9542517823,6891,"2026-07-10T11:18:21.000+02:00",0.94,0.695406913757324,9.32371980871528,"almost_certain","2p4",NA,51.5626,6.0049,FALSE,89,"European Goldfinch","Carduelis carduelis","#65dba3","avian","https://media.birdweather.com/species/89/EuropeanGoldfinch-standard-5e709d6e7011b21fe905b6d27ce94b9d.jpg","https://media.birdweather.com/species/89/EuropeanGoldfinch-thumbnail-f99916cbaf5a2c3bd8f61890d18d73c1.jpg","https://media.birdweather.com/species/89/EuropeanGoldfinch-png200-ef3fc90c8328c40b59d9ad3c4b52e850.png","lPgJDwI+UJmHq2hji4dWiHiH2XQID5UC",14143475824,"https://media.birdweather.com/soundscapes/6891/6891-20260710-091821.flac",0,3,"birdnetpi"
9542509671,6891,"2026-07-10T11:18:03.000+02:00",0.96,0.695406913757324,9.36587698108873,"almost_certain","2p4",NA,51.5683,6.0037,FALSE,89,"European Goldfinch","Carduelis carduelis","#65dba3","avian","https://media.birdweather.com/species/89/EuropeanGoldfinch-standard-5e709d6e7011b21fe905b6d27ce94b9d.jpg","https://media.birdweather.com/species/89/EuropeanGoldfinch-thumbnail-f99916cbaf5a2c3bd8f61890d18d73c1.jpg","https://media.birdweather.com/species/89/EuropeanGoldfinch-png200-ef3fc90c8328c40b59d9ad3c4b52e850.png","lPgJDwI+UJmHq2hji4dWiHiH2XQID5UC",14143462308,"https://media.birdweather.com/soundscapes/6891/6891-20260710-091803.flac",0,3,"birdnetpi"
9542510818,6891,"2026-07-10T11:17:55.000+02:00",0.95,0.660715103149414,9.27587095435548,"almost_certain","2p4",NA,51.5636,6.0038,FALSE,119,"Common House-Martin","Delichon urbicum","#53b1ff","avian","https://media.birdweather.com/species/119/CommonHouse-Martin-standard-9ffbcc688c51210fb136a162c84d82ad.jpg","https://media.birdweather.com/species/119/CommonHouse-Martin-thumbnail-dd7059ca6235347c3097e7a66f04df95.jpg","https://media.birdweather.com/species/119/CommonHouse-Martin-png200-a73a8953ce2af50676da81e70b2746b2.png","YhgKDwKJd4iIiHd/h5h5d4mIeQqVllAH",14143464280,"https://media.birdweather.com/soundscapes/6891/6891-20260710-091755.flac",0,3,"birdnetpi"
9542494831,6891,"2026-07-10T11:17:00.000+02:00",0.92,0.695406913757324,9.28022409202431,"almost_certain","2p4",NA,51.5617,6.0067,FALSE,89,"European Goldfinch","Carduelis carduelis","#65dba3","avian","https://media.birdweather.com/species/89/EuropeanGoldfinch-standard-5e709d6e7011b21fe905b6d27ce94b9d.jpg","https://media.birdweather.com/species/89/EuropeanGoldfinch-thumbnail-f99916cbaf5a2c3bd8f61890d18d73c1.jpg","https://media.birdweather.com/species/89/EuropeanGoldfinch-png200-ef3fc90c8328c40b59d9ad3c4b52e850.png","lPgJDwI+UJmHq2hji4dWiHiH2XQID5UC",14143437160,"https://media.birdweather.com/soundscapes/6891/6891-20260710-091700.flac",0,3,"birdnetpi"
9542489393,6891,"2026-07-10T11:16:40.000+02:00",0.87,0.9930100440979,9.64725101819229,"almost_certain","2p4",NA,51.5699,6.0011,FALSE,407,"Common Wood-Pigeon","Columba palumbus","#028fb2","avian","https://media.birdweather.com/species/407/CommonWood-Pigeon-standard-5558900260c92622ceef8a812b06518e.jpg","https://media.birdweather.com/species/407/CommonWood-Pigeon-thumbnail-4b86c907c8b82c8af31d566b811dee05.jpg","https://media.birdweather.com/species/407/CommonWood-Pigeon-png200-533b13201573be3895fcec3e61e861b5.png","2ukFHwIHiYeWxnZUiniYZ3h5h6+rCIQH",14143428037,"https://media.birdweather.com/soundscapes/6891/6891-20260710-091640.flac",0,3,"birdnetpi"
9542482017,6891,"2026-07-10T11:16:17.000+02:00",0.95,0.9930100440979,9.82718134101598,"almost_certain","2p4",NA,51.5618,6.0086,FALSE,407,"Common Wood-Pigeon","Columba palumbus","#028fb2","avian","https://media.birdweather.com/species/407/CommonWood-Pigeon-standard-5558900260c92622ceef8a812b06518e.jpg","https://media.birdweather.com/species/407/CommonWood-Pigeon-thumbnail-4b86c907c8b82c8af31d566b811dee05.jpg","https://media.birdweather.com/species/407/CommonWood-Pigeon-png200-533b13201573be3895fcec3e61e861b5.png","2ukFHwIHiYeWxnZUiniYZ3h5h6+rCIQH",14143415652,"https://media.birdweather.com/soundscapes/6891/6891-20260710-091617.flac",0,3,"birdnetpi"
9542481045,6891,"2026-07-10T11:16:12.000+02:00",0.91,0.695406913757324,9.25794717842997,"almost_certain","2p4",NA,51.563,6.0015,FALSE,89,"European Goldfinch","Carduelis carduelis","#65dba3","avian","https://media.birdweather.com/species/89/EuropeanGoldfinch-standard-5e709d6e7011b21fe905b6d27ce94b9d.jpg","https://media.birdweather.com/species/89/EuropeanGoldfinch-thumbnail-f99916cbaf5a2c3bd8f61890d18d73c1.jpg","https://media.birdweather.com/species/89/EuropeanGoldfinch-png200-ef3fc90c8328c40b59d9ad3c4b52e850.png","lPgJDwI+UJmHq2hji4dWiHiH2XQID5UC",14143414274,"https://media.birdweather.com/soundscapes/6891/6891-20260710-091612.flac",0,3,"birdnetpi"
9542474201,6891,"2026-07-10T11:15:45.000+02:00",0.89,0.9930100440979,9.69449707940979,"almost_certain","2p4",NA,51.5664,6.003,FALSE,407,"Common Wood-Pigeon","Columba palumbus","#028fb2","avian","https://media.birdweather.com/species/407/CommonWood-Pigeon-standard-5558900260c92622ceef8a812b06518e.jpg","https://media.birdweather.com/species/407/CommonWood-Pigeon-thumbnail-4b86c907c8b82c8af31d566b811dee05.jpg","https://media.birdweather.com/species/407/CommonWood-Pigeon-png200-533b13201573be3895fcec3e61e861b5.png","2ukFHwIHiYeWxnZUiniYZ3h5h6+rCIQH",14143402241,"https://media.birdweather.com/soundscapes/6891/6891-20260710-091545.flac",0,3,"birdnetpi"
9542473062,6891,"2026-07-10T11:15:43.000+02:00",0.97,0.695406913757324,9.38647887307815,"almost_certain","2p4",NA,51.5702,6.0073,FALSE,89,"European Goldfinch","Carduelis carduelis","#65dba3","avian","https://media.birdweather.com/species/89/EuropeanGoldfinch-standard-5e709d6e7011b21fe905b6d27ce94b9d.jpg","https://media.birdweather.com/species/89/EuropeanGoldfinch-thumbnail-f99916cbaf5a2c3bd8f61890d18d73c1.jpg","https://media.birdweather.com/species/89/EuropeanGoldfinch-png200-ef3fc90c8328c40b59d9ad3c4b52e850.png","lPgJDwI+UJmHq2hji4dWiHiH2XQID5UC",14143400340,"https://media.birdweather.com/soundscapes/6891/6891-20260710-091543.flac",0,3,"birdnetpi"
9542465940,6891,"2026-07-10T11:15:19.000+02:00",0.98,0.695406913757324,9.4067755406038,"almost_certain","2p4",NA,51.5643,6.0025,FALSE,89,"European Goldfinch","Carduelis carduelis","#65dba3","avian","https://media.birdweather.com/species/89/EuropeanGoldfinch-standard-5e709d6e7011b21fe905b6d27ce94b9d.jpg","https://media.birdweather.com/species/89/EuropeanGoldfinch-thumbnail-f99916cbaf5a2c3bd8f61890d18d73c1.jpg","https://media.birdweather.com/species/89/EuropeanGoldfinch-png200-ef3fc90c8328c40b59d9ad3c4b52e850.png","lPgJDwI+UJmHq2hji4dWiHiH2XQID5UC",14143387923,"https://media.birdweather.com/soundscapes/6891/6891-20260710-091519.flac",0,3,"birdnetpi"
9542454633,6891,"2026-07-10T11:14:35.000+02:00",0.97,0.660715103149414,9.31738928316408,"almost_certain","2p4",NA,51.5701,6.0043,FALSE,119,"Common House-Martin","Delichon urbicum","#53b1ff","avian","https://media.birdweather.com/species/119/CommonHouse-Martin-standard-9ffbcc688c51210fb136a162c84d82ad.jpg","https://media.birdweather.com/species/119/CommonHouse-Martin-thumbnail-dd7059ca6235347c3097e7a66f04df95.jpg","https://media.birdweather.com/species/119/CommonHouse-Martin-png200-a73a8953ce2af50676da81e70b2746b2.png","YhgKDwKJd4iIiHd/h5h5d4mIeQqVllAH",14143368440,"https://media.birdweather.com/soundscapes/6891/6891-20260710-091435.flac",0,3,"birdnetpi"
9542453723,6891,"2026-07-10T11:14:33.000+02:00",0.84,0.9930100440979,9.57317892505201,"almost_certain","2p4",NA,51.5695,6.0074,FALSE,407,"Common Wood-Pigeon","Columba palumbus","#028fb2","avian","https://media.birdweather.com/species/407/CommonWood-Pigeon-standard-5558900260c92622ceef8a812b06518e.jpg","https://media.birdweather.com/species/407/CommonWood-Pigeon-thumbnail-4b86c907c8b82c8af31d566b811dee05.jpg","https://media.birdweather.com/species/407/CommonWood-Pigeon-png200-533b13201573be3895fcec3e61e861b5.png","2ukFHwIHiYeWxnZUiniYZ3h5h6+rCIQH",14143366909,"https://media.birdweather.com/soundscapes/6891/6891-20260710-091433.flac",0,3,"birdnetpi"
9542447650,6891,"2026-07-10T11:14:09.000+02:00",0.96,0.660715103149414,9.29678739117466,"almost_certain","2p4",NA,51.5621,6.0015,FALSE,119,"Common House-Martin","Delichon urbicum","#53b1ff","avian","https://media.birdweather.com/species/119/CommonHouse-Martin-standard-9ffbcc688c51210fb136a162c84d82ad.jpg","https://media.birdweather.com/species/119/CommonHouse-Martin-thumbnail-dd7059ca6235347c3097e7a66f04df95.jpg","https://media.birdweather.com/species/119/CommonHouse-Martin-png200-a73a8953ce2af50676da81e70b2746b2.png","YhgKDwKJd4iIiHd/h5h5d4mIeQqVllAH",14143356409,"https://media.birdweather.com/soundscapes/6891/6891-20260710-091409.flac",0,3,"birdnetpi"
9542440646,6891,"2026-07-10T11:13:43.000+02:00",0.8,0.9930100440979,9.46774229869552,"almost_certain","2p4",NA,51.5621,6.009,FALSE,407,"Common Wood-Pigeon","Columba palumbus","#028fb2","avian","https://media.birdweather.com/species/407/CommonWood-Pigeon-standard-5558900260c92622ceef8a812b06518e.jpg","https://media.birdweather.com/species/407/CommonWood-Pigeon-thumbnail-4b86c907c8b82c8af31d566b811dee05.jpg","https://media.birdweather.com/species/407/CommonWood-Pigeon-png200-533b13201573be3895fcec3e61e861b5.png","2ukFHwIHiYeWxnZUiniYZ3h5h6+rCIQH",14143344084,"https://media.birdweather.com/soundscapes/6891/6891-20260710-091343.flac",0,3,"birdnetpi"
9542436615,6891,"2026-07-10T11:13:28.000+02:00",0.96,0.695406913757324,9.36587698108873,"almost_certain","2p4",NA,51.5622,6.0029,FALSE,89,"European Goldfinch","Carduelis carduelis","#65dba3","avian","https://media.birdweather.com/species/89/EuropeanGoldfinch-standard-5e709d6e7011b21fe905b6d27ce94b9d.jpg","https://media.birdweather.com/species/89/EuropeanGoldfinch-thumbnail-f99916cbaf5a2c3bd8f61890d18d73c1.jpg","https://media.birdweather.com/species/89/EuropeanGoldfinch-png200-ef3fc90c8328c40b59d9ad3c4b52e850.png","lPgJDwI+UJmHq2hji4dWiHiH2XQID5UC",14143336919,"https://media.birdweather.com/soundscapes/6891/6891-20260710-091328.flac",0,3,"birdnetpi"
9542434219,6891,"2026-07-10T11:13:19.000+02:00",0.96,0.660715103149414,9.29678739117466,"almost_certain","2p4",NA,51.5696,6.0039,FALSE,119,"Common House-Martin","Delichon urbicum","#53b1ff","avian","https://media.birdweather.com/species/119/CommonHouse-Martin-standard-9ffbcc688c51210fb136a162c84d82ad.jpg","https://media.birdweather.com/species/119/CommonHouse-Martin-thumbnail-dd7059ca6235347c3097e7a66f04df95.jpg","https://media.birdweather.com/species/119/CommonHouse-Martin-png200-a73a8953ce2af50676da81e70b2746b2.png","YhgKDwKJd4iIiHd/h5h5d4mIeQqVllAH",14143332574,"https://media.birdweather.com/soundscapes/6891/6891-20260710-091319.flac",0,3,"birdnetpi"
9542413131,6891,"2026-07-10T11:12:02.000+02:00",0.76,0.660715103149414,8.80219910778852,"almost_certain","2p4",NA,51.5679,6.008,FALSE,119,"Common House-Martin","Delichon urbicum","#53b1ff","avian","https://media.birdweather.com/species/119/CommonHouse-Martin-standard-9ffbcc688c51210fb136a162c84d82ad.jpg","https://media.birdweather.com/species/119/CommonHouse-Martin-thumbnail-dd7059ca6235347c3097e7a66f04df95.jpg","https://media.birdweather.com/species/119/CommonHouse-Martin-png200-a73a8953ce2af50676da81e70b2746b2.png","YhgKDwKJd4iIiHd/h5h5d4mIeQqVllAH",14143295779,"https://media.birdweather.com/soundscapes/6891/6891-20260710-091202.flac",0,3,"birdnetpi"
9542403533,6891,"2026-07-10T11:11:35.000+02:00",0.86,0.827771067619324,9.37638077647082,"almost_certain","2p4",NA,51.5618,6.0034,FALSE,1,"House Sparrow","Passer domesticus","#d16ff8","avian","https://media.birdweather.com/species/1/HouseSparrow-standard-b861184cf45c092cdb45fd689dd676ef.jpg","https://media.birdweather.com/species/1/HouseSparrow-thumbnail-e9cbc91763a1579de8ef04880678b5e3.jpg","https://media.birdweather.com/species/1/HouseSparrow-png200-125e8603e1efe9d7a18316b94f06a65e.png","XAgCDwD8qpukuHiqtLZ9mImnmPFcDO4E",14143279063,"https://media.birdweather.com/soundscapes/6891/6891-20260710-091135.flac",0,3,"birdnetpi"
9542392549,6891,"2026-07-10T11:10:47.000+02:00",0.92,0.660715103149414,9.21113450211023,"almost_certain","2p4",NA,51.5658,6.0078,FALSE,119,"Common House-Martin","Delichon urbicum","#53b1ff","avian","https://media.birdweather.com/species/119/CommonHouse-Martin-standard-9ffbcc688c51210fb136a162c84d82ad.jpg","https://media.birdweather.com/species/119/CommonHouse-Martin-thumbnail-dd7059ca6235347c3097e7a66f04df95.jpg","https://media.birdweather.com/species/119/CommonHouse-Martin-png200-a73a8953ce2af50676da81e70b2746b2.png","YhgKDwKJd4iIiHd/h5h5d4mIeQqVllAH",14143260027,"https://media.birdweather.com/soundscapes/6891/6891-20260710-091047.flac",0,3,"birdnetpi"
9542385702,6891,"2026-07-10T11:10:22.000+02:00",0.72,0.660715103149414,8.67756777164667,"almost_certain","2p4",NA,51.5634,6.0028,FALSE,119,"Common House-Martin","Delichon urbicum","#53b1ff","avian","https://media.birdweather.com/species/119/CommonHouse-Martin-standard-9ffbcc688c51210fb136a162c84d82ad.jpg","https://media.birdweather.com/species/119/CommonHouse-Martin-thumbnail-dd7059ca6235347c3097e7a66f04df95.jpg","https://media.birdweather.com/species/119/CommonHouse-Martin-png200-a73a8953ce2af50676da81e70b2746b2.png","YhgKDwKJd4iIiHd/h5h5d4mIeQqVllAH",14143248313,"https://media.birdweather.com/soundscapes/6891/6891-20260710-091022.flac",0,3,"birdnetpi"
9542349159,6891,"2026-07-10T11:08:10.000+02:00",0.97,0.660715103149414,9.31738928316408,"almost_certain","2p4",NA,51.5679,6.0032,FALSE,119,"Common House-Martin","Delichon urbicum","#53b1ff","avian","https://media.birdweather.com/species/119/CommonHouse-Martin-standard-9ffbcc688c51210fb136a162c84d82ad.jpg","https://media.birdweather.com/species/119/CommonHouse-Martin-thumbnail-dd7059ca6235347c3097e7a66f04df95.jpg","https://media.birdweather.com/species/119/CommonHouse-Martin-png200-a73a8953ce2af50676da81e70b2746b2.png","YhgKDwKJd4iIiHd/h5h5d4mIeQqVllAH",14143184530,"https://media.birdweather.com/soundscapes/6891/6891-20260710-090810.flac",0,3,"birdnetpi"
9542343583,6891,"2026-07-10T11:08:00.000+02:00",0.94,0.660715103149414,9.25463021880121,"almost_certain","2p4",NA,51.5651,6.0064,FALSE,119,"Common House-Martin","Delichon urbicum","#53b1ff","avian","https://media.birdweather.com/species/119/CommonHouse-Martin-standard-9ffbcc688c51210fb136a162c84d82ad.jpg","https://media.birdweather.com/species/119/CommonHouse-Martin-thumbnail-dd7059ca6235347c3097e7a66f04df95.jpg","https://media.birdweather.com/species/119/CommonHouse-Martin-png200-a73a8953ce2af50676da81e70b2746b2.png","YhgKDwKJd4iIiHd/h5h5d4mIeQqVllAH",14143174493,"https://media.birdweather.com/soundscapes/6891/6891-20260710-090800.flac",0,3,"birdnetpi"
9542320268,6891,"2026-07-10T11:06:33.000+02:00",0.96,0.159493267536163,7.41230957201862,"almost_certain","2p4",NA,51.5659,6.0023,FALSE,143,"Eurasian Oystercatcher","Haematopus ostralegus","#ca8600","avian","https://media.birdweather.com/species/143/EurasianOystercatcher-standard-de054f6108c9ec46b2430e18a3a05899.jpg","https://media.birdweather.com/species/143/EurasianOystercatcher-thumbnail-30dda908d192acf9a6ba366e2d58599a.jpg","https://media.birdweather.com/species/143/EurasianOystercatcher-png200-eaade4c821880831fc0130856cf4cad3.png","3vcRFwKHd4mAiHeCdth4eIeIhYD5CocK",14143133619,"https://media.birdweather.com/soundscapes/6891/6891-20260710-090633.flac",0,3,"birdnetpi"
9542229263,6891,"2026-07-10T11:00:29.000+02:00",0.85,0.827771067619324,9.35169542393215,"almost_certain","2p4",NA,51.5617,6.0032,FALSE,1,"House Sparrow","Passer domesticus","#d16ff8","avian","https://media.birdweather.com/species/1/HouseSparrow-standard-b861184cf45c092cdb45fd689dd676ef.jpg","https://media.birdweather.com/species/1/HouseSparrow-thumbnail-e9cbc91763a1579de8ef04880678b5e3.jpg","https://media.birdweather.com/species/1/HouseSparrow-png200-125e8603e1efe9d7a18316b94f06a65e.png","XAgCDwD8qpukuHiqtLZ9mImnmPFcDO4E",14142965754,"https://media.birdweather.com/soundscapes/6891/6891-20260710-090029.flac",0,3,"birdnetpi"
9542218801,6891,"2026-07-10T10:59:49.000+02:00",0.84,0.660715103149414,9.02186853839151,"almost_certain","2p4",NA,51.5668,6.002,FALSE,119,"Common House-Martin","Delichon urbicum","#53b1ff","avian","https://media.birdweather.com/species/119/CommonHouse-Martin-standard-9ffbcc688c51210fb136a162c84d82ad.jpg","https://media.birdweather.com/species/119/CommonHouse-Martin-thumbnail-dd7059ca6235347c3097e7a66f04df95.jpg","https://media.birdweather.com/species/119/CommonHouse-Martin-png200-a73a8953ce2af50676da81e70b2746b2.png","YhgKDwKJd4iIiHd/h5h5d4mIeQqVllAH",14142946021,"https://media.birdweather.com/soundscapes/6891/6891-20260710-085949.flac",0,3,"birdnetpi"
9542196000,6891,"2026-07-10T10:58:19.000+02:00",0.85,0.9930100440979,9.59831724502744,"almost_certain","2p4",NA,51.5648,6.0093,FALSE,407,"Common Wood-Pigeon","Columba palumbus","#028fb2","avian","https://media.birdweather.com/species/407/CommonWood-Pigeon-standard-5558900260c92622ceef8a812b06518e.jpg","https://media.birdweather.com/species/407/CommonWood-Pigeon-thumbnail-4b86c907c8b82c8af31d566b811dee05.jpg","https://media.birdweather.com/species/407/CommonWood-Pigeon-png200-533b13201573be3895fcec3e61e861b5.png","2ukFHwIHiYeWxnZUiniYZ3h5h6+rCIQH",14142903162,"https://media.birdweather.com/soundscapes/6891/6891-20260710-085819.flac",0,3,"birdnetpi"
9542171037,6891,"2026-07-10T10:56:40.000+02:00",0.8,0.827771067619324,9.22112047760023,"almost_certain","2p4",NA,51.5694,6.0006,FALSE,1,"House Sparrow","Passer domesticus","#d16ff8","avian","https://media.birdweather.com/species/1/HouseSparrow-standard-b861184cf45c092cdb45fd689dd676ef.jpg","https://media.birdweather.com/species/1/HouseSparrow-thumbnail-e9cbc91763a1579de8ef04880678b5e3.jpg","https://media.birdweather.com/species/1/HouseSparrow-png200-125e8603e1efe9d7a18316b94f06a65e.png","XAgCDwD8qpukuHiqtLZ9mImnmPFcDO4E",14142855942,"https://media.birdweather.com/soundscapes/6891/6891-20260710-085640.flac",0,3,"birdnetpi"
9542163793,6891,"2026-07-10T10:56:12.000+02:00",0.92,0.827771067619324,9.51582306767544,"almost_certain","2p4",NA,51.5676,6.0056,FALSE,1,"House Sparrow","Passer domesticus","#d16ff8","avian","https://media.birdweather.com/species/1/HouseSparrow-standard-b861184cf45c092cdb45fd689dd676ef.jpg","https://media.birdweather.com/species/1/HouseSparrow-thumbnail-e9cbc91763a1579de8ef04880678b5e3.jpg","https://media.birdweather.com/species/1/HouseSparrow-png200-125e8603e1efe9d7a18316b94f06a65e.png","XAgCDwD8qpukuHiqtLZ9mImnmPFcDO4E",14142842247,"https://media.birdweather.com/soundscapes/6891/6891-20260710-085612.flac",0,3,"birdnetpi"
9542136987,6891,"2026-07-10T10:54:25.000+02:00",0.94,0.660715103149414,9.25463021880121,"almost_certain","2p4",NA,51.5621,6.0079,FALSE,119,"Common House-Martin","Delichon urbicum","#53b1ff","avian","https://media.birdweather.com/species/119/CommonHouse-Martin-standard-9ffbcc688c51210fb136a162c84d82ad.jpg","https://media.birdweather.com/species/119/CommonHouse-Martin-thumbnail-dd7059ca6235347c3097e7a66f04df95.jpg","https://media.birdweather.com/species/119/CommonHouse-Martin-png200-a73a8953ce2af50676da81e70b2746b2.png","YhgKDwKJd4iIiHd/h5h5d4mIeQqVllAH",14142792187,"https://media.birdweather.com/soundscapes/6891/6891-20260710-085425.flac",0,3,"birdnetpi"
9542130213,6891,"2026-07-10T10:54:05.000+02:00",0.95,0.660715103149414,9.27587095435548,"almost_certain","2p4",NA,51.5655,6.0053,FALSE,119,"Common House-Martin","Delichon urbicum","#53b1ff","avian","https://media.birdweather.com/species/119/CommonHouse-Martin-standard-9ffbcc688c51210fb136a162c84d82ad.jpg","https://media.birdweather.com/species/119/CommonHouse-Martin-thumbnail-dd7059ca6235347c3097e7a66f04df95.jpg","https://media.birdweather.com/species/119/CommonHouse-Martin-png200-a73a8953ce2af50676da81e70b2746b2.png","YhgKDwKJd4iIiHd/h5h5d4mIeQqVllAH",14142778761,"https://media.birdweather.com/soundscapes/6891/6891-20260710-085405.flac",0,3,"birdnetpi"
9542126048,6891,"2026-07-10T10:53:40.000+02:00",0.83,0.660715103149414,8.99626031616486,"almost_certain","2p4",NA,51.5694,6.002,FALSE,119,"Common House-Martin","Delichon urbicum","#53b1ff","avian","https://media.birdweather.com/species/119/CommonHouse-Martin-standard-9ffbcc688c51210fb136a162c84d82ad.jpg","https://media.birdweather.com/species/119/CommonHouse-Martin-thumbnail-dd7059ca6235347c3097e7a66f04df95.jpg","https://media.birdweather.com/species/119/CommonHouse-Martin-png200-a73a8953ce2af50676da81e70b2746b2.png","YhgKDwKJd4iIiHd/h5h5d4mIeQqVllAH",14142770690,"https://media.birdweather.com/soundscapes/6891/6891-20260710-085340.flac",0,3,"birdnetpi"
9542118363,6891,"2026-07-10T10:53:13.000+02:00",0.78,0.827771067619324,9.16519434510748,"almost_certain","2p4",NA,51.5655,6.0027,FALSE,1,"House Sparrow","Passer domesticus","#d16ff8","avian","https://media.birdweather.com/species/1/HouseSparrow-standard-b861184cf45c092cdb45fd689dd676ef.jpg","https://media.birdweather.com/species/1/HouseSparrow-thumbnail-e9cbc91763a1579de8ef04880678b5e3.jpg","https://media.birdweather.com/species/1/HouseSparrow-png200-125e8603e1efe9d7a18316b94f06a65e.png","XAgCDwD8qpukuHiqtLZ9mImnmPFcDO4E",14142756435,"https://media.birdweather.com/soundscapes/6891/6891-20260710-085313.flac",0,3,"birdnetpi"
9542113070,6891,"2026-07-10T10:52:56.000+02:00",0.88,0.827771067619324,9.42445588461226,"almost_certain","2p4",NA,51.5633,6.0065,FALSE,1,"House Sparrow","Passer domesticus","#d16ff8","avian","https://media.birdweather.com/species/1/HouseSparrow-standard-b861184cf45c092cdb45fd689dd676ef.jpg","https://media.birdweather.com/species/1/HouseSparrow-thumbnail-e9cbc91763a1579de8ef04880678b5e3.jpg","https://media.birdweather.com/species/1/HouseSparrow-png200-125e8603e1efe9d7a18316b94f06a65e.png","XAgCDwD8qpukuHiqtLZ9mImnmPFcDO4E",14142746476,"https://media.birdweather.com/soundscapes/6891/6891-20260710-085256.flac",0,3,"birdnetpi"
9542106316,6891,"2026-07-10T10:52:22.000+02:00",0.88,0.827771067619324,9.42445588461226,"almost_certain","2p4",NA,51.5691,6.0062,FALSE,1,"House Sparrow","Passer domesticus","#d16ff8","avian","https://media.birdweather.com/species/1/HouseSparrow-standard-b861184cf45c092cdb45fd689dd676ef.jpg","https://media.birdweather.com/species/1/HouseSparrow-thumbnail-e9cbc91763a1579de8ef04880678b5e3.jpg","https://media.birdweather.com/species/1/HouseSparrow-png200-125e8603e1efe9d7a18316b94f06a65e.png","XAgCDwD8qpukuHiqtLZ9mImnmPFcDO4E",14142733545,"https://media.birdweather.com/soundscapes/6891/6891-20260710-085222.flac",0,3,"birdnetpi"
9542099539,6891,"2026-07-10T10:52:01.000+02:00",0.88,0.827771067619324,9.42445588461226,"almost_certain","2p4",NA,51.5682,6.0057,FALSE,1,"House Sparrow","Passer domesticus","#d16ff8","avian","https://media.birdweather.com/species/1/HouseSparrow-standard-b861184cf45c092cdb45fd689dd676ef.jpg","https://media.birdweather.com/species/1/HouseSparrow-thumbnail-e9cbc91763a1579de8ef04880678b5e3.jpg","https://media.birdweather.com/species/1/HouseSparrow-png200-125e8603e1efe9d7a18316b94f06a65e.png","XAgCDwD8qpukuHiqtLZ9mImnmPFcDO4E",14142720653,"https://media.birdweather.com/soundscapes/6891/6891-20260710-085201.flac",0,3,"birdnetpi"
9542079881,6891,"2026-07-10T10:50:34.000+02:00",0.96,0.660715103149414,9.29678739117466,"almost_certain","2p4",NA,51.566,6.0019,FALSE,119,"Common House-Martin","Delichon urbicum","#53b1ff","avian","https://media.birdweather.com/species/119/CommonHouse-Martin-standard-9ffbcc688c51210fb136a162c84d82ad.jpg","https://media.birdweather.com/species/119/CommonHouse-Martin-thumbnail-dd7059ca6235347c3097e7a66f04df95.jpg","https://media.birdweather.com/species/119/CommonHouse-Martin-png200-a73a8953ce2af50676da81e70b2746b2.png","YhgKDwKJd4iIiHd/h5h5d4mIeQqVllAH",14142682129,"https://media.birdweather.com/soundscapes/6891/6891-20260710-085034.flac",0,3,"birdnetpi"
9542073644,6891,"2026-07-10T10:50:09.000+02:00",0.79,0.660715103149414,8.88875420301001,"almost_certain","2p4",NA,51.5682,6.001,FALSE,119,"Common House-Martin","Delichon urbicum","#53b1ff","avian","https://media.birdweather.com/species/119/CommonHouse-Martin-standard-9ffbcc688c51210fb136a162c84d82ad.jpg","https://media.birdweather.com/species/119/CommonHouse-Martin-thumbnail-dd7059ca6235347c3097e7a66f04df95.jpg","https://media.birdweather.com/species/119/CommonHouse-Martin-png200-a73a8953ce2af50676da81e70b2746b2.png","YhgKDwKJd4iIiHd/h5h5d4mIeQqVllAH",14142670250,"https://media.birdweather.com/soundscapes/6891/6891-20260710-085009.flac",0,3,"birdnetpi"
9542068979,6891,"2026-07-10T10:49:51.000+02:00",0.97,0.876010596752167,9.69877597885718,"almost_certain","2p4",NA,51.5625,6.0055,FALSE,551,"Common Swift","Apus apus","#234bb2","avian","https://media.birdweather.com/species/551/CommonSwift-standard-ba54f84fbd8481b1c0de60654fbd79d5.jpg","https://media.birdweather.com/species/551/CommonSwift-thumbnail-bad1d7e3c141990f11d01e49e9f768ac.jpg","https://media.birdweather.com/species/551/CommonSwift-png200-f52bea49cb0e4232049806bde3e1a401.png","LLYFFwLchWelV5dvsqh1jKZoKJIEMkoA",14142660755,"https://media.birdweather.com/soundscapes/6891/6891-20260710-084951.flac",0,3,"birdnetpi"
9542066503,6891,"2026-07-10T10:49:38.000+02:00",0.94,0.660715103149414,9.25463021880121,"almost_certain","2p4",NA,51.5647,6.0058,FALSE,119,"Common House-Martin","Delichon urbicum","#53b1ff","avian","https://media.birdweather.com/species/119/CommonHouse-Martin-standard-9ffbcc688c51210fb136a162c84d82ad.jpg","https://media.birdweather.com/species/119/CommonHouse-Martin-thumbnail-dd7059ca6235347c3097e7a66f04df95.jpg","https://media.birdweather.com/species/119/CommonHouse-Martin-png200-a73a8953ce2af50676da81e70b2746b2.png","YhgKDwKJd4iIiHd/h5h5d4mIeQqVllAH",14142655867,"https://media.birdweather.com/soundscapes/6891/6891-20260710-084938.flac",0,3,"birdnetpi"
9542062077,6891,"2026-07-10T10:49:22.000+02:00",0.96,0.660715103149414,9.29678739117466,"almost_certain","2p4",NA,51.5656,6.0011,FALSE,119,"Common House-Martin","Delichon urbicum","#53b1ff","avian","https://media.birdweather.com/species/119/CommonHouse-Martin-standard-9ffbcc688c51210fb136a162c84d82ad.jpg","https://media.birdweather.com/species/119/CommonHouse-Martin-thumbnail-dd7059ca6235347c3097e7a66f04df95.jpg","https://media.birdweather.com/species/119/CommonHouse-Martin-png200-a73a8953ce2af50676da81e70b2746b2.png","YhgKDwKJd4iIiHd/h5h5d4mIeQqVllAH",14142647290,"https://media.birdweather.com/soundscapes/6891/6891-20260710-084922.flac",0,3,"birdnetpi"
9542060175,6891,"2026-07-10T10:49:19.000+02:00",0.89,0.9930100440979,9.69449707940979,"almost_certain","2p4",NA,51.5665,6.0044,FALSE,407,"Common Wood-Pigeon","Columba palumbus","#028fb2","avian","https://media.birdweather.com/species/407/CommonWood-Pigeon-standard-5558900260c92622ceef8a812b06518e.jpg","https://media.birdweather.com/species/407/CommonWood-Pigeon-thumbnail-4b86c907c8b82c8af31d566b811dee05.jpg","https://media.birdweather.com/species/407/CommonWood-Pigeon-png200-533b13201573be3895fcec3e61e861b5.png","2ukFHwIHiYeWxnZUiniYZ3h5h6+rCIQH",14142643531,"https://media.birdweather.com/soundscapes/6891/6891-20260710-084919.flac",0,3,"birdnetpi"
9542054456,6891,"2026-07-10T10:48:50.000+02:00",0.98,0.660715103149414,9.33768595068972,"almost_certain","2p4",NA,51.5663,6.0025,FALSE,119,"Common House-Martin","Delichon urbicum","#53b1ff","avian","https://media.birdweather.com/species/119/CommonHouse-Martin-standard-9ffbcc688c51210fb136a162c84d82ad.jpg","https://media.birdweather.com/species/119/CommonHouse-Martin-thumbnail-dd7059ca6235347c3097e7a66f04df95.jpg","https://media.birdweather.com/species/119/CommonHouse-Martin-png200-a73a8953ce2af50676da81e70b2746b2.png","YhgKDwKJd4iIiHd/h5h5d4mIeQqVllAH",14142632512,"https://media.birdweather.com/soundscapes/6891/6891-20260710-084850.flac",0,3,"birdnetpi"
9542048396,6891,"2026-07-10T10:48:25.000+02:00",0.94,0.660715103149414,9.25463021880121,"almost_certain","2p4",NA,51.5625,6.0015,FALSE,119,"Common House-Martin","Delichon urbicum","#53b1ff","avian","https://media.birdweather.com/species/119/CommonHouse-Martin-standard-9ffbcc688c51210fb136a162c84d82ad.jpg","https://media.birdweather.com/species/119/CommonHouse-Martin-thumbnail-dd7059ca6235347c3097e7a66f04df95.jpg","https://media.birdweather.com/species/119/CommonHouse-Martin-png200-a73a8953ce2af50676da81e70b2746b2.png","YhgKDwKJd4iIiHd/h5h5d4mIeQqVllAH",14142620611,"https://media.birdweather.com/soundscapes/6891/6891-20260710-084825.flac",0,3,"birdnetpi"
9542047461,6891,"2026-07-10T10:48:22.000+02:00",0.99,0.876010596752167,9.7390730015898,"almost_certain","2p4",NA,51.5657,6.0038,FALSE,551,"Common Swift","Apus apus","#234bb2","avian","https://media.birdweather.com/species/551/CommonSwift-standard-ba54f84fbd8481b1c0de60654fbd79d5.jpg","https://media.birdweather.com/species/551/CommonSwift-thumbnail-bad1d7e3c141990f11d01e49e9f768ac.jpg","https://media.birdweather.com/species/551/CommonSwift-png200-f52bea49cb0e4232049806bde3e1a401.png","LLYFFwLchWelV5dvsqh1jKZoKJIEMkoA",14142618673,"https://media.birdweather.com/soundscapes/6891/6891-20260710-084822.flac",0,3,"birdnetpi"
9542046994,6891,"2026-07-10T10:48:19.000+02:00",0.95,0.9930100440979,9.82718134101598,"almost_certain","2p4",NA,51.5639,6.0088,FALSE,407,"Common Wood-Pigeon","Columba palumbus","#028fb2","avian","https://media.birdweather.com/species/407/CommonWood-Pigeon-standard-5558900260c92622ceef8a812b06518e.jpg","https://media.birdweather.com/species/407/CommonWood-Pigeon-thumbnail-4b86c907c8b82c8af31d566b811dee05.jpg","https://media.birdweather.com/species/407/CommonWood-Pigeon-png200-533b13201573be3895fcec3e61e861b5.png","2ukFHwIHiYeWxnZUiniYZ3h5h6+rCIQH",14142617802,"https://media.birdweather.com/soundscapes/6891/6891-20260710-084819.flac",0,3,"birdnetpi"
9542044134,6891,"2026-07-10T10:48:13.000+02:00",0.97,0.660715103149414,9.31738928316408,"almost_certain","2p4",NA,51.5615,6.0083,FALSE,119,"Common House-Martin","Delichon urbicum","#53b1ff","avian","https://media.birdweather.com/species/119/CommonHouse-Martin-standard-9ffbcc688c51210fb136a162c84d82ad.jpg","https://media.birdweather.com/species/119/CommonHouse-Martin-thumbnail-dd7059ca6235347c3097e7a66f04df95.jpg","https://media.birdweather.com/species/119/CommonHouse-Martin-png200-a73a8953ce2af50676da81e70b2746b2.png","YhgKDwKJd4iIiHd/h5h5d4mIeQqVllAH",14142612129,"https://media.birdweather.com/soundscapes/6891/6891-20260710-084813.flac",0,3,"birdnetpi"
9542037634,6891,"2026-07-10T10:47:47.000+02:00",0.92,0.9930100440979,9.76244488877073,"almost_certain","2p4",NA,51.5657,6.007,FALSE,407,"Common Wood-Pigeon","Columba palumbus","#028fb2","avian","https://media.birdweather.com/species/407/CommonWood-Pigeon-standard-5558900260c92622ceef8a812b06518e.jpg","https://media.birdweather.com/species/407/CommonWood-Pigeon-thumbnail-4b86c907c8b82c8af31d566b811dee05.jpg","https://media.birdweather.com/species/407/CommonWood-Pigeon-png200-533b13201573be3895fcec3e61e861b5.png","2ukFHwIHiYeWxnZUiniYZ3h5h6+rCIQH",14142599170,"https://media.birdweather.com/soundscapes/6891/6891-20260710-084747.flac",0,3,"birdnetpi"
9542038130,6891,"2026-07-10T10:47:42.000+02:00",0.86,0.660715103149414,9.07169221090561,"almost_certain","2p4",NA,51.5664,6.0061,FALSE,119,"Common House-Martin","Delichon urbicum","#53b1ff","avian","https://media.birdweather.com/species/119/CommonHouse-Martin-standard-9ffbcc688c51210fb136a162c84d82ad.jpg","https://media.birdweather.com/species/119/CommonHouse-Martin-thumbnail-dd7059ca6235347c3097e7a66f04df95.jpg","https://media.birdweather.com/species/119/CommonHouse-Martin-png200-a73a8953ce2af50676da81e70b2746b2.png","YhgKDwKJd4iIiHd/h5h5d4mIeQqVllAH",14142600123,"https://media.birdweather.com/soundscapes/6891/6891-20260710-084742.flac",0,3,"birdnetpi"
9542023487,6891,"2026-07-10T10:46:46.000+02:00",0.89,0.9930100440979,9.69449707940979,"almost_certain","2p4",NA,51.5662,6.0057,FALSE,407,"Common Wood-Pigeon","Columba palumbus","#028fb2","avian","https://media.birdweather.com/species/407/CommonWood-Pigeon-standard-5558900260c92622ceef8a812b06518e.jpg","https://media.birdweather.com/species/407/CommonWood-Pigeon-thumbnail-4b86c907c8b82c8af31d566b811dee05.jpg","https://media.birdweather.com/species/407/CommonWood-Pigeon-png200-533b13201573be3895fcec3e61e861b5.png","2ukFHwIHiYeWxnZUiniYZ3h5h6+rCIQH",14142571408,"https://media.birdweather.com/soundscapes/6891/6891-20260710-084646.flac",0,3,"birdnetpi"
9542012630,6891,"2026-07-10T10:45:57.000+02:00",0.93,0.876010596752167,9.61444166544796,"almost_certain","2p4",NA,51.5677,6.0082,FALSE,551,"Common Swift","Apus apus","#234bb2","avian","https://media.birdweather.com/species/551/CommonSwift-standard-ba54f84fbd8481b1c0de60654fbd79d5.jpg","https://media.birdweather.com/species/551/CommonSwift-thumbnail-bad1d7e3c141990f11d01e49e9f768ac.jpg","https://media.birdweather.com/species/551/CommonSwift-png200-f52bea49cb0e4232049806bde3e1a401.png","LLYFFwLchWelV5dvsqh1jKZoKJIEMkoA",14142550053,"https://media.birdweather.com/soundscapes/6891/6891-20260710-084557.flac",0,3,"birdnetpi"
9542002332,6891,"2026-07-10T10:45:13.000+02:00",0.74,0.660715103149414,8.74130019306647,"almost_certain","2p4",NA,51.5664,6.0015,FALSE,119,"Common House-Martin","Delichon urbicum","#53b1ff","avian","https://media.birdweather.com/species/119/CommonHouse-Martin-standard-9ffbcc688c51210fb136a162c84d82ad.jpg","https://media.birdweather.com/species/119/CommonHouse-Martin-thumbnail-dd7059ca6235347c3097e7a66f04df95.jpg","https://media.birdweather.com/species/119/CommonHouse-Martin-png200-a73a8953ce2af50676da81e70b2746b2.png","YhgKDwKJd4iIiHd/h5h5d4mIeQqVllAH",14142529249,"https://media.birdweather.com/soundscapes/6891/6891-20260710-084513.flac",0,3,"birdnetpi"
9541971334,6891,"2026-07-10T10:43:03.000+02:00",0.96,0.9930100440979,9.84809777783516,"almost_certain","2p4",NA,51.5656,6.0064,FALSE,407,"Common Wood-Pigeon","Columba palumbus","#028fb2","avian","https://media.birdweather.com/species/407/CommonWood-Pigeon-standard-5558900260c92622ceef8a812b06518e.jpg","https://media.birdweather.com/species/407/CommonWood-Pigeon-thumbnail-4b86c907c8b82c8af31d566b811dee05.jpg","https://media.birdweather.com/species/407/CommonWood-Pigeon-png200-533b13201573be3895fcec3e61e861b5.png","2ukFHwIHiYeWxnZUiniYZ3h5h6+rCIQH",14142466367,"https://media.birdweather.com/soundscapes/6891/6891-20260710-084303.flac",0,3,"birdnetpi"
9541967086,6891,"2026-07-10T10:42:45.000+02:00",0.99,0.660715103149414,9.3576863058967,"almost_certain","2p4",NA,51.5695,6.0058,FALSE,119,"Common House-Martin","Delichon urbicum","#53b1ff","avian","https://media.birdweather.com/species/119/CommonHouse-Martin-standard-9ffbcc688c51210fb136a162c84d82ad.jpg","https://media.birdweather.com/species/119/CommonHouse-Martin-thumbnail-dd7059ca6235347c3097e7a66f04df95.jpg","https://media.birdweather.com/species/119/CommonHouse-Martin-png200-a73a8953ce2af50676da81e70b2746b2.png","YhgKDwKJd4iIiHd/h5h5d4mIeQqVllAH",14142457719,"https://media.birdweather.com/soundscapes/6891/6891-20260710-084245.flac",0,3,"birdnetpi"
9541962991,6891,"2026-07-10T10:42:25.000+02:00",0.85,0.876010596752167,9.42839355406004,"almost_certain","2p4",NA,51.5666,6.0084,FALSE,551,"Common Swift","Apus apus","#234bb2","avian","https://media.birdweather.com/species/551/CommonSwift-standard-ba54f84fbd8481b1c0de60654fbd79d5.jpg","https://media.birdweather.com/species/551/CommonSwift-thumbnail-bad1d7e3c141990f11d01e49e9f768ac.jpg","https://media.birdweather.com/species/551/CommonSwift-png200-f52bea49cb0e4232049806bde3e1a401.png","LLYFFwLchWelV5dvsqh1jKZoKJIEMkoA",14142449160,"https://media.birdweather.com/soundscapes/6891/6891-20260710-084225.flac",0,3,"birdnetpi"
9541960586,6891,"2026-07-10T10:42:15.000+02:00",0.91,0.9930100440979,9.74016797517639,"almost_certain","2p4",NA,51.5681,6.0014,FALSE,407,"Common Wood-Pigeon","Columba palumbus","#028fb2","avian","https://media.birdweather.com/species/407/CommonWood-Pigeon-standard-5558900260c92622ceef8a812b06518e.jpg","https://media.birdweather.com/species/407/CommonWood-Pigeon-thumbnail-4b86c907c8b82c8af31d566b811dee05.jpg","https://media.birdweather.com/species/407/CommonWood-Pigeon-png200-533b13201573be3895fcec3e61e861b5.png","2ukFHwIHiYeWxnZUiniYZ3h5h6+rCIQH",14142444304,"https://media.birdweather.com/soundscapes/6891/6891-20260710-084215.flac",0,3,"birdnetpi"
9541956059,6891,"2026-07-10T10:41:58.000+02:00",0.99,0.876010596752167,9.7390730015898,"almost_certain","2p4",NA,51.5642,6.0064,FALSE,551,"Common Swift","Apus apus","#234bb2","avian","https://media.birdweather.com/species/551/CommonSwift-standard-ba54f84fbd8481b1c0de60654fbd79d5.jpg","https://media.birdweather.com/species/551/CommonSwift-thumbnail-bad1d7e3c141990f11d01e49e9f768ac.jpg","https://media.birdweather.com/species/551/CommonSwift-png200-f52bea49cb0e4232049806bde3e1a401.png","LLYFFwLchWelV5dvsqh1jKZoKJIEMkoA",14142434898,"https://media.birdweather.com/soundscapes/6891/6891-20260710-084158.flac",0,3,"birdnetpi"
9541953951,6891,"2026-07-10T10:41:52.000+02:00",0.89,0.9930100440979,9.69449707940979,"almost_certain","2p4",NA,51.5621,6.0043,FALSE,407,"Common Wood-Pigeon","Columba palumbus","#028fb2","avian","https://media.birdweather.com/species/407/CommonWood-Pigeon-standard-5558900260c92622ceef8a812b06518e.jpg","https://media.birdweather.com/species/407/CommonWood-Pigeon-thumbnail-4b86c907c8b82c8af31d566b811dee05.jpg","https://media.birdweather.com/species/407/CommonWood-Pigeon-png200-533b13201573be3895fcec3e61e861b5.png","2ukFHwIHiYeWxnZUiniYZ3h5h6+rCIQH",14142430552,"https://media.birdweather.com/soundscapes/6891/6891-20260710-084152.flac",0,3,"birdnetpi"
9541938396,6891,"2026-07-10T10:40:39.000+02:00",0.93,0.660715103149414,9.23305496975486,"almost_certain","2p4",NA,51.5671,6.0055,FALSE,119,"Common House-Martin","Delichon urbicum","#53b1ff","avian","https://media.birdweather.com/species/119/CommonHouse-Martin-standard-9ffbcc688c51210fb136a162c84d82ad.jpg","https://media.birdweather.com/species/119/CommonHouse-Martin-thumbnail-dd7059ca6235347c3097e7a66f04df95.jpg","https://media.birdweather.com/species/119/CommonHouse-Martin-png200-a73a8953ce2af50676da81e70b2746b2.png","YhgKDwKJd4iIiHd/h5h5d4mIeQqVllAH",14142398637,"https://media.birdweather.com/soundscapes/6891/6891-20260710-084039.flac",0,3,"birdnetpi"
9541922825,6891,"2026-07-10T10:39:38.000+02:00",0.8,0.827771067619324,9.22112047760023,"almost_certain","2p4",NA,51.565,6.001,FALSE,1,"House Sparrow","Passer domesticus","#d16ff8","avian","https://media.birdweather.com/species/1/HouseSparrow-standard-b861184cf45c092cdb45fd689dd676ef.jpg","https://media.birdweather.com/species/1/HouseSparrow-thumbnail-e9cbc91763a1579de8ef04880678b5e3.jpg","https://media.birdweather.com/species/1/HouseSparrow-png200-125e8603e1efe9d7a18316b94f06a65e.png","XAgCDwD8qpukuHiqtLZ9mImnmPFcDO4E",14142366298,"https://media.birdweather.com/soundscapes/6891/6891-20260710-083938.flac",0,3,"birdnetpi"
9541909243,6891,"2026-07-10T10:38:33.000+02:00",0.96,0.660715103149414,9.29678739117466,"almost_certain","2p4",NA,51.5663,6.0056,FALSE,119,"Common House-Martin","Delichon urbicum","#53b1ff","avian","https://media.birdweather.com/species/119/CommonHouse-Martin-standard-9ffbcc688c51210fb136a162c84d82ad.jpg","https://media.birdweather.com/species/119/CommonHouse-Martin-thumbnail-dd7059ca6235347c3097e7a66f04df95.jpg","https://media.birdweather.com/species/119/CommonHouse-Martin-png200-a73a8953ce2af50676da81e70b2746b2.png","YhgKDwKJd4iIiHd/h5h5d4mIeQqVllAH",14142337842,"https://media.birdweather.com/soundscapes/6891/6891-20260710-083833.flac",0,3,"birdnetpi"
9541900636,6891,"2026-07-10T10:37:55.000+02:00",0.73,0.660715103149414,8.70980455309864,"almost_certain","2p4",NA,51.5628,6.009,FALSE,119,"Common House-Martin","Delichon urbicum","#53b1ff","avian","https://media.birdweather.com/species/119/CommonHouse-Martin-standard-9ffbcc688c51210fb136a162c84d82ad.jpg","https://media.birdweather.com/species/119/CommonHouse-Martin-thumbnail-dd7059ca6235347c3097e7a66f04df95.jpg","https://media.birdweather.com/species/119/CommonHouse-Martin-png200-a73a8953ce2af50676da81e70b2746b2.png","YhgKDwKJd4iIiHd/h5h5d4mIeQqVllAH",14142320583,"https://media.birdweather.com/soundscapes/6891/6891-20260710-083755.flac",0,3,"birdnetpi"
9541883153,6891,"2026-07-10T10:36:40.000+02:00",1,0.660715103149414,9.37739887620608,"almost_certain","2p4",NA,51.5684,6.0045,FALSE,119,"Common House-Martin","Delichon urbicum","#53b1ff","avian","https://media.birdweather.com/species/119/CommonHouse-Martin-standard-9ffbcc688c51210fb136a162c84d82ad.jpg","https://media.birdweather.com/species/119/CommonHouse-Martin-thumbnail-dd7059ca6235347c3097e7a66f04df95.jpg","https://media.birdweather.com/species/119/CommonHouse-Martin-png200-a73a8953ce2af50676da81e70b2746b2.png","YhgKDwKJd4iIiHd/h5h5d4mIeQqVllAH",14142284351,"https://media.birdweather.com/soundscapes/6891/6891-20260710-083640.flac",0,3,"birdnetpi"
9541865320,6891,"2026-07-10T10:35:21.000+02:00",0.83,0.660715103149414,8.99626031616486,"almost_certain","2p4",NA,51.5697,6.0006,FALSE,119,"Common House-Martin","Delichon urbicum","#53b1ff","avian","https://media.birdweather.com/species/119/CommonHouse-Martin-standard-9ffbcc688c51210fb136a162c84d82ad.jpg","https://media.birdweather.com/species/119/CommonHouse-Martin-thumbnail-dd7059ca6235347c3097e7a66f04df95.jpg","https://media.birdweather.com/species/119/CommonHouse-Martin-png200-a73a8953ce2af50676da81e70b2746b2.png","YhgKDwKJd4iIiHd/h5h5d4mIeQqVllAH",14142247045,"https://media.birdweather.com/soundscapes/6891/6891-20260710-083521.flac",0,3,"birdnetpi"
9541862199,6891,"2026-07-10T10:35:07.000+02:00",0.72,0.827771067619324,8.98225633721188,"almost_certain","2p4",NA,51.5665,6.0094,FALSE,1,"House Sparrow","Passer domesticus","#d16ff8","avian","https://media.birdweather.com/species/1/HouseSparrow-standard-b861184cf45c092cdb45fd689dd676ef.jpg","https://media.birdweather.com/species/1/HouseSparrow-thumbnail-e9cbc91763a1579de8ef04880678b5e3.jpg","https://media.birdweather.com/species/1/HouseSparrow-png200-125e8603e1efe9d7a18316b94f06a65e.png","XAgCDwD8qpukuHiqtLZ9mImnmPFcDO4E",14142240363,"https://media.birdweather.com/soundscapes/6891/6891-20260710-083507.flac",0,3,"birdnetpi"
9541859951,6891,"2026-07-10T10:34:56.000+02:00",0.84,0.660715103149414,9.02186853839151,"almost_certain","2p4",NA,51.5673,6.0009,FALSE,119,"Common House-Martin","Delichon urbicum","#53b1ff","avian","https://media.birdweather.com/species/119/CommonHouse-Martin-standard-9ffbcc688c51210fb136a162c84d82ad.jpg","https://media.birdweather.com/species/119/CommonHouse-Martin-thumbnail-dd7059ca6235347c3097e7a66f04df95.jpg","https://media.birdweather.com/species/119/CommonHouse-Martin-png200-a73a8953ce2af50676da81e70b2746b2.png","YhgKDwKJd4iIiHd/h5h5d4mIeQqVllAH",14142235537,"https://media.birdweather.com/soundscapes/6891/6891-20260710-083456.flac",0,3,"birdnetpi"
9541850377,6891,"2026-07-10T10:34:14.000+02:00",0.81,0.660715103149414,8.94356151143078,"almost_certain","2p4",NA,51.5666,6.0042,FALSE,119,"Common House-Martin","Delichon urbicum","#53b1ff","avian","https://media.birdweather.com/species/119/CommonHouse-Martin-standard-9ffbcc688c51210fb136a162c84d82ad.jpg","https://media.birdweather.com/species/119/CommonHouse-Martin-thumbnail-dd7059ca6235347c3097e7a66f04df95.jpg","https://media.birdweather.com/species/119/CommonHouse-Martin-png200-a73a8953ce2af50676da81e70b2746b2.png","YhgKDwKJd4iIiHd/h5h5d4mIeQqVllAH",14142215546,"https://media.birdweather.com/soundscapes/6891/6891-20260710-083414.flac",0,3,"birdnetpi"
9541846699,6891,"2026-07-10T10:34:01.000+02:00",0.94,0.9930100440979,9.8059406054617,"almost_certain","2p4",NA,51.5629,6.0089,FALSE,407,"Common Wood-Pigeon","Columba palumbus","#028fb2","avian","https://media.birdweather.com/species/407/CommonWood-Pigeon-standard-5558900260c92622ceef8a812b06518e.jpg","https://media.birdweather.com/species/407/CommonWood-Pigeon-thumbnail-4b86c907c8b82c8af31d566b811dee05.jpg","https://media.birdweather.com/species/407/CommonWood-Pigeon-png200-533b13201573be3895fcec3e61e861b5.png","2ukFHwIHiYeWxnZUiniYZ3h5h6+rCIQH",14142207529,"https://media.birdweather.com/soundscapes/6891/6891-20260710-083401.flac",0,3,"birdnetpi"
9541841816,6891,"2026-07-10T10:33:40.000+02:00",0.88,0.852594614028931,9.46445983824227,"almost_certain","2p4",NA,51.5633,6.003,FALSE,66,"Eurasian Blue Tit","Cyanistes caeruleus","#4b8900","avian","https://media.birdweather.com/species/66/EurasianBlueTit-standard-4ec8e45d78b2908d0f41ae495ae07571.jpg","https://media.birdweather.com/species/66/EurasianBlueTit-thumbnail-4d9abc54a3abc3fb12e78e603cbe6784.jpg","https://media.birdweather.com/species/66/EurasianBlueTit-png200-49adab92304ba7a74e93ac43e38e62d3.png","EfgJBwAKhHiEm2ZheGllqXeZhi/ze3EP",14142196908,"https://media.birdweather.com/soundscapes/6891/6891-20260710-083340.flac",0,3,"birdnetpi"
9541830743,6891,"2026-07-10T10:32:48.000+02:00",1,0.159493267536163,7.49292105705004,"almost_certain","2p4",NA,51.5625,6.0031,FALSE,143,"Eurasian Oystercatcher","Haematopus ostralegus","#ca8600","avian","https://media.birdweather.com/species/143/EurasianOystercatcher-standard-de054f6108c9ec46b2430e18a3a05899.jpg","https://media.birdweather.com/species/143/EurasianOystercatcher-thumbnail-30dda908d192acf9a6ba366e2d58599a.jpg","https://media.birdweather.com/species/143/EurasianOystercatcher-png200-eaade4c821880831fc0130856cf4cad3.png","3vcRFwKHd4mAiHeCdth4eIeIhYD5CocK",14142173191,"https://media.birdweather.com/soundscapes/6891/6891-20260710-083248.flac",0,3,"birdnetpi"
9541809047,6891,"2026-07-10T10:31:08.000+02:00",0.82,0.660715103149414,8.97016428905501,"almost_certain","2p4",NA,51.5667,6.0043,FALSE,119,"Common House-Martin","Delichon urbicum","#53b1ff","avian","https://media.birdweather.com/species/119/CommonHouse-Martin-standard-9ffbcc688c51210fb136a162c84d82ad.jpg","https://media.birdweather.com/species/119/CommonHouse-Martin-thumbnail-dd7059ca6235347c3097e7a66f04df95.jpg","https://media.birdweather.com/species/119/CommonHouse-Martin-png200-a73a8953ce2af50676da81e70b2746b2.png","YhgKDwKJd4iIiHd/h5h5d4mIeQqVllAH",14142127037,"https://media.birdweather.com/soundscapes/6891/6891-20260710-083108.flac",0,3,"birdnetpi"
9541803041,6891,"2026-07-10T10:30:53.000+02:00",0.97,0.660715103149414,9.31738928316408,"almost_certain","2p4",NA,51.5698,6.0069,FALSE,119,"Common House-Martin","Delichon urbicum","#53b1ff","avian","https://media.birdweather.com/species/119/CommonHouse-Martin-standard-9ffbcc688c51210fb136a162c84d82ad.jpg","https://media.birdweather.com/species/119/CommonHouse-Martin-thumbnail-dd7059ca6235347c3097e7a66f04df95.jpg","https://media.birdweather.com/species/119/CommonHouse-Martin-png200-a73a8953ce2af50676da81e70b2746b2.png","YhgKDwKJd4iIiHd/h5h5d4mIeQqVllAH",14142114113,"https://media.birdweather.com/soundscapes/6891/6891-20260710-083053.flac",0,3,"birdnetpi"
9541794117,6891,"2026-07-10T10:30:03.000+02:00",0.99,0.876010596752167,9.7390730015898,"almost_certain","2p4",NA,51.5645,6.0034,FALSE,551,"Common Swift","Apus apus","#234bb2","avian","https://media.birdweather.com/species/551/CommonSwift-standard-ba54f84fbd8481b1c0de60654fbd79d5.jpg","https://media.birdweather.com/species/551/CommonSwift-thumbnail-bad1d7e3c141990f11d01e49e9f768ac.jpg","https://media.birdweather.com/species/551/CommonSwift-png200-f52bea49cb0e4232049806bde3e1a401.png","LLYFFwLchWelV5dvsqh1jKZoKJIEMkoA",14142095521,"https://media.birdweather.com/soundscapes/6891/6891-20260710-083003.flac",0,3,"birdnetpi"
9541778074,6891,"2026-07-10T10:28:51.000+02:00",0.88,0.660715103149414,9.11976731904705,"almost_certain","2p4",NA,51.5684,6.0076,FALSE,119,"Common House-Martin","Delichon urbicum","#53b1ff","avian","https://media.birdweather.com/species/119/CommonHouse-Martin-standard-9ffbcc688c51210fb136a162c84d82ad.jpg","https://media.birdweather.com/species/119/CommonHouse-Martin-thumbnail-dd7059ca6235347c3097e7a66f04df95.jpg","https://media.birdweather.com/species/119/CommonHouse-Martin-png200-a73a8953ce2af50676da81e70b2746b2.png","YhgKDwKJd4iIiHd/h5h5d4mIeQqVllAH",14142061243,"https://media.birdweather.com/soundscapes/6891/6891-20260710-082851.flac",0,3,"birdnetpi"
9541766441,6891,"2026-07-10T10:27:58.000+02:00",0.95,0.876010596752167,9.65725765004858,"almost_certain","2p4",NA,51.563,6.0035,FALSE,551,"Common Swift","Apus apus","#234bb2","avian","https://media.birdweather.com/species/551/CommonSwift-standard-ba54f84fbd8481b1c0de60654fbd79d5.jpg","https://media.birdweather.com/species/551/CommonSwift-thumbnail-bad1d7e3c141990f11d01e49e9f768ac.jpg","https://media.birdweather.com/species/551/CommonSwift-png200-f52bea49cb0e4232049806bde3e1a401.png","LLYFFwLchWelV5dvsqh1jKZoKJIEMkoA",14142036167,"https://media.birdweather.com/soundscapes/6891/6891-20260710-082758.flac",0,3,"birdnetpi"
9541745621,6891,"2026-07-10T10:26:22.000+02:00",0.87,0.993988573551178,9.64858692888543,"almost_certain","2p4",NA,51.5676,6.0035,FALSE,35,"Eurasian Blackbird","Turdus merula","#ff65df","avian","https://media.birdweather.com/species/35/EurasianBlackbird-standard-618b3a5132c7c359fb2a2884c39deb39.jpg","https://media.birdweather.com/species/35/EurasianBlackbird-thumbnail-276878929bed08167d1fd9bf34d63d40.jpg","https://media.birdweather.com/species/35/EurasianBlackbird-png200-ba5a1b43225da4611cac429c52a52c81.png","GfkFFwKRmrx2ZYiaaQe69nlzScn3T7IA",14141990534,"https://media.birdweather.com/soundscapes/6891/6891-20260710-082622.flac",0,3,"birdnetpi"
9541738007,6891,"2026-07-10T10:25:47.000+02:00",0.97,0.159493267536163,7.43291146400804,"almost_certain","2p4",NA,51.5674,6.0014,FALSE,143,"Eurasian Oystercatcher","Haematopus ostralegus","#ca8600","avian","https://media.birdweather.com/species/143/EurasianOystercatcher-standard-de054f6108c9ec46b2430e18a3a05899.jpg","https://media.birdweather.com/species/143/EurasianOystercatcher-thumbnail-30dda908d192acf9a6ba366e2d58599a.jpg","https://media.birdweather.com/species/143/EurasianOystercatcher-png200-eaade4c821880831fc0130856cf4cad3.png","3vcRFwKHd4mAiHeCdth4eIeIhYD5CocK",14141973497,"https://media.birdweather.com/soundscapes/6891/6891-20260710-082547.flac",0,3,"birdnetpi"
9541736444,6891,"2026-07-10T10:25:39.000+02:00",0.8,0.827771067619324,9.22112047760023,"almost_certain","2p4",NA,51.5628,6.008,FALSE,1,"House Sparrow","Passer domesticus","#d16ff8","avian","https://media.birdweather.com/species/1/HouseSparrow-standard-b861184cf45c092cdb45fd689dd676ef.jpg","https://media.birdweather.com/species/1/HouseSparrow-thumbnail-e9cbc91763a1579de8ef04880678b5e3.jpg","https://media.birdweather.com/species/1/HouseSparrow-png200-125e8603e1efe9d7a18316b94f06a65e.png","XAgCDwD8qpukuHiqtLZ9mImnmPFcDO4E",14141970118,"https://media.birdweather.com/soundscapes/6891/6891-20260710-082539.flac",0,3,"birdnetpi"
9541721352,6891,"2026-07-10T10:24:30.000+02:00",0.82,0.660715103149414,8.97016428905501,"almost_certain","2p4",NA,51.5672,6.0077,FALSE,119,"Common House-Martin","Delichon urbicum","#53b1ff","avian","https://media.birdweather.com/species/119/CommonHouse-Martin-standard-9ffbcc688c51210fb136a162c84d82ad.jpg","https://media.birdweather.com/species/119/CommonHouse-Martin-thumbnail-dd7059ca6235347c3097e7a66f04df95.jpg","https://media.birdweather.com/species/119/CommonHouse-Martin-png200-a73a8953ce2af50676da81e70b2746b2.png","YhgKDwKJd4iIiHd/h5h5d4mIeQqVllAH",14141937348,"https://media.birdweather.com/soundscapes/6891/6891-20260710-082430.flac",0,3,"birdnetpi"
9541703509,6891,"2026-07-10T10:23:07.000+02:00",1,0.660715103149414,9.37739887620608,"almost_certain","2p4",NA,51.5662,6.0068,FALSE,119,"Common House-Martin","Delichon urbicum","#53b1ff","avian","https://media.birdweather.com/species/119/CommonHouse-Martin-standard-9ffbcc688c51210fb136a162c84d82ad.jpg","https://media.birdweather.com/species/119/CommonHouse-Martin-thumbnail-dd7059ca6235347c3097e7a66f04df95.jpg","https://media.birdweather.com/species/119/CommonHouse-Martin-png200-a73a8953ce2af50676da81e70b2746b2.png","YhgKDwKJd4iIiHd/h5h5d4mIeQqVllAH",14141897888,"https://media.birdweather.com/soundscapes/6891/6891-20260710-082307.flac",0,3,"birdnetpi"
9541699619,6891,"2026-07-10T10:22:49.000+02:00",0.88,0.660715103149414,9.11976731904705,"almost_certain","2p4",NA,51.5674,6.0016,FALSE,119,"Common House-Martin","Delichon urbicum","#53b1ff","avian","https://media.birdweather.com/species/119/CommonHouse-Martin-standard-9ffbcc688c51210fb136a162c84d82ad.jpg","https://media.birdweather.com/species/119/CommonHouse-Martin-thumbnail-dd7059ca6235347c3097e7a66f04df95.jpg","https://media.birdweather.com/species/119/CommonHouse-Martin-png200-a73a8953ce2af50676da81e70b2746b2.png","YhgKDwKJd4iIiHd/h5h5d4mIeQqVllAH",14141889415,"https://media.birdweather.com/soundscapes/6891/6891-20260710-082249.flac",0,3,"birdnetpi"
9541694130,6891,"2026-07-10T10:22:26.000+02:00",0.81,0.9930100440979,9.49487189809128,"almost_certain","2p4",NA,51.5615,6.0037,FALSE,407,"Common Wood-Pigeon","Columba palumbus","#028fb2","avian","https://media.birdweather.com/species/407/CommonWood-Pigeon-standard-5558900260c92622ceef8a812b06518e.jpg","https://media.birdweather.com/species/407/CommonWood-Pigeon-thumbnail-4b86c907c8b82c8af31d566b811dee05.jpg","https://media.birdweather.com/species/407/CommonWood-Pigeon-png200-533b13201573be3895fcec3e61e861b5.png","2ukFHwIHiYeWxnZUiniYZ3h5h6+rCIQH",14141877901,"https://media.birdweather.com/soundscapes/6891/6891-20260710-082226.flac",0,3,"birdnetpi"
9541686051,6891,"2026-07-10T10:21:54.000+02:00",0.82,0.827771067619324,9.27485285462022,"almost_certain","2p4",NA,51.5687,6.0026,FALSE,1,"House Sparrow","Passer domesticus","#d16ff8","avian","https://media.birdweather.com/species/1/HouseSparrow-standard-b861184cf45c092cdb45fd689dd676ef.jpg","https://media.birdweather.com/species/1/HouseSparrow-thumbnail-e9cbc91763a1579de8ef04880678b5e3.jpg","https://media.birdweather.com/species/1/HouseSparrow-png200-125e8603e1efe9d7a18316b94f06a65e.png","XAgCDwD8qpukuHiqtLZ9mImnmPFcDO4E",14141860380,"https://media.birdweather.com/soundscapes/6891/6891-20260710-082154.flac",0,3,"birdnetpi"
9541680976,6891,"2026-07-10T10:21:27.000+02:00",0.8,0.876010596752167,9.29781860772812,"almost_certain","2p4",NA,51.5629,6.006,FALSE,551,"Common Swift","Apus apus","#234bb2","avian","https://media.birdweather.com/species/551/CommonSwift-standard-ba54f84fbd8481b1c0de60654fbd79d5.jpg","https://media.birdweather.com/species/551/CommonSwift-thumbnail-bad1d7e3c141990f11d01e49e9f768ac.jpg","https://media.birdweather.com/species/551/CommonSwift-png200-f52bea49cb0e4232049806bde3e1a401.png","LLYFFwLchWelV5dvsqh1jKZoKJIEMkoA",14141849437,"https://media.birdweather.com/soundscapes/6891/6891-20260710-082127.flac",0,3,"birdnetpi"
9541680394,6891,"2026-07-10T10:21:23.000+02:00",0.79,0.827771067619324,9.19344276857523,"almost_certain","2p4",NA,51.5666,6.0036,FALSE,1,"House Sparrow","Passer domesticus","#d16ff8","avian","https://media.birdweather.com/species/1/HouseSparrow-standard-b861184cf45c092cdb45fd689dd676ef.jpg","https://media.birdweather.com/species/1/HouseSparrow-thumbnail-e9cbc91763a1579de8ef04880678b5e3.jpg","https://media.birdweather.com/species/1/HouseSparrow-png200-125e8603e1efe9d7a18316b94f06a65e.png","XAgCDwD8qpukuHiqtLZ9mImnmPFcDO4E",14141848052,"https://media.birdweather.com/soundscapes/6891/6891-20260710-082123.flac",0,3,"birdnetpi"
9541673602,6891,"2026-07-10T10:21:00.000+02:00",0.9,0.827771067619324,9.47090101040795,"almost_certain","2p4",NA,51.5687,6.0051,FALSE,1,"House Sparrow","Passer domesticus","#d16ff8","avian","https://media.birdweather.com/species/1/HouseSparrow-standard-b861184cf45c092cdb45fd689dd676ef.jpg","https://media.birdweather.com/species/1/HouseSparrow-thumbnail-e9cbc91763a1579de8ef04880678b5e3.jpg","https://media.birdweather.com/species/1/HouseSparrow-png200-125e8603e1efe9d7a18316b94f06a65e.png","XAgCDwD8qpukuHiqtLZ9mImnmPFcDO4E",14141833314,"https://media.birdweather.com/soundscapes/6891/6891-20260710-082100.flac",0,3,"birdnetpi"
9541664304,6891,"2026-07-10T10:20:13.000+02:00",0.77,0.660715103149414,8.83166260894124,"almost_certain","2p4",NA,51.5702,6.0017,FALSE,119,"Common House-Martin","Delichon urbicum","#53b1ff","avian","https://media.birdweather.com/species/119/CommonHouse-Martin-standard-9ffbcc688c51210fb136a162c84d82ad.jpg","https://media.birdweather.com/species/119/CommonHouse-Martin-thumbnail-dd7059ca6235347c3097e7a66f04df95.jpg","https://media.birdweather.com/species/119/CommonHouse-Martin-png200-a73a8953ce2af50676da81e70b2746b2.png","YhgKDwKJd4iIiHd/h5h5d4mIeQqVllAH",14141813310,"https://media.birdweather.com/soundscapes/6891/6891-20260710-082013.flac",0,3,"birdnetpi"
9541663958,6891,"2026-07-10T10:20:10.000+02:00",0.96,0.9930100440979,9.84809777783516,"almost_certain","2p4",NA,51.5652,6.0055,FALSE,407,"Common Wood-Pigeon","Columba palumbus","#028fb2","avian","https://media.birdweather.com/species/407/CommonWood-Pigeon-standard-5558900260c92622ceef8a812b06518e.jpg","https://media.birdweather.com/species/407/CommonWood-Pigeon-thumbnail-4b86c907c8b82c8af31d566b811dee05.jpg","https://media.birdweather.com/species/407/CommonWood-Pigeon-png200-533b13201573be3895fcec3e61e861b5.png","2ukFHwIHiYeWxnZUiniYZ3h5h6+rCIQH",14141812404,"https://media.birdweather.com/soundscapes/6891/6891-20260710-082010.flac",0,3,"birdnetpi"
9541659301,6891,"2026-07-10T10:19:48.000+02:00",0.95,0.660715103149414,9.27587095435548,"almost_certain","2p4",NA,51.5665,6.0044,FALSE,119,"Common House-Martin","Delichon urbicum","#53b1ff","avian","https://media.birdweather.com/species/119/CommonHouse-Martin-standard-9ffbcc688c51210fb136a162c84d82ad.jpg","https://media.birdweather.com/species/119/CommonHouse-Martin-thumbnail-dd7059ca6235347c3097e7a66f04df95.jpg","https://media.birdweather.com/species/119/CommonHouse-Martin-png200-a73a8953ce2af50676da81e70b2746b2.png","YhgKDwKJd4iIiHd/h5h5d4mIeQqVllAH",14141802504,"https://media.birdweather.com/soundscapes/6891/6891-20260710-081948.flac",0,3,"birdnetpi"
9541657965,6891,"2026-07-10T10:19:41.000+02:00",0.94,0.9930100440979,9.8059406054617,"almost_certain","2p4",NA,51.5674,6.0086,FALSE,407,"Common Wood-Pigeon","Columba palumbus","#028fb2","avian","https://media.birdweather.com/species/407/CommonWood-Pigeon-standard-5558900260c92622ceef8a812b06518e.jpg","https://media.birdweather.com/species/407/CommonWood-Pigeon-thumbnail-4b86c907c8b82c8af31d566b811dee05.jpg","https://media.birdweather.com/species/407/CommonWood-Pigeon-png200-533b13201573be3895fcec3e61e861b5.png","2ukFHwIHiYeWxnZUiniYZ3h5h6+rCIQH",14141799578,"https://media.birdweather.com/soundscapes/6891/6891-20260710-081941.flac",0,3,"birdnetpi"
9541650609,6891,"2026-07-10T10:19:12.000+02:00",0.99,0.9930100440979,9.9089966925572,"almost_certain","2p4",NA,51.5631,6.0006,FALSE,407,"Common Wood-Pigeon","Columba palumbus","#028fb2","avian","https://media.birdweather.com/species/407/CommonWood-Pigeon-standard-5558900260c92622ceef8a812b06518e.jpg","https://media.birdweather.com/species/407/CommonWood-Pigeon-thumbnail-4b86c907c8b82c8af31d566b811dee05.jpg","https://media.birdweather.com/species/407/CommonWood-Pigeon-png200-533b13201573be3895fcec3e61e861b5.png","2ukFHwIHiYeWxnZUiniYZ3h5h6+rCIQH",14141783403,"https://media.birdweather.com/soundscapes/6891/6891-20260710-081912.flac",0,3,"birdnetpi"
9541642925,6891,"2026-07-10T10:18:30.000+02:00",0.8,0.44642049074173,8.3890778834051,"almost_certain","2p4",NA,51.5637,6.0037,FALSE,103,"Eurasian Collared-Dove","Streptopelia decaocto","#006e2a","avian","https://media.birdweather.com/species/103/EurasianCollared-Dove-standard-e0c74c4f1ffe5357c4759579380dab35.jpg","https://media.birdweather.com/species/103/EurasianCollared-Dove-thumbnail-53ccb5f0a5d0640a1e766dd99c28ebca.jpg","https://media.birdweather.com/species/103/EurasianCollared-Dove-png200-4efa83c8c5efbdb09427b3c3fa247357.png","pvcFFwLpd4RvlJeUWZh2eXh4VxBqBZIH",14141766294,"https://media.birdweather.com/soundscapes/6891/6891-20260710-081830.flac",0,3,"birdnetpi"
9541640295,6891,"2026-07-10T10:18:18.000+02:00",0.98,0.9930100440979,9.88899633735022,"almost_certain","2p4",NA,51.5623,6.0026,FALSE,407,"Common Wood-Pigeon","Columba palumbus","#028fb2","avian","https://media.birdweather.com/species/407/CommonWood-Pigeon-standard-5558900260c92622ceef8a812b06518e.jpg","https://media.birdweather.com/species/407/CommonWood-Pigeon-thumbnail-4b86c907c8b82c8af31d566b811dee05.jpg","https://media.birdweather.com/species/407/CommonWood-Pigeon-png200-533b13201573be3895fcec3e61e861b5.png","2ukFHwIHiYeWxnZUiniYZ3h5h6+rCIQH",14141760558,"https://media.birdweather.com/soundscapes/6891/6891-20260710-081818.flac",0,3,"birdnetpi"
9541624573,6891,"2026-07-10T10:17:08.000+02:00",0.81,0.827771067619324,9.248250076996,"almost_certain","2p4",NA,51.5652,6.0076,FALSE,1,"House Sparrow","Passer domesticus","#d16ff8","avian","https://media.birdweather.com/species/1/HouseSparrow-standard-b861184cf45c092cdb45fd689dd676ef.jpg","https://media.birdweather.com/species/1/HouseSparrow-thumbnail-e9cbc91763a1579de8ef04880678b5e3.jpg","https://media.birdweather.com/species/1/HouseSparrow-png200-125e8603e1efe9d7a18316b94f06a65e.png","XAgCDwD8qpukuHiqtLZ9mImnmPFcDO4E",14141726422,"https://media.birdweather.com/soundscapes/6891/6891-20260710-081708.flac",0,3,"birdnetpi"
9541617075,6891,"2026-07-10T10:16:30.000+02:00",0.88,0.827771067619324,9.42445588461226,"almost_certain","2p4",NA,51.565,6.0077,FALSE,1,"House Sparrow","Passer domesticus","#d16ff8","avian","https://media.birdweather.com/species/1/HouseSparrow-standard-b861184cf45c092cdb45fd689dd676ef.jpg","https://media.birdweather.com/species/1/HouseSparrow-thumbnail-e9cbc91763a1579de8ef04880678b5e3.jpg","https://media.birdweather.com/species/1/HouseSparrow-png200-125e8603e1efe9d7a18316b94f06a65e.png","XAgCDwD8qpukuHiqtLZ9mImnmPFcDO4E",14141709408,"https://media.birdweather.com/soundscapes/6891/6891-20260710-081630.flac",0,3,"birdnetpi"
9541610894,6891,"2026-07-10T10:16:01.000+02:00",0.84,0.827771067619324,9.32655710395673,"almost_certain","2p4",NA,51.5643,6.0081,FALSE,1,"House Sparrow","Passer domesticus","#d16ff8","avian","https://media.birdweather.com/species/1/HouseSparrow-standard-b861184cf45c092cdb45fd689dd676ef.jpg","https://media.birdweather.com/species/1/HouseSparrow-thumbnail-e9cbc91763a1579de8ef04880678b5e3.jpg","https://media.birdweather.com/species/1/HouseSparrow-png200-125e8603e1efe9d7a18316b94f06a65e.png","XAgCDwD8qpukuHiqtLZ9mImnmPFcDO4E",14141695764,"https://media.birdweather.com/soundscapes/6891/6891-20260710-081601.flac",0,3,"birdnetpi"
9541604806,6891,"2026-07-10T10:15:43.000+02:00",0.89,0.827771067619324,9.4478752583145,"almost_certain","2p4",NA,51.5618,6.0008,FALSE,1,"House Sparrow","Passer domesticus","#d16ff8","avian","https://media.birdweather.com/species/1/HouseSparrow-standard-b861184cf45c092cdb45fd689dd676ef.jpg","https://media.birdweather.com/species/1/HouseSparrow-thumbnail-e9cbc91763a1579de8ef04880678b5e3.jpg","https://media.birdweather.com/species/1/HouseSparrow-png200-125e8603e1efe9d7a18316b94f06a65e.png","XAgCDwD8qpukuHiqtLZ9mImnmPFcDO4E",14141682960,"https://media.birdweather.com/soundscapes/6891/6891-20260710-081543.flac",0,3,"birdnetpi"
9541598997,6891,"2026-07-10T10:15:18.000+02:00",0.86,0.827771067619324,9.37638077647082,"almost_certain","2p4",NA,51.5675,6.0093,FALSE,1,"House Sparrow","Passer domesticus","#d16ff8","avian","https://media.birdweather.com/species/1/HouseSparrow-standard-b861184cf45c092cdb45fd689dd676ef.jpg","https://media.birdweather.com/species/1/HouseSparrow-thumbnail-e9cbc91763a1579de8ef04880678b5e3.jpg","https://media.birdweather.com/species/1/HouseSparrow-png200-125e8603e1efe9d7a18316b94f06a65e.png","XAgCDwD8qpukuHiqtLZ9mImnmPFcDO4E",14141670205,"https://media.birdweather.com/soundscapes/6891/6891-20260710-081518.flac",0,3,"birdnetpi"
9541592984,6891,"2026-07-10T10:14:50.000+02:00",0.93,0.827771067619324,9.53774353532007,"almost_certain","2p4",NA,51.5639,6.0047,FALSE,1,"House Sparrow","Passer domesticus","#d16ff8","avian","https://media.birdweather.com/species/1/HouseSparrow-standard-b861184cf45c092cdb45fd689dd676ef.jpg","https://media.birdweather.com/species/1/HouseSparrow-thumbnail-e9cbc91763a1579de8ef04880678b5e3.jpg","https://media.birdweather.com/species/1/HouseSparrow-png200-125e8603e1efe9d7a18316b94f06a65e.png","XAgCDwD8qpukuHiqtLZ9mImnmPFcDO4E",14141657399,"https://media.birdweather.com/soundscapes/6891/6891-20260710-081450.flac",0,3,"birdnetpi"
9541588444,6891,"2026-07-10T10:14:20.000+02:00",0.87,0.827771067619324,9.400629197097,"almost_certain","2p4",NA,51.5661,6.0048,FALSE,1,"House Sparrow","Passer domesticus","#d16ff8","avian","https://media.birdweather.com/species/1/HouseSparrow-standard-b861184cf45c092cdb45fd689dd676ef.jpg","https://media.birdweather.com/species/1/HouseSparrow-thumbnail-e9cbc91763a1579de8ef04880678b5e3.jpg","https://media.birdweather.com/species/1/HouseSparrow-png200-125e8603e1efe9d7a18316b94f06a65e.png","XAgCDwD8qpukuHiqtLZ9mImnmPFcDO4E",14141647470,"https://media.birdweather.com/soundscapes/6891/6891-20260710-081420.flac",0,3,"birdnetpi"
9541581367,6891,"2026-07-10T10:13:46.000+02:00",0.96,0.660715103149414,9.29678739117466,"almost_certain","2p4",NA,51.5654,6.0079,FALSE,119,"Common House-Martin","Delichon urbicum","#53b1ff","avian","https://media.birdweather.com/species/119/CommonHouse-Martin-standard-9ffbcc688c51210fb136a162c84d82ad.jpg","https://media.birdweather.com/species/119/CommonHouse-Martin-thumbnail-dd7059ca6235347c3097e7a66f04df95.jpg","https://media.birdweather.com/species/119/CommonHouse-Martin-png200-a73a8953ce2af50676da81e70b2746b2.png","YhgKDwKJd4iIiHd/h5h5d4mIeQqVllAH",14141631751,"https://media.birdweather.com/soundscapes/6891/6891-20260710-081346.flac",0,3,"birdnetpi"
9541575378,6891,"2026-07-10T10:13:18.000+02:00",0.72,0.695406913757324,8.74665736156074,"almost_certain","2p4",NA,51.5683,6.0074,FALSE,89,"European Goldfinch","Carduelis carduelis","#65dba3","avian","https://media.birdweather.com/species/89/EuropeanGoldfinch-standard-5e709d6e7011b21fe905b6d27ce94b9d.jpg","https://media.birdweather.com/species/89/EuropeanGoldfinch-thumbnail-f99916cbaf5a2c3bd8f61890d18d73c1.jpg","https://media.birdweather.com/species/89/EuropeanGoldfinch-png200-ef3fc90c8328c40b59d9ad3c4b52e850.png","lPgJDwI+UJmHq2hji4dWiHiH2XQID5UC",14141618544,"https://media.birdweather.com/soundscapes/6891/6891-20260710-081318.flac",0,3,"birdnetpi"
9541572415,6891,"2026-07-10T10:13:04.000+02:00",0.87,0.660715103149414,9.09594063153179,"almost_certain","2p4",NA,51.5615,6.0042,FALSE,119,"Common House-Martin","Delichon urbicum","#53b1ff","avian","https://media.birdweather.com/species/119/CommonHouse-Martin-standard-9ffbcc688c51210fb136a162c84d82ad.jpg","https://media.birdweather.com/species/119/CommonHouse-Martin-thumbnail-dd7059ca6235347c3097e7a66f04df95.jpg","https://media.birdweather.com/species/119/CommonHouse-Martin-png200-a73a8953ce2af50676da81e70b2746b2.png","YhgKDwKJd4iIiHd/h5h5d4mIeQqVllAH",14141611878,"https://media.birdweather.com/soundscapes/6891/6891-20260710-081304.flac",0,3,"birdnetpi"
9541565202,6891,"2026-07-10T10:12:31.000+02:00",0.87,0.695406913757324,9.16503022144586,"almost_certain","2p4",NA,51.569,6.0015,FALSE,89,"European Goldfinch","Carduelis carduelis","#65dba3","avian","https://media.birdweather.com/species/89/EuropeanGoldfinch-standard-5e709d6e7011b21fe905b6d27ce94b9d.jpg","https://media.birdweather.com/species/89/EuropeanGoldfinch-thumbnail-f99916cbaf5a2c3bd8f61890d18d73c1.jpg","https://media.birdweather.com/species/89/EuropeanGoldfinch-png200-ef3fc90c8328c40b59d9ad3c4b52e850.png","lPgJDwI+UJmHq2hji4dWiHiH2XQID5UC",14141595803,"https://media.birdweather.com/soundscapes/6891/6891-20260710-081231.flac",0,3,"birdnetpi"
9541561356,6891,"2026-07-10T10:12:12.000+02:00",0.83,0.695406913757324,9.06534990607894,"almost_certain","2p4",NA,51.5676,6.0037,FALSE,89,"European Goldfinch","Carduelis carduelis","#65dba3","avian","https://media.birdweather.com/species/89/EuropeanGoldfinch-standard-5e709d6e7011b21fe905b6d27ce94b9d.jpg","https://media.birdweather.com/species/89/EuropeanGoldfinch-thumbnail-f99916cbaf5a2c3bd8f61890d18d73c1.jpg","https://media.birdweather.com/species/89/EuropeanGoldfinch-png200-ef3fc90c8328c40b59d9ad3c4b52e850.png","lPgJDwI+UJmHq2hji4dWiHiH2XQID5UC",14141587283,"https://media.birdweather.com/soundscapes/6891/6891-20260710-081212.flac",0,3,"birdnetpi"
9541557095,6891,"2026-07-10T10:11:52.000+02:00",0.85,0.9930100440979,9.59831724502744,"almost_certain","2p4",NA,51.5632,6.0038,FALSE,407,"Common Wood-Pigeon","Columba palumbus","#028fb2","avian","https://media.birdweather.com/species/407/CommonWood-Pigeon-standard-5558900260c92622ceef8a812b06518e.jpg","https://media.birdweather.com/species/407/CommonWood-Pigeon-thumbnail-4b86c907c8b82c8af31d566b811dee05.jpg","https://media.birdweather.com/species/407/CommonWood-Pigeon-png200-533b13201573be3895fcec3e61e861b5.png","2ukFHwIHiYeWxnZUiniYZ3h5h6+rCIQH",14141577874,"https://media.birdweather.com/soundscapes/6891/6891-20260710-081152.flac",0,3,"birdnetpi"
9541532495,6891,"2026-07-10T10:10:00.000+02:00",0.98,0.660715103149414,9.33768595068972,"almost_certain","2p4",NA,51.5668,6.0062,FALSE,119,"Common House-Martin","Delichon urbicum","#53b1ff","avian","https://media.birdweather.com/species/119/CommonHouse-Martin-standard-9ffbcc688c51210fb136a162c84d82ad.jpg","https://media.birdweather.com/species/119/CommonHouse-Martin-thumbnail-dd7059ca6235347c3097e7a66f04df95.jpg","https://media.birdweather.com/species/119/CommonHouse-Martin-png200-a73a8953ce2af50676da81e70b2746b2.png","YhgKDwKJd4iIiHd/h5h5d4mIeQqVllAH",14141523899,"https://media.birdweather.com/soundscapes/6891/6891-20260710-081000.flac",0,3,"birdnetpi"
9541516072,6891,"2026-07-10T10:08:43.000+02:00",0.74,0.660715103149414,8.74130019306647,"almost_certain","2p4",NA,51.5686,6.0046,FALSE,119,"Common House-Martin","Delichon urbicum","#53b1ff","avian","https://media.birdweather.com/species/119/CommonHouse-Martin-standard-9ffbcc688c51210fb136a162c84d82ad.jpg","https://media.birdweather.com/species/119/CommonHouse-Martin-thumbnail-dd7059ca6235347c3097e7a66f04df95.jpg","https://media.birdweather.com/species/119/CommonHouse-Martin-png200-a73a8953ce2af50676da81e70b2746b2.png","YhgKDwKJd4iIiHd/h5h5d4mIeQqVllAH",14141488385,"https://media.birdweather.com/soundscapes/6891/6891-20260710-080843.flac",0,3,"birdnetpi"
9541508092,6891,"2026-07-10T10:08:16.000+02:00",0.94,0.827771067619324,9.55931878436642,"almost_certain","2p4",NA,51.5692,6.0038,FALSE,1,"House Sparrow","Passer domesticus","#d16ff8","avian","https://media.birdweather.com/species/1/HouseSparrow-standard-b861184cf45c092cdb45fd689dd676ef.jpg","https://media.birdweather.com/species/1/HouseSparrow-thumbnail-e9cbc91763a1579de8ef04880678b5e3.jpg","https://media.birdweather.com/species/1/HouseSparrow-png200-125e8603e1efe9d7a18316b94f06a65e.png","XAgCDwD8qpukuHiqtLZ9mImnmPFcDO4E",14141470836,"https://media.birdweather.com/soundscapes/6891/6891-20260710-080816.flac",0,3,"birdnetpi"
9541502307,6891,"2026-07-10T10:07:42.000+02:00",0.98,0.827771067619324,9.64237451625493,"almost_certain","2p4",NA,51.5688,6.0054,FALSE,1,"House Sparrow","Passer domesticus","#d16ff8","avian","https://media.birdweather.com/species/1/HouseSparrow-standard-b861184cf45c092cdb45fd689dd676ef.jpg","https://media.birdweather.com/species/1/HouseSparrow-thumbnail-e9cbc91763a1579de8ef04880678b5e3.jpg","https://media.birdweather.com/species/1/HouseSparrow-png200-125e8603e1efe9d7a18316b94f06a65e.png","XAgCDwD8qpukuHiqtLZ9mImnmPFcDO4E",14141458147,"https://media.birdweather.com/soundscapes/6891/6891-20260710-080742.flac",0,3,"birdnetpi"
9541499628,6891,"2026-07-10T10:07:28.000+02:00",0.97,0.660715103149414,9.31738928316408,"almost_certain","2p4",NA,51.5627,6.009,FALSE,119,"Common House-Martin","Delichon urbicum","#53b1ff","avian","https://media.birdweather.com/species/119/CommonHouse-Martin-standard-9ffbcc688c51210fb136a162c84d82ad.jpg","https://media.birdweather.com/species/119/CommonHouse-Martin-thumbnail-dd7059ca6235347c3097e7a66f04df95.jpg","https://media.birdweather.com/species/119/CommonHouse-Martin-png200-a73a8953ce2af50676da81e70b2746b2.png","YhgKDwKJd4iIiHd/h5h5d4mIeQqVllAH",14141452474,"https://media.birdweather.com/soundscapes/6891/6891-20260710-080728.flac",0,3,"birdnetpi"
9541463215,6891,"2026-07-10T10:04:40.000+02:00",0.72,0.660715103149414,8.67756777164667,"almost_certain","2p4",NA,51.5691,6.0087,FALSE,119,"Common House-Martin","Delichon urbicum","#53b1ff","avian","https://media.birdweather.com/species/119/CommonHouse-Martin-standard-9ffbcc688c51210fb136a162c84d82ad.jpg","https://media.birdweather.com/species/119/CommonHouse-Martin-thumbnail-dd7059ca6235347c3097e7a66f04df95.jpg","https://media.birdweather.com/species/119/CommonHouse-Martin-png200-a73a8953ce2af50676da81e70b2746b2.png","YhgKDwKJd4iIiHd/h5h5d4mIeQqVllAH",14141373329,"https://media.birdweather.com/soundscapes/6891/6891-20260710-080440.flac",0,3,"birdnetpi"
9541456924,6891,"2026-07-10T10:04:12.000+02:00",0.97,0.660715103149414,9.31738928316408,"almost_certain","2p4",NA,51.5643,6.0037,FALSE,119,"Common House-Martin","Delichon urbicum","#53b1ff","avian","https://media.birdweather.com/species/119/CommonHouse-Martin-standard-9ffbcc688c51210fb136a162c84d82ad.jpg","https://media.birdweather.com/species/119/CommonHouse-Martin-thumbnail-dd7059ca6235347c3097e7a66f04df95.jpg","https://media.birdweather.com/species/119/CommonHouse-Martin-png200-a73a8953ce2af50676da81e70b2746b2.png","YhgKDwKJd4iIiHd/h5h5d4mIeQqVllAH",14141360203,"https://media.birdweather.com/soundscapes/6891/6891-20260710-080412.flac",0,3,"birdnetpi"
9541451131,6891,"2026-07-10T10:03:55.000+02:00",0.99,0.660715103149414,9.3576863058967,"almost_certain","2p4",NA,51.5692,6.008,FALSE,119,"Common House-Martin","Delichon urbicum","#53b1ff","avian","https://media.birdweather.com/species/119/CommonHouse-Martin-standard-9ffbcc688c51210fb136a162c84d82ad.jpg","https://media.birdweather.com/species/119/CommonHouse-Martin-thumbnail-dd7059ca6235347c3097e7a66f04df95.jpg","https://media.birdweather.com/species/119/CommonHouse-Martin-png200-a73a8953ce2af50676da81e70b2746b2.png","YhgKDwKJd4iIiHd/h5h5d4mIeQqVllAH",14141347896,"https://media.birdweather.com/soundscapes/6891/6891-20260710-080355.flac",0,3,"birdnetpi"
9541434492,6891,"2026-07-10T10:02:33.000+02:00",0.71,0.660715103149414,8.64455412598336,"almost_certain","2p4",NA,51.5619,6.0092,FALSE,119,"Common House-Martin","Delichon urbicum","#53b1ff","avian","https://media.birdweather.com/species/119/CommonHouse-Martin-standard-9ffbcc688c51210fb136a162c84d82ad.jpg","https://media.birdweather.com/species/119/CommonHouse-Martin-thumbnail-dd7059ca6235347c3097e7a66f04df95.jpg","https://media.birdweather.com/species/119/CommonHouse-Martin-png200-a73a8953ce2af50676da81e70b2746b2.png","YhgKDwKJd4iIiHd/h5h5d4mIeQqVllAH",14141311927,"https://media.birdweather.com/soundscapes/6891/6891-20260710-080233.flac",0,3,"birdnetpi"
9541429925,6891,"2026-07-10T10:02:10.000+02:00",0.93,0.9930100440979,9.78436535641535,"almost_certain","2p4",NA,51.5688,6.0025,FALSE,407,"Common Wood-Pigeon","Columba palumbus","#028fb2","avian","https://media.birdweather.com/species/407/CommonWood-Pigeon-standard-5558900260c92622ceef8a812b06518e.jpg","https://media.birdweather.com/species/407/CommonWood-Pigeon-thumbnail-4b86c907c8b82c8af31d566b811dee05.jpg","https://media.birdweather.com/species/407/CommonWood-Pigeon-png200-533b13201573be3895fcec3e61e861b5.png","2ukFHwIHiYeWxnZUiniYZ3h5h6+rCIQH",14141302029,"https://media.birdweather.com/soundscapes/6891/6891-20260710-080210.flac",0,3,"birdnetpi"
9541424206,6891,"2026-07-10T10:01:45.000+02:00",0.89,0.660715103149414,9.14318669274929,"almost_certain","2p4",NA,51.5694,6.009,FALSE,119,"Common House-Martin","Delichon urbicum","#53b1ff","avian","https://media.birdweather.com/species/119/CommonHouse-Martin-standard-9ffbcc688c51210fb136a162c84d82ad.jpg","https://media.birdweather.com/species/119/CommonHouse-Martin-thumbnail-dd7059ca6235347c3097e7a66f04df95.jpg","https://media.birdweather.com/species/119/CommonHouse-Martin-png200-a73a8953ce2af50676da81e70b2746b2.png","YhgKDwKJd4iIiHd/h5h5d4mIeQqVllAH",14141289710,"https://media.birdweather.com/soundscapes/6891/6891-20260710-080145.flac",0,3,"birdnetpi"
9541423326,6891,"2026-07-10T10:01:40.000+02:00",0.93,0.9930100440979,9.78436535641535,"almost_certain","2p4",NA,51.5619,6.001,FALSE,407,"Common Wood-Pigeon","Columba palumbus","#028fb2","avian","https://media.birdweather.com/species/407/CommonWood-Pigeon-standard-5558900260c92622ceef8a812b06518e.jpg","https://media.birdweather.com/species/407/CommonWood-Pigeon-thumbnail-4b86c907c8b82c8af31d566b811dee05.jpg","https://media.birdweather.com/species/407/CommonWood-Pigeon-png200-533b13201573be3895fcec3e61e861b5.png","2ukFHwIHiYeWxnZUiniYZ3h5h6+rCIQH",14141287755,"https://media.birdweather.com/soundscapes/6891/6891-20260710-080140.flac",0,3,"birdnetpi"
9541417328,6891,"2026-07-10T10:01:11.000+02:00",0.98,0.660715103149414,9.33768595068972,"almost_certain","2p4",NA,51.5618,6.0028,FALSE,119,"Common House-Martin","Delichon urbicum","#53b1ff","avian","https://media.birdweather.com/species/119/CommonHouse-Martin-standard-9ffbcc688c51210fb136a162c84d82ad.jpg","https://media.birdweather.com/species/119/CommonHouse-Martin-thumbnail-dd7059ca6235347c3097e7a66f04df95.jpg","https://media.birdweather.com/species/119/CommonHouse-Martin-png200-a73a8953ce2af50676da81e70b2746b2.png","YhgKDwKJd4iIiHd/h5h5d4mIeQqVllAH",14141274982,"https://media.birdweather.com/soundscapes/6891/6891-20260710-080111.flac",0,3,"birdnetpi"
9541416189,6891,"2026-07-10T10:01:09.000+02:00",0.92,0.9930100440979,9.76244488877073,"almost_certain","2p4",NA,51.5671,6.0025,FALSE,407,"Common Wood-Pigeon","Columba palumbus","#028fb2","avian","https://media.birdweather.com/species/407/CommonWood-Pigeon-standard-5558900260c92622ceef8a812b06518e.jpg","https://media.birdweather.com/species/407/CommonWood-Pigeon-thumbnail-4b86c907c8b82c8af31d566b811dee05.jpg","https://media.birdweather.com/species/407/CommonWood-Pigeon-png200-533b13201573be3895fcec3e61e861b5.png","2ukFHwIHiYeWxnZUiniYZ3h5h6+rCIQH",14141272635,"https://media.birdweather.com/soundscapes/6891/6891-20260710-080109.flac",0,3,"birdnetpi"
9541403598,6891,"2026-07-10T10:00:10.000+02:00",0.8,0.159493267536163,7.03195409287898,"almost_certain","2p4",NA,51.5658,6.0086,FALSE,143,"Eurasian Oystercatcher","Haematopus ostralegus","#ca8600","avian","https://media.birdweather.com/species/143/EurasianOystercatcher-standard-de054f6108c9ec46b2430e18a3a05899.jpg","https://media.birdweather.com/species/143/EurasianOystercatcher-thumbnail-30dda908d192acf9a6ba366e2d58599a.jpg","https://media.birdweather.com/species/143/EurasianOystercatcher-png200-eaade4c821880831fc0130856cf4cad3.png","3vcRFwKHd4mAiHeCdth4eIeIhYD5CocK",14141245713,"https://media.birdweather.com/soundscapes/6891/6891-20260710-080010.flac",0,3,"birdnetpi"
9541397059,6891,"2026-07-10T09:59:42.000+02:00",0.99,0.159493267536163,7.47320848674066,"almost_certain","2p4",NA,51.5692,6.0085,FALSE,143,"Eurasian Oystercatcher","Haematopus ostralegus","#ca8600","avian","https://media.birdweather.com/species/143/EurasianOystercatcher-standard-de054f6108c9ec46b2430e18a3a05899.jpg","https://media.birdweather.com/species/143/EurasianOystercatcher-thumbnail-30dda908d192acf9a6ba366e2d58599a.jpg","https://media.birdweather.com/species/143/EurasianOystercatcher-png200-eaade4c821880831fc0130856cf4cad3.png","3vcRFwKHd4mAiHeCdth4eIeIhYD5CocK",14141231581,"https://media.birdweather.com/soundscapes/6891/6891-20260710-075942.flac",0,3,"birdnetpi"
9541394329,6891,"2026-07-10T09:59:28.000+02:00",0.79,0.9930100440979,9.44006458967051,"almost_certain","2p4",NA,51.5688,6.0077,FALSE,407,"Common Wood-Pigeon","Columba palumbus","#028fb2","avian","https://media.birdweather.com/species/407/CommonWood-Pigeon-standard-5558900260c92622ceef8a812b06518e.jpg","https://media.birdweather.com/species/407/CommonWood-Pigeon-thumbnail-4b86c907c8b82c8af31d566b811dee05.jpg","https://media.birdweather.com/species/407/CommonWood-Pigeon-png200-533b13201573be3895fcec3e61e861b5.png","2ukFHwIHiYeWxnZUiniYZ3h5h6+rCIQH",14141225864,"https://media.birdweather.com/soundscapes/6891/6891-20260710-075928.flac",0,3,"birdnetpi"
9541393067,6891,"2026-07-10T09:59:24.000+02:00",0.93,0.159493267536163,7.34857715059882,"almost_certain","2p4",NA,51.5636,6.003,FALSE,143,"Eurasian Oystercatcher","Haematopus ostralegus","#ca8600","avian","https://media.birdweather.com/species/143/EurasianOystercatcher-standard-de054f6108c9ec46b2430e18a3a05899.jpg","https://media.birdweather.com/species/143/EurasianOystercatcher-thumbnail-30dda908d192acf9a6ba366e2d58599a.jpg","https://media.birdweather.com/species/143/EurasianOystercatcher-png200-eaade4c821880831fc0130856cf4cad3.png","3vcRFwKHd4mAiHeCdth4eIeIhYD5CocK",14141222866,"https://media.birdweather.com/soundscapes/6891/6891-20260710-075924.flac",0,3,"birdnetpi"
9541386275,6891,"2026-07-10T09:58:54.000+02:00",1,0.660715103149414,9.37739887620608,"almost_certain","2p4",NA,51.5663,6.0011,FALSE,119,"Common House-Martin","Delichon urbicum","#53b1ff","avian","https://media.birdweather.com/species/119/CommonHouse-Martin-standard-9ffbcc688c51210fb136a162c84d82ad.jpg","https://media.birdweather.com/species/119/CommonHouse-Martin-thumbnail-dd7059ca6235347c3097e7a66f04df95.jpg","https://media.birdweather.com/species/119/CommonHouse-Martin-png200-a73a8953ce2af50676da81e70b2746b2.png","YhgKDwKJd4iIiHd/h5h5d4mIeQqVllAH",14141208255,"https://media.birdweather.com/soundscapes/6891/6891-20260710-075854.flac",0,3,"birdnetpi"
9541374549,6891,"2026-07-10T09:58:10.000+02:00",0.73,0.660715103149414,8.70980455309864,"almost_certain","2p4",NA,51.5629,6.0086,FALSE,119,"Common House-Martin","Delichon urbicum","#53b1ff","avian","https://media.birdweather.com/species/119/CommonHouse-Martin-standard-9ffbcc688c51210fb136a162c84d82ad.jpg","https://media.birdweather.com/species/119/CommonHouse-Martin-thumbnail-dd7059ca6235347c3097e7a66f04df95.jpg","https://media.birdweather.com/species/119/CommonHouse-Martin-png200-a73a8953ce2af50676da81e70b2746b2.png","YhgKDwKJd4iIiHd/h5h5d4mIeQqVllAH",14141183181,"https://media.birdweather.com/soundscapes/6891/6891-20260710-075810.flac",0,3,"birdnetpi"
9541368220,6891,"2026-07-10T09:57:31.000+02:00",0.8,0.9930100440979,9.46774229869552,"almost_certain","2p4",NA,51.5668,6.0027,FALSE,407,"Common Wood-Pigeon","Columba palumbus","#028fb2","avian","https://media.birdweather.com/species/407/CommonWood-Pigeon-standard-5558900260c92622ceef8a812b06518e.jpg","https://media.birdweather.com/species/407/CommonWood-Pigeon-thumbnail-4b86c907c8b82c8af31d566b811dee05.jpg","https://media.birdweather.com/species/407/CommonWood-Pigeon-png200-533b13201573be3895fcec3e61e861b5.png","2ukFHwIHiYeWxnZUiniYZ3h5h6+rCIQH",14141170291,"https://media.birdweather.com/soundscapes/6891/6891-20260710-075731.flac",0,3,"birdnetpi"
9541360788,6891,"2026-07-10T09:56:58.000+02:00",0.78,0.827771067619324,9.16519434510748,"almost_certain","2p4",NA,51.5615,6.0032,FALSE,1,"House Sparrow","Passer domesticus","#d16ff8","avian","https://media.birdweather.com/species/1/HouseSparrow-standard-b861184cf45c092cdb45fd689dd676ef.jpg","https://media.birdweather.com/species/1/HouseSparrow-thumbnail-e9cbc91763a1579de8ef04880678b5e3.jpg","https://media.birdweather.com/species/1/HouseSparrow-png200-125e8603e1efe9d7a18316b94f06a65e.png","XAgCDwD8qpukuHiqtLZ9mImnmPFcDO4E",14141154618,"https://media.birdweather.com/soundscapes/6891/6891-20260710-075658.flac",0,3,"birdnetpi"
9541351464,6891,"2026-07-10T09:56:19.000+02:00",0.96,0.660715103149414,9.29678739117466,"almost_certain","2p4",NA,51.5691,6.0067,FALSE,119,"Common House-Martin","Delichon urbicum","#53b1ff","avian","https://media.birdweather.com/species/119/CommonHouse-Martin-standard-9ffbcc688c51210fb136a162c84d82ad.jpg","https://media.birdweather.com/species/119/CommonHouse-Martin-thumbnail-dd7059ca6235347c3097e7a66f04df95.jpg","https://media.birdweather.com/species/119/CommonHouse-Martin-png200-a73a8953ce2af50676da81e70b2746b2.png","YhgKDwKJd4iIiHd/h5h5d4mIeQqVllAH",14141134746,"https://media.birdweather.com/soundscapes/6891/6891-20260710-075619.flac",0,3,"birdnetpi"
9541348044,6891,"2026-07-10T09:56:03.000+02:00",0.95,0.876010596752167,9.65725765004858,"almost_certain","2p4",NA,51.5674,6.0052,FALSE,551,"Common Swift","Apus apus","#234bb2","avian","https://media.birdweather.com/species/551/CommonSwift-standard-ba54f84fbd8481b1c0de60654fbd79d5.jpg","https://media.birdweather.com/species/551/CommonSwift-thumbnail-bad1d7e3c141990f11d01e49e9f768ac.jpg","https://media.birdweather.com/species/551/CommonSwift-png200-f52bea49cb0e4232049806bde3e1a401.png","LLYFFwLchWelV5dvsqh1jKZoKJIEMkoA",14141127622,"https://media.birdweather.com/soundscapes/6891/6891-20260710-075603.flac",0,3,"birdnetpi"
9541347442,6891,"2026-07-10T09:55:58.000+02:00",0.97,0.660715103149414,9.31738928316408,"almost_certain","2p4",NA,51.5621,6.0022,FALSE,119,"Common House-Martin","Delichon urbicum","#53b1ff","avian","https://media.birdweather.com/species/119/CommonHouse-Martin-standard-9ffbcc688c51210fb136a162c84d82ad.jpg","https://media.birdweather.com/species/119/CommonHouse-Martin-thumbnail-dd7059ca6235347c3097e7a66f04df95.jpg","https://media.birdweather.com/species/119/CommonHouse-Martin-png200-a73a8953ce2af50676da81e70b2746b2.png","YhgKDwKJd4iIiHd/h5h5d4mIeQqVllAH",14141126222,"https://media.birdweather.com/soundscapes/6891/6891-20260710-075558.flac",0,3,"birdnetpi"
9541344082,6891,"2026-07-10T09:55:44.000+02:00",0.93,0.9930100440979,9.78436535641535,"almost_certain","2p4",NA,51.5651,6.0034,FALSE,407,"Common Wood-Pigeon","Columba palumbus","#028fb2","avian","https://media.birdweather.com/species/407/CommonWood-Pigeon-standard-5558900260c92622ceef8a812b06518e.jpg","https://media.birdweather.com/species/407/CommonWood-Pigeon-thumbnail-4b86c907c8b82c8af31d566b811dee05.jpg","https://media.birdweather.com/species/407/CommonWood-Pigeon-png200-533b13201573be3895fcec3e61e861b5.png","2ukFHwIHiYeWxnZUiniYZ3h5h6+rCIQH",14141118969,"https://media.birdweather.com/soundscapes/6891/6891-20260710-075544.flac",0,3,"birdnetpi"
9541338595,6891,"2026-07-10T09:55:19.000+02:00",0.94,0.660715103149414,9.25463021880121,"almost_certain","2p4",NA,51.5695,6.004,FALSE,119,"Common House-Martin","Delichon urbicum","#53b1ff","avian","https://media.birdweather.com/species/119/CommonHouse-Martin-standard-9ffbcc688c51210fb136a162c84d82ad.jpg","https://media.birdweather.com/species/119/CommonHouse-Martin-thumbnail-dd7059ca6235347c3097e7a66f04df95.jpg","https://media.birdweather.com/species/119/CommonHouse-Martin-png200-a73a8953ce2af50676da81e70b2746b2.png","YhgKDwKJd4iIiHd/h5h5d4mIeQqVllAH",14141107174,"https://media.birdweather.com/soundscapes/6891/6891-20260710-075519.flac",0,3,"birdnetpi"
9541337322,6891,"2026-07-10T09:55:12.000+02:00",0.99,0.876010596752167,9.7390730015898,"almost_certain","2p4",NA,51.5671,6.0059,FALSE,551,"Common Swift","Apus apus","#234bb2","avian","https://media.birdweather.com/species/551/CommonSwift-standard-ba54f84fbd8481b1c0de60654fbd79d5.jpg","https://media.birdweather.com/species/551/CommonSwift-thumbnail-bad1d7e3c141990f11d01e49e9f768ac.jpg","https://media.birdweather.com/species/551/CommonSwift-png200-f52bea49cb0e4232049806bde3e1a401.png","LLYFFwLchWelV5dvsqh1jKZoKJIEMkoA",14141104401,"https://media.birdweather.com/soundscapes/6891/6891-20260710-075512.flac",0,3,"birdnetpi"
9541332585,6891,"2026-07-10T09:54:55.000+02:00",0.99,0.660715103149414,9.3576863058967,"almost_certain","2p4",NA,51.5665,6.0059,FALSE,119,"Common House-Martin","Delichon urbicum","#53b1ff","avian","https://media.birdweather.com/species/119/CommonHouse-Martin-standard-9ffbcc688c51210fb136a162c84d82ad.jpg","https://media.birdweather.com/species/119/CommonHouse-Martin-thumbnail-dd7059ca6235347c3097e7a66f04df95.jpg","https://media.birdweather.com/species/119/CommonHouse-Martin-png200-a73a8953ce2af50676da81e70b2746b2.png","YhgKDwKJd4iIiHd/h5h5d4mIeQqVllAH",14141094432,"https://media.birdweather.com/soundscapes/6891/6891-20260710-075455.flac",0,3,"birdnetpi"
9541329945,6891,"2026-07-10T09:54:40.000+02:00",0.9,0.9930100440979,9.71752283150323,"almost_certain","2p4",NA,51.5673,6.007,FALSE,407,"Common Wood-Pigeon","Columba palumbus","#028fb2","avian","https://media.birdweather.com/species/407/CommonWood-Pigeon-standard-5558900260c92622ceef8a812b06518e.jpg","https://media.birdweather.com/species/407/CommonWood-Pigeon-thumbnail-4b86c907c8b82c8af31d566b811dee05.jpg","https://media.birdweather.com/species/407/CommonWood-Pigeon-png200-533b13201573be3895fcec3e61e861b5.png","2ukFHwIHiYeWxnZUiniYZ3h5h6+rCIQH",14141088743,"https://media.birdweather.com/soundscapes/6891/6891-20260710-075440.flac",0,3,"birdnetpi"
9541328498,6891,"2026-07-10T09:54:33.000+02:00",0.84,0.876010596752167,9.40325523408461,"almost_certain","2p4",NA,51.5674,6.0019,FALSE,551,"Common Swift","Apus apus","#234bb2","avian","https://media.birdweather.com/species/551/CommonSwift-standard-ba54f84fbd8481b1c0de60654fbd79d5.jpg","https://media.birdweather.com/species/551/CommonSwift-thumbnail-bad1d7e3c141990f11d01e49e9f768ac.jpg","https://media.birdweather.com/species/551/CommonSwift-png200-f52bea49cb0e4232049806bde3e1a401.png","LLYFFwLchWelV5dvsqh1jKZoKJIEMkoA",14141085877,"https://media.birdweather.com/soundscapes/6891/6891-20260710-075433.flac",0,3,"birdnetpi"
9541325466,6891,"2026-07-10T09:54:22.000+02:00",0.95,0.924771189689636,9.73065248425112,"almost_certain","2p4",NA,51.568,6.0043,FALSE,397,"Barn Swallow","Hirundo rustica","#c85500","avian","https://media.birdweather.com/species/397/BarnSwallow-standard-66c9cb8916403efe633a420fe54e3bc6.jpg","https://media.birdweather.com/species/397/BarnSwallow-thumbnail-418cddeb212e9e1ce5d35f61a3040433.jpg","https://media.birdweather.com/species/397/BarnSwallow-png200-317c812ebfcec488fad1824feff99dbc.png","IAgKHwKLhnmThXdPl1i3p3ll51f4jngP",14141079341,"https://media.birdweather.com/soundscapes/6891/6891-20260710-075422.flac",0,3,"birdnetpi"
9541322554,6891,"2026-07-10T09:54:12.000+02:00",0.98,0.876010596752167,9.71907264638282,"almost_certain","2p4",NA,51.563,6.0078,FALSE,551,"Common Swift","Apus apus","#234bb2","avian","https://media.birdweather.com/species/551/CommonSwift-standard-ba54f84fbd8481b1c0de60654fbd79d5.jpg","https://media.birdweather.com/species/551/CommonSwift-thumbnail-bad1d7e3c141990f11d01e49e9f768ac.jpg","https://media.birdweather.com/species/551/CommonSwift-png200-f52bea49cb0e4232049806bde3e1a401.png","LLYFFwLchWelV5dvsqh1jKZoKJIEMkoA",14141073042,"https://media.birdweather.com/soundscapes/6891/6891-20260710-075412.flac",0,3,"birdnetpi"
9541309405,6891,"2026-07-10T09:53:07.000+02:00",0.96,0.9930100440979,9.84809777783516,"almost_certain","2p4",NA,51.5657,6.0011,FALSE,407,"Common Wood-Pigeon","Columba palumbus","#028fb2","avian","https://media.birdweather.com/species/407/CommonWood-Pigeon-standard-5558900260c92622ceef8a812b06518e.jpg","https://media.birdweather.com/species/407/CommonWood-Pigeon-thumbnail-4b86c907c8b82c8af31d566b811dee05.jpg","https://media.birdweather.com/species/407/CommonWood-Pigeon-png200-533b13201573be3895fcec3e61e861b5.png","2ukFHwIHiYeWxnZUiniYZ3h5h6+rCIQH",14141044601,"https://media.birdweather.com/soundscapes/6891/6891-20260710-075307.flac",0,3,"birdnetpi"
9541307541,6891,"2026-07-10T09:52:58.000+02:00",0.89,0.660715103149414,9.14318669274929,"almost_certain","2p4",NA,51.5698,6.0053,FALSE,119,"Common House-Martin","Delichon urbicum","#53b1ff","avian","https://media.birdweather.com/species/119/CommonHouse-Martin-standard-9ffbcc688c51210fb136a162c84d82ad.jpg","https://media.birdweather.com/species/119/CommonHouse-Martin-thumbnail-dd7059ca6235347c3097e7a66f04df95.jpg","https://media.birdweather.com/species/119/CommonHouse-Martin-png200-a73a8953ce2af50676da81e70b2746b2.png","YhgKDwKJd4iIiHd/h5h5d4mIeQqVllAH",14141040884,"https://media.birdweather.com/soundscapes/6891/6891-20260710-075258.flac",0,3,"birdnetpi"
9541293424,6891,"2026-07-10T09:51:55.000+02:00",0.84,0.876010596752167,9.40325523408461,"almost_certain","2p4",NA,51.5617,6.0079,FALSE,551,"Common Swift","Apus apus","#234bb2","avian","https://media.birdweather.com/species/551/CommonSwift-standard-ba54f84fbd8481b1c0de60654fbd79d5.jpg","https://media.birdweather.com/species/551/CommonSwift-thumbnail-bad1d7e3c141990f11d01e49e9f768ac.jpg","https://media.birdweather.com/species/551/CommonSwift-png200-f52bea49cb0e4232049806bde3e1a401.png","LLYFFwLchWelV5dvsqh1jKZoKJIEMkoA",14141010819,"https://media.birdweather.com/soundscapes/6891/6891-20260710-075155.flac",0,3,"birdnetpi"
9541289800,6891,"2026-07-10T09:51:40.000+02:00",0.91,0.660715103149414,9.18885758851589,"almost_certain","2p4",NA,51.5694,6.0008,FALSE,119,"Common House-Martin","Delichon urbicum","#53b1ff","avian","https://media.birdweather.com/species/119/CommonHouse-Martin-standard-9ffbcc688c51210fb136a162c84d82ad.jpg","https://media.birdweather.com/species/119/CommonHouse-Martin-thumbnail-dd7059ca6235347c3097e7a66f04df95.jpg","https://media.birdweather.com/species/119/CommonHouse-Martin-png200-a73a8953ce2af50676da81e70b2746b2.png","YhgKDwKJd4iIiHd/h5h5d4mIeQqVllAH",14141003098,"https://media.birdweather.com/soundscapes/6891/6891-20260710-075140.flac",0,3,"birdnetpi"
9541286640,6891,"2026-07-10T09:51:27.000+02:00",0.77,0.827771067619324,9.13635117450645,"almost_certain","2p4",NA,51.5633,6.0048,FALSE,1,"House Sparrow","Passer domesticus","#d16ff8","avian","https://media.birdweather.com/species/1/HouseSparrow-standard-b861184cf45c092cdb45fd689dd676ef.jpg","https://media.birdweather.com/species/1/HouseSparrow-thumbnail-e9cbc91763a1579de8ef04880678b5e3.jpg","https://media.birdweather.com/species/1/HouseSparrow-png200-125e8603e1efe9d7a18316b94f06a65e.png","XAgCDwD8qpukuHiqtLZ9mImnmPFcDO4E",14140996468,"https://media.birdweather.com/soundscapes/6891/6891-20260710-075127.flac",0,3,"birdnetpi"
9541280357,6891,"2026-07-10T09:51:03.000+02:00",0.83,0.827771067619324,9.30094888173008,"almost_certain","2p4",NA,51.5692,6.0005,FALSE,1,"House Sparrow","Passer domesticus","#d16ff8","avian","https://media.birdweather.com/species/1/HouseSparrow-standard-b861184cf45c092cdb45fd689dd676ef.jpg","https://media.birdweather.com/species/1/HouseSparrow-thumbnail-e9cbc91763a1579de8ef04880678b5e3.jpg","https://media.birdweather.com/species/1/HouseSparrow-png200-125e8603e1efe9d7a18316b94f06a65e.png","XAgCDwD8qpukuHiqtLZ9mImnmPFcDO4E",14140983088,"https://media.birdweather.com/soundscapes/6891/6891-20260710-075103.flac",0,3,"birdnetpi"
9541273854,6891,"2026-07-10T09:50:40.000+02:00",0.78,0.827771067619324,9.16519434510748,"almost_certain","2p4",NA,51.5676,6.0019,FALSE,1,"House Sparrow","Passer domesticus","#d16ff8","avian","https://media.birdweather.com/species/1/HouseSparrow-standard-b861184cf45c092cdb45fd689dd676ef.jpg","https://media.birdweather.com/species/1/HouseSparrow-thumbnail-e9cbc91763a1579de8ef04880678b5e3.jpg","https://media.birdweather.com/species/1/HouseSparrow-png200-125e8603e1efe9d7a18316b94f06a65e.png","XAgCDwD8qpukuHiqtLZ9mImnmPFcDO4E",14140969391,"https://media.birdweather.com/soundscapes/6891/6891-20260710-075040.flac",0,3,"birdnetpi"
9541267693,6891,"2026-07-10T09:50:01.000+02:00",0.8,0.827771067619324,9.22112047760023,"almost_certain","2p4",NA,51.5642,6.0085,FALSE,1,"House Sparrow","Passer domesticus","#d16ff8","avian","https://media.birdweather.com/species/1/HouseSparrow-standard-b861184cf45c092cdb45fd689dd676ef.jpg","https://media.birdweather.com/species/1/HouseSparrow-thumbnail-e9cbc91763a1579de8ef04880678b5e3.jpg","https://media.birdweather.com/species/1/HouseSparrow-png200-125e8603e1efe9d7a18316b94f06a65e.png","XAgCDwD8qpukuHiqtLZ9mImnmPFcDO4E",14140956465,"https://media.birdweather.com/soundscapes/6891/6891-20260710-075001.flac",0,3,"birdnetpi"
9541260240,6891,"2026-07-10T09:49:28.000+02:00",0.86,0.827771067619324,9.37638077647082,"almost_certain","2p4",NA,51.562,6.0069,FALSE,1,"House Sparrow","Passer domesticus","#d16ff8","avian","https://media.birdweather.com/species/1/HouseSparrow-standard-b861184cf45c092cdb45fd689dd676ef.jpg","https://media.birdweather.com/species/1/HouseSparrow-thumbnail-e9cbc91763a1579de8ef04880678b5e3.jpg","https://media.birdweather.com/species/1/HouseSparrow-png200-125e8603e1efe9d7a18316b94f06a65e.png","XAgCDwD8qpukuHiqtLZ9mImnmPFcDO4E",14140940663,"https://media.birdweather.com/soundscapes/6891/6891-20260710-074928.flac",0,3,"birdnetpi"
9541257047,6891,"2026-07-10T09:49:15.000+02:00",0.86,0.827771067619324,9.37638077647082,"almost_certain","2p4",NA,51.5656,6.009,FALSE,1,"House Sparrow","Passer domesticus","#d16ff8","avian","https://media.birdweather.com/species/1/HouseSparrow-standard-b861184cf45c092cdb45fd689dd676ef.jpg","https://media.birdweather.com/species/1/HouseSparrow-thumbnail-e9cbc91763a1579de8ef04880678b5e3.jpg","https://media.birdweather.com/species/1/HouseSparrow-png200-125e8603e1efe9d7a18316b94f06a65e.png","XAgCDwD8qpukuHiqtLZ9mImnmPFcDO4E",14140933626,"https://media.birdweather.com/soundscapes/6891/6891-20260710-074915.flac",0,3,"birdnetpi"
9541253394,6891,"2026-07-10T09:49:07.000+02:00",0.86,0.827771067619324,9.37638077647082,"almost_certain","2p4",NA,51.5702,6.0018,FALSE,1,"House Sparrow","Passer domesticus","#d16ff8","avian","https://media.birdweather.com/species/1/HouseSparrow-standard-b861184cf45c092cdb45fd689dd676ef.jpg","https://media.birdweather.com/species/1/HouseSparrow-thumbnail-e9cbc91763a1579de8ef04880678b5e3.jpg","https://media.birdweather.com/species/1/HouseSparrow-png200-125e8603e1efe9d7a18316b94f06a65e.png","XAgCDwD8qpukuHiqtLZ9mImnmPFcDO4E",14140925992,"https://media.birdweather.com/soundscapes/6891/6891-20260710-074907.flac",0,3,"birdnetpi"
9541233360,6891,"2026-07-10T09:47:28.000+02:00",0.83,0.660715103149414,8.99626031616486,"almost_certain","2p4",NA,51.5627,6.0057,FALSE,119,"Common House-Martin","Delichon urbicum","#53b1ff","avian","https://media.birdweather.com/species/119/CommonHouse-Martin-standard-9ffbcc688c51210fb136a162c84d82ad.jpg","https://media.birdweather.com/species/119/CommonHouse-Martin-thumbnail-dd7059ca6235347c3097e7a66f04df95.jpg","https://media.birdweather.com/species/119/CommonHouse-Martin-png200-a73a8953ce2af50676da81e70b2746b2.png","YhgKDwKJd4iIiHd/h5h5d4mIeQqVllAH",14140883664,"https://media.birdweather.com/soundscapes/6891/6891-20260710-074728.flac",0,3,"birdnetpi"
9541213862,6891,"2026-07-10T09:46:06.000+02:00",0.88,0.660715103149414,9.11976731904705,"almost_certain","2p4",NA,51.5619,6.0077,FALSE,119,"Common House-Martin","Delichon urbicum","#53b1ff","avian","https://media.birdweather.com/species/119/CommonHouse-Martin-standard-9ffbcc688c51210fb136a162c84d82ad.jpg","https://media.birdweather.com/species/119/CommonHouse-Martin-thumbnail-dd7059ca6235347c3097e7a66f04df95.jpg","https://media.birdweather.com/species/119/CommonHouse-Martin-png200-a73a8953ce2af50676da81e70b2746b2.png","YhgKDwKJd4iIiHd/h5h5d4mIeQqVllAH",14140843695,"https://media.birdweather.com/soundscapes/6891/6891-20260710-074606.flac",0,3,"birdnetpi"
9541205271,6891,"2026-07-10T09:45:28.000+02:00",0.92,0.876010596752167,9.59252119780333,"almost_certain","2p4",NA,51.5643,6.0038,FALSE,551,"Common Swift","Apus apus","#234bb2","avian","https://media.birdweather.com/species/551/CommonSwift-standard-ba54f84fbd8481b1c0de60654fbd79d5.jpg","https://media.birdweather.com/species/551/CommonSwift-thumbnail-bad1d7e3c141990f11d01e49e9f768ac.jpg","https://media.birdweather.com/species/551/CommonSwift-png200-f52bea49cb0e4232049806bde3e1a401.png","LLYFFwLchWelV5dvsqh1jKZoKJIEMkoA",14140826114,"https://media.birdweather.com/soundscapes/6891/6891-20260710-074528.flac",0,3,"birdnetpi"
9541203204,6891,"2026-07-10T09:45:18.000+02:00",0.79,0.827771067619324,9.19344276857523,"almost_certain","2p4",NA,51.5626,6.0059,FALSE,1,"House Sparrow","Passer domesticus","#d16ff8","avian","https://media.birdweather.com/species/1/HouseSparrow-standard-b861184cf45c092cdb45fd689dd676ef.jpg","https://media.birdweather.com/species/1/HouseSparrow-thumbnail-e9cbc91763a1579de8ef04880678b5e3.jpg","https://media.birdweather.com/species/1/HouseSparrow-png200-125e8603e1efe9d7a18316b94f06a65e.png","XAgCDwD8qpukuHiqtLZ9mImnmPFcDO4E",14140821850,"https://media.birdweather.com/soundscapes/6891/6891-20260710-074518.flac",0,3,"birdnetpi"
9541201351,6891,"2026-07-10T09:45:12.000+02:00",1,0.876010596752167,9.75878557189918,"almost_certain","2p4",NA,51.5636,6.0015,FALSE,551,"Common Swift","Apus apus","#234bb2","avian","https://media.birdweather.com/species/551/CommonSwift-standard-ba54f84fbd8481b1c0de60654fbd79d5.jpg","https://media.birdweather.com/species/551/CommonSwift-thumbnail-bad1d7e3c141990f11d01e49e9f768ac.jpg","https://media.birdweather.com/species/551/CommonSwift-png200-f52bea49cb0e4232049806bde3e1a401.png","LLYFFwLchWelV5dvsqh1jKZoKJIEMkoA",14140817971,"https://media.birdweather.com/soundscapes/6891/6891-20260710-074512.flac",0,3,"birdnetpi"
9541196513,6891,"2026-07-10T09:44:51.000+02:00",0.73,0.827771067619324,9.01449311866385,"almost_certain","2p4",NA,51.5641,6.0079,FALSE,1,"House Sparrow","Passer domesticus","#d16ff8","avian","https://media.birdweather.com/species/1/HouseSparrow-standard-b861184cf45c092cdb45fd689dd676ef.jpg","https://media.birdweather.com/species/1/HouseSparrow-thumbnail-e9cbc91763a1579de8ef04880678b5e3.jpg","https://media.birdweather.com/species/1/HouseSparrow-png200-125e8603e1efe9d7a18316b94f06a65e.png","XAgCDwD8qpukuHiqtLZ9mImnmPFcDO4E",14140808134,"https://media.birdweather.com/soundscapes/6891/6891-20260710-074451.flac",0,3,"birdnetpi"
9541192447,6891,"2026-07-10T09:44:37.000+02:00",0.85,0.827771067619324,9.35169542393215,"almost_certain","2p4",NA,51.5622,6.0058,FALSE,1,"House Sparrow","Passer domesticus","#d16ff8","avian","https://media.birdweather.com/species/1/HouseSparrow-standard-b861184cf45c092cdb45fd689dd676ef.jpg","https://media.birdweather.com/species/1/HouseSparrow-thumbnail-e9cbc91763a1579de8ef04880678b5e3.jpg","https://media.birdweather.com/species/1/HouseSparrow-png200-125e8603e1efe9d7a18316b94f06a65e.png","XAgCDwD8qpukuHiqtLZ9mImnmPFcDO4E",14140799500,"https://media.birdweather.com/soundscapes/6891/6891-20260710-074437.flac",0,3,"birdnetpi"
9541186382,6891,"2026-07-10T09:44:13.000+02:00",0.78,0.827771067619324,9.16519434510748,"almost_certain","2p4",NA,51.5615,6.0065,FALSE,1,"House Sparrow","Passer domesticus","#d16ff8","avian","https://media.birdweather.com/species/1/HouseSparrow-standard-b861184cf45c092cdb45fd689dd676ef.jpg","https://media.birdweather.com/species/1/HouseSparrow-thumbnail-e9cbc91763a1579de8ef04880678b5e3.jpg","https://media.birdweather.com/species/1/HouseSparrow-png200-125e8603e1efe9d7a18316b94f06a65e.png","XAgCDwD8qpukuHiqtLZ9mImnmPFcDO4E",14140786657,"https://media.birdweather.com/soundscapes/6891/6891-20260710-074413.flac",0,3,"birdnetpi"
9541180388,6891,"2026-07-10T09:43:37.000+02:00",0.82,0.827771067619324,9.27485285462022,"almost_certain","2p4",NA,51.5704,6.0084,FALSE,1,"House Sparrow","Passer domesticus","#d16ff8","avian","https://media.birdweather.com/species/1/HouseSparrow-standard-b861184cf45c092cdb45fd689dd676ef.jpg","https://media.birdweather.com/species/1/HouseSparrow-thumbnail-e9cbc91763a1579de8ef04880678b5e3.jpg","https://media.birdweather.com/species/1/HouseSparrow-png200-125e8603e1efe9d7a18316b94f06a65e.png","XAgCDwD8qpukuHiqtLZ9mImnmPFcDO4E",14140773912,"https://media.birdweather.com/soundscapes/6891/6891-20260710-074337.flac",0,3,"birdnetpi"
9541169729,6891,"2026-07-10T09:43:00.000+02:00",0.87,0.827771067619324,9.400629197097,"almost_certain","2p4",NA,51.565,6.0085,FALSE,1,"House Sparrow","Passer domesticus","#d16ff8","avian","https://media.birdweather.com/species/1/HouseSparrow-standard-b861184cf45c092cdb45fd689dd676ef.jpg","https://media.birdweather.com/species/1/HouseSparrow-thumbnail-e9cbc91763a1579de8ef04880678b5e3.jpg","https://media.birdweather.com/species/1/HouseSparrow-png200-125e8603e1efe9d7a18316b94f06a65e.png","XAgCDwD8qpukuHiqtLZ9mImnmPFcDO4E",14140751950,"https://media.birdweather.com/soundscapes/6891/6891-20260710-074300.flac",0,3,"birdnetpi"
9541166935,6891,"2026-07-10T09:42:40.000+02:00",0.87,0.660715103149414,9.09594063153179,"almost_certain","2p4",NA,51.5685,6.0058,FALSE,119,"Common House-Martin","Delichon urbicum","#53b1ff","avian","https://media.birdweather.com/species/119/CommonHouse-Martin-standard-9ffbcc688c51210fb136a162c84d82ad.jpg","https://media.birdweather.com/species/119/CommonHouse-Martin-thumbnail-dd7059ca6235347c3097e7a66f04df95.jpg","https://media.birdweather.com/species/119/CommonHouse-Martin-png200-a73a8953ce2af50676da81e70b2746b2.png","YhgKDwKJd4iIiHd/h5h5d4mIeQqVllAH",14140746256,"https://media.birdweather.com/soundscapes/6891/6891-20260710-074240.flac",0,3,"birdnetpi"
9541163647,6891,"2026-07-10T09:42:25.000+02:00",0.95,0.876010596752167,9.65725765004858,"almost_certain","2p4",NA,51.5679,6.0079,FALSE,551,"Common Swift","Apus apus","#234bb2","avian","https://media.birdweather.com/species/551/CommonSwift-standard-ba54f84fbd8481b1c0de60654fbd79d5.jpg","https://media.birdweather.com/species/551/CommonSwift-thumbnail-bad1d7e3c141990f11d01e49e9f768ac.jpg","https://media.birdweather.com/species/551/CommonSwift-png200-f52bea49cb0e4232049806bde3e1a401.png","LLYFFwLchWelV5dvsqh1jKZoKJIEMkoA",14140739556,"https://media.birdweather.com/soundscapes/6891/6891-20260710-074225.flac",0,3,"birdnetpi"
9541152766,6891,"2026-07-10T09:41:39.000+02:00",0.81,0.660715103149414,8.94356151143078,"almost_certain","2p4",NA,51.5653,6.0021,FALSE,119,"Common House-Martin","Delichon urbicum","#53b1ff","avian","https://media.birdweather.com/species/119/CommonHouse-Martin-standard-9ffbcc688c51210fb136a162c84d82ad.jpg","https://media.birdweather.com/species/119/CommonHouse-Martin-thumbnail-dd7059ca6235347c3097e7a66f04df95.jpg","https://media.birdweather.com/species/119/CommonHouse-Martin-png200-a73a8953ce2af50676da81e70b2746b2.png","YhgKDwKJd4iIiHd/h5h5d4mIeQqVllAH",14140717608,"https://media.birdweather.com/soundscapes/6891/6891-20260710-074139.flac",0,3,"birdnetpi"
9541148080,6891,"2026-07-10T09:41:19.000+02:00",0.93,0.660715103149414,9.23305496975486,"almost_certain","2p4",NA,51.5669,6.0052,FALSE,119,"Common House-Martin","Delichon urbicum","#53b1ff","avian","https://media.birdweather.com/species/119/CommonHouse-Martin-standard-9ffbcc688c51210fb136a162c84d82ad.jpg","https://media.birdweather.com/species/119/CommonHouse-Martin-thumbnail-dd7059ca6235347c3097e7a66f04df95.jpg","https://media.birdweather.com/species/119/CommonHouse-Martin-png200-a73a8953ce2af50676da81e70b2746b2.png","YhgKDwKJd4iIiHd/h5h5d4mIeQqVllAH",14140708153,"https://media.birdweather.com/soundscapes/6891/6891-20260710-074119.flac",0,3,"birdnetpi"
9541135558,6891,"2026-07-10T09:40:25.000+02:00",0.72,0.827771067619324,8.98225633721188,"almost_certain","2p4",NA,51.5653,6.0032,FALSE,1,"House Sparrow","Passer domesticus","#d16ff8","avian","https://media.birdweather.com/species/1/HouseSparrow-standard-b861184cf45c092cdb45fd689dd676ef.jpg","https://media.birdweather.com/species/1/HouseSparrow-thumbnail-e9cbc91763a1579de8ef04880678b5e3.jpg","https://media.birdweather.com/species/1/HouseSparrow-png200-125e8603e1efe9d7a18316b94f06a65e.png","XAgCDwD8qpukuHiqtLZ9mImnmPFcDO4E",14140682526,"https://media.birdweather.com/soundscapes/6891/6891-20260710-074025.flac",0,3,"birdnetpi"
9541126713,6891,"2026-07-10T09:39:58.000+02:00",0.72,0.827771067619324,8.98225633721188,"almost_certain","2p4",NA,51.5681,6.0025,FALSE,1,"House Sparrow","Passer domesticus","#d16ff8","avian","https://media.birdweather.com/species/1/HouseSparrow-standard-b861184cf45c092cdb45fd689dd676ef.jpg","https://media.birdweather.com/species/1/HouseSparrow-thumbnail-e9cbc91763a1579de8ef04880678b5e3.jpg","https://media.birdweather.com/species/1/HouseSparrow-png200-125e8603e1efe9d7a18316b94f06a65e.png","XAgCDwD8qpukuHiqtLZ9mImnmPFcDO4E",14140664961,"https://media.birdweather.com/soundscapes/6891/6891-20260710-073958.flac",0,3,"birdnetpi"
9541092203,6891,"2026-07-10T09:37:24.000+02:00",0.88,0.876010596752167,9.50115401474015,"almost_certain","2p4",NA,51.5623,6.0055,FALSE,551,"Common Swift","Apus apus","#234bb2","avian","https://media.birdweather.com/species/551/CommonSwift-standard-ba54f84fbd8481b1c0de60654fbd79d5.jpg","https://media.birdweather.com/species/551/CommonSwift-thumbnail-bad1d7e3c141990f11d01e49e9f768ac.jpg","https://media.birdweather.com/species/551/CommonSwift-png200-f52bea49cb0e4232049806bde3e1a401.png","LLYFFwLchWelV5dvsqh1jKZoKJIEMkoA",14140595225,"https://media.birdweather.com/soundscapes/6891/6891-20260710-073724.flac",0,3,"birdnetpi"
9541082839,6891,"2026-07-10T09:36:48.000+02:00",0.82,0.827771067619324,9.27485285462022,"almost_certain","2p4",NA,51.57,6.0038,FALSE,1,"House Sparrow","Passer domesticus","#d16ff8","avian","https://media.birdweather.com/species/1/HouseSparrow-standard-b861184cf45c092cdb45fd689dd676ef.jpg","https://media.birdweather.com/species/1/HouseSparrow-thumbnail-e9cbc91763a1579de8ef04880678b5e3.jpg","https://media.birdweather.com/species/1/HouseSparrow-png200-125e8603e1efe9d7a18316b94f06a65e.png","XAgCDwD8qpukuHiqtLZ9mImnmPFcDO4E",14140576667,"https://media.birdweather.com/soundscapes/6891/6891-20260710-073648.flac",0,3,"birdnetpi"
9541071091,6891,"2026-07-10T09:36:06.000+02:00",0.74,0.827771067619324,9.04598875863169,"almost_certain","2p4",NA,51.5618,6.0068,FALSE,1,"House Sparrow","Passer domesticus","#d16ff8","avian","https://media.birdweather.com/species/1/HouseSparrow-standard-b861184cf45c092cdb45fd689dd676ef.jpg","https://media.birdweather.com/species/1/HouseSparrow-thumbnail-e9cbc91763a1579de8ef04880678b5e3.jpg","https://media.birdweather.com/species/1/HouseSparrow-png200-125e8603e1efe9d7a18316b94f06a65e.png","XAgCDwD8qpukuHiqtLZ9mImnmPFcDO4E",14140553252,"https://media.birdweather.com/soundscapes/6891/6891-20260710-073606.flac",0,3,"birdnetpi"
9541066831,6891,"2026-07-10T09:35:43.000+02:00",0.75,0.827771067619324,9.07677657114901,"almost_certain","2p4",NA,51.5646,6.0038,FALSE,1,"House Sparrow","Passer domesticus","#d16ff8","avian","https://media.birdweather.com/species/1/HouseSparrow-standard-b861184cf45c092cdb45fd689dd676ef.jpg","https://media.birdweather.com/species/1/HouseSparrow-thumbnail-e9cbc91763a1579de8ef04880678b5e3.jpg","https://media.birdweather.com/species/1/HouseSparrow-png200-125e8603e1efe9d7a18316b94f06a65e.png","XAgCDwD8qpukuHiqtLZ9mImnmPFcDO4E",14140544765,"https://media.birdweather.com/soundscapes/6891/6891-20260710-073543.flac",0,3,"birdnetpi"
9541057888,6891,"2026-07-10T09:35:01.000+02:00",0.76,0.827771067619324,9.10688767335373,"almost_certain","2p4",NA,51.568,6.0064,FALSE,1,"House Sparrow","Passer domesticus","#d16ff8","avian","https://media.birdweather.com/species/1/HouseSparrow-standard-b861184cf45c092cdb45fd689dd676ef.jpg","https://media.birdweather.com/species/1/HouseSparrow-thumbnail-e9cbc91763a1579de8ef04880678b5e3.jpg","https://media.birdweather.com/species/1/HouseSparrow-png200-125e8603e1efe9d7a18316b94f06a65e.png","XAgCDwD8qpukuHiqtLZ9mImnmPFcDO4E",14140526662,"https://media.birdweather.com/soundscapes/6891/6891-20260710-073501.flac",0,3,"birdnetpi"
9541048901,6891,"2026-07-10T09:34:25.000+02:00",0.71,0.827771067619324,8.94924269154857,"almost_certain","2p4",NA,51.5701,6.0046,FALSE,1,"House Sparrow","Passer domesticus","#d16ff8","avian","https://media.birdweather.com/species/1/HouseSparrow-standard-b861184cf45c092cdb45fd689dd676ef.jpg","https://media.birdweather.com/species/1/HouseSparrow-thumbnail-e9cbc91763a1579de8ef04880678b5e3.jpg","https://media.birdweather.com/species/1/HouseSparrow-png200-125e8603e1efe9d7a18316b94f06a65e.png","XAgCDwD8qpukuHiqtLZ9mImnmPFcDO4E",14140508229,"https://media.birdweather.com/soundscapes/6891/6891-20260710-073425.flac",0,3,"birdnetpi"
9541049895,6891,"2026-07-10T09:34:24.000+02:00",0.75,0.660715103149414,8.77208800558379,"almost_certain","2p4",NA,51.563,6.0047,FALSE,119,"Common House-Martin","Delichon urbicum","#53b1ff","avian","https://media.birdweather.com/species/119/CommonHouse-Martin-standard-9ffbcc688c51210fb136a162c84d82ad.jpg","https://media.birdweather.com/species/119/CommonHouse-Martin-thumbnail-dd7059ca6235347c3097e7a66f04df95.jpg","https://media.birdweather.com/species/119/CommonHouse-Martin-png200-a73a8953ce2af50676da81e70b2746b2.png","YhgKDwKJd4iIiHd/h5h5d4mIeQqVllAH",14140510479,"https://media.birdweather.com/soundscapes/6891/6891-20260710-073424.flac",0,3,"birdnetpi"
9541040189,6891,"2026-07-10T09:33:43.000+02:00",0.94,0.660715103149414,9.25463021880121,"almost_certain","2p4",NA,51.5657,6.0016,FALSE,119,"Common House-Martin","Delichon urbicum","#53b1ff","avian","https://media.birdweather.com/species/119/CommonHouse-Martin-standard-9ffbcc688c51210fb136a162c84d82ad.jpg","https://media.birdweather.com/species/119/CommonHouse-Martin-thumbnail-dd7059ca6235347c3097e7a66f04df95.jpg","https://media.birdweather.com/species/119/CommonHouse-Martin-png200-a73a8953ce2af50676da81e70b2746b2.png","YhgKDwKJd4iIiHd/h5h5d4mIeQqVllAH",14140490644,"https://media.birdweather.com/soundscapes/6891/6891-20260710-073343.flac",0,3,"birdnetpi"
9541010408,6891,"2026-07-10T09:31:45.000+02:00",0.93,0.827771067619324,9.53774353532007,"almost_certain","2p4",NA,51.5643,6.0087,FALSE,1,"House Sparrow","Passer domesticus","#d16ff8","avian","https://media.birdweather.com/species/1/HouseSparrow-standard-b861184cf45c092cdb45fd689dd676ef.jpg","https://media.birdweather.com/species/1/HouseSparrow-thumbnail-e9cbc91763a1579de8ef04880678b5e3.jpg","https://media.birdweather.com/species/1/HouseSparrow-png200-125e8603e1efe9d7a18316b94f06a65e.png","XAgCDwD8qpukuHiqtLZ9mImnmPFcDO4E",14140431252,"https://media.birdweather.com/soundscapes/6891/6891-20260710-073145.flac",0,3,"birdnetpi"
9541007585,6891,"2026-07-10T09:31:25.000+02:00",0.96,0.660715103149414,9.29678739117466,"almost_certain","2p4",NA,51.5647,6.001,FALSE,119,"Common House-Martin","Delichon urbicum","#53b1ff","avian","https://media.birdweather.com/species/119/CommonHouse-Martin-standard-9ffbcc688c51210fb136a162c84d82ad.jpg","https://media.birdweather.com/species/119/CommonHouse-Martin-thumbnail-dd7059ca6235347c3097e7a66f04df95.jpg","https://media.birdweather.com/species/119/CommonHouse-Martin-png200-a73a8953ce2af50676da81e70b2746b2.png","YhgKDwKJd4iIiHd/h5h5d4mIeQqVllAH",14140425619,"https://media.birdweather.com/soundscapes/6891/6891-20260710-073125.flac",0,3,"birdnetpi"
9541001977,6891,"2026-07-10T09:31:03.000+02:00",0.99,0.660715103149414,9.3576863058967,"almost_certain","2p4",NA,51.565,6.0065,FALSE,119,"Common House-Martin","Delichon urbicum","#53b1ff","avian","https://media.birdweather.com/species/119/CommonHouse-Martin-standard-9ffbcc688c51210fb136a162c84d82ad.jpg","https://media.birdweather.com/species/119/CommonHouse-Martin-thumbnail-dd7059ca6235347c3097e7a66f04df95.jpg","https://media.birdweather.com/species/119/CommonHouse-Martin-png200-a73a8953ce2af50676da81e70b2746b2.png","YhgKDwKJd4iIiHd/h5h5d4mIeQqVllAH",14140414377,"https://media.birdweather.com/soundscapes/6891/6891-20260710-073103.flac",0,3,"birdnetpi"
9540922589,6891,"2026-07-10T09:25:25.000+02:00",0.72,0.827771067619324,8.98225633721188,"almost_certain","2p4",NA,51.5631,6.0041,FALSE,1,"House Sparrow","Passer domesticus","#d16ff8","avian","https://media.birdweather.com/species/1/HouseSparrow-standard-b861184cf45c092cdb45fd689dd676ef.jpg","https://media.birdweather.com/species/1/HouseSparrow-thumbnail-e9cbc91763a1579de8ef04880678b5e3.jpg","https://media.birdweather.com/species/1/HouseSparrow-png200-125e8603e1efe9d7a18316b94f06a65e.png","XAgCDwD8qpukuHiqtLZ9mImnmPFcDO4E",14140254532,"https://media.birdweather.com/soundscapes/6891/6891-20260710-072525.flac",0,3,"birdnetpi"
9540913858,6891,"2026-07-10T09:24:48.000+02:00",0.8,0.827771067619324,9.22112047760023,"almost_certain","2p4",NA,51.5662,6.0005,FALSE,1,"House Sparrow","Passer domesticus","#d16ff8","avian","https://media.birdweather.com/species/1/HouseSparrow-standard-b861184cf45c092cdb45fd689dd676ef.jpg","https://media.birdweather.com/species/1/HouseSparrow-thumbnail-e9cbc91763a1579de8ef04880678b5e3.jpg","https://media.birdweather.com/species/1/HouseSparrow-png200-125e8603e1efe9d7a18316b94f06a65e.png","XAgCDwD8qpukuHiqtLZ9mImnmPFcDO4E",14140237127,"https://media.birdweather.com/soundscapes/6891/6891-20260710-072448.flac",0,3,"birdnetpi"
9540890224,6891,"2026-07-10T09:23:12.000+02:00",0.86,0.827771067619324,9.37638077647082,"almost_certain","2p4",NA,51.569,6.0045,FALSE,1,"House Sparrow","Passer domesticus","#d16ff8","avian","https://media.birdweather.com/species/1/HouseSparrow-standard-b861184cf45c092cdb45fd689dd676ef.jpg","https://media.birdweather.com/species/1/HouseSparrow-thumbnail-e9cbc91763a1579de8ef04880678b5e3.jpg","https://media.birdweather.com/species/1/HouseSparrow-png200-125e8603e1efe9d7a18316b94f06a65e.png","XAgCDwD8qpukuHiqtLZ9mImnmPFcDO4E",14140190276,"https://media.birdweather.com/soundscapes/6891/6891-20260710-072312.flac",0,3,"birdnetpi"
9540885193,6891,"2026-07-10T09:22:57.000+02:00",0.74,0.827771067619324,9.04598875863169,"almost_certain","2p4",NA,51.562,6.0057,FALSE,1,"House Sparrow","Passer domesticus","#d16ff8","avian","https://media.birdweather.com/species/1/HouseSparrow-standard-b861184cf45c092cdb45fd689dd676ef.jpg","https://media.birdweather.com/species/1/HouseSparrow-thumbnail-e9cbc91763a1579de8ef04880678b5e3.jpg","https://media.birdweather.com/species/1/HouseSparrow-png200-125e8603e1efe9d7a18316b94f06a65e.png","XAgCDwD8qpukuHiqtLZ9mImnmPFcDO4E",14140180327,"https://media.birdweather.com/soundscapes/6891/6891-20260710-072257.flac",0,3,"birdnetpi"
9540880887,6891,"2026-07-10T09:22:40.000+02:00",0.77,0.827771067619324,9.13635117450645,"almost_certain","2p4",NA,51.5637,6.0024,FALSE,1,"House Sparrow","Passer domesticus","#d16ff8","avian","https://media.birdweather.com/species/1/HouseSparrow-standard-b861184cf45c092cdb45fd689dd676ef.jpg","https://media.birdweather.com/species/1/HouseSparrow-thumbnail-e9cbc91763a1579de8ef04880678b5e3.jpg","https://media.birdweather.com/species/1/HouseSparrow-png200-125e8603e1efe9d7a18316b94f06a65e.png","XAgCDwD8qpukuHiqtLZ9mImnmPFcDO4E",14140171869,"https://media.birdweather.com/soundscapes/6891/6891-20260710-072240.flac",0,3,"birdnetpi"
9540820296,6891,"2026-07-10T09:18:25.000+02:00",0.99,0.660715103149414,9.3576863058967,"almost_certain","2p4",NA,51.5677,6.0066,FALSE,119,"Common House-Martin","Delichon urbicum","#53b1ff","avian","https://media.birdweather.com/species/119/CommonHouse-Martin-standard-9ffbcc688c51210fb136a162c84d82ad.jpg","https://media.birdweather.com/species/119/CommonHouse-Martin-thumbnail-dd7059ca6235347c3097e7a66f04df95.jpg","https://media.birdweather.com/species/119/CommonHouse-Martin-png200-a73a8953ce2af50676da81e70b2746b2.png","YhgKDwKJd4iIiHd/h5h5d4mIeQqVllAH",14140054454,"https://media.birdweather.com/soundscapes/6891/6891-20260710-071825.flac",0,3,"birdnetpi"
9540814380,6891,"2026-07-10T09:18:06.000+02:00",0.96,0.660715103149414,9.29678739117466,"almost_certain","2p4",NA,51.5664,6.0026,FALSE,119,"Common House-Martin","Delichon urbicum","#53b1ff","avian","https://media.birdweather.com/species/119/CommonHouse-Martin-standard-9ffbcc688c51210fb136a162c84d82ad.jpg","https://media.birdweather.com/species/119/CommonHouse-Martin-thumbnail-dd7059ca6235347c3097e7a66f04df95.jpg","https://media.birdweather.com/species/119/CommonHouse-Martin-png200-a73a8953ce2af50676da81e70b2746b2.png","YhgKDwKJd4iIiHd/h5h5d4mIeQqVllAH",14140043013,"https://media.birdweather.com/soundscapes/6891/6891-20260710-071806.flac",0,3,"birdnetpi"
9540806069,6891,"2026-07-10T09:17:27.000+02:00",0.87,0.21911683678627,7.62440666601583,"almost_certain","2p4",NA,51.5634,6.0082,FALSE,20,"Black Redstart","Phoenicurus ochruros","#c8ce2d","avian","https://media.birdweather.com/species/20/BlackRedstart-standard-4255c9b712ecb46ea7d3df8d556c18e7.jpg","https://media.birdweather.com/species/20/BlackRedstart-thumbnail-2fee59acc1ecc6be7238da194869e940.jpg","https://media.birdweather.com/species/20/BlackRedstart-png200-cbc0625b8b4889aeec1da754ad906efd.png","2QgGFwT8epa+l3ZlZ5hntnh4Z/6oyZ8I",14140026790,"https://media.birdweather.com/soundscapes/6891/6891-20260710-071727.flac",0,3,"birdnetpi"
9540800471,6891,"2026-07-10T09:17:06.000+02:00",0.94,0.660715103149414,9.25463021880121,"almost_certain","2p4",NA,51.5696,6.0016,FALSE,119,"Common House-Martin","Delichon urbicum","#53b1ff","avian","https://media.birdweather.com/species/119/CommonHouse-Martin-standard-9ffbcc688c51210fb136a162c84d82ad.jpg","https://media.birdweather.com/species/119/CommonHouse-Martin-thumbnail-dd7059ca6235347c3097e7a66f04df95.jpg","https://media.birdweather.com/species/119/CommonHouse-Martin-png200-a73a8953ce2af50676da81e70b2746b2.png","YhgKDwKJd4iIiHd/h5h5d4mIeQqVllAH",14140015915,"https://media.birdweather.com/soundscapes/6891/6891-20260710-071706.flac",0,3,"birdnetpi"
9540793531,6891,"2026-07-10T09:16:43.000+02:00",0.99,0.660715103149414,9.3576863058967,"almost_certain","2p4",NA,51.5659,6.0033,FALSE,119,"Common House-Martin","Delichon urbicum","#53b1ff","avian","https://media.birdweather.com/species/119/CommonHouse-Martin-standard-9ffbcc688c51210fb136a162c84d82ad.jpg","https://media.birdweather.com/species/119/CommonHouse-Martin-thumbnail-dd7059ca6235347c3097e7a66f04df95.jpg","https://media.birdweather.com/species/119/CommonHouse-Martin-png200-a73a8953ce2af50676da81e70b2746b2.png","YhgKDwKJd4iIiHd/h5h5d4mIeQqVllAH",14140002498,"https://media.birdweather.com/soundscapes/6891/6891-20260710-071643.flac",0,3,"birdnetpi"
9540782187,6891,"2026-07-10T09:15:54.000+02:00",0.99,0.660715103149414,9.3576863058967,"almost_certain","2p4",NA,51.5685,6.0059,FALSE,119,"Common House-Martin","Delichon urbicum","#53b1ff","avian","https://media.birdweather.com/species/119/CommonHouse-Martin-standard-9ffbcc688c51210fb136a162c84d82ad.jpg","https://media.birdweather.com/species/119/CommonHouse-Martin-thumbnail-dd7059ca6235347c3097e7a66f04df95.jpg","https://media.birdweather.com/species/119/CommonHouse-Martin-png200-a73a8953ce2af50676da81e70b2746b2.png","YhgKDwKJd4iIiHd/h5h5d4mIeQqVllAH",14139980996,"https://media.birdweather.com/soundscapes/6891/6891-20260710-071554.flac",0,3,"birdnetpi"
9540777439,6891,"2026-07-10T09:15:34.000+02:00",0.99,0.660715103149414,9.3576863058967,"almost_certain","2p4",NA,51.5671,6.0088,FALSE,119,"Common House-Martin","Delichon urbicum","#53b1ff","avian","https://media.birdweather.com/species/119/CommonHouse-Martin-standard-9ffbcc688c51210fb136a162c84d82ad.jpg","https://media.birdweather.com/species/119/CommonHouse-Martin-thumbnail-dd7059ca6235347c3097e7a66f04df95.jpg","https://media.birdweather.com/species/119/CommonHouse-Martin-png200-a73a8953ce2af50676da81e70b2746b2.png","YhgKDwKJd4iIiHd/h5h5d4mIeQqVllAH",14139971667,"https://media.birdweather.com/soundscapes/6891/6891-20260710-071534.flac",0,3,"birdnetpi"
9540754246,6891,"2026-07-10T09:13:57.000+02:00",0.95,0.660715103149414,9.27587095435548,"almost_certain","2p4",NA,51.5636,6.0016,FALSE,119,"Common House-Martin","Delichon urbicum","#53b1ff","avian","https://media.birdweather.com/species/119/CommonHouse-Martin-standard-9ffbcc688c51210fb136a162c84d82ad.jpg","https://media.birdweather.com/species/119/CommonHouse-Martin-thumbnail-dd7059ca6235347c3097e7a66f04df95.jpg","https://media.birdweather.com/species/119/CommonHouse-Martin-png200-a73a8953ce2af50676da81e70b2746b2.png","YhgKDwKJd4iIiHd/h5h5d4mIeQqVllAH",14139926608,"https://media.birdweather.com/soundscapes/6891/6891-20260710-071357.flac",0,3,"birdnetpi"
9540744084,6891,"2026-07-10T09:13:21.000+02:00",0.76,0.660715103149414,8.80219910778852,"almost_certain","2p4",NA,51.5653,6.0043,FALSE,119,"Common House-Martin","Delichon urbicum","#53b1ff","avian","https://media.birdweather.com/species/119/CommonHouse-Martin-standard-9ffbcc688c51210fb136a162c84d82ad.jpg","https://media.birdweather.com/species/119/CommonHouse-Martin-thumbnail-dd7059ca6235347c3097e7a66f04df95.jpg","https://media.birdweather.com/species/119/CommonHouse-Martin-png200-a73a8953ce2af50676da81e70b2746b2.png","YhgKDwKJd4iIiHd/h5h5d4mIeQqVllAH",14139906706,"https://media.birdweather.com/soundscapes/6891/6891-20260710-071321.flac",0,3,"birdnetpi"
9540734437,6891,"2026-07-10T09:12:36.000+02:00",0.89,0.660715103149414,9.14318669274929,"almost_certain","2p4",NA,51.5679,6.0027,FALSE,119,"Common House-Martin","Delichon urbicum","#53b1ff","avian","https://media.birdweather.com/species/119/CommonHouse-Martin-standard-9ffbcc688c51210fb136a162c84d82ad.jpg","https://media.birdweather.com/species/119/CommonHouse-Martin-thumbnail-dd7059ca6235347c3097e7a66f04df95.jpg","https://media.birdweather.com/species/119/CommonHouse-Martin-png200-a73a8953ce2af50676da81e70b2746b2.png","YhgKDwKJd4iIiHd/h5h5d4mIeQqVllAH",14139888032,"https://media.birdweather.com/soundscapes/6891/6891-20260710-071236.flac",0,3,"birdnetpi"
9540707635,6891,"2026-07-10T09:10:49.000+02:00",0.76,0.660715103149414,8.80219910778852,"almost_certain","2p4",NA,51.5704,6.0015,FALSE,119,"Common House-Martin","Delichon urbicum","#53b1ff","avian","https://media.birdweather.com/species/119/CommonHouse-Martin-standard-9ffbcc688c51210fb136a162c84d82ad.jpg","https://media.birdweather.com/species/119/CommonHouse-Martin-thumbnail-dd7059ca6235347c3097e7a66f04df95.jpg","https://media.birdweather.com/species/119/CommonHouse-Martin-png200-a73a8953ce2af50676da81e70b2746b2.png","YhgKDwKJd4iIiHd/h5h5d4mIeQqVllAH",14139837061,"https://media.birdweather.com/soundscapes/6891/6891-20260710-071049.flac",0,3,"birdnetpi"
9540695049,6891,"2026-07-10T09:09:58.000+02:00",0.79,0.660715103149414,8.88875420301001,"almost_certain","2p4",NA,51.57,6.0076,FALSE,119,"Common House-Martin","Delichon urbicum","#53b1ff","avian","https://media.birdweather.com/species/119/CommonHouse-Martin-standard-9ffbcc688c51210fb136a162c84d82ad.jpg","https://media.birdweather.com/species/119/CommonHouse-Martin-thumbnail-dd7059ca6235347c3097e7a66f04df95.jpg","https://media.birdweather.com/species/119/CommonHouse-Martin-png200-a73a8953ce2af50676da81e70b2746b2.png","YhgKDwKJd4iIiHd/h5h5d4mIeQqVllAH",14139812815,"https://media.birdweather.com/soundscapes/6891/6891-20260710-070958.flac",0,3,"birdnetpi"
9540629026,6891,"2026-07-10T09:05:30.000+02:00",1,0.660715103149414,9.37739887620608,"almost_certain","2p4",NA,51.5653,6.0086,FALSE,119,"Common House-Martin","Delichon urbicum","#53b1ff","avian","https://media.birdweather.com/species/119/CommonHouse-Martin-standard-9ffbcc688c51210fb136a162c84d82ad.jpg","https://media.birdweather.com/species/119/CommonHouse-Martin-thumbnail-dd7059ca6235347c3097e7a66f04df95.jpg","https://media.birdweather.com/species/119/CommonHouse-Martin-png200-a73a8953ce2af50676da81e70b2746b2.png","YhgKDwKJd4iIiHd/h5h5d4mIeQqVllAH",14139684750,"https://media.birdweather.com/soundscapes/6891/6891-20260710-070530.flac",0,3,"birdnetpi"
9540618936,6891,"2026-07-10T09:04:49.000+02:00",0.83,0.827771067619324,9.30094888173008,"almost_certain","2p4",NA,51.5701,6.0006,FALSE,1,"House Sparrow","Passer domesticus","#d16ff8","avian","https://media.birdweather.com/species/1/HouseSparrow-standard-b861184cf45c092cdb45fd689dd676ef.jpg","https://media.birdweather.com/species/1/HouseSparrow-thumbnail-e9cbc91763a1579de8ef04880678b5e3.jpg","https://media.birdweather.com/species/1/HouseSparrow-png200-125e8603e1efe9d7a18316b94f06a65e.png","XAgCDwD8qpukuHiqtLZ9mImnmPFcDO4E",14139665301,"https://media.birdweather.com/soundscapes/6891/6891-20260710-070449.flac",0,3,"birdnetpi"
9540604354,6891,"2026-07-10T09:03:51.000+02:00",0.75,0.660715103149414,8.77208800558379,"almost_certain","2p4",NA,51.5625,6.0087,FALSE,119,"Common House-Martin","Delichon urbicum","#53b1ff","avian","https://media.birdweather.com/species/119/CommonHouse-Martin-standard-9ffbcc688c51210fb136a162c84d82ad.jpg","https://media.birdweather.com/species/119/CommonHouse-Martin-thumbnail-dd7059ca6235347c3097e7a66f04df95.jpg","https://media.birdweather.com/species/119/CommonHouse-Martin-png200-a73a8953ce2af50676da81e70b2746b2.png","YhgKDwKJd4iIiHd/h5h5d4mIeQqVllAH",14139637479,"https://media.birdweather.com/soundscapes/6891/6891-20260710-070351.flac",0,3,"birdnetpi"
9540582234,6891,"2026-07-10T09:02:21.000+02:00",0.96,0.660715103149414,9.29678739117466,"almost_certain","2p4",NA,51.5664,6.0058,FALSE,119,"Common House-Martin","Delichon urbicum","#53b1ff","avian","https://media.birdweather.com/species/119/CommonHouse-Martin-standard-9ffbcc688c51210fb136a162c84d82ad.jpg","https://media.birdweather.com/species/119/CommonHouse-Martin-thumbnail-dd7059ca6235347c3097e7a66f04df95.jpg","https://media.birdweather.com/species/119/CommonHouse-Martin-png200-a73a8953ce2af50676da81e70b2746b2.png","YhgKDwKJd4iIiHd/h5h5d4mIeQqVllAH",14139594512,"https://media.birdweather.com/soundscapes/6891/6891-20260710-070221.flac",0,3,"birdnetpi"
9540577090,6891,"2026-07-10T09:02:00.000+02:00",0.91,0.660715103149414,9.18885758851589,"almost_certain","2p4",NA,51.5642,6.002,FALSE,119,"Common House-Martin","Delichon urbicum","#53b1ff","avian","https://media.birdweather.com/species/119/CommonHouse-Martin-standard-9ffbcc688c51210fb136a162c84d82ad.jpg","https://media.birdweather.com/species/119/CommonHouse-Martin-thumbnail-dd7059ca6235347c3097e7a66f04df95.jpg","https://media.birdweather.com/species/119/CommonHouse-Martin-png200-a73a8953ce2af50676da81e70b2746b2.png","YhgKDwKJd4iIiHd/h5h5d4mIeQqVllAH",14139584515,"https://media.birdweather.com/soundscapes/6891/6891-20260710-070200.flac",0,3,"birdnetpi"
9540572255,6891,"2026-07-10T09:01:46.000+02:00",0.98,0.660715103149414,9.33768595068972,"almost_certain","2p4",NA,51.5657,6.0012,FALSE,119,"Common House-Martin","Delichon urbicum","#53b1ff","avian","https://media.birdweather.com/species/119/CommonHouse-Martin-standard-9ffbcc688c51210fb136a162c84d82ad.jpg","https://media.birdweather.com/species/119/CommonHouse-Martin-thumbnail-dd7059ca6235347c3097e7a66f04df95.jpg","https://media.birdweather.com/species/119/CommonHouse-Martin-png200-a73a8953ce2af50676da81e70b2746b2.png","YhgKDwKJd4iIiHd/h5h5d4mIeQqVllAH",14139574675,"https://media.birdweather.com/soundscapes/6891/6891-20260710-070146.flac",0,3,"birdnetpi"
9540530815,6891,"2026-07-10T08:58:49.000+02:00",0.8,0.876010596752167,9.29781860772812,"almost_certain","2p4",NA,51.5621,6.0036,FALSE,551,"Common Swift","Apus apus","#234bb2","avian","https://media.birdweather.com/species/551/CommonSwift-standard-ba54f84fbd8481b1c0de60654fbd79d5.jpg","https://media.birdweather.com/species/551/CommonSwift-thumbnail-bad1d7e3c141990f11d01e49e9f768ac.jpg","https://media.birdweather.com/species/551/CommonSwift-png200-f52bea49cb0e4232049806bde3e1a401.png","LLYFFwLchWelV5dvsqh1jKZoKJIEMkoA",14139493570,"https://media.birdweather.com/soundscapes/6891/6891-20260710-065849.flac",0,3,"birdnetpi"
9540516062,6891,"2026-07-10T08:57:49.000+02:00",0.88,0.660715103149414,9.11976731904705,"almost_certain","2p4",NA,51.5681,6.0054,FALSE,119,"Common House-Martin","Delichon urbicum","#53b1ff","avian","https://media.birdweather.com/species/119/CommonHouse-Martin-standard-9ffbcc688c51210fb136a162c84d82ad.jpg","https://media.birdweather.com/species/119/CommonHouse-Martin-thumbnail-dd7059ca6235347c3097e7a66f04df95.jpg","https://media.birdweather.com/species/119/CommonHouse-Martin-png200-a73a8953ce2af50676da81e70b2746b2.png","YhgKDwKJd4iIiHd/h5h5d4mIeQqVllAH",14139464982,"https://media.birdweather.com/soundscapes/6891/6891-20260710-065749.flac",0,3,"birdnetpi"
9540504912,6891,"2026-07-10T08:57:03.000+02:00",0.98,0.660715103149414,9.33768595068972,"almost_certain","2p4",NA,51.5629,6.0046,FALSE,119,"Common House-Martin","Delichon urbicum","#53b1ff","avian","https://media.birdweather.com/species/119/CommonHouse-Martin-standard-9ffbcc688c51210fb136a162c84d82ad.jpg","https://media.birdweather.com/species/119/CommonHouse-Martin-thumbnail-dd7059ca6235347c3097e7a66f04df95.jpg","https://media.birdweather.com/species/119/CommonHouse-Martin-png200-a73a8953ce2af50676da81e70b2746b2.png","YhgKDwKJd4iIiHd/h5h5d4mIeQqVllAH",14139443104,"https://media.birdweather.com/soundscapes/6891/6891-20260710-065703.flac",0,3,"birdnetpi"
9540500809,6891,"2026-07-10T08:56:46.000+02:00",0.96,0.876010596752167,9.67817408686776,"almost_certain","2p4",NA,51.5688,6.0076,FALSE,551,"Common Swift","Apus apus","#234bb2","avian","https://media.birdweather.com/species/551/CommonSwift-standard-ba54f84fbd8481b1c0de60654fbd79d5.jpg","https://media.birdweather.com/species/551/CommonSwift-thumbnail-bad1d7e3c141990f11d01e49e9f768ac.jpg","https://media.birdweather.com/species/551/CommonSwift-png200-f52bea49cb0e4232049806bde3e1a401.png","LLYFFwLchWelV5dvsqh1jKZoKJIEMkoA",14139434959,"https://media.birdweather.com/soundscapes/6891/6891-20260710-065646.flac",0,3,"birdnetpi"
9540489508,6891,"2026-07-10T08:56:00.000+02:00",0.99,0.660715103149414,9.3576863058967,"almost_certain","2p4",NA,51.568,6.0077,FALSE,119,"Common House-Martin","Delichon urbicum","#53b1ff","avian","https://media.birdweather.com/species/119/CommonHouse-Martin-standard-9ffbcc688c51210fb136a162c84d82ad.jpg","https://media.birdweather.com/species/119/CommonHouse-Martin-thumbnail-dd7059ca6235347c3097e7a66f04df95.jpg","https://media.birdweather.com/species/119/CommonHouse-Martin-png200-a73a8953ce2af50676da81e70b2746b2.png","YhgKDwKJd4iIiHd/h5h5d4mIeQqVllAH",14139412928,"https://media.birdweather.com/soundscapes/6891/6891-20260710-065600.flac",0,3,"birdnetpi"
9540488359,6891,"2026-07-10T08:55:55.000+02:00",0.93,0.876010596752167,9.61444166544796,"almost_certain","2p4",NA,51.5666,6.0005,FALSE,551,"Common Swift","Apus apus","#234bb2","avian","https://media.birdweather.com/species/551/CommonSwift-standard-ba54f84fbd8481b1c0de60654fbd79d5.jpg","https://media.birdweather.com/species/551/CommonSwift-thumbnail-bad1d7e3c141990f11d01e49e9f768ac.jpg","https://media.birdweather.com/species/551/CommonSwift-png200-f52bea49cb0e4232049806bde3e1a401.png","LLYFFwLchWelV5dvsqh1jKZoKJIEMkoA",14139410627,"https://media.birdweather.com/soundscapes/6891/6891-20260710-065555.flac",0,3,"birdnetpi"
9540482861,6891,"2026-07-10T08:55:33.000+02:00",0.8,0.827771067619324,9.22112047760023,"almost_certain","2p4",NA,51.5689,6.0038,FALSE,1,"House Sparrow","Passer domesticus","#d16ff8","avian","https://media.birdweather.com/species/1/HouseSparrow-standard-b861184cf45c092cdb45fd689dd676ef.jpg","https://media.birdweather.com/species/1/HouseSparrow-thumbnail-e9cbc91763a1579de8ef04880678b5e3.jpg","https://media.birdweather.com/species/1/HouseSparrow-png200-125e8603e1efe9d7a18316b94f06a65e.png","XAgCDwD8qpukuHiqtLZ9mImnmPFcDO4E",14139400017,"https://media.birdweather.com/soundscapes/6891/6891-20260710-065533.flac",0,3,"birdnetpi"
9540473884,6891,"2026-07-10T08:55:09.000+02:00",0.86,0.827771067619324,9.37638077647082,"almost_certain","2p4",NA,51.5633,6.0073,FALSE,1,"House Sparrow","Passer domesticus","#d16ff8","avian","https://media.birdweather.com/species/1/HouseSparrow-standard-b861184cf45c092cdb45fd689dd676ef.jpg","https://media.birdweather.com/species/1/HouseSparrow-thumbnail-e9cbc91763a1579de8ef04880678b5e3.jpg","https://media.birdweather.com/species/1/HouseSparrow-png200-125e8603e1efe9d7a18316b94f06a65e.png","XAgCDwD8qpukuHiqtLZ9mImnmPFcDO4E",14139383259,"https://media.birdweather.com/soundscapes/6891/6891-20260710-065509.flac",0,3,"birdnetpi"
9540470214,6891,"2026-07-10T08:54:43.000+02:00",0.79,0.827771067619324,9.19344276857523,"almost_certain","2p4",NA,51.5643,6.0039,FALSE,1,"House Sparrow","Passer domesticus","#d16ff8","avian","https://media.birdweather.com/species/1/HouseSparrow-standard-b861184cf45c092cdb45fd689dd676ef.jpg","https://media.birdweather.com/species/1/HouseSparrow-thumbnail-e9cbc91763a1579de8ef04880678b5e3.jpg","https://media.birdweather.com/species/1/HouseSparrow-png200-125e8603e1efe9d7a18316b94f06a65e.png","XAgCDwD8qpukuHiqtLZ9mImnmPFcDO4E",14139376139,"https://media.birdweather.com/soundscapes/6891/6891-20260710-065443.flac",0,3,"birdnetpi"
9540463448,6891,"2026-07-10T08:54:16.000+02:00",0.87,0.827771067619324,9.400629197097,"almost_certain","2p4",NA,51.5655,6.0087,FALSE,1,"House Sparrow","Passer domesticus","#d16ff8","avian","https://media.birdweather.com/species/1/HouseSparrow-standard-b861184cf45c092cdb45fd689dd676ef.jpg","https://media.birdweather.com/species/1/HouseSparrow-thumbnail-e9cbc91763a1579de8ef04880678b5e3.jpg","https://media.birdweather.com/species/1/HouseSparrow-png200-125e8603e1efe9d7a18316b94f06a65e.png","XAgCDwD8qpukuHiqtLZ9mImnmPFcDO4E",14139363193,"https://media.birdweather.com/soundscapes/6891/6891-20260710-065416.flac",0,3,"birdnetpi"
9540456856,6891,"2026-07-10T08:53:54.000+02:00",0.89,0.827771067619324,9.4478752583145,"almost_certain","2p4",NA,51.5653,6.0046,FALSE,1,"House Sparrow","Passer domesticus","#d16ff8","avian","https://media.birdweather.com/species/1/HouseSparrow-standard-b861184cf45c092cdb45fd689dd676ef.jpg","https://media.birdweather.com/species/1/HouseSparrow-thumbnail-e9cbc91763a1579de8ef04880678b5e3.jpg","https://media.birdweather.com/species/1/HouseSparrow-png200-125e8603e1efe9d7a18316b94f06a65e.png","XAgCDwD8qpukuHiqtLZ9mImnmPFcDO4E",14139350299,"https://media.birdweather.com/soundscapes/6891/6891-20260710-065354.flac",0,3,"birdnetpi"
9540454007,6891,"2026-07-10T08:53:37.000+02:00",0.94,0.159493267536163,7.37015239964517,"almost_certain","2p4",NA,51.5649,6.0041,FALSE,143,"Eurasian Oystercatcher","Haematopus ostralegus","#ca8600","avian","https://media.birdweather.com/species/143/EurasianOystercatcher-standard-de054f6108c9ec46b2430e18a3a05899.jpg","https://media.birdweather.com/species/143/EurasianOystercatcher-thumbnail-30dda908d192acf9a6ba366e2d58599a.jpg","https://media.birdweather.com/species/143/EurasianOystercatcher-png200-eaade4c821880831fc0130856cf4cad3.png","3vcRFwKHd4mAiHeCdth4eIeIhYD5CocK",14139344672,"https://media.birdweather.com/soundscapes/6891/6891-20260710-065337.flac",0,3,"birdnetpi"
9540450262,6891,"2026-07-10T08:53:30.000+02:00",0.84,0.827771067619324,9.32655710395673,"almost_certain","2p4",NA,51.5704,6.0013,FALSE,1,"House Sparrow","Passer domesticus","#d16ff8","avian","https://media.birdweather.com/species/1/HouseSparrow-standard-b861184cf45c092cdb45fd689dd676ef.jpg","https://media.birdweather.com/species/1/HouseSparrow-thumbnail-e9cbc91763a1579de8ef04880678b5e3.jpg","https://media.birdweather.com/species/1/HouseSparrow-png200-125e8603e1efe9d7a18316b94f06a65e.png","XAgCDwD8qpukuHiqtLZ9mImnmPFcDO4E",14139337329,"https://media.birdweather.com/soundscapes/6891/6891-20260710-065330.flac",0,3,"birdnetpi"
9540448093,6891,"2026-07-10T08:53:19.000+02:00",0.86,0.159493267536163,7.18721439174957,"almost_certain","2p4",NA,51.5637,6.0027,FALSE,143,"Eurasian Oystercatcher","Haematopus ostralegus","#ca8600","avian","https://media.birdweather.com/species/143/EurasianOystercatcher-standard-de054f6108c9ec46b2430e18a3a05899.jpg","https://media.birdweather.com/species/143/EurasianOystercatcher-thumbnail-30dda908d192acf9a6ba366e2d58599a.jpg","https://media.birdweather.com/species/143/EurasianOystercatcher-png200-eaade4c821880831fc0130856cf4cad3.png","3vcRFwKHd4mAiHeCdth4eIeIhYD5CocK",14139333055,"https://media.birdweather.com/soundscapes/6891/6891-20260710-065319.flac",0,3,"birdnetpi"
9540442991,6891,"2026-07-10T08:53:03.000+02:00",0.92,0.159493267536163,7.32665668295419,"almost_certain","2p4",NA,51.5702,6.0082,FALSE,143,"Eurasian Oystercatcher","Haematopus ostralegus","#ca8600","avian","https://media.birdweather.com/species/143/EurasianOystercatcher-standard-de054f6108c9ec46b2430e18a3a05899.jpg","https://media.birdweather.com/species/143/EurasianOystercatcher-thumbnail-30dda908d192acf9a6ba366e2d58599a.jpg","https://media.birdweather.com/species/143/EurasianOystercatcher-png200-eaade4c821880831fc0130856cf4cad3.png","3vcRFwKHd4mAiHeCdth4eIeIhYD5CocK",14139323113,"https://media.birdweather.com/soundscapes/6891/6891-20260710-065303.flac",0,3,"birdnetpi"
9540437700,6891,"2026-07-10T08:52:33.000+02:00",0.98,0.159493267536163,7.45320813153368,"almost_certain","2p4",NA,51.5682,6.0012,FALSE,143,"Eurasian Oystercatcher","Haematopus ostralegus","#ca8600","avian","https://media.birdweather.com/species/143/EurasianOystercatcher-standard-de054f6108c9ec46b2430e18a3a05899.jpg","https://media.birdweather.com/species/143/EurasianOystercatcher-thumbnail-30dda908d192acf9a6ba366e2d58599a.jpg","https://media.birdweather.com/species/143/EurasianOystercatcher-png200-eaade4c821880831fc0130856cf4cad3.png","3vcRFwKHd4mAiHeCdth4eIeIhYD5CocK",14139312563,"https://media.birdweather.com/soundscapes/6891/6891-20260710-065233.flac",0,3,"birdnetpi"
9540426683,6891,"2026-07-10T08:51:58.000+02:00",0.99,0.159493267536163,7.47320848674066,"almost_certain","2p4",NA,51.5631,6.004,FALSE,143,"Eurasian Oystercatcher","Haematopus ostralegus","#ca8600","avian","https://media.birdweather.com/species/143/EurasianOystercatcher-standard-de054f6108c9ec46b2430e18a3a05899.jpg","https://media.birdweather.com/species/143/EurasianOystercatcher-thumbnail-30dda908d192acf9a6ba366e2d58599a.jpg","https://media.birdweather.com/species/143/EurasianOystercatcher-png200-eaade4c821880831fc0130856cf4cad3.png","3vcRFwKHd4mAiHeCdth4eIeIhYD5CocK",14139291517,"https://media.birdweather.com/soundscapes/6891/6891-20260710-065158.flac",0,3,"birdnetpi"
9540416241,6891,"2026-07-10T08:51:06.000+02:00",0.77,0.827771067619324,9.13635117450645,"almost_certain","2p4",NA,51.5625,6.0057,FALSE,1,"House Sparrow","Passer domesticus","#d16ff8","avian","https://media.birdweather.com/species/1/HouseSparrow-standard-b861184cf45c092cdb45fd689dd676ef.jpg","https://media.birdweather.com/species/1/HouseSparrow-thumbnail-e9cbc91763a1579de8ef04880678b5e3.jpg","https://media.birdweather.com/species/1/HouseSparrow-png200-125e8603e1efe9d7a18316b94f06a65e.png","XAgCDwD8qpukuHiqtLZ9mImnmPFcDO4E",14139271467,"https://media.birdweather.com/soundscapes/6891/6891-20260710-065106.flac",0,3,"birdnetpi"
9540413586,6891,"2026-07-10T08:50:58.000+02:00",0.98,0.159493267536163,7.45320813153368,"almost_certain","2p4",NA,51.5687,6.0071,FALSE,143,"Eurasian Oystercatcher","Haematopus ostralegus","#ca8600","avian","https://media.birdweather.com/species/143/EurasianOystercatcher-standard-de054f6108c9ec46b2430e18a3a05899.jpg","https://media.birdweather.com/species/143/EurasianOystercatcher-thumbnail-30dda908d192acf9a6ba366e2d58599a.jpg","https://media.birdweather.com/species/143/EurasianOystercatcher-png200-eaade4c821880831fc0130856cf4cad3.png","3vcRFwKHd4mAiHeCdth4eIeIhYD5CocK",14139266609,"https://media.birdweather.com/soundscapes/6891/6891-20260710-065058.flac",0,3,"birdnetpi"
9540406732,6891,"2026-07-10T08:50:27.000+02:00",0.82,0.827771067619324,9.27485285462022,"almost_certain","2p4",NA,51.5665,6.0092,FALSE,1,"House Sparrow","Passer domesticus","#d16ff8","avian","https://media.birdweather.com/species/1/HouseSparrow-standard-b861184cf45c092cdb45fd689dd676ef.jpg","https://media.birdweather.com/species/1/HouseSparrow-thumbnail-e9cbc91763a1579de8ef04880678b5e3.jpg","https://media.birdweather.com/species/1/HouseSparrow-png200-125e8603e1efe9d7a18316b94f06a65e.png","XAgCDwD8qpukuHiqtLZ9mImnmPFcDO4E",14139253757,"https://media.birdweather.com/soundscapes/6891/6891-20260710-065027.flac",0,3,"birdnetpi"
9540399594,6891,"2026-07-10T08:50:01.000+02:00",0.82,0.827771067619324,9.27485285462022,"almost_certain","2p4",NA,51.5638,6.0085,FALSE,1,"House Sparrow","Passer domesticus","#d16ff8","avian","https://media.birdweather.com/species/1/HouseSparrow-standard-b861184cf45c092cdb45fd689dd676ef.jpg","https://media.birdweather.com/species/1/HouseSparrow-thumbnail-e9cbc91763a1579de8ef04880678b5e3.jpg","https://media.birdweather.com/species/1/HouseSparrow-png200-125e8603e1efe9d7a18316b94f06a65e.png","XAgCDwD8qpukuHiqtLZ9mImnmPFcDO4E",14139239985,"https://media.birdweather.com/soundscapes/6891/6891-20260710-065001.flac",0,3,"birdnetpi"
9540392278,6891,"2026-07-10T08:49:34.000+02:00",0.83,0.827771067619324,9.30094888173008,"almost_certain","2p4",NA,51.5692,6.0071,FALSE,1,"House Sparrow","Passer domesticus","#d16ff8","avian","https://media.birdweather.com/species/1/HouseSparrow-standard-b861184cf45c092cdb45fd689dd676ef.jpg","https://media.birdweather.com/species/1/HouseSparrow-thumbnail-e9cbc91763a1579de8ef04880678b5e3.jpg","https://media.birdweather.com/species/1/HouseSparrow-png200-125e8603e1efe9d7a18316b94f06a65e.png","XAgCDwD8qpukuHiqtLZ9mImnmPFcDO4E",14139225775,"https://media.birdweather.com/soundscapes/6891/6891-20260710-064934.flac",0,3,"birdnetpi"
9540390876,6891,"2026-07-10T08:49:24.000+02:00",0.99,0.876010596752167,9.7390730015898,"almost_certain","2p4",NA,51.5638,6.0082,FALSE,551,"Common Swift","Apus apus","#234bb2","avian","https://media.birdweather.com/species/551/CommonSwift-standard-ba54f84fbd8481b1c0de60654fbd79d5.jpg","https://media.birdweather.com/species/551/CommonSwift-thumbnail-bad1d7e3c141990f11d01e49e9f768ac.jpg","https://media.birdweather.com/species/551/CommonSwift-png200-f52bea49cb0e4232049806bde3e1a401.png","LLYFFwLchWelV5dvsqh1jKZoKJIEMkoA",14139222879,"https://media.birdweather.com/soundscapes/6891/6891-20260710-064924.flac",0,3,"birdnetpi"
9540385666,6891,"2026-07-10T08:49:01.000+02:00",0.92,0.159493267536163,7.32665668295419,"almost_certain","2p4",NA,51.5647,6.0086,FALSE,143,"Eurasian Oystercatcher","Haematopus ostralegus","#ca8600","avian","https://media.birdweather.com/species/143/EurasianOystercatcher-standard-de054f6108c9ec46b2430e18a3a05899.jpg","https://media.birdweather.com/species/143/EurasianOystercatcher-thumbnail-30dda908d192acf9a6ba366e2d58599a.jpg","https://media.birdweather.com/species/143/EurasianOystercatcher-png200-eaade4c821880831fc0130856cf4cad3.png","3vcRFwKHd4mAiHeCdth4eIeIhYD5CocK",14139212901,"https://media.birdweather.com/soundscapes/6891/6891-20260710-064901.flac",0,3,"birdnetpi"
9540364416,6891,"2026-07-10T08:47:36.000+02:00",0.82,0.749215304851532,9.1399633836171,"almost_certain","2p4",NA,51.5658,6.0055,FALSE,53,"European Starling","Sturnus vulgaris","#96038f","avian","https://media.birdweather.com/species/53/EuropeanStarling-standard-ff3a9beb497795d3bd4205bd86cf1652.jpg","https://media.birdweather.com/species/53/EuropeanStarling-thumbnail-974e70e3ea84a4be254312c2dfe527d5.jpg","https://media.birdweather.com/species/53/EuropeanStarling-png200-c81072eef7cc54f4bd51dcb88ed45765.png","FQgGBwD4dnmbZHhapUenmGh16HWAvzoO",14139172189,"https://media.birdweather.com/soundscapes/6891/6891-20260710-064736.flac",0,3,"birdnetpi"
9540362204,6891,"2026-07-10T08:47:28.000+02:00",0.72,0.660715103149414,8.67756777164667,"almost_certain","2p4",NA,51.5685,6.0082,FALSE,119,"Common House-Martin","Delichon urbicum","#53b1ff","avian","https://media.birdweather.com/species/119/CommonHouse-Martin-standard-9ffbcc688c51210fb136a162c84d82ad.jpg","https://media.birdweather.com/species/119/CommonHouse-Martin-thumbnail-dd7059ca6235347c3097e7a66f04df95.jpg","https://media.birdweather.com/species/119/CommonHouse-Martin-png200-a73a8953ce2af50676da81e70b2746b2.png","YhgKDwKJd4iIiHd/h5h5d4mIeQqVllAH",14139167806,"https://media.birdweather.com/soundscapes/6891/6891-20260710-064728.flac",0,3,"birdnetpi"
9540356448,6891,"2026-07-10T08:47:07.000+02:00",1,0.660715103149414,9.37739887620608,"almost_certain","2p4",NA,51.5701,6.005,FALSE,119,"Common House-Martin","Delichon urbicum","#53b1ff","avian","https://media.birdweather.com/species/119/CommonHouse-Martin-standard-9ffbcc688c51210fb136a162c84d82ad.jpg","https://media.birdweather.com/species/119/CommonHouse-Martin-thumbnail-dd7059ca6235347c3097e7a66f04df95.jpg","https://media.birdweather.com/species/119/CommonHouse-Martin-png200-a73a8953ce2af50676da81e70b2746b2.png","YhgKDwKJd4iIiHd/h5h5d4mIeQqVllAH",14139156947,"https://media.birdweather.com/soundscapes/6891/6891-20260710-064707.flac",0,3,"birdnetpi"
9540349603,6891,"2026-07-10T08:46:37.000+02:00",0.83,0.334065556526184,8.08176853253408,"almost_certain","2p4",NA,51.5648,6.0021,FALSE,2,"Short-toed Treecreeper","Certhia brachydactyla","#66dd57","avian","https://media.birdweather.com/species/2/Short-toedTreecreeper-standard-7bbb76fb215629d251262575c97eb338.jpg","https://media.birdweather.com/species/2/Short-toedTreecreeper-thumbnail-fab8f3fcc7962cfbf3bdbde5dc2a415d.jpg","https://media.birdweather.com/species/2/Short-toedTreecreeper-png200-9ed36805c2a6923b35a860f2814cdd8c.png","IRkGHwS/1aqJXad3ialWmph5+Yx4z3gI",14139143595,"https://media.birdweather.com/soundscapes/6891/6891-20260710-064637.flac",0,3,"birdnetpi"
9540348150,6891,"2026-07-10T08:46:30.000+02:00",0.89,0.660715103149414,9.14318669274929,"almost_certain","2p4",NA,51.5644,6.0042,FALSE,119,"Common House-Martin","Delichon urbicum","#53b1ff","avian","https://media.birdweather.com/species/119/CommonHouse-Martin-standard-9ffbcc688c51210fb136a162c84d82ad.jpg","https://media.birdweather.com/species/119/CommonHouse-Martin-thumbnail-dd7059ca6235347c3097e7a66f04df95.jpg","https://media.birdweather.com/species/119/CommonHouse-Martin-png200-a73a8953ce2af50676da81e70b2746b2.png","YhgKDwKJd4iIiHd/h5h5d4mIeQqVllAH",14139140722,"https://media.birdweather.com/soundscapes/6891/6891-20260710-064630.flac",0,3,"birdnetpi"
9540332814,6891,"2026-07-10T08:45:28.000+02:00",0.97,0.660715103149414,9.31738928316408,"almost_certain","2p4",NA,51.5616,6.0013,FALSE,119,"Common House-Martin","Delichon urbicum","#53b1ff","avian","https://media.birdweather.com/species/119/CommonHouse-Martin-standard-9ffbcc688c51210fb136a162c84d82ad.jpg","https://media.birdweather.com/species/119/CommonHouse-Martin-thumbnail-dd7059ca6235347c3097e7a66f04df95.jpg","https://media.birdweather.com/species/119/CommonHouse-Martin-png200-a73a8953ce2af50676da81e70b2746b2.png","YhgKDwKJd4iIiHd/h5h5d4mIeQqVllAH",14139111093,"https://media.birdweather.com/soundscapes/6891/6891-20260710-064528.flac",0,3,"birdnetpi"
9540322837,6891,"2026-07-10T08:44:48.000+02:00",0.89,0.749215304851532,9.31298578731138,"almost_certain","2p4",NA,51.5685,6.0047,FALSE,53,"European Starling","Sturnus vulgaris","#96038f","avian","https://media.birdweather.com/species/53/EuropeanStarling-standard-ff3a9beb497795d3bd4205bd86cf1652.jpg","https://media.birdweather.com/species/53/EuropeanStarling-thumbnail-974e70e3ea84a4be254312c2dfe527d5.jpg","https://media.birdweather.com/species/53/EuropeanStarling-png200-c81072eef7cc54f4bd51dcb88ed45765.png","FQgGBwD4dnmbZHhapUenmGh16HWAvzoO",14139091981,"https://media.birdweather.com/soundscapes/6891/6891-20260710-064448.flac",0,3,"birdnetpi"
9540322109,6891,"2026-07-10T08:44:45.000+02:00",0.84,0.334065556526184,8.10737675476073,"almost_certain","2p4",NA,51.5625,6.0015,FALSE,2,"Short-toed Treecreeper","Certhia brachydactyla","#66dd57","avian","https://media.birdweather.com/species/2/Short-toedTreecreeper-standard-7bbb76fb215629d251262575c97eb338.jpg","https://media.birdweather.com/species/2/Short-toedTreecreeper-thumbnail-fab8f3fcc7962cfbf3bdbde5dc2a415d.jpg","https://media.birdweather.com/species/2/Short-toedTreecreeper-png200-9ed36805c2a6923b35a860f2814cdd8c.png","IRkGHwS/1aqJXad3ialWmph5+Yx4z3gI",14139090580,"https://media.birdweather.com/soundscapes/6891/6891-20260710-064445.flac",0,3,"birdnetpi"
9540319854,6891,"2026-07-10T08:44:37.000+02:00",0.98,0.660715103149414,9.33768595068972,"almost_certain","2p4",NA,51.5644,6.0074,FALSE,119,"Common House-Martin","Delichon urbicum","#53b1ff","avian","https://media.birdweather.com/species/119/CommonHouse-Martin-standard-9ffbcc688c51210fb136a162c84d82ad.jpg","https://media.birdweather.com/species/119/CommonHouse-Martin-thumbnail-dd7059ca6235347c3097e7a66f04df95.jpg","https://media.birdweather.com/species/119/CommonHouse-Martin-png200-a73a8953ce2af50676da81e70b2746b2.png","YhgKDwKJd4iIiHd/h5h5d4mIeQqVllAH",14139086232,"https://media.birdweather.com/soundscapes/6891/6891-20260710-064437.flac",0,3,"birdnetpi"
9540314590,6891,"2026-07-10T08:44:18.000+02:00",0.93,0.660715103149414,9.23305496975486,"almost_certain","2p4",NA,51.5647,6.0043,FALSE,119,"Common House-Martin","Delichon urbicum","#53b1ff","avian","https://media.birdweather.com/species/119/CommonHouse-Martin-standard-9ffbcc688c51210fb136a162c84d82ad.jpg","https://media.birdweather.com/species/119/CommonHouse-Martin-thumbnail-dd7059ca6235347c3097e7a66f04df95.jpg","https://media.birdweather.com/species/119/CommonHouse-Martin-png200-a73a8953ce2af50676da81e70b2746b2.png","YhgKDwKJd4iIiHd/h5h5d4mIeQqVllAH",14139076213,"https://media.birdweather.com/soundscapes/6891/6891-20260710-064418.flac",0,3,"birdnetpi"
9540301464,6891,"2026-07-10T08:43:24.000+02:00",0.84,0.9930100440979,9.57317892505201,"almost_certain","2p4",NA,51.5619,6.001,FALSE,407,"Common Wood-Pigeon","Columba palumbus","#028fb2","avian","https://media.birdweather.com/species/407/CommonWood-Pigeon-standard-5558900260c92622ceef8a812b06518e.jpg","https://media.birdweather.com/species/407/CommonWood-Pigeon-thumbnail-4b86c907c8b82c8af31d566b811dee05.jpg","https://media.birdweather.com/species/407/CommonWood-Pigeon-png200-533b13201573be3895fcec3e61e861b5.png","2ukFHwIHiYeWxnZUiniYZ3h5h6+rCIQH",14139050915,"https://media.birdweather.com/soundscapes/6891/6891-20260710-064324.flac",0,3,"birdnetpi"
9540298778,6891,"2026-07-10T08:43:13.000+02:00",0.83,0.660715103149414,8.99626031616486,"almost_certain","2p4",NA,51.5672,6.0007,FALSE,119,"Common House-Martin","Delichon urbicum","#53b1ff","avian","https://media.birdweather.com/species/119/CommonHouse-Martin-standard-9ffbcc688c51210fb136a162c84d82ad.jpg","https://media.birdweather.com/species/119/CommonHouse-Martin-thumbnail-dd7059ca6235347c3097e7a66f04df95.jpg","https://media.birdweather.com/species/119/CommonHouse-Martin-png200-a73a8953ce2af50676da81e70b2746b2.png","YhgKDwKJd4iIiHd/h5h5d4mIeQqVllAH",14139046031,"https://media.birdweather.com/soundscapes/6891/6891-20260710-064313.flac",0,3,"birdnetpi"
9540290756,6891,"2026-07-10T08:42:52.000+02:00",0.93,0.660715103149414,9.23305496975486,"almost_certain","2p4",NA,51.5662,6.0046,FALSE,119,"Common House-Martin","Delichon urbicum","#53b1ff","avian","https://media.birdweather.com/species/119/CommonHouse-Martin-standard-9ffbcc688c51210fb136a162c84d82ad.jpg","https://media.birdweather.com/species/119/CommonHouse-Martin-thumbnail-dd7059ca6235347c3097e7a66f04df95.jpg","https://media.birdweather.com/species/119/CommonHouse-Martin-png200-a73a8953ce2af50676da81e70b2746b2.png","YhgKDwKJd4iIiHd/h5h5d4mIeQqVllAH",14139030725,"https://media.birdweather.com/soundscapes/6891/6891-20260710-064252.flac",0,3,"birdnetpi"
9540292108,6891,"2026-07-10T08:42:46.000+02:00",0.98,0.876010596752167,9.71907264638282,"almost_certain","2p4",NA,51.565,6.0092,FALSE,551,"Common Swift","Apus apus","#234bb2","avian","https://media.birdweather.com/species/551/CommonSwift-standard-ba54f84fbd8481b1c0de60654fbd79d5.jpg","https://media.birdweather.com/species/551/CommonSwift-thumbnail-bad1d7e3c141990f11d01e49e9f768ac.jpg","https://media.birdweather.com/species/551/CommonSwift-png200-f52bea49cb0e4232049806bde3e1a401.png","LLYFFwLchWelV5dvsqh1jKZoKJIEMkoA",14139033187,"https://media.birdweather.com/soundscapes/6891/6891-20260710-064246.flac",0,3,"birdnetpi"
9540284959,6891,"2026-07-10T08:42:22.000+02:00",0.99,0.660715103149414,9.3576863058967,"almost_certain","2p4",NA,51.5654,6.0087,FALSE,119,"Common House-Martin","Delichon urbicum","#53b1ff","avian","https://media.birdweather.com/species/119/CommonHouse-Martin-standard-9ffbcc688c51210fb136a162c84d82ad.jpg","https://media.birdweather.com/species/119/CommonHouse-Martin-thumbnail-dd7059ca6235347c3097e7a66f04df95.jpg","https://media.birdweather.com/species/119/CommonHouse-Martin-png200-a73a8953ce2af50676da81e70b2746b2.png","YhgKDwKJd4iIiHd/h5h5d4mIeQqVllAH",14139019294,"https://media.birdweather.com/soundscapes/6891/6891-20260710-064222.flac",0,3,"birdnetpi"
9540281114,6891,"2026-07-10T08:42:13.000+02:00",0.94,0.660715103149414,9.25463021880121,"almost_certain","2p4",NA,51.5688,6.0058,FALSE,119,"Common House-Martin","Delichon urbicum","#53b1ff","avian","https://media.birdweather.com/species/119/CommonHouse-Martin-standard-9ffbcc688c51210fb136a162c84d82ad.jpg","https://media.birdweather.com/species/119/CommonHouse-Martin-thumbnail-dd7059ca6235347c3097e7a66f04df95.jpg","https://media.birdweather.com/species/119/CommonHouse-Martin-png200-a73a8953ce2af50676da81e70b2746b2.png","YhgKDwKJd4iIiHd/h5h5d4mIeQqVllAH",14139012324,"https://media.birdweather.com/soundscapes/6891/6891-20260710-064213.flac",0,3,"birdnetpi"
9540257114,6891,"2026-07-10T08:40:25.000+02:00",0.98,0.660715103149414,9.33768595068972,"almost_certain","2p4",NA,51.5666,6.0067,FALSE,119,"Common House-Martin","Delichon urbicum","#53b1ff","avian","https://media.birdweather.com/species/119/CommonHouse-Martin-standard-9ffbcc688c51210fb136a162c84d82ad.jpg","https://media.birdweather.com/species/119/CommonHouse-Martin-thumbnail-dd7059ca6235347c3097e7a66f04df95.jpg","https://media.birdweather.com/species/119/CommonHouse-Martin-png200-a73a8953ce2af50676da81e70b2746b2.png","YhgKDwKJd4iIiHd/h5h5d4mIeQqVllAH",14138966301,"https://media.birdweather.com/soundscapes/6891/6891-20260710-064025.flac",0,3,"birdnetpi"
9540246810,6891,"2026-07-10T08:39:43.000+02:00",0.95,0.907499194145203,9.70510187352957,"almost_certain","2p4",NA,51.5659,6.0006,FALSE,25,"Common Chaffinch","Fringilla coelebs","#fb7eff","avian","https://media.birdweather.com/species/25/CommonChaffinch-standard-d8edb223d1ec828ee0cda788e8f5f209.jpg","https://media.birdweather.com/species/25/CommonChaffinch-thumbnail-7ba0a46bb0cd7efdb3215242f9528140.jpg","https://media.birdweather.com/species/25/CommonChaffinch-png200-ced617224ab07c316109e2d0e9078f2e.png","WfgJDwKGhIbAbHimmnhluHh2tv25ZoAD",14138946211,"https://media.birdweather.com/soundscapes/6891/6891-20260710-063943.flac",0,3,"birdnetpi"
9540238521,6891,"2026-07-10T08:39:13.000+02:00",0.97,0.660715103149414,9.31738928316408,"almost_certain","2p4",NA,51.5683,6.0063,FALSE,119,"Common House-Martin","Delichon urbicum","#53b1ff","avian","https://media.birdweather.com/species/119/CommonHouse-Martin-standard-9ffbcc688c51210fb136a162c84d82ad.jpg","https://media.birdweather.com/species/119/CommonHouse-Martin-thumbnail-dd7059ca6235347c3097e7a66f04df95.jpg","https://media.birdweather.com/species/119/CommonHouse-Martin-png200-a73a8953ce2af50676da81e70b2746b2.png","YhgKDwKJd4iIiHd/h5h5d4mIeQqVllAH",14138930521,"https://media.birdweather.com/soundscapes/6891/6891-20260710-063913.flac",0,3,"birdnetpi"
9540210383,6891,"2026-07-10T08:37:18.000+02:00",1,0.660715103149414,9.37739887620608,"almost_certain","2p4",NA,51.5679,6.0051,FALSE,119,"Common House-Martin","Delichon urbicum","#53b1ff","avian","https://media.birdweather.com/species/119/CommonHouse-Martin-standard-9ffbcc688c51210fb136a162c84d82ad.jpg","https://media.birdweather.com/species/119/CommonHouse-Martin-thumbnail-dd7059ca6235347c3097e7a66f04df95.jpg","https://media.birdweather.com/species/119/CommonHouse-Martin-png200-a73a8953ce2af50676da81e70b2746b2.png","YhgKDwKJd4iIiHd/h5h5d4mIeQqVllAH",14138876766,"https://media.birdweather.com/soundscapes/6891/6891-20260710-063718.flac",0,3,"birdnetpi"
9540195826,6891,"2026-07-10T08:36:19.000+02:00",0.86,0.660715103149414,9.07169221090561,"almost_certain","2p4",NA,51.5626,6.0066,FALSE,119,"Common House-Martin","Delichon urbicum","#53b1ff","avian","https://media.birdweather.com/species/119/CommonHouse-Martin-standard-9ffbcc688c51210fb136a162c84d82ad.jpg","https://media.birdweather.com/species/119/CommonHouse-Martin-thumbnail-dd7059ca6235347c3097e7a66f04df95.jpg","https://media.birdweather.com/species/119/CommonHouse-Martin-png200-a73a8953ce2af50676da81e70b2746b2.png","YhgKDwKJd4iIiHd/h5h5d4mIeQqVllAH",14138848687,"https://media.birdweather.com/soundscapes/6891/6891-20260710-063619.flac",0,3,"birdnetpi"
9540179665,6891,"2026-07-10T08:35:15.000+02:00",0.98,0.660715103149414,9.33768595068972,"almost_certain","2p4",NA,51.5675,6.0094,FALSE,119,"Common House-Martin","Delichon urbicum","#53b1ff","avian","https://media.birdweather.com/species/119/CommonHouse-Martin-standard-9ffbcc688c51210fb136a162c84d82ad.jpg","https://media.birdweather.com/species/119/CommonHouse-Martin-thumbnail-dd7059ca6235347c3097e7a66f04df95.jpg","https://media.birdweather.com/species/119/CommonHouse-Martin-png200-a73a8953ce2af50676da81e70b2746b2.png","YhgKDwKJd4iIiHd/h5h5d4mIeQqVllAH",14138817896,"https://media.birdweather.com/soundscapes/6891/6891-20260710-063515.flac",0,3,"birdnetpi"
9540179141,6891,"2026-07-10T08:35:13.000+02:00",0.75,0.21911683678627,7.30055404006783,"almost_certain","2p4",NA,51.5617,6.0084,FALSE,20,"Black Redstart","Phoenicurus ochruros","#c8ce2d","avian","https://media.birdweather.com/species/20/BlackRedstart-standard-4255c9b712ecb46ea7d3df8d556c18e7.jpg","https://media.birdweather.com/species/20/BlackRedstart-thumbnail-2fee59acc1ecc6be7238da194869e940.jpg","https://media.birdweather.com/species/20/BlackRedstart-png200-cbc0625b8b4889aeec1da754ad906efd.png","2QgGFwT8epa+l3ZlZ5hntnh4Z/6oyZ8I",14138816924,"https://media.birdweather.com/soundscapes/6891/6891-20260710-063513.flac",0,3,"birdnetpi"
9540173828,6891,"2026-07-10T08:34:58.000+02:00",0.98,0.660715103149414,9.33768595068972,"almost_certain","2p4",NA,51.5656,6.0089,FALSE,119,"Common House-Martin","Delichon urbicum","#53b1ff","avian","https://media.birdweather.com/species/119/CommonHouse-Martin-standard-9ffbcc688c51210fb136a162c84d82ad.jpg","https://media.birdweather.com/species/119/CommonHouse-Martin-thumbnail-dd7059ca6235347c3097e7a66f04df95.jpg","https://media.birdweather.com/species/119/CommonHouse-Martin-png200-a73a8953ce2af50676da81e70b2746b2.png","YhgKDwKJd4iIiHd/h5h5d4mIeQqVllAH",14138806992,"https://media.birdweather.com/soundscapes/6891/6891-20260710-063458.flac",0,3,"birdnetpi"
9540172764,6891,"2026-07-10T08:34:48.000+02:00",0.94,0.876010596752167,9.63601691449431,"almost_certain","2p4",NA,51.5688,6.0077,FALSE,551,"Common Swift","Apus apus","#234bb2","avian","https://media.birdweather.com/species/551/CommonSwift-standard-ba54f84fbd8481b1c0de60654fbd79d5.jpg","https://media.birdweather.com/species/551/CommonSwift-thumbnail-bad1d7e3c141990f11d01e49e9f768ac.jpg","https://media.birdweather.com/species/551/CommonSwift-png200-f52bea49cb0e4232049806bde3e1a401.png","LLYFFwLchWelV5dvsqh1jKZoKJIEMkoA",14138805078,"https://media.birdweather.com/soundscapes/6891/6891-20260710-063448.flac",0,3,"birdnetpi"
9540160446,6891,"2026-07-10T08:34:03.000+02:00",0.86,0.876010596752167,9.45307890659871,"almost_certain","2p4",NA,51.568,6.0055,FALSE,551,"Common Swift","Apus apus","#234bb2","avian","https://media.birdweather.com/species/551/CommonSwift-standard-ba54f84fbd8481b1c0de60654fbd79d5.jpg","https://media.birdweather.com/species/551/CommonSwift-thumbnail-bad1d7e3c141990f11d01e49e9f768ac.jpg","https://media.birdweather.com/species/551/CommonSwift-png200-f52bea49cb0e4232049806bde3e1a401.png","LLYFFwLchWelV5dvsqh1jKZoKJIEMkoA",14138782712,"https://media.birdweather.com/soundscapes/6891/6891-20260710-063403.flac",0,3,"birdnetpi"
9540156633,6891,"2026-07-10T08:33:48.000+02:00",0.94,0.660715103149414,9.25463021880121,"almost_certain","2p4",NA,51.569,6.0072,FALSE,119,"Common House-Martin","Delichon urbicum","#53b1ff","avian","https://media.birdweather.com/species/119/CommonHouse-Martin-standard-9ffbcc688c51210fb136a162c84d82ad.jpg","https://media.birdweather.com/species/119/CommonHouse-Martin-thumbnail-dd7059ca6235347c3097e7a66f04df95.jpg","https://media.birdweather.com/species/119/CommonHouse-Martin-png200-a73a8953ce2af50676da81e70b2746b2.png","YhgKDwKJd4iIiHd/h5h5d4mIeQqVllAH",14138775510,"https://media.birdweather.com/soundscapes/6891/6891-20260710-063348.flac",0,3,"birdnetpi"
9540152490,6891,"2026-07-10T08:33:30.000+02:00",0.86,0.9930100440979,9.62300259756611,"almost_certain","2p4",NA,51.5673,6.0059,FALSE,407,"Common Wood-Pigeon","Columba palumbus","#028fb2","avian","https://media.birdweather.com/species/407/CommonWood-Pigeon-standard-5558900260c92622ceef8a812b06518e.jpg","https://media.birdweather.com/species/407/CommonWood-Pigeon-thumbnail-4b86c907c8b82c8af31d566b811dee05.jpg","https://media.birdweather.com/species/407/CommonWood-Pigeon-png200-533b13201573be3895fcec3e61e861b5.png","2ukFHwIHiYeWxnZUiniYZ3h5h6+rCIQH",14138767864,"https://media.birdweather.com/soundscapes/6891/6891-20260710-063330.flac",0,3,"birdnetpi"
9540137787,6891,"2026-07-10T08:32:33.000+02:00",0.99,0.660715103149414,9.3576863058967,"almost_certain","2p4",NA,51.5616,6.0082,FALSE,119,"Common House-Martin","Delichon urbicum","#53b1ff","avian","https://media.birdweather.com/species/119/CommonHouse-Martin-standard-9ffbcc688c51210fb136a162c84d82ad.jpg","https://media.birdweather.com/species/119/CommonHouse-Martin-thumbnail-dd7059ca6235347c3097e7a66f04df95.jpg","https://media.birdweather.com/species/119/CommonHouse-Martin-png200-a73a8953ce2af50676da81e70b2746b2.png","YhgKDwKJd4iIiHd/h5h5d4mIeQqVllAH",14138740583,"https://media.birdweather.com/soundscapes/6891/6891-20260710-063233.flac",0,3,"birdnetpi"
9540131904,6891,"2026-07-10T08:32:10.000+02:00",0.7,0.644990086555481,8.57822287237209,"almost_certain","2p4",NA,51.5691,6.0055,FALSE,294,"European Greenfinch","Chloris chloris","#fea614","avian","https://media.birdweather.com/species/294/EuropeanGreenfinch-standard-34aa36357c06fbf52af390917f29436b.jpg","https://media.birdweather.com/species/294/EuropeanGreenfinch-thumbnail-7466d93ab9340d75d4eec2ca6eeed529.jpg","https://media.birdweather.com/species/294/EuropeanGreenfinch-png200-8b2951bb918db1cbed643a9530efa558.png","FRkGHwJYqWeEd4ifapeoh4ZriPUnaG8B",14138729592,"https://media.birdweather.com/soundscapes/6891/6891-20260710-063210.flac",0,3,"birdnetpi"
9540130138,6891,"2026-07-10T08:32:03.000+02:00",0.9,0.876010596752167,9.54759914053584,"almost_certain","2p4",NA,51.5659,6.0094,FALSE,551,"Common Swift","Apus apus","#234bb2","avian","https://media.birdweather.com/species/551/CommonSwift-standard-ba54f84fbd8481b1c0de60654fbd79d5.jpg","https://media.birdweather.com/species/551/CommonSwift-thumbnail-bad1d7e3c141990f11d01e49e9f768ac.jpg","https://media.birdweather.com/species/551/CommonSwift-png200-f52bea49cb0e4232049806bde3e1a401.png","LLYFFwLchWelV5dvsqh1jKZoKJIEMkoA",14138726263,"https://media.birdweather.com/soundscapes/6891/6891-20260710-063203.flac",0,3,"birdnetpi"
9540125870,6891,"2026-07-10T08:31:46.000+02:00",0.99,0.644990086555481,9.32518393153424,"almost_certain","2p4",NA,51.5702,6.0041,FALSE,294,"European Greenfinch","Chloris chloris","#fea614","avian","https://media.birdweather.com/species/294/EuropeanGreenfinch-standard-34aa36357c06fbf52af390917f29436b.jpg","https://media.birdweather.com/species/294/EuropeanGreenfinch-thumbnail-7466d93ab9340d75d4eec2ca6eeed529.jpg","https://media.birdweather.com/species/294/EuropeanGreenfinch-png200-8b2951bb918db1cbed643a9530efa558.png","FRkGHwJYqWeEd4ifapeoh4ZriPUnaG8B",14138718152,"https://media.birdweather.com/soundscapes/6891/6891-20260710-063146.flac",0,3,"birdnetpi"
9540121294,6891,"2026-07-10T08:31:33.000+02:00",0.9,0.827771067619324,9.47090101040795,"almost_certain","2p4",NA,51.5646,6.0054,FALSE,1,"House Sparrow","Passer domesticus","#d16ff8","avian","https://media.birdweather.com/species/1/HouseSparrow-standard-b861184cf45c092cdb45fd689dd676ef.jpg","https://media.birdweather.com/species/1/HouseSparrow-thumbnail-e9cbc91763a1579de8ef04880678b5e3.jpg","https://media.birdweather.com/species/1/HouseSparrow-png200-125e8603e1efe9d7a18316b94f06a65e.png","XAgCDwD8qpukuHiqtLZ9mImnmPFcDO4E",14138709593,"https://media.birdweather.com/soundscapes/6891/6891-20260710-063133.flac",0,3,"birdnetpi"
9540112458,6891,"2026-07-10T08:30:55.000+02:00",0.86,0.827771067619324,9.37638077647082,"almost_certain","2p4",NA,51.5643,6.0049,FALSE,1,"House Sparrow","Passer domesticus","#d16ff8","avian","https://media.birdweather.com/species/1/HouseSparrow-standard-b861184cf45c092cdb45fd689dd676ef.jpg","https://media.birdweather.com/species/1/HouseSparrow-thumbnail-e9cbc91763a1579de8ef04880678b5e3.jpg","https://media.birdweather.com/species/1/HouseSparrow-png200-125e8603e1efe9d7a18316b94f06a65e.png","XAgCDwD8qpukuHiqtLZ9mImnmPFcDO4E",14138692498,"https://media.birdweather.com/soundscapes/6891/6891-20260710-063055.flac",0,3,"birdnetpi"
9540105455,6891,"2026-07-10T08:30:25.000+02:00",0.81,0.827771067619324,9.248250076996,"almost_certain","2p4",NA,51.5672,6.005,FALSE,1,"House Sparrow","Passer domesticus","#d16ff8","avian","https://media.birdweather.com/species/1/HouseSparrow-standard-b861184cf45c092cdb45fd689dd676ef.jpg","https://media.birdweather.com/species/1/HouseSparrow-thumbnail-e9cbc91763a1579de8ef04880678b5e3.jpg","https://media.birdweather.com/species/1/HouseSparrow-png200-125e8603e1efe9d7a18316b94f06a65e.png","XAgCDwD8qpukuHiqtLZ9mImnmPFcDO4E",14138679482,"https://media.birdweather.com/soundscapes/6891/6891-20260710-063025.flac",0,3,"birdnetpi"
9540098669,6891,"2026-07-10T08:30:09.000+02:00",0.94,0.827771067619324,9.55931878436642,"almost_certain","2p4",NA,51.5638,6.0005,FALSE,1,"House Sparrow","Passer domesticus","#d16ff8","avian","https://media.birdweather.com/species/1/HouseSparrow-standard-b861184cf45c092cdb45fd689dd676ef.jpg","https://media.birdweather.com/species/1/HouseSparrow-thumbnail-e9cbc91763a1579de8ef04880678b5e3.jpg","https://media.birdweather.com/species/1/HouseSparrow-png200-125e8603e1efe9d7a18316b94f06a65e.png","XAgCDwD8qpukuHiqtLZ9mImnmPFcDO4E",14138666661,"https://media.birdweather.com/soundscapes/6891/6891-20260710-063009.flac",0,3,"birdnetpi"
9540091258,6891,"2026-07-10T08:29:37.000+02:00",0.89,0.827771067619324,9.4478752583145,"almost_certain","2p4",NA,51.5686,6.0087,FALSE,1,"House Sparrow","Passer domesticus","#d16ff8","avian","https://media.birdweather.com/species/1/HouseSparrow-standard-b861184cf45c092cdb45fd689dd676ef.jpg","https://media.birdweather.com/species/1/HouseSparrow-thumbnail-e9cbc91763a1579de8ef04880678b5e3.jpg","https://media.birdweather.com/species/1/HouseSparrow-png200-125e8603e1efe9d7a18316b94f06a65e.png","XAgCDwD8qpukuHiqtLZ9mImnmPFcDO4E",14138652584,"https://media.birdweather.com/soundscapes/6891/6891-20260710-062937.flac",0,3,"birdnetpi"
9540087421,6891,"2026-07-10T08:29:19.000+02:00",0.85,0.827771067619324,9.35169542393215,"almost_certain","2p4",NA,51.5655,6.0079,FALSE,1,"House Sparrow","Passer domesticus","#d16ff8","avian","https://media.birdweather.com/species/1/HouseSparrow-standard-b861184cf45c092cdb45fd689dd676ef.jpg","https://media.birdweather.com/species/1/HouseSparrow-thumbnail-e9cbc91763a1579de8ef04880678b5e3.jpg","https://media.birdweather.com/species/1/HouseSparrow-png200-125e8603e1efe9d7a18316b94f06a65e.png","XAgCDwD8qpukuHiqtLZ9mImnmPFcDO4E",14138645279,"https://media.birdweather.com/soundscapes/6891/6891-20260710-062919.flac",0,3,"birdnetpi"
9540084735,6891,"2026-07-10T08:29:04.000+02:00",1,0.876010596752167,9.75878557189918,"almost_certain","2p4",NA,51.5639,6.009,FALSE,551,"Common Swift","Apus apus","#234bb2","avian","https://media.birdweather.com/species/551/CommonSwift-standard-ba54f84fbd8481b1c0de60654fbd79d5.jpg","https://media.birdweather.com/species/551/CommonSwift-thumbnail-bad1d7e3c141990f11d01e49e9f768ac.jpg","https://media.birdweather.com/species/551/CommonSwift-png200-f52bea49cb0e4232049806bde3e1a401.png","LLYFFwLchWelV5dvsqh1jKZoKJIEMkoA",14138640297,"https://media.birdweather.com/soundscapes/6891/6891-20260710-062904.flac",0,3,"birdnetpi"
9540078415,6891,"2026-07-10T08:28:48.000+02:00",0.94,0.876010596752167,9.63601691449431,"almost_certain","2p4",NA,51.5666,6.0094,FALSE,551,"Common Swift","Apus apus","#234bb2","avian","https://media.birdweather.com/species/551/CommonSwift-standard-ba54f84fbd8481b1c0de60654fbd79d5.jpg","https://media.birdweather.com/species/551/CommonSwift-thumbnail-bad1d7e3c141990f11d01e49e9f768ac.jpg","https://media.birdweather.com/species/551/CommonSwift-png200-f52bea49cb0e4232049806bde3e1a401.png","LLYFFwLchWelV5dvsqh1jKZoKJIEMkoA",14138627969,"https://media.birdweather.com/soundscapes/6891/6891-20260710-062848.flac",0,3,"birdnetpi"
9540079594,6891,"2026-07-10T08:28:42.000+02:00",0.9,0.827771067619324,9.47090101040795,"almost_certain","2p4",NA,51.5652,6.0087,FALSE,1,"House Sparrow","Passer domesticus","#d16ff8","avian","https://media.birdweather.com/species/1/HouseSparrow-standard-b861184cf45c092cdb45fd689dd676ef.jpg","https://media.birdweather.com/species/1/HouseSparrow-thumbnail-e9cbc91763a1579de8ef04880678b5e3.jpg","https://media.birdweather.com/species/1/HouseSparrow-png200-125e8603e1efe9d7a18316b94f06a65e.png","XAgCDwD8qpukuHiqtLZ9mImnmPFcDO4E",14138630222,"https://media.birdweather.com/soundscapes/6891/6891-20260710-062842.flac",0,3,"birdnetpi"
9540072758,6891,"2026-07-10T08:28:16.000+02:00",0.91,0.827771067619324,9.49354615408111,"almost_certain","2p4",NA,51.5673,6.0034,FALSE,1,"House Sparrow","Passer domesticus","#d16ff8","avian","https://media.birdweather.com/species/1/HouseSparrow-standard-b861184cf45c092cdb45fd689dd676ef.jpg","https://media.birdweather.com/species/1/HouseSparrow-thumbnail-e9cbc91763a1579de8ef04880678b5e3.jpg","https://media.birdweather.com/species/1/HouseSparrow-png200-125e8603e1efe9d7a18316b94f06a65e.png","XAgCDwD8qpukuHiqtLZ9mImnmPFcDO4E",14138617350,"https://media.birdweather.com/soundscapes/6891/6891-20260710-062816.flac",0,3,"birdnetpi"
9540070053,6891,"2026-07-10T08:28:09.000+02:00",0.86,0.9930100440979,9.62300259756611,"almost_certain","2p4",NA,51.5638,6.0094,FALSE,407,"Common Wood-Pigeon","Columba palumbus","#028fb2","avian","https://media.birdweather.com/species/407/CommonWood-Pigeon-standard-5558900260c92622ceef8a812b06518e.jpg","https://media.birdweather.com/species/407/CommonWood-Pigeon-thumbnail-4b86c907c8b82c8af31d566b811dee05.jpg","https://media.birdweather.com/species/407/CommonWood-Pigeon-png200-533b13201573be3895fcec3e61e861b5.png","2ukFHwIHiYeWxnZUiniYZ3h5h6+rCIQH",14138612233,"https://media.birdweather.com/soundscapes/6891/6891-20260710-062809.flac",0,3,"birdnetpi"
9540068437,6891,"2026-07-10T08:28:00.000+02:00",0.99,0.876010596752167,9.7390730015898,"almost_certain","2p4",NA,51.5662,6.0085,FALSE,551,"Common Swift","Apus apus","#234bb2","avian","https://media.birdweather.com/species/551/CommonSwift-standard-ba54f84fbd8481b1c0de60654fbd79d5.jpg","https://media.birdweather.com/species/551/CommonSwift-thumbnail-bad1d7e3c141990f11d01e49e9f768ac.jpg","https://media.birdweather.com/species/551/CommonSwift-png200-f52bea49cb0e4232049806bde3e1a401.png","LLYFFwLchWelV5dvsqh1jKZoKJIEMkoA",14138609228,"https://media.birdweather.com/soundscapes/6891/6891-20260710-062800.flac",0,3,"birdnetpi"
9540066667,6891,"2026-07-10T08:27:51.000+02:00",0.85,0.827771067619324,9.35169542393215,"almost_certain","2p4",NA,51.5662,6.0088,FALSE,1,"House Sparrow","Passer domesticus","#d16ff8","avian","https://media.birdweather.com/species/1/HouseSparrow-standard-b861184cf45c092cdb45fd689dd676ef.jpg","https://media.birdweather.com/species/1/HouseSparrow-thumbnail-e9cbc91763a1579de8ef04880678b5e3.jpg","https://media.birdweather.com/species/1/HouseSparrow-png200-125e8603e1efe9d7a18316b94f06a65e.png","XAgCDwD8qpukuHiqtLZ9mImnmPFcDO4E",14138605880,"https://media.birdweather.com/soundscapes/6891/6891-20260710-062751.flac",0,3,"birdnetpi"
9540062438,6891,"2026-07-10T08:27:36.000+02:00",0.97,0.9930100440979,9.86869966982458,"almost_certain","2p4",NA,51.5615,6.0022,FALSE,407,"Common Wood-Pigeon","Columba palumbus","#028fb2","avian","https://media.birdweather.com/species/407/CommonWood-Pigeon-standard-5558900260c92622ceef8a812b06518e.jpg","https://media.birdweather.com/species/407/CommonWood-Pigeon-thumbnail-4b86c907c8b82c8af31d566b811dee05.jpg","https://media.birdweather.com/species/407/CommonWood-Pigeon-png200-533b13201573be3895fcec3e61e861b5.png","2ukFHwIHiYeWxnZUiniYZ3h5h6+rCIQH",14138597997,"https://media.birdweather.com/soundscapes/6891/6891-20260710-062736.flac",0,3,"birdnetpi"
9540062404,6891,"2026-07-10T08:27:34.000+02:00",0.75,0.44642049074173,8.24473397695387,"almost_certain","2p4",NA,51.5685,6.0019,FALSE,103,"Eurasian Collared-Dove","Streptopelia decaocto","#006e2a","avian","https://media.birdweather.com/species/103/EurasianCollared-Dove-standard-e0c74c4f1ffe5357c4759579380dab35.jpg","https://media.birdweather.com/species/103/EurasianCollared-Dove-thumbnail-53ccb5f0a5d0640a1e766dd99c28ebca.jpg","https://media.birdweather.com/species/103/EurasianCollared-Dove-png200-4efa83c8c5efbdb09427b3c3fa247357.png","pvcFFwLpd4RvlJeUWZh2eXh4VxBqBZIH",14138597934,"https://media.birdweather.com/soundscapes/6891/6891-20260710-062734.flac",0,3,"birdnetpi"
9540057033,6891,"2026-07-10T08:27:16.000+02:00",0.82,0.827771067619324,9.27485285462022,"almost_certain","2p4",NA,51.5688,6.007,FALSE,1,"House Sparrow","Passer domesticus","#d16ff8","avian","https://media.birdweather.com/species/1/HouseSparrow-standard-b861184cf45c092cdb45fd689dd676ef.jpg","https://media.birdweather.com/species/1/HouseSparrow-thumbnail-e9cbc91763a1579de8ef04880678b5e3.jpg","https://media.birdweather.com/species/1/HouseSparrow-png200-125e8603e1efe9d7a18316b94f06a65e.png","XAgCDwD8qpukuHiqtLZ9mImnmPFcDO4E",14138587743,"https://media.birdweather.com/soundscapes/6891/6891-20260710-062716.flac",0,3,"birdnetpi"
9540051090,6891,"2026-07-10T08:26:51.000+02:00",0.97,0.660715103149414,9.31738928316408,"almost_certain","2p4",NA,51.5625,6.009,FALSE,119,"Common House-Martin","Delichon urbicum","#53b1ff","avian","https://media.birdweather.com/species/119/CommonHouse-Martin-standard-9ffbcc688c51210fb136a162c84d82ad.jpg","https://media.birdweather.com/species/119/CommonHouse-Martin-thumbnail-dd7059ca6235347c3097e7a66f04df95.jpg","https://media.birdweather.com/species/119/CommonHouse-Martin-png200-a73a8953ce2af50676da81e70b2746b2.png","YhgKDwKJd4iIiHd/h5h5d4mIeQqVllAH",14138577066,"https://media.birdweather.com/soundscapes/6891/6891-20260710-062651.flac",0,3,"birdnetpi"
9540045269,6891,"2026-07-10T08:26:28.000+02:00",0.78,0.827771067619324,9.16519434510748,"almost_certain","2p4",NA,51.5676,6.0068,FALSE,1,"House Sparrow","Passer domesticus","#d16ff8","avian","https://media.birdweather.com/species/1/HouseSparrow-standard-b861184cf45c092cdb45fd689dd676ef.jpg","https://media.birdweather.com/species/1/HouseSparrow-thumbnail-e9cbc91763a1579de8ef04880678b5e3.jpg","https://media.birdweather.com/species/1/HouseSparrow-png200-125e8603e1efe9d7a18316b94f06a65e.png","XAgCDwD8qpukuHiqtLZ9mImnmPFcDO4E",14138566123,"https://media.birdweather.com/soundscapes/6891/6891-20260710-062628.flac",0,3,"birdnetpi"
9540041270,6891,"2026-07-10T08:26:18.000+02:00",0.72,0.827771067619324,8.98225633721188,"almost_certain","2p4",NA,51.5643,6.0037,FALSE,1,"House Sparrow","Passer domesticus","#d16ff8","avian","https://media.birdweather.com/species/1/HouseSparrow-standard-b861184cf45c092cdb45fd689dd676ef.jpg","https://media.birdweather.com/species/1/HouseSparrow-thumbnail-e9cbc91763a1579de8ef04880678b5e3.jpg","https://media.birdweather.com/species/1/HouseSparrow-png200-125e8603e1efe9d7a18316b94f06a65e.png","XAgCDwD8qpukuHiqtLZ9mImnmPFcDO4E",14138558417,"https://media.birdweather.com/soundscapes/6891/6891-20260710-062618.flac",0,3,"birdnetpi"
9540032030,6891,"2026-07-10T08:25:46.000+02:00",0.84,0.827771067619324,9.32655710395673,"almost_certain","2p4",NA,51.5651,6.0084,FALSE,1,"House Sparrow","Passer domesticus","#d16ff8","avian","https://media.birdweather.com/species/1/HouseSparrow-standard-b861184cf45c092cdb45fd689dd676ef.jpg","https://media.birdweather.com/species/1/HouseSparrow-thumbnail-e9cbc91763a1579de8ef04880678b5e3.jpg","https://media.birdweather.com/species/1/HouseSparrow-png200-125e8603e1efe9d7a18316b94f06a65e.png","XAgCDwD8qpukuHiqtLZ9mImnmPFcDO4E",14138541125,"https://media.birdweather.com/soundscapes/6891/6891-20260710-062546.flac",0,3,"birdnetpi"
9540025061,6891,"2026-07-10T08:25:21.000+02:00",0.89,0.827771067619324,9.4478752583145,"almost_certain","2p4",NA,51.5668,6.0048,FALSE,1,"House Sparrow","Passer domesticus","#d16ff8","avian","https://media.birdweather.com/species/1/HouseSparrow-standard-b861184cf45c092cdb45fd689dd676ef.jpg","https://media.birdweather.com/species/1/HouseSparrow-thumbnail-e9cbc91763a1579de8ef04880678b5e3.jpg","https://media.birdweather.com/species/1/HouseSparrow-png200-125e8603e1efe9d7a18316b94f06a65e.png","XAgCDwD8qpukuHiqtLZ9mImnmPFcDO4E",14138528244,"https://media.birdweather.com/soundscapes/6891/6891-20260710-062521.flac",0,3,"birdnetpi"
9540018218,6891,"2026-07-10T08:24:46.000+02:00",0.81,0.827771067619324,9.248250076996,"almost_certain","2p4",NA,51.5704,6.0049,FALSE,1,"House Sparrow","Passer domesticus","#d16ff8","avian","https://media.birdweather.com/species/1/HouseSparrow-standard-b861184cf45c092cdb45fd689dd676ef.jpg","https://media.birdweather.com/species/1/HouseSparrow-thumbnail-e9cbc91763a1579de8ef04880678b5e3.jpg","https://media.birdweather.com/species/1/HouseSparrow-png200-125e8603e1efe9d7a18316b94f06a65e.png","XAgCDwD8qpukuHiqtLZ9mImnmPFcDO4E",14138515377,"https://media.birdweather.com/soundscapes/6891/6891-20260710-062446.flac",0,3,"birdnetpi"
9540014274,6891,"2026-07-10T08:24:34.000+02:00",0.7,0.827771067619324,8.91541381229976,"almost_certain","2p4",NA,51.5659,6.0014,FALSE,1,"House Sparrow","Passer domesticus","#d16ff8","avian","https://media.birdweather.com/species/1/HouseSparrow-standard-b861184cf45c092cdb45fd689dd676ef.jpg","https://media.birdweather.com/species/1/HouseSparrow-thumbnail-e9cbc91763a1579de8ef04880678b5e3.jpg","https://media.birdweather.com/species/1/HouseSparrow-png200-125e8603e1efe9d7a18316b94f06a65e.png","XAgCDwD8qpukuHiqtLZ9mImnmPFcDO4E",14138508060,"https://media.birdweather.com/soundscapes/6891/6891-20260710-062434.flac",0,3,"birdnetpi"
9540010427,6891,"2026-07-10T08:24:12.000+02:00",0.79,0.827771067619324,9.19344276857523,"almost_certain","2p4",NA,51.5615,6.0008,FALSE,1,"House Sparrow","Passer domesticus","#d16ff8","avian","https://media.birdweather.com/species/1/HouseSparrow-standard-b861184cf45c092cdb45fd689dd676ef.jpg","https://media.birdweather.com/species/1/HouseSparrow-thumbnail-e9cbc91763a1579de8ef04880678b5e3.jpg","https://media.birdweather.com/species/1/HouseSparrow-png200-125e8603e1efe9d7a18316b94f06a65e.png","XAgCDwD8qpukuHiqtLZ9mImnmPFcDO4E",14138500922,"https://media.birdweather.com/soundscapes/6891/6891-20260710-062412.flac",0,3,"birdnetpi"
9540001353,6891,"2026-07-10T08:23:40.000+02:00",0.86,0.827771067619324,9.37638077647082,"almost_certain","2p4",NA,51.5623,6.0081,FALSE,1,"House Sparrow","Passer domesticus","#d16ff8","avian","https://media.birdweather.com/species/1/HouseSparrow-standard-b861184cf45c092cdb45fd689dd676ef.jpg","https://media.birdweather.com/species/1/HouseSparrow-thumbnail-e9cbc91763a1579de8ef04880678b5e3.jpg","https://media.birdweather.com/species/1/HouseSparrow-png200-125e8603e1efe9d7a18316b94f06a65e.png","XAgCDwD8qpukuHiqtLZ9mImnmPFcDO4E",14138484260,"https://media.birdweather.com/soundscapes/6891/6891-20260710-062340.flac",0,3,"birdnetpi"
9539999795,6891,"2026-07-10T08:23:31.000+02:00",0.72,0.876010596752167,9.05895446733977,"almost_certain","2p4",NA,51.5685,6.0007,FALSE,551,"Common Swift","Apus apus","#234bb2","avian","https://media.birdweather.com/species/551/CommonSwift-standard-ba54f84fbd8481b1c0de60654fbd79d5.jpg","https://media.birdweather.com/species/551/CommonSwift-thumbnail-bad1d7e3c141990f11d01e49e9f768ac.jpg","https://media.birdweather.com/species/551/CommonSwift-png200-f52bea49cb0e4232049806bde3e1a401.png","LLYFFwLchWelV5dvsqh1jKZoKJIEMkoA",14138481317,"https://media.birdweather.com/soundscapes/6891/6891-20260710-062331.flac",0,3,"birdnetpi"
9539992746,6891,"2026-07-10T08:23:13.000+02:00",0.91,0.827771067619324,9.49354615408111,"almost_certain","2p4",NA,51.5653,6.0061,FALSE,1,"House Sparrow","Passer domesticus","#d16ff8","avian","https://media.birdweather.com/species/1/HouseSparrow-standard-b861184cf45c092cdb45fd689dd676ef.jpg","https://media.birdweather.com/species/1/HouseSparrow-thumbnail-e9cbc91763a1579de8ef04880678b5e3.jpg","https://media.birdweather.com/species/1/HouseSparrow-png200-125e8603e1efe9d7a18316b94f06a65e.png","XAgCDwD8qpukuHiqtLZ9mImnmPFcDO4E",14138468387,"https://media.birdweather.com/soundscapes/6891/6891-20260710-062313.flac",0,3,"birdnetpi"
9539986632,6891,"2026-07-10T08:22:42.000+02:00",0.97,0.876010596752167,9.69877597885718,"almost_certain","2p4",NA,51.5651,6.0075,FALSE,551,"Common Swift","Apus apus","#234bb2","avian","https://media.birdweather.com/species/551/CommonSwift-standard-ba54f84fbd8481b1c0de60654fbd79d5.jpg","https://media.birdweather.com/species/551/CommonSwift-thumbnail-bad1d7e3c141990f11d01e49e9f768ac.jpg","https://media.birdweather.com/species/551/CommonSwift-png200-f52bea49cb0e4232049806bde3e1a401.png","LLYFFwLchWelV5dvsqh1jKZoKJIEMkoA",14138456869,"https://media.birdweather.com/soundscapes/6891/6891-20260710-062242.flac",0,3,"birdnetpi"
9539984831,6891,"2026-07-10T08:22:37.000+02:00",0.91,0.827771067619324,9.49354615408111,"almost_certain","2p4",NA,51.5651,6.0072,FALSE,1,"House Sparrow","Passer domesticus","#d16ff8","avian","https://media.birdweather.com/species/1/HouseSparrow-standard-b861184cf45c092cdb45fd689dd676ef.jpg","https://media.birdweather.com/species/1/HouseSparrow-thumbnail-e9cbc91763a1579de8ef04880678b5e3.jpg","https://media.birdweather.com/species/1/HouseSparrow-png200-125e8603e1efe9d7a18316b94f06a65e.png","XAgCDwD8qpukuHiqtLZ9mImnmPFcDO4E",14138453492,"https://media.birdweather.com/soundscapes/6891/6891-20260710-062237.flac",0,3,"birdnetpi"
9539978012,6891,"2026-07-10T08:22:07.000+02:00",0.86,0.827771067619324,9.37638077647082,"almost_certain","2p4",NA,51.5657,6.0029,FALSE,1,"House Sparrow","Passer domesticus","#d16ff8","avian","https://media.birdweather.com/species/1/HouseSparrow-standard-b861184cf45c092cdb45fd689dd676ef.jpg","https://media.birdweather.com/species/1/HouseSparrow-thumbnail-e9cbc91763a1579de8ef04880678b5e3.jpg","https://media.birdweather.com/species/1/HouseSparrow-png200-125e8603e1efe9d7a18316b94f06a65e.png","XAgCDwD8qpukuHiqtLZ9mImnmPFcDO4E",14138440601,"https://media.birdweather.com/soundscapes/6891/6891-20260710-062207.flac",0,3,"birdnetpi"
9539971875,6891,"2026-07-10T08:21:43.000+02:00",0.98,0.876010596752167,9.71907264638282,"almost_certain","2p4",NA,51.5665,6.0008,FALSE,551,"Common Swift","Apus apus","#234bb2","avian","https://media.birdweather.com/species/551/CommonSwift-standard-ba54f84fbd8481b1c0de60654fbd79d5.jpg","https://media.birdweather.com/species/551/CommonSwift-thumbnail-bad1d7e3c141990f11d01e49e9f768ac.jpg","https://media.birdweather.com/species/551/CommonSwift-png200-f52bea49cb0e4232049806bde3e1a401.png","LLYFFwLchWelV5dvsqh1jKZoKJIEMkoA",14138429181,"https://media.birdweather.com/soundscapes/6891/6891-20260710-062143.flac",0,3,"birdnetpi"
9539958028,6891,"2026-07-10T08:20:49.000+02:00",0.96,0.876010596752167,9.67817408686776,"almost_certain","2p4",NA,51.5617,6.0007,FALSE,551,"Common Swift","Apus apus","#234bb2","avian","https://media.birdweather.com/species/551/CommonSwift-standard-ba54f84fbd8481b1c0de60654fbd79d5.jpg","https://media.birdweather.com/species/551/CommonSwift-thumbnail-bad1d7e3c141990f11d01e49e9f768ac.jpg","https://media.birdweather.com/species/551/CommonSwift-png200-f52bea49cb0e4232049806bde3e1a401.png","LLYFFwLchWelV5dvsqh1jKZoKJIEMkoA",14138403812,"https://media.birdweather.com/soundscapes/6891/6891-20260710-062049.flac",0,3,"birdnetpi"
9539949941,6891,"2026-07-10T08:20:18.000+02:00",0.88,0.660715103149414,9.11976731904705,"almost_certain","2p4",NA,51.5624,6.0057,FALSE,119,"Common House-Martin","Delichon urbicum","#53b1ff","avian","https://media.birdweather.com/species/119/CommonHouse-Martin-standard-9ffbcc688c51210fb136a162c84d82ad.jpg","https://media.birdweather.com/species/119/CommonHouse-Martin-thumbnail-dd7059ca6235347c3097e7a66f04df95.jpg","https://media.birdweather.com/species/119/CommonHouse-Martin-png200-a73a8953ce2af50676da81e70b2746b2.png","YhgKDwKJd4iIiHd/h5h5d4mIeQqVllAH",14138388862,"https://media.birdweather.com/soundscapes/6891/6891-20260710-062018.flac",0,3,"birdnetpi"
9539943626,6891,"2026-07-10T08:19:54.000+02:00",1,0.876010596752167,9.75878557189918,"almost_certain","2p4",NA,51.5637,6.0094,FALSE,551,"Common Swift","Apus apus","#234bb2","avian","https://media.birdweather.com/species/551/CommonSwift-standard-ba54f84fbd8481b1c0de60654fbd79d5.jpg","https://media.birdweather.com/species/551/CommonSwift-thumbnail-bad1d7e3c141990f11d01e49e9f768ac.jpg","https://media.birdweather.com/species/551/CommonSwift-png200-f52bea49cb0e4232049806bde3e1a401.png","LLYFFwLchWelV5dvsqh1jKZoKJIEMkoA",14138377368,"https://media.birdweather.com/soundscapes/6891/6891-20260710-061954.flac",0,3,"birdnetpi"
9539936926,6891,"2026-07-10T08:19:28.000+02:00",0.99,0.876010596752167,9.7390730015898,"almost_certain","2p4",NA,51.5649,6.0076,FALSE,551,"Common Swift","Apus apus","#234bb2","avian","https://media.birdweather.com/species/551/CommonSwift-standard-ba54f84fbd8481b1c0de60654fbd79d5.jpg","https://media.birdweather.com/species/551/CommonSwift-thumbnail-bad1d7e3c141990f11d01e49e9f768ac.jpg","https://media.birdweather.com/species/551/CommonSwift-png200-f52bea49cb0e4232049806bde3e1a401.png","LLYFFwLchWelV5dvsqh1jKZoKJIEMkoA",14138364506,"https://media.birdweather.com/soundscapes/6891/6891-20260710-061928.flac",0,3,"birdnetpi"
9539890747,6891,"2026-07-10T08:16:37.000+02:00",1,0.660715103149414,9.37739887620608,"almost_certain","2p4",NA,51.5677,6.0047,FALSE,119,"Common House-Martin","Delichon urbicum","#53b1ff","avian","https://media.birdweather.com/species/119/CommonHouse-Martin-standard-9ffbcc688c51210fb136a162c84d82ad.jpg","https://media.birdweather.com/species/119/CommonHouse-Martin-thumbnail-dd7059ca6235347c3097e7a66f04df95.jpg","https://media.birdweather.com/species/119/CommonHouse-Martin-png200-a73a8953ce2af50676da81e70b2746b2.png","YhgKDwKJd4iIiHd/h5h5d4mIeQqVllAH",14138279741,"https://media.birdweather.com/soundscapes/6891/6891-20260710-061637.flac",0,3,"birdnetpi"
9539887886,6891,"2026-07-10T08:16:19.000+02:00",0.81,0.9930100440979,9.49487189809128,"almost_certain","2p4",NA,51.5698,6.0053,FALSE,407,"Common Wood-Pigeon","Columba palumbus","#028fb2","avian","https://media.birdweather.com/species/407/CommonWood-Pigeon-standard-5558900260c92622ceef8a812b06518e.jpg","https://media.birdweather.com/species/407/CommonWood-Pigeon-thumbnail-4b86c907c8b82c8af31d566b811dee05.jpg","https://media.birdweather.com/species/407/CommonWood-Pigeon-png200-533b13201573be3895fcec3e61e861b5.png","2ukFHwIHiYeWxnZUiniYZ3h5h6+rCIQH",14138274449,"https://media.birdweather.com/soundscapes/6891/6891-20260710-061619.flac",0,3,"birdnetpi"
9539884801,6891,"2026-07-10T08:16:13.000+02:00",0.99,0.660715103149414,9.3576863058967,"almost_certain","2p4",NA,51.57,6.0079,FALSE,119,"Common House-Martin","Delichon urbicum","#53b1ff","avian","https://media.birdweather.com/species/119/CommonHouse-Martin-standard-9ffbcc688c51210fb136a162c84d82ad.jpg","https://media.birdweather.com/species/119/CommonHouse-Martin-thumbnail-dd7059ca6235347c3097e7a66f04df95.jpg","https://media.birdweather.com/species/119/CommonHouse-Martin-png200-a73a8953ce2af50676da81e70b2746b2.png","YhgKDwKJd4iIiHd/h5h5d4mIeQqVllAH",14138268710,"https://media.birdweather.com/soundscapes/6891/6891-20260710-061613.flac",0,3,"birdnetpi"
9539879347,6891,"2026-07-10T08:15:46.000+02:00",0.81,0.21911683678627,7.47202754591482,"almost_certain","2p4",NA,51.5652,6.0063,FALSE,20,"Black Redstart","Phoenicurus ochruros","#c8ce2d","avian","https://media.birdweather.com/species/20/BlackRedstart-standard-4255c9b712ecb46ea7d3df8d556c18e7.jpg","https://media.birdweather.com/species/20/BlackRedstart-thumbnail-2fee59acc1ecc6be7238da194869e940.jpg","https://media.birdweather.com/species/20/BlackRedstart-png200-cbc0625b8b4889aeec1da754ad906efd.png","2QgGFwT8epa+l3ZlZ5hntnh4Z/6oyZ8I",14138258763,"https://media.birdweather.com/soundscapes/6891/6891-20260710-061546.flac",0,3,"birdnetpi"
9539876342,6891,"2026-07-10T08:15:42.000+02:00",0.93,0.660715103149414,9.23305496975486,"almost_certain","2p4",NA,51.566,6.0043,FALSE,119,"Common House-Martin","Delichon urbicum","#53b1ff","avian","https://media.birdweather.com/species/119/CommonHouse-Martin-standard-9ffbcc688c51210fb136a162c84d82ad.jpg","https://media.birdweather.com/species/119/CommonHouse-Martin-thumbnail-dd7059ca6235347c3097e7a66f04df95.jpg","https://media.birdweather.com/species/119/CommonHouse-Martin-png200-a73a8953ce2af50676da81e70b2746b2.png","YhgKDwKJd4iIiHd/h5h5d4mIeQqVllAH",14138253069,"https://media.birdweather.com/soundscapes/6891/6891-20260710-061542.flac",0,3,"birdnetpi"
9539873654,6891,"2026-07-10T08:15:28.000+02:00",0.86,0.827771067619324,9.37638077647082,"almost_certain","2p4",NA,51.5684,6.0016,FALSE,1,"House Sparrow","Passer domesticus","#d16ff8","avian","https://media.birdweather.com/species/1/HouseSparrow-standard-b861184cf45c092cdb45fd689dd676ef.jpg","https://media.birdweather.com/species/1/HouseSparrow-thumbnail-e9cbc91763a1579de8ef04880678b5e3.jpg","https://media.birdweather.com/species/1/HouseSparrow-png200-125e8603e1efe9d7a18316b94f06a65e.png","XAgCDwD8qpukuHiqtLZ9mImnmPFcDO4E",14138248174,"https://media.birdweather.com/soundscapes/6891/6891-20260710-061528.flac",0,3,"birdnetpi"
9539866538,6891,"2026-07-10T08:14:57.000+02:00",0.7,0.827771067619324,8.91541381229976,"almost_certain","2p4",NA,51.565,6.0032,FALSE,1,"House Sparrow","Passer domesticus","#d16ff8","avian","https://media.birdweather.com/species/1/HouseSparrow-standard-b861184cf45c092cdb45fd689dd676ef.jpg","https://media.birdweather.com/species/1/HouseSparrow-thumbnail-e9cbc91763a1579de8ef04880678b5e3.jpg","https://media.birdweather.com/species/1/HouseSparrow-png200-125e8603e1efe9d7a18316b94f06a65e.png","XAgCDwD8qpukuHiqtLZ9mImnmPFcDO4E",14138235266,"https://media.birdweather.com/soundscapes/6891/6891-20260710-061457.flac",0,3,"birdnetpi"
9539858668,6891,"2026-07-10T08:14:34.000+02:00",0.83,0.749215304851532,9.16605941072695,"almost_certain","2p4",NA,51.5664,6.0082,FALSE,53,"European Starling","Sturnus vulgaris","#96038f","avian","https://media.birdweather.com/species/53/EuropeanStarling-standard-ff3a9beb497795d3bd4205bd86cf1652.jpg","https://media.birdweather.com/species/53/EuropeanStarling-thumbnail-974e70e3ea84a4be254312c2dfe527d5.jpg","https://media.birdweather.com/species/53/EuropeanStarling-png200-c81072eef7cc54f4bd51dcb88ed45765.png","FQgGBwD4dnmbZHhapUenmGh16HWAvzoO",14138220816,"https://media.birdweather.com/soundscapes/6891/6891-20260710-061434.flac",0,3,"birdnetpi"
9539851488,6891,"2026-07-10T08:14:12.000+02:00",0.97,0.749215304851532,9.48718837772617,"almost_certain","2p4",NA,51.5677,6.0086,FALSE,53,"European Starling","Sturnus vulgaris","#96038f","avian","https://media.birdweather.com/species/53/EuropeanStarling-standard-ff3a9beb497795d3bd4205bd86cf1652.jpg","https://media.birdweather.com/species/53/EuropeanStarling-thumbnail-974e70e3ea84a4be254312c2dfe527d5.jpg","https://media.birdweather.com/species/53/EuropeanStarling-png200-c81072eef7cc54f4bd51dcb88ed45765.png","FQgGBwD4dnmbZHhapUenmGh16HWAvzoO",14138207831,"https://media.birdweather.com/soundscapes/6891/6891-20260710-061412.flac",0,3,"birdnetpi"
9539847021,6891,"2026-07-10T08:13:49.000+02:00",0.85,0.9930100440979,9.59831724502744,"almost_certain","2p4",NA,51.5669,6.0042,FALSE,407,"Common Wood-Pigeon","Columba palumbus","#028fb2","avian","https://media.birdweather.com/species/407/CommonWood-Pigeon-standard-5558900260c92622ceef8a812b06518e.jpg","https://media.birdweather.com/species/407/CommonWood-Pigeon-thumbnail-4b86c907c8b82c8af31d566b811dee05.jpg","https://media.birdweather.com/species/407/CommonWood-Pigeon-png200-533b13201573be3895fcec3e61e861b5.png","2ukFHwIHiYeWxnZUiniYZ3h5h6+rCIQH",14138199807,"https://media.birdweather.com/soundscapes/6891/6891-20260710-061349.flac",0,3,"birdnetpi"
9539842240,6891,"2026-07-10T08:13:34.000+02:00",1,0.660715103149414,9.37739887620608,"almost_certain","2p4",NA,51.5656,6.0075,FALSE,119,"Common House-Martin","Delichon urbicum","#53b1ff","avian","https://media.birdweather.com/species/119/CommonHouse-Martin-standard-9ffbcc688c51210fb136a162c84d82ad.jpg","https://media.birdweather.com/species/119/CommonHouse-Martin-thumbnail-dd7059ca6235347c3097e7a66f04df95.jpg","https://media.birdweather.com/species/119/CommonHouse-Martin-png200-a73a8953ce2af50676da81e70b2746b2.png","YhgKDwKJd4iIiHd/h5h5d4mIeQqVllAH",14138191190,"https://media.birdweather.com/soundscapes/6891/6891-20260710-061334.flac",0,3,"birdnetpi"
9539837826,6891,"2026-07-10T08:13:16.000+02:00",0.91,0.660715103149414,9.18885758851589,"almost_certain","2p4",NA,51.5635,6.0018,FALSE,119,"Common House-Martin","Delichon urbicum","#53b1ff","avian","https://media.birdweather.com/species/119/CommonHouse-Martin-standard-9ffbcc688c51210fb136a162c84d82ad.jpg","https://media.birdweather.com/species/119/CommonHouse-Martin-thumbnail-dd7059ca6235347c3097e7a66f04df95.jpg","https://media.birdweather.com/species/119/CommonHouse-Martin-png200-a73a8953ce2af50676da81e70b2746b2.png","YhgKDwKJd4iIiHd/h5h5d4mIeQqVllAH",14138183386,"https://media.birdweather.com/soundscapes/6891/6891-20260710-061316.flac",0,3,"birdnetpi"
9539830677,6891,"2026-07-10T08:12:46.000+02:00",0.99,0.660715103149414,9.3576863058967,"almost_certain","2p4",NA,51.5662,6.0089,FALSE,119,"Common House-Martin","Delichon urbicum","#53b1ff","avian","https://media.birdweather.com/species/119/CommonHouse-Martin-standard-9ffbcc688c51210fb136a162c84d82ad.jpg","https://media.birdweather.com/species/119/CommonHouse-Martin-thumbnail-dd7059ca6235347c3097e7a66f04df95.jpg","https://media.birdweather.com/species/119/CommonHouse-Martin-png200-a73a8953ce2af50676da81e70b2746b2.png","YhgKDwKJd4iIiHd/h5h5d4mIeQqVllAH",14138170465,"https://media.birdweather.com/soundscapes/6891/6891-20260710-061246.flac",0,3,"birdnetpi"
9539830142,6891,"2026-07-10T08:12:45.000+02:00",0.81,0.9930100440979,9.49487189809128,"almost_certain","2p4",NA,51.5624,6.003,FALSE,407,"Common Wood-Pigeon","Columba palumbus","#028fb2","avian","https://media.birdweather.com/species/407/CommonWood-Pigeon-standard-5558900260c92622ceef8a812b06518e.jpg","https://media.birdweather.com/species/407/CommonWood-Pigeon-thumbnail-4b86c907c8b82c8af31d566b811dee05.jpg","https://media.birdweather.com/species/407/CommonWood-Pigeon-png200-533b13201573be3895fcec3e61e861b5.png","2ukFHwIHiYeWxnZUiniYZ3h5h6+rCIQH",14138169467,"https://media.birdweather.com/soundscapes/6891/6891-20260710-061245.flac",0,3,"birdnetpi"
9539826168,6891,"2026-07-10T08:12:27.000+02:00",1,0.876010596752167,9.75878557189918,"almost_certain","2p4",NA,51.5645,6.001,FALSE,551,"Common Swift","Apus apus","#234bb2","avian","https://media.birdweather.com/species/551/CommonSwift-standard-ba54f84fbd8481b1c0de60654fbd79d5.jpg","https://media.birdweather.com/species/551/CommonSwift-thumbnail-bad1d7e3c141990f11d01e49e9f768ac.jpg","https://media.birdweather.com/species/551/CommonSwift-png200-f52bea49cb0e4232049806bde3e1a401.png","LLYFFwLchWelV5dvsqh1jKZoKJIEMkoA",14138162306,"https://media.birdweather.com/soundscapes/6891/6891-20260710-061227.flac",0,3,"birdnetpi"
9539821668,6891,"2026-07-10T08:12:16.000+02:00",0.98,0.660715103149414,9.33768595068972,"almost_certain","2p4",NA,51.5679,6.0015,FALSE,119,"Common House-Martin","Delichon urbicum","#53b1ff","avian","https://media.birdweather.com/species/119/CommonHouse-Martin-standard-9ffbcc688c51210fb136a162c84d82ad.jpg","https://media.birdweather.com/species/119/CommonHouse-Martin-thumbnail-dd7059ca6235347c3097e7a66f04df95.jpg","https://media.birdweather.com/species/119/CommonHouse-Martin-png200-a73a8953ce2af50676da81e70b2746b2.png","YhgKDwKJd4iIiHd/h5h5d4mIeQqVllAH",14138153799,"https://media.birdweather.com/soundscapes/6891/6891-20260710-061216.flac",0,3,"birdnetpi"
9539818924,6891,"2026-07-10T08:12:04.000+02:00",0.89,0.9930100440979,9.69449707940979,"almost_certain","2p4",NA,51.569,6.0048,FALSE,407,"Common Wood-Pigeon","Columba palumbus","#028fb2","avian","https://media.birdweather.com/species/407/CommonWood-Pigeon-standard-5558900260c92622ceef8a812b06518e.jpg","https://media.birdweather.com/species/407/CommonWood-Pigeon-thumbnail-4b86c907c8b82c8af31d566b811dee05.jpg","https://media.birdweather.com/species/407/CommonWood-Pigeon-png200-533b13201573be3895fcec3e61e861b5.png","2ukFHwIHiYeWxnZUiniYZ3h5h6+rCIQH",14138148926,"https://media.birdweather.com/soundscapes/6891/6891-20260710-061204.flac",0,3,"birdnetpi"
9539816908,6891,"2026-07-10T08:11:51.000+02:00",0.94,0.660715103149414,9.25463021880121,"almost_certain","2p4",NA,51.566,6.0034,FALSE,119,"Common House-Martin","Delichon urbicum","#53b1ff","avian","https://media.birdweather.com/species/119/CommonHouse-Martin-standard-9ffbcc688c51210fb136a162c84d82ad.jpg","https://media.birdweather.com/species/119/CommonHouse-Martin-thumbnail-dd7059ca6235347c3097e7a66f04df95.jpg","https://media.birdweather.com/species/119/CommonHouse-Martin-png200-a73a8953ce2af50676da81e70b2746b2.png","YhgKDwKJd4iIiHd/h5h5d4mIeQqVllAH",14138145195,"https://media.birdweather.com/soundscapes/6891/6891-20260710-061151.flac",0,3,"birdnetpi"
9539809292,6891,"2026-07-10T08:11:25.000+02:00",0.73,0.827771067619324,9.01449311866385,"almost_certain","2p4",NA,51.5624,6.0075,FALSE,1,"House Sparrow","Passer domesticus","#d16ff8","avian","https://media.birdweather.com/species/1/HouseSparrow-standard-b861184cf45c092cdb45fd689dd676ef.jpg","https://media.birdweather.com/species/1/HouseSparrow-thumbnail-e9cbc91763a1579de8ef04880678b5e3.jpg","https://media.birdweather.com/species/1/HouseSparrow-png200-125e8603e1efe9d7a18316b94f06a65e.png","XAgCDwD8qpukuHiqtLZ9mImnmPFcDO4E",14138130874,"https://media.birdweather.com/soundscapes/6891/6891-20260710-061125.flac",0,3,"birdnetpi"
9539805874,6891,"2026-07-10T08:11:06.000+02:00",0.99,0.876010596752167,9.7390730015898,"almost_certain","2p4",NA,51.5627,6.0079,FALSE,551,"Common Swift","Apus apus","#234bb2","avian","https://media.birdweather.com/species/551/CommonSwift-standard-ba54f84fbd8481b1c0de60654fbd79d5.jpg","https://media.birdweather.com/species/551/CommonSwift-thumbnail-bad1d7e3c141990f11d01e49e9f768ac.jpg","https://media.birdweather.com/species/551/CommonSwift-png200-f52bea49cb0e4232049806bde3e1a401.png","LLYFFwLchWelV5dvsqh1jKZoKJIEMkoA",14138124562,"https://media.birdweather.com/soundscapes/6891/6891-20260710-061106.flac",0,3,"birdnetpi"
9539802849,6891,"2026-07-10T08:10:54.000+02:00",0.89,0.9930100440979,9.69449707940979,"almost_certain","2p4",NA,51.5684,6.0067,FALSE,407,"Common Wood-Pigeon","Columba palumbus","#028fb2","avian","https://media.birdweather.com/species/407/CommonWood-Pigeon-standard-5558900260c92622ceef8a812b06518e.jpg","https://media.birdweather.com/species/407/CommonWood-Pigeon-thumbnail-4b86c907c8b82c8af31d566b811dee05.jpg","https://media.birdweather.com/species/407/CommonWood-Pigeon-png200-533b13201573be3895fcec3e61e861b5.png","2ukFHwIHiYeWxnZUiniYZ3h5h6+rCIQH",14138118916,"https://media.birdweather.com/soundscapes/6891/6891-20260710-061054.flac",0,3,"birdnetpi"
9539797219,6891,"2026-07-10T08:10:31.000+02:00",0.81,0.9930100440979,9.49487189809128,"almost_certain","2p4",NA,51.5633,6.0029,FALSE,407,"Common Wood-Pigeon","Columba palumbus","#028fb2","avian","https://media.birdweather.com/species/407/CommonWood-Pigeon-standard-5558900260c92622ceef8a812b06518e.jpg","https://media.birdweather.com/species/407/CommonWood-Pigeon-thumbnail-4b86c907c8b82c8af31d566b811dee05.jpg","https://media.birdweather.com/species/407/CommonWood-Pigeon-png200-533b13201573be3895fcec3e61e861b5.png","2ukFHwIHiYeWxnZUiniYZ3h5h6+rCIQH",14138108075,"https://media.birdweather.com/soundscapes/6891/6891-20260710-061031.flac",0,3,"birdnetpi"
9539761655,6891,"2026-07-10T08:08:15.000+02:00",0.99,0.876010596752167,9.7390730015898,"almost_certain","2p4",NA,51.5697,6.0074,FALSE,551,"Common Swift","Apus apus","#234bb2","avian","https://media.birdweather.com/species/551/CommonSwift-standard-ba54f84fbd8481b1c0de60654fbd79d5.jpg","https://media.birdweather.com/species/551/CommonSwift-thumbnail-bad1d7e3c141990f11d01e49e9f768ac.jpg","https://media.birdweather.com/species/551/CommonSwift-png200-f52bea49cb0e4232049806bde3e1a401.png","LLYFFwLchWelV5dvsqh1jKZoKJIEMkoA",14138042103,"https://media.birdweather.com/soundscapes/6891/6891-20260710-060815.flac",0,3,"birdnetpi"
9539755199,6891,"2026-07-10T08:07:49.000+02:00",0.88,0.776067793369293,9.33718437155963,"almost_certain","2p4",NA,51.5657,6.0075,FALSE,62,"Eurasian Blackcap","Sylvia atricapilla","#7adb83","avian","https://media.birdweather.com/species/62/EurasianBlackcap-standard-ca67b81f2c6a6cba55dab13eb6582f24.jpg","https://media.birdweather.com/species/62/EurasianBlackcap-thumbnail-545c834c61889e5646dfc5aafeb4425a.jpg","https://media.birdweather.com/species/62/EurasianBlackcap-png200-0d77337af50a8eb9ae3deda32654c1fa.png","6vcJFwLyeItqY3mOc3enaoiH+HQaPpkA",14138030571,"https://media.birdweather.com/soundscapes/6891/6891-20260710-060749.flac",0,3,"birdnetpi"
9539748590,6891,"2026-07-10T08:07:24.000+02:00",0.79,0.876010596752167,9.27014089870312,"almost_certain","2p4",NA,51.5672,6.0026,FALSE,551,"Common Swift","Apus apus","#234bb2","avian","https://media.birdweather.com/species/551/CommonSwift-standard-ba54f84fbd8481b1c0de60654fbd79d5.jpg","https://media.birdweather.com/species/551/CommonSwift-thumbnail-bad1d7e3c141990f11d01e49e9f768ac.jpg","https://media.birdweather.com/species/551/CommonSwift-png200-f52bea49cb0e4232049806bde3e1a401.png","LLYFFwLchWelV5dvsqh1jKZoKJIEMkoA",14138018500,"https://media.birdweather.com/soundscapes/6891/6891-20260710-060724.flac",0,3,"birdnetpi"
9539724343,6891,"2026-07-10T08:05:54.000+02:00",0.89,0.827771067619324,9.4478752583145,"almost_certain","2p4",NA,51.5691,6.0025,FALSE,1,"House Sparrow","Passer domesticus","#d16ff8","avian","https://media.birdweather.com/species/1/HouseSparrow-standard-b861184cf45c092cdb45fd689dd676ef.jpg","https://media.birdweather.com/species/1/HouseSparrow-thumbnail-e9cbc91763a1579de8ef04880678b5e3.jpg","https://media.birdweather.com/species/1/HouseSparrow-png200-125e8603e1efe9d7a18316b94f06a65e.png","XAgCDwD8qpukuHiqtLZ9mImnmPFcDO4E",14137974401,"https://media.birdweather.com/soundscapes/6891/6891-20260710-060554.flac",0,3,"birdnetpi"
9539717193,6891,"2026-07-10T08:05:30.000+02:00",0.87,0.827771067619324,9.400629197097,"almost_certain","2p4",NA,51.5631,6.0081,FALSE,1,"House Sparrow","Passer domesticus","#d16ff8","avian","https://media.birdweather.com/species/1/HouseSparrow-standard-b861184cf45c092cdb45fd689dd676ef.jpg","https://media.birdweather.com/species/1/HouseSparrow-thumbnail-e9cbc91763a1579de8ef04880678b5e3.jpg","https://media.birdweather.com/species/1/HouseSparrow-png200-125e8603e1efe9d7a18316b94f06a65e.png","XAgCDwD8qpukuHiqtLZ9mImnmPFcDO4E",14137961073,"https://media.birdweather.com/soundscapes/6891/6891-20260710-060530.flac",0,3,"birdnetpi"
9539716414,6891,"2026-07-10T08:05:27.000+02:00",0.88,0.876010596752167,9.50115401474015,"almost_certain","2p4",NA,51.5688,6.0077,FALSE,551,"Common Swift","Apus apus","#234bb2","avian","https://media.birdweather.com/species/551/CommonSwift-standard-ba54f84fbd8481b1c0de60654fbd79d5.jpg","https://media.birdweather.com/species/551/CommonSwift-thumbnail-bad1d7e3c141990f11d01e49e9f768ac.jpg","https://media.birdweather.com/species/551/CommonSwift-png200-f52bea49cb0e4232049806bde3e1a401.png","LLYFFwLchWelV5dvsqh1jKZoKJIEMkoA",14137959573,"https://media.birdweather.com/soundscapes/6891/6891-20260710-060527.flac",0,3,"birdnetpi"
9539711966,6891,"2026-07-10T08:05:04.000+02:00",0.84,0.827771067619324,9.32655710395673,"almost_certain","2p4",NA,51.57,6.006,FALSE,1,"House Sparrow","Passer domesticus","#d16ff8","avian","https://media.birdweather.com/species/1/HouseSparrow-standard-b861184cf45c092cdb45fd689dd676ef.jpg","https://media.birdweather.com/species/1/HouseSparrow-thumbnail-e9cbc91763a1579de8ef04880678b5e3.jpg","https://media.birdweather.com/species/1/HouseSparrow-png200-125e8603e1efe9d7a18316b94f06a65e.png","XAgCDwD8qpukuHiqtLZ9mImnmPFcDO4E",14137951575,"https://media.birdweather.com/soundscapes/6891/6891-20260710-060504.flac",0,3,"birdnetpi"
9539704849,6891,"2026-07-10T08:04:40.000+02:00",0.95,0.827771067619324,9.58055951992069,"almost_certain","2p4",NA,51.5661,6.0094,FALSE,1,"House Sparrow","Passer domesticus","#d16ff8","avian","https://media.birdweather.com/species/1/HouseSparrow-standard-b861184cf45c092cdb45fd689dd676ef.jpg","https://media.birdweather.com/species/1/HouseSparrow-thumbnail-e9cbc91763a1579de8ef04880678b5e3.jpg","https://media.birdweather.com/species/1/HouseSparrow-png200-125e8603e1efe9d7a18316b94f06a65e.png","XAgCDwD8qpukuHiqtLZ9mImnmPFcDO4E",14137938145,"https://media.birdweather.com/soundscapes/6891/6891-20260710-060440.flac",0,3,"birdnetpi"
9539697171,6891,"2026-07-10T08:04:06.000+02:00",0.71,0.827771067619324,8.94924269154857,"almost_certain","2p4",NA,51.5654,6.0053,FALSE,1,"House Sparrow","Passer domesticus","#d16ff8","avian","https://media.birdweather.com/species/1/HouseSparrow-standard-b861184cf45c092cdb45fd689dd676ef.jpg","https://media.birdweather.com/species/1/HouseSparrow-thumbnail-e9cbc91763a1579de8ef04880678b5e3.jpg","https://media.birdweather.com/species/1/HouseSparrow-png200-125e8603e1efe9d7a18316b94f06a65e.png","XAgCDwD8qpukuHiqtLZ9mImnmPFcDO4E",14137923848,"https://media.birdweather.com/soundscapes/6891/6891-20260710-060406.flac",0,3,"birdnetpi"
9539694257,6891,"2026-07-10T08:03:55.000+02:00",0.78,0.660715103149414,8.86050577954227,"almost_certain","2p4",NA,51.5695,6.0071,FALSE,119,"Common House-Martin","Delichon urbicum","#53b1ff","avian","https://media.birdweather.com/species/119/CommonHouse-Martin-standard-9ffbcc688c51210fb136a162c84d82ad.jpg","https://media.birdweather.com/species/119/CommonHouse-Martin-thumbnail-dd7059ca6235347c3097e7a66f04df95.jpg","https://media.birdweather.com/species/119/CommonHouse-Martin-png200-a73a8953ce2af50676da81e70b2746b2.png","YhgKDwKJd4iIiHd/h5h5d4mIeQqVllAH",14137918638,"https://media.birdweather.com/soundscapes/6891/6891-20260710-060355.flac",0,3,"birdnetpi"
9539685962,6891,"2026-07-10T08:03:25.000+02:00",0.91,0.827771067619324,9.49354615408111,"almost_certain","2p4",NA,51.562,6.0086,FALSE,1,"House Sparrow","Passer domesticus","#d16ff8","avian","https://media.birdweather.com/species/1/HouseSparrow-standard-b861184cf45c092cdb45fd689dd676ef.jpg","https://media.birdweather.com/species/1/HouseSparrow-thumbnail-e9cbc91763a1579de8ef04880678b5e3.jpg","https://media.birdweather.com/species/1/HouseSparrow-png200-125e8603e1efe9d7a18316b94f06a65e.png","XAgCDwD8qpukuHiqtLZ9mImnmPFcDO4E",14137903738,"https://media.birdweather.com/soundscapes/6891/6891-20260710-060325.flac",0,3,"birdnetpi"
9539679421,6891,"2026-07-10T08:02:58.000+02:00",0.79,0.827771067619324,9.19344276857523,"almost_certain","2p4",NA,51.5661,6.0044,FALSE,1,"House Sparrow","Passer domesticus","#d16ff8","avian","https://media.birdweather.com/species/1/HouseSparrow-standard-b861184cf45c092cdb45fd689dd676ef.jpg","https://media.birdweather.com/species/1/HouseSparrow-thumbnail-e9cbc91763a1579de8ef04880678b5e3.jpg","https://media.birdweather.com/species/1/HouseSparrow-png200-125e8603e1efe9d7a18316b94f06a65e.png","XAgCDwD8qpukuHiqtLZ9mImnmPFcDO4E",14137891367,"https://media.birdweather.com/soundscapes/6891/6891-20260710-060258.flac",0,3,"birdnetpi"
9539673616,6891,"2026-07-10T08:02:36.000+02:00",0.76,0.827771067619324,9.10688767335373,"almost_certain","2p4",NA,51.5701,6.0093,FALSE,1,"House Sparrow","Passer domesticus","#d16ff8","avian","https://media.birdweather.com/species/1/HouseSparrow-standard-b861184cf45c092cdb45fd689dd676ef.jpg","https://media.birdweather.com/species/1/HouseSparrow-thumbnail-e9cbc91763a1579de8ef04880678b5e3.jpg","https://media.birdweather.com/species/1/HouseSparrow-png200-125e8603e1efe9d7a18316b94f06a65e.png","XAgCDwD8qpukuHiqtLZ9mImnmPFcDO4E",14137880933,"https://media.birdweather.com/soundscapes/6891/6891-20260710-060236.flac",0,3,"birdnetpi"
9539670507,6891,"2026-07-10T08:02:25.000+02:00",0.71,0.660715103149414,8.64455412598336,"almost_certain","2p4",NA,51.5627,6.0027,FALSE,119,"Common House-Martin","Delichon urbicum","#53b1ff","avian","https://media.birdweather.com/species/119/CommonHouse-Martin-standard-9ffbcc688c51210fb136a162c84d82ad.jpg","https://media.birdweather.com/species/119/CommonHouse-Martin-thumbnail-dd7059ca6235347c3097e7a66f04df95.jpg","https://media.birdweather.com/species/119/CommonHouse-Martin-png200-a73a8953ce2af50676da81e70b2746b2.png","YhgKDwKJd4iIiHd/h5h5d4mIeQqVllAH",14137875487,"https://media.birdweather.com/soundscapes/6891/6891-20260710-060225.flac",0,3,"birdnetpi"
9539659326,6891,"2026-07-10T08:01:42.000+02:00",0.76,0.827771067619324,9.10688767335373,"almost_certain","2p4",NA,51.5696,6.0055,FALSE,1,"House Sparrow","Passer domesticus","#d16ff8","avian","https://media.birdweather.com/species/1/HouseSparrow-standard-b861184cf45c092cdb45fd689dd676ef.jpg","https://media.birdweather.com/species/1/HouseSparrow-thumbnail-e9cbc91763a1579de8ef04880678b5e3.jpg","https://media.birdweather.com/species/1/HouseSparrow-png200-125e8603e1efe9d7a18316b94f06a65e.png","XAgCDwD8qpukuHiqtLZ9mImnmPFcDO4E",14137854850,"https://media.birdweather.com/soundscapes/6891/6891-20260710-060142.flac",0,3,"birdnetpi"
9539646908,6891,"2026-07-10T08:01:01.000+02:00",0.9,0.660715103149414,9.16621244484273,"almost_certain","2p4",NA,51.5686,6.0026,FALSE,119,"Common House-Martin","Delichon urbicum","#53b1ff","avian","https://media.birdweather.com/species/119/CommonHouse-Martin-standard-9ffbcc688c51210fb136a162c84d82ad.jpg","https://media.birdweather.com/species/119/CommonHouse-Martin-thumbnail-dd7059ca6235347c3097e7a66f04df95.jpg","https://media.birdweather.com/species/119/CommonHouse-Martin-png200-a73a8953ce2af50676da81e70b2746b2.png","YhgKDwKJd4iIiHd/h5h5d4mIeQqVllAH",14137831769,"https://media.birdweather.com/soundscapes/6891/6891-20260710-060101.flac",0,3,"birdnetpi"
9539639153,6891,"2026-07-10T08:00:33.000+02:00",0.72,0.827771067619324,8.98225633721188,"almost_certain","2p4",NA,51.5617,6.0006,FALSE,1,"House Sparrow","Passer domesticus","#d16ff8","avian","https://media.birdweather.com/species/1/HouseSparrow-standard-b861184cf45c092cdb45fd689dd676ef.jpg","https://media.birdweather.com/species/1/HouseSparrow-thumbnail-e9cbc91763a1579de8ef04880678b5e3.jpg","https://media.birdweather.com/species/1/HouseSparrow-png200-125e8603e1efe9d7a18316b94f06a65e.png","XAgCDwD8qpukuHiqtLZ9mImnmPFcDO4E",14137817374,"https://media.birdweather.com/soundscapes/6891/6891-20260710-060033.flac",0,3,"birdnetpi"
9539625150,6891,"2026-07-10T07:59:39.000+02:00",0.83,0.827771067619324,9.30094888173008,"almost_certain","2p4",NA,51.5657,6.0087,FALSE,1,"House Sparrow","Passer domesticus","#d16ff8","avian","https://media.birdweather.com/species/1/HouseSparrow-standard-b861184cf45c092cdb45fd689dd676ef.jpg","https://media.birdweather.com/species/1/HouseSparrow-thumbnail-e9cbc91763a1579de8ef04880678b5e3.jpg","https://media.birdweather.com/species/1/HouseSparrow-png200-125e8603e1efe9d7a18316b94f06a65e.png","XAgCDwD8qpukuHiqtLZ9mImnmPFcDO4E",14137792020,"https://media.birdweather.com/soundscapes/6891/6891-20260710-055939.flac",0,3,"birdnetpi"
9539623306,6891,"2026-07-10T07:59:24.000+02:00",0.89,0.660715103149414,9.14318669274929,"almost_certain","2p4",NA,51.5677,6.0018,FALSE,119,"Common House-Martin","Delichon urbicum","#53b1ff","avian","https://media.birdweather.com/species/119/CommonHouse-Martin-standard-9ffbcc688c51210fb136a162c84d82ad.jpg","https://media.birdweather.com/species/119/CommonHouse-Martin-thumbnail-dd7059ca6235347c3097e7a66f04df95.jpg","https://media.birdweather.com/species/119/CommonHouse-Martin-png200-a73a8953ce2af50676da81e70b2746b2.png","YhgKDwKJd4iIiHd/h5h5d4mIeQqVllAH",14137788609,"https://media.birdweather.com/soundscapes/6891/6891-20260710-055924.flac",0,3,"birdnetpi"
9539615584,6891,"2026-07-10T07:59:04.000+02:00",0.96,0.827771067619324,9.60147595673987,"almost_certain","2p4",NA,51.5629,6.0029,FALSE,1,"House Sparrow","Passer domesticus","#d16ff8","avian","https://media.birdweather.com/species/1/HouseSparrow-standard-b861184cf45c092cdb45fd689dd676ef.jpg","https://media.birdweather.com/species/1/HouseSparrow-thumbnail-e9cbc91763a1579de8ef04880678b5e3.jpg","https://media.birdweather.com/species/1/HouseSparrow-png200-125e8603e1efe9d7a18316b94f06a65e.png","XAgCDwD8qpukuHiqtLZ9mImnmPFcDO4E",14137774222,"https://media.birdweather.com/soundscapes/6891/6891-20260710-055904.flac",0,3,"birdnetpi"
9539611714,6891,"2026-07-10T07:58:46.000+02:00",0.98,0.660715103149414,9.33768595068972,"almost_certain","2p4",NA,51.5636,6.0062,FALSE,119,"Common House-Martin","Delichon urbicum","#53b1ff","avian","https://media.birdweather.com/species/119/CommonHouse-Martin-standard-9ffbcc688c51210fb136a162c84d82ad.jpg","https://media.birdweather.com/species/119/CommonHouse-Martin-thumbnail-dd7059ca6235347c3097e7a66f04df95.jpg","https://media.birdweather.com/species/119/CommonHouse-Martin-png200-a73a8953ce2af50676da81e70b2746b2.png","YhgKDwKJd4iIiHd/h5h5d4mIeQqVllAH",14137767001,"https://media.birdweather.com/soundscapes/6891/6891-20260710-055846.flac",0,3,"birdnetpi"
9539610489,6891,"2026-07-10T07:58:34.000+02:00",0.81,0.827771067619324,9.248250076996,"almost_certain","2p4",NA,51.5647,6.0062,FALSE,1,"House Sparrow","Passer domesticus","#d16ff8","avian","https://media.birdweather.com/species/1/HouseSparrow-standard-b861184cf45c092cdb45fd689dd676ef.jpg","https://media.birdweather.com/species/1/HouseSparrow-thumbnail-e9cbc91763a1579de8ef04880678b5e3.jpg","https://media.birdweather.com/species/1/HouseSparrow-png200-125e8603e1efe9d7a18316b94f06a65e.png","XAgCDwD8qpukuHiqtLZ9mImnmPFcDO4E",14137764721,"https://media.birdweather.com/soundscapes/6891/6891-20260710-055834.flac",0,3,"birdnetpi"
9539596845,6891,"2026-07-10T07:57:43.000+02:00",0.85,0.876010596752167,9.42839355406004,"almost_certain","2p4",NA,51.5674,6.0061,FALSE,551,"Common Swift","Apus apus","#234bb2","avian","https://media.birdweather.com/species/551/CommonSwift-standard-ba54f84fbd8481b1c0de60654fbd79d5.jpg","https://media.birdweather.com/species/551/CommonSwift-thumbnail-bad1d7e3c141990f11d01e49e9f768ac.jpg","https://media.birdweather.com/species/551/CommonSwift-png200-f52bea49cb0e4232049806bde3e1a401.png","LLYFFwLchWelV5dvsqh1jKZoKJIEMkoA",14137740048,"https://media.birdweather.com/soundscapes/6891/6891-20260710-055743.flac",0,3,"birdnetpi"
9539586603,6891,"2026-07-10T07:57:12.000+02:00",0.84,0.827771067619324,9.32655710395673,"almost_certain","2p4",NA,51.5685,6.0011,FALSE,1,"House Sparrow","Passer domesticus","#d16ff8","avian","https://media.birdweather.com/species/1/HouseSparrow-standard-b861184cf45c092cdb45fd689dd676ef.jpg","https://media.birdweather.com/species/1/HouseSparrow-thumbnail-e9cbc91763a1579de8ef04880678b5e3.jpg","https://media.birdweather.com/species/1/HouseSparrow-png200-125e8603e1efe9d7a18316b94f06a65e.png","XAgCDwD8qpukuHiqtLZ9mImnmPFcDO4E",14137721240,"https://media.birdweather.com/soundscapes/6891/6891-20260710-055712.flac",0,3,"birdnetpi"
9539579127,6891,"2026-07-10T07:56:46.000+02:00",0.8,0.827771067619324,9.22112047760023,"almost_certain","2p4",NA,51.5665,6.0091,FALSE,1,"House Sparrow","Passer domesticus","#d16ff8","avian","https://media.birdweather.com/species/1/HouseSparrow-standard-b861184cf45c092cdb45fd689dd676ef.jpg","https://media.birdweather.com/species/1/HouseSparrow-thumbnail-e9cbc91763a1579de8ef04880678b5e3.jpg","https://media.birdweather.com/species/1/HouseSparrow-png200-125e8603e1efe9d7a18316b94f06a65e.png","XAgCDwD8qpukuHiqtLZ9mImnmPFcDO4E",14137707741,"https://media.birdweather.com/soundscapes/6891/6891-20260710-055646.flac",0,3,"birdnetpi"
9539574536,6891,"2026-07-10T07:56:18.000+02:00",0.86,0.876010596752167,9.45307890659871,"almost_certain","2p4",NA,51.5677,6.0094,FALSE,551,"Common Swift","Apus apus","#234bb2","avian","https://media.birdweather.com/species/551/CommonSwift-standard-ba54f84fbd8481b1c0de60654fbd79d5.jpg","https://media.birdweather.com/species/551/CommonSwift-thumbnail-bad1d7e3c141990f11d01e49e9f768ac.jpg","https://media.birdweather.com/species/551/CommonSwift-png200-f52bea49cb0e4232049806bde3e1a401.png","LLYFFwLchWelV5dvsqh1jKZoKJIEMkoA",14137699114,"https://media.birdweather.com/soundscapes/6891/6891-20260710-055618.flac",0,3,"birdnetpi"
9539572027,6891,"2026-07-10T07:56:13.000+02:00",0.84,0.827771067619324,9.32655710395673,"almost_certain","2p4",NA,51.5671,6.0054,FALSE,1,"House Sparrow","Passer domesticus","#d16ff8","avian","https://media.birdweather.com/species/1/HouseSparrow-standard-b861184cf45c092cdb45fd689dd676ef.jpg","https://media.birdweather.com/species/1/HouseSparrow-thumbnail-e9cbc91763a1579de8ef04880678b5e3.jpg","https://media.birdweather.com/species/1/HouseSparrow-png200-125e8603e1efe9d7a18316b94f06a65e.png","XAgCDwD8qpukuHiqtLZ9mImnmPFcDO4E",14137694763,"https://media.birdweather.com/soundscapes/6891/6891-20260710-055613.flac",0,3,"birdnetpi"
9539567989,6891,"2026-07-10T07:55:55.000+02:00",0.94,0.827771067619324,9.55931878436642,"almost_certain","2p4",NA,51.5622,6.0006,FALSE,1,"House Sparrow","Passer domesticus","#d16ff8","avian","https://media.birdweather.com/species/1/HouseSparrow-standard-b861184cf45c092cdb45fd689dd676ef.jpg","https://media.birdweather.com/species/1/HouseSparrow-thumbnail-e9cbc91763a1579de8ef04880678b5e3.jpg","https://media.birdweather.com/species/1/HouseSparrow-png200-125e8603e1efe9d7a18316b94f06a65e.png","XAgCDwD8qpukuHiqtLZ9mImnmPFcDO4E",14137687524,"https://media.birdweather.com/soundscapes/6891/6891-20260710-055555.flac",0,3,"birdnetpi"
9539560306,6891,"2026-07-10T07:55:36.000+02:00",0.93,0.827771067619324,9.53774353532007,"almost_certain","2p4",NA,51.5683,6.0081,FALSE,1,"House Sparrow","Passer domesticus","#d16ff8","avian","https://media.birdweather.com/species/1/HouseSparrow-standard-b861184cf45c092cdb45fd689dd676ef.jpg","https://media.birdweather.com/species/1/HouseSparrow-thumbnail-e9cbc91763a1579de8ef04880678b5e3.jpg","https://media.birdweather.com/species/1/HouseSparrow-png200-125e8603e1efe9d7a18316b94f06a65e.png","XAgCDwD8qpukuHiqtLZ9mImnmPFcDO4E",14137673490,"https://media.birdweather.com/soundscapes/6891/6891-20260710-055536.flac",0,3,"birdnetpi"
9539553029,6891,"2026-07-10T07:55:09.000+02:00",0.85,0.827771067619324,9.35169542393215,"almost_certain","2p4",NA,51.5674,6.0079,FALSE,1,"House Sparrow","Passer domesticus","#d16ff8","avian","https://media.birdweather.com/species/1/HouseSparrow-standard-b861184cf45c092cdb45fd689dd676ef.jpg","https://media.birdweather.com/species/1/HouseSparrow-thumbnail-e9cbc91763a1579de8ef04880678b5e3.jpg","https://media.birdweather.com/species/1/HouseSparrow-png200-125e8603e1efe9d7a18316b94f06a65e.png","XAgCDwD8qpukuHiqtLZ9mImnmPFcDO4E",14137660524,"https://media.birdweather.com/soundscapes/6891/6891-20260710-055509.flac",0,3,"birdnetpi"
9539545979,6891,"2026-07-10T07:54:39.000+02:00",0.9,0.827771067619324,9.47090101040795,"almost_certain","2p4",NA,51.5636,6.0007,FALSE,1,"House Sparrow","Passer domesticus","#d16ff8","avian","https://media.birdweather.com/species/1/HouseSparrow-standard-b861184cf45c092cdb45fd689dd676ef.jpg","https://media.birdweather.com/species/1/HouseSparrow-thumbnail-e9cbc91763a1579de8ef04880678b5e3.jpg","https://media.birdweather.com/species/1/HouseSparrow-png200-125e8603e1efe9d7a18316b94f06a65e.png","XAgCDwD8qpukuHiqtLZ9mImnmPFcDO4E",14137647585,"https://media.birdweather.com/soundscapes/6891/6891-20260710-055439.flac",0,3,"birdnetpi"
9539538782,6891,"2026-07-10T07:54:07.000+02:00",0.89,0.827771067619324,9.4478752583145,"almost_certain","2p4",NA,51.5619,6.007,FALSE,1,"House Sparrow","Passer domesticus","#d16ff8","avian","https://media.birdweather.com/species/1/HouseSparrow-standard-b861184cf45c092cdb45fd689dd676ef.jpg","https://media.birdweather.com/species/1/HouseSparrow-thumbnail-e9cbc91763a1579de8ef04880678b5e3.jpg","https://media.birdweather.com/species/1/HouseSparrow-png200-125e8603e1efe9d7a18316b94f06a65e.png","XAgCDwD8qpukuHiqtLZ9mImnmPFcDO4E",14137634643,"https://media.birdweather.com/soundscapes/6891/6891-20260710-055407.flac",0,3,"birdnetpi"
9539531062,6891,"2026-07-10T07:53:36.000+02:00",0.79,0.827771067619324,9.19344276857523,"almost_certain","2p4",NA,51.5646,6.006,FALSE,1,"House Sparrow","Passer domesticus","#d16ff8","avian","https://media.birdweather.com/species/1/HouseSparrow-standard-b861184cf45c092cdb45fd689dd676ef.jpg","https://media.birdweather.com/species/1/HouseSparrow-thumbnail-e9cbc91763a1579de8ef04880678b5e3.jpg","https://media.birdweather.com/species/1/HouseSparrow-png200-125e8603e1efe9d7a18316b94f06a65e.png","XAgCDwD8qpukuHiqtLZ9mImnmPFcDO4E",14137620206,"https://media.birdweather.com/soundscapes/6891/6891-20260710-055336.flac",0,3,"birdnetpi"
9539526084,6891,"2026-07-10T07:53:21.000+02:00",0.93,0.9930100440979,9.78436535641535,"almost_certain","2p4",NA,51.5647,6.0062,FALSE,407,"Common Wood-Pigeon","Columba palumbus","#028fb2","avian","https://media.birdweather.com/species/407/CommonWood-Pigeon-standard-5558900260c92622ceef8a812b06518e.jpg","https://media.birdweather.com/species/407/CommonWood-Pigeon-thumbnail-4b86c907c8b82c8af31d566b811dee05.jpg","https://media.birdweather.com/species/407/CommonWood-Pigeon-png200-533b13201573be3895fcec3e61e861b5.png","2ukFHwIHiYeWxnZUiniYZ3h5h6+rCIQH",14137611077,"https://media.birdweather.com/soundscapes/6891/6891-20260710-055321.flac",0,3,"birdnetpi"
9539521332,6891,"2026-07-10T07:53:07.000+02:00",0.77,0.827771067619324,9.13635117450645,"almost_certain","2p4",NA,51.5679,6.0089,FALSE,1,"House Sparrow","Passer domesticus","#d16ff8","avian","https://media.birdweather.com/species/1/HouseSparrow-standard-b861184cf45c092cdb45fd689dd676ef.jpg","https://media.birdweather.com/species/1/HouseSparrow-thumbnail-e9cbc91763a1579de8ef04880678b5e3.jpg","https://media.birdweather.com/species/1/HouseSparrow-png200-125e8603e1efe9d7a18316b94f06a65e.png","XAgCDwD8qpukuHiqtLZ9mImnmPFcDO4E",14137602335,"https://media.birdweather.com/soundscapes/6891/6891-20260710-055307.flac",0,3,"birdnetpi"
9539514177,6891,"2026-07-10T07:52:31.000+02:00",0.93,0.660715103149414,9.23305496975486,"almost_certain","2p4",NA,51.5646,6.0083,FALSE,119,"Common House-Martin","Delichon urbicum","#53b1ff","avian","https://media.birdweather.com/species/119/CommonHouse-Martin-standard-9ffbcc688c51210fb136a162c84d82ad.jpg","https://media.birdweather.com/species/119/CommonHouse-Martin-thumbnail-dd7059ca6235347c3097e7a66f04df95.jpg","https://media.birdweather.com/species/119/CommonHouse-Martin-png200-a73a8953ce2af50676da81e70b2746b2.png","YhgKDwKJd4iIiHd/h5h5d4mIeQqVllAH",14137589354,"https://media.birdweather.com/soundscapes/6891/6891-20260710-055231.flac",0,3,"birdnetpi"
9539503112,6891,"2026-07-10T07:51:49.000+02:00",0.97,0.660715103149414,9.31738928316408,"almost_certain","2p4",NA,51.5616,6.0049,FALSE,119,"Common House-Martin","Delichon urbicum","#53b1ff","avian","https://media.birdweather.com/species/119/CommonHouse-Martin-standard-9ffbcc688c51210fb136a162c84d82ad.jpg","https://media.birdweather.com/species/119/CommonHouse-Martin-thumbnail-dd7059ca6235347c3097e7a66f04df95.jpg","https://media.birdweather.com/species/119/CommonHouse-Martin-png200-a73a8953ce2af50676da81e70b2746b2.png","YhgKDwKJd4iIiHd/h5h5d4mIeQqVllAH",14137569171,"https://media.birdweather.com/soundscapes/6891/6891-20260710-055149.flac",0,3,"birdnetpi"
9539502631,6891,"2026-07-10T07:51:46.000+02:00",0.7,0.9930100440979,9.16203563339505,"almost_certain","2p4",NA,51.5622,6.0009,FALSE,407,"Common Wood-Pigeon","Columba palumbus","#028fb2","avian","https://media.birdweather.com/species/407/CommonWood-Pigeon-standard-5558900260c92622ceef8a812b06518e.jpg","https://media.birdweather.com/species/407/CommonWood-Pigeon-thumbnail-4b86c907c8b82c8af31d566b811dee05.jpg","https://media.birdweather.com/species/407/CommonWood-Pigeon-png200-533b13201573be3895fcec3e61e861b5.png","2ukFHwIHiYeWxnZUiniYZ3h5h6+rCIQH",14137568283,"https://media.birdweather.com/soundscapes/6891/6891-20260710-055146.flac",0,3,"birdnetpi"
9539491333,6891,"2026-07-10T07:51:04.000+02:00",0.73,0.660715103149414,8.70980455309864,"almost_certain","2p4",NA,51.5658,6.0033,FALSE,119,"Common House-Martin","Delichon urbicum","#53b1ff","avian","https://media.birdweather.com/species/119/CommonHouse-Martin-standard-9ffbcc688c51210fb136a162c84d82ad.jpg","https://media.birdweather.com/species/119/CommonHouse-Martin-thumbnail-dd7059ca6235347c3097e7a66f04df95.jpg","https://media.birdweather.com/species/119/CommonHouse-Martin-png200-a73a8953ce2af50676da81e70b2746b2.png","YhgKDwKJd4iIiHd/h5h5d4mIeQqVllAH",14137548080,"https://media.birdweather.com/soundscapes/6891/6891-20260710-055104.flac",0,3,"birdnetpi"
9539484540,6891,"2026-07-10T07:50:42.000+02:00",0.95,0.9930100440979,9.82718134101598,"almost_certain","2p4",NA,51.5638,6.0066,FALSE,407,"Common Wood-Pigeon","Columba palumbus","#028fb2","avian","https://media.birdweather.com/species/407/CommonWood-Pigeon-standard-5558900260c92622ceef8a812b06518e.jpg","https://media.birdweather.com/species/407/CommonWood-Pigeon-thumbnail-4b86c907c8b82c8af31d566b811dee05.jpg","https://media.birdweather.com/species/407/CommonWood-Pigeon-png200-533b13201573be3895fcec3e61e861b5.png","2ukFHwIHiYeWxnZUiniYZ3h5h6+rCIQH",14137536005,"https://media.birdweather.com/soundscapes/6891/6891-20260710-055042.flac",0,3,"birdnetpi"
9539476446,6891,"2026-07-10T07:50:10.000+02:00",0.91,0.9930100440979,9.74016797517639,"almost_certain","2p4",NA,51.5653,6.0007,FALSE,407,"Common Wood-Pigeon","Columba palumbus","#028fb2","avian","https://media.birdweather.com/species/407/CommonWood-Pigeon-standard-5558900260c92622ceef8a812b06518e.jpg","https://media.birdweather.com/species/407/CommonWood-Pigeon-thumbnail-4b86c907c8b82c8af31d566b811dee05.jpg","https://media.birdweather.com/species/407/CommonWood-Pigeon-png200-533b13201573be3895fcec3e61e861b5.png","2ukFHwIHiYeWxnZUiniYZ3h5h6+rCIQH",14137521660,"https://media.birdweather.com/soundscapes/6891/6891-20260710-055010.flac",0,3,"birdnetpi"
9539470747,6891,"2026-07-10T07:49:49.000+02:00",0.99,0.876010596752167,9.7390730015898,"almost_certain","2p4",NA,51.5691,6.0028,FALSE,551,"Common Swift","Apus apus","#234bb2","avian","https://media.birdweather.com/species/551/CommonSwift-standard-ba54f84fbd8481b1c0de60654fbd79d5.jpg","https://media.birdweather.com/species/551/CommonSwift-thumbnail-bad1d7e3c141990f11d01e49e9f768ac.jpg","https://media.birdweather.com/species/551/CommonSwift-png200-f52bea49cb0e4232049806bde3e1a401.png","LLYFFwLchWelV5dvsqh1jKZoKJIEMkoA",14137511570,"https://media.birdweather.com/soundscapes/6891/6891-20260710-054949.flac",0,3,"birdnetpi"
9539458810,6891,"2026-07-10T07:49:03.000+02:00",0.91,0.695406913757324,9.25794717842997,"almost_certain","2p4",NA,51.5701,6.0082,FALSE,89,"European Goldfinch","Carduelis carduelis","#65dba3","avian","https://media.birdweather.com/species/89/EuropeanGoldfinch-standard-5e709d6e7011b21fe905b6d27ce94b9d.jpg","https://media.birdweather.com/species/89/EuropeanGoldfinch-thumbnail-f99916cbaf5a2c3bd8f61890d18d73c1.jpg","https://media.birdweather.com/species/89/EuropeanGoldfinch-png200-ef3fc90c8328c40b59d9ad3c4b52e850.png","lPgJDwI+UJmHq2hji4dWiHiH2XQID5UC",14137490009,"https://media.birdweather.com/soundscapes/6891/6891-20260710-054903.flac",0,3,"birdnetpi"
9539457007,6891,"2026-07-10T07:48:58.000+02:00",0.98,0.876010596752167,9.71907264638282,"almost_certain","2p4",NA,51.567,6.0084,FALSE,551,"Common Swift","Apus apus","#234bb2","avian","https://media.birdweather.com/species/551/CommonSwift-standard-ba54f84fbd8481b1c0de60654fbd79d5.jpg","https://media.birdweather.com/species/551/CommonSwift-thumbnail-bad1d7e3c141990f11d01e49e9f768ac.jpg","https://media.birdweather.com/species/551/CommonSwift-png200-f52bea49cb0e4232049806bde3e1a401.png","LLYFFwLchWelV5dvsqh1jKZoKJIEMkoA",14137486937,"https://media.birdweather.com/soundscapes/6891/6891-20260710-054858.flac",0,3,"birdnetpi"
9539453768,6891,"2026-07-10T07:48:45.000+02:00",0.9,0.9930100440979,9.71752283150323,"almost_certain","2p4",NA,51.5686,6.0011,FALSE,407,"Common Wood-Pigeon","Columba palumbus","#028fb2","avian","https://media.birdweather.com/species/407/CommonWood-Pigeon-standard-5558900260c92622ceef8a812b06518e.jpg","https://media.birdweather.com/species/407/CommonWood-Pigeon-thumbnail-4b86c907c8b82c8af31d566b811dee05.jpg","https://media.birdweather.com/species/407/CommonWood-Pigeon-png200-533b13201573be3895fcec3e61e861b5.png","2ukFHwIHiYeWxnZUiniYZ3h5h6+rCIQH",14137481208,"https://media.birdweather.com/soundscapes/6891/6891-20260710-054845.flac",0,3,"birdnetpi"
9539453274,6891,"2026-07-10T07:48:43.000+02:00",0.93,0.695406913757324,9.30214455966893,"almost_certain","2p4",NA,51.5657,6.0053,FALSE,89,"European Goldfinch","Carduelis carduelis","#65dba3","avian","https://media.birdweather.com/species/89/EuropeanGoldfinch-standard-5e709d6e7011b21fe905b6d27ce94b9d.jpg","https://media.birdweather.com/species/89/EuropeanGoldfinch-thumbnail-f99916cbaf5a2c3bd8f61890d18d73c1.jpg","https://media.birdweather.com/species/89/EuropeanGoldfinch-png200-ef3fc90c8328c40b59d9ad3c4b52e850.png","lPgJDwI+UJmHq2hji4dWiHiH2XQID5UC",14137480313,"https://media.birdweather.com/soundscapes/6891/6891-20260710-054843.flac",0,3,"birdnetpi"
9539448419,6891,"2026-07-10T07:48:27.000+02:00",0.93,0.9930100440979,9.78436535641535,"almost_certain","2p4",NA,51.5667,6.0027,FALSE,407,"Common Wood-Pigeon","Columba palumbus","#028fb2","avian","https://media.birdweather.com/species/407/CommonWood-Pigeon-standard-5558900260c92622ceef8a812b06518e.jpg","https://media.birdweather.com/species/407/CommonWood-Pigeon-thumbnail-4b86c907c8b82c8af31d566b811dee05.jpg","https://media.birdweather.com/species/407/CommonWood-Pigeon-png200-533b13201573be3895fcec3e61e861b5.png","2ukFHwIHiYeWxnZUiniYZ3h5h6+rCIQH",14137471602,"https://media.birdweather.com/soundscapes/6891/6891-20260710-054827.flac",0,3,"birdnetpi"
9539442059,6891,"2026-07-10T07:48:06.000+02:00",0.99,0.876010596752167,9.7390730015898,"almost_certain","2p4",NA,51.5668,6.0043,FALSE,551,"Common Swift","Apus apus","#234bb2","avian","https://media.birdweather.com/species/551/CommonSwift-standard-ba54f84fbd8481b1c0de60654fbd79d5.jpg","https://media.birdweather.com/species/551/CommonSwift-thumbnail-bad1d7e3c141990f11d01e49e9f768ac.jpg","https://media.birdweather.com/species/551/CommonSwift-png200-f52bea49cb0e4232049806bde3e1a401.png","LLYFFwLchWelV5dvsqh1jKZoKJIEMkoA",14137460149,"https://media.birdweather.com/soundscapes/6891/6891-20260710-054806.flac",0,3,"birdnetpi"
9539441230,6891,"2026-07-10T07:47:58.000+02:00",0.86,0.9930100440979,9.62300259756611,"almost_certain","2p4",NA,51.5638,6.0064,FALSE,407,"Common Wood-Pigeon","Columba palumbus","#028fb2","avian","https://media.birdweather.com/species/407/CommonWood-Pigeon-standard-5558900260c92622ceef8a812b06518e.jpg","https://media.birdweather.com/species/407/CommonWood-Pigeon-thumbnail-4b86c907c8b82c8af31d566b811dee05.jpg","https://media.birdweather.com/species/407/CommonWood-Pigeon-png200-533b13201573be3895fcec3e61e861b5.png","2ukFHwIHiYeWxnZUiniYZ3h5h6+rCIQH",14137458685,"https://media.birdweather.com/soundscapes/6891/6891-20260710-054758.flac",0,3,"birdnetpi"
9539440341,6891,"2026-07-10T07:47:55.000+02:00",0.75,0.44642049074173,8.24473397695387,"almost_certain","2p4",NA,51.5615,6.0056,FALSE,103,"Eurasian Collared-Dove","Streptopelia decaocto","#006e2a","avian","https://media.birdweather.com/species/103/EurasianCollared-Dove-standard-e0c74c4f1ffe5357c4759579380dab35.jpg","https://media.birdweather.com/species/103/EurasianCollared-Dove-thumbnail-53ccb5f0a5d0640a1e766dd99c28ebca.jpg","https://media.birdweather.com/species/103/EurasianCollared-Dove-png200-4efa83c8c5efbdb09427b3c3fa247357.png","pvcFFwLpd4RvlJeUWZh2eXh4VxBqBZIH",14137457181,"https://media.birdweather.com/soundscapes/6891/6891-20260710-054755.flac",0,3,"birdnetpi"
9539431851,6891,"2026-07-10T07:47:25.000+02:00",0.74,0.9930100440979,9.29261057972697,"almost_certain","2p4",NA,51.5704,6.0094,FALSE,407,"Common Wood-Pigeon","Columba palumbus","#028fb2","avian","https://media.birdweather.com/species/407/CommonWood-Pigeon-standard-5558900260c92622ceef8a812b06518e.jpg","https://media.birdweather.com/species/407/CommonWood-Pigeon-thumbnail-4b86c907c8b82c8af31d566b811dee05.jpg","https://media.birdweather.com/species/407/CommonWood-Pigeon-png200-533b13201573be3895fcec3e61e861b5.png","2ukFHwIHiYeWxnZUiniYZ3h5h6+rCIQH",14137442194,"https://media.birdweather.com/soundscapes/6891/6891-20260710-054725.flac",0,3,"birdnetpi"
9539426097,6891,"2026-07-10T07:47:01.000+02:00",0.73,0.159493267536163,6.8253267339426,"almost_certain","2p4",NA,51.5623,6.0042,FALSE,143,"Eurasian Oystercatcher","Haematopus ostralegus","#ca8600","avian","https://media.birdweather.com/species/143/EurasianOystercatcher-standard-de054f6108c9ec46b2430e18a3a05899.jpg","https://media.birdweather.com/species/143/EurasianOystercatcher-thumbnail-30dda908d192acf9a6ba366e2d58599a.jpg","https://media.birdweather.com/species/143/EurasianOystercatcher-png200-eaade4c821880831fc0130856cf4cad3.png","3vcRFwKHd4mAiHeCdth4eIeIhYD5CocK",14137431752,"https://media.birdweather.com/soundscapes/6891/6891-20260710-054701.flac",0,3,"birdnetpi"
9539367786,6891,"2026-07-10T07:43:22.000+02:00",0.91,0.660715103149414,9.18885758851589,"almost_certain","2p4",NA,51.5695,6.0073,FALSE,119,"Common House-Martin","Delichon urbicum","#53b1ff","avian","https://media.birdweather.com/species/119/CommonHouse-Martin-standard-9ffbcc688c51210fb136a162c84d82ad.jpg","https://media.birdweather.com/species/119/CommonHouse-Martin-thumbnail-dd7059ca6235347c3097e7a66f04df95.jpg","https://media.birdweather.com/species/119/CommonHouse-Martin-png200-a73a8953ce2af50676da81e70b2746b2.png","YhgKDwKJd4iIiHd/h5h5d4mIeQqVllAH",14137325458,"https://media.birdweather.com/soundscapes/6891/6891-20260710-054322.flac",0,3,"birdnetpi"
9539357950,6891,"2026-07-10T07:42:57.000+02:00",0.83,0.907499194145203,9.42549123533895,"almost_certain","2p4",NA,51.5657,6.0049,FALSE,25,"Common Chaffinch","Fringilla coelebs","#fb7eff","avian","https://media.birdweather.com/species/25/CommonChaffinch-standard-d8edb223d1ec828ee0cda788e8f5f209.jpg","https://media.birdweather.com/species/25/CommonChaffinch-thumbnail-7ba0a46bb0cd7efdb3215242f9528140.jpg","https://media.birdweather.com/species/25/CommonChaffinch-png200-ced617224ab07c316109e2d0e9078f2e.png","WfgJDwKGhIbAbHimmnhluHh2tv25ZoAD",14137308061,"https://media.birdweather.com/soundscapes/6891/6891-20260710-054257.flac",0,3,"birdnetpi"
9539353709,6891,"2026-07-10T07:42:30.000+02:00",0.98,0.876010596752167,9.71907264638282,"almost_certain","2p4",NA,51.5667,6.0039,FALSE,551,"Common Swift","Apus apus","#234bb2","avian","https://media.birdweather.com/species/551/CommonSwift-standard-ba54f84fbd8481b1c0de60654fbd79d5.jpg","https://media.birdweather.com/species/551/CommonSwift-thumbnail-bad1d7e3c141990f11d01e49e9f768ac.jpg","https://media.birdweather.com/species/551/CommonSwift-png200-f52bea49cb0e4232049806bde3e1a401.png","LLYFFwLchWelV5dvsqh1jKZoKJIEMkoA",14137300363,"https://media.birdweather.com/soundscapes/6891/6891-20260710-054230.flac",0,3,"birdnetpi"
9539334786,6891,"2026-07-10T07:41:18.000+02:00",0.81,0.9930100440979,9.49487189809128,"almost_certain","2p4",NA,51.5674,6.0025,FALSE,407,"Common Wood-Pigeon","Columba palumbus","#028fb2","avian","https://media.birdweather.com/species/407/CommonWood-Pigeon-standard-5558900260c92622ceef8a812b06518e.jpg","https://media.birdweather.com/species/407/CommonWood-Pigeon-thumbnail-4b86c907c8b82c8af31d566b811dee05.jpg","https://media.birdweather.com/species/407/CommonWood-Pigeon-png200-533b13201573be3895fcec3e61e861b5.png","2ukFHwIHiYeWxnZUiniYZ3h5h6+rCIQH",14137266220,"https://media.birdweather.com/soundscapes/6891/6891-20260710-054118.flac",0,3,"birdnetpi"
9539314316,6891,"2026-07-10T07:40:09.000+02:00",0.93,0.9930100440979,9.78436535641535,"almost_certain","2p4",NA,51.5633,6.0022,FALSE,407,"Common Wood-Pigeon","Columba palumbus","#028fb2","avian","https://media.birdweather.com/species/407/CommonWood-Pigeon-standard-5558900260c92622ceef8a812b06518e.jpg","https://media.birdweather.com/species/407/CommonWood-Pigeon-thumbnail-4b86c907c8b82c8af31d566b811dee05.jpg","https://media.birdweather.com/species/407/CommonWood-Pigeon-png200-533b13201573be3895fcec3e61e861b5.png","2ukFHwIHiYeWxnZUiniYZ3h5h6+rCIQH",14137230013,"https://media.birdweather.com/soundscapes/6891/6891-20260710-054009.flac",0,3,"birdnetpi"
9539306523,6891,"2026-07-10T07:39:40.000+02:00",0.95,0.9930100440979,9.82718134101598,"almost_certain","2p4",NA,51.5661,6.0074,FALSE,407,"Common Wood-Pigeon","Columba palumbus","#028fb2","avian","https://media.birdweather.com/species/407/CommonWood-Pigeon-standard-5558900260c92622ceef8a812b06518e.jpg","https://media.birdweather.com/species/407/CommonWood-Pigeon-thumbnail-4b86c907c8b82c8af31d566b811dee05.jpg","https://media.birdweather.com/species/407/CommonWood-Pigeon-png200-533b13201573be3895fcec3e61e861b5.png","2ukFHwIHiYeWxnZUiniYZ3h5h6+rCIQH",14137215999,"https://media.birdweather.com/soundscapes/6891/6891-20260710-053940.flac",0,3,"birdnetpi"
9539298930,6891,"2026-07-10T07:39:06.000+02:00",0.88,0.9930100440979,9.67107770570755,"almost_certain","2p4",NA,51.5638,6.0035,FALSE,407,"Common Wood-Pigeon","Columba palumbus","#028fb2","avian","https://media.birdweather.com/species/407/CommonWood-Pigeon-standard-5558900260c92622ceef8a812b06518e.jpg","https://media.birdweather.com/species/407/CommonWood-Pigeon-thumbnail-4b86c907c8b82c8af31d566b811dee05.jpg","https://media.birdweather.com/species/407/CommonWood-Pigeon-png200-533b13201573be3895fcec3e61e861b5.png","2ukFHwIHiYeWxnZUiniYZ3h5h6+rCIQH",14137202512,"https://media.birdweather.com/soundscapes/6891/6891-20260710-053906.flac",0,3,"birdnetpi"
9539290077,6891,"2026-07-10T07:38:34.000+02:00",0.91,0.9930100440979,9.74016797517639,"almost_certain","2p4",NA,51.5661,6.0092,FALSE,407,"Common Wood-Pigeon","Columba palumbus","#028fb2","avian","https://media.birdweather.com/species/407/CommonWood-Pigeon-standard-5558900260c92622ceef8a812b06518e.jpg","https://media.birdweather.com/species/407/CommonWood-Pigeon-thumbnail-4b86c907c8b82c8af31d566b811dee05.jpg","https://media.birdweather.com/species/407/CommonWood-Pigeon-png200-533b13201573be3895fcec3e61e861b5.png","2ukFHwIHiYeWxnZUiniYZ3h5h6+rCIQH",14137187109,"https://media.birdweather.com/soundscapes/6891/6891-20260710-053834.flac",0,3,"birdnetpi"
9539283640,6891,"2026-07-10T07:38:10.000+02:00",0.85,0.9930100440979,9.59831724502744,"almost_certain","2p4",NA,51.5666,6.0005,FALSE,407,"Common Wood-Pigeon","Columba palumbus","#028fb2","avian","https://media.birdweather.com/species/407/CommonWood-Pigeon-standard-5558900260c92622ceef8a812b06518e.jpg","https://media.birdweather.com/species/407/CommonWood-Pigeon-thumbnail-4b86c907c8b82c8af31d566b811dee05.jpg","https://media.birdweather.com/species/407/CommonWood-Pigeon-png200-533b13201573be3895fcec3e61e861b5.png","2ukFHwIHiYeWxnZUiniYZ3h5h6+rCIQH",14137175514,"https://media.birdweather.com/soundscapes/6891/6891-20260710-053810.flac",0,3,"birdnetpi"
9539275485,6891,"2026-07-10T07:37:43.000+02:00",0.98,0.9930100440979,9.88899633735022,"almost_certain","2p4",NA,51.5702,6.001,FALSE,407,"Common Wood-Pigeon","Columba palumbus","#028fb2","avian","https://media.birdweather.com/species/407/CommonWood-Pigeon-standard-5558900260c92622ceef8a812b06518e.jpg","https://media.birdweather.com/species/407/CommonWood-Pigeon-thumbnail-4b86c907c8b82c8af31d566b811dee05.jpg","https://media.birdweather.com/species/407/CommonWood-Pigeon-png200-533b13201573be3895fcec3e61e861b5.png","2ukFHwIHiYeWxnZUiniYZ3h5h6+rCIQH",14137161007,"https://media.birdweather.com/soundscapes/6891/6891-20260710-053743.flac",0,3,"birdnetpi"
9539266511,6891,"2026-07-10T07:37:07.000+02:00",0.92,0.9930100440979,9.76244488877073,"almost_certain","2p4",NA,51.5651,6.0051,FALSE,407,"Common Wood-Pigeon","Columba palumbus","#028fb2","avian","https://media.birdweather.com/species/407/CommonWood-Pigeon-standard-5558900260c92622ceef8a812b06518e.jpg","https://media.birdweather.com/species/407/CommonWood-Pigeon-thumbnail-4b86c907c8b82c8af31d566b811dee05.jpg","https://media.birdweather.com/species/407/CommonWood-Pigeon-png200-533b13201573be3895fcec3e61e861b5.png","2ukFHwIHiYeWxnZUiniYZ3h5h6+rCIQH",14137145097,"https://media.birdweather.com/soundscapes/6891/6891-20260710-053707.flac",0,3,"birdnetpi"
9539250947,6891,"2026-07-10T07:36:10.000+02:00",0.71,0.9930100440979,9.19586451264386,"almost_certain","2p4",NA,51.5703,6.0074,FALSE,407,"Common Wood-Pigeon","Columba palumbus","#028fb2","avian","https://media.birdweather.com/species/407/CommonWood-Pigeon-standard-5558900260c92622ceef8a812b06518e.jpg","https://media.birdweather.com/species/407/CommonWood-Pigeon-thumbnail-4b86c907c8b82c8af31d566b811dee05.jpg","https://media.birdweather.com/species/407/CommonWood-Pigeon-png200-533b13201573be3895fcec3e61e861b5.png","2ukFHwIHiYeWxnZUiniYZ3h5h6+rCIQH",14137117602,"https://media.birdweather.com/soundscapes/6891/6891-20260710-053610.flac",0,3,"birdnetpi"
9539247809,6891,"2026-07-10T07:35:58.000+02:00",0.98,0.876010596752167,9.71907264638282,"almost_certain","2p4",NA,51.57,6.0052,FALSE,551,"Common Swift","Apus apus","#234bb2","avian","https://media.birdweather.com/species/551/CommonSwift-standard-ba54f84fbd8481b1c0de60654fbd79d5.jpg","https://media.birdweather.com/species/551/CommonSwift-thumbnail-bad1d7e3c141990f11d01e49e9f768ac.jpg","https://media.birdweather.com/species/551/CommonSwift-png200-f52bea49cb0e4232049806bde3e1a401.png","LLYFFwLchWelV5dvsqh1jKZoKJIEMkoA",14137111881,"https://media.birdweather.com/soundscapes/6891/6891-20260710-053558.flac",0,3,"birdnetpi"
9539228896,6891,"2026-07-10T07:34:51.000+02:00",0.92,0.9930100440979,9.76244488877073,"almost_certain","2p4",NA,51.5667,6.0052,FALSE,407,"Common Wood-Pigeon","Columba palumbus","#028fb2","avian","https://media.birdweather.com/species/407/CommonWood-Pigeon-standard-5558900260c92622ceef8a812b06518e.jpg","https://media.birdweather.com/species/407/CommonWood-Pigeon-thumbnail-4b86c907c8b82c8af31d566b811dee05.jpg","https://media.birdweather.com/species/407/CommonWood-Pigeon-png200-533b13201573be3895fcec3e61e861b5.png","2ukFHwIHiYeWxnZUiniYZ3h5h6+rCIQH",14137078135,"https://media.birdweather.com/soundscapes/6891/6891-20260710-053451.flac",0,3,"birdnetpi"
9539215090,6891,"2026-07-10T07:34:04.000+02:00",0.96,0.9930100440979,9.84809777783516,"almost_certain","2p4",NA,51.5702,6.0048,FALSE,407,"Common Wood-Pigeon","Columba palumbus","#028fb2","avian","https://media.birdweather.com/species/407/CommonWood-Pigeon-standard-5558900260c92622ceef8a812b06518e.jpg","https://media.birdweather.com/species/407/CommonWood-Pigeon-thumbnail-4b86c907c8b82c8af31d566b811dee05.jpg","https://media.birdweather.com/species/407/CommonWood-Pigeon-png200-533b13201573be3895fcec3e61e861b5.png","2ukFHwIHiYeWxnZUiniYZ3h5h6+rCIQH",14137053975,"https://media.birdweather.com/soundscapes/6891/6891-20260710-053404.flac",0,3,"birdnetpi"
9539214332,6891,"2026-07-10T07:33:55.000+02:00",0.96,0.876010596752167,9.67817408686776,"almost_certain","2p4",NA,51.5688,6.0007,FALSE,551,"Common Swift","Apus apus","#234bb2","avian","https://media.birdweather.com/species/551/CommonSwift-standard-ba54f84fbd8481b1c0de60654fbd79d5.jpg","https://media.birdweather.com/species/551/CommonSwift-thumbnail-bad1d7e3c141990f11d01e49e9f768ac.jpg","https://media.birdweather.com/species/551/CommonSwift-png200-f52bea49cb0e4232049806bde3e1a401.png","LLYFFwLchWelV5dvsqh1jKZoKJIEMkoA",14137052533,"https://media.birdweather.com/soundscapes/6891/6891-20260710-053355.flac",0,3,"birdnetpi"
9539195935,6891,"2026-07-10T07:32:52.000+02:00",0.71,0.9930100440979,9.19586451264386,"almost_certain","2p4",NA,51.5635,6.0075,FALSE,407,"Common Wood-Pigeon","Columba palumbus","#028fb2","avian","https://media.birdweather.com/species/407/CommonWood-Pigeon-standard-5558900260c92622ceef8a812b06518e.jpg","https://media.birdweather.com/species/407/CommonWood-Pigeon-thumbnail-4b86c907c8b82c8af31d566b811dee05.jpg","https://media.birdweather.com/species/407/CommonWood-Pigeon-png200-533b13201573be3895fcec3e61e861b5.png","2ukFHwIHiYeWxnZUiniYZ3h5h6+rCIQH",14137020216,"https://media.birdweather.com/soundscapes/6891/6891-20260710-053252.flac",0,3,"birdnetpi"
9539174961,6891,"2026-07-10T07:31:36.000+02:00",0.98,0.660715103149414,9.33768595068972,"almost_certain","2p4",NA,51.5699,6.0021,FALSE,119,"Common House-Martin","Delichon urbicum","#53b1ff","avian","https://media.birdweather.com/species/119/CommonHouse-Martin-standard-9ffbcc688c51210fb136a162c84d82ad.jpg","https://media.birdweather.com/species/119/CommonHouse-Martin-thumbnail-dd7059ca6235347c3097e7a66f04df95.jpg","https://media.birdweather.com/species/119/CommonHouse-Martin-png200-a73a8953ce2af50676da81e70b2746b2.png","YhgKDwKJd4iIiHd/h5h5d4mIeQqVllAH",14136982979,"https://media.birdweather.com/soundscapes/6891/6891-20260710-053136.flac",0,3,"birdnetpi"
9539169817,6891,"2026-07-10T07:31:12.000+02:00",0.96,0.660715103149414,9.29678739117466,"almost_certain","2p4",NA,51.5687,6.0075,FALSE,119,"Common House-Martin","Delichon urbicum","#53b1ff","avian","https://media.birdweather.com/species/119/CommonHouse-Martin-standard-9ffbcc688c51210fb136a162c84d82ad.jpg","https://media.birdweather.com/species/119/CommonHouse-Martin-thumbnail-dd7059ca6235347c3097e7a66f04df95.jpg","https://media.birdweather.com/species/119/CommonHouse-Martin-png200-a73a8953ce2af50676da81e70b2746b2.png","YhgKDwKJd4iIiHd/h5h5d4mIeQqVllAH",14136973796,"https://media.birdweather.com/soundscapes/6891/6891-20260710-053112.flac",0,3,"birdnetpi"
9539163715,6891,"2026-07-10T07:30:52.000+02:00",0.85,0.660715103149414,9.04700685836694,"almost_certain","2p4",NA,51.5638,6.0023,FALSE,119,"Common House-Martin","Delichon urbicum","#53b1ff","avian","https://media.birdweather.com/species/119/CommonHouse-Martin-standard-9ffbcc688c51210fb136a162c84d82ad.jpg","https://media.birdweather.com/species/119/CommonHouse-Martin-thumbnail-dd7059ca6235347c3097e7a66f04df95.jpg","https://media.birdweather.com/species/119/CommonHouse-Martin-png200-a73a8953ce2af50676da81e70b2746b2.png","YhgKDwKJd4iIiHd/h5h5d4mIeQqVllAH",14136962752,"https://media.birdweather.com/soundscapes/6891/6891-20260710-053052.flac",0,3,"birdnetpi"
9539162515,6891,"2026-07-10T07:30:46.000+02:00",1,0.876010596752167,9.75878557189918,"almost_certain","2p4",NA,51.5641,6.0014,FALSE,551,"Common Swift","Apus apus","#234bb2","avian","https://media.birdweather.com/species/551/CommonSwift-standard-ba54f84fbd8481b1c0de60654fbd79d5.jpg","https://media.birdweather.com/species/551/CommonSwift-thumbnail-bad1d7e3c141990f11d01e49e9f768ac.jpg","https://media.birdweather.com/species/551/CommonSwift-png200-f52bea49cb0e4232049806bde3e1a401.png","LLYFFwLchWelV5dvsqh1jKZoKJIEMkoA",14136960721,"https://media.birdweather.com/soundscapes/6891/6891-20260710-053046.flac",0,3,"birdnetpi"
9539153465,6891,"2026-07-10T07:30:19.000+02:00",0.87,0.660715103149414,9.09594063153179,"almost_certain","2p4",NA,51.5628,6.0091,FALSE,119,"Common House-Martin","Delichon urbicum","#53b1ff","avian","https://media.birdweather.com/species/119/CommonHouse-Martin-standard-9ffbcc688c51210fb136a162c84d82ad.jpg","https://media.birdweather.com/species/119/CommonHouse-Martin-thumbnail-dd7059ca6235347c3097e7a66f04df95.jpg","https://media.birdweather.com/species/119/CommonHouse-Martin-png200-a73a8953ce2af50676da81e70b2746b2.png","YhgKDwKJd4iIiHd/h5h5d4mIeQqVllAH",14136944835,"https://media.birdweather.com/soundscapes/6891/6891-20260710-053019.flac",0,3,"birdnetpi"
9539151313,6891,"2026-07-10T07:30:07.000+02:00",0.83,0.9930100440979,9.54757070282536,"almost_certain","2p4",NA,51.5647,6.0025,FALSE,407,"Common Wood-Pigeon","Columba palumbus","#028fb2","avian","https://media.birdweather.com/species/407/CommonWood-Pigeon-standard-5558900260c92622ceef8a812b06518e.jpg","https://media.birdweather.com/species/407/CommonWood-Pigeon-thumbnail-4b86c907c8b82c8af31d566b811dee05.jpg","https://media.birdweather.com/species/407/CommonWood-Pigeon-png200-533b13201573be3895fcec3e61e861b5.png","2ukFHwIHiYeWxnZUiniYZ3h5h6+rCIQH",14136941024,"https://media.birdweather.com/soundscapes/6891/6891-20260710-053007.flac",0,3,"birdnetpi"
9539144739,6891,"2026-07-10T07:29:42.000+02:00",0.98,0.660715103149414,9.33768595068972,"almost_certain","2p4",NA,51.5632,6.0027,FALSE,119,"Common House-Martin","Delichon urbicum","#53b1ff","avian","https://media.birdweather.com/species/119/CommonHouse-Martin-standard-9ffbcc688c51210fb136a162c84d82ad.jpg","https://media.birdweather.com/species/119/CommonHouse-Martin-thumbnail-dd7059ca6235347c3097e7a66f04df95.jpg","https://media.birdweather.com/species/119/CommonHouse-Martin-png200-a73a8953ce2af50676da81e70b2746b2.png","YhgKDwKJd4iIiHd/h5h5d4mIeQqVllAH",14136929377,"https://media.birdweather.com/soundscapes/6891/6891-20260710-052942.flac",0,3,"birdnetpi"
9539143925,6891,"2026-07-10T07:29:39.000+02:00",0.89,0.9930100440979,9.69449707940979,"almost_certain","2p4",NA,51.5669,6.0079,FALSE,407,"Common Wood-Pigeon","Columba palumbus","#028fb2","avian","https://media.birdweather.com/species/407/CommonWood-Pigeon-standard-5558900260c92622ceef8a812b06518e.jpg","https://media.birdweather.com/species/407/CommonWood-Pigeon-thumbnail-4b86c907c8b82c8af31d566b811dee05.jpg","https://media.birdweather.com/species/407/CommonWood-Pigeon-png200-533b13201573be3895fcec3e61e861b5.png","2ukFHwIHiYeWxnZUiniYZ3h5h6+rCIQH",14136927907,"https://media.birdweather.com/soundscapes/6891/6891-20260710-052939.flac",0,3,"birdnetpi"
9539138669,6891,"2026-07-10T07:29:19.000+02:00",0.94,0.660715103149414,9.25463021880121,"almost_certain","2p4",NA,51.5635,6.0016,FALSE,119,"Common House-Martin","Delichon urbicum","#53b1ff","avian","https://media.birdweather.com/species/119/CommonHouse-Martin-standard-9ffbcc688c51210fb136a162c84d82ad.jpg","https://media.birdweather.com/species/119/CommonHouse-Martin-thumbnail-dd7059ca6235347c3097e7a66f04df95.jpg","https://media.birdweather.com/species/119/CommonHouse-Martin-png200-a73a8953ce2af50676da81e70b2746b2.png","YhgKDwKJd4iIiHd/h5h5d4mIeQqVllAH",14136918718,"https://media.birdweather.com/soundscapes/6891/6891-20260710-052919.flac",0,3,"birdnetpi"
9539138164,6891,"2026-07-10T07:29:16.000+02:00",0.82,0.876010596752167,9.35155098474811,"almost_certain","2p4",NA,51.5639,6.0075,FALSE,551,"Common Swift","Apus apus","#234bb2","avian","https://media.birdweather.com/species/551/CommonSwift-standard-ba54f84fbd8481b1c0de60654fbd79d5.jpg","https://media.birdweather.com/species/551/CommonSwift-thumbnail-bad1d7e3c141990f11d01e49e9f768ac.jpg","https://media.birdweather.com/species/551/CommonSwift-png200-f52bea49cb0e4232049806bde3e1a401.png","LLYFFwLchWelV5dvsqh1jKZoKJIEMkoA",14136917772,"https://media.birdweather.com/soundscapes/6891/6891-20260710-052916.flac",0,3,"birdnetpi"
9539133213,6891,"2026-07-10T07:28:58.000+02:00",0.96,0.876010596752167,9.67817408686776,"almost_certain","2p4",NA,51.5615,6.003,FALSE,551,"Common Swift","Apus apus","#234bb2","avian","https://media.birdweather.com/species/551/CommonSwift-standard-ba54f84fbd8481b1c0de60654fbd79d5.jpg","https://media.birdweather.com/species/551/CommonSwift-thumbnail-bad1d7e3c141990f11d01e49e9f768ac.jpg","https://media.birdweather.com/species/551/CommonSwift-png200-f52bea49cb0e4232049806bde3e1a401.png","LLYFFwLchWelV5dvsqh1jKZoKJIEMkoA",14136909085,"https://media.birdweather.com/soundscapes/6891/6891-20260710-052858.flac",0,3,"birdnetpi"
9539125219,6891,"2026-07-10T07:28:30.000+02:00",0.99,0.876010596752167,9.7390730015898,"almost_certain","2p4",NA,51.566,6.0028,FALSE,551,"Common Swift","Apus apus","#234bb2","avian","https://media.birdweather.com/species/551/CommonSwift-standard-ba54f84fbd8481b1c0de60654fbd79d5.jpg","https://media.birdweather.com/species/551/CommonSwift-thumbnail-bad1d7e3c141990f11d01e49e9f768ac.jpg","https://media.birdweather.com/species/551/CommonSwift-png200-f52bea49cb0e4232049806bde3e1a401.png","LLYFFwLchWelV5dvsqh1jKZoKJIEMkoA",14136895601,"https://media.birdweather.com/soundscapes/6891/6891-20260710-052830.flac",0,3,"birdnetpi"
9539113538,6891,"2026-07-10T07:27:55.000+02:00",0.99,0.876010596752167,9.7390730015898,"almost_certain","2p4",NA,51.5648,6.0089,FALSE,551,"Common Swift","Apus apus","#234bb2","avian","https://media.birdweather.com/species/551/CommonSwift-standard-ba54f84fbd8481b1c0de60654fbd79d5.jpg","https://media.birdweather.com/species/551/CommonSwift-thumbnail-bad1d7e3c141990f11d01e49e9f768ac.jpg","https://media.birdweather.com/species/551/CommonSwift-png200-f52bea49cb0e4232049806bde3e1a401.png","LLYFFwLchWelV5dvsqh1jKZoKJIEMkoA",14136875357,"https://media.birdweather.com/soundscapes/6891/6891-20260710-052755.flac",0,3,"birdnetpi"
9539110138,6891,"2026-07-10T07:27:37.000+02:00",0.93,0.924771189689636,9.6878364996505,"almost_certain","2p4",NA,51.5702,6.0012,FALSE,397,"Barn Swallow","Hirundo rustica","#c85500","avian","https://media.birdweather.com/species/397/BarnSwallow-standard-66c9cb8916403efe633a420fe54e3bc6.jpg","https://media.birdweather.com/species/397/BarnSwallow-thumbnail-418cddeb212e9e1ce5d35f61a3040433.jpg","https://media.birdweather.com/species/397/BarnSwallow-png200-317c812ebfcec488fad1824feff99dbc.png","IAgKHwKLhnmThXdPl1i3p3ll51f4jngP",14136869469,"https://media.birdweather.com/soundscapes/6891/6891-20260710-052737.flac",0,3,"birdnetpi"
9539101664,6891,"2026-07-10T07:27:09.000+02:00",1,0.876010596752167,9.75878557189918,"almost_certain","2p4",NA,51.5638,6.0075,FALSE,551,"Common Swift","Apus apus","#234bb2","avian","https://media.birdweather.com/species/551/CommonSwift-standard-ba54f84fbd8481b1c0de60654fbd79d5.jpg","https://media.birdweather.com/species/551/CommonSwift-thumbnail-bad1d7e3c141990f11d01e49e9f768ac.jpg","https://media.birdweather.com/species/551/CommonSwift-png200-f52bea49cb0e4232049806bde3e1a401.png","LLYFFwLchWelV5dvsqh1jKZoKJIEMkoA",14136854852,"https://media.birdweather.com/soundscapes/6891/6891-20260710-052709.flac",0,3,"birdnetpi"
9539093310,6891,"2026-07-10T07:26:37.000+02:00",0.82,0.876010596752167,9.35155098474811,"almost_certain","2p4",NA,51.5628,6.0086,FALSE,551,"Common Swift","Apus apus","#234bb2","avian","https://media.birdweather.com/species/551/CommonSwift-standard-ba54f84fbd8481b1c0de60654fbd79d5.jpg","https://media.birdweather.com/species/551/CommonSwift-thumbnail-bad1d7e3c141990f11d01e49e9f768ac.jpg","https://media.birdweather.com/species/551/CommonSwift-png200-f52bea49cb0e4232049806bde3e1a401.png","LLYFFwLchWelV5dvsqh1jKZoKJIEMkoA",14136840812,"https://media.birdweather.com/soundscapes/6891/6891-20260710-052637.flac",0,3,"birdnetpi"
9539082171,6891,"2026-07-10T07:26:04.000+02:00",1,0.876010596752167,9.75878557189918,"almost_certain","2p4",NA,51.568,6.0059,FALSE,551,"Common Swift","Apus apus","#234bb2","avian","https://media.birdweather.com/species/551/CommonSwift-standard-ba54f84fbd8481b1c0de60654fbd79d5.jpg","https://media.birdweather.com/species/551/CommonSwift-thumbnail-bad1d7e3c141990f11d01e49e9f768ac.jpg","https://media.birdweather.com/species/551/CommonSwift-png200-f52bea49cb0e4232049806bde3e1a401.png","LLYFFwLchWelV5dvsqh1jKZoKJIEMkoA",14136821832,"https://media.birdweather.com/soundscapes/6891/6891-20260710-052604.flac",0,3,"birdnetpi"
9539068136,6891,"2026-07-10T07:25:16.000+02:00",0.99,0.660715103149414,9.3576863058967,"almost_certain","2p4",NA,51.5636,6.0039,FALSE,119,"Common House-Martin","Delichon urbicum","#53b1ff","avian","https://media.birdweather.com/species/119/CommonHouse-Martin-standard-9ffbcc688c51210fb136a162c84d82ad.jpg","https://media.birdweather.com/species/119/CommonHouse-Martin-thumbnail-dd7059ca6235347c3097e7a66f04df95.jpg","https://media.birdweather.com/species/119/CommonHouse-Martin-png200-a73a8953ce2af50676da81e70b2746b2.png","YhgKDwKJd4iIiHd/h5h5d4mIeQqVllAH",14136797277,"https://media.birdweather.com/soundscapes/6891/6891-20260710-052516.flac",0,3,"birdnetpi"
9539064660,6891,"2026-07-10T07:24:55.000+02:00",0.92,0.876010596752167,9.59252119780333,"almost_certain","2p4",NA,51.5698,6.0048,FALSE,551,"Common Swift","Apus apus","#234bb2","avian","https://media.birdweather.com/species/551/CommonSwift-standard-ba54f84fbd8481b1c0de60654fbd79d5.jpg","https://media.birdweather.com/species/551/CommonSwift-thumbnail-bad1d7e3c141990f11d01e49e9f768ac.jpg","https://media.birdweather.com/species/551/CommonSwift-png200-f52bea49cb0e4232049806bde3e1a401.png","LLYFFwLchWelV5dvsqh1jKZoKJIEMkoA",14136791344,"https://media.birdweather.com/soundscapes/6891/6891-20260710-052455.flac",0,3,"birdnetpi"
9539053569,6891,"2026-07-10T07:24:15.000+02:00",0.91,0.876010596752167,9.57024428420899,"almost_certain","2p4",NA,51.5662,6.0054,FALSE,551,"Common Swift","Apus apus","#234bb2","avian","https://media.birdweather.com/species/551/CommonSwift-standard-ba54f84fbd8481b1c0de60654fbd79d5.jpg","https://media.birdweather.com/species/551/CommonSwift-thumbnail-bad1d7e3c141990f11d01e49e9f768ac.jpg","https://media.birdweather.com/species/551/CommonSwift-png200-f52bea49cb0e4232049806bde3e1a401.png","LLYFFwLchWelV5dvsqh1jKZoKJIEMkoA",14136772022,"https://media.birdweather.com/soundscapes/6891/6891-20260710-052415.flac",0,3,"birdnetpi"
9539048575,6891,"2026-07-10T07:23:57.000+02:00",0.79,0.21911683678627,7.41722023749405,"almost_certain","2p4",NA,51.5642,6.003,FALSE,20,"Black Redstart","Phoenicurus ochruros","#c8ce2d","avian","https://media.birdweather.com/species/20/BlackRedstart-standard-4255c9b712ecb46ea7d3df8d556c18e7.jpg","https://media.birdweather.com/species/20/BlackRedstart-thumbnail-2fee59acc1ecc6be7238da194869e940.jpg","https://media.birdweather.com/species/20/BlackRedstart-png200-cbc0625b8b4889aeec1da754ad906efd.png","2QgGFwT8epa+l3ZlZ5hntnh4Z/6oyZ8I",14136763310,"https://media.birdweather.com/soundscapes/6891/6891-20260710-052357.flac",0,3,"birdnetpi"
9539039082,6891,"2026-07-10T07:23:22.000+02:00",0.78,0.660715103149414,8.86050577954227,"almost_certain","2p4",NA,51.5634,6.0078,FALSE,119,"Common House-Martin","Delichon urbicum","#53b1ff","avian","https://media.birdweather.com/species/119/CommonHouse-Martin-standard-9ffbcc688c51210fb136a162c84d82ad.jpg","https://media.birdweather.com/species/119/CommonHouse-Martin-thumbnail-dd7059ca6235347c3097e7a66f04df95.jpg","https://media.birdweather.com/species/119/CommonHouse-Martin-png200-a73a8953ce2af50676da81e70b2746b2.png","YhgKDwKJd4iIiHd/h5h5d4mIeQqVllAH",14136746485,"https://media.birdweather.com/soundscapes/6891/6891-20260710-052322.flac",0,3,"birdnetpi"
9539036307,6891,"2026-07-10T07:23:15.000+02:00",0.96,0.876010596752167,9.67817408686776,"almost_certain","2p4",NA,51.5617,6.0024,FALSE,551,"Common Swift","Apus apus","#234bb2","avian","https://media.birdweather.com/species/551/CommonSwift-standard-ba54f84fbd8481b1c0de60654fbd79d5.jpg","https://media.birdweather.com/species/551/CommonSwift-thumbnail-bad1d7e3c141990f11d01e49e9f768ac.jpg","https://media.birdweather.com/species/551/CommonSwift-png200-f52bea49cb0e4232049806bde3e1a401.png","LLYFFwLchWelV5dvsqh1jKZoKJIEMkoA",14136741605,"https://media.birdweather.com/soundscapes/6891/6891-20260710-052315.flac",0,3,"birdnetpi"
9539029991,6891,"2026-07-10T07:22:52.000+02:00",0.88,0.827771067619324,9.42445588461226,"almost_certain","2p4",NA,51.5637,6.0021,FALSE,1,"House Sparrow","Passer domesticus","#d16ff8","avian","https://media.birdweather.com/species/1/HouseSparrow-standard-b861184cf45c092cdb45fd689dd676ef.jpg","https://media.birdweather.com/species/1/HouseSparrow-thumbnail-e9cbc91763a1579de8ef04880678b5e3.jpg","https://media.birdweather.com/species/1/HouseSparrow-png200-125e8603e1efe9d7a18316b94f06a65e.png","XAgCDwD8qpukuHiqtLZ9mImnmPFcDO4E",14136730489,"https://media.birdweather.com/soundscapes/6891/6891-20260710-052252.flac",0,3,"birdnetpi"
9539025633,6891,"2026-07-10T07:22:45.000+02:00",0.93,0.827771067619324,9.53774353532007,"almost_certain","2p4",NA,51.5692,6.009,FALSE,1,"House Sparrow","Passer domesticus","#d16ff8","avian","https://media.birdweather.com/species/1/HouseSparrow-standard-b861184cf45c092cdb45fd689dd676ef.jpg","https://media.birdweather.com/species/1/HouseSparrow-thumbnail-e9cbc91763a1579de8ef04880678b5e3.jpg","https://media.birdweather.com/species/1/HouseSparrow-png200-125e8603e1efe9d7a18316b94f06a65e.png","XAgCDwD8qpukuHiqtLZ9mImnmPFcDO4E",14136722814,"https://media.birdweather.com/soundscapes/6891/6891-20260710-052245.flac",0,3,"birdnetpi"
9539006985,6891,"2026-07-10T07:21:27.000+02:00",0.74,0.660715103149414,8.74130019306647,"almost_certain","2p4",NA,51.5625,6.002,FALSE,119,"Common House-Martin","Delichon urbicum","#53b1ff","avian","https://media.birdweather.com/species/119/CommonHouse-Martin-standard-9ffbcc688c51210fb136a162c84d82ad.jpg","https://media.birdweather.com/species/119/CommonHouse-Martin-thumbnail-dd7059ca6235347c3097e7a66f04df95.jpg","https://media.birdweather.com/species/119/CommonHouse-Martin-png200-a73a8953ce2af50676da81e70b2746b2.png","YhgKDwKJd4iIiHd/h5h5d4mIeQqVllAH",14136691010,"https://media.birdweather.com/soundscapes/6891/6891-20260710-052127.flac",0,3,"birdnetpi"
9538997797,6891,"2026-07-10T07:20:58.000+02:00",0.89,0.660715103149414,9.14318669274929,"almost_certain","2p4",NA,51.5704,6.0072,FALSE,119,"Common House-Martin","Delichon urbicum","#53b1ff","avian","https://media.birdweather.com/species/119/CommonHouse-Martin-standard-9ffbcc688c51210fb136a162c84d82ad.jpg","https://media.birdweather.com/species/119/CommonHouse-Martin-thumbnail-dd7059ca6235347c3097e7a66f04df95.jpg","https://media.birdweather.com/species/119/CommonHouse-Martin-png200-a73a8953ce2af50676da81e70b2746b2.png","YhgKDwKJd4iIiHd/h5h5d4mIeQqVllAH",14136675022,"https://media.birdweather.com/soundscapes/6891/6891-20260710-052058.flac",0,3,"birdnetpi"
9538992338,6891,"2026-07-10T07:20:39.000+02:00",0.9,0.660715103149414,9.16621244484273,"almost_certain","2p4",NA,51.5655,6.0028,FALSE,119,"Common House-Martin","Delichon urbicum","#53b1ff","avian","https://media.birdweather.com/species/119/CommonHouse-Martin-standard-9ffbcc688c51210fb136a162c84d82ad.jpg","https://media.birdweather.com/species/119/CommonHouse-Martin-thumbnail-dd7059ca6235347c3097e7a66f04df95.jpg","https://media.birdweather.com/species/119/CommonHouse-Martin-png200-a73a8953ce2af50676da81e70b2746b2.png","YhgKDwKJd4iIiHd/h5h5d4mIeQqVllAH",14136665423,"https://media.birdweather.com/soundscapes/6891/6891-20260710-052039.flac",0,3,"birdnetpi"
9538987223,6891,"2026-07-10T07:20:15.000+02:00",0.96,0.204495519399643,7.73491120305075,"almost_certain","2p4",NA,51.57,6.0007,FALSE,8,"Long-tailed Tit","Aegithalos caudatus","#bdc706","avian","https://media.birdweather.com/species/8/Long-tailedTit-standard-f8bdec5e2df87ccaa32a7b13a292f078.jpg","https://media.birdweather.com/species/8/Long-tailedTit-thumbnail-652dd0fa7d32953de84a85963165fb57.jpg","https://media.birdweather.com/species/8/Long-tailedTit-png200-aba8917f8bf81c61c1bc7e2fe9f8aa63.png","5okGFwRveYeOd2d5d1h1V3qGmYn1mFoP",14136656411,"https://media.birdweather.com/soundscapes/6891/6891-20260710-052015.flac",0,3,"birdnetpi"
9538957083,6891,"2026-07-10T07:18:30.000+02:00",0.93,0.9930100440979,9.78436535641535,"almost_certain","2p4",NA,51.5683,6.0093,FALSE,407,"Common Wood-Pigeon","Columba palumbus","#028fb2","avian","https://media.birdweather.com/species/407/CommonWood-Pigeon-standard-5558900260c92622ceef8a812b06518e.jpg","https://media.birdweather.com/species/407/CommonWood-Pigeon-thumbnail-4b86c907c8b82c8af31d566b811dee05.jpg","https://media.birdweather.com/species/407/CommonWood-Pigeon-png200-533b13201573be3895fcec3e61e861b5.png","2ukFHwIHiYeWxnZUiniYZ3h5h6+rCIQH",14136604541,"https://media.birdweather.com/soundscapes/6891/6891-20260710-051830.flac",0,3,"birdnetpi"
9538949717,6891,"2026-07-10T07:18:03.000+02:00",0.83,0.44642049074173,8.46890628753494,"almost_certain","2p4",NA,51.5615,6.0036,FALSE,103,"Eurasian Collared-Dove","Streptopelia decaocto","#006e2a","avian","https://media.birdweather.com/species/103/EurasianCollared-Dove-standard-e0c74c4f1ffe5357c4759579380dab35.jpg","https://media.birdweather.com/species/103/EurasianCollared-Dove-thumbnail-53ccb5f0a5d0640a1e766dd99c28ebca.jpg","https://media.birdweather.com/species/103/EurasianCollared-Dove-png200-4efa83c8c5efbdb09427b3c3fa247357.png","pvcFFwLpd4RvlJeUWZh2eXh4VxBqBZIH",14136591830,"https://media.birdweather.com/soundscapes/6891/6891-20260710-051803.flac",0,3,"birdnetpi"
9538949663,6891,"2026-07-10T07:18:01.000+02:00",0.88,0.9930100440979,9.67107770570755,"almost_certain","2p4",NA,51.5694,6.0055,FALSE,407,"Common Wood-Pigeon","Columba palumbus","#028fb2","avian","https://media.birdweather.com/species/407/CommonWood-Pigeon-standard-5558900260c92622ceef8a812b06518e.jpg","https://media.birdweather.com/species/407/CommonWood-Pigeon-thumbnail-4b86c907c8b82c8af31d566b811dee05.jpg","https://media.birdweather.com/species/407/CommonWood-Pigeon-png200-533b13201573be3895fcec3e61e861b5.png","2ukFHwIHiYeWxnZUiniYZ3h5h6+rCIQH",14136591717,"https://media.birdweather.com/soundscapes/6891/6891-20260710-051801.flac",0,3,"birdnetpi"
9538940267,6891,"2026-07-10T07:17:28.000+02:00",0.96,0.660715103149414,9.29678739117466,"almost_certain","2p4",NA,51.5658,6.0067,FALSE,119,"Common House-Martin","Delichon urbicum","#53b1ff","avian","https://media.birdweather.com/species/119/CommonHouse-Martin-standard-9ffbcc688c51210fb136a162c84d82ad.jpg","https://media.birdweather.com/species/119/CommonHouse-Martin-thumbnail-dd7059ca6235347c3097e7a66f04df95.jpg","https://media.birdweather.com/species/119/CommonHouse-Martin-png200-a73a8953ce2af50676da81e70b2746b2.png","YhgKDwKJd4iIiHd/h5h5d4mIeQqVllAH",14136575080,"https://media.birdweather.com/soundscapes/6891/6891-20260710-051728.flac",0,3,"birdnetpi"
9538935516,6891,"2026-07-10T07:17:15.000+02:00",0.77,0.44642049074173,8.30430858031132,"almost_certain","2p4",NA,51.5659,6.0033,FALSE,103,"Eurasian Collared-Dove","Streptopelia decaocto","#006e2a","avian","https://media.birdweather.com/species/103/EurasianCollared-Dove-standard-e0c74c4f1ffe5357c4759579380dab35.jpg","https://media.birdweather.com/species/103/EurasianCollared-Dove-thumbnail-53ccb5f0a5d0640a1e766dd99c28ebca.jpg","https://media.birdweather.com/species/103/EurasianCollared-Dove-png200-4efa83c8c5efbdb09427b3c3fa247357.png","pvcFFwLpd4RvlJeUWZh2eXh4VxBqBZIH",14136566853,"https://media.birdweather.com/soundscapes/6891/6891-20260710-051715.flac",0,3,"birdnetpi"
9538934513,6891,"2026-07-10T07:17:12.000+02:00",0.95,0.9930100440979,9.82718134101598,"almost_certain","2p4",NA,51.563,6.0024,FALSE,407,"Common Wood-Pigeon","Columba palumbus","#028fb2","avian","https://media.birdweather.com/species/407/CommonWood-Pigeon-standard-5558900260c92622ceef8a812b06518e.jpg","https://media.birdweather.com/species/407/CommonWood-Pigeon-thumbnail-4b86c907c8b82c8af31d566b811dee05.jpg","https://media.birdweather.com/species/407/CommonWood-Pigeon-png200-533b13201573be3895fcec3e61e861b5.png","2ukFHwIHiYeWxnZUiniYZ3h5h6+rCIQH",14136565188,"https://media.birdweather.com/soundscapes/6891/6891-20260710-051712.flac",0,3,"birdnetpi"
9538934512,6891,"2026-07-10T07:17:06.000+02:00",0.96,0.660715103149414,9.29678739117466,"almost_certain","2p4",NA,51.5681,6.0005,FALSE,119,"Common House-Martin","Delichon urbicum","#53b1ff","avian","https://media.birdweather.com/species/119/CommonHouse-Martin-standard-9ffbcc688c51210fb136a162c84d82ad.jpg","https://media.birdweather.com/species/119/CommonHouse-Martin-thumbnail-dd7059ca6235347c3097e7a66f04df95.jpg","https://media.birdweather.com/species/119/CommonHouse-Martin-png200-a73a8953ce2af50676da81e70b2746b2.png","YhgKDwKJd4iIiHd/h5h5d4mIeQqVllAH",14136565156,"https://media.birdweather.com/soundscapes/6891/6891-20260710-051706.flac",0,3,"birdnetpi"
9538926150,6891,"2026-07-10T07:16:36.000+02:00",0.89,0.9930100440979,9.69449707940979,"almost_certain","2p4",NA,51.5704,6.0071,FALSE,407,"Common Wood-Pigeon","Columba palumbus","#028fb2","avian","https://media.birdweather.com/species/407/CommonWood-Pigeon-standard-5558900260c92622ceef8a812b06518e.jpg","https://media.birdweather.com/species/407/CommonWood-Pigeon-thumbnail-4b86c907c8b82c8af31d566b811dee05.jpg","https://media.birdweather.com/species/407/CommonWood-Pigeon-png200-533b13201573be3895fcec3e61e861b5.png","2ukFHwIHiYeWxnZUiniYZ3h5h6+rCIQH",14136550592,"https://media.birdweather.com/soundscapes/6891/6891-20260710-051636.flac",0,3,"birdnetpi"
9538921028,6891,"2026-07-10T07:16:28.000+02:00",0.79,0.827771067619324,9.19344276857523,"almost_certain","2p4",NA,51.5624,6.007,FALSE,1,"House Sparrow","Passer domesticus","#d16ff8","avian","https://media.birdweather.com/species/1/HouseSparrow-standard-b861184cf45c092cdb45fd689dd676ef.jpg","https://media.birdweather.com/species/1/HouseSparrow-thumbnail-e9cbc91763a1579de8ef04880678b5e3.jpg","https://media.birdweather.com/species/1/HouseSparrow-png200-125e8603e1efe9d7a18316b94f06a65e.png","XAgCDwD8qpukuHiqtLZ9mImnmPFcDO4E",14136541877,"https://media.birdweather.com/soundscapes/6891/6891-20260710-051628.flac",0,3,"birdnetpi"
9538918124,6891,"2026-07-10T07:16:07.000+02:00",0.84,0.9930100440979,9.57317892505201,"almost_certain","2p4",NA,51.5673,6.0062,FALSE,407,"Common Wood-Pigeon","Columba palumbus","#028fb2","avian","https://media.birdweather.com/species/407/CommonWood-Pigeon-standard-5558900260c92622ceef8a812b06518e.jpg","https://media.birdweather.com/species/407/CommonWood-Pigeon-thumbnail-4b86c907c8b82c8af31d566b811dee05.jpg","https://media.birdweather.com/species/407/CommonWood-Pigeon-png200-533b13201573be3895fcec3e61e861b5.png","2ukFHwIHiYeWxnZUiniYZ3h5h6+rCIQH",14136536683,"https://media.birdweather.com/soundscapes/6891/6891-20260710-051607.flac",0,3,"birdnetpi"
9538917152,6891,"2026-07-10T07:16:04.000+02:00",1,0.660715103149414,9.37739887620608,"almost_certain","2p4",NA,51.5657,6.0048,FALSE,119,"Common House-Martin","Delichon urbicum","#53b1ff","avian","https://media.birdweather.com/species/119/CommonHouse-Martin-standard-9ffbcc688c51210fb136a162c84d82ad.jpg","https://media.birdweather.com/species/119/CommonHouse-Martin-thumbnail-dd7059ca6235347c3097e7a66f04df95.jpg","https://media.birdweather.com/species/119/CommonHouse-Martin-png200-a73a8953ce2af50676da81e70b2746b2.png","YhgKDwKJd4iIiHd/h5h5d4mIeQqVllAH",14136534749,"https://media.birdweather.com/soundscapes/6891/6891-20260710-051604.flac",0,3,"birdnetpi"
9538881270,6891,"2026-07-10T07:13:52.000+02:00",0.78,0.827771067619324,9.16519434510748,"almost_certain","2p4",NA,51.5654,6.0043,FALSE,1,"House Sparrow","Passer domesticus","#d16ff8","avian","https://media.birdweather.com/species/1/HouseSparrow-standard-b861184cf45c092cdb45fd689dd676ef.jpg","https://media.birdweather.com/species/1/HouseSparrow-thumbnail-e9cbc91763a1579de8ef04880678b5e3.jpg","https://media.birdweather.com/species/1/HouseSparrow-png200-125e8603e1efe9d7a18316b94f06a65e.png","XAgCDwD8qpukuHiqtLZ9mImnmPFcDO4E",14136471518,"https://media.birdweather.com/soundscapes/6891/6891-20260710-051352.flac",0,3,"birdnetpi"
9538844775,6891,"2026-07-10T07:11:48.000+02:00",0.8,0.827771067619324,9.22112047760023,"almost_certain","2p4",NA,51.5636,6.009,FALSE,1,"House Sparrow","Passer domesticus","#d16ff8","avian","https://media.birdweather.com/species/1/HouseSparrow-standard-b861184cf45c092cdb45fd689dd676ef.jpg","https://media.birdweather.com/species/1/HouseSparrow-thumbnail-e9cbc91763a1579de8ef04880678b5e3.jpg","https://media.birdweather.com/species/1/HouseSparrow-png200-125e8603e1efe9d7a18316b94f06a65e.png","XAgCDwD8qpukuHiqtLZ9mImnmPFcDO4E",14136409199,"https://media.birdweather.com/soundscapes/6891/6891-20260710-051148.flac",0,3,"birdnetpi"
9538835083,6891,"2026-07-10T07:11:18.000+02:00",0.89,0.453138202428818,8.63584971970472,"almost_certain","2p4",NA,51.5701,6.0083,FALSE,76,"Eurasian Jackdaw","Corvus monedula","#f36f1b","avian","https://media.birdweather.com/species/76/EurasianJackdaw-standard-55cbd4006f743c538a3264a1fb86d41c.jpg","https://media.birdweather.com/species/76/EurasianJackdaw-thumbnail-80ecf23afe76ea22483b4f8043e19339.jpg","https://media.birdweather.com/species/76/EurasianJackdaw-png200-862dbf9b3725619bb5532ba255c32118.png","4AgKDwL2i2d1homOY0modph5OL/1qHAJ",14136392796,"https://media.birdweather.com/soundscapes/6891/6891-20260710-051118.flac",0,3,"birdnetpi"
9538813058,6891,"2026-07-10T07:09:51.000+02:00",0.82,0.827771067619324,9.27485285462022,"almost_certain","2p4",NA,51.5663,6.0045,FALSE,1,"House Sparrow","Passer domesticus","#d16ff8","avian","https://media.birdweather.com/species/1/HouseSparrow-standard-b861184cf45c092cdb45fd689dd676ef.jpg","https://media.birdweather.com/species/1/HouseSparrow-thumbnail-e9cbc91763a1579de8ef04880678b5e3.jpg","https://media.birdweather.com/species/1/HouseSparrow-png200-125e8603e1efe9d7a18316b94f06a65e.png","XAgCDwD8qpukuHiqtLZ9mImnmPFcDO4E",14136355142,"https://media.birdweather.com/soundscapes/6891/6891-20260710-050951.flac",0,3,"birdnetpi"
9538808413,6891,"2026-07-10T07:09:36.000+02:00",0.77,0.827771067619324,9.13635117450645,"almost_certain","2p4",NA,51.5631,6.0081,FALSE,1,"House Sparrow","Passer domesticus","#d16ff8","avian","https://media.birdweather.com/species/1/HouseSparrow-standard-b861184cf45c092cdb45fd689dd676ef.jpg","https://media.birdweather.com/species/1/HouseSparrow-thumbnail-e9cbc91763a1579de8ef04880678b5e3.jpg","https://media.birdweather.com/species/1/HouseSparrow-png200-125e8603e1efe9d7a18316b94f06a65e.png","XAgCDwD8qpukuHiqtLZ9mImnmPFcDO4E",14136347049,"https://media.birdweather.com/soundscapes/6891/6891-20260710-050936.flac",0,3,"birdnetpi"
9538776991,6891,"2026-07-10T07:07:42.000+02:00",0.9,0.334065556526184,8.25172066121196,"almost_certain","2p4",NA,51.5615,6.0033,FALSE,2,"Short-toed Treecreeper","Certhia brachydactyla","#66dd57","avian","https://media.birdweather.com/species/2/Short-toedTreecreeper-standard-7bbb76fb215629d251262575c97eb338.jpg","https://media.birdweather.com/species/2/Short-toedTreecreeper-thumbnail-fab8f3fcc7962cfbf3bdbde5dc2a415d.jpg","https://media.birdweather.com/species/2/Short-toedTreecreeper-png200-9ed36805c2a6923b35a860f2814cdd8c.png","IRkGHwS/1aqJXad3ialWmph5+Yx4z3gI",14136292600,"https://media.birdweather.com/soundscapes/6891/6891-20260710-050742.flac",0,3,"birdnetpi"
9538772881,6891,"2026-07-10T07:07:27.000+02:00",0.75,0.572180032730103,8.57814432979345,"almost_certain","2p4",NA,51.5626,6.0063,FALSE,201,"Graylag Goose","Anser anser","#844800","avian","https://media.birdweather.com/species/201/GraylagGoose-standard-5235ddd797e4ea12096e170348c7ba78.jpg","https://media.birdweather.com/species/201/GraylagGoose-thumbnail-dcbb525def2966bd14949956147c5dba.jpg","https://media.birdweather.com/species/201/GraylagGoose-png200-40b0bbf2cd8e268c481e679711a36bb6.png","GtkFHwTASHhwaYe4ZomGWWSKiJ74ZlQA",14136285296,"https://media.birdweather.com/soundscapes/6891/6891-20260710-050727.flac",0,3,"birdnetpi"
9538765854,6891,"2026-07-10T07:07:01.000+02:00",0.97,0.660715103149414,9.31738928316408,"almost_certain","2p4",NA,51.5651,6.0044,FALSE,119,"Common House-Martin","Delichon urbicum","#53b1ff","avian","https://media.birdweather.com/species/119/CommonHouse-Martin-standard-9ffbcc688c51210fb136a162c84d82ad.jpg","https://media.birdweather.com/species/119/CommonHouse-Martin-thumbnail-dd7059ca6235347c3097e7a66f04df95.jpg","https://media.birdweather.com/species/119/CommonHouse-Martin-png200-a73a8953ce2af50676da81e70b2746b2.png","YhgKDwKJd4iIiHd/h5h5d4mIeQqVllAH",14136272879,"https://media.birdweather.com/soundscapes/6891/6891-20260710-050701.flac",0,3,"birdnetpi"
9538758176,6891,"2026-07-10T07:06:43.000+02:00",0.99,0.660715103149414,9.3576863058967,"almost_certain","2p4",NA,51.5662,6.0016,FALSE,119,"Common House-Martin","Delichon urbicum","#53b1ff","avian","https://media.birdweather.com/species/119/CommonHouse-Martin-standard-9ffbcc688c51210fb136a162c84d82ad.jpg","https://media.birdweather.com/species/119/CommonHouse-Martin-thumbnail-dd7059ca6235347c3097e7a66f04df95.jpg","https://media.birdweather.com/species/119/CommonHouse-Martin-png200-a73a8953ce2af50676da81e70b2746b2.png","YhgKDwKJd4iIiHd/h5h5d4mIeQqVllAH",14136259762,"https://media.birdweather.com/soundscapes/6891/6891-20260710-050643.flac",0,3,"birdnetpi"
9538742279,6891,"2026-07-10T07:05:40.000+02:00",0.99,0.876010596752167,9.7390730015898,"almost_certain","2p4",NA,51.5659,6.008,FALSE,551,"Common Swift","Apus apus","#234bb2","avian","https://media.birdweather.com/species/551/CommonSwift-standard-ba54f84fbd8481b1c0de60654fbd79d5.jpg","https://media.birdweather.com/species/551/CommonSwift-thumbnail-bad1d7e3c141990f11d01e49e9f768ac.jpg","https://media.birdweather.com/species/551/CommonSwift-png200-f52bea49cb0e4232049806bde3e1a401.png","LLYFFwLchWelV5dvsqh1jKZoKJIEMkoA",14136232584,"https://media.birdweather.com/soundscapes/6891/6891-20260710-050540.flac",0,3,"birdnetpi"
9538740364,6891,"2026-07-10T07:05:33.000+02:00",0.86,0.749215304851532,9.2414913054677,"almost_certain","2p4",NA,51.5664,6.0047,FALSE,53,"European Starling","Sturnus vulgaris","#96038f","avian","https://media.birdweather.com/species/53/EuropeanStarling-standard-ff3a9beb497795d3bd4205bd86cf1652.jpg","https://media.birdweather.com/species/53/EuropeanStarling-thumbnail-974e70e3ea84a4be254312c2dfe527d5.jpg","https://media.birdweather.com/species/53/EuropeanStarling-png200-c81072eef7cc54f4bd51dcb88ed45765.png","FQgGBwD4dnmbZHhapUenmGh16HWAvzoO",14136229286,"https://media.birdweather.com/soundscapes/6891/6891-20260710-050533.flac",0,3,"birdnetpi"
9538738666,6891,"2026-07-10T07:05:27.000+02:00",0.99,0.660715103149414,9.3576863058967,"almost_certain","2p4",NA,51.5702,6.0044,FALSE,119,"Common House-Martin","Delichon urbicum","#53b1ff","avian","https://media.birdweather.com/species/119/CommonHouse-Martin-standard-9ffbcc688c51210fb136a162c84d82ad.jpg","https://media.birdweather.com/species/119/CommonHouse-Martin-thumbnail-dd7059ca6235347c3097e7a66f04df95.jpg","https://media.birdweather.com/species/119/CommonHouse-Martin-png200-a73a8953ce2af50676da81e70b2746b2.png","YhgKDwKJd4iIiHd/h5h5d4mIeQqVllAH",14136226267,"https://media.birdweather.com/soundscapes/6891/6891-20260710-050527.flac",0,3,"birdnetpi"
9538731836,6891,"2026-07-10T07:05:01.000+02:00",0.76,0.660715103149414,8.80219910778852,"almost_certain","2p4",NA,51.5627,6.0041,FALSE,119,"Common House-Martin","Delichon urbicum","#53b1ff","avian","https://media.birdweather.com/species/119/CommonHouse-Martin-standard-9ffbcc688c51210fb136a162c84d82ad.jpg","https://media.birdweather.com/species/119/CommonHouse-Martin-thumbnail-dd7059ca6235347c3097e7a66f04df95.jpg","https://media.birdweather.com/species/119/CommonHouse-Martin-png200-a73a8953ce2af50676da81e70b2746b2.png","YhgKDwKJd4iIiHd/h5h5d4mIeQqVllAH",14136214671,"https://media.birdweather.com/soundscapes/6891/6891-20260710-050501.flac",0,3,"birdnetpi"
9538726739,6891,"2026-07-10T07:04:43.000+02:00",0.97,0.660715103149414,9.31738928316408,"almost_certain","2p4",NA,51.5672,6.0065,FALSE,119,"Common House-Martin","Delichon urbicum","#53b1ff","avian","https://media.birdweather.com/species/119/CommonHouse-Martin-standard-9ffbcc688c51210fb136a162c84d82ad.jpg","https://media.birdweather.com/species/119/CommonHouse-Martin-thumbnail-dd7059ca6235347c3097e7a66f04df95.jpg","https://media.birdweather.com/species/119/CommonHouse-Martin-png200-a73a8953ce2af50676da81e70b2746b2.png","YhgKDwKJd4iIiHd/h5h5d4mIeQqVllAH",14136205956,"https://media.birdweather.com/soundscapes/6891/6891-20260710-050443.flac",0,3,"birdnetpi"
9538706926,6891,"2026-07-10T07:03:31.000+02:00",0.91,0.660715103149414,9.18885758851589,"almost_certain","2p4",NA,51.5647,6.0013,FALSE,119,"Common House-Martin","Delichon urbicum","#53b1ff","avian","https://media.birdweather.com/species/119/CommonHouse-Martin-standard-9ffbcc688c51210fb136a162c84d82ad.jpg","https://media.birdweather.com/species/119/CommonHouse-Martin-thumbnail-dd7059ca6235347c3097e7a66f04df95.jpg","https://media.birdweather.com/species/119/CommonHouse-Martin-png200-a73a8953ce2af50676da81e70b2746b2.png","YhgKDwKJd4iIiHd/h5h5d4mIeQqVllAH",14136171109,"https://media.birdweather.com/soundscapes/6891/6891-20260710-050331.flac",0,3,"birdnetpi"
9538699514,6891,"2026-07-10T07:03:06.000+02:00",1,0.876010596752167,9.75878557189918,"almost_certain","2p4",NA,51.5661,6.0027,FALSE,551,"Common Swift","Apus apus","#234bb2","avian","https://media.birdweather.com/species/551/CommonSwift-standard-ba54f84fbd8481b1c0de60654fbd79d5.jpg","https://media.birdweather.com/species/551/CommonSwift-thumbnail-bad1d7e3c141990f11d01e49e9f768ac.jpg","https://media.birdweather.com/species/551/CommonSwift-png200-f52bea49cb0e4232049806bde3e1a401.png","LLYFFwLchWelV5dvsqh1jKZoKJIEMkoA",14136158031,"https://media.birdweather.com/soundscapes/6891/6891-20260710-050306.flac",0,3,"birdnetpi"
9538685428,6891,"2026-07-10T07:02:15.000+02:00",1,0.876010596752167,9.75878557189918,"almost_certain","2p4",NA,51.5697,6.001,FALSE,551,"Common Swift","Apus apus","#234bb2","avian","https://media.birdweather.com/species/551/CommonSwift-standard-ba54f84fbd8481b1c0de60654fbd79d5.jpg","https://media.birdweather.com/species/551/CommonSwift-thumbnail-bad1d7e3c141990f11d01e49e9f768ac.jpg","https://media.birdweather.com/species/551/CommonSwift-png200-f52bea49cb0e4232049806bde3e1a401.png","LLYFFwLchWelV5dvsqh1jKZoKJIEMkoA",14136132679,"https://media.birdweather.com/soundscapes/6891/6891-20260710-050215.flac",0,3,"birdnetpi"
9538683568,6891,"2026-07-10T07:02:07.000+02:00",0.78,0.827771067619324,9.16519434510748,"almost_certain","2p4",NA,51.569,6.0014,FALSE,1,"House Sparrow","Passer domesticus","#d16ff8","avian","https://media.birdweather.com/species/1/HouseSparrow-standard-b861184cf45c092cdb45fd689dd676ef.jpg","https://media.birdweather.com/species/1/HouseSparrow-thumbnail-e9cbc91763a1579de8ef04880678b5e3.jpg","https://media.birdweather.com/species/1/HouseSparrow-png200-125e8603e1efe9d7a18316b94f06a65e.png","XAgCDwD8qpukuHiqtLZ9mImnmPFcDO4E",14136129553,"https://media.birdweather.com/soundscapes/6891/6891-20260710-050207.flac",0,3,"birdnetpi"
9538658151,6891,"2026-07-10T07:00:34.000+02:00",0.75,0.799220323562622,9.02927366577325,"almost_certain","2p4",NA,51.5694,6.0044,FALSE,5,"Eurasian Wren","Troglodytes troglodytes","#871aa2","avian","https://media.birdweather.com/species/5/EurasianWren-standard-9c09f98281df1112cec97e5b2520b7ac.jpg","https://media.birdweather.com/species/5/EurasianWren-thumbnail-7ee2ceda5807a63f70243cd666e8e3c8.jpg","https://media.birdweather.com/species/5/EurasianWren-png200-a33056cab50c84c6025cfd25b6f18c19.png","JwgGDwDcVHlfhXmJhXiXWJiJaEAXA5IC",14136084919,"https://media.birdweather.com/soundscapes/6891/6891-20260710-050034.flac",0,3,"birdnetpi"
9538656482,6891,"2026-07-10T07:00:28.000+02:00",0.88,0.827771067619324,9.42445588461226,"almost_certain","2p4",NA,51.5696,6.005,FALSE,1,"House Sparrow","Passer domesticus","#d16ff8","avian","https://media.birdweather.com/species/1/HouseSparrow-standard-b861184cf45c092cdb45fd689dd676ef.jpg","https://media.birdweather.com/species/1/HouseSparrow-thumbnail-e9cbc91763a1579de8ef04880678b5e3.jpg","https://media.birdweather.com/species/1/HouseSparrow-png200-125e8603e1efe9d7a18316b94f06a65e.png","XAgCDwD8qpukuHiqtLZ9mImnmPFcDO4E",14136081957,"https://media.birdweather.com/soundscapes/6891/6891-20260710-050028.flac",0,3,"birdnetpi"
9538647165,6891,"2026-07-10T06:59:58.000+02:00",0.91,0.827771067619324,9.49354615408111,"almost_certain","2p4",NA,51.5688,6.0076,FALSE,1,"House Sparrow","Passer domesticus","#d16ff8","avian","https://media.birdweather.com/species/1/HouseSparrow-standard-b861184cf45c092cdb45fd689dd676ef.jpg","https://media.birdweather.com/species/1/HouseSparrow-thumbnail-e9cbc91763a1579de8ef04880678b5e3.jpg","https://media.birdweather.com/species/1/HouseSparrow-png200-125e8603e1efe9d7a18316b94f06a65e.png","XAgCDwD8qpukuHiqtLZ9mImnmPFcDO4E",14136065637,"https://media.birdweather.com/soundscapes/6891/6891-20260710-045958.flac",0,3,"birdnetpi"
9538645578,6891,"2026-07-10T06:59:49.000+02:00",1,0.876010596752167,9.75878557189918,"almost_certain","2p4",NA,51.5655,6.0033,FALSE,551,"Common Swift","Apus apus","#234bb2","avian","https://media.birdweather.com/species/551/CommonSwift-standard-ba54f84fbd8481b1c0de60654fbd79d5.jpg","https://media.birdweather.com/species/551/CommonSwift-thumbnail-bad1d7e3c141990f11d01e49e9f768ac.jpg","https://media.birdweather.com/species/551/CommonSwift-png200-f52bea49cb0e4232049806bde3e1a401.png","LLYFFwLchWelV5dvsqh1jKZoKJIEMkoA",14136063278,"https://media.birdweather.com/soundscapes/6891/6891-20260710-045949.flac",0,3,"birdnetpi"
9538640747,6891,"2026-07-10T06:59:33.000+02:00",0.94,0.827771067619324,9.55931878436642,"almost_certain","2p4",NA,51.5658,6.0017,FALSE,1,"House Sparrow","Passer domesticus","#d16ff8","avian","https://media.birdweather.com/species/1/HouseSparrow-standard-b861184cf45c092cdb45fd689dd676ef.jpg","https://media.birdweather.com/species/1/HouseSparrow-thumbnail-e9cbc91763a1579de8ef04880678b5e3.jpg","https://media.birdweather.com/species/1/HouseSparrow-png200-125e8603e1efe9d7a18316b94f06a65e.png","XAgCDwD8qpukuHiqtLZ9mImnmPFcDO4E",14136054933,"https://media.birdweather.com/soundscapes/6891/6891-20260710-045933.flac",0,3,"birdnetpi"
9538633408,6891,"2026-07-10T06:59:07.000+02:00",0.94,0.827771067619324,9.55931878436642,"almost_certain","2p4",NA,51.5687,6.0042,FALSE,1,"House Sparrow","Passer domesticus","#d16ff8","avian","https://media.birdweather.com/species/1/HouseSparrow-standard-b861184cf45c092cdb45fd689dd676ef.jpg","https://media.birdweather.com/species/1/HouseSparrow-thumbnail-e9cbc91763a1579de8ef04880678b5e3.jpg","https://media.birdweather.com/species/1/HouseSparrow-png200-125e8603e1efe9d7a18316b94f06a65e.png","XAgCDwD8qpukuHiqtLZ9mImnmPFcDO4E",14136042301,"https://media.birdweather.com/soundscapes/6891/6891-20260710-045907.flac",0,3,"birdnetpi"
9538625948,6891,"2026-07-10T06:58:40.000+02:00",0.96,0.827771067619324,9.60147595673987,"almost_certain","2p4",NA,51.5646,6.0031,FALSE,1,"House Sparrow","Passer domesticus","#d16ff8","avian","https://media.birdweather.com/species/1/HouseSparrow-standard-b861184cf45c092cdb45fd689dd676ef.jpg","https://media.birdweather.com/species/1/HouseSparrow-thumbnail-e9cbc91763a1579de8ef04880678b5e3.jpg","https://media.birdweather.com/species/1/HouseSparrow-png200-125e8603e1efe9d7a18316b94f06a65e.png","XAgCDwD8qpukuHiqtLZ9mImnmPFcDO4E",14136029704,"https://media.birdweather.com/soundscapes/6891/6891-20260710-045840.flac",0,3,"birdnetpi"
9538617820,6891,"2026-07-10T06:58:16.000+02:00",0.98,0.827771067619324,9.64237451625493,"almost_certain","2p4",NA,51.5637,6.0055,FALSE,1,"House Sparrow","Passer domesticus","#d16ff8","avian","https://media.birdweather.com/species/1/HouseSparrow-standard-b861184cf45c092cdb45fd689dd676ef.jpg","https://media.birdweather.com/species/1/HouseSparrow-thumbnail-e9cbc91763a1579de8ef04880678b5e3.jpg","https://media.birdweather.com/species/1/HouseSparrow-png200-125e8603e1efe9d7a18316b94f06a65e.png","XAgCDwD8qpukuHiqtLZ9mImnmPFcDO4E",14136015674,"https://media.birdweather.com/soundscapes/6891/6891-20260710-045816.flac",0,3,"birdnetpi"
9538610281,6891,"2026-07-10T06:57:45.000+02:00",0.98,0.827771067619324,9.64237451625493,"almost_certain","2p4",NA,51.5617,6.0076,FALSE,1,"House Sparrow","Passer domesticus","#d16ff8","avian","https://media.birdweather.com/species/1/HouseSparrow-standard-b861184cf45c092cdb45fd689dd676ef.jpg","https://media.birdweather.com/species/1/HouseSparrow-thumbnail-e9cbc91763a1579de8ef04880678b5e3.jpg","https://media.birdweather.com/species/1/HouseSparrow-png200-125e8603e1efe9d7a18316b94f06a65e.png","XAgCDwD8qpukuHiqtLZ9mImnmPFcDO4E",14136003021,"https://media.birdweather.com/soundscapes/6891/6891-20260710-045745.flac",0,3,"birdnetpi"
9538602310,6891,"2026-07-10T06:57:16.000+02:00",0.98,0.827771067619324,9.64237451625493,"almost_certain","2p4",NA,51.569,6.0027,FALSE,1,"House Sparrow","Passer domesticus","#d16ff8","avian","https://media.birdweather.com/species/1/HouseSparrow-standard-b861184cf45c092cdb45fd689dd676ef.jpg","https://media.birdweather.com/species/1/HouseSparrow-thumbnail-e9cbc91763a1579de8ef04880678b5e3.jpg","https://media.birdweather.com/species/1/HouseSparrow-png200-125e8603e1efe9d7a18316b94f06a65e.png","XAgCDwD8qpukuHiqtLZ9mImnmPFcDO4E",14135989403,"https://media.birdweather.com/soundscapes/6891/6891-20260710-045716.flac",0,3,"birdnetpi"
9538594700,6891,"2026-07-10T06:56:52.000+02:00",0.97,0.827771067619324,9.62207784872929,"almost_certain","2p4",NA,51.5615,6.009,FALSE,1,"House Sparrow","Passer domesticus","#d16ff8","avian","https://media.birdweather.com/species/1/HouseSparrow-standard-b861184cf45c092cdb45fd689dd676ef.jpg","https://media.birdweather.com/species/1/HouseSparrow-thumbnail-e9cbc91763a1579de8ef04880678b5e3.jpg","https://media.birdweather.com/species/1/HouseSparrow-png200-125e8603e1efe9d7a18316b94f06a65e.png","XAgCDwD8qpukuHiqtLZ9mImnmPFcDO4E",14135976422,"https://media.birdweather.com/soundscapes/6891/6891-20260710-045652.flac",0,3,"birdnetpi"
9538590064,6891,"2026-07-10T06:56:43.000+02:00",0.97,0.827771067619324,9.62207784872929,"almost_certain","2p4",NA,51.5697,6.0049,FALSE,1,"House Sparrow","Passer domesticus","#d16ff8","avian","https://media.birdweather.com/species/1/HouseSparrow-standard-b861184cf45c092cdb45fd689dd676ef.jpg","https://media.birdweather.com/species/1/HouseSparrow-thumbnail-e9cbc91763a1579de8ef04880678b5e3.jpg","https://media.birdweather.com/species/1/HouseSparrow-png200-125e8603e1efe9d7a18316b94f06a65e.png","XAgCDwD8qpukuHiqtLZ9mImnmPFcDO4E",14135968561,"https://media.birdweather.com/soundscapes/6891/6891-20260710-045643.flac",0,3,"birdnetpi"
9538584813,6891,"2026-07-10T06:56:25.000+02:00",0.83,0.827771067619324,9.30094888173008,"almost_certain","2p4",NA,51.5694,6.0062,FALSE,1,"House Sparrow","Passer domesticus","#d16ff8","avian","https://media.birdweather.com/species/1/HouseSparrow-standard-b861184cf45c092cdb45fd689dd676ef.jpg","https://media.birdweather.com/species/1/HouseSparrow-thumbnail-e9cbc91763a1579de8ef04880678b5e3.jpg","https://media.birdweather.com/species/1/HouseSparrow-png200-125e8603e1efe9d7a18316b94f06a65e.png","XAgCDwD8qpukuHiqtLZ9mImnmPFcDO4E",14135959821,"https://media.birdweather.com/soundscapes/6891/6891-20260710-045625.flac",0,3,"birdnetpi"
9538576910,6891,"2026-07-10T06:56:00.000+02:00",1,0.827771067619324,9.68208744177129,"almost_certain","2p4",NA,51.5663,6.0057,FALSE,1,"House Sparrow","Passer domesticus","#d16ff8","avian","https://media.birdweather.com/species/1/HouseSparrow-standard-b861184cf45c092cdb45fd689dd676ef.jpg","https://media.birdweather.com/species/1/HouseSparrow-thumbnail-e9cbc91763a1579de8ef04880678b5e3.jpg","https://media.birdweather.com/species/1/HouseSparrow-png200-125e8603e1efe9d7a18316b94f06a65e.png","XAgCDwD8qpukuHiqtLZ9mImnmPFcDO4E",14135946662,"https://media.birdweather.com/soundscapes/6891/6891-20260710-045600.flac",0,3,"birdnetpi"
9538569188,6891,"2026-07-10T06:55:27.000+02:00",0.98,0.827771067619324,9.64237451625493,"almost_certain","2p4",NA,51.5643,6.0088,FALSE,1,"House Sparrow","Passer domesticus","#d16ff8","avian","https://media.birdweather.com/species/1/HouseSparrow-standard-b861184cf45c092cdb45fd689dd676ef.jpg","https://media.birdweather.com/species/1/HouseSparrow-thumbnail-e9cbc91763a1579de8ef04880678b5e3.jpg","https://media.birdweather.com/species/1/HouseSparrow-png200-125e8603e1efe9d7a18316b94f06a65e.png","XAgCDwD8qpukuHiqtLZ9mImnmPFcDO4E",14135933507,"https://media.birdweather.com/soundscapes/6891/6891-20260710-045527.flac",0,3,"birdnetpi"
9538564083,6891,"2026-07-10T06:55:04.000+02:00",0.98,0.876010596752167,9.71907264638282,"almost_certain","2p4",NA,51.5648,6.0047,FALSE,551,"Common Swift","Apus apus","#234bb2","avian","https://media.birdweather.com/species/551/CommonSwift-standard-ba54f84fbd8481b1c0de60654fbd79d5.jpg","https://media.birdweather.com/species/551/CommonSwift-thumbnail-bad1d7e3c141990f11d01e49e9f768ac.jpg","https://media.birdweather.com/species/551/CommonSwift-png200-f52bea49cb0e4232049806bde3e1a401.png","LLYFFwLchWelV5dvsqh1jKZoKJIEMkoA",14135924793,"https://media.birdweather.com/soundscapes/6891/6891-20260710-045504.flac",0,3,"birdnetpi"
9538551928,6891,"2026-07-10T06:54:22.000+02:00",0.87,0.852594614028931,9.44063315072701,"almost_certain","2p4",NA,51.57,6.0079,FALSE,66,"Eurasian Blue Tit","Cyanistes caeruleus","#4b8900","avian","https://media.birdweather.com/species/66/EurasianBlueTit-standard-4ec8e45d78b2908d0f41ae495ae07571.jpg","https://media.birdweather.com/species/66/EurasianBlueTit-thumbnail-4d9abc54a3abc3fb12e78e603cbe6784.jpg","https://media.birdweather.com/species/66/EurasianBlueTit-png200-49adab92304ba7a74e93ac43e38e62d3.png","EfgJBwAKhHiEm2ZheGllqXeZhi/ze3EP",14135904372,"https://media.birdweather.com/soundscapes/6891/6891-20260710-045422.flac",0,3,"birdnetpi"
9538546881,6891,"2026-07-10T06:54:09.000+02:00",0.89,0.827771067619324,9.4478752583145,"almost_certain","2p4",NA,51.5648,6.0013,FALSE,1,"House Sparrow","Passer domesticus","#d16ff8","avian","https://media.birdweather.com/species/1/HouseSparrow-standard-b861184cf45c092cdb45fd689dd676ef.jpg","https://media.birdweather.com/species/1/HouseSparrow-thumbnail-e9cbc91763a1579de8ef04880678b5e3.jpg","https://media.birdweather.com/species/1/HouseSparrow-png200-125e8603e1efe9d7a18316b94f06a65e.png","XAgCDwD8qpukuHiqtLZ9mImnmPFcDO4E",14135895793,"https://media.birdweather.com/soundscapes/6891/6891-20260710-045409.flac",0,3,"birdnetpi"
9538542619,6891,"2026-07-10T06:53:58.000+02:00",0.88,0.827771067619324,9.42445588461226,"almost_certain","2p4",NA,51.5651,6.0058,FALSE,1,"House Sparrow","Passer domesticus","#d16ff8","avian","https://media.birdweather.com/species/1/HouseSparrow-standard-b861184cf45c092cdb45fd689dd676ef.jpg","https://media.birdweather.com/species/1/HouseSparrow-thumbnail-e9cbc91763a1579de8ef04880678b5e3.jpg","https://media.birdweather.com/species/1/HouseSparrow-png200-125e8603e1efe9d7a18316b94f06a65e.png","XAgCDwD8qpukuHiqtLZ9mImnmPFcDO4E",14135888442,"https://media.birdweather.com/soundscapes/6891/6891-20260710-045358.flac",0,3,"birdnetpi"
9538540253,6891,"2026-07-10T06:53:42.000+02:00",0.95,0.818590819835663,9.5654642794442,"almost_certain","2p4",NA,51.5656,6.0091,FALSE,11,"Great Tit","Parus major","#7a41c7","avian","https://media.birdweather.com/species/11/GreatTit-standard-0058e4dcd148acb2e0cb8a7b7c6ad3b2.jpg","https://media.birdweather.com/species/11/GreatTit-thumbnail-6910d0adae4550c5e6f2396322ee64c4.jpg","https://media.birdweather.com/species/11/GreatTit-png200-9f3394faf07d12f615112c10cb9d7f02.png","ImkCDwTFxox9pZloaIaeZLsJp9r1yG4P",14135884654,"https://media.birdweather.com/soundscapes/6891/6891-20260710-045342.flac",0,3,"birdnetpi"
9538537399,6891,"2026-07-10T06:53:34.000+02:00",0.77,0.827771067619324,9.13635117450645,"almost_certain","2p4",NA,51.57,6.006,FALSE,1,"House Sparrow","Passer domesticus","#d16ff8","avian","https://media.birdweather.com/species/1/HouseSparrow-standard-b861184cf45c092cdb45fd689dd676ef.jpg","https://media.birdweather.com/species/1/HouseSparrow-thumbnail-e9cbc91763a1579de8ef04880678b5e3.jpg","https://media.birdweather.com/species/1/HouseSparrow-png200-125e8603e1efe9d7a18316b94f06a65e.png","XAgCDwD8qpukuHiqtLZ9mImnmPFcDO4E",14135879730,"https://media.birdweather.com/soundscapes/6891/6891-20260710-045334.flac",0,3,"birdnetpi"
9538531879,6891,"2026-07-10T06:53:10.000+02:00",0.91,0.827771067619324,9.49354615408111,"almost_certain","2p4",NA,51.5615,6.0019,FALSE,1,"House Sparrow","Passer domesticus","#d16ff8","avian","https://media.birdweather.com/species/1/HouseSparrow-standard-b861184cf45c092cdb45fd689dd676ef.jpg","https://media.birdweather.com/species/1/HouseSparrow-thumbnail-e9cbc91763a1579de8ef04880678b5e3.jpg","https://media.birdweather.com/species/1/HouseSparrow-png200-125e8603e1efe9d7a18316b94f06a65e.png","XAgCDwD8qpukuHiqtLZ9mImnmPFcDO4E",14135870075,"https://media.birdweather.com/soundscapes/6891/6891-20260710-045310.flac",0,3,"birdnetpi"
9538524205,6891,"2026-07-10T06:52:49.000+02:00",0.8,0.827771067619324,9.22112047760023,"almost_certain","2p4",NA,51.5632,6.0044,FALSE,1,"House Sparrow","Passer domesticus","#d16ff8","avian","https://media.birdweather.com/species/1/HouseSparrow-standard-b861184cf45c092cdb45fd689dd676ef.jpg","https://media.birdweather.com/species/1/HouseSparrow-thumbnail-e9cbc91763a1579de8ef04880678b5e3.jpg","https://media.birdweather.com/species/1/HouseSparrow-png200-125e8603e1efe9d7a18316b94f06a65e.png","XAgCDwD8qpukuHiqtLZ9mImnmPFcDO4E",14135856926,"https://media.birdweather.com/soundscapes/6891/6891-20260710-045249.flac",0,3,"birdnetpi"
9538518868,6891,"2026-07-10T06:52:25.000+02:00",0.94,0.660715103149414,9.25463021880121,"almost_certain","2p4",NA,51.5703,6.0084,FALSE,119,"Common House-Martin","Delichon urbicum","#53b1ff","avian","https://media.birdweather.com/species/119/CommonHouse-Martin-standard-9ffbcc688c51210fb136a162c84d82ad.jpg","https://media.birdweather.com/species/119/CommonHouse-Martin-thumbnail-dd7059ca6235347c3097e7a66f04df95.jpg","https://media.birdweather.com/species/119/CommonHouse-Martin-png200-a73a8953ce2af50676da81e70b2746b2.png","YhgKDwKJd4iIiHd/h5h5d4mIeQqVllAH",14135847776,"https://media.birdweather.com/soundscapes/6891/6891-20260710-045225.flac",0,3,"birdnetpi"
9538514699,6891,"2026-07-10T06:52:13.000+02:00",0.77,0.827771067619324,9.13635117450645,"almost_certain","2p4",NA,51.5666,6.0054,FALSE,1,"House Sparrow","Passer domesticus","#d16ff8","avian","https://media.birdweather.com/species/1/HouseSparrow-standard-b861184cf45c092cdb45fd689dd676ef.jpg","https://media.birdweather.com/species/1/HouseSparrow-thumbnail-e9cbc91763a1579de8ef04880678b5e3.jpg","https://media.birdweather.com/species/1/HouseSparrow-png200-125e8603e1efe9d7a18316b94f06a65e.png","XAgCDwD8qpukuHiqtLZ9mImnmPFcDO4E",14135840531,"https://media.birdweather.com/soundscapes/6891/6891-20260710-045213.flac",0,3,"birdnetpi"
9538508906,6891,"2026-07-10T06:51:52.000+02:00",0.88,0.876010596752167,9.50115401474015,"almost_certain","2p4",NA,51.5643,6.0013,FALSE,551,"Common Swift","Apus apus","#234bb2","avian","https://media.birdweather.com/species/551/CommonSwift-standard-ba54f84fbd8481b1c0de60654fbd79d5.jpg","https://media.birdweather.com/species/551/CommonSwift-thumbnail-bad1d7e3c141990f11d01e49e9f768ac.jpg","https://media.birdweather.com/species/551/CommonSwift-png200-f52bea49cb0e4232049806bde3e1a401.png","LLYFFwLchWelV5dvsqh1jKZoKJIEMkoA",14135830814,"https://media.birdweather.com/soundscapes/6891/6891-20260710-045152.flac",0,3,"birdnetpi"
9538507937,6891,"2026-07-10T06:51:46.000+02:00",0.7,0.827771067619324,8.91541381229976,"almost_certain","2p4",NA,51.5683,6.0094,FALSE,1,"House Sparrow","Passer domesticus","#d16ff8","avian","https://media.birdweather.com/species/1/HouseSparrow-standard-b861184cf45c092cdb45fd689dd676ef.jpg","https://media.birdweather.com/species/1/HouseSparrow-thumbnail-e9cbc91763a1579de8ef04880678b5e3.jpg","https://media.birdweather.com/species/1/HouseSparrow-png200-125e8603e1efe9d7a18316b94f06a65e.png","XAgCDwD8qpukuHiqtLZ9mImnmPFcDO4E",14135829327,"https://media.birdweather.com/soundscapes/6891/6891-20260710-045146.flac",0,3,"birdnetpi"
9538503507,6891,"2026-07-10T06:51:31.000+02:00",0.84,0.818590819835663,9.31146186348023,"almost_certain","2p4",NA,51.5627,6.0074,FALSE,11,"Great Tit","Parus major","#7a41c7","avian","https://media.birdweather.com/species/11/GreatTit-standard-0058e4dcd148acb2e0cb8a7b7c6ad3b2.jpg","https://media.birdweather.com/species/11/GreatTit-thumbnail-6910d0adae4550c5e6f2396322ee64c4.jpg","https://media.birdweather.com/species/11/GreatTit-png200-9f3394faf07d12f615112c10cb9d7f02.png","ImkCDwTFxox9pZloaIaeZLsJp9r1yG4P",14135821650,"https://media.birdweather.com/soundscapes/6891/6891-20260710-045131.flac",0,3,"birdnetpi"
9538496645,6891,"2026-07-10T06:51:18.000+02:00",0.96,0.644990086555481,9.2642850168122,"almost_certain","2p4",NA,51.5642,6.0028,FALSE,294,"European Greenfinch","Chloris chloris","#fea614","avian","https://media.birdweather.com/species/294/EuropeanGreenfinch-standard-34aa36357c06fbf52af390917f29436b.jpg","https://media.birdweather.com/species/294/EuropeanGreenfinch-thumbnail-7466d93ab9340d75d4eec2ca6eeed529.jpg","https://media.birdweather.com/species/294/EuropeanGreenfinch-png200-8b2951bb918db1cbed643a9530efa558.png","FRkGHwJYqWeEd4ifapeoh4ZriPUnaG8B",14135809907,"https://media.birdweather.com/soundscapes/6891/6891-20260710-045118.flac",0,3,"birdnetpi"
9538492769,6891,"2026-07-10T06:50:52.000+02:00",0.83,0.660715103149414,8.99626031616486,"almost_certain","2p4",NA,51.5676,6.0045,FALSE,119,"Common House-Martin","Delichon urbicum","#53b1ff","avian","https://media.birdweather.com/species/119/CommonHouse-Martin-standard-9ffbcc688c51210fb136a162c84d82ad.jpg","https://media.birdweather.com/species/119/CommonHouse-Martin-thumbnail-dd7059ca6235347c3097e7a66f04df95.jpg","https://media.birdweather.com/species/119/CommonHouse-Martin-png200-a73a8953ce2af50676da81e70b2746b2.png","YhgKDwKJd4iIiHd/h5h5d4mIeQqVllAH",14135803090,"https://media.birdweather.com/soundscapes/6891/6891-20260710-045052.flac",0,3,"birdnetpi"
9538488557,6891,"2026-07-10T06:50:49.000+02:00",0.97,0.644990086555481,9.28488690880162,"almost_certain","2p4",NA,51.57,6.0075,FALSE,294,"European Greenfinch","Chloris chloris","#fea614","avian","https://media.birdweather.com/species/294/EuropeanGreenfinch-standard-34aa36357c06fbf52af390917f29436b.jpg","https://media.birdweather.com/species/294/EuropeanGreenfinch-thumbnail-7466d93ab9340d75d4eec2ca6eeed529.jpg","https://media.birdweather.com/species/294/EuropeanGreenfinch-png200-8b2951bb918db1cbed643a9530efa558.png","FRkGHwJYqWeEd4ifapeoh4ZriPUnaG8B",14135795881,"https://media.birdweather.com/soundscapes/6891/6891-20260710-045049.flac",0,3,"birdnetpi"
9538482338,6891,"2026-07-10T06:50:22.000+02:00",0.85,0.644990086555481,9.01450448400448,"almost_certain","2p4",NA,51.5661,6.0071,FALSE,294,"European Greenfinch","Chloris chloris","#fea614","avian","https://media.birdweather.com/species/294/EuropeanGreenfinch-standard-34aa36357c06fbf52af390917f29436b.jpg","https://media.birdweather.com/species/294/EuropeanGreenfinch-thumbnail-7466d93ab9340d75d4eec2ca6eeed529.jpg","https://media.birdweather.com/species/294/EuropeanGreenfinch-png200-8b2951bb918db1cbed643a9530efa558.png","FRkGHwJYqWeEd4ifapeoh4ZriPUnaG8B",14135785213,"https://media.birdweather.com/soundscapes/6891/6891-20260710-045022.flac",0,3,"birdnetpi"
9538475506,6891,"2026-07-10T06:49:55.000+02:00",0.99,0.660715103149414,9.3576863058967,"almost_certain","2p4",NA,51.5693,6.0081,FALSE,119,"Common House-Martin","Delichon urbicum","#53b1ff","avian","https://media.birdweather.com/species/119/CommonHouse-Martin-standard-9ffbcc688c51210fb136a162c84d82ad.jpg","https://media.birdweather.com/species/119/CommonHouse-Martin-thumbnail-dd7059ca6235347c3097e7a66f04df95.jpg","https://media.birdweather.com/species/119/CommonHouse-Martin-png200-a73a8953ce2af50676da81e70b2746b2.png","YhgKDwKJd4iIiHd/h5h5d4mIeQqVllAH",14135773522,"https://media.birdweather.com/soundscapes/6891/6891-20260710-044955.flac",0,3,"birdnetpi"
9538474726,6891,"2026-07-10T06:49:48.000+02:00",0.76,0.827771067619324,9.10688767335373,"almost_certain","2p4",NA,51.5699,6.0061,FALSE,1,"House Sparrow","Passer domesticus","#d16ff8","avian","https://media.birdweather.com/species/1/HouseSparrow-standard-b861184cf45c092cdb45fd689dd676ef.jpg","https://media.birdweather.com/species/1/HouseSparrow-thumbnail-e9cbc91763a1579de8ef04880678b5e3.jpg","https://media.birdweather.com/species/1/HouseSparrow-png200-125e8603e1efe9d7a18316b94f06a65e.png","XAgCDwD8qpukuHiqtLZ9mImnmPFcDO4E",14135772129,"https://media.birdweather.com/soundscapes/6891/6891-20260710-044948.flac",0,3,"birdnetpi"
9538466932,6891,"2026-07-10T06:49:28.000+02:00",0.87,0.827771067619324,9.400629197097,"almost_certain","2p4",NA,51.5625,6.0025,FALSE,1,"House Sparrow","Passer domesticus","#d16ff8","avian","https://media.birdweather.com/species/1/HouseSparrow-standard-b861184cf45c092cdb45fd689dd676ef.jpg","https://media.birdweather.com/species/1/HouseSparrow-thumbnail-e9cbc91763a1579de8ef04880678b5e3.jpg","https://media.birdweather.com/species/1/HouseSparrow-png200-125e8603e1efe9d7a18316b94f06a65e.png","XAgCDwD8qpukuHiqtLZ9mImnmPFcDO4E",14135758981,"https://media.birdweather.com/soundscapes/6891/6891-20260710-044928.flac",0,3,"birdnetpi"
9538462047,6891,"2026-07-10T06:49:09.000+02:00",0.82,0.827771067619324,9.27485285462022,"almost_certain","2p4",NA,51.5629,6.0091,FALSE,1,"House Sparrow","Passer domesticus","#d16ff8","avian","https://media.birdweather.com/species/1/HouseSparrow-standard-b861184cf45c092cdb45fd689dd676ef.jpg","https://media.birdweather.com/species/1/HouseSparrow-thumbnail-e9cbc91763a1579de8ef04880678b5e3.jpg","https://media.birdweather.com/species/1/HouseSparrow-png200-125e8603e1efe9d7a18316b94f06a65e.png","XAgCDwD8qpukuHiqtLZ9mImnmPFcDO4E",14135750725,"https://media.birdweather.com/soundscapes/6891/6891-20260710-044909.flac",0,3,"birdnetpi"
9538458736,6891,"2026-07-10T06:49:00.000+02:00",0.97,0.660715103149414,9.31738928316408,"almost_certain","2p4",NA,51.5656,6.006,FALSE,119,"Common House-Martin","Delichon urbicum","#53b1ff","avian","https://media.birdweather.com/species/119/CommonHouse-Martin-standard-9ffbcc688c51210fb136a162c84d82ad.jpg","https://media.birdweather.com/species/119/CommonHouse-Martin-thumbnail-dd7059ca6235347c3097e7a66f04df95.jpg","https://media.birdweather.com/species/119/CommonHouse-Martin-png200-a73a8953ce2af50676da81e70b2746b2.png","YhgKDwKJd4iIiHd/h5h5d4mIeQqVllAH",14135744899,"https://media.birdweather.com/soundscapes/6891/6891-20260710-044900.flac",0,3,"birdnetpi"
9538457481,6891,"2026-07-10T06:48:48.000+02:00",0.74,0.827771067619324,9.04598875863169,"almost_certain","2p4",NA,51.5703,6.0081,FALSE,1,"House Sparrow","Passer domesticus","#d16ff8","avian","https://media.birdweather.com/species/1/HouseSparrow-standard-b861184cf45c092cdb45fd689dd676ef.jpg","https://media.birdweather.com/species/1/HouseSparrow-thumbnail-e9cbc91763a1579de8ef04880678b5e3.jpg","https://media.birdweather.com/species/1/HouseSparrow-png200-125e8603e1efe9d7a18316b94f06a65e.png","XAgCDwD8qpukuHiqtLZ9mImnmPFcDO4E",14135742903,"https://media.birdweather.com/soundscapes/6891/6891-20260710-044848.flac",0,3,"birdnetpi"
9538449202,6891,"2026-07-10T06:48:21.000+02:00",0.87,0.827771067619324,9.400629197097,"almost_certain","2p4",NA,51.5693,6.0073,FALSE,1,"House Sparrow","Passer domesticus","#d16ff8","avian","https://media.birdweather.com/species/1/HouseSparrow-standard-b861184cf45c092cdb45fd689dd676ef.jpg","https://media.birdweather.com/species/1/HouseSparrow-thumbnail-e9cbc91763a1579de8ef04880678b5e3.jpg","https://media.birdweather.com/species/1/HouseSparrow-png200-125e8603e1efe9d7a18316b94f06a65e.png","XAgCDwD8qpukuHiqtLZ9mImnmPFcDO4E",14135728827,"https://media.birdweather.com/soundscapes/6891/6891-20260710-044821.flac",0,3,"birdnetpi"
9538444911,6891,"2026-07-10T06:48:16.000+02:00",0.82,0.827771067619324,9.27485285462022,"almost_certain","2p4",NA,51.5696,6.0016,FALSE,1,"House Sparrow","Passer domesticus","#d16ff8","avian","https://media.birdweather.com/species/1/HouseSparrow-standard-b861184cf45c092cdb45fd689dd676ef.jpg","https://media.birdweather.com/species/1/HouseSparrow-thumbnail-e9cbc91763a1579de8ef04880678b5e3.jpg","https://media.birdweather.com/species/1/HouseSparrow-png200-125e8603e1efe9d7a18316b94f06a65e.png","XAgCDwD8qpukuHiqtLZ9mImnmPFcDO4E",14135721557,"https://media.birdweather.com/soundscapes/6891/6891-20260710-044816.flac",0,3,"birdnetpi"
9538437049,6891,"2026-07-10T06:47:46.000+02:00",0.8,0.827771067619324,9.22112047760023,"almost_certain","2p4",NA,51.5667,6.0051,FALSE,1,"House Sparrow","Passer domesticus","#d16ff8","avian","https://media.birdweather.com/species/1/HouseSparrow-standard-b861184cf45c092cdb45fd689dd676ef.jpg","https://media.birdweather.com/species/1/HouseSparrow-thumbnail-e9cbc91763a1579de8ef04880678b5e3.jpg","https://media.birdweather.com/species/1/HouseSparrow-png200-125e8603e1efe9d7a18316b94f06a65e.png","XAgCDwD8qpukuHiqtLZ9mImnmPFcDO4E",14135708430,"https://media.birdweather.com/soundscapes/6891/6891-20260710-044746.flac",0,3,"birdnetpi"
9538429342,6891,"2026-07-10T06:47:13.000+02:00",0.84,0.827771067619324,9.32655710395673,"almost_certain","2p4",NA,51.5698,6.0044,FALSE,1,"House Sparrow","Passer domesticus","#d16ff8","avian","https://media.birdweather.com/species/1/HouseSparrow-standard-b861184cf45c092cdb45fd689dd676ef.jpg","https://media.birdweather.com/species/1/HouseSparrow-thumbnail-e9cbc91763a1579de8ef04880678b5e3.jpg","https://media.birdweather.com/species/1/HouseSparrow-png200-125e8603e1efe9d7a18316b94f06a65e.png","XAgCDwD8qpukuHiqtLZ9mImnmPFcDO4E",14135695326,"https://media.birdweather.com/soundscapes/6891/6891-20260710-044713.flac",0,3,"birdnetpi"
9538421608,6891,"2026-07-10T06:46:45.000+02:00",0.83,0.827771067619324,9.30094888173008,"almost_certain","2p4",NA,51.568,6.0066,FALSE,1,"House Sparrow","Passer domesticus","#d16ff8","avian","https://media.birdweather.com/species/1/HouseSparrow-standard-b861184cf45c092cdb45fd689dd676ef.jpg","https://media.birdweather.com/species/1/HouseSparrow-thumbnail-e9cbc91763a1579de8ef04880678b5e3.jpg","https://media.birdweather.com/species/1/HouseSparrow-png200-125e8603e1efe9d7a18316b94f06a65e.png","XAgCDwD8qpukuHiqtLZ9mImnmPFcDO4E",14135682202,"https://media.birdweather.com/soundscapes/6891/6891-20260710-044645.flac",0,3,"birdnetpi"
9538413852,6891,"2026-07-10T06:46:16.000+02:00",0.7,0.827771067619324,8.91541381229976,"almost_certain","2p4",NA,51.5634,6.0027,FALSE,1,"House Sparrow","Passer domesticus","#d16ff8","avian","https://media.birdweather.com/species/1/HouseSparrow-standard-b861184cf45c092cdb45fd689dd676ef.jpg","https://media.birdweather.com/species/1/HouseSparrow-thumbnail-e9cbc91763a1579de8ef04880678b5e3.jpg","https://media.birdweather.com/species/1/HouseSparrow-png200-125e8603e1efe9d7a18316b94f06a65e.png","XAgCDwD8qpukuHiqtLZ9mImnmPFcDO4E",14135669105,"https://media.birdweather.com/soundscapes/6891/6891-20260710-044616.flac",0,3,"birdnetpi"
9538407758,6891,"2026-07-10T06:45:55.000+02:00",0.95,0.660715103149414,9.27587095435548,"almost_certain","2p4",NA,51.5641,6.0029,FALSE,119,"Common House-Martin","Delichon urbicum","#53b1ff","avian","https://media.birdweather.com/species/119/CommonHouse-Martin-standard-9ffbcc688c51210fb136a162c84d82ad.jpg","https://media.birdweather.com/species/119/CommonHouse-Martin-thumbnail-dd7059ca6235347c3097e7a66f04df95.jpg","https://media.birdweather.com/species/119/CommonHouse-Martin-png200-a73a8953ce2af50676da81e70b2746b2.png","YhgKDwKJd4iIiHd/h5h5d4mIeQqVllAH",14135658905,"https://media.birdweather.com/soundscapes/6891/6891-20260710-044555.flac",0,3,"birdnetpi"
9538384711,6891,"2026-07-10T06:44:36.000+02:00",0.94,0.660715103149414,9.25463021880121,"almost_certain","2p4",NA,51.5659,6.002,FALSE,119,"Common House-Martin","Delichon urbicum","#53b1ff","avian","https://media.birdweather.com/species/119/CommonHouse-Martin-standard-9ffbcc688c51210fb136a162c84d82ad.jpg","https://media.birdweather.com/species/119/CommonHouse-Martin-thumbnail-dd7059ca6235347c3097e7a66f04df95.jpg","https://media.birdweather.com/species/119/CommonHouse-Martin-png200-a73a8953ce2af50676da81e70b2746b2.png","YhgKDwKJd4iIiHd/h5h5d4mIeQqVllAH",14135619778,"https://media.birdweather.com/soundscapes/6891/6891-20260710-044436.flac",0,3,"birdnetpi"
9538377778,6891,"2026-07-10T06:44:10.000+02:00",0.83,0.907499194145203,9.42549123533895,"almost_certain","2p4",NA,51.5687,6.0026,FALSE,25,"Common Chaffinch","Fringilla coelebs","#fb7eff","avian","https://media.birdweather.com/species/25/CommonChaffinch-standard-d8edb223d1ec828ee0cda788e8f5f209.jpg","https://media.birdweather.com/species/25/CommonChaffinch-thumbnail-7ba0a46bb0cd7efdb3215242f9528140.jpg","https://media.birdweather.com/species/25/CommonChaffinch-png200-ced617224ab07c316109e2d0e9078f2e.png","WfgJDwKGhIbAbHimmnhluHh2tv25ZoAD",14135608041,"https://media.birdweather.com/soundscapes/6891/6891-20260710-044410.flac",0,3,"birdnetpi"
9538363391,6891,"2026-07-10T06:43:30.000+02:00",0.89,0.660715103149414,9.14318669274929,"almost_certain","2p4",NA,51.5682,6.0049,FALSE,119,"Common House-Martin","Delichon urbicum","#53b1ff","avian","https://media.birdweather.com/species/119/CommonHouse-Martin-standard-9ffbcc688c51210fb136a162c84d82ad.jpg","https://media.birdweather.com/species/119/CommonHouse-Martin-thumbnail-dd7059ca6235347c3097e7a66f04df95.jpg","https://media.birdweather.com/species/119/CommonHouse-Martin-png200-a73a8953ce2af50676da81e70b2746b2.png","YhgKDwKJd4iIiHd/h5h5d4mIeQqVllAH",14135584296,"https://media.birdweather.com/soundscapes/6891/6891-20260710-044330.flac",0,3,"birdnetpi"
9538358700,6891,"2026-07-10T06:43:04.000+02:00",0.79,0.876010596752167,9.27014089870312,"almost_certain","2p4",NA,51.5625,6.0021,FALSE,551,"Common Swift","Apus apus","#234bb2","avian","https://media.birdweather.com/species/551/CommonSwift-standard-ba54f84fbd8481b1c0de60654fbd79d5.jpg","https://media.birdweather.com/species/551/CommonSwift-thumbnail-bad1d7e3c141990f11d01e49e9f768ac.jpg","https://media.birdweather.com/species/551/CommonSwift-png200-f52bea49cb0e4232049806bde3e1a401.png","LLYFFwLchWelV5dvsqh1jKZoKJIEMkoA",14135576488,"https://media.birdweather.com/soundscapes/6891/6891-20260710-044304.flac",0,3,"birdnetpi"
9538355466,6891,"2026-07-10T06:42:54.000+02:00",0.99,0.660715103149414,9.3576863058967,"almost_certain","2p4",NA,51.5622,6.0016,FALSE,119,"Common House-Martin","Delichon urbicum","#53b1ff","avian","https://media.birdweather.com/species/119/CommonHouse-Martin-standard-9ffbcc688c51210fb136a162c84d82ad.jpg","https://media.birdweather.com/species/119/CommonHouse-Martin-thumbnail-dd7059ca6235347c3097e7a66f04df95.jpg","https://media.birdweather.com/species/119/CommonHouse-Martin-png200-a73a8953ce2af50676da81e70b2746b2.png","YhgKDwKJd4iIiHd/h5h5d4mIeQqVllAH",14135571167,"https://media.birdweather.com/soundscapes/6891/6891-20260710-044254.flac",0,3,"birdnetpi"
9538350390,6891,"2026-07-10T06:42:37.000+02:00",0.97,0.660715103149414,9.31738928316408,"almost_certain","2p4",NA,51.5659,6.0062,FALSE,119,"Common House-Martin","Delichon urbicum","#53b1ff","avian","https://media.birdweather.com/species/119/CommonHouse-Martin-standard-9ffbcc688c51210fb136a162c84d82ad.jpg","https://media.birdweather.com/species/119/CommonHouse-Martin-thumbnail-dd7059ca6235347c3097e7a66f04df95.jpg","https://media.birdweather.com/species/119/CommonHouse-Martin-png200-a73a8953ce2af50676da81e70b2746b2.png","YhgKDwKJd4iIiHd/h5h5d4mIeQqVllAH",14135562905,"https://media.birdweather.com/soundscapes/6891/6891-20260710-044237.flac",0,3,"birdnetpi"
9538341689,6891,"2026-07-10T06:42:07.000+02:00",0.95,0.660715103149414,9.27587095435548,"almost_certain","2p4",NA,51.5639,6.0091,FALSE,119,"Common House-Martin","Delichon urbicum","#53b1ff","avian","https://media.birdweather.com/species/119/CommonHouse-Martin-standard-9ffbcc688c51210fb136a162c84d82ad.jpg","https://media.birdweather.com/species/119/CommonHouse-Martin-thumbnail-dd7059ca6235347c3097e7a66f04df95.jpg","https://media.birdweather.com/species/119/CommonHouse-Martin-png200-a73a8953ce2af50676da81e70b2746b2.png","YhgKDwKJd4iIiHd/h5h5d4mIeQqVllAH",14135548409,"https://media.birdweather.com/soundscapes/6891/6891-20260710-044207.flac",0,3,"birdnetpi"
9538331644,6891,"2026-07-10T06:41:36.000+02:00",0.78,0.827771067619324,9.16519434510748,"almost_certain","2p4",NA,51.5618,6.0015,FALSE,1,"House Sparrow","Passer domesticus","#d16ff8","avian","https://media.birdweather.com/species/1/HouseSparrow-standard-b861184cf45c092cdb45fd689dd676ef.jpg","https://media.birdweather.com/species/1/HouseSparrow-thumbnail-e9cbc91763a1579de8ef04880678b5e3.jpg","https://media.birdweather.com/species/1/HouseSparrow-png200-125e8603e1efe9d7a18316b94f06a65e.png","XAgCDwD8qpukuHiqtLZ9mImnmPFcDO4E",14135532239,"https://media.birdweather.com/soundscapes/6891/6891-20260710-044136.flac",0,3,"birdnetpi"
9538321997,6891,"2026-07-10T06:41:03.000+02:00",0.89,0.660715103149414,9.14318669274929,"almost_certain","2p4",NA,51.5617,6.0061,FALSE,119,"Common House-Martin","Delichon urbicum","#53b1ff","avian","https://media.birdweather.com/species/119/CommonHouse-Martin-standard-9ffbcc688c51210fb136a162c84d82ad.jpg","https://media.birdweather.com/species/119/CommonHouse-Martin-thumbnail-dd7059ca6235347c3097e7a66f04df95.jpg","https://media.birdweather.com/species/119/CommonHouse-Martin-png200-a73a8953ce2af50676da81e70b2746b2.png","YhgKDwKJd4iIiHd/h5h5d4mIeQqVllAH",14135516293,"https://media.birdweather.com/soundscapes/6891/6891-20260710-044103.flac",0,3,"birdnetpi"
9538314863,6891,"2026-07-10T06:40:40.000+02:00",0.85,0.660715103149414,9.04700685836694,"almost_certain","2p4",NA,51.5622,6.0069,FALSE,119,"Common House-Martin","Delichon urbicum","#53b1ff","avian","https://media.birdweather.com/species/119/CommonHouse-Martin-standard-9ffbcc688c51210fb136a162c84d82ad.jpg","https://media.birdweather.com/species/119/CommonHouse-Martin-thumbnail-dd7059ca6235347c3097e7a66f04df95.jpg","https://media.birdweather.com/species/119/CommonHouse-Martin-png200-a73a8953ce2af50676da81e70b2746b2.png","YhgKDwKJd4iIiHd/h5h5d4mIeQqVllAH",14135504160,"https://media.birdweather.com/soundscapes/6891/6891-20260710-044040.flac",0,3,"birdnetpi"
9538308743,6891,"2026-07-10T06:40:15.000+02:00",0.78,0.159493267536163,6.97602796038623,"almost_certain","2p4",NA,51.5617,6.0069,FALSE,143,"Eurasian Oystercatcher","Haematopus ostralegus","#ca8600","avian","https://media.birdweather.com/species/143/EurasianOystercatcher-standard-de054f6108c9ec46b2430e18a3a05899.jpg","https://media.birdweather.com/species/143/EurasianOystercatcher-thumbnail-30dda908d192acf9a6ba366e2d58599a.jpg","https://media.birdweather.com/species/143/EurasianOystercatcher-png200-eaade4c821880831fc0130856cf4cad3.png","3vcRFwKHd4mAiHeCdth4eIeIhYD5CocK",14135493976,"https://media.birdweather.com/soundscapes/6891/6891-20260710-044015.flac",0,3,"birdnetpi"
9538301838,6891,"2026-07-10T06:39:55.000+02:00",0.86,0.827771067619324,9.37638077647082,"almost_certain","2p4",NA,51.5642,6.0082,FALSE,1,"House Sparrow","Passer domesticus","#d16ff8","avian","https://media.birdweather.com/species/1/HouseSparrow-standard-b861184cf45c092cdb45fd689dd676ef.jpg","https://media.birdweather.com/species/1/HouseSparrow-thumbnail-e9cbc91763a1579de8ef04880678b5e3.jpg","https://media.birdweather.com/species/1/HouseSparrow-png200-125e8603e1efe9d7a18316b94f06a65e.png","XAgCDwD8qpukuHiqtLZ9mImnmPFcDO4E",14135482310,"https://media.birdweather.com/soundscapes/6891/6891-20260710-043955.flac",0,3,"birdnetpi"
9538291615,6891,"2026-07-10T06:39:16.000+02:00",0.88,0.21911683678627,7.64823335353109,"almost_certain","2p4",NA,51.57,6.0055,FALSE,20,"Black Redstart","Phoenicurus ochruros","#c8ce2d","avian","https://media.birdweather.com/species/20/BlackRedstart-standard-4255c9b712ecb46ea7d3df8d556c18e7.jpg","https://media.birdweather.com/species/20/BlackRedstart-thumbnail-2fee59acc1ecc6be7238da194869e940.jpg","https://media.birdweather.com/species/20/BlackRedstart-png200-cbc0625b8b4889aeec1da754ad906efd.png","2QgGFwT8epa+l3ZlZ5hntnh4Z/6oyZ8I",14135465209,"https://media.birdweather.com/soundscapes/6891/6891-20260710-043916.flac",0,3,"birdnetpi"
9538281636,6891,"2026-07-10T06:38:43.000+02:00",0.87,0.660715103149414,9.09594063153179,"almost_certain","2p4",NA,51.5622,6.0049,FALSE,119,"Common House-Martin","Delichon urbicum","#53b1ff","avian","https://media.birdweather.com/species/119/CommonHouse-Martin-standard-9ffbcc688c51210fb136a162c84d82ad.jpg","https://media.birdweather.com/species/119/CommonHouse-Martin-thumbnail-dd7059ca6235347c3097e7a66f04df95.jpg","https://media.birdweather.com/species/119/CommonHouse-Martin-png200-a73a8953ce2af50676da81e70b2746b2.png","YhgKDwKJd4iIiHd/h5h5d4mIeQqVllAH",14135448674,"https://media.birdweather.com/soundscapes/6891/6891-20260710-043843.flac",0,3,"birdnetpi"
9538277225,6891,"2026-07-10T06:38:27.000+02:00",0.74,0.827771067619324,9.04598875863169,"almost_certain","2p4",NA,51.5661,6.0026,FALSE,1,"House Sparrow","Passer domesticus","#d16ff8","avian","https://media.birdweather.com/species/1/HouseSparrow-standard-b861184cf45c092cdb45fd689dd676ef.jpg","https://media.birdweather.com/species/1/HouseSparrow-thumbnail-e9cbc91763a1579de8ef04880678b5e3.jpg","https://media.birdweather.com/species/1/HouseSparrow-png200-125e8603e1efe9d7a18316b94f06a65e.png","XAgCDwD8qpukuHiqtLZ9mImnmPFcDO4E",14135441398,"https://media.birdweather.com/soundscapes/6891/6891-20260710-043827.flac",0,3,"birdnetpi"
9538268882,6891,"2026-07-10T06:38:00.000+02:00",0.93,0.159493267536163,7.34857715059882,"almost_certain","2p4",NA,51.5618,6.0052,FALSE,143,"Eurasian Oystercatcher","Haematopus ostralegus","#ca8600","avian","https://media.birdweather.com/species/143/EurasianOystercatcher-standard-de054f6108c9ec46b2430e18a3a05899.jpg","https://media.birdweather.com/species/143/EurasianOystercatcher-thumbnail-30dda908d192acf9a6ba366e2d58599a.jpg","https://media.birdweather.com/species/143/EurasianOystercatcher-png200-eaade4c821880831fc0130856cf4cad3.png","3vcRFwKHd4mAiHeCdth4eIeIhYD5CocK",14135427549,"https://media.birdweather.com/soundscapes/6891/6891-20260710-043800.flac",0,3,"birdnetpi"
9538242132,6891,"2026-07-10T06:36:36.000+02:00",0.99,0.9930100440979,9.9089966925572,"almost_certain","2p4",NA,51.562,6.0033,FALSE,407,"Common Wood-Pigeon","Columba palumbus","#028fb2","avian","https://media.birdweather.com/species/407/CommonWood-Pigeon-standard-5558900260c92622ceef8a812b06518e.jpg","https://media.birdweather.com/species/407/CommonWood-Pigeon-thumbnail-4b86c907c8b82c8af31d566b811dee05.jpg","https://media.birdweather.com/species/407/CommonWood-Pigeon-png200-533b13201573be3895fcec3e61e861b5.png","2ukFHwIHiYeWxnZUiniYZ3h5h6+rCIQH",14135383318,"https://media.birdweather.com/soundscapes/6891/6891-20260710-043636.flac",0,3,"birdnetpi"
9538221829,6891,"2026-07-10T06:35:19.000+02:00",0.98,0.660715103149414,9.33768595068972,"almost_certain","2p4",NA,51.5636,6.0053,FALSE,119,"Common House-Martin","Delichon urbicum","#53b1ff","avian","https://media.birdweather.com/species/119/CommonHouse-Martin-standard-9ffbcc688c51210fb136a162c84d82ad.jpg","https://media.birdweather.com/species/119/CommonHouse-Martin-thumbnail-dd7059ca6235347c3097e7a66f04df95.jpg","https://media.birdweather.com/species/119/CommonHouse-Martin-png200-a73a8953ce2af50676da81e70b2746b2.png","YhgKDwKJd4iIiHd/h5h5d4mIeQqVllAH",14135348867,"https://media.birdweather.com/soundscapes/6891/6891-20260710-043519.flac",0,3,"birdnetpi"
9538214084,6891,"2026-07-10T06:35:00.000+02:00",0.98,0.660715103149414,9.33768595068972,"almost_certain","2p4",NA,51.5702,6.0088,FALSE,119,"Common House-Martin","Delichon urbicum","#53b1ff","avian","https://media.birdweather.com/species/119/CommonHouse-Martin-standard-9ffbcc688c51210fb136a162c84d82ad.jpg","https://media.birdweather.com/species/119/CommonHouse-Martin-thumbnail-dd7059ca6235347c3097e7a66f04df95.jpg","https://media.birdweather.com/species/119/CommonHouse-Martin-png200-a73a8953ce2af50676da81e70b2746b2.png","YhgKDwKJd4iIiHd/h5h5d4mIeQqVllAH",14135335903,"https://media.birdweather.com/soundscapes/6891/6891-20260710-043500.flac",0,3,"birdnetpi"
9538215562,6891,"2026-07-10T06:34:55.000+02:00",0.91,0.876010596752167,9.57024428420899,"almost_certain","2p4",NA,51.5704,6.0027,FALSE,551,"Common Swift","Apus apus","#234bb2","avian","https://media.birdweather.com/species/551/CommonSwift-standard-ba54f84fbd8481b1c0de60654fbd79d5.jpg","https://media.birdweather.com/species/551/CommonSwift-thumbnail-bad1d7e3c141990f11d01e49e9f768ac.jpg","https://media.birdweather.com/species/551/CommonSwift-png200-f52bea49cb0e4232049806bde3e1a401.png","LLYFFwLchWelV5dvsqh1jKZoKJIEMkoA",14135338366,"https://media.birdweather.com/soundscapes/6891/6891-20260710-043455.flac",0,3,"birdnetpi"
9538205184,6891,"2026-07-10T06:34:18.000+02:00",0.84,0.660715103149414,9.02186853839151,"almost_certain","2p4",NA,51.5615,6.007,FALSE,119,"Common House-Martin","Delichon urbicum","#53b1ff","avian","https://media.birdweather.com/species/119/CommonHouse-Martin-standard-9ffbcc688c51210fb136a162c84d82ad.jpg","https://media.birdweather.com/species/119/CommonHouse-Martin-thumbnail-dd7059ca6235347c3097e7a66f04df95.jpg","https://media.birdweather.com/species/119/CommonHouse-Martin-png200-a73a8953ce2af50676da81e70b2746b2.png","YhgKDwKJd4iIiHd/h5h5d4mIeQqVllAH",14135320908,"https://media.birdweather.com/soundscapes/6891/6891-20260710-043418.flac",0,3,"birdnetpi"
9538204592,6891,"2026-07-10T06:34:16.000+02:00",0.87,0.876010596752167,9.47732732722489,"almost_certain","2p4",NA,51.5672,6.0046,FALSE,551,"Common Swift","Apus apus","#234bb2","avian","https://media.birdweather.com/species/551/CommonSwift-standard-ba54f84fbd8481b1c0de60654fbd79d5.jpg","https://media.birdweather.com/species/551/CommonSwift-thumbnail-bad1d7e3c141990f11d01e49e9f768ac.jpg","https://media.birdweather.com/species/551/CommonSwift-png200-f52bea49cb0e4232049806bde3e1a401.png","LLYFFwLchWelV5dvsqh1jKZoKJIEMkoA",14135319939,"https://media.birdweather.com/soundscapes/6891/6891-20260710-043416.flac",0,3,"birdnetpi"
9538173678,6891,"2026-07-10T06:32:28.000+02:00",0.96,0.660715103149414,9.29678739117466,"almost_certain","2p4",NA,51.5634,6.0048,FALSE,119,"Common House-Martin","Delichon urbicum","#53b1ff","avian","https://media.birdweather.com/species/119/CommonHouse-Martin-standard-9ffbcc688c51210fb136a162c84d82ad.jpg","https://media.birdweather.com/species/119/CommonHouse-Martin-thumbnail-dd7059ca6235347c3097e7a66f04df95.jpg","https://media.birdweather.com/species/119/CommonHouse-Martin-png200-a73a8953ce2af50676da81e70b2746b2.png","YhgKDwKJd4iIiHd/h5h5d4mIeQqVllAH",14135268115,"https://media.birdweather.com/soundscapes/6891/6891-20260710-043228.flac",0,3,"birdnetpi"
9538170462,6891,"2026-07-10T06:32:22.000+02:00",0.99,0.9930100440979,9.9089966925572,"almost_certain","2p4",NA,51.5682,6.0037,FALSE,407,"Common Wood-Pigeon","Columba palumbus","#028fb2","avian","https://media.birdweather.com/species/407/CommonWood-Pigeon-standard-5558900260c92622ceef8a812b06518e.jpg","https://media.birdweather.com/species/407/CommonWood-Pigeon-thumbnail-4b86c907c8b82c8af31d566b811dee05.jpg","https://media.birdweather.com/species/407/CommonWood-Pigeon-png200-533b13201573be3895fcec3e61e861b5.png","2ukFHwIHiYeWxnZUiniYZ3h5h6+rCIQH",14135262757,"https://media.birdweather.com/soundscapes/6891/6891-20260710-043222.flac",0,3,"birdnetpi"
9538169811,6891,"2026-07-10T06:32:16.000+02:00",0.78,0.776067793369293,9.07792283205485,"almost_certain","2p4",NA,51.57,6.0077,FALSE,62,"Eurasian Blackcap","Sylvia atricapilla","#7adb83","avian","https://media.birdweather.com/species/62/EurasianBlackcap-standard-ca67b81f2c6a6cba55dab13eb6582f24.jpg","https://media.birdweather.com/species/62/EurasianBlackcap-thumbnail-545c834c61889e5646dfc5aafeb4425a.jpg","https://media.birdweather.com/species/62/EurasianBlackcap-png200-0d77337af50a8eb9ae3deda32654c1fa.png","6vcJFwLyeItqY3mOc3enaoiH+HQaPpkA",14135261725,"https://media.birdweather.com/soundscapes/6891/6891-20260710-043216.flac",0,3,"birdnetpi"
9538153829,6891,"2026-07-10T06:31:22.000+02:00",0.74,0.44642049074173,8.21394616443656,"almost_certain","2p4",NA,51.5681,6.0067,FALSE,103,"Eurasian Collared-Dove","Streptopelia decaocto","#006e2a","avian","https://media.birdweather.com/species/103/EurasianCollared-Dove-standard-e0c74c4f1ffe5357c4759579380dab35.jpg","https://media.birdweather.com/species/103/EurasianCollared-Dove-thumbnail-53ccb5f0a5d0640a1e766dd99c28ebca.jpg","https://media.birdweather.com/species/103/EurasianCollared-Dove-png200-4efa83c8c5efbdb09427b3c3fa247357.png","pvcFFwLpd4RvlJeUWZh2eXh4VxBqBZIH",14135235432,"https://media.birdweather.com/soundscapes/6891/6891-20260710-043122.flac",0,3,"birdnetpi"
9538151274,6891,"2026-07-10T06:31:18.000+02:00",0.98,0.9930100440979,9.88899633735022,"almost_certain","2p4",NA,51.5658,6.0058,FALSE,407,"Common Wood-Pigeon","Columba palumbus","#028fb2","avian","https://media.birdweather.com/species/407/CommonWood-Pigeon-standard-5558900260c92622ceef8a812b06518e.jpg","https://media.birdweather.com/species/407/CommonWood-Pigeon-thumbnail-4b86c907c8b82c8af31d566b811dee05.jpg","https://media.birdweather.com/species/407/CommonWood-Pigeon-png200-533b13201573be3895fcec3e61e861b5.png","2ukFHwIHiYeWxnZUiniYZ3h5h6+rCIQH",14135231111,"https://media.birdweather.com/soundscapes/6891/6891-20260710-043118.flac",0,3,"birdnetpi"
9538143718,6891,"2026-07-10T06:30:49.000+02:00",0.97,0.9930100440979,9.86869966982458,"almost_certain","2p4",NA,51.5629,6.0078,FALSE,407,"Common Wood-Pigeon","Columba palumbus","#028fb2","avian","https://media.birdweather.com/species/407/CommonWood-Pigeon-standard-5558900260c92622ceef8a812b06518e.jpg","https://media.birdweather.com/species/407/CommonWood-Pigeon-thumbnail-4b86c907c8b82c8af31d566b811dee05.jpg","https://media.birdweather.com/species/407/CommonWood-Pigeon-png200-533b13201573be3895fcec3e61e861b5.png","2ukFHwIHiYeWxnZUiniYZ3h5h6+rCIQH",14135218454,"https://media.birdweather.com/soundscapes/6891/6891-20260710-043049.flac",0,3,"birdnetpi"
9538118794,6891,"2026-07-10T06:29:22.000+02:00",0.77,0.827771067619324,9.13635117450645,"almost_certain","2p4",NA,51.5684,6.003,FALSE,1,"House Sparrow","Passer domesticus","#d16ff8","avian","https://media.birdweather.com/species/1/HouseSparrow-standard-b861184cf45c092cdb45fd689dd676ef.jpg","https://media.birdweather.com/species/1/HouseSparrow-thumbnail-e9cbc91763a1579de8ef04880678b5e3.jpg","https://media.birdweather.com/species/1/HouseSparrow-png200-125e8603e1efe9d7a18316b94f06a65e.png","XAgCDwD8qpukuHiqtLZ9mImnmPFcDO4E",14135176262,"https://media.birdweather.com/soundscapes/6891/6891-20260710-042922.flac",0,3,"birdnetpi"
9538104188,6891,"2026-07-10T06:28:33.000+02:00",0.7,0.827771067619324,8.91541381229976,"almost_certain","2p4",NA,51.569,6.0087,FALSE,1,"House Sparrow","Passer domesticus","#d16ff8","avian","https://media.birdweather.com/species/1/HouseSparrow-standard-b861184cf45c092cdb45fd689dd676ef.jpg","https://media.birdweather.com/species/1/HouseSparrow-thumbnail-e9cbc91763a1579de8ef04880678b5e3.jpg","https://media.birdweather.com/species/1/HouseSparrow-png200-125e8603e1efe9d7a18316b94f06a65e.png","XAgCDwD8qpukuHiqtLZ9mImnmPFcDO4E",14135152075,"https://media.birdweather.com/soundscapes/6891/6891-20260710-042833.flac",0,3,"birdnetpi"
9538097158,6891,"2026-07-10T06:28:12.000+02:00",0.7,0.827771067619324,8.91541381229976,"almost_certain","2p4",NA,51.5658,6.0049,FALSE,1,"House Sparrow","Passer domesticus","#d16ff8","avian","https://media.birdweather.com/species/1/HouseSparrow-standard-b861184cf45c092cdb45fd689dd676ef.jpg","https://media.birdweather.com/species/1/HouseSparrow-thumbnail-e9cbc91763a1579de8ef04880678b5e3.jpg","https://media.birdweather.com/species/1/HouseSparrow-png200-125e8603e1efe9d7a18316b94f06a65e.png","XAgCDwD8qpukuHiqtLZ9mImnmPFcDO4E",14135140452,"https://media.birdweather.com/soundscapes/6891/6891-20260710-042812.flac",0,3,"birdnetpi"
9538083914,6891,"2026-07-10T06:27:21.000+02:00",0.7,0.827771067619324,8.91541381229976,"almost_certain","2p4",NA,51.5655,6.0046,FALSE,1,"House Sparrow","Passer domesticus","#d16ff8","avian","https://media.birdweather.com/species/1/HouseSparrow-standard-b861184cf45c092cdb45fd689dd676ef.jpg","https://media.birdweather.com/species/1/HouseSparrow-thumbnail-e9cbc91763a1579de8ef04880678b5e3.jpg","https://media.birdweather.com/species/1/HouseSparrow-png200-125e8603e1efe9d7a18316b94f06a65e.png","XAgCDwD8qpukuHiqtLZ9mImnmPFcDO4E",14135118584,"https://media.birdweather.com/soundscapes/6891/6891-20260710-042721.flac",0,3,"birdnetpi"
9538076146,6891,"2026-07-10T06:27:03.000+02:00",0.83,0.827771067619324,9.30094888173008,"almost_certain","2p4",NA,51.5637,6.0093,FALSE,1,"House Sparrow","Passer domesticus","#d16ff8","avian","https://media.birdweather.com/species/1/HouseSparrow-standard-b861184cf45c092cdb45fd689dd676ef.jpg","https://media.birdweather.com/species/1/HouseSparrow-thumbnail-e9cbc91763a1579de8ef04880678b5e3.jpg","https://media.birdweather.com/species/1/HouseSparrow-png200-125e8603e1efe9d7a18316b94f06a65e.png","XAgCDwD8qpukuHiqtLZ9mImnmPFcDO4E",14135105533,"https://media.birdweather.com/soundscapes/6891/6891-20260710-042703.flac",0,3,"birdnetpi"
9538058600,6891,"2026-07-10T06:25:54.000+02:00",0.85,0.827771067619324,9.35169542393215,"almost_certain","2p4",NA,51.5638,6.005,FALSE,1,"House Sparrow","Passer domesticus","#d16ff8","avian","https://media.birdweather.com/species/1/HouseSparrow-standard-b861184cf45c092cdb45fd689dd676ef.jpg","https://media.birdweather.com/species/1/HouseSparrow-thumbnail-e9cbc91763a1579de8ef04880678b5e3.jpg","https://media.birdweather.com/species/1/HouseSparrow-png200-125e8603e1efe9d7a18316b94f06a65e.png","XAgCDwD8qpukuHiqtLZ9mImnmPFcDO4E",14135076384,"https://media.birdweather.com/soundscapes/6891/6891-20260710-042554.flac",0,3,"birdnetpi"
9538045432,6891,"2026-07-10T06:25:09.000+02:00",0.78,0.827771067619324,9.16519434510748,"almost_certain","2p4",NA,51.569,6.0008,FALSE,1,"House Sparrow","Passer domesticus","#d16ff8","avian","https://media.birdweather.com/species/1/HouseSparrow-standard-b861184cf45c092cdb45fd689dd676ef.jpg","https://media.birdweather.com/species/1/HouseSparrow-thumbnail-e9cbc91763a1579de8ef04880678b5e3.jpg","https://media.birdweather.com/species/1/HouseSparrow-png200-125e8603e1efe9d7a18316b94f06a65e.png","XAgCDwD8qpukuHiqtLZ9mImnmPFcDO4E",14135054752,"https://media.birdweather.com/soundscapes/6891/6891-20260710-042509.flac",0,3,"birdnetpi"
9538011082,6891,"2026-07-10T06:23:25.000+02:00",1,0.159493267536163,7.49292105705004,"almost_certain","2p4",NA,51.5661,6.0027,FALSE,143,"Eurasian Oystercatcher","Haematopus ostralegus","#ca8600","avian","https://media.birdweather.com/species/143/EurasianOystercatcher-standard-de054f6108c9ec46b2430e18a3a05899.jpg","https://media.birdweather.com/species/143/EurasianOystercatcher-thumbnail-30dda908d192acf9a6ba366e2d58599a.jpg","https://media.birdweather.com/species/143/EurasianOystercatcher-png200-eaade4c821880831fc0130856cf4cad3.png","3vcRFwKHd4mAiHeCdth4eIeIhYD5CocK",14134999405,"https://media.birdweather.com/soundscapes/6891/6891-20260710-042325.flac",0,3,"birdnetpi"
9537971900,6891,"2026-07-10T06:21:03.000+02:00",0.95,0.876010596752167,9.65725765004858,"almost_certain","2p4",NA,51.5647,6.0094,FALSE,551,"Common Swift","Apus apus","#234bb2","avian","https://media.birdweather.com/species/551/CommonSwift-standard-ba54f84fbd8481b1c0de60654fbd79d5.jpg","https://media.birdweather.com/species/551/CommonSwift-thumbnail-bad1d7e3c141990f11d01e49e9f768ac.jpg","https://media.birdweather.com/species/551/CommonSwift-png200-f52bea49cb0e4232049806bde3e1a401.png","LLYFFwLchWelV5dvsqh1jKZoKJIEMkoA",14134935251,"https://media.birdweather.com/soundscapes/6891/6891-20260710-042103.flac",0,3,"birdnetpi"
9537966609,6891,"2026-07-10T06:20:46.000+02:00",0.97,0.660715103149414,9.31738928316408,"almost_certain","2p4",NA,51.5623,6.0063,FALSE,119,"Common House-Martin","Delichon urbicum","#53b1ff","avian","https://media.birdweather.com/species/119/CommonHouse-Martin-standard-9ffbcc688c51210fb136a162c84d82ad.jpg","https://media.birdweather.com/species/119/CommonHouse-Martin-thumbnail-dd7059ca6235347c3097e7a66f04df95.jpg","https://media.birdweather.com/species/119/CommonHouse-Martin-png200-a73a8953ce2af50676da81e70b2746b2.png","YhgKDwKJd4iIiHd/h5h5d4mIeQqVllAH",14134926528,"https://media.birdweather.com/soundscapes/6891/6891-20260710-042046.flac",0,3,"birdnetpi"
9537961348,6891,"2026-07-10T06:20:30.000+02:00",0.92,0.876010596752167,9.59252119780333,"almost_certain","2p4",NA,51.5644,6.0026,FALSE,551,"Common Swift","Apus apus","#234bb2","avian","https://media.birdweather.com/species/551/CommonSwift-standard-ba54f84fbd8481b1c0de60654fbd79d5.jpg","https://media.birdweather.com/species/551/CommonSwift-thumbnail-bad1d7e3c141990f11d01e49e9f768ac.jpg","https://media.birdweather.com/species/551/CommonSwift-png200-f52bea49cb0e4232049806bde3e1a401.png","LLYFFwLchWelV5dvsqh1jKZoKJIEMkoA",14134918317,"https://media.birdweather.com/soundscapes/6891/6891-20260710-042030.flac",0,3,"birdnetpi"
9537948400,6891,"2026-07-10T06:19:48.000+02:00",0.98,0.660715103149414,9.33768595068972,"almost_certain","2p4",NA,51.5699,6.0009,FALSE,119,"Common House-Martin","Delichon urbicum","#53b1ff","avian","https://media.birdweather.com/species/119/CommonHouse-Martin-standard-9ffbcc688c51210fb136a162c84d82ad.jpg","https://media.birdweather.com/species/119/CommonHouse-Martin-thumbnail-dd7059ca6235347c3097e7a66f04df95.jpg","https://media.birdweather.com/species/119/CommonHouse-Martin-png200-a73a8953ce2af50676da81e70b2746b2.png","YhgKDwKJd4iIiHd/h5h5d4mIeQqVllAH",14134896906,"https://media.birdweather.com/soundscapes/6891/6891-20260710-041948.flac",0,3,"birdnetpi"
9537931036,6891,"2026-07-10T06:18:58.000+02:00",0.81,0.827771067619324,9.248250076996,"almost_certain","2p4",NA,51.5617,6.009,FALSE,1,"House Sparrow","Passer domesticus","#d16ff8","avian","https://media.birdweather.com/species/1/HouseSparrow-standard-b861184cf45c092cdb45fd689dd676ef.jpg","https://media.birdweather.com/species/1/HouseSparrow-thumbnail-e9cbc91763a1579de8ef04880678b5e3.jpg","https://media.birdweather.com/species/1/HouseSparrow-png200-125e8603e1efe9d7a18316b94f06a65e.png","XAgCDwD8qpukuHiqtLZ9mImnmPFcDO4E",14134868756,"https://media.birdweather.com/soundscapes/6891/6891-20260710-041858.flac",0,3,"birdnetpi"
9537924802,6891,"2026-07-10T06:18:37.000+02:00",0.89,0.827771067619324,9.4478752583145,"almost_certain","2p4",NA,51.5616,6.0075,FALSE,1,"House Sparrow","Passer domesticus","#d16ff8","avian","https://media.birdweather.com/species/1/HouseSparrow-standard-b861184cf45c092cdb45fd689dd676ef.jpg","https://media.birdweather.com/species/1/HouseSparrow-thumbnail-e9cbc91763a1579de8ef04880678b5e3.jpg","https://media.birdweather.com/species/1/HouseSparrow-png200-125e8603e1efe9d7a18316b94f06a65e.png","XAgCDwD8qpukuHiqtLZ9mImnmPFcDO4E",14134858623,"https://media.birdweather.com/soundscapes/6891/6891-20260710-041837.flac",0,3,"birdnetpi"
9537916425,6891,"2026-07-10T06:18:00.000+02:00",0.72,0.827771067619324,8.98225633721188,"almost_certain","2p4",NA,51.5631,6.006,FALSE,1,"House Sparrow","Passer domesticus","#d16ff8","avian","https://media.birdweather.com/species/1/HouseSparrow-standard-b861184cf45c092cdb45fd689dd676ef.jpg","https://media.birdweather.com/species/1/HouseSparrow-thumbnail-e9cbc91763a1579de8ef04880678b5e3.jpg","https://media.birdweather.com/species/1/HouseSparrow-png200-125e8603e1efe9d7a18316b94f06a65e.png","XAgCDwD8qpukuHiqtLZ9mImnmPFcDO4E",14134845046,"https://media.birdweather.com/soundscapes/6891/6891-20260710-041800.flac",0,3,"birdnetpi"
9537908408,6891,"2026-07-10T06:17:40.000+02:00",0.87,0.827771067619324,9.400629197097,"almost_certain","2p4",NA,51.5694,6.0095,FALSE,1,"House Sparrow","Passer domesticus","#d16ff8","avian","https://media.birdweather.com/species/1/HouseSparrow-standard-b861184cf45c092cdb45fd689dd676ef.jpg","https://media.birdweather.com/species/1/HouseSparrow-thumbnail-e9cbc91763a1579de8ef04880678b5e3.jpg","https://media.birdweather.com/species/1/HouseSparrow-png200-125e8603e1efe9d7a18316b94f06a65e.png","XAgCDwD8qpukuHiqtLZ9mImnmPFcDO4E",14134831999,"https://media.birdweather.com/soundscapes/6891/6891-20260710-041740.flac",0,3,"birdnetpi"
9537900277,6891,"2026-07-10T06:17:12.000+02:00",0.89,0.827771067619324,9.4478752583145,"almost_certain","2p4",NA,51.5702,6.0039,FALSE,1,"House Sparrow","Passer domesticus","#d16ff8","avian","https://media.birdweather.com/species/1/HouseSparrow-standard-b861184cf45c092cdb45fd689dd676ef.jpg","https://media.birdweather.com/species/1/HouseSparrow-thumbnail-e9cbc91763a1579de8ef04880678b5e3.jpg","https://media.birdweather.com/species/1/HouseSparrow-png200-125e8603e1efe9d7a18316b94f06a65e.png","XAgCDwD8qpukuHiqtLZ9mImnmPFcDO4E",14134818850,"https://media.birdweather.com/soundscapes/6891/6891-20260710-041712.flac",0,3,"birdnetpi"
9537892461,6891,"2026-07-10T06:16:36.000+02:00",0.91,0.827771067619324,9.49354615408111,"almost_certain","2p4",NA,51.5677,6.0068,FALSE,1,"House Sparrow","Passer domesticus","#d16ff8","avian","https://media.birdweather.com/species/1/HouseSparrow-standard-b861184cf45c092cdb45fd689dd676ef.jpg","https://media.birdweather.com/species/1/HouseSparrow-thumbnail-e9cbc91763a1579de8ef04880678b5e3.jpg","https://media.birdweather.com/species/1/HouseSparrow-png200-125e8603e1efe9d7a18316b94f06a65e.png","XAgCDwD8qpukuHiqtLZ9mImnmPFcDO4E",14134805867,"https://media.birdweather.com/soundscapes/6891/6891-20260710-041636.flac",0,3,"birdnetpi"
9537887398,6891,"2026-07-10T06:16:18.000+02:00",0.82,0.827771067619324,9.27485285462022,"almost_certain","2p4",NA,51.5621,6.003,FALSE,1,"House Sparrow","Passer domesticus","#d16ff8","avian","https://media.birdweather.com/species/1/HouseSparrow-standard-b861184cf45c092cdb45fd689dd676ef.jpg","https://media.birdweather.com/species/1/HouseSparrow-thumbnail-e9cbc91763a1579de8ef04880678b5e3.jpg","https://media.birdweather.com/species/1/HouseSparrow-png200-125e8603e1efe9d7a18316b94f06a65e.png","XAgCDwD8qpukuHiqtLZ9mImnmPFcDO4E",14134797203,"https://media.birdweather.com/soundscapes/6891/6891-20260710-041618.flac",0,3,"birdnetpi"
9537871397,6891,"2026-07-10T06:15:25.000+02:00",0.86,0.827771067619324,9.37638077647082,"almost_certain","2p4",NA,51.5701,6.0024,FALSE,1,"House Sparrow","Passer domesticus","#d16ff8","avian","https://media.birdweather.com/species/1/HouseSparrow-standard-b861184cf45c092cdb45fd689dd676ef.jpg","https://media.birdweather.com/species/1/HouseSparrow-thumbnail-e9cbc91763a1579de8ef04880678b5e3.jpg","https://media.birdweather.com/species/1/HouseSparrow-png200-125e8603e1efe9d7a18316b94f06a65e.png","XAgCDwD8qpukuHiqtLZ9mImnmPFcDO4E",14134770872,"https://media.birdweather.com/soundscapes/6891/6891-20260710-041525.flac",0,3,"birdnetpi"
9537859882,6891,"2026-07-10T06:14:54.000+02:00",0.9,0.827771067619324,9.47090101040795,"almost_certain","2p4",NA,51.5673,6.0072,FALSE,1,"House Sparrow","Passer domesticus","#d16ff8","avian","https://media.birdweather.com/species/1/HouseSparrow-standard-b861184cf45c092cdb45fd689dd676ef.jpg","https://media.birdweather.com/species/1/HouseSparrow-thumbnail-e9cbc91763a1579de8ef04880678b5e3.jpg","https://media.birdweather.com/species/1/HouseSparrow-png200-125e8603e1efe9d7a18316b94f06a65e.png","XAgCDwD8qpukuHiqtLZ9mImnmPFcDO4E",14134752066,"https://media.birdweather.com/soundscapes/6891/6891-20260710-041454.flac",0,3,"birdnetpi"
9537851734,6891,"2026-07-10T06:14:25.000+02:00",0.92,0.827771067619324,9.51582306767544,"almost_certain","2p4",NA,51.5659,6.0005,FALSE,1,"House Sparrow","Passer domesticus","#d16ff8","avian","https://media.birdweather.com/species/1/HouseSparrow-standard-b861184cf45c092cdb45fd689dd676ef.jpg","https://media.birdweather.com/species/1/HouseSparrow-thumbnail-e9cbc91763a1579de8ef04880678b5e3.jpg","https://media.birdweather.com/species/1/HouseSparrow-png200-125e8603e1efe9d7a18316b94f06a65e.png","XAgCDwD8qpukuHiqtLZ9mImnmPFcDO4E",14134738971,"https://media.birdweather.com/soundscapes/6891/6891-20260710-041425.flac",0,3,"birdnetpi"
9537843483,6891,"2026-07-10T06:14:03.000+02:00",0.9,0.827771067619324,9.47090101040795,"almost_certain","2p4",NA,51.5669,6.0086,FALSE,1,"House Sparrow","Passer domesticus","#d16ff8","avian","https://media.birdweather.com/species/1/HouseSparrow-standard-b861184cf45c092cdb45fd689dd676ef.jpg","https://media.birdweather.com/species/1/HouseSparrow-thumbnail-e9cbc91763a1579de8ef04880678b5e3.jpg","https://media.birdweather.com/species/1/HouseSparrow-png200-125e8603e1efe9d7a18316b94f06a65e.png","XAgCDwD8qpukuHiqtLZ9mImnmPFcDO4E",14134725796,"https://media.birdweather.com/soundscapes/6891/6891-20260710-041403.flac",0,3,"birdnetpi"
9537835129,6891,"2026-07-10T06:13:27.000+02:00",0.78,0.827771067619324,9.16519434510748,"almost_certain","2p4",NA,51.5639,6.0071,FALSE,1,"House Sparrow","Passer domesticus","#d16ff8","avian","https://media.birdweather.com/species/1/HouseSparrow-standard-b861184cf45c092cdb45fd689dd676ef.jpg","https://media.birdweather.com/species/1/HouseSparrow-thumbnail-e9cbc91763a1579de8ef04880678b5e3.jpg","https://media.birdweather.com/species/1/HouseSparrow-png200-125e8603e1efe9d7a18316b94f06a65e.png","XAgCDwD8qpukuHiqtLZ9mImnmPFcDO4E",14134712163,"https://media.birdweather.com/soundscapes/6891/6891-20260710-041327.flac",0,3,"birdnetpi"
9537827211,6891,"2026-07-10T06:13:01.000+02:00",0.89,0.827771067619324,9.4478752583145,"almost_certain","2p4",NA,51.5652,6.007,FALSE,1,"House Sparrow","Passer domesticus","#d16ff8","avian","https://media.birdweather.com/species/1/HouseSparrow-standard-b861184cf45c092cdb45fd689dd676ef.jpg","https://media.birdweather.com/species/1/HouseSparrow-thumbnail-e9cbc91763a1579de8ef04880678b5e3.jpg","https://media.birdweather.com/species/1/HouseSparrow-png200-125e8603e1efe9d7a18316b94f06a65e.png","XAgCDwD8qpukuHiqtLZ9mImnmPFcDO4E",14134699544,"https://media.birdweather.com/soundscapes/6891/6891-20260710-041301.flac",0,3,"birdnetpi"
9537818979,6891,"2026-07-10T06:12:37.000+02:00",0.96,0.827771067619324,9.60147595673987,"almost_certain","2p4",NA,51.5621,6.0016,FALSE,1,"House Sparrow","Passer domesticus","#d16ff8","avian","https://media.birdweather.com/species/1/HouseSparrow-standard-b861184cf45c092cdb45fd689dd676ef.jpg","https://media.birdweather.com/species/1/HouseSparrow-thumbnail-e9cbc91763a1579de8ef04880678b5e3.jpg","https://media.birdweather.com/species/1/HouseSparrow-png200-125e8603e1efe9d7a18316b94f06a65e.png","XAgCDwD8qpukuHiqtLZ9mImnmPFcDO4E",14134686438,"https://media.birdweather.com/soundscapes/6891/6891-20260710-041237.flac",0,3,"birdnetpi"
9537810926,6891,"2026-07-10T06:12:13.000+02:00",0.9,0.827771067619324,9.47090101040795,"almost_certain","2p4",NA,51.5697,6.0019,FALSE,1,"House Sparrow","Passer domesticus","#d16ff8","avian","https://media.birdweather.com/species/1/HouseSparrow-standard-b861184cf45c092cdb45fd689dd676ef.jpg","https://media.birdweather.com/species/1/HouseSparrow-thumbnail-e9cbc91763a1579de8ef04880678b5e3.jpg","https://media.birdweather.com/species/1/HouseSparrow-png200-125e8603e1efe9d7a18316b94f06a65e.png","XAgCDwD8qpukuHiqtLZ9mImnmPFcDO4E",14134673333,"https://media.birdweather.com/soundscapes/6891/6891-20260710-041213.flac",0,3,"birdnetpi"
9537797930,6891,"2026-07-10T06:11:21.000+02:00",0.8,0.827771067619324,9.22112047760023,"almost_certain","2p4",NA,51.567,6.0011,FALSE,1,"House Sparrow","Passer domesticus","#d16ff8","avian","https://media.birdweather.com/species/1/HouseSparrow-standard-b861184cf45c092cdb45fd689dd676ef.jpg","https://media.birdweather.com/species/1/HouseSparrow-thumbnail-e9cbc91763a1579de8ef04880678b5e3.jpg","https://media.birdweather.com/species/1/HouseSparrow-png200-125e8603e1efe9d7a18316b94f06a65e.png","XAgCDwD8qpukuHiqtLZ9mImnmPFcDO4E",14134651989,"https://media.birdweather.com/soundscapes/6891/6891-20260710-041121.flac",0,3,"birdnetpi"
9537793102,6891,"2026-07-10T06:11:04.000+02:00",0.98,0.876010596752167,9.71907264638282,"almost_certain","2p4",NA,51.5619,6.0021,FALSE,551,"Common Swift","Apus apus","#234bb2","avian","https://media.birdweather.com/species/551/CommonSwift-standard-ba54f84fbd8481b1c0de60654fbd79d5.jpg","https://media.birdweather.com/species/551/CommonSwift-thumbnail-bad1d7e3c141990f11d01e49e9f768ac.jpg","https://media.birdweather.com/species/551/CommonSwift-png200-f52bea49cb0e4232049806bde3e1a401.png","LLYFFwLchWelV5dvsqh1jKZoKJIEMkoA",14134644195,"https://media.birdweather.com/soundscapes/6891/6891-20260710-041104.flac",0,3,"birdnetpi"
9537789701,6891,"2026-07-10T06:10:52.000+02:00",0.74,0.827771067619324,9.04598875863169,"almost_certain","2p4",NA,51.5644,6.0068,FALSE,1,"House Sparrow","Passer domesticus","#d16ff8","avian","https://media.birdweather.com/species/1/HouseSparrow-standard-b861184cf45c092cdb45fd689dd676ef.jpg","https://media.birdweather.com/species/1/HouseSparrow-thumbnail-e9cbc91763a1579de8ef04880678b5e3.jpg","https://media.birdweather.com/species/1/HouseSparrow-png200-125e8603e1efe9d7a18316b94f06a65e.png","XAgCDwD8qpukuHiqtLZ9mImnmPFcDO4E",14134638771,"https://media.birdweather.com/soundscapes/6891/6891-20260710-041052.flac",0,3,"birdnetpi"
9537788537,6891,"2026-07-10T06:10:48.000+02:00",0.8,0.876010596752167,9.29781860772812,"almost_certain","2p4",NA,51.5677,6.0024,FALSE,551,"Common Swift","Apus apus","#234bb2","avian","https://media.birdweather.com/species/551/CommonSwift-standard-ba54f84fbd8481b1c0de60654fbd79d5.jpg","https://media.birdweather.com/species/551/CommonSwift-thumbnail-bad1d7e3c141990f11d01e49e9f768ac.jpg","https://media.birdweather.com/species/551/CommonSwift-png200-f52bea49cb0e4232049806bde3e1a401.png","LLYFFwLchWelV5dvsqh1jKZoKJIEMkoA",14134636956,"https://media.birdweather.com/soundscapes/6891/6891-20260710-041048.flac",0,3,"birdnetpi"
9537771629,6891,"2026-07-10T06:09:52.000+02:00",0.82,0.827771067619324,9.27485285462022,"almost_certain","2p4",NA,51.5675,6.0087,FALSE,1,"House Sparrow","Passer domesticus","#d16ff8","avian","https://media.birdweather.com/species/1/HouseSparrow-standard-b861184cf45c092cdb45fd689dd676ef.jpg","https://media.birdweather.com/species/1/HouseSparrow-thumbnail-e9cbc91763a1579de8ef04880678b5e3.jpg","https://media.birdweather.com/species/1/HouseSparrow-png200-125e8603e1efe9d7a18316b94f06a65e.png","XAgCDwD8qpukuHiqtLZ9mImnmPFcDO4E",14134609753,"https://media.birdweather.com/soundscapes/6891/6891-20260710-040952.flac",0,3,"birdnetpi"
9537763518,6891,"2026-07-10T06:09:28.000+02:00",0.81,0.827771067619324,9.248250076996,"almost_certain","2p4",NA,51.5619,6.006,FALSE,1,"House Sparrow","Passer domesticus","#d16ff8","avian","https://media.birdweather.com/species/1/HouseSparrow-standard-b861184cf45c092cdb45fd689dd676ef.jpg","https://media.birdweather.com/species/1/HouseSparrow-thumbnail-e9cbc91763a1579de8ef04880678b5e3.jpg","https://media.birdweather.com/species/1/HouseSparrow-png200-125e8603e1efe9d7a18316b94f06a65e.png","XAgCDwD8qpukuHiqtLZ9mImnmPFcDO4E",14134596595,"https://media.birdweather.com/soundscapes/6891/6891-20260710-040928.flac",0,3,"birdnetpi"
9537757862,6891,"2026-07-10T06:09:06.000+02:00",0.85,0.660715103149414,9.04700685836694,"almost_certain","2p4",NA,51.5692,6.0051,FALSE,119,"Common House-Martin","Delichon urbicum","#53b1ff","avian","https://media.birdweather.com/species/119/CommonHouse-Martin-standard-9ffbcc688c51210fb136a162c84d82ad.jpg","https://media.birdweather.com/species/119/CommonHouse-Martin-thumbnail-dd7059ca6235347c3097e7a66f04df95.jpg","https://media.birdweather.com/species/119/CommonHouse-Martin-png200-a73a8953ce2af50676da81e70b2746b2.png","YhgKDwKJd4iIiHd/h5h5d4mIeQqVllAH",14134587421,"https://media.birdweather.com/soundscapes/6891/6891-20260710-040906.flac",0,3,"birdnetpi"
9537752821,6891,"2026-07-10T06:08:57.000+02:00",0.99,0.660715103149414,9.3576863058967,"almost_certain","2p4",NA,51.5682,6.0009,FALSE,119,"Common House-Martin","Delichon urbicum","#53b1ff","avian","https://media.birdweather.com/species/119/CommonHouse-Martin-standard-9ffbcc688c51210fb136a162c84d82ad.jpg","https://media.birdweather.com/species/119/CommonHouse-Martin-thumbnail-dd7059ca6235347c3097e7a66f04df95.jpg","https://media.birdweather.com/species/119/CommonHouse-Martin-png200-a73a8953ce2af50676da81e70b2746b2.png","YhgKDwKJd4iIiHd/h5h5d4mIeQqVllAH",14134579189,"https://media.birdweather.com/soundscapes/6891/6891-20260710-040857.flac",0,3,"birdnetpi"
9537751891,6891,"2026-07-10T06:08:46.000+02:00",0.76,0.695406913757324,8.87128869770259,"almost_certain","2p4",NA,51.5646,6.0037,FALSE,89,"European Goldfinch","Carduelis carduelis","#65dba3","avian","https://media.birdweather.com/species/89/EuropeanGoldfinch-standard-5e709d6e7011b21fe905b6d27ce94b9d.jpg","https://media.birdweather.com/species/89/EuropeanGoldfinch-thumbnail-f99916cbaf5a2c3bd8f61890d18d73c1.jpg","https://media.birdweather.com/species/89/EuropeanGoldfinch-png200-ef3fc90c8328c40b59d9ad3c4b52e850.png","lPgJDwI+UJmHq2hji4dWiHiH2XQID5UC",14134577749,"https://media.birdweather.com/soundscapes/6891/6891-20260710-040846.flac",0,3,"birdnetpi"
9537743945,6891,"2026-07-10T06:08:21.000+02:00",0.88,0.9930100440979,9.67107770570755,"almost_certain","2p4",NA,51.5644,6.0089,FALSE,407,"Common Wood-Pigeon","Columba palumbus","#028fb2","avian","https://media.birdweather.com/species/407/CommonWood-Pigeon-standard-5558900260c92622ceef8a812b06518e.jpg","https://media.birdweather.com/species/407/CommonWood-Pigeon-thumbnail-4b86c907c8b82c8af31d566b811dee05.jpg","https://media.birdweather.com/species/407/CommonWood-Pigeon-png200-533b13201573be3895fcec3e61e861b5.png","2ukFHwIHiYeWxnZUiniYZ3h5h6+rCIQH",14134564660,"https://media.birdweather.com/soundscapes/6891/6891-20260710-040821.flac",0,3,"birdnetpi"
9537742762,6891,"2026-07-10T06:08:16.000+02:00",0.93,0.159493267536163,7.34857715059882,"almost_certain","2p4",NA,51.5634,6.0057,FALSE,143,"Eurasian Oystercatcher","Haematopus ostralegus","#ca8600","avian","https://media.birdweather.com/species/143/EurasianOystercatcher-standard-de054f6108c9ec46b2430e18a3a05899.jpg","https://media.birdweather.com/species/143/EurasianOystercatcher-thumbnail-30dda908d192acf9a6ba366e2d58599a.jpg","https://media.birdweather.com/species/143/EurasianOystercatcher-png200-eaade4c821880831fc0130856cf4cad3.png","3vcRFwKHd4mAiHeCdth4eIeIhYD5CocK",14134562756,"https://media.birdweather.com/soundscapes/6891/6891-20260710-040816.flac",0,3,"birdnetpi"
9537736476,6891,"2026-07-10T06:07:54.000+02:00",0.92,0.159493267536163,7.32665668295419,"almost_certain","2p4",NA,51.5664,6.0057,FALSE,143,"Eurasian Oystercatcher","Haematopus ostralegus","#ca8600","avian","https://media.birdweather.com/species/143/EurasianOystercatcher-standard-de054f6108c9ec46b2430e18a3a05899.jpg","https://media.birdweather.com/species/143/EurasianOystercatcher-thumbnail-30dda908d192acf9a6ba366e2d58599a.jpg","https://media.birdweather.com/species/143/EurasianOystercatcher-png200-eaade4c821880831fc0130856cf4cad3.png","3vcRFwKHd4mAiHeCdth4eIeIhYD5CocK",14134552456,"https://media.birdweather.com/soundscapes/6891/6891-20260710-040754.flac",0,3,"birdnetpi"
9537731082,6891,"2026-07-10T06:07:36.000+02:00",0.94,0.695406913757324,9.32371980871528,"almost_certain","2p4",NA,51.5671,6.0055,FALSE,89,"European Goldfinch","Carduelis carduelis","#65dba3","avian","https://media.birdweather.com/species/89/EuropeanGoldfinch-standard-5e709d6e7011b21fe905b6d27ce94b9d.jpg","https://media.birdweather.com/species/89/EuropeanGoldfinch-thumbnail-f99916cbaf5a2c3bd8f61890d18d73c1.jpg","https://media.birdweather.com/species/89/EuropeanGoldfinch-png200-ef3fc90c8328c40b59d9ad3c4b52e850.png","lPgJDwI+UJmHq2hji4dWiHiH2XQID5UC",14134543773,"https://media.birdweather.com/soundscapes/6891/6891-20260710-040736.flac",0,3,"birdnetpi"
9537729610,6891,"2026-07-10T06:07:31.000+02:00",0.98,0.660715103149414,9.33768595068972,"almost_certain","2p4",NA,51.5672,6.0062,FALSE,119,"Common House-Martin","Delichon urbicum","#53b1ff","avian","https://media.birdweather.com/species/119/CommonHouse-Martin-standard-9ffbcc688c51210fb136a162c84d82ad.jpg","https://media.birdweather.com/species/119/CommonHouse-Martin-thumbnail-dd7059ca6235347c3097e7a66f04df95.jpg","https://media.birdweather.com/species/119/CommonHouse-Martin-png200-a73a8953ce2af50676da81e70b2746b2.png","YhgKDwKJd4iIiHd/h5h5d4mIeQqVllAH",14134541288,"https://media.birdweather.com/soundscapes/6891/6891-20260710-040731.flac",0,3,"birdnetpi"
9537721255,6891,"2026-07-10T06:07:04.000+02:00",1,0.660715103149414,9.37739887620608,"almost_certain","2p4",NA,51.5629,6.0064,FALSE,119,"Common House-Martin","Delichon urbicum","#53b1ff","avian","https://media.birdweather.com/species/119/CommonHouse-Martin-standard-9ffbcc688c51210fb136a162c84d82ad.jpg","https://media.birdweather.com/species/119/CommonHouse-Martin-thumbnail-dd7059ca6235347c3097e7a66f04df95.jpg","https://media.birdweather.com/species/119/CommonHouse-Martin-png200-a73a8953ce2af50676da81e70b2746b2.png","YhgKDwKJd4iIiHd/h5h5d4mIeQqVllAH",14134527768,"https://media.birdweather.com/soundscapes/6891/6891-20260710-040704.flac",0,3,"birdnetpi"
9537716731,6891,"2026-07-10T06:06:48.000+02:00",0.81,0.695406913757324,9.01265110134486,"almost_certain","2p4",NA,51.5647,6.0083,FALSE,89,"European Goldfinch","Carduelis carduelis","#65dba3","avian","https://media.birdweather.com/species/89/EuropeanGoldfinch-standard-5e709d6e7011b21fe905b6d27ce94b9d.jpg","https://media.birdweather.com/species/89/EuropeanGoldfinch-thumbnail-f99916cbaf5a2c3bd8f61890d18d73c1.jpg","https://media.birdweather.com/species/89/EuropeanGoldfinch-png200-ef3fc90c8328c40b59d9ad3c4b52e850.png","lPgJDwI+UJmHq2hji4dWiHiH2XQID5UC",14134520426,"https://media.birdweather.com/soundscapes/6891/6891-20260710-040648.flac",0,3,"birdnetpi"
9537706818,6891,"2026-07-10T06:06:19.000+02:00",0.98,0.695406913757324,9.4067755406038,"almost_certain","2p4",NA,51.5701,6.0081,FALSE,89,"European Goldfinch","Carduelis carduelis","#65dba3","avian","https://media.birdweather.com/species/89/EuropeanGoldfinch-standard-5e709d6e7011b21fe905b6d27ce94b9d.jpg","https://media.birdweather.com/species/89/EuropeanGoldfinch-thumbnail-f99916cbaf5a2c3bd8f61890d18d73c1.jpg","https://media.birdweather.com/species/89/EuropeanGoldfinch-png200-ef3fc90c8328c40b59d9ad3c4b52e850.png","lPgJDwI+UJmHq2hji4dWiHiH2XQID5UC",14134504380,"https://media.birdweather.com/soundscapes/6891/6891-20260710-040619.flac",0,3,"birdnetpi"
9537696089,6891,"2026-07-10T06:05:49.000+02:00",0.76,0.660715103149414,8.80219910778852,"almost_certain","2p4",NA,51.5684,6.0076,FALSE,119,"Common House-Martin","Delichon urbicum","#53b1ff","avian","https://media.birdweather.com/species/119/CommonHouse-Martin-standard-9ffbcc688c51210fb136a162c84d82ad.jpg","https://media.birdweather.com/species/119/CommonHouse-Martin-thumbnail-dd7059ca6235347c3097e7a66f04df95.jpg","https://media.birdweather.com/species/119/CommonHouse-Martin-png200-a73a8953ce2af50676da81e70b2746b2.png","YhgKDwKJd4iIiHd/h5h5d4mIeQqVllAH",14134487103,"https://media.birdweather.com/soundscapes/6891/6891-20260710-040549.flac",0,3,"birdnetpi"
9537644520,6891,"2026-07-10T06:02:46.000+02:00",0.87,0.827771067619324,9.400629197097,"almost_certain","2p4",NA,51.5636,6.0056,FALSE,1,"House Sparrow","Passer domesticus","#d16ff8","avian","https://media.birdweather.com/species/1/HouseSparrow-standard-b861184cf45c092cdb45fd689dd676ef.jpg","https://media.birdweather.com/species/1/HouseSparrow-thumbnail-e9cbc91763a1579de8ef04880678b5e3.jpg","https://media.birdweather.com/species/1/HouseSparrow-png200-125e8603e1efe9d7a18316b94f06a65e.png","XAgCDwD8qpukuHiqtLZ9mImnmPFcDO4E",14134402476,"https://media.birdweather.com/soundscapes/6891/6891-20260710-040246.flac",0,3,"birdnetpi"
9537639378,6891,"2026-07-10T06:02:37.000+02:00",0.81,0.827771067619324,9.248250076996,"almost_certain","2p4",NA,51.5643,6.0019,FALSE,1,"House Sparrow","Passer domesticus","#d16ff8","avian","https://media.birdweather.com/species/1/HouseSparrow-standard-b861184cf45c092cdb45fd689dd676ef.jpg","https://media.birdweather.com/species/1/HouseSparrow-thumbnail-e9cbc91763a1579de8ef04880678b5e3.jpg","https://media.birdweather.com/species/1/HouseSparrow-png200-125e8603e1efe9d7a18316b94f06a65e.png","XAgCDwD8qpukuHiqtLZ9mImnmPFcDO4E",14134394249,"https://media.birdweather.com/soundscapes/6891/6891-20260710-040237.flac",0,3,"birdnetpi"
9537631341,6891,"2026-07-10T06:02:01.000+02:00",0.8,0.827771067619324,9.22112047760023,"almost_certain","2p4",NA,51.5688,6.0057,FALSE,1,"House Sparrow","Passer domesticus","#d16ff8","avian","https://media.birdweather.com/species/1/HouseSparrow-standard-b861184cf45c092cdb45fd689dd676ef.jpg","https://media.birdweather.com/species/1/HouseSparrow-thumbnail-e9cbc91763a1579de8ef04880678b5e3.jpg","https://media.birdweather.com/species/1/HouseSparrow-png200-125e8603e1efe9d7a18316b94f06a65e.png","XAgCDwD8qpukuHiqtLZ9mImnmPFcDO4E",14134381075,"https://media.birdweather.com/soundscapes/6891/6891-20260710-040201.flac",0,3,"birdnetpi"
9537626566,6891,"2026-07-10T06:01:54.000+02:00",0.76,0.827771067619324,9.10688767335373,"almost_certain","2p4",NA,51.5634,6.0074,FALSE,1,"House Sparrow","Passer domesticus","#d16ff8","avian","https://media.birdweather.com/species/1/HouseSparrow-standard-b861184cf45c092cdb45fd689dd676ef.jpg","https://media.birdweather.com/species/1/HouseSparrow-thumbnail-e9cbc91763a1579de8ef04880678b5e3.jpg","https://media.birdweather.com/species/1/HouseSparrow-png200-125e8603e1efe9d7a18316b94f06a65e.png","XAgCDwD8qpukuHiqtLZ9mImnmPFcDO4E",14134373274,"https://media.birdweather.com/soundscapes/6891/6891-20260710-040154.flac",0,3,"birdnetpi"
9537617156,6891,"2026-07-10T06:01:24.000+02:00",0.71,0.827771067619324,8.94924269154857,"almost_certain","2p4",NA,51.5676,6.0008,FALSE,1,"House Sparrow","Passer domesticus","#d16ff8","avian","https://media.birdweather.com/species/1/HouseSparrow-standard-b861184cf45c092cdb45fd689dd676ef.jpg","https://media.birdweather.com/species/1/HouseSparrow-thumbnail-e9cbc91763a1579de8ef04880678b5e3.jpg","https://media.birdweather.com/species/1/HouseSparrow-png200-125e8603e1efe9d7a18316b94f06a65e.png","XAgCDwD8qpukuHiqtLZ9mImnmPFcDO4E",14134357812,"https://media.birdweather.com/soundscapes/6891/6891-20260710-040124.flac",0,3,"birdnetpi"
9537612235,6891,"2026-07-10T06:01:06.000+02:00",0.84,0.827771067619324,9.32655710395673,"almost_certain","2p4",NA,51.5676,6.0039,FALSE,1,"House Sparrow","Passer domesticus","#d16ff8","avian","https://media.birdweather.com/species/1/HouseSparrow-standard-b861184cf45c092cdb45fd689dd676ef.jpg","https://media.birdweather.com/species/1/HouseSparrow-thumbnail-e9cbc91763a1579de8ef04880678b5e3.jpg","https://media.birdweather.com/species/1/HouseSparrow-png200-125e8603e1efe9d7a18316b94f06a65e.png","XAgCDwD8qpukuHiqtLZ9mImnmPFcDO4E",14134349948,"https://media.birdweather.com/soundscapes/6891/6891-20260710-040106.flac",0,3,"birdnetpi"
9537604152,6891,"2026-07-10T06:00:30.000+02:00",0.88,0.827771067619324,9.42445588461226,"almost_certain","2p4",NA,51.5682,6.0058,FALSE,1,"House Sparrow","Passer domesticus","#d16ff8","avian","https://media.birdweather.com/species/1/HouseSparrow-standard-b861184cf45c092cdb45fd689dd676ef.jpg","https://media.birdweather.com/species/1/HouseSparrow-thumbnail-e9cbc91763a1579de8ef04880678b5e3.jpg","https://media.birdweather.com/species/1/HouseSparrow-png200-125e8603e1efe9d7a18316b94f06a65e.png","XAgCDwD8qpukuHiqtLZ9mImnmPFcDO4E",14134336905,"https://media.birdweather.com/soundscapes/6891/6891-20260710-040030.flac",0,3,"birdnetpi"
9537595321,6891,"2026-07-10T06:00:00.000+02:00",1,0.695406913757324,9.44648846612015,"almost_certain","2p4",NA,51.5642,6.0081,FALSE,89,"European Goldfinch","Carduelis carduelis","#65dba3","avian","https://media.birdweather.com/species/89/EuropeanGoldfinch-standard-5e709d6e7011b21fe905b6d27ce94b9d.jpg","https://media.birdweather.com/species/89/EuropeanGoldfinch-thumbnail-f99916cbaf5a2c3bd8f61890d18d73c1.jpg","https://media.birdweather.com/species/89/EuropeanGoldfinch-png200-ef3fc90c8328c40b59d9ad3c4b52e850.png","lPgJDwI+UJmHq2hji4dWiHiH2XQID5UC",14134322386,"https://media.birdweather.com/soundscapes/6891/6891-20260710-040000.flac",0,3,"birdnetpi"
9537586165,6891,"2026-07-10T05:59:39.000+02:00",0.98,0.695406913757324,9.4067755406038,"almost_certain","2p4",NA,51.5665,6.0045,FALSE,89,"European Goldfinch","Carduelis carduelis","#65dba3","avian","https://media.birdweather.com/species/89/EuropeanGoldfinch-standard-5e709d6e7011b21fe905b6d27ce94b9d.jpg","https://media.birdweather.com/species/89/EuropeanGoldfinch-thumbnail-f99916cbaf5a2c3bd8f61890d18d73c1.jpg","https://media.birdweather.com/species/89/EuropeanGoldfinch-png200-ef3fc90c8328c40b59d9ad3c4b52e850.png","lPgJDwI+UJmHq2hji4dWiHiH2XQID5UC",14134307355,"https://media.birdweather.com/soundscapes/6891/6891-20260710-035939.flac",0,3,"birdnetpi"
9537580544,6891,"2026-07-10T05:59:16.000+02:00",0.98,0.695406913757324,9.4067755406038,"almost_certain","2p4",NA,51.5643,6.0069,FALSE,89,"European Goldfinch","Carduelis carduelis","#65dba3","avian","https://media.birdweather.com/species/89/EuropeanGoldfinch-standard-5e709d6e7011b21fe905b6d27ce94b9d.jpg","https://media.birdweather.com/species/89/EuropeanGoldfinch-thumbnail-f99916cbaf5a2c3bd8f61890d18d73c1.jpg","https://media.birdweather.com/species/89/EuropeanGoldfinch-png200-ef3fc90c8328c40b59d9ad3c4b52e850.png","lPgJDwI+UJmHq2hji4dWiHiH2XQID5UC",14134298124,"https://media.birdweather.com/soundscapes/6891/6891-20260710-035916.flac",0,3,"birdnetpi"
9537582001,6891,"2026-07-10T05:59:15.000+02:00",0.72,0.9930100440979,9.22887815830717,"almost_certain","2p4",NA,51.5622,6.0079,FALSE,407,"Common Wood-Pigeon","Columba palumbus","#028fb2","avian","https://media.birdweather.com/species/407/CommonWood-Pigeon-standard-5558900260c92622ceef8a812b06518e.jpg","https://media.birdweather.com/species/407/CommonWood-Pigeon-thumbnail-4b86c907c8b82c8af31d566b811dee05.jpg","https://media.birdweather.com/species/407/CommonWood-Pigeon-png200-533b13201573be3895fcec3e61e861b5.png","2ukFHwIHiYeWxnZUiniYZ3h5h6+rCIQH",14134300556,"https://media.birdweather.com/soundscapes/6891/6891-20260710-035915.flac",0,3,"birdnetpi"
9537570748,6891,"2026-07-10T05:58:37.000+02:00",0.84,0.9930100440979,9.57317892505201,"almost_certain","2p4",NA,51.5666,6.0011,FALSE,407,"Common Wood-Pigeon","Columba palumbus","#028fb2","avian","https://media.birdweather.com/species/407/CommonWood-Pigeon-standard-5558900260c92622ceef8a812b06518e.jpg","https://media.birdweather.com/species/407/CommonWood-Pigeon-thumbnail-4b86c907c8b82c8af31d566b811dee05.jpg","https://media.birdweather.com/species/407/CommonWood-Pigeon-png200-533b13201573be3895fcec3e61e861b5.png","2ukFHwIHiYeWxnZUiniYZ3h5h6+rCIQH",14134282210,"https://media.birdweather.com/soundscapes/6891/6891-20260710-035837.flac",0,3,"birdnetpi"
9537554405,6891,"2026-07-10T05:57:51.000+02:00",0.84,0.827771067619324,9.32655710395673,"almost_certain","2p4",NA,51.5695,6.0009,FALSE,1,"House Sparrow","Passer domesticus","#d16ff8","avian","https://media.birdweather.com/species/1/HouseSparrow-standard-b861184cf45c092cdb45fd689dd676ef.jpg","https://media.birdweather.com/species/1/HouseSparrow-thumbnail-e9cbc91763a1579de8ef04880678b5e3.jpg","https://media.birdweather.com/species/1/HouseSparrow-png200-125e8603e1efe9d7a18316b94f06a65e.png","XAgCDwD8qpukuHiqtLZ9mImnmPFcDO4E",14134256012,"https://media.birdweather.com/soundscapes/6891/6891-20260710-035751.flac",0,3,"birdnetpi"
9537552157,6891,"2026-07-10T05:57:36.000+02:00",0.77,0.995683014392853,9.38661911908497,"almost_certain","2p4",NA,51.5704,6.0029,FALSE,58,"Carrion Crow","Corvus corone","#01a85a","avian","https://media.birdweather.com/species/58/CarrionCrow-standard-ed24da07616d0cd7c5ef9cd2892ec869.jpg","https://media.birdweather.com/species/58/CarrionCrow-thumbnail-38cc6285bbd8f8340f32fa4dc3f58a69.jpg","https://media.birdweather.com/species/58/CarrionCrow-png200-5ec2904f61f6588853b296f54d8d0cb6.png","nggODwDDmZlqdoiPdLeIWIiYaK6A1gMK",14134252542,"https://media.birdweather.com/soundscapes/6891/6891-20260710-035736.flac",0,3,"birdnetpi"
9537548679,6891,"2026-07-10T05:57:27.000+02:00",0.99,0.876010596752167,9.7390730015898,"almost_certain","2p4",NA,51.5662,6.005,FALSE,551,"Common Swift","Apus apus","#234bb2","avian","https://media.birdweather.com/species/551/CommonSwift-standard-ba54f84fbd8481b1c0de60654fbd79d5.jpg","https://media.birdweather.com/species/551/CommonSwift-thumbnail-bad1d7e3c141990f11d01e49e9f768ac.jpg","https://media.birdweather.com/species/551/CommonSwift-png200-f52bea49cb0e4232049806bde3e1a401.png","LLYFFwLchWelV5dvsqh1jKZoKJIEMkoA",14134247252,"https://media.birdweather.com/soundscapes/6891/6891-20260710-035727.flac",0,3,"birdnetpi"
9537546035,6891,"2026-07-10T05:57:16.000+02:00",0.8,0.827771067619324,9.22112047760023,"almost_certain","2p4",NA,51.5636,6.0027,FALSE,1,"House Sparrow","Passer domesticus","#d16ff8","avian","https://media.birdweather.com/species/1/HouseSparrow-standard-b861184cf45c092cdb45fd689dd676ef.jpg","https://media.birdweather.com/species/1/HouseSparrow-thumbnail-e9cbc91763a1579de8ef04880678b5e3.jpg","https://media.birdweather.com/species/1/HouseSparrow-png200-125e8603e1efe9d7a18316b94f06a65e.png","XAgCDwD8qpukuHiqtLZ9mImnmPFcDO4E",14134242877,"https://media.birdweather.com/soundscapes/6891/6891-20260710-035716.flac",0,3,"birdnetpi"
9537540297,6891,"2026-07-10T05:56:58.000+02:00",0.78,0.827771067619324,9.16519434510748,"almost_certain","2p4",NA,51.562,6.0034,FALSE,1,"House Sparrow","Passer domesticus","#d16ff8","avian","https://media.birdweather.com/species/1/HouseSparrow-standard-b861184cf45c092cdb45fd689dd676ef.jpg","https://media.birdweather.com/species/1/HouseSparrow-thumbnail-e9cbc91763a1579de8ef04880678b5e3.jpg","https://media.birdweather.com/species/1/HouseSparrow-png200-125e8603e1efe9d7a18316b94f06a65e.png","XAgCDwD8qpukuHiqtLZ9mImnmPFcDO4E",14134233671,"https://media.birdweather.com/soundscapes/6891/6891-20260710-035658.flac",0,3,"birdnetpi"
9537534997,6891,"2026-07-10T05:56:39.000+02:00",0.74,0.827771067619324,9.04598875863169,"almost_certain","2p4",NA,51.5634,6.0089,FALSE,1,"House Sparrow","Passer domesticus","#d16ff8","avian","https://media.birdweather.com/species/1/HouseSparrow-standard-b861184cf45c092cdb45fd689dd676ef.jpg","https://media.birdweather.com/species/1/HouseSparrow-thumbnail-e9cbc91763a1579de8ef04880678b5e3.jpg","https://media.birdweather.com/species/1/HouseSparrow-png200-125e8603e1efe9d7a18316b94f06a65e.png","XAgCDwD8qpukuHiqtLZ9mImnmPFcDO4E",14134224939,"https://media.birdweather.com/soundscapes/6891/6891-20260710-035639.flac",0,3,"birdnetpi"
9537527074,6891,"2026-07-10T05:56:12.000+02:00",0.94,0.827771067619324,9.55931878436642,"almost_certain","2p4",NA,51.5651,6.0063,FALSE,1,"House Sparrow","Passer domesticus","#d16ff8","avian","https://media.birdweather.com/species/1/HouseSparrow-standard-b861184cf45c092cdb45fd689dd676ef.jpg","https://media.birdweather.com/species/1/HouseSparrow-thumbnail-e9cbc91763a1579de8ef04880678b5e3.jpg","https://media.birdweather.com/species/1/HouseSparrow-png200-125e8603e1efe9d7a18316b94f06a65e.png","XAgCDwD8qpukuHiqtLZ9mImnmPFcDO4E",14134211882,"https://media.birdweather.com/soundscapes/6891/6891-20260710-035612.flac",0,3,"birdnetpi"
9537518809,6891,"2026-07-10T05:55:45.000+02:00",0.87,0.827771067619324,9.400629197097,"almost_certain","2p4",NA,51.5622,6.0072,FALSE,1,"House Sparrow","Passer domesticus","#d16ff8","avian","https://media.birdweather.com/species/1/HouseSparrow-standard-b861184cf45c092cdb45fd689dd676ef.jpg","https://media.birdweather.com/species/1/HouseSparrow-thumbnail-e9cbc91763a1579de8ef04880678b5e3.jpg","https://media.birdweather.com/species/1/HouseSparrow-png200-125e8603e1efe9d7a18316b94f06a65e.png","XAgCDwD8qpukuHiqtLZ9mImnmPFcDO4E",14134198804,"https://media.birdweather.com/soundscapes/6891/6891-20260710-035545.flac",0,3,"birdnetpi"
9537510746,6891,"2026-07-10T05:55:21.000+02:00",0.88,0.827771067619324,9.42445588461226,"almost_certain","2p4",NA,51.5665,6.0094,FALSE,1,"House Sparrow","Passer domesticus","#d16ff8","avian","https://media.birdweather.com/species/1/HouseSparrow-standard-b861184cf45c092cdb45fd689dd676ef.jpg","https://media.birdweather.com/species/1/HouseSparrow-thumbnail-e9cbc91763a1579de8ef04880678b5e3.jpg","https://media.birdweather.com/species/1/HouseSparrow-png200-125e8603e1efe9d7a18316b94f06a65e.png","XAgCDwD8qpukuHiqtLZ9mImnmPFcDO4E",14134185717,"https://media.birdweather.com/soundscapes/6891/6891-20260710-035521.flac",0,3,"birdnetpi"
9537502754,6891,"2026-07-10T05:54:58.000+02:00",0.9,0.827771067619324,9.47090101040795,"almost_certain","2p4",NA,51.5687,6.0066,FALSE,1,"House Sparrow","Passer domesticus","#d16ff8","avian","https://media.birdweather.com/species/1/HouseSparrow-standard-b861184cf45c092cdb45fd689dd676ef.jpg","https://media.birdweather.com/species/1/HouseSparrow-thumbnail-e9cbc91763a1579de8ef04880678b5e3.jpg","https://media.birdweather.com/species/1/HouseSparrow-png200-125e8603e1efe9d7a18316b94f06a65e.png","XAgCDwD8qpukuHiqtLZ9mImnmPFcDO4E",14134172595,"https://media.birdweather.com/soundscapes/6891/6891-20260710-035458.flac",0,3,"birdnetpi"
9537494662,6891,"2026-07-10T05:54:30.000+02:00",0.92,0.827771067619324,9.51582306767544,"almost_certain","2p4",NA,51.5635,6.0036,FALSE,1,"House Sparrow","Passer domesticus","#d16ff8","avian","https://media.birdweather.com/species/1/HouseSparrow-standard-b861184cf45c092cdb45fd689dd676ef.jpg","https://media.birdweather.com/species/1/HouseSparrow-thumbnail-e9cbc91763a1579de8ef04880678b5e3.jpg","https://media.birdweather.com/species/1/HouseSparrow-png200-125e8603e1efe9d7a18316b94f06a65e.png","XAgCDwD8qpukuHiqtLZ9mImnmPFcDO4E",14134159474,"https://media.birdweather.com/soundscapes/6891/6891-20260710-035430.flac",0,3,"birdnetpi"
9537486588,6891,"2026-07-10T05:54:01.000+02:00",0.94,0.827771067619324,9.55931878436642,"almost_certain","2p4",NA,51.5677,6.0079,FALSE,1,"House Sparrow","Passer domesticus","#d16ff8","avian","https://media.birdweather.com/species/1/HouseSparrow-standard-b861184cf45c092cdb45fd689dd676ef.jpg","https://media.birdweather.com/species/1/HouseSparrow-thumbnail-e9cbc91763a1579de8ef04880678b5e3.jpg","https://media.birdweather.com/species/1/HouseSparrow-png200-125e8603e1efe9d7a18316b94f06a65e.png","XAgCDwD8qpukuHiqtLZ9mImnmPFcDO4E",14134146360,"https://media.birdweather.com/soundscapes/6891/6891-20260710-035401.flac",0,3,"birdnetpi"
9537478283,6891,"2026-07-10T05:53:36.000+02:00",0.81,0.827771067619324,9.248250076996,"almost_certain","2p4",NA,51.5654,6.009,FALSE,1,"House Sparrow","Passer domesticus","#d16ff8","avian","https://media.birdweather.com/species/1/HouseSparrow-standard-b861184cf45c092cdb45fd689dd676ef.jpg","https://media.birdweather.com/species/1/HouseSparrow-thumbnail-e9cbc91763a1579de8ef04880678b5e3.jpg","https://media.birdweather.com/species/1/HouseSparrow-png200-125e8603e1efe9d7a18316b94f06a65e.png","XAgCDwD8qpukuHiqtLZ9mImnmPFcDO4E",14134133278,"https://media.birdweather.com/soundscapes/6891/6891-20260710-035336.flac",0,3,"birdnetpi"
9537469933,6891,"2026-07-10T05:53:13.000+02:00",0.81,0.827771067619324,9.248250076996,"almost_certain","2p4",NA,51.5683,6.0037,FALSE,1,"House Sparrow","Passer domesticus","#d16ff8","avian","https://media.birdweather.com/species/1/HouseSparrow-standard-b861184cf45c092cdb45fd689dd676ef.jpg","https://media.birdweather.com/species/1/HouseSparrow-thumbnail-e9cbc91763a1579de8ef04880678b5e3.jpg","https://media.birdweather.com/species/1/HouseSparrow-png200-125e8603e1efe9d7a18316b94f06a65e.png","XAgCDwD8qpukuHiqtLZ9mImnmPFcDO4E",14134120217,"https://media.birdweather.com/soundscapes/6891/6891-20260710-035313.flac",0,3,"birdnetpi"
9537463646,6891,"2026-07-10T05:52:42.000+02:00",0.85,0.827771067619324,9.35169542393215,"almost_certain","2p4",NA,51.5645,6.0043,FALSE,1,"House Sparrow","Passer domesticus","#d16ff8","avian","https://media.birdweather.com/species/1/HouseSparrow-standard-b861184cf45c092cdb45fd689dd676ef.jpg","https://media.birdweather.com/species/1/HouseSparrow-thumbnail-e9cbc91763a1579de8ef04880678b5e3.jpg","https://media.birdweather.com/species/1/HouseSparrow-png200-125e8603e1efe9d7a18316b94f06a65e.png","XAgCDwD8qpukuHiqtLZ9mImnmPFcDO4E",14134110089,"https://media.birdweather.com/soundscapes/6891/6891-20260710-035242.flac",0,3,"birdnetpi"
9537456649,6891,"2026-07-10T05:52:24.000+02:00",0.71,0.827771067619324,8.94924269154857,"almost_certain","2p4",NA,51.568,6.0066,FALSE,1,"House Sparrow","Passer domesticus","#d16ff8","avian","https://media.birdweather.com/species/1/HouseSparrow-standard-b861184cf45c092cdb45fd689dd676ef.jpg","https://media.birdweather.com/species/1/HouseSparrow-thumbnail-e9cbc91763a1579de8ef04880678b5e3.jpg","https://media.birdweather.com/species/1/HouseSparrow-png200-125e8603e1efe9d7a18316b94f06a65e.png","XAgCDwD8qpukuHiqtLZ9mImnmPFcDO4E",14134098956,"https://media.birdweather.com/soundscapes/6891/6891-20260710-035224.flac",0,3,"birdnetpi"
9537445717,6891,"2026-07-10T05:51:45.000+02:00",0.88,0.827771067619324,9.42445588461226,"almost_certain","2p4",NA,51.5615,6.0083,FALSE,1,"House Sparrow","Passer domesticus","#d16ff8","avian","https://media.birdweather.com/species/1/HouseSparrow-standard-b861184cf45c092cdb45fd689dd676ef.jpg","https://media.birdweather.com/species/1/HouseSparrow-thumbnail-e9cbc91763a1579de8ef04880678b5e3.jpg","https://media.birdweather.com/species/1/HouseSparrow-png200-125e8603e1efe9d7a18316b94f06a65e.png","XAgCDwD8qpukuHiqtLZ9mImnmPFcDO4E",14134081459,"https://media.birdweather.com/soundscapes/6891/6891-20260710-035145.flac",0,3,"birdnetpi"
9537437463,6891,"2026-07-10T05:51:24.000+02:00",0.9,0.827771067619324,9.47090101040795,"almost_certain","2p4",NA,51.5656,6.0058,FALSE,1,"House Sparrow","Passer domesticus","#d16ff8","avian","https://media.birdweather.com/species/1/HouseSparrow-standard-b861184cf45c092cdb45fd689dd676ef.jpg","https://media.birdweather.com/species/1/HouseSparrow-thumbnail-e9cbc91763a1579de8ef04880678b5e3.jpg","https://media.birdweather.com/species/1/HouseSparrow-png200-125e8603e1efe9d7a18316b94f06a65e.png","XAgCDwD8qpukuHiqtLZ9mImnmPFcDO4E",14134068295,"https://media.birdweather.com/soundscapes/6891/6891-20260710-035124.flac",0,3,"birdnetpi"
9537432136,6891,"2026-07-10T05:51:09.000+02:00",0.74,0.827771067619324,9.04598875863169,"almost_certain","2p4",NA,51.5677,6.0091,FALSE,1,"House Sparrow","Passer domesticus","#d16ff8","avian","https://media.birdweather.com/species/1/HouseSparrow-standard-b861184cf45c092cdb45fd689dd676ef.jpg","https://media.birdweather.com/species/1/HouseSparrow-thumbnail-e9cbc91763a1579de8ef04880678b5e3.jpg","https://media.birdweather.com/species/1/HouseSparrow-png200-125e8603e1efe9d7a18316b94f06a65e.png","XAgCDwD8qpukuHiqtLZ9mImnmPFcDO4E",14134059580,"https://media.birdweather.com/soundscapes/6891/6891-20260710-035109.flac",0,3,"birdnetpi"
9537423860,6891,"2026-07-10T05:50:43.000+02:00",0.86,0.827771067619324,9.37638077647082,"almost_certain","2p4",NA,51.5634,6.0016,FALSE,1,"House Sparrow","Passer domesticus","#d16ff8","avian","https://media.birdweather.com/species/1/HouseSparrow-standard-b861184cf45c092cdb45fd689dd676ef.jpg","https://media.birdweather.com/species/1/HouseSparrow-thumbnail-e9cbc91763a1579de8ef04880678b5e3.jpg","https://media.birdweather.com/species/1/HouseSparrow-png200-125e8603e1efe9d7a18316b94f06a65e.png","XAgCDwD8qpukuHiqtLZ9mImnmPFcDO4E",14134046489,"https://media.birdweather.com/soundscapes/6891/6891-20260710-035043.flac",0,3,"birdnetpi"
9537415267,6891,"2026-07-10T05:50:06.000+02:00",0.95,0.827771067619324,9.58055951992069,"almost_certain","2p4",NA,51.5679,6.0044,FALSE,1,"House Sparrow","Passer domesticus","#d16ff8","avian","https://media.birdweather.com/species/1/HouseSparrow-standard-b861184cf45c092cdb45fd689dd676ef.jpg","https://media.birdweather.com/species/1/HouseSparrow-thumbnail-e9cbc91763a1579de8ef04880678b5e3.jpg","https://media.birdweather.com/species/1/HouseSparrow-png200-125e8603e1efe9d7a18316b94f06a65e.png","XAgCDwD8qpukuHiqtLZ9mImnmPFcDO4E",14134032989,"https://media.birdweather.com/soundscapes/6891/6891-20260710-035006.flac",0,3,"birdnetpi"
9537406979,6891,"2026-07-10T05:49:42.000+02:00",0.94,0.827771067619324,9.55931878436642,"almost_certain","2p4",NA,51.568,6.005,FALSE,1,"House Sparrow","Passer domesticus","#d16ff8","avian","https://media.birdweather.com/species/1/HouseSparrow-standard-b861184cf45c092cdb45fd689dd676ef.jpg","https://media.birdweather.com/species/1/HouseSparrow-thumbnail-e9cbc91763a1579de8ef04880678b5e3.jpg","https://media.birdweather.com/species/1/HouseSparrow-png200-125e8603e1efe9d7a18316b94f06a65e.png","XAgCDwD8qpukuHiqtLZ9mImnmPFcDO4E",14134019901,"https://media.birdweather.com/soundscapes/6891/6891-20260710-034942.flac",0,3,"birdnetpi"
9537398643,6891,"2026-07-10T05:49:10.000+02:00",0.91,0.827771067619324,9.49354615408111,"almost_certain","2p4",NA,51.5667,6.0007,FALSE,1,"House Sparrow","Passer domesticus","#d16ff8","avian","https://media.birdweather.com/species/1/HouseSparrow-standard-b861184cf45c092cdb45fd689dd676ef.jpg","https://media.birdweather.com/species/1/HouseSparrow-thumbnail-e9cbc91763a1579de8ef04880678b5e3.jpg","https://media.birdweather.com/species/1/HouseSparrow-png200-125e8603e1efe9d7a18316b94f06a65e.png","XAgCDwD8qpukuHiqtLZ9mImnmPFcDO4E",14134006809,"https://media.birdweather.com/soundscapes/6891/6891-20260710-034910.flac",0,3,"birdnetpi"
9537390464,6891,"2026-07-10T05:48:54.000+02:00",0.74,0.827771067619324,9.04598875863169,"almost_certain","2p4",NA,51.5628,6.005,FALSE,1,"House Sparrow","Passer domesticus","#d16ff8","avian","https://media.birdweather.com/species/1/HouseSparrow-standard-b861184cf45c092cdb45fd689dd676ef.jpg","https://media.birdweather.com/species/1/HouseSparrow-thumbnail-e9cbc91763a1579de8ef04880678b5e3.jpg","https://media.birdweather.com/species/1/HouseSparrow-png200-125e8603e1efe9d7a18316b94f06a65e.png","XAgCDwD8qpukuHiqtLZ9mImnmPFcDO4E",14133993675,"https://media.birdweather.com/soundscapes/6891/6891-20260710-034854.flac",0,3,"birdnetpi"
9537382163,6891,"2026-07-10T05:48:15.000+02:00",0.81,0.827771067619324,9.248250076996,"almost_certain","2p4",NA,51.5663,6.0024,FALSE,1,"House Sparrow","Passer domesticus","#d16ff8","avian","https://media.birdweather.com/species/1/HouseSparrow-standard-b861184cf45c092cdb45fd689dd676ef.jpg","https://media.birdweather.com/species/1/HouseSparrow-thumbnail-e9cbc91763a1579de8ef04880678b5e3.jpg","https://media.birdweather.com/species/1/HouseSparrow-png200-125e8603e1efe9d7a18316b94f06a65e.png","XAgCDwD8qpukuHiqtLZ9mImnmPFcDO4E",14133980613,"https://media.birdweather.com/soundscapes/6891/6891-20260710-034815.flac",0,3,"birdnetpi"
9537373636,6891,"2026-07-10T05:47:54.000+02:00",0.93,0.827771067619324,9.53774353532007,"almost_certain","2p4",NA,51.5678,6.0082,FALSE,1,"House Sparrow","Passer domesticus","#d16ff8","avian","https://media.birdweather.com/species/1/HouseSparrow-standard-b861184cf45c092cdb45fd689dd676ef.jpg","https://media.birdweather.com/species/1/HouseSparrow-thumbnail-e9cbc91763a1579de8ef04880678b5e3.jpg","https://media.birdweather.com/species/1/HouseSparrow-png200-125e8603e1efe9d7a18316b94f06a65e.png","XAgCDwD8qpukuHiqtLZ9mImnmPFcDO4E",14133967459,"https://media.birdweather.com/soundscapes/6891/6891-20260710-034754.flac",0,3,"birdnetpi"
9537368081,6891,"2026-07-10T05:47:34.000+02:00",0.77,0.827771067619324,9.13635117450645,"almost_certain","2p4",NA,51.5693,6.0011,FALSE,1,"House Sparrow","Passer domesticus","#d16ff8","avian","https://media.birdweather.com/species/1/HouseSparrow-standard-b861184cf45c092cdb45fd689dd676ef.jpg","https://media.birdweather.com/species/1/HouseSparrow-thumbnail-e9cbc91763a1579de8ef04880678b5e3.jpg","https://media.birdweather.com/species/1/HouseSparrow-png200-125e8603e1efe9d7a18316b94f06a65e.png","XAgCDwD8qpukuHiqtLZ9mImnmPFcDO4E",14133958667,"https://media.birdweather.com/soundscapes/6891/6891-20260710-034734.flac",0,3,"birdnetpi"
9537359915,6891,"2026-07-10T05:47:10.000+02:00",0.82,0.827771067619324,9.27485285462022,"almost_certain","2p4",NA,51.5671,6.0088,FALSE,1,"House Sparrow","Passer domesticus","#d16ff8","avian","https://media.birdweather.com/species/1/HouseSparrow-standard-b861184cf45c092cdb45fd689dd676ef.jpg","https://media.birdweather.com/species/1/HouseSparrow-thumbnail-e9cbc91763a1579de8ef04880678b5e3.jpg","https://media.birdweather.com/species/1/HouseSparrow-png200-125e8603e1efe9d7a18316b94f06a65e.png","XAgCDwD8qpukuHiqtLZ9mImnmPFcDO4E",14133945525,"https://media.birdweather.com/soundscapes/6891/6891-20260710-034710.flac",0,3,"birdnetpi"
9537351710,6891,"2026-07-10T05:46:48.000+02:00",0.88,0.827771067619324,9.42445588461226,"almost_certain","2p4",NA,51.5704,6.0022,FALSE,1,"House Sparrow","Passer domesticus","#d16ff8","avian","https://media.birdweather.com/species/1/HouseSparrow-standard-b861184cf45c092cdb45fd689dd676ef.jpg","https://media.birdweather.com/species/1/HouseSparrow-thumbnail-e9cbc91763a1579de8ef04880678b5e3.jpg","https://media.birdweather.com/species/1/HouseSparrow-png200-125e8603e1efe9d7a18316b94f06a65e.png","XAgCDwD8qpukuHiqtLZ9mImnmPFcDO4E",14133932524,"https://media.birdweather.com/soundscapes/6891/6891-20260710-034648.flac",0,3,"birdnetpi"
9537343558,6891,"2026-07-10T05:46:15.000+02:00",0.85,0.827771067619324,9.35169542393215,"almost_certain","2p4",NA,51.5648,6.0036,FALSE,1,"House Sparrow","Passer domesticus","#d16ff8","avian","https://media.birdweather.com/species/1/HouseSparrow-standard-b861184cf45c092cdb45fd689dd676ef.jpg","https://media.birdweather.com/species/1/HouseSparrow-thumbnail-e9cbc91763a1579de8ef04880678b5e3.jpg","https://media.birdweather.com/species/1/HouseSparrow-png200-125e8603e1efe9d7a18316b94f06a65e.png","XAgCDwD8qpukuHiqtLZ9mImnmPFcDO4E",14133919497,"https://media.birdweather.com/soundscapes/6891/6891-20260710-034615.flac",0,3,"birdnetpi"
9537340775,6891,"2026-07-10T05:46:04.000+02:00",0.9,0.993988573551178,9.71885874219637,"almost_certain","2p4",NA,51.5684,6.0042,FALSE,35,"Eurasian Blackbird","Turdus merula","#ff65df","avian","https://media.birdweather.com/species/35/EurasianBlackbird-standard-618b3a5132c7c359fb2a2884c39deb39.jpg","https://media.birdweather.com/species/35/EurasianBlackbird-thumbnail-276878929bed08167d1fd9bf34d63d40.jpg","https://media.birdweather.com/species/35/EurasianBlackbird-png200-ba5a1b43225da4611cac429c52a52c81.png","GfkFFwKRmrx2ZYiaaQe69nlzScn3T7IA",14133915000,"https://media.birdweather.com/soundscapes/6891/6891-20260710-034604.flac",0,3,"birdnetpi"
9537333637,6891,"2026-07-10T05:45:37.000+02:00",0.74,0.827771067619324,9.04598875863169,"almost_certain","2p4",NA,51.5666,6.0023,FALSE,1,"House Sparrow","Passer domesticus","#d16ff8","avian","https://media.birdweather.com/species/1/HouseSparrow-standard-b861184cf45c092cdb45fd689dd676ef.jpg","https://media.birdweather.com/species/1/HouseSparrow-thumbnail-e9cbc91763a1579de8ef04880678b5e3.jpg","https://media.birdweather.com/species/1/HouseSparrow-png200-125e8603e1efe9d7a18316b94f06a65e.png","XAgCDwD8qpukuHiqtLZ9mImnmPFcDO4E",14133903910,"https://media.birdweather.com/soundscapes/6891/6891-20260710-034537.flac",0,3,"birdnetpi"
9537318098,6891,"2026-07-10T05:44:58.000+02:00",0.81,0.9930100440979,9.49487189809128,"almost_certain","2p4",NA,51.5662,6.007,FALSE,407,"Common Wood-Pigeon","Columba palumbus","#028fb2","avian","https://media.birdweather.com/species/407/CommonWood-Pigeon-standard-5558900260c92622ceef8a812b06518e.jpg","https://media.birdweather.com/species/407/CommonWood-Pigeon-thumbnail-4b86c907c8b82c8af31d566b811dee05.jpg","https://media.birdweather.com/species/407/CommonWood-Pigeon-png200-533b13201573be3895fcec3e61e861b5.png","2ukFHwIHiYeWxnZUiniYZ3h5h6+rCIQH",14133879096,"https://media.birdweather.com/soundscapes/6891/6891-20260710-034458.flac",0,3,"birdnetpi"
9537317263,6891,"2026-07-10T05:44:43.000+02:00",0.7,0.572180032730103,8.41678157094421,"almost_certain","2p4",NA,51.5632,6.0047,FALSE,201,"Graylag Goose","Anser anser","#844800","avian","https://media.birdweather.com/species/201/GraylagGoose-standard-5235ddd797e4ea12096e170348c7ba78.jpg","https://media.birdweather.com/species/201/GraylagGoose-thumbnail-dcbb525def2966bd14949956147c5dba.jpg","https://media.birdweather.com/species/201/GraylagGoose-png200-40b0bbf2cd8e268c481e679711a36bb6.png","GtkFHwTASHhwaYe4ZomGWWSKiJ74ZlQA",14133877681,"https://media.birdweather.com/soundscapes/6891/6891-20260710-034443.flac",0,3,"birdnetpi"
9537307708,6891,"2026-07-10T05:44:13.000+02:00",0.93,0.9930100440979,9.78436535641535,"almost_certain","2p4",NA,51.5641,6.0081,FALSE,407,"Common Wood-Pigeon","Columba palumbus","#028fb2","avian","https://media.birdweather.com/species/407/CommonWood-Pigeon-standard-5558900260c92622ceef8a812b06518e.jpg","https://media.birdweather.com/species/407/CommonWood-Pigeon-thumbnail-4b86c907c8b82c8af31d566b811dee05.jpg","https://media.birdweather.com/species/407/CommonWood-Pigeon-png200-533b13201573be3895fcec3e61e861b5.png","2ukFHwIHiYeWxnZUiniYZ3h5h6+rCIQH",14133862648,"https://media.birdweather.com/soundscapes/6891/6891-20260710-034413.flac",0,3,"birdnetpi"
9537300601,6891,"2026-07-10T05:44:00.000+02:00",0.95,0.827771067619324,9.58055951992069,"almost_certain","2p4",NA,51.5663,6.0051,FALSE,1,"House Sparrow","Passer domesticus","#d16ff8","avian","https://media.birdweather.com/species/1/HouseSparrow-standard-b861184cf45c092cdb45fd689dd676ef.jpg","https://media.birdweather.com/species/1/HouseSparrow-thumbnail-e9cbc91763a1579de8ef04880678b5e3.jpg","https://media.birdweather.com/species/1/HouseSparrow-png200-125e8603e1efe9d7a18316b94f06a65e.png","XAgCDwD8qpukuHiqtLZ9mImnmPFcDO4E",14133851504,"https://media.birdweather.com/soundscapes/6891/6891-20260710-034400.flac",0,3,"birdnetpi"
9537292094,6891,"2026-07-10T05:43:33.000+02:00",0.96,0.827771067619324,9.60147595673987,"almost_certain","2p4",NA,51.5666,6.0047,FALSE,1,"House Sparrow","Passer domesticus","#d16ff8","avian","https://media.birdweather.com/species/1/HouseSparrow-standard-b861184cf45c092cdb45fd689dd676ef.jpg","https://media.birdweather.com/species/1/HouseSparrow-thumbnail-e9cbc91763a1579de8ef04880678b5e3.jpg","https://media.birdweather.com/species/1/HouseSparrow-png200-125e8603e1efe9d7a18316b94f06a65e.png","XAgCDwD8qpukuHiqtLZ9mImnmPFcDO4E",14133838483,"https://media.birdweather.com/soundscapes/6891/6891-20260710-034333.flac",0,3,"birdnetpi"
9537260391,6891,"2026-07-10T05:41:51.000+02:00",0.84,0.827771067619324,9.32655710395673,"almost_certain","2p4",NA,51.5637,6.0019,FALSE,1,"House Sparrow","Passer domesticus","#d16ff8","avian","https://media.birdweather.com/species/1/HouseSparrow-standard-b861184cf45c092cdb45fd689dd676ef.jpg","https://media.birdweather.com/species/1/HouseSparrow-thumbnail-e9cbc91763a1579de8ef04880678b5e3.jpg","https://media.birdweather.com/species/1/HouseSparrow-png200-125e8603e1efe9d7a18316b94f06a65e.png","XAgCDwD8qpukuHiqtLZ9mImnmPFcDO4E",14133789380,"https://media.birdweather.com/soundscapes/6891/6891-20260710-034151.flac",0,3,"birdnetpi"
9537251862,6891,"2026-07-10T05:41:13.000+02:00",0.85,0.827771067619324,9.35169542393215,"almost_certain","2p4",NA,51.5657,6.0033,FALSE,1,"House Sparrow","Passer domesticus","#d16ff8","avian","https://media.birdweather.com/species/1/HouseSparrow-standard-b861184cf45c092cdb45fd689dd676ef.jpg","https://media.birdweather.com/species/1/HouseSparrow-thumbnail-e9cbc91763a1579de8ef04880678b5e3.jpg","https://media.birdweather.com/species/1/HouseSparrow-png200-125e8603e1efe9d7a18316b94f06a65e.png","XAgCDwD8qpukuHiqtLZ9mImnmPFcDO4E",14133775832,"https://media.birdweather.com/soundscapes/6891/6891-20260710-034113.flac",0,3,"birdnetpi"
9537243447,6891,"2026-07-10T05:40:52.000+02:00",0.93,0.827771067619324,9.53774353532007,"almost_certain","2p4",NA,51.5702,6.0031,FALSE,1,"House Sparrow","Passer domesticus","#d16ff8","avian","https://media.birdweather.com/species/1/HouseSparrow-standard-b861184cf45c092cdb45fd689dd676ef.jpg","https://media.birdweather.com/species/1/HouseSparrow-thumbnail-e9cbc91763a1579de8ef04880678b5e3.jpg","https://media.birdweather.com/species/1/HouseSparrow-png200-125e8603e1efe9d7a18316b94f06a65e.png","XAgCDwD8qpukuHiqtLZ9mImnmPFcDO4E",14133762691,"https://media.birdweather.com/soundscapes/6891/6891-20260710-034052.flac",0,3,"birdnetpi"
9537235133,6891,"2026-07-10T05:40:28.000+02:00",0.84,0.827771067619324,9.32655710395673,"almost_certain","2p4",NA,51.5655,6.0065,FALSE,1,"House Sparrow","Passer domesticus","#d16ff8","avian","https://media.birdweather.com/species/1/HouseSparrow-standard-b861184cf45c092cdb45fd689dd676ef.jpg","https://media.birdweather.com/species/1/HouseSparrow-thumbnail-e9cbc91763a1579de8ef04880678b5e3.jpg","https://media.birdweather.com/species/1/HouseSparrow-png200-125e8603e1efe9d7a18316b94f06a65e.png","XAgCDwD8qpukuHiqtLZ9mImnmPFcDO4E",14133749643,"https://media.birdweather.com/soundscapes/6891/6891-20260710-034028.flac",0,3,"birdnetpi"
9537226987,6891,"2026-07-10T05:39:52.000+02:00",0.87,0.827771067619324,9.400629197097,"almost_certain","2p4",NA,51.5669,6.0057,FALSE,1,"House Sparrow","Passer domesticus","#d16ff8","avian","https://media.birdweather.com/species/1/HouseSparrow-standard-b861184cf45c092cdb45fd689dd676ef.jpg","https://media.birdweather.com/species/1/HouseSparrow-thumbnail-e9cbc91763a1579de8ef04880678b5e3.jpg","https://media.birdweather.com/species/1/HouseSparrow-png200-125e8603e1efe9d7a18316b94f06a65e.png","XAgCDwD8qpukuHiqtLZ9mImnmPFcDO4E",14133736586,"https://media.birdweather.com/soundscapes/6891/6891-20260710-033952.flac",0,3,"birdnetpi"
9537218464,6891,"2026-07-10T05:39:34.000+02:00",0.88,0.827771067619324,9.42445588461226,"almost_certain","2p4",NA,51.5631,6.0016,FALSE,1,"House Sparrow","Passer domesticus","#d16ff8","avian","https://media.birdweather.com/species/1/HouseSparrow-standard-b861184cf45c092cdb45fd689dd676ef.jpg","https://media.birdweather.com/species/1/HouseSparrow-thumbnail-e9cbc91763a1579de8ef04880678b5e3.jpg","https://media.birdweather.com/species/1/HouseSparrow-png200-125e8603e1efe9d7a18316b94f06a65e.png","XAgCDwD8qpukuHiqtLZ9mImnmPFcDO4E",14133723516,"https://media.birdweather.com/soundscapes/6891/6891-20260710-033934.flac",0,3,"birdnetpi"
9537212750,6891,"2026-07-10T05:39:10.000+02:00",0.87,0.827771067619324,9.400629197097,"almost_certain","2p4",NA,51.566,6.0033,FALSE,1,"House Sparrow","Passer domesticus","#d16ff8","avian","https://media.birdweather.com/species/1/HouseSparrow-standard-b861184cf45c092cdb45fd689dd676ef.jpg","https://media.birdweather.com/species/1/HouseSparrow-thumbnail-e9cbc91763a1579de8ef04880678b5e3.jpg","https://media.birdweather.com/species/1/HouseSparrow-png200-125e8603e1efe9d7a18316b94f06a65e.png","XAgCDwD8qpukuHiqtLZ9mImnmPFcDO4E",14133714506,"https://media.birdweather.com/soundscapes/6891/6891-20260710-033910.flac",0,3,"birdnetpi"
9537207171,6891,"2026-07-10T05:39:00.000+02:00",0.88,0.827771067619324,9.42445588461226,"almost_certain","2p4",NA,51.5689,6.0039,FALSE,1,"House Sparrow","Passer domesticus","#d16ff8","avian","https://media.birdweather.com/species/1/HouseSparrow-standard-b861184cf45c092cdb45fd689dd676ef.jpg","https://media.birdweather.com/species/1/HouseSparrow-thumbnail-e9cbc91763a1579de8ef04880678b5e3.jpg","https://media.birdweather.com/species/1/HouseSparrow-png200-125e8603e1efe9d7a18316b94f06a65e.png","XAgCDwD8qpukuHiqtLZ9mImnmPFcDO4E",14133705912,"https://media.birdweather.com/soundscapes/6891/6891-20260710-033900.flac",0,3,"birdnetpi"
9537198696,6891,"2026-07-10T05:38:21.000+02:00",0.84,0.827771067619324,9.32655710395673,"almost_certain","2p4",NA,51.5703,6.0077,FALSE,1,"House Sparrow","Passer domesticus","#d16ff8","avian","https://media.birdweather.com/species/1/HouseSparrow-standard-b861184cf45c092cdb45fd689dd676ef.jpg","https://media.birdweather.com/species/1/HouseSparrow-thumbnail-e9cbc91763a1579de8ef04880678b5e3.jpg","https://media.birdweather.com/species/1/HouseSparrow-png200-125e8603e1efe9d7a18316b94f06a65e.png","XAgCDwD8qpukuHiqtLZ9mImnmPFcDO4E",14133692689,"https://media.birdweather.com/soundscapes/6891/6891-20260710-033821.flac",0,3,"birdnetpi"
9537190182,6891,"2026-07-10T05:37:57.000+02:00",0.85,0.827771067619324,9.35169542393215,"almost_certain","2p4",NA,51.57,6.0032,FALSE,1,"House Sparrow","Passer domesticus","#d16ff8","avian","https://media.birdweather.com/species/1/HouseSparrow-standard-b861184cf45c092cdb45fd689dd676ef.jpg","https://media.birdweather.com/species/1/HouseSparrow-thumbnail-e9cbc91763a1579de8ef04880678b5e3.jpg","https://media.birdweather.com/species/1/HouseSparrow-png200-125e8603e1efe9d7a18316b94f06a65e.png","XAgCDwD8qpukuHiqtLZ9mImnmPFcDO4E",14133679648,"https://media.birdweather.com/soundscapes/6891/6891-20260710-033757.flac",0,3,"birdnetpi"
9537178430,6891,"2026-07-10T05:37:21.000+02:00",0.94,0.827771067619324,9.55931878436642,"almost_certain","2p4",NA,51.5682,6.0016,FALSE,1,"House Sparrow","Passer domesticus","#d16ff8","avian","https://media.birdweather.com/species/1/HouseSparrow-standard-b861184cf45c092cdb45fd689dd676ef.jpg","https://media.birdweather.com/species/1/HouseSparrow-thumbnail-e9cbc91763a1579de8ef04880678b5e3.jpg","https://media.birdweather.com/species/1/HouseSparrow-png200-125e8603e1efe9d7a18316b94f06a65e.png","XAgCDwD8qpukuHiqtLZ9mImnmPFcDO4E",14133661282,"https://media.birdweather.com/soundscapes/6891/6891-20260710-033721.flac",0,3,"birdnetpi"
9537169936,6891,"2026-07-10T05:37:01.000+02:00",0.93,0.827771067619324,9.53774353532007,"almost_certain","2p4",NA,51.5702,6.0086,FALSE,1,"House Sparrow","Passer domesticus","#d16ff8","avian","https://media.birdweather.com/species/1/HouseSparrow-standard-b861184cf45c092cdb45fd689dd676ef.jpg","https://media.birdweather.com/species/1/HouseSparrow-thumbnail-e9cbc91763a1579de8ef04880678b5e3.jpg","https://media.birdweather.com/species/1/HouseSparrow-png200-125e8603e1efe9d7a18316b94f06a65e.png","XAgCDwD8qpukuHiqtLZ9mImnmPFcDO4E",14133648172,"https://media.birdweather.com/soundscapes/6891/6891-20260710-033701.flac",0,3,"birdnetpi"
9537163980,6891,"2026-07-10T05:36:37.000+02:00",0.95,0.827771067619324,9.58055951992069,"almost_certain","2p4",NA,51.5627,6.0038,FALSE,1,"House Sparrow","Passer domesticus","#d16ff8","avian","https://media.birdweather.com/species/1/HouseSparrow-standard-b861184cf45c092cdb45fd689dd676ef.jpg","https://media.birdweather.com/species/1/HouseSparrow-thumbnail-e9cbc91763a1579de8ef04880678b5e3.jpg","https://media.birdweather.com/species/1/HouseSparrow-png200-125e8603e1efe9d7a18316b94f06a65e.png","XAgCDwD8qpukuHiqtLZ9mImnmPFcDO4E",14133638988,"https://media.birdweather.com/soundscapes/6891/6891-20260710-033637.flac",0,3,"birdnetpi"
9537155705,6891,"2026-07-10T05:36:10.000+02:00",0.87,0.827771067619324,9.400629197097,"almost_certain","2p4",NA,51.5655,6.0033,FALSE,1,"House Sparrow","Passer domesticus","#d16ff8","avian","https://media.birdweather.com/species/1/HouseSparrow-standard-b861184cf45c092cdb45fd689dd676ef.jpg","https://media.birdweather.com/species/1/HouseSparrow-thumbnail-e9cbc91763a1579de8ef04880678b5e3.jpg","https://media.birdweather.com/species/1/HouseSparrow-png200-125e8603e1efe9d7a18316b94f06a65e.png","XAgCDwD8qpukuHiqtLZ9mImnmPFcDO4E",14133625926,"https://media.birdweather.com/soundscapes/6891/6891-20260710-033610.flac",0,3,"birdnetpi"
9537153006,6891,"2026-07-10T05:35:54.000+02:00",0.86,0.572180032730103,8.87774853511527,"almost_certain","2p4",NA,51.5689,6.0056,FALSE,201,"Graylag Goose","Anser anser","#844800","avian","https://media.birdweather.com/species/201/GraylagGoose-standard-5235ddd797e4ea12096e170348c7ba78.jpg","https://media.birdweather.com/species/201/GraylagGoose-thumbnail-dcbb525def2966bd14949956147c5dba.jpg","https://media.birdweather.com/species/201/GraylagGoose-png200-40b0bbf2cd8e268c481e679711a36bb6.png","GtkFHwTASHhwaYe4ZomGWWSKiJ74ZlQA",14133621671,"https://media.birdweather.com/soundscapes/6891/6891-20260710-033554.flac",0,3,"birdnetpi"
9537146649,6891,"2026-07-10T05:35:37.000+02:00",0.9,0.827771067619324,9.47090101040795,"almost_certain","2p4",NA,51.5615,6.0005,FALSE,1,"House Sparrow","Passer domesticus","#d16ff8","avian","https://media.birdweather.com/species/1/HouseSparrow-standard-b861184cf45c092cdb45fd689dd676ef.jpg","https://media.birdweather.com/species/1/HouseSparrow-thumbnail-e9cbc91763a1579de8ef04880678b5e3.jpg","https://media.birdweather.com/species/1/HouseSparrow-png200-125e8603e1efe9d7a18316b94f06a65e.png","XAgCDwD8qpukuHiqtLZ9mImnmPFcDO4E",14133611865,"https://media.birdweather.com/soundscapes/6891/6891-20260710-033537.flac",0,3,"birdnetpi"
9537136931,6891,"2026-07-10T05:35:10.000+02:00",0.79,0.827771067619324,9.19344276857523,"almost_certain","2p4",NA,51.5648,6.0012,FALSE,1,"House Sparrow","Passer domesticus","#d16ff8","avian","https://media.birdweather.com/species/1/HouseSparrow-standard-b861184cf45c092cdb45fd689dd676ef.jpg","https://media.birdweather.com/species/1/HouseSparrow-thumbnail-e9cbc91763a1579de8ef04880678b5e3.jpg","https://media.birdweather.com/species/1/HouseSparrow-png200-125e8603e1efe9d7a18316b94f06a65e.png","XAgCDwD8qpukuHiqtLZ9mImnmPFcDO4E",14133596838,"https://media.birdweather.com/soundscapes/6891/6891-20260710-033510.flac",0,3,"birdnetpi"
9537131362,6891,"2026-07-10T05:34:46.000+02:00",0.84,0.827771067619324,9.32655710395673,"almost_certain","2p4",NA,51.563,6.0073,FALSE,1,"House Sparrow","Passer domesticus","#d16ff8","avian","https://media.birdweather.com/species/1/HouseSparrow-standard-b861184cf45c092cdb45fd689dd676ef.jpg","https://media.birdweather.com/species/1/HouseSparrow-thumbnail-e9cbc91763a1579de8ef04880678b5e3.jpg","https://media.birdweather.com/species/1/HouseSparrow-png200-125e8603e1efe9d7a18316b94f06a65e.png","XAgCDwD8qpukuHiqtLZ9mImnmPFcDO4E",14133588125,"https://media.birdweather.com/soundscapes/6891/6891-20260710-033446.flac",0,3,"birdnetpi"
9537122496,6891,"2026-07-10T05:34:18.000+02:00",0.76,0.827771067619324,9.10688767335373,"almost_certain","2p4",NA,51.562,6.0052,FALSE,1,"House Sparrow","Passer domesticus","#d16ff8","avian","https://media.birdweather.com/species/1/HouseSparrow-standard-b861184cf45c092cdb45fd689dd676ef.jpg","https://media.birdweather.com/species/1/HouseSparrow-thumbnail-e9cbc91763a1579de8ef04880678b5e3.jpg","https://media.birdweather.com/species/1/HouseSparrow-png200-125e8603e1efe9d7a18316b94f06a65e.png","XAgCDwD8qpukuHiqtLZ9mImnmPFcDO4E",14133573985,"https://media.birdweather.com/soundscapes/6891/6891-20260710-033418.flac",0,3,"birdnetpi"
9537113701,6891,"2026-07-10T05:33:48.000+02:00",0.89,0.827771067619324,9.4478752583145,"almost_certain","2p4",NA,51.5681,6.007,FALSE,1,"House Sparrow","Passer domesticus","#d16ff8","avian","https://media.birdweather.com/species/1/HouseSparrow-standard-b861184cf45c092cdb45fd689dd676ef.jpg","https://media.birdweather.com/species/1/HouseSparrow-thumbnail-e9cbc91763a1579de8ef04880678b5e3.jpg","https://media.birdweather.com/species/1/HouseSparrow-png200-125e8603e1efe9d7a18316b94f06a65e.png","XAgCDwD8qpukuHiqtLZ9mImnmPFcDO4E",14133560511,"https://media.birdweather.com/soundscapes/6891/6891-20260710-033348.flac",0,3,"birdnetpi"
9537105438,6891,"2026-07-10T05:33:24.000+02:00",0.76,0.827771067619324,9.10688767335373,"almost_certain","2p4",NA,51.566,6.0007,FALSE,1,"House Sparrow","Passer domesticus","#d16ff8","avian","https://media.birdweather.com/species/1/HouseSparrow-standard-b861184cf45c092cdb45fd689dd676ef.jpg","https://media.birdweather.com/species/1/HouseSparrow-thumbnail-e9cbc91763a1579de8ef04880678b5e3.jpg","https://media.birdweather.com/species/1/HouseSparrow-png200-125e8603e1efe9d7a18316b94f06a65e.png","XAgCDwD8qpukuHiqtLZ9mImnmPFcDO4E",14133547354,"https://media.birdweather.com/soundscapes/6891/6891-20260710-033324.flac",0,3,"birdnetpi"
9537097121,6891,"2026-07-10T05:33:01.000+02:00",0.73,0.827771067619324,9.01449311866385,"almost_certain","2p4",NA,51.5667,6.0091,FALSE,1,"House Sparrow","Passer domesticus","#d16ff8","avian","https://media.birdweather.com/species/1/HouseSparrow-standard-b861184cf45c092cdb45fd689dd676ef.jpg","https://media.birdweather.com/species/1/HouseSparrow-thumbnail-e9cbc91763a1579de8ef04880678b5e3.jpg","https://media.birdweather.com/species/1/HouseSparrow-png200-125e8603e1efe9d7a18316b94f06a65e.png","XAgCDwD8qpukuHiqtLZ9mImnmPFcDO4E",14133534405,"https://media.birdweather.com/soundscapes/6891/6891-20260710-033301.flac",0,3,"birdnetpi"
9537088658,6891,"2026-07-10T05:32:37.000+02:00",0.88,0.827771067619324,9.42445588461226,"almost_certain","2p4",NA,51.5618,6.0085,FALSE,1,"House Sparrow","Passer domesticus","#d16ff8","avian","https://media.birdweather.com/species/1/HouseSparrow-standard-b861184cf45c092cdb45fd689dd676ef.jpg","https://media.birdweather.com/species/1/HouseSparrow-thumbnail-e9cbc91763a1579de8ef04880678b5e3.jpg","https://media.birdweather.com/species/1/HouseSparrow-png200-125e8603e1efe9d7a18316b94f06a65e.png","XAgCDwD8qpukuHiqtLZ9mImnmPFcDO4E",14133521152,"https://media.birdweather.com/soundscapes/6891/6891-20260710-033237.flac",0,3,"birdnetpi"
9537081810,6891,"2026-07-10T05:32:05.000+02:00",0.94,0.827771067619324,9.55931878436642,"almost_certain","2p4",NA,51.5652,6.0087,FALSE,1,"House Sparrow","Passer domesticus","#d16ff8","avian","https://media.birdweather.com/species/1/HouseSparrow-standard-b861184cf45c092cdb45fd689dd676ef.jpg","https://media.birdweather.com/species/1/HouseSparrow-thumbnail-e9cbc91763a1579de8ef04880678b5e3.jpg","https://media.birdweather.com/species/1/HouseSparrow-png200-125e8603e1efe9d7a18316b94f06a65e.png","XAgCDwD8qpukuHiqtLZ9mImnmPFcDO4E",14133510484,"https://media.birdweather.com/soundscapes/6891/6891-20260710-033205.flac",0,3,"birdnetpi"
9537073913,6891,"2026-07-10T05:31:48.000+02:00",0.79,0.827771067619324,9.19344276857523,"almost_certain","2p4",NA,51.566,6.0033,FALSE,1,"House Sparrow","Passer domesticus","#d16ff8","avian","https://media.birdweather.com/species/1/HouseSparrow-standard-b861184cf45c092cdb45fd689dd676ef.jpg","https://media.birdweather.com/species/1/HouseSparrow-thumbnail-e9cbc91763a1579de8ef04880678b5e3.jpg","https://media.birdweather.com/species/1/HouseSparrow-png200-125e8603e1efe9d7a18316b94f06a65e.png","XAgCDwD8qpukuHiqtLZ9mImnmPFcDO4E",14133498007,"https://media.birdweather.com/soundscapes/6891/6891-20260710-033148.flac",0,3,"birdnetpi"
9537059471,6891,"2026-07-10T05:30:52.000+02:00",0.86,0.827771067619324,9.37638077647082,"almost_certain","2p4",NA,51.5664,6.0022,FALSE,1,"House Sparrow","Passer domesticus","#d16ff8","avian","https://media.birdweather.com/species/1/HouseSparrow-standard-b861184cf45c092cdb45fd689dd676ef.jpg","https://media.birdweather.com/species/1/HouseSparrow-thumbnail-e9cbc91763a1579de8ef04880678b5e3.jpg","https://media.birdweather.com/species/1/HouseSparrow-png200-125e8603e1efe9d7a18316b94f06a65e.png","XAgCDwD8qpukuHiqtLZ9mImnmPFcDO4E",14133475146,"https://media.birdweather.com/soundscapes/6891/6891-20260710-033052.flac",0,3,"birdnetpi"
9537056795,6891,"2026-07-10T05:30:46.000+02:00",0.83,0.924771189689636,9.45104184606051,"almost_certain","2p4",NA,51.5702,6.0037,FALSE,397,"Barn Swallow","Hirundo rustica","#c85500","avian","https://media.birdweather.com/species/397/BarnSwallow-standard-66c9cb8916403efe633a420fe54e3bc6.jpg","https://media.birdweather.com/species/397/BarnSwallow-thumbnail-418cddeb212e9e1ce5d35f61a3040433.jpg","https://media.birdweather.com/species/397/BarnSwallow-png200-317c812ebfcec488fad1824feff99dbc.png","IAgKHwKLhnmThXdPl1i3p3ll51f4jngP",14133470924,"https://media.birdweather.com/soundscapes/6891/6891-20260710-033046.flac",0,3,"birdnetpi"
9537036864,6891,"2026-07-10T05:29:48.000+02:00",0.91,0.827771067619324,9.49354615408111,"almost_certain","2p4",NA,51.5617,6.0034,FALSE,1,"House Sparrow","Passer domesticus","#d16ff8","avian","https://media.birdweather.com/species/1/HouseSparrow-standard-b861184cf45c092cdb45fd689dd676ef.jpg","https://media.birdweather.com/species/1/HouseSparrow-thumbnail-e9cbc91763a1579de8ef04880678b5e3.jpg","https://media.birdweather.com/species/1/HouseSparrow-png200-125e8603e1efe9d7a18316b94f06a65e.png","XAgCDwD8qpukuHiqtLZ9mImnmPFcDO4E",14133439888,"https://media.birdweather.com/soundscapes/6891/6891-20260710-032948.flac",0,3,"birdnetpi"
9537032259,6891,"2026-07-10T05:29:28.000+02:00",0.92,0.827771067619324,9.51582306767544,"almost_certain","2p4",NA,51.5622,6.008,FALSE,1,"House Sparrow","Passer domesticus","#d16ff8","avian","https://media.birdweather.com/species/1/HouseSparrow-standard-b861184cf45c092cdb45fd689dd676ef.jpg","https://media.birdweather.com/species/1/HouseSparrow-thumbnail-e9cbc91763a1579de8ef04880678b5e3.jpg","https://media.birdweather.com/species/1/HouseSparrow-png200-125e8603e1efe9d7a18316b94f06a65e.png","XAgCDwD8qpukuHiqtLZ9mImnmPFcDO4E",14133432574,"https://media.birdweather.com/soundscapes/6891/6891-20260710-032928.flac",0,3,"birdnetpi"
9537022976,6891,"2026-07-10T05:29:04.000+02:00",0.8,0.827771067619324,9.22112047760023,"almost_certain","2p4",NA,51.5651,6.0032,FALSE,1,"House Sparrow","Passer domesticus","#d16ff8","avian","https://media.birdweather.com/species/1/HouseSparrow-standard-b861184cf45c092cdb45fd689dd676ef.jpg","https://media.birdweather.com/species/1/HouseSparrow-thumbnail-e9cbc91763a1579de8ef04880678b5e3.jpg","https://media.birdweather.com/species/1/HouseSparrow-png200-125e8603e1efe9d7a18316b94f06a65e.png","XAgCDwD8qpukuHiqtLZ9mImnmPFcDO4E",14133418160,"https://media.birdweather.com/soundscapes/6891/6891-20260710-032904.flac",0,3,"birdnetpi"
9537015287,6891,"2026-07-10T05:28:31.000+02:00",0.83,0.827771067619324,9.30094888173008,"almost_certain","2p4",NA,51.5631,6.0086,FALSE,1,"House Sparrow","Passer domesticus","#d16ff8","avian","https://media.birdweather.com/species/1/HouseSparrow-standard-b861184cf45c092cdb45fd689dd676ef.jpg","https://media.birdweather.com/species/1/HouseSparrow-thumbnail-e9cbc91763a1579de8ef04880678b5e3.jpg","https://media.birdweather.com/species/1/HouseSparrow-png200-125e8603e1efe9d7a18316b94f06a65e.png","XAgCDwD8qpukuHiqtLZ9mImnmPFcDO4E",14133406568,"https://media.birdweather.com/soundscapes/6891/6891-20260710-032831.flac",0,3,"birdnetpi"
9537006628,6891,"2026-07-10T05:28:06.000+02:00",0.93,0.827771067619324,9.53774353532007,"almost_certain","2p4",NA,51.5701,6.0049,FALSE,1,"House Sparrow","Passer domesticus","#d16ff8","avian","https://media.birdweather.com/species/1/HouseSparrow-standard-b861184cf45c092cdb45fd689dd676ef.jpg","https://media.birdweather.com/species/1/HouseSparrow-thumbnail-e9cbc91763a1579de8ef04880678b5e3.jpg","https://media.birdweather.com/species/1/HouseSparrow-png200-125e8603e1efe9d7a18316b94f06a65e.png","XAgCDwD8qpukuHiqtLZ9mImnmPFcDO4E",14133393507,"https://media.birdweather.com/soundscapes/6891/6891-20260710-032806.flac",0,3,"birdnetpi"
9536998273,6891,"2026-07-10T05:27:39.000+02:00",0.9,0.827771067619324,9.47090101040795,"almost_certain","2p4",NA,51.5656,6.0006,FALSE,1,"House Sparrow","Passer domesticus","#d16ff8","avian","https://media.birdweather.com/species/1/HouseSparrow-standard-b861184cf45c092cdb45fd689dd676ef.jpg","https://media.birdweather.com/species/1/HouseSparrow-thumbnail-e9cbc91763a1579de8ef04880678b5e3.jpg","https://media.birdweather.com/species/1/HouseSparrow-png200-125e8603e1efe9d7a18316b94f06a65e.png","XAgCDwD8qpukuHiqtLZ9mImnmPFcDO4E",14133380476,"https://media.birdweather.com/soundscapes/6891/6891-20260710-032739.flac",0,3,"birdnetpi"
9536990263,6891,"2026-07-10T05:27:16.000+02:00",0.79,0.827771067619324,9.19344276857523,"almost_certain","2p4",NA,51.5624,6.0064,FALSE,1,"House Sparrow","Passer domesticus","#d16ff8","avian","https://media.birdweather.com/species/1/HouseSparrow-standard-b861184cf45c092cdb45fd689dd676ef.jpg","https://media.birdweather.com/species/1/HouseSparrow-thumbnail-e9cbc91763a1579de8ef04880678b5e3.jpg","https://media.birdweather.com/species/1/HouseSparrow-png200-125e8603e1efe9d7a18316b94f06a65e.png","XAgCDwD8qpukuHiqtLZ9mImnmPFcDO4E",14133367974,"https://media.birdweather.com/soundscapes/6891/6891-20260710-032716.flac",0,3,"birdnetpi"
9536982314,6891,"2026-07-10T05:26:43.000+02:00",0.87,0.827771067619324,9.400629197097,"almost_certain","2p4",NA,51.5703,6.0068,FALSE,1,"House Sparrow","Passer domesticus","#d16ff8","avian","https://media.birdweather.com/species/1/HouseSparrow-standard-b861184cf45c092cdb45fd689dd676ef.jpg","https://media.birdweather.com/species/1/HouseSparrow-thumbnail-e9cbc91763a1579de8ef04880678b5e3.jpg","https://media.birdweather.com/species/1/HouseSparrow-png200-125e8603e1efe9d7a18316b94f06a65e.png","XAgCDwD8qpukuHiqtLZ9mImnmPFcDO4E",14133355282,"https://media.birdweather.com/soundscapes/6891/6891-20260710-032643.flac",0,3,"birdnetpi"
9536973778,6891,"2026-07-10T05:26:21.000+02:00",0.96,0.827771067619324,9.60147595673987,"almost_certain","2p4",NA,51.5627,6.0092,FALSE,1,"House Sparrow","Passer domesticus","#d16ff8","avian","https://media.birdweather.com/species/1/HouseSparrow-standard-b861184cf45c092cdb45fd689dd676ef.jpg","https://media.birdweather.com/species/1/HouseSparrow-thumbnail-e9cbc91763a1579de8ef04880678b5e3.jpg","https://media.birdweather.com/species/1/HouseSparrow-png200-125e8603e1efe9d7a18316b94f06a65e.png","XAgCDwD8qpukuHiqtLZ9mImnmPFcDO4E",14133341778,"https://media.birdweather.com/soundscapes/6891/6891-20260710-032621.flac",0,3,"birdnetpi"
9536965527,6891,"2026-07-10T05:25:58.000+02:00",0.88,0.827771067619324,9.42445588461226,"almost_certain","2p4",NA,51.5626,6.0009,FALSE,1,"House Sparrow","Passer domesticus","#d16ff8","avian","https://media.birdweather.com/species/1/HouseSparrow-standard-b861184cf45c092cdb45fd689dd676ef.jpg","https://media.birdweather.com/species/1/HouseSparrow-thumbnail-e9cbc91763a1579de8ef04880678b5e3.jpg","https://media.birdweather.com/species/1/HouseSparrow-png200-125e8603e1efe9d7a18316b94f06a65e.png","XAgCDwD8qpukuHiqtLZ9mImnmPFcDO4E",14133328768,"https://media.birdweather.com/soundscapes/6891/6891-20260710-032558.flac",0,3,"birdnetpi"
9536953776,6891,"2026-07-10T05:25:13.000+02:00",0.82,0.827771067619324,9.27485285462022,"almost_certain","2p4",NA,51.567,6.0042,FALSE,1,"House Sparrow","Passer domesticus","#d16ff8","avian","https://media.birdweather.com/species/1/HouseSparrow-standard-b861184cf45c092cdb45fd689dd676ef.jpg","https://media.birdweather.com/species/1/HouseSparrow-thumbnail-e9cbc91763a1579de8ef04880678b5e3.jpg","https://media.birdweather.com/species/1/HouseSparrow-png200-125e8603e1efe9d7a18316b94f06a65e.png","XAgCDwD8qpukuHiqtLZ9mImnmPFcDO4E",14133310818,"https://media.birdweather.com/soundscapes/6891/6891-20260710-032513.flac",0,3,"birdnetpi"
9536946021,6891,"2026-07-10T05:24:49.000+02:00",0.9,0.827771067619324,9.47090101040795,"almost_certain","2p4",NA,51.5684,6.0033,FALSE,1,"House Sparrow","Passer domesticus","#d16ff8","avian","https://media.birdweather.com/species/1/HouseSparrow-standard-b861184cf45c092cdb45fd689dd676ef.jpg","https://media.birdweather.com/species/1/HouseSparrow-thumbnail-e9cbc91763a1579de8ef04880678b5e3.jpg","https://media.birdweather.com/species/1/HouseSparrow-png200-125e8603e1efe9d7a18316b94f06a65e.png","XAgCDwD8qpukuHiqtLZ9mImnmPFcDO4E",14133298251,"https://media.birdweather.com/soundscapes/6891/6891-20260710-032449.flac",0,3,"birdnetpi"
9536937795,6891,"2026-07-10T05:24:30.000+02:00",0.91,0.827771067619324,9.49354615408111,"almost_certain","2p4",NA,51.5675,6.0082,FALSE,1,"House Sparrow","Passer domesticus","#d16ff8","avian","https://media.birdweather.com/species/1/HouseSparrow-standard-b861184cf45c092cdb45fd689dd676ef.jpg","https://media.birdweather.com/species/1/HouseSparrow-thumbnail-e9cbc91763a1579de8ef04880678b5e3.jpg","https://media.birdweather.com/species/1/HouseSparrow-png200-125e8603e1efe9d7a18316b94f06a65e.png","XAgCDwD8qpukuHiqtLZ9mImnmPFcDO4E",14133285188,"https://media.birdweather.com/soundscapes/6891/6891-20260710-032430.flac",0,3,"birdnetpi"
9536929892,6891,"2026-07-10T05:23:55.000+02:00",0.89,0.827771067619324,9.4478752583145,"almost_certain","2p4",NA,51.5674,6.0073,FALSE,1,"House Sparrow","Passer domesticus","#d16ff8","avian","https://media.birdweather.com/species/1/HouseSparrow-standard-b861184cf45c092cdb45fd689dd676ef.jpg","https://media.birdweather.com/species/1/HouseSparrow-thumbnail-e9cbc91763a1579de8ef04880678b5e3.jpg","https://media.birdweather.com/species/1/HouseSparrow-png200-125e8603e1efe9d7a18316b94f06a65e.png","XAgCDwD8qpukuHiqtLZ9mImnmPFcDO4E",14133272607,"https://media.birdweather.com/soundscapes/6891/6891-20260710-032355.flac",0,3,"birdnetpi"
9536921385,6891,"2026-07-10T05:23:33.000+02:00",0.91,0.827771067619324,9.49354615408111,"almost_certain","2p4",NA,51.5675,6.009,FALSE,1,"House Sparrow","Passer domesticus","#d16ff8","avian","https://media.birdweather.com/species/1/HouseSparrow-standard-b861184cf45c092cdb45fd689dd676ef.jpg","https://media.birdweather.com/species/1/HouseSparrow-thumbnail-e9cbc91763a1579de8ef04880678b5e3.jpg","https://media.birdweather.com/species/1/HouseSparrow-png200-125e8603e1efe9d7a18316b94f06a65e.png","XAgCDwD8qpukuHiqtLZ9mImnmPFcDO4E",14133259015,"https://media.birdweather.com/soundscapes/6891/6891-20260710-032333.flac",0,3,"birdnetpi"
9536912148,6891,"2026-07-10T05:23:00.000+02:00",0.84,0.827771067619324,9.32655710395673,"almost_certain","2p4",NA,51.5618,6.0019,FALSE,1,"House Sparrow","Passer domesticus","#d16ff8","avian","https://media.birdweather.com/species/1/HouseSparrow-standard-b861184cf45c092cdb45fd689dd676ef.jpg","https://media.birdweather.com/species/1/HouseSparrow-thumbnail-e9cbc91763a1579de8ef04880678b5e3.jpg","https://media.birdweather.com/species/1/HouseSparrow-png200-125e8603e1efe9d7a18316b94f06a65e.png","XAgCDwD8qpukuHiqtLZ9mImnmPFcDO4E",14133244051,"https://media.birdweather.com/soundscapes/6891/6891-20260710-032300.flac",0,3,"birdnetpi"
9536904066,6891,"2026-07-10T05:22:36.000+02:00",0.87,0.827771067619324,9.400629197097,"almost_certain","2p4",NA,51.5689,6.0044,FALSE,1,"House Sparrow","Passer domesticus","#d16ff8","avian","https://media.birdweather.com/species/1/HouseSparrow-standard-b861184cf45c092cdb45fd689dd676ef.jpg","https://media.birdweather.com/species/1/HouseSparrow-thumbnail-e9cbc91763a1579de8ef04880678b5e3.jpg","https://media.birdweather.com/species/1/HouseSparrow-png200-125e8603e1efe9d7a18316b94f06a65e.png","XAgCDwD8qpukuHiqtLZ9mImnmPFcDO4E",14133231504,"https://media.birdweather.com/soundscapes/6891/6891-20260710-032236.flac",0,3,"birdnetpi"
9536889750,6891,"2026-07-10T05:21:52.000+02:00",0.83,0.827771067619324,9.30094888173008,"almost_certain","2p4",NA,51.5681,6.0046,FALSE,1,"House Sparrow","Passer domesticus","#d16ff8","avian","https://media.birdweather.com/species/1/HouseSparrow-standard-b861184cf45c092cdb45fd689dd676ef.jpg","https://media.birdweather.com/species/1/HouseSparrow-thumbnail-e9cbc91763a1579de8ef04880678b5e3.jpg","https://media.birdweather.com/species/1/HouseSparrow-png200-125e8603e1efe9d7a18316b94f06a65e.png","XAgCDwD8qpukuHiqtLZ9mImnmPFcDO4E",14133208774,"https://media.birdweather.com/soundscapes/6891/6891-20260710-032152.flac",0,3,"birdnetpi"
9536881598,6891,"2026-07-10T05:21:25.000+02:00",0.94,0.827771067619324,9.55931878436642,"almost_certain","2p4",NA,51.564,6.0006,FALSE,1,"House Sparrow","Passer domesticus","#d16ff8","avian","https://media.birdweather.com/species/1/HouseSparrow-standard-b861184cf45c092cdb45fd689dd676ef.jpg","https://media.birdweather.com/species/1/HouseSparrow-thumbnail-e9cbc91763a1579de8ef04880678b5e3.jpg","https://media.birdweather.com/species/1/HouseSparrow-png200-125e8603e1efe9d7a18316b94f06a65e.png","XAgCDwD8qpukuHiqtLZ9mImnmPFcDO4E",14133195773,"https://media.birdweather.com/soundscapes/6891/6891-20260710-032125.flac",0,3,"birdnetpi"
9536872769,6891,"2026-07-10T05:20:45.000+02:00",0.74,0.827771067619324,9.04598875863169,"almost_certain","2p4",NA,51.5691,6.0019,FALSE,1,"House Sparrow","Passer domesticus","#d16ff8","avian","https://media.birdweather.com/species/1/HouseSparrow-standard-b861184cf45c092cdb45fd689dd676ef.jpg","https://media.birdweather.com/species/1/HouseSparrow-thumbnail-e9cbc91763a1579de8ef04880678b5e3.jpg","https://media.birdweather.com/species/1/HouseSparrow-png200-125e8603e1efe9d7a18316b94f06a65e.png","XAgCDwD8qpukuHiqtLZ9mImnmPFcDO4E",14133181745,"https://media.birdweather.com/soundscapes/6891/6891-20260710-032045.flac",0,3,"birdnetpi"
9536862753,6891,"2026-07-10T05:20:21.000+02:00",0.92,0.993988573551178,9.76378079946387,"almost_certain","2p4",NA,51.5685,6.0016,FALSE,35,"Eurasian Blackbird","Turdus merula","#ff65df","avian","https://media.birdweather.com/species/35/EurasianBlackbird-standard-618b3a5132c7c359fb2a2884c39deb39.jpg","https://media.birdweather.com/species/35/EurasianBlackbird-thumbnail-276878929bed08167d1fd9bf34d63d40.jpg","https://media.birdweather.com/species/35/EurasianBlackbird-png200-ba5a1b43225da4611cac429c52a52c81.png","GfkFFwKRmrx2ZYiaaQe69nlzScn3T7IA",14133165806,"https://media.birdweather.com/soundscapes/6891/6891-20260710-032021.flac",0,3,"birdnetpi"
9536861847,6891,"2026-07-10T05:20:16.000+02:00",0.78,0.827771067619324,9.16519434510748,"almost_certain","2p4",NA,51.5628,6.0089,FALSE,1,"House Sparrow","Passer domesticus","#d16ff8","avian","https://media.birdweather.com/species/1/HouseSparrow-standard-b861184cf45c092cdb45fd689dd676ef.jpg","https://media.birdweather.com/species/1/HouseSparrow-thumbnail-e9cbc91763a1579de8ef04880678b5e3.jpg","https://media.birdweather.com/species/1/HouseSparrow-png200-125e8603e1efe9d7a18316b94f06a65e.png","XAgCDwD8qpukuHiqtLZ9mImnmPFcDO4E",14133164422,"https://media.birdweather.com/soundscapes/6891/6891-20260710-032016.flac",0,3,"birdnetpi"
9536853272,6891,"2026-07-10T05:19:40.000+02:00",0.9,0.827771067619324,9.47090101040795,"almost_certain","2p4",NA,51.5633,6.0073,FALSE,1,"House Sparrow","Passer domesticus","#d16ff8","avian","https://media.birdweather.com/species/1/HouseSparrow-standard-b861184cf45c092cdb45fd689dd676ef.jpg","https://media.birdweather.com/species/1/HouseSparrow-thumbnail-e9cbc91763a1579de8ef04880678b5e3.jpg","https://media.birdweather.com/species/1/HouseSparrow-png200-125e8603e1efe9d7a18316b94f06a65e.png","XAgCDwD8qpukuHiqtLZ9mImnmPFcDO4E",14133150855,"https://media.birdweather.com/soundscapes/6891/6891-20260710-031940.flac",0,3,"birdnetpi"
9536844582,6891,"2026-07-10T05:19:15.000+02:00",0.93,0.827771067619324,9.53774353532007,"almost_certain","2p4",NA,51.5702,6.0031,FALSE,1,"House Sparrow","Passer domesticus","#d16ff8","avian","https://media.birdweather.com/species/1/HouseSparrow-standard-b861184cf45c092cdb45fd689dd676ef.jpg","https://media.birdweather.com/species/1/HouseSparrow-thumbnail-e9cbc91763a1579de8ef04880678b5e3.jpg","https://media.birdweather.com/species/1/HouseSparrow-png200-125e8603e1efe9d7a18316b94f06a65e.png","XAgCDwD8qpukuHiqtLZ9mImnmPFcDO4E",14133137265,"https://media.birdweather.com/soundscapes/6891/6891-20260710-031915.flac",0,3,"birdnetpi"
9536836207,6891,"2026-07-10T05:18:46.000+02:00",0.86,0.827771067619324,9.37638077647082,"almost_certain","2p4",NA,51.5653,6.0086,FALSE,1,"House Sparrow","Passer domesticus","#d16ff8","avian","https://media.birdweather.com/species/1/HouseSparrow-standard-b861184cf45c092cdb45fd689dd676ef.jpg","https://media.birdweather.com/species/1/HouseSparrow-thumbnail-e9cbc91763a1579de8ef04880678b5e3.jpg","https://media.birdweather.com/species/1/HouseSparrow-png200-125e8603e1efe9d7a18316b94f06a65e.png","XAgCDwD8qpukuHiqtLZ9mImnmPFcDO4E",14133124254,"https://media.birdweather.com/soundscapes/6891/6891-20260710-031846.flac",0,3,"birdnetpi"
9536828049,6891,"2026-07-10T05:18:24.000+02:00",0.87,0.827771067619324,9.400629197097,"almost_certain","2p4",NA,51.5624,6.0043,FALSE,1,"House Sparrow","Passer domesticus","#d16ff8","avian","https://media.birdweather.com/species/1/HouseSparrow-standard-b861184cf45c092cdb45fd689dd676ef.jpg","https://media.birdweather.com/species/1/HouseSparrow-thumbnail-e9cbc91763a1579de8ef04880678b5e3.jpg","https://media.birdweather.com/species/1/HouseSparrow-png200-125e8603e1efe9d7a18316b94f06a65e.png","XAgCDwD8qpukuHiqtLZ9mImnmPFcDO4E",14133111295,"https://media.birdweather.com/soundscapes/6891/6891-20260710-031824.flac",0,3,"birdnetpi"
9536818276,6891,"2026-07-10T05:17:48.000+02:00",0.91,0.827771067619324,9.49354615408111,"almost_certain","2p4",NA,51.563,6.0041,FALSE,1,"House Sparrow","Passer domesticus","#d16ff8","avian","https://media.birdweather.com/species/1/HouseSparrow-standard-b861184cf45c092cdb45fd689dd676ef.jpg","https://media.birdweather.com/species/1/HouseSparrow-thumbnail-e9cbc91763a1579de8ef04880678b5e3.jpg","https://media.birdweather.com/species/1/HouseSparrow-png200-125e8603e1efe9d7a18316b94f06a65e.png","XAgCDwD8qpukuHiqtLZ9mImnmPFcDO4E",14133096208,"https://media.birdweather.com/soundscapes/6891/6891-20260710-031748.flac",0,3,"birdnetpi"
9536793712,6891,"2026-07-10T05:16:29.000+02:00",0.8,0.995683014392853,9.47138842217875,"almost_certain","2p4",NA,51.5657,6.0064,FALSE,58,"Carrion Crow","Corvus corone","#01a85a","avian","https://media.birdweather.com/species/58/CarrionCrow-standard-ed24da07616d0cd7c5ef9cd2892ec869.jpg","https://media.birdweather.com/species/58/CarrionCrow-thumbnail-38cc6285bbd8f8340f32fa4dc3f58a69.jpg","https://media.birdweather.com/species/58/CarrionCrow-png200-5ec2904f61f6588853b296f54d8d0cb6.png","nggODwDDmZlqdoiPdLeIWIiYaK6A1gMK",14133058297,"https://media.birdweather.com/soundscapes/6891/6891-20260710-031629.flac",0,3,"birdnetpi"
9536772497,6891,"2026-07-10T05:15:21.000+02:00",0.91,0.21911683678627,7.71732362299993,"almost_certain","2p4",NA,51.5703,6.0078,FALSE,20,"Black Redstart","Phoenicurus ochruros","#c8ce2d","avian","https://media.birdweather.com/species/20/BlackRedstart-standard-4255c9b712ecb46ea7d3df8d556c18e7.jpg","https://media.birdweather.com/species/20/BlackRedstart-thumbnail-2fee59acc1ecc6be7238da194869e940.jpg","https://media.birdweather.com/species/20/BlackRedstart-png200-cbc0625b8b4889aeec1da754ad906efd.png","2QgGFwT8epa+l3ZlZ5hntnh4Z/6oyZ8I",14133024960,"https://media.birdweather.com/soundscapes/6891/6891-20260710-031521.flac",0,3,"birdnetpi"
9536752840,6891,"2026-07-10T05:14:16.000+02:00",0.96,0.565714955329895,9.08754483565427,"almost_certain","2p4",NA,51.5654,6.0086,FALSE,10,"Eurasian Kestrel","Falco tinnunculus","#6bc22c","avian","https://media.birdweather.com/species/10/EurasianKestrel-standard-43555ea3c633ad98ec8c7e11e4d33f50.jpg","https://media.birdweather.com/species/10/EurasianKestrel-thumbnail-d233a05618e962a1ba6af70196d5f8b9.jpg","https://media.birdweather.com/species/10/EurasianKestrel-png200-c97582174f933aeeefb9662bc137d347.png","lgkGDwQFyHiJZ5dzfIR3iniIOPqFB4UD",14132993814,"https://media.birdweather.com/soundscapes/6891/6891-20260710-031416.flac",0,3,"birdnetpi"
9536739307,6891,"2026-07-10T05:13:30.000+02:00",0.75,0.21911683678627,7.30055404006783,"almost_certain","2p4",NA,51.5698,6.0087,FALSE,20,"Black Redstart","Phoenicurus ochruros","#c8ce2d","avian","https://media.birdweather.com/species/20/BlackRedstart-standard-4255c9b712ecb46ea7d3df8d556c18e7.jpg","https://media.birdweather.com/species/20/BlackRedstart-thumbnail-2fee59acc1ecc6be7238da194869e940.jpg","https://media.birdweather.com/species/20/BlackRedstart-png200-cbc0625b8b4889aeec1da754ad906efd.png","2QgGFwT8epa+l3ZlZ5hntnh4Z/6oyZ8I",14132972129,"https://media.birdweather.com/soundscapes/6891/6891-20260710-031330.flac",0,3,"birdnetpi"
9536730972,6891,"2026-07-10T05:13:01.000+02:00",0.74,0.21911683678627,7.26976622755051,"almost_certain","2p4",NA,51.5645,6.004,FALSE,20,"Black Redstart","Phoenicurus ochruros","#c8ce2d","avian","https://media.birdweather.com/species/20/BlackRedstart-standard-4255c9b712ecb46ea7d3df8d556c18e7.jpg","https://media.birdweather.com/species/20/BlackRedstart-thumbnail-2fee59acc1ecc6be7238da194869e940.jpg","https://media.birdweather.com/species/20/BlackRedstart-png200-cbc0625b8b4889aeec1da754ad906efd.png","2QgGFwT8epa+l3ZlZ5hntnh4Z/6oyZ8I",14132958809,"https://media.birdweather.com/soundscapes/6891/6891-20260710-031301.flac",0,3,"birdnetpi"
9536671285,6891,"2026-07-10T05:09:46.000+02:00",0.83,0.21911683678627,7.5247263506489,"almost_certain","2p4",NA,51.5681,6.0025,FALSE,20,"Black Redstart","Phoenicurus ochruros","#c8ce2d","avian","https://media.birdweather.com/species/20/BlackRedstart-standard-4255c9b712ecb46ea7d3df8d556c18e7.jpg","https://media.birdweather.com/species/20/BlackRedstart-thumbnail-2fee59acc1ecc6be7238da194869e940.jpg","https://media.birdweather.com/species/20/BlackRedstart-png200-cbc0625b8b4889aeec1da754ad906efd.png","2QgGFwT8epa+l3ZlZ5hntnh4Z/6oyZ8I",14132864363,"https://media.birdweather.com/soundscapes/6891/6891-20260710-030946.flac",0,3,"birdnetpi"
9536666875,6891,"2026-07-10T05:09:33.000+02:00",0.74,0.995683014392853,9.2962567032102,"almost_certain","2p4",NA,51.5648,6.007,FALSE,58,"Carrion Crow","Corvus corone","#01a85a","avian","https://media.birdweather.com/species/58/CarrionCrow-standard-ed24da07616d0cd7c5ef9cd2892ec869.jpg","https://media.birdweather.com/species/58/CarrionCrow-thumbnail-38cc6285bbd8f8340f32fa4dc3f58a69.jpg","https://media.birdweather.com/species/58/CarrionCrow-png200-5ec2904f61f6588853b296f54d8d0cb6.png","nggODwDDmZlqdoiPdLeIWIiYaK6A1gMK",14132857267,"https://media.birdweather.com/soundscapes/6891/6891-20260710-030933.flac",0,3,"birdnetpi"
9536652244,6891,"2026-07-10T05:08:42.000+02:00",0.73,0.21911683678627,7.23827058758267,"almost_certain","2p4",NA,51.5671,6.0007,FALSE,20,"Black Redstart","Phoenicurus ochruros","#c8ce2d","avian","https://media.birdweather.com/species/20/BlackRedstart-standard-4255c9b712ecb46ea7d3df8d556c18e7.jpg","https://media.birdweather.com/species/20/BlackRedstart-thumbnail-2fee59acc1ecc6be7238da194869e940.jpg","https://media.birdweather.com/species/20/BlackRedstart-png200-cbc0625b8b4889aeec1da754ad906efd.png","2QgGFwT8epa+l3ZlZ5hntnh4Z/6oyZ8I",14132833785,"https://media.birdweather.com/soundscapes/6891/6891-20260710-030842.flac",0,3,"birdnetpi"
9536639919,6891,"2026-07-10T05:08:00.000+02:00",0.72,0.695406913757324,8.74665736156074,"almost_certain","2p4",NA,51.5681,6.0085,FALSE,89,"European Goldfinch","Carduelis carduelis","#65dba3","avian","https://media.birdweather.com/species/89/EuropeanGoldfinch-standard-5e709d6e7011b21fe905b6d27ce94b9d.jpg","https://media.birdweather.com/species/89/EuropeanGoldfinch-thumbnail-f99916cbaf5a2c3bd8f61890d18d73c1.jpg","https://media.birdweather.com/species/89/EuropeanGoldfinch-png200-ef3fc90c8328c40b59d9ad3c4b52e850.png","lPgJDwI+UJmHq2hji4dWiHiH2XQID5UC",14132813708,"https://media.birdweather.com/soundscapes/6891/6891-20260710-030800.flac",0,3,"birdnetpi"
9536316232,6891,"2026-07-10T04:49:58.000+02:00",0.72,0.21911683678627,7.20603380613071,"almost_certain","2p4",NA,51.5684,6.0062,FALSE,20,"Black Redstart","Phoenicurus ochruros","#c8ce2d","avian","https://media.birdweather.com/species/20/BlackRedstart-standard-4255c9b712ecb46ea7d3df8d556c18e7.jpg","https://media.birdweather.com/species/20/BlackRedstart-thumbnail-2fee59acc1ecc6be7238da194869e940.jpg","https://media.birdweather.com/species/20/BlackRedstart-png200-cbc0625b8b4889aeec1da754ad906efd.png","2QgGFwT8epa+l3ZlZ5hntnh4Z/6oyZ8I",14132295265,"https://media.birdweather.com/soundscapes/6891/6891-20260710-024958.flac",0,3,"birdnetpi"
9536303280,6891,"2026-07-10T04:49:15.000+02:00",0.92,0.21911683678627,7.73960053659427,"almost_certain","2p4",NA,51.5695,6.0031,FALSE,20,"Black Redstart","Phoenicurus ochruros","#c8ce2d","avian","https://media.birdweather.com/species/20/BlackRedstart-standard-4255c9b712ecb46ea7d3df8d556c18e7.jpg","https://media.birdweather.com/species/20/BlackRedstart-thumbnail-2fee59acc1ecc6be7238da194869e940.jpg","https://media.birdweather.com/species/20/BlackRedstart-png200-cbc0625b8b4889aeec1da754ad906efd.png","2QgGFwT8epa+l3ZlZ5hntnh4Z/6oyZ8I",14132274144,"https://media.birdweather.com/soundscapes/6891/6891-20260710-024915.flac",0,3,"birdnetpi"
9536276709,6891,"2026-07-10T04:47:46.000+02:00",0.72,0.993988573551178,9.23021406900031,"almost_certain","2p4",NA,51.5666,6.0027,FALSE,35,"Eurasian Blackbird","Turdus merula","#ff65df","avian","https://media.birdweather.com/species/35/EurasianBlackbird-standard-618b3a5132c7c359fb2a2884c39deb39.jpg","https://media.birdweather.com/species/35/EurasianBlackbird-thumbnail-276878929bed08167d1fd9bf34d63d40.jpg","https://media.birdweather.com/species/35/EurasianBlackbird-png200-ba5a1b43225da4611cac429c52a52c81.png","GfkFFwKRmrx2ZYiaaQe69nlzScn3T7IA",14132231490,"https://media.birdweather.com/soundscapes/6891/6891-20260710-024746.flac",0,3,"birdnetpi"
9536272470,6891,"2026-07-10T04:47:33.000+02:00",0.98,0.21911683678627,7.86615198517376,"almost_certain","2p4",NA,51.5663,6.0061,FALSE,20,"Black Redstart","Phoenicurus ochruros","#c8ce2d","avian","https://media.birdweather.com/species/20/BlackRedstart-standard-4255c9b712ecb46ea7d3df8d556c18e7.jpg","https://media.birdweather.com/species/20/BlackRedstart-thumbnail-2fee59acc1ecc6be7238da194869e940.jpg","https://media.birdweather.com/species/20/BlackRedstart-png200-cbc0625b8b4889aeec1da754ad906efd.png","2QgGFwT8epa+l3ZlZ5hntnh4Z/6oyZ8I",14132224742,"https://media.birdweather.com/soundscapes/6891/6891-20260710-024733.flac",0,3,"birdnetpi"
9536264684,6891,"2026-07-10T04:47:13.000+02:00",0.83,0.993988573551178,9.5489066135185,"almost_certain","2p4",NA,51.5692,6.0005,FALSE,35,"Eurasian Blackbird","Turdus merula","#ff65df","avian","https://media.birdweather.com/species/35/EurasianBlackbird-standard-618b3a5132c7c359fb2a2884c39deb39.jpg","https://media.birdweather.com/species/35/EurasianBlackbird-thumbnail-276878929bed08167d1fd9bf34d63d40.jpg","https://media.birdweather.com/species/35/EurasianBlackbird-png200-ba5a1b43225da4611cac429c52a52c81.png","GfkFFwKRmrx2ZYiaaQe69nlzScn3T7IA",14132212318,"https://media.birdweather.com/soundscapes/6891/6891-20260710-024713.flac",0,3,"birdnetpi"
9536261921,6891,"2026-07-10T04:47:03.000+02:00",0.9,0.21911683678627,7.69467847932677,"almost_certain","2p4",NA,51.5633,6.0025,FALSE,20,"Black Redstart","Phoenicurus ochruros","#c8ce2d","avian","https://media.birdweather.com/species/20/BlackRedstart-standard-4255c9b712ecb46ea7d3df8d556c18e7.jpg","https://media.birdweather.com/species/20/BlackRedstart-thumbnail-2fee59acc1ecc6be7238da194869e940.jpg","https://media.birdweather.com/species/20/BlackRedstart-png200-cbc0625b8b4889aeec1da754ad906efd.png","2QgGFwT8epa+l3ZlZ5hntnh4Z/6oyZ8I",14132208035,"https://media.birdweather.com/soundscapes/6891/6891-20260710-024703.flac",0,3,"birdnetpi"
9536257609,6891,"2026-07-10T04:46:43.000+02:00",0.93,0.993988573551178,9.78570126710849,"almost_certain","2p4",NA,51.5641,6.0064,FALSE,35,"Eurasian Blackbird","Turdus merula","#ff65df","avian","https://media.birdweather.com/species/35/EurasianBlackbird-standard-618b3a5132c7c359fb2a2884c39deb39.jpg","https://media.birdweather.com/species/35/EurasianBlackbird-thumbnail-276878929bed08167d1fd9bf34d63d40.jpg","https://media.birdweather.com/species/35/EurasianBlackbird-png200-ba5a1b43225da4611cac429c52a52c81.png","GfkFFwKRmrx2ZYiaaQe69nlzScn3T7IA",14132201268,"https://media.birdweather.com/soundscapes/6891/6891-20260710-024643.flac",0,3,"birdnetpi"
9536252522,6891,"2026-07-10T04:46:26.000+02:00",0.94,0.993988573551178,9.80727651615484,"almost_certain","2p4",NA,51.5675,6.0025,FALSE,35,"Eurasian Blackbird","Turdus merula","#ff65df","avian","https://media.birdweather.com/species/35/EurasianBlackbird-standard-618b3a5132c7c359fb2a2884c39deb39.jpg","https://media.birdweather.com/species/35/EurasianBlackbird-thumbnail-276878929bed08167d1fd9bf34d63d40.jpg","https://media.birdweather.com/species/35/EurasianBlackbird-png200-ba5a1b43225da4611cac429c52a52c81.png","GfkFFwKRmrx2ZYiaaQe69nlzScn3T7IA",14132193143,"https://media.birdweather.com/soundscapes/6891/6891-20260710-024626.flac",0,3,"birdnetpi"
9536251286,6891,"2026-07-10T04:46:22.000+02:00",0.79,0.21911683678627,7.41722023749405,"almost_certain","2p4",NA,51.5659,6.0065,FALSE,20,"Black Redstart","Phoenicurus ochruros","#c8ce2d","avian","https://media.birdweather.com/species/20/BlackRedstart-standard-4255c9b712ecb46ea7d3df8d556c18e7.jpg","https://media.birdweather.com/species/20/BlackRedstart-thumbnail-2fee59acc1ecc6be7238da194869e940.jpg","https://media.birdweather.com/species/20/BlackRedstart-png200-cbc0625b8b4889aeec1da754ad906efd.png","2QgGFwT8epa+l3ZlZ5hntnh4Z/6oyZ8I",14132191231,"https://media.birdweather.com/soundscapes/6891/6891-20260710-024622.flac",0,3,"birdnetpi"
9536246487,6891,"2026-07-10T04:46:13.000+02:00",0.85,0.993988573551178,9.59965315572058,"almost_certain","2p4",NA,51.5644,6.0014,FALSE,35,"Eurasian Blackbird","Turdus merula","#ff65df","avian","https://media.birdweather.com/species/35/EurasianBlackbird-standard-618b3a5132c7c359fb2a2884c39deb39.jpg","https://media.birdweather.com/species/35/EurasianBlackbird-thumbnail-276878929bed08167d1fd9bf34d63d40.jpg","https://media.birdweather.com/species/35/EurasianBlackbird-png200-ba5a1b43225da4611cac429c52a52c81.png","GfkFFwKRmrx2ZYiaaQe69nlzScn3T7IA",14132183624,"https://media.birdweather.com/soundscapes/6891/6891-20260710-024613.flac",0,3,"birdnetpi"
9536241070,6891,"2026-07-10T04:45:50.000+02:00",0.91,0.993988573551178,9.74150388586953,"almost_certain","2p4",NA,51.5703,6.001,FALSE,35,"Eurasian Blackbird","Turdus merula","#ff65df","avian","https://media.birdweather.com/species/35/EurasianBlackbird-standard-618b3a5132c7c359fb2a2884c39deb39.jpg","https://media.birdweather.com/species/35/EurasianBlackbird-thumbnail-276878929bed08167d1fd9bf34d63d40.jpg","https://media.birdweather.com/species/35/EurasianBlackbird-png200-ba5a1b43225da4611cac429c52a52c81.png","GfkFFwKRmrx2ZYiaaQe69nlzScn3T7IA",14132175083,"https://media.birdweather.com/soundscapes/6891/6891-20260710-024550.flac",0,3,"birdnetpi"
9536229159,6891,"2026-07-10T04:45:09.000+02:00",0.92,0.993988573551178,9.76378079946387,"almost_certain","2p4",NA,51.5636,6.0027,FALSE,35,"Eurasian Blackbird","Turdus merula","#ff65df","avian","https://media.birdweather.com/species/35/EurasianBlackbird-standard-618b3a5132c7c359fb2a2884c39deb39.jpg","https://media.birdweather.com/species/35/EurasianBlackbird-thumbnail-276878929bed08167d1fd9bf34d63d40.jpg","https://media.birdweather.com/species/35/EurasianBlackbird-png200-ba5a1b43225da4611cac429c52a52c81.png","GfkFFwKRmrx2ZYiaaQe69nlzScn3T7IA",14132156353,"https://media.birdweather.com/soundscapes/6891/6891-20260710-024509.flac",0,3,"birdnetpi"
9536218492,6891,"2026-07-10T04:44:39.000+02:00",0.91,0.993988573551178,9.74150388586953,"almost_certain","2p4",NA,51.5632,6.0055,FALSE,35,"Eurasian Blackbird","Turdus merula","#ff65df","avian","https://media.birdweather.com/species/35/EurasianBlackbird-standard-618b3a5132c7c359fb2a2884c39deb39.jpg","https://media.birdweather.com/species/35/EurasianBlackbird-thumbnail-276878929bed08167d1fd9bf34d63d40.jpg","https://media.birdweather.com/species/35/EurasianBlackbird-png200-ba5a1b43225da4611cac429c52a52c81.png","GfkFFwKRmrx2ZYiaaQe69nlzScn3T7IA",14132139048,"https://media.birdweather.com/soundscapes/6891/6891-20260710-024439.flac",0,3,"birdnetpi"
9536209898,6891,"2026-07-10T04:44:04.000+02:00",0.86,0.993988573551178,9.62433850825925,"almost_certain","2p4",NA,51.5625,6.0059,FALSE,35,"Eurasian Blackbird","Turdus merula","#ff65df","avian","https://media.birdweather.com/species/35/EurasianBlackbird-standard-618b3a5132c7c359fb2a2884c39deb39.jpg","https://media.birdweather.com/species/35/EurasianBlackbird-thumbnail-276878929bed08167d1fd9bf34d63d40.jpg","https://media.birdweather.com/species/35/EurasianBlackbird-png200-ba5a1b43225da4611cac429c52a52c81.png","GfkFFwKRmrx2ZYiaaQe69nlzScn3T7IA",14132125672,"https://media.birdweather.com/soundscapes/6891/6891-20260710-024404.flac",0,3,"birdnetpi"
9536199716,6891,"2026-07-10T04:43:31.000+02:00",0.76,0.993988573551178,9.35484540514215,"almost_certain","2p4",NA,51.5644,6.0049,FALSE,35,"Eurasian Blackbird","Turdus merula","#ff65df","avian","https://media.birdweather.com/species/35/EurasianBlackbird-standard-618b3a5132c7c359fb2a2884c39deb39.jpg","https://media.birdweather.com/species/35/EurasianBlackbird-thumbnail-276878929bed08167d1fd9bf34d63d40.jpg","https://media.birdweather.com/species/35/EurasianBlackbird-png200-ba5a1b43225da4611cac429c52a52c81.png","GfkFFwKRmrx2ZYiaaQe69nlzScn3T7IA",14132109873,"https://media.birdweather.com/soundscapes/6891/6891-20260710-024331.flac",0,3,"birdnetpi"
9536195320,6891,"2026-07-10T04:43:28.000+02:00",0.74,0.21911683678627,7.26976622755051,"almost_certain","2p4",NA,51.5632,6.0025,FALSE,20,"Black Redstart","Phoenicurus ochruros","#c8ce2d","avian","https://media.birdweather.com/species/20/BlackRedstart-standard-4255c9b712ecb46ea7d3df8d556c18e7.jpg","https://media.birdweather.com/species/20/BlackRedstart-thumbnail-2fee59acc1ecc6be7238da194869e940.jpg","https://media.birdweather.com/species/20/BlackRedstart-png200-cbc0625b8b4889aeec1da754ad906efd.png","2QgGFwT8epa+l3ZlZ5hntnh4Z/6oyZ8I",14132102927,"https://media.birdweather.com/soundscapes/6891/6891-20260710-024328.flac",0,3,"birdnetpi"
9536195337,6891,"2026-07-10T04:43:22.000+02:00",0.96,0.993988573551178,9.8494336885283,"almost_certain","2p4",NA,51.5671,6.0019,FALSE,35,"Eurasian Blackbird","Turdus merula","#ff65df","avian","https://media.birdweather.com/species/35/EurasianBlackbird-standard-618b3a5132c7c359fb2a2884c39deb39.jpg","https://media.birdweather.com/species/35/EurasianBlackbird-thumbnail-276878929bed08167d1fd9bf34d63d40.jpg","https://media.birdweather.com/species/35/EurasianBlackbird-png200-ba5a1b43225da4611cac429c52a52c81.png","GfkFFwKRmrx2ZYiaaQe69nlzScn3T7IA",14132102983,"https://media.birdweather.com/soundscapes/6891/6891-20260710-024322.flac",0,3,"birdnetpi"
9536187687,6891,"2026-07-10T04:42:57.000+02:00",0.97,0.21911683678627,7.84585531764811,"almost_certain","2p4",NA,51.5674,6.0081,FALSE,20,"Black Redstart","Phoenicurus ochruros","#c8ce2d","avian","https://media.birdweather.com/species/20/BlackRedstart-standard-4255c9b712ecb46ea7d3df8d556c18e7.jpg","https://media.birdweather.com/species/20/BlackRedstart-thumbnail-2fee59acc1ecc6be7238da194869e940.jpg","https://media.birdweather.com/species/20/BlackRedstart-png200-cbc0625b8b4889aeec1da754ad906efd.png","2QgGFwT8epa+l3ZlZ5hntnh4Z/6oyZ8I",14132091212,"https://media.birdweather.com/soundscapes/6891/6891-20260710-024257.flac",0,3,"birdnetpi"
9536185458,6891,"2026-07-10T04:42:54.000+02:00",0.99,0.993988573551178,9.91033260325034,"almost_certain","2p4",NA,51.5622,6.0047,FALSE,35,"Eurasian Blackbird","Turdus merula","#ff65df","avian","https://media.birdweather.com/species/35/EurasianBlackbird-standard-618b3a5132c7c359fb2a2884c39deb39.jpg","https://media.birdweather.com/species/35/EurasianBlackbird-thumbnail-276878929bed08167d1fd9bf34d63d40.jpg","https://media.birdweather.com/species/35/EurasianBlackbird-png200-ba5a1b43225da4611cac429c52a52c81.png","GfkFFwKRmrx2ZYiaaQe69nlzScn3T7IA",14132087578,"https://media.birdweather.com/soundscapes/6891/6891-20260710-024254.flac",0,3,"birdnetpi"
9536179912,6891,"2026-07-10T04:42:33.000+02:00",0.92,0.21911683678627,7.73960053659427,"almost_certain","2p4",NA,51.5659,6.0081,FALSE,20,"Black Redstart","Phoenicurus ochruros","#c8ce2d","avian","https://media.birdweather.com/species/20/BlackRedstart-standard-4255c9b712ecb46ea7d3df8d556c18e7.jpg","https://media.birdweather.com/species/20/BlackRedstart-thumbnail-2fee59acc1ecc6be7238da194869e940.jpg","https://media.birdweather.com/species/20/BlackRedstart-png200-cbc0625b8b4889aeec1da754ad906efd.png","2QgGFwT8epa+l3ZlZ5hntnh4Z/6oyZ8I",14132078900,"https://media.birdweather.com/soundscapes/6891/6891-20260710-024233.flac",0,3,"birdnetpi"
9536180425,6891,"2026-07-10T04:42:28.000+02:00",0.73,0.993988573551178,9.26245085045227,"almost_certain","2p4",NA,51.5625,6.0086,FALSE,35,"Eurasian Blackbird","Turdus merula","#ff65df","avian","https://media.birdweather.com/species/35/EurasianBlackbird-standard-618b3a5132c7c359fb2a2884c39deb39.jpg","https://media.birdweather.com/species/35/EurasianBlackbird-thumbnail-276878929bed08167d1fd9bf34d63d40.jpg","https://media.birdweather.com/species/35/EurasianBlackbird-png200-ba5a1b43225da4611cac429c52a52c81.png","GfkFFwKRmrx2ZYiaaQe69nlzScn3T7IA",14132079743,"https://media.birdweather.com/soundscapes/6891/6891-20260710-024228.flac",0,3,"birdnetpi"
9536171969,6891,"2026-07-10T04:42:01.000+02:00",0.99,0.993988573551178,9.91033260325034,"almost_certain","2p4",NA,51.5621,6.002,FALSE,35,"Eurasian Blackbird","Turdus merula","#ff65df","avian","https://media.birdweather.com/species/35/EurasianBlackbird-standard-618b3a5132c7c359fb2a2884c39deb39.jpg","https://media.birdweather.com/species/35/EurasianBlackbird-thumbnail-276878929bed08167d1fd9bf34d63d40.jpg","https://media.birdweather.com/species/35/EurasianBlackbird-png200-ba5a1b43225da4611cac429c52a52c81.png","GfkFFwKRmrx2ZYiaaQe69nlzScn3T7IA",14132066858,"https://media.birdweather.com/soundscapes/6891/6891-20260710-024201.flac",0,3,"birdnetpi"
9536163456,6891,"2026-07-10T04:41:40.000+02:00",0.98,0.993988573551178,9.89033224804336,"almost_certain","2p4",NA,51.57,6.0054,FALSE,35,"Eurasian Blackbird","Turdus merula","#ff65df","avian","https://media.birdweather.com/species/35/EurasianBlackbird-standard-618b3a5132c7c359fb2a2884c39deb39.jpg","https://media.birdweather.com/species/35/EurasianBlackbird-thumbnail-276878929bed08167d1fd9bf34d63d40.jpg","https://media.birdweather.com/species/35/EurasianBlackbird-png200-ba5a1b43225da4611cac429c52a52c81.png","GfkFFwKRmrx2ZYiaaQe69nlzScn3T7IA",14132053947,"https://media.birdweather.com/soundscapes/6891/6891-20260710-024140.flac",0,3,"birdnetpi"
9536158958,6891,"2026-07-10T04:41:19.000+02:00",0.91,0.993988573551178,9.74150388586953,"almost_certain","2p4",NA,51.5635,6.0027,FALSE,35,"Eurasian Blackbird","Turdus merula","#ff65df","avian","https://media.birdweather.com/species/35/EurasianBlackbird-standard-618b3a5132c7c359fb2a2884c39deb39.jpg","https://media.birdweather.com/species/35/EurasianBlackbird-thumbnail-276878929bed08167d1fd9bf34d63d40.jpg","https://media.birdweather.com/species/35/EurasianBlackbird-png200-ba5a1b43225da4611cac429c52a52c81.png","GfkFFwKRmrx2ZYiaaQe69nlzScn3T7IA",14132046776,"https://media.birdweather.com/soundscapes/6891/6891-20260710-024119.flac",0,3,"birdnetpi"
9536150517,6891,"2026-07-10T04:40:54.000+02:00",0.99,0.993988573551178,9.91033260325034,"almost_certain","2p4",NA,51.5684,6.0045,FALSE,35,"Eurasian Blackbird","Turdus merula","#ff65df","avian","https://media.birdweather.com/species/35/EurasianBlackbird-standard-618b3a5132c7c359fb2a2884c39deb39.jpg","https://media.birdweather.com/species/35/EurasianBlackbird-thumbnail-276878929bed08167d1fd9bf34d63d40.jpg","https://media.birdweather.com/species/35/EurasianBlackbird-png200-ba5a1b43225da4611cac429c52a52c81.png","GfkFFwKRmrx2ZYiaaQe69nlzScn3T7IA",14132033427,"https://media.birdweather.com/soundscapes/6891/6891-20260710-024054.flac",0,3,"birdnetpi"
9536145823,6891,"2026-07-10T04:40:48.000+02:00",0.98,0.993988573551178,9.89033224804336,"almost_certain","2p4",NA,51.5691,6.0041,FALSE,35,"Eurasian Blackbird","Turdus merula","#ff65df","avian","https://media.birdweather.com/species/35/EurasianBlackbird-standard-618b3a5132c7c359fb2a2884c39deb39.jpg","https://media.birdweather.com/species/35/EurasianBlackbird-thumbnail-276878929bed08167d1fd9bf34d63d40.jpg","https://media.birdweather.com/species/35/EurasianBlackbird-png200-ba5a1b43225da4611cac429c52a52c81.png","GfkFFwKRmrx2ZYiaaQe69nlzScn3T7IA",14132026210,"https://media.birdweather.com/soundscapes/6891/6891-20260710-024048.flac",0,3,"birdnetpi"
9536136319,6891,"2026-07-10T04:40:06.000+02:00",0.99,0.993988573551178,9.91033260325034,"almost_certain","2p4",NA,51.5678,6.0046,FALSE,35,"Eurasian Blackbird","Turdus merula","#ff65df","avian","https://media.birdweather.com/species/35/EurasianBlackbird-standard-618b3a5132c7c359fb2a2884c39deb39.jpg","https://media.birdweather.com/species/35/EurasianBlackbird-thumbnail-276878929bed08167d1fd9bf34d63d40.jpg","https://media.birdweather.com/species/35/EurasianBlackbird-png200-ba5a1b43225da4611cac429c52a52c81.png","GfkFFwKRmrx2ZYiaaQe69nlzScn3T7IA",14132011396,"https://media.birdweather.com/soundscapes/6891/6891-20260710-024006.flac",0,3,"birdnetpi"
9536128078,6891,"2026-07-10T04:39:51.000+02:00",0.99,0.993988573551178,9.91033260325034,"almost_certain","2p4",NA,51.5697,6.0092,FALSE,35,"Eurasian Blackbird","Turdus merula","#ff65df","avian","https://media.birdweather.com/species/35/EurasianBlackbird-standard-618b3a5132c7c359fb2a2884c39deb39.jpg","https://media.birdweather.com/species/35/EurasianBlackbird-thumbnail-276878929bed08167d1fd9bf34d63d40.jpg","https://media.birdweather.com/species/35/EurasianBlackbird-png200-ba5a1b43225da4611cac429c52a52c81.png","GfkFFwKRmrx2ZYiaaQe69nlzScn3T7IA",14131998460,"https://media.birdweather.com/soundscapes/6891/6891-20260710-023951.flac",0,3,"birdnetpi"
9536119647,6891,"2026-07-10T04:39:16.000+02:00",0.99,0.993988573551178,9.91033260325034,"almost_certain","2p4",NA,51.5623,6.0043,FALSE,35,"Eurasian Blackbird","Turdus merula","#ff65df","avian","https://media.birdweather.com/species/35/EurasianBlackbird-standard-618b3a5132c7c359fb2a2884c39deb39.jpg","https://media.birdweather.com/species/35/EurasianBlackbird-thumbnail-276878929bed08167d1fd9bf34d63d40.jpg","https://media.birdweather.com/species/35/EurasianBlackbird-png200-ba5a1b43225da4611cac429c52a52c81.png","GfkFFwKRmrx2ZYiaaQe69nlzScn3T7IA",14131985516,"https://media.birdweather.com/soundscapes/6891/6891-20260710-023916.flac",0,3,"birdnetpi"
9536111786,6891,"2026-07-10T04:38:46.000+02:00",0.97,0.993988573551178,9.87003558051772,"almost_certain","2p4",NA,51.5652,6.0089,FALSE,35,"Eurasian Blackbird","Turdus merula","#ff65df","avian","https://media.birdweather.com/species/35/EurasianBlackbird-standard-618b3a5132c7c359fb2a2884c39deb39.jpg","https://media.birdweather.com/species/35/EurasianBlackbird-thumbnail-276878929bed08167d1fd9bf34d63d40.jpg","https://media.birdweather.com/species/35/EurasianBlackbird-png200-ba5a1b43225da4611cac429c52a52c81.png","GfkFFwKRmrx2ZYiaaQe69nlzScn3T7IA",14131973071,"https://media.birdweather.com/soundscapes/6891/6891-20260710-023846.flac",0,3,"birdnetpi"
9536103723,6891,"2026-07-10T04:38:21.000+02:00",1,0.993988573551178,9.93004517355971,"almost_certain","2p4",NA,51.5628,6.0005,FALSE,35,"Eurasian Blackbird","Turdus merula","#ff65df","avian","https://media.birdweather.com/species/35/EurasianBlackbird-standard-618b3a5132c7c359fb2a2884c39deb39.jpg","https://media.birdweather.com/species/35/EurasianBlackbird-thumbnail-276878929bed08167d1fd9bf34d63d40.jpg","https://media.birdweather.com/species/35/EurasianBlackbird-png200-ba5a1b43225da4611cac429c52a52c81.png","GfkFFwKRmrx2ZYiaaQe69nlzScn3T7IA",14131960612,"https://media.birdweather.com/soundscapes/6891/6891-20260710-023821.flac",0,3,"birdnetpi"
9536094995,6891,"2026-07-10T04:37:51.000+02:00",0.97,0.993988573551178,9.87003558051772,"almost_certain","2p4",NA,51.5637,6.0056,FALSE,35,"Eurasian Blackbird","Turdus merula","#ff65df","avian","https://media.birdweather.com/species/35/EurasianBlackbird-standard-618b3a5132c7c359fb2a2884c39deb39.jpg","https://media.birdweather.com/species/35/EurasianBlackbird-thumbnail-276878929bed08167d1fd9bf34d63d40.jpg","https://media.birdweather.com/species/35/EurasianBlackbird-png200-ba5a1b43225da4611cac429c52a52c81.png","GfkFFwKRmrx2ZYiaaQe69nlzScn3T7IA",14131946768,"https://media.birdweather.com/soundscapes/6891/6891-20260710-023751.flac",0,3,"birdnetpi"
9536085341,6891,"2026-07-10T04:37:30.000+02:00",0.72,0.993988573551178,9.23021406900031,"almost_certain","2p4",NA,51.5696,6.0076,FALSE,35,"Eurasian Blackbird","Turdus merula","#ff65df","avian","https://media.birdweather.com/species/35/EurasianBlackbird-standard-618b3a5132c7c359fb2a2884c39deb39.jpg","https://media.birdweather.com/species/35/EurasianBlackbird-thumbnail-276878929bed08167d1fd9bf34d63d40.jpg","https://media.birdweather.com/species/35/EurasianBlackbird-png200-ba5a1b43225da4611cac429c52a52c81.png","GfkFFwKRmrx2ZYiaaQe69nlzScn3T7IA",14131931925,"https://media.birdweather.com/soundscapes/6891/6891-20260710-023730.flac",0,3,"birdnetpi"
9536079224,6891,"2026-07-10T04:37:01.000+02:00",0.96,0.21911683678627,7.82525342565869,"almost_certain","2p4",NA,51.5624,6.0018,FALSE,20,"Black Redstart","Phoenicurus ochruros","#c8ce2d","avian","https://media.birdweather.com/species/20/BlackRedstart-standard-4255c9b712ecb46ea7d3df8d556c18e7.jpg","https://media.birdweather.com/species/20/BlackRedstart-thumbnail-2fee59acc1ecc6be7238da194869e940.jpg","https://media.birdweather.com/species/20/BlackRedstart-png200-cbc0625b8b4889aeec1da754ad906efd.png","2QgGFwT8epa+l3ZlZ5hntnh4Z/6oyZ8I",14131922402,"https://media.birdweather.com/soundscapes/6891/6891-20260710-023701.flac",0,3,"birdnetpi"
9536073850,6891,"2026-07-10T04:36:45.000+02:00",0.96,0.993988573551178,9.8494336885283,"almost_certain","2p4",NA,51.5652,6.0089,FALSE,35,"Eurasian Blackbird","Turdus merula","#ff65df","avian","https://media.birdweather.com/species/35/EurasianBlackbird-standard-618b3a5132c7c359fb2a2884c39deb39.jpg","https://media.birdweather.com/species/35/EurasianBlackbird-thumbnail-276878929bed08167d1fd9bf34d63d40.jpg","https://media.birdweather.com/species/35/EurasianBlackbird-png200-ba5a1b43225da4611cac429c52a52c81.png","GfkFFwKRmrx2ZYiaaQe69nlzScn3T7IA",14131913762,"https://media.birdweather.com/soundscapes/6891/6891-20260710-023645.flac",0,3,"birdnetpi"
9536064986,6891,"2026-07-10T04:36:15.000+02:00",0.9,0.993988573551178,9.71885874219637,"almost_certain","2p4",NA,51.5699,6.0084,FALSE,35,"Eurasian Blackbird","Turdus merula","#ff65df","avian","https://media.birdweather.com/species/35/EurasianBlackbird-standard-618b3a5132c7c359fb2a2884c39deb39.jpg","https://media.birdweather.com/species/35/EurasianBlackbird-thumbnail-276878929bed08167d1fd9bf34d63d40.jpg","https://media.birdweather.com/species/35/EurasianBlackbird-png200-ba5a1b43225da4611cac429c52a52c81.png","GfkFFwKRmrx2ZYiaaQe69nlzScn3T7IA",14131899889,"https://media.birdweather.com/soundscapes/6891/6891-20260710-023615.flac",0,3,"birdnetpi"
9536057836,6891,"2026-07-10T04:35:55.000+02:00",0.98,0.993988573551178,9.89033224804336,"almost_certain","2p4",NA,51.5694,6.0053,FALSE,35,"Eurasian Blackbird","Turdus merula","#ff65df","avian","https://media.birdweather.com/species/35/EurasianBlackbird-standard-618b3a5132c7c359fb2a2884c39deb39.jpg","https://media.birdweather.com/species/35/EurasianBlackbird-thumbnail-276878929bed08167d1fd9bf34d63d40.jpg","https://media.birdweather.com/species/35/EurasianBlackbird-png200-ba5a1b43225da4611cac429c52a52c81.png","GfkFFwKRmrx2ZYiaaQe69nlzScn3T7IA",14131888826,"https://media.birdweather.com/soundscapes/6891/6891-20260710-023555.flac",0,3,"birdnetpi"
9536049356,6891,"2026-07-10T04:35:22.000+02:00",0.97,0.993988573551178,9.87003558051772,"almost_certain","2p4",NA,51.568,6.0085,FALSE,35,"Eurasian Blackbird","Turdus merula","#ff65df","avian","https://media.birdweather.com/species/35/EurasianBlackbird-standard-618b3a5132c7c359fb2a2884c39deb39.jpg","https://media.birdweather.com/species/35/EurasianBlackbird-thumbnail-276878929bed08167d1fd9bf34d63d40.jpg","https://media.birdweather.com/species/35/EurasianBlackbird-png200-ba5a1b43225da4611cac429c52a52c81.png","GfkFFwKRmrx2ZYiaaQe69nlzScn3T7IA",14131875410,"https://media.birdweather.com/soundscapes/6891/6891-20260710-023522.flac",0,3,"birdnetpi"
9536040628,6891,"2026-07-10T04:34:58.000+02:00",0.95,0.993988573551178,9.82851725170912,"almost_certain","2p4",NA,51.5697,6.0045,FALSE,35,"Eurasian Blackbird","Turdus merula","#ff65df","avian","https://media.birdweather.com/species/35/EurasianBlackbird-standard-618b3a5132c7c359fb2a2884c39deb39.jpg","https://media.birdweather.com/species/35/EurasianBlackbird-thumbnail-276878929bed08167d1fd9bf34d63d40.jpg","https://media.birdweather.com/species/35/EurasianBlackbird-png200-ba5a1b43225da4611cac429c52a52c81.png","GfkFFwKRmrx2ZYiaaQe69nlzScn3T7IA",14131861638,"https://media.birdweather.com/soundscapes/6891/6891-20260710-023458.flac",0,3,"birdnetpi"
9536035851,6891,"2026-07-10T04:34:43.000+02:00",0.94,0.993988573551178,9.80727651615484,"almost_certain","2p4",NA,51.567,6.0006,FALSE,35,"Eurasian Blackbird","Turdus merula","#ff65df","avian","https://media.birdweather.com/species/35/EurasianBlackbird-standard-618b3a5132c7c359fb2a2884c39deb39.jpg","https://media.birdweather.com/species/35/EurasianBlackbird-thumbnail-276878929bed08167d1fd9bf34d63d40.jpg","https://media.birdweather.com/species/35/EurasianBlackbird-png200-ba5a1b43225da4611cac429c52a52c81.png","GfkFFwKRmrx2ZYiaaQe69nlzScn3T7IA",14131853905,"https://media.birdweather.com/soundscapes/6891/6891-20260710-023443.flac",0,3,"birdnetpi"
9536031202,6891,"2026-07-10T04:34:21.000+02:00",1,0.993988573551178,9.93004517355971,"almost_certain","2p4",NA,51.5636,6.0053,FALSE,35,"Eurasian Blackbird","Turdus merula","#ff65df","avian","https://media.birdweather.com/species/35/EurasianBlackbird-standard-618b3a5132c7c359fb2a2884c39deb39.jpg","https://media.birdweather.com/species/35/EurasianBlackbird-thumbnail-276878929bed08167d1fd9bf34d63d40.jpg","https://media.birdweather.com/species/35/EurasianBlackbird-png200-ba5a1b43225da4611cac429c52a52c81.png","GfkFFwKRmrx2ZYiaaQe69nlzScn3T7IA",14131846329,"https://media.birdweather.com/soundscapes/6891/6891-20260710-023421.flac",0,3,"birdnetpi"
9536023017,6891,"2026-07-10T04:34:05.000+02:00",1,0.993988573551178,9.93004517355971,"almost_certain","2p4",NA,51.5686,6.0042,FALSE,35,"Eurasian Blackbird","Turdus merula","#ff65df","avian","https://media.birdweather.com/species/35/EurasianBlackbird-standard-618b3a5132c7c359fb2a2884c39deb39.jpg","https://media.birdweather.com/species/35/EurasianBlackbird-thumbnail-276878929bed08167d1fd9bf34d63d40.jpg","https://media.birdweather.com/species/35/EurasianBlackbird-png200-ba5a1b43225da4611cac429c52a52c81.png","GfkFFwKRmrx2ZYiaaQe69nlzScn3T7IA",14131833416,"https://media.birdweather.com/soundscapes/6891/6891-20260710-023405.flac",0,3,"birdnetpi"
9536015064,6891,"2026-07-10T04:33:33.000+02:00",0.99,0.993988573551178,9.91033260325034,"almost_certain","2p4",NA,51.5677,6.0062,FALSE,35,"Eurasian Blackbird","Turdus merula","#ff65df","avian","https://media.birdweather.com/species/35/EurasianBlackbird-standard-618b3a5132c7c359fb2a2884c39deb39.jpg","https://media.birdweather.com/species/35/EurasianBlackbird-thumbnail-276878929bed08167d1fd9bf34d63d40.jpg","https://media.birdweather.com/species/35/EurasianBlackbird-png200-ba5a1b43225da4611cac429c52a52c81.png","GfkFFwKRmrx2ZYiaaQe69nlzScn3T7IA",14131820984,"https://media.birdweather.com/soundscapes/6891/6891-20260710-023333.flac",0,3,"birdnetpi"
9536007070,6891,"2026-07-10T04:33:09.000+02:00",0.99,0.993988573551178,9.91033260325034,"almost_certain","2p4",NA,51.5635,6.0015,FALSE,35,"Eurasian Blackbird","Turdus merula","#ff65df","avian","https://media.birdweather.com/species/35/EurasianBlackbird-standard-618b3a5132c7c359fb2a2884c39deb39.jpg","https://media.birdweather.com/species/35/EurasianBlackbird-thumbnail-276878929bed08167d1fd9bf34d63d40.jpg","https://media.birdweather.com/species/35/EurasianBlackbird-png200-ba5a1b43225da4611cac429c52a52c81.png","GfkFFwKRmrx2ZYiaaQe69nlzScn3T7IA",14131808508,"https://media.birdweather.com/soundscapes/6891/6891-20260710-023309.flac",0,3,"birdnetpi"
9535998171,6891,"2026-07-10T04:32:40.000+02:00",0.99,0.993988573551178,9.91033260325034,"almost_certain","2p4",NA,51.5642,6.0065,FALSE,35,"Eurasian Blackbird","Turdus merula","#ff65df","avian","https://media.birdweather.com/species/35/EurasianBlackbird-standard-618b3a5132c7c359fb2a2884c39deb39.jpg","https://media.birdweather.com/species/35/EurasianBlackbird-thumbnail-276878929bed08167d1fd9bf34d63d40.jpg","https://media.birdweather.com/species/35/EurasianBlackbird-png200-ba5a1b43225da4611cac429c52a52c81.png","GfkFFwKRmrx2ZYiaaQe69nlzScn3T7IA",14131794603,"https://media.birdweather.com/soundscapes/6891/6891-20260710-023240.flac",0,3,"birdnetpi"
9535996912,6891,"2026-07-10T04:32:28.000+02:00",0.94,0.21911683678627,7.78309625328524,"almost_certain","2p4",NA,51.5625,6.0053,FALSE,20,"Black Redstart","Phoenicurus ochruros","#c8ce2d","avian","https://media.birdweather.com/species/20/BlackRedstart-standard-4255c9b712ecb46ea7d3df8d556c18e7.jpg","https://media.birdweather.com/species/20/BlackRedstart-thumbnail-2fee59acc1ecc6be7238da194869e940.jpg","https://media.birdweather.com/species/20/BlackRedstart-png200-cbc0625b8b4889aeec1da754ad906efd.png","2QgGFwT8epa+l3ZlZ5hntnh4Z/6oyZ8I",14131792729,"https://media.birdweather.com/soundscapes/6891/6891-20260710-023228.flac",0,3,"birdnetpi"
9535988010,6891,"2026-07-10T04:32:00.000+02:00",0.99,0.993988573551178,9.91033260325034,"almost_certain","2p4",NA,51.5666,6.0079,FALSE,35,"Eurasian Blackbird","Turdus merula","#ff65df","avian","https://media.birdweather.com/species/35/EurasianBlackbird-standard-618b3a5132c7c359fb2a2884c39deb39.jpg","https://media.birdweather.com/species/35/EurasianBlackbird-thumbnail-276878929bed08167d1fd9bf34d63d40.jpg","https://media.birdweather.com/species/35/EurasianBlackbird-png200-ba5a1b43225da4611cac429c52a52c81.png","GfkFFwKRmrx2ZYiaaQe69nlzScn3T7IA",14131778851,"https://media.birdweather.com/soundscapes/6891/6891-20260710-023200.flac",0,3,"birdnetpi"
9535978929,6891,"2026-07-10T04:31:37.000+02:00",1,0.993988573551178,9.93004517355971,"almost_certain","2p4",NA,51.5698,6.0047,FALSE,35,"Eurasian Blackbird","Turdus merula","#ff65df","avian","https://media.birdweather.com/species/35/EurasianBlackbird-standard-618b3a5132c7c359fb2a2884c39deb39.jpg","https://media.birdweather.com/species/35/EurasianBlackbird-thumbnail-276878929bed08167d1fd9bf34d63d40.jpg","https://media.birdweather.com/species/35/EurasianBlackbird-png200-ba5a1b43225da4611cac429c52a52c81.png","GfkFFwKRmrx2ZYiaaQe69nlzScn3T7IA",14131764629,"https://media.birdweather.com/soundscapes/6891/6891-20260710-023137.flac",0,3,"birdnetpi"
9535970644,6891,"2026-07-10T04:31:07.000+02:00",0.99,0.993988573551178,9.91033260325034,"almost_certain","2p4",NA,51.5652,6.0069,FALSE,35,"Eurasian Blackbird","Turdus merula","#ff65df","avian","https://media.birdweather.com/species/35/EurasianBlackbird-standard-618b3a5132c7c359fb2a2884c39deb39.jpg","https://media.birdweather.com/species/35/EurasianBlackbird-thumbnail-276878929bed08167d1fd9bf34d63d40.jpg","https://media.birdweather.com/species/35/EurasianBlackbird-png200-ba5a1b43225da4611cac429c52a52c81.png","GfkFFwKRmrx2ZYiaaQe69nlzScn3T7IA",14131751260,"https://media.birdweather.com/soundscapes/6891/6891-20260710-023107.flac",0,3,"birdnetpi"
9535967912,6891,"2026-07-10T04:30:54.000+02:00",0.93,0.21911683678627,7.76152100423889,"almost_certain","2p4",NA,51.5681,6.0006,FALSE,20,"Black Redstart","Phoenicurus ochruros","#c8ce2d","avian","https://media.birdweather.com/species/20/BlackRedstart-standard-4255c9b712ecb46ea7d3df8d556c18e7.jpg","https://media.birdweather.com/species/20/BlackRedstart-thumbnail-2fee59acc1ecc6be7238da194869e940.jpg","https://media.birdweather.com/species/20/BlackRedstart-png200-cbc0625b8b4889aeec1da754ad906efd.png","2QgGFwT8epa+l3ZlZ5hntnh4Z/6oyZ8I",14131746912,"https://media.birdweather.com/soundscapes/6891/6891-20260710-023054.flac",0,3,"birdnetpi"
9535958336,6891,"2026-07-10T04:30:20.000+02:00",0.78,0.509784817695618,8.51125229942393,"almost_certain","2p4",NA,51.5637,6.0051,FALSE,61,"Song Thrush","Turdus philomelos","#c20085","avian","https://media.birdweather.com/species/61/SongThrush-standard-8821482383a2449437975b6fbfa9a7f6.jpg","https://media.birdweather.com/species/61/SongThrush-thumbnail-313c4d63857e61b1b3f25e96ea42e23f.jpg","https://media.birdweather.com/species/61/SongThrush-png200-3465dc5f927896e1259256dce5b082db.png","o7kBDwSvRolEmXhKoypqeKlbk272BnsA",14131731355,"https://media.birdweather.com/soundscapes/6891/6891-20260710-023020.flac",0,3,"birdnetpi"
9535909610,6891,"2026-07-10T04:27:46.000+02:00",0.87,0.159493267536163,7.21146281237575,"almost_certain","2p4",NA,51.5656,6.0033,FALSE,143,"Eurasian Oystercatcher","Haematopus ostralegus","#ca8600","avian","https://media.birdweather.com/species/143/EurasianOystercatcher-standard-de054f6108c9ec46b2430e18a3a05899.jpg","https://media.birdweather.com/species/143/EurasianOystercatcher-thumbnail-30dda908d192acf9a6ba366e2d58599a.jpg","https://media.birdweather.com/species/143/EurasianOystercatcher-png200-eaade4c821880831fc0130856cf4cad3.png","3vcRFwKHd4mAiHeCdth4eIeIhYD5CocK",14131652590,"https://media.birdweather.com/soundscapes/6891/6891-20260710-022746.flac",0,3,"birdnetpi"
9535829784,6891,"2026-07-10T04:22:56.000+02:00",0.98,0.410935908555984,8.69945244131608,"almost_certain","2p4",NA,51.5656,6.0028,FALSE,475,"Northern Lapwing","Vanellus vanellus","#6c4d04","avian","https://media.birdweather.com/species/475/NorthernLapwing-standard-746331d89463e1cd3bfefaba1318f137.jpg","https://media.birdweather.com/species/475/NorthernLapwing-thumbnail-868e5b80e1aa3bfc291ecc9ace572941.jpg","https://media.birdweather.com/species/475/NorthernLapwing-png200-f768fb6ee23b4f2af87e39ef56ed4466.png","1fgFHwBbdJlvh3dqmOeI52d/jgo3R4EP",14131519574,"https://media.birdweather.com/soundscapes/6891/6891-20260710-022256.flac",0,3,"birdnetpi"
9535825354,6891,"2026-07-10T04:22:49.000+02:00",0.97,0.410935908555984,8.67915577379043,"almost_certain","2p4",NA,51.5651,6.0007,FALSE,475,"Northern Lapwing","Vanellus vanellus","#6c4d04","avian","https://media.birdweather.com/species/475/NorthernLapwing-standard-746331d89463e1cd3bfefaba1318f137.jpg","https://media.birdweather.com/species/475/NorthernLapwing-thumbnail-868e5b80e1aa3bfc291ecc9ace572941.jpg","https://media.birdweather.com/species/475/NorthernLapwing-png200-f768fb6ee23b4f2af87e39ef56ed4466.png","1fgFHwBbdJlvh3dqmOeI52d/jgo3R4EP",14131512105,"https://media.birdweather.com/soundscapes/6891/6891-20260710-022249.flac",0,3,"birdnetpi"
9535468071,6891,"2026-07-10T04:00:50.000+02:00",0.94,0.159493267536163,7.37015239964517,"almost_certain","2p4",NA,51.5656,6.0047,FALSE,143,"Eurasian Oystercatcher","Haematopus ostralegus","#ca8600","avian","https://media.birdweather.com/species/143/EurasianOystercatcher-standard-de054f6108c9ec46b2430e18a3a05899.jpg","https://media.birdweather.com/species/143/EurasianOystercatcher-thumbnail-30dda908d192acf9a6ba366e2d58599a.jpg","https://media.birdweather.com/species/143/EurasianOystercatcher-png200-eaade4c821880831fc0130856cf4cad3.png","3vcRFwKHd4mAiHeCdth4eIeIhYD5CocK",14130892602,"https://media.birdweather.com/soundscapes/6891/6891-20260710-020050.flac",0,3,"birdnetpi"
9535320088,6891,"2026-07-10T03:51:32.000+02:00",0.93,0.159493267536163,7.34857715059882,"almost_certain","2p4",NA,51.5635,6.0039,FALSE,143,"Eurasian Oystercatcher","Haematopus ostralegus","#ca8600","avian","https://media.birdweather.com/species/143/EurasianOystercatcher-standard-de054f6108c9ec46b2430e18a3a05899.jpg","https://media.birdweather.com/species/143/EurasianOystercatcher-thumbnail-30dda908d192acf9a6ba366e2d58599a.jpg","https://media.birdweather.com/species/143/EurasianOystercatcher-png200-eaade4c821880831fc0130856cf4cad3.png","3vcRFwKHd4mAiHeCdth4eIeIhYD5CocK",14130627897,"https://media.birdweather.com/soundscapes/6891/6891-20260710-015132.flac",0,3,"birdnetpi"
9535314911,6891,"2026-07-10T03:51:12.000+02:00",0.71,0.159493267536163,6.76007630682732,"almost_certain","2p4",NA,51.5638,6.0015,FALSE,143,"Eurasian Oystercatcher","Haematopus ostralegus","#ca8600","avian","https://media.birdweather.com/species/143/EurasianOystercatcher-standard-de054f6108c9ec46b2430e18a3a05899.jpg","https://media.birdweather.com/species/143/EurasianOystercatcher-thumbnail-30dda908d192acf9a6ba366e2d58599a.jpg","https://media.birdweather.com/species/143/EurasianOystercatcher-png200-eaade4c821880831fc0130856cf4cad3.png","3vcRFwKHd4mAiHeCdth4eIeIhYD5CocK",14130618774,"https://media.birdweather.com/soundscapes/6891/6891-20260710-015112.flac",0,3,"birdnetpi"
9534973280,6891,"2026-07-10T03:29:54.000+02:00",0.97,0.159493267536163,7.43291146400804,"almost_certain","2p4",NA,51.5676,6.0065,FALSE,143,"Eurasian Oystercatcher","Haematopus ostralegus","#ca8600","avian","https://media.birdweather.com/species/143/EurasianOystercatcher-standard-de054f6108c9ec46b2430e18a3a05899.jpg","https://media.birdweather.com/species/143/EurasianOystercatcher-thumbnail-30dda908d192acf9a6ba366e2d58599a.jpg","https://media.birdweather.com/species/143/EurasianOystercatcher-png200-eaade4c821880831fc0130856cf4cad3.png","3vcRFwKHd4mAiHeCdth4eIeIhYD5CocK",14130012661,"https://media.birdweather.com/soundscapes/6891/6891-20260710-012954.flac",0,3,"birdnetpi"
9534891324,6891,"2026-07-10T03:24:53.000+02:00",0.92,0.0137737961485982,4.63566263167352,"almost_certain","2p4",NA,51.5686,6.0011,FALSE,46,"Little Owl","Athene noctua","#b0ae00","avian","https://media.birdweather.com/species/46/LittleOwl-standard-f2cff2a2b2f38eb0d9b119ca1cb31433.jpg","https://media.birdweather.com/species/46/LittleOwl-thumbnail-dc4a3ab0d115888ba2e987e8e30a8fa3.jpg","https://media.birdweather.com/species/46/LittleOwl-png200-44c03d9b44930f908f8bdcad52112c56.png","YgkGFwL0XnOqRJabZGu2eXh3Z9+4h7AJ",14129870248,"https://media.birdweather.com/soundscapes/6891/6891-20260710-012453.flac",0,3,"birdnetpi"
9534625686,6891,"2026-07-10T03:08:53.000+02:00",0.99,0.159493267536163,7.47320848674066,"almost_certain","2p4",NA,51.5617,6.0006,FALSE,143,"Eurasian Oystercatcher","Haematopus ostralegus","#ca8600","avian","https://media.birdweather.com/species/143/EurasianOystercatcher-standard-de054f6108c9ec46b2430e18a3a05899.jpg","https://media.birdweather.com/species/143/EurasianOystercatcher-thumbnail-30dda908d192acf9a6ba366e2d58599a.jpg","https://media.birdweather.com/species/143/EurasianOystercatcher-png200-eaade4c821880831fc0130856cf4cad3.png","3vcRFwKHd4mAiHeCdth4eIeIhYD5CocK",14129413940,"https://media.birdweather.com/soundscapes/6891/6891-20260710-010853.flac",0,3,"birdnetpi"
9534525787,6891,"2026-07-10T03:02:48.000+02:00",0.99,0.159493267536163,7.47320848674066,"almost_certain","2p4",NA,51.5646,6.0013,FALSE,143,"Eurasian Oystercatcher","Haematopus ostralegus","#ca8600","avian","https://media.birdweather.com/species/143/EurasianOystercatcher-standard-de054f6108c9ec46b2430e18a3a05899.jpg","https://media.birdweather.com/species/143/EurasianOystercatcher-thumbnail-30dda908d192acf9a6ba366e2d58599a.jpg","https://media.birdweather.com/species/143/EurasianOystercatcher-png200-eaade4c821880831fc0130856cf4cad3.png","3vcRFwKHd4mAiHeCdth4eIeIhYD5CocK",14129241339,"https://media.birdweather.com/soundscapes/6891/6891-20260710-010248.flac",0,3,"birdnetpi"
9534517630,6891,"2026-07-10T03:02:18.000+02:00",0.97,0.159493267536163,7.43291146400804,"almost_certain","2p4",NA,51.5636,6.0049,FALSE,143,"Eurasian Oystercatcher","Haematopus ostralegus","#ca8600","avian","https://media.birdweather.com/species/143/EurasianOystercatcher-standard-de054f6108c9ec46b2430e18a3a05899.jpg","https://media.birdweather.com/species/143/EurasianOystercatcher-thumbnail-30dda908d192acf9a6ba366e2d58599a.jpg","https://media.birdweather.com/species/143/EurasianOystercatcher-png200-eaade4c821880831fc0130856cf4cad3.png","3vcRFwKHd4mAiHeCdth4eIeIhYD5CocK",14129227301,"https://media.birdweather.com/soundscapes/6891/6891-20260710-010218.flac",0,3,"birdnetpi"
