"id","stationId","timestamp","confidence","probability","score","certainty","algorithm","metadata","lat","lon","favorite","species.id","species.commonName","species.scientificName","species.color","species.classification","species.imageUrl","species.thumbnailUrl","species.pngUrl","species.thumbhash","soundscape.id","soundscape.url","soundscape.startTime","soundscape.endTime","soundscape.mode"
7578826567,6891,"2026-05-09T01:27:35.000+02:00",0.72,0.00815452821552753,3.73265628434373,"very_likely","2p4",NA,51.5679,6.0073,FALSE,242,"Barn Owl","Tyto alba","#c57e94","avian","https://media.birdweather.com/species/242/BarnOwl-standard-8bec9306e3928726cbb18b498dd33c03.jpg","https://media.birdweather.com/species/242/BarnOwl-thumbnail-f2dc3ee81bc91e5f2214d7a2b7be6eef.jpg","https://media.birdweather.com/species/242/BarnOwl-png200-fe95e07244e391ae77d98d1c722d7699.png","4PgFFwKCFGWPgIlpq2aJdXiHiQRFCWME",11578912168,"https://media.birdweather.com/soundscapes/6891/6891-20260508-232735.flac",0,3,"birdnetpi"
7578725297,6891,"2026-05-09T01:22:48.000+02:00",0.71,0.00815452821552753,3.69964263868041,"very_likely","2p4",NA,51.5615,6.001,FALSE,242,"Barn Owl","Tyto alba","#c57e94","avian","https://media.birdweather.com/species/242/BarnOwl-standard-8bec9306e3928726cbb18b498dd33c03.jpg","https://media.birdweather.com/species/242/BarnOwl-thumbnail-f2dc3ee81bc91e5f2214d7a2b7be6eef.jpg","https://media.birdweather.com/species/242/BarnOwl-png200-fe95e07244e391ae77d98d1c722d7699.png","4PgFFwKCFGWPgIlpq2aJdXiHiQRFCWME",11578782858,"https://media.birdweather.com/soundscapes/6891/6891-20260508-232248.flac",0,3,"birdnetpi"
7578138630,6891,"2026-05-09T00:56:04.000+02:00",1,0.00815452821552753,4.43248738890313,"almost_certain","2p4",NA,51.5617,6.002,FALSE,242,"Barn Owl","Tyto alba","#c57e94","avian","https://media.birdweather.com/species/242/BarnOwl-standard-8bec9306e3928726cbb18b498dd33c03.jpg","https://media.birdweather.com/species/242/BarnOwl-thumbnail-f2dc3ee81bc91e5f2214d7a2b7be6eef.jpg","https://media.birdweather.com/species/242/BarnOwl-png200-fe95e07244e391ae77d98d1c722d7699.png","4PgFFwKCFGWPgIlpq2aJdXiHiQRFCWME",11578045603,"https://media.birdweather.com/soundscapes/6891/6891-20260508-225604.flac",0,3,"birdnetpi"
7574128933,6891,"2026-05-08T21:56:26.000+02:00",0.9,0.724174022674561,9.29006267422541,"almost_certain","2p4",NA,51.5625,6.0005,FALSE,61,"Song Thrush","Turdus philomelos","#c20085","avian","https://media.birdweather.com/species/61/SongThrush-standard-8821482383a2449437975b6fbfa9a7f6.jpg","https://media.birdweather.com/species/61/SongThrush-thumbnail-313c4d63857e61b1b3f25e96ea42e23f.jpg","https://media.birdweather.com/species/61/SongThrush-png200-3465dc5f927896e1259256dce5b082db.png","o7kBDwSvRolEmXhKoypqeKlbk272BnsA",11573090973,"https://media.birdweather.com/soundscapes/6891/6891-20260508-195626.flac",0,3,"birdnetpi"
7574097512,6891,"2026-05-08T21:55:13.000+02:00",0.92,0.890804290771484,9.61520717838478,"almost_certain","2p4",NA,51.5627,6.0012,FALSE,6,"European Robin","Erithacus rubecula","#93d436","avian","https://media.birdweather.com/species/6/EuropeanRobin-standard-6802f21dc9c4b056c0c15b0a4ad01a9a.jpg","https://media.birdweather.com/species/6/EuropeanRobin-thumbnail-3afd51da2d7daf4db7f4ed43af30ed2d.jpg","https://media.birdweather.com/species/6/EuropeanRobin-png200-ac96bfc6bbb72a9e2528d5544937cebd.png","YxgKFwJnWYePd3iMd5h4Z4eHp6cMG8gA",11573053257,"https://media.birdweather.com/soundscapes/6891/6891-20260508-195513.flac",0,3,"birdnetpi"
7574088324,6891,"2026-05-08T21:54:42.000+02:00",0.97,0.890804290771484,9.72146195943863,"almost_certain","2p4",NA,51.5636,6.0079,FALSE,6,"European Robin","Erithacus rubecula","#93d436","avian","https://media.birdweather.com/species/6/EuropeanRobin-standard-6802f21dc9c4b056c0c15b0a4ad01a9a.jpg","https://media.birdweather.com/species/6/EuropeanRobin-thumbnail-3afd51da2d7daf4db7f4ed43af30ed2d.jpg","https://media.birdweather.com/species/6/EuropeanRobin-png200-ac96bfc6bbb72a9e2528d5544937cebd.png","YxgKFwJnWYePd3iMd5h4Z4eHp6cMG8gA",11573042538,"https://media.birdweather.com/soundscapes/6891/6891-20260508-195442.flac",0,3,"birdnetpi"
7574069760,6891,"2026-05-08T21:53:56.000+02:00",0.92,0.890804290771484,9.61520717838478,"almost_certain","2p4",NA,51.5637,6.0071,FALSE,6,"European Robin","Erithacus rubecula","#93d436","avian","https://media.birdweather.com/species/6/EuropeanRobin-standard-6802f21dc9c4b056c0c15b0a4ad01a9a.jpg","https://media.birdweather.com/species/6/EuropeanRobin-thumbnail-3afd51da2d7daf4db7f4ed43af30ed2d.jpg","https://media.birdweather.com/species/6/EuropeanRobin-png200-ac96bfc6bbb72a9e2528d5544937cebd.png","YxgKFwJnWYePd3iMd5h4Z4eHp6cMG8gA",11573020212,"https://media.birdweather.com/soundscapes/6891/6891-20260508-195356.flac",0,3,"birdnetpi"
7574052619,6891,"2026-05-08T21:53:12.000+02:00",0.86,0.890804290771484,9.47576488718016,"almost_certain","2p4",NA,51.5648,6.0079,FALSE,6,"European Robin","Erithacus rubecula","#93d436","avian","https://media.birdweather.com/species/6/EuropeanRobin-standard-6802f21dc9c4b056c0c15b0a4ad01a9a.jpg","https://media.birdweather.com/species/6/EuropeanRobin-thumbnail-3afd51da2d7daf4db7f4ed43af30ed2d.jpg","https://media.birdweather.com/species/6/EuropeanRobin-png200-ac96bfc6bbb72a9e2528d5544937cebd.png","YxgKFwJnWYePd3iMd5h4Z4eHp6cMG8gA",11572999744,"https://media.birdweather.com/soundscapes/6891/6891-20260508-195312.flac",0,3,"birdnetpi"
7574039905,6891,"2026-05-08T21:52:37.000+02:00",0.82,0.890804290771484,9.37423696532956,"almost_certain","2p4",NA,51.5654,6.0008,FALSE,6,"European Robin","Erithacus rubecula","#93d436","avian","https://media.birdweather.com/species/6/EuropeanRobin-standard-6802f21dc9c4b056c0c15b0a4ad01a9a.jpg","https://media.birdweather.com/species/6/EuropeanRobin-thumbnail-3afd51da2d7daf4db7f4ed43af30ed2d.jpg","https://media.birdweather.com/species/6/EuropeanRobin-png200-ac96bfc6bbb72a9e2528d5544937cebd.png","YxgKFwJnWYePd3iMd5h4Z4eHp6cMG8gA",11572984400,"https://media.birdweather.com/soundscapes/6891/6891-20260508-195237.flac",0,3,"birdnetpi"
7574019501,6891,"2026-05-08T21:51:52.000+02:00",0.76,0.890804290771484,9.20627178406307,"almost_certain","2p4",NA,51.567,6.0094,FALSE,6,"European Robin","Erithacus rubecula","#93d436","avian","https://media.birdweather.com/species/6/EuropeanRobin-standard-6802f21dc9c4b056c0c15b0a4ad01a9a.jpg","https://media.birdweather.com/species/6/EuropeanRobin-thumbnail-3afd51da2d7daf4db7f4ed43af30ed2d.jpg","https://media.birdweather.com/species/6/EuropeanRobin-png200-ac96bfc6bbb72a9e2528d5544937cebd.png","YxgKFwJnWYePd3iMd5h4Z4eHp6cMG8gA",11572960700,"https://media.birdweather.com/soundscapes/6891/6891-20260508-195152.flac",0,3,"birdnetpi"
7573990307,6891,"2026-05-08T21:50:32.000+02:00",0.85,0.890804290771484,9.45107953464149,"almost_certain","2p4",NA,51.5621,6.0074,FALSE,6,"European Robin","Erithacus rubecula","#93d436","avian","https://media.birdweather.com/species/6/EuropeanRobin-standard-6802f21dc9c4b056c0c15b0a4ad01a9a.jpg","https://media.birdweather.com/species/6/EuropeanRobin-thumbnail-3afd51da2d7daf4db7f4ed43af30ed2d.jpg","https://media.birdweather.com/species/6/EuropeanRobin-png200-ac96bfc6bbb72a9e2528d5544937cebd.png","YxgKFwJnWYePd3iMd5h4Z4eHp6cMG8gA",11572926204,"https://media.birdweather.com/soundscapes/6891/6891-20260508-195032.flac",0,3,"birdnetpi"
7573858548,6891,"2026-05-08T21:45:06.000+02:00",0.91,0.999183833599091,9.74857483721031,"almost_certain","2p4",NA,51.5631,6.0021,FALSE,35,"Eurasian Blackbird","Turdus merula","#ff65df","avian","https://media.birdweather.com/species/35/EurasianBlackbird-standard-618b3a5132c7c359fb2a2884c39deb39.jpg","https://media.birdweather.com/species/35/EurasianBlackbird-thumbnail-276878929bed08167d1fd9bf34d63d40.jpg","https://media.birdweather.com/species/35/EurasianBlackbird-png200-ba5a1b43225da4611cac429c52a52c81.png","GfkFFwKRmrx2ZYiaaQe69nlzScn3T7IA",11572773538,"https://media.birdweather.com/soundscapes/6891/6891-20260508-194506.flac",0,3,"birdnetpi"
7573761197,6891,"2026-05-08T21:41:07.000+02:00",0.83,0.999183833599091,9.55597756485928,"almost_certain","2p4",NA,51.5672,6.0013,FALSE,35,"Eurasian Blackbird","Turdus merula","#ff65df","avian","https://media.birdweather.com/species/35/EurasianBlackbird-standard-618b3a5132c7c359fb2a2884c39deb39.jpg","https://media.birdweather.com/species/35/EurasianBlackbird-thumbnail-276878929bed08167d1fd9bf34d63d40.jpg","https://media.birdweather.com/species/35/EurasianBlackbird-png200-ba5a1b43225da4611cac429c52a52c81.png","GfkFFwKRmrx2ZYiaaQe69nlzScn3T7IA",11572661095,"https://media.birdweather.com/soundscapes/6891/6891-20260508-194107.flac",0,3,"birdnetpi"
7573743133,6891,"2026-05-08T21:40:23.000+02:00",0.97,0.999183833599091,9.8771065318585,"almost_certain","2p4",NA,51.5646,6.0085,FALSE,35,"Eurasian Blackbird","Turdus merula","#ff65df","avian","https://media.birdweather.com/species/35/EurasianBlackbird-standard-618b3a5132c7c359fb2a2884c39deb39.jpg","https://media.birdweather.com/species/35/EurasianBlackbird-thumbnail-276878929bed08167d1fd9bf34d63d40.jpg","https://media.birdweather.com/species/35/EurasianBlackbird-png200-ba5a1b43225da4611cac429c52a52c81.png","GfkFFwKRmrx2ZYiaaQe69nlzScn3T7IA",11572640500,"https://media.birdweather.com/soundscapes/6891/6891-20260508-194023.flac",0,3,"birdnetpi"
7573736710,6891,"2026-05-08T21:40:15.000+02:00",0.73,0.999183833599091,9.26952180179305,"almost_certain","2p4",NA,51.5662,6.0077,FALSE,35,"Eurasian Blackbird","Turdus merula","#ff65df","avian","https://media.birdweather.com/species/35/EurasianBlackbird-standard-618b3a5132c7c359fb2a2884c39deb39.jpg","https://media.birdweather.com/species/35/EurasianBlackbird-thumbnail-276878929bed08167d1fd9bf34d63d40.jpg","https://media.birdweather.com/species/35/EurasianBlackbird-png200-ba5a1b43225da4611cac429c52a52c81.png","GfkFFwKRmrx2ZYiaaQe69nlzScn3T7IA",11572633008,"https://media.birdweather.com/soundscapes/6891/6891-20260508-194015.flac",0,3,"birdnetpi"
7573709665,6891,"2026-05-08T21:39:00.000+02:00",0.83,0.999183833599091,9.55597756485928,"almost_certain","2p4",NA,51.568,6.0052,FALSE,35,"Eurasian Blackbird","Turdus merula","#ff65df","avian","https://media.birdweather.com/species/35/EurasianBlackbird-standard-618b3a5132c7c359fb2a2884c39deb39.jpg","https://media.birdweather.com/species/35/EurasianBlackbird-thumbnail-276878929bed08167d1fd9bf34d63d40.jpg","https://media.birdweather.com/species/35/EurasianBlackbird-png200-ba5a1b43225da4611cac429c52a52c81.png","GfkFFwKRmrx2ZYiaaQe69nlzScn3T7IA",11572602327,"https://media.birdweather.com/soundscapes/6891/6891-20260508-193900.flac",0,3,"birdnetpi"
7573681349,6891,"2026-05-08T21:37:58.000+02:00",0.81,0.999183833599091,9.5032787601252,"almost_certain","2p4",NA,51.5631,6.0018,FALSE,35,"Eurasian Blackbird","Turdus merula","#ff65df","avian","https://media.birdweather.com/species/35/EurasianBlackbird-standard-618b3a5132c7c359fb2a2884c39deb39.jpg","https://media.birdweather.com/species/35/EurasianBlackbird-thumbnail-276878929bed08167d1fd9bf34d63d40.jpg","https://media.birdweather.com/species/35/EurasianBlackbird-png200-ba5a1b43225da4611cac429c52a52c81.png","GfkFFwKRmrx2ZYiaaQe69nlzScn3T7IA",11572571036,"https://media.birdweather.com/soundscapes/6891/6891-20260508-193758.flac",0,3,"birdnetpi"
7573641647,6891,"2026-05-08T21:36:22.000+02:00",0.91,0.999183833599091,9.74857483721031,"almost_certain","2p4",NA,51.5624,6.0006,FALSE,35,"Eurasian Blackbird","Turdus merula","#ff65df","avian","https://media.birdweather.com/species/35/EurasianBlackbird-standard-618b3a5132c7c359fb2a2884c39deb39.jpg","https://media.birdweather.com/species/35/EurasianBlackbird-thumbnail-276878929bed08167d1fd9bf34d63d40.jpg","https://media.birdweather.com/species/35/EurasianBlackbird-png200-ba5a1b43225da4611cac429c52a52c81.png","GfkFFwKRmrx2ZYiaaQe69nlzScn3T7IA",11572526489,"https://media.birdweather.com/soundscapes/6891/6891-20260508-193622.flac",0,3,"birdnetpi"
7573623103,6891,"2026-05-08T21:35:39.000+02:00",0.94,0.999183833599091,9.81434746749562,"almost_certain","2p4",NA,51.566,6.0013,FALSE,35,"Eurasian Blackbird","Turdus merula","#ff65df","avian","https://media.birdweather.com/species/35/EurasianBlackbird-standard-618b3a5132c7c359fb2a2884c39deb39.jpg","https://media.birdweather.com/species/35/EurasianBlackbird-thumbnail-276878929bed08167d1fd9bf34d63d40.jpg","https://media.birdweather.com/species/35/EurasianBlackbird-png200-ba5a1b43225da4611cac429c52a52c81.png","GfkFFwKRmrx2ZYiaaQe69nlzScn3T7IA",11572505860,"https://media.birdweather.com/soundscapes/6891/6891-20260508-193539.flac",0,3,"birdnetpi"
7573603335,6891,"2026-05-08T21:34:45.000+02:00",0.76,0.999183833599091,9.36191635648293,"almost_certain","2p4",NA,51.566,6.0079,FALSE,35,"Eurasian Blackbird","Turdus merula","#ff65df","avian","https://media.birdweather.com/species/35/EurasianBlackbird-standard-618b3a5132c7c359fb2a2884c39deb39.jpg","https://media.birdweather.com/species/35/EurasianBlackbird-thumbnail-276878929bed08167d1fd9bf34d63d40.jpg","https://media.birdweather.com/species/35/EurasianBlackbird-png200-ba5a1b43225da4611cac429c52a52c81.png","GfkFFwKRmrx2ZYiaaQe69nlzScn3T7IA",11572483525,"https://media.birdweather.com/soundscapes/6891/6891-20260508-193445.flac",0,3,"birdnetpi"
7573547340,6891,"2026-05-08T21:32:35.000+02:00",0.79,0.890804290771484,9.29282687928457,"almost_certain","2p4",NA,51.5654,6.0088,FALSE,6,"European Robin","Erithacus rubecula","#93d436","avian","https://media.birdweather.com/species/6/EuropeanRobin-standard-6802f21dc9c4b056c0c15b0a4ad01a9a.jpg","https://media.birdweather.com/species/6/EuropeanRobin-thumbnail-3afd51da2d7daf4db7f4ed43af30ed2d.jpg","https://media.birdweather.com/species/6/EuropeanRobin-png200-ac96bfc6bbb72a9e2528d5544937cebd.png","YxgKFwJnWYePd3iMd5h4Z4eHp6cMG8gA",11572419844,"https://media.birdweather.com/soundscapes/6891/6891-20260508-193235.flac",0,3,"birdnetpi"
7573538305,6891,"2026-05-08T21:32:07.000+02:00",0.92,0.890804290771484,9.61520717838478,"almost_certain","2p4",NA,51.5629,6.0066,FALSE,6,"European Robin","Erithacus rubecula","#93d436","avian","https://media.birdweather.com/species/6/EuropeanRobin-standard-6802f21dc9c4b056c0c15b0a4ad01a9a.jpg","https://media.birdweather.com/species/6/EuropeanRobin-thumbnail-3afd51da2d7daf4db7f4ed43af30ed2d.jpg","https://media.birdweather.com/species/6/EuropeanRobin-png200-ac96bfc6bbb72a9e2528d5544937cebd.png","YxgKFwJnWYePd3iMd5h4Z4eHp6cMG8gA",11572409660,"https://media.birdweather.com/soundscapes/6891/6891-20260508-193207.flac",0,3,"birdnetpi"
7573530474,6891,"2026-05-08T21:31:49.000+02:00",0.88,0.890804290771484,9.5238399953216,"almost_certain","2p4",NA,51.568,6.0083,FALSE,6,"European Robin","Erithacus rubecula","#93d436","avian","https://media.birdweather.com/species/6/EuropeanRobin-standard-6802f21dc9c4b056c0c15b0a4ad01a9a.jpg","https://media.birdweather.com/species/6/EuropeanRobin-thumbnail-3afd51da2d7daf4db7f4ed43af30ed2d.jpg","https://media.birdweather.com/species/6/EuropeanRobin-png200-ac96bfc6bbb72a9e2528d5544937cebd.png","YxgKFwJnWYePd3iMd5h4Z4eHp6cMG8gA",11572401363,"https://media.birdweather.com/soundscapes/6891/6891-20260508-193149.flac",0,3,"birdnetpi"
7573470413,6891,"2026-05-08T21:29:30.000+02:00",0.95,0.999183833599091,9.8355882030499,"almost_certain","2p4",NA,51.5699,6.0069,FALSE,35,"Eurasian Blackbird","Turdus merula","#ff65df","avian","https://media.birdweather.com/species/35/EurasianBlackbird-standard-618b3a5132c7c359fb2a2884c39deb39.jpg","https://media.birdweather.com/species/35/EurasianBlackbird-thumbnail-276878929bed08167d1fd9bf34d63d40.jpg","https://media.birdweather.com/species/35/EurasianBlackbird-png200-ba5a1b43225da4611cac429c52a52c81.png","GfkFFwKRmrx2ZYiaaQe69nlzScn3T7IA",11572334648,"https://media.birdweather.com/soundscapes/6891/6891-20260508-192930.flac",0,3,"birdnetpi"
7573458934,6891,"2026-05-08T21:29:04.000+02:00",0.81,0.999183833599091,9.5032787601252,"almost_certain","2p4",NA,51.5622,6.0076,FALSE,35,"Eurasian Blackbird","Turdus merula","#ff65df","avian","https://media.birdweather.com/species/35/EurasianBlackbird-standard-618b3a5132c7c359fb2a2884c39deb39.jpg","https://media.birdweather.com/species/35/EurasianBlackbird-thumbnail-276878929bed08167d1fd9bf34d63d40.jpg","https://media.birdweather.com/species/35/EurasianBlackbird-png200-ba5a1b43225da4611cac429c52a52c81.png","GfkFFwKRmrx2ZYiaaQe69nlzScn3T7IA",11572322015,"https://media.birdweather.com/soundscapes/6891/6891-20260508-192904.flac",0,3,"birdnetpi"
7573452468,6891,"2026-05-08T21:28:48.000+02:00",0.77,0.999183833599091,9.39137985763565,"almost_certain","2p4",NA,51.5664,6.0024,FALSE,35,"Eurasian Blackbird","Turdus merula","#ff65df","avian","https://media.birdweather.com/species/35/EurasianBlackbird-standard-618b3a5132c7c359fb2a2884c39deb39.jpg","https://media.birdweather.com/species/35/EurasianBlackbird-thumbnail-276878929bed08167d1fd9bf34d63d40.jpg","https://media.birdweather.com/species/35/EurasianBlackbird-png200-ba5a1b43225da4611cac429c52a52c81.png","GfkFFwKRmrx2ZYiaaQe69nlzScn3T7IA",11572315053,"https://media.birdweather.com/soundscapes/6891/6891-20260508-192848.flac",0,3,"birdnetpi"
7573426350,6891,"2026-05-08T21:27:44.000+02:00",0.8,0.999183833599091,9.47614916072943,"almost_certain","2p4",NA,51.5682,6.001,FALSE,35,"Eurasian Blackbird","Turdus merula","#ff65df","avian","https://media.birdweather.com/species/35/EurasianBlackbird-standard-618b3a5132c7c359fb2a2884c39deb39.jpg","https://media.birdweather.com/species/35/EurasianBlackbird-thumbnail-276878929bed08167d1fd9bf34d63d40.jpg","https://media.birdweather.com/species/35/EurasianBlackbird-png200-ba5a1b43225da4611cac429c52a52c81.png","GfkFFwKRmrx2ZYiaaQe69nlzScn3T7IA",11572286376,"https://media.birdweather.com/soundscapes/6891/6891-20260508-192744.flac",0,3,"birdnetpi"
7573419404,6891,"2026-05-08T21:27:38.000+02:00",0.88,0.824159979820251,9.41853793962884,"almost_certain","2p4",NA,51.5672,6.0094,FALSE,5,"Eurasian Wren","Troglodytes troglodytes","#871aa2","avian","https://media.birdweather.com/species/5/EurasianWren-standard-9c09f98281df1112cec97e5b2520b7ac.jpg","https://media.birdweather.com/species/5/EurasianWren-thumbnail-7ee2ceda5807a63f70243cd666e8e3c8.jpg","https://media.birdweather.com/species/5/EurasianWren-png200-a33056cab50c84c6025cfd25b6f18c19.png","JwgGDwDcVHlfhXmJhXiXWJiJaEAXA5IC",11572278781,"https://media.birdweather.com/soundscapes/6891/6891-20260508-192738.flac",0,3,"birdnetpi"
7573408773,6891,"2026-05-08T21:27:05.000+02:00",0.78,0.824159979820251,9.15927640012405,"almost_certain","2p4",NA,51.5624,6.0044,FALSE,5,"Eurasian Wren","Troglodytes troglodytes","#871aa2","avian","https://media.birdweather.com/species/5/EurasianWren-standard-9c09f98281df1112cec97e5b2520b7ac.jpg","https://media.birdweather.com/species/5/EurasianWren-thumbnail-7ee2ceda5807a63f70243cd666e8e3c8.jpg","https://media.birdweather.com/species/5/EurasianWren-png200-a33056cab50c84c6025cfd25b6f18c19.png","JwgGDwDcVHlfhXmJhXiXWJiJaEAXA5IC",11572267001,"https://media.birdweather.com/soundscapes/6891/6891-20260508-192705.flac",0,3,"birdnetpi"
7573408268,6891,"2026-05-08T21:27:02.000+02:00",0.77,0.999183833599091,9.39137985763565,"almost_certain","2p4",NA,51.5632,6.0016,FALSE,35,"Eurasian Blackbird","Turdus merula","#ff65df","avian","https://media.birdweather.com/species/35/EurasianBlackbird-standard-618b3a5132c7c359fb2a2884c39deb39.jpg","https://media.birdweather.com/species/35/EurasianBlackbird-thumbnail-276878929bed08167d1fd9bf34d63d40.jpg","https://media.birdweather.com/species/35/EurasianBlackbird-png200-ba5a1b43225da4611cac429c52a52c81.png","GfkFFwKRmrx2ZYiaaQe69nlzScn3T7IA",11572266540,"https://media.birdweather.com/soundscapes/6891/6891-20260508-192702.flac",0,3,"birdnetpi"
7573394437,6891,"2026-05-08T21:26:29.000+02:00",0.91,0.824159979820251,9.48762820909768,"almost_certain","2p4",NA,51.5666,6.0058,FALSE,5,"Eurasian Wren","Troglodytes troglodytes","#871aa2","avian","https://media.birdweather.com/species/5/EurasianWren-standard-9c09f98281df1112cec97e5b2520b7ac.jpg","https://media.birdweather.com/species/5/EurasianWren-thumbnail-7ee2ceda5807a63f70243cd666e8e3c8.jpg","https://media.birdweather.com/species/5/EurasianWren-png200-a33056cab50c84c6025cfd25b6f18c19.png","JwgGDwDcVHlfhXmJhXiXWJiJaEAXA5IC",11572251142,"https://media.birdweather.com/soundscapes/6891/6891-20260508-192629.flac",0,3,"birdnetpi"
7573388157,6891,"2026-05-08T21:26:14.000+02:00",0.9,0.999183833599091,9.72592969353715,"almost_certain","2p4",NA,51.5678,6.0033,FALSE,35,"Eurasian Blackbird","Turdus merula","#ff65df","avian","https://media.birdweather.com/species/35/EurasianBlackbird-standard-618b3a5132c7c359fb2a2884c39deb39.jpg","https://media.birdweather.com/species/35/EurasianBlackbird-thumbnail-276878929bed08167d1fd9bf34d63d40.jpg","https://media.birdweather.com/species/35/EurasianBlackbird-png200-ba5a1b43225da4611cac429c52a52c81.png","GfkFFwKRmrx2ZYiaaQe69nlzScn3T7IA",11572244153,"https://media.birdweather.com/soundscapes/6891/6891-20260508-192614.flac",0,3,"birdnetpi"
7573386002,6891,"2026-05-08T21:26:11.000+02:00",0.94,0.824159979820251,9.55340083938299,"almost_certain","2p4",NA,51.5624,6.004,FALSE,5,"Eurasian Wren","Troglodytes troglodytes","#871aa2","avian","https://media.birdweather.com/species/5/EurasianWren-standard-9c09f98281df1112cec97e5b2520b7ac.jpg","https://media.birdweather.com/species/5/EurasianWren-thumbnail-7ee2ceda5807a63f70243cd666e8e3c8.jpg","https://media.birdweather.com/species/5/EurasianWren-png200-a33056cab50c84c6025cfd25b6f18c19.png","JwgGDwDcVHlfhXmJhXiXWJiJaEAXA5IC",11572241669,"https://media.birdweather.com/soundscapes/6891/6891-20260508-192611.flac",0,3,"birdnetpi"
7573377249,6891,"2026-05-08T21:25:51.000+02:00",0.98,0.999183833599091,9.89740319938414,"almost_certain","2p4",NA,51.564,6.0069,FALSE,35,"Eurasian Blackbird","Turdus merula","#ff65df","avian","https://media.birdweather.com/species/35/EurasianBlackbird-standard-618b3a5132c7c359fb2a2884c39deb39.jpg","https://media.birdweather.com/species/35/EurasianBlackbird-thumbnail-276878929bed08167d1fd9bf34d63d40.jpg","https://media.birdweather.com/species/35/EurasianBlackbird-png200-ba5a1b43225da4611cac429c52a52c81.png","GfkFFwKRmrx2ZYiaaQe69nlzScn3T7IA",11572231900,"https://media.birdweather.com/soundscapes/6891/6891-20260508-192551.flac",0,3,"birdnetpi"
7573369322,6891,"2026-05-08T21:25:30.000+02:00",0.89,0.999183833599091,9.70290394144371,"almost_certain","2p4",NA,51.5667,6.0022,FALSE,35,"Eurasian Blackbird","Turdus merula","#ff65df","avian","https://media.birdweather.com/species/35/EurasianBlackbird-standard-618b3a5132c7c359fb2a2884c39deb39.jpg","https://media.birdweather.com/species/35/EurasianBlackbird-thumbnail-276878929bed08167d1fd9bf34d63d40.jpg","https://media.birdweather.com/species/35/EurasianBlackbird-png200-ba5a1b43225da4611cac429c52a52c81.png","GfkFFwKRmrx2ZYiaaQe69nlzScn3T7IA",11572223059,"https://media.birdweather.com/soundscapes/6891/6891-20260508-192530.flac",0,3,"birdnetpi"
7573365589,6891,"2026-05-08T21:25:21.000+02:00",0.91,0.824159979820251,9.48762820909768,"almost_certain","2p4",NA,51.5682,6.0079,FALSE,5,"Eurasian Wren","Troglodytes troglodytes","#871aa2","avian","https://media.birdweather.com/species/5/EurasianWren-standard-9c09f98281df1112cec97e5b2520b7ac.jpg","https://media.birdweather.com/species/5/EurasianWren-thumbnail-7ee2ceda5807a63f70243cd666e8e3c8.jpg","https://media.birdweather.com/species/5/EurasianWren-png200-a33056cab50c84c6025cfd25b6f18c19.png","JwgGDwDcVHlfhXmJhXiXWJiJaEAXA5IC",11572218746,"https://media.birdweather.com/soundscapes/6891/6891-20260508-192521.flac",0,3,"birdnetpi"
7573356516,6891,"2026-05-08T21:25:00.000+02:00",0.99,0.824159979820251,9.65645692647849,"almost_certain","2p4",NA,51.5654,6.0044,FALSE,5,"Eurasian Wren","Troglodytes troglodytes","#871aa2","avian","https://media.birdweather.com/species/5/EurasianWren-standard-9c09f98281df1112cec97e5b2520b7ac.jpg","https://media.birdweather.com/species/5/EurasianWren-thumbnail-7ee2ceda5807a63f70243cd666e8e3c8.jpg","https://media.birdweather.com/species/5/EurasianWren-png200-a33056cab50c84c6025cfd25b6f18c19.png","JwgGDwDcVHlfhXmJhXiXWJiJaEAXA5IC",11572208506,"https://media.birdweather.com/soundscapes/6891/6891-20260508-192500.flac",0,3,"birdnetpi"
7573347379,6891,"2026-05-08T21:24:40.000+02:00",0.98,0.824159979820251,9.63645657127151,"almost_certain","2p4",NA,51.5652,6.0047,FALSE,5,"Eurasian Wren","Troglodytes troglodytes","#871aa2","avian","https://media.birdweather.com/species/5/EurasianWren-standard-9c09f98281df1112cec97e5b2520b7ac.jpg","https://media.birdweather.com/species/5/EurasianWren-thumbnail-7ee2ceda5807a63f70243cd666e8e3c8.jpg","https://media.birdweather.com/species/5/EurasianWren-png200-a33056cab50c84c6025cfd25b6f18c19.png","JwgGDwDcVHlfhXmJhXiXWJiJaEAXA5IC",11572198104,"https://media.birdweather.com/soundscapes/6891/6891-20260508-192440.flac",0,3,"birdnetpi"
7573337287,6891,"2026-05-08T21:24:16.000+02:00",1,0.824159979820251,9.67616949678787,"almost_certain","2p4",NA,51.5669,6.0044,FALSE,5,"Eurasian Wren","Troglodytes troglodytes","#871aa2","avian","https://media.birdweather.com/species/5/EurasianWren-standard-9c09f98281df1112cec97e5b2520b7ac.jpg","https://media.birdweather.com/species/5/EurasianWren-thumbnail-7ee2ceda5807a63f70243cd666e8e3c8.jpg","https://media.birdweather.com/species/5/EurasianWren-png200-a33056cab50c84c6025cfd25b6f18c19.png","JwgGDwDcVHlfhXmJhXiXWJiJaEAXA5IC",11572186875,"https://media.birdweather.com/soundscapes/6891/6891-20260508-192416.flac",0,3,"birdnetpi"
7573327666,6891,"2026-05-08T21:23:54.000+02:00",1,0.824159979820251,9.67616949678787,"almost_certain","2p4",NA,51.5631,6.0034,FALSE,5,"Eurasian Wren","Troglodytes troglodytes","#871aa2","avian","https://media.birdweather.com/species/5/EurasianWren-standard-9c09f98281df1112cec97e5b2520b7ac.jpg","https://media.birdweather.com/species/5/EurasianWren-thumbnail-7ee2ceda5807a63f70243cd666e8e3c8.jpg","https://media.birdweather.com/species/5/EurasianWren-png200-a33056cab50c84c6025cfd25b6f18c19.png","JwgGDwDcVHlfhXmJhXiXWJiJaEAXA5IC",11572176468,"https://media.birdweather.com/soundscapes/6891/6891-20260508-192354.flac",0,3,"birdnetpi"
7573318789,6891,"2026-05-08T21:23:36.000+02:00",0.99,0.824159979820251,9.65645692647849,"almost_certain","2p4",NA,51.5659,6.006,FALSE,5,"Eurasian Wren","Troglodytes troglodytes","#871aa2","avian","https://media.birdweather.com/species/5/EurasianWren-standard-9c09f98281df1112cec97e5b2520b7ac.jpg","https://media.birdweather.com/species/5/EurasianWren-thumbnail-7ee2ceda5807a63f70243cd666e8e3c8.jpg","https://media.birdweather.com/species/5/EurasianWren-png200-a33056cab50c84c6025cfd25b6f18c19.png","JwgGDwDcVHlfhXmJhXiXWJiJaEAXA5IC",11572166661,"https://media.birdweather.com/soundscapes/6891/6891-20260508-192336.flac",0,3,"birdnetpi"
7573289949,6891,"2026-05-08T21:22:22.000+02:00",0.71,0.999183833599091,9.20427137467778,"almost_certain","2p4",NA,51.5675,6.0007,FALSE,35,"Eurasian Blackbird","Turdus merula","#ff65df","avian","https://media.birdweather.com/species/35/EurasianBlackbird-standard-618b3a5132c7c359fb2a2884c39deb39.jpg","https://media.birdweather.com/species/35/EurasianBlackbird-thumbnail-276878929bed08167d1fd9bf34d63d40.jpg","https://media.birdweather.com/species/35/EurasianBlackbird-png200-ba5a1b43225da4611cac429c52a52c81.png","GfkFFwKRmrx2ZYiaaQe69nlzScn3T7IA",11572134238,"https://media.birdweather.com/soundscapes/6891/6891-20260508-192222.flac",0,3,"birdnetpi"
7573283449,6891,"2026-05-08T21:22:05.000+02:00",1,0.824159979820251,9.67616949678787,"almost_certain","2p4",NA,51.5702,6.0074,FALSE,5,"Eurasian Wren","Troglodytes troglodytes","#871aa2","avian","https://media.birdweather.com/species/5/EurasianWren-standard-9c09f98281df1112cec97e5b2520b7ac.jpg","https://media.birdweather.com/species/5/EurasianWren-thumbnail-7ee2ceda5807a63f70243cd666e8e3c8.jpg","https://media.birdweather.com/species/5/EurasianWren-png200-a33056cab50c84c6025cfd25b6f18c19.png","JwgGDwDcVHlfhXmJhXiXWJiJaEAXA5IC",11572127128,"https://media.birdweather.com/soundscapes/6891/6891-20260508-192205.flac",0,3,"birdnetpi"
7573275030,6891,"2026-05-08T21:21:47.000+02:00",1,0.824159979820251,9.67616949678787,"almost_certain","2p4",NA,51.5667,6.0078,FALSE,5,"Eurasian Wren","Troglodytes troglodytes","#871aa2","avian","https://media.birdweather.com/species/5/EurasianWren-standard-9c09f98281df1112cec97e5b2520b7ac.jpg","https://media.birdweather.com/species/5/EurasianWren-thumbnail-7ee2ceda5807a63f70243cd666e8e3c8.jpg","https://media.birdweather.com/species/5/EurasianWren-png200-a33056cab50c84c6025cfd25b6f18c19.png","JwgGDwDcVHlfhXmJhXiXWJiJaEAXA5IC",11572117852,"https://media.birdweather.com/soundscapes/6891/6891-20260508-192147.flac",0,3,"birdnetpi"
7573267271,6891,"2026-05-08T21:21:27.000+02:00",1,0.824159979820251,9.67616949678787,"almost_certain","2p4",NA,51.567,6.0068,FALSE,5,"Eurasian Wren","Troglodytes troglodytes","#871aa2","avian","https://media.birdweather.com/species/5/EurasianWren-standard-9c09f98281df1112cec97e5b2520b7ac.jpg","https://media.birdweather.com/species/5/EurasianWren-thumbnail-7ee2ceda5807a63f70243cd666e8e3c8.jpg","https://media.birdweather.com/species/5/EurasianWren-png200-a33056cab50c84c6025cfd25b6f18c19.png","JwgGDwDcVHlfhXmJhXiXWJiJaEAXA5IC",11572109348,"https://media.birdweather.com/soundscapes/6891/6891-20260508-192127.flac",0,3,"birdnetpi"
7573259629,6891,"2026-05-08T21:21:09.000+02:00",1,0.824159979820251,9.67616949678787,"almost_certain","2p4",NA,51.5644,6.003,FALSE,5,"Eurasian Wren","Troglodytes troglodytes","#871aa2","avian","https://media.birdweather.com/species/5/EurasianWren-standard-9c09f98281df1112cec97e5b2520b7ac.jpg","https://media.birdweather.com/species/5/EurasianWren-thumbnail-7ee2ceda5807a63f70243cd666e8e3c8.jpg","https://media.birdweather.com/species/5/EurasianWren-png200-a33056cab50c84c6025cfd25b6f18c19.png","JwgGDwDcVHlfhXmJhXiXWJiJaEAXA5IC",11572100937,"https://media.birdweather.com/soundscapes/6891/6891-20260508-192109.flac",0,3,"birdnetpi"
7573249022,6891,"2026-05-08T21:20:44.000+02:00",0.82,0.999183833599091,9.52988153774943,"almost_certain","2p4",NA,51.5695,6.003,FALSE,35,"Eurasian Blackbird","Turdus merula","#ff65df","avian","https://media.birdweather.com/species/35/EurasianBlackbird-standard-618b3a5132c7c359fb2a2884c39deb39.jpg","https://media.birdweather.com/species/35/EurasianBlackbird-thumbnail-276878929bed08167d1fd9bf34d63d40.jpg","https://media.birdweather.com/species/35/EurasianBlackbird-png200-ba5a1b43225da4611cac429c52a52c81.png","GfkFFwKRmrx2ZYiaaQe69nlzScn3T7IA",11572089279,"https://media.birdweather.com/soundscapes/6891/6891-20260508-192044.flac",0,3,"birdnetpi"
7573225544,6891,"2026-05-08T21:19:55.000+02:00",0.96,0.999183833599091,9.85650463986908,"almost_certain","2p4",NA,51.5684,6.0077,FALSE,35,"Eurasian Blackbird","Turdus merula","#ff65df","avian","https://media.birdweather.com/species/35/EurasianBlackbird-standard-618b3a5132c7c359fb2a2884c39deb39.jpg","https://media.birdweather.com/species/35/EurasianBlackbird-thumbnail-276878929bed08167d1fd9bf34d63d40.jpg","https://media.birdweather.com/species/35/EurasianBlackbird-png200-ba5a1b43225da4611cac429c52a52c81.png","GfkFFwKRmrx2ZYiaaQe69nlzScn3T7IA",11572063485,"https://media.birdweather.com/soundscapes/6891/6891-20260508-191955.flac",0,3,"birdnetpi"
7573219274,6891,"2026-05-08T21:19:42.000+02:00",0.98,0.999183833599091,9.89740319938414,"almost_certain","2p4",NA,51.563,6.0029,FALSE,35,"Eurasian Blackbird","Turdus merula","#ff65df","avian","https://media.birdweather.com/species/35/EurasianBlackbird-standard-618b3a5132c7c359fb2a2884c39deb39.jpg","https://media.birdweather.com/species/35/EurasianBlackbird-thumbnail-276878929bed08167d1fd9bf34d63d40.jpg","https://media.birdweather.com/species/35/EurasianBlackbird-png200-ba5a1b43225da4611cac429c52a52c81.png","GfkFFwKRmrx2ZYiaaQe69nlzScn3T7IA",11572056518,"https://media.birdweather.com/soundscapes/6891/6891-20260508-191942.flac",0,3,"birdnetpi"
7573211441,6891,"2026-05-08T21:19:16.000+02:00",0.98,0.672991514205933,9.36253497487563,"almost_certain","2p4",NA,51.5695,6.0017,FALSE,44,"Dunnock","Prunella modularis","#fea614","avian","https://media.birdweather.com/species/44/Dunnock-standard-a705d7131240cedd1c407b5a19989591.jpg","https://media.birdweather.com/species/44/Dunnock-thumbnail-1036624855b82c96db4ad23d1ed9d702.jpg","https://media.birdweather.com/species/44/Dunnock-png200-951bb2cdb9ec585716907d8eac83882e.png","lQgGDwB9pneQhHlwWjeK2ZK6d/kdFaUA",11572048033,"https://media.birdweather.com/soundscapes/6891/6891-20260508-191916.flac",0,3,"birdnetpi"
7573208919,6891,"2026-05-08T21:19:10.000+02:00",0.97,0.689138293266296,9.37424990806852,"almost_certain","2p4",NA,51.5666,6.0072,FALSE,90,"Gray Heron","Ardea cinerea","#a70076","avian","https://media.birdweather.com/species/90/GrayHeron-standard-e3f0fccd9ae9722e5e8fbb19dbaf13d5.jpg","https://media.birdweather.com/species/90/GrayHeron-thumbnail-48938163008079f2a083eb422453fe97.jpg","https://media.birdweather.com/species/90/GrayHeron-png200-17ea141f1d862a12d8e4f1d98638157f.png","LOcJDwKIeId/h3iBh8eIR2iKpgfXaYAN",11572045294,"https://media.birdweather.com/soundscapes/6891/6891-20260508-191910.flac",0,3,"birdnetpi"
7573149001,6891,"2026-05-08T21:16:57.000+02:00",0.79,0.999183833599091,9.44847145170443,"almost_certain","2p4",NA,51.5669,6.0094,FALSE,35,"Eurasian Blackbird","Turdus merula","#ff65df","avian","https://media.birdweather.com/species/35/EurasianBlackbird-standard-618b3a5132c7c359fb2a2884c39deb39.jpg","https://media.birdweather.com/species/35/EurasianBlackbird-thumbnail-276878929bed08167d1fd9bf34d63d40.jpg","https://media.birdweather.com/species/35/EurasianBlackbird-png200-ba5a1b43225da4611cac429c52a52c81.png","GfkFFwKRmrx2ZYiaaQe69nlzScn3T7IA",11571982377,"https://media.birdweather.com/soundscapes/6891/6891-20260508-191657.flac",0,3,"birdnetpi"
7573120486,6891,"2026-05-08T21:15:50.000+02:00",0.96,0.999183833599091,9.85650463986908,"almost_certain","2p4",NA,51.5645,6.0008,FALSE,35,"Eurasian Blackbird","Turdus merula","#ff65df","avian","https://media.birdweather.com/species/35/EurasianBlackbird-standard-618b3a5132c7c359fb2a2884c39deb39.jpg","https://media.birdweather.com/species/35/EurasianBlackbird-thumbnail-276878929bed08167d1fd9bf34d63d40.jpg","https://media.birdweather.com/species/35/EurasianBlackbird-png200-ba5a1b43225da4611cac429c52a52c81.png","GfkFFwKRmrx2ZYiaaQe69nlzScn3T7IA",11571950051,"https://media.birdweather.com/soundscapes/6891/6891-20260508-191550.flac",0,3,"birdnetpi"
7573101659,6891,"2026-05-08T21:15:07.000+02:00",0.9,0.999183833599091,9.72592969353715,"almost_certain","2p4",NA,51.5678,6.0023,FALSE,35,"Eurasian Blackbird","Turdus merula","#ff65df","avian","https://media.birdweather.com/species/35/EurasianBlackbird-standard-618b3a5132c7c359fb2a2884c39deb39.jpg","https://media.birdweather.com/species/35/EurasianBlackbird-thumbnail-276878929bed08167d1fd9bf34d63d40.jpg","https://media.birdweather.com/species/35/EurasianBlackbird-png200-ba5a1b43225da4611cac429c52a52c81.png","GfkFFwKRmrx2ZYiaaQe69nlzScn3T7IA",11571929427,"https://media.birdweather.com/soundscapes/6891/6891-20260508-191507.flac",0,3,"birdnetpi"
7573091309,6891,"2026-05-08T21:14:49.000+02:00",0.94,0.999183833599091,9.81434746749562,"almost_certain","2p4",NA,51.568,6.0052,FALSE,35,"Eurasian Blackbird","Turdus merula","#ff65df","avian","https://media.birdweather.com/species/35/EurasianBlackbird-standard-618b3a5132c7c359fb2a2884c39deb39.jpg","https://media.birdweather.com/species/35/EurasianBlackbird-thumbnail-276878929bed08167d1fd9bf34d63d40.jpg","https://media.birdweather.com/species/35/EurasianBlackbird-png200-ba5a1b43225da4611cac429c52a52c81.png","GfkFFwKRmrx2ZYiaaQe69nlzScn3T7IA",11571918334,"https://media.birdweather.com/soundscapes/6891/6891-20260508-191449.flac",0,3,"birdnetpi"
7573092256,6891,"2026-05-08T21:14:43.000+02:00",0.99,0.824159979820251,9.65645692647849,"almost_certain","2p4",NA,51.5629,6.0045,FALSE,5,"Eurasian Wren","Troglodytes troglodytes","#871aa2","avian","https://media.birdweather.com/species/5/EurasianWren-standard-9c09f98281df1112cec97e5b2520b7ac.jpg","https://media.birdweather.com/species/5/EurasianWren-thumbnail-7ee2ceda5807a63f70243cd666e8e3c8.jpg","https://media.birdweather.com/species/5/EurasianWren-png200-a33056cab50c84c6025cfd25b6f18c19.png","JwgGDwDcVHlfhXmJhXiXWJiJaEAXA5IC",11571919655,"https://media.birdweather.com/soundscapes/6891/6891-20260508-191443.flac",0,3,"birdnetpi"
7573080241,6891,"2026-05-08T21:14:15.000+02:00",0.91,0.999183833599091,9.74857483721031,"almost_certain","2p4",NA,51.5645,6.0072,FALSE,35,"Eurasian Blackbird","Turdus merula","#ff65df","avian","https://media.birdweather.com/species/35/EurasianBlackbird-standard-618b3a5132c7c359fb2a2884c39deb39.jpg","https://media.birdweather.com/species/35/EurasianBlackbird-thumbnail-276878929bed08167d1fd9bf34d63d40.jpg","https://media.birdweather.com/species/35/EurasianBlackbird-png200-ba5a1b43225da4611cac429c52a52c81.png","GfkFFwKRmrx2ZYiaaQe69nlzScn3T7IA",11571906433,"https://media.birdweather.com/soundscapes/6891/6891-20260508-191415.flac",0,3,"birdnetpi"
7573070335,6891,"2026-05-08T21:13:52.000+02:00",0.94,0.999183833599091,9.81434746749562,"almost_certain","2p4",NA,51.5676,6.0086,FALSE,35,"Eurasian Blackbird","Turdus merula","#ff65df","avian","https://media.birdweather.com/species/35/EurasianBlackbird-standard-618b3a5132c7c359fb2a2884c39deb39.jpg","https://media.birdweather.com/species/35/EurasianBlackbird-thumbnail-276878929bed08167d1fd9bf34d63d40.jpg","https://media.birdweather.com/species/35/EurasianBlackbird-png200-ba5a1b43225da4611cac429c52a52c81.png","GfkFFwKRmrx2ZYiaaQe69nlzScn3T7IA",11571896141,"https://media.birdweather.com/soundscapes/6891/6891-20260508-191352.flac",0,3,"birdnetpi"
7573060339,6891,"2026-05-08T21:13:38.000+02:00",0.84,0.999183833599091,9.58158578708593,"almost_certain","2p4",NA,51.568,6.0047,FALSE,35,"Eurasian Blackbird","Turdus merula","#ff65df","avian","https://media.birdweather.com/species/35/EurasianBlackbird-standard-618b3a5132c7c359fb2a2884c39deb39.jpg","https://media.birdweather.com/species/35/EurasianBlackbird-thumbnail-276878929bed08167d1fd9bf34d63d40.jpg","https://media.birdweather.com/species/35/EurasianBlackbird-png200-ba5a1b43225da4611cac429c52a52c81.png","GfkFFwKRmrx2ZYiaaQe69nlzScn3T7IA",11571884791,"https://media.birdweather.com/soundscapes/6891/6891-20260508-191338.flac",0,3,"birdnetpi"
7573047228,6891,"2026-05-08T21:13:07.000+02:00",0.82,0.999183833599091,9.52988153774943,"almost_certain","2p4",NA,51.5651,6.0085,FALSE,35,"Eurasian Blackbird","Turdus merula","#ff65df","avian","https://media.birdweather.com/species/35/EurasianBlackbird-standard-618b3a5132c7c359fb2a2884c39deb39.jpg","https://media.birdweather.com/species/35/EurasianBlackbird-thumbnail-276878929bed08167d1fd9bf34d63d40.jpg","https://media.birdweather.com/species/35/EurasianBlackbird-png200-ba5a1b43225da4611cac429c52a52c81.png","GfkFFwKRmrx2ZYiaaQe69nlzScn3T7IA",11571870666,"https://media.birdweather.com/soundscapes/6891/6891-20260508-191307.flac",0,3,"birdnetpi"
7573041324,6891,"2026-05-08T21:12:53.000+02:00",0.94,0.931612968444824,9.71940253698395,"almost_certain","2p4",NA,51.5669,6.0031,FALSE,66,"Eurasian Blue Tit","Cyanistes caeruleus","#4b8900","avian","https://media.birdweather.com/species/66/EurasianBlueTit-standard-4ec8e45d78b2908d0f41ae495ae07571.jpg","https://media.birdweather.com/species/66/EurasianBlueTit-thumbnail-4d9abc54a3abc3fb12e78e603cbe6784.jpg","https://media.birdweather.com/species/66/EurasianBlueTit-png200-49adab92304ba7a74e93ac43e38e62d3.png","EfgJBwAKhHiEm2ZheGllqXeZhi/ze3EP",11571864069,"https://media.birdweather.com/soundscapes/6891/6891-20260508-191253.flac",0,3,"birdnetpi"
7573024778,6891,"2026-05-08T21:12:15.000+02:00",0.86,0.999183833599091,9.63140945960003,"almost_certain","2p4",NA,51.5686,6.0035,FALSE,35,"Eurasian Blackbird","Turdus merula","#ff65df","avian","https://media.birdweather.com/species/35/EurasianBlackbird-standard-618b3a5132c7c359fb2a2884c39deb39.jpg","https://media.birdweather.com/species/35/EurasianBlackbird-thumbnail-276878929bed08167d1fd9bf34d63d40.jpg","https://media.birdweather.com/species/35/EurasianBlackbird-png200-ba5a1b43225da4611cac429c52a52c81.png","GfkFFwKRmrx2ZYiaaQe69nlzScn3T7IA",11571845771,"https://media.birdweather.com/soundscapes/6891/6891-20260508-191215.flac",0,3,"birdnetpi"
7573005549,6891,"2026-05-08T21:11:21.000+02:00",0.9,0.999183833599091,9.72592969353715,"almost_certain","2p4",NA,51.5692,6.009,FALSE,35,"Eurasian Blackbird","Turdus merula","#ff65df","avian","https://media.birdweather.com/species/35/EurasianBlackbird-standard-618b3a5132c7c359fb2a2884c39deb39.jpg","https://media.birdweather.com/species/35/EurasianBlackbird-thumbnail-276878929bed08167d1fd9bf34d63d40.jpg","https://media.birdweather.com/species/35/EurasianBlackbird-png200-ba5a1b43225da4611cac429c52a52c81.png","GfkFFwKRmrx2ZYiaaQe69nlzScn3T7IA",11571825069,"https://media.birdweather.com/soundscapes/6891/6891-20260508-191121.flac",0,3,"birdnetpi"
7572998685,6891,"2026-05-08T21:11:15.000+02:00",0.98,0.999183833599091,9.89740319938414,"almost_certain","2p4",NA,51.5644,6.0053,FALSE,35,"Eurasian Blackbird","Turdus merula","#ff65df","avian","https://media.birdweather.com/species/35/EurasianBlackbird-standard-618b3a5132c7c359fb2a2884c39deb39.jpg","https://media.birdweather.com/species/35/EurasianBlackbird-thumbnail-276878929bed08167d1fd9bf34d63d40.jpg","https://media.birdweather.com/species/35/EurasianBlackbird-png200-ba5a1b43225da4611cac429c52a52c81.png","GfkFFwKRmrx2ZYiaaQe69nlzScn3T7IA",11571817534,"https://media.birdweather.com/soundscapes/6891/6891-20260508-191115.flac",0,3,"birdnetpi"
7572987397,6891,"2026-05-08T21:10:39.000+02:00",0.97,0.999183833599091,9.8771065318585,"almost_certain","2p4",NA,51.5642,6.0052,FALSE,35,"Eurasian Blackbird","Turdus merula","#ff65df","avian","https://media.birdweather.com/species/35/EurasianBlackbird-standard-618b3a5132c7c359fb2a2884c39deb39.jpg","https://media.birdweather.com/species/35/EurasianBlackbird-thumbnail-276878929bed08167d1fd9bf34d63d40.jpg","https://media.birdweather.com/species/35/EurasianBlackbird-png200-ba5a1b43225da4611cac429c52a52c81.png","GfkFFwKRmrx2ZYiaaQe69nlzScn3T7IA",11571805322,"https://media.birdweather.com/soundscapes/6891/6891-20260508-191039.flac",0,3,"birdnetpi"
7572977480,6891,"2026-05-08T21:10:25.000+02:00",0.99,0.999183833599091,9.91740355459112,"almost_certain","2p4",NA,51.5624,6.0093,FALSE,35,"Eurasian Blackbird","Turdus merula","#ff65df","avian","https://media.birdweather.com/species/35/EurasianBlackbird-standard-618b3a5132c7c359fb2a2884c39deb39.jpg","https://media.birdweather.com/species/35/EurasianBlackbird-thumbnail-276878929bed08167d1fd9bf34d63d40.jpg","https://media.birdweather.com/species/35/EurasianBlackbird-png200-ba5a1b43225da4611cac429c52a52c81.png","GfkFFwKRmrx2ZYiaaQe69nlzScn3T7IA",11571794447,"https://media.birdweather.com/soundscapes/6891/6891-20260508-191025.flac",0,3,"birdnetpi"
7572966640,6891,"2026-05-08T21:09:52.000+02:00",0.99,0.999183833599091,9.91740355459112,"almost_certain","2p4",NA,51.5622,6.0036,FALSE,35,"Eurasian Blackbird","Turdus merula","#ff65df","avian","https://media.birdweather.com/species/35/EurasianBlackbird-standard-618b3a5132c7c359fb2a2884c39deb39.jpg","https://media.birdweather.com/species/35/EurasianBlackbird-thumbnail-276878929bed08167d1fd9bf34d63d40.jpg","https://media.birdweather.com/species/35/EurasianBlackbird-png200-ba5a1b43225da4611cac429c52a52c81.png","GfkFFwKRmrx2ZYiaaQe69nlzScn3T7IA",11571783170,"https://media.birdweather.com/soundscapes/6891/6891-20260508-190952.flac",0,3,"birdnetpi"
7572956521,6891,"2026-05-08T21:09:33.000+02:00",0.98,0.999183833599091,9.89740319938414,"almost_certain","2p4",NA,51.563,6.0033,FALSE,35,"Eurasian Blackbird","Turdus merula","#ff65df","avian","https://media.birdweather.com/species/35/EurasianBlackbird-standard-618b3a5132c7c359fb2a2884c39deb39.jpg","https://media.birdweather.com/species/35/EurasianBlackbird-thumbnail-276878929bed08167d1fd9bf34d63d40.jpg","https://media.birdweather.com/species/35/EurasianBlackbird-png200-ba5a1b43225da4611cac429c52a52c81.png","GfkFFwKRmrx2ZYiaaQe69nlzScn3T7IA",11571771811,"https://media.birdweather.com/soundscapes/6891/6891-20260508-190933.flac",0,3,"birdnetpi"
7572945094,6891,"2026-05-08T21:09:08.000+02:00",0.97,0.999183833599091,9.8771065318585,"almost_certain","2p4",NA,51.562,6.0033,FALSE,35,"Eurasian Blackbird","Turdus merula","#ff65df","avian","https://media.birdweather.com/species/35/EurasianBlackbird-standard-618b3a5132c7c359fb2a2884c39deb39.jpg","https://media.birdweather.com/species/35/EurasianBlackbird-thumbnail-276878929bed08167d1fd9bf34d63d40.jpg","https://media.birdweather.com/species/35/EurasianBlackbird-png200-ba5a1b43225da4611cac429c52a52c81.png","GfkFFwKRmrx2ZYiaaQe69nlzScn3T7IA",11571759636,"https://media.birdweather.com/soundscapes/6891/6891-20260508-190908.flac",0,3,"birdnetpi"
7572933004,6891,"2026-05-08T21:08:34.000+02:00",0.97,0.999183833599091,9.8771065318585,"almost_certain","2p4",NA,51.5626,6.0088,FALSE,35,"Eurasian Blackbird","Turdus merula","#ff65df","avian","https://media.birdweather.com/species/35/EurasianBlackbird-standard-618b3a5132c7c359fb2a2884c39deb39.jpg","https://media.birdweather.com/species/35/EurasianBlackbird-thumbnail-276878929bed08167d1fd9bf34d63d40.jpg","https://media.birdweather.com/species/35/EurasianBlackbird-png200-ba5a1b43225da4611cac429c52a52c81.png","GfkFFwKRmrx2ZYiaaQe69nlzScn3T7IA",11571746566,"https://media.birdweather.com/soundscapes/6891/6891-20260508-190834.flac",0,3,"birdnetpi"
7572922904,6891,"2026-05-08T21:08:11.000+02:00",0.94,0.999183833599091,9.81434746749562,"almost_certain","2p4",NA,51.5668,6.002,FALSE,35,"Eurasian Blackbird","Turdus merula","#ff65df","avian","https://media.birdweather.com/species/35/EurasianBlackbird-standard-618b3a5132c7c359fb2a2884c39deb39.jpg","https://media.birdweather.com/species/35/EurasianBlackbird-thumbnail-276878929bed08167d1fd9bf34d63d40.jpg","https://media.birdweather.com/species/35/EurasianBlackbird-png200-ba5a1b43225da4611cac429c52a52c81.png","GfkFFwKRmrx2ZYiaaQe69nlzScn3T7IA",11571735616,"https://media.birdweather.com/soundscapes/6891/6891-20260508-190811.flac",0,3,"birdnetpi"
7572919024,6891,"2026-05-08T21:08:02.000+02:00",0.95,0.824159979820251,9.57464157493727,"almost_certain","2p4",NA,51.5687,6.0032,FALSE,5,"Eurasian Wren","Troglodytes troglodytes","#871aa2","avian","https://media.birdweather.com/species/5/EurasianWren-standard-9c09f98281df1112cec97e5b2520b7ac.jpg","https://media.birdweather.com/species/5/EurasianWren-thumbnail-7ee2ceda5807a63f70243cd666e8e3c8.jpg","https://media.birdweather.com/species/5/EurasianWren-png200-a33056cab50c84c6025cfd25b6f18c19.png","JwgGDwDcVHlfhXmJhXiXWJiJaEAXA5IC",11571731560,"https://media.birdweather.com/soundscapes/6891/6891-20260508-190802.flac",0,3,"birdnetpi"
7572908983,6891,"2026-05-08T21:07:45.000+02:00",0.96,0.999183833599091,9.85650463986908,"almost_certain","2p4",NA,51.5631,6.0076,FALSE,35,"Eurasian Blackbird","Turdus merula","#ff65df","avian","https://media.birdweather.com/species/35/EurasianBlackbird-standard-618b3a5132c7c359fb2a2884c39deb39.jpg","https://media.birdweather.com/species/35/EurasianBlackbird-thumbnail-276878929bed08167d1fd9bf34d63d40.jpg","https://media.birdweather.com/species/35/EurasianBlackbird-png200-ba5a1b43225da4611cac429c52a52c81.png","GfkFFwKRmrx2ZYiaaQe69nlzScn3T7IA",11571720687,"https://media.birdweather.com/soundscapes/6891/6891-20260508-190745.flac",0,3,"birdnetpi"
7572904645,6891,"2026-05-08T21:07:32.000+02:00",0.97,0.824159979820251,9.61615990374587,"almost_certain","2p4",NA,51.5651,6.0067,FALSE,5,"Eurasian Wren","Troglodytes troglodytes","#871aa2","avian","https://media.birdweather.com/species/5/EurasianWren-standard-9c09f98281df1112cec97e5b2520b7ac.jpg","https://media.birdweather.com/species/5/EurasianWren-thumbnail-7ee2ceda5807a63f70243cd666e8e3c8.jpg","https://media.birdweather.com/species/5/EurasianWren-png200-a33056cab50c84c6025cfd25b6f18c19.png","JwgGDwDcVHlfhXmJhXiXWJiJaEAXA5IC",11571715946,"https://media.birdweather.com/soundscapes/6891/6891-20260508-190732.flac",0,3,"birdnetpi"
7572893919,6891,"2026-05-08T21:07:06.000+02:00",0.95,0.999183833599091,9.8355882030499,"almost_certain","2p4",NA,51.5669,6.007,FALSE,35,"Eurasian Blackbird","Turdus merula","#ff65df","avian","https://media.birdweather.com/species/35/EurasianBlackbird-standard-618b3a5132c7c359fb2a2884c39deb39.jpg","https://media.birdweather.com/species/35/EurasianBlackbird-thumbnail-276878929bed08167d1fd9bf34d63d40.jpg","https://media.birdweather.com/species/35/EurasianBlackbird-png200-ba5a1b43225da4611cac429c52a52c81.png","GfkFFwKRmrx2ZYiaaQe69nlzScn3T7IA",11571704640,"https://media.birdweather.com/soundscapes/6891/6891-20260508-190706.flac",0,3,"birdnetpi"
7572879767,6891,"2026-05-08T21:06:35.000+02:00",0.98,0.999183833599091,9.89740319938414,"almost_certain","2p4",NA,51.562,6.0006,FALSE,35,"Eurasian Blackbird","Turdus merula","#ff65df","avian","https://media.birdweather.com/species/35/EurasianBlackbird-standard-618b3a5132c7c359fb2a2884c39deb39.jpg","https://media.birdweather.com/species/35/EurasianBlackbird-thumbnail-276878929bed08167d1fd9bf34d63d40.jpg","https://media.birdweather.com/species/35/EurasianBlackbird-png200-ba5a1b43225da4611cac429c52a52c81.png","GfkFFwKRmrx2ZYiaaQe69nlzScn3T7IA",11571689703,"https://media.birdweather.com/soundscapes/6891/6891-20260508-190635.flac",0,3,"birdnetpi"
7572868364,6891,"2026-05-08T21:06:11.000+02:00",0.89,0.999183833599091,9.70290394144371,"almost_certain","2p4",NA,51.5656,6.004,FALSE,35,"Eurasian Blackbird","Turdus merula","#ff65df","avian","https://media.birdweather.com/species/35/EurasianBlackbird-standard-618b3a5132c7c359fb2a2884c39deb39.jpg","https://media.birdweather.com/species/35/EurasianBlackbird-thumbnail-276878929bed08167d1fd9bf34d63d40.jpg","https://media.birdweather.com/species/35/EurasianBlackbird-png200-ba5a1b43225da4611cac429c52a52c81.png","GfkFFwKRmrx2ZYiaaQe69nlzScn3T7IA",11571677046,"https://media.birdweather.com/soundscapes/6891/6891-20260508-190611.flac",0,3,"birdnetpi"
7572856016,6891,"2026-05-08T21:05:39.000+02:00",1,0.824159979820251,9.67616949678787,"almost_certain","2p4",NA,51.5633,6.003,FALSE,5,"Eurasian Wren","Troglodytes troglodytes","#871aa2","avian","https://media.birdweather.com/species/5/EurasianWren-standard-9c09f98281df1112cec97e5b2520b7ac.jpg","https://media.birdweather.com/species/5/EurasianWren-thumbnail-7ee2ceda5807a63f70243cd666e8e3c8.jpg","https://media.birdweather.com/species/5/EurasianWren-png200-a33056cab50c84c6025cfd25b6f18c19.png","JwgGDwDcVHlfhXmJhXiXWJiJaEAXA5IC",11571663897,"https://media.birdweather.com/soundscapes/6891/6891-20260508-190539.flac",0,3,"birdnetpi"
7572835213,6891,"2026-05-08T21:04:54.000+02:00",0.85,0.999183833599091,9.60672410706136,"almost_certain","2p4",NA,51.5634,6.0069,FALSE,35,"Eurasian Blackbird","Turdus merula","#ff65df","avian","https://media.birdweather.com/species/35/EurasianBlackbird-standard-618b3a5132c7c359fb2a2884c39deb39.jpg","https://media.birdweather.com/species/35/EurasianBlackbird-thumbnail-276878929bed08167d1fd9bf34d63d40.jpg","https://media.birdweather.com/species/35/EurasianBlackbird-png200-ba5a1b43225da4611cac429c52a52c81.png","GfkFFwKRmrx2ZYiaaQe69nlzScn3T7IA",11571642172,"https://media.birdweather.com/soundscapes/6891/6891-20260508-190454.flac",0,3,"birdnetpi"
7572825142,6891,"2026-05-08T21:04:34.000+02:00",0.98,0.999183833599091,9.89740319938414,"almost_certain","2p4",NA,51.5639,6.0025,FALSE,35,"Eurasian Blackbird","Turdus merula","#ff65df","avian","https://media.birdweather.com/species/35/EurasianBlackbird-standard-618b3a5132c7c359fb2a2884c39deb39.jpg","https://media.birdweather.com/species/35/EurasianBlackbird-thumbnail-276878929bed08167d1fd9bf34d63d40.jpg","https://media.birdweather.com/species/35/EurasianBlackbird-png200-ba5a1b43225da4611cac429c52a52c81.png","GfkFFwKRmrx2ZYiaaQe69nlzScn3T7IA",11571630869,"https://media.birdweather.com/soundscapes/6891/6891-20260508-190434.flac",0,3,"birdnetpi"
7572816035,6891,"2026-05-08T21:04:07.000+02:00",0.86,0.999183833599091,9.63140945960003,"almost_certain","2p4",NA,51.5617,6.0022,FALSE,35,"Eurasian Blackbird","Turdus merula","#ff65df","avian","https://media.birdweather.com/species/35/EurasianBlackbird-standard-618b3a5132c7c359fb2a2884c39deb39.jpg","https://media.birdweather.com/species/35/EurasianBlackbird-thumbnail-276878929bed08167d1fd9bf34d63d40.jpg","https://media.birdweather.com/species/35/EurasianBlackbird-png200-ba5a1b43225da4611cac429c52a52c81.png","GfkFFwKRmrx2ZYiaaQe69nlzScn3T7IA",11571621102,"https://media.birdweather.com/soundscapes/6891/6891-20260508-190407.flac",0,3,"birdnetpi"
7572808568,6891,"2026-05-08T21:03:50.000+02:00",0.97,0.999183833599091,9.8771065318585,"almost_certain","2p4",NA,51.5617,6.0007,FALSE,35,"Eurasian Blackbird","Turdus merula","#ff65df","avian","https://media.birdweather.com/species/35/EurasianBlackbird-standard-618b3a5132c7c359fb2a2884c39deb39.jpg","https://media.birdweather.com/species/35/EurasianBlackbird-thumbnail-276878929bed08167d1fd9bf34d63d40.jpg","https://media.birdweather.com/species/35/EurasianBlackbird-png200-ba5a1b43225da4611cac429c52a52c81.png","GfkFFwKRmrx2ZYiaaQe69nlzScn3T7IA",11571613053,"https://media.birdweather.com/soundscapes/6891/6891-20260508-190350.flac",0,3,"birdnetpi"
7572801683,6891,"2026-05-08T21:03:40.000+02:00",0.94,0.999183833599091,9.81434746749562,"almost_certain","2p4",NA,51.5655,6.0007,FALSE,35,"Eurasian Blackbird","Turdus merula","#ff65df","avian","https://media.birdweather.com/species/35/EurasianBlackbird-standard-618b3a5132c7c359fb2a2884c39deb39.jpg","https://media.birdweather.com/species/35/EurasianBlackbird-thumbnail-276878929bed08167d1fd9bf34d63d40.jpg","https://media.birdweather.com/species/35/EurasianBlackbird-png200-ba5a1b43225da4611cac429c52a52c81.png","GfkFFwKRmrx2ZYiaaQe69nlzScn3T7IA",11571605505,"https://media.birdweather.com/soundscapes/6891/6891-20260508-190340.flac",0,3,"birdnetpi"
7572794675,6891,"2026-05-08T21:03:26.000+02:00",0.95,0.999183833599091,9.8355882030499,"almost_certain","2p4",NA,51.5687,6.0082,FALSE,35,"Eurasian Blackbird","Turdus merula","#ff65df","avian","https://media.birdweather.com/species/35/EurasianBlackbird-standard-618b3a5132c7c359fb2a2884c39deb39.jpg","https://media.birdweather.com/species/35/EurasianBlackbird-thumbnail-276878929bed08167d1fd9bf34d63d40.jpg","https://media.birdweather.com/species/35/EurasianBlackbird-png200-ba5a1b43225da4611cac429c52a52c81.png","GfkFFwKRmrx2ZYiaaQe69nlzScn3T7IA",11571598001,"https://media.birdweather.com/soundscapes/6891/6891-20260508-190326.flac",0,3,"birdnetpi"
7572785441,6891,"2026-05-08T21:02:58.000+02:00",0.78,0.999183833599091,9.42022302823668,"almost_certain","2p4",NA,51.5648,6.0054,FALSE,35,"Eurasian Blackbird","Turdus merula","#ff65df","avian","https://media.birdweather.com/species/35/EurasianBlackbird-standard-618b3a5132c7c359fb2a2884c39deb39.jpg","https://media.birdweather.com/species/35/EurasianBlackbird-thumbnail-276878929bed08167d1fd9bf34d63d40.jpg","https://media.birdweather.com/species/35/EurasianBlackbird-png200-ba5a1b43225da4611cac429c52a52c81.png","GfkFFwKRmrx2ZYiaaQe69nlzScn3T7IA",11571588093,"https://media.birdweather.com/soundscapes/6891/6891-20260508-190258.flac",0,3,"birdnetpi"
7572781889,6891,"2026-05-08T21:02:50.000+02:00",0.73,0.992669761180878,9.26065007233656,"almost_certain","2p4",NA,51.5633,6.0013,FALSE,58,"Carrion Crow","Corvus corone","#01a85a","avian","https://media.birdweather.com/species/58/CarrionCrow-standard-ed24da07616d0cd7c5ef9cd2892ec869.jpg","https://media.birdweather.com/species/58/CarrionCrow-thumbnail-38cc6285bbd8f8340f32fa4dc3f58a69.jpg","https://media.birdweather.com/species/58/CarrionCrow-png200-5ec2904f61f6588853b296f54d8d0cb6.png","nggODwDDmZlqdoiPdLeIWIiYaK6A1gMK",11571584352,"https://media.birdweather.com/soundscapes/6891/6891-20260508-190250.flac",0,3,"birdnetpi"
7572770451,6891,"2026-05-08T21:02:30.000+02:00",0.91,0.999183833599091,9.74857483721031,"almost_certain","2p4",NA,51.5693,6.0052,FALSE,35,"Eurasian Blackbird","Turdus merula","#ff65df","avian","https://media.birdweather.com/species/35/EurasianBlackbird-standard-618b3a5132c7c359fb2a2884c39deb39.jpg","https://media.birdweather.com/species/35/EurasianBlackbird-thumbnail-276878929bed08167d1fd9bf34d63d40.jpg","https://media.birdweather.com/species/35/EurasianBlackbird-png200-ba5a1b43225da4611cac429c52a52c81.png","GfkFFwKRmrx2ZYiaaQe69nlzScn3T7IA",11571572083,"https://media.birdweather.com/soundscapes/6891/6891-20260508-190230.flac",0,3,"birdnetpi"
7572758978,6891,"2026-05-08T21:01:59.000+02:00",0.99,0.999183833599091,9.91740355459112,"almost_certain","2p4",NA,51.5686,6.0083,FALSE,35,"Eurasian Blackbird","Turdus merula","#ff65df","avian","https://media.birdweather.com/species/35/EurasianBlackbird-standard-618b3a5132c7c359fb2a2884c39deb39.jpg","https://media.birdweather.com/species/35/EurasianBlackbird-thumbnail-276878929bed08167d1fd9bf34d63d40.jpg","https://media.birdweather.com/species/35/EurasianBlackbird-png200-ba5a1b43225da4611cac429c52a52c81.png","GfkFFwKRmrx2ZYiaaQe69nlzScn3T7IA",11571559913,"https://media.birdweather.com/soundscapes/6891/6891-20260508-190159.flac",0,3,"birdnetpi"
7572753890,6891,"2026-05-08T21:01:45.000+02:00",1,0.824159979820251,9.67616949678787,"almost_certain","2p4",NA,51.5622,6.0067,FALSE,5,"Eurasian Wren","Troglodytes troglodytes","#871aa2","avian","https://media.birdweather.com/species/5/EurasianWren-standard-9c09f98281df1112cec97e5b2520b7ac.jpg","https://media.birdweather.com/species/5/EurasianWren-thumbnail-7ee2ceda5807a63f70243cd666e8e3c8.jpg","https://media.birdweather.com/species/5/EurasianWren-png200-a33056cab50c84c6025cfd25b6f18c19.png","JwgGDwDcVHlfhXmJhXiXWJiJaEAXA5IC",11571554249,"https://media.birdweather.com/soundscapes/6891/6891-20260508-190145.flac",0,3,"birdnetpi"
7572752584,6891,"2026-05-08T21:01:42.000+02:00",0.94,0.999183833599091,9.81434746749562,"almost_certain","2p4",NA,51.5679,6.0092,FALSE,35,"Eurasian Blackbird","Turdus merula","#ff65df","avian","https://media.birdweather.com/species/35/EurasianBlackbird-standard-618b3a5132c7c359fb2a2884c39deb39.jpg","https://media.birdweather.com/species/35/EurasianBlackbird-thumbnail-276878929bed08167d1fd9bf34d63d40.jpg","https://media.birdweather.com/species/35/EurasianBlackbird-png200-ba5a1b43225da4611cac429c52a52c81.png","GfkFFwKRmrx2ZYiaaQe69nlzScn3T7IA",11571552880,"https://media.birdweather.com/soundscapes/6891/6891-20260508-190142.flac",0,3,"birdnetpi"
7572741129,6891,"2026-05-08T21:01:16.000+02:00",0.98,0.999183833599091,9.89740319938414,"almost_certain","2p4",NA,51.565,6.0016,FALSE,35,"Eurasian Blackbird","Turdus merula","#ff65df","avian","https://media.birdweather.com/species/35/EurasianBlackbird-standard-618b3a5132c7c359fb2a2884c39deb39.jpg","https://media.birdweather.com/species/35/EurasianBlackbird-thumbnail-276878929bed08167d1fd9bf34d63d40.jpg","https://media.birdweather.com/species/35/EurasianBlackbird-png200-ba5a1b43225da4611cac429c52a52c81.png","GfkFFwKRmrx2ZYiaaQe69nlzScn3T7IA",11571540266,"https://media.birdweather.com/soundscapes/6891/6891-20260508-190116.flac",0,3,"birdnetpi"
7572734408,6891,"2026-05-08T21:01:00.000+02:00",0.98,0.999183833599091,9.89740319938414,"almost_certain","2p4",NA,51.5682,6.0018,FALSE,35,"Eurasian Blackbird","Turdus merula","#ff65df","avian","https://media.birdweather.com/species/35/EurasianBlackbird-standard-618b3a5132c7c359fb2a2884c39deb39.jpg","https://media.birdweather.com/species/35/EurasianBlackbird-thumbnail-276878929bed08167d1fd9bf34d63d40.jpg","https://media.birdweather.com/species/35/EurasianBlackbird-png200-ba5a1b43225da4611cac429c52a52c81.png","GfkFFwKRmrx2ZYiaaQe69nlzScn3T7IA",11571533182,"https://media.birdweather.com/soundscapes/6891/6891-20260508-190100.flac",0,3,"birdnetpi"
7572723830,6891,"2026-05-08T21:00:36.000+02:00",0.93,0.999183833599091,9.79277221844927,"almost_certain","2p4",NA,51.5639,6.0046,FALSE,35,"Eurasian Blackbird","Turdus merula","#ff65df","avian","https://media.birdweather.com/species/35/EurasianBlackbird-standard-618b3a5132c7c359fb2a2884c39deb39.jpg","https://media.birdweather.com/species/35/EurasianBlackbird-thumbnail-276878929bed08167d1fd9bf34d63d40.jpg","https://media.birdweather.com/species/35/EurasianBlackbird-png200-ba5a1b43225da4611cac429c52a52c81.png","GfkFFwKRmrx2ZYiaaQe69nlzScn3T7IA",11571521971,"https://media.birdweather.com/soundscapes/6891/6891-20260508-190036.flac",0,3,"birdnetpi"
7572709092,6891,"2026-05-08T21:00:12.000+02:00",0.95,0.999183833599091,9.8355882030499,"almost_certain","2p4",NA,51.5644,6.0054,FALSE,35,"Eurasian Blackbird","Turdus merula","#ff65df","avian","https://media.birdweather.com/species/35/EurasianBlackbird-standard-618b3a5132c7c359fb2a2884c39deb39.jpg","https://media.birdweather.com/species/35/EurasianBlackbird-thumbnail-276878929bed08167d1fd9bf34d63d40.jpg","https://media.birdweather.com/species/35/EurasianBlackbird-png200-ba5a1b43225da4611cac429c52a52c81.png","GfkFFwKRmrx2ZYiaaQe69nlzScn3T7IA",11571506934,"https://media.birdweather.com/soundscapes/6891/6891-20260508-190012.flac",0,3,"birdnetpi"
7572704984,6891,"2026-05-08T20:59:58.000+02:00",0.99,0.824159979820251,9.65645692647849,"almost_certain","2p4",NA,51.5664,6.0045,FALSE,5,"Eurasian Wren","Troglodytes troglodytes","#871aa2","avian","https://media.birdweather.com/species/5/EurasianWren-standard-9c09f98281df1112cec97e5b2520b7ac.jpg","https://media.birdweather.com/species/5/EurasianWren-thumbnail-7ee2ceda5807a63f70243cd666e8e3c8.jpg","https://media.birdweather.com/species/5/EurasianWren-png200-a33056cab50c84c6025cfd25b6f18c19.png","JwgGDwDcVHlfhXmJhXiXWJiJaEAXA5IC",11571503115,"https://media.birdweather.com/soundscapes/6891/6891-20260508-185958.flac",0,3,"birdnetpi"
7572695420,6891,"2026-05-08T20:59:39.000+02:00",0.92,0.999183833599091,9.77085175080465,"almost_certain","2p4",NA,51.5654,6.0074,FALSE,35,"Eurasian Blackbird","Turdus merula","#ff65df","avian","https://media.birdweather.com/species/35/EurasianBlackbird-standard-618b3a5132c7c359fb2a2884c39deb39.jpg","https://media.birdweather.com/species/35/EurasianBlackbird-thumbnail-276878929bed08167d1fd9bf34d63d40.jpg","https://media.birdweather.com/species/35/EurasianBlackbird-png200-ba5a1b43225da4611cac429c52a52c81.png","GfkFFwKRmrx2ZYiaaQe69nlzScn3T7IA",11571491392,"https://media.birdweather.com/soundscapes/6891/6891-20260508-185939.flac",0,3,"birdnetpi"
7572682911,6891,"2026-05-08T20:59:10.000+02:00",0.99,0.999183833599091,9.91740355459112,"almost_certain","2p4",NA,51.5653,6.0021,FALSE,35,"Eurasian Blackbird","Turdus merula","#ff65df","avian","https://media.birdweather.com/species/35/EurasianBlackbird-standard-618b3a5132c7c359fb2a2884c39deb39.jpg","https://media.birdweather.com/species/35/EurasianBlackbird-thumbnail-276878929bed08167d1fd9bf34d63d40.jpg","https://media.birdweather.com/species/35/EurasianBlackbird-png200-ba5a1b43225da4611cac429c52a52c81.png","GfkFFwKRmrx2ZYiaaQe69nlzScn3T7IA",11571477788,"https://media.birdweather.com/soundscapes/6891/6891-20260508-185910.flac",0,3,"birdnetpi"
7572671523,6891,"2026-05-08T20:58:41.000+02:00",0.92,0.999183833599091,9.77085175080465,"almost_certain","2p4",NA,51.5687,6.0054,FALSE,35,"Eurasian Blackbird","Turdus merula","#ff65df","avian","https://media.birdweather.com/species/35/EurasianBlackbird-standard-618b3a5132c7c359fb2a2884c39deb39.jpg","https://media.birdweather.com/species/35/EurasianBlackbird-thumbnail-276878929bed08167d1fd9bf34d63d40.jpg","https://media.birdweather.com/species/35/EurasianBlackbird-png200-ba5a1b43225da4611cac429c52a52c81.png","GfkFFwKRmrx2ZYiaaQe69nlzScn3T7IA",11571465131,"https://media.birdweather.com/soundscapes/6891/6891-20260508-185841.flac",0,3,"birdnetpi"
7572664967,6891,"2026-05-08T20:58:22.000+02:00",0.95,0.999183833599091,9.8355882030499,"almost_certain","2p4",NA,51.5703,6.0054,FALSE,35,"Eurasian Blackbird","Turdus merula","#ff65df","avian","https://media.birdweather.com/species/35/EurasianBlackbird-standard-618b3a5132c7c359fb2a2884c39deb39.jpg","https://media.birdweather.com/species/35/EurasianBlackbird-thumbnail-276878929bed08167d1fd9bf34d63d40.jpg","https://media.birdweather.com/species/35/EurasianBlackbird-png200-ba5a1b43225da4611cac429c52a52c81.png","GfkFFwKRmrx2ZYiaaQe69nlzScn3T7IA",11571458100,"https://media.birdweather.com/soundscapes/6891/6891-20260508-185822.flac",0,3,"birdnetpi"
7572658379,6891,"2026-05-08T20:58:06.000+02:00",0.99,0.999183833599091,9.91740355459112,"almost_certain","2p4",NA,51.5619,6.0082,FALSE,35,"Eurasian Blackbird","Turdus merula","#ff65df","avian","https://media.birdweather.com/species/35/EurasianBlackbird-standard-618b3a5132c7c359fb2a2884c39deb39.jpg","https://media.birdweather.com/species/35/EurasianBlackbird-thumbnail-276878929bed08167d1fd9bf34d63d40.jpg","https://media.birdweather.com/species/35/EurasianBlackbird-png200-ba5a1b43225da4611cac429c52a52c81.png","GfkFFwKRmrx2ZYiaaQe69nlzScn3T7IA",11571451035,"https://media.birdweather.com/soundscapes/6891/6891-20260508-185806.flac",0,3,"birdnetpi"
7572647951,6891,"2026-05-08T20:57:51.000+02:00",0.97,0.999183833599091,9.8771065318585,"almost_certain","2p4",NA,51.5657,6.0083,FALSE,35,"Eurasian Blackbird","Turdus merula","#ff65df","avian","https://media.birdweather.com/species/35/EurasianBlackbird-standard-618b3a5132c7c359fb2a2884c39deb39.jpg","https://media.birdweather.com/species/35/EurasianBlackbird-thumbnail-276878929bed08167d1fd9bf34d63d40.jpg","https://media.birdweather.com/species/35/EurasianBlackbird-png200-ba5a1b43225da4611cac429c52a52c81.png","GfkFFwKRmrx2ZYiaaQe69nlzScn3T7IA",11571439651,"https://media.birdweather.com/soundscapes/6891/6891-20260508-185751.flac",0,3,"birdnetpi"
7572637885,6891,"2026-05-08T20:57:23.000+02:00",0.87,0.999183833599091,9.65565788022621,"almost_certain","2p4",NA,51.569,6.0052,FALSE,35,"Eurasian Blackbird","Turdus merula","#ff65df","avian","https://media.birdweather.com/species/35/EurasianBlackbird-standard-618b3a5132c7c359fb2a2884c39deb39.jpg","https://media.birdweather.com/species/35/EurasianBlackbird-thumbnail-276878929bed08167d1fd9bf34d63d40.jpg","https://media.birdweather.com/species/35/EurasianBlackbird-png200-ba5a1b43225da4611cac429c52a52c81.png","GfkFFwKRmrx2ZYiaaQe69nlzScn3T7IA",11571428377,"https://media.birdweather.com/soundscapes/6891/6891-20260508-185723.flac",0,3,"birdnetpi"
7572634440,6891,"2026-05-08T20:57:14.000+02:00",0.99,0.824159979820251,9.65645692647849,"almost_certain","2p4",NA,51.5651,6.0013,FALSE,5,"Eurasian Wren","Troglodytes troglodytes","#871aa2","avian","https://media.birdweather.com/species/5/EurasianWren-standard-9c09f98281df1112cec97e5b2520b7ac.jpg","https://media.birdweather.com/species/5/EurasianWren-thumbnail-7ee2ceda5807a63f70243cd666e8e3c8.jpg","https://media.birdweather.com/species/5/EurasianWren-png200-a33056cab50c84c6025cfd25b6f18c19.png","JwgGDwDcVHlfhXmJhXiXWJiJaEAXA5IC",11571424612,"https://media.birdweather.com/soundscapes/6891/6891-20260508-185714.flac",0,3,"birdnetpi"
7572631057,6891,"2026-05-08T20:57:02.000+02:00",0.92,0.999183833599091,9.77085175080465,"almost_certain","2p4",NA,51.5632,6.0015,FALSE,35,"Eurasian Blackbird","Turdus merula","#ff65df","avian","https://media.birdweather.com/species/35/EurasianBlackbird-standard-618b3a5132c7c359fb2a2884c39deb39.jpg","https://media.birdweather.com/species/35/EurasianBlackbird-thumbnail-276878929bed08167d1fd9bf34d63d40.jpg","https://media.birdweather.com/species/35/EurasianBlackbird-png200-ba5a1b43225da4611cac429c52a52c81.png","GfkFFwKRmrx2ZYiaaQe69nlzScn3T7IA",11571420811,"https://media.birdweather.com/soundscapes/6891/6891-20260508-185702.flac",0,3,"birdnetpi"
7572618768,6891,"2026-05-08T20:56:33.000+02:00",0.85,0.999183833599091,9.60672410706136,"almost_certain","2p4",NA,51.5679,6.0049,FALSE,35,"Eurasian Blackbird","Turdus merula","#ff65df","avian","https://media.birdweather.com/species/35/EurasianBlackbird-standard-618b3a5132c7c359fb2a2884c39deb39.jpg","https://media.birdweather.com/species/35/EurasianBlackbird-thumbnail-276878929bed08167d1fd9bf34d63d40.jpg","https://media.birdweather.com/species/35/EurasianBlackbird-png200-ba5a1b43225da4611cac429c52a52c81.png","GfkFFwKRmrx2ZYiaaQe69nlzScn3T7IA",11571407659,"https://media.birdweather.com/soundscapes/6891/6891-20260508-185633.flac",0,3,"birdnetpi"
7572607182,6891,"2026-05-08T20:56:12.000+02:00",0.94,0.999183833599091,9.81434746749562,"almost_certain","2p4",NA,51.5689,6.001,FALSE,35,"Eurasian Blackbird","Turdus merula","#ff65df","avian","https://media.birdweather.com/species/35/EurasianBlackbird-standard-618b3a5132c7c359fb2a2884c39deb39.jpg","https://media.birdweather.com/species/35/EurasianBlackbird-thumbnail-276878929bed08167d1fd9bf34d63d40.jpg","https://media.birdweather.com/species/35/EurasianBlackbird-png200-ba5a1b43225da4611cac429c52a52c81.png","GfkFFwKRmrx2ZYiaaQe69nlzScn3T7IA",11571394954,"https://media.birdweather.com/soundscapes/6891/6891-20260508-185612.flac",0,3,"birdnetpi"
7572593418,6891,"2026-05-08T20:55:42.000+02:00",0.97,0.999183833599091,9.8771065318585,"almost_certain","2p4",NA,51.562,6.0008,FALSE,35,"Eurasian Blackbird","Turdus merula","#ff65df","avian","https://media.birdweather.com/species/35/EurasianBlackbird-standard-618b3a5132c7c359fb2a2884c39deb39.jpg","https://media.birdweather.com/species/35/EurasianBlackbird-thumbnail-276878929bed08167d1fd9bf34d63d40.jpg","https://media.birdweather.com/species/35/EurasianBlackbird-png200-ba5a1b43225da4611cac429c52a52c81.png","GfkFFwKRmrx2ZYiaaQe69nlzScn3T7IA",11571380399,"https://media.birdweather.com/soundscapes/6891/6891-20260508-185542.flac",0,3,"birdnetpi"
7572581566,6891,"2026-05-08T20:55:10.000+02:00",0.95,0.999183833599091,9.8355882030499,"almost_certain","2p4",NA,51.564,6.0065,FALSE,35,"Eurasian Blackbird","Turdus merula","#ff65df","avian","https://media.birdweather.com/species/35/EurasianBlackbird-standard-618b3a5132c7c359fb2a2884c39deb39.jpg","https://media.birdweather.com/species/35/EurasianBlackbird-thumbnail-276878929bed08167d1fd9bf34d63d40.jpg","https://media.birdweather.com/species/35/EurasianBlackbird-png200-ba5a1b43225da4611cac429c52a52c81.png","GfkFFwKRmrx2ZYiaaQe69nlzScn3T7IA",11571367726,"https://media.birdweather.com/soundscapes/6891/6891-20260508-185510.flac",0,3,"birdnetpi"
7572571039,6891,"2026-05-08T20:54:50.000+02:00",0.96,0.999183833599091,9.85650463986908,"almost_certain","2p4",NA,51.5667,6.0084,FALSE,35,"Eurasian Blackbird","Turdus merula","#ff65df","avian","https://media.birdweather.com/species/35/EurasianBlackbird-standard-618b3a5132c7c359fb2a2884c39deb39.jpg","https://media.birdweather.com/species/35/EurasianBlackbird-thumbnail-276878929bed08167d1fd9bf34d63d40.jpg","https://media.birdweather.com/species/35/EurasianBlackbird-png200-ba5a1b43225da4611cac429c52a52c81.png","GfkFFwKRmrx2ZYiaaQe69nlzScn3T7IA",11571356481,"https://media.birdweather.com/soundscapes/6891/6891-20260508-185450.flac",0,3,"birdnetpi"
7572557801,6891,"2026-05-08T20:54:14.000+02:00",0.89,0.999183833599091,9.70290394144371,"almost_certain","2p4",NA,51.5653,6.0076,FALSE,35,"Eurasian Blackbird","Turdus merula","#ff65df","avian","https://media.birdweather.com/species/35/EurasianBlackbird-standard-618b3a5132c7c359fb2a2884c39deb39.jpg","https://media.birdweather.com/species/35/EurasianBlackbird-thumbnail-276878929bed08167d1fd9bf34d63d40.jpg","https://media.birdweather.com/species/35/EurasianBlackbird-png200-ba5a1b43225da4611cac429c52a52c81.png","GfkFFwKRmrx2ZYiaaQe69nlzScn3T7IA",11571342442,"https://media.birdweather.com/soundscapes/6891/6891-20260508-185414.flac",0,3,"birdnetpi"
7572545850,6891,"2026-05-08T20:53:55.000+02:00",0.97,0.999183833599091,9.8771065318585,"almost_certain","2p4",NA,51.5663,6.0043,FALSE,35,"Eurasian Blackbird","Turdus merula","#ff65df","avian","https://media.birdweather.com/species/35/EurasianBlackbird-standard-618b3a5132c7c359fb2a2884c39deb39.jpg","https://media.birdweather.com/species/35/EurasianBlackbird-thumbnail-276878929bed08167d1fd9bf34d63d40.jpg","https://media.birdweather.com/species/35/EurasianBlackbird-png200-ba5a1b43225da4611cac429c52a52c81.png","GfkFFwKRmrx2ZYiaaQe69nlzScn3T7IA",11571329707,"https://media.birdweather.com/soundscapes/6891/6891-20260508-185355.flac",0,3,"birdnetpi"
7572534492,6891,"2026-05-08T20:53:27.000+02:00",0.98,0.999183833599091,9.89740319938414,"almost_certain","2p4",NA,51.5623,6.0083,FALSE,35,"Eurasian Blackbird","Turdus merula","#ff65df","avian","https://media.birdweather.com/species/35/EurasianBlackbird-standard-618b3a5132c7c359fb2a2884c39deb39.jpg","https://media.birdweather.com/species/35/EurasianBlackbird-thumbnail-276878929bed08167d1fd9bf34d63d40.jpg","https://media.birdweather.com/species/35/EurasianBlackbird-png200-ba5a1b43225da4611cac429c52a52c81.png","GfkFFwKRmrx2ZYiaaQe69nlzScn3T7IA",11571317473,"https://media.birdweather.com/soundscapes/6891/6891-20260508-185327.flac",0,3,"birdnetpi"
7572523246,6891,"2026-05-08T20:53:05.000+02:00",0.92,0.999183833599091,9.77085175080465,"almost_certain","2p4",NA,51.5643,6.0083,FALSE,35,"Eurasian Blackbird","Turdus merula","#ff65df","avian","https://media.birdweather.com/species/35/EurasianBlackbird-standard-618b3a5132c7c359fb2a2884c39deb39.jpg","https://media.birdweather.com/species/35/EurasianBlackbird-thumbnail-276878929bed08167d1fd9bf34d63d40.jpg","https://media.birdweather.com/species/35/EurasianBlackbird-png200-ba5a1b43225da4611cac429c52a52c81.png","GfkFFwKRmrx2ZYiaaQe69nlzScn3T7IA",11571305742,"https://media.birdweather.com/soundscapes/6891/6891-20260508-185305.flac",0,3,"birdnetpi"
7572506580,6891,"2026-05-08T20:52:18.000+02:00",0.97,0.999183833599091,9.8771065318585,"almost_certain","2p4",NA,51.5694,6.002,FALSE,35,"Eurasian Blackbird","Turdus merula","#ff65df","avian","https://media.birdweather.com/species/35/EurasianBlackbird-standard-618b3a5132c7c359fb2a2884c39deb39.jpg","https://media.birdweather.com/species/35/EurasianBlackbird-thumbnail-276878929bed08167d1fd9bf34d63d40.jpg","https://media.birdweather.com/species/35/EurasianBlackbird-png200-ba5a1b43225da4611cac429c52a52c81.png","GfkFFwKRmrx2ZYiaaQe69nlzScn3T7IA",11571287534,"https://media.birdweather.com/soundscapes/6891/6891-20260508-185218.flac",0,3,"birdnetpi"
7572494249,6891,"2026-05-08T20:51:51.000+02:00",0.91,0.999183833599091,9.74857483721031,"almost_certain","2p4",NA,51.5637,6.0037,FALSE,35,"Eurasian Blackbird","Turdus merula","#ff65df","avian","https://media.birdweather.com/species/35/EurasianBlackbird-standard-618b3a5132c7c359fb2a2884c39deb39.jpg","https://media.birdweather.com/species/35/EurasianBlackbird-thumbnail-276878929bed08167d1fd9bf34d63d40.jpg","https://media.birdweather.com/species/35/EurasianBlackbird-png200-ba5a1b43225da4611cac429c52a52c81.png","GfkFFwKRmrx2ZYiaaQe69nlzScn3T7IA",11571274877,"https://media.birdweather.com/soundscapes/6891/6891-20260508-185151.flac",0,3,"birdnetpi"
7572485733,6891,"2026-05-08T20:51:31.000+02:00",0.94,0.999183833599091,9.81434746749562,"almost_certain","2p4",NA,51.5696,6.001,FALSE,35,"Eurasian Blackbird","Turdus merula","#ff65df","avian","https://media.birdweather.com/species/35/EurasianBlackbird-standard-618b3a5132c7c359fb2a2884c39deb39.jpg","https://media.birdweather.com/species/35/EurasianBlackbird-thumbnail-276878929bed08167d1fd9bf34d63d40.jpg","https://media.birdweather.com/species/35/EurasianBlackbird-png200-ba5a1b43225da4611cac429c52a52c81.png","GfkFFwKRmrx2ZYiaaQe69nlzScn3T7IA",11571265352,"https://media.birdweather.com/soundscapes/6891/6891-20260508-185131.flac",0,3,"birdnetpi"
7572481794,6891,"2026-05-08T20:51:25.000+02:00",0.99,0.824159979820251,9.65645692647849,"almost_certain","2p4",NA,51.563,6.0067,FALSE,5,"Eurasian Wren","Troglodytes troglodytes","#871aa2","avian","https://media.birdweather.com/species/5/EurasianWren-standard-9c09f98281df1112cec97e5b2520b7ac.jpg","https://media.birdweather.com/species/5/EurasianWren-thumbnail-7ee2ceda5807a63f70243cd666e8e3c8.jpg","https://media.birdweather.com/species/5/EurasianWren-png200-a33056cab50c84c6025cfd25b6f18c19.png","JwgGDwDcVHlfhXmJhXiXWJiJaEAXA5IC",11571261181,"https://media.birdweather.com/soundscapes/6891/6891-20260508-185125.flac",0,3,"birdnetpi"
7572475441,6891,"2026-05-08T20:51:13.000+02:00",0.89,0.999183833599091,9.70290394144371,"almost_certain","2p4",NA,51.5689,6.0054,FALSE,35,"Eurasian Blackbird","Turdus merula","#ff65df","avian","https://media.birdweather.com/species/35/EurasianBlackbird-standard-618b3a5132c7c359fb2a2884c39deb39.jpg","https://media.birdweather.com/species/35/EurasianBlackbird-thumbnail-276878929bed08167d1fd9bf34d63d40.jpg","https://media.birdweather.com/species/35/EurasianBlackbird-png200-ba5a1b43225da4611cac429c52a52c81.png","GfkFFwKRmrx2ZYiaaQe69nlzScn3T7IA",11571254512,"https://media.birdweather.com/soundscapes/6891/6891-20260508-185113.flac",0,3,"birdnetpi"
7572468480,6891,"2026-05-08T20:51:00.000+02:00",0.96,0.999183833599091,9.85650463986908,"almost_certain","2p4",NA,51.5618,6.0078,FALSE,35,"Eurasian Blackbird","Turdus merula","#ff65df","avian","https://media.birdweather.com/species/35/EurasianBlackbird-standard-618b3a5132c7c359fb2a2884c39deb39.jpg","https://media.birdweather.com/species/35/EurasianBlackbird-thumbnail-276878929bed08167d1fd9bf34d63d40.jpg","https://media.birdweather.com/species/35/EurasianBlackbird-png200-ba5a1b43225da4611cac429c52a52c81.png","GfkFFwKRmrx2ZYiaaQe69nlzScn3T7IA",11571247205,"https://media.birdweather.com/soundscapes/6891/6891-20260508-185100.flac",0,3,"birdnetpi"
7572463974,6891,"2026-05-08T20:50:42.000+02:00",0.93,0.622888922691345,9.1535271106764,"almost_certain","2p4",NA,51.567,6.0054,FALSE,76,"Eurasian Jackdaw","Corvus monedula","#f36f1b","avian","https://media.birdweather.com/species/76/EurasianJackdaw-standard-55cbd4006f743c538a3264a1fb86d41c.jpg","https://media.birdweather.com/species/76/EurasianJackdaw-thumbnail-80ecf23afe76ea22483b4f8043e19339.jpg","https://media.birdweather.com/species/76/EurasianJackdaw-png200-862dbf9b3725619bb5532ba255c32118.png","4AgKDwL2i2d1homOY0modph5OL/1qHAJ",11571242358,"https://media.birdweather.com/soundscapes/6891/6891-20260508-185042.flac",0,3,"birdnetpi"
7572455416,6891,"2026-05-08T20:50:30.000+02:00",0.88,0.622888922691345,9.04023945996859,"almost_certain","2p4",NA,51.568,6.0062,FALSE,76,"Eurasian Jackdaw","Corvus monedula","#f36f1b","avian","https://media.birdweather.com/species/76/EurasianJackdaw-standard-55cbd4006f743c538a3264a1fb86d41c.jpg","https://media.birdweather.com/species/76/EurasianJackdaw-thumbnail-80ecf23afe76ea22483b4f8043e19339.jpg","https://media.birdweather.com/species/76/EurasianJackdaw-png200-862dbf9b3725619bb5532ba255c32118.png","4AgKDwL2i2d1homOY0modph5OL/1qHAJ",11571232982,"https://media.birdweather.com/soundscapes/6891/6891-20260508-185030.flac",0,3,"birdnetpi"
7572443482,6891,"2026-05-08T20:49:59.000+02:00",0.92,0.999183833599091,9.77085175080465,"almost_certain","2p4",NA,51.568,6.0026,FALSE,35,"Eurasian Blackbird","Turdus merula","#ff65df","avian","https://media.birdweather.com/species/35/EurasianBlackbird-standard-618b3a5132c7c359fb2a2884c39deb39.jpg","https://media.birdweather.com/species/35/EurasianBlackbird-thumbnail-276878929bed08167d1fd9bf34d63d40.jpg","https://media.birdweather.com/species/35/EurasianBlackbird-png200-ba5a1b43225da4611cac429c52a52c81.png","GfkFFwKRmrx2ZYiaaQe69nlzScn3T7IA",11571220785,"https://media.birdweather.com/soundscapes/6891/6891-20260508-184959.flac",0,3,"birdnetpi"
7572433239,6891,"2026-05-08T20:49:31.000+02:00",0.94,0.999183833599091,9.81434746749562,"almost_certain","2p4",NA,51.5694,6.0012,FALSE,35,"Eurasian Blackbird","Turdus merula","#ff65df","avian","https://media.birdweather.com/species/35/EurasianBlackbird-standard-618b3a5132c7c359fb2a2884c39deb39.jpg","https://media.birdweather.com/species/35/EurasianBlackbird-thumbnail-276878929bed08167d1fd9bf34d63d40.jpg","https://media.birdweather.com/species/35/EurasianBlackbird-png200-ba5a1b43225da4611cac429c52a52c81.png","GfkFFwKRmrx2ZYiaaQe69nlzScn3T7IA",11571209518,"https://media.birdweather.com/soundscapes/6891/6891-20260508-184931.flac",0,3,"birdnetpi"
7572424120,6891,"2026-05-08T20:49:19.000+02:00",0.97,0.999183833599091,9.8771065318585,"almost_certain","2p4",NA,51.5666,6.005,FALSE,35,"Eurasian Blackbird","Turdus merula","#ff65df","avian","https://media.birdweather.com/species/35/EurasianBlackbird-standard-618b3a5132c7c359fb2a2884c39deb39.jpg","https://media.birdweather.com/species/35/EurasianBlackbird-thumbnail-276878929bed08167d1fd9bf34d63d40.jpg","https://media.birdweather.com/species/35/EurasianBlackbird-png200-ba5a1b43225da4611cac429c52a52c81.png","GfkFFwKRmrx2ZYiaaQe69nlzScn3T7IA",11571200027,"https://media.birdweather.com/soundscapes/6891/6891-20260508-184919.flac",0,3,"birdnetpi"
7572415665,6891,"2026-05-08T20:49:02.000+02:00",0.95,0.999183833599091,9.8355882030499,"almost_certain","2p4",NA,51.5624,6.0018,FALSE,35,"Eurasian Blackbird","Turdus merula","#ff65df","avian","https://media.birdweather.com/species/35/EurasianBlackbird-standard-618b3a5132c7c359fb2a2884c39deb39.jpg","https://media.birdweather.com/species/35/EurasianBlackbird-thumbnail-276878929bed08167d1fd9bf34d63d40.jpg","https://media.birdweather.com/species/35/EurasianBlackbird-png200-ba5a1b43225da4611cac429c52a52c81.png","GfkFFwKRmrx2ZYiaaQe69nlzScn3T7IA",11571191628,"https://media.birdweather.com/soundscapes/6891/6891-20260508-184902.flac",0,3,"birdnetpi"
7572405331,6891,"2026-05-08T20:48:38.000+02:00",0.97,0.999183833599091,9.8771065318585,"almost_certain","2p4",NA,51.5618,6.008,FALSE,35,"Eurasian Blackbird","Turdus merula","#ff65df","avian","https://media.birdweather.com/species/35/EurasianBlackbird-standard-618b3a5132c7c359fb2a2884c39deb39.jpg","https://media.birdweather.com/species/35/EurasianBlackbird-thumbnail-276878929bed08167d1fd9bf34d63d40.jpg","https://media.birdweather.com/species/35/EurasianBlackbird-png200-ba5a1b43225da4611cac429c52a52c81.png","GfkFFwKRmrx2ZYiaaQe69nlzScn3T7IA",11571180297,"https://media.birdweather.com/soundscapes/6891/6891-20260508-184838.flac",0,3,"birdnetpi"
7572392580,6891,"2026-05-08T20:48:00.000+02:00",0.96,0.999183833599091,9.85650463986908,"almost_certain","2p4",NA,51.5665,6.0005,FALSE,35,"Eurasian Blackbird","Turdus merula","#ff65df","avian","https://media.birdweather.com/species/35/EurasianBlackbird-standard-618b3a5132c7c359fb2a2884c39deb39.jpg","https://media.birdweather.com/species/35/EurasianBlackbird-thumbnail-276878929bed08167d1fd9bf34d63d40.jpg","https://media.birdweather.com/species/35/EurasianBlackbird-png200-ba5a1b43225da4611cac429c52a52c81.png","GfkFFwKRmrx2ZYiaaQe69nlzScn3T7IA",11571166672,"https://media.birdweather.com/soundscapes/6891/6891-20260508-184800.flac",0,3,"birdnetpi"
7572388552,6891,"2026-05-08T20:47:53.000+02:00",0.99,0.419734984636307,8.74779551818864,"almost_certain","2p4",NA,51.5643,6.0062,FALSE,119,"Common House-Martin","Delichon urbicum","#53b1ff","avian","https://media.birdweather.com/species/119/CommonHouse-Martin-standard-9ffbcc688c51210fb136a162c84d82ad.jpg","https://media.birdweather.com/species/119/CommonHouse-Martin-thumbnail-dd7059ca6235347c3097e7a66f04df95.jpg","https://media.birdweather.com/species/119/CommonHouse-Martin-png200-a73a8953ce2af50676da81e70b2746b2.png","YhgKDwKJd4iIiHd/h5h5d4mIeQqVllAH",11571162480,"https://media.birdweather.com/soundscapes/6891/6891-20260508-184753.flac",0,3,"birdnetpi"
7572380754,6891,"2026-05-08T20:47:42.000+02:00",0.95,0.999183833599091,9.8355882030499,"almost_certain","2p4",NA,51.5633,6.0077,FALSE,35,"Eurasian Blackbird","Turdus merula","#ff65df","avian","https://media.birdweather.com/species/35/EurasianBlackbird-standard-618b3a5132c7c359fb2a2884c39deb39.jpg","https://media.birdweather.com/species/35/EurasianBlackbird-thumbnail-276878929bed08167d1fd9bf34d63d40.jpg","https://media.birdweather.com/species/35/EurasianBlackbird-png200-ba5a1b43225da4611cac429c52a52c81.png","GfkFFwKRmrx2ZYiaaQe69nlzScn3T7IA",11571154055,"https://media.birdweather.com/soundscapes/6891/6891-20260508-184742.flac",0,3,"birdnetpi"
7572371331,6891,"2026-05-08T20:47:13.000+02:00",0.97,0.999183833599091,9.8771065318585,"almost_certain","2p4",NA,51.566,6.0051,FALSE,35,"Eurasian Blackbird","Turdus merula","#ff65df","avian","https://media.birdweather.com/species/35/EurasianBlackbird-standard-618b3a5132c7c359fb2a2884c39deb39.jpg","https://media.birdweather.com/species/35/EurasianBlackbird-thumbnail-276878929bed08167d1fd9bf34d63d40.jpg","https://media.birdweather.com/species/35/EurasianBlackbird-png200-ba5a1b43225da4611cac429c52a52c81.png","GfkFFwKRmrx2ZYiaaQe69nlzScn3T7IA",11571144112,"https://media.birdweather.com/soundscapes/6891/6891-20260508-184713.flac",0,3,"birdnetpi"
7572359347,6891,"2026-05-08T20:46:45.000+02:00",0.88,0.999183833599091,9.67948456774147,"almost_certain","2p4",NA,51.568,6.0032,FALSE,35,"Eurasian Blackbird","Turdus merula","#ff65df","avian","https://media.birdweather.com/species/35/EurasianBlackbird-standard-618b3a5132c7c359fb2a2884c39deb39.jpg","https://media.birdweather.com/species/35/EurasianBlackbird-thumbnail-276878929bed08167d1fd9bf34d63d40.jpg","https://media.birdweather.com/species/35/EurasianBlackbird-png200-ba5a1b43225da4611cac429c52a52c81.png","GfkFFwKRmrx2ZYiaaQe69nlzScn3T7IA",11571131371,"https://media.birdweather.com/soundscapes/6891/6891-20260508-184645.flac",0,3,"birdnetpi"
7572348822,6891,"2026-05-08T20:46:21.000+02:00",0.93,0.999183833599091,9.79277221844927,"almost_certain","2p4",NA,51.5657,6.0062,FALSE,35,"Eurasian Blackbird","Turdus merula","#ff65df","avian","https://media.birdweather.com/species/35/EurasianBlackbird-standard-618b3a5132c7c359fb2a2884c39deb39.jpg","https://media.birdweather.com/species/35/EurasianBlackbird-thumbnail-276878929bed08167d1fd9bf34d63d40.jpg","https://media.birdweather.com/species/35/EurasianBlackbird-png200-ba5a1b43225da4611cac429c52a52c81.png","GfkFFwKRmrx2ZYiaaQe69nlzScn3T7IA",11571120215,"https://media.birdweather.com/soundscapes/6891/6891-20260508-184621.flac",0,3,"birdnetpi"
7572305152,6891,"2026-05-08T20:44:46.000+02:00",0.75,0.940908372402191,9.25031835518054,"almost_certain","2p4",NA,51.5657,6.0087,FALSE,397,"Barn Swallow","Hirundo rustica","#c85500","avian","https://media.birdweather.com/species/397/BarnSwallow-standard-66c9cb8916403efe633a420fe54e3bc6.jpg","https://media.birdweather.com/species/397/BarnSwallow-thumbnail-418cddeb212e9e1ce5d35f61a3040433.jpg","https://media.birdweather.com/species/397/BarnSwallow-png200-317c812ebfcec488fad1824feff99dbc.png","IAgKHwKLhnmThXdPl1i3p3ll51f4jngP",11571073022,"https://media.birdweather.com/soundscapes/6891/6891-20260508-184446.flac",0,3,"birdnetpi"
7572284663,6891,"2026-05-08T20:44:01.000+02:00",0.92,0.622888922691345,9.13160664303178,"almost_certain","2p4",NA,51.5624,6.0055,FALSE,76,"Eurasian Jackdaw","Corvus monedula","#f36f1b","avian","https://media.birdweather.com/species/76/EurasianJackdaw-standard-55cbd4006f743c538a3264a1fb86d41c.jpg","https://media.birdweather.com/species/76/EurasianJackdaw-thumbnail-80ecf23afe76ea22483b4f8043e19339.jpg","https://media.birdweather.com/species/76/EurasianJackdaw-png200-862dbf9b3725619bb5532ba255c32118.png","4AgKDwL2i2d1homOY0modph5OL/1qHAJ",11571051557,"https://media.birdweather.com/soundscapes/6891/6891-20260508-184401.flac",0,3,"birdnetpi"
7572250701,6891,"2026-05-08T20:42:39.000+02:00",0.93,0.622888922691345,9.1535271106764,"almost_certain","2p4",NA,51.5647,6.0045,FALSE,76,"Eurasian Jackdaw","Corvus monedula","#f36f1b","avian","https://media.birdweather.com/species/76/EurasianJackdaw-standard-55cbd4006f743c538a3264a1fb86d41c.jpg","https://media.birdweather.com/species/76/EurasianJackdaw-thumbnail-80ecf23afe76ea22483b4f8043e19339.jpg","https://media.birdweather.com/species/76/EurasianJackdaw-png200-862dbf9b3725619bb5532ba255c32118.png","4AgKDwL2i2d1homOY0modph5OL/1qHAJ",11571014945,"https://media.birdweather.com/soundscapes/6891/6891-20260508-184239.flac",0,3,"birdnetpi"
7572228105,6891,"2026-05-08T20:41:46.000+02:00",0.92,0.622888922691345,9.13160664303178,"almost_certain","2p4",NA,51.5694,6.0051,FALSE,76,"Eurasian Jackdaw","Corvus monedula","#f36f1b","avian","https://media.birdweather.com/species/76/EurasianJackdaw-standard-55cbd4006f743c538a3264a1fb86d41c.jpg","https://media.birdweather.com/species/76/EurasianJackdaw-thumbnail-80ecf23afe76ea22483b4f8043e19339.jpg","https://media.birdweather.com/species/76/EurasianJackdaw-png200-862dbf9b3725619bb5532ba255c32118.png","4AgKDwL2i2d1homOY0modph5OL/1qHAJ",11570990949,"https://media.birdweather.com/soundscapes/6891/6891-20260508-184146.flac",0,3,"birdnetpi"
7572213263,6891,"2026-05-08T20:41:13.000+02:00",0.87,0.622888922691345,9.01641277245333,"almost_certain","2p4",NA,51.5671,6.0051,FALSE,76,"Eurasian Jackdaw","Corvus monedula","#f36f1b","avian","https://media.birdweather.com/species/76/EurasianJackdaw-standard-55cbd4006f743c538a3264a1fb86d41c.jpg","https://media.birdweather.com/species/76/EurasianJackdaw-thumbnail-80ecf23afe76ea22483b4f8043e19339.jpg","https://media.birdweather.com/species/76/EurasianJackdaw-png200-862dbf9b3725619bb5532ba255c32118.png","4AgKDwL2i2d1homOY0modph5OL/1qHAJ",11570975506,"https://media.birdweather.com/soundscapes/6891/6891-20260508-184113.flac",0,3,"birdnetpi"
7572187777,6891,"2026-05-08T20:40:23.000+02:00",0.82,0.824159979820251,9.2689349096368,"almost_certain","2p4",NA,51.5701,6.0041,FALSE,5,"Eurasian Wren","Troglodytes troglodytes","#871aa2","avian","https://media.birdweather.com/species/5/EurasianWren-standard-9c09f98281df1112cec97e5b2520b7ac.jpg","https://media.birdweather.com/species/5/EurasianWren-thumbnail-7ee2ceda5807a63f70243cd666e8e3c8.jpg","https://media.birdweather.com/species/5/EurasianWren-png200-a33056cab50c84c6025cfd25b6f18c19.png","JwgGDwDcVHlfhXmJhXiXWJiJaEAXA5IC",11570948694,"https://media.birdweather.com/soundscapes/6891/6891-20260508-184023.flac",0,3,"birdnetpi"
7572173494,6891,"2026-05-08T20:39:44.000+02:00",0.82,0.940908372402191,9.44839463865176,"almost_certain","2p4",NA,51.5629,6.008,FALSE,397,"Barn Swallow","Hirundo rustica","#c85500","avian","https://media.birdweather.com/species/397/BarnSwallow-standard-66c9cb8916403efe633a420fe54e3bc6.jpg","https://media.birdweather.com/species/397/BarnSwallow-thumbnail-418cddeb212e9e1ce5d35f61a3040433.jpg","https://media.birdweather.com/species/397/BarnSwallow-png200-317c812ebfcec488fad1824feff99dbc.png","IAgKHwKLhnmThXdPl1i3p3ll51f4jngP",11570933587,"https://media.birdweather.com/soundscapes/6891/6891-20260508-183944.flac",0,3,"birdnetpi"
7572140023,6891,"2026-05-08T20:38:33.000+02:00",0.75,0.940908372402191,9.25031835518054,"almost_certain","2p4",NA,51.5639,6.0073,FALSE,397,"Barn Swallow","Hirundo rustica","#c85500","avian","https://media.birdweather.com/species/397/BarnSwallow-standard-66c9cb8916403efe633a420fe54e3bc6.jpg","https://media.birdweather.com/species/397/BarnSwallow-thumbnail-418cddeb212e9e1ce5d35f61a3040433.jpg","https://media.birdweather.com/species/397/BarnSwallow-png200-317c812ebfcec488fad1824feff99dbc.png","IAgKHwKLhnmThXdPl1i3p3ll51f4jngP",11570898270,"https://media.birdweather.com/soundscapes/6891/6891-20260508-183833.flac",0,3,"birdnetpi"
7572105814,6891,"2026-05-08T20:37:12.000+02:00",0.82,0.622888922691345,8.89063642997655,"almost_certain","2p4",NA,51.5677,6.001,FALSE,76,"Eurasian Jackdaw","Corvus monedula","#f36f1b","avian","https://media.birdweather.com/species/76/EurasianJackdaw-standard-55cbd4006f743c538a3264a1fb86d41c.jpg","https://media.birdweather.com/species/76/EurasianJackdaw-thumbnail-80ecf23afe76ea22483b4f8043e19339.jpg","https://media.birdweather.com/species/76/EurasianJackdaw-png200-862dbf9b3725619bb5532ba255c32118.png","4AgKDwL2i2d1homOY0modph5OL/1qHAJ",11570862047,"https://media.birdweather.com/soundscapes/6891/6891-20260508-183712.flac",0,3,"birdnetpi"
7572090052,6891,"2026-05-08T20:36:39.000+02:00",0.93,0.940908372402191,9.71128531935161,"almost_certain","2p4",NA,51.563,6.002,FALSE,397,"Barn Swallow","Hirundo rustica","#c85500","avian","https://media.birdweather.com/species/397/BarnSwallow-standard-66c9cb8916403efe633a420fe54e3bc6.jpg","https://media.birdweather.com/species/397/BarnSwallow-thumbnail-418cddeb212e9e1ce5d35f61a3040433.jpg","https://media.birdweather.com/species/397/BarnSwallow-png200-317c812ebfcec488fad1824feff99dbc.png","IAgKHwKLhnmThXdPl1i3p3ll51f4jngP",11570845179,"https://media.birdweather.com/soundscapes/6891/6891-20260508-183639.flac",0,3,"birdnetpi"
7572078388,6891,"2026-05-08T20:36:15.000+02:00",1,0.824159979820251,9.67616949678787,"almost_certain","2p4",NA,51.5697,6.0056,FALSE,5,"Eurasian Wren","Troglodytes troglodytes","#871aa2","avian","https://media.birdweather.com/species/5/EurasianWren-standard-9c09f98281df1112cec97e5b2520b7ac.jpg","https://media.birdweather.com/species/5/EurasianWren-thumbnail-7ee2ceda5807a63f70243cd666e8e3c8.jpg","https://media.birdweather.com/species/5/EurasianWren-png200-a33056cab50c84c6025cfd25b6f18c19.png","JwgGDwDcVHlfhXmJhXiXWJiJaEAXA5IC",11570832889,"https://media.birdweather.com/soundscapes/6891/6891-20260508-183615.flac",0,3,"birdnetpi"
7572064206,6891,"2026-05-08T20:35:40.000+02:00",0.98,0.698269486427307,9.41232381164719,"almost_certain","2p4",NA,51.5637,6.003,FALSE,30,"Common Buzzard","Buteo buteo","#37e188","avian","https://media.birdweather.com/species/30/CommonBuzzard-standard-624dd5ff44ca4409c2692d7ec2eec597.jpg","https://media.birdweather.com/species/30/CommonBuzzard-thumbnail-781fb553c5eb2032627994238a1027c5.jpg","https://media.birdweather.com/species/30/CommonBuzzard-png200-dcecf7087fca9c5bd3977532471c052a.png","XwkGDwKDmYifVWWAmFZnmqiIer/ICGME",11570817788,"https://media.birdweather.com/soundscapes/6891/6891-20260508-183540.flac",0,3,"birdnetpi"
7572053318,6891,"2026-05-08T20:35:14.000+02:00",0.78,0.940908372402191,9.33873612913902,"almost_certain","2p4",NA,51.5653,6.0051,FALSE,397,"Barn Swallow","Hirundo rustica","#c85500","avian","https://media.birdweather.com/species/397/BarnSwallow-standard-66c9cb8916403efe633a420fe54e3bc6.jpg","https://media.birdweather.com/species/397/BarnSwallow-thumbnail-418cddeb212e9e1ce5d35f61a3040433.jpg","https://media.birdweather.com/species/397/BarnSwallow-png200-317c812ebfcec488fad1824feff99dbc.png","IAgKHwKLhnmThXdPl1i3p3ll51f4jngP",11570805997,"https://media.birdweather.com/soundscapes/6891/6891-20260508-183514.flac",0,3,"birdnetpi"
7572048383,6891,"2026-05-08T20:35:02.000+02:00",0.94,0.999183833599091,9.81434746749562,"almost_certain","2p4",NA,51.5676,6.0011,FALSE,35,"Eurasian Blackbird","Turdus merula","#ff65df","avian","https://media.birdweather.com/species/35/EurasianBlackbird-standard-618b3a5132c7c359fb2a2884c39deb39.jpg","https://media.birdweather.com/species/35/EurasianBlackbird-thumbnail-276878929bed08167d1fd9bf34d63d40.jpg","https://media.birdweather.com/species/35/EurasianBlackbird-png200-ba5a1b43225da4611cac429c52a52c81.png","GfkFFwKRmrx2ZYiaaQe69nlzScn3T7IA",11570800737,"https://media.birdweather.com/soundscapes/6891/6891-20260508-183502.flac",0,3,"birdnetpi"
7572033124,6891,"2026-05-08T20:34:29.000+02:00",0.98,0.999183833599091,9.89740319938414,"almost_certain","2p4",NA,51.5648,6.0049,FALSE,35,"Eurasian Blackbird","Turdus merula","#ff65df","avian","https://media.birdweather.com/species/35/EurasianBlackbird-standard-618b3a5132c7c359fb2a2884c39deb39.jpg","https://media.birdweather.com/species/35/EurasianBlackbird-thumbnail-276878929bed08167d1fd9bf34d63d40.jpg","https://media.birdweather.com/species/35/EurasianBlackbird-png200-ba5a1b43225da4611cac429c52a52c81.png","GfkFFwKRmrx2ZYiaaQe69nlzScn3T7IA",11570784668,"https://media.birdweather.com/soundscapes/6891/6891-20260508-183429.flac",0,3,"birdnetpi"
7572022805,6891,"2026-05-08T20:34:12.000+02:00",1,0.999183833599091,9.93711612490049,"almost_certain","2p4",NA,51.5638,6.0065,FALSE,35,"Eurasian Blackbird","Turdus merula","#ff65df","avian","https://media.birdweather.com/species/35/EurasianBlackbird-standard-618b3a5132c7c359fb2a2884c39deb39.jpg","https://media.birdweather.com/species/35/EurasianBlackbird-thumbnail-276878929bed08167d1fd9bf34d63d40.jpg","https://media.birdweather.com/species/35/EurasianBlackbird-png200-ba5a1b43225da4611cac429c52a52c81.png","GfkFFwKRmrx2ZYiaaQe69nlzScn3T7IA",11570774115,"https://media.birdweather.com/soundscapes/6891/6891-20260508-183412.flac",0,3,"birdnetpi"
7572004033,6891,"2026-05-08T20:33:24.000+02:00",0.93,0.999183833599091,9.79277221844927,"almost_certain","2p4",NA,51.5696,6.0036,FALSE,35,"Eurasian Blackbird","Turdus merula","#ff65df","avian","https://media.birdweather.com/species/35/EurasianBlackbird-standard-618b3a5132c7c359fb2a2884c39deb39.jpg","https://media.birdweather.com/species/35/EurasianBlackbird-thumbnail-276878929bed08167d1fd9bf34d63d40.jpg","https://media.birdweather.com/species/35/EurasianBlackbird-png200-ba5a1b43225da4611cac429c52a52c81.png","GfkFFwKRmrx2ZYiaaQe69nlzScn3T7IA",11570754286,"https://media.birdweather.com/soundscapes/6891/6891-20260508-183324.flac",0,3,"birdnetpi"
7571991578,6891,"2026-05-08T20:33:03.000+02:00",0.97,0.999183833599091,9.8771065318585,"almost_certain","2p4",NA,51.5674,6.0021,FALSE,35,"Eurasian Blackbird","Turdus merula","#ff65df","avian","https://media.birdweather.com/species/35/EurasianBlackbird-standard-618b3a5132c7c359fb2a2884c39deb39.jpg","https://media.birdweather.com/species/35/EurasianBlackbird-thumbnail-276878929bed08167d1fd9bf34d63d40.jpg","https://media.birdweather.com/species/35/EurasianBlackbird-png200-ba5a1b43225da4611cac429c52a52c81.png","GfkFFwKRmrx2ZYiaaQe69nlzScn3T7IA",11570741553,"https://media.birdweather.com/soundscapes/6891/6891-20260508-183303.flac",0,3,"birdnetpi"
7571984213,6891,"2026-05-08T20:32:45.000+02:00",0.94,0.999183833599091,9.81434746749562,"almost_certain","2p4",NA,51.5672,6.0079,FALSE,35,"Eurasian Blackbird","Turdus merula","#ff65df","avian","https://media.birdweather.com/species/35/EurasianBlackbird-standard-618b3a5132c7c359fb2a2884c39deb39.jpg","https://media.birdweather.com/species/35/EurasianBlackbird-thumbnail-276878929bed08167d1fd9bf34d63d40.jpg","https://media.birdweather.com/species/35/EurasianBlackbird-png200-ba5a1b43225da4611cac429c52a52c81.png","GfkFFwKRmrx2ZYiaaQe69nlzScn3T7IA",11570733499,"https://media.birdweather.com/soundscapes/6891/6891-20260508-183245.flac",0,3,"birdnetpi"
7571978951,6891,"2026-05-08T20:32:28.000+02:00",0.7,0.931612968444824,9.07549756491729,"almost_certain","2p4",NA,51.5685,6.0072,FALSE,66,"Eurasian Blue Tit","Cyanistes caeruleus","#4b8900","avian","https://media.birdweather.com/species/66/EurasianBlueTit-standard-4ec8e45d78b2908d0f41ae495ae07571.jpg","https://media.birdweather.com/species/66/EurasianBlueTit-thumbnail-4d9abc54a3abc3fb12e78e603cbe6784.jpg","https://media.birdweather.com/species/66/EurasianBlueTit-png200-49adab92304ba7a74e93ac43e38e62d3.png","EfgJBwAKhHiEm2ZheGllqXeZhi/ze3EP",11570727846,"https://media.birdweather.com/soundscapes/6891/6891-20260508-183228.flac",0,3,"birdnetpi"
7571973705,6891,"2026-05-08T20:32:15.000+02:00",0.89,0.999183833599091,9.70290394144371,"almost_certain","2p4",NA,51.5617,6.0008,FALSE,35,"Eurasian Blackbird","Turdus merula","#ff65df","avian","https://media.birdweather.com/species/35/EurasianBlackbird-standard-618b3a5132c7c359fb2a2884c39deb39.jpg","https://media.birdweather.com/species/35/EurasianBlackbird-thumbnail-276878929bed08167d1fd9bf34d63d40.jpg","https://media.birdweather.com/species/35/EurasianBlackbird-png200-ba5a1b43225da4611cac429c52a52c81.png","GfkFFwKRmrx2ZYiaaQe69nlzScn3T7IA",11570722263,"https://media.birdweather.com/soundscapes/6891/6891-20260508-183215.flac",0,3,"birdnetpi"
7571965829,6891,"2026-05-08T20:32:03.000+02:00",0.96,0.931612968444824,9.7615597093574,"almost_certain","2p4",NA,51.5637,6.0073,FALSE,66,"Eurasian Blue Tit","Cyanistes caeruleus","#4b8900","avian","https://media.birdweather.com/species/66/EurasianBlueTit-standard-4ec8e45d78b2908d0f41ae495ae07571.jpg","https://media.birdweather.com/species/66/EurasianBlueTit-thumbnail-4d9abc54a3abc3fb12e78e603cbe6784.jpg","https://media.birdweather.com/species/66/EurasianBlueTit-png200-49adab92304ba7a74e93ac43e38e62d3.png","EfgJBwAKhHiEm2ZheGllqXeZhi/ze3EP",11570714214,"https://media.birdweather.com/soundscapes/6891/6891-20260508-183203.flac",0,3,"birdnetpi"
7571961790,6891,"2026-05-08T20:31:51.000+02:00",0.94,0.999183833599091,9.81434746749562,"almost_certain","2p4",NA,51.5652,6.0035,FALSE,35,"Eurasian Blackbird","Turdus merula","#ff65df","avian","https://media.birdweather.com/species/35/EurasianBlackbird-standard-618b3a5132c7c359fb2a2884c39deb39.jpg","https://media.birdweather.com/species/35/EurasianBlackbird-thumbnail-276878929bed08167d1fd9bf34d63d40.jpg","https://media.birdweather.com/species/35/EurasianBlackbird-png200-ba5a1b43225da4611cac429c52a52c81.png","GfkFFwKRmrx2ZYiaaQe69nlzScn3T7IA",11570710039,"https://media.birdweather.com/soundscapes/6891/6891-20260508-183151.flac",0,3,"birdnetpi"
7571955507,6891,"2026-05-08T20:31:40.000+02:00",0.83,0.999183833599091,9.55597756485928,"almost_certain","2p4",NA,51.5623,6.0058,FALSE,35,"Eurasian Blackbird","Turdus merula","#ff65df","avian","https://media.birdweather.com/species/35/EurasianBlackbird-standard-618b3a5132c7c359fb2a2884c39deb39.jpg","https://media.birdweather.com/species/35/EurasianBlackbird-thumbnail-276878929bed08167d1fd9bf34d63d40.jpg","https://media.birdweather.com/species/35/EurasianBlackbird-png200-ba5a1b43225da4611cac429c52a52c81.png","GfkFFwKRmrx2ZYiaaQe69nlzScn3T7IA",11570702972,"https://media.birdweather.com/soundscapes/6891/6891-20260508-183140.flac",0,3,"birdnetpi"
7571956951,6891,"2026-05-08T20:31:39.000+02:00",0.96,0.931612968444824,9.7615597093574,"almost_certain","2p4",NA,51.569,6.0088,FALSE,66,"Eurasian Blue Tit","Cyanistes caeruleus","#4b8900","avian","https://media.birdweather.com/species/66/EurasianBlueTit-standard-4ec8e45d78b2908d0f41ae495ae07571.jpg","https://media.birdweather.com/species/66/EurasianBlueTit-thumbnail-4d9abc54a3abc3fb12e78e603cbe6784.jpg","https://media.birdweather.com/species/66/EurasianBlueTit-png200-49adab92304ba7a74e93ac43e38e62d3.png","EfgJBwAKhHiEm2ZheGllqXeZhi/ze3EP",11570704451,"https://media.birdweather.com/soundscapes/6891/6891-20260508-183139.flac",0,3,"birdnetpi"
7571949544,6891,"2026-05-08T20:31:28.000+02:00",0.9,0.931612968444824,9.63098476302548,"almost_certain","2p4",NA,51.5633,6.0051,FALSE,66,"Eurasian Blue Tit","Cyanistes caeruleus","#4b8900","avian","https://media.birdweather.com/species/66/EurasianBlueTit-standard-4ec8e45d78b2908d0f41ae495ae07571.jpg","https://media.birdweather.com/species/66/EurasianBlueTit-thumbnail-4d9abc54a3abc3fb12e78e603cbe6784.jpg","https://media.birdweather.com/species/66/EurasianBlueTit-png200-49adab92304ba7a74e93ac43e38e62d3.png","EfgJBwAKhHiEm2ZheGllqXeZhi/ze3EP",11570696924,"https://media.birdweather.com/soundscapes/6891/6891-20260508-183128.flac",0,3,"birdnetpi"
7571947564,6891,"2026-05-08T20:31:18.000+02:00",0.9,0.999183833599091,9.72592969353715,"almost_certain","2p4",NA,51.5688,6.0015,FALSE,35,"Eurasian Blackbird","Turdus merula","#ff65df","avian","https://media.birdweather.com/species/35/EurasianBlackbird-standard-618b3a5132c7c359fb2a2884c39deb39.jpg","https://media.birdweather.com/species/35/EurasianBlackbird-thumbnail-276878929bed08167d1fd9bf34d63d40.jpg","https://media.birdweather.com/species/35/EurasianBlackbird-png200-ba5a1b43225da4611cac429c52a52c81.png","GfkFFwKRmrx2ZYiaaQe69nlzScn3T7IA",11570694590,"https://media.birdweather.com/soundscapes/6891/6891-20260508-183118.flac",0,3,"birdnetpi"
7571942430,6891,"2026-05-08T20:31:08.000+02:00",0.89,0.622888922691345,9.06365883367083,"almost_certain","2p4",NA,51.565,6.0091,FALSE,76,"Eurasian Jackdaw","Corvus monedula","#f36f1b","avian","https://media.birdweather.com/species/76/EurasianJackdaw-standard-55cbd4006f743c538a3264a1fb86d41c.jpg","https://media.birdweather.com/species/76/EurasianJackdaw-thumbnail-80ecf23afe76ea22483b4f8043e19339.jpg","https://media.birdweather.com/species/76/EurasianJackdaw-png200-862dbf9b3725619bb5532ba255c32118.png","4AgKDwL2i2d1homOY0modph5OL/1qHAJ",11570689402,"https://media.birdweather.com/soundscapes/6891/6891-20260508-183108.flac",0,3,"birdnetpi"
7571929523,6891,"2026-05-08T20:30:37.000+02:00",0.85,0.622888922691345,8.96747899928848,"almost_certain","2p4",NA,51.562,6.0087,FALSE,76,"Eurasian Jackdaw","Corvus monedula","#f36f1b","avian","https://media.birdweather.com/species/76/EurasianJackdaw-standard-55cbd4006f743c538a3264a1fb86d41c.jpg","https://media.birdweather.com/species/76/EurasianJackdaw-thumbnail-80ecf23afe76ea22483b4f8043e19339.jpg","https://media.birdweather.com/species/76/EurasianJackdaw-png200-862dbf9b3725619bb5532ba255c32118.png","4AgKDwL2i2d1homOY0modph5OL/1qHAJ",11570675954,"https://media.birdweather.com/soundscapes/6891/6891-20260508-183037.flac",0,3,"birdnetpi"
7571925075,6891,"2026-05-08T20:30:32.000+02:00",0.99,0.999183833599091,9.91740355459112,"almost_certain","2p4",NA,51.5642,6.001,FALSE,35,"Eurasian Blackbird","Turdus merula","#ff65df","avian","https://media.birdweather.com/species/35/EurasianBlackbird-standard-618b3a5132c7c359fb2a2884c39deb39.jpg","https://media.birdweather.com/species/35/EurasianBlackbird-thumbnail-276878929bed08167d1fd9bf34d63d40.jpg","https://media.birdweather.com/species/35/EurasianBlackbird-png200-ba5a1b43225da4611cac429c52a52c81.png","GfkFFwKRmrx2ZYiaaQe69nlzScn3T7IA",11570671160,"https://media.birdweather.com/soundscapes/6891/6891-20260508-183032.flac",0,3,"birdnetpi"
7571914312,6891,"2026-05-08T20:30:04.000+02:00",0.87,0.999183833599091,9.65565788022621,"almost_certain","2p4",NA,51.5668,6.0067,FALSE,35,"Eurasian Blackbird","Turdus merula","#ff65df","avian","https://media.birdweather.com/species/35/EurasianBlackbird-standard-618b3a5132c7c359fb2a2884c39deb39.jpg","https://media.birdweather.com/species/35/EurasianBlackbird-thumbnail-276878929bed08167d1fd9bf34d63d40.jpg","https://media.birdweather.com/species/35/EurasianBlackbird-png200-ba5a1b43225da4611cac429c52a52c81.png","GfkFFwKRmrx2ZYiaaQe69nlzScn3T7IA",11570659905,"https://media.birdweather.com/soundscapes/6891/6891-20260508-183004.flac",0,3,"birdnetpi"
7571902727,6891,"2026-05-08T20:29:41.000+02:00",0.85,0.999183833599091,9.60672410706136,"almost_certain","2p4",NA,51.5633,6.0082,FALSE,35,"Eurasian Blackbird","Turdus merula","#ff65df","avian","https://media.birdweather.com/species/35/EurasianBlackbird-standard-618b3a5132c7c359fb2a2884c39deb39.jpg","https://media.birdweather.com/species/35/EurasianBlackbird-thumbnail-276878929bed08167d1fd9bf34d63d40.jpg","https://media.birdweather.com/species/35/EurasianBlackbird-png200-ba5a1b43225da4611cac429c52a52c81.png","GfkFFwKRmrx2ZYiaaQe69nlzScn3T7IA",11570647706,"https://media.birdweather.com/soundscapes/6891/6891-20260508-182941.flac",0,3,"birdnetpi"
7571901321,6891,"2026-05-08T20:29:38.000+02:00",0.95,0.824159979820251,9.57464157493727,"almost_certain","2p4",NA,51.5658,6.0066,FALSE,5,"Eurasian Wren","Troglodytes troglodytes","#871aa2","avian","https://media.birdweather.com/species/5/EurasianWren-standard-9c09f98281df1112cec97e5b2520b7ac.jpg","https://media.birdweather.com/species/5/EurasianWren-thumbnail-7ee2ceda5807a63f70243cd666e8e3c8.jpg","https://media.birdweather.com/species/5/EurasianWren-png200-a33056cab50c84c6025cfd25b6f18c19.png","JwgGDwDcVHlfhXmJhXiXWJiJaEAXA5IC",11570646278,"https://media.birdweather.com/soundscapes/6891/6891-20260508-182938.flac",0,3,"birdnetpi"
7571886198,6891,"2026-05-08T20:29:03.000+02:00",0.9,0.999183833599091,9.72592969353715,"almost_certain","2p4",NA,51.5693,6.0076,FALSE,35,"Eurasian Blackbird","Turdus merula","#ff65df","avian","https://media.birdweather.com/species/35/EurasianBlackbird-standard-618b3a5132c7c359fb2a2884c39deb39.jpg","https://media.birdweather.com/species/35/EurasianBlackbird-thumbnail-276878929bed08167d1fd9bf34d63d40.jpg","https://media.birdweather.com/species/35/EurasianBlackbird-png200-ba5a1b43225da4611cac429c52a52c81.png","GfkFFwKRmrx2ZYiaaQe69nlzScn3T7IA",11570630320,"https://media.birdweather.com/soundscapes/6891/6891-20260508-182903.flac",0,3,"birdnetpi"
7571886510,6891,"2026-05-08T20:29:00.000+02:00",0.93,0.824159979820251,9.53182559033664,"almost_certain","2p4",NA,51.5681,6.0017,FALSE,5,"Eurasian Wren","Troglodytes troglodytes","#871aa2","avian","https://media.birdweather.com/species/5/EurasianWren-standard-9c09f98281df1112cec97e5b2520b7ac.jpg","https://media.birdweather.com/species/5/EurasianWren-thumbnail-7ee2ceda5807a63f70243cd666e8e3c8.jpg","https://media.birdweather.com/species/5/EurasianWren-png200-a33056cab50c84c6025cfd25b6f18c19.png","JwgGDwDcVHlfhXmJhXiXWJiJaEAXA5IC",11570630671,"https://media.birdweather.com/soundscapes/6891/6891-20260508-182900.flac",0,3,"birdnetpi"
7571872294,6891,"2026-05-08T20:28:32.000+02:00",0.88,0.824159979820251,9.41853793962884,"almost_certain","2p4",NA,51.5639,6.0074,FALSE,5,"Eurasian Wren","Troglodytes troglodytes","#871aa2","avian","https://media.birdweather.com/species/5/EurasianWren-standard-9c09f98281df1112cec97e5b2520b7ac.jpg","https://media.birdweather.com/species/5/EurasianWren-thumbnail-7ee2ceda5807a63f70243cd666e8e3c8.jpg","https://media.birdweather.com/species/5/EurasianWren-png200-a33056cab50c84c6025cfd25b6f18c19.png","JwgGDwDcVHlfhXmJhXiXWJiJaEAXA5IC",11570615662,"https://media.birdweather.com/soundscapes/6891/6891-20260508-182832.flac",0,3,"birdnetpi"
7571862975,6891,"2026-05-08T20:28:07.000+02:00",0.91,0.999183833599091,9.74857483721031,"almost_certain","2p4",NA,51.566,6.0005,FALSE,35,"Eurasian Blackbird","Turdus merula","#ff65df","avian","https://media.birdweather.com/species/35/EurasianBlackbird-standard-618b3a5132c7c359fb2a2884c39deb39.jpg","https://media.birdweather.com/species/35/EurasianBlackbird-thumbnail-276878929bed08167d1fd9bf34d63d40.jpg","https://media.birdweather.com/species/35/EurasianBlackbird-png200-ba5a1b43225da4611cac429c52a52c81.png","GfkFFwKRmrx2ZYiaaQe69nlzScn3T7IA",11570605776,"https://media.birdweather.com/soundscapes/6891/6891-20260508-182807.flac",0,3,"birdnetpi"
7571854813,6891,"2026-05-08T20:27:51.000+02:00",0.85,0.999183833599091,9.60672410706136,"almost_certain","2p4",NA,51.5643,6.0037,FALSE,35,"Eurasian Blackbird","Turdus merula","#ff65df","avian","https://media.birdweather.com/species/35/EurasianBlackbird-standard-618b3a5132c7c359fb2a2884c39deb39.jpg","https://media.birdweather.com/species/35/EurasianBlackbird-thumbnail-276878929bed08167d1fd9bf34d63d40.jpg","https://media.birdweather.com/species/35/EurasianBlackbird-png200-ba5a1b43225da4611cac429c52a52c81.png","GfkFFwKRmrx2ZYiaaQe69nlzScn3T7IA",11570597284,"https://media.birdweather.com/soundscapes/6891/6891-20260508-182751.flac",0,3,"birdnetpi"
7571841420,6891,"2026-05-08T20:27:25.000+02:00",0.82,0.999183833599091,9.52988153774943,"almost_certain","2p4",NA,51.5654,6.0063,FALSE,35,"Eurasian Blackbird","Turdus merula","#ff65df","avian","https://media.birdweather.com/species/35/EurasianBlackbird-standard-618b3a5132c7c359fb2a2884c39deb39.jpg","https://media.birdweather.com/species/35/EurasianBlackbird-thumbnail-276878929bed08167d1fd9bf34d63d40.jpg","https://media.birdweather.com/species/35/EurasianBlackbird-png200-ba5a1b43225da4611cac429c52a52c81.png","GfkFFwKRmrx2ZYiaaQe69nlzScn3T7IA",11570583190,"https://media.birdweather.com/soundscapes/6891/6891-20260508-182725.flac",0,3,"birdnetpi"
7571836908,6891,"2026-05-08T20:27:19.000+02:00",0.96,0.824159979820251,9.59555801175645,"almost_certain","2p4",NA,51.5615,6.0081,FALSE,5,"Eurasian Wren","Troglodytes troglodytes","#871aa2","avian","https://media.birdweather.com/species/5/EurasianWren-standard-9c09f98281df1112cec97e5b2520b7ac.jpg","https://media.birdweather.com/species/5/EurasianWren-thumbnail-7ee2ceda5807a63f70243cd666e8e3c8.jpg","https://media.birdweather.com/species/5/EurasianWren-png200-a33056cab50c84c6025cfd25b6f18c19.png","JwgGDwDcVHlfhXmJhXiXWJiJaEAXA5IC",11570578563,"https://media.birdweather.com/soundscapes/6891/6891-20260508-182719.flac",0,3,"birdnetpi"
7571824177,6891,"2026-05-08T20:26:51.000+02:00",0.9,0.824159979820251,9.46498306542452,"almost_certain","2p4",NA,51.564,6.0066,FALSE,5,"Eurasian Wren","Troglodytes troglodytes","#871aa2","avian","https://media.birdweather.com/species/5/EurasianWren-standard-9c09f98281df1112cec97e5b2520b7ac.jpg","https://media.birdweather.com/species/5/EurasianWren-thumbnail-7ee2ceda5807a63f70243cd666e8e3c8.jpg","https://media.birdweather.com/species/5/EurasianWren-png200-a33056cab50c84c6025cfd25b6f18c19.png","JwgGDwDcVHlfhXmJhXiXWJiJaEAXA5IC",11570565271,"https://media.birdweather.com/soundscapes/6891/6891-20260508-182651.flac",0,3,"birdnetpi"
7571811423,6891,"2026-05-08T20:26:21.000+02:00",0.98,0.824159979820251,9.63645657127151,"almost_certain","2p4",NA,51.5645,6.0044,FALSE,5,"Eurasian Wren","Troglodytes troglodytes","#871aa2","avian","https://media.birdweather.com/species/5/EurasianWren-standard-9c09f98281df1112cec97e5b2520b7ac.jpg","https://media.birdweather.com/species/5/EurasianWren-thumbnail-7ee2ceda5807a63f70243cd666e8e3c8.jpg","https://media.birdweather.com/species/5/EurasianWren-png200-a33056cab50c84c6025cfd25b6f18c19.png","JwgGDwDcVHlfhXmJhXiXWJiJaEAXA5IC",11570552155,"https://media.birdweather.com/soundscapes/6891/6891-20260508-182621.flac",0,3,"birdnetpi"
7571808599,6891,"2026-05-08T20:26:11.000+02:00",0.72,0.999183833599091,9.23728502034109,"almost_certain","2p4",NA,51.5631,6.0048,FALSE,35,"Eurasian Blackbird","Turdus merula","#ff65df","avian","https://media.birdweather.com/species/35/EurasianBlackbird-standard-618b3a5132c7c359fb2a2884c39deb39.jpg","https://media.birdweather.com/species/35/EurasianBlackbird-thumbnail-276878929bed08167d1fd9bf34d63d40.jpg","https://media.birdweather.com/species/35/EurasianBlackbird-png200-ba5a1b43225da4611cac429c52a52c81.png","GfkFFwKRmrx2ZYiaaQe69nlzScn3T7IA",11570549356,"https://media.birdweather.com/soundscapes/6891/6891-20260508-182611.flac",0,3,"birdnetpi"
7571800008,6891,"2026-05-08T20:25:53.000+02:00",0.96,0.824159979820251,9.59555801175645,"almost_certain","2p4",NA,51.569,6.0016,FALSE,5,"Eurasian Wren","Troglodytes troglodytes","#871aa2","avian","https://media.birdweather.com/species/5/EurasianWren-standard-9c09f98281df1112cec97e5b2520b7ac.jpg","https://media.birdweather.com/species/5/EurasianWren-thumbnail-7ee2ceda5807a63f70243cd666e8e3c8.jpg","https://media.birdweather.com/species/5/EurasianWren-png200-a33056cab50c84c6025cfd25b6f18c19.png","JwgGDwDcVHlfhXmJhXiXWJiJaEAXA5IC",11570540528,"https://media.birdweather.com/soundscapes/6891/6891-20260508-182553.flac",0,3,"birdnetpi"
7571798066,6891,"2026-05-08T20:25:44.000+02:00",0.84,0.999183833599091,9.58158578708593,"almost_certain","2p4",NA,51.5685,6.0054,FALSE,35,"Eurasian Blackbird","Turdus merula","#ff65df","avian","https://media.birdweather.com/species/35/EurasianBlackbird-standard-618b3a5132c7c359fb2a2884c39deb39.jpg","https://media.birdweather.com/species/35/EurasianBlackbird-thumbnail-276878929bed08167d1fd9bf34d63d40.jpg","https://media.birdweather.com/species/35/EurasianBlackbird-png200-ba5a1b43225da4611cac429c52a52c81.png","GfkFFwKRmrx2ZYiaaQe69nlzScn3T7IA",11570538582,"https://media.birdweather.com/soundscapes/6891/6891-20260508-182544.flac",0,3,"birdnetpi"
7571790840,6891,"2026-05-08T20:25:28.000+02:00",0.8,0.999183833599091,9.47614916072943,"almost_certain","2p4",NA,51.5625,6.0021,FALSE,35,"Eurasian Blackbird","Turdus merula","#ff65df","avian","https://media.birdweather.com/species/35/EurasianBlackbird-standard-618b3a5132c7c359fb2a2884c39deb39.jpg","https://media.birdweather.com/species/35/EurasianBlackbird-thumbnail-276878929bed08167d1fd9bf34d63d40.jpg","https://media.birdweather.com/species/35/EurasianBlackbird-png200-ba5a1b43225da4611cac429c52a52c81.png","GfkFFwKRmrx2ZYiaaQe69nlzScn3T7IA",11570531133,"https://media.birdweather.com/soundscapes/6891/6891-20260508-182528.flac",0,3,"birdnetpi"
7571788010,6891,"2026-05-08T20:25:26.000+02:00",0.91,0.991870403289795,9.73861046776761,"almost_certain","2p4",NA,51.5653,6.0053,FALSE,25,"Common Chaffinch","Fringilla coelebs","#fb7eff","avian","https://media.birdweather.com/species/25/CommonChaffinch-standard-d8edb223d1ec828ee0cda788e8f5f209.jpg","https://media.birdweather.com/species/25/CommonChaffinch-thumbnail-7ba0a46bb0cd7efdb3215242f9528140.jpg","https://media.birdweather.com/species/25/CommonChaffinch-png200-ced617224ab07c316109e2d0e9078f2e.png","WfgJDwKGhIbAbHimmnhluHh2tv25ZoAD",11570528222,"https://media.birdweather.com/soundscapes/6891/6891-20260508-182526.flac",0,3,"birdnetpi"
7571780708,6891,"2026-05-08T20:25:16.000+02:00",0.98,0.991870403289795,9.88743882994144,"almost_certain","2p4",NA,51.5623,6.0016,FALSE,25,"Common Chaffinch","Fringilla coelebs","#fb7eff","avian","https://media.birdweather.com/species/25/CommonChaffinch-standard-d8edb223d1ec828ee0cda788e8f5f209.jpg","https://media.birdweather.com/species/25/CommonChaffinch-thumbnail-7ba0a46bb0cd7efdb3215242f9528140.jpg","https://media.birdweather.com/species/25/CommonChaffinch-png200-ced617224ab07c316109e2d0e9078f2e.png","WfgJDwKGhIbAbHimmnhluHh2tv25ZoAD",11570520694,"https://media.birdweather.com/soundscapes/6891/6891-20260508-182516.flac",0,3,"birdnetpi"
7571769506,6891,"2026-05-08T20:24:44.000+02:00",0.83,0.991870403289795,9.54601319541658,"almost_certain","2p4",NA,51.5626,6.009,FALSE,25,"Common Chaffinch","Fringilla coelebs","#fb7eff","avian","https://media.birdweather.com/species/25/CommonChaffinch-standard-d8edb223d1ec828ee0cda788e8f5f209.jpg","https://media.birdweather.com/species/25/CommonChaffinch-thumbnail-7ba0a46bb0cd7efdb3215242f9528140.jpg","https://media.birdweather.com/species/25/CommonChaffinch-png200-ced617224ab07c316109e2d0e9078f2e.png","WfgJDwKGhIbAbHimmnhluHh2tv25ZoAD",11570509361,"https://media.birdweather.com/soundscapes/6891/6891-20260508-182444.flac",0,3,"birdnetpi"
7571766756,6891,"2026-05-08T20:24:36.000+02:00",0.8,0.999183833599091,9.47614916072943,"almost_certain","2p4",NA,51.5693,6.0081,FALSE,35,"Eurasian Blackbird","Turdus merula","#ff65df","avian","https://media.birdweather.com/species/35/EurasianBlackbird-standard-618b3a5132c7c359fb2a2884c39deb39.jpg","https://media.birdweather.com/species/35/EurasianBlackbird-thumbnail-276878929bed08167d1fd9bf34d63d40.jpg","https://media.birdweather.com/species/35/EurasianBlackbird-png200-ba5a1b43225da4611cac429c52a52c81.png","GfkFFwKRmrx2ZYiaaQe69nlzScn3T7IA",11570506132,"https://media.birdweather.com/soundscapes/6891/6891-20260508-182436.flac",0,3,"birdnetpi"
7571759843,6891,"2026-05-08T20:24:24.000+02:00",0.98,0.148204311728477,7.3587796531944,"almost_certain","2p4",NA,51.5644,6.003,FALSE,143,"Eurasian Oystercatcher","Haematopus ostralegus","#ca8600","avian","https://media.birdweather.com/species/143/EurasianOystercatcher-standard-de054f6108c9ec46b2430e18a3a05899.jpg","https://media.birdweather.com/species/143/EurasianOystercatcher-thumbnail-30dda908d192acf9a6ba366e2d58599a.jpg","https://media.birdweather.com/species/143/EurasianOystercatcher-png200-eaade4c821880831fc0130856cf4cad3.png","3vcRFwKHd4mAiHeCdth4eIeIhYD5CocK",11570499121,"https://media.birdweather.com/soundscapes/6891/6891-20260508-182424.flac",0,3,"birdnetpi"
7571756708,6891,"2026-05-08T20:24:17.000+02:00",0.8,0.991870403289795,9.46618479128673,"almost_certain","2p4",NA,51.565,6.0019,FALSE,25,"Common Chaffinch","Fringilla coelebs","#fb7eff","avian","https://media.birdweather.com/species/25/CommonChaffinch-standard-d8edb223d1ec828ee0cda788e8f5f209.jpg","https://media.birdweather.com/species/25/CommonChaffinch-thumbnail-7ba0a46bb0cd7efdb3215242f9528140.jpg","https://media.birdweather.com/species/25/CommonChaffinch-png200-ced617224ab07c316109e2d0e9078f2e.png","WfgJDwKGhIbAbHimmnhluHh2tv25ZoAD",11570495779,"https://media.birdweather.com/soundscapes/6891/6891-20260508-182417.flac",0,3,"birdnetpi"
7571747891,6891,"2026-05-08T20:23:54.000+02:00",0.87,0.991870403289795,9.64569351078351,"almost_certain","2p4",NA,51.5658,6.0069,FALSE,25,"Common Chaffinch","Fringilla coelebs","#fb7eff","avian","https://media.birdweather.com/species/25/CommonChaffinch-standard-d8edb223d1ec828ee0cda788e8f5f209.jpg","https://media.birdweather.com/species/25/CommonChaffinch-thumbnail-7ba0a46bb0cd7efdb3215242f9528140.jpg","https://media.birdweather.com/species/25/CommonChaffinch-png200-ced617224ab07c316109e2d0e9078f2e.png","WfgJDwKGhIbAbHimmnhluHh2tv25ZoAD",11570486912,"https://media.birdweather.com/soundscapes/6891/6891-20260508-182354.flac",0,3,"birdnetpi"
7571738926,6891,"2026-05-08T20:23:33.000+02:00",0.79,0.991870403289795,9.43850708226173,"almost_certain","2p4",NA,51.5623,6.0059,FALSE,25,"Common Chaffinch","Fringilla coelebs","#fb7eff","avian","https://media.birdweather.com/species/25/CommonChaffinch-standard-d8edb223d1ec828ee0cda788e8f5f209.jpg","https://media.birdweather.com/species/25/CommonChaffinch-thumbnail-7ba0a46bb0cd7efdb3215242f9528140.jpg","https://media.birdweather.com/species/25/CommonChaffinch-png200-ced617224ab07c316109e2d0e9078f2e.png","WfgJDwKGhIbAbHimmnhluHh2tv25ZoAD",11570477089,"https://media.birdweather.com/soundscapes/6891/6891-20260508-182333.flac",0,3,"birdnetpi"
7571736774,6891,"2026-05-08T20:23:30.000+02:00",0.99,0.824159979820251,9.65645692647849,"almost_certain","2p4",NA,51.5675,6.0092,FALSE,5,"Eurasian Wren","Troglodytes troglodytes","#871aa2","avian","https://media.birdweather.com/species/5/EurasianWren-standard-9c09f98281df1112cec97e5b2520b7ac.jpg","https://media.birdweather.com/species/5/EurasianWren-thumbnail-7ee2ceda5807a63f70243cd666e8e3c8.jpg","https://media.birdweather.com/species/5/EurasianWren-png200-a33056cab50c84c6025cfd25b6f18c19.png","JwgGDwDcVHlfhXmJhXiXWJiJaEAXA5IC",11570474796,"https://media.birdweather.com/soundscapes/6891/6891-20260508-182330.flac",0,3,"birdnetpi"
7571722608,6891,"2026-05-08T20:22:57.000+02:00",0.96,0.991870403289795,9.84654027042637,"almost_certain","2p4",NA,51.5698,6.0076,FALSE,25,"Common Chaffinch","Fringilla coelebs","#fb7eff","avian","https://media.birdweather.com/species/25/CommonChaffinch-standard-d8edb223d1ec828ee0cda788e8f5f209.jpg","https://media.birdweather.com/species/25/CommonChaffinch-thumbnail-7ba0a46bb0cd7efdb3215242f9528140.jpg","https://media.birdweather.com/species/25/CommonChaffinch-png200-ced617224ab07c316109e2d0e9078f2e.png","WfgJDwKGhIbAbHimmnhluHh2tv25ZoAD",11570460185,"https://media.birdweather.com/soundscapes/6891/6891-20260508-182257.flac",0,3,"birdnetpi"
7571713829,6891,"2026-05-08T20:22:42.000+02:00",0.94,0.824159979820251,9.55340083938299,"almost_certain","2p4",NA,51.5639,6.0062,FALSE,5,"Eurasian Wren","Troglodytes troglodytes","#871aa2","avian","https://media.birdweather.com/species/5/EurasianWren-standard-9c09f98281df1112cec97e5b2520b7ac.jpg","https://media.birdweather.com/species/5/EurasianWren-thumbnail-7ee2ceda5807a63f70243cd666e8e3c8.jpg","https://media.birdweather.com/species/5/EurasianWren-png200-a33056cab50c84c6025cfd25b6f18c19.png","JwgGDwDcVHlfhXmJhXiXWJiJaEAXA5IC",11570450808,"https://media.birdweather.com/soundscapes/6891/6891-20260508-182242.flac",0,3,"birdnetpi"
7571701484,6891,"2026-05-08T20:22:10.000+02:00",0.96,0.824159979820251,9.59555801175645,"almost_certain","2p4",NA,51.5624,6.0093,FALSE,5,"Eurasian Wren","Troglodytes troglodytes","#871aa2","avian","https://media.birdweather.com/species/5/EurasianWren-standard-9c09f98281df1112cec97e5b2520b7ac.jpg","https://media.birdweather.com/species/5/EurasianWren-thumbnail-7ee2ceda5807a63f70243cd666e8e3c8.jpg","https://media.birdweather.com/species/5/EurasianWren-png200-a33056cab50c84c6025cfd25b6f18c19.png","JwgGDwDcVHlfhXmJhXiXWJiJaEAXA5IC",11570438077,"https://media.birdweather.com/soundscapes/6891/6891-20260508-182210.flac",0,3,"birdnetpi"
7571689224,6891,"2026-05-08T20:21:54.000+02:00",0.96,0.824159979820251,9.59555801175645,"almost_certain","2p4",NA,51.5702,6.0025,FALSE,5,"Eurasian Wren","Troglodytes troglodytes","#871aa2","avian","https://media.birdweather.com/species/5/EurasianWren-standard-9c09f98281df1112cec97e5b2520b7ac.jpg","https://media.birdweather.com/species/5/EurasianWren-thumbnail-7ee2ceda5807a63f70243cd666e8e3c8.jpg","https://media.birdweather.com/species/5/EurasianWren-png200-a33056cab50c84c6025cfd25b6f18c19.png","JwgGDwDcVHlfhXmJhXiXWJiJaEAXA5IC",11570425408,"https://media.birdweather.com/soundscapes/6891/6891-20260508-182154.flac",0,3,"birdnetpi"
7571685310,6891,"2026-05-08T20:21:35.000+02:00",0.96,0.991870403289795,9.84654027042637,"almost_certain","2p4",NA,51.5686,6.004,FALSE,25,"Common Chaffinch","Fringilla coelebs","#fb7eff","avian","https://media.birdweather.com/species/25/CommonChaffinch-standard-d8edb223d1ec828ee0cda788e8f5f209.jpg","https://media.birdweather.com/species/25/CommonChaffinch-thumbnail-7ba0a46bb0cd7efdb3215242f9528140.jpg","https://media.birdweather.com/species/25/CommonChaffinch-png200-ced617224ab07c316109e2d0e9078f2e.png","WfgJDwKGhIbAbHimmnhluHh2tv25ZoAD",11570421322,"https://media.birdweather.com/soundscapes/6891/6891-20260508-182135.flac",0,3,"birdnetpi"
7571679822,6891,"2026-05-08T20:21:31.000+02:00",0.96,0.824159979820251,9.59555801175645,"almost_certain","2p4",NA,51.5659,6.0031,FALSE,5,"Eurasian Wren","Troglodytes troglodytes","#871aa2","avian","https://media.birdweather.com/species/5/EurasianWren-standard-9c09f98281df1112cec97e5b2520b7ac.jpg","https://media.birdweather.com/species/5/EurasianWren-thumbnail-7ee2ceda5807a63f70243cd666e8e3c8.jpg","https://media.birdweather.com/species/5/EurasianWren-png200-a33056cab50c84c6025cfd25b6f18c19.png","JwgGDwDcVHlfhXmJhXiXWJiJaEAXA5IC",11570415688,"https://media.birdweather.com/soundscapes/6891/6891-20260508-182131.flac",0,3,"birdnetpi"
7571672331,6891,"2026-05-08T20:21:07.000+02:00",0.97,0.991870403289795,9.86714216241579,"almost_certain","2p4",NA,51.5679,6.0008,FALSE,25,"Common Chaffinch","Fringilla coelebs","#fb7eff","avian","https://media.birdweather.com/species/25/CommonChaffinch-standard-d8edb223d1ec828ee0cda788e8f5f209.jpg","https://media.birdweather.com/species/25/CommonChaffinch-thumbnail-7ba0a46bb0cd7efdb3215242f9528140.jpg","https://media.birdweather.com/species/25/CommonChaffinch-png200-ced617224ab07c316109e2d0e9078f2e.png","WfgJDwKGhIbAbHimmnhluHh2tv25ZoAD",11570407841,"https://media.birdweather.com/soundscapes/6891/6891-20260508-182107.flac",0,3,"birdnetpi"
7571670615,6891,"2026-05-08T20:21:02.000+02:00",0.84,0.824159979820251,9.3206391589733,"almost_certain","2p4",NA,51.5636,6.0081,FALSE,5,"Eurasian Wren","Troglodytes troglodytes","#871aa2","avian","https://media.birdweather.com/species/5/EurasianWren-standard-9c09f98281df1112cec97e5b2520b7ac.jpg","https://media.birdweather.com/species/5/EurasianWren-thumbnail-7ee2ceda5807a63f70243cd666e8e3c8.jpg","https://media.birdweather.com/species/5/EurasianWren-png200-a33056cab50c84c6025cfd25b6f18c19.png","JwgGDwDcVHlfhXmJhXiXWJiJaEAXA5IC",11570405965,"https://media.birdweather.com/soundscapes/6891/6891-20260508-182102.flac",0,3,"birdnetpi"
7571665107,6891,"2026-05-08T20:20:50.000+02:00",0.91,0.999183833599091,9.74857483721031,"almost_certain","2p4",NA,51.5671,6.0061,FALSE,35,"Eurasian Blackbird","Turdus merula","#ff65df","avian","https://media.birdweather.com/species/35/EurasianBlackbird-standard-618b3a5132c7c359fb2a2884c39deb39.jpg","https://media.birdweather.com/species/35/EurasianBlackbird-thumbnail-276878929bed08167d1fd9bf34d63d40.jpg","https://media.birdweather.com/species/35/EurasianBlackbird-png200-ba5a1b43225da4611cac429c52a52c81.png","GfkFFwKRmrx2ZYiaaQe69nlzScn3T7IA",11570400246,"https://media.birdweather.com/soundscapes/6891/6891-20260508-182050.flac",0,3,"birdnetpi"
7571663799,6891,"2026-05-08T20:20:47.000+02:00",1,0.991870403289795,9.92715175545779,"almost_certain","2p4",NA,51.5678,6.0024,FALSE,25,"Common Chaffinch","Fringilla coelebs","#fb7eff","avian","https://media.birdweather.com/species/25/CommonChaffinch-standard-d8edb223d1ec828ee0cda788e8f5f209.jpg","https://media.birdweather.com/species/25/CommonChaffinch-thumbnail-7ba0a46bb0cd7efdb3215242f9528140.jpg","https://media.birdweather.com/species/25/CommonChaffinch-png200-ced617224ab07c316109e2d0e9078f2e.png","WfgJDwKGhIbAbHimmnhluHh2tv25ZoAD",11570398918,"https://media.birdweather.com/soundscapes/6891/6891-20260508-182047.flac",0,3,"birdnetpi"
7571657360,6891,"2026-05-08T20:20:32.000+02:00",0.99,0.991870403289795,9.90743918514842,"almost_certain","2p4",NA,51.5701,6.0052,FALSE,25,"Common Chaffinch","Fringilla coelebs","#fb7eff","avian","https://media.birdweather.com/species/25/CommonChaffinch-standard-d8edb223d1ec828ee0cda788e8f5f209.jpg","https://media.birdweather.com/species/25/CommonChaffinch-thumbnail-7ba0a46bb0cd7efdb3215242f9528140.jpg","https://media.birdweather.com/species/25/CommonChaffinch-png200-ced617224ab07c316109e2d0e9078f2e.png","WfgJDwKGhIbAbHimmnhluHh2tv25ZoAD",11570391934,"https://media.birdweather.com/soundscapes/6891/6891-20260508-182032.flac",0,3,"birdnetpi"
7571645950,6891,"2026-05-08T20:20:15.000+02:00",0.9,0.991870403289795,9.71596532409445,"almost_certain","2p4",NA,51.5622,6.0076,FALSE,25,"Common Chaffinch","Fringilla coelebs","#fb7eff","avian","https://media.birdweather.com/species/25/CommonChaffinch-standard-d8edb223d1ec828ee0cda788e8f5f209.jpg","https://media.birdweather.com/species/25/CommonChaffinch-thumbnail-7ba0a46bb0cd7efdb3215242f9528140.jpg","https://media.birdweather.com/species/25/CommonChaffinch-png200-ced617224ab07c316109e2d0e9078f2e.png","WfgJDwKGhIbAbHimmnhluHh2tv25ZoAD",11570380113,"https://media.birdweather.com/soundscapes/6891/6891-20260508-182015.flac",0,3,"birdnetpi"
7571642694,6891,"2026-05-08T20:20:02.000+02:00",0.95,0.999183833599091,9.8355882030499,"almost_certain","2p4",NA,51.567,6.0059,FALSE,35,"Eurasian Blackbird","Turdus merula","#ff65df","avian","https://media.birdweather.com/species/35/EurasianBlackbird-standard-618b3a5132c7c359fb2a2884c39deb39.jpg","https://media.birdweather.com/species/35/EurasianBlackbird-thumbnail-276878929bed08167d1fd9bf34d63d40.jpg","https://media.birdweather.com/species/35/EurasianBlackbird-png200-ba5a1b43225da4611cac429c52a52c81.png","GfkFFwKRmrx2ZYiaaQe69nlzScn3T7IA",11570376752,"https://media.birdweather.com/soundscapes/6891/6891-20260508-182002.flac",0,3,"birdnetpi"
7571636154,6891,"2026-05-08T20:19:44.000+02:00",0.92,0.991870403289795,9.76088738136195,"almost_certain","2p4",NA,51.563,6.0064,FALSE,25,"Common Chaffinch","Fringilla coelebs","#fb7eff","avian","https://media.birdweather.com/species/25/CommonChaffinch-standard-d8edb223d1ec828ee0cda788e8f5f209.jpg","https://media.birdweather.com/species/25/CommonChaffinch-thumbnail-7ba0a46bb0cd7efdb3215242f9528140.jpg","https://media.birdweather.com/species/25/CommonChaffinch-png200-ced617224ab07c316109e2d0e9078f2e.png","WfgJDwKGhIbAbHimmnhluHh2tv25ZoAD",11570369738,"https://media.birdweather.com/soundscapes/6891/6891-20260508-181944.flac",0,3,"birdnetpi"
7571632169,6891,"2026-05-08T20:19:39.000+02:00",0.97,0.999183833599091,9.8771065318585,"almost_certain","2p4",NA,51.5626,6.0081,FALSE,35,"Eurasian Blackbird","Turdus merula","#ff65df","avian","https://media.birdweather.com/species/35/EurasianBlackbird-standard-618b3a5132c7c359fb2a2884c39deb39.jpg","https://media.birdweather.com/species/35/EurasianBlackbird-thumbnail-276878929bed08167d1fd9bf34d63d40.jpg","https://media.birdweather.com/species/35/EurasianBlackbird-png200-ba5a1b43225da4611cac429c52a52c81.png","GfkFFwKRmrx2ZYiaaQe69nlzScn3T7IA",11570365567,"https://media.birdweather.com/soundscapes/6891/6891-20260508-181939.flac",0,3,"birdnetpi"
7571624607,6891,"2026-05-08T20:19:18.000+02:00",0.91,0.991870403289795,9.73861046776761,"almost_certain","2p4",NA,51.5692,6.0055,FALSE,25,"Common Chaffinch","Fringilla coelebs","#fb7eff","avian","https://media.birdweather.com/species/25/CommonChaffinch-standard-d8edb223d1ec828ee0cda788e8f5f209.jpg","https://media.birdweather.com/species/25/CommonChaffinch-thumbnail-7ba0a46bb0cd7efdb3215242f9528140.jpg","https://media.birdweather.com/species/25/CommonChaffinch-png200-ced617224ab07c316109e2d0e9078f2e.png","WfgJDwKGhIbAbHimmnhluHh2tv25ZoAD",11570357515,"https://media.birdweather.com/soundscapes/6891/6891-20260508-181918.flac",0,3,"birdnetpi"
7571618223,6891,"2026-05-08T20:19:06.000+02:00",0.86,0.824159979820251,9.3704628314874,"almost_certain","2p4",NA,51.5626,6.0066,FALSE,5,"Eurasian Wren","Troglodytes troglodytes","#871aa2","avian","https://media.birdweather.com/species/5/EurasianWren-standard-9c09f98281df1112cec97e5b2520b7ac.jpg","https://media.birdweather.com/species/5/EurasianWren-thumbnail-7ee2ceda5807a63f70243cd666e8e3c8.jpg","https://media.birdweather.com/species/5/EurasianWren-png200-a33056cab50c84c6025cfd25b6f18c19.png","JwgGDwDcVHlfhXmJhXiXWJiJaEAXA5IC",11570350929,"https://media.birdweather.com/soundscapes/6891/6891-20260508-181906.flac",0,3,"birdnetpi"
7571616371,6891,"2026-05-08T20:19:00.000+02:00",0.79,0.999183833599091,9.44847145170443,"almost_certain","2p4",NA,51.5678,6.0088,FALSE,35,"Eurasian Blackbird","Turdus merula","#ff65df","avian","https://media.birdweather.com/species/35/EurasianBlackbird-standard-618b3a5132c7c359fb2a2884c39deb39.jpg","https://media.birdweather.com/species/35/EurasianBlackbird-thumbnail-276878929bed08167d1fd9bf34d63d40.jpg","https://media.birdweather.com/species/35/EurasianBlackbird-png200-ba5a1b43225da4611cac429c52a52c81.png","GfkFFwKRmrx2ZYiaaQe69nlzScn3T7IA",11570349060,"https://media.birdweather.com/soundscapes/6891/6891-20260508-181900.flac",0,3,"birdnetpi"
7571608641,6891,"2026-05-08T20:18:53.000+02:00",0.98,0.824159979820251,9.63645657127151,"almost_certain","2p4",NA,51.5624,6.0046,FALSE,5,"Eurasian Wren","Troglodytes troglodytes","#871aa2","avian","https://media.birdweather.com/species/5/EurasianWren-standard-9c09f98281df1112cec97e5b2520b7ac.jpg","https://media.birdweather.com/species/5/EurasianWren-thumbnail-7ee2ceda5807a63f70243cd666e8e3c8.jpg","https://media.birdweather.com/species/5/EurasianWren-png200-a33056cab50c84c6025cfd25b6f18c19.png","JwgGDwDcVHlfhXmJhXiXWJiJaEAXA5IC",11570341002,"https://media.birdweather.com/soundscapes/6891/6891-20260508-181853.flac",0,3,"birdnetpi"
7571605458,6891,"2026-05-08T20:18:36.000+02:00",0.9,0.622888922691345,9.08668458576428,"almost_certain","2p4",NA,51.5666,6.005,FALSE,76,"Eurasian Jackdaw","Corvus monedula","#f36f1b","avian","https://media.birdweather.com/species/76/EurasianJackdaw-standard-55cbd4006f743c538a3264a1fb86d41c.jpg","https://media.birdweather.com/species/76/EurasianJackdaw-thumbnail-80ecf23afe76ea22483b4f8043e19339.jpg","https://media.birdweather.com/species/76/EurasianJackdaw-png200-862dbf9b3725619bb5532ba255c32118.png","4AgKDwL2i2d1homOY0modph5OL/1qHAJ",11570337795,"https://media.birdweather.com/soundscapes/6891/6891-20260508-181836.flac",0,3,"birdnetpi"
7571594705,6891,"2026-05-08T20:18:22.000+02:00",0.94,0.824159979820251,9.55340083938299,"almost_certain","2p4",NA,51.5658,6.0083,FALSE,5,"Eurasian Wren","Troglodytes troglodytes","#871aa2","avian","https://media.birdweather.com/species/5/EurasianWren-standard-9c09f98281df1112cec97e5b2520b7ac.jpg","https://media.birdweather.com/species/5/EurasianWren-thumbnail-7ee2ceda5807a63f70243cd666e8e3c8.jpg","https://media.birdweather.com/species/5/EurasianWren-png200-a33056cab50c84c6025cfd25b6f18c19.png","JwgGDwDcVHlfhXmJhXiXWJiJaEAXA5IC",11570326491,"https://media.birdweather.com/soundscapes/6891/6891-20260508-181822.flac",0,3,"birdnetpi"
7571587668,6891,"2026-05-08T20:18:00.000+02:00",0.99,0.991870403289795,9.90743918514842,"almost_certain","2p4",NA,51.5639,6.005,FALSE,25,"Common Chaffinch","Fringilla coelebs","#fb7eff","avian","https://media.birdweather.com/species/25/CommonChaffinch-standard-d8edb223d1ec828ee0cda788e8f5f209.jpg","https://media.birdweather.com/species/25/CommonChaffinch-thumbnail-7ba0a46bb0cd7efdb3215242f9528140.jpg","https://media.birdweather.com/species/25/CommonChaffinch-png200-ced617224ab07c316109e2d0e9078f2e.png","WfgJDwKGhIbAbHimmnhluHh2tv25ZoAD",11570319894,"https://media.birdweather.com/soundscapes/6891/6891-20260508-181800.flac",0,3,"birdnetpi"
7571585654,6891,"2026-05-08T20:17:55.000+02:00",0.93,0.622888922691345,9.1535271106764,"almost_certain","2p4",NA,51.5642,6.0094,FALSE,76,"Eurasian Jackdaw","Corvus monedula","#f36f1b","avian","https://media.birdweather.com/species/76/EurasianJackdaw-standard-55cbd4006f743c538a3264a1fb86d41c.jpg","https://media.birdweather.com/species/76/EurasianJackdaw-thumbnail-80ecf23afe76ea22483b4f8043e19339.jpg","https://media.birdweather.com/species/76/EurasianJackdaw-png200-862dbf9b3725619bb5532ba255c32118.png","4AgKDwL2i2d1homOY0modph5OL/1qHAJ",11570318050,"https://media.birdweather.com/soundscapes/6891/6891-20260508-181755.flac",0,3,"birdnetpi"
7571580688,6891,"2026-05-08T20:17:45.000+02:00",0.99,0.824159979820251,9.65645692647849,"almost_certain","2p4",NA,51.5654,6.0061,FALSE,5,"Eurasian Wren","Troglodytes troglodytes","#871aa2","avian","https://media.birdweather.com/species/5/EurasianWren-standard-9c09f98281df1112cec97e5b2520b7ac.jpg","https://media.birdweather.com/species/5/EurasianWren-thumbnail-7ee2ceda5807a63f70243cd666e8e3c8.jpg","https://media.birdweather.com/species/5/EurasianWren-png200-a33056cab50c84c6025cfd25b6f18c19.png","JwgGDwDcVHlfhXmJhXiXWJiJaEAXA5IC",11570312838,"https://media.birdweather.com/soundscapes/6891/6891-20260508-181745.flac",0,3,"birdnetpi"
7571578674,6891,"2026-05-08T20:17:40.000+02:00",0.99,0.991870403289795,9.90743918514842,"almost_certain","2p4",NA,51.5672,6.0045,FALSE,25,"Common Chaffinch","Fringilla coelebs","#fb7eff","avian","https://media.birdweather.com/species/25/CommonChaffinch-standard-d8edb223d1ec828ee0cda788e8f5f209.jpg","https://media.birdweather.com/species/25/CommonChaffinch-thumbnail-7ba0a46bb0cd7efdb3215242f9528140.jpg","https://media.birdweather.com/species/25/CommonChaffinch-png200-ced617224ab07c316109e2d0e9078f2e.png","WfgJDwKGhIbAbHimmnhluHh2tv25ZoAD",11570310974,"https://media.birdweather.com/soundscapes/6891/6891-20260508-181740.flac",0,3,"birdnetpi"
7571566465,6891,"2026-05-08T20:17:16.000+02:00",0.91,0.991870403289795,9.73861046776761,"almost_certain","2p4",NA,51.5617,6.0094,FALSE,25,"Common Chaffinch","Fringilla coelebs","#fb7eff","avian","https://media.birdweather.com/species/25/CommonChaffinch-standard-d8edb223d1ec828ee0cda788e8f5f209.jpg","https://media.birdweather.com/species/25/CommonChaffinch-thumbnail-7ba0a46bb0cd7efdb3215242f9528140.jpg","https://media.birdweather.com/species/25/CommonChaffinch-png200-ced617224ab07c316109e2d0e9078f2e.png","WfgJDwKGhIbAbHimmnhluHh2tv25ZoAD",11570300167,"https://media.birdweather.com/soundscapes/6891/6891-20260508-181716.flac",0,3,"birdnetpi"
7571557310,6891,"2026-05-08T20:16:52.000+02:00",1,0.991870403289795,9.92715175545779,"almost_certain","2p4",NA,51.5672,6.0055,FALSE,25,"Common Chaffinch","Fringilla coelebs","#fb7eff","avian","https://media.birdweather.com/species/25/CommonChaffinch-standard-d8edb223d1ec828ee0cda788e8f5f209.jpg","https://media.birdweather.com/species/25/CommonChaffinch-thumbnail-7ba0a46bb0cd7efdb3215242f9528140.jpg","https://media.birdweather.com/species/25/CommonChaffinch-png200-ced617224ab07c316109e2d0e9078f2e.png","WfgJDwKGhIbAbHimmnhluHh2tv25ZoAD",11570288853,"https://media.birdweather.com/soundscapes/6891/6891-20260508-181652.flac",0,3,"birdnetpi"
7571547564,6891,"2026-05-08T20:16:38.000+02:00",1,0.991870403289795,9.92715175545779,"almost_certain","2p4",NA,51.5682,6.0077,FALSE,25,"Common Chaffinch","Fringilla coelebs","#fb7eff","avian","https://media.birdweather.com/species/25/CommonChaffinch-standard-d8edb223d1ec828ee0cda788e8f5f209.jpg","https://media.birdweather.com/species/25/CommonChaffinch-thumbnail-7ba0a46bb0cd7efdb3215242f9528140.jpg","https://media.birdweather.com/species/25/CommonChaffinch-png200-ced617224ab07c316109e2d0e9078f2e.png","WfgJDwKGhIbAbHimmnhluHh2tv25ZoAD",11570277615,"https://media.birdweather.com/soundscapes/6891/6891-20260508-181638.flac",0,3,"birdnetpi"
7571533982,6891,"2026-05-08T20:16:08.000+02:00",0.98,0.991870403289795,9.88743882994144,"almost_certain","2p4",NA,51.5682,6.0018,FALSE,25,"Common Chaffinch","Fringilla coelebs","#fb7eff","avian","https://media.birdweather.com/species/25/CommonChaffinch-standard-d8edb223d1ec828ee0cda788e8f5f209.jpg","https://media.birdweather.com/species/25/CommonChaffinch-thumbnail-7ba0a46bb0cd7efdb3215242f9528140.jpg","https://media.birdweather.com/species/25/CommonChaffinch-png200-ced617224ab07c316109e2d0e9078f2e.png","WfgJDwKGhIbAbHimmnhluHh2tv25ZoAD",11570264027,"https://media.birdweather.com/soundscapes/6891/6891-20260508-181608.flac",0,3,"birdnetpi"
7571525997,6891,"2026-05-08T20:15:41.000+02:00",0.99,0.991870403289795,9.90743918514842,"almost_certain","2p4",NA,51.5671,6.0047,FALSE,25,"Common Chaffinch","Fringilla coelebs","#fb7eff","avian","https://media.birdweather.com/species/25/CommonChaffinch-standard-d8edb223d1ec828ee0cda788e8f5f209.jpg","https://media.birdweather.com/species/25/CommonChaffinch-thumbnail-7ba0a46bb0cd7efdb3215242f9528140.jpg","https://media.birdweather.com/species/25/CommonChaffinch-png200-ced617224ab07c316109e2d0e9078f2e.png","WfgJDwKGhIbAbHimmnhluHh2tv25ZoAD",11570255613,"https://media.birdweather.com/soundscapes/6891/6891-20260508-181541.flac",0,3,"birdnetpi"
7571514206,6891,"2026-05-08T20:15:23.000+02:00",0.99,0.991870403289795,9.90743918514842,"almost_certain","2p4",NA,51.5687,6.0043,FALSE,25,"Common Chaffinch","Fringilla coelebs","#fb7eff","avian","https://media.birdweather.com/species/25/CommonChaffinch-standard-d8edb223d1ec828ee0cda788e8f5f209.jpg","https://media.birdweather.com/species/25/CommonChaffinch-thumbnail-7ba0a46bb0cd7efdb3215242f9528140.jpg","https://media.birdweather.com/species/25/CommonChaffinch-png200-ced617224ab07c316109e2d0e9078f2e.png","WfgJDwKGhIbAbHimmnhluHh2tv25ZoAD",11570242994,"https://media.birdweather.com/soundscapes/6891/6891-20260508-181523.flac",0,3,"birdnetpi"
7571502994,6891,"2026-05-08T20:14:51.000+02:00",0.99,0.991870403289795,9.90743918514842,"almost_certain","2p4",NA,51.5651,6.0093,FALSE,25,"Common Chaffinch","Fringilla coelebs","#fb7eff","avian","https://media.birdweather.com/species/25/CommonChaffinch-standard-d8edb223d1ec828ee0cda788e8f5f209.jpg","https://media.birdweather.com/species/25/CommonChaffinch-thumbnail-7ba0a46bb0cd7efdb3215242f9528140.jpg","https://media.birdweather.com/species/25/CommonChaffinch-png200-ced617224ab07c316109e2d0e9078f2e.png","WfgJDwKGhIbAbHimmnhluHh2tv25ZoAD",11570231351,"https://media.birdweather.com/soundscapes/6891/6891-20260508-181451.flac",0,3,"birdnetpi"
7571493196,6891,"2026-05-08T20:14:30.000+02:00",0.83,0.991870403289795,9.54601319541658,"almost_certain","2p4",NA,51.5657,6.0047,FALSE,25,"Common Chaffinch","Fringilla coelebs","#fb7eff","avian","https://media.birdweather.com/species/25/CommonChaffinch-standard-d8edb223d1ec828ee0cda788e8f5f209.jpg","https://media.birdweather.com/species/25/CommonChaffinch-thumbnail-7ba0a46bb0cd7efdb3215242f9528140.jpg","https://media.birdweather.com/species/25/CommonChaffinch-png200-ced617224ab07c316109e2d0e9078f2e.png","WfgJDwKGhIbAbHimmnhluHh2tv25ZoAD",11570220938,"https://media.birdweather.com/soundscapes/6891/6891-20260508-181430.flac",0,3,"birdnetpi"
7571486006,6891,"2026-05-08T20:14:20.000+02:00",0.99,0.991870403289795,9.90743918514842,"almost_certain","2p4",NA,51.5663,6.0049,FALSE,25,"Common Chaffinch","Fringilla coelebs","#fb7eff","avian","https://media.birdweather.com/species/25/CommonChaffinch-standard-d8edb223d1ec828ee0cda788e8f5f209.jpg","https://media.birdweather.com/species/25/CommonChaffinch-thumbnail-7ba0a46bb0cd7efdb3215242f9528140.jpg","https://media.birdweather.com/species/25/CommonChaffinch-png200-ced617224ab07c316109e2d0e9078f2e.png","WfgJDwKGhIbAbHimmnhluHh2tv25ZoAD",11570213492,"https://media.birdweather.com/soundscapes/6891/6891-20260508-181420.flac",0,3,"birdnetpi"
7571483390,6891,"2026-05-08T20:14:08.000+02:00",0.85,0.997795641422272,9.60483829354061,"almost_certain","2p4",NA,51.5645,6.006,FALSE,407,"Common Wood-Pigeon","Columba palumbus","#028fb2","avian","https://media.birdweather.com/species/407/CommonWood-Pigeon-standard-5558900260c92622ceef8a812b06518e.jpg","https://media.birdweather.com/species/407/CommonWood-Pigeon-thumbnail-4b86c907c8b82c8af31d566b811dee05.jpg","https://media.birdweather.com/species/407/CommonWood-Pigeon-png200-533b13201573be3895fcec3e61e861b5.png","2ukFHwIHiYeWxnZUiniYZ3h5h6+rCIQH",11570210643,"https://media.birdweather.com/soundscapes/6891/6891-20260508-181408.flac",0,3,"birdnetpi"
7571478680,6891,"2026-05-08T20:13:57.000+02:00",0.93,0.931612968444824,9.6978272879376,"almost_certain","2p4",NA,51.5697,6.0047,FALSE,66,"Eurasian Blue Tit","Cyanistes caeruleus","#4b8900","avian","https://media.birdweather.com/species/66/EurasianBlueTit-standard-4ec8e45d78b2908d0f41ae495ae07571.jpg","https://media.birdweather.com/species/66/EurasianBlueTit-thumbnail-4d9abc54a3abc3fb12e78e603cbe6784.jpg","https://media.birdweather.com/species/66/EurasianBlueTit-png200-49adab92304ba7a74e93ac43e38e62d3.png","EfgJBwAKhHiEm2ZheGllqXeZhi/ze3EP",11570205948,"https://media.birdweather.com/soundscapes/6891/6891-20260508-181357.flac",0,3,"birdnetpi"
7571477080,6891,"2026-05-08T20:13:54.000+02:00",0.99,0.991870403289795,9.90743918514842,"almost_certain","2p4",NA,51.5626,6.0043,FALSE,25,"Common Chaffinch","Fringilla coelebs","#fb7eff","avian","https://media.birdweather.com/species/25/CommonChaffinch-standard-d8edb223d1ec828ee0cda788e8f5f209.jpg","https://media.birdweather.com/species/25/CommonChaffinch-thumbnail-7ba0a46bb0cd7efdb3215242f9528140.jpg","https://media.birdweather.com/species/25/CommonChaffinch-png200-ced617224ab07c316109e2d0e9078f2e.png","WfgJDwKGhIbAbHimmnhluHh2tv25ZoAD",11570204160,"https://media.birdweather.com/soundscapes/6891/6891-20260508-181354.flac",0,3,"birdnetpi"
7571465304,6891,"2026-05-08T20:13:25.000+02:00",0.93,0.991870403289795,9.78280784900657,"almost_certain","2p4",NA,51.5626,6.0032,FALSE,25,"Common Chaffinch","Fringilla coelebs","#fb7eff","avian","https://media.birdweather.com/species/25/CommonChaffinch-standard-d8edb223d1ec828ee0cda788e8f5f209.jpg","https://media.birdweather.com/species/25/CommonChaffinch-thumbnail-7ba0a46bb0cd7efdb3215242f9528140.jpg","https://media.birdweather.com/species/25/CommonChaffinch-png200-ced617224ab07c316109e2d0e9078f2e.png","WfgJDwKGhIbAbHimmnhluHh2tv25ZoAD",11570191580,"https://media.birdweather.com/soundscapes/6891/6891-20260508-181325.flac",0,3,"birdnetpi"
7571455185,6891,"2026-05-08T20:13:10.000+02:00",0.99,0.991870403289795,9.90743918514842,"almost_certain","2p4",NA,51.562,6.002,FALSE,25,"Common Chaffinch","Fringilla coelebs","#fb7eff","avian","https://media.birdweather.com/species/25/CommonChaffinch-standard-d8edb223d1ec828ee0cda788e8f5f209.jpg","https://media.birdweather.com/species/25/CommonChaffinch-thumbnail-7ba0a46bb0cd7efdb3215242f9528140.jpg","https://media.birdweather.com/species/25/CommonChaffinch-png200-ced617224ab07c316109e2d0e9078f2e.png","WfgJDwKGhIbAbHimmnhluHh2tv25ZoAD",11570181245,"https://media.birdweather.com/soundscapes/6891/6891-20260508-181310.flac",0,3,"birdnetpi"
7571442084,6891,"2026-05-08T20:12:43.000+02:00",0.96,0.991870403289795,9.84654027042637,"almost_certain","2p4",NA,51.563,6.0038,FALSE,25,"Common Chaffinch","Fringilla coelebs","#fb7eff","avian","https://media.birdweather.com/species/25/CommonChaffinch-standard-d8edb223d1ec828ee0cda788e8f5f209.jpg","https://media.birdweather.com/species/25/CommonChaffinch-thumbnail-7ba0a46bb0cd7efdb3215242f9528140.jpg","https://media.birdweather.com/species/25/CommonChaffinch-png200-ced617224ab07c316109e2d0e9078f2e.png","WfgJDwKGhIbAbHimmnhluHh2tv25ZoAD",11570167703,"https://media.birdweather.com/soundscapes/6891/6891-20260508-181243.flac",0,3,"birdnetpi"
7571431772,6891,"2026-05-08T20:12:11.000+02:00",0.9,0.991870403289795,9.71596532409445,"almost_certain","2p4",NA,51.5618,6.0006,FALSE,25,"Common Chaffinch","Fringilla coelebs","#fb7eff","avian","https://media.birdweather.com/species/25/CommonChaffinch-standard-d8edb223d1ec828ee0cda788e8f5f209.jpg","https://media.birdweather.com/species/25/CommonChaffinch-thumbnail-7ba0a46bb0cd7efdb3215242f9528140.jpg","https://media.birdweather.com/species/25/CommonChaffinch-png200-ced617224ab07c316109e2d0e9078f2e.png","WfgJDwKGhIbAbHimmnhluHh2tv25ZoAD",11570156781,"https://media.birdweather.com/soundscapes/6891/6891-20260508-181211.flac",0,3,"birdnetpi"
7571420927,6891,"2026-05-08T20:11:46.000+02:00",1,0.991870403289795,9.92715175545779,"almost_certain","2p4",NA,51.5648,6.0092,FALSE,25,"Common Chaffinch","Fringilla coelebs","#fb7eff","avian","https://media.birdweather.com/species/25/CommonChaffinch-standard-d8edb223d1ec828ee0cda788e8f5f209.jpg","https://media.birdweather.com/species/25/CommonChaffinch-thumbnail-7ba0a46bb0cd7efdb3215242f9528140.jpg","https://media.birdweather.com/species/25/CommonChaffinch-png200-ced617224ab07c316109e2d0e9078f2e.png","WfgJDwKGhIbAbHimmnhluHh2tv25ZoAD",11570145604,"https://media.birdweather.com/soundscapes/6891/6891-20260508-181146.flac",0,3,"birdnetpi"
7571410354,6891,"2026-05-08T20:11:31.000+02:00",1,0.991870403289795,9.92715175545779,"almost_certain","2p4",NA,51.564,6.0079,FALSE,25,"Common Chaffinch","Fringilla coelebs","#fb7eff","avian","https://media.birdweather.com/species/25/CommonChaffinch-standard-d8edb223d1ec828ee0cda788e8f5f209.jpg","https://media.birdweather.com/species/25/CommonChaffinch-thumbnail-7ba0a46bb0cd7efdb3215242f9528140.jpg","https://media.birdweather.com/species/25/CommonChaffinch-png200-ced617224ab07c316109e2d0e9078f2e.png","WfgJDwKGhIbAbHimmnhluHh2tv25ZoAD",11570134552,"https://media.birdweather.com/soundscapes/6891/6891-20260508-181131.flac",0,3,"birdnetpi"
7571403215,6891,"2026-05-08T20:11:14.000+02:00",0.99,0.991870403289795,9.90743918514842,"almost_certain","2p4",NA,51.5631,6.0028,FALSE,25,"Common Chaffinch","Fringilla coelebs","#fb7eff","avian","https://media.birdweather.com/species/25/CommonChaffinch-standard-d8edb223d1ec828ee0cda788e8f5f209.jpg","https://media.birdweather.com/species/25/CommonChaffinch-thumbnail-7ba0a46bb0cd7efdb3215242f9528140.jpg","https://media.birdweather.com/species/25/CommonChaffinch-png200-ced617224ab07c316109e2d0e9078f2e.png","WfgJDwKGhIbAbHimmnhluHh2tv25ZoAD",11570127036,"https://media.birdweather.com/soundscapes/6891/6891-20260508-181114.flac",0,3,"birdnetpi"
7571391960,6891,"2026-05-08T20:10:50.000+02:00",0.99,0.991870403289795,9.90743918514842,"almost_certain","2p4",NA,51.5688,6.0012,FALSE,25,"Common Chaffinch","Fringilla coelebs","#fb7eff","avian","https://media.birdweather.com/species/25/CommonChaffinch-standard-d8edb223d1ec828ee0cda788e8f5f209.jpg","https://media.birdweather.com/species/25/CommonChaffinch-thumbnail-7ba0a46bb0cd7efdb3215242f9528140.jpg","https://media.birdweather.com/species/25/CommonChaffinch-png200-ced617224ab07c316109e2d0e9078f2e.png","WfgJDwKGhIbAbHimmnhluHh2tv25ZoAD",11570115211,"https://media.birdweather.com/soundscapes/6891/6891-20260508-181050.flac",0,3,"birdnetpi"
7571379627,6891,"2026-05-08T20:10:21.000+02:00",0.97,0.991870403289795,9.86714216241579,"almost_certain","2p4",NA,51.565,6.0082,FALSE,25,"Common Chaffinch","Fringilla coelebs","#fb7eff","avian","https://media.birdweather.com/species/25/CommonChaffinch-standard-d8edb223d1ec828ee0cda788e8f5f209.jpg","https://media.birdweather.com/species/25/CommonChaffinch-thumbnail-7ba0a46bb0cd7efdb3215242f9528140.jpg","https://media.birdweather.com/species/25/CommonChaffinch-png200-ced617224ab07c316109e2d0e9078f2e.png","WfgJDwKGhIbAbHimmnhluHh2tv25ZoAD",11570102517,"https://media.birdweather.com/soundscapes/6891/6891-20260508-181021.flac",0,3,"birdnetpi"
7571353309,6891,"2026-05-08T20:09:18.000+02:00",0.88,0.556647181510925,8.88877489865802,"almost_certain","2p4",NA,51.5649,6.0047,FALSE,294,"European Greenfinch","Chloris chloris","#fea614","avian","https://media.birdweather.com/species/294/EuropeanGreenfinch-standard-34aa36357c06fbf52af390917f29436b.jpg","https://media.birdweather.com/species/294/EuropeanGreenfinch-thumbnail-7466d93ab9340d75d4eec2ca6eeed529.jpg","https://media.birdweather.com/species/294/EuropeanGreenfinch-png200-8b2951bb918db1cbed643a9530efa558.png","FRkGHwJYqWeEd4ifapeoh4ZriPUnaG8B",11570074891,"https://media.birdweather.com/soundscapes/6891/6891-20260508-180918.flac",0,3,"birdnetpi"
7571277157,6891,"2026-05-08T20:06:26.000+02:00",0.78,0.622888922691345,8.78097792046381,"almost_certain","2p4",NA,51.5645,6.0036,FALSE,76,"Eurasian Jackdaw","Corvus monedula","#f36f1b","avian","https://media.birdweather.com/species/76/EurasianJackdaw-standard-55cbd4006f743c538a3264a1fb86d41c.jpg","https://media.birdweather.com/species/76/EurasianJackdaw-thumbnail-80ecf23afe76ea22483b4f8043e19339.jpg","https://media.birdweather.com/species/76/EurasianJackdaw-png200-862dbf9b3725619bb5532ba255c32118.png","4AgKDwL2i2d1homOY0modph5OL/1qHAJ",11569995161,"https://media.birdweather.com/soundscapes/6891/6891-20260508-180626.flac",0,3,"birdnetpi"
7571264795,6891,"2026-05-08T20:06:08.000+02:00",0.97,0.622888922691345,9.23786142408562,"almost_certain","2p4",NA,51.5651,6.0062,FALSE,76,"Eurasian Jackdaw","Corvus monedula","#f36f1b","avian","https://media.birdweather.com/species/76/EurasianJackdaw-standard-55cbd4006f743c538a3264a1fb86d41c.jpg","https://media.birdweather.com/species/76/EurasianJackdaw-thumbnail-80ecf23afe76ea22483b4f8043e19339.jpg","https://media.birdweather.com/species/76/EurasianJackdaw-png200-862dbf9b3725619bb5532ba255c32118.png","4AgKDwL2i2d1homOY0modph5OL/1qHAJ",11569982527,"https://media.birdweather.com/soundscapes/6891/6891-20260508-180608.flac",0,3,"birdnetpi"
7571223642,6891,"2026-05-08T20:04:28.000+02:00",0.79,0.931612968444824,9.35352652119276,"almost_certain","2p4",NA,51.5684,6.0014,FALSE,66,"Eurasian Blue Tit","Cyanistes caeruleus","#4b8900","avian","https://media.birdweather.com/species/66/EurasianBlueTit-standard-4ec8e45d78b2908d0f41ae495ae07571.jpg","https://media.birdweather.com/species/66/EurasianBlueTit-thumbnail-4d9abc54a3abc3fb12e78e603cbe6784.jpg","https://media.birdweather.com/species/66/EurasianBlueTit-png200-49adab92304ba7a74e93ac43e38e62d3.png","EfgJBwAKhHiEm2ZheGllqXeZhi/ze3EP",11569939978,"https://media.birdweather.com/soundscapes/6891/6891-20260508-180428.flac",0,3,"birdnetpi"
7571209674,6891,"2026-05-08T20:04:03.000+02:00",0.9,0.931612968444824,9.63098476302548,"almost_certain","2p4",NA,51.5695,6.005,FALSE,66,"Eurasian Blue Tit","Cyanistes caeruleus","#4b8900","avian","https://media.birdweather.com/species/66/EurasianBlueTit-standard-4ec8e45d78b2908d0f41ae495ae07571.jpg","https://media.birdweather.com/species/66/EurasianBlueTit-thumbnail-4d9abc54a3abc3fb12e78e603cbe6784.jpg","https://media.birdweather.com/species/66/EurasianBlueTit-png200-49adab92304ba7a74e93ac43e38e62d3.png","EfgJBwAKhHiEm2ZheGllqXeZhi/ze3EP",11569925801,"https://media.birdweather.com/soundscapes/6891/6891-20260508-180403.flac",0,3,"birdnetpi"
7571197603,6891,"2026-05-08T20:03:34.000+02:00",0.91,0.931612968444824,9.65362990669863,"almost_certain","2p4",NA,51.5645,6.0072,FALSE,66,"Eurasian Blue Tit","Cyanistes caeruleus","#4b8900","avian","https://media.birdweather.com/species/66/EurasianBlueTit-standard-4ec8e45d78b2908d0f41ae495ae07571.jpg","https://media.birdweather.com/species/66/EurasianBlueTit-thumbnail-4d9abc54a3abc3fb12e78e603cbe6784.jpg","https://media.birdweather.com/species/66/EurasianBlueTit-png200-49adab92304ba7a74e93ac43e38e62d3.png","EfgJBwAKhHiEm2ZheGllqXeZhi/ze3EP",11569913185,"https://media.birdweather.com/soundscapes/6891/6891-20260508-180334.flac",0,3,"birdnetpi"
7571181243,6891,"2026-05-08T20:02:56.000+02:00",0.78,0.931612968444824,9.32527809772501,"almost_certain","2p4",NA,51.5704,6.002,FALSE,66,"Eurasian Blue Tit","Cyanistes caeruleus","#4b8900","avian","https://media.birdweather.com/species/66/EurasianBlueTit-standard-4ec8e45d78b2908d0f41ae495ae07571.jpg","https://media.birdweather.com/species/66/EurasianBlueTit-thumbnail-4d9abc54a3abc3fb12e78e603cbe6784.jpg","https://media.birdweather.com/species/66/EurasianBlueTit-png200-49adab92304ba7a74e93ac43e38e62d3.png","EfgJBwAKhHiEm2ZheGllqXeZhi/ze3EP",11569896642,"https://media.birdweather.com/soundscapes/6891/6891-20260508-180256.flac",0,3,"birdnetpi"
7571170120,6891,"2026-05-08T20:02:40.000+02:00",0.77,0.931612968444824,9.29643492712398,"almost_certain","2p4",NA,51.5673,6.0057,FALSE,66,"Eurasian Blue Tit","Cyanistes caeruleus","#4b8900","avian","https://media.birdweather.com/species/66/EurasianBlueTit-standard-4ec8e45d78b2908d0f41ae495ae07571.jpg","https://media.birdweather.com/species/66/EurasianBlueTit-thumbnail-4d9abc54a3abc3fb12e78e603cbe6784.jpg","https://media.birdweather.com/species/66/EurasianBlueTit-png200-49adab92304ba7a74e93ac43e38e62d3.png","EfgJBwAKhHiEm2ZheGllqXeZhi/ze3EP",11569884903,"https://media.birdweather.com/soundscapes/6891/6891-20260508-180240.flac",0,3,"birdnetpi"
7571167839,6891,"2026-05-08T20:02:28.000+02:00",0.89,0.933696985244751,9.61098780115637,"almost_certain","2p4",NA,51.5688,6.0019,FALSE,53,"European Starling","Sturnus vulgaris","#96038f","avian","https://media.birdweather.com/species/53/EuropeanStarling-standard-ff3a9beb497795d3bd4205bd86cf1652.jpg","https://media.birdweather.com/species/53/EuropeanStarling-thumbnail-974e70e3ea84a4be254312c2dfe527d5.jpg","https://media.birdweather.com/species/53/EuropeanStarling-png200-c81072eef7cc54f4bd51dcb88ed45765.png","FQgGBwD4dnmbZHhapUenmGh16HWAvzoO",11569882522,"https://media.birdweather.com/soundscapes/6891/6891-20260508-180228.flac",0,3,"birdnetpi"
7571157886,6891,"2026-05-08T20:02:04.000+02:00",0.86,0.931612968444824,9.53646452908835,"almost_certain","2p4",NA,51.5659,6.002,FALSE,66,"Eurasian Blue Tit","Cyanistes caeruleus","#4b8900","avian","https://media.birdweather.com/species/66/EurasianBlueTit-standard-4ec8e45d78b2908d0f41ae495ae07571.jpg","https://media.birdweather.com/species/66/EurasianBlueTit-thumbnail-4d9abc54a3abc3fb12e78e603cbe6784.jpg","https://media.birdweather.com/species/66/EurasianBlueTit-png200-49adab92304ba7a74e93ac43e38e62d3.png","EfgJBwAKhHiEm2ZheGllqXeZhi/ze3EP",11569872323,"https://media.birdweather.com/soundscapes/6891/6891-20260508-180204.flac",0,3,"birdnetpi"
7571077183,6891,"2026-05-08T19:59:10.000+02:00",0.83,0.622888922691345,8.91673245708641,"almost_certain","2p4",NA,51.5668,6.0016,FALSE,76,"Eurasian Jackdaw","Corvus monedula","#f36f1b","avian","https://media.birdweather.com/species/76/EurasianJackdaw-standard-55cbd4006f743c538a3264a1fb86d41c.jpg","https://media.birdweather.com/species/76/EurasianJackdaw-thumbnail-80ecf23afe76ea22483b4f8043e19339.jpg","https://media.birdweather.com/species/76/EurasianJackdaw-png200-862dbf9b3725619bb5532ba255c32118.png","4AgKDwL2i2d1homOY0modph5OL/1qHAJ",11569788875,"https://media.birdweather.com/soundscapes/6891/6891-20260508-175910.flac",0,3,"birdnetpi"
7570937634,6891,"2026-05-08T19:54:03.000+02:00",0.95,0.933696985244751,9.74367206276255,"almost_certain","2p4",NA,51.5662,6.0031,FALSE,53,"European Starling","Sturnus vulgaris","#96038f","avian","https://media.birdweather.com/species/53/EuropeanStarling-standard-ff3a9beb497795d3bd4205bd86cf1652.jpg","https://media.birdweather.com/species/53/EuropeanStarling-thumbnail-974e70e3ea84a4be254312c2dfe527d5.jpg","https://media.birdweather.com/species/53/EuropeanStarling-png200-c81072eef7cc54f4bd51dcb88ed45765.png","FQgGBwD4dnmbZHhapUenmGh16HWAvzoO",11569645220,"https://media.birdweather.com/soundscapes/6891/6891-20260508-175403.flac",0,3,"birdnetpi"
7570791119,6891,"2026-05-08T19:48:45.000+02:00",0.9,0.999183833599091,9.72592969353715,"almost_certain","2p4",NA,51.5693,6.0038,FALSE,35,"Eurasian Blackbird","Turdus merula","#ff65df","avian","https://media.birdweather.com/species/35/EurasianBlackbird-standard-618b3a5132c7c359fb2a2884c39deb39.jpg","https://media.birdweather.com/species/35/EurasianBlackbird-thumbnail-276878929bed08167d1fd9bf34d63d40.jpg","https://media.birdweather.com/species/35/EurasianBlackbird-png200-ba5a1b43225da4611cac429c52a52c81.png","GfkFFwKRmrx2ZYiaaQe69nlzScn3T7IA",11569494061,"https://media.birdweather.com/soundscapes/6891/6891-20260508-174845.flac",0,3,"birdnetpi"
7570784708,6891,"2026-05-08T19:48:34.000+02:00",0.93,0.961844444274902,9.74112124193144,"almost_certain","2p4",NA,51.5659,6.0048,FALSE,51,"Common Chiffchaff","Phylloscopus collybita","#234bb2","avian","https://media.birdweather.com/species/51/CommonChiffchaff-standard-51b65ae67159c1d7e6b40d2e5032b8bc.jpg","https://media.birdweather.com/species/51/CommonChiffchaff-thumbnail-db7cc6cc80c51cac95a6cceb51a0a66f.jpg","https://media.birdweather.com/species/51/CommonChiffchaff-png200-e06677bd5f83c96ea17aab076a5e64dd.png","HSkCDwJplXeiMFilxTzIyVZplYf32ZcA",11569487421,"https://media.birdweather.com/soundscapes/6891/6891-20260508-174834.flac",0,3,"birdnetpi"
7570783013,6891,"2026-05-08T19:48:23.000+02:00",0.99,0.672991514205933,9.38253533008261,"almost_certain","2p4",NA,51.567,6.0032,FALSE,44,"Dunnock","Prunella modularis","#fea614","avian","https://media.birdweather.com/species/44/Dunnock-standard-a705d7131240cedd1c407b5a19989591.jpg","https://media.birdweather.com/species/44/Dunnock-thumbnail-1036624855b82c96db4ad23d1ed9d702.jpg","https://media.birdweather.com/species/44/Dunnock-png200-951bb2cdb9ec585716907d8eac83882e.png","lQgGDwB9pneQhHlwWjeK2ZK6d/kdFaUA",11569485502,"https://media.birdweather.com/soundscapes/6891/6891-20260508-174823.flac",0,3,"birdnetpi"
7570777645,6891,"2026-05-08T19:48:10.000+02:00",0.82,0.999183833599091,9.52988153774943,"almost_certain","2p4",NA,51.5641,6.0087,FALSE,35,"Eurasian Blackbird","Turdus merula","#ff65df","avian","https://media.birdweather.com/species/35/EurasianBlackbird-standard-618b3a5132c7c359fb2a2884c39deb39.jpg","https://media.birdweather.com/species/35/EurasianBlackbird-thumbnail-276878929bed08167d1fd9bf34d63d40.jpg","https://media.birdweather.com/species/35/EurasianBlackbird-png200-ba5a1b43225da4611cac429c52a52c81.png","GfkFFwKRmrx2ZYiaaQe69nlzScn3T7IA",11569479907,"https://media.birdweather.com/soundscapes/6891/6891-20260508-174810.flac",0,3,"birdnetpi"
7570776373,6891,"2026-05-08T19:48:07.000+02:00",0.87,0.961844444274902,9.60400690370837,"almost_certain","2p4",NA,51.5682,6.0031,FALSE,51,"Common Chiffchaff","Phylloscopus collybita","#234bb2","avian","https://media.birdweather.com/species/51/CommonChiffchaff-standard-51b65ae67159c1d7e6b40d2e5032b8bc.jpg","https://media.birdweather.com/species/51/CommonChiffchaff-thumbnail-db7cc6cc80c51cac95a6cceb51a0a66f.jpg","https://media.birdweather.com/species/51/CommonChiffchaff-png200-e06677bd5f83c96ea17aab076a5e64dd.png","HSkCDwJplXeiMFilxTzIyVZplYf32ZcA",11569478595,"https://media.birdweather.com/soundscapes/6891/6891-20260508-174807.flac",0,3,"birdnetpi"
7570765604,6891,"2026-05-08T19:47:43.000+02:00",0.79,0.931612968444824,9.35352652119276,"almost_certain","2p4",NA,51.5636,6.0042,FALSE,66,"Eurasian Blue Tit","Cyanistes caeruleus","#4b8900","avian","https://media.birdweather.com/species/66/EurasianBlueTit-standard-4ec8e45d78b2908d0f41ae495ae07571.jpg","https://media.birdweather.com/species/66/EurasianBlueTit-thumbnail-4d9abc54a3abc3fb12e78e603cbe6784.jpg","https://media.birdweather.com/species/66/EurasianBlueTit-png200-49adab92304ba7a74e93ac43e38e62d3.png","EfgJBwAKhHiEm2ZheGllqXeZhi/ze3EP",11569467337,"https://media.birdweather.com/soundscapes/6891/6891-20260508-174743.flac",0,3,"birdnetpi"
7570755148,6891,"2026-05-08T19:47:22.000+02:00",0.92,0.839938700199127,9.53557758445046,"almost_certain","2p4",NA,51.5646,6.0016,FALSE,1,"House Sparrow","Passer domesticus","#d16ff8","avian","https://media.birdweather.com/species/1/HouseSparrow-standard-b861184cf45c092cdb45fd689dd676ef.jpg","https://media.birdweather.com/species/1/HouseSparrow-thumbnail-e9cbc91763a1579de8ef04880678b5e3.jpg","https://media.birdweather.com/species/1/HouseSparrow-png200-125e8603e1efe9d7a18316b94f06a65e.png","XAgCDwD8qpukuHiqtLZ9mImnmPFcDO4E",11569456412,"https://media.birdweather.com/soundscapes/6891/6891-20260508-174722.flac",0,3,"birdnetpi"
7570751414,6891,"2026-05-08T19:47:19.000+02:00",0.73,0.999183833599091,9.26952180179305,"almost_certain","2p4",NA,51.5673,6.0017,FALSE,35,"Eurasian Blackbird","Turdus merula","#ff65df","avian","https://media.birdweather.com/species/35/EurasianBlackbird-standard-618b3a5132c7c359fb2a2884c39deb39.jpg","https://media.birdweather.com/species/35/EurasianBlackbird-thumbnail-276878929bed08167d1fd9bf34d63d40.jpg","https://media.birdweather.com/species/35/EurasianBlackbird-png200-ba5a1b43225da4611cac429c52a52c81.png","GfkFFwKRmrx2ZYiaaQe69nlzScn3T7IA",11569452619,"https://media.birdweather.com/soundscapes/6891/6891-20260508-174719.flac",0,3,"birdnetpi"
7570725509,6891,"2026-05-08T19:46:15.000+02:00",0.84,0.999183833599091,9.58158578708593,"almost_certain","2p4",NA,51.5667,6.0019,FALSE,35,"Eurasian Blackbird","Turdus merula","#ff65df","avian","https://media.birdweather.com/species/35/EurasianBlackbird-standard-618b3a5132c7c359fb2a2884c39deb39.jpg","https://media.birdweather.com/species/35/EurasianBlackbird-thumbnail-276878929bed08167d1fd9bf34d63d40.jpg","https://media.birdweather.com/species/35/EurasianBlackbird-png200-ba5a1b43225da4611cac429c52a52c81.png","GfkFFwKRmrx2ZYiaaQe69nlzScn3T7IA",11569425896,"https://media.birdweather.com/soundscapes/6891/6891-20260508-174615.flac",0,3,"birdnetpi"
7570713103,6891,"2026-05-08T19:45:54.000+02:00",0.8,0.999183833599091,9.47614916072943,"almost_certain","2p4",NA,51.5668,6.0057,FALSE,35,"Eurasian Blackbird","Turdus merula","#ff65df","avian","https://media.birdweather.com/species/35/EurasianBlackbird-standard-618b3a5132c7c359fb2a2884c39deb39.jpg","https://media.birdweather.com/species/35/EurasianBlackbird-thumbnail-276878929bed08167d1fd9bf34d63d40.jpg","https://media.birdweather.com/species/35/EurasianBlackbird-png200-ba5a1b43225da4611cac429c52a52c81.png","GfkFFwKRmrx2ZYiaaQe69nlzScn3T7IA",11569413195,"https://media.birdweather.com/soundscapes/6891/6891-20260508-174554.flac",0,3,"birdnetpi"
7570701325,6891,"2026-05-08T19:45:24.000+02:00",0.93,0.999183833599091,9.79277221844927,"almost_certain","2p4",NA,51.5699,6.0083,FALSE,35,"Eurasian Blackbird","Turdus merula","#ff65df","avian","https://media.birdweather.com/species/35/EurasianBlackbird-standard-618b3a5132c7c359fb2a2884c39deb39.jpg","https://media.birdweather.com/species/35/EurasianBlackbird-thumbnail-276878929bed08167d1fd9bf34d63d40.jpg","https://media.birdweather.com/species/35/EurasianBlackbird-png200-ba5a1b43225da4611cac429c52a52c81.png","GfkFFwKRmrx2ZYiaaQe69nlzScn3T7IA",11569400972,"https://media.birdweather.com/soundscapes/6891/6891-20260508-174524.flac",0,3,"birdnetpi"
7570683661,6891,"2026-05-08T19:44:43.000+02:00",0.84,0.999183833599091,9.58158578708593,"almost_certain","2p4",NA,51.5632,6.002,FALSE,35,"Eurasian Blackbird","Turdus merula","#ff65df","avian","https://media.birdweather.com/species/35/EurasianBlackbird-standard-618b3a5132c7c359fb2a2884c39deb39.jpg","https://media.birdweather.com/species/35/EurasianBlackbird-thumbnail-276878929bed08167d1fd9bf34d63d40.jpg","https://media.birdweather.com/species/35/EurasianBlackbird-png200-ba5a1b43225da4611cac429c52a52c81.png","GfkFFwKRmrx2ZYiaaQe69nlzScn3T7IA",11569382635,"https://media.birdweather.com/soundscapes/6891/6891-20260508-174443.flac",0,3,"birdnetpi"
7570674062,6891,"2026-05-08T19:44:24.000+02:00",0.75,0.839938700199127,9.09653108792403,"almost_certain","2p4",NA,51.5664,6.0075,FALSE,1,"House Sparrow","Passer domesticus","#d16ff8","avian","https://media.birdweather.com/species/1/HouseSparrow-standard-b861184cf45c092cdb45fd689dd676ef.jpg","https://media.birdweather.com/species/1/HouseSparrow-thumbnail-e9cbc91763a1579de8ef04880678b5e3.jpg","https://media.birdweather.com/species/1/HouseSparrow-png200-125e8603e1efe9d7a18316b94f06a65e.png","XAgCDwD8qpukuHiqtLZ9mImnmPFcDO4E",11569372895,"https://media.birdweather.com/soundscapes/6891/6891-20260508-174424.flac",0,3,"birdnetpi"
7570653607,6891,"2026-05-08T19:43:40.000+02:00",0.93,0.999183833599091,9.79277221844927,"almost_certain","2p4",NA,51.5643,6.0014,FALSE,35,"Eurasian Blackbird","Turdus merula","#ff65df","avian","https://media.birdweather.com/species/35/EurasianBlackbird-standard-618b3a5132c7c359fb2a2884c39deb39.jpg","https://media.birdweather.com/species/35/EurasianBlackbird-thumbnail-276878929bed08167d1fd9bf34d63d40.jpg","https://media.birdweather.com/species/35/EurasianBlackbird-png200-ba5a1b43225da4611cac429c52a52c81.png","GfkFFwKRmrx2ZYiaaQe69nlzScn3T7IA",11569352161,"https://media.birdweather.com/soundscapes/6891/6891-20260508-174340.flac",0,3,"birdnetpi"
7570632062,6891,"2026-05-08T19:43:01.000+02:00",0.93,0.999183833599091,9.79277221844927,"almost_certain","2p4",NA,51.5655,6.0074,FALSE,35,"Eurasian Blackbird","Turdus merula","#ff65df","avian","https://media.birdweather.com/species/35/EurasianBlackbird-standard-618b3a5132c7c359fb2a2884c39deb39.jpg","https://media.birdweather.com/species/35/EurasianBlackbird-thumbnail-276878929bed08167d1fd9bf34d63d40.jpg","https://media.birdweather.com/species/35/EurasianBlackbird-png200-ba5a1b43225da4611cac429c52a52c81.png","GfkFFwKRmrx2ZYiaaQe69nlzScn3T7IA",11569330225,"https://media.birdweather.com/soundscapes/6891/6891-20260508-174301.flac",0,3,"birdnetpi"
7570615886,6891,"2026-05-08T19:42:17.000+02:00",0.78,0.419734984636307,8.2506149918342,"almost_certain","2p4",NA,51.5696,6.0011,FALSE,119,"Common House-Martin","Delichon urbicum","#53b1ff","avian","https://media.birdweather.com/species/119/CommonHouse-Martin-standard-9ffbcc688c51210fb136a162c84d82ad.jpg","https://media.birdweather.com/species/119/CommonHouse-Martin-thumbnail-dd7059ca6235347c3097e7a66f04df95.jpg","https://media.birdweather.com/species/119/CommonHouse-Martin-png200-a73a8953ce2af50676da81e70b2746b2.png","YhgKDwKJd4iIiHd/h5h5d4mIeQqVllAH",11569313382,"https://media.birdweather.com/soundscapes/6891/6891-20260508-174217.flac",0,3,"birdnetpi"
7570584599,6891,"2026-05-08T19:41:06.000+02:00",0.88,0.999183833599091,9.67948456774147,"almost_certain","2p4",NA,51.5635,6.0046,FALSE,35,"Eurasian Blackbird","Turdus merula","#ff65df","avian","https://media.birdweather.com/species/35/EurasianBlackbird-standard-618b3a5132c7c359fb2a2884c39deb39.jpg","https://media.birdweather.com/species/35/EurasianBlackbird-thumbnail-276878929bed08167d1fd9bf34d63d40.jpg","https://media.birdweather.com/species/35/EurasianBlackbird-png200-ba5a1b43225da4611cac429c52a52c81.png","GfkFFwKRmrx2ZYiaaQe69nlzScn3T7IA",11569280942,"https://media.birdweather.com/soundscapes/6891/6891-20260508-174106.flac",0,3,"birdnetpi"
7570576338,6891,"2026-05-08T19:40:57.000+02:00",0.91,0.999183833599091,9.74857483721031,"almost_certain","2p4",NA,51.5699,6.0081,FALSE,35,"Eurasian Blackbird","Turdus merula","#ff65df","avian","https://media.birdweather.com/species/35/EurasianBlackbird-standard-618b3a5132c7c359fb2a2884c39deb39.jpg","https://media.birdweather.com/species/35/EurasianBlackbird-thumbnail-276878929bed08167d1fd9bf34d63d40.jpg","https://media.birdweather.com/species/35/EurasianBlackbird-png200-ba5a1b43225da4611cac429c52a52c81.png","GfkFFwKRmrx2ZYiaaQe69nlzScn3T7IA",11569272360,"https://media.birdweather.com/soundscapes/6891/6891-20260508-174057.flac",0,3,"birdnetpi"
7570569668,6891,"2026-05-08T19:40:42.000+02:00",0.98,0.999183833599091,9.89740319938414,"almost_certain","2p4",NA,51.5654,6.0039,FALSE,35,"Eurasian Blackbird","Turdus merula","#ff65df","avian","https://media.birdweather.com/species/35/EurasianBlackbird-standard-618b3a5132c7c359fb2a2884c39deb39.jpg","https://media.birdweather.com/species/35/EurasianBlackbird-thumbnail-276878929bed08167d1fd9bf34d63d40.jpg","https://media.birdweather.com/species/35/EurasianBlackbird-png200-ba5a1b43225da4611cac429c52a52c81.png","GfkFFwKRmrx2ZYiaaQe69nlzScn3T7IA",11569265312,"https://media.birdweather.com/soundscapes/6891/6891-20260508-174042.flac",0,3,"birdnetpi"
7570558324,6891,"2026-05-08T19:40:16.000+02:00",0.8,0.999183833599091,9.47614916072943,"almost_certain","2p4",NA,51.5631,6.0082,FALSE,35,"Eurasian Blackbird","Turdus merula","#ff65df","avian","https://media.birdweather.com/species/35/EurasianBlackbird-standard-618b3a5132c7c359fb2a2884c39deb39.jpg","https://media.birdweather.com/species/35/EurasianBlackbird-thumbnail-276878929bed08167d1fd9bf34d63d40.jpg","https://media.birdweather.com/species/35/EurasianBlackbird-png200-ba5a1b43225da4611cac429c52a52c81.png","GfkFFwKRmrx2ZYiaaQe69nlzScn3T7IA",11569253150,"https://media.birdweather.com/soundscapes/6891/6891-20260508-174016.flac",0,3,"birdnetpi"
7570546134,6891,"2026-05-08T19:39:48.000+02:00",0.88,0.999183833599091,9.67948456774147,"almost_certain","2p4",NA,51.5624,6.0019,FALSE,35,"Eurasian Blackbird","Turdus merula","#ff65df","avian","https://media.birdweather.com/species/35/EurasianBlackbird-standard-618b3a5132c7c359fb2a2884c39deb39.jpg","https://media.birdweather.com/species/35/EurasianBlackbird-thumbnail-276878929bed08167d1fd9bf34d63d40.jpg","https://media.birdweather.com/species/35/EurasianBlackbird-png200-ba5a1b43225da4611cac429c52a52c81.png","GfkFFwKRmrx2ZYiaaQe69nlzScn3T7IA",11569240544,"https://media.birdweather.com/soundscapes/6891/6891-20260508-173948.flac",0,3,"birdnetpi"
7570535175,6891,"2026-05-08T19:39:16.000+02:00",0.88,0.999183833599091,9.67948456774147,"almost_certain","2p4",NA,51.5686,6.002,FALSE,35,"Eurasian Blackbird","Turdus merula","#ff65df","avian","https://media.birdweather.com/species/35/EurasianBlackbird-standard-618b3a5132c7c359fb2a2884c39deb39.jpg","https://media.birdweather.com/species/35/EurasianBlackbird-thumbnail-276878929bed08167d1fd9bf34d63d40.jpg","https://media.birdweather.com/species/35/EurasianBlackbird-png200-ba5a1b43225da4611cac429c52a52c81.png","GfkFFwKRmrx2ZYiaaQe69nlzScn3T7IA",11569229389,"https://media.birdweather.com/soundscapes/6891/6891-20260508-173916.flac",0,3,"birdnetpi"
7570521746,6891,"2026-05-08T19:38:47.000+02:00",0.8,0.999183833599091,9.47614916072943,"almost_certain","2p4",NA,51.563,6.0087,FALSE,35,"Eurasian Blackbird","Turdus merula","#ff65df","avian","https://media.birdweather.com/species/35/EurasianBlackbird-standard-618b3a5132c7c359fb2a2884c39deb39.jpg","https://media.birdweather.com/species/35/EurasianBlackbird-thumbnail-276878929bed08167d1fd9bf34d63d40.jpg","https://media.birdweather.com/species/35/EurasianBlackbird-png200-ba5a1b43225da4611cac429c52a52c81.png","GfkFFwKRmrx2ZYiaaQe69nlzScn3T7IA",11569215950,"https://media.birdweather.com/soundscapes/6891/6891-20260508-173847.flac",0,3,"birdnetpi"
7570506505,6891,"2026-05-08T19:38:17.000+02:00",0.98,0.148204311728477,7.3587796531944,"almost_certain","2p4",NA,51.5684,6.0034,FALSE,143,"Eurasian Oystercatcher","Haematopus ostralegus","#ca8600","avian","https://media.birdweather.com/species/143/EurasianOystercatcher-standard-de054f6108c9ec46b2430e18a3a05899.jpg","https://media.birdweather.com/species/143/EurasianOystercatcher-thumbnail-30dda908d192acf9a6ba366e2d58599a.jpg","https://media.birdweather.com/species/143/EurasianOystercatcher-png200-eaade4c821880831fc0130856cf4cad3.png","3vcRFwKHd4mAiHeCdth4eIeIhYD5CocK",11569200471,"https://media.birdweather.com/soundscapes/6891/6891-20260508-173817.flac",0,3,"birdnetpi"
7570502259,6891,"2026-05-08T19:38:10.000+02:00",0.96,0.419734984636307,8.68689660346659,"almost_certain","2p4",NA,51.5641,6.0071,FALSE,119,"Common House-Martin","Delichon urbicum","#53b1ff","avian","https://media.birdweather.com/species/119/CommonHouse-Martin-standard-9ffbcc688c51210fb136a162c84d82ad.jpg","https://media.birdweather.com/species/119/CommonHouse-Martin-thumbnail-dd7059ca6235347c3097e7a66f04df95.jpg","https://media.birdweather.com/species/119/CommonHouse-Martin-png200-a73a8953ce2af50676da81e70b2746b2.png","YhgKDwKJd4iIiHd/h5h5d4mIeQqVllAH",11569196192,"https://media.birdweather.com/soundscapes/6891/6891-20260508-173810.flac",0,3,"birdnetpi"
7570491640,6891,"2026-05-08T19:37:49.000+02:00",0.87,0.839938700199127,9.42038371387202,"almost_certain","2p4",NA,51.5638,6.0005,FALSE,1,"House Sparrow","Passer domesticus","#d16ff8","avian","https://media.birdweather.com/species/1/HouseSparrow-standard-b861184cf45c092cdb45fd689dd676ef.jpg","https://media.birdweather.com/species/1/HouseSparrow-thumbnail-e9cbc91763a1579de8ef04880678b5e3.jpg","https://media.birdweather.com/species/1/HouseSparrow-png200-125e8603e1efe9d7a18316b94f06a65e.png","XAgCDwD8qpukuHiqtLZ9mImnmPFcDO4E",11569185348,"https://media.birdweather.com/soundscapes/6891/6891-20260508-173749.flac",0,3,"birdnetpi"
7570480605,6891,"2026-05-08T19:37:18.000+02:00",0.79,0.839938700199127,9.21319728535025,"almost_certain","2p4",NA,51.5631,6.0005,FALSE,1,"House Sparrow","Passer domesticus","#d16ff8","avian","https://media.birdweather.com/species/1/HouseSparrow-standard-b861184cf45c092cdb45fd689dd676ef.jpg","https://media.birdweather.com/species/1/HouseSparrow-thumbnail-e9cbc91763a1579de8ef04880678b5e3.jpg","https://media.birdweather.com/species/1/HouseSparrow-png200-125e8603e1efe9d7a18316b94f06a65e.png","XAgCDwD8qpukuHiqtLZ9mImnmPFcDO4E",11569174045,"https://media.birdweather.com/soundscapes/6891/6891-20260508-173718.flac",0,3,"birdnetpi"
7570467739,6891,"2026-05-08T19:36:51.000+02:00",0.94,0.839938700199127,9.57907330114144,"almost_certain","2p4",NA,51.5692,6.005,FALSE,1,"House Sparrow","Passer domesticus","#d16ff8","avian","https://media.birdweather.com/species/1/HouseSparrow-standard-b861184cf45c092cdb45fd689dd676ef.jpg","https://media.birdweather.com/species/1/HouseSparrow-thumbnail-e9cbc91763a1579de8ef04880678b5e3.jpg","https://media.birdweather.com/species/1/HouseSparrow-png200-125e8603e1efe9d7a18316b94f06a65e.png","XAgCDwD8qpukuHiqtLZ9mImnmPFcDO4E",11569160867,"https://media.birdweather.com/soundscapes/6891/6891-20260508-173651.flac",0,3,"birdnetpi"
7570457372,6891,"2026-05-08T19:36:38.000+02:00",0.93,0.839938700199127,9.55749805209509,"almost_certain","2p4",NA,51.5623,6.0087,FALSE,1,"House Sparrow","Passer domesticus","#d16ff8","avian","https://media.birdweather.com/species/1/HouseSparrow-standard-b861184cf45c092cdb45fd689dd676ef.jpg","https://media.birdweather.com/species/1/HouseSparrow-thumbnail-e9cbc91763a1579de8ef04880678b5e3.jpg","https://media.birdweather.com/species/1/HouseSparrow-png200-125e8603e1efe9d7a18316b94f06a65e.png","XAgCDwD8qpukuHiqtLZ9mImnmPFcDO4E",11569150061,"https://media.birdweather.com/soundscapes/6891/6891-20260508-173638.flac",0,3,"birdnetpi"
7570448289,6891,"2026-05-08T19:36:12.000+02:00",0.83,0.839938700199127,9.3207033985051,"almost_certain","2p4",NA,51.5661,6.0076,FALSE,1,"House Sparrow","Passer domesticus","#d16ff8","avian","https://media.birdweather.com/species/1/HouseSparrow-standard-b861184cf45c092cdb45fd689dd676ef.jpg","https://media.birdweather.com/species/1/HouseSparrow-thumbnail-e9cbc91763a1579de8ef04880678b5e3.jpg","https://media.birdweather.com/species/1/HouseSparrow-png200-125e8603e1efe9d7a18316b94f06a65e.png","XAgCDwD8qpukuHiqtLZ9mImnmPFcDO4E",11569140637,"https://media.birdweather.com/soundscapes/6891/6891-20260508-173612.flac",0,3,"birdnetpi"
7570435979,6891,"2026-05-08T19:35:42.000+02:00",0.94,0.839938700199127,9.57907330114144,"almost_certain","2p4",NA,51.5657,6.0069,FALSE,1,"House Sparrow","Passer domesticus","#d16ff8","avian","https://media.birdweather.com/species/1/HouseSparrow-standard-b861184cf45c092cdb45fd689dd676ef.jpg","https://media.birdweather.com/species/1/HouseSparrow-thumbnail-e9cbc91763a1579de8ef04880678b5e3.jpg","https://media.birdweather.com/species/1/HouseSparrow-png200-125e8603e1efe9d7a18316b94f06a65e.png","XAgCDwD8qpukuHiqtLZ9mImnmPFcDO4E",11569127904,"https://media.birdweather.com/soundscapes/6891/6891-20260508-173542.flac",0,3,"birdnetpi"
7570422829,6891,"2026-05-08T19:35:18.000+02:00",0.93,0.839938700199127,9.55749805209509,"almost_certain","2p4",NA,51.5684,6.0072,FALSE,1,"House Sparrow","Passer domesticus","#d16ff8","avian","https://media.birdweather.com/species/1/HouseSparrow-standard-b861184cf45c092cdb45fd689dd676ef.jpg","https://media.birdweather.com/species/1/HouseSparrow-thumbnail-e9cbc91763a1579de8ef04880678b5e3.jpg","https://media.birdweather.com/species/1/HouseSparrow-png200-125e8603e1efe9d7a18316b94f06a65e.png","XAgCDwD8qpukuHiqtLZ9mImnmPFcDO4E",11569114325,"https://media.birdweather.com/soundscapes/6891/6891-20260508-173518.flac",0,3,"birdnetpi"
7570412562,6891,"2026-05-08T19:34:55.000+02:00",0.91,0.839938700199127,9.51330067085613,"almost_certain","2p4",NA,51.5645,6.005,FALSE,1,"House Sparrow","Passer domesticus","#d16ff8","avian","https://media.birdweather.com/species/1/HouseSparrow-standard-b861184cf45c092cdb45fd689dd676ef.jpg","https://media.birdweather.com/species/1/HouseSparrow-thumbnail-e9cbc91763a1579de8ef04880678b5e3.jpg","https://media.birdweather.com/species/1/HouseSparrow-png200-125e8603e1efe9d7a18316b94f06a65e.png","XAgCDwD8qpukuHiqtLZ9mImnmPFcDO4E",11569103937,"https://media.birdweather.com/soundscapes/6891/6891-20260508-173455.flac",0,3,"birdnetpi"
7570381643,6891,"2026-05-08T19:33:40.000+02:00",0.96,0.999183833599091,9.85650463986908,"almost_certain","2p4",NA,51.5687,6.0017,FALSE,35,"Eurasian Blackbird","Turdus merula","#ff65df","avian","https://media.birdweather.com/species/35/EurasianBlackbird-standard-618b3a5132c7c359fb2a2884c39deb39.jpg","https://media.birdweather.com/species/35/EurasianBlackbird-thumbnail-276878929bed08167d1fd9bf34d63d40.jpg","https://media.birdweather.com/species/35/EurasianBlackbird-png200-ba5a1b43225da4611cac429c52a52c81.png","GfkFFwKRmrx2ZYiaaQe69nlzScn3T7IA",11569071676,"https://media.birdweather.com/soundscapes/6891/6891-20260508-173340.flac",0,3,"birdnetpi"
7570365544,6891,"2026-05-08T19:33:05.000+02:00",0.95,0.999183833599091,9.8355882030499,"almost_certain","2p4",NA,51.5671,6.0065,FALSE,35,"Eurasian Blackbird","Turdus merula","#ff65df","avian","https://media.birdweather.com/species/35/EurasianBlackbird-standard-618b3a5132c7c359fb2a2884c39deb39.jpg","https://media.birdweather.com/species/35/EurasianBlackbird-thumbnail-276878929bed08167d1fd9bf34d63d40.jpg","https://media.birdweather.com/species/35/EurasianBlackbird-png200-ba5a1b43225da4611cac429c52a52c81.png","GfkFFwKRmrx2ZYiaaQe69nlzScn3T7IA",11569055090,"https://media.birdweather.com/soundscapes/6891/6891-20260508-173305.flac",0,3,"birdnetpi"
7570362263,6891,"2026-05-08T19:32:59.000+02:00",0.81,0.933696985244751,9.41136261983786,"almost_certain","2p4",NA,51.5692,6.004,FALSE,53,"European Starling","Sturnus vulgaris","#96038f","avian","https://media.birdweather.com/species/53/EuropeanStarling-standard-ff3a9beb497795d3bd4205bd86cf1652.jpg","https://media.birdweather.com/species/53/EuropeanStarling-thumbnail-974e70e3ea84a4be254312c2dfe527d5.jpg","https://media.birdweather.com/species/53/EuropeanStarling-png200-c81072eef7cc54f4bd51dcb88ed45765.png","FQgGBwD4dnmbZHhapUenmGh16HWAvzoO",11569051814,"https://media.birdweather.com/soundscapes/6891/6891-20260508-173259.flac",0,3,"birdnetpi"
7570347037,6891,"2026-05-08T19:32:32.000+02:00",0.77,0.999183833599091,9.39137985763565,"almost_certain","2p4",NA,51.562,6.0082,FALSE,35,"Eurasian Blackbird","Turdus merula","#ff65df","avian","https://media.birdweather.com/species/35/EurasianBlackbird-standard-618b3a5132c7c359fb2a2884c39deb39.jpg","https://media.birdweather.com/species/35/EurasianBlackbird-thumbnail-276878929bed08167d1fd9bf34d63d40.jpg","https://media.birdweather.com/species/35/EurasianBlackbird-png200-ba5a1b43225da4611cac429c52a52c81.png","GfkFFwKRmrx2ZYiaaQe69nlzScn3T7IA",11569035971,"https://media.birdweather.com/soundscapes/6891/6891-20260508-173232.flac",0,3,"birdnetpi"
7570335310,6891,"2026-05-08T19:32:09.000+02:00",0.86,0.999183833599091,9.63140945960003,"almost_certain","2p4",NA,51.5673,6.0077,FALSE,35,"Eurasian Blackbird","Turdus merula","#ff65df","avian","https://media.birdweather.com/species/35/EurasianBlackbird-standard-618b3a5132c7c359fb2a2884c39deb39.jpg","https://media.birdweather.com/species/35/EurasianBlackbird-thumbnail-276878929bed08167d1fd9bf34d63d40.jpg","https://media.birdweather.com/species/35/EurasianBlackbird-png200-ba5a1b43225da4611cac429c52a52c81.png","GfkFFwKRmrx2ZYiaaQe69nlzScn3T7IA",11569024769,"https://media.birdweather.com/soundscapes/6891/6891-20260508-173209.flac",0,3,"birdnetpi"
7570319548,6891,"2026-05-08T19:31:24.000+02:00",0.87,0.999183833599091,9.65565788022621,"almost_certain","2p4",NA,51.5669,6.0082,FALSE,35,"Eurasian Blackbird","Turdus merula","#ff65df","avian","https://media.birdweather.com/species/35/EurasianBlackbird-standard-618b3a5132c7c359fb2a2884c39deb39.jpg","https://media.birdweather.com/species/35/EurasianBlackbird-thumbnail-276878929bed08167d1fd9bf34d63d40.jpg","https://media.birdweather.com/species/35/EurasianBlackbird-png200-ba5a1b43225da4611cac429c52a52c81.png","GfkFFwKRmrx2ZYiaaQe69nlzScn3T7IA",11569007867,"https://media.birdweather.com/soundscapes/6891/6891-20260508-173124.flac",0,3,"birdnetpi"
7570310177,6891,"2026-05-08T19:31:14.000+02:00",0.92,0.999183833599091,9.77085175080465,"almost_certain","2p4",NA,51.5618,6.0049,FALSE,35,"Eurasian Blackbird","Turdus merula","#ff65df","avian","https://media.birdweather.com/species/35/EurasianBlackbird-standard-618b3a5132c7c359fb2a2884c39deb39.jpg","https://media.birdweather.com/species/35/EurasianBlackbird-thumbnail-276878929bed08167d1fd9bf34d63d40.jpg","https://media.birdweather.com/species/35/EurasianBlackbird-png200-ba5a1b43225da4611cac429c52a52c81.png","GfkFFwKRmrx2ZYiaaQe69nlzScn3T7IA",11568998530,"https://media.birdweather.com/soundscapes/6891/6891-20260508-173114.flac",0,3,"birdnetpi"
7570298154,6891,"2026-05-08T19:30:37.000+02:00",0.81,0.999183833599091,9.5032787601252,"almost_certain","2p4",NA,51.5683,6.0067,FALSE,35,"Eurasian Blackbird","Turdus merula","#ff65df","avian","https://media.birdweather.com/species/35/EurasianBlackbird-standard-618b3a5132c7c359fb2a2884c39deb39.jpg","https://media.birdweather.com/species/35/EurasianBlackbird-thumbnail-276878929bed08167d1fd9bf34d63d40.jpg","https://media.birdweather.com/species/35/EurasianBlackbird-png200-ba5a1b43225da4611cac429c52a52c81.png","GfkFFwKRmrx2ZYiaaQe69nlzScn3T7IA",11568986072,"https://media.birdweather.com/soundscapes/6891/6891-20260508-173037.flac",0,3,"birdnetpi"
7570256479,6891,"2026-05-08T19:29:07.000+02:00",0.9,0.236734092235565,7.79616688650538,"almost_certain","2p4",NA,51.5704,6.0078,FALSE,20,"Black Redstart","Phoenicurus ochruros","#c8ce2d","avian","https://media.birdweather.com/species/20/BlackRedstart-standard-4255c9b712ecb46ea7d3df8d556c18e7.jpg","https://media.birdweather.com/species/20/BlackRedstart-thumbnail-2fee59acc1ecc6be7238da194869e940.jpg","https://media.birdweather.com/species/20/BlackRedstart-png200-cbc0625b8b4889aeec1da754ad906efd.png","2QgGFwT8epa+l3ZlZ5hntnh4Z/6oyZ8I",11568942961,"https://media.birdweather.com/soundscapes/6891/6891-20260508-172907.flac",0,3,"birdnetpi"
7570249245,6891,"2026-05-08T19:28:49.000+02:00",0.93,0.236734092235565,7.86300941141751,"almost_certain","2p4",NA,51.5649,6.0069,FALSE,20,"Black Redstart","Phoenicurus ochruros","#c8ce2d","avian","https://media.birdweather.com/species/20/BlackRedstart-standard-4255c9b712ecb46ea7d3df8d556c18e7.jpg","https://media.birdweather.com/species/20/BlackRedstart-thumbnail-2fee59acc1ecc6be7238da194869e940.jpg","https://media.birdweather.com/species/20/BlackRedstart-png200-cbc0625b8b4889aeec1da754ad906efd.png","2QgGFwT8epa+l3ZlZ5hntnh4Z/6oyZ8I",11568935470,"https://media.birdweather.com/soundscapes/6891/6891-20260508-172849.flac",0,3,"birdnetpi"
7570225676,6891,"2026-05-08T19:27:59.000+02:00",0.99,0.236734092235565,7.98764074755935,"almost_certain","2p4",NA,51.5636,6.0026,FALSE,20,"Black Redstart","Phoenicurus ochruros","#c8ce2d","avian","https://media.birdweather.com/species/20/BlackRedstart-standard-4255c9b712ecb46ea7d3df8d556c18e7.jpg","https://media.birdweather.com/species/20/BlackRedstart-thumbnail-2fee59acc1ecc6be7238da194869e940.jpg","https://media.birdweather.com/species/20/BlackRedstart-png200-cbc0625b8b4889aeec1da754ad906efd.png","2QgGFwT8epa+l3ZlZ5hntnh4Z/6oyZ8I",11568910984,"https://media.birdweather.com/soundscapes/6891/6891-20260508-172759.flac",0,3,"birdnetpi"
7570193968,6891,"2026-05-08T19:26:51.000+02:00",1,0.236734092235565,8.00735331786873,"almost_certain","2p4",NA,51.5645,6.0094,FALSE,20,"Black Redstart","Phoenicurus ochruros","#c8ce2d","avian","https://media.birdweather.com/species/20/BlackRedstart-standard-4255c9b712ecb46ea7d3df8d556c18e7.jpg","https://media.birdweather.com/species/20/BlackRedstart-thumbnail-2fee59acc1ecc6be7238da194869e940.jpg","https://media.birdweather.com/species/20/BlackRedstart-png200-cbc0625b8b4889aeec1da754ad906efd.png","2QgGFwT8epa+l3ZlZ5hntnh4Z/6oyZ8I",11568877776,"https://media.birdweather.com/soundscapes/6891/6891-20260508-172651.flac",0,3,"birdnetpi"
7570155345,6891,"2026-05-08T19:25:19.000+02:00",0.72,0.962032496929169,9.18589911424174,"almost_certain","2p4",NA,51.5634,6.0055,FALSE,11,"Great Tit","Parus major","#7a41c7","avian","https://media.birdweather.com/species/11/GreatTit-standard-0058e4dcd148acb2e0cb8a7b7c6ad3b2.jpg","https://media.birdweather.com/species/11/GreatTit-thumbnail-6910d0adae4550c5e6f2396322ee64c4.jpg","https://media.birdweather.com/species/11/GreatTit-png200-9f3394faf07d12f615112c10cb9d7f02.png","ImkCDwTFxox9pZloaIaeZLsJp9r1yG4P",11568837096,"https://media.birdweather.com/soundscapes/6891/6891-20260508-172519.flac",0,3,"birdnetpi"
7570142812,6891,"2026-05-08T19:24:54.000+02:00",0.86,0.236734092235565,7.70164665256826,"almost_certain","2p4",NA,51.5649,6.0013,FALSE,20,"Black Redstart","Phoenicurus ochruros","#c8ce2d","avian","https://media.birdweather.com/species/20/BlackRedstart-standard-4255c9b712ecb46ea7d3df8d556c18e7.jpg","https://media.birdweather.com/species/20/BlackRedstart-thumbnail-2fee59acc1ecc6be7238da194869e940.jpg","https://media.birdweather.com/species/20/BlackRedstart-png200-cbc0625b8b4889aeec1da754ad906efd.png","2QgGFwT8epa+l3ZlZ5hntnh4Z/6oyZ8I",11568824338,"https://media.birdweather.com/soundscapes/6891/6891-20260508-172454.flac",0,3,"birdnetpi"
7570108989,6891,"2026-05-08T19:23:35.000+02:00",0.75,0.236734092235565,7.40204244724645,"almost_certain","2p4",NA,51.5698,6.004,FALSE,20,"Black Redstart","Phoenicurus ochruros","#c8ce2d","avian","https://media.birdweather.com/species/20/BlackRedstart-standard-4255c9b712ecb46ea7d3df8d556c18e7.jpg","https://media.birdweather.com/species/20/BlackRedstart-thumbnail-2fee59acc1ecc6be7238da194869e940.jpg","https://media.birdweather.com/species/20/BlackRedstart-png200-cbc0625b8b4889aeec1da754ad906efd.png","2QgGFwT8epa+l3ZlZ5hntnh4Z/6oyZ8I",11568788296,"https://media.birdweather.com/soundscapes/6891/6891-20260508-172335.flac",0,3,"birdnetpi"
7570084987,6891,"2026-05-08T19:22:48.000+02:00",0.98,0.236734092235565,7.96764039235237,"almost_certain","2p4",NA,51.5682,6.0046,FALSE,20,"Black Redstart","Phoenicurus ochruros","#c8ce2d","avian","https://media.birdweather.com/species/20/BlackRedstart-standard-4255c9b712ecb46ea7d3df8d556c18e7.jpg","https://media.birdweather.com/species/20/BlackRedstart-thumbnail-2fee59acc1ecc6be7238da194869e940.jpg","https://media.birdweather.com/species/20/BlackRedstart-png200-cbc0625b8b4889aeec1da754ad906efd.png","2QgGFwT8epa+l3ZlZ5hntnh4Z/6oyZ8I",11568763155,"https://media.birdweather.com/soundscapes/6891/6891-20260508-172248.flac",0,3,"birdnetpi"
7569809988,6891,"2026-05-08T19:12:35.000+02:00",0.94,0.999183833599091,9.81434746749562,"almost_certain","2p4",NA,51.5617,6.0021,FALSE,35,"Eurasian Blackbird","Turdus merula","#ff65df","avian","https://media.birdweather.com/species/35/EurasianBlackbird-standard-618b3a5132c7c359fb2a2884c39deb39.jpg","https://media.birdweather.com/species/35/EurasianBlackbird-thumbnail-276878929bed08167d1fd9bf34d63d40.jpg","https://media.birdweather.com/species/35/EurasianBlackbird-png200-ba5a1b43225da4611cac429c52a52c81.png","GfkFFwKRmrx2ZYiaaQe69nlzScn3T7IA",11568477308,"https://media.birdweather.com/soundscapes/6891/6891-20260508-171235.flac",0,3,"birdnetpi"
7569798977,6891,"2026-05-08T19:12:09.000+02:00",1,0.999183833599091,9.93711612490049,"almost_certain","2p4",NA,51.5618,6.0053,FALSE,35,"Eurasian Blackbird","Turdus merula","#ff65df","avian","https://media.birdweather.com/species/35/EurasianBlackbird-standard-618b3a5132c7c359fb2a2884c39deb39.jpg","https://media.birdweather.com/species/35/EurasianBlackbird-thumbnail-276878929bed08167d1fd9bf34d63d40.jpg","https://media.birdweather.com/species/35/EurasianBlackbird-png200-ba5a1b43225da4611cac429c52a52c81.png","GfkFFwKRmrx2ZYiaaQe69nlzScn3T7IA",11568466024,"https://media.birdweather.com/soundscapes/6891/6891-20260508-171209.flac",0,3,"birdnetpi"
7569788631,6891,"2026-05-08T19:11:55.000+02:00",0.99,0.999183833599091,9.91740355459112,"almost_certain","2p4",NA,51.5626,6.0041,FALSE,35,"Eurasian Blackbird","Turdus merula","#ff65df","avian","https://media.birdweather.com/species/35/EurasianBlackbird-standard-618b3a5132c7c359fb2a2884c39deb39.jpg","https://media.birdweather.com/species/35/EurasianBlackbird-thumbnail-276878929bed08167d1fd9bf34d63d40.jpg","https://media.birdweather.com/species/35/EurasianBlackbird-png200-ba5a1b43225da4611cac429c52a52c81.png","GfkFFwKRmrx2ZYiaaQe69nlzScn3T7IA",11568455290,"https://media.birdweather.com/soundscapes/6891/6891-20260508-171155.flac",0,3,"birdnetpi"
7569672725,6891,"2026-05-08T19:07:33.000+02:00",0.94,0.824159979820251,9.55340083938299,"almost_certain","2p4",NA,51.5671,6.0052,FALSE,5,"Eurasian Wren","Troglodytes troglodytes","#871aa2","avian","https://media.birdweather.com/species/5/EurasianWren-standard-9c09f98281df1112cec97e5b2520b7ac.jpg","https://media.birdweather.com/species/5/EurasianWren-thumbnail-7ee2ceda5807a63f70243cd666e8e3c8.jpg","https://media.birdweather.com/species/5/EurasianWren-png200-a33056cab50c84c6025cfd25b6f18c19.png","JwgGDwDcVHlfhXmJhXiXWJiJaEAXA5IC",11568336098,"https://media.birdweather.com/soundscapes/6891/6891-20260508-170733.flac",0,3,"birdnetpi"
7569664257,6891,"2026-05-08T19:07:13.000+02:00",0.96,0.824159979820251,9.59555801175645,"almost_certain","2p4",NA,51.5648,6.007,FALSE,5,"Eurasian Wren","Troglodytes troglodytes","#871aa2","avian","https://media.birdweather.com/species/5/EurasianWren-standard-9c09f98281df1112cec97e5b2520b7ac.jpg","https://media.birdweather.com/species/5/EurasianWren-thumbnail-7ee2ceda5807a63f70243cd666e8e3c8.jpg","https://media.birdweather.com/species/5/EurasianWren-png200-a33056cab50c84c6025cfd25b6f18c19.png","JwgGDwDcVHlfhXmJhXiXWJiJaEAXA5IC",11568327165,"https://media.birdweather.com/soundscapes/6891/6891-20260508-170713.flac",0,3,"birdnetpi"
7569635552,6891,"2026-05-08T19:06:10.000+02:00",0.94,0.999183833599091,9.81434746749562,"almost_certain","2p4",NA,51.5623,6.0028,FALSE,35,"Eurasian Blackbird","Turdus merula","#ff65df","avian","https://media.birdweather.com/species/35/EurasianBlackbird-standard-618b3a5132c7c359fb2a2884c39deb39.jpg","https://media.birdweather.com/species/35/EurasianBlackbird-thumbnail-276878929bed08167d1fd9bf34d63d40.jpg","https://media.birdweather.com/species/35/EurasianBlackbird-png200-ba5a1b43225da4611cac429c52a52c81.png","GfkFFwKRmrx2ZYiaaQe69nlzScn3T7IA",11568297225,"https://media.birdweather.com/soundscapes/6891/6891-20260508-170610.flac",0,3,"birdnetpi"
7569621517,6891,"2026-05-08T19:05:38.000+02:00",0.72,0.999183833599091,9.23728502034109,"almost_certain","2p4",NA,51.566,6.0046,FALSE,35,"Eurasian Blackbird","Turdus merula","#ff65df","avian","https://media.birdweather.com/species/35/EurasianBlackbird-standard-618b3a5132c7c359fb2a2884c39deb39.jpg","https://media.birdweather.com/species/35/EurasianBlackbird-thumbnail-276878929bed08167d1fd9bf34d63d40.jpg","https://media.birdweather.com/species/35/EurasianBlackbird-png200-ba5a1b43225da4611cac429c52a52c81.png","GfkFFwKRmrx2ZYiaaQe69nlzScn3T7IA",11568282710,"https://media.birdweather.com/soundscapes/6891/6891-20260508-170538.flac",0,3,"birdnetpi"
7569600535,6891,"2026-05-08T19:04:52.000+02:00",0.96,0.999183833599091,9.85650463986908,"almost_certain","2p4",NA,51.569,6.0017,FALSE,35,"Eurasian Blackbird","Turdus merula","#ff65df","avian","https://media.birdweather.com/species/35/EurasianBlackbird-standard-618b3a5132c7c359fb2a2884c39deb39.jpg","https://media.birdweather.com/species/35/EurasianBlackbird-thumbnail-276878929bed08167d1fd9bf34d63d40.jpg","https://media.birdweather.com/species/35/EurasianBlackbird-png200-ba5a1b43225da4611cac429c52a52c81.png","GfkFFwKRmrx2ZYiaaQe69nlzScn3T7IA",11568260925,"https://media.birdweather.com/soundscapes/6891/6891-20260508-170452.flac",0,3,"birdnetpi"
7569554270,6891,"2026-05-08T19:03:18.000+02:00",0.71,0.999183833599091,9.20427137467778,"almost_certain","2p4",NA,51.5633,6.0053,FALSE,35,"Eurasian Blackbird","Turdus merula","#ff65df","avian","https://media.birdweather.com/species/35/EurasianBlackbird-standard-618b3a5132c7c359fb2a2884c39deb39.jpg","https://media.birdweather.com/species/35/EurasianBlackbird-thumbnail-276878929bed08167d1fd9bf34d63d40.jpg","https://media.birdweather.com/species/35/EurasianBlackbird-png200-ba5a1b43225da4611cac429c52a52c81.png","GfkFFwKRmrx2ZYiaaQe69nlzScn3T7IA",11568213189,"https://media.birdweather.com/soundscapes/6891/6891-20260508-170318.flac",0,3,"birdnetpi"
7569547318,6891,"2026-05-08T19:02:55.000+02:00",0.9,0.824159979820251,9.46498306542452,"almost_certain","2p4",NA,51.5661,6.0009,FALSE,5,"Eurasian Wren","Troglodytes troglodytes","#871aa2","avian","https://media.birdweather.com/species/5/EurasianWren-standard-9c09f98281df1112cec97e5b2520b7ac.jpg","https://media.birdweather.com/species/5/EurasianWren-thumbnail-7ee2ceda5807a63f70243cd666e8e3c8.jpg","https://media.birdweather.com/species/5/EurasianWren-png200-a33056cab50c84c6025cfd25b6f18c19.png","JwgGDwDcVHlfhXmJhXiXWJiJaEAXA5IC",11568206522,"https://media.birdweather.com/soundscapes/6891/6891-20260508-170255.flac",0,3,"birdnetpi"
7569539260,6891,"2026-05-08T19:02:36.000+02:00",0.88,0.824159979820251,9.41853793962884,"almost_certain","2p4",NA,51.563,6.0089,FALSE,5,"Eurasian Wren","Troglodytes troglodytes","#871aa2","avian","https://media.birdweather.com/species/5/EurasianWren-standard-9c09f98281df1112cec97e5b2520b7ac.jpg","https://media.birdweather.com/species/5/EurasianWren-thumbnail-7ee2ceda5807a63f70243cd666e8e3c8.jpg","https://media.birdweather.com/species/5/EurasianWren-png200-a33056cab50c84c6025cfd25b6f18c19.png","JwgGDwDcVHlfhXmJhXiXWJiJaEAXA5IC",11568198166,"https://media.birdweather.com/soundscapes/6891/6891-20260508-170236.flac",0,3,"birdnetpi"
7569536646,6891,"2026-05-08T19:02:33.000+02:00",0.85,0.999183833599091,9.60672410706136,"almost_certain","2p4",NA,51.5687,6.0024,FALSE,35,"Eurasian Blackbird","Turdus merula","#ff65df","avian","https://media.birdweather.com/species/35/EurasianBlackbird-standard-618b3a5132c7c359fb2a2884c39deb39.jpg","https://media.birdweather.com/species/35/EurasianBlackbird-thumbnail-276878929bed08167d1fd9bf34d63d40.jpg","https://media.birdweather.com/species/35/EurasianBlackbird-png200-ba5a1b43225da4611cac429c52a52c81.png","GfkFFwKRmrx2ZYiaaQe69nlzScn3T7IA",11568195776,"https://media.birdweather.com/soundscapes/6891/6891-20260508-170233.flac",0,3,"birdnetpi"
7569525493,6891,"2026-05-08T19:02:12.000+02:00",1,0.824159979820251,9.67616949678787,"almost_certain","2p4",NA,51.564,6.0094,FALSE,5,"Eurasian Wren","Troglodytes troglodytes","#871aa2","avian","https://media.birdweather.com/species/5/EurasianWren-standard-9c09f98281df1112cec97e5b2520b7ac.jpg","https://media.birdweather.com/species/5/EurasianWren-thumbnail-7ee2ceda5807a63f70243cd666e8e3c8.jpg","https://media.birdweather.com/species/5/EurasianWren-png200-a33056cab50c84c6025cfd25b6f18c19.png","JwgGDwDcVHlfhXmJhXiXWJiJaEAXA5IC",11568185532,"https://media.birdweather.com/soundscapes/6891/6891-20260508-170212.flac",0,3,"birdnetpi"
7569490067,6891,"2026-05-08T19:00:52.000+02:00",0.75,0.999183833599091,9.33180525427821,"almost_certain","2p4",NA,51.5697,6.0069,FALSE,35,"Eurasian Blackbird","Turdus merula","#ff65df","avian","https://media.birdweather.com/species/35/EurasianBlackbird-standard-618b3a5132c7c359fb2a2884c39deb39.jpg","https://media.birdweather.com/species/35/EurasianBlackbird-thumbnail-276878929bed08167d1fd9bf34d63d40.jpg","https://media.birdweather.com/species/35/EurasianBlackbird-png200-ba5a1b43225da4611cac429c52a52c81.png","GfkFFwKRmrx2ZYiaaQe69nlzScn3T7IA",11568149430,"https://media.birdweather.com/soundscapes/6891/6891-20260508-170052.flac",0,3,"birdnetpi"
7569448262,6891,"2026-05-08T18:59:15.000+02:00",0.75,0.999183833599091,9.33180525427821,"almost_certain","2p4",NA,51.5695,6.002,FALSE,35,"Eurasian Blackbird","Turdus merula","#ff65df","avian","https://media.birdweather.com/species/35/EurasianBlackbird-standard-618b3a5132c7c359fb2a2884c39deb39.jpg","https://media.birdweather.com/species/35/EurasianBlackbird-thumbnail-276878929bed08167d1fd9bf34d63d40.jpg","https://media.birdweather.com/species/35/EurasianBlackbird-png200-ba5a1b43225da4611cac429c52a52c81.png","GfkFFwKRmrx2ZYiaaQe69nlzScn3T7IA",11568103942,"https://media.birdweather.com/soundscapes/6891/6891-20260508-165915.flac",0,3,"birdnetpi"
7569330318,6891,"2026-05-08T18:55:05.000+02:00",0.98,0.824159979820251,9.63645657127151,"almost_certain","2p4",NA,51.5701,6.0067,FALSE,5,"Eurasian Wren","Troglodytes troglodytes","#871aa2","avian","https://media.birdweather.com/species/5/EurasianWren-standard-9c09f98281df1112cec97e5b2520b7ac.jpg","https://media.birdweather.com/species/5/EurasianWren-thumbnail-7ee2ceda5807a63f70243cd666e8e3c8.jpg","https://media.birdweather.com/species/5/EurasianWren-png200-a33056cab50c84c6025cfd25b6f18c19.png","JwgGDwDcVHlfhXmJhXiXWJiJaEAXA5IC",11567982670,"https://media.birdweather.com/soundscapes/6891/6891-20260508-165505.flac",0,3,"birdnetpi"
7569325575,6891,"2026-05-08T18:54:47.000+02:00",0.96,0.419734984636307,8.68689660346659,"almost_certain","2p4",NA,51.5666,6.0018,FALSE,119,"Common House-Martin","Delichon urbicum","#53b1ff","avian","https://media.birdweather.com/species/119/CommonHouse-Martin-standard-9ffbcc688c51210fb136a162c84d82ad.jpg","https://media.birdweather.com/species/119/CommonHouse-Martin-thumbnail-dd7059ca6235347c3097e7a66f04df95.jpg","https://media.birdweather.com/species/119/CommonHouse-Martin-png200-a73a8953ce2af50676da81e70b2746b2.png","YhgKDwKJd4iIiHd/h5h5d4mIeQqVllAH",11567977523,"https://media.birdweather.com/soundscapes/6891/6891-20260508-165447.flac",0,3,"birdnetpi"
7569288063,6891,"2026-05-08T18:53:27.000+02:00",0.98,0.824159979820251,9.63645657127151,"almost_certain","2p4",NA,51.5686,6.0025,FALSE,5,"Eurasian Wren","Troglodytes troglodytes","#871aa2","avian","https://media.birdweather.com/species/5/EurasianWren-standard-9c09f98281df1112cec97e5b2520b7ac.jpg","https://media.birdweather.com/species/5/EurasianWren-thumbnail-7ee2ceda5807a63f70243cd666e8e3c8.jpg","https://media.birdweather.com/species/5/EurasianWren-png200-a33056cab50c84c6025cfd25b6f18c19.png","JwgGDwDcVHlfhXmJhXiXWJiJaEAXA5IC",11567939404,"https://media.birdweather.com/soundscapes/6891/6891-20260508-165327.flac",0,3,"birdnetpi"
7569253111,6891,"2026-05-08T18:52:16.000+02:00",0.95,0.997795641422272,9.83370238952915,"almost_certain","2p4",NA,51.5661,6.0093,FALSE,407,"Common Wood-Pigeon","Columba palumbus","#028fb2","avian","https://media.birdweather.com/species/407/CommonWood-Pigeon-standard-5558900260c92622ceef8a812b06518e.jpg","https://media.birdweather.com/species/407/CommonWood-Pigeon-thumbnail-4b86c907c8b82c8af31d566b811dee05.jpg","https://media.birdweather.com/species/407/CommonWood-Pigeon-png200-533b13201573be3895fcec3e61e861b5.png","2ukFHwIHiYeWxnZUiniYZ3h5h6+rCIQH",11567904677,"https://media.birdweather.com/soundscapes/6891/6891-20260508-165216.flac",0,3,"birdnetpi"
7569243102,6891,"2026-05-08T18:51:49.000+02:00",0.88,0.997795641422272,9.67759875422072,"almost_certain","2p4",NA,51.5615,6.0014,FALSE,407,"Common Wood-Pigeon","Columba palumbus","#028fb2","avian","https://media.birdweather.com/species/407/CommonWood-Pigeon-standard-5558900260c92622ceef8a812b06518e.jpg","https://media.birdweather.com/species/407/CommonWood-Pigeon-thumbnail-4b86c907c8b82c8af31d566b811dee05.jpg","https://media.birdweather.com/species/407/CommonWood-Pigeon-png200-533b13201573be3895fcec3e61e861b5.png","2ukFHwIHiYeWxnZUiniYZ3h5h6+rCIQH",11567894246,"https://media.birdweather.com/soundscapes/6891/6891-20260508-165149.flac",0,3,"birdnetpi"
7569234288,6891,"2026-05-08T18:51:29.000+02:00",0.97,0.824159979820251,9.61615990374587,"almost_certain","2p4",NA,51.5623,6.0093,FALSE,5,"Eurasian Wren","Troglodytes troglodytes","#871aa2","avian","https://media.birdweather.com/species/5/EurasianWren-standard-9c09f98281df1112cec97e5b2520b7ac.jpg","https://media.birdweather.com/species/5/EurasianWren-thumbnail-7ee2ceda5807a63f70243cd666e8e3c8.jpg","https://media.birdweather.com/species/5/EurasianWren-png200-a33056cab50c84c6025cfd25b6f18c19.png","JwgGDwDcVHlfhXmJhXiXWJiJaEAXA5IC",11567884887,"https://media.birdweather.com/soundscapes/6891/6891-20260508-165129.flac",0,3,"birdnetpi"
7569226784,6891,"2026-05-08T18:51:17.000+02:00",0.92,0.997795641422272,9.7689659372839,"almost_certain","2p4",NA,51.5616,6.0071,FALSE,407,"Common Wood-Pigeon","Columba palumbus","#028fb2","avian","https://media.birdweather.com/species/407/CommonWood-Pigeon-standard-5558900260c92622ceef8a812b06518e.jpg","https://media.birdweather.com/species/407/CommonWood-Pigeon-thumbnail-4b86c907c8b82c8af31d566b811dee05.jpg","https://media.birdweather.com/species/407/CommonWood-Pigeon-png200-533b13201573be3895fcec3e61e861b5.png","2ukFHwIHiYeWxnZUiniYZ3h5h6+rCIQH",11567877420,"https://media.birdweather.com/soundscapes/6891/6891-20260508-165117.flac",0,3,"birdnetpi"
7569225324,6891,"2026-05-08T18:51:10.000+02:00",0.99,0.824159979820251,9.65645692647849,"almost_certain","2p4",NA,51.5704,6.0011,FALSE,5,"Eurasian Wren","Troglodytes troglodytes","#871aa2","avian","https://media.birdweather.com/species/5/EurasianWren-standard-9c09f98281df1112cec97e5b2520b7ac.jpg","https://media.birdweather.com/species/5/EurasianWren-thumbnail-7ee2ceda5807a63f70243cd666e8e3c8.jpg","https://media.birdweather.com/species/5/EurasianWren-png200-a33056cab50c84c6025cfd25b6f18c19.png","JwgGDwDcVHlfhXmJhXiXWJiJaEAXA5IC",11567875997,"https://media.birdweather.com/soundscapes/6891/6891-20260508-165110.flac",0,3,"birdnetpi"
7569215549,6891,"2026-05-08T18:50:50.000+02:00",0.97,0.997795641422272,9.87522071833775,"almost_certain","2p4",NA,51.5659,6.0076,FALSE,407,"Common Wood-Pigeon","Columba palumbus","#028fb2","avian","https://media.birdweather.com/species/407/CommonWood-Pigeon-standard-5558900260c92622ceef8a812b06518e.jpg","https://media.birdweather.com/species/407/CommonWood-Pigeon-thumbnail-4b86c907c8b82c8af31d566b811dee05.jpg","https://media.birdweather.com/species/407/CommonWood-Pigeon-png200-533b13201573be3895fcec3e61e861b5.png","2ukFHwIHiYeWxnZUiniYZ3h5h6+rCIQH",11567866139,"https://media.birdweather.com/soundscapes/6891/6891-20260508-165050.flac",0,3,"birdnetpi"
7569210521,6891,"2026-05-08T18:50:38.000+02:00",0.96,0.419734984636307,8.68689660346659,"almost_certain","2p4",NA,51.5667,6.0018,FALSE,119,"Common House-Martin","Delichon urbicum","#53b1ff","avian","https://media.birdweather.com/species/119/CommonHouse-Martin-standard-9ffbcc688c51210fb136a162c84d82ad.jpg","https://media.birdweather.com/species/119/CommonHouse-Martin-thumbnail-dd7059ca6235347c3097e7a66f04df95.jpg","https://media.birdweather.com/species/119/CommonHouse-Martin-png200-a73a8953ce2af50676da81e70b2746b2.png","YhgKDwKJd4iIiHd/h5h5d4mIeQqVllAH",11567860927,"https://media.birdweather.com/soundscapes/6891/6891-20260508-165038.flac",0,3,"birdnetpi"
7569208238,6891,"2026-05-08T18:50:35.000+02:00",0.88,0.824159979820251,9.41853793962884,"almost_certain","2p4",NA,51.564,6.008,FALSE,5,"Eurasian Wren","Troglodytes troglodytes","#871aa2","avian","https://media.birdweather.com/species/5/EurasianWren-standard-9c09f98281df1112cec97e5b2520b7ac.jpg","https://media.birdweather.com/species/5/EurasianWren-thumbnail-7ee2ceda5807a63f70243cd666e8e3c8.jpg","https://media.birdweather.com/species/5/EurasianWren-png200-a33056cab50c84c6025cfd25b6f18c19.png","JwgGDwDcVHlfhXmJhXiXWJiJaEAXA5IC",11567858600,"https://media.birdweather.com/soundscapes/6891/6891-20260508-165035.flac",0,3,"birdnetpi"
7569204723,6891,"2026-05-08T18:50:28.000+02:00",0.8,0.997795641422272,9.47426334720869,"almost_certain","2p4",NA,51.5652,6.0029,FALSE,407,"Common Wood-Pigeon","Columba palumbus","#028fb2","avian","https://media.birdweather.com/species/407/CommonWood-Pigeon-standard-5558900260c92622ceef8a812b06518e.jpg","https://media.birdweather.com/species/407/CommonWood-Pigeon-thumbnail-4b86c907c8b82c8af31d566b811dee05.jpg","https://media.birdweather.com/species/407/CommonWood-Pigeon-png200-533b13201573be3895fcec3e61e861b5.png","2ukFHwIHiYeWxnZUiniYZ3h5h6+rCIQH",11567854877,"https://media.birdweather.com/soundscapes/6891/6891-20260508-165028.flac",0,3,"birdnetpi"
7569196677,6891,"2026-05-08T18:50:08.000+02:00",1,0.419734984636307,8.76750808849801,"almost_certain","2p4",NA,51.5618,6.0083,FALSE,119,"Common House-Martin","Delichon urbicum","#53b1ff","avian","https://media.birdweather.com/species/119/CommonHouse-Martin-standard-9ffbcc688c51210fb136a162c84d82ad.jpg","https://media.birdweather.com/species/119/CommonHouse-Martin-thumbnail-dd7059ca6235347c3097e7a66f04df95.jpg","https://media.birdweather.com/species/119/CommonHouse-Martin-png200-a73a8953ce2af50676da81e70b2746b2.png","YhgKDwKJd4iIiHd/h5h5d4mIeQqVllAH",11567846861,"https://media.birdweather.com/soundscapes/6891/6891-20260508-165008.flac",0,3,"birdnetpi"
7569192162,6891,"2026-05-08T18:50:06.000+02:00",0.97,0.997795641422272,9.87522071833775,"almost_certain","2p4",NA,51.5621,6.0087,FALSE,407,"Common Wood-Pigeon","Columba palumbus","#028fb2","avian","https://media.birdweather.com/species/407/CommonWood-Pigeon-standard-5558900260c92622ceef8a812b06518e.jpg","https://media.birdweather.com/species/407/CommonWood-Pigeon-thumbnail-4b86c907c8b82c8af31d566b811dee05.jpg","https://media.birdweather.com/species/407/CommonWood-Pigeon-png200-533b13201573be3895fcec3e61e861b5.png","2ukFHwIHiYeWxnZUiniYZ3h5h6+rCIQH",11567842666,"https://media.birdweather.com/soundscapes/6891/6891-20260508-165006.flac",0,3,"birdnetpi"
7569185590,6891,"2026-05-08T18:49:44.000+02:00",0.94,0.824159979820251,9.55340083938299,"almost_certain","2p4",NA,51.5631,6.0089,FALSE,5,"Eurasian Wren","Troglodytes troglodytes","#871aa2","avian","https://media.birdweather.com/species/5/EurasianWren-standard-9c09f98281df1112cec97e5b2520b7ac.jpg","https://media.birdweather.com/species/5/EurasianWren-thumbnail-7ee2ceda5807a63f70243cd666e8e3c8.jpg","https://media.birdweather.com/species/5/EurasianWren-png200-a33056cab50c84c6025cfd25b6f18c19.png","JwgGDwDcVHlfhXmJhXiXWJiJaEAXA5IC",11567835546,"https://media.birdweather.com/soundscapes/6891/6891-20260508-164944.flac",0,3,"birdnetpi"
7569168822,6891,"2026-05-08T18:49:09.000+02:00",0.94,0.997795641422272,9.81246165397488,"almost_certain","2p4",NA,51.5671,6.0067,FALSE,407,"Common Wood-Pigeon","Columba palumbus","#028fb2","avian","https://media.birdweather.com/species/407/CommonWood-Pigeon-standard-5558900260c92622ceef8a812b06518e.jpg","https://media.birdweather.com/species/407/CommonWood-Pigeon-thumbnail-4b86c907c8b82c8af31d566b811dee05.jpg","https://media.birdweather.com/species/407/CommonWood-Pigeon-png200-533b13201573be3895fcec3e61e861b5.png","2ukFHwIHiYeWxnZUiniYZ3h5h6+rCIQH",11567818181,"https://media.birdweather.com/soundscapes/6891/6891-20260508-164909.flac",0,3,"birdnetpi"
7569160125,6891,"2026-05-08T18:48:51.000+02:00",0.81,0.824159979820251,9.24233213201257,"almost_certain","2p4",NA,51.5678,6.0013,FALSE,5,"Eurasian Wren","Troglodytes troglodytes","#871aa2","avian","https://media.birdweather.com/species/5/EurasianWren-standard-9c09f98281df1112cec97e5b2520b7ac.jpg","https://media.birdweather.com/species/5/EurasianWren-thumbnail-7ee2ceda5807a63f70243cd666e8e3c8.jpg","https://media.birdweather.com/species/5/EurasianWren-png200-a33056cab50c84c6025cfd25b6f18c19.png","JwgGDwDcVHlfhXmJhXiXWJiJaEAXA5IC",11567809244,"https://media.birdweather.com/soundscapes/6891/6891-20260508-164851.flac",0,3,"birdnetpi"
7569156681,6891,"2026-05-08T18:48:45.000+02:00",0.95,0.997795641422272,9.83370238952915,"almost_certain","2p4",NA,51.5648,6.0048,FALSE,407,"Common Wood-Pigeon","Columba palumbus","#028fb2","avian","https://media.birdweather.com/species/407/CommonWood-Pigeon-standard-5558900260c92622ceef8a812b06518e.jpg","https://media.birdweather.com/species/407/CommonWood-Pigeon-thumbnail-4b86c907c8b82c8af31d566b811dee05.jpg","https://media.birdweather.com/species/407/CommonWood-Pigeon-png200-533b13201573be3895fcec3e61e861b5.png","2ukFHwIHiYeWxnZUiniYZ3h5h6+rCIQH",11567805615,"https://media.birdweather.com/soundscapes/6891/6891-20260508-164845.flac",0,3,"birdnetpi"
7569147130,6891,"2026-05-08T18:48:24.000+02:00",0.87,0.824159979820251,9.39471125211358,"almost_certain","2p4",NA,51.5684,6.0013,FALSE,5,"Eurasian Wren","Troglodytes troglodytes","#871aa2","avian","https://media.birdweather.com/species/5/EurasianWren-standard-9c09f98281df1112cec97e5b2520b7ac.jpg","https://media.birdweather.com/species/5/EurasianWren-thumbnail-7ee2ceda5807a63f70243cd666e8e3c8.jpg","https://media.birdweather.com/species/5/EurasianWren-png200-a33056cab50c84c6025cfd25b6f18c19.png","JwgGDwDcVHlfhXmJhXiXWJiJaEAXA5IC",11567796080,"https://media.birdweather.com/soundscapes/6891/6891-20260508-164824.flac",0,3,"birdnetpi"
7569118736,6891,"2026-05-08T18:47:22.000+02:00",0.97,0.997795641422272,9.87522071833775,"almost_certain","2p4",NA,51.5658,6.0071,FALSE,407,"Common Wood-Pigeon","Columba palumbus","#028fb2","avian","https://media.birdweather.com/species/407/CommonWood-Pigeon-standard-5558900260c92622ceef8a812b06518e.jpg","https://media.birdweather.com/species/407/CommonWood-Pigeon-thumbnail-4b86c907c8b82c8af31d566b811dee05.jpg","https://media.birdweather.com/species/407/CommonWood-Pigeon-png200-533b13201573be3895fcec3e61e861b5.png","2ukFHwIHiYeWxnZUiniYZ3h5h6+rCIQH",11567767456,"https://media.birdweather.com/soundscapes/6891/6891-20260508-164722.flac",0,3,"birdnetpi"
7569087743,6891,"2026-05-08T18:46:13.000+02:00",0.98,0.824159979820251,9.63645657127151,"almost_certain","2p4",NA,51.5653,6.0081,FALSE,5,"Eurasian Wren","Troglodytes troglodytes","#871aa2","avian","https://media.birdweather.com/species/5/EurasianWren-standard-9c09f98281df1112cec97e5b2520b7ac.jpg","https://media.birdweather.com/species/5/EurasianWren-thumbnail-7ee2ceda5807a63f70243cd666e8e3c8.jpg","https://media.birdweather.com/species/5/EurasianWren-png200-a33056cab50c84c6025cfd25b6f18c19.png","JwgGDwDcVHlfhXmJhXiXWJiJaEAXA5IC",11567736091,"https://media.birdweather.com/soundscapes/6891/6891-20260508-164613.flac",0,3,"birdnetpi"
7569010686,6891,"2026-05-08T18:43:21.000+02:00",1,0.824159979820251,9.67616949678787,"almost_certain","2p4",NA,51.5647,6.0025,FALSE,5,"Eurasian Wren","Troglodytes troglodytes","#871aa2","avian","https://media.birdweather.com/species/5/EurasianWren-standard-9c09f98281df1112cec97e5b2520b7ac.jpg","https://media.birdweather.com/species/5/EurasianWren-thumbnail-7ee2ceda5807a63f70243cd666e8e3c8.jpg","https://media.birdweather.com/species/5/EurasianWren-png200-a33056cab50c84c6025cfd25b6f18c19.png","JwgGDwDcVHlfhXmJhXiXWJiJaEAXA5IC",11567655907,"https://media.birdweather.com/soundscapes/6891/6891-20260508-164321.flac",0,3,"birdnetpi"
7568994688,6891,"2026-05-08T18:42:48.000+02:00",0.92,0.476928234100342,8.77242253617769,"almost_certain","2p4",NA,51.5645,6.0034,FALSE,103,"Eurasian Collared-Dove","Streptopelia decaocto","#006e2a","avian","https://media.birdweather.com/species/103/EurasianCollared-Dove-standard-e0c74c4f1ffe5357c4759579380dab35.jpg","https://media.birdweather.com/species/103/EurasianCollared-Dove-thumbnail-53ccb5f0a5d0640a1e766dd99c28ebca.jpg","https://media.birdweather.com/species/103/EurasianCollared-Dove-png200-4efa83c8c5efbdb09427b3c3fa247357.png","pvcFFwLpd4RvlJeUWZh2eXh4VxBqBZIH",11567639488,"https://media.birdweather.com/soundscapes/6891/6891-20260508-164248.flac",0,3,"birdnetpi"
7568989711,6891,"2026-05-08T18:42:42.000+02:00",0.82,0.997795641422272,9.52799572422868,"almost_certain","2p4",NA,51.568,6.0046,FALSE,407,"Common Wood-Pigeon","Columba palumbus","#028fb2","avian","https://media.birdweather.com/species/407/CommonWood-Pigeon-standard-5558900260c92622ceef8a812b06518e.jpg","https://media.birdweather.com/species/407/CommonWood-Pigeon-thumbnail-4b86c907c8b82c8af31d566b811dee05.jpg","https://media.birdweather.com/species/407/CommonWood-Pigeon-png200-533b13201573be3895fcec3e61e861b5.png","2ukFHwIHiYeWxnZUiniYZ3h5h6+rCIQH",11567634286,"https://media.birdweather.com/soundscapes/6891/6891-20260508-164242.flac",0,3,"birdnetpi"
7568978311,6891,"2026-05-08T18:42:14.000+02:00",0.99,0.824159979820251,9.65645692647849,"almost_certain","2p4",NA,51.5685,6.0015,FALSE,5,"Eurasian Wren","Troglodytes troglodytes","#871aa2","avian","https://media.birdweather.com/species/5/EurasianWren-standard-9c09f98281df1112cec97e5b2520b7ac.jpg","https://media.birdweather.com/species/5/EurasianWren-thumbnail-7ee2ceda5807a63f70243cd666e8e3c8.jpg","https://media.birdweather.com/species/5/EurasianWren-png200-a33056cab50c84c6025cfd25b6f18c19.png","JwgGDwDcVHlfhXmJhXiXWJiJaEAXA5IC",11567622581,"https://media.birdweather.com/soundscapes/6891/6891-20260508-164214.flac",0,3,"birdnetpi"
7568974091,6891,"2026-05-08T18:42:08.000+02:00",0.85,0.997795641422272,9.60483829354061,"almost_certain","2p4",NA,51.562,6.0068,FALSE,407,"Common Wood-Pigeon","Columba palumbus","#028fb2","avian","https://media.birdweather.com/species/407/CommonWood-Pigeon-standard-5558900260c92622ceef8a812b06518e.jpg","https://media.birdweather.com/species/407/CommonWood-Pigeon-thumbnail-4b86c907c8b82c8af31d566b811dee05.jpg","https://media.birdweather.com/species/407/CommonWood-Pigeon-png200-533b13201573be3895fcec3e61e861b5.png","2ukFHwIHiYeWxnZUiniYZ3h5h6+rCIQH",11567618339,"https://media.birdweather.com/soundscapes/6891/6891-20260508-164208.flac",0,3,"birdnetpi"
7568960538,6891,"2026-05-08T18:41:38.000+02:00",0.95,0.997795641422272,9.83370238952915,"almost_certain","2p4",NA,51.5676,6.0065,FALSE,407,"Common Wood-Pigeon","Columba palumbus","#028fb2","avian","https://media.birdweather.com/species/407/CommonWood-Pigeon-standard-5558900260c92622ceef8a812b06518e.jpg","https://media.birdweather.com/species/407/CommonWood-Pigeon-thumbnail-4b86c907c8b82c8af31d566b811dee05.jpg","https://media.birdweather.com/species/407/CommonWood-Pigeon-png200-533b13201573be3895fcec3e61e861b5.png","2ukFHwIHiYeWxnZUiniYZ3h5h6+rCIQH",11567604307,"https://media.birdweather.com/soundscapes/6891/6891-20260508-164138.flac",0,3,"birdnetpi"
7568936959,6891,"2026-05-08T18:40:47.000+02:00",0.94,0.997795641422272,9.81246165397488,"almost_certain","2p4",NA,51.5677,6.0034,FALSE,407,"Common Wood-Pigeon","Columba palumbus","#028fb2","avian","https://media.birdweather.com/species/407/CommonWood-Pigeon-standard-5558900260c92622ceef8a812b06518e.jpg","https://media.birdweather.com/species/407/CommonWood-Pigeon-thumbnail-4b86c907c8b82c8af31d566b811dee05.jpg","https://media.birdweather.com/species/407/CommonWood-Pigeon-png200-533b13201573be3895fcec3e61e861b5.png","2ukFHwIHiYeWxnZUiniYZ3h5h6+rCIQH",11567579866,"https://media.birdweather.com/soundscapes/6891/6891-20260508-164047.flac",0,3,"birdnetpi"
7568920202,6891,"2026-05-08T18:40:06.000+02:00",0.93,0.997795641422272,9.79088640492852,"almost_certain","2p4",NA,51.5619,6.0011,FALSE,407,"Common Wood-Pigeon","Columba palumbus","#028fb2","avian","https://media.birdweather.com/species/407/CommonWood-Pigeon-standard-5558900260c92622ceef8a812b06518e.jpg","https://media.birdweather.com/species/407/CommonWood-Pigeon-thumbnail-4b86c907c8b82c8af31d566b811dee05.jpg","https://media.birdweather.com/species/407/CommonWood-Pigeon-png200-533b13201573be3895fcec3e61e861b5.png","2ukFHwIHiYeWxnZUiniYZ3h5h6+rCIQH",11567562855,"https://media.birdweather.com/soundscapes/6891/6891-20260508-164006.flac",0,3,"birdnetpi"
7568904899,6891,"2026-05-08T18:39:32.000+02:00",0.99,0.824159979820251,9.65645692647849,"almost_certain","2p4",NA,51.5656,6.0015,FALSE,5,"Eurasian Wren","Troglodytes troglodytes","#871aa2","avian","https://media.birdweather.com/species/5/EurasianWren-standard-9c09f98281df1112cec97e5b2520b7ac.jpg","https://media.birdweather.com/species/5/EurasianWren-thumbnail-7ee2ceda5807a63f70243cd666e8e3c8.jpg","https://media.birdweather.com/species/5/EurasianWren-png200-a33056cab50c84c6025cfd25b6f18c19.png","JwgGDwDcVHlfhXmJhXiXWJiJaEAXA5IC",11567547289,"https://media.birdweather.com/soundscapes/6891/6891-20260508-163932.flac",0,3,"birdnetpi"
7568898026,6891,"2026-05-08T18:39:20.000+02:00",1,0.824159979820251,9.67616949678787,"almost_certain","2p4",NA,51.566,6.0078,FALSE,5,"Eurasian Wren","Troglodytes troglodytes","#871aa2","avian","https://media.birdweather.com/species/5/EurasianWren-standard-9c09f98281df1112cec97e5b2520b7ac.jpg","https://media.birdweather.com/species/5/EurasianWren-thumbnail-7ee2ceda5807a63f70243cd666e8e3c8.jpg","https://media.birdweather.com/species/5/EurasianWren-png200-a33056cab50c84c6025cfd25b6f18c19.png","JwgGDwDcVHlfhXmJhXiXWJiJaEAXA5IC",11567540249,"https://media.birdweather.com/soundscapes/6891/6891-20260508-163920.flac",0,3,"birdnetpi"
7568890181,6891,"2026-05-08T18:39:01.000+02:00",0.98,0.622888922691345,9.25815809161126,"almost_certain","2p4",NA,51.5694,6.0067,FALSE,76,"Eurasian Jackdaw","Corvus monedula","#f36f1b","avian","https://media.birdweather.com/species/76/EurasianJackdaw-standard-55cbd4006f743c538a3264a1fb86d41c.jpg","https://media.birdweather.com/species/76/EurasianJackdaw-thumbnail-80ecf23afe76ea22483b4f8043e19339.jpg","https://media.birdweather.com/species/76/EurasianJackdaw-png200-862dbf9b3725619bb5532ba255c32118.png","4AgKDwL2i2d1homOY0modph5OL/1qHAJ",11567532253,"https://media.birdweather.com/soundscapes/6891/6891-20260508-163901.flac",0,3,"birdnetpi"
7568884144,6891,"2026-05-08T18:38:45.000+02:00",1,0.824159979820251,9.67616949678787,"almost_certain","2p4",NA,51.565,6.009,FALSE,5,"Eurasian Wren","Troglodytes troglodytes","#871aa2","avian","https://media.birdweather.com/species/5/EurasianWren-standard-9c09f98281df1112cec97e5b2520b7ac.jpg","https://media.birdweather.com/species/5/EurasianWren-thumbnail-7ee2ceda5807a63f70243cd666e8e3c8.jpg","https://media.birdweather.com/species/5/EurasianWren-png200-a33056cab50c84c6025cfd25b6f18c19.png","JwgGDwDcVHlfhXmJhXiXWJiJaEAXA5IC",11567526091,"https://media.birdweather.com/soundscapes/6891/6891-20260508-163845.flac",0,3,"birdnetpi"
7568873092,6891,"2026-05-08T18:38:21.000+02:00",1,0.824159979820251,9.67616949678787,"almost_certain","2p4",NA,51.568,6.008,FALSE,5,"Eurasian Wren","Troglodytes troglodytes","#871aa2","avian","https://media.birdweather.com/species/5/EurasianWren-standard-9c09f98281df1112cec97e5b2520b7ac.jpg","https://media.birdweather.com/species/5/EurasianWren-thumbnail-7ee2ceda5807a63f70243cd666e8e3c8.jpg","https://media.birdweather.com/species/5/EurasianWren-png200-a33056cab50c84c6025cfd25b6f18c19.png","JwgGDwDcVHlfhXmJhXiXWJiJaEAXA5IC",11567514843,"https://media.birdweather.com/soundscapes/6891/6891-20260508-163821.flac",0,3,"birdnetpi"
7568865903,6891,"2026-05-08T18:38:10.000+02:00",1,0.824159979820251,9.67616949678787,"almost_certain","2p4",NA,51.5618,6.0063,FALSE,5,"Eurasian Wren","Troglodytes troglodytes","#871aa2","avian","https://media.birdweather.com/species/5/EurasianWren-standard-9c09f98281df1112cec97e5b2520b7ac.jpg","https://media.birdweather.com/species/5/EurasianWren-thumbnail-7ee2ceda5807a63f70243cd666e8e3c8.jpg","https://media.birdweather.com/species/5/EurasianWren-png200-a33056cab50c84c6025cfd25b6f18c19.png","JwgGDwDcVHlfhXmJhXiXWJiJaEAXA5IC",11567507691,"https://media.birdweather.com/soundscapes/6891/6891-20260508-163810.flac",0,3,"birdnetpi"
7568851345,6891,"2026-05-08T18:37:34.000+02:00",0.99,0.824159979820251,9.65645692647849,"almost_certain","2p4",NA,51.5628,6.0031,FALSE,5,"Eurasian Wren","Troglodytes troglodytes","#871aa2","avian","https://media.birdweather.com/species/5/EurasianWren-standard-9c09f98281df1112cec97e5b2520b7ac.jpg","https://media.birdweather.com/species/5/EurasianWren-thumbnail-7ee2ceda5807a63f70243cd666e8e3c8.jpg","https://media.birdweather.com/species/5/EurasianWren-png200-a33056cab50c84c6025cfd25b6f18c19.png","JwgGDwDcVHlfhXmJhXiXWJiJaEAXA5IC",11567492740,"https://media.birdweather.com/soundscapes/6891/6891-20260508-163734.flac",0,3,"birdnetpi"
7568837527,6891,"2026-05-08T18:37:04.000+02:00",1,0.824159979820251,9.67616949678787,"almost_certain","2p4",NA,51.564,6.0081,FALSE,5,"Eurasian Wren","Troglodytes troglodytes","#871aa2","avian","https://media.birdweather.com/species/5/EurasianWren-standard-9c09f98281df1112cec97e5b2520b7ac.jpg","https://media.birdweather.com/species/5/EurasianWren-thumbnail-7ee2ceda5807a63f70243cd666e8e3c8.jpg","https://media.birdweather.com/species/5/EurasianWren-png200-a33056cab50c84c6025cfd25b6f18c19.png","JwgGDwDcVHlfhXmJhXiXWJiJaEAXA5IC",11567478689,"https://media.birdweather.com/soundscapes/6891/6891-20260508-163704.flac",0,3,"birdnetpi"
7568817432,6891,"2026-05-08T18:36:20.000+02:00",0.93,0.824159979820251,9.53182559033664,"almost_certain","2p4",NA,51.5626,6.002,FALSE,5,"Eurasian Wren","Troglodytes troglodytes","#871aa2","avian","https://media.birdweather.com/species/5/EurasianWren-standard-9c09f98281df1112cec97e5b2520b7ac.jpg","https://media.birdweather.com/species/5/EurasianWren-thumbnail-7ee2ceda5807a63f70243cd666e8e3c8.jpg","https://media.birdweather.com/species/5/EurasianWren-png200-a33056cab50c84c6025cfd25b6f18c19.png","JwgGDwDcVHlfhXmJhXiXWJiJaEAXA5IC",11567457978,"https://media.birdweather.com/soundscapes/6891/6891-20260508-163620.flac",0,3,"birdnetpi"
7568773299,6891,"2026-05-08T18:34:47.000+02:00",0.98,0.824159979820251,9.63645657127151,"almost_certain","2p4",NA,51.5617,6.0054,FALSE,5,"Eurasian Wren","Troglodytes troglodytes","#871aa2","avian","https://media.birdweather.com/species/5/EurasianWren-standard-9c09f98281df1112cec97e5b2520b7ac.jpg","https://media.birdweather.com/species/5/EurasianWren-thumbnail-7ee2ceda5807a63f70243cd666e8e3c8.jpg","https://media.birdweather.com/species/5/EurasianWren-png200-a33056cab50c84c6025cfd25b6f18c19.png","JwgGDwDcVHlfhXmJhXiXWJiJaEAXA5IC",11567412729,"https://media.birdweather.com/soundscapes/6891/6891-20260508-163447.flac",0,3,"birdnetpi"
7568707771,6891,"2026-05-08T18:32:25.000+02:00",0.99,0.824159979820251,9.65645692647849,"almost_certain","2p4",NA,51.5688,6.0091,FALSE,5,"Eurasian Wren","Troglodytes troglodytes","#871aa2","avian","https://media.birdweather.com/species/5/EurasianWren-standard-9c09f98281df1112cec97e5b2520b7ac.jpg","https://media.birdweather.com/species/5/EurasianWren-thumbnail-7ee2ceda5807a63f70243cd666e8e3c8.jpg","https://media.birdweather.com/species/5/EurasianWren-png200-a33056cab50c84c6025cfd25b6f18c19.png","JwgGDwDcVHlfhXmJhXiXWJiJaEAXA5IC",11567346001,"https://media.birdweather.com/soundscapes/6891/6891-20260508-163225.flac",0,3,"birdnetpi"
7568699488,6891,"2026-05-08T18:32:07.000+02:00",0.98,0.824159979820251,9.63645657127151,"almost_certain","2p4",NA,51.562,6.0055,FALSE,5,"Eurasian Wren","Troglodytes troglodytes","#871aa2","avian","https://media.birdweather.com/species/5/EurasianWren-standard-9c09f98281df1112cec97e5b2520b7ac.jpg","https://media.birdweather.com/species/5/EurasianWren-thumbnail-7ee2ceda5807a63f70243cd666e8e3c8.jpg","https://media.birdweather.com/species/5/EurasianWren-png200-a33056cab50c84c6025cfd25b6f18c19.png","JwgGDwDcVHlfhXmJhXiXWJiJaEAXA5IC",11567337579,"https://media.birdweather.com/soundscapes/6891/6891-20260508-163207.flac",0,3,"birdnetpi"
7568678637,6891,"2026-05-08T18:31:23.000+02:00",1,0.824159979820251,9.67616949678787,"almost_certain","2p4",NA,51.5639,6.0014,FALSE,5,"Eurasian Wren","Troglodytes troglodytes","#871aa2","avian","https://media.birdweather.com/species/5/EurasianWren-standard-9c09f98281df1112cec97e5b2520b7ac.jpg","https://media.birdweather.com/species/5/EurasianWren-thumbnail-7ee2ceda5807a63f70243cd666e8e3c8.jpg","https://media.birdweather.com/species/5/EurasianWren-png200-a33056cab50c84c6025cfd25b6f18c19.png","JwgGDwDcVHlfhXmJhXiXWJiJaEAXA5IC",11567316393,"https://media.birdweather.com/soundscapes/6891/6891-20260508-163123.flac",0,3,"birdnetpi"
7568654115,6891,"2026-05-08T18:30:27.000+02:00",0.98,0.824159979820251,9.63645657127151,"almost_certain","2p4",NA,51.5694,6.0027,FALSE,5,"Eurasian Wren","Troglodytes troglodytes","#871aa2","avian","https://media.birdweather.com/species/5/EurasianWren-standard-9c09f98281df1112cec97e5b2520b7ac.jpg","https://media.birdweather.com/species/5/EurasianWren-thumbnail-7ee2ceda5807a63f70243cd666e8e3c8.jpg","https://media.birdweather.com/species/5/EurasianWren-png200-a33056cab50c84c6025cfd25b6f18c19.png","JwgGDwDcVHlfhXmJhXiXWJiJaEAXA5IC",11567291524,"https://media.birdweather.com/soundscapes/6891/6891-20260508-163027.flac",0,3,"birdnetpi"
7568489587,6891,"2026-05-08T18:24:36.000+02:00",0.97,0.824159979820251,9.61615990374587,"almost_certain","2p4",NA,51.5684,6.0014,FALSE,5,"Eurasian Wren","Troglodytes troglodytes","#871aa2","avian","https://media.birdweather.com/species/5/EurasianWren-standard-9c09f98281df1112cec97e5b2520b7ac.jpg","https://media.birdweather.com/species/5/EurasianWren-thumbnail-7ee2ceda5807a63f70243cd666e8e3c8.jpg","https://media.birdweather.com/species/5/EurasianWren-png200-a33056cab50c84c6025cfd25b6f18c19.png","JwgGDwDcVHlfhXmJhXiXWJiJaEAXA5IC",11567125616,"https://media.birdweather.com/soundscapes/6891/6891-20260508-162436.flac",0,3,"birdnetpi"
7568322924,6891,"2026-05-08T18:18:31.000+02:00",0.81,0.839938700199127,9.26800459377102,"almost_certain","2p4",NA,51.5668,6.0075,FALSE,1,"House Sparrow","Passer domesticus","#d16ff8","avian","https://media.birdweather.com/species/1/HouseSparrow-standard-b861184cf45c092cdb45fd689dd676ef.jpg","https://media.birdweather.com/species/1/HouseSparrow-thumbnail-e9cbc91763a1579de8ef04880678b5e3.jpg","https://media.birdweather.com/species/1/HouseSparrow-png200-125e8603e1efe9d7a18316b94f06a65e.png","XAgCDwD8qpukuHiqtLZ9mImnmPFcDO4E",11566954941,"https://media.birdweather.com/soundscapes/6891/6891-20260508-161831.flac",0,3,"birdnetpi"
7568288494,6891,"2026-05-08T18:17:26.000+02:00",0.71,0.999183833599091,9.20427137467778,"almost_certain","2p4",NA,51.5659,6.0089,FALSE,35,"Eurasian Blackbird","Turdus merula","#ff65df","avian","https://media.birdweather.com/species/35/EurasianBlackbird-standard-618b3a5132c7c359fb2a2884c39deb39.jpg","https://media.birdweather.com/species/35/EurasianBlackbird-thumbnail-276878929bed08167d1fd9bf34d63d40.jpg","https://media.birdweather.com/species/35/EurasianBlackbird-png200-ba5a1b43225da4611cac429c52a52c81.png","GfkFFwKRmrx2ZYiaaQe69nlzScn3T7IA",11566921659,"https://media.birdweather.com/soundscapes/6891/6891-20260508-161726.flac",0,3,"birdnetpi"
7568247461,6891,"2026-05-08T18:15:50.000+02:00",0.72,0.999183833599091,9.23728502034109,"almost_certain","2p4",NA,51.5642,6.0019,FALSE,35,"Eurasian Blackbird","Turdus merula","#ff65df","avian","https://media.birdweather.com/species/35/EurasianBlackbird-standard-618b3a5132c7c359fb2a2884c39deb39.jpg","https://media.birdweather.com/species/35/EurasianBlackbird-thumbnail-276878929bed08167d1fd9bf34d63d40.jpg","https://media.birdweather.com/species/35/EurasianBlackbird-png200-ba5a1b43225da4611cac429c52a52c81.png","GfkFFwKRmrx2ZYiaaQe69nlzScn3T7IA",11566878095,"https://media.birdweather.com/soundscapes/6891/6891-20260508-161550.flac",0,3,"birdnetpi"
7568236697,6891,"2026-05-08T18:15:25.000+02:00",0.99,0.999183833599091,9.91740355459112,"almost_certain","2p4",NA,51.5649,6.0067,FALSE,35,"Eurasian Blackbird","Turdus merula","#ff65df","avian","https://media.birdweather.com/species/35/EurasianBlackbird-standard-618b3a5132c7c359fb2a2884c39deb39.jpg","https://media.birdweather.com/species/35/EurasianBlackbird-thumbnail-276878929bed08167d1fd9bf34d63d40.jpg","https://media.birdweather.com/species/35/EurasianBlackbird-png200-ba5a1b43225da4611cac429c52a52c81.png","GfkFFwKRmrx2ZYiaaQe69nlzScn3T7IA",11566867020,"https://media.birdweather.com/soundscapes/6891/6891-20260508-161525.flac",0,3,"birdnetpi"
7568223722,6891,"2026-05-08T18:14:57.000+02:00",0.83,0.999183833599091,9.55597756485928,"almost_certain","2p4",NA,51.5679,6.0069,FALSE,35,"Eurasian Blackbird","Turdus merula","#ff65df","avian","https://media.birdweather.com/species/35/EurasianBlackbird-standard-618b3a5132c7c359fb2a2884c39deb39.jpg","https://media.birdweather.com/species/35/EurasianBlackbird-thumbnail-276878929bed08167d1fd9bf34d63d40.jpg","https://media.birdweather.com/species/35/EurasianBlackbird-png200-ba5a1b43225da4611cac429c52a52c81.png","GfkFFwKRmrx2ZYiaaQe69nlzScn3T7IA",11566854350,"https://media.birdweather.com/soundscapes/6891/6891-20260508-161457.flac",0,3,"birdnetpi"
7568199029,6891,"2026-05-08T18:14:12.000+02:00",0.79,0.999183833599091,9.44847145170443,"almost_certain","2p4",NA,51.5691,6.0088,FALSE,35,"Eurasian Blackbird","Turdus merula","#ff65df","avian","https://media.birdweather.com/species/35/EurasianBlackbird-standard-618b3a5132c7c359fb2a2884c39deb39.jpg","https://media.birdweather.com/species/35/EurasianBlackbird-thumbnail-276878929bed08167d1fd9bf34d63d40.jpg","https://media.birdweather.com/species/35/EurasianBlackbird-png200-ba5a1b43225da4611cac429c52a52c81.png","GfkFFwKRmrx2ZYiaaQe69nlzScn3T7IA",11566829412,"https://media.birdweather.com/soundscapes/6891/6891-20260508-161412.flac",0,3,"birdnetpi"
7568134195,6891,"2026-05-08T18:11:47.000+02:00",0.99,0.419734984636307,8.74779551818864,"almost_certain","2p4",NA,51.5642,6.0046,FALSE,119,"Common House-Martin","Delichon urbicum","#53b1ff","avian","https://media.birdweather.com/species/119/CommonHouse-Martin-standard-9ffbcc688c51210fb136a162c84d82ad.jpg","https://media.birdweather.com/species/119/CommonHouse-Martin-thumbnail-dd7059ca6235347c3097e7a66f04df95.jpg","https://media.birdweather.com/species/119/CommonHouse-Martin-png200-a73a8953ce2af50676da81e70b2746b2.png","YhgKDwKJd4iIiHd/h5h5d4mIeQqVllAH",11566763414,"https://media.birdweather.com/soundscapes/6891/6891-20260508-161147.flac",0,3,"birdnetpi"
7568117340,6891,"2026-05-08T18:11:11.000+02:00",0.8,0.992669761180878,9.46727743127294,"almost_certain","2p4",NA,51.5703,6.0079,FALSE,58,"Carrion Crow","Corvus corone","#01a85a","avian","https://media.birdweather.com/species/58/CarrionCrow-standard-ed24da07616d0cd7c5ef9cd2892ec869.jpg","https://media.birdweather.com/species/58/CarrionCrow-thumbnail-38cc6285bbd8f8340f32fa4dc3f58a69.jpg","https://media.birdweather.com/species/58/CarrionCrow-png200-5ec2904f61f6588853b296f54d8d0cb6.png","nggODwDDmZlqdoiPdLeIWIiYaK6A1gMK",11566746599,"https://media.birdweather.com/soundscapes/6891/6891-20260508-161111.flac",0,3,"birdnetpi"
7567876800,6891,"2026-05-08T18:02:42.000+02:00",0.93,0.622888922691345,9.1535271106764,"almost_certain","2p4",NA,51.5689,6.0016,FALSE,76,"Eurasian Jackdaw","Corvus monedula","#f36f1b","avian","https://media.birdweather.com/species/76/EurasianJackdaw-standard-55cbd4006f743c538a3264a1fb86d41c.jpg","https://media.birdweather.com/species/76/EurasianJackdaw-thumbnail-80ecf23afe76ea22483b4f8043e19339.jpg","https://media.birdweather.com/species/76/EurasianJackdaw-png200-862dbf9b3725619bb5532ba255c32118.png","4AgKDwL2i2d1homOY0modph5OL/1qHAJ",11566505409,"https://media.birdweather.com/soundscapes/6891/6891-20260508-160242.flac",0,3,"birdnetpi"
7567850813,6891,"2026-05-08T18:01:42.000+02:00",0.78,0.992669761180878,9.41135129878019,"almost_certain","2p4",NA,51.5676,6.0087,FALSE,58,"Carrion Crow","Corvus corone","#01a85a","avian","https://media.birdweather.com/species/58/CarrionCrow-standard-ed24da07616d0cd7c5ef9cd2892ec869.jpg","https://media.birdweather.com/species/58/CarrionCrow-thumbnail-38cc6285bbd8f8340f32fa4dc3f58a69.jpg","https://media.birdweather.com/species/58/CarrionCrow-png200-5ec2904f61f6588853b296f54d8d0cb6.png","nggODwDDmZlqdoiPdLeIWIiYaK6A1gMK",11566479637,"https://media.birdweather.com/soundscapes/6891/6891-20260508-160142.flac",0,3,"birdnetpi"
7567661695,6891,"2026-05-08T17:54:59.000+02:00",0.81,0.839938700199127,9.26800459377102,"almost_certain","2p4",NA,51.5615,6.0006,FALSE,1,"House Sparrow","Passer domesticus","#d16ff8","avian","https://media.birdweather.com/species/1/HouseSparrow-standard-b861184cf45c092cdb45fd689dd676ef.jpg","https://media.birdweather.com/species/1/HouseSparrow-thumbnail-e9cbc91763a1579de8ef04880678b5e3.jpg","https://media.birdweather.com/species/1/HouseSparrow-png200-125e8603e1efe9d7a18316b94f06a65e.png","XAgCDwD8qpukuHiqtLZ9mImnmPFcDO4E",11566290047,"https://media.birdweather.com/soundscapes/6891/6891-20260508-155459.flac",0,3,"birdnetpi"
7567639319,6891,"2026-05-08T17:54:13.000+02:00",0.7,0.839938700199127,8.93516832907478,"almost_certain","2p4",NA,51.5668,6.0041,FALSE,1,"House Sparrow","Passer domesticus","#d16ff8","avian","https://media.birdweather.com/species/1/HouseSparrow-standard-b861184cf45c092cdb45fd689dd676ef.jpg","https://media.birdweather.com/species/1/HouseSparrow-thumbnail-e9cbc91763a1579de8ef04880678b5e3.jpg","https://media.birdweather.com/species/1/HouseSparrow-png200-125e8603e1efe9d7a18316b94f06a65e.png","XAgCDwD8qpukuHiqtLZ9mImnmPFcDO4E",11566267508,"https://media.birdweather.com/soundscapes/6891/6891-20260508-155413.flac",0,3,"birdnetpi"
7567619864,6891,"2026-05-08T17:53:39.000+02:00",0.86,0.824159979820251,9.3704628314874,"almost_certain","2p4",NA,51.5644,6.0085,FALSE,5,"Eurasian Wren","Troglodytes troglodytes","#871aa2","avian","https://media.birdweather.com/species/5/EurasianWren-standard-9c09f98281df1112cec97e5b2520b7ac.jpg","https://media.birdweather.com/species/5/EurasianWren-thumbnail-7ee2ceda5807a63f70243cd666e8e3c8.jpg","https://media.birdweather.com/species/5/EurasianWren-png200-a33056cab50c84c6025cfd25b6f18c19.png","JwgGDwDcVHlfhXmJhXiXWJiJaEAXA5IC",11566248146,"https://media.birdweather.com/soundscapes/6891/6891-20260508-155339.flac",0,3,"birdnetpi"
7567578465,6891,"2026-05-08T17:52:05.000+02:00",0.97,0.419734984636307,8.70749849545602,"almost_certain","2p4",NA,51.5678,6.0074,FALSE,119,"Common House-Martin","Delichon urbicum","#53b1ff","avian","https://media.birdweather.com/species/119/CommonHouse-Martin-standard-9ffbcc688c51210fb136a162c84d82ad.jpg","https://media.birdweather.com/species/119/CommonHouse-Martin-thumbnail-dd7059ca6235347c3097e7a66f04df95.jpg","https://media.birdweather.com/species/119/CommonHouse-Martin-png200-a73a8953ce2af50676da81e70b2746b2.png","YhgKDwKJd4iIiHd/h5h5d4mIeQqVllAH",11566206206,"https://media.birdweather.com/soundscapes/6891/6891-20260508-155205.flac",0,3,"birdnetpi"
7567528978,6891,"2026-05-08T17:50:17.000+02:00",0.81,0.419734984636307,8.33367072372272,"almost_certain","2p4",NA,51.5631,6.003,FALSE,119,"Common House-Martin","Delichon urbicum","#53b1ff","avian","https://media.birdweather.com/species/119/CommonHouse-Martin-standard-9ffbcc688c51210fb136a162c84d82ad.jpg","https://media.birdweather.com/species/119/CommonHouse-Martin-thumbnail-dd7059ca6235347c3097e7a66f04df95.jpg","https://media.birdweather.com/species/119/CommonHouse-Martin-png200-a73a8953ce2af50676da81e70b2746b2.png","YhgKDwKJd4iIiHd/h5h5d4mIeQqVllAH",11566156978,"https://media.birdweather.com/soundscapes/6891/6891-20260508-155017.flac",0,3,"birdnetpi"
7567355081,6891,"2026-05-08T17:44:16.000+02:00",0.88,0.999183833599091,9.67948456774147,"almost_certain","2p4",NA,51.5635,6.0019,FALSE,35,"Eurasian Blackbird","Turdus merula","#ff65df","avian","https://media.birdweather.com/species/35/EurasianBlackbird-standard-618b3a5132c7c359fb2a2884c39deb39.jpg","https://media.birdweather.com/species/35/EurasianBlackbird-thumbnail-276878929bed08167d1fd9bf34d63d40.jpg","https://media.birdweather.com/species/35/EurasianBlackbird-png200-ba5a1b43225da4611cac429c52a52c81.png","GfkFFwKRmrx2ZYiaaQe69nlzScn3T7IA",11565981975,"https://media.birdweather.com/soundscapes/6891/6891-20260508-154416.flac",0,3,"birdnetpi"
7567347839,6891,"2026-05-08T17:43:57.000+02:00",0.74,0.999183833599091,9.30101744176089,"almost_certain","2p4",NA,51.5647,6.0077,FALSE,35,"Eurasian Blackbird","Turdus merula","#ff65df","avian","https://media.birdweather.com/species/35/EurasianBlackbird-standard-618b3a5132c7c359fb2a2884c39deb39.jpg","https://media.birdweather.com/species/35/EurasianBlackbird-thumbnail-276878929bed08167d1fd9bf34d63d40.jpg","https://media.birdweather.com/species/35/EurasianBlackbird-png200-ba5a1b43225da4611cac429c52a52c81.png","GfkFFwKRmrx2ZYiaaQe69nlzScn3T7IA",11565975085,"https://media.birdweather.com/soundscapes/6891/6891-20260508-154357.flac",0,3,"birdnetpi"
7567298053,6891,"2026-05-08T17:42:10.000+02:00",0.72,0.999183833599091,9.23728502034109,"almost_certain","2p4",NA,51.5624,6.0027,FALSE,35,"Eurasian Blackbird","Turdus merula","#ff65df","avian","https://media.birdweather.com/species/35/EurasianBlackbird-standard-618b3a5132c7c359fb2a2884c39deb39.jpg","https://media.birdweather.com/species/35/EurasianBlackbird-thumbnail-276878929bed08167d1fd9bf34d63d40.jpg","https://media.birdweather.com/species/35/EurasianBlackbird-png200-ba5a1b43225da4611cac429c52a52c81.png","GfkFFwKRmrx2ZYiaaQe69nlzScn3T7IA",11565925397,"https://media.birdweather.com/soundscapes/6891/6891-20260508-154210.flac",0,3,"birdnetpi"
7567229873,6891,"2026-05-08T17:39:43.000+02:00",0.72,0.999183833599091,9.23728502034109,"almost_certain","2p4",NA,51.5647,6.0054,FALSE,35,"Eurasian Blackbird","Turdus merula","#ff65df","avian","https://media.birdweather.com/species/35/EurasianBlackbird-standard-618b3a5132c7c359fb2a2884c39deb39.jpg","https://media.birdweather.com/species/35/EurasianBlackbird-thumbnail-276878929bed08167d1fd9bf34d63d40.jpg","https://media.birdweather.com/species/35/EurasianBlackbird-png200-ba5a1b43225da4611cac429c52a52c81.png","GfkFFwKRmrx2ZYiaaQe69nlzScn3T7IA",11565856869,"https://media.birdweather.com/soundscapes/6891/6891-20260508-153943.flac",0,3,"birdnetpi"
7567200886,6891,"2026-05-08T17:38:38.000+02:00",0.75,0.997795641422272,9.32991944075746,"almost_certain","2p4",NA,51.5668,6.0071,FALSE,407,"Common Wood-Pigeon","Columba palumbus","#028fb2","avian","https://media.birdweather.com/species/407/CommonWood-Pigeon-standard-5558900260c92622ceef8a812b06518e.jpg","https://media.birdweather.com/species/407/CommonWood-Pigeon-thumbnail-4b86c907c8b82c8af31d566b811dee05.jpg","https://media.birdweather.com/species/407/CommonWood-Pigeon-png200-533b13201573be3895fcec3e61e861b5.png","2ukFHwIHiYeWxnZUiniYZ3h5h6+rCIQH",11565827377,"https://media.birdweather.com/soundscapes/6891/6891-20260508-153838.flac",0,3,"birdnetpi"
7567114422,6891,"2026-05-08T17:35:46.000+02:00",0.73,0.419734984636307,8.09991376539057,"almost_certain","2p4",NA,51.5701,6.0089,FALSE,119,"Common House-Martin","Delichon urbicum","#53b1ff","avian","https://media.birdweather.com/species/119/CommonHouse-Martin-standard-9ffbcc688c51210fb136a162c84d82ad.jpg","https://media.birdweather.com/species/119/CommonHouse-Martin-thumbnail-dd7059ca6235347c3097e7a66f04df95.jpg","https://media.birdweather.com/species/119/CommonHouse-Martin-png200-a73a8953ce2af50676da81e70b2746b2.png","YhgKDwKJd4iIiHd/h5h5d4mIeQqVllAH",11565742052,"https://media.birdweather.com/soundscapes/6891/6891-20260508-153546.flac",0,3,"birdnetpi"
7567105850,6891,"2026-05-08T17:35:26.000+02:00",0.82,0.933696985244751,9.43796539746209,"almost_certain","2p4",NA,51.5675,6.0052,FALSE,53,"European Starling","Sturnus vulgaris","#96038f","avian","https://media.birdweather.com/species/53/EuropeanStarling-standard-ff3a9beb497795d3bd4205bd86cf1652.jpg","https://media.birdweather.com/species/53/EuropeanStarling-thumbnail-974e70e3ea84a4be254312c2dfe527d5.jpg","https://media.birdweather.com/species/53/EuropeanStarling-png200-c81072eef7cc54f4bd51dcb88ed45765.png","FQgGBwD4dnmbZHhapUenmGh16HWAvzoO",11565733691,"https://media.birdweather.com/soundscapes/6891/6891-20260508-153526.flac",0,3,"birdnetpi"
7567023822,6891,"2026-05-08T17:32:28.000+02:00",0.79,0.933696985244751,9.35655531141709,"almost_certain","2p4",NA,51.5622,6.0007,FALSE,53,"European Starling","Sturnus vulgaris","#96038f","avian","https://media.birdweather.com/species/53/EuropeanStarling-standard-ff3a9beb497795d3bd4205bd86cf1652.jpg","https://media.birdweather.com/species/53/EuropeanStarling-thumbnail-974e70e3ea84a4be254312c2dfe527d5.jpg","https://media.birdweather.com/species/53/EuropeanStarling-png200-c81072eef7cc54f4bd51dcb88ed45765.png","FQgGBwD4dnmbZHhapUenmGh16HWAvzoO",11565653325,"https://media.birdweather.com/soundscapes/6891/6891-20260508-153228.flac",0,3,"birdnetpi"
7567019035,6891,"2026-05-08T17:32:19.000+02:00",0.98,0.689138293266296,9.39454657559416,"almost_certain","2p4",NA,51.5698,6.0038,FALSE,90,"Gray Heron","Ardea cinerea","#a70076","avian","https://media.birdweather.com/species/90/GrayHeron-standard-e3f0fccd9ae9722e5e8fbb19dbaf13d5.jpg","https://media.birdweather.com/species/90/GrayHeron-thumbnail-48938163008079f2a083eb422453fe97.jpg","https://media.birdweather.com/species/90/GrayHeron-png200-17ea141f1d862a12d8e4f1d98638157f.png","LOcJDwKIeId/h3iBh8eIR2iKpgfXaYAN",11565648678,"https://media.birdweather.com/soundscapes/6891/6891-20260508-153219.flac",0,3,"birdnetpi"
7567008106,6891,"2026-05-08T17:31:58.000+02:00",1,0.689138293266296,9.43425950111052,"almost_certain","2p4",NA,51.5631,6.0091,FALSE,90,"Gray Heron","Ardea cinerea","#a70076","avian","https://media.birdweather.com/species/90/GrayHeron-standard-e3f0fccd9ae9722e5e8fbb19dbaf13d5.jpg","https://media.birdweather.com/species/90/GrayHeron-thumbnail-48938163008079f2a083eb422453fe97.jpg","https://media.birdweather.com/species/90/GrayHeron-png200-17ea141f1d862a12d8e4f1d98638157f.png","LOcJDwKIeId/h3iBh8eIR2iKpgfXaYAN",11565638313,"https://media.birdweather.com/soundscapes/6891/6891-20260508-153158.flac",0,3,"birdnetpi"
7566933563,6891,"2026-05-08T17:29:18.000+02:00",0.8,0.689138293266296,8.97329253693946,"almost_certain","2p4",NA,51.567,6.0048,FALSE,90,"Gray Heron","Ardea cinerea","#a70076","avian","https://media.birdweather.com/species/90/GrayHeron-standard-e3f0fccd9ae9722e5e8fbb19dbaf13d5.jpg","https://media.birdweather.com/species/90/GrayHeron-thumbnail-48938163008079f2a083eb422453fe97.jpg","https://media.birdweather.com/species/90/GrayHeron-png200-17ea141f1d862a12d8e4f1d98638157f.png","LOcJDwKIeId/h3iBh8eIR2iKpgfXaYAN",11565564131,"https://media.birdweather.com/soundscapes/6891/6891-20260508-152918.flac",0,3,"birdnetpi"
7566858438,6891,"2026-05-08T17:26:42.000+02:00",0.99,0.672991514205933,9.38253533008261,"almost_certain","2p4",NA,51.569,6.0052,FALSE,44,"Dunnock","Prunella modularis","#fea614","avian","https://media.birdweather.com/species/44/Dunnock-standard-a705d7131240cedd1c407b5a19989591.jpg","https://media.birdweather.com/species/44/Dunnock-thumbnail-1036624855b82c96db4ad23d1ed9d702.jpg","https://media.birdweather.com/species/44/Dunnock-png200-951bb2cdb9ec585716907d8eac83882e.png","lQgGDwB9pneQhHlwWjeK2ZK6d/kdFaUA",11565489779,"https://media.birdweather.com/soundscapes/6891/6891-20260508-152642.flac",0,3,"birdnetpi"
7566811447,6891,"2026-05-08T17:25:00.000+02:00",0.74,0.839938700199127,9.06574327540671,"almost_certain","2p4",NA,51.5694,6.0082,FALSE,1,"House Sparrow","Passer domesticus","#d16ff8","avian","https://media.birdweather.com/species/1/HouseSparrow-standard-b861184cf45c092cdb45fd689dd676ef.jpg","https://media.birdweather.com/species/1/HouseSparrow-thumbnail-e9cbc91763a1579de8ef04880678b5e3.jpg","https://media.birdweather.com/species/1/HouseSparrow-png200-125e8603e1efe9d7a18316b94f06a65e.png","XAgCDwD8qpukuHiqtLZ9mImnmPFcDO4E",11565442455,"https://media.birdweather.com/soundscapes/6891/6891-20260508-152500.flac",0,3,"birdnetpi"
7566735433,6891,"2026-05-08T17:22:22.000+02:00",0.91,0.839938700199127,9.51330067085613,"almost_certain","2p4",NA,51.5645,6.0019,FALSE,1,"House Sparrow","Passer domesticus","#d16ff8","avian","https://media.birdweather.com/species/1/HouseSparrow-standard-b861184cf45c092cdb45fd689dd676ef.jpg","https://media.birdweather.com/species/1/HouseSparrow-thumbnail-e9cbc91763a1579de8ef04880678b5e3.jpg","https://media.birdweather.com/species/1/HouseSparrow-png200-125e8603e1efe9d7a18316b94f06a65e.png","XAgCDwD8qpukuHiqtLZ9mImnmPFcDO4E",11565367613,"https://media.birdweather.com/soundscapes/6891/6891-20260508-152222.flac",0,3,"birdnetpi"
7566687962,6891,"2026-05-08T17:20:44.000+02:00",0.85,0.419734984636307,8.43711607065888,"almost_certain","2p4",NA,51.5639,6.0043,FALSE,119,"Common House-Martin","Delichon urbicum","#53b1ff","avian","https://media.birdweather.com/species/119/CommonHouse-Martin-standard-9ffbcc688c51210fb136a162c84d82ad.jpg","https://media.birdweather.com/species/119/CommonHouse-Martin-thumbnail-dd7059ca6235347c3097e7a66f04df95.jpg","https://media.birdweather.com/species/119/CommonHouse-Martin-png200-a73a8953ce2af50676da81e70b2746b2.png","YhgKDwKJd4iIiHd/h5h5d4mIeQqVllAH",11565320951,"https://media.birdweather.com/soundscapes/6891/6891-20260508-152044.flac",0,3,"birdnetpi"
7566681526,6891,"2026-05-08T17:20:29.000+02:00",0.83,0.999183833599091,9.55597756485928,"almost_certain","2p4",NA,51.5679,6.0008,FALSE,35,"Eurasian Blackbird","Turdus merula","#ff65df","avian","https://media.birdweather.com/species/35/EurasianBlackbird-standard-618b3a5132c7c359fb2a2884c39deb39.jpg","https://media.birdweather.com/species/35/EurasianBlackbird-thumbnail-276878929bed08167d1fd9bf34d63d40.jpg","https://media.birdweather.com/species/35/EurasianBlackbird-png200-ba5a1b43225da4611cac429c52a52c81.png","GfkFFwKRmrx2ZYiaaQe69nlzScn3T7IA",11565314560,"https://media.birdweather.com/soundscapes/6891/6891-20260508-152029.flac",0,3,"birdnetpi"
7566598791,6891,"2026-05-08T17:17:42.000+02:00",0.86,0.419734984636307,8.46180142319755,"almost_certain","2p4",NA,51.5665,6.0049,FALSE,119,"Common House-Martin","Delichon urbicum","#53b1ff","avian","https://media.birdweather.com/species/119/CommonHouse-Martin-standard-9ffbcc688c51210fb136a162c84d82ad.jpg","https://media.birdweather.com/species/119/CommonHouse-Martin-thumbnail-dd7059ca6235347c3097e7a66f04df95.jpg","https://media.birdweather.com/species/119/CommonHouse-Martin-png200-a73a8953ce2af50676da81e70b2746b2.png","YhgKDwKJd4iIiHd/h5h5d4mIeQqVllAH",11565236458,"https://media.birdweather.com/soundscapes/6891/6891-20260508-151742.flac",0,3,"birdnetpi"
7566525626,6891,"2026-05-08T17:15:08.000+02:00",0.97,0.999183833599091,9.8771065318585,"almost_certain","2p4",NA,51.568,6.0006,FALSE,35,"Eurasian Blackbird","Turdus merula","#ff65df","avian","https://media.birdweather.com/species/35/EurasianBlackbird-standard-618b3a5132c7c359fb2a2884c39deb39.jpg","https://media.birdweather.com/species/35/EurasianBlackbird-thumbnail-276878929bed08167d1fd9bf34d63d40.jpg","https://media.birdweather.com/species/35/EurasianBlackbird-png200-ba5a1b43225da4611cac429c52a52c81.png","GfkFFwKRmrx2ZYiaaQe69nlzScn3T7IA",11565164688,"https://media.birdweather.com/soundscapes/6891/6891-20260508-151508.flac",0,3,"birdnetpi"
7566501722,6891,"2026-05-08T17:14:23.000+02:00",0.89,0.839938700199127,9.46762977508953,"almost_certain","2p4",NA,51.5664,6.0032,FALSE,1,"House Sparrow","Passer domesticus","#d16ff8","avian","https://media.birdweather.com/species/1/HouseSparrow-standard-b861184cf45c092cdb45fd689dd676ef.jpg","https://media.birdweather.com/species/1/HouseSparrow-thumbnail-e9cbc91763a1579de8ef04880678b5e3.jpg","https://media.birdweather.com/species/1/HouseSparrow-png200-125e8603e1efe9d7a18316b94f06a65e.png","XAgCDwD8qpukuHiqtLZ9mImnmPFcDO4E",11565141094,"https://media.birdweather.com/soundscapes/6891/6891-20260508-151423.flac",0,3,"birdnetpi"
7566488752,6891,"2026-05-08T17:14:01.000+02:00",0.85,0.839938700199127,9.37144994070718,"almost_certain","2p4",NA,51.5648,6.005,FALSE,1,"House Sparrow","Passer domesticus","#d16ff8","avian","https://media.birdweather.com/species/1/HouseSparrow-standard-b861184cf45c092cdb45fd689dd676ef.jpg","https://media.birdweather.com/species/1/HouseSparrow-thumbnail-e9cbc91763a1579de8ef04880678b5e3.jpg","https://media.birdweather.com/species/1/HouseSparrow-png200-125e8603e1efe9d7a18316b94f06a65e.png","XAgCDwD8qpukuHiqtLZ9mImnmPFcDO4E",11565128283,"https://media.birdweather.com/soundscapes/6891/6891-20260508-151401.flac",0,3,"birdnetpi"
7566478968,6891,"2026-05-08T17:13:30.000+02:00",0.74,0.991870403289795,9.29105307231819,"almost_certain","2p4",NA,51.568,6.0059,FALSE,25,"Common Chaffinch","Fringilla coelebs","#fb7eff","avian","https://media.birdweather.com/species/25/CommonChaffinch-standard-d8edb223d1ec828ee0cda788e8f5f209.jpg","https://media.birdweather.com/species/25/CommonChaffinch-thumbnail-7ba0a46bb0cd7efdb3215242f9528140.jpg","https://media.birdweather.com/species/25/CommonChaffinch-png200-ced617224ab07c316109e2d0e9078f2e.png","WfgJDwKGhIbAbHimmnhluHh2tv25ZoAD",11565118582,"https://media.birdweather.com/soundscapes/6891/6891-20260508-151330.flac",0,3,"birdnetpi"
7566467597,6891,"2026-05-08T17:13:10.000+02:00",0.88,0.991870403289795,9.66952019829877,"almost_certain","2p4",NA,51.5689,6.0051,FALSE,25,"Common Chaffinch","Fringilla coelebs","#fb7eff","avian","https://media.birdweather.com/species/25/CommonChaffinch-standard-d8edb223d1ec828ee0cda788e8f5f209.jpg","https://media.birdweather.com/species/25/CommonChaffinch-thumbnail-7ba0a46bb0cd7efdb3215242f9528140.jpg","https://media.birdweather.com/species/25/CommonChaffinch-png200-ced617224ab07c316109e2d0e9078f2e.png","WfgJDwKGhIbAbHimmnhluHh2tv25ZoAD",11565107512,"https://media.birdweather.com/soundscapes/6891/6891-20260508-151310.flac",0,3,"birdnetpi"
7566456431,6891,"2026-05-08T17:12:49.000+02:00",0.92,0.991870403289795,9.76088738136195,"almost_certain","2p4",NA,51.5682,6.0071,FALSE,25,"Common Chaffinch","Fringilla coelebs","#fb7eff","avian","https://media.birdweather.com/species/25/CommonChaffinch-standard-d8edb223d1ec828ee0cda788e8f5f209.jpg","https://media.birdweather.com/species/25/CommonChaffinch-thumbnail-7ba0a46bb0cd7efdb3215242f9528140.jpg","https://media.birdweather.com/species/25/CommonChaffinch-png200-ced617224ab07c316109e2d0e9078f2e.png","WfgJDwKGhIbAbHimmnhluHh2tv25ZoAD",11565096315,"https://media.birdweather.com/soundscapes/6891/6891-20260508-151249.flac",0,3,"birdnetpi"
7566445058,6891,"2026-05-08T17:12:23.000+02:00",0.92,0.991870403289795,9.76088738136195,"almost_certain","2p4",NA,51.5646,6.0092,FALSE,25,"Common Chaffinch","Fringilla coelebs","#fb7eff","avian","https://media.birdweather.com/species/25/CommonChaffinch-standard-d8edb223d1ec828ee0cda788e8f5f209.jpg","https://media.birdweather.com/species/25/CommonChaffinch-thumbnail-7ba0a46bb0cd7efdb3215242f9528140.jpg","https://media.birdweather.com/species/25/CommonChaffinch-png200-ced617224ab07c316109e2d0e9078f2e.png","WfgJDwKGhIbAbHimmnhluHh2tv25ZoAD",11565084956,"https://media.birdweather.com/soundscapes/6891/6891-20260508-151223.flac",0,3,"birdnetpi"
7566389423,6891,"2026-05-08T17:10:24.000+02:00",0.86,0.839938700199127,9.39613529324584,"almost_certain","2p4",NA,51.5689,6.0049,FALSE,1,"House Sparrow","Passer domesticus","#d16ff8","avian","https://media.birdweather.com/species/1/HouseSparrow-standard-b861184cf45c092cdb45fd689dd676ef.jpg","https://media.birdweather.com/species/1/HouseSparrow-thumbnail-e9cbc91763a1579de8ef04880678b5e3.jpg","https://media.birdweather.com/species/1/HouseSparrow-png200-125e8603e1efe9d7a18316b94f06a65e.png","XAgCDwD8qpukuHiqtLZ9mImnmPFcDO4E",11565030276,"https://media.birdweather.com/soundscapes/6891/6891-20260508-151024.flac",0,3,"birdnetpi"
7566188234,6891,"2026-05-08T17:03:30.000+02:00",1,0.672991514205933,9.40224790039199,"almost_certain","2p4",NA,51.5691,6.0087,FALSE,44,"Dunnock","Prunella modularis","#fea614","avian","https://media.birdweather.com/species/44/Dunnock-standard-a705d7131240cedd1c407b5a19989591.jpg","https://media.birdweather.com/species/44/Dunnock-thumbnail-1036624855b82c96db4ad23d1ed9d702.jpg","https://media.birdweather.com/species/44/Dunnock-png200-951bb2cdb9ec585716907d8eac83882e.png","lQgGDwB9pneQhHlwWjeK2ZK6d/kdFaUA",11564832739,"https://media.birdweather.com/soundscapes/6891/6891-20260508-150330.flac",0,3,"birdnetpi"
7566176430,6891,"2026-05-08T17:02:59.000+02:00",0.99,0.672991514205933,9.38253533008261,"almost_certain","2p4",NA,51.5703,6.0088,FALSE,44,"Dunnock","Prunella modularis","#fea614","avian","https://media.birdweather.com/species/44/Dunnock-standard-a705d7131240cedd1c407b5a19989591.jpg","https://media.birdweather.com/species/44/Dunnock-thumbnail-1036624855b82c96db4ad23d1ed9d702.jpg","https://media.birdweather.com/species/44/Dunnock-png200-951bb2cdb9ec585716907d8eac83882e.png","lQgGDwB9pneQhHlwWjeK2ZK6d/kdFaUA",11564821517,"https://media.birdweather.com/soundscapes/6891/6891-20260508-150259.flac",0,3,"birdnetpi"
7566148592,6891,"2026-05-08T17:02:04.000+02:00",0.94,0.839938700199127,9.57907330114144,"almost_certain","2p4",NA,51.5688,6.0021,FALSE,1,"House Sparrow","Passer domesticus","#d16ff8","avian","https://media.birdweather.com/species/1/HouseSparrow-standard-b861184cf45c092cdb45fd689dd676ef.jpg","https://media.birdweather.com/species/1/HouseSparrow-thumbnail-e9cbc91763a1579de8ef04880678b5e3.jpg","https://media.birdweather.com/species/1/HouseSparrow-png200-125e8603e1efe9d7a18316b94f06a65e.png","XAgCDwD8qpukuHiqtLZ9mImnmPFcDO4E",11564794828,"https://media.birdweather.com/soundscapes/6891/6891-20260508-150204.flac",0,3,"birdnetpi"
7566123515,6891,"2026-05-08T17:01:11.000+02:00",0.83,0.839938700199127,9.3207033985051,"almost_certain","2p4",NA,51.5654,6.002,FALSE,1,"House Sparrow","Passer domesticus","#d16ff8","avian","https://media.birdweather.com/species/1/HouseSparrow-standard-b861184cf45c092cdb45fd689dd676ef.jpg","https://media.birdweather.com/species/1/HouseSparrow-thumbnail-e9cbc91763a1579de8ef04880678b5e3.jpg","https://media.birdweather.com/species/1/HouseSparrow-png200-125e8603e1efe9d7a18316b94f06a65e.png","XAgCDwD8qpukuHiqtLZ9mImnmPFcDO4E",11564770176,"https://media.birdweather.com/soundscapes/6891/6891-20260508-150111.flac",0,3,"birdnetpi"
7566115314,6891,"2026-05-08T17:01:00.000+02:00",0.82,0.839938700199127,9.29460737139524,"almost_certain","2p4",NA,51.5642,6.0007,FALSE,1,"House Sparrow","Passer domesticus","#d16ff8","avian","https://media.birdweather.com/species/1/HouseSparrow-standard-b861184cf45c092cdb45fd689dd676ef.jpg","https://media.birdweather.com/species/1/HouseSparrow-thumbnail-e9cbc91763a1579de8ef04880678b5e3.jpg","https://media.birdweather.com/species/1/HouseSparrow-png200-125e8603e1efe9d7a18316b94f06a65e.png","XAgCDwD8qpukuHiqtLZ9mImnmPFcDO4E",11564762666,"https://media.birdweather.com/soundscapes/6891/6891-20260508-150100.flac",0,3,"birdnetpi"
7566098459,6891,"2026-05-08T17:00:20.000+02:00",0.9,0.839938700199127,9.49065552718297,"almost_certain","2p4",NA,51.5674,6.001,FALSE,1,"House Sparrow","Passer domesticus","#d16ff8","avian","https://media.birdweather.com/species/1/HouseSparrow-standard-b861184cf45c092cdb45fd689dd676ef.jpg","https://media.birdweather.com/species/1/HouseSparrow-thumbnail-e9cbc91763a1579de8ef04880678b5e3.jpg","https://media.birdweather.com/species/1/HouseSparrow-png200-125e8603e1efe9d7a18316b94f06a65e.png","XAgCDwD8qpukuHiqtLZ9mImnmPFcDO4E",11564746196,"https://media.birdweather.com/soundscapes/6891/6891-20260508-150020.flac",0,3,"birdnetpi"
7566085899,6891,"2026-05-08T17:00:03.000+02:00",0.85,0.839938700199127,9.37144994070718,"almost_certain","2p4",NA,51.5618,6.002,FALSE,1,"House Sparrow","Passer domesticus","#d16ff8","avian","https://media.birdweather.com/species/1/HouseSparrow-standard-b861184cf45c092cdb45fd689dd676ef.jpg","https://media.birdweather.com/species/1/HouseSparrow-thumbnail-e9cbc91763a1579de8ef04880678b5e3.jpg","https://media.birdweather.com/species/1/HouseSparrow-png200-125e8603e1efe9d7a18316b94f06a65e.png","XAgCDwD8qpukuHiqtLZ9mImnmPFcDO4E",11564734914,"https://media.birdweather.com/soundscapes/6891/6891-20260508-150003.flac",0,3,"birdnetpi"
7566075823,6891,"2026-05-08T16:59:33.000+02:00",0.83,0.839938700199127,9.3207033985051,"almost_certain","2p4",NA,51.567,6.0039,FALSE,1,"House Sparrow","Passer domesticus","#d16ff8","avian","https://media.birdweather.com/species/1/HouseSparrow-standard-b861184cf45c092cdb45fd689dd676ef.jpg","https://media.birdweather.com/species/1/HouseSparrow-thumbnail-e9cbc91763a1579de8ef04880678b5e3.jpg","https://media.birdweather.com/species/1/HouseSparrow-png200-125e8603e1efe9d7a18316b94f06a65e.png","XAgCDwD8qpukuHiqtLZ9mImnmPFcDO4E",11564723602,"https://media.birdweather.com/soundscapes/6891/6891-20260508-145933.flac",0,3,"birdnetpi"
7566063341,6891,"2026-05-08T16:59:10.000+02:00",0.84,0.839938700199127,9.34631162073175,"almost_certain","2p4",NA,51.5657,6.0015,FALSE,1,"House Sparrow","Passer domesticus","#d16ff8","avian","https://media.birdweather.com/species/1/HouseSparrow-standard-b861184cf45c092cdb45fd689dd676ef.jpg","https://media.birdweather.com/species/1/HouseSparrow-thumbnail-e9cbc91763a1579de8ef04880678b5e3.jpg","https://media.birdweather.com/species/1/HouseSparrow-png200-125e8603e1efe9d7a18316b94f06a65e.png","XAgCDwD8qpukuHiqtLZ9mImnmPFcDO4E",11564711300,"https://media.birdweather.com/soundscapes/6891/6891-20260508-145910.flac",0,3,"birdnetpi"
7566050256,6891,"2026-05-08T16:58:39.000+02:00",0.79,0.839938700199127,9.21319728535025,"almost_certain","2p4",NA,51.5654,6.001,FALSE,1,"House Sparrow","Passer domesticus","#d16ff8","avian","https://media.birdweather.com/species/1/HouseSparrow-standard-b861184cf45c092cdb45fd689dd676ef.jpg","https://media.birdweather.com/species/1/HouseSparrow-thumbnail-e9cbc91763a1579de8ef04880678b5e3.jpg","https://media.birdweather.com/species/1/HouseSparrow-png200-125e8603e1efe9d7a18316b94f06a65e.png","XAgCDwD8qpukuHiqtLZ9mImnmPFcDO4E",11564698742,"https://media.birdweather.com/soundscapes/6891/6891-20260508-145839.flac",0,3,"birdnetpi"
7566034964,6891,"2026-05-08T16:58:08.000+02:00",0.81,0.839938700199127,9.26800459377102,"almost_certain","2p4",NA,51.5631,6.0092,FALSE,1,"House Sparrow","Passer domesticus","#d16ff8","avian","https://media.birdweather.com/species/1/HouseSparrow-standard-b861184cf45c092cdb45fd689dd676ef.jpg","https://media.birdweather.com/species/1/HouseSparrow-thumbnail-e9cbc91763a1579de8ef04880678b5e3.jpg","https://media.birdweather.com/species/1/HouseSparrow-png200-125e8603e1efe9d7a18316b94f06a65e.png","XAgCDwD8qpukuHiqtLZ9mImnmPFcDO4E",11564683737,"https://media.birdweather.com/soundscapes/6891/6891-20260508-145808.flac",0,3,"birdnetpi"
7565954477,6891,"2026-05-08T16:55:20.000+02:00",0.89,0.419734984636307,8.53329590504123,"almost_certain","2p4",NA,51.5639,6.0046,FALSE,119,"Common House-Martin","Delichon urbicum","#53b1ff","avian","https://media.birdweather.com/species/119/CommonHouse-Martin-standard-9ffbcc688c51210fb136a162c84d82ad.jpg","https://media.birdweather.com/species/119/CommonHouse-Martin-thumbnail-dd7059ca6235347c3097e7a66f04df95.jpg","https://media.birdweather.com/species/119/CommonHouse-Martin-png200-a73a8953ce2af50676da81e70b2746b2.png","YhgKDwKJd4iIiHd/h5h5d4mIeQqVllAH",11564605988,"https://media.birdweather.com/soundscapes/6891/6891-20260508-145520.flac",0,3,"birdnetpi"
7565887599,6891,"2026-05-08T16:53:08.000+02:00",0.99,0.836401343345642,9.67641569193866,"almost_certain","2p4",NA,51.5701,6.0049,FALSE,95,"White Wagtail","Motacilla alba","#457700","avian","https://media.birdweather.com/species/95/WhiteWagtail-standard-c3e712d95481fd4c30012b3afc4ee61f.jpg","https://media.birdweather.com/species/95/WhiteWagtail-thumbnail-645080e5b8667eaccbc9a938f781f907.jpg","https://media.birdweather.com/species/95/WhiteWagtail-png200-38e3473b44d59c0f49a722ef0b7250cd.png","2PcFJwZKpplweXdymnZouGiofwaoZ4AL",11564542332,"https://media.birdweather.com/soundscapes/6891/6891-20260508-145308.flac",0,3,"birdnetpi"
7565882973,6891,"2026-05-08T16:52:56.000+02:00",0.97,0.672991514205933,9.34223830734999,"almost_certain","2p4",NA,51.5621,6.0039,FALSE,44,"Dunnock","Prunella modularis","#fea614","avian","https://media.birdweather.com/species/44/Dunnock-standard-a705d7131240cedd1c407b5a19989591.jpg","https://media.birdweather.com/species/44/Dunnock-thumbnail-1036624855b82c96db4ad23d1ed9d702.jpg","https://media.birdweather.com/species/44/Dunnock-png200-951bb2cdb9ec585716907d8eac83882e.png","lQgGDwB9pneQhHlwWjeK2ZK6d/kdFaUA",11564538308,"https://media.birdweather.com/soundscapes/6891/6891-20260508-145256.flac",0,3,"birdnetpi"
7565729739,6891,"2026-05-08T16:47:41.000+02:00",0.98,0.419734984636307,8.72779516298166,"almost_certain","2p4",NA,51.5677,6.006,FALSE,119,"Common House-Martin","Delichon urbicum","#53b1ff","avian","https://media.birdweather.com/species/119/CommonHouse-Martin-standard-9ffbcc688c51210fb136a162c84d82ad.jpg","https://media.birdweather.com/species/119/CommonHouse-Martin-thumbnail-dd7059ca6235347c3097e7a66f04df95.jpg","https://media.birdweather.com/species/119/CommonHouse-Martin-png200-a73a8953ce2af50676da81e70b2746b2.png","YhgKDwKJd4iIiHd/h5h5d4mIeQqVllAH",11564390398,"https://media.birdweather.com/soundscapes/6891/6891-20260508-144741.flac",0,3,"birdnetpi"
7565715371,6891,"2026-05-08T16:47:21.000+02:00",0.93,0.991870403289795,9.78280784900657,"almost_certain","2p4",NA,51.5656,6.0073,FALSE,25,"Common Chaffinch","Fringilla coelebs","#fb7eff","avian","https://media.birdweather.com/species/25/CommonChaffinch-standard-d8edb223d1ec828ee0cda788e8f5f209.jpg","https://media.birdweather.com/species/25/CommonChaffinch-thumbnail-7ba0a46bb0cd7efdb3215242f9528140.jpg","https://media.birdweather.com/species/25/CommonChaffinch-png200-ced617224ab07c316109e2d0e9078f2e.png","WfgJDwKGhIbAbHimmnhluHh2tv25ZoAD",11564376781,"https://media.birdweather.com/soundscapes/6891/6891-20260508-144721.flac",0,3,"birdnetpi"
7565703428,6891,"2026-05-08T16:46:48.000+02:00",0.86,0.890804290771484,9.47576488718016,"almost_certain","2p4",NA,51.5673,6.0005,FALSE,6,"European Robin","Erithacus rubecula","#93d436","avian","https://media.birdweather.com/species/6/EuropeanRobin-standard-6802f21dc9c4b056c0c15b0a4ad01a9a.jpg","https://media.birdweather.com/species/6/EuropeanRobin-thumbnail-3afd51da2d7daf4db7f4ed43af30ed2d.jpg","https://media.birdweather.com/species/6/EuropeanRobin-png200-ac96bfc6bbb72a9e2528d5544937cebd.png","YxgKFwJnWYePd3iMd5h4Z4eHp6cMG8gA",11564365434,"https://media.birdweather.com/soundscapes/6891/6891-20260508-144648.flac",0,3,"birdnetpi"
7565697423,6891,"2026-05-08T16:46:44.000+02:00",0.99,0.991870403289795,9.90743918514842,"almost_certain","2p4",NA,51.5703,6.0024,FALSE,25,"Common Chaffinch","Fringilla coelebs","#fb7eff","avian","https://media.birdweather.com/species/25/CommonChaffinch-standard-d8edb223d1ec828ee0cda788e8f5f209.jpg","https://media.birdweather.com/species/25/CommonChaffinch-thumbnail-7ba0a46bb0cd7efdb3215242f9528140.jpg","https://media.birdweather.com/species/25/CommonChaffinch-png200-ced617224ab07c316109e2d0e9078f2e.png","WfgJDwKGhIbAbHimmnhluHh2tv25ZoAD",11564359805,"https://media.birdweather.com/soundscapes/6891/6891-20260508-144644.flac",0,3,"birdnetpi"
7565682936,6891,"2026-05-08T16:46:08.000+02:00",0.99,0.991870403289795,9.90743918514842,"almost_certain","2p4",NA,51.5679,6.0049,FALSE,25,"Common Chaffinch","Fringilla coelebs","#fb7eff","avian","https://media.birdweather.com/species/25/CommonChaffinch-standard-d8edb223d1ec828ee0cda788e8f5f209.jpg","https://media.birdweather.com/species/25/CommonChaffinch-thumbnail-7ba0a46bb0cd7efdb3215242f9528140.jpg","https://media.birdweather.com/species/25/CommonChaffinch-png200-ced617224ab07c316109e2d0e9078f2e.png","WfgJDwKGhIbAbHimmnhluHh2tv25ZoAD",11564346198,"https://media.birdweather.com/soundscapes/6891/6891-20260508-144608.flac",0,3,"birdnetpi"
7565674940,6891,"2026-05-08T16:45:54.000+02:00",0.98,0.991870403289795,9.88743882994144,"almost_certain","2p4",NA,51.5667,6.0032,FALSE,25,"Common Chaffinch","Fringilla coelebs","#fb7eff","avian","https://media.birdweather.com/species/25/CommonChaffinch-standard-d8edb223d1ec828ee0cda788e8f5f209.jpg","https://media.birdweather.com/species/25/CommonChaffinch-thumbnail-7ba0a46bb0cd7efdb3215242f9528140.jpg","https://media.birdweather.com/species/25/CommonChaffinch-png200-ced617224ab07c316109e2d0e9078f2e.png","WfgJDwKGhIbAbHimmnhluHh2tv25ZoAD",11564338751,"https://media.birdweather.com/soundscapes/6891/6891-20260508-144554.flac",0,3,"birdnetpi"
7565667190,6891,"2026-05-08T16:45:45.000+02:00",1,0.991870403289795,9.92715175545779,"almost_certain","2p4",NA,51.5649,6.0015,FALSE,25,"Common Chaffinch","Fringilla coelebs","#fb7eff","avian","https://media.birdweather.com/species/25/CommonChaffinch-standard-d8edb223d1ec828ee0cda788e8f5f209.jpg","https://media.birdweather.com/species/25/CommonChaffinch-thumbnail-7ba0a46bb0cd7efdb3215242f9528140.jpg","https://media.birdweather.com/species/25/CommonChaffinch-png200-ced617224ab07c316109e2d0e9078f2e.png","WfgJDwKGhIbAbHimmnhluHh2tv25ZoAD",11564331697,"https://media.birdweather.com/soundscapes/6891/6891-20260508-144545.flac",0,3,"birdnetpi"
7565646036,6891,"2026-05-08T16:44:54.000+02:00",0.86,0.999183833599091,9.63140945960003,"almost_certain","2p4",NA,51.5645,6.0056,FALSE,35,"Eurasian Blackbird","Turdus merula","#ff65df","avian","https://media.birdweather.com/species/35/EurasianBlackbird-standard-618b3a5132c7c359fb2a2884c39deb39.jpg","https://media.birdweather.com/species/35/EurasianBlackbird-thumbnail-276878929bed08167d1fd9bf34d63d40.jpg","https://media.birdweather.com/species/35/EurasianBlackbird-png200-ba5a1b43225da4611cac429c52a52c81.png","GfkFFwKRmrx2ZYiaaQe69nlzScn3T7IA",11564311563,"https://media.birdweather.com/soundscapes/6891/6891-20260508-144454.flac",0,3,"birdnetpi"
7565639126,6891,"2026-05-08T16:44:43.000+02:00",0.87,0.999183833599091,9.65565788022621,"almost_certain","2p4",NA,51.5668,6.0023,FALSE,35,"Eurasian Blackbird","Turdus merula","#ff65df","avian","https://media.birdweather.com/species/35/EurasianBlackbird-standard-618b3a5132c7c359fb2a2884c39deb39.jpg","https://media.birdweather.com/species/35/EurasianBlackbird-thumbnail-276878929bed08167d1fd9bf34d63d40.jpg","https://media.birdweather.com/species/35/EurasianBlackbird-png200-ba5a1b43225da4611cac429c52a52c81.png","GfkFFwKRmrx2ZYiaaQe69nlzScn3T7IA",11564304160,"https://media.birdweather.com/soundscapes/6891/6891-20260508-144443.flac",0,3,"birdnetpi"
7565555303,6891,"2026-05-08T16:41:48.000+02:00",0.95,0.997795641422272,9.83370238952915,"almost_certain","2p4",NA,51.5699,6.0082,FALSE,407,"Common Wood-Pigeon","Columba palumbus","#028fb2","avian","https://media.birdweather.com/species/407/CommonWood-Pigeon-standard-5558900260c92622ceef8a812b06518e.jpg","https://media.birdweather.com/species/407/CommonWood-Pigeon-thumbnail-4b86c907c8b82c8af31d566b811dee05.jpg","https://media.birdweather.com/species/407/CommonWood-Pigeon-png200-533b13201573be3895fcec3e61e861b5.png","2ukFHwIHiYeWxnZUiniYZ3h5h6+rCIQH",11564224541,"https://media.birdweather.com/soundscapes/6891/6891-20260508-144148.flac",0,3,"birdnetpi"
7565527388,6891,"2026-05-08T16:40:51.000+02:00",0.91,0.997795641422272,9.74668902368956,"almost_certain","2p4",NA,51.5625,6.0026,FALSE,407,"Common Wood-Pigeon","Columba palumbus","#028fb2","avian","https://media.birdweather.com/species/407/CommonWood-Pigeon-standard-5558900260c92622ceef8a812b06518e.jpg","https://media.birdweather.com/species/407/CommonWood-Pigeon-thumbnail-4b86c907c8b82c8af31d566b811dee05.jpg","https://media.birdweather.com/species/407/CommonWood-Pigeon-png200-533b13201573be3895fcec3e61e861b5.png","2ukFHwIHiYeWxnZUiniYZ3h5h6+rCIQH",11564197721,"https://media.birdweather.com/soundscapes/6891/6891-20260508-144051.flac",0,3,"birdnetpi"
7565493065,6891,"2026-05-08T16:39:42.000+02:00",0.96,0.997795641422272,9.85461882634833,"almost_certain","2p4",NA,51.5641,6.0073,FALSE,407,"Common Wood-Pigeon","Columba palumbus","#028fb2","avian","https://media.birdweather.com/species/407/CommonWood-Pigeon-standard-5558900260c92622ceef8a812b06518e.jpg","https://media.birdweather.com/species/407/CommonWood-Pigeon-thumbnail-4b86c907c8b82c8af31d566b811dee05.jpg","https://media.birdweather.com/species/407/CommonWood-Pigeon-png200-533b13201573be3895fcec3e61e861b5.png","2ukFHwIHiYeWxnZUiniYZ3h5h6+rCIQH",11564164793,"https://media.birdweather.com/soundscapes/6891/6891-20260508-143942.flac",0,3,"birdnetpi"
7565487693,6891,"2026-05-08T16:39:39.000+02:00",0.92,0.419734984636307,8.60124371440217,"almost_certain","2p4",NA,51.5703,6.0077,FALSE,119,"Common House-Martin","Delichon urbicum","#53b1ff","avian","https://media.birdweather.com/species/119/CommonHouse-Martin-standard-9ffbcc688c51210fb136a162c84d82ad.jpg","https://media.birdweather.com/species/119/CommonHouse-Martin-thumbnail-dd7059ca6235347c3097e7a66f04df95.jpg","https://media.birdweather.com/species/119/CommonHouse-Martin-png200-a73a8953ce2af50676da81e70b2746b2.png","YhgKDwKJd4iIiHd/h5h5d4mIeQqVllAH",11564159597,"https://media.birdweather.com/soundscapes/6891/6891-20260508-143939.flac",0,3,"birdnetpi"
7565473628,6891,"2026-05-08T16:39:02.000+02:00",0.85,0.999183833599091,9.60672410706136,"almost_certain","2p4",NA,51.5702,6.0082,FALSE,35,"Eurasian Blackbird","Turdus merula","#ff65df","avian","https://media.birdweather.com/species/35/EurasianBlackbird-standard-618b3a5132c7c359fb2a2884c39deb39.jpg","https://media.birdweather.com/species/35/EurasianBlackbird-thumbnail-276878929bed08167d1fd9bf34d63d40.jpg","https://media.birdweather.com/species/35/EurasianBlackbird-png200-ba5a1b43225da4611cac429c52a52c81.png","GfkFFwKRmrx2ZYiaaQe69nlzScn3T7IA",11564145987,"https://media.birdweather.com/soundscapes/6891/6891-20260508-143902.flac",0,3,"birdnetpi"
7565465156,6891,"2026-05-08T16:38:44.000+02:00",0.74,0.556647181510925,8.51030777267744,"almost_certain","2p4",NA,51.5697,6.0065,FALSE,294,"European Greenfinch","Chloris chloris","#fea614","avian","https://media.birdweather.com/species/294/EuropeanGreenfinch-standard-34aa36357c06fbf52af390917f29436b.jpg","https://media.birdweather.com/species/294/EuropeanGreenfinch-thumbnail-7466d93ab9340d75d4eec2ca6eeed529.jpg","https://media.birdweather.com/species/294/EuropeanGreenfinch-png200-8b2951bb918db1cbed643a9530efa558.png","FRkGHwJYqWeEd4ifapeoh4ZriPUnaG8B",11564137579,"https://media.birdweather.com/soundscapes/6891/6891-20260508-143844.flac",0,3,"birdnetpi"
7565443838,6891,"2026-05-08T16:38:10.000+02:00",0.84,0.999183833599091,9.58158578708593,"almost_certain","2p4",NA,51.5682,6.003,FALSE,35,"Eurasian Blackbird","Turdus merula","#ff65df","avian","https://media.birdweather.com/species/35/EurasianBlackbird-standard-618b3a5132c7c359fb2a2884c39deb39.jpg","https://media.birdweather.com/species/35/EurasianBlackbird-thumbnail-276878929bed08167d1fd9bf34d63d40.jpg","https://media.birdweather.com/species/35/EurasianBlackbird-png200-ba5a1b43225da4611cac429c52a52c81.png","GfkFFwKRmrx2ZYiaaQe69nlzScn3T7IA",11564116972,"https://media.birdweather.com/soundscapes/6891/6891-20260508-143810.flac",0,3,"birdnetpi"
7565446770,6891,"2026-05-08T16:38:05.000+02:00",0.84,0.419734984636307,8.41197775068345,"almost_certain","2p4",NA,51.5679,6.0087,FALSE,119,"Common House-Martin","Delichon urbicum","#53b1ff","avian","https://media.birdweather.com/species/119/CommonHouse-Martin-standard-9ffbcc688c51210fb136a162c84d82ad.jpg","https://media.birdweather.com/species/119/CommonHouse-Martin-thumbnail-dd7059ca6235347c3097e7a66f04df95.jpg","https://media.birdweather.com/species/119/CommonHouse-Martin-png200-a73a8953ce2af50676da81e70b2746b2.png","YhgKDwKJd4iIiHd/h5h5d4mIeQqVllAH",11564119812,"https://media.birdweather.com/soundscapes/6891/6891-20260508-143805.flac",0,3,"birdnetpi"
7565435798,6891,"2026-05-08T16:37:44.000+02:00",0.98,0.419734984636307,8.72779516298166,"almost_certain","2p4",NA,51.5632,6.0011,FALSE,119,"Common House-Martin","Delichon urbicum","#53b1ff","avian","https://media.birdweather.com/species/119/CommonHouse-Martin-standard-9ffbcc688c51210fb136a162c84d82ad.jpg","https://media.birdweather.com/species/119/CommonHouse-Martin-thumbnail-dd7059ca6235347c3097e7a66f04df95.jpg","https://media.birdweather.com/species/119/CommonHouse-Martin-png200-a73a8953ce2af50676da81e70b2746b2.png","YhgKDwKJd4iIiHd/h5h5d4mIeQqVllAH",11564109004,"https://media.birdweather.com/soundscapes/6891/6891-20260508-143744.flac",0,3,"birdnetpi"
7565422433,6891,"2026-05-08T16:37:18.000+02:00",1,0.419734984636307,8.76750808849801,"almost_certain","2p4",NA,51.5683,6.0067,FALSE,119,"Common House-Martin","Delichon urbicum","#53b1ff","avian","https://media.birdweather.com/species/119/CommonHouse-Martin-standard-9ffbcc688c51210fb136a162c84d82ad.jpg","https://media.birdweather.com/species/119/CommonHouse-Martin-thumbnail-dd7059ca6235347c3097e7a66f04df95.jpg","https://media.birdweather.com/species/119/CommonHouse-Martin-png200-a73a8953ce2af50676da81e70b2746b2.png","YhgKDwKJd4iIiHd/h5h5d4mIeQqVllAH",11564096395,"https://media.birdweather.com/soundscapes/6891/6891-20260508-143718.flac",0,3,"birdnetpi"
7565397664,6891,"2026-05-08T16:36:24.000+02:00",0.7,0.999183833599091,9.17044249542897,"almost_certain","2p4",NA,51.5695,6.008,FALSE,35,"Eurasian Blackbird","Turdus merula","#ff65df","avian","https://media.birdweather.com/species/35/EurasianBlackbird-standard-618b3a5132c7c359fb2a2884c39deb39.jpg","https://media.birdweather.com/species/35/EurasianBlackbird-thumbnail-276878929bed08167d1fd9bf34d63d40.jpg","https://media.birdweather.com/species/35/EurasianBlackbird-png200-ba5a1b43225da4611cac429c52a52c81.png","GfkFFwKRmrx2ZYiaaQe69nlzScn3T7IA",11564072453,"https://media.birdweather.com/soundscapes/6891/6891-20260508-143624.flac",0,3,"birdnetpi"
7565390527,6891,"2026-05-08T16:36:18.000+02:00",0.82,0.839938700199127,9.29460737139524,"almost_certain","2p4",NA,51.5686,6.0088,FALSE,1,"House Sparrow","Passer domesticus","#d16ff8","avian","https://media.birdweather.com/species/1/HouseSparrow-standard-b861184cf45c092cdb45fd689dd676ef.jpg","https://media.birdweather.com/species/1/HouseSparrow-thumbnail-e9cbc91763a1579de8ef04880678b5e3.jpg","https://media.birdweather.com/species/1/HouseSparrow-png200-125e8603e1efe9d7a18316b94f06a65e.png","XAgCDwD8qpukuHiqtLZ9mImnmPFcDO4E",11564065474,"https://media.birdweather.com/soundscapes/6891/6891-20260508-143618.flac",0,3,"birdnetpi"
7565388840,6891,"2026-05-08T16:36:15.000+02:00",0.82,0.999183833599091,9.52988153774943,"almost_certain","2p4",NA,51.5656,6.005,FALSE,35,"Eurasian Blackbird","Turdus merula","#ff65df","avian","https://media.birdweather.com/species/35/EurasianBlackbird-standard-618b3a5132c7c359fb2a2884c39deb39.jpg","https://media.birdweather.com/species/35/EurasianBlackbird-thumbnail-276878929bed08167d1fd9bf34d63d40.jpg","https://media.birdweather.com/species/35/EurasianBlackbird-png200-ba5a1b43225da4611cac429c52a52c81.png","GfkFFwKRmrx2ZYiaaQe69nlzScn3T7IA",11564063988,"https://media.birdweather.com/soundscapes/6891/6891-20260508-143615.flac",0,3,"birdnetpi"
7565381301,6891,"2026-05-08T16:35:52.000+02:00",0.9,0.999183833599091,9.72592969353715,"almost_certain","2p4",NA,51.5704,6.004,FALSE,35,"Eurasian Blackbird","Turdus merula","#ff65df","avian","https://media.birdweather.com/species/35/EurasianBlackbird-standard-618b3a5132c7c359fb2a2884c39deb39.jpg","https://media.birdweather.com/species/35/EurasianBlackbird-thumbnail-276878929bed08167d1fd9bf34d63d40.jpg","https://media.birdweather.com/species/35/EurasianBlackbird-png200-ba5a1b43225da4611cac429c52a52c81.png","GfkFFwKRmrx2ZYiaaQe69nlzScn3T7IA",11564056932,"https://media.birdweather.com/soundscapes/6891/6891-20260508-143552.flac",0,3,"birdnetpi"
7565368431,6891,"2026-05-08T16:35:24.000+02:00",0.88,0.999183833599091,9.67948456774147,"almost_certain","2p4",NA,51.5646,6.0044,FALSE,35,"Eurasian Blackbird","Turdus merula","#ff65df","avian","https://media.birdweather.com/species/35/EurasianBlackbird-standard-618b3a5132c7c359fb2a2884c39deb39.jpg","https://media.birdweather.com/species/35/EurasianBlackbird-thumbnail-276878929bed08167d1fd9bf34d63d40.jpg","https://media.birdweather.com/species/35/EurasianBlackbird-png200-ba5a1b43225da4611cac429c52a52c81.png","GfkFFwKRmrx2ZYiaaQe69nlzScn3T7IA",11564044318,"https://media.birdweather.com/soundscapes/6891/6891-20260508-143524.flac",0,3,"birdnetpi"
7565358557,6891,"2026-05-08T16:35:06.000+02:00",0.78,0.999183833599091,9.42022302823668,"almost_certain","2p4",NA,51.5691,6.0025,FALSE,35,"Eurasian Blackbird","Turdus merula","#ff65df","avian","https://media.birdweather.com/species/35/EurasianBlackbird-standard-618b3a5132c7c359fb2a2884c39deb39.jpg","https://media.birdweather.com/species/35/EurasianBlackbird-thumbnail-276878929bed08167d1fd9bf34d63d40.jpg","https://media.birdweather.com/species/35/EurasianBlackbird-png200-ba5a1b43225da4611cac429c52a52c81.png","GfkFFwKRmrx2ZYiaaQe69nlzScn3T7IA",11564034941,"https://media.birdweather.com/soundscapes/6891/6891-20260508-143506.flac",0,3,"birdnetpi"
7565350209,6891,"2026-05-08T16:34:53.000+02:00",0.86,0.999183833599091,9.63140945960003,"almost_certain","2p4",NA,51.5629,6.0072,FALSE,35,"Eurasian Blackbird","Turdus merula","#ff65df","avian","https://media.birdweather.com/species/35/EurasianBlackbird-standard-618b3a5132c7c359fb2a2884c39deb39.jpg","https://media.birdweather.com/species/35/EurasianBlackbird-thumbnail-276878929bed08167d1fd9bf34d63d40.jpg","https://media.birdweather.com/species/35/EurasianBlackbird-png200-ba5a1b43225da4611cac429c52a52c81.png","GfkFFwKRmrx2ZYiaaQe69nlzScn3T7IA",11564027025,"https://media.birdweather.com/soundscapes/6891/6891-20260508-143453.flac",0,3,"birdnetpi"
7565342656,6891,"2026-05-08T16:34:31.000+02:00",0.83,0.999183833599091,9.55597756485928,"almost_certain","2p4",NA,51.5679,6.0055,FALSE,35,"Eurasian Blackbird","Turdus merula","#ff65df","avian","https://media.birdweather.com/species/35/EurasianBlackbird-standard-618b3a5132c7c359fb2a2884c39deb39.jpg","https://media.birdweather.com/species/35/EurasianBlackbird-thumbnail-276878929bed08167d1fd9bf34d63d40.jpg","https://media.birdweather.com/species/35/EurasianBlackbird-png200-ba5a1b43225da4611cac429c52a52c81.png","GfkFFwKRmrx2ZYiaaQe69nlzScn3T7IA",11564019494,"https://media.birdweather.com/soundscapes/6891/6891-20260508-143431.flac",0,3,"birdnetpi"
7565323349,6891,"2026-05-08T16:33:52.000+02:00",0.77,0.999183833599091,9.39137985763565,"almost_certain","2p4",NA,51.5697,6.0075,FALSE,35,"Eurasian Blackbird","Turdus merula","#ff65df","avian","https://media.birdweather.com/species/35/EurasianBlackbird-standard-618b3a5132c7c359fb2a2884c39deb39.jpg","https://media.birdweather.com/species/35/EurasianBlackbird-thumbnail-276878929bed08167d1fd9bf34d63d40.jpg","https://media.birdweather.com/species/35/EurasianBlackbird-png200-ba5a1b43225da4611cac429c52a52c81.png","GfkFFwKRmrx2ZYiaaQe69nlzScn3T7IA",11564001310,"https://media.birdweather.com/soundscapes/6891/6891-20260508-143352.flac",0,3,"birdnetpi"
7565264123,6891,"2026-05-08T16:31:53.000+02:00",0.81,0.999183833599091,9.5032787601252,"almost_certain","2p4",NA,51.5684,6.0007,FALSE,35,"Eurasian Blackbird","Turdus merula","#ff65df","avian","https://media.birdweather.com/species/35/EurasianBlackbird-standard-618b3a5132c7c359fb2a2884c39deb39.jpg","https://media.birdweather.com/species/35/EurasianBlackbird-thumbnail-276878929bed08167d1fd9bf34d63d40.jpg","https://media.birdweather.com/species/35/EurasianBlackbird-png200-ba5a1b43225da4611cac429c52a52c81.png","GfkFFwKRmrx2ZYiaaQe69nlzScn3T7IA",11563945143,"https://media.birdweather.com/soundscapes/6891/6891-20260508-143153.flac",0,3,"birdnetpi"
7565254682,6891,"2026-05-08T16:31:31.000+02:00",0.86,0.999183833599091,9.63140945960003,"almost_certain","2p4",NA,51.5651,6.0059,FALSE,35,"Eurasian Blackbird","Turdus merula","#ff65df","avian","https://media.birdweather.com/species/35/EurasianBlackbird-standard-618b3a5132c7c359fb2a2884c39deb39.jpg","https://media.birdweather.com/species/35/EurasianBlackbird-thumbnail-276878929bed08167d1fd9bf34d63d40.jpg","https://media.birdweather.com/species/35/EurasianBlackbird-png200-ba5a1b43225da4611cac429c52a52c81.png","GfkFFwKRmrx2ZYiaaQe69nlzScn3T7IA",11563935272,"https://media.birdweather.com/soundscapes/6891/6891-20260508-143131.flac",0,3,"birdnetpi"
7565248917,6891,"2026-05-08T16:31:24.000+02:00",0.95,0.622888922691345,9.19634309527702,"almost_certain","2p4",NA,51.5671,6.0035,FALSE,76,"Eurasian Jackdaw","Corvus monedula","#f36f1b","avian","https://media.birdweather.com/species/76/EurasianJackdaw-standard-55cbd4006f743c538a3264a1fb86d41c.jpg","https://media.birdweather.com/species/76/EurasianJackdaw-thumbnail-80ecf23afe76ea22483b4f8043e19339.jpg","https://media.birdweather.com/species/76/EurasianJackdaw-png200-862dbf9b3725619bb5532ba255c32118.png","4AgKDwL2i2d1homOY0modph5OL/1qHAJ",11563929691,"https://media.birdweather.com/soundscapes/6891/6891-20260508-143124.flac",0,3,"birdnetpi"
7565234005,6891,"2026-05-08T16:30:49.000+02:00",0.92,0.419734984636307,8.60124371440217,"almost_certain","2p4",NA,51.5676,6.0009,FALSE,119,"Common House-Martin","Delichon urbicum","#53b1ff","avian","https://media.birdweather.com/species/119/CommonHouse-Martin-standard-9ffbcc688c51210fb136a162c84d82ad.jpg","https://media.birdweather.com/species/119/CommonHouse-Martin-thumbnail-dd7059ca6235347c3097e7a66f04df95.jpg","https://media.birdweather.com/species/119/CommonHouse-Martin-png200-a73a8953ce2af50676da81e70b2746b2.png","YhgKDwKJd4iIiHd/h5h5d4mIeQqVllAH",11563915157,"https://media.birdweather.com/soundscapes/6891/6891-20260508-143049.flac",0,3,"birdnetpi"
7565223777,6891,"2026-05-08T16:30:28.000+02:00",0.83,0.419734984636307,8.3863695284568,"almost_certain","2p4",NA,51.5616,6.0028,FALSE,119,"Common House-Martin","Delichon urbicum","#53b1ff","avian","https://media.birdweather.com/species/119/CommonHouse-Martin-standard-9ffbcc688c51210fb136a162c84d82ad.jpg","https://media.birdweather.com/species/119/CommonHouse-Martin-thumbnail-dd7059ca6235347c3097e7a66f04df95.jpg","https://media.birdweather.com/species/119/CommonHouse-Martin-png200-a73a8953ce2af50676da81e70b2746b2.png","YhgKDwKJd4iIiHd/h5h5d4mIeQqVllAH",11563905250,"https://media.birdweather.com/soundscapes/6891/6891-20260508-143028.flac",0,3,"birdnetpi"
7565210672,6891,"2026-05-08T16:30:15.000+02:00",0.98,0.419734984636307,8.72779516298166,"almost_certain","2p4",NA,51.5677,6.0065,FALSE,119,"Common House-Martin","Delichon urbicum","#53b1ff","avian","https://media.birdweather.com/species/119/CommonHouse-Martin-standard-9ffbcc688c51210fb136a162c84d82ad.jpg","https://media.birdweather.com/species/119/CommonHouse-Martin-thumbnail-dd7059ca6235347c3097e7a66f04df95.jpg","https://media.birdweather.com/species/119/CommonHouse-Martin-png200-a73a8953ce2af50676da81e70b2746b2.png","YhgKDwKJd4iIiHd/h5h5d4mIeQqVllAH",11563895186,"https://media.birdweather.com/soundscapes/6891/6891-20260508-143015.flac",0,3,"birdnetpi"
7565260224,6891,"2026-05-08T16:29:26.000+02:00",0.96,0.419734984636307,8.68689660346659,"almost_certain","2p4",NA,51.5704,6.0088,FALSE,119,"Common House-Martin","Delichon urbicum","#53b1ff","avian","https://media.birdweather.com/species/119/CommonHouse-Martin-standard-9ffbcc688c51210fb136a162c84d82ad.jpg","https://media.birdweather.com/species/119/CommonHouse-Martin-thumbnail-dd7059ca6235347c3097e7a66f04df95.jpg","https://media.birdweather.com/species/119/CommonHouse-Martin-png200-a73a8953ce2af50676da81e70b2746b2.png","YhgKDwKJd4iIiHd/h5h5d4mIeQqVllAH",11563940405,"https://media.birdweather.com/soundscapes/6891/6891-20260508-142926.flac",0,3,"birdnetpi"
7565243564,6891,"2026-05-08T16:28:49.000+02:00",0.9,0.672991514205933,9.19106146902864,"almost_certain","2p4",NA,51.5647,6.0041,FALSE,44,"Dunnock","Prunella modularis","#fea614","avian","https://media.birdweather.com/species/44/Dunnock-standard-a705d7131240cedd1c407b5a19989591.jpg","https://media.birdweather.com/species/44/Dunnock-thumbnail-1036624855b82c96db4ad23d1ed9d702.jpg","https://media.birdweather.com/species/44/Dunnock-png200-951bb2cdb9ec585716907d8eac83882e.png","lQgGDwB9pneQhHlwWjeK2ZK6d/kdFaUA",11563924513,"https://media.birdweather.com/soundscapes/6891/6891-20260508-142849.flac",0,3,"birdnetpi"
7565236233,6891,"2026-05-08T16:28:38.000+02:00",0.73,0.999183833599091,9.26952180179305,"almost_certain","2p4",NA,51.5703,6.0086,FALSE,35,"Eurasian Blackbird","Turdus merula","#ff65df","avian","https://media.birdweather.com/species/35/EurasianBlackbird-standard-618b3a5132c7c359fb2a2884c39deb39.jpg","https://media.birdweather.com/species/35/EurasianBlackbird-thumbnail-276878929bed08167d1fd9bf34d63d40.jpg","https://media.birdweather.com/species/35/EurasianBlackbird-png200-ba5a1b43225da4611cac429c52a52c81.png","GfkFFwKRmrx2ZYiaaQe69nlzScn3T7IA",11563917269,"https://media.birdweather.com/soundscapes/6891/6891-20260508-142838.flac",0,3,"birdnetpi"
7565152383,6891,"2026-05-08T16:26:31.000+02:00",1,0.622888922691345,9.29787101712762,"almost_certain","2p4",NA,51.563,6.0053,FALSE,76,"Eurasian Jackdaw","Corvus monedula","#f36f1b","avian","https://media.birdweather.com/species/76/EurasianJackdaw-standard-55cbd4006f743c538a3264a1fb86d41c.jpg","https://media.birdweather.com/species/76/EurasianJackdaw-thumbnail-80ecf23afe76ea22483b4f8043e19339.jpg","https://media.birdweather.com/species/76/EurasianJackdaw-png200-862dbf9b3725619bb5532ba255c32118.png","4AgKDwL2i2d1homOY0modph5OL/1qHAJ",11563846340,"https://media.birdweather.com/soundscapes/6891/6891-20260508-142631.flac",0,3,"birdnetpi"
7565052519,6891,"2026-05-08T16:23:15.000+02:00",0.98,0.672991514205933,9.36253497487563,"almost_certain","2p4",NA,51.5681,6.002,FALSE,44,"Dunnock","Prunella modularis","#fea614","avian","https://media.birdweather.com/species/44/Dunnock-standard-a705d7131240cedd1c407b5a19989591.jpg","https://media.birdweather.com/species/44/Dunnock-thumbnail-1036624855b82c96db4ad23d1ed9d702.jpg","https://media.birdweather.com/species/44/Dunnock-png200-951bb2cdb9ec585716907d8eac83882e.png","lQgGDwB9pneQhHlwWjeK2ZK6d/kdFaUA",11563758707,"https://media.birdweather.com/soundscapes/6891/6891-20260508-142315.flac",0,3,"birdnetpi"
7565043397,6891,"2026-05-08T16:22:59.000+02:00",0.91,0.672991514205933,9.2137066127018,"almost_certain","2p4",NA,51.5639,6.003,FALSE,44,"Dunnock","Prunella modularis","#fea614","avian","https://media.birdweather.com/species/44/Dunnock-standard-a705d7131240cedd1c407b5a19989591.jpg","https://media.birdweather.com/species/44/Dunnock-thumbnail-1036624855b82c96db4ad23d1ed9d702.jpg","https://media.birdweather.com/species/44/Dunnock-png200-951bb2cdb9ec585716907d8eac83882e.png","lQgGDwB9pneQhHlwWjeK2ZK6d/kdFaUA",11563750615,"https://media.birdweather.com/soundscapes/6891/6891-20260508-142259.flac",0,3,"birdnetpi"
7565024654,6891,"2026-05-08T16:22:23.000+02:00",1,0.672991514205933,9.40224790039199,"almost_certain","2p4",NA,51.5643,6.0074,FALSE,44,"Dunnock","Prunella modularis","#fea614","avian","https://media.birdweather.com/species/44/Dunnock-standard-a705d7131240cedd1c407b5a19989591.jpg","https://media.birdweather.com/species/44/Dunnock-thumbnail-1036624855b82c96db4ad23d1ed9d702.jpg","https://media.birdweather.com/species/44/Dunnock-png200-951bb2cdb9ec585716907d8eac83882e.png","lQgGDwB9pneQhHlwWjeK2ZK6d/kdFaUA",11563733861,"https://media.birdweather.com/soundscapes/6891/6891-20260508-142223.flac",0,3,"birdnetpi"
7564977016,6891,"2026-05-08T16:20:55.000+02:00",0.91,0.999183833599091,9.74857483721031,"almost_certain","2p4",NA,51.5617,6.0029,FALSE,35,"Eurasian Blackbird","Turdus merula","#ff65df","avian","https://media.birdweather.com/species/35/EurasianBlackbird-standard-618b3a5132c7c359fb2a2884c39deb39.jpg","https://media.birdweather.com/species/35/EurasianBlackbird-thumbnail-276878929bed08167d1fd9bf34d63d40.jpg","https://media.birdweather.com/species/35/EurasianBlackbird-png200-ba5a1b43225da4611cac429c52a52c81.png","GfkFFwKRmrx2ZYiaaQe69nlzScn3T7IA",11563692592,"https://media.birdweather.com/soundscapes/6891/6891-20260508-142055.flac",0,3,"birdnetpi"
7564957169,6891,"2026-05-08T16:20:25.000+02:00",0.76,0.999183833599091,9.36191635648293,"almost_certain","2p4",NA,51.5619,6.0037,FALSE,35,"Eurasian Blackbird","Turdus merula","#ff65df","avian","https://media.birdweather.com/species/35/EurasianBlackbird-standard-618b3a5132c7c359fb2a2884c39deb39.jpg","https://media.birdweather.com/species/35/EurasianBlackbird-thumbnail-276878929bed08167d1fd9bf34d63d40.jpg","https://media.birdweather.com/species/35/EurasianBlackbird-png200-ba5a1b43225da4611cac429c52a52c81.png","GfkFFwKRmrx2ZYiaaQe69nlzScn3T7IA",11563675245,"https://media.birdweather.com/soundscapes/6891/6891-20260508-142025.flac",0,3,"birdnetpi"
7564927686,6891,"2026-05-08T16:19:22.000+02:00",0.8,0.999183833599091,9.47614916072943,"almost_certain","2p4",NA,51.5624,6.0017,FALSE,35,"Eurasian Blackbird","Turdus merula","#ff65df","avian","https://media.birdweather.com/species/35/EurasianBlackbird-standard-618b3a5132c7c359fb2a2884c39deb39.jpg","https://media.birdweather.com/species/35/EurasianBlackbird-thumbnail-276878929bed08167d1fd9bf34d63d40.jpg","https://media.birdweather.com/species/35/EurasianBlackbird-png200-ba5a1b43225da4611cac429c52a52c81.png","GfkFFwKRmrx2ZYiaaQe69nlzScn3T7IA",11563648963,"https://media.birdweather.com/soundscapes/6891/6891-20260508-141922.flac",0,3,"birdnetpi"
7564902779,6891,"2026-05-08T16:18:33.000+02:00",0.84,0.999183833599091,9.58158578708593,"almost_certain","2p4",NA,51.5688,6.001,FALSE,35,"Eurasian Blackbird","Turdus merula","#ff65df","avian","https://media.birdweather.com/species/35/EurasianBlackbird-standard-618b3a5132c7c359fb2a2884c39deb39.jpg","https://media.birdweather.com/species/35/EurasianBlackbird-thumbnail-276878929bed08167d1fd9bf34d63d40.jpg","https://media.birdweather.com/species/35/EurasianBlackbird-png200-ba5a1b43225da4611cac429c52a52c81.png","GfkFFwKRmrx2ZYiaaQe69nlzScn3T7IA",11563627027,"https://media.birdweather.com/soundscapes/6891/6891-20260508-141833.flac",0,3,"birdnetpi"
7564842212,6891,"2026-05-08T16:16:33.000+02:00",0.9,0.999183833599091,9.72592969353715,"almost_certain","2p4",NA,51.5669,6.0005,FALSE,35,"Eurasian Blackbird","Turdus merula","#ff65df","avian","https://media.birdweather.com/species/35/EurasianBlackbird-standard-618b3a5132c7c359fb2a2884c39deb39.jpg","https://media.birdweather.com/species/35/EurasianBlackbird-thumbnail-276878929bed08167d1fd9bf34d63d40.jpg","https://media.birdweather.com/species/35/EurasianBlackbird-png200-ba5a1b43225da4611cac429c52a52c81.png","GfkFFwKRmrx2ZYiaaQe69nlzScn3T7IA",11563569819,"https://media.birdweather.com/soundscapes/6891/6891-20260508-141633.flac",0,3,"birdnetpi"
7564820926,6891,"2026-05-08T16:15:49.000+02:00",0.74,0.999183833599091,9.30101744176089,"almost_certain","2p4",NA,51.5636,6.0091,FALSE,35,"Eurasian Blackbird","Turdus merula","#ff65df","avian","https://media.birdweather.com/species/35/EurasianBlackbird-standard-618b3a5132c7c359fb2a2884c39deb39.jpg","https://media.birdweather.com/species/35/EurasianBlackbird-thumbnail-276878929bed08167d1fd9bf34d63d40.jpg","https://media.birdweather.com/species/35/EurasianBlackbird-png200-ba5a1b43225da4611cac429c52a52c81.png","GfkFFwKRmrx2ZYiaaQe69nlzScn3T7IA",11563550152,"https://media.birdweather.com/soundscapes/6891/6891-20260508-141549.flac",0,3,"birdnetpi"
7564792416,6891,"2026-05-08T16:14:53.000+02:00",0.72,0.999183833599091,9.23728502034109,"almost_certain","2p4",NA,51.5662,6.0058,FALSE,35,"Eurasian Blackbird","Turdus merula","#ff65df","avian","https://media.birdweather.com/species/35/EurasianBlackbird-standard-618b3a5132c7c359fb2a2884c39deb39.jpg","https://media.birdweather.com/species/35/EurasianBlackbird-thumbnail-276878929bed08167d1fd9bf34d63d40.jpg","https://media.birdweather.com/species/35/EurasianBlackbird-png200-ba5a1b43225da4611cac429c52a52c81.png","GfkFFwKRmrx2ZYiaaQe69nlzScn3T7IA",11563523463,"https://media.birdweather.com/soundscapes/6891/6891-20260508-141453.flac",0,3,"birdnetpi"
7564774030,6891,"2026-05-08T16:14:19.000+02:00",0.89,0.999183833599091,9.70290394144371,"almost_certain","2p4",NA,51.5639,6.0048,FALSE,35,"Eurasian Blackbird","Turdus merula","#ff65df","avian","https://media.birdweather.com/species/35/EurasianBlackbird-standard-618b3a5132c7c359fb2a2884c39deb39.jpg","https://media.birdweather.com/species/35/EurasianBlackbird-thumbnail-276878929bed08167d1fd9bf34d63d40.jpg","https://media.birdweather.com/species/35/EurasianBlackbird-png200-ba5a1b43225da4611cac429c52a52c81.png","GfkFFwKRmrx2ZYiaaQe69nlzScn3T7IA",11563507033,"https://media.birdweather.com/soundscapes/6891/6891-20260508-141419.flac",0,3,"birdnetpi"
7564761535,6891,"2026-05-08T16:13:54.000+02:00",0.75,0.999183833599091,9.33180525427821,"almost_certain","2p4",NA,51.5628,6.0056,FALSE,35,"Eurasian Blackbird","Turdus merula","#ff65df","avian","https://media.birdweather.com/species/35/EurasianBlackbird-standard-618b3a5132c7c359fb2a2884c39deb39.jpg","https://media.birdweather.com/species/35/EurasianBlackbird-thumbnail-276878929bed08167d1fd9bf34d63d40.jpg","https://media.birdweather.com/species/35/EurasianBlackbird-png200-ba5a1b43225da4611cac429c52a52c81.png","GfkFFwKRmrx2ZYiaaQe69nlzScn3T7IA",11563496410,"https://media.birdweather.com/soundscapes/6891/6891-20260508-141354.flac",0,3,"birdnetpi"
7564633273,6891,"2026-05-08T16:09:59.000+02:00",0.73,0.999183833599091,9.26952180179305,"almost_certain","2p4",NA,51.5664,6.0092,FALSE,35,"Eurasian Blackbird","Turdus merula","#ff65df","avian","https://media.birdweather.com/species/35/EurasianBlackbird-standard-618b3a5132c7c359fb2a2884c39deb39.jpg","https://media.birdweather.com/species/35/EurasianBlackbird-thumbnail-276878929bed08167d1fd9bf34d63d40.jpg","https://media.birdweather.com/species/35/EurasianBlackbird-png200-ba5a1b43225da4611cac429c52a52c81.png","GfkFFwKRmrx2ZYiaaQe69nlzScn3T7IA",11563382529,"https://media.birdweather.com/soundscapes/6891/6891-20260508-140959.flac",0,3,"birdnetpi"
7564629561,6891,"2026-05-08T16:09:43.000+02:00",0.95,0.698269486427307,9.35050881531295,"almost_certain","2p4",NA,51.5621,6.0061,FALSE,30,"Common Buzzard","Buteo buteo","#37e188","avian","https://media.birdweather.com/species/30/CommonBuzzard-standard-624dd5ff44ca4409c2692d7ec2eec597.jpg","https://media.birdweather.com/species/30/CommonBuzzard-thumbnail-781fb553c5eb2032627994238a1027c5.jpg","https://media.birdweather.com/species/30/CommonBuzzard-png200-dcecf7087fca9c5bd3977532471c052a.png","XwkGDwKDmYifVWWAmFZnmqiIer/ICGME",11563378830,"https://media.birdweather.com/soundscapes/6891/6891-20260508-140943.flac",0,3,"birdnetpi"
7564521839,6891,"2026-05-08T16:06:20.000+02:00",0.96,0.991870403289795,9.84654027042637,"almost_certain","2p4",NA,51.5645,6.0091,FALSE,25,"Common Chaffinch","Fringilla coelebs","#fb7eff","avian","https://media.birdweather.com/species/25/CommonChaffinch-standard-d8edb223d1ec828ee0cda788e8f5f209.jpg","https://media.birdweather.com/species/25/CommonChaffinch-thumbnail-7ba0a46bb0cd7efdb3215242f9528140.jpg","https://media.birdweather.com/species/25/CommonChaffinch-png200-ced617224ab07c316109e2d0e9078f2e.png","WfgJDwKGhIbAbHimmnhluHh2tv25ZoAD",11563283641,"https://media.birdweather.com/soundscapes/6891/6891-20260508-140620.flac",0,3,"birdnetpi"
7564423796,6891,"2026-05-08T16:03:15.000+02:00",0.83,0.999183833599091,9.55597756485928,"almost_certain","2p4",NA,51.562,6.0061,FALSE,35,"Eurasian Blackbird","Turdus merula","#ff65df","avian","https://media.birdweather.com/species/35/EurasianBlackbird-standard-618b3a5132c7c359fb2a2884c39deb39.jpg","https://media.birdweather.com/species/35/EurasianBlackbird-thumbnail-276878929bed08167d1fd9bf34d63d40.jpg","https://media.birdweather.com/species/35/EurasianBlackbird-png200-ba5a1b43225da4611cac429c52a52c81.png","GfkFFwKRmrx2ZYiaaQe69nlzScn3T7IA",11563197014,"https://media.birdweather.com/soundscapes/6891/6891-20260508-140315.flac",0,3,"birdnetpi"
7564338119,6891,"2026-05-08T16:00:31.000+02:00",0.79,0.839938700199127,9.21319728535025,"almost_certain","2p4",NA,51.5678,6.0022,FALSE,1,"House Sparrow","Passer domesticus","#d16ff8","avian","https://media.birdweather.com/species/1/HouseSparrow-standard-b861184cf45c092cdb45fd689dd676ef.jpg","https://media.birdweather.com/species/1/HouseSparrow-thumbnail-e9cbc91763a1579de8ef04880678b5e3.jpg","https://media.birdweather.com/species/1/HouseSparrow-png200-125e8603e1efe9d7a18316b94f06a65e.png","XAgCDwD8qpukuHiqtLZ9mImnmPFcDO4E",11563119801,"https://media.birdweather.com/soundscapes/6891/6891-20260508-140031.flac",0,3,"birdnetpi"
7564279202,6891,"2026-05-08T15:58:33.000+02:00",0.99,0.419734984636307,8.74779551818864,"almost_certain","2p4",NA,51.5679,6.0074,FALSE,119,"Common House-Martin","Delichon urbicum","#53b1ff","avian","https://media.birdweather.com/species/119/CommonHouse-Martin-standard-9ffbcc688c51210fb136a162c84d82ad.jpg","https://media.birdweather.com/species/119/CommonHouse-Martin-thumbnail-dd7059ca6235347c3097e7a66f04df95.jpg","https://media.birdweather.com/species/119/CommonHouse-Martin-png200-a73a8953ce2af50676da81e70b2746b2.png","YhgKDwKJd4iIiHd/h5h5d4mIeQqVllAH",11563064909,"https://media.birdweather.com/soundscapes/6891/6891-20260508-135833.flac",0,3,"birdnetpi"
7564260375,6891,"2026-05-08T15:58:07.000+02:00",1,0.419734984636307,8.76750808849801,"almost_certain","2p4",NA,51.564,6.0019,FALSE,119,"Common House-Martin","Delichon urbicum","#53b1ff","avian","https://media.birdweather.com/species/119/CommonHouse-Martin-standard-9ffbcc688c51210fb136a162c84d82ad.jpg","https://media.birdweather.com/species/119/CommonHouse-Martin-thumbnail-dd7059ca6235347c3097e7a66f04df95.jpg","https://media.birdweather.com/species/119/CommonHouse-Martin-png200-a73a8953ce2af50676da81e70b2746b2.png","YhgKDwKJd4iIiHd/h5h5d4mIeQqVllAH",11563047863,"https://media.birdweather.com/soundscapes/6891/6891-20260508-135807.flac",0,3,"birdnetpi"
7564250430,6891,"2026-05-08T15:57:40.000+02:00",0.98,0.419734984636307,8.72779516298166,"almost_certain","2p4",NA,51.5705,6.0034,FALSE,119,"Common House-Martin","Delichon urbicum","#53b1ff","avian","https://media.birdweather.com/species/119/CommonHouse-Martin-standard-9ffbcc688c51210fb136a162c84d82ad.jpg","https://media.birdweather.com/species/119/CommonHouse-Martin-thumbnail-dd7059ca6235347c3097e7a66f04df95.jpg","https://media.birdweather.com/species/119/CommonHouse-Martin-png200-a73a8953ce2af50676da81e70b2746b2.png","YhgKDwKJd4iIiHd/h5h5d4mIeQqVllAH",11563038077,"https://media.birdweather.com/soundscapes/6891/6891-20260508-135740.flac",0,3,"birdnetpi"
7564195335,6891,"2026-05-08T15:55:55.000+02:00",0.84,0.419734984636307,8.41197775068345,"almost_certain","2p4",NA,51.5687,6.0039,FALSE,119,"Common House-Martin","Delichon urbicum","#53b1ff","avian","https://media.birdweather.com/species/119/CommonHouse-Martin-standard-9ffbcc688c51210fb136a162c84d82ad.jpg","https://media.birdweather.com/species/119/CommonHouse-Martin-thumbnail-dd7059ca6235347c3097e7a66f04df95.jpg","https://media.birdweather.com/species/119/CommonHouse-Martin-png200-a73a8953ce2af50676da81e70b2746b2.png","YhgKDwKJd4iIiHd/h5h5d4mIeQqVllAH",11562987026,"https://media.birdweather.com/soundscapes/6891/6891-20260508-135555.flac",0,3,"birdnetpi"
7564182813,6891,"2026-05-08T15:55:29.000+02:00",0.99,0.419734984636307,8.74779551818864,"almost_certain","2p4",NA,51.5678,6.009,FALSE,119,"Common House-Martin","Delichon urbicum","#53b1ff","avian","https://media.birdweather.com/species/119/CommonHouse-Martin-standard-9ffbcc688c51210fb136a162c84d82ad.jpg","https://media.birdweather.com/species/119/CommonHouse-Martin-thumbnail-dd7059ca6235347c3097e7a66f04df95.jpg","https://media.birdweather.com/species/119/CommonHouse-Martin-png200-a73a8953ce2af50676da81e70b2746b2.png","YhgKDwKJd4iIiHd/h5h5d4mIeQqVllAH",11562974095,"https://media.birdweather.com/soundscapes/6891/6891-20260508-135529.flac",0,3,"birdnetpi"
7564163304,6891,"2026-05-08T15:54:54.000+02:00",0.91,0.148204311728477,7.20995129102057,"almost_certain","2p4",NA,51.5636,6.0046,FALSE,143,"Eurasian Oystercatcher","Haematopus ostralegus","#ca8600","avian","https://media.birdweather.com/species/143/EurasianOystercatcher-standard-de054f6108c9ec46b2430e18a3a05899.jpg","https://media.birdweather.com/species/143/EurasianOystercatcher-thumbnail-30dda908d192acf9a6ba366e2d58599a.jpg","https://media.birdweather.com/species/143/EurasianOystercatcher-png200-eaade4c821880831fc0130856cf4cad3.png","3vcRFwKHd4mAiHeCdth4eIeIhYD5CocK",11562956137,"https://media.birdweather.com/soundscapes/6891/6891-20260508-135454.flac",0,3,"birdnetpi"
7564159126,6891,"2026-05-08T15:54:44.000+02:00",0.96,0.419734984636307,8.68689660346659,"almost_certain","2p4",NA,51.5632,6.0022,FALSE,119,"Common House-Martin","Delichon urbicum","#53b1ff","avian","https://media.birdweather.com/species/119/CommonHouse-Martin-standard-9ffbcc688c51210fb136a162c84d82ad.jpg","https://media.birdweather.com/species/119/CommonHouse-Martin-thumbnail-dd7059ca6235347c3097e7a66f04df95.jpg","https://media.birdweather.com/species/119/CommonHouse-Martin-png200-a73a8953ce2af50676da81e70b2746b2.png","YhgKDwKJd4iIiHd/h5h5d4mIeQqVllAH",11562951794,"https://media.birdweather.com/soundscapes/6891/6891-20260508-135444.flac",0,3,"birdnetpi"
7564147067,6891,"2026-05-08T15:54:23.000+02:00",0.85,0.839938700199127,9.37144994070718,"almost_certain","2p4",NA,51.5671,6.0079,FALSE,1,"House Sparrow","Passer domesticus","#d16ff8","avian","https://media.birdweather.com/species/1/HouseSparrow-standard-b861184cf45c092cdb45fd689dd676ef.jpg","https://media.birdweather.com/species/1/HouseSparrow-thumbnail-e9cbc91763a1579de8ef04880678b5e3.jpg","https://media.birdweather.com/species/1/HouseSparrow-png200-125e8603e1efe9d7a18316b94f06a65e.png","XAgCDwD8qpukuHiqtLZ9mImnmPFcDO4E",11562940303,"https://media.birdweather.com/soundscapes/6891/6891-20260508-135423.flac",0,3,"birdnetpi"
7564123384,6891,"2026-05-08T15:53:36.000+02:00",0.89,0.148204311728477,7.16428039525397,"almost_certain","2p4",NA,51.5672,6.0058,FALSE,143,"Eurasian Oystercatcher","Haematopus ostralegus","#ca8600","avian","https://media.birdweather.com/species/143/EurasianOystercatcher-standard-de054f6108c9ec46b2430e18a3a05899.jpg","https://media.birdweather.com/species/143/EurasianOystercatcher-thumbnail-30dda908d192acf9a6ba366e2d58599a.jpg","https://media.birdweather.com/species/143/EurasianOystercatcher-png200-eaade4c821880831fc0130856cf4cad3.png","3vcRFwKHd4mAiHeCdth4eIeIhYD5CocK",11562918101,"https://media.birdweather.com/soundscapes/6891/6891-20260508-135336.flac",0,3,"birdnetpi"
7564020126,6891,"2026-05-08T15:50:20.000+02:00",0.83,0.476928234100342,8.55754835023232,"almost_certain","2p4",NA,51.5697,6.006,FALSE,103,"Eurasian Collared-Dove","Streptopelia decaocto","#006e2a","avian","https://media.birdweather.com/species/103/EurasianCollared-Dove-standard-e0c74c4f1ffe5357c4759579380dab35.jpg","https://media.birdweather.com/species/103/EurasianCollared-Dove-thumbnail-53ccb5f0a5d0640a1e766dd99c28ebca.jpg","https://media.birdweather.com/species/103/EurasianCollared-Dove-png200-4efa83c8c5efbdb09427b3c3fa247357.png","pvcFFwLpd4RvlJeUWZh2eXh4VxBqBZIH",11562820216,"https://media.birdweather.com/soundscapes/6891/6891-20260508-135020.flac",0,3,"birdnetpi"
7563882341,6891,"2026-05-08T15:46:04.000+02:00",0.82,0.839938700199127,9.29460737139524,"almost_certain","2p4",NA,51.5641,6.0022,FALSE,1,"House Sparrow","Passer domesticus","#d16ff8","avian","https://media.birdweather.com/species/1/HouseSparrow-standard-b861184cf45c092cdb45fd689dd676ef.jpg","https://media.birdweather.com/species/1/HouseSparrow-thumbnail-e9cbc91763a1579de8ef04880678b5e3.jpg","https://media.birdweather.com/species/1/HouseSparrow-png200-125e8603e1efe9d7a18316b94f06a65e.png","XAgCDwD8qpukuHiqtLZ9mImnmPFcDO4E",11562688991,"https://media.birdweather.com/soundscapes/6891/6891-20260508-134604.flac",0,3,"birdnetpi"
7563866654,6891,"2026-05-08T15:45:20.000+02:00",0.82,0.839938700199127,9.29460737139524,"almost_certain","2p4",NA,51.5618,6.0011,FALSE,1,"House Sparrow","Passer domesticus","#d16ff8","avian","https://media.birdweather.com/species/1/HouseSparrow-standard-b861184cf45c092cdb45fd689dd676ef.jpg","https://media.birdweather.com/species/1/HouseSparrow-thumbnail-e9cbc91763a1579de8ef04880678b5e3.jpg","https://media.birdweather.com/species/1/HouseSparrow-png200-125e8603e1efe9d7a18316b94f06a65e.png","XAgCDwD8qpukuHiqtLZ9mImnmPFcDO4E",11562672087,"https://media.birdweather.com/soundscapes/6891/6891-20260508-134520.flac",0,3,"birdnetpi"
7563852534,6891,"2026-05-08T15:44:53.000+02:00",0.85,0.672991514205933,9.07185588255285,"almost_certain","2p4",NA,51.5631,6.0083,FALSE,44,"Dunnock","Prunella modularis","#fea614","avian","https://media.birdweather.com/species/44/Dunnock-standard-a705d7131240cedd1c407b5a19989591.jpg","https://media.birdweather.com/species/44/Dunnock-thumbnail-1036624855b82c96db4ad23d1ed9d702.jpg","https://media.birdweather.com/species/44/Dunnock-png200-951bb2cdb9ec585716907d8eac83882e.png","lQgGDwB9pneQhHlwWjeK2ZK6d/kdFaUA",11562657823,"https://media.birdweather.com/soundscapes/6891/6891-20260508-134453.flac",0,3,"birdnetpi"
7563794599,6891,"2026-05-08T15:43:00.000+02:00",0.97,0.148204311728477,7.33848298566876,"almost_certain","2p4",NA,51.5648,6.0031,FALSE,143,"Eurasian Oystercatcher","Haematopus ostralegus","#ca8600","avian","https://media.birdweather.com/species/143/EurasianOystercatcher-standard-de054f6108c9ec46b2430e18a3a05899.jpg","https://media.birdweather.com/species/143/EurasianOystercatcher-thumbnail-30dda908d192acf9a6ba366e2d58599a.jpg","https://media.birdweather.com/species/143/EurasianOystercatcher-png200-eaade4c821880831fc0130856cf4cad3.png","3vcRFwKHd4mAiHeCdth4eIeIhYD5CocK",11562602259,"https://media.birdweather.com/soundscapes/6891/6891-20260508-134300.flac",0,3,"birdnetpi"
7563728657,6891,"2026-05-08T15:41:00.000+02:00",0.78,0.839938700199127,9.1849488618825,"almost_certain","2p4",NA,51.5637,6.0047,FALSE,1,"House Sparrow","Passer domesticus","#d16ff8","avian","https://media.birdweather.com/species/1/HouseSparrow-standard-b861184cf45c092cdb45fd689dd676ef.jpg","https://media.birdweather.com/species/1/HouseSparrow-thumbnail-e9cbc91763a1579de8ef04880678b5e3.jpg","https://media.birdweather.com/species/1/HouseSparrow-png200-125e8603e1efe9d7a18316b94f06a65e.png","XAgCDwD8qpukuHiqtLZ9mImnmPFcDO4E",11562538151,"https://media.birdweather.com/soundscapes/6891/6891-20260508-134100.flac",0,3,"birdnetpi"
7563668594,6891,"2026-05-08T15:38:58.000+02:00",0.91,0.991870403289795,9.73861046776761,"almost_certain","2p4",NA,51.5678,6.0011,FALSE,25,"Common Chaffinch","Fringilla coelebs","#fb7eff","avian","https://media.birdweather.com/species/25/CommonChaffinch-standard-d8edb223d1ec828ee0cda788e8f5f209.jpg","https://media.birdweather.com/species/25/CommonChaffinch-thumbnail-7ba0a46bb0cd7efdb3215242f9528140.jpg","https://media.birdweather.com/species/25/CommonChaffinch-png200-ced617224ab07c316109e2d0e9078f2e.png","WfgJDwKGhIbAbHimmnhluHh2tv25ZoAD",11562481296,"https://media.birdweather.com/soundscapes/6891/6891-20260508-133858.flac",0,3,"birdnetpi"
7563652122,6891,"2026-05-08T15:38:25.000+02:00",0.97,0.991870403289795,9.86714216241579,"almost_certain","2p4",NA,51.5694,6.0051,FALSE,25,"Common Chaffinch","Fringilla coelebs","#fb7eff","avian","https://media.birdweather.com/species/25/CommonChaffinch-standard-d8edb223d1ec828ee0cda788e8f5f209.jpg","https://media.birdweather.com/species/25/CommonChaffinch-thumbnail-7ba0a46bb0cd7efdb3215242f9528140.jpg","https://media.birdweather.com/species/25/CommonChaffinch-png200-ced617224ab07c316109e2d0e9078f2e.png","WfgJDwKGhIbAbHimmnhluHh2tv25ZoAD",11562464927,"https://media.birdweather.com/soundscapes/6891/6891-20260508-133825.flac",0,3,"birdnetpi"
7563625511,6891,"2026-05-08T15:37:32.000+02:00",0.99,0.991870403289795,9.90743918514842,"almost_certain","2p4",NA,51.5666,6.0008,FALSE,25,"Common Chaffinch","Fringilla coelebs","#fb7eff","avian","https://media.birdweather.com/species/25/CommonChaffinch-standard-d8edb223d1ec828ee0cda788e8f5f209.jpg","https://media.birdweather.com/species/25/CommonChaffinch-thumbnail-7ba0a46bb0cd7efdb3215242f9528140.jpg","https://media.birdweather.com/species/25/CommonChaffinch-png200-ced617224ab07c316109e2d0e9078f2e.png","WfgJDwKGhIbAbHimmnhluHh2tv25ZoAD",11562439204,"https://media.birdweather.com/soundscapes/6891/6891-20260508-133732.flac",0,3,"birdnetpi"
7563616298,6891,"2026-05-08T15:37:16.000+02:00",0.98,0.991870403289795,9.88743882994144,"almost_certain","2p4",NA,51.5703,6.0011,FALSE,25,"Common Chaffinch","Fringilla coelebs","#fb7eff","avian","https://media.birdweather.com/species/25/CommonChaffinch-standard-d8edb223d1ec828ee0cda788e8f5f209.jpg","https://media.birdweather.com/species/25/CommonChaffinch-thumbnail-7ba0a46bb0cd7efdb3215242f9528140.jpg","https://media.birdweather.com/species/25/CommonChaffinch-png200-ced617224ab07c316109e2d0e9078f2e.png","WfgJDwKGhIbAbHimmnhluHh2tv25ZoAD",11562430793,"https://media.birdweather.com/soundscapes/6891/6891-20260508-133716.flac",0,3,"birdnetpi"
7563607594,6891,"2026-05-08T15:36:59.000+02:00",0.98,0.991870403289795,9.88743882994144,"almost_certain","2p4",NA,51.565,6.0027,FALSE,25,"Common Chaffinch","Fringilla coelebs","#fb7eff","avian","https://media.birdweather.com/species/25/CommonChaffinch-standard-d8edb223d1ec828ee0cda788e8f5f209.jpg","https://media.birdweather.com/species/25/CommonChaffinch-thumbnail-7ba0a46bb0cd7efdb3215242f9528140.jpg","https://media.birdweather.com/species/25/CommonChaffinch-png200-ced617224ab07c316109e2d0e9078f2e.png","WfgJDwKGhIbAbHimmnhluHh2tv25ZoAD",11562422941,"https://media.birdweather.com/soundscapes/6891/6891-20260508-133659.flac",0,3,"birdnetpi"
7563599431,6891,"2026-05-08T15:36:49.000+02:00",0.97,0.991870403289795,9.86714216241579,"almost_certain","2p4",NA,51.5627,6.0053,FALSE,25,"Common Chaffinch","Fringilla coelebs","#fb7eff","avian","https://media.birdweather.com/species/25/CommonChaffinch-standard-d8edb223d1ec828ee0cda788e8f5f209.jpg","https://media.birdweather.com/species/25/CommonChaffinch-thumbnail-7ba0a46bb0cd7efdb3215242f9528140.jpg","https://media.birdweather.com/species/25/CommonChaffinch-png200-ced617224ab07c316109e2d0e9078f2e.png","WfgJDwKGhIbAbHimmnhluHh2tv25ZoAD",11562414559,"https://media.birdweather.com/soundscapes/6891/6891-20260508-133649.flac",0,3,"birdnetpi"
7563589941,6891,"2026-05-08T15:36:34.000+02:00",0.97,0.991870403289795,9.86714216241579,"almost_certain","2p4",NA,51.5625,6.0049,FALSE,25,"Common Chaffinch","Fringilla coelebs","#fb7eff","avian","https://media.birdweather.com/species/25/CommonChaffinch-standard-d8edb223d1ec828ee0cda788e8f5f209.jpg","https://media.birdweather.com/species/25/CommonChaffinch-thumbnail-7ba0a46bb0cd7efdb3215242f9528140.jpg","https://media.birdweather.com/species/25/CommonChaffinch-png200-ced617224ab07c316109e2d0e9078f2e.png","WfgJDwKGhIbAbHimmnhluHh2tv25ZoAD",11562405541,"https://media.birdweather.com/soundscapes/6891/6891-20260508-133634.flac",0,3,"birdnetpi"
7563577615,6891,"2026-05-08T15:36:02.000+02:00",0.97,0.991870403289795,9.86714216241579,"almost_certain","2p4",NA,51.5671,6.0042,FALSE,25,"Common Chaffinch","Fringilla coelebs","#fb7eff","avian","https://media.birdweather.com/species/25/CommonChaffinch-standard-d8edb223d1ec828ee0cda788e8f5f209.jpg","https://media.birdweather.com/species/25/CommonChaffinch-thumbnail-7ba0a46bb0cd7efdb3215242f9528140.jpg","https://media.birdweather.com/species/25/CommonChaffinch-png200-ced617224ab07c316109e2d0e9078f2e.png","WfgJDwKGhIbAbHimmnhluHh2tv25ZoAD",11562394229,"https://media.birdweather.com/soundscapes/6891/6891-20260508-133602.flac",0,3,"birdnetpi"
7563564252,6891,"2026-05-08T15:35:33.000+02:00",0.96,0.991870403289795,9.84654027042637,"almost_certain","2p4",NA,51.5641,6.0032,FALSE,25,"Common Chaffinch","Fringilla coelebs","#fb7eff","avian","https://media.birdweather.com/species/25/CommonChaffinch-standard-d8edb223d1ec828ee0cda788e8f5f209.jpg","https://media.birdweather.com/species/25/CommonChaffinch-thumbnail-7ba0a46bb0cd7efdb3215242f9528140.jpg","https://media.birdweather.com/species/25/CommonChaffinch-png200-ced617224ab07c316109e2d0e9078f2e.png","WfgJDwKGhIbAbHimmnhluHh2tv25ZoAD",11562380884,"https://media.birdweather.com/soundscapes/6891/6891-20260508-133533.flac",0,3,"birdnetpi"
7563556154,6891,"2026-05-08T15:35:24.000+02:00",0.85,0.991870403289795,9.59675973761866,"almost_certain","2p4",NA,51.5703,6.0068,FALSE,25,"Common Chaffinch","Fringilla coelebs","#fb7eff","avian","https://media.birdweather.com/species/25/CommonChaffinch-standard-d8edb223d1ec828ee0cda788e8f5f209.jpg","https://media.birdweather.com/species/25/CommonChaffinch-thumbnail-7ba0a46bb0cd7efdb3215242f9528140.jpg","https://media.birdweather.com/species/25/CommonChaffinch-png200-ced617224ab07c316109e2d0e9078f2e.png","WfgJDwKGhIbAbHimmnhluHh2tv25ZoAD",11562373015,"https://media.birdweather.com/soundscapes/6891/6891-20260508-133524.flac",0,3,"birdnetpi"
7563543750,6891,"2026-05-08T15:34:57.000+02:00",0.99,0.991870403289795,9.90743918514842,"almost_certain","2p4",NA,51.5653,6.0023,FALSE,25,"Common Chaffinch","Fringilla coelebs","#fb7eff","avian","https://media.birdweather.com/species/25/CommonChaffinch-standard-d8edb223d1ec828ee0cda788e8f5f209.jpg","https://media.birdweather.com/species/25/CommonChaffinch-thumbnail-7ba0a46bb0cd7efdb3215242f9528140.jpg","https://media.birdweather.com/species/25/CommonChaffinch-png200-ced617224ab07c316109e2d0e9078f2e.png","WfgJDwKGhIbAbHimmnhluHh2tv25ZoAD",11562361859,"https://media.birdweather.com/soundscapes/6891/6891-20260508-133457.flac",0,3,"birdnetpi"
7563535529,6891,"2026-05-08T15:34:36.000+02:00",0.98,0.991870403289795,9.88743882994144,"almost_certain","2p4",NA,51.5681,6.0073,FALSE,25,"Common Chaffinch","Fringilla coelebs","#fb7eff","avian","https://media.birdweather.com/species/25/CommonChaffinch-standard-d8edb223d1ec828ee0cda788e8f5f209.jpg","https://media.birdweather.com/species/25/CommonChaffinch-thumbnail-7ba0a46bb0cd7efdb3215242f9528140.jpg","https://media.birdweather.com/species/25/CommonChaffinch-png200-ced617224ab07c316109e2d0e9078f2e.png","WfgJDwKGhIbAbHimmnhluHh2tv25ZoAD",11562353422,"https://media.birdweather.com/soundscapes/6891/6891-20260508-133436.flac",0,3,"birdnetpi"
7563519762,6891,"2026-05-08T15:34:16.000+02:00",1,0.991870403289795,9.92715175545779,"almost_certain","2p4",NA,51.5675,6.0028,FALSE,25,"Common Chaffinch","Fringilla coelebs","#fb7eff","avian","https://media.birdweather.com/species/25/CommonChaffinch-standard-d8edb223d1ec828ee0cda788e8f5f209.jpg","https://media.birdweather.com/species/25/CommonChaffinch-thumbnail-7ba0a46bb0cd7efdb3215242f9528140.jpg","https://media.birdweather.com/species/25/CommonChaffinch-png200-ced617224ab07c316109e2d0e9078f2e.png","WfgJDwKGhIbAbHimmnhluHh2tv25ZoAD",11562339827,"https://media.birdweather.com/soundscapes/6891/6891-20260508-133416.flac",0,3,"birdnetpi"
7563511849,6891,"2026-05-08T15:33:52.000+02:00",0.97,0.991870403289795,9.86714216241579,"almost_certain","2p4",NA,51.566,6.0056,FALSE,25,"Common Chaffinch","Fringilla coelebs","#fb7eff","avian","https://media.birdweather.com/species/25/CommonChaffinch-standard-d8edb223d1ec828ee0cda788e8f5f209.jpg","https://media.birdweather.com/species/25/CommonChaffinch-thumbnail-7ba0a46bb0cd7efdb3215242f9528140.jpg","https://media.birdweather.com/species/25/CommonChaffinch-png200-ced617224ab07c316109e2d0e9078f2e.png","WfgJDwKGhIbAbHimmnhluHh2tv25ZoAD",11562332452,"https://media.birdweather.com/soundscapes/6891/6891-20260508-133352.flac",0,3,"birdnetpi"
7563496858,6891,"2026-05-08T15:33:24.000+02:00",0.99,0.991870403289795,9.90743918514842,"almost_certain","2p4",NA,51.5655,6.0025,FALSE,25,"Common Chaffinch","Fringilla coelebs","#fb7eff","avian","https://media.birdweather.com/species/25/CommonChaffinch-standard-d8edb223d1ec828ee0cda788e8f5f209.jpg","https://media.birdweather.com/species/25/CommonChaffinch-thumbnail-7ba0a46bb0cd7efdb3215242f9528140.jpg","https://media.birdweather.com/species/25/CommonChaffinch-png200-ced617224ab07c316109e2d0e9078f2e.png","WfgJDwKGhIbAbHimmnhluHh2tv25ZoAD",11562318772,"https://media.birdweather.com/soundscapes/6891/6891-20260508-133324.flac",0,3,"birdnetpi"
7563480777,6891,"2026-05-08T15:32:52.000+02:00",1,0.991870403289795,9.92715175545779,"almost_certain","2p4",NA,51.5662,6.005,FALSE,25,"Common Chaffinch","Fringilla coelebs","#fb7eff","avian","https://media.birdweather.com/species/25/CommonChaffinch-standard-d8edb223d1ec828ee0cda788e8f5f209.jpg","https://media.birdweather.com/species/25/CommonChaffinch-thumbnail-7ba0a46bb0cd7efdb3215242f9528140.jpg","https://media.birdweather.com/species/25/CommonChaffinch-png200-ced617224ab07c316109e2d0e9078f2e.png","WfgJDwKGhIbAbHimmnhluHh2tv25ZoAD",11562303873,"https://media.birdweather.com/soundscapes/6891/6891-20260508-133252.flac",0,3,"birdnetpi"
7563405740,6891,"2026-05-08T15:30:21.000+02:00",0.74,0.556647181510925,8.51030777267744,"almost_certain","2p4",NA,51.5618,6.0035,FALSE,294,"European Greenfinch","Chloris chloris","#fea614","avian","https://media.birdweather.com/species/294/EuropeanGreenfinch-standard-34aa36357c06fbf52af390917f29436b.jpg","https://media.birdweather.com/species/294/EuropeanGreenfinch-thumbnail-7466d93ab9340d75d4eec2ca6eeed529.jpg","https://media.birdweather.com/species/294/EuropeanGreenfinch-png200-8b2951bb918db1cbed643a9530efa558.png","FRkGHwJYqWeEd4ifapeoh4ZriPUnaG8B",11562233530,"https://media.birdweather.com/soundscapes/6891/6891-20260508-133021.flac",0,3,"birdnetpi"
7563289426,6891,"2026-05-08T15:26:35.000+02:00",0.76,0.419734984636307,8.19230832008045,"almost_certain","2p4",NA,51.5647,6.0015,FALSE,119,"Common House-Martin","Delichon urbicum","#53b1ff","avian","https://media.birdweather.com/species/119/CommonHouse-Martin-standard-9ffbcc688c51210fb136a162c84d82ad.jpg","https://media.birdweather.com/species/119/CommonHouse-Martin-thumbnail-dd7059ca6235347c3097e7a66f04df95.jpg","https://media.birdweather.com/species/119/CommonHouse-Martin-png200-a73a8953ce2af50676da81e70b2746b2.png","YhgKDwKJd4iIiHd/h5h5d4mIeQqVllAH",11562125954,"https://media.birdweather.com/soundscapes/6891/6891-20260508-132635.flac",0,3,"birdnetpi"
7563265507,6891,"2026-05-08T15:25:54.000+02:00",0.99,0.622888922691345,9.27815844681824,"almost_certain","2p4",NA,51.5638,6.0081,FALSE,76,"Eurasian Jackdaw","Corvus monedula","#f36f1b","avian","https://media.birdweather.com/species/76/EurasianJackdaw-standard-55cbd4006f743c538a3264a1fb86d41c.jpg","https://media.birdweather.com/species/76/EurasianJackdaw-thumbnail-80ecf23afe76ea22483b4f8043e19339.jpg","https://media.birdweather.com/species/76/EurasianJackdaw-png200-862dbf9b3725619bb5532ba255c32118.png","4AgKDwL2i2d1homOY0modph5OL/1qHAJ",11562104434,"https://media.birdweather.com/soundscapes/6891/6891-20260508-132554.flac",0,3,"birdnetpi"
7563150059,6891,"2026-05-08T15:22:02.000+02:00",0.75,0.556647181510925,8.54109558519476,"almost_certain","2p4",NA,51.5685,6.0076,FALSE,294,"European Greenfinch","Chloris chloris","#fea614","avian","https://media.birdweather.com/species/294/EuropeanGreenfinch-standard-34aa36357c06fbf52af390917f29436b.jpg","https://media.birdweather.com/species/294/EuropeanGreenfinch-thumbnail-7466d93ab9340d75d4eec2ca6eeed529.jpg","https://media.birdweather.com/species/294/EuropeanGreenfinch-png200-8b2951bb918db1cbed643a9530efa558.png","FRkGHwJYqWeEd4ifapeoh4ZriPUnaG8B",11561998841,"https://media.birdweather.com/soundscapes/6891/6891-20260508-132202.flac",0,3,"birdnetpi"
7563056970,6891,"2026-05-08T15:19:02.000+02:00",0.95,0.999183833599091,9.8355882030499,"almost_certain","2p4",NA,51.569,6.0029,FALSE,35,"Eurasian Blackbird","Turdus merula","#ff65df","avian","https://media.birdweather.com/species/35/EurasianBlackbird-standard-618b3a5132c7c359fb2a2884c39deb39.jpg","https://media.birdweather.com/species/35/EurasianBlackbird-thumbnail-276878929bed08167d1fd9bf34d63d40.jpg","https://media.birdweather.com/species/35/EurasianBlackbird-png200-ba5a1b43225da4611cac429c52a52c81.png","GfkFFwKRmrx2ZYiaaQe69nlzScn3T7IA",11561914066,"https://media.birdweather.com/soundscapes/6891/6891-20260508-131902.flac",0,3,"birdnetpi"
7563045715,6891,"2026-05-08T15:18:40.000+02:00",0.88,0.999183833599091,9.67948456774147,"almost_certain","2p4",NA,51.5695,6.0088,FALSE,35,"Eurasian Blackbird","Turdus merula","#ff65df","avian","https://media.birdweather.com/species/35/EurasianBlackbird-standard-618b3a5132c7c359fb2a2884c39deb39.jpg","https://media.birdweather.com/species/35/EurasianBlackbird-thumbnail-276878929bed08167d1fd9bf34d63d40.jpg","https://media.birdweather.com/species/35/EurasianBlackbird-png200-ba5a1b43225da4611cac429c52a52c81.png","GfkFFwKRmrx2ZYiaaQe69nlzScn3T7IA",11561903632,"https://media.birdweather.com/soundscapes/6891/6891-20260508-131840.flac",0,3,"birdnetpi"
7563009210,6891,"2026-05-08T15:17:32.000+02:00",0.73,0.999183833599091,9.26952180179305,"almost_certain","2p4",NA,51.5642,6.0008,FALSE,35,"Eurasian Blackbird","Turdus merula","#ff65df","avian","https://media.birdweather.com/species/35/EurasianBlackbird-standard-618b3a5132c7c359fb2a2884c39deb39.jpg","https://media.birdweather.com/species/35/EurasianBlackbird-thumbnail-276878929bed08167d1fd9bf34d63d40.jpg","https://media.birdweather.com/species/35/EurasianBlackbird-png200-ba5a1b43225da4611cac429c52a52c81.png","GfkFFwKRmrx2ZYiaaQe69nlzScn3T7IA",11561870800,"https://media.birdweather.com/soundscapes/6891/6891-20260508-131732.flac",0,3,"birdnetpi"
7562946830,6891,"2026-05-08T15:15:15.000+02:00",0.78,0.999183833599091,9.42022302823668,"almost_certain","2p4",NA,51.5683,6.0088,FALSE,35,"Eurasian Blackbird","Turdus merula","#ff65df","avian","https://media.birdweather.com/species/35/EurasianBlackbird-standard-618b3a5132c7c359fb2a2884c39deb39.jpg","https://media.birdweather.com/species/35/EurasianBlackbird-thumbnail-276878929bed08167d1fd9bf34d63d40.jpg","https://media.birdweather.com/species/35/EurasianBlackbird-png200-ba5a1b43225da4611cac429c52a52c81.png","GfkFFwKRmrx2ZYiaaQe69nlzScn3T7IA",11561807243,"https://media.birdweather.com/soundscapes/6891/6891-20260508-131515.flac",0,3,"birdnetpi"
7562940744,6891,"2026-05-08T15:15:03.000+02:00",0.83,0.961844444274902,9.50432658834144,"almost_certain","2p4",NA,51.5636,6.0051,FALSE,51,"Common Chiffchaff","Phylloscopus collybita","#234bb2","avian","https://media.birdweather.com/species/51/CommonChiffchaff-standard-51b65ae67159c1d7e6b40d2e5032b8bc.jpg","https://media.birdweather.com/species/51/CommonChiffchaff-thumbnail-db7cc6cc80c51cac95a6cceb51a0a66f.jpg","https://media.birdweather.com/species/51/CommonChiffchaff-png200-e06677bd5f83c96ea17aab076a5e64dd.png","HSkCDwJplXeiMFilxTzIyVZplYf32ZcA",11561801577,"https://media.birdweather.com/soundscapes/6891/6891-20260508-131503.flac",0,3,"birdnetpi"
7562917951,6891,"2026-05-08T15:14:19.000+02:00",0.72,0.961844444274902,9.18563404382325,"almost_certain","2p4",NA,51.5624,6.0078,FALSE,51,"Common Chiffchaff","Phylloscopus collybita","#234bb2","avian","https://media.birdweather.com/species/51/CommonChiffchaff-standard-51b65ae67159c1d7e6b40d2e5032b8bc.jpg","https://media.birdweather.com/species/51/CommonChiffchaff-thumbnail-db7cc6cc80c51cac95a6cceb51a0a66f.jpg","https://media.birdweather.com/species/51/CommonChiffchaff-png200-e06677bd5f83c96ea17aab076a5e64dd.png","HSkCDwJplXeiMFilxTzIyVZplYf32ZcA",11561779835,"https://media.birdweather.com/soundscapes/6891/6891-20260508-131419.flac",0,3,"birdnetpi"
7562896057,6891,"2026-05-08T15:13:35.000+02:00",0.74,0.999183833599091,9.30101744176089,"almost_certain","2p4",NA,51.5667,6.0054,FALSE,35,"Eurasian Blackbird","Turdus merula","#ff65df","avian","https://media.birdweather.com/species/35/EurasianBlackbird-standard-618b3a5132c7c359fb2a2884c39deb39.jpg","https://media.birdweather.com/species/35/EurasianBlackbird-thumbnail-276878929bed08167d1fd9bf34d63d40.jpg","https://media.birdweather.com/species/35/EurasianBlackbird-png200-ba5a1b43225da4611cac429c52a52c81.png","GfkFFwKRmrx2ZYiaaQe69nlzScn3T7IA",11561760094,"https://media.birdweather.com/soundscapes/6891/6891-20260508-131335.flac",0,3,"birdnetpi"
7562860149,6891,"2026-05-08T15:12:27.000+02:00",0.85,0.999183833599091,9.60672410706136,"almost_certain","2p4",NA,51.5622,6.0015,FALSE,35,"Eurasian Blackbird","Turdus merula","#ff65df","avian","https://media.birdweather.com/species/35/EurasianBlackbird-standard-618b3a5132c7c359fb2a2884c39deb39.jpg","https://media.birdweather.com/species/35/EurasianBlackbird-thumbnail-276878929bed08167d1fd9bf34d63d40.jpg","https://media.birdweather.com/species/35/EurasianBlackbird-png200-ba5a1b43225da4611cac429c52a52c81.png","GfkFFwKRmrx2ZYiaaQe69nlzScn3T7IA",11561727023,"https://media.birdweather.com/soundscapes/6891/6891-20260508-131227.flac",0,3,"birdnetpi"
7562851925,6891,"2026-05-08T15:12:09.000+02:00",0.93,0.999183833599091,9.79277221844927,"almost_certain","2p4",NA,51.563,6.0017,FALSE,35,"Eurasian Blackbird","Turdus merula","#ff65df","avian","https://media.birdweather.com/species/35/EurasianBlackbird-standard-618b3a5132c7c359fb2a2884c39deb39.jpg","https://media.birdweather.com/species/35/EurasianBlackbird-thumbnail-276878929bed08167d1fd9bf34d63d40.jpg","https://media.birdweather.com/species/35/EurasianBlackbird-png200-ba5a1b43225da4611cac429c52a52c81.png","GfkFFwKRmrx2ZYiaaQe69nlzScn3T7IA",11561719684,"https://media.birdweather.com/soundscapes/6891/6891-20260508-131209.flac",0,3,"birdnetpi"
7562796269,6891,"2026-05-08T15:10:27.000+02:00",0.76,0.999183833599091,9.36191635648293,"almost_certain","2p4",NA,51.5647,6.0012,FALSE,35,"Eurasian Blackbird","Turdus merula","#ff65df","avian","https://media.birdweather.com/species/35/EurasianBlackbird-standard-618b3a5132c7c359fb2a2884c39deb39.jpg","https://media.birdweather.com/species/35/EurasianBlackbird-thumbnail-276878929bed08167d1fd9bf34d63d40.jpg","https://media.birdweather.com/species/35/EurasianBlackbird-png200-ba5a1b43225da4611cac429c52a52c81.png","GfkFFwKRmrx2ZYiaaQe69nlzScn3T7IA",11561668103,"https://media.birdweather.com/soundscapes/6891/6891-20260508-131027.flac",0,3,"birdnetpi"
7562765252,6891,"2026-05-08T15:09:20.000+02:00",0.71,0.999183833599091,9.20427137467778,"almost_certain","2p4",NA,51.5644,6.0077,FALSE,35,"Eurasian Blackbird","Turdus merula","#ff65df","avian","https://media.birdweather.com/species/35/EurasianBlackbird-standard-618b3a5132c7c359fb2a2884c39deb39.jpg","https://media.birdweather.com/species/35/EurasianBlackbird-thumbnail-276878929bed08167d1fd9bf34d63d40.jpg","https://media.birdweather.com/species/35/EurasianBlackbird-png200-ba5a1b43225da4611cac429c52a52c81.png","GfkFFwKRmrx2ZYiaaQe69nlzScn3T7IA",11561639355,"https://media.birdweather.com/soundscapes/6891/6891-20260508-130920.flac",0,3,"birdnetpi"
7562748310,6891,"2026-05-08T15:08:46.000+02:00",0.87,0.999183833599091,9.65565788022621,"almost_certain","2p4",NA,51.5653,6.0032,FALSE,35,"Eurasian Blackbird","Turdus merula","#ff65df","avian","https://media.birdweather.com/species/35/EurasianBlackbird-standard-618b3a5132c7c359fb2a2884c39deb39.jpg","https://media.birdweather.com/species/35/EurasianBlackbird-thumbnail-276878929bed08167d1fd9bf34d63d40.jpg","https://media.birdweather.com/species/35/EurasianBlackbird-png200-ba5a1b43225da4611cac429c52a52c81.png","GfkFFwKRmrx2ZYiaaQe69nlzScn3T7IA",11561623951,"https://media.birdweather.com/soundscapes/6891/6891-20260508-130846.flac",0,3,"birdnetpi"
7562732828,6891,"2026-05-08T15:08:19.000+02:00",0.97,0.836401343345642,9.63611866920604,"almost_certain","2p4",NA,51.5691,6.0033,FALSE,95,"White Wagtail","Motacilla alba","#457700","avian","https://media.birdweather.com/species/95/WhiteWagtail-standard-c3e712d95481fd4c30012b3afc4ee61f.jpg","https://media.birdweather.com/species/95/WhiteWagtail-thumbnail-645080e5b8667eaccbc9a938f781f907.jpg","https://media.birdweather.com/species/95/WhiteWagtail-png200-38e3473b44d59c0f49a722ef0b7250cd.png","2PcFJwZKpplweXdymnZouGiofwaoZ4AL",11561610090,"https://media.birdweather.com/soundscapes/6891/6891-20260508-130819.flac",0,3,"birdnetpi"
7562688810,6891,"2026-05-08T15:06:53.000+02:00",0.88,0.999183833599091,9.67948456774147,"almost_certain","2p4",NA,51.5649,6.0063,FALSE,35,"Eurasian Blackbird","Turdus merula","#ff65df","avian","https://media.birdweather.com/species/35/EurasianBlackbird-standard-618b3a5132c7c359fb2a2884c39deb39.jpg","https://media.birdweather.com/species/35/EurasianBlackbird-thumbnail-276878929bed08167d1fd9bf34d63d40.jpg","https://media.birdweather.com/species/35/EurasianBlackbird-png200-ba5a1b43225da4611cac429c52a52c81.png","GfkFFwKRmrx2ZYiaaQe69nlzScn3T7IA",11561569754,"https://media.birdweather.com/soundscapes/6891/6891-20260508-130653.flac",0,3,"birdnetpi"
7562670514,6891,"2026-05-08T15:06:25.000+02:00",0.7,0.999183833599091,9.17044249542897,"almost_certain","2p4",NA,51.5693,6.0033,FALSE,35,"Eurasian Blackbird","Turdus merula","#ff65df","avian","https://media.birdweather.com/species/35/EurasianBlackbird-standard-618b3a5132c7c359fb2a2884c39deb39.jpg","https://media.birdweather.com/species/35/EurasianBlackbird-thumbnail-276878929bed08167d1fd9bf34d63d40.jpg","https://media.birdweather.com/species/35/EurasianBlackbird-png200-ba5a1b43225da4611cac429c52a52c81.png","GfkFFwKRmrx2ZYiaaQe69nlzScn3T7IA",11561553144,"https://media.birdweather.com/soundscapes/6891/6891-20260508-130625.flac",0,3,"birdnetpi"
7562631455,6891,"2026-05-08T15:05:00.000+02:00",0.75,0.999183833599091,9.33180525427821,"almost_certain","2p4",NA,51.5683,6.0028,FALSE,35,"Eurasian Blackbird","Turdus merula","#ff65df","avian","https://media.birdweather.com/species/35/EurasianBlackbird-standard-618b3a5132c7c359fb2a2884c39deb39.jpg","https://media.birdweather.com/species/35/EurasianBlackbird-thumbnail-276878929bed08167d1fd9bf34d63d40.jpg","https://media.birdweather.com/species/35/EurasianBlackbird-png200-ba5a1b43225da4611cac429c52a52c81.png","GfkFFwKRmrx2ZYiaaQe69nlzScn3T7IA",11561517059,"https://media.birdweather.com/soundscapes/6891/6891-20260508-130500.flac",0,3,"birdnetpi"
7562566717,6891,"2026-05-08T15:02:50.000+02:00",0.75,0.999183833599091,9.33180525427821,"almost_certain","2p4",NA,51.5644,6.0086,FALSE,35,"Eurasian Blackbird","Turdus merula","#ff65df","avian","https://media.birdweather.com/species/35/EurasianBlackbird-standard-618b3a5132c7c359fb2a2884c39deb39.jpg","https://media.birdweather.com/species/35/EurasianBlackbird-thumbnail-276878929bed08167d1fd9bf34d63d40.jpg","https://media.birdweather.com/species/35/EurasianBlackbird-png200-ba5a1b43225da4611cac429c52a52c81.png","GfkFFwKRmrx2ZYiaaQe69nlzScn3T7IA",11561456036,"https://media.birdweather.com/soundscapes/6891/6891-20260508-130250.flac",0,3,"birdnetpi"
7562541960,6891,"2026-05-08T15:02:03.000+02:00",0.77,0.999183833599091,9.39137985763565,"almost_certain","2p4",NA,51.5617,6.003,FALSE,35,"Eurasian Blackbird","Turdus merula","#ff65df","avian","https://media.birdweather.com/species/35/EurasianBlackbird-standard-618b3a5132c7c359fb2a2884c39deb39.jpg","https://media.birdweather.com/species/35/EurasianBlackbird-thumbnail-276878929bed08167d1fd9bf34d63d40.jpg","https://media.birdweather.com/species/35/EurasianBlackbird-png200-ba5a1b43225da4611cac429c52a52c81.png","GfkFFwKRmrx2ZYiaaQe69nlzScn3T7IA",11561433796,"https://media.birdweather.com/soundscapes/6891/6891-20260508-130203.flac",0,3,"birdnetpi"
7562531492,6891,"2026-05-08T15:01:42.000+02:00",0.88,0.999183833599091,9.67948456774147,"almost_certain","2p4",NA,51.5634,6.0083,FALSE,35,"Eurasian Blackbird","Turdus merula","#ff65df","avian","https://media.birdweather.com/species/35/EurasianBlackbird-standard-618b3a5132c7c359fb2a2884c39deb39.jpg","https://media.birdweather.com/species/35/EurasianBlackbird-thumbnail-276878929bed08167d1fd9bf34d63d40.jpg","https://media.birdweather.com/species/35/EurasianBlackbird-png200-ba5a1b43225da4611cac429c52a52c81.png","GfkFFwKRmrx2ZYiaaQe69nlzScn3T7IA",11561422991,"https://media.birdweather.com/soundscapes/6891/6891-20260508-130142.flac",0,3,"birdnetpi"
7562505330,6891,"2026-05-08T15:00:46.000+02:00",0.77,0.839938700199127,9.15610569128147,"almost_certain","2p4",NA,51.5704,6.0047,FALSE,1,"House Sparrow","Passer domesticus","#d16ff8","avian","https://media.birdweather.com/species/1/HouseSparrow-standard-b861184cf45c092cdb45fd689dd676ef.jpg","https://media.birdweather.com/species/1/HouseSparrow-thumbnail-e9cbc91763a1579de8ef04880678b5e3.jpg","https://media.birdweather.com/species/1/HouseSparrow-png200-125e8603e1efe9d7a18316b94f06a65e.png","XAgCDwD8qpukuHiqtLZ9mImnmPFcDO4E",11561397105,"https://media.birdweather.com/soundscapes/6891/6891-20260508-130046.flac",0,3,"birdnetpi"
7562498110,6891,"2026-05-08T15:00:31.000+02:00",0.88,0.839938700199127,9.44421040138729,"almost_certain","2p4",NA,51.5627,6.0058,FALSE,1,"House Sparrow","Passer domesticus","#d16ff8","avian","https://media.birdweather.com/species/1/HouseSparrow-standard-b861184cf45c092cdb45fd689dd676ef.jpg","https://media.birdweather.com/species/1/HouseSparrow-thumbnail-e9cbc91763a1579de8ef04880678b5e3.jpg","https://media.birdweather.com/species/1/HouseSparrow-png200-125e8603e1efe9d7a18316b94f06a65e.png","XAgCDwD8qpukuHiqtLZ9mImnmPFcDO4E",11561390061,"https://media.birdweather.com/soundscapes/6891/6891-20260508-130031.flac",0,3,"birdnetpi"
7562497088,6891,"2026-05-08T15:00:28.000+02:00",0.71,0.999183833599091,9.20427137467778,"almost_certain","2p4",NA,51.5703,6.0057,FALSE,35,"Eurasian Blackbird","Turdus merula","#ff65df","avian","https://media.birdweather.com/species/35/EurasianBlackbird-standard-618b3a5132c7c359fb2a2884c39deb39.jpg","https://media.birdweather.com/species/35/EurasianBlackbird-thumbnail-276878929bed08167d1fd9bf34d63d40.jpg","https://media.birdweather.com/species/35/EurasianBlackbird-png200-ba5a1b43225da4611cac429c52a52c81.png","GfkFFwKRmrx2ZYiaaQe69nlzScn3T7IA",11561389015,"https://media.birdweather.com/soundscapes/6891/6891-20260508-130028.flac",0,3,"birdnetpi"
7562465878,6891,"2026-05-08T14:59:20.000+02:00",0.7,0.999183833599091,9.17044249542897,"almost_certain","2p4",NA,51.5693,6.0043,FALSE,35,"Eurasian Blackbird","Turdus merula","#ff65df","avian","https://media.birdweather.com/species/35/EurasianBlackbird-standard-618b3a5132c7c359fb2a2884c39deb39.jpg","https://media.birdweather.com/species/35/EurasianBlackbird-thumbnail-276878929bed08167d1fd9bf34d63d40.jpg","https://media.birdweather.com/species/35/EurasianBlackbird-png200-ba5a1b43225da4611cac429c52a52c81.png","GfkFFwKRmrx2ZYiaaQe69nlzScn3T7IA",11561357057,"https://media.birdweather.com/soundscapes/6891/6891-20260508-125920.flac",0,3,"birdnetpi"
7562454278,6891,"2026-05-08T14:58:59.000+02:00",0.72,0.999183833599091,9.23728502034109,"almost_certain","2p4",NA,51.5655,6.0082,FALSE,35,"Eurasian Blackbird","Turdus merula","#ff65df","avian","https://media.birdweather.com/species/35/EurasianBlackbird-standard-618b3a5132c7c359fb2a2884c39deb39.jpg","https://media.birdweather.com/species/35/EurasianBlackbird-thumbnail-276878929bed08167d1fd9bf34d63d40.jpg","https://media.birdweather.com/species/35/EurasianBlackbird-png200-ba5a1b43225da4611cac429c52a52c81.png","GfkFFwKRmrx2ZYiaaQe69nlzScn3T7IA",11561346610,"https://media.birdweather.com/soundscapes/6891/6891-20260508-125859.flac",0,3,"birdnetpi"
7562446627,6891,"2026-05-08T14:58:52.000+02:00",0.85,0.999183833599091,9.60672410706136,"almost_certain","2p4",NA,51.5627,6.0052,FALSE,35,"Eurasian Blackbird","Turdus merula","#ff65df","avian","https://media.birdweather.com/species/35/EurasianBlackbird-standard-618b3a5132c7c359fb2a2884c39deb39.jpg","https://media.birdweather.com/species/35/EurasianBlackbird-thumbnail-276878929bed08167d1fd9bf34d63d40.jpg","https://media.birdweather.com/species/35/EurasianBlackbird-png200-ba5a1b43225da4611cac429c52a52c81.png","GfkFFwKRmrx2ZYiaaQe69nlzScn3T7IA",11561339042,"https://media.birdweather.com/soundscapes/6891/6891-20260508-125852.flac",0,3,"birdnetpi"
7562439856,6891,"2026-05-08T14:58:29.000+02:00",0.77,0.839938700199127,9.15610569128147,"almost_certain","2p4",NA,51.5669,6.0086,FALSE,1,"House Sparrow","Passer domesticus","#d16ff8","avian","https://media.birdweather.com/species/1/HouseSparrow-standard-b861184cf45c092cdb45fd689dd676ef.jpg","https://media.birdweather.com/species/1/HouseSparrow-thumbnail-e9cbc91763a1579de8ef04880678b5e3.jpg","https://media.birdweather.com/species/1/HouseSparrow-png200-125e8603e1efe9d7a18316b94f06a65e.png","XAgCDwD8qpukuHiqtLZ9mImnmPFcDO4E",11561332981,"https://media.birdweather.com/soundscapes/6891/6891-20260508-125829.flac",0,3,"birdnetpi"
7562437173,6891,"2026-05-08T14:58:24.000+02:00",0.85,0.999183833599091,9.60672410706136,"almost_certain","2p4",NA,51.562,6.0016,FALSE,35,"Eurasian Blackbird","Turdus merula","#ff65df","avian","https://media.birdweather.com/species/35/EurasianBlackbird-standard-618b3a5132c7c359fb2a2884c39deb39.jpg","https://media.birdweather.com/species/35/EurasianBlackbird-thumbnail-276878929bed08167d1fd9bf34d63d40.jpg","https://media.birdweather.com/species/35/EurasianBlackbird-png200-ba5a1b43225da4611cac429c52a52c81.png","GfkFFwKRmrx2ZYiaaQe69nlzScn3T7IA",11561330581,"https://media.birdweather.com/soundscapes/6891/6891-20260508-125824.flac",0,3,"birdnetpi"
7562430315,6891,"2026-05-08T14:58:18.000+02:00",0.9,0.839938700199127,9.49065552718297,"almost_certain","2p4",NA,51.5681,6.0031,FALSE,1,"House Sparrow","Passer domesticus","#d16ff8","avian","https://media.birdweather.com/species/1/HouseSparrow-standard-b861184cf45c092cdb45fd689dd676ef.jpg","https://media.birdweather.com/species/1/HouseSparrow-thumbnail-e9cbc91763a1579de8ef04880678b5e3.jpg","https://media.birdweather.com/species/1/HouseSparrow-png200-125e8603e1efe9d7a18316b94f06a65e.png","XAgCDwD8qpukuHiqtLZ9mImnmPFcDO4E",11561324441,"https://media.birdweather.com/soundscapes/6891/6891-20260508-125818.flac",0,3,"birdnetpi"
7562429177,6891,"2026-05-08T14:58:14.000+02:00",0.91,0.999183833599091,9.74857483721031,"almost_certain","2p4",NA,51.5616,6.0079,FALSE,35,"Eurasian Blackbird","Turdus merula","#ff65df","avian","https://media.birdweather.com/species/35/EurasianBlackbird-standard-618b3a5132c7c359fb2a2884c39deb39.jpg","https://media.birdweather.com/species/35/EurasianBlackbird-thumbnail-276878929bed08167d1fd9bf34d63d40.jpg","https://media.birdweather.com/species/35/EurasianBlackbird-png200-ba5a1b43225da4611cac429c52a52c81.png","GfkFFwKRmrx2ZYiaaQe69nlzScn3T7IA",11561323532,"https://media.birdweather.com/soundscapes/6891/6891-20260508-125814.flac",0,3,"birdnetpi"
7562418608,6891,"2026-05-08T14:57:48.000+02:00",0.9,0.839938700199127,9.49065552718297,"almost_certain","2p4",NA,51.5685,6.0057,FALSE,1,"House Sparrow","Passer domesticus","#d16ff8","avian","https://media.birdweather.com/species/1/HouseSparrow-standard-b861184cf45c092cdb45fd689dd676ef.jpg","https://media.birdweather.com/species/1/HouseSparrow-thumbnail-e9cbc91763a1579de8ef04880678b5e3.jpg","https://media.birdweather.com/species/1/HouseSparrow-png200-125e8603e1efe9d7a18316b94f06a65e.png","XAgCDwD8qpukuHiqtLZ9mImnmPFcDO4E",11561313192,"https://media.birdweather.com/soundscapes/6891/6891-20260508-125748.flac",0,3,"birdnetpi"
7562395250,6891,"2026-05-08T14:57:11.000+02:00",0.96,0.839938700199127,9.62123047351489,"almost_certain","2p4",NA,51.567,6.0018,FALSE,1,"House Sparrow","Passer domesticus","#d16ff8","avian","https://media.birdweather.com/species/1/HouseSparrow-standard-b861184cf45c092cdb45fd689dd676ef.jpg","https://media.birdweather.com/species/1/HouseSparrow-thumbnail-e9cbc91763a1579de8ef04880678b5e3.jpg","https://media.birdweather.com/species/1/HouseSparrow-png200-125e8603e1efe9d7a18316b94f06a65e.png","XAgCDwD8qpukuHiqtLZ9mImnmPFcDO4E",11561292295,"https://media.birdweather.com/soundscapes/6891/6891-20260508-125711.flac",0,3,"birdnetpi"
7562378996,6891,"2026-05-08T14:56:31.000+02:00",0.8,0.999183833599091,9.47614916072943,"almost_certain","2p4",NA,51.5648,6.0061,FALSE,35,"Eurasian Blackbird","Turdus merula","#ff65df","avian","https://media.birdweather.com/species/35/EurasianBlackbird-standard-618b3a5132c7c359fb2a2884c39deb39.jpg","https://media.birdweather.com/species/35/EurasianBlackbird-thumbnail-276878929bed08167d1fd9bf34d63d40.jpg","https://media.birdweather.com/species/35/EurasianBlackbird-png200-ba5a1b43225da4611cac429c52a52c81.png","GfkFFwKRmrx2ZYiaaQe69nlzScn3T7IA",11561276559,"https://media.birdweather.com/soundscapes/6891/6891-20260508-125631.flac",0,3,"birdnetpi"
7562366332,6891,"2026-05-08T14:56:06.000+02:00",0.83,0.999183833599091,9.55597756485928,"almost_certain","2p4",NA,51.5661,6.0049,FALSE,35,"Eurasian Blackbird","Turdus merula","#ff65df","avian","https://media.birdweather.com/species/35/EurasianBlackbird-standard-618b3a5132c7c359fb2a2884c39deb39.jpg","https://media.birdweather.com/species/35/EurasianBlackbird-thumbnail-276878929bed08167d1fd9bf34d63d40.jpg","https://media.birdweather.com/species/35/EurasianBlackbird-png200-ba5a1b43225da4611cac429c52a52c81.png","GfkFFwKRmrx2ZYiaaQe69nlzScn3T7IA",11561265250,"https://media.birdweather.com/soundscapes/6891/6891-20260508-125606.flac",0,3,"birdnetpi"
7562346744,6891,"2026-05-08T14:55:26.000+02:00",0.88,0.999183833599091,9.67948456774147,"almost_certain","2p4",NA,51.5628,6.0061,FALSE,35,"Eurasian Blackbird","Turdus merula","#ff65df","avian","https://media.birdweather.com/species/35/EurasianBlackbird-standard-618b3a5132c7c359fb2a2884c39deb39.jpg","https://media.birdweather.com/species/35/EurasianBlackbird-thumbnail-276878929bed08167d1fd9bf34d63d40.jpg","https://media.birdweather.com/species/35/EurasianBlackbird-png200-ba5a1b43225da4611cac429c52a52c81.png","GfkFFwKRmrx2ZYiaaQe69nlzScn3T7IA",11561246323,"https://media.birdweather.com/soundscapes/6891/6891-20260508-125526.flac",0,3,"birdnetpi"
7562333060,6891,"2026-05-08T14:55:01.000+02:00",0.89,0.999183833599091,9.70290394144371,"almost_certain","2p4",NA,51.5669,6.0015,FALSE,35,"Eurasian Blackbird","Turdus merula","#ff65df","avian","https://media.birdweather.com/species/35/EurasianBlackbird-standard-618b3a5132c7c359fb2a2884c39deb39.jpg","https://media.birdweather.com/species/35/EurasianBlackbird-thumbnail-276878929bed08167d1fd9bf34d63d40.jpg","https://media.birdweather.com/species/35/EurasianBlackbird-png200-ba5a1b43225da4611cac429c52a52c81.png","GfkFFwKRmrx2ZYiaaQe69nlzScn3T7IA",11561234005,"https://media.birdweather.com/soundscapes/6891/6891-20260508-125501.flac",0,3,"birdnetpi"
7562287582,6891,"2026-05-08T14:53:29.000+02:00",0.77,0.999183833599091,9.39137985763565,"almost_certain","2p4",NA,51.5654,6.0086,FALSE,35,"Eurasian Blackbird","Turdus merula","#ff65df","avian","https://media.birdweather.com/species/35/EurasianBlackbird-standard-618b3a5132c7c359fb2a2884c39deb39.jpg","https://media.birdweather.com/species/35/EurasianBlackbird-thumbnail-276878929bed08167d1fd9bf34d63d40.jpg","https://media.birdweather.com/species/35/EurasianBlackbird-png200-ba5a1b43225da4611cac429c52a52c81.png","GfkFFwKRmrx2ZYiaaQe69nlzScn3T7IA",11561190997,"https://media.birdweather.com/soundscapes/6891/6891-20260508-125329.flac",0,3,"birdnetpi"
7562275345,6891,"2026-05-08T14:53:05.000+02:00",0.79,0.999183833599091,9.44847145170443,"almost_certain","2p4",NA,51.5679,6.0059,FALSE,35,"Eurasian Blackbird","Turdus merula","#ff65df","avian","https://media.birdweather.com/species/35/EurasianBlackbird-standard-618b3a5132c7c359fb2a2884c39deb39.jpg","https://media.birdweather.com/species/35/EurasianBlackbird-thumbnail-276878929bed08167d1fd9bf34d63d40.jpg","https://media.birdweather.com/species/35/EurasianBlackbird-png200-ba5a1b43225da4611cac429c52a52c81.png","GfkFFwKRmrx2ZYiaaQe69nlzScn3T7IA",11561179758,"https://media.birdweather.com/soundscapes/6891/6891-20260508-125305.flac",0,3,"birdnetpi"
7562237994,6891,"2026-05-08T14:51:52.000+02:00",0.82,0.999183833599091,9.52988153774943,"almost_certain","2p4",NA,51.5637,6.0008,FALSE,35,"Eurasian Blackbird","Turdus merula","#ff65df","avian","https://media.birdweather.com/species/35/EurasianBlackbird-standard-618b3a5132c7c359fb2a2884c39deb39.jpg","https://media.birdweather.com/species/35/EurasianBlackbird-thumbnail-276878929bed08167d1fd9bf34d63d40.jpg","https://media.birdweather.com/species/35/EurasianBlackbird-png200-ba5a1b43225da4611cac429c52a52c81.png","GfkFFwKRmrx2ZYiaaQe69nlzScn3T7IA",11561145086,"https://media.birdweather.com/soundscapes/6891/6891-20260508-125152.flac",0,3,"birdnetpi"
7562203729,6891,"2026-05-08T14:50:44.000+02:00",0.92,0.999183833599091,9.77085175080465,"almost_certain","2p4",NA,51.564,6.0049,FALSE,35,"Eurasian Blackbird","Turdus merula","#ff65df","avian","https://media.birdweather.com/species/35/EurasianBlackbird-standard-618b3a5132c7c359fb2a2884c39deb39.jpg","https://media.birdweather.com/species/35/EurasianBlackbird-thumbnail-276878929bed08167d1fd9bf34d63d40.jpg","https://media.birdweather.com/species/35/EurasianBlackbird-png200-ba5a1b43225da4611cac429c52a52c81.png","GfkFFwKRmrx2ZYiaaQe69nlzScn3T7IA",11561112551,"https://media.birdweather.com/soundscapes/6891/6891-20260508-125044.flac",0,3,"birdnetpi"
7562179433,6891,"2026-05-08T14:49:56.000+02:00",0.78,0.999183833599091,9.42022302823668,"almost_certain","2p4",NA,51.5682,6.0068,FALSE,35,"Eurasian Blackbird","Turdus merula","#ff65df","avian","https://media.birdweather.com/species/35/EurasianBlackbird-standard-618b3a5132c7c359fb2a2884c39deb39.jpg","https://media.birdweather.com/species/35/EurasianBlackbird-thumbnail-276878929bed08167d1fd9bf34d63d40.jpg","https://media.birdweather.com/species/35/EurasianBlackbird-png200-ba5a1b43225da4611cac429c52a52c81.png","GfkFFwKRmrx2ZYiaaQe69nlzScn3T7IA",11561090420,"https://media.birdweather.com/soundscapes/6891/6891-20260508-124956.flac",0,3,"birdnetpi"
7562039530,6891,"2026-05-08T14:45:10.000+02:00",0.82,0.999183833599091,9.52988153774943,"almost_certain","2p4",NA,51.5663,6.0008,FALSE,35,"Eurasian Blackbird","Turdus merula","#ff65df","avian","https://media.birdweather.com/species/35/EurasianBlackbird-standard-618b3a5132c7c359fb2a2884c39deb39.jpg","https://media.birdweather.com/species/35/EurasianBlackbird-thumbnail-276878929bed08167d1fd9bf34d63d40.jpg","https://media.birdweather.com/species/35/EurasianBlackbird-png200-ba5a1b43225da4611cac429c52a52c81.png","GfkFFwKRmrx2ZYiaaQe69nlzScn3T7IA",11560955233,"https://media.birdweather.com/soundscapes/6891/6891-20260508-124510.flac",0,3,"birdnetpi"
7561917536,6891,"2026-05-08T14:41:07.000+02:00",0.88,0.836401343345642,9.43849670508901,"almost_certain","2p4",NA,51.5672,6.0038,FALSE,95,"White Wagtail","Motacilla alba","#457700","avian","https://media.birdweather.com/species/95/WhiteWagtail-standard-c3e712d95481fd4c30012b3afc4ee61f.jpg","https://media.birdweather.com/species/95/WhiteWagtail-thumbnail-645080e5b8667eaccbc9a938f781f907.jpg","https://media.birdweather.com/species/95/WhiteWagtail-png200-38e3473b44d59c0f49a722ef0b7250cd.png","2PcFJwZKpplweXdymnZouGiofwaoZ4AL",11560840942,"https://media.birdweather.com/soundscapes/6891/6891-20260508-124107.flac",0,3,"birdnetpi"
7561910987,6891,"2026-05-08T14:40:52.000+02:00",0.86,0.999183833599091,9.63140945960003,"almost_certain","2p4",NA,51.5645,6.0032,FALSE,35,"Eurasian Blackbird","Turdus merula","#ff65df","avian","https://media.birdweather.com/species/35/EurasianBlackbird-standard-618b3a5132c7c359fb2a2884c39deb39.jpg","https://media.birdweather.com/species/35/EurasianBlackbird-thumbnail-276878929bed08167d1fd9bf34d63d40.jpg","https://media.birdweather.com/species/35/EurasianBlackbird-png200-ba5a1b43225da4611cac429c52a52c81.png","GfkFFwKRmrx2ZYiaaQe69nlzScn3T7IA",11560834758,"https://media.birdweather.com/soundscapes/6891/6891-20260508-124052.flac",0,3,"birdnetpi"
7561886933,6891,"2026-05-08T14:39:32.000+02:00",0.88,0.999183833599091,9.67948456774147,"almost_certain","2p4",NA,51.5647,6.0089,FALSE,35,"Eurasian Blackbird","Turdus merula","#ff65df","avian","https://media.birdweather.com/species/35/EurasianBlackbird-standard-618b3a5132c7c359fb2a2884c39deb39.jpg","https://media.birdweather.com/species/35/EurasianBlackbird-thumbnail-276878929bed08167d1fd9bf34d63d40.jpg","https://media.birdweather.com/species/35/EurasianBlackbird-png200-ba5a1b43225da4611cac429c52a52c81.png","GfkFFwKRmrx2ZYiaaQe69nlzScn3T7IA",11560813322,"https://media.birdweather.com/soundscapes/6891/6891-20260508-123932.flac",0,3,"birdnetpi"
7561941357,6891,"2026-05-08T14:39:32.000+02:00",0.88,0.999183833599091,9.67948456774147,"almost_certain","2p4",NA,51.5669,6.0046,FALSE,35,"Eurasian Blackbird","Turdus merula","#ff65df","avian","https://media.birdweather.com/species/35/EurasianBlackbird-standard-618b3a5132c7c359fb2a2884c39deb39.jpg","https://media.birdweather.com/species/35/EurasianBlackbird-thumbnail-276878929bed08167d1fd9bf34d63d40.jpg","https://media.birdweather.com/species/35/EurasianBlackbird-png200-ba5a1b43225da4611cac429c52a52c81.png","GfkFFwKRmrx2ZYiaaQe69nlzScn3T7IA",11560863100,"https://media.birdweather.com/soundscapes/6891/6891-20260508-123932.flac",0,3,"birdnetpi"
7561923963,6891,"2026-05-08T14:39:05.000+02:00",0.83,0.999183833599091,9.55597756485928,"almost_certain","2p4",NA,51.5675,6.0061,FALSE,35,"Eurasian Blackbird","Turdus merula","#ff65df","avian","https://media.birdweather.com/species/35/EurasianBlackbird-standard-618b3a5132c7c359fb2a2884c39deb39.jpg","https://media.birdweather.com/species/35/EurasianBlackbird-thumbnail-276878929bed08167d1fd9bf34d63d40.jpg","https://media.birdweather.com/species/35/EurasianBlackbird-png200-ba5a1b43225da4611cac429c52a52c81.png","GfkFFwKRmrx2ZYiaaQe69nlzScn3T7IA",11560846580,"https://media.birdweather.com/soundscapes/6891/6891-20260508-123905.flac",0,3,"birdnetpi"
7561876326,6891,"2026-05-08T14:37:04.000+02:00",0.71,0.999183833599091,9.20427137467778,"almost_certain","2p4",NA,51.5632,6.0066,FALSE,35,"Eurasian Blackbird","Turdus merula","#ff65df","avian","https://media.birdweather.com/species/35/EurasianBlackbird-standard-618b3a5132c7c359fb2a2884c39deb39.jpg","https://media.birdweather.com/species/35/EurasianBlackbird-thumbnail-276878929bed08167d1fd9bf34d63d40.jpg","https://media.birdweather.com/species/35/EurasianBlackbird-png200-ba5a1b43225da4611cac429c52a52c81.png","GfkFFwKRmrx2ZYiaaQe69nlzScn3T7IA",11560803899,"https://media.birdweather.com/soundscapes/6891/6891-20260508-123704.flac",0,3,"birdnetpi"
7561866834,6891,"2026-05-08T14:36:46.000+02:00",0.79,0.999183833599091,9.44847145170443,"almost_certain","2p4",NA,51.568,6.0068,FALSE,35,"Eurasian Blackbird","Turdus merula","#ff65df","avian","https://media.birdweather.com/species/35/EurasianBlackbird-standard-618b3a5132c7c359fb2a2884c39deb39.jpg","https://media.birdweather.com/species/35/EurasianBlackbird-thumbnail-276878929bed08167d1fd9bf34d63d40.jpg","https://media.birdweather.com/species/35/EurasianBlackbird-png200-ba5a1b43225da4611cac429c52a52c81.png","GfkFFwKRmrx2ZYiaaQe69nlzScn3T7IA",11560796117,"https://media.birdweather.com/soundscapes/6891/6891-20260508-123646.flac",0,3,"birdnetpi"
7561860388,6891,"2026-05-08T14:36:25.000+02:00",0.75,0.999183833599091,9.33180525427821,"almost_certain","2p4",NA,51.5668,6.0006,FALSE,35,"Eurasian Blackbird","Turdus merula","#ff65df","avian","https://media.birdweather.com/species/35/EurasianBlackbird-standard-618b3a5132c7c359fb2a2884c39deb39.jpg","https://media.birdweather.com/species/35/EurasianBlackbird-thumbnail-276878929bed08167d1fd9bf34d63d40.jpg","https://media.birdweather.com/species/35/EurasianBlackbird-png200-ba5a1b43225da4611cac429c52a52c81.png","GfkFFwKRmrx2ZYiaaQe69nlzScn3T7IA",11560787239,"https://media.birdweather.com/soundscapes/6891/6891-20260508-123625.flac",0,3,"birdnetpi"
7561824934,6891,"2026-05-08T14:35:31.000+02:00",0.8,0.999183833599091,9.47614916072943,"almost_certain","2p4",NA,51.5695,6.0004,FALSE,35,"Eurasian Blackbird","Turdus merula","#ff65df","avian","https://media.birdweather.com/species/35/EurasianBlackbird-standard-618b3a5132c7c359fb2a2884c39deb39.jpg","https://media.birdweather.com/species/35/EurasianBlackbird-thumbnail-276878929bed08167d1fd9bf34d63d40.jpg","https://media.birdweather.com/species/35/EurasianBlackbird-png200-ba5a1b43225da4611cac429c52a52c81.png","GfkFFwKRmrx2ZYiaaQe69nlzScn3T7IA",11560756620,"https://media.birdweather.com/soundscapes/6891/6891-20260508-123531.flac",0,3,"birdnetpi"
7561806478,6891,"2026-05-08T14:34:47.000+02:00",0.76,0.999183833599091,9.36191635648293,"almost_certain","2p4",NA,51.5621,6.0065,FALSE,35,"Eurasian Blackbird","Turdus merula","#ff65df","avian","https://media.birdweather.com/species/35/EurasianBlackbird-standard-618b3a5132c7c359fb2a2884c39deb39.jpg","https://media.birdweather.com/species/35/EurasianBlackbird-thumbnail-276878929bed08167d1fd9bf34d63d40.jpg","https://media.birdweather.com/species/35/EurasianBlackbird-png200-ba5a1b43225da4611cac429c52a52c81.png","GfkFFwKRmrx2ZYiaaQe69nlzScn3T7IA",11560741009,"https://media.birdweather.com/soundscapes/6891/6891-20260508-123447.flac",0,3,"birdnetpi"
7561793807,6891,"2026-05-08T14:34:29.000+02:00",0.94,0.999183833599091,9.81434746749562,"almost_certain","2p4",NA,51.5687,6.0043,FALSE,35,"Eurasian Blackbird","Turdus merula","#ff65df","avian","https://media.birdweather.com/species/35/EurasianBlackbird-standard-618b3a5132c7c359fb2a2884c39deb39.jpg","https://media.birdweather.com/species/35/EurasianBlackbird-thumbnail-276878929bed08167d1fd9bf34d63d40.jpg","https://media.birdweather.com/species/35/EurasianBlackbird-png200-ba5a1b43225da4611cac429c52a52c81.png","GfkFFwKRmrx2ZYiaaQe69nlzScn3T7IA",11560729641,"https://media.birdweather.com/soundscapes/6891/6891-20260508-123429.flac",0,3,"birdnetpi"
7561785922,6891,"2026-05-08T14:34:08.000+02:00",0.9,0.999183833599091,9.72592969353715,"almost_certain","2p4",NA,51.565,6.0056,FALSE,35,"Eurasian Blackbird","Turdus merula","#ff65df","avian","https://media.birdweather.com/species/35/EurasianBlackbird-standard-618b3a5132c7c359fb2a2884c39deb39.jpg","https://media.birdweather.com/species/35/EurasianBlackbird-thumbnail-276878929bed08167d1fd9bf34d63d40.jpg","https://media.birdweather.com/species/35/EurasianBlackbird-png200-ba5a1b43225da4611cac429c52a52c81.png","GfkFFwKRmrx2ZYiaaQe69nlzScn3T7IA",11560722688,"https://media.birdweather.com/soundscapes/6891/6891-20260508-123408.flac",0,3,"birdnetpi"
7561776935,6891,"2026-05-08T14:33:53.000+02:00",0.91,0.999183833599091,9.74857483721031,"almost_certain","2p4",NA,51.5693,6.0038,FALSE,35,"Eurasian Blackbird","Turdus merula","#ff65df","avian","https://media.birdweather.com/species/35/EurasianBlackbird-standard-618b3a5132c7c359fb2a2884c39deb39.jpg","https://media.birdweather.com/species/35/EurasianBlackbird-thumbnail-276878929bed08167d1fd9bf34d63d40.jpg","https://media.birdweather.com/species/35/EurasianBlackbird-png200-ba5a1b43225da4611cac429c52a52c81.png","GfkFFwKRmrx2ZYiaaQe69nlzScn3T7IA",11560715159,"https://media.birdweather.com/soundscapes/6891/6891-20260508-123353.flac",0,3,"birdnetpi"
7561643603,6891,"2026-05-08T14:29:51.000+02:00",0.92,0.999183833599091,9.77085175080465,"almost_certain","2p4",NA,51.5667,6.0054,FALSE,35,"Eurasian Blackbird","Turdus merula","#ff65df","avian","https://media.birdweather.com/species/35/EurasianBlackbird-standard-618b3a5132c7c359fb2a2884c39deb39.jpg","https://media.birdweather.com/species/35/EurasianBlackbird-thumbnail-276878929bed08167d1fd9bf34d63d40.jpg","https://media.birdweather.com/species/35/EurasianBlackbird-png200-ba5a1b43225da4611cac429c52a52c81.png","GfkFFwKRmrx2ZYiaaQe69nlzScn3T7IA",11560600465,"https://media.birdweather.com/soundscapes/6891/6891-20260508-122951.flac",0,3,"birdnetpi"
7561633817,6891,"2026-05-08T14:29:32.000+02:00",0.81,0.999183833599091,9.5032787601252,"almost_certain","2p4",NA,51.5673,6.0081,FALSE,35,"Eurasian Blackbird","Turdus merula","#ff65df","avian","https://media.birdweather.com/species/35/EurasianBlackbird-standard-618b3a5132c7c359fb2a2884c39deb39.jpg","https://media.birdweather.com/species/35/EurasianBlackbird-thumbnail-276878929bed08167d1fd9bf34d63d40.jpg","https://media.birdweather.com/species/35/EurasianBlackbird-png200-ba5a1b43225da4611cac429c52a52c81.png","GfkFFwKRmrx2ZYiaaQe69nlzScn3T7IA",11560591935,"https://media.birdweather.com/soundscapes/6891/6891-20260508-122932.flac",0,3,"birdnetpi"
7561615104,6891,"2026-05-08T14:29:08.000+02:00",0.78,0.999183833599091,9.42022302823668,"almost_certain","2p4",NA,51.5665,6.0089,FALSE,35,"Eurasian Blackbird","Turdus merula","#ff65df","avian","https://media.birdweather.com/species/35/EurasianBlackbird-standard-618b3a5132c7c359fb2a2884c39deb39.jpg","https://media.birdweather.com/species/35/EurasianBlackbird-thumbnail-276878929bed08167d1fd9bf34d63d40.jpg","https://media.birdweather.com/species/35/EurasianBlackbird-png200-ba5a1b43225da4611cac429c52a52c81.png","GfkFFwKRmrx2ZYiaaQe69nlzScn3T7IA",11560575851,"https://media.birdweather.com/soundscapes/6891/6891-20260508-122908.flac",0,3,"birdnetpi"
7561603466,6891,"2026-05-08T14:28:37.000+02:00",0.99,0.148204311728477,7.37878000840138,"almost_certain","2p4",NA,51.5649,6.0012,FALSE,143,"Eurasian Oystercatcher","Haematopus ostralegus","#ca8600","avian","https://media.birdweather.com/species/143/EurasianOystercatcher-standard-de054f6108c9ec46b2430e18a3a05899.jpg","https://media.birdweather.com/species/143/EurasianOystercatcher-thumbnail-30dda908d192acf9a6ba366e2d58599a.jpg","https://media.birdweather.com/species/143/EurasianOystercatcher-png200-eaade4c821880831fc0130856cf4cad3.png","3vcRFwKHd4mAiHeCdth4eIeIhYD5CocK",11560565861,"https://media.birdweather.com/soundscapes/6891/6891-20260508-122837.flac",0,3,"birdnetpi"
7561601437,6891,"2026-05-08T14:28:34.000+02:00",0.76,0.999183833599091,9.36191635648293,"almost_certain","2p4",NA,51.5628,6.0014,FALSE,35,"Eurasian Blackbird","Turdus merula","#ff65df","avian","https://media.birdweather.com/species/35/EurasianBlackbird-standard-618b3a5132c7c359fb2a2884c39deb39.jpg","https://media.birdweather.com/species/35/EurasianBlackbird-thumbnail-276878929bed08167d1fd9bf34d63d40.jpg","https://media.birdweather.com/species/35/EurasianBlackbird-png200-ba5a1b43225da4611cac429c52a52c81.png","GfkFFwKRmrx2ZYiaaQe69nlzScn3T7IA",11560563953,"https://media.birdweather.com/soundscapes/6891/6891-20260508-122834.flac",0,3,"birdnetpi"
7561589670,6891,"2026-05-08T14:28:16.000+02:00",0.98,0.148204311728477,7.3587796531944,"almost_certain","2p4",NA,51.5693,6.0057,FALSE,143,"Eurasian Oystercatcher","Haematopus ostralegus","#ca8600","avian","https://media.birdweather.com/species/143/EurasianOystercatcher-standard-de054f6108c9ec46b2430e18a3a05899.jpg","https://media.birdweather.com/species/143/EurasianOystercatcher-thumbnail-30dda908d192acf9a6ba366e2d58599a.jpg","https://media.birdweather.com/species/143/EurasianOystercatcher-png200-eaade4c821880831fc0130856cf4cad3.png","3vcRFwKHd4mAiHeCdth4eIeIhYD5CocK",11560554043,"https://media.birdweather.com/soundscapes/6891/6891-20260508-122816.flac",0,3,"birdnetpi"
7561572792,6891,"2026-05-08T14:27:43.000+02:00",0.87,0.999183833599091,9.65565788022621,"almost_certain","2p4",NA,51.5655,6.0076,FALSE,35,"Eurasian Blackbird","Turdus merula","#ff65df","avian","https://media.birdweather.com/species/35/EurasianBlackbird-standard-618b3a5132c7c359fb2a2884c39deb39.jpg","https://media.birdweather.com/species/35/EurasianBlackbird-thumbnail-276878929bed08167d1fd9bf34d63d40.jpg","https://media.birdweather.com/species/35/EurasianBlackbird-png200-ba5a1b43225da4611cac429c52a52c81.png","GfkFFwKRmrx2ZYiaaQe69nlzScn3T7IA",11560539725,"https://media.birdweather.com/soundscapes/6891/6891-20260508-122743.flac",0,3,"birdnetpi"
7561546820,6891,"2026-05-08T14:26:56.000+02:00",0.74,0.999183833599091,9.30101744176089,"almost_certain","2p4",NA,51.568,6.0024,FALSE,35,"Eurasian Blackbird","Turdus merula","#ff65df","avian","https://media.birdweather.com/species/35/EurasianBlackbird-standard-618b3a5132c7c359fb2a2884c39deb39.jpg","https://media.birdweather.com/species/35/EurasianBlackbird-thumbnail-276878929bed08167d1fd9bf34d63d40.jpg","https://media.birdweather.com/species/35/EurasianBlackbird-png200-ba5a1b43225da4611cac429c52a52c81.png","GfkFFwKRmrx2ZYiaaQe69nlzScn3T7IA",11560518031,"https://media.birdweather.com/soundscapes/6891/6891-20260508-122656.flac",0,3,"birdnetpi"
7561523675,6891,"2026-05-08T14:26:22.000+02:00",0.9,0.999183833599091,9.72592969353715,"almost_certain","2p4",NA,51.5693,6.0079,FALSE,35,"Eurasian Blackbird","Turdus merula","#ff65df","avian","https://media.birdweather.com/species/35/EurasianBlackbird-standard-618b3a5132c7c359fb2a2884c39deb39.jpg","https://media.birdweather.com/species/35/EurasianBlackbird-thumbnail-276878929bed08167d1fd9bf34d63d40.jpg","https://media.birdweather.com/species/35/EurasianBlackbird-png200-ba5a1b43225da4611cac429c52a52c81.png","GfkFFwKRmrx2ZYiaaQe69nlzScn3T7IA",11560498091,"https://media.birdweather.com/soundscapes/6891/6891-20260508-122622.flac",0,3,"birdnetpi"
7561491181,6891,"2026-05-08T14:25:14.000+02:00",0.99,0.991870403289795,9.90743918514842,"almost_certain","2p4",NA,51.5672,6.0021,FALSE,25,"Common Chaffinch","Fringilla coelebs","#fb7eff","avian","https://media.birdweather.com/species/25/CommonChaffinch-standard-d8edb223d1ec828ee0cda788e8f5f209.jpg","https://media.birdweather.com/species/25/CommonChaffinch-thumbnail-7ba0a46bb0cd7efdb3215242f9528140.jpg","https://media.birdweather.com/species/25/CommonChaffinch-png200-ced617224ab07c316109e2d0e9078f2e.png","WfgJDwKGhIbAbHimmnhluHh2tv25ZoAD",11560469861,"https://media.birdweather.com/soundscapes/6891/6891-20260508-122514.flac",0,3,"birdnetpi"
7561482930,6891,"2026-05-08T14:25:01.000+02:00",0.97,0.991870403289795,9.86714216241579,"almost_certain","2p4",NA,51.5663,6.0069,FALSE,25,"Common Chaffinch","Fringilla coelebs","#fb7eff","avian","https://media.birdweather.com/species/25/CommonChaffinch-standard-d8edb223d1ec828ee0cda788e8f5f209.jpg","https://media.birdweather.com/species/25/CommonChaffinch-thumbnail-7ba0a46bb0cd7efdb3215242f9528140.jpg","https://media.birdweather.com/species/25/CommonChaffinch-png200-ced617224ab07c316109e2d0e9078f2e.png","WfgJDwKGhIbAbHimmnhluHh2tv25ZoAD",11560462722,"https://media.birdweather.com/soundscapes/6891/6891-20260508-122501.flac",0,3,"birdnetpi"
7561469652,6891,"2026-05-08T14:24:39.000+02:00",0.98,0.991870403289795,9.88743882994144,"almost_certain","2p4",NA,51.567,6.0085,FALSE,25,"Common Chaffinch","Fringilla coelebs","#fb7eff","avian","https://media.birdweather.com/species/25/CommonChaffinch-standard-d8edb223d1ec828ee0cda788e8f5f209.jpg","https://media.birdweather.com/species/25/CommonChaffinch-thumbnail-7ba0a46bb0cd7efdb3215242f9528140.jpg","https://media.birdweather.com/species/25/CommonChaffinch-png200-ced617224ab07c316109e2d0e9078f2e.png","WfgJDwKGhIbAbHimmnhluHh2tv25ZoAD",11560450982,"https://media.birdweather.com/soundscapes/6891/6891-20260508-122439.flac",0,3,"birdnetpi"
7561453914,6891,"2026-05-08T14:24:08.000+02:00",0.99,0.991870403289795,9.90743918514842,"almost_certain","2p4",NA,51.5634,6.0024,FALSE,25,"Common Chaffinch","Fringilla coelebs","#fb7eff","avian","https://media.birdweather.com/species/25/CommonChaffinch-standard-d8edb223d1ec828ee0cda788e8f5f209.jpg","https://media.birdweather.com/species/25/CommonChaffinch-thumbnail-7ba0a46bb0cd7efdb3215242f9528140.jpg","https://media.birdweather.com/species/25/CommonChaffinch-png200-ced617224ab07c316109e2d0e9078f2e.png","WfgJDwKGhIbAbHimmnhluHh2tv25ZoAD",11560437639,"https://media.birdweather.com/soundscapes/6891/6891-20260508-122408.flac",0,3,"birdnetpi"
7561440700,6891,"2026-05-08T14:23:43.000+02:00",0.99,0.991870403289795,9.90743918514842,"almost_certain","2p4",NA,51.5682,6.0066,FALSE,25,"Common Chaffinch","Fringilla coelebs","#fb7eff","avian","https://media.birdweather.com/species/25/CommonChaffinch-standard-d8edb223d1ec828ee0cda788e8f5f209.jpg","https://media.birdweather.com/species/25/CommonChaffinch-thumbnail-7ba0a46bb0cd7efdb3215242f9528140.jpg","https://media.birdweather.com/species/25/CommonChaffinch-png200-ced617224ab07c316109e2d0e9078f2e.png","WfgJDwKGhIbAbHimmnhluHh2tv25ZoAD",11560426403,"https://media.birdweather.com/soundscapes/6891/6891-20260508-122343.flac",0,3,"birdnetpi"
7561426150,6891,"2026-05-08T14:23:18.000+02:00",0.93,0.991870403289795,9.78280784900657,"almost_certain","2p4",NA,51.5704,6.005,FALSE,25,"Common Chaffinch","Fringilla coelebs","#fb7eff","avian","https://media.birdweather.com/species/25/CommonChaffinch-standard-d8edb223d1ec828ee0cda788e8f5f209.jpg","https://media.birdweather.com/species/25/CommonChaffinch-thumbnail-7ba0a46bb0cd7efdb3215242f9528140.jpg","https://media.birdweather.com/species/25/CommonChaffinch-png200-ced617224ab07c316109e2d0e9078f2e.png","WfgJDwKGhIbAbHimmnhluHh2tv25ZoAD",11560414063,"https://media.birdweather.com/soundscapes/6891/6891-20260508-122318.flac",0,3,"birdnetpi"
7561410799,6891,"2026-05-08T14:22:57.000+02:00",0.95,0.991870403289795,9.82562383360719,"almost_certain","2p4",NA,51.565,6.0029,FALSE,25,"Common Chaffinch","Fringilla coelebs","#fb7eff","avian","https://media.birdweather.com/species/25/CommonChaffinch-standard-d8edb223d1ec828ee0cda788e8f5f209.jpg","https://media.birdweather.com/species/25/CommonChaffinch-thumbnail-7ba0a46bb0cd7efdb3215242f9528140.jpg","https://media.birdweather.com/species/25/CommonChaffinch-png200-ced617224ab07c316109e2d0e9078f2e.png","WfgJDwKGhIbAbHimmnhluHh2tv25ZoAD",11560400873,"https://media.birdweather.com/soundscapes/6891/6891-20260508-122257.flac",0,3,"birdnetpi"
7561397259,6891,"2026-05-08T14:22:33.000+02:00",0.98,0.991870403289795,9.88743882994144,"almost_certain","2p4",NA,51.5638,6.0046,FALSE,25,"Common Chaffinch","Fringilla coelebs","#fb7eff","avian","https://media.birdweather.com/species/25/CommonChaffinch-standard-d8edb223d1ec828ee0cda788e8f5f209.jpg","https://media.birdweather.com/species/25/CommonChaffinch-thumbnail-7ba0a46bb0cd7efdb3215242f9528140.jpg","https://media.birdweather.com/species/25/CommonChaffinch-png200-ced617224ab07c316109e2d0e9078f2e.png","WfgJDwKGhIbAbHimmnhluHh2tv25ZoAD",11560389016,"https://media.birdweather.com/soundscapes/6891/6891-20260508-122233.flac",0,3,"birdnetpi"
7561388410,6891,"2026-05-08T14:22:10.000+02:00",0.98,0.991870403289795,9.88743882994144,"almost_certain","2p4",NA,51.5628,6.0044,FALSE,25,"Common Chaffinch","Fringilla coelebs","#fb7eff","avian","https://media.birdweather.com/species/25/CommonChaffinch-standard-d8edb223d1ec828ee0cda788e8f5f209.jpg","https://media.birdweather.com/species/25/CommonChaffinch-thumbnail-7ba0a46bb0cd7efdb3215242f9528140.jpg","https://media.birdweather.com/species/25/CommonChaffinch-png200-ced617224ab07c316109e2d0e9078f2e.png","WfgJDwKGhIbAbHimmnhluHh2tv25ZoAD",11560381461,"https://media.birdweather.com/soundscapes/6891/6891-20260508-122210.flac",0,3,"birdnetpi"
7561374278,6891,"2026-05-08T14:21:49.000+02:00",0.98,0.991870403289795,9.88743882994144,"almost_certain","2p4",NA,51.5628,6.0063,FALSE,25,"Common Chaffinch","Fringilla coelebs","#fb7eff","avian","https://media.birdweather.com/species/25/CommonChaffinch-standard-d8edb223d1ec828ee0cda788e8f5f209.jpg","https://media.birdweather.com/species/25/CommonChaffinch-thumbnail-7ba0a46bb0cd7efdb3215242f9528140.jpg","https://media.birdweather.com/species/25/CommonChaffinch-png200-ced617224ab07c316109e2d0e9078f2e.png","WfgJDwKGhIbAbHimmnhluHh2tv25ZoAD",11560369122,"https://media.birdweather.com/soundscapes/6891/6891-20260508-122149.flac",0,3,"birdnetpi"
7561343136,6891,"2026-05-08T14:20:44.000+02:00",0.94,0.997795641422272,9.81246165397488,"almost_certain","2p4",NA,51.5629,6.0062,FALSE,407,"Common Wood-Pigeon","Columba palumbus","#028fb2","avian","https://media.birdweather.com/species/407/CommonWood-Pigeon-standard-5558900260c92622ceef8a812b06518e.jpg","https://media.birdweather.com/species/407/CommonWood-Pigeon-thumbnail-4b86c907c8b82c8af31d566b811dee05.jpg","https://media.birdweather.com/species/407/CommonWood-Pigeon-png200-533b13201573be3895fcec3e61e861b5.png","2ukFHwIHiYeWxnZUiniYZ3h5h6+rCIQH",11560341786,"https://media.birdweather.com/soundscapes/6891/6891-20260508-122044.flac",0,3,"birdnetpi"
7561329599,6891,"2026-05-08T14:20:26.000+02:00",0.97,0.997795641422272,9.87522071833775,"almost_certain","2p4",NA,51.567,6.0015,FALSE,407,"Common Wood-Pigeon","Columba palumbus","#028fb2","avian","https://media.birdweather.com/species/407/CommonWood-Pigeon-standard-5558900260c92622ceef8a812b06518e.jpg","https://media.birdweather.com/species/407/CommonWood-Pigeon-thumbnail-4b86c907c8b82c8af31d566b811dee05.jpg","https://media.birdweather.com/species/407/CommonWood-Pigeon-png200-533b13201573be3895fcec3e61e861b5.png","2ukFHwIHiYeWxnZUiniYZ3h5h6+rCIQH",11560329931,"https://media.birdweather.com/soundscapes/6891/6891-20260508-122026.flac",0,3,"birdnetpi"
7561315843,6891,"2026-05-08T14:19:54.000+02:00",0.93,0.997795641422272,9.79088640492852,"almost_certain","2p4",NA,51.5648,6.0041,FALSE,407,"Common Wood-Pigeon","Columba palumbus","#028fb2","avian","https://media.birdweather.com/species/407/CommonWood-Pigeon-standard-5558900260c92622ceef8a812b06518e.jpg","https://media.birdweather.com/species/407/CommonWood-Pigeon-thumbnail-4b86c907c8b82c8af31d566b811dee05.jpg","https://media.birdweather.com/species/407/CommonWood-Pigeon-png200-533b13201573be3895fcec3e61e861b5.png","2ukFHwIHiYeWxnZUiniYZ3h5h6+rCIQH",11560318654,"https://media.birdweather.com/soundscapes/6891/6891-20260508-121954.flac",0,3,"birdnetpi"
7561304204,6891,"2026-05-08T14:19:33.000+02:00",0.9,0.997795641422272,9.7240438800164,"almost_certain","2p4",NA,51.5666,6.0073,FALSE,407,"Common Wood-Pigeon","Columba palumbus","#028fb2","avian","https://media.birdweather.com/species/407/CommonWood-Pigeon-standard-5558900260c92622ceef8a812b06518e.jpg","https://media.birdweather.com/species/407/CommonWood-Pigeon-thumbnail-4b86c907c8b82c8af31d566b811dee05.jpg","https://media.birdweather.com/species/407/CommonWood-Pigeon-png200-533b13201573be3895fcec3e61e861b5.png","2ukFHwIHiYeWxnZUiniYZ3h5h6+rCIQH",11560307877,"https://media.birdweather.com/soundscapes/6891/6891-20260508-121933.flac",0,3,"birdnetpi"
7561300863,6891,"2026-05-08T14:19:27.000+02:00",0.73,0.476928234100342,8.2710925871661,"almost_certain","2p4",NA,51.5653,6.0082,FALSE,103,"Eurasian Collared-Dove","Streptopelia decaocto","#006e2a","avian","https://media.birdweather.com/species/103/EurasianCollared-Dove-standard-e0c74c4f1ffe5357c4759579380dab35.jpg","https://media.birdweather.com/species/103/EurasianCollared-Dove-thumbnail-53ccb5f0a5d0640a1e766dd99c28ebca.jpg","https://media.birdweather.com/species/103/EurasianCollared-Dove-png200-4efa83c8c5efbdb09427b3c3fa247357.png","pvcFFwLpd4RvlJeUWZh2eXh4VxBqBZIH",11560305115,"https://media.birdweather.com/soundscapes/6891/6891-20260508-121927.flac",0,3,"birdnetpi"
7561281868,6891,"2026-05-08T14:18:51.000+02:00",0.87,0.997795641422272,9.65377206670546,"almost_certain","2p4",NA,51.5617,6.006,FALSE,407,"Common Wood-Pigeon","Columba palumbus","#028fb2","avian","https://media.birdweather.com/species/407/CommonWood-Pigeon-standard-5558900260c92622ceef8a812b06518e.jpg","https://media.birdweather.com/species/407/CommonWood-Pigeon-thumbnail-4b86c907c8b82c8af31d566b811dee05.jpg","https://media.birdweather.com/species/407/CommonWood-Pigeon-png200-533b13201573be3895fcec3e61e861b5.png","2ukFHwIHiYeWxnZUiniYZ3h5h6+rCIQH",11560288214,"https://media.birdweather.com/soundscapes/6891/6891-20260508-121851.flac",0,3,"birdnetpi"
7561267768,6891,"2026-05-08T14:18:30.000+02:00",0.87,0.997795641422272,9.65377206670546,"almost_certain","2p4",NA,51.5678,6.0041,FALSE,407,"Common Wood-Pigeon","Columba palumbus","#028fb2","avian","https://media.birdweather.com/species/407/CommonWood-Pigeon-standard-5558900260c92622ceef8a812b06518e.jpg","https://media.birdweather.com/species/407/CommonWood-Pigeon-thumbnail-4b86c907c8b82c8af31d566b811dee05.jpg","https://media.birdweather.com/species/407/CommonWood-Pigeon-png200-533b13201573be3895fcec3e61e861b5.png","2ukFHwIHiYeWxnZUiniYZ3h5h6+rCIQH",11560275512,"https://media.birdweather.com/soundscapes/6891/6891-20260508-121830.flac",0,3,"birdnetpi"
7561248004,6891,"2026-05-08T14:17:47.000+02:00",0.89,0.997795641422272,9.70101812792296,"almost_certain","2p4",NA,51.5681,6.0058,FALSE,407,"Common Wood-Pigeon","Columba palumbus","#028fb2","avian","https://media.birdweather.com/species/407/CommonWood-Pigeon-standard-5558900260c92622ceef8a812b06518e.jpg","https://media.birdweather.com/species/407/CommonWood-Pigeon-thumbnail-4b86c907c8b82c8af31d566b811dee05.jpg","https://media.birdweather.com/species/407/CommonWood-Pigeon-png200-533b13201573be3895fcec3e61e861b5.png","2ukFHwIHiYeWxnZUiniYZ3h5h6+rCIQH",11560258555,"https://media.birdweather.com/soundscapes/6891/6891-20260508-121747.flac",0,3,"birdnetpi"
7561236958,6891,"2026-05-08T14:17:29.000+02:00",0.81,0.997795641422272,9.50139294660445,"almost_certain","2p4",NA,51.5678,6.0052,FALSE,407,"Common Wood-Pigeon","Columba palumbus","#028fb2","avian","https://media.birdweather.com/species/407/CommonWood-Pigeon-standard-5558900260c92622ceef8a812b06518e.jpg","https://media.birdweather.com/species/407/CommonWood-Pigeon-thumbnail-4b86c907c8b82c8af31d566b811dee05.jpg","https://media.birdweather.com/species/407/CommonWood-Pigeon-png200-533b13201573be3895fcec3e61e861b5.png","2ukFHwIHiYeWxnZUiniYZ3h5h6+rCIQH",11560250080,"https://media.birdweather.com/soundscapes/6891/6891-20260508-121729.flac",0,3,"birdnetpi"
7561218343,6891,"2026-05-08T14:16:52.000+02:00",0.94,0.997795641422272,9.81246165397488,"almost_certain","2p4",NA,51.5683,6.0059,FALSE,407,"Common Wood-Pigeon","Columba palumbus","#028fb2","avian","https://media.birdweather.com/species/407/CommonWood-Pigeon-standard-5558900260c92622ceef8a812b06518e.jpg","https://media.birdweather.com/species/407/CommonWood-Pigeon-thumbnail-4b86c907c8b82c8af31d566b811dee05.jpg","https://media.birdweather.com/species/407/CommonWood-Pigeon-png200-533b13201573be3895fcec3e61e861b5.png","2ukFHwIHiYeWxnZUiniYZ3h5h6+rCIQH",11560232694,"https://media.birdweather.com/soundscapes/6891/6891-20260508-121652.flac",0,3,"birdnetpi"
7561200229,6891,"2026-05-08T14:16:17.000+02:00",0.97,0.940908372402191,9.79561963276083,"almost_certain","2p4",NA,51.5652,6.0065,FALSE,397,"Barn Swallow","Hirundo rustica","#c85500","avian","https://media.birdweather.com/species/397/BarnSwallow-standard-66c9cb8916403efe633a420fe54e3bc6.jpg","https://media.birdweather.com/species/397/BarnSwallow-thumbnail-418cddeb212e9e1ce5d35f61a3040433.jpg","https://media.birdweather.com/species/397/BarnSwallow-png200-317c812ebfcec488fad1824feff99dbc.png","IAgKHwKLhnmThXdPl1i3p3ll51f4jngP",11560215679,"https://media.birdweather.com/soundscapes/6891/6891-20260508-121617.flac",0,3,"birdnetpi"
7561195390,6891,"2026-05-08T14:16:07.000+02:00",0.89,0.997795641422272,9.70101812792296,"almost_certain","2p4",NA,51.5681,6.0091,FALSE,407,"Common Wood-Pigeon","Columba palumbus","#028fb2","avian","https://media.birdweather.com/species/407/CommonWood-Pigeon-standard-5558900260c92622ceef8a812b06518e.jpg","https://media.birdweather.com/species/407/CommonWood-Pigeon-thumbnail-4b86c907c8b82c8af31d566b811dee05.jpg","https://media.birdweather.com/species/407/CommonWood-Pigeon-png200-533b13201573be3895fcec3e61e861b5.png","2ukFHwIHiYeWxnZUiniYZ3h5h6+rCIQH",11560211448,"https://media.birdweather.com/soundscapes/6891/6891-20260508-121607.flac",0,3,"birdnetpi"
7561182560,6891,"2026-05-08T14:15:42.000+02:00",0.73,0.839938700199127,9.03424763543887,"almost_certain","2p4",NA,51.5643,6.0013,FALSE,1,"House Sparrow","Passer domesticus","#d16ff8","avian","https://media.birdweather.com/species/1/HouseSparrow-standard-b861184cf45c092cdb45fd689dd676ef.jpg","https://media.birdweather.com/species/1/HouseSparrow-thumbnail-e9cbc91763a1579de8ef04880678b5e3.jpg","https://media.birdweather.com/species/1/HouseSparrow-png200-125e8603e1efe9d7a18316b94f06a65e.png","XAgCDwD8qpukuHiqtLZ9mImnmPFcDO4E",11560200223,"https://media.birdweather.com/soundscapes/6891/6891-20260508-121542.flac",0,3,"birdnetpi"
7561152666,6891,"2026-05-08T14:14:54.000+02:00",0.81,0.997795641422272,9.50139294660445,"almost_certain","2p4",NA,51.5659,6.0061,FALSE,407,"Common Wood-Pigeon","Columba palumbus","#028fb2","avian","https://media.birdweather.com/species/407/CommonWood-Pigeon-standard-5558900260c92622ceef8a812b06518e.jpg","https://media.birdweather.com/species/407/CommonWood-Pigeon-thumbnail-4b86c907c8b82c8af31d566b811dee05.jpg","https://media.birdweather.com/species/407/CommonWood-Pigeon-png200-533b13201573be3895fcec3e61e861b5.png","2ukFHwIHiYeWxnZUiniYZ3h5h6+rCIQH",11560173357,"https://media.birdweather.com/soundscapes/6891/6891-20260508-121454.flac",0,3,"birdnetpi"
7561150624,6891,"2026-05-08T14:14:42.000+02:00",0.71,0.476928234100342,8.20584216005082,"almost_certain","2p4",NA,51.5646,6.002,FALSE,103,"Eurasian Collared-Dove","Streptopelia decaocto","#006e2a","avian","https://media.birdweather.com/species/103/EurasianCollared-Dove-standard-e0c74c4f1ffe5357c4759579380dab35.jpg","https://media.birdweather.com/species/103/EurasianCollared-Dove-thumbnail-53ccb5f0a5d0640a1e766dd99c28ebca.jpg","https://media.birdweather.com/species/103/EurasianCollared-Dove-png200-4efa83c8c5efbdb09427b3c3fa247357.png","pvcFFwLpd4RvlJeUWZh2eXh4VxBqBZIH",11560171626,"https://media.birdweather.com/soundscapes/6891/6891-20260508-121442.flac",0,3,"birdnetpi"
7561093320,6891,"2026-05-08T14:12:55.000+02:00",0.89,0.476928234100342,8.70447472681675,"almost_certain","2p4",NA,51.5698,6.0027,FALSE,103,"Eurasian Collared-Dove","Streptopelia decaocto","#006e2a","avian","https://media.birdweather.com/species/103/EurasianCollared-Dove-standard-e0c74c4f1ffe5357c4759579380dab35.jpg","https://media.birdweather.com/species/103/EurasianCollared-Dove-thumbnail-53ccb5f0a5d0640a1e766dd99c28ebca.jpg","https://media.birdweather.com/species/103/EurasianCollared-Dove-png200-4efa83c8c5efbdb09427b3c3fa247357.png","pvcFFwLpd4RvlJeUWZh2eXh4VxBqBZIH",11560120797,"https://media.birdweather.com/soundscapes/6891/6891-20260508-121255.flac",0,3,"birdnetpi"
7560996916,6891,"2026-05-08T14:09:51.000+02:00",0.79,0.839938700199127,9.21319728535025,"almost_certain","2p4",NA,51.5646,6.0071,FALSE,1,"House Sparrow","Passer domesticus","#d16ff8","avian","https://media.birdweather.com/species/1/HouseSparrow-standard-b861184cf45c092cdb45fd689dd676ef.jpg","https://media.birdweather.com/species/1/HouseSparrow-thumbnail-e9cbc91763a1579de8ef04880678b5e3.jpg","https://media.birdweather.com/species/1/HouseSparrow-png200-125e8603e1efe9d7a18316b94f06a65e.png","XAgCDwD8qpukuHiqtLZ9mImnmPFcDO4E",11560033666,"https://media.birdweather.com/soundscapes/6891/6891-20260508-120951.flac",0,3,"birdnetpi"
7560985145,6891,"2026-05-08T14:09:28.000+02:00",0.79,0.839938700199127,9.21319728535025,"almost_certain","2p4",NA,51.5626,6.0036,FALSE,1,"House Sparrow","Passer domesticus","#d16ff8","avian","https://media.birdweather.com/species/1/HouseSparrow-standard-b861184cf45c092cdb45fd689dd676ef.jpg","https://media.birdweather.com/species/1/HouseSparrow-thumbnail-e9cbc91763a1579de8ef04880678b5e3.jpg","https://media.birdweather.com/species/1/HouseSparrow-png200-125e8603e1efe9d7a18316b94f06a65e.png","XAgCDwD8qpukuHiqtLZ9mImnmPFcDO4E",11560022940,"https://media.birdweather.com/soundscapes/6891/6891-20260508-120928.flac",0,3,"birdnetpi"
7560902290,6891,"2026-05-08T14:06:52.000+02:00",0.7,0.999183833599091,9.17044249542897,"almost_certain","2p4",NA,51.5648,6.0032,FALSE,35,"Eurasian Blackbird","Turdus merula","#ff65df","avian","https://media.birdweather.com/species/35/EurasianBlackbird-standard-618b3a5132c7c359fb2a2884c39deb39.jpg","https://media.birdweather.com/species/35/EurasianBlackbird-thumbnail-276878929bed08167d1fd9bf34d63d40.jpg","https://media.birdweather.com/species/35/EurasianBlackbird-png200-ba5a1b43225da4611cac429c52a52c81.png","GfkFFwKRmrx2ZYiaaQe69nlzScn3T7IA",11559950189,"https://media.birdweather.com/soundscapes/6891/6891-20260508-120652.flac",0,3,"birdnetpi"
7560859279,6891,"2026-05-08T14:05:30.000+02:00",0.83,0.999183833599091,9.55597756485928,"almost_certain","2p4",NA,51.5695,6.0091,FALSE,35,"Eurasian Blackbird","Turdus merula","#ff65df","avian","https://media.birdweather.com/species/35/EurasianBlackbird-standard-618b3a5132c7c359fb2a2884c39deb39.jpg","https://media.birdweather.com/species/35/EurasianBlackbird-thumbnail-276878929bed08167d1fd9bf34d63d40.jpg","https://media.birdweather.com/species/35/EurasianBlackbird-png200-ba5a1b43225da4611cac429c52a52c81.png","GfkFFwKRmrx2ZYiaaQe69nlzScn3T7IA",11559912071,"https://media.birdweather.com/soundscapes/6891/6891-20260508-120530.flac",0,3,"birdnetpi"
7560564304,6891,"2026-05-08T13:56:11.000+02:00",0.99,0.672991514205933,9.38253533008261,"almost_certain","2p4",NA,51.5632,6.0011,FALSE,44,"Dunnock","Prunella modularis","#fea614","avian","https://media.birdweather.com/species/44/Dunnock-standard-a705d7131240cedd1c407b5a19989591.jpg","https://media.birdweather.com/species/44/Dunnock-thumbnail-1036624855b82c96db4ad23d1ed9d702.jpg","https://media.birdweather.com/species/44/Dunnock-png200-951bb2cdb9ec585716907d8eac83882e.png","lQgGDwB9pneQhHlwWjeK2ZK6d/kdFaUA",11559648689,"https://media.birdweather.com/soundscapes/6891/6891-20260508-115611.flac",0,3,"birdnetpi"
7560543394,6891,"2026-05-08T13:55:33.000+02:00",0.94,0.672991514205933,9.27947924298712,"almost_certain","2p4",NA,51.563,6.001,FALSE,44,"Dunnock","Prunella modularis","#fea614","avian","https://media.birdweather.com/species/44/Dunnock-standard-a705d7131240cedd1c407b5a19989591.jpg","https://media.birdweather.com/species/44/Dunnock-thumbnail-1036624855b82c96db4ad23d1ed9d702.jpg","https://media.birdweather.com/species/44/Dunnock-png200-951bb2cdb9ec585716907d8eac83882e.png","lQgGDwB9pneQhHlwWjeK2ZK6d/kdFaUA",11559630038,"https://media.birdweather.com/soundscapes/6891/6891-20260508-115533.flac",0,3,"birdnetpi"
7560300923,6891,"2026-05-08T13:47:52.000+02:00",0.87,0.622888922691345,9.01641277245333,"almost_certain","2p4",NA,51.5665,6.0007,FALSE,76,"Eurasian Jackdaw","Corvus monedula","#f36f1b","avian","https://media.birdweather.com/species/76/EurasianJackdaw-standard-55cbd4006f743c538a3264a1fb86d41c.jpg","https://media.birdweather.com/species/76/EurasianJackdaw-thumbnail-80ecf23afe76ea22483b4f8043e19339.jpg","https://media.birdweather.com/species/76/EurasianJackdaw-png200-862dbf9b3725619bb5532ba255c32118.png","4AgKDwL2i2d1homOY0modph5OL/1qHAJ",11559412499,"https://media.birdweather.com/soundscapes/6891/6891-20260508-114752.flac",0,3,"birdnetpi"
7560256273,6891,"2026-05-08T13:46:27.000+02:00",0.8,0.999183833599091,9.47614916072943,"almost_certain","2p4",NA,51.5647,6.0024,FALSE,35,"Eurasian Blackbird","Turdus merula","#ff65df","avian","https://media.birdweather.com/species/35/EurasianBlackbird-standard-618b3a5132c7c359fb2a2884c39deb39.jpg","https://media.birdweather.com/species/35/EurasianBlackbird-thumbnail-276878929bed08167d1fd9bf34d63d40.jpg","https://media.birdweather.com/species/35/EurasianBlackbird-png200-ba5a1b43225da4611cac429c52a52c81.png","GfkFFwKRmrx2ZYiaaQe69nlzScn3T7IA",11559372562,"https://media.birdweather.com/soundscapes/6891/6891-20260508-114627.flac",0,3,"birdnetpi"
7559862301,6891,"2026-05-08T13:33:53.000+02:00",0.84,0.999183833599091,9.58158578708593,"almost_certain","2p4",NA,51.5631,6.0044,FALSE,35,"Eurasian Blackbird","Turdus merula","#ff65df","avian","https://media.birdweather.com/species/35/EurasianBlackbird-standard-618b3a5132c7c359fb2a2884c39deb39.jpg","https://media.birdweather.com/species/35/EurasianBlackbird-thumbnail-276878929bed08167d1fd9bf34d63d40.jpg","https://media.birdweather.com/species/35/EurasianBlackbird-png200-ba5a1b43225da4611cac429c52a52c81.png","GfkFFwKRmrx2ZYiaaQe69nlzScn3T7IA",11559017740,"https://media.birdweather.com/soundscapes/6891/6891-20260508-113353.flac",0,3,"birdnetpi"
7559852838,6891,"2026-05-08T13:33:41.000+02:00",0.92,0.999183833599091,9.77085175080465,"almost_certain","2p4",NA,51.5646,6.006,FALSE,35,"Eurasian Blackbird","Turdus merula","#ff65df","avian","https://media.birdweather.com/species/35/EurasianBlackbird-standard-618b3a5132c7c359fb2a2884c39deb39.jpg","https://media.birdweather.com/species/35/EurasianBlackbird-thumbnail-276878929bed08167d1fd9bf34d63d40.jpg","https://media.birdweather.com/species/35/EurasianBlackbird-png200-ba5a1b43225da4611cac429c52a52c81.png","GfkFFwKRmrx2ZYiaaQe69nlzScn3T7IA",11559008825,"https://media.birdweather.com/soundscapes/6891/6891-20260508-113341.flac",0,3,"birdnetpi"
7559842598,6891,"2026-05-08T13:33:14.000+02:00",0.93,0.999183833599091,9.79277221844927,"almost_certain","2p4",NA,51.5672,6.0015,FALSE,35,"Eurasian Blackbird","Turdus merula","#ff65df","avian","https://media.birdweather.com/species/35/EurasianBlackbird-standard-618b3a5132c7c359fb2a2884c39deb39.jpg","https://media.birdweather.com/species/35/EurasianBlackbird-thumbnail-276878929bed08167d1fd9bf34d63d40.jpg","https://media.birdweather.com/species/35/EurasianBlackbird-png200-ba5a1b43225da4611cac429c52a52c81.png","GfkFFwKRmrx2ZYiaaQe69nlzScn3T7IA",11558999334,"https://media.birdweather.com/soundscapes/6891/6891-20260508-113314.flac",0,3,"birdnetpi"
7559839758,6891,"2026-05-08T13:33:08.000+02:00",0.93,0.419734984636307,8.62316418204679,"almost_certain","2p4",NA,51.5666,6.0031,FALSE,119,"Common House-Martin","Delichon urbicum","#53b1ff","avian","https://media.birdweather.com/species/119/CommonHouse-Martin-standard-9ffbcc688c51210fb136a162c84d82ad.jpg","https://media.birdweather.com/species/119/CommonHouse-Martin-thumbnail-dd7059ca6235347c3097e7a66f04df95.jpg","https://media.birdweather.com/species/119/CommonHouse-Martin-png200-a73a8953ce2af50676da81e70b2746b2.png","YhgKDwKJd4iIiHd/h5h5d4mIeQqVllAH",11558996652,"https://media.birdweather.com/soundscapes/6891/6891-20260508-113308.flac",0,3,"birdnetpi"
7559742742,6891,"2026-05-08T13:29:56.000+02:00",0.94,0.419734984636307,8.64473943109314,"almost_certain","2p4",NA,51.5615,6.0064,FALSE,119,"Common House-Martin","Delichon urbicum","#53b1ff","avian","https://media.birdweather.com/species/119/CommonHouse-Martin-standard-9ffbcc688c51210fb136a162c84d82ad.jpg","https://media.birdweather.com/species/119/CommonHouse-Martin-thumbnail-dd7059ca6235347c3097e7a66f04df95.jpg","https://media.birdweather.com/species/119/CommonHouse-Martin-png200-a73a8953ce2af50676da81e70b2746b2.png","YhgKDwKJd4iIiHd/h5h5d4mIeQqVllAH",11558906246,"https://media.birdweather.com/soundscapes/6891/6891-20260508-112956.flac",0,3,"birdnetpi"
7559697853,6891,"2026-05-08T13:28:29.000+02:00",0.74,0.672991514205933,8.76614921725238,"almost_certain","2p4",NA,51.5652,6.0018,FALSE,44,"Dunnock","Prunella modularis","#fea614","avian","https://media.birdweather.com/species/44/Dunnock-standard-a705d7131240cedd1c407b5a19989591.jpg","https://media.birdweather.com/species/44/Dunnock-thumbnail-1036624855b82c96db4ad23d1ed9d702.jpg","https://media.birdweather.com/species/44/Dunnock-png200-951bb2cdb9ec585716907d8eac83882e.png","lQgGDwB9pneQhHlwWjeK2ZK6d/kdFaUA",11558864448,"https://media.birdweather.com/soundscapes/6891/6891-20260508-112829.flac",0,3,"birdnetpi"
7559595888,6891,"2026-05-08T13:25:10.000+02:00",0.73,0.961844444274902,9.21787082527522,"almost_certain","2p4",NA,51.5635,6.0084,FALSE,51,"Common Chiffchaff","Phylloscopus collybita","#234bb2","avian","https://media.birdweather.com/species/51/CommonChiffchaff-standard-51b65ae67159c1d7e6b40d2e5032b8bc.jpg","https://media.birdweather.com/species/51/CommonChiffchaff-thumbnail-db7cc6cc80c51cac95a6cceb51a0a66f.jpg","https://media.birdweather.com/species/51/CommonChiffchaff-png200-e06677bd5f83c96ea17aab076a5e64dd.png","HSkCDwJplXeiMFilxTzIyVZplYf32ZcA",11558771541,"https://media.birdweather.com/soundscapes/6891/6891-20260508-112510.flac",0,3,"birdnetpi"
7559550266,6891,"2026-05-08T13:23:42.000+02:00",0.81,0.999183833599091,9.5032787601252,"almost_certain","2p4",NA,51.5632,6.0008,FALSE,35,"Eurasian Blackbird","Turdus merula","#ff65df","avian","https://media.birdweather.com/species/35/EurasianBlackbird-standard-618b3a5132c7c359fb2a2884c39deb39.jpg","https://media.birdweather.com/species/35/EurasianBlackbird-thumbnail-276878929bed08167d1fd9bf34d63d40.jpg","https://media.birdweather.com/species/35/EurasianBlackbird-png200-ba5a1b43225da4611cac429c52a52c81.png","GfkFFwKRmrx2ZYiaaQe69nlzScn3T7IA",11558730114,"https://media.birdweather.com/soundscapes/6891/6891-20260508-112342.flac",0,3,"birdnetpi"
7559509497,6891,"2026-05-08T13:22:21.000+02:00",0.98,0.419734984636307,8.72779516298166,"almost_certain","2p4",NA,51.562,6.0036,FALSE,119,"Common House-Martin","Delichon urbicum","#53b1ff","avian","https://media.birdweather.com/species/119/CommonHouse-Martin-standard-9ffbcc688c51210fb136a162c84d82ad.jpg","https://media.birdweather.com/species/119/CommonHouse-Martin-thumbnail-dd7059ca6235347c3097e7a66f04df95.jpg","https://media.birdweather.com/species/119/CommonHouse-Martin-png200-a73a8953ce2af50676da81e70b2746b2.png","YhgKDwKJd4iIiHd/h5h5d4mIeQqVllAH",11558692184,"https://media.birdweather.com/soundscapes/6891/6891-20260508-112221.flac",0,3,"birdnetpi"
7559407488,6891,"2026-05-08T13:19:00.000+02:00",0.91,0.836401343345642,9.50758697455785,"almost_certain","2p4",NA,51.5694,6.0037,FALSE,95,"White Wagtail","Motacilla alba","#457700","avian","https://media.birdweather.com/species/95/WhiteWagtail-standard-c3e712d95481fd4c30012b3afc4ee61f.jpg","https://media.birdweather.com/species/95/WhiteWagtail-thumbnail-645080e5b8667eaccbc9a938f781f907.jpg","https://media.birdweather.com/species/95/WhiteWagtail-png200-38e3473b44d59c0f49a722ef0b7250cd.png","2PcFJwZKpplweXdymnZouGiofwaoZ4AL",11558597786,"https://media.birdweather.com/soundscapes/6891/6891-20260508-111900.flac",0,3,"birdnetpi"
7559289524,6891,"2026-05-08T13:15:08.000+02:00",0.94,0.672991514205933,9.27947924298712,"almost_certain","2p4",NA,51.5625,6.009,FALSE,44,"Dunnock","Prunella modularis","#fea614","avian","https://media.birdweather.com/species/44/Dunnock-standard-a705d7131240cedd1c407b5a19989591.jpg","https://media.birdweather.com/species/44/Dunnock-thumbnail-1036624855b82c96db4ad23d1ed9d702.jpg","https://media.birdweather.com/species/44/Dunnock-png200-951bb2cdb9ec585716907d8eac83882e.png","lQgGDwB9pneQhHlwWjeK2ZK6d/kdFaUA",11558488196,"https://media.birdweather.com/soundscapes/6891/6891-20260508-111508.flac",0,3,"birdnetpi"
7559268627,6891,"2026-05-08T13:14:24.000+02:00",0.98,0.672991514205933,9.36253497487563,"almost_certain","2p4",NA,51.5664,6.0027,FALSE,44,"Dunnock","Prunella modularis","#fea614","avian","https://media.birdweather.com/species/44/Dunnock-standard-a705d7131240cedd1c407b5a19989591.jpg","https://media.birdweather.com/species/44/Dunnock-thumbnail-1036624855b82c96db4ad23d1ed9d702.jpg","https://media.birdweather.com/species/44/Dunnock-png200-951bb2cdb9ec585716907d8eac83882e.png","lQgGDwB9pneQhHlwWjeK2ZK6d/kdFaUA",11558468135,"https://media.birdweather.com/soundscapes/6891/6891-20260508-111424.flac",0,3,"birdnetpi"
7559109469,6891,"2026-05-08T13:09:09.000+02:00",1,0.672991514205933,9.40224790039199,"almost_certain","2p4",NA,51.5662,6.0082,FALSE,44,"Dunnock","Prunella modularis","#fea614","avian","https://media.birdweather.com/species/44/Dunnock-standard-a705d7131240cedd1c407b5a19989591.jpg","https://media.birdweather.com/species/44/Dunnock-thumbnail-1036624855b82c96db4ad23d1ed9d702.jpg","https://media.birdweather.com/species/44/Dunnock-png200-951bb2cdb9ec585716907d8eac83882e.png","lQgGDwB9pneQhHlwWjeK2ZK6d/kdFaUA",11558320641,"https://media.birdweather.com/soundscapes/6891/6891-20260508-110909.flac",0,3,"birdnetpi"
7559097638,6891,"2026-05-08T13:08:47.000+02:00",0.99,0.672991514205933,9.38253533008261,"almost_certain","2p4",NA,51.5668,6.0009,FALSE,44,"Dunnock","Prunella modularis","#fea614","avian","https://media.birdweather.com/species/44/Dunnock-standard-a705d7131240cedd1c407b5a19989591.jpg","https://media.birdweather.com/species/44/Dunnock-thumbnail-1036624855b82c96db4ad23d1ed9d702.jpg","https://media.birdweather.com/species/44/Dunnock-png200-951bb2cdb9ec585716907d8eac83882e.png","lQgGDwB9pneQhHlwWjeK2ZK6d/kdFaUA",11558309651,"https://media.birdweather.com/soundscapes/6891/6891-20260508-110847.flac",0,3,"birdnetpi"
7558956129,6891,"2026-05-08T13:04:08.000+02:00",0.89,0.922553181648254,9.59471364888968,"almost_certain","2p4",NA,51.5658,6.0093,FALSE,62,"Eurasian Blackcap","Sylvia atricapilla","#7adb83","avian","https://media.birdweather.com/species/62/EurasianBlackcap-standard-ca67b81f2c6a6cba55dab13eb6582f24.jpg","https://media.birdweather.com/species/62/EurasianBlackcap-thumbnail-545c834c61889e5646dfc5aafeb4425a.jpg","https://media.birdweather.com/species/62/EurasianBlackcap-png200-0d77337af50a8eb9ae3deda32654c1fa.png","6vcJFwLyeItqY3mOc3enaoiH+HQaPpkA",11558179752,"https://media.birdweather.com/soundscapes/6891/6891-20260508-110408.flac",0,3,"birdnetpi"
7558828701,6891,"2026-05-08T12:59:57.000+02:00",0.89,0.419734984636307,8.53329590504123,"almost_certain","2p4",NA,51.5685,6.0071,FALSE,119,"Common House-Martin","Delichon urbicum","#53b1ff","avian","https://media.birdweather.com/species/119/CommonHouse-Martin-standard-9ffbcc688c51210fb136a162c84d82ad.jpg","https://media.birdweather.com/species/119/CommonHouse-Martin-thumbnail-dd7059ca6235347c3097e7a66f04df95.jpg","https://media.birdweather.com/species/119/CommonHouse-Martin-png200-a73a8953ce2af50676da81e70b2746b2.png","YhgKDwKJd4iIiHd/h5h5d4mIeQqVllAH",11558063095,"https://media.birdweather.com/soundscapes/6891/6891-20260508-105957.flac",0,3,"birdnetpi"
7558741908,6891,"2026-05-08T12:57:07.000+02:00",0.95,0.419734984636307,8.66598016664741,"almost_certain","2p4",NA,51.5646,6.0055,FALSE,119,"Common House-Martin","Delichon urbicum","#53b1ff","avian","https://media.birdweather.com/species/119/CommonHouse-Martin-standard-9ffbcc688c51210fb136a162c84d82ad.jpg","https://media.birdweather.com/species/119/CommonHouse-Martin-thumbnail-dd7059ca6235347c3097e7a66f04df95.jpg","https://media.birdweather.com/species/119/CommonHouse-Martin-png200-a73a8953ce2af50676da81e70b2746b2.png","YhgKDwKJd4iIiHd/h5h5d4mIeQqVllAH",11557980029,"https://media.birdweather.com/soundscapes/6891/6891-20260508-105707.flac",0,3,"birdnetpi"
7558731341,6891,"2026-05-08T12:56:37.000+02:00",0.96,0.419734984636307,8.68689660346659,"almost_certain","2p4",NA,51.5663,6.0058,FALSE,119,"Common House-Martin","Delichon urbicum","#53b1ff","avian","https://media.birdweather.com/species/119/CommonHouse-Martin-standard-9ffbcc688c51210fb136a162c84d82ad.jpg","https://media.birdweather.com/species/119/CommonHouse-Martin-thumbnail-dd7059ca6235347c3097e7a66f04df95.jpg","https://media.birdweather.com/species/119/CommonHouse-Martin-png200-a73a8953ce2af50676da81e70b2746b2.png","YhgKDwKJd4iIiHd/h5h5d4mIeQqVllAH",11557969836,"https://media.birdweather.com/soundscapes/6891/6891-20260508-105637.flac",0,3,"birdnetpi"
7558610517,6891,"2026-05-08T12:52:36.000+02:00",0.8,0.839938700199127,9.24087499437525,"almost_certain","2p4",NA,51.5703,6.0067,FALSE,1,"House Sparrow","Passer domesticus","#d16ff8","avian","https://media.birdweather.com/species/1/HouseSparrow-standard-b861184cf45c092cdb45fd689dd676ef.jpg","https://media.birdweather.com/species/1/HouseSparrow-thumbnail-e9cbc91763a1579de8ef04880678b5e3.jpg","https://media.birdweather.com/species/1/HouseSparrow-png200-125e8603e1efe9d7a18316b94f06a65e.png","XAgCDwD8qpukuHiqtLZ9mImnmPFcDO4E",11557856180,"https://media.birdweather.com/soundscapes/6891/6891-20260508-105236.flac",0,3,"birdnetpi"
7558605321,6891,"2026-05-08T12:52:28.000+02:00",0.74,0.999183833599091,9.30101744176089,"almost_certain","2p4",NA,51.5701,6.0018,FALSE,35,"Eurasian Blackbird","Turdus merula","#ff65df","avian","https://media.birdweather.com/species/35/EurasianBlackbird-standard-618b3a5132c7c359fb2a2884c39deb39.jpg","https://media.birdweather.com/species/35/EurasianBlackbird-thumbnail-276878929bed08167d1fd9bf34d63d40.jpg","https://media.birdweather.com/species/35/EurasianBlackbird-png200-ba5a1b43225da4611cac429c52a52c81.png","GfkFFwKRmrx2ZYiaaQe69nlzScn3T7IA",11557851157,"https://media.birdweather.com/soundscapes/6891/6891-20260508-105228.flac",0,3,"birdnetpi"
7558529965,6891,"2026-05-08T12:49:50.000+02:00",0.7,0.999183833599091,9.17044249542897,"almost_certain","2p4",NA,51.5651,6.0057,FALSE,35,"Eurasian Blackbird","Turdus merula","#ff65df","avian","https://media.birdweather.com/species/35/EurasianBlackbird-standard-618b3a5132c7c359fb2a2884c39deb39.jpg","https://media.birdweather.com/species/35/EurasianBlackbird-thumbnail-276878929bed08167d1fd9bf34d63d40.jpg","https://media.birdweather.com/species/35/EurasianBlackbird-png200-ba5a1b43225da4611cac429c52a52c81.png","GfkFFwKRmrx2ZYiaaQe69nlzScn3T7IA",11557778935,"https://media.birdweather.com/soundscapes/6891/6891-20260508-104950.flac",0,3,"birdnetpi"
7558513054,6891,"2026-05-08T12:49:17.000+02:00",0.88,0.672991514205933,9.14461634323296,"almost_certain","2p4",NA,51.5702,6.0084,FALSE,44,"Dunnock","Prunella modularis","#fea614","avian","https://media.birdweather.com/species/44/Dunnock-standard-a705d7131240cedd1c407b5a19989591.jpg","https://media.birdweather.com/species/44/Dunnock-thumbnail-1036624855b82c96db4ad23d1ed9d702.jpg","https://media.birdweather.com/species/44/Dunnock-png200-951bb2cdb9ec585716907d8eac83882e.png","lQgGDwB9pneQhHlwWjeK2ZK6d/kdFaUA",11557762737,"https://media.birdweather.com/soundscapes/6891/6891-20260508-104917.flac",0,3,"birdnetpi"
7558404400,6891,"2026-05-08T12:45:35.000+02:00",0.79,0.672991514205933,8.91360322719592,"almost_certain","2p4",NA,51.5637,6.0014,FALSE,44,"Dunnock","Prunella modularis","#fea614","avian","https://media.birdweather.com/species/44/Dunnock-standard-a705d7131240cedd1c407b5a19989591.jpg","https://media.birdweather.com/species/44/Dunnock-thumbnail-1036624855b82c96db4ad23d1ed9d702.jpg","https://media.birdweather.com/species/44/Dunnock-png200-951bb2cdb9ec585716907d8eac83882e.png","lQgGDwB9pneQhHlwWjeK2ZK6d/kdFaUA",11557659427,"https://media.birdweather.com/soundscapes/6891/6891-20260508-104535.flac",0,3,"birdnetpi"
7558361259,6891,"2026-05-08T12:44:06.000+02:00",0.89,0.940908372402191,9.62141704234604,"almost_certain","2p4",NA,51.5641,6.0034,FALSE,397,"Barn Swallow","Hirundo rustica","#c85500","avian","https://media.birdweather.com/species/397/BarnSwallow-standard-66c9cb8916403efe633a420fe54e3bc6.jpg","https://media.birdweather.com/species/397/BarnSwallow-thumbnail-418cddeb212e9e1ce5d35f61a3040433.jpg","https://media.birdweather.com/species/397/BarnSwallow-png200-317c812ebfcec488fad1824feff99dbc.png","IAgKHwKLhnmThXdPl1i3p3ll51f4jngP",11557617745,"https://media.birdweather.com/soundscapes/6891/6891-20260508-104406.flac",0,3,"birdnetpi"
7558337654,6891,"2026-05-08T12:43:21.000+02:00",0.86,0.839938700199127,9.39613529324584,"almost_certain","2p4",NA,51.5628,6.0039,FALSE,1,"House Sparrow","Passer domesticus","#d16ff8","avian","https://media.birdweather.com/species/1/HouseSparrow-standard-b861184cf45c092cdb45fd689dd676ef.jpg","https://media.birdweather.com/species/1/HouseSparrow-thumbnail-e9cbc91763a1579de8ef04880678b5e3.jpg","https://media.birdweather.com/species/1/HouseSparrow-png200-125e8603e1efe9d7a18316b94f06a65e.png","XAgCDwD8qpukuHiqtLZ9mImnmPFcDO4E",11557595484,"https://media.birdweather.com/soundscapes/6891/6891-20260508-104321.flac",0,3,"birdnetpi"
7558239146,6891,"2026-05-08T12:40:00.000+02:00",0.87,0.698269486427307,9.17057849248926,"almost_certain","2p4",NA,51.5631,6.0023,FALSE,30,"Common Buzzard","Buteo buteo","#37e188","avian","https://media.birdweather.com/species/30/CommonBuzzard-standard-624dd5ff44ca4409c2692d7ec2eec597.jpg","https://media.birdweather.com/species/30/CommonBuzzard-thumbnail-781fb553c5eb2032627994238a1027c5.jpg","https://media.birdweather.com/species/30/CommonBuzzard-png200-dcecf7087fca9c5bd3977532471c052a.png","XwkGDwKDmYifVWWAmFZnmqiIer/ICGME",11557501882,"https://media.birdweather.com/soundscapes/6891/6891-20260508-104000.flac",0,3,"birdnetpi"
7558199597,6891,"2026-05-08T12:38:37.000+02:00",0.85,0.839938700199127,9.37144994070718,"almost_certain","2p4",NA,51.5672,6.0068,FALSE,1,"House Sparrow","Passer domesticus","#d16ff8","avian","https://media.birdweather.com/species/1/HouseSparrow-standard-b861184cf45c092cdb45fd689dd676ef.jpg","https://media.birdweather.com/species/1/HouseSparrow-thumbnail-e9cbc91763a1579de8ef04880678b5e3.jpg","https://media.birdweather.com/species/1/HouseSparrow-png200-125e8603e1efe9d7a18316b94f06a65e.png","XAgCDwD8qpukuHiqtLZ9mImnmPFcDO4E",11557464064,"https://media.birdweather.com/soundscapes/6891/6891-20260508-103837.flac",0,3,"birdnetpi"
7558132336,6891,"2026-05-08T12:36:18.000+02:00",0.91,0.961844444274902,9.69692386069247,"almost_certain","2p4",NA,51.5628,6.0067,FALSE,51,"Common Chiffchaff","Phylloscopus collybita","#234bb2","avian","https://media.birdweather.com/species/51/CommonChiffchaff-standard-51b65ae67159c1d7e6b40d2e5032b8bc.jpg","https://media.birdweather.com/species/51/CommonChiffchaff-thumbnail-db7cc6cc80c51cac95a6cceb51a0a66f.jpg","https://media.birdweather.com/species/51/CommonChiffchaff-png200-e06677bd5f83c96ea17aab076a5e64dd.png","HSkCDwJplXeiMFilxTzIyVZplYf32ZcA",11557399939,"https://media.birdweather.com/soundscapes/6891/6891-20260508-103618.flac",0,3,"birdnetpi"
7558130715,6891,"2026-05-08T12:36:15.000+02:00",0.81,0.419734984636307,8.33367072372272,"almost_certain","2p4",NA,51.5664,6.001,FALSE,119,"Common House-Martin","Delichon urbicum","#53b1ff","avian","https://media.birdweather.com/species/119/CommonHouse-Martin-standard-9ffbcc688c51210fb136a162c84d82ad.jpg","https://media.birdweather.com/species/119/CommonHouse-Martin-thumbnail-dd7059ca6235347c3097e7a66f04df95.jpg","https://media.birdweather.com/species/119/CommonHouse-Martin-png200-a73a8953ce2af50676da81e70b2746b2.png","YhgKDwKJd4iIiHd/h5h5d4mIeQqVllAH",11557398437,"https://media.birdweather.com/soundscapes/6891/6891-20260508-103615.flac",0,3,"birdnetpi"
7558098213,6891,"2026-05-08T12:35:10.000+02:00",0.84,0.839938700199127,9.34631162073175,"almost_certain","2p4",NA,51.567,6.0011,FALSE,1,"House Sparrow","Passer domesticus","#d16ff8","avian","https://media.birdweather.com/species/1/HouseSparrow-standard-b861184cf45c092cdb45fd689dd676ef.jpg","https://media.birdweather.com/species/1/HouseSparrow-thumbnail-e9cbc91763a1579de8ef04880678b5e3.jpg","https://media.birdweather.com/species/1/HouseSparrow-png200-125e8603e1efe9d7a18316b94f06a65e.png","XAgCDwD8qpukuHiqtLZ9mImnmPFcDO4E",11557367586,"https://media.birdweather.com/soundscapes/6891/6891-20260508-103510.flac",0,3,"birdnetpi"
7558074630,6891,"2026-05-08T12:34:21.000+02:00",1,0.672991514205933,9.40224790039199,"almost_certain","2p4",NA,51.5702,6.0085,FALSE,44,"Dunnock","Prunella modularis","#fea614","avian","https://media.birdweather.com/species/44/Dunnock-standard-a705d7131240cedd1c407b5a19989591.jpg","https://media.birdweather.com/species/44/Dunnock-thumbnail-1036624855b82c96db4ad23d1ed9d702.jpg","https://media.birdweather.com/species/44/Dunnock-png200-951bb2cdb9ec585716907d8eac83882e.png","lQgGDwB9pneQhHlwWjeK2ZK6d/kdFaUA",11557345182,"https://media.birdweather.com/soundscapes/6891/6891-20260508-103421.flac",0,3,"birdnetpi"
7558062530,6891,"2026-05-08T12:33:58.000+02:00",1,0.672991514205933,9.40224790039199,"almost_certain","2p4",NA,51.5687,6.0022,FALSE,44,"Dunnock","Prunella modularis","#fea614","avian","https://media.birdweather.com/species/44/Dunnock-standard-a705d7131240cedd1c407b5a19989591.jpg","https://media.birdweather.com/species/44/Dunnock-thumbnail-1036624855b82c96db4ad23d1ed9d702.jpg","https://media.birdweather.com/species/44/Dunnock-png200-951bb2cdb9ec585716907d8eac83882e.png","lQgGDwB9pneQhHlwWjeK2ZK6d/kdFaUA",11557334092,"https://media.birdweather.com/soundscapes/6891/6891-20260508-103358.flac",0,3,"birdnetpi"
7557911901,6891,"2026-05-08T12:28:51.000+02:00",0.98,0.672991514205933,9.36253497487563,"almost_certain","2p4",NA,51.5659,6.0089,FALSE,44,"Dunnock","Prunella modularis","#fea614","avian","https://media.birdweather.com/species/44/Dunnock-standard-a705d7131240cedd1c407b5a19989591.jpg","https://media.birdweather.com/species/44/Dunnock-thumbnail-1036624855b82c96db4ad23d1ed9d702.jpg","https://media.birdweather.com/species/44/Dunnock-png200-951bb2cdb9ec585716907d8eac83882e.png","lQgGDwB9pneQhHlwWjeK2ZK6d/kdFaUA",11557190870,"https://media.birdweather.com/soundscapes/6891/6891-20260508-102851.flac",0,3,"birdnetpi"
7557735339,6891,"2026-05-08T12:22:50.000+02:00",0.97,0.622888922691345,9.23786142408562,"almost_certain","2p4",NA,51.5632,6.0047,FALSE,76,"Eurasian Jackdaw","Corvus monedula","#f36f1b","avian","https://media.birdweather.com/species/76/EurasianJackdaw-standard-55cbd4006f743c538a3264a1fb86d41c.jpg","https://media.birdweather.com/species/76/EurasianJackdaw-thumbnail-80ecf23afe76ea22483b4f8043e19339.jpg","https://media.birdweather.com/species/76/EurasianJackdaw-png200-862dbf9b3725619bb5532ba255c32118.png","4AgKDwL2i2d1homOY0modph5OL/1qHAJ",11557019023,"https://media.birdweather.com/soundscapes/6891/6891-20260508-102250.flac",0,3,"birdnetpi"
7557643826,6891,"2026-05-08T12:19:27.000+02:00",0.93,0.622888922691345,9.1535271106764,"almost_certain","2p4",NA,51.5654,6.0084,FALSE,76,"Eurasian Jackdaw","Corvus monedula","#f36f1b","avian","https://media.birdweather.com/species/76/EurasianJackdaw-standard-55cbd4006f743c538a3264a1fb86d41c.jpg","https://media.birdweather.com/species/76/EurasianJackdaw-thumbnail-80ecf23afe76ea22483b4f8043e19339.jpg","https://media.birdweather.com/species/76/EurasianJackdaw-png200-862dbf9b3725619bb5532ba255c32118.png","4AgKDwL2i2d1homOY0modph5OL/1qHAJ",11556927890,"https://media.birdweather.com/soundscapes/6891/6891-20260508-101927.flac",0,3,"birdnetpi"
7557266923,6891,"2026-05-08T12:05:34.000+02:00",0.85,0.419734984636307,8.43711607065888,"almost_certain","2p4",NA,51.5662,6.0044,FALSE,119,"Common House-Martin","Delichon urbicum","#53b1ff","avian","https://media.birdweather.com/species/119/CommonHouse-Martin-standard-9ffbcc688c51210fb136a162c84d82ad.jpg","https://media.birdweather.com/species/119/CommonHouse-Martin-thumbnail-dd7059ca6235347c3097e7a66f04df95.jpg","https://media.birdweather.com/species/119/CommonHouse-Martin-png200-a73a8953ce2af50676da81e70b2746b2.png","YhgKDwKJd4iIiHd/h5h5d4mIeQqVllAH",11556542510,"https://media.birdweather.com/soundscapes/6891/6891-20260508-100534.flac",0,3,"birdnetpi"
7557218882,6891,"2026-05-08T12:03:43.000+02:00",0.97,0.991870403289795,9.86714216241579,"almost_certain","2p4",NA,51.5633,6.0083,FALSE,25,"Common Chaffinch","Fringilla coelebs","#fb7eff","avian","https://media.birdweather.com/species/25/CommonChaffinch-standard-d8edb223d1ec828ee0cda788e8f5f209.jpg","https://media.birdweather.com/species/25/CommonChaffinch-thumbnail-7ba0a46bb0cd7efdb3215242f9528140.jpg","https://media.birdweather.com/species/25/CommonChaffinch-png200-ced617224ab07c316109e2d0e9078f2e.png","WfgJDwKGhIbAbHimmnhluHh2tv25ZoAD",11556490667,"https://media.birdweather.com/soundscapes/6891/6891-20260508-100343.flac",0,3,"birdnetpi"
7557207046,6891,"2026-05-08T12:03:14.000+02:00",0.97,0.991870403289795,9.86714216241579,"almost_certain","2p4",NA,51.5663,6.0033,FALSE,25,"Common Chaffinch","Fringilla coelebs","#fb7eff","avian","https://media.birdweather.com/species/25/CommonChaffinch-standard-d8edb223d1ec828ee0cda788e8f5f209.jpg","https://media.birdweather.com/species/25/CommonChaffinch-thumbnail-7ba0a46bb0cd7efdb3215242f9528140.jpg","https://media.birdweather.com/species/25/CommonChaffinch-png200-ced617224ab07c316109e2d0e9078f2e.png","WfgJDwKGhIbAbHimmnhluHh2tv25ZoAD",11556477724,"https://media.birdweather.com/soundscapes/6891/6891-20260508-100314.flac",0,3,"birdnetpi"
7557194338,6891,"2026-05-08T12:02:53.000+02:00",0.96,0.991870403289795,9.84654027042637,"almost_certain","2p4",NA,51.5677,6.0034,FALSE,25,"Common Chaffinch","Fringilla coelebs","#fb7eff","avian","https://media.birdweather.com/species/25/CommonChaffinch-standard-d8edb223d1ec828ee0cda788e8f5f209.jpg","https://media.birdweather.com/species/25/CommonChaffinch-thumbnail-7ba0a46bb0cd7efdb3215242f9528140.jpg","https://media.birdweather.com/species/25/CommonChaffinch-png200-ced617224ab07c316109e2d0e9078f2e.png","WfgJDwKGhIbAbHimmnhluHh2tv25ZoAD",11556463980,"https://media.birdweather.com/soundscapes/6891/6891-20260508-100253.flac",0,3,"birdnetpi"
7557183320,6891,"2026-05-08T12:02:18.000+02:00",0.99,0.991870403289795,9.90743918514842,"almost_certain","2p4",NA,51.5685,6.0042,FALSE,25,"Common Chaffinch","Fringilla coelebs","#fb7eff","avian","https://media.birdweather.com/species/25/CommonChaffinch-standard-d8edb223d1ec828ee0cda788e8f5f209.jpg","https://media.birdweather.com/species/25/CommonChaffinch-thumbnail-7ba0a46bb0cd7efdb3215242f9528140.jpg","https://media.birdweather.com/species/25/CommonChaffinch-png200-ced617224ab07c316109e2d0e9078f2e.png","WfgJDwKGhIbAbHimmnhluHh2tv25ZoAD",11556451891,"https://media.birdweather.com/soundscapes/6891/6891-20260508-100218.flac",0,3,"birdnetpi"
7557176604,6891,"2026-05-08T12:02:04.000+02:00",0.98,0.991870403289795,9.88743882994144,"almost_certain","2p4",NA,51.5647,6.0071,FALSE,25,"Common Chaffinch","Fringilla coelebs","#fb7eff","avian","https://media.birdweather.com/species/25/CommonChaffinch-standard-d8edb223d1ec828ee0cda788e8f5f209.jpg","https://media.birdweather.com/species/25/CommonChaffinch-thumbnail-7ba0a46bb0cd7efdb3215242f9528140.jpg","https://media.birdweather.com/species/25/CommonChaffinch-png200-ced617224ab07c316109e2d0e9078f2e.png","WfgJDwKGhIbAbHimmnhluHh2tv25ZoAD",11556444554,"https://media.birdweather.com/soundscapes/6891/6891-20260508-100204.flac",0,3,"birdnetpi"
7557165648,6891,"2026-05-08T12:01:43.000+02:00",0.89,0.991870403289795,9.69293957200101,"almost_certain","2p4",NA,51.5651,6.0059,FALSE,25,"Common Chaffinch","Fringilla coelebs","#fb7eff","avian","https://media.birdweather.com/species/25/CommonChaffinch-standard-d8edb223d1ec828ee0cda788e8f5f209.jpg","https://media.birdweather.com/species/25/CommonChaffinch-thumbnail-7ba0a46bb0cd7efdb3215242f9528140.jpg","https://media.birdweather.com/species/25/CommonChaffinch-png200-ced617224ab07c316109e2d0e9078f2e.png","WfgJDwKGhIbAbHimmnhluHh2tv25ZoAD",11556432566,"https://media.birdweather.com/soundscapes/6891/6891-20260508-100143.flac",0,3,"birdnetpi"
7557157067,6891,"2026-05-08T12:01:18.000+02:00",0.99,0.991870403289795,9.90743918514842,"almost_certain","2p4",NA,51.5695,6.0086,FALSE,25,"Common Chaffinch","Fringilla coelebs","#fb7eff","avian","https://media.birdweather.com/species/25/CommonChaffinch-standard-d8edb223d1ec828ee0cda788e8f5f209.jpg","https://media.birdweather.com/species/25/CommonChaffinch-thumbnail-7ba0a46bb0cd7efdb3215242f9528140.jpg","https://media.birdweather.com/species/25/CommonChaffinch-png200-ced617224ab07c316109e2d0e9078f2e.png","WfgJDwKGhIbAbHimmnhluHh2tv25ZoAD",11556423316,"https://media.birdweather.com/soundscapes/6891/6891-20260508-100118.flac",0,3,"birdnetpi"
7557146418,6891,"2026-05-08T12:00:52.000+02:00",0.97,0.991870403289795,9.86714216241579,"almost_certain","2p4",NA,51.569,6.0008,FALSE,25,"Common Chaffinch","Fringilla coelebs","#fb7eff","avian","https://media.birdweather.com/species/25/CommonChaffinch-standard-d8edb223d1ec828ee0cda788e8f5f209.jpg","https://media.birdweather.com/species/25/CommonChaffinch-thumbnail-7ba0a46bb0cd7efdb3215242f9528140.jpg","https://media.birdweather.com/species/25/CommonChaffinch-png200-ced617224ab07c316109e2d0e9078f2e.png","WfgJDwKGhIbAbHimmnhluHh2tv25ZoAD",11556412257,"https://media.birdweather.com/soundscapes/6891/6891-20260508-100052.flac",0,3,"birdnetpi"
7557134687,6891,"2026-05-08T12:00:24.000+02:00",0.92,0.991870403289795,9.76088738136195,"almost_certain","2p4",NA,51.5678,6.0064,FALSE,25,"Common Chaffinch","Fringilla coelebs","#fb7eff","avian","https://media.birdweather.com/species/25/CommonChaffinch-standard-d8edb223d1ec828ee0cda788e8f5f209.jpg","https://media.birdweather.com/species/25/CommonChaffinch-thumbnail-7ba0a46bb0cd7efdb3215242f9528140.jpg","https://media.birdweather.com/species/25/CommonChaffinch-png200-ced617224ab07c316109e2d0e9078f2e.png","WfgJDwKGhIbAbHimmnhluHh2tv25ZoAD",11556398798,"https://media.birdweather.com/soundscapes/6891/6891-20260508-100024.flac",0,3,"birdnetpi"
7557123636,6891,"2026-05-08T12:00:05.000+02:00",0.96,0.991870403289795,9.84654027042637,"almost_certain","2p4",NA,51.5659,6.0019,FALSE,25,"Common Chaffinch","Fringilla coelebs","#fb7eff","avian","https://media.birdweather.com/species/25/CommonChaffinch-standard-d8edb223d1ec828ee0cda788e8f5f209.jpg","https://media.birdweather.com/species/25/CommonChaffinch-thumbnail-7ba0a46bb0cd7efdb3215242f9528140.jpg","https://media.birdweather.com/species/25/CommonChaffinch-png200-ced617224ab07c316109e2d0e9078f2e.png","WfgJDwKGhIbAbHimmnhluHh2tv25ZoAD",11556387753,"https://media.birdweather.com/soundscapes/6891/6891-20260508-100005.flac",0,3,"birdnetpi"
7557114529,6891,"2026-05-08T11:59:34.000+02:00",0.97,0.991870403289795,9.86714216241579,"almost_certain","2p4",NA,51.5703,6.001,FALSE,25,"Common Chaffinch","Fringilla coelebs","#fb7eff","avian","https://media.birdweather.com/species/25/CommonChaffinch-standard-d8edb223d1ec828ee0cda788e8f5f209.jpg","https://media.birdweather.com/species/25/CommonChaffinch-thumbnail-7ba0a46bb0cd7efdb3215242f9528140.jpg","https://media.birdweather.com/species/25/CommonChaffinch-png200-ced617224ab07c316109e2d0e9078f2e.png","WfgJDwKGhIbAbHimmnhluHh2tv25ZoAD",11556376360,"https://media.birdweather.com/soundscapes/6891/6891-20260508-095934.flac",0,3,"birdnetpi"
7557004020,6891,"2026-05-08T11:55:10.000+02:00",0.85,0.933696985244751,9.51480796677402,"almost_certain","2p4",NA,51.5694,6.0058,FALSE,53,"European Starling","Sturnus vulgaris","#96038f","avian","https://media.birdweather.com/species/53/EuropeanStarling-standard-ff3a9beb497795d3bd4205bd86cf1652.jpg","https://media.birdweather.com/species/53/EuropeanStarling-thumbnail-974e70e3ea84a4be254312c2dfe527d5.jpg","https://media.birdweather.com/species/53/EuropeanStarling-png200-c81072eef7cc54f4bd51dcb88ed45765.png","FQgGBwD4dnmbZHhapUenmGh16HWAvzoO",11556252755,"https://media.birdweather.com/soundscapes/6891/6891-20260508-095510.flac",0,3,"birdnetpi"
7556821947,6891,"2026-05-08T11:47:40.000+02:00",1,0.991870403289795,9.92715175545779,"almost_certain","2p4",NA,51.5671,6.0094,FALSE,25,"Common Chaffinch","Fringilla coelebs","#fb7eff","avian","https://media.birdweather.com/species/25/CommonChaffinch-standard-d8edb223d1ec828ee0cda788e8f5f209.jpg","https://media.birdweather.com/species/25/CommonChaffinch-thumbnail-7ba0a46bb0cd7efdb3215242f9528140.jpg","https://media.birdweather.com/species/25/CommonChaffinch-png200-ced617224ab07c316109e2d0e9078f2e.png","WfgJDwKGhIbAbHimmnhluHh2tv25ZoAD",11556045274,"https://media.birdweather.com/soundscapes/6891/6891-20260508-094740.flac",0,3,"birdnetpi"
7556814776,6891,"2026-05-08T11:47:22.000+02:00",1,0.991870403289795,9.92715175545779,"almost_certain","2p4",NA,51.5637,6.0022,FALSE,25,"Common Chaffinch","Fringilla coelebs","#fb7eff","avian","https://media.birdweather.com/species/25/CommonChaffinch-standard-d8edb223d1ec828ee0cda788e8f5f209.jpg","https://media.birdweather.com/species/25/CommonChaffinch-thumbnail-7ba0a46bb0cd7efdb3215242f9528140.jpg","https://media.birdweather.com/species/25/CommonChaffinch-png200-ced617224ab07c316109e2d0e9078f2e.png","WfgJDwKGhIbAbHimmnhluHh2tv25ZoAD",11556036836,"https://media.birdweather.com/soundscapes/6891/6891-20260508-094722.flac",0,3,"birdnetpi"
7556808903,6891,"2026-05-08T11:47:16.000+02:00",0.98,0.991870403289795,9.88743882994144,"almost_certain","2p4",NA,51.5619,6.0024,FALSE,25,"Common Chaffinch","Fringilla coelebs","#fb7eff","avian","https://media.birdweather.com/species/25/CommonChaffinch-standard-d8edb223d1ec828ee0cda788e8f5f209.jpg","https://media.birdweather.com/species/25/CommonChaffinch-thumbnail-7ba0a46bb0cd7efdb3215242f9528140.jpg","https://media.birdweather.com/species/25/CommonChaffinch-png200-ced617224ab07c316109e2d0e9078f2e.png","WfgJDwKGhIbAbHimmnhluHh2tv25ZoAD",11556029945,"https://media.birdweather.com/soundscapes/6891/6891-20260508-094716.flac",0,3,"birdnetpi"
7556801291,6891,"2026-05-08T11:46:46.000+02:00",0.99,0.991870403289795,9.90743918514842,"almost_certain","2p4",NA,51.5683,6.008,FALSE,25,"Common Chaffinch","Fringilla coelebs","#fb7eff","avian","https://media.birdweather.com/species/25/CommonChaffinch-standard-d8edb223d1ec828ee0cda788e8f5f209.jpg","https://media.birdweather.com/species/25/CommonChaffinch-thumbnail-7ba0a46bb0cd7efdb3215242f9528140.jpg","https://media.birdweather.com/species/25/CommonChaffinch-png200-ced617224ab07c316109e2d0e9078f2e.png","WfgJDwKGhIbAbHimmnhluHh2tv25ZoAD",11556020792,"https://media.birdweather.com/soundscapes/6891/6891-20260508-094646.flac",0,3,"birdnetpi"
7556792201,6891,"2026-05-08T11:46:25.000+02:00",0.98,0.991870403289795,9.88743882994144,"almost_certain","2p4",NA,51.5702,6.0039,FALSE,25,"Common Chaffinch","Fringilla coelebs","#fb7eff","avian","https://media.birdweather.com/species/25/CommonChaffinch-standard-d8edb223d1ec828ee0cda788e8f5f209.jpg","https://media.birdweather.com/species/25/CommonChaffinch-thumbnail-7ba0a46bb0cd7efdb3215242f9528140.jpg","https://media.birdweather.com/species/25/CommonChaffinch-png200-ced617224ab07c316109e2d0e9078f2e.png","WfgJDwKGhIbAbHimmnhluHh2tv25ZoAD",11556009743,"https://media.birdweather.com/soundscapes/6891/6891-20260508-094625.flac",0,3,"birdnetpi"
7556785551,6891,"2026-05-08T11:46:07.000+02:00",0.98,0.991870403289795,9.88743882994144,"almost_certain","2p4",NA,51.5632,6.003,FALSE,25,"Common Chaffinch","Fringilla coelebs","#fb7eff","avian","https://media.birdweather.com/species/25/CommonChaffinch-standard-d8edb223d1ec828ee0cda788e8f5f209.jpg","https://media.birdweather.com/species/25/CommonChaffinch-thumbnail-7ba0a46bb0cd7efdb3215242f9528140.jpg","https://media.birdweather.com/species/25/CommonChaffinch-png200-ced617224ab07c316109e2d0e9078f2e.png","WfgJDwKGhIbAbHimmnhluHh2tv25ZoAD",11556001872,"https://media.birdweather.com/soundscapes/6891/6891-20260508-094607.flac",0,3,"birdnetpi"
7556782720,6891,"2026-05-08T11:45:58.000+02:00",0.74,0.643900752067566,8.70651743206064,"almost_certain","2p4",NA,51.5637,6.0023,FALSE,89,"European Goldfinch","Carduelis carduelis","#65dba3","avian","https://media.birdweather.com/species/89/EuropeanGoldfinch-standard-5e709d6e7011b21fe905b6d27ce94b9d.jpg","https://media.birdweather.com/species/89/EuropeanGoldfinch-thumbnail-f99916cbaf5a2c3bd8f61890d18d73c1.jpg","https://media.birdweather.com/species/89/EuropeanGoldfinch-png200-ef3fc90c8328c40b59d9ad3c4b52e850.png","lPgJDwI+UJmHq2hji4dWiHiH2XQID5UC",11555998656,"https://media.birdweather.com/soundscapes/6891/6891-20260508-094558.flac",0,3,"birdnetpi"
7556776147,6891,"2026-05-08T11:45:41.000+02:00",1,0.991870403289795,9.92715175545779,"almost_certain","2p4",NA,51.5668,6.002,FALSE,25,"Common Chaffinch","Fringilla coelebs","#fb7eff","avian","https://media.birdweather.com/species/25/CommonChaffinch-standard-d8edb223d1ec828ee0cda788e8f5f209.jpg","https://media.birdweather.com/species/25/CommonChaffinch-thumbnail-7ba0a46bb0cd7efdb3215242f9528140.jpg","https://media.birdweather.com/species/25/CommonChaffinch-png200-ced617224ab07c316109e2d0e9078f2e.png","WfgJDwKGhIbAbHimmnhluHh2tv25ZoAD",11555990800,"https://media.birdweather.com/soundscapes/6891/6891-20260508-094541.flac",0,3,"birdnetpi"
7556770093,6891,"2026-05-08T11:45:28.000+02:00",0.92,0.839938700199127,9.53557758445046,"almost_certain","2p4",NA,51.5633,6.003,FALSE,1,"House Sparrow","Passer domesticus","#d16ff8","avian","https://media.birdweather.com/species/1/HouseSparrow-standard-b861184cf45c092cdb45fd689dd676ef.jpg","https://media.birdweather.com/species/1/HouseSparrow-thumbnail-e9cbc91763a1579de8ef04880678b5e3.jpg","https://media.birdweather.com/species/1/HouseSparrow-png200-125e8603e1efe9d7a18316b94f06a65e.png","XAgCDwD8qpukuHiqtLZ9mImnmPFcDO4E",11555983489,"https://media.birdweather.com/soundscapes/6891/6891-20260508-094528.flac",0,3,"birdnetpi"
7556748763,6891,"2026-05-08T11:44:38.000+02:00",0.9,0.991870403289795,9.71596532409445,"almost_certain","2p4",NA,51.567,6.0069,FALSE,25,"Common Chaffinch","Fringilla coelebs","#fb7eff","avian","https://media.birdweather.com/species/25/CommonChaffinch-standard-d8edb223d1ec828ee0cda788e8f5f209.jpg","https://media.birdweather.com/species/25/CommonChaffinch-thumbnail-7ba0a46bb0cd7efdb3215242f9528140.jpg","https://media.birdweather.com/species/25/CommonChaffinch-png200-ced617224ab07c316109e2d0e9078f2e.png","WfgJDwKGhIbAbHimmnhluHh2tv25ZoAD",11555957617,"https://media.birdweather.com/soundscapes/6891/6891-20260508-094438.flac",0,3,"birdnetpi"
7556737488,6891,"2026-05-08T11:44:00.000+02:00",0.99,0.991870403289795,9.90743918514842,"almost_certain","2p4",NA,51.5657,6.0091,FALSE,25,"Common Chaffinch","Fringilla coelebs","#fb7eff","avian","https://media.birdweather.com/species/25/CommonChaffinch-standard-d8edb223d1ec828ee0cda788e8f5f209.jpg","https://media.birdweather.com/species/25/CommonChaffinch-thumbnail-7ba0a46bb0cd7efdb3215242f9528140.jpg","https://media.birdweather.com/species/25/CommonChaffinch-png200-ced617224ab07c316109e2d0e9078f2e.png","WfgJDwKGhIbAbHimmnhluHh2tv25ZoAD",11555943847,"https://media.birdweather.com/soundscapes/6891/6891-20260508-094400.flac",0,3,"birdnetpi"
7556683504,6891,"2026-05-08T11:41:38.000+02:00",0.77,0.839938700199127,9.15610569128147,"almost_certain","2p4",NA,51.5655,6.0026,FALSE,1,"House Sparrow","Passer domesticus","#d16ff8","avian","https://media.birdweather.com/species/1/HouseSparrow-standard-b861184cf45c092cdb45fd689dd676ef.jpg","https://media.birdweather.com/species/1/HouseSparrow-thumbnail-e9cbc91763a1579de8ef04880678b5e3.jpg","https://media.birdweather.com/species/1/HouseSparrow-png200-125e8603e1efe9d7a18316b94f06a65e.png","XAgCDwD8qpukuHiqtLZ9mImnmPFcDO4E",11555877863,"https://media.birdweather.com/soundscapes/6891/6891-20260508-094138.flac",0,3,"birdnetpi"
7556675283,6891,"2026-05-08T11:41:16.000+02:00",0.74,0.839938700199127,9.06574327540671,"almost_certain","2p4",NA,51.5704,6.0056,FALSE,1,"House Sparrow","Passer domesticus","#d16ff8","avian","https://media.birdweather.com/species/1/HouseSparrow-standard-b861184cf45c092cdb45fd689dd676ef.jpg","https://media.birdweather.com/species/1/HouseSparrow-thumbnail-e9cbc91763a1579de8ef04880678b5e3.jpg","https://media.birdweather.com/species/1/HouseSparrow-png200-125e8603e1efe9d7a18316b94f06a65e.png","XAgCDwD8qpukuHiqtLZ9mImnmPFcDO4E",11555867747,"https://media.birdweather.com/soundscapes/6891/6891-20260508-094116.flac",0,3,"birdnetpi"
7556668575,6891,"2026-05-08T11:40:56.000+02:00",0.86,0.839938700199127,9.39613529324584,"almost_certain","2p4",NA,51.5637,6.0008,FALSE,1,"House Sparrow","Passer domesticus","#d16ff8","avian","https://media.birdweather.com/species/1/HouseSparrow-standard-b861184cf45c092cdb45fd689dd676ef.jpg","https://media.birdweather.com/species/1/HouseSparrow-thumbnail-e9cbc91763a1579de8ef04880678b5e3.jpg","https://media.birdweather.com/species/1/HouseSparrow-png200-125e8603e1efe9d7a18316b94f06a65e.png","XAgCDwD8qpukuHiqtLZ9mImnmPFcDO4E",11555859486,"https://media.birdweather.com/soundscapes/6891/6891-20260508-094056.flac",0,3,"birdnetpi"
7556664749,6891,"2026-05-08T11:40:53.000+02:00",1,0.991870403289795,9.92715175545779,"almost_certain","2p4",NA,51.5645,6.0052,FALSE,25,"Common Chaffinch","Fringilla coelebs","#fb7eff","avian","https://media.birdweather.com/species/25/CommonChaffinch-standard-d8edb223d1ec828ee0cda788e8f5f209.jpg","https://media.birdweather.com/species/25/CommonChaffinch-thumbnail-7ba0a46bb0cd7efdb3215242f9528140.jpg","https://media.birdweather.com/species/25/CommonChaffinch-png200-ced617224ab07c316109e2d0e9078f2e.png","WfgJDwKGhIbAbHimmnhluHh2tv25ZoAD",11555854795,"https://media.birdweather.com/soundscapes/6891/6891-20260508-094053.flac",0,3,"birdnetpi"
7556655044,6891,"2026-05-08T11:40:22.000+02:00",1,0.991870403289795,9.92715175545779,"almost_certain","2p4",NA,51.5643,6.0078,FALSE,25,"Common Chaffinch","Fringilla coelebs","#fb7eff","avian","https://media.birdweather.com/species/25/CommonChaffinch-standard-d8edb223d1ec828ee0cda788e8f5f209.jpg","https://media.birdweather.com/species/25/CommonChaffinch-thumbnail-7ba0a46bb0cd7efdb3215242f9528140.jpg","https://media.birdweather.com/species/25/CommonChaffinch-png200-ced617224ab07c316109e2d0e9078f2e.png","WfgJDwKGhIbAbHimmnhluHh2tv25ZoAD",11555842800,"https://media.birdweather.com/soundscapes/6891/6891-20260508-094022.flac",0,3,"birdnetpi"
7556649349,6891,"2026-05-08T11:40:13.000+02:00",0.98,0.991870403289795,9.88743882994144,"almost_certain","2p4",NA,51.5704,6.0014,FALSE,25,"Common Chaffinch","Fringilla coelebs","#fb7eff","avian","https://media.birdweather.com/species/25/CommonChaffinch-standard-d8edb223d1ec828ee0cda788e8f5f209.jpg","https://media.birdweather.com/species/25/CommonChaffinch-thumbnail-7ba0a46bb0cd7efdb3215242f9528140.jpg","https://media.birdweather.com/species/25/CommonChaffinch-png200-ced617224ab07c316109e2d0e9078f2e.png","WfgJDwKGhIbAbHimmnhluHh2tv25ZoAD",11555835562,"https://media.birdweather.com/soundscapes/6891/6891-20260508-094013.flac",0,3,"birdnetpi"
7556643405,6891,"2026-05-08T11:39:56.000+02:00",0.97,0.991870403289795,9.86714216241579,"almost_certain","2p4",NA,51.5686,6.0069,FALSE,25,"Common Chaffinch","Fringilla coelebs","#fb7eff","avian","https://media.birdweather.com/species/25/CommonChaffinch-standard-d8edb223d1ec828ee0cda788e8f5f209.jpg","https://media.birdweather.com/species/25/CommonChaffinch-thumbnail-7ba0a46bb0cd7efdb3215242f9528140.jpg","https://media.birdweather.com/species/25/CommonChaffinch-png200-ced617224ab07c316109e2d0e9078f2e.png","WfgJDwKGhIbAbHimmnhluHh2tv25ZoAD",11555828137,"https://media.birdweather.com/soundscapes/6891/6891-20260508-093956.flac",0,3,"birdnetpi"
7556634275,6891,"2026-05-08T11:39:30.000+02:00",0.99,0.991870403289795,9.90743918514842,"almost_certain","2p4",NA,51.562,6.0054,FALSE,25,"Common Chaffinch","Fringilla coelebs","#fb7eff","avian","https://media.birdweather.com/species/25/CommonChaffinch-standard-d8edb223d1ec828ee0cda788e8f5f209.jpg","https://media.birdweather.com/species/25/CommonChaffinch-thumbnail-7ba0a46bb0cd7efdb3215242f9528140.jpg","https://media.birdweather.com/species/25/CommonChaffinch-png200-ced617224ab07c316109e2d0e9078f2e.png","WfgJDwKGhIbAbHimmnhluHh2tv25ZoAD",11555816573,"https://media.birdweather.com/soundscapes/6891/6891-20260508-093930.flac",0,3,"birdnetpi"
7556624005,6891,"2026-05-08T11:38:59.000+02:00",0.96,0.991870403289795,9.84654027042637,"almost_certain","2p4",NA,51.5646,6.0052,FALSE,25,"Common Chaffinch","Fringilla coelebs","#fb7eff","avian","https://media.birdweather.com/species/25/CommonChaffinch-standard-d8edb223d1ec828ee0cda788e8f5f209.jpg","https://media.birdweather.com/species/25/CommonChaffinch-thumbnail-7ba0a46bb0cd7efdb3215242f9528140.jpg","https://media.birdweather.com/species/25/CommonChaffinch-png200-ced617224ab07c316109e2d0e9078f2e.png","WfgJDwKGhIbAbHimmnhluHh2tv25ZoAD",11555803680,"https://media.birdweather.com/soundscapes/6891/6891-20260508-093859.flac",0,3,"birdnetpi"
7556615006,6891,"2026-05-08T11:38:38.000+02:00",0.98,0.991870403289795,9.88743882994144,"almost_certain","2p4",NA,51.5645,6.0042,FALSE,25,"Common Chaffinch","Fringilla coelebs","#fb7eff","avian","https://media.birdweather.com/species/25/CommonChaffinch-standard-d8edb223d1ec828ee0cda788e8f5f209.jpg","https://media.birdweather.com/species/25/CommonChaffinch-thumbnail-7ba0a46bb0cd7efdb3215242f9528140.jpg","https://media.birdweather.com/species/25/CommonChaffinch-png200-ced617224ab07c316109e2d0e9078f2e.png","WfgJDwKGhIbAbHimmnhluHh2tv25ZoAD",11555792232,"https://media.birdweather.com/soundscapes/6891/6891-20260508-093838.flac",0,3,"birdnetpi"
7556605285,6891,"2026-05-08T11:38:06.000+02:00",0.99,0.991870403289795,9.90743918514842,"almost_certain","2p4",NA,51.5656,6.0019,FALSE,25,"Common Chaffinch","Fringilla coelebs","#fb7eff","avian","https://media.birdweather.com/species/25/CommonChaffinch-standard-d8edb223d1ec828ee0cda788e8f5f209.jpg","https://media.birdweather.com/species/25/CommonChaffinch-thumbnail-7ba0a46bb0cd7efdb3215242f9528140.jpg","https://media.birdweather.com/species/25/CommonChaffinch-png200-ced617224ab07c316109e2d0e9078f2e.png","WfgJDwKGhIbAbHimmnhluHh2tv25ZoAD",11555780200,"https://media.birdweather.com/soundscapes/6891/6891-20260508-093806.flac",0,3,"birdnetpi"
7556596133,6891,"2026-05-08T11:37:40.000+02:00",0.99,0.991870403289795,9.90743918514842,"almost_certain","2p4",NA,51.5648,6.0063,FALSE,25,"Common Chaffinch","Fringilla coelebs","#fb7eff","avian","https://media.birdweather.com/species/25/CommonChaffinch-standard-d8edb223d1ec828ee0cda788e8f5f209.jpg","https://media.birdweather.com/species/25/CommonChaffinch-thumbnail-7ba0a46bb0cd7efdb3215242f9528140.jpg","https://media.birdweather.com/species/25/CommonChaffinch-png200-ced617224ab07c316109e2d0e9078f2e.png","WfgJDwKGhIbAbHimmnhluHh2tv25ZoAD",11555768748,"https://media.birdweather.com/soundscapes/6891/6891-20260508-093740.flac",0,3,"birdnetpi"
7556586341,6891,"2026-05-08T11:37:22.000+02:00",0.97,0.991870403289795,9.86714216241579,"almost_certain","2p4",NA,51.5674,6.0052,FALSE,25,"Common Chaffinch","Fringilla coelebs","#fb7eff","avian","https://media.birdweather.com/species/25/CommonChaffinch-standard-d8edb223d1ec828ee0cda788e8f5f209.jpg","https://media.birdweather.com/species/25/CommonChaffinch-thumbnail-7ba0a46bb0cd7efdb3215242f9528140.jpg","https://media.birdweather.com/species/25/CommonChaffinch-png200-ced617224ab07c316109e2d0e9078f2e.png","WfgJDwKGhIbAbHimmnhluHh2tv25ZoAD",11555756322,"https://media.birdweather.com/soundscapes/6891/6891-20260508-093722.flac",0,3,"birdnetpi"
7556573777,6891,"2026-05-08T11:36:38.000+02:00",0.93,0.991870403289795,9.78280784900657,"almost_certain","2p4",NA,51.5702,6.0009,FALSE,25,"Common Chaffinch","Fringilla coelebs","#fb7eff","avian","https://media.birdweather.com/species/25/CommonChaffinch-standard-d8edb223d1ec828ee0cda788e8f5f209.jpg","https://media.birdweather.com/species/25/CommonChaffinch-thumbnail-7ba0a46bb0cd7efdb3215242f9528140.jpg","https://media.birdweather.com/species/25/CommonChaffinch-png200-ced617224ab07c316109e2d0e9078f2e.png","WfgJDwKGhIbAbHimmnhluHh2tv25ZoAD",11555740175,"https://media.birdweather.com/soundscapes/6891/6891-20260508-093638.flac",0,3,"birdnetpi"
7556564174,6891,"2026-05-08T11:36:11.000+02:00",0.82,0.991870403289795,9.51991716830673,"almost_certain","2p4",NA,51.5689,6.0071,FALSE,25,"Common Chaffinch","Fringilla coelebs","#fb7eff","avian","https://media.birdweather.com/species/25/CommonChaffinch-standard-d8edb223d1ec828ee0cda788e8f5f209.jpg","https://media.birdweather.com/species/25/CommonChaffinch-thumbnail-7ba0a46bb0cd7efdb3215242f9528140.jpg","https://media.birdweather.com/species/25/CommonChaffinch-png200-ced617224ab07c316109e2d0e9078f2e.png","WfgJDwKGhIbAbHimmnhluHh2tv25ZoAD",11555728236,"https://media.birdweather.com/soundscapes/6891/6891-20260508-093611.flac",0,3,"birdnetpi"
7556558816,6891,"2026-05-08T11:35:58.000+02:00",0.98,0.991870403289795,9.88743882994144,"almost_certain","2p4",NA,51.562,6.0083,FALSE,25,"Common Chaffinch","Fringilla coelebs","#fb7eff","avian","https://media.birdweather.com/species/25/CommonChaffinch-standard-d8edb223d1ec828ee0cda788e8f5f209.jpg","https://media.birdweather.com/species/25/CommonChaffinch-thumbnail-7ba0a46bb0cd7efdb3215242f9528140.jpg","https://media.birdweather.com/species/25/CommonChaffinch-png200-ced617224ab07c316109e2d0e9078f2e.png","WfgJDwKGhIbAbHimmnhluHh2tv25ZoAD",11555721534,"https://media.birdweather.com/soundscapes/6891/6891-20260508-093558.flac",0,3,"birdnetpi"
7556430233,6891,"2026-05-08T11:29:50.000+02:00",0.97,0.672991514205933,9.34223830734999,"almost_certain","2p4",NA,51.5689,6.0061,FALSE,44,"Dunnock","Prunella modularis","#fea614","avian","https://media.birdweather.com/species/44/Dunnock-standard-a705d7131240cedd1c407b5a19989591.jpg","https://media.birdweather.com/species/44/Dunnock-thumbnail-1036624855b82c96db4ad23d1ed9d702.jpg","https://media.birdweather.com/species/44/Dunnock-png200-951bb2cdb9ec585716907d8eac83882e.png","lQgGDwB9pneQhHlwWjeK2ZK6d/kdFaUA",11555553179,"https://media.birdweather.com/soundscapes/6891/6891-20260508-092950.flac",0,3,"birdnetpi"
7556421366,6891,"2026-05-08T11:29:30.000+02:00",0.99,0.672991514205933,9.38253533008261,"almost_certain","2p4",NA,51.5681,6.007,FALSE,44,"Dunnock","Prunella modularis","#fea614","avian","https://media.birdweather.com/species/44/Dunnock-standard-a705d7131240cedd1c407b5a19989591.jpg","https://media.birdweather.com/species/44/Dunnock-thumbnail-1036624855b82c96db4ad23d1ed9d702.jpg","https://media.birdweather.com/species/44/Dunnock-png200-951bb2cdb9ec585716907d8eac83882e.png","lQgGDwB9pneQhHlwWjeK2ZK6d/kdFaUA",11555541274,"https://media.birdweather.com/soundscapes/6891/6891-20260508-092930.flac",0,3,"birdnetpi"
7556413150,6891,"2026-05-08T11:29:02.000+02:00",1,0.672991514205933,9.40224790039199,"almost_certain","2p4",NA,51.5684,6.0083,FALSE,44,"Dunnock","Prunella modularis","#fea614","avian","https://media.birdweather.com/species/44/Dunnock-standard-a705d7131240cedd1c407b5a19989591.jpg","https://media.birdweather.com/species/44/Dunnock-thumbnail-1036624855b82c96db4ad23d1ed9d702.jpg","https://media.birdweather.com/species/44/Dunnock-png200-951bb2cdb9ec585716907d8eac83882e.png","lQgGDwB9pneQhHlwWjeK2ZK6d/kdFaUA",11555530223,"https://media.birdweather.com/soundscapes/6891/6891-20260508-092902.flac",0,3,"birdnetpi"
7556370659,6891,"2026-05-08T11:26:56.000+02:00",0.87,0.961844444274902,9.60400690370837,"almost_certain","2p4",NA,51.5657,6.0053,FALSE,51,"Common Chiffchaff","Phylloscopus collybita","#234bb2","avian","https://media.birdweather.com/species/51/CommonChiffchaff-standard-51b65ae67159c1d7e6b40d2e5032b8bc.jpg","https://media.birdweather.com/species/51/CommonChiffchaff-thumbnail-db7cc6cc80c51cac95a6cceb51a0a66f.jpg","https://media.birdweather.com/species/51/CommonChiffchaff-png200-e06677bd5f83c96ea17aab076a5e64dd.png","HSkCDwJplXeiMFilxTzIyVZplYf32ZcA",11555472498,"https://media.birdweather.com/soundscapes/6891/6891-20260508-092656.flac",0,3,"birdnetpi"
7556342487,6891,"2026-05-08T11:25:32.000+02:00",0.99,0.824159979820251,9.65645692647849,"almost_certain","2p4",NA,51.5688,6.0062,FALSE,5,"Eurasian Wren","Troglodytes troglodytes","#871aa2","avian","https://media.birdweather.com/species/5/EurasianWren-standard-9c09f98281df1112cec97e5b2520b7ac.jpg","https://media.birdweather.com/species/5/EurasianWren-thumbnail-7ee2ceda5807a63f70243cd666e8e3c8.jpg","https://media.birdweather.com/species/5/EurasianWren-png200-a33056cab50c84c6025cfd25b6f18c19.png","JwgGDwDcVHlfhXmJhXiXWJiJaEAXA5IC",11555433919,"https://media.birdweather.com/soundscapes/6891/6891-20260508-092532.flac",0,3,"birdnetpi"
7556325597,6891,"2026-05-08T11:24:42.000+02:00",0.99,0.824159979820251,9.65645692647849,"almost_certain","2p4",NA,51.565,6.0019,FALSE,5,"Eurasian Wren","Troglodytes troglodytes","#871aa2","avian","https://media.birdweather.com/species/5/EurasianWren-standard-9c09f98281df1112cec97e5b2520b7ac.jpg","https://media.birdweather.com/species/5/EurasianWren-thumbnail-7ee2ceda5807a63f70243cd666e8e3c8.jpg","https://media.birdweather.com/species/5/EurasianWren-png200-a33056cab50c84c6025cfd25b6f18c19.png","JwgGDwDcVHlfhXmJhXiXWJiJaEAXA5IC",11555411503,"https://media.birdweather.com/soundscapes/6891/6891-20260508-092442.flac",0,3,"birdnetpi"
7556319113,6891,"2026-05-08T11:24:24.000+02:00",0.98,0.672991514205933,9.36253497487563,"almost_certain","2p4",NA,51.5688,6.0024,FALSE,44,"Dunnock","Prunella modularis","#fea614","avian","https://media.birdweather.com/species/44/Dunnock-standard-a705d7131240cedd1c407b5a19989591.jpg","https://media.birdweather.com/species/44/Dunnock-thumbnail-1036624855b82c96db4ad23d1ed9d702.jpg","https://media.birdweather.com/species/44/Dunnock-png200-951bb2cdb9ec585716907d8eac83882e.png","lQgGDwB9pneQhHlwWjeK2ZK6d/kdFaUA",11555402257,"https://media.birdweather.com/soundscapes/6891/6891-20260508-092424.flac",0,3,"birdnetpi"
7556311281,6891,"2026-05-08T11:24:00.000+02:00",0.99,0.824159979820251,9.65645692647849,"almost_certain","2p4",NA,51.5664,6.001,FALSE,5,"Eurasian Wren","Troglodytes troglodytes","#871aa2","avian","https://media.birdweather.com/species/5/EurasianWren-standard-9c09f98281df1112cec97e5b2520b7ac.jpg","https://media.birdweather.com/species/5/EurasianWren-thumbnail-7ee2ceda5807a63f70243cd666e8e3c8.jpg","https://media.birdweather.com/species/5/EurasianWren-png200-a33056cab50c84c6025cfd25b6f18c19.png","JwgGDwDcVHlfhXmJhXiXWJiJaEAXA5IC",11555391702,"https://media.birdweather.com/soundscapes/6891/6891-20260508-092400.flac",0,3,"birdnetpi"
7556298169,6891,"2026-05-08T11:23:19.000+02:00",0.98,0.824159979820251,9.63645657127151,"almost_certain","2p4",NA,51.5671,6.0023,FALSE,5,"Eurasian Wren","Troglodytes troglodytes","#871aa2","avian","https://media.birdweather.com/species/5/EurasianWren-standard-9c09f98281df1112cec97e5b2520b7ac.jpg","https://media.birdweather.com/species/5/EurasianWren-thumbnail-7ee2ceda5807a63f70243cd666e8e3c8.jpg","https://media.birdweather.com/species/5/EurasianWren-png200-a33056cab50c84c6025cfd25b6f18c19.png","JwgGDwDcVHlfhXmJhXiXWJiJaEAXA5IC",11555373801,"https://media.birdweather.com/soundscapes/6891/6891-20260508-092319.flac",0,3,"birdnetpi"
7556289215,6891,"2026-05-08T11:22:54.000+02:00",1,0.824159979820251,9.67616949678787,"almost_certain","2p4",NA,51.5624,6.001,FALSE,5,"Eurasian Wren","Troglodytes troglodytes","#871aa2","avian","https://media.birdweather.com/species/5/EurasianWren-standard-9c09f98281df1112cec97e5b2520b7ac.jpg","https://media.birdweather.com/species/5/EurasianWren-thumbnail-7ee2ceda5807a63f70243cd666e8e3c8.jpg","https://media.birdweather.com/species/5/EurasianWren-png200-a33056cab50c84c6025cfd25b6f18c19.png","JwgGDwDcVHlfhXmJhXiXWJiJaEAXA5IC",11555361437,"https://media.birdweather.com/soundscapes/6891/6891-20260508-092254.flac",0,3,"birdnetpi"
7556283430,6891,"2026-05-08T11:22:36.000+02:00",1,0.236734092235565,8.00735331786873,"almost_certain","2p4",NA,51.5628,6.0049,FALSE,20,"Black Redstart","Phoenicurus ochruros","#c8ce2d","avian","https://media.birdweather.com/species/20/BlackRedstart-standard-4255c9b712ecb46ea7d3df8d556c18e7.jpg","https://media.birdweather.com/species/20/BlackRedstart-thumbnail-2fee59acc1ecc6be7238da194869e940.jpg","https://media.birdweather.com/species/20/BlackRedstart-png200-cbc0625b8b4889aeec1da754ad906efd.png","2QgGFwT8epa+l3ZlZ5hntnh4Z/6oyZ8I",11555353147,"https://media.birdweather.com/soundscapes/6891/6891-20260508-092236.flac",0,3,"birdnetpi"
7556266454,6891,"2026-05-08T11:21:41.000+02:00",1,0.824159979820251,9.67616949678787,"almost_certain","2p4",NA,51.5704,6.0043,FALSE,5,"Eurasian Wren","Troglodytes troglodytes","#871aa2","avian","https://media.birdweather.com/species/5/EurasianWren-standard-9c09f98281df1112cec97e5b2520b7ac.jpg","https://media.birdweather.com/species/5/EurasianWren-thumbnail-7ee2ceda5807a63f70243cd666e8e3c8.jpg","https://media.birdweather.com/species/5/EurasianWren-png200-a33056cab50c84c6025cfd25b6f18c19.png","JwgGDwDcVHlfhXmJhXiXWJiJaEAXA5IC",11555328921,"https://media.birdweather.com/soundscapes/6891/6891-20260508-092141.flac",0,3,"birdnetpi"
7556260375,6891,"2026-05-08T11:21:23.000+02:00",0.99,0.824159979820251,9.65645692647849,"almost_certain","2p4",NA,51.5631,6.0083,FALSE,5,"Eurasian Wren","Troglodytes troglodytes","#871aa2","avian","https://media.birdweather.com/species/5/EurasianWren-standard-9c09f98281df1112cec97e5b2520b7ac.jpg","https://media.birdweather.com/species/5/EurasianWren-thumbnail-7ee2ceda5807a63f70243cd666e8e3c8.jpg","https://media.birdweather.com/species/5/EurasianWren-png200-a33056cab50c84c6025cfd25b6f18c19.png","JwgGDwDcVHlfhXmJhXiXWJiJaEAXA5IC",11555320548,"https://media.birdweather.com/soundscapes/6891/6891-20260508-092123.flac",0,3,"birdnetpi"
7556257745,6891,"2026-05-08T11:21:17.000+02:00",0.96,0.236734092235565,7.92674183283731,"almost_certain","2p4",NA,51.5625,6.005,FALSE,20,"Black Redstart","Phoenicurus ochruros","#c8ce2d","avian","https://media.birdweather.com/species/20/BlackRedstart-standard-4255c9b712ecb46ea7d3df8d556c18e7.jpg","https://media.birdweather.com/species/20/BlackRedstart-thumbnail-2fee59acc1ecc6be7238da194869e940.jpg","https://media.birdweather.com/species/20/BlackRedstart-png200-cbc0625b8b4889aeec1da754ad906efd.png","2QgGFwT8epa+l3ZlZ5hntnh4Z/6oyZ8I",11555316790,"https://media.birdweather.com/soundscapes/6891/6891-20260508-092117.flac",0,3,"birdnetpi"
7556248052,6891,"2026-05-08T11:20:47.000+02:00",1,0.824159979820251,9.67616949678787,"almost_certain","2p4",NA,51.5626,6.0081,FALSE,5,"Eurasian Wren","Troglodytes troglodytes","#871aa2","avian","https://media.birdweather.com/species/5/EurasianWren-standard-9c09f98281df1112cec97e5b2520b7ac.jpg","https://media.birdweather.com/species/5/EurasianWren-thumbnail-7ee2ceda5807a63f70243cd666e8e3c8.jpg","https://media.birdweather.com/species/5/EurasianWren-png200-a33056cab50c84c6025cfd25b6f18c19.png","JwgGDwDcVHlfhXmJhXiXWJiJaEAXA5IC",11555303139,"https://media.birdweather.com/soundscapes/6891/6891-20260508-092047.flac",0,3,"birdnetpi"
7556232791,6891,"2026-05-08T11:20:00.000+02:00",1,0.824159979820251,9.67616949678787,"almost_certain","2p4",NA,51.566,6.0025,FALSE,5,"Eurasian Wren","Troglodytes troglodytes","#871aa2","avian","https://media.birdweather.com/species/5/EurasianWren-standard-9c09f98281df1112cec97e5b2520b7ac.jpg","https://media.birdweather.com/species/5/EurasianWren-thumbnail-7ee2ceda5807a63f70243cd666e8e3c8.jpg","https://media.birdweather.com/species/5/EurasianWren-png200-a33056cab50c84c6025cfd25b6f18c19.png","JwgGDwDcVHlfhXmJhXiXWJiJaEAXA5IC",11555281518,"https://media.birdweather.com/soundscapes/6891/6891-20260508-092000.flac",0,3,"birdnetpi"
7556223526,6891,"2026-05-08T11:19:32.000+02:00",0.93,0.824159979820251,9.53182559033664,"almost_certain","2p4",NA,51.5628,6.0056,FALSE,5,"Eurasian Wren","Troglodytes troglodytes","#871aa2","avian","https://media.birdweather.com/species/5/EurasianWren-standard-9c09f98281df1112cec97e5b2520b7ac.jpg","https://media.birdweather.com/species/5/EurasianWren-thumbnail-7ee2ceda5807a63f70243cd666e8e3c8.jpg","https://media.birdweather.com/species/5/EurasianWren-png200-a33056cab50c84c6025cfd25b6f18c19.png","JwgGDwDcVHlfhXmJhXiXWJiJaEAXA5IC",11555268201,"https://media.birdweather.com/soundscapes/6891/6891-20260508-091932.flac",0,3,"birdnetpi"
7556220639,6891,"2026-05-08T11:19:22.000+02:00",0.98,0.991870403289795,9.88743882994144,"almost_certain","2p4",NA,51.5652,6.001,FALSE,25,"Common Chaffinch","Fringilla coelebs","#fb7eff","avian","https://media.birdweather.com/species/25/CommonChaffinch-standard-d8edb223d1ec828ee0cda788e8f5f209.jpg","https://media.birdweather.com/species/25/CommonChaffinch-thumbnail-7ba0a46bb0cd7efdb3215242f9528140.jpg","https://media.birdweather.com/species/25/CommonChaffinch-png200-ced617224ab07c316109e2d0e9078f2e.png","WfgJDwKGhIbAbHimmnhluHh2tv25ZoAD",11555264071,"https://media.birdweather.com/soundscapes/6891/6891-20260508-091922.flac",0,3,"birdnetpi"
7556211736,6891,"2026-05-08T11:18:57.000+02:00",0.99,0.991870403289795,9.90743918514842,"almost_certain","2p4",NA,51.5664,6.0019,FALSE,25,"Common Chaffinch","Fringilla coelebs","#fb7eff","avian","https://media.birdweather.com/species/25/CommonChaffinch-standard-d8edb223d1ec828ee0cda788e8f5f209.jpg","https://media.birdweather.com/species/25/CommonChaffinch-thumbnail-7ba0a46bb0cd7efdb3215242f9528140.jpg","https://media.birdweather.com/species/25/CommonChaffinch-png200-ced617224ab07c316109e2d0e9078f2e.png","WfgJDwKGhIbAbHimmnhluHh2tv25ZoAD",11555251238,"https://media.birdweather.com/soundscapes/6891/6891-20260508-091857.flac",0,3,"birdnetpi"
7556209900,6891,"2026-05-08T11:18:48.000+02:00",1,0.824159979820251,9.67616949678787,"almost_certain","2p4",NA,51.5621,6.0086,FALSE,5,"Eurasian Wren","Troglodytes troglodytes","#871aa2","avian","https://media.birdweather.com/species/5/EurasianWren-standard-9c09f98281df1112cec97e5b2520b7ac.jpg","https://media.birdweather.com/species/5/EurasianWren-thumbnail-7ee2ceda5807a63f70243cd666e8e3c8.jpg","https://media.birdweather.com/species/5/EurasianWren-png200-a33056cab50c84c6025cfd25b6f18c19.png","JwgGDwDcVHlfhXmJhXiXWJiJaEAXA5IC",11555248492,"https://media.birdweather.com/soundscapes/6891/6891-20260508-091848.flac",0,3,"birdnetpi"
7556206788,6891,"2026-05-08T11:18:45.000+02:00",0.99,0.991870403289795,9.90743918514842,"almost_certain","2p4",NA,51.5625,6.0019,FALSE,25,"Common Chaffinch","Fringilla coelebs","#fb7eff","avian","https://media.birdweather.com/species/25/CommonChaffinch-standard-d8edb223d1ec828ee0cda788e8f5f209.jpg","https://media.birdweather.com/species/25/CommonChaffinch-thumbnail-7ba0a46bb0cd7efdb3215242f9528140.jpg","https://media.birdweather.com/species/25/CommonChaffinch-png200-ced617224ab07c316109e2d0e9078f2e.png","WfgJDwKGhIbAbHimmnhluHh2tv25ZoAD",11555243932,"https://media.birdweather.com/soundscapes/6891/6891-20260508-091845.flac",0,3,"birdnetpi"
7556203977,6891,"2026-05-08T11:18:28.000+02:00",0.8,0.824159979820251,9.2152025326168,"almost_certain","2p4",NA,51.5628,6.0024,FALSE,5,"Eurasian Wren","Troglodytes troglodytes","#871aa2","avian","https://media.birdweather.com/species/5/EurasianWren-standard-9c09f98281df1112cec97e5b2520b7ac.jpg","https://media.birdweather.com/species/5/EurasianWren-thumbnail-7ee2ceda5807a63f70243cd666e8e3c8.jpg","https://media.birdweather.com/species/5/EurasianWren-png200-a33056cab50c84c6025cfd25b6f18c19.png","JwgGDwDcVHlfhXmJhXiXWJiJaEAXA5IC",11555239847,"https://media.birdweather.com/soundscapes/6891/6891-20260508-091828.flac",0,3,"birdnetpi"
7556198866,6891,"2026-05-08T11:18:19.000+02:00",0.98,0.991870403289795,9.88743882994144,"almost_certain","2p4",NA,51.5684,6.0021,FALSE,25,"Common Chaffinch","Fringilla coelebs","#fb7eff","avian","https://media.birdweather.com/species/25/CommonChaffinch-standard-d8edb223d1ec828ee0cda788e8f5f209.jpg","https://media.birdweather.com/species/25/CommonChaffinch-thumbnail-7ba0a46bb0cd7efdb3215242f9528140.jpg","https://media.birdweather.com/species/25/CommonChaffinch-png200-ced617224ab07c316109e2d0e9078f2e.png","WfgJDwKGhIbAbHimmnhluHh2tv25ZoAD",11555232422,"https://media.birdweather.com/soundscapes/6891/6891-20260508-091819.flac",0,3,"birdnetpi"
7556193476,6891,"2026-05-08T11:17:57.000+02:00",0.93,0.991870403289795,9.78280784900657,"almost_certain","2p4",NA,51.5623,6.0072,FALSE,25,"Common Chaffinch","Fringilla coelebs","#fb7eff","avian","https://media.birdweather.com/species/25/CommonChaffinch-standard-d8edb223d1ec828ee0cda788e8f5f209.jpg","https://media.birdweather.com/species/25/CommonChaffinch-thumbnail-7ba0a46bb0cd7efdb3215242f9528140.jpg","https://media.birdweather.com/species/25/CommonChaffinch-png200-ced617224ab07c316109e2d0e9078f2e.png","WfgJDwKGhIbAbHimmnhluHh2tv25ZoAD",11555225015,"https://media.birdweather.com/soundscapes/6891/6891-20260508-091757.flac",0,3,"birdnetpi"
7556192559,6891,"2026-05-08T11:17:54.000+02:00",0.93,0.824159979820251,9.53182559033664,"almost_certain","2p4",NA,51.5622,6.002,FALSE,5,"Eurasian Wren","Troglodytes troglodytes","#871aa2","avian","https://media.birdweather.com/species/5/EurasianWren-standard-9c09f98281df1112cec97e5b2520b7ac.jpg","https://media.birdweather.com/species/5/EurasianWren-thumbnail-7ee2ceda5807a63f70243cd666e8e3c8.jpg","https://media.birdweather.com/species/5/EurasianWren-png200-a33056cab50c84c6025cfd25b6f18c19.png","JwgGDwDcVHlfhXmJhXiXWJiJaEAXA5IC",11555223735,"https://media.birdweather.com/soundscapes/6891/6891-20260508-091754.flac",0,3,"birdnetpi"
7556187035,6891,"2026-05-08T11:17:37.000+02:00",0.98,0.824159979820251,9.63645657127151,"almost_certain","2p4",NA,51.5632,6.0008,FALSE,5,"Eurasian Wren","Troglodytes troglodytes","#871aa2","avian","https://media.birdweather.com/species/5/EurasianWren-standard-9c09f98281df1112cec97e5b2520b7ac.jpg","https://media.birdweather.com/species/5/EurasianWren-thumbnail-7ee2ceda5807a63f70243cd666e8e3c8.jpg","https://media.birdweather.com/species/5/EurasianWren-png200-a33056cab50c84c6025cfd25b6f18c19.png","JwgGDwDcVHlfhXmJhXiXWJiJaEAXA5IC",11555215514,"https://media.birdweather.com/soundscapes/6891/6891-20260508-091737.flac",0,3,"birdnetpi"
7556176418,6891,"2026-05-08T11:17:05.000+02:00",0.95,0.824159979820251,9.57464157493727,"almost_certain","2p4",NA,51.5643,6.0053,FALSE,5,"Eurasian Wren","Troglodytes troglodytes","#871aa2","avian","https://media.birdweather.com/species/5/EurasianWren-standard-9c09f98281df1112cec97e5b2520b7ac.jpg","https://media.birdweather.com/species/5/EurasianWren-thumbnail-7ee2ceda5807a63f70243cd666e8e3c8.jpg","https://media.birdweather.com/species/5/EurasianWren-png200-a33056cab50c84c6025cfd25b6f18c19.png","JwgGDwDcVHlfhXmJhXiXWJiJaEAXA5IC",11555200407,"https://media.birdweather.com/soundscapes/6891/6891-20260508-091705.flac",0,3,"birdnetpi"
7556170289,6891,"2026-05-08T11:16:44.000+02:00",0.91,0.824159979820251,9.48762820909768,"almost_certain","2p4",NA,51.5679,6.007,FALSE,5,"Eurasian Wren","Troglodytes troglodytes","#871aa2","avian","https://media.birdweather.com/species/5/EurasianWren-standard-9c09f98281df1112cec97e5b2520b7ac.jpg","https://media.birdweather.com/species/5/EurasianWren-thumbnail-7ee2ceda5807a63f70243cd666e8e3c8.jpg","https://media.birdweather.com/species/5/EurasianWren-png200-a33056cab50c84c6025cfd25b6f18c19.png","JwgGDwDcVHlfhXmJhXiXWJiJaEAXA5IC",11555191140,"https://media.birdweather.com/soundscapes/6891/6891-20260508-091644.flac",0,3,"birdnetpi"
7556164754,6891,"2026-05-08T11:16:25.000+02:00",0.97,0.824159979820251,9.61615990374587,"almost_certain","2p4",NA,51.5654,6.0063,FALSE,5,"Eurasian Wren","Troglodytes troglodytes","#871aa2","avian","https://media.birdweather.com/species/5/EurasianWren-standard-9c09f98281df1112cec97e5b2520b7ac.jpg","https://media.birdweather.com/species/5/EurasianWren-thumbnail-7ee2ceda5807a63f70243cd666e8e3c8.jpg","https://media.birdweather.com/species/5/EurasianWren-png200-a33056cab50c84c6025cfd25b6f18c19.png","JwgGDwDcVHlfhXmJhXiXWJiJaEAXA5IC",11555182897,"https://media.birdweather.com/soundscapes/6891/6891-20260508-091625.flac",0,3,"birdnetpi"
7556160080,6891,"2026-05-08T11:16:10.000+02:00",0.98,0.236734092235565,7.96764039235237,"almost_certain","2p4",NA,51.5654,6.0011,FALSE,20,"Black Redstart","Phoenicurus ochruros","#c8ce2d","avian","https://media.birdweather.com/species/20/BlackRedstart-standard-4255c9b712ecb46ea7d3df8d556c18e7.jpg","https://media.birdweather.com/species/20/BlackRedstart-thumbnail-2fee59acc1ecc6be7238da194869e940.jpg","https://media.birdweather.com/species/20/BlackRedstart-png200-cbc0625b8b4889aeec1da754ad906efd.png","2QgGFwT8epa+l3ZlZ5hntnh4Z/6oyZ8I",11555176094,"https://media.birdweather.com/soundscapes/6891/6891-20260508-091610.flac",0,3,"birdnetpi"
7556157318,6891,"2026-05-08T11:16:00.000+02:00",0.96,0.824159979820251,9.59555801175645,"almost_certain","2p4",NA,51.5642,6.0069,FALSE,5,"Eurasian Wren","Troglodytes troglodytes","#871aa2","avian","https://media.birdweather.com/species/5/EurasianWren-standard-9c09f98281df1112cec97e5b2520b7ac.jpg","https://media.birdweather.com/species/5/EurasianWren-thumbnail-7ee2ceda5807a63f70243cd666e8e3c8.jpg","https://media.birdweather.com/species/5/EurasianWren-png200-a33056cab50c84c6025cfd25b6f18c19.png","JwgGDwDcVHlfhXmJhXiXWJiJaEAXA5IC",11555172021,"https://media.birdweather.com/soundscapes/6891/6891-20260508-091600.flac",0,3,"birdnetpi"
7556152753,6891,"2026-05-08T11:15:44.000+02:00",0.97,0.824159979820251,9.61615990374587,"almost_certain","2p4",NA,51.5681,6.006,FALSE,5,"Eurasian Wren","Troglodytes troglodytes","#871aa2","avian","https://media.birdweather.com/species/5/EurasianWren-standard-9c09f98281df1112cec97e5b2520b7ac.jpg","https://media.birdweather.com/species/5/EurasianWren-thumbnail-7ee2ceda5807a63f70243cd666e8e3c8.jpg","https://media.birdweather.com/species/5/EurasianWren-png200-a33056cab50c84c6025cfd25b6f18c19.png","JwgGDwDcVHlfhXmJhXiXWJiJaEAXA5IC",11555165097,"https://media.birdweather.com/soundscapes/6891/6891-20260508-091544.flac",0,3,"birdnetpi"
7556144756,6891,"2026-05-08T11:15:20.000+02:00",0.99,0.824159979820251,9.65645692647849,"almost_certain","2p4",NA,51.5678,6.0014,FALSE,5,"Eurasian Wren","Troglodytes troglodytes","#871aa2","avian","https://media.birdweather.com/species/5/EurasianWren-standard-9c09f98281df1112cec97e5b2520b7ac.jpg","https://media.birdweather.com/species/5/EurasianWren-thumbnail-7ee2ceda5807a63f70243cd666e8e3c8.jpg","https://media.birdweather.com/species/5/EurasianWren-png200-a33056cab50c84c6025cfd25b6f18c19.png","JwgGDwDcVHlfhXmJhXiXWJiJaEAXA5IC",11555153202,"https://media.birdweather.com/soundscapes/6891/6891-20260508-091520.flac",0,3,"birdnetpi"
7556135437,6891,"2026-05-08T11:14:50.000+02:00",0.95,0.824159979820251,9.57464157493727,"almost_certain","2p4",NA,51.5653,6.0031,FALSE,5,"Eurasian Wren","Troglodytes troglodytes","#871aa2","avian","https://media.birdweather.com/species/5/EurasianWren-standard-9c09f98281df1112cec97e5b2520b7ac.jpg","https://media.birdweather.com/species/5/EurasianWren-thumbnail-7ee2ceda5807a63f70243cd666e8e3c8.jpg","https://media.birdweather.com/species/5/EurasianWren-png200-a33056cab50c84c6025cfd25b6f18c19.png","JwgGDwDcVHlfhXmJhXiXWJiJaEAXA5IC",11555139470,"https://media.birdweather.com/soundscapes/6891/6891-20260508-091450.flac",0,3,"birdnetpi"
7556128884,6891,"2026-05-08T11:14:28.000+02:00",0.97,0.824159979820251,9.61615990374587,"almost_certain","2p4",NA,51.5666,6.0061,FALSE,5,"Eurasian Wren","Troglodytes troglodytes","#871aa2","avian","https://media.birdweather.com/species/5/EurasianWren-standard-9c09f98281df1112cec97e5b2520b7ac.jpg","https://media.birdweather.com/species/5/EurasianWren-thumbnail-7ee2ceda5807a63f70243cd666e8e3c8.jpg","https://media.birdweather.com/species/5/EurasianWren-png200-a33056cab50c84c6025cfd25b6f18c19.png","JwgGDwDcVHlfhXmJhXiXWJiJaEAXA5IC",11555129811,"https://media.birdweather.com/soundscapes/6891/6891-20260508-091428.flac",0,3,"birdnetpi"
7556123648,6891,"2026-05-08T11:14:12.000+02:00",0.97,0.824159979820251,9.61615990374587,"almost_certain","2p4",NA,51.5641,6.0031,FALSE,5,"Eurasian Wren","Troglodytes troglodytes","#871aa2","avian","https://media.birdweather.com/species/5/EurasianWren-standard-9c09f98281df1112cec97e5b2520b7ac.jpg","https://media.birdweather.com/species/5/EurasianWren-thumbnail-7ee2ceda5807a63f70243cd666e8e3c8.jpg","https://media.birdweather.com/species/5/EurasianWren-png200-a33056cab50c84c6025cfd25b6f18c19.png","JwgGDwDcVHlfhXmJhXiXWJiJaEAXA5IC",11555122060,"https://media.birdweather.com/soundscapes/6891/6891-20260508-091412.flac",0,3,"birdnetpi"
7556117965,6891,"2026-05-08T11:13:52.000+02:00",0.99,0.824159979820251,9.65645692647849,"almost_certain","2p4",NA,51.5616,6.0061,FALSE,5,"Eurasian Wren","Troglodytes troglodytes","#871aa2","avian","https://media.birdweather.com/species/5/EurasianWren-standard-9c09f98281df1112cec97e5b2520b7ac.jpg","https://media.birdweather.com/species/5/EurasianWren-thumbnail-7ee2ceda5807a63f70243cd666e8e3c8.jpg","https://media.birdweather.com/species/5/EurasianWren-png200-a33056cab50c84c6025cfd25b6f18c19.png","JwgGDwDcVHlfhXmJhXiXWJiJaEAXA5IC",11555113826,"https://media.birdweather.com/soundscapes/6891/6891-20260508-091352.flac",0,3,"birdnetpi"
7556100856,6891,"2026-05-08T11:12:58.000+02:00",0.96,0.236734092235565,7.92674183283731,"almost_certain","2p4",NA,51.5626,6.0031,FALSE,20,"Black Redstart","Phoenicurus ochruros","#c8ce2d","avian","https://media.birdweather.com/species/20/BlackRedstart-standard-4255c9b712ecb46ea7d3df8d556c18e7.jpg","https://media.birdweather.com/species/20/BlackRedstart-thumbnail-2fee59acc1ecc6be7238da194869e940.jpg","https://media.birdweather.com/species/20/BlackRedstart-png200-cbc0625b8b4889aeec1da754ad906efd.png","2QgGFwT8epa+l3ZlZ5hntnh4Z/6oyZ8I",11555088252,"https://media.birdweather.com/soundscapes/6891/6891-20260508-091258.flac",0,3,"birdnetpi"
7556087654,6891,"2026-05-08T11:12:11.000+02:00",0.96,0.419734984636307,8.68689660346659,"almost_certain","2p4",NA,51.5693,6.0058,FALSE,119,"Common House-Martin","Delichon urbicum","#53b1ff","avian","https://media.birdweather.com/species/119/CommonHouse-Martin-standard-9ffbcc688c51210fb136a162c84d82ad.jpg","https://media.birdweather.com/species/119/CommonHouse-Martin-thumbnail-dd7059ca6235347c3097e7a66f04df95.jpg","https://media.birdweather.com/species/119/CommonHouse-Martin-png200-a73a8953ce2af50676da81e70b2746b2.png","YhgKDwKJd4iIiHd/h5h5d4mIeQqVllAH",11555067757,"https://media.birdweather.com/soundscapes/6891/6891-20260508-091211.flac",0,3,"birdnetpi"
7556059319,6891,"2026-05-08T11:10:38.000+02:00",0.96,0.824159979820251,9.59555801175645,"almost_certain","2p4",NA,51.5618,6.001,FALSE,5,"Eurasian Wren","Troglodytes troglodytes","#871aa2","avian","https://media.birdweather.com/species/5/EurasianWren-standard-9c09f98281df1112cec97e5b2520b7ac.jpg","https://media.birdweather.com/species/5/EurasianWren-thumbnail-7ee2ceda5807a63f70243cd666e8e3c8.jpg","https://media.birdweather.com/species/5/EurasianWren-png200-a33056cab50c84c6025cfd25b6f18c19.png","JwgGDwDcVHlfhXmJhXiXWJiJaEAXA5IC",11555024707,"https://media.birdweather.com/soundscapes/6891/6891-20260508-091038.flac",0,3,"birdnetpi"
7556031417,6891,"2026-05-08T11:09:06.000+02:00",0.94,0.672991514205933,9.27947924298712,"almost_certain","2p4",NA,51.5676,6.0024,FALSE,44,"Dunnock","Prunella modularis","#fea614","avian","https://media.birdweather.com/species/44/Dunnock-standard-a705d7131240cedd1c407b5a19989591.jpg","https://media.birdweather.com/species/44/Dunnock-thumbnail-1036624855b82c96db4ad23d1ed9d702.jpg","https://media.birdweather.com/species/44/Dunnock-png200-951bb2cdb9ec585716907d8eac83882e.png","lQgGDwB9pneQhHlwWjeK2ZK6d/kdFaUA",11554982142,"https://media.birdweather.com/soundscapes/6891/6891-20260508-090906.flac",0,3,"birdnetpi"
7555994300,6891,"2026-05-08T11:07:01.000+02:00",0.99,0.991870403289795,9.90743918514842,"almost_certain","2p4",NA,51.563,6.0007,FALSE,25,"Common Chaffinch","Fringilla coelebs","#fb7eff","avian","https://media.birdweather.com/species/25/CommonChaffinch-standard-d8edb223d1ec828ee0cda788e8f5f209.jpg","https://media.birdweather.com/species/25/CommonChaffinch-thumbnail-7ba0a46bb0cd7efdb3215242f9528140.jpg","https://media.birdweather.com/species/25/CommonChaffinch-png200-ced617224ab07c316109e2d0e9078f2e.png","WfgJDwKGhIbAbHimmnhluHh2tv25ZoAD",11554925330,"https://media.birdweather.com/soundscapes/6891/6891-20260508-090701.flac",0,3,"birdnetpi"
7555986698,6891,"2026-05-08T11:06:41.000+02:00",1,0.991870403289795,9.92715175545779,"almost_certain","2p4",NA,51.5693,6.0013,FALSE,25,"Common Chaffinch","Fringilla coelebs","#fb7eff","avian","https://media.birdweather.com/species/25/CommonChaffinch-standard-d8edb223d1ec828ee0cda788e8f5f209.jpg","https://media.birdweather.com/species/25/CommonChaffinch-thumbnail-7ba0a46bb0cd7efdb3215242f9528140.jpg","https://media.birdweather.com/species/25/CommonChaffinch-png200-ced617224ab07c316109e2d0e9078f2e.png","WfgJDwKGhIbAbHimmnhluHh2tv25ZoAD",11554913433,"https://media.birdweather.com/soundscapes/6891/6891-20260508-090641.flac",0,3,"birdnetpi"
7555978584,6891,"2026-05-08T11:06:08.000+02:00",0.98,0.991870403289795,9.88743882994144,"almost_certain","2p4",NA,51.5628,6.0078,FALSE,25,"Common Chaffinch","Fringilla coelebs","#fb7eff","avian","https://media.birdweather.com/species/25/CommonChaffinch-standard-d8edb223d1ec828ee0cda788e8f5f209.jpg","https://media.birdweather.com/species/25/CommonChaffinch-thumbnail-7ba0a46bb0cd7efdb3215242f9528140.jpg","https://media.birdweather.com/species/25/CommonChaffinch-png200-ced617224ab07c316109e2d0e9078f2e.png","WfgJDwKGhIbAbHimmnhluHh2tv25ZoAD",11554900605,"https://media.birdweather.com/soundscapes/6891/6891-20260508-090608.flac",0,3,"birdnetpi"
7555970543,6891,"2026-05-08T11:05:45.000+02:00",0.93,0.991870403289795,9.78280784900657,"almost_certain","2p4",NA,51.5651,6.0035,FALSE,25,"Common Chaffinch","Fringilla coelebs","#fb7eff","avian","https://media.birdweather.com/species/25/CommonChaffinch-standard-d8edb223d1ec828ee0cda788e8f5f209.jpg","https://media.birdweather.com/species/25/CommonChaffinch-thumbnail-7ba0a46bb0cd7efdb3215242f9528140.jpg","https://media.birdweather.com/species/25/CommonChaffinch-png200-ced617224ab07c316109e2d0e9078f2e.png","WfgJDwKGhIbAbHimmnhluHh2tv25ZoAD",11554887891,"https://media.birdweather.com/soundscapes/6891/6891-20260508-090545.flac",0,3,"birdnetpi"
7555962893,6891,"2026-05-08T11:05:12.000+02:00",0.97,0.824159979820251,9.61615990374587,"almost_certain","2p4",NA,51.5625,6.0055,FALSE,5,"Eurasian Wren","Troglodytes troglodytes","#871aa2","avian","https://media.birdweather.com/species/5/EurasianWren-standard-9c09f98281df1112cec97e5b2520b7ac.jpg","https://media.birdweather.com/species/5/EurasianWren-thumbnail-7ee2ceda5807a63f70243cd666e8e3c8.jpg","https://media.birdweather.com/species/5/EurasianWren-png200-a33056cab50c84c6025cfd25b6f18c19.png","JwgGDwDcVHlfhXmJhXiXWJiJaEAXA5IC",11554875990,"https://media.birdweather.com/soundscapes/6891/6891-20260508-090512.flac",0,3,"birdnetpi"
7555956061,6891,"2026-05-08T11:04:58.000+02:00",0.98,0.824159979820251,9.63645657127151,"almost_certain","2p4",NA,51.5655,6.005,FALSE,5,"Eurasian Wren","Troglodytes troglodytes","#871aa2","avian","https://media.birdweather.com/species/5/EurasianWren-standard-9c09f98281df1112cec97e5b2520b7ac.jpg","https://media.birdweather.com/species/5/EurasianWren-thumbnail-7ee2ceda5807a63f70243cd666e8e3c8.jpg","https://media.birdweather.com/species/5/EurasianWren-png200-a33056cab50c84c6025cfd25b6f18c19.png","JwgGDwDcVHlfhXmJhXiXWJiJaEAXA5IC",11554864999,"https://media.birdweather.com/soundscapes/6891/6891-20260508-090458.flac",0,3,"birdnetpi"
7555942413,6891,"2026-05-08T11:04:01.000+02:00",0.86,0.824159979820251,9.3704628314874,"almost_certain","2p4",NA,51.5663,6.0084,FALSE,5,"Eurasian Wren","Troglodytes troglodytes","#871aa2","avian","https://media.birdweather.com/species/5/EurasianWren-standard-9c09f98281df1112cec97e5b2520b7ac.jpg","https://media.birdweather.com/species/5/EurasianWren-thumbnail-7ee2ceda5807a63f70243cd666e8e3c8.jpg","https://media.birdweather.com/species/5/EurasianWren-png200-a33056cab50c84c6025cfd25b6f18c19.png","JwgGDwDcVHlfhXmJhXiXWJiJaEAXA5IC",11554842667,"https://media.birdweather.com/soundscapes/6891/6891-20260508-090401.flac",0,3,"birdnetpi"
7555935669,6891,"2026-05-08T11:03:37.000+02:00",0.96,0.824159979820251,9.59555801175645,"almost_certain","2p4",NA,51.5688,6.0005,FALSE,5,"Eurasian Wren","Troglodytes troglodytes","#871aa2","avian","https://media.birdweather.com/species/5/EurasianWren-standard-9c09f98281df1112cec97e5b2520b7ac.jpg","https://media.birdweather.com/species/5/EurasianWren-thumbnail-7ee2ceda5807a63f70243cd666e8e3c8.jpg","https://media.birdweather.com/species/5/EurasianWren-png200-a33056cab50c84c6025cfd25b6f18c19.png","JwgGDwDcVHlfhXmJhXiXWJiJaEAXA5IC",11554831629,"https://media.birdweather.com/soundscapes/6891/6891-20260508-090337.flac",0,3,"birdnetpi"
7555921757,6891,"2026-05-08T11:02:46.000+02:00",0.99,0.991870403289795,9.90743918514842,"almost_certain","2p4",NA,51.562,6.0091,FALSE,25,"Common Chaffinch","Fringilla coelebs","#fb7eff","avian","https://media.birdweather.com/species/25/CommonChaffinch-standard-d8edb223d1ec828ee0cda788e8f5f209.jpg","https://media.birdweather.com/species/25/CommonChaffinch-thumbnail-7ba0a46bb0cd7efdb3215242f9528140.jpg","https://media.birdweather.com/species/25/CommonChaffinch-png200-ced617224ab07c316109e2d0e9078f2e.png","WfgJDwKGhIbAbHimmnhluHh2tv25ZoAD",11554808599,"https://media.birdweather.com/soundscapes/6891/6891-20260508-090246.flac",0,3,"birdnetpi"
7555892592,6891,"2026-05-08T11:01:05.000+02:00",0.98,0.824159979820251,9.63645657127151,"almost_certain","2p4",NA,51.5621,6.0014,FALSE,5,"Eurasian Wren","Troglodytes troglodytes","#871aa2","avian","https://media.birdweather.com/species/5/EurasianWren-standard-9c09f98281df1112cec97e5b2520b7ac.jpg","https://media.birdweather.com/species/5/EurasianWren-thumbnail-7ee2ceda5807a63f70243cd666e8e3c8.jpg","https://media.birdweather.com/species/5/EurasianWren-png200-a33056cab50c84c6025cfd25b6f18c19.png","JwgGDwDcVHlfhXmJhXiXWJiJaEAXA5IC",11554761320,"https://media.birdweather.com/soundscapes/6891/6891-20260508-090105.flac",0,3,"birdnetpi"
7555809052,6891,"2026-05-08T10:55:57.000+02:00",0.99,0.991870403289795,9.90743918514842,"almost_certain","2p4",NA,51.5681,6.0046,FALSE,25,"Common Chaffinch","Fringilla coelebs","#fb7eff","avian","https://media.birdweather.com/species/25/CommonChaffinch-standard-d8edb223d1ec828ee0cda788e8f5f209.jpg","https://media.birdweather.com/species/25/CommonChaffinch-thumbnail-7ba0a46bb0cd7efdb3215242f9528140.jpg","https://media.birdweather.com/species/25/CommonChaffinch-png200-ced617224ab07c316109e2d0e9078f2e.png","WfgJDwKGhIbAbHimmnhluHh2tv25ZoAD",11554620396,"https://media.birdweather.com/soundscapes/6891/6891-20260508-085557.flac",0,3,"birdnetpi"
7555802836,6891,"2026-05-08T10:55:34.000+02:00",0.98,0.991870403289795,9.88743882994144,"almost_certain","2p4",NA,51.5681,6.0045,FALSE,25,"Common Chaffinch","Fringilla coelebs","#fb7eff","avian","https://media.birdweather.com/species/25/CommonChaffinch-standard-d8edb223d1ec828ee0cda788e8f5f209.jpg","https://media.birdweather.com/species/25/CommonChaffinch-thumbnail-7ba0a46bb0cd7efdb3215242f9528140.jpg","https://media.birdweather.com/species/25/CommonChaffinch-png200-ced617224ab07c316109e2d0e9078f2e.png","WfgJDwKGhIbAbHimmnhluHh2tv25ZoAD",11554609391,"https://media.birdweather.com/soundscapes/6891/6891-20260508-085534.flac",0,3,"birdnetpi"
7555803555,6891,"2026-05-08T10:55:30.000+02:00",0.97,0.824159979820251,9.61615990374587,"almost_certain","2p4",NA,51.5662,6.0017,FALSE,5,"Eurasian Wren","Troglodytes troglodytes","#871aa2","avian","https://media.birdweather.com/species/5/EurasianWren-standard-9c09f98281df1112cec97e5b2520b7ac.jpg","https://media.birdweather.com/species/5/EurasianWren-thumbnail-7ee2ceda5807a63f70243cd666e8e3c8.jpg","https://media.birdweather.com/species/5/EurasianWren-png200-a33056cab50c84c6025cfd25b6f18c19.png","JwgGDwDcVHlfhXmJhXiXWJiJaEAXA5IC",11554610757,"https://media.birdweather.com/soundscapes/6891/6891-20260508-085530.flac",0,3,"birdnetpi"
7555797432,6891,"2026-05-08T10:55:09.000+02:00",0.98,0.824159979820251,9.63645657127151,"almost_certain","2p4",NA,51.5649,6.0057,FALSE,5,"Eurasian Wren","Troglodytes troglodytes","#871aa2","avian","https://media.birdweather.com/species/5/EurasianWren-standard-9c09f98281df1112cec97e5b2520b7ac.jpg","https://media.birdweather.com/species/5/EurasianWren-thumbnail-7ee2ceda5807a63f70243cd666e8e3c8.jpg","https://media.birdweather.com/species/5/EurasianWren-png200-a33056cab50c84c6025cfd25b6f18c19.png","JwgGDwDcVHlfhXmJhXiXWJiJaEAXA5IC",11554600239,"https://media.birdweather.com/soundscapes/6891/6891-20260508-085509.flac",0,3,"birdnetpi"
7555795003,6891,"2026-05-08T10:55:00.000+02:00",1,0.991870403289795,9.92715175545779,"almost_certain","2p4",NA,51.5631,6.0034,FALSE,25,"Common Chaffinch","Fringilla coelebs","#fb7eff","avian","https://media.birdweather.com/species/25/CommonChaffinch-standard-d8edb223d1ec828ee0cda788e8f5f209.jpg","https://media.birdweather.com/species/25/CommonChaffinch-thumbnail-7ba0a46bb0cd7efdb3215242f9528140.jpg","https://media.birdweather.com/species/25/CommonChaffinch-png200-ced617224ab07c316109e2d0e9078f2e.png","WfgJDwKGhIbAbHimmnhluHh2tv25ZoAD",11554596128,"https://media.birdweather.com/soundscapes/6891/6891-20260508-085500.flac",0,3,"birdnetpi"
7555787998,6891,"2026-05-08T10:54:33.000+02:00",0.95,0.824159979820251,9.57464157493727,"almost_certain","2p4",NA,51.5675,6.004,FALSE,5,"Eurasian Wren","Troglodytes troglodytes","#871aa2","avian","https://media.birdweather.com/species/5/EurasianWren-standard-9c09f98281df1112cec97e5b2520b7ac.jpg","https://media.birdweather.com/species/5/EurasianWren-thumbnail-7ee2ceda5807a63f70243cd666e8e3c8.jpg","https://media.birdweather.com/species/5/EurasianWren-png200-a33056cab50c84c6025cfd25b6f18c19.png","JwgGDwDcVHlfhXmJhXiXWJiJaEAXA5IC",11554584217,"https://media.birdweather.com/soundscapes/6891/6891-20260508-085433.flac",0,3,"birdnetpi"
7555786623,6891,"2026-05-08T10:54:30.000+02:00",0.99,0.991870403289795,9.90743918514842,"almost_certain","2p4",NA,51.5627,6.005,FALSE,25,"Common Chaffinch","Fringilla coelebs","#fb7eff","avian","https://media.birdweather.com/species/25/CommonChaffinch-standard-d8edb223d1ec828ee0cda788e8f5f209.jpg","https://media.birdweather.com/species/25/CommonChaffinch-thumbnail-7ba0a46bb0cd7efdb3215242f9528140.jpg","https://media.birdweather.com/species/25/CommonChaffinch-png200-ced617224ab07c316109e2d0e9078f2e.png","WfgJDwKGhIbAbHimmnhluHh2tv25ZoAD",11554581936,"https://media.birdweather.com/soundscapes/6891/6891-20260508-085430.flac",0,3,"birdnetpi"
7555779808,6891,"2026-05-08T10:54:04.000+02:00",1,0.991870403289795,9.92715175545779,"almost_certain","2p4",NA,51.5661,6.0046,FALSE,25,"Common Chaffinch","Fringilla coelebs","#fb7eff","avian","https://media.birdweather.com/species/25/CommonChaffinch-standard-d8edb223d1ec828ee0cda788e8f5f209.jpg","https://media.birdweather.com/species/25/CommonChaffinch-thumbnail-7ba0a46bb0cd7efdb3215242f9528140.jpg","https://media.birdweather.com/species/25/CommonChaffinch-png200-ced617224ab07c316109e2d0e9078f2e.png","WfgJDwKGhIbAbHimmnhluHh2tv25ZoAD",11554570108,"https://media.birdweather.com/soundscapes/6891/6891-20260508-085404.flac",0,3,"birdnetpi"
7555773449,6891,"2026-05-08T10:53:46.000+02:00",1,0.991870403289795,9.92715175545779,"almost_certain","2p4",NA,51.5702,6.0059,FALSE,25,"Common Chaffinch","Fringilla coelebs","#fb7eff","avian","https://media.birdweather.com/species/25/CommonChaffinch-standard-d8edb223d1ec828ee0cda788e8f5f209.jpg","https://media.birdweather.com/species/25/CommonChaffinch-thumbnail-7ba0a46bb0cd7efdb3215242f9528140.jpg","https://media.birdweather.com/species/25/CommonChaffinch-png200-ced617224ab07c316109e2d0e9078f2e.png","WfgJDwKGhIbAbHimmnhluHh2tv25ZoAD",11554559144,"https://media.birdweather.com/soundscapes/6891/6891-20260508-085346.flac",0,3,"birdnetpi"
7555772250,6891,"2026-05-08T10:53:34.000+02:00",0.98,0.824159979820251,9.63645657127151,"almost_certain","2p4",NA,51.5701,6.0083,FALSE,5,"Eurasian Wren","Troglodytes troglodytes","#871aa2","avian","https://media.birdweather.com/species/5/EurasianWren-standard-9c09f98281df1112cec97e5b2520b7ac.jpg","https://media.birdweather.com/species/5/EurasianWren-thumbnail-7ee2ceda5807a63f70243cd666e8e3c8.jpg","https://media.birdweather.com/species/5/EurasianWren-png200-a33056cab50c84c6025cfd25b6f18c19.png","JwgGDwDcVHlfhXmJhXiXWJiJaEAXA5IC",11554557024,"https://media.birdweather.com/soundscapes/6891/6891-20260508-085334.flac",0,3,"birdnetpi"
7555769635,6891,"2026-05-08T10:53:25.000+02:00",0.99,0.991870403289795,9.90743918514842,"almost_certain","2p4",NA,51.5649,6.0085,FALSE,25,"Common Chaffinch","Fringilla coelebs","#fb7eff","avian","https://media.birdweather.com/species/25/CommonChaffinch-standard-d8edb223d1ec828ee0cda788e8f5f209.jpg","https://media.birdweather.com/species/25/CommonChaffinch-thumbnail-7ba0a46bb0cd7efdb3215242f9528140.jpg","https://media.birdweather.com/species/25/CommonChaffinch-png200-ced617224ab07c316109e2d0e9078f2e.png","WfgJDwKGhIbAbHimmnhluHh2tv25ZoAD",11554552381,"https://media.birdweather.com/soundscapes/6891/6891-20260508-085325.flac",0,3,"birdnetpi"
7555764952,6891,"2026-05-08T10:53:05.000+02:00",0.95,0.824159979820251,9.57464157493727,"almost_certain","2p4",NA,51.5641,6.0092,FALSE,5,"Eurasian Wren","Troglodytes troglodytes","#871aa2","avian","https://media.birdweather.com/species/5/EurasianWren-standard-9c09f98281df1112cec97e5b2520b7ac.jpg","https://media.birdweather.com/species/5/EurasianWren-thumbnail-7ee2ceda5807a63f70243cd666e8e3c8.jpg","https://media.birdweather.com/species/5/EurasianWren-png200-a33056cab50c84c6025cfd25b6f18c19.png","JwgGDwDcVHlfhXmJhXiXWJiJaEAXA5IC",11554544127,"https://media.birdweather.com/soundscapes/6891/6891-20260508-085305.flac",0,3,"birdnetpi"
7555763116,6891,"2026-05-08T10:52:59.000+02:00",0.96,0.991870403289795,9.84654027042637,"almost_certain","2p4",NA,51.5695,6.0045,FALSE,25,"Common Chaffinch","Fringilla coelebs","#fb7eff","avian","https://media.birdweather.com/species/25/CommonChaffinch-standard-d8edb223d1ec828ee0cda788e8f5f209.jpg","https://media.birdweather.com/species/25/CommonChaffinch-thumbnail-7ba0a46bb0cd7efdb3215242f9528140.jpg","https://media.birdweather.com/species/25/CommonChaffinch-png200-ced617224ab07c316109e2d0e9078f2e.png","WfgJDwKGhIbAbHimmnhluHh2tv25ZoAD",11554540931,"https://media.birdweather.com/soundscapes/6891/6891-20260508-085259.flac",0,3,"birdnetpi"
7555760604,6891,"2026-05-08T10:52:49.000+02:00",0.82,0.824159979820251,9.2689349096368,"almost_certain","2p4",NA,51.5657,6.0014,FALSE,5,"Eurasian Wren","Troglodytes troglodytes","#871aa2","avian","https://media.birdweather.com/species/5/EurasianWren-standard-9c09f98281df1112cec97e5b2520b7ac.jpg","https://media.birdweather.com/species/5/EurasianWren-thumbnail-7ee2ceda5807a63f70243cd666e8e3c8.jpg","https://media.birdweather.com/species/5/EurasianWren-png200-a33056cab50c84c6025cfd25b6f18c19.png","JwgGDwDcVHlfhXmJhXiXWJiJaEAXA5IC",11554536742,"https://media.birdweather.com/soundscapes/6891/6891-20260508-085249.flac",0,3,"birdnetpi"
7555756666,6891,"2026-05-08T10:52:35.000+02:00",0.99,0.991870403289795,9.90743918514842,"almost_certain","2p4",NA,51.5692,6.007,FALSE,25,"Common Chaffinch","Fringilla coelebs","#fb7eff","avian","https://media.birdweather.com/species/25/CommonChaffinch-standard-d8edb223d1ec828ee0cda788e8f5f209.jpg","https://media.birdweather.com/species/25/CommonChaffinch-thumbnail-7ba0a46bb0cd7efdb3215242f9528140.jpg","https://media.birdweather.com/species/25/CommonChaffinch-png200-ced617224ab07c316109e2d0e9078f2e.png","WfgJDwKGhIbAbHimmnhluHh2tv25ZoAD",11554529982,"https://media.birdweather.com/soundscapes/6891/6891-20260508-085235.flac",0,3,"birdnetpi"
7555753633,6891,"2026-05-08T10:52:26.000+02:00",1,0.824159979820251,9.67616949678787,"almost_certain","2p4",NA,51.5624,6.0071,FALSE,5,"Eurasian Wren","Troglodytes troglodytes","#871aa2","avian","https://media.birdweather.com/species/5/EurasianWren-standard-9c09f98281df1112cec97e5b2520b7ac.jpg","https://media.birdweather.com/species/5/EurasianWren-thumbnail-7ee2ceda5807a63f70243cd666e8e3c8.jpg","https://media.birdweather.com/species/5/EurasianWren-png200-a33056cab50c84c6025cfd25b6f18c19.png","JwgGDwDcVHlfhXmJhXiXWJiJaEAXA5IC",11554524430,"https://media.birdweather.com/soundscapes/6891/6891-20260508-085226.flac",0,3,"birdnetpi"
7555745844,6891,"2026-05-08T10:51:50.000+02:00",0.97,0.991870403289795,9.86714216241579,"almost_certain","2p4",NA,51.5702,6.0075,FALSE,25,"Common Chaffinch","Fringilla coelebs","#fb7eff","avian","https://media.birdweather.com/species/25/CommonChaffinch-standard-d8edb223d1ec828ee0cda788e8f5f209.jpg","https://media.birdweather.com/species/25/CommonChaffinch-thumbnail-7ba0a46bb0cd7efdb3215242f9528140.jpg","https://media.birdweather.com/species/25/CommonChaffinch-png200-ced617224ab07c316109e2d0e9078f2e.png","WfgJDwKGhIbAbHimmnhluHh2tv25ZoAD",11554510432,"https://media.birdweather.com/soundscapes/6891/6891-20260508-085150.flac",0,3,"birdnetpi"
7555742178,6891,"2026-05-08T10:51:35.000+02:00",0.98,0.991870403289795,9.88743882994144,"almost_certain","2p4",NA,51.5619,6.0067,FALSE,25,"Common Chaffinch","Fringilla coelebs","#fb7eff","avian","https://media.birdweather.com/species/25/CommonChaffinch-standard-d8edb223d1ec828ee0cda788e8f5f209.jpg","https://media.birdweather.com/species/25/CommonChaffinch-thumbnail-7ba0a46bb0cd7efdb3215242f9528140.jpg","https://media.birdweather.com/species/25/CommonChaffinch-png200-ced617224ab07c316109e2d0e9078f2e.png","WfgJDwKGhIbAbHimmnhluHh2tv25ZoAD",11554503689,"https://media.birdweather.com/soundscapes/6891/6891-20260508-085135.flac",0,3,"birdnetpi"
7555737689,6891,"2026-05-08T10:51:20.000+02:00",1,0.991870403289795,9.92715175545779,"almost_certain","2p4",NA,51.5679,6.0036,FALSE,25,"Common Chaffinch","Fringilla coelebs","#fb7eff","avian","https://media.birdweather.com/species/25/CommonChaffinch-standard-d8edb223d1ec828ee0cda788e8f5f209.jpg","https://media.birdweather.com/species/25/CommonChaffinch-thumbnail-7ba0a46bb0cd7efdb3215242f9528140.jpg","https://media.birdweather.com/species/25/CommonChaffinch-png200-ced617224ab07c316109e2d0e9078f2e.png","WfgJDwKGhIbAbHimmnhluHh2tv25ZoAD",11554495833,"https://media.birdweather.com/soundscapes/6891/6891-20260508-085120.flac",0,3,"birdnetpi"
7555732179,6891,"2026-05-08T10:51:03.000+02:00",0.97,0.824159979820251,9.61615990374587,"almost_certain","2p4",NA,51.5667,6.0092,FALSE,5,"Eurasian Wren","Troglodytes troglodytes","#871aa2","avian","https://media.birdweather.com/species/5/EurasianWren-standard-9c09f98281df1112cec97e5b2520b7ac.jpg","https://media.birdweather.com/species/5/EurasianWren-thumbnail-7ee2ceda5807a63f70243cd666e8e3c8.jpg","https://media.birdweather.com/species/5/EurasianWren-png200-a33056cab50c84c6025cfd25b6f18c19.png","JwgGDwDcVHlfhXmJhXiXWJiJaEAXA5IC",11554486235,"https://media.birdweather.com/soundscapes/6891/6891-20260508-085103.flac",0,3,"birdnetpi"
7555730649,6891,"2026-05-08T10:50:51.000+02:00",1,0.991870403289795,9.92715175545779,"almost_certain","2p4",NA,51.5651,6.0068,FALSE,25,"Common Chaffinch","Fringilla coelebs","#fb7eff","avian","https://media.birdweather.com/species/25/CommonChaffinch-standard-d8edb223d1ec828ee0cda788e8f5f209.jpg","https://media.birdweather.com/species/25/CommonChaffinch-thumbnail-7ba0a46bb0cd7efdb3215242f9528140.jpg","https://media.birdweather.com/species/25/CommonChaffinch-png200-ced617224ab07c316109e2d0e9078f2e.png","WfgJDwKGhIbAbHimmnhluHh2tv25ZoAD",11554483538,"https://media.birdweather.com/soundscapes/6891/6891-20260508-085051.flac",0,3,"birdnetpi"
7555724051,6891,"2026-05-08T10:50:25.000+02:00",0.99,0.824159979820251,9.65645692647849,"almost_certain","2p4",NA,51.5617,6.0071,FALSE,5,"Eurasian Wren","Troglodytes troglodytes","#871aa2","avian","https://media.birdweather.com/species/5/EurasianWren-standard-9c09f98281df1112cec97e5b2520b7ac.jpg","https://media.birdweather.com/species/5/EurasianWren-thumbnail-7ee2ceda5807a63f70243cd666e8e3c8.jpg","https://media.birdweather.com/species/5/EurasianWren-png200-a33056cab50c84c6025cfd25b6f18c19.png","JwgGDwDcVHlfhXmJhXiXWJiJaEAXA5IC",11554471709,"https://media.birdweather.com/soundscapes/6891/6891-20260508-085025.flac",0,3,"birdnetpi"
7555719803,6891,"2026-05-08T10:50:09.000+02:00",0.99,0.991870403289795,9.90743918514842,"almost_certain","2p4",NA,51.5647,6.0064,FALSE,25,"Common Chaffinch","Fringilla coelebs","#fb7eff","avian","https://media.birdweather.com/species/25/CommonChaffinch-standard-d8edb223d1ec828ee0cda788e8f5f209.jpg","https://media.birdweather.com/species/25/CommonChaffinch-thumbnail-7ba0a46bb0cd7efdb3215242f9528140.jpg","https://media.birdweather.com/species/25/CommonChaffinch-png200-ced617224ab07c316109e2d0e9078f2e.png","WfgJDwKGhIbAbHimmnhluHh2tv25ZoAD",11554463938,"https://media.birdweather.com/soundscapes/6891/6891-20260508-085009.flac",0,3,"birdnetpi"
7555711874,6891,"2026-05-08T10:49:40.000+02:00",0.99,0.991870403289795,9.90743918514842,"almost_certain","2p4",NA,51.5658,6.0043,FALSE,25,"Common Chaffinch","Fringilla coelebs","#fb7eff","avian","https://media.birdweather.com/species/25/CommonChaffinch-standard-d8edb223d1ec828ee0cda788e8f5f209.jpg","https://media.birdweather.com/species/25/CommonChaffinch-thumbnail-7ba0a46bb0cd7efdb3215242f9528140.jpg","https://media.birdweather.com/species/25/CommonChaffinch-png200-ced617224ab07c316109e2d0e9078f2e.png","WfgJDwKGhIbAbHimmnhluHh2tv25ZoAD",11554450261,"https://media.birdweather.com/soundscapes/6891/6891-20260508-084940.flac",0,3,"birdnetpi"
7555705593,6891,"2026-05-08T10:49:13.000+02:00",1,0.991870403289795,9.92715175545779,"almost_certain","2p4",NA,51.5626,6.0046,FALSE,25,"Common Chaffinch","Fringilla coelebs","#fb7eff","avian","https://media.birdweather.com/species/25/CommonChaffinch-standard-d8edb223d1ec828ee0cda788e8f5f209.jpg","https://media.birdweather.com/species/25/CommonChaffinch-thumbnail-7ba0a46bb0cd7efdb3215242f9528140.jpg","https://media.birdweather.com/species/25/CommonChaffinch-png200-ced617224ab07c316109e2d0e9078f2e.png","WfgJDwKGhIbAbHimmnhluHh2tv25ZoAD",11554438852,"https://media.birdweather.com/soundscapes/6891/6891-20260508-084913.flac",0,3,"birdnetpi"
7555699912,6891,"2026-05-08T10:48:52.000+02:00",1,0.991870403289795,9.92715175545779,"almost_certain","2p4",NA,51.5693,6.0041,FALSE,25,"Common Chaffinch","Fringilla coelebs","#fb7eff","avian","https://media.birdweather.com/species/25/CommonChaffinch-standard-d8edb223d1ec828ee0cda788e8f5f209.jpg","https://media.birdweather.com/species/25/CommonChaffinch-thumbnail-7ba0a46bb0cd7efdb3215242f9528140.jpg","https://media.birdweather.com/species/25/CommonChaffinch-png200-ced617224ab07c316109e2d0e9078f2e.png","WfgJDwKGhIbAbHimmnhluHh2tv25ZoAD",11554428418,"https://media.birdweather.com/soundscapes/6891/6891-20260508-084852.flac",0,3,"birdnetpi"
7555698942,6891,"2026-05-08T10:48:47.000+02:00",0.89,0.419734984636307,8.53329590504123,"almost_certain","2p4",NA,51.5626,6.0045,FALSE,119,"Common House-Martin","Delichon urbicum","#53b1ff","avian","https://media.birdweather.com/species/119/CommonHouse-Martin-standard-9ffbcc688c51210fb136a162c84d82ad.jpg","https://media.birdweather.com/species/119/CommonHouse-Martin-thumbnail-dd7059ca6235347c3097e7a66f04df95.jpg","https://media.birdweather.com/species/119/CommonHouse-Martin-png200-a73a8953ce2af50676da81e70b2746b2.png","YhgKDwKJd4iIiHd/h5h5d4mIeQqVllAH",11554426703,"https://media.birdweather.com/soundscapes/6891/6891-20260508-084847.flac",0,3,"birdnetpi"
7555695959,6891,"2026-05-08T10:48:34.000+02:00",1,0.991870403289795,9.92715175545779,"almost_certain","2p4",NA,51.5681,6.0068,FALSE,25,"Common Chaffinch","Fringilla coelebs","#fb7eff","avian","https://media.birdweather.com/species/25/CommonChaffinch-standard-d8edb223d1ec828ee0cda788e8f5f209.jpg","https://media.birdweather.com/species/25/CommonChaffinch-thumbnail-7ba0a46bb0cd7efdb3215242f9528140.jpg","https://media.birdweather.com/species/25/CommonChaffinch-png200-ced617224ab07c316109e2d0e9078f2e.png","WfgJDwKGhIbAbHimmnhluHh2tv25ZoAD",11554421195,"https://media.birdweather.com/soundscapes/6891/6891-20260508-084834.flac",0,3,"birdnetpi"
7555694621,6891,"2026-05-08T10:48:31.000+02:00",0.93,0.824159979820251,9.53182559033664,"almost_certain","2p4",NA,51.57,6.0088,FALSE,5,"Eurasian Wren","Troglodytes troglodytes","#871aa2","avian","https://media.birdweather.com/species/5/EurasianWren-standard-9c09f98281df1112cec97e5b2520b7ac.jpg","https://media.birdweather.com/species/5/EurasianWren-thumbnail-7ee2ceda5807a63f70243cd666e8e3c8.jpg","https://media.birdweather.com/species/5/EurasianWren-png200-a33056cab50c84c6025cfd25b6f18c19.png","JwgGDwDcVHlfhXmJhXiXWJiJaEAXA5IC",11554418821,"https://media.birdweather.com/soundscapes/6891/6891-20260508-084831.flac",0,3,"birdnetpi"
7555689786,6891,"2026-05-08T10:48:16.000+02:00",1,0.991870403289795,9.92715175545779,"almost_certain","2p4",NA,51.5689,6.0027,FALSE,25,"Common Chaffinch","Fringilla coelebs","#fb7eff","avian","https://media.birdweather.com/species/25/CommonChaffinch-standard-d8edb223d1ec828ee0cda788e8f5f209.jpg","https://media.birdweather.com/species/25/CommonChaffinch-thumbnail-7ba0a46bb0cd7efdb3215242f9528140.jpg","https://media.birdweather.com/species/25/CommonChaffinch-png200-ced617224ab07c316109e2d0e9078f2e.png","WfgJDwKGhIbAbHimmnhluHh2tv25ZoAD",11554409752,"https://media.birdweather.com/soundscapes/6891/6891-20260508-084816.flac",0,3,"birdnetpi"
7555687537,6891,"2026-05-08T10:48:04.000+02:00",0.82,0.824159979820251,9.2689349096368,"almost_certain","2p4",NA,51.5634,6.003,FALSE,5,"Eurasian Wren","Troglodytes troglodytes","#871aa2","avian","https://media.birdweather.com/species/5/EurasianWren-standard-9c09f98281df1112cec97e5b2520b7ac.jpg","https://media.birdweather.com/species/5/EurasianWren-thumbnail-7ee2ceda5807a63f70243cd666e8e3c8.jpg","https://media.birdweather.com/species/5/EurasianWren-png200-a33056cab50c84c6025cfd25b6f18c19.png","JwgGDwDcVHlfhXmJhXiXWJiJaEAXA5IC",11554405703,"https://media.birdweather.com/soundscapes/6891/6891-20260508-084804.flac",0,3,"birdnetpi"
7555687791,6891,"2026-05-08T10:48:02.000+02:00",0.74,0.622888922691345,8.66177233398802,"almost_certain","2p4",NA,51.5642,6.0075,FALSE,76,"Eurasian Jackdaw","Corvus monedula","#f36f1b","avian","https://media.birdweather.com/species/76/EurasianJackdaw-standard-55cbd4006f743c538a3264a1fb86d41c.jpg","https://media.birdweather.com/species/76/EurasianJackdaw-thumbnail-80ecf23afe76ea22483b4f8043e19339.jpg","https://media.birdweather.com/species/76/EurasianJackdaw-png200-862dbf9b3725619bb5532ba255c32118.png","4AgKDwL2i2d1homOY0modph5OL/1qHAJ",11554406087,"https://media.birdweather.com/soundscapes/6891/6891-20260508-084802.flac",0,3,"birdnetpi"
7555684685,6891,"2026-05-08T10:47:48.000+02:00",0.94,0.991870403289795,9.80438309805292,"almost_certain","2p4",NA,51.5653,6.0032,FALSE,25,"Common Chaffinch","Fringilla coelebs","#fb7eff","avian","https://media.birdweather.com/species/25/CommonChaffinch-standard-d8edb223d1ec828ee0cda788e8f5f209.jpg","https://media.birdweather.com/species/25/CommonChaffinch-thumbnail-7ba0a46bb0cd7efdb3215242f9528140.jpg","https://media.birdweather.com/species/25/CommonChaffinch-png200-ced617224ab07c316109e2d0e9078f2e.png","WfgJDwKGhIbAbHimmnhluHh2tv25ZoAD",11554400318,"https://media.birdweather.com/soundscapes/6891/6891-20260508-084748.flac",0,3,"birdnetpi"
7555682727,6891,"2026-05-08T10:47:42.000+02:00",0.87,0.824159979820251,9.39471125211358,"almost_certain","2p4",NA,51.5666,6.0089,FALSE,5,"Eurasian Wren","Troglodytes troglodytes","#871aa2","avian","https://media.birdweather.com/species/5/EurasianWren-standard-9c09f98281df1112cec97e5b2520b7ac.jpg","https://media.birdweather.com/species/5/EurasianWren-thumbnail-7ee2ceda5807a63f70243cd666e8e3c8.jpg","https://media.birdweather.com/species/5/EurasianWren-png200-a33056cab50c84c6025cfd25b6f18c19.png","JwgGDwDcVHlfhXmJhXiXWJiJaEAXA5IC",11554396557,"https://media.birdweather.com/soundscapes/6891/6891-20260508-084742.flac",0,3,"birdnetpi"
7555680635,6891,"2026-05-08T10:47:38.000+02:00",0.99,0.991870403289795,9.90743918514842,"almost_certain","2p4",NA,51.5656,6.0032,FALSE,25,"Common Chaffinch","Fringilla coelebs","#fb7eff","avian","https://media.birdweather.com/species/25/CommonChaffinch-standard-d8edb223d1ec828ee0cda788e8f5f209.jpg","https://media.birdweather.com/species/25/CommonChaffinch-thumbnail-7ba0a46bb0cd7efdb3215242f9528140.jpg","https://media.birdweather.com/species/25/CommonChaffinch-png200-ced617224ab07c316109e2d0e9078f2e.png","WfgJDwKGhIbAbHimmnhluHh2tv25ZoAD",11554392935,"https://media.birdweather.com/soundscapes/6891/6891-20260508-084738.flac",0,3,"birdnetpi"
7555676873,6891,"2026-05-08T10:47:18.000+02:00",0.97,0.991870403289795,9.86714216241579,"almost_certain","2p4",NA,51.5655,6.0007,FALSE,25,"Common Chaffinch","Fringilla coelebs","#fb7eff","avian","https://media.birdweather.com/species/25/CommonChaffinch-standard-d8edb223d1ec828ee0cda788e8f5f209.jpg","https://media.birdweather.com/species/25/CommonChaffinch-thumbnail-7ba0a46bb0cd7efdb3215242f9528140.jpg","https://media.birdweather.com/species/25/CommonChaffinch-png200-ced617224ab07c316109e2d0e9078f2e.png","WfgJDwKGhIbAbHimmnhluHh2tv25ZoAD",11554386059,"https://media.birdweather.com/soundscapes/6891/6891-20260508-084718.flac",0,3,"birdnetpi"
7555675654,6891,"2026-05-08T10:47:12.000+02:00",0.81,0.824159979820251,9.24233213201257,"almost_certain","2p4",NA,51.5657,6.0024,FALSE,5,"Eurasian Wren","Troglodytes troglodytes","#871aa2","avian","https://media.birdweather.com/species/5/EurasianWren-standard-9c09f98281df1112cec97e5b2520b7ac.jpg","https://media.birdweather.com/species/5/EurasianWren-thumbnail-7ee2ceda5807a63f70243cd666e8e3c8.jpg","https://media.birdweather.com/species/5/EurasianWren-png200-a33056cab50c84c6025cfd25b6f18c19.png","JwgGDwDcVHlfhXmJhXiXWJiJaEAXA5IC",11554383760,"https://media.birdweather.com/soundscapes/6891/6891-20260508-084712.flac",0,3,"birdnetpi"
7555670413,6891,"2026-05-08T10:46:51.000+02:00",0.98,0.991870403289795,9.88743882994144,"almost_certain","2p4",NA,51.5657,6.0076,FALSE,25,"Common Chaffinch","Fringilla coelebs","#fb7eff","avian","https://media.birdweather.com/species/25/CommonChaffinch-standard-d8edb223d1ec828ee0cda788e8f5f209.jpg","https://media.birdweather.com/species/25/CommonChaffinch-thumbnail-7ba0a46bb0cd7efdb3215242f9528140.jpg","https://media.birdweather.com/species/25/CommonChaffinch-png200-ced617224ab07c316109e2d0e9078f2e.png","WfgJDwKGhIbAbHimmnhluHh2tv25ZoAD",11554374197,"https://media.birdweather.com/soundscapes/6891/6891-20260508-084651.flac",0,3,"birdnetpi"
7555668699,6891,"2026-05-08T10:46:47.000+02:00",0.99,0.824159979820251,9.65645692647849,"almost_certain","2p4",NA,51.5676,6.005,FALSE,5,"Eurasian Wren","Troglodytes troglodytes","#871aa2","avian","https://media.birdweather.com/species/5/EurasianWren-standard-9c09f98281df1112cec97e5b2520b7ac.jpg","https://media.birdweather.com/species/5/EurasianWren-thumbnail-7ee2ceda5807a63f70243cd666e8e3c8.jpg","https://media.birdweather.com/species/5/EurasianWren-png200-a33056cab50c84c6025cfd25b6f18c19.png","JwgGDwDcVHlfhXmJhXiXWJiJaEAXA5IC",11554371057,"https://media.birdweather.com/soundscapes/6891/6891-20260508-084647.flac",0,3,"birdnetpi"
7555666427,6891,"2026-05-08T10:46:39.000+02:00",0.96,0.622888922691345,9.2172595320962,"almost_certain","2p4",NA,51.5661,6.0014,FALSE,76,"Eurasian Jackdaw","Corvus monedula","#f36f1b","avian","https://media.birdweather.com/species/76/EurasianJackdaw-standard-55cbd4006f743c538a3264a1fb86d41c.jpg","https://media.birdweather.com/species/76/EurasianJackdaw-thumbnail-80ecf23afe76ea22483b4f8043e19339.jpg","https://media.birdweather.com/species/76/EurasianJackdaw-png200-862dbf9b3725619bb5532ba255c32118.png","4AgKDwL2i2d1homOY0modph5OL/1qHAJ",11554366965,"https://media.birdweather.com/soundscapes/6891/6891-20260508-084639.flac",0,3,"birdnetpi"
7555660612,6891,"2026-05-08T10:46:20.000+02:00",0.99,0.991870403289795,9.90743918514842,"almost_certain","2p4",NA,51.5666,6.0062,FALSE,25,"Common Chaffinch","Fringilla coelebs","#fb7eff","avian","https://media.birdweather.com/species/25/CommonChaffinch-standard-d8edb223d1ec828ee0cda788e8f5f209.jpg","https://media.birdweather.com/species/25/CommonChaffinch-thumbnail-7ba0a46bb0cd7efdb3215242f9528140.jpg","https://media.birdweather.com/species/25/CommonChaffinch-png200-ced617224ab07c316109e2d0e9078f2e.png","WfgJDwKGhIbAbHimmnhluHh2tv25ZoAD",11554356563,"https://media.birdweather.com/soundscapes/6891/6891-20260508-084620.flac",0,3,"birdnetpi"
7555654562,6891,"2026-05-08T10:45:49.000+02:00",0.99,0.991870403289795,9.90743918514842,"almost_certain","2p4",NA,51.5642,6.0085,FALSE,25,"Common Chaffinch","Fringilla coelebs","#fb7eff","avian","https://media.birdweather.com/species/25/CommonChaffinch-standard-d8edb223d1ec828ee0cda788e8f5f209.jpg","https://media.birdweather.com/species/25/CommonChaffinch-thumbnail-7ba0a46bb0cd7efdb3215242f9528140.jpg","https://media.birdweather.com/species/25/CommonChaffinch-png200-ced617224ab07c316109e2d0e9078f2e.png","WfgJDwKGhIbAbHimmnhluHh2tv25ZoAD",11554345315,"https://media.birdweather.com/soundscapes/6891/6891-20260508-084549.flac",0,3,"birdnetpi"
7555648898,6891,"2026-05-08T10:45:30.000+02:00",0.94,0.991870403289795,9.80438309805292,"almost_certain","2p4",NA,51.5637,6.0044,FALSE,25,"Common Chaffinch","Fringilla coelebs","#fb7eff","avian","https://media.birdweather.com/species/25/CommonChaffinch-standard-d8edb223d1ec828ee0cda788e8f5f209.jpg","https://media.birdweather.com/species/25/CommonChaffinch-thumbnail-7ba0a46bb0cd7efdb3215242f9528140.jpg","https://media.birdweather.com/species/25/CommonChaffinch-png200-ced617224ab07c316109e2d0e9078f2e.png","WfgJDwKGhIbAbHimmnhluHh2tv25ZoAD",11554334919,"https://media.birdweather.com/soundscapes/6891/6891-20260508-084530.flac",0,3,"birdnetpi"
7555642531,6891,"2026-05-08T10:45:07.000+02:00",0.97,0.991870403289795,9.86714216241579,"almost_certain","2p4",NA,51.5688,6.0088,FALSE,25,"Common Chaffinch","Fringilla coelebs","#fb7eff","avian","https://media.birdweather.com/species/25/CommonChaffinch-standard-d8edb223d1ec828ee0cda788e8f5f209.jpg","https://media.birdweather.com/species/25/CommonChaffinch-thumbnail-7ba0a46bb0cd7efdb3215242f9528140.jpg","https://media.birdweather.com/species/25/CommonChaffinch-png200-ced617224ab07c316109e2d0e9078f2e.png","WfgJDwKGhIbAbHimmnhluHh2tv25ZoAD",11554323110,"https://media.birdweather.com/soundscapes/6891/6891-20260508-084507.flac",0,3,"birdnetpi"
7555636833,6891,"2026-05-08T10:44:41.000+02:00",0.98,0.991870403289795,9.88743882994144,"almost_certain","2p4",NA,51.5631,6.0083,FALSE,25,"Common Chaffinch","Fringilla coelebs","#fb7eff","avian","https://media.birdweather.com/species/25/CommonChaffinch-standard-d8edb223d1ec828ee0cda788e8f5f209.jpg","https://media.birdweather.com/species/25/CommonChaffinch-thumbnail-7ba0a46bb0cd7efdb3215242f9528140.jpg","https://media.birdweather.com/species/25/CommonChaffinch-png200-ced617224ab07c316109e2d0e9078f2e.png","WfgJDwKGhIbAbHimmnhluHh2tv25ZoAD",11554312246,"https://media.birdweather.com/soundscapes/6891/6891-20260508-084441.flac",0,3,"birdnetpi"
7555631284,6891,"2026-05-08T10:44:20.000+02:00",1,0.991870403289795,9.92715175545779,"almost_certain","2p4",NA,51.5672,6.0091,FALSE,25,"Common Chaffinch","Fringilla coelebs","#fb7eff","avian","https://media.birdweather.com/species/25/CommonChaffinch-standard-d8edb223d1ec828ee0cda788e8f5f209.jpg","https://media.birdweather.com/species/25/CommonChaffinch-thumbnail-7ba0a46bb0cd7efdb3215242f9528140.jpg","https://media.birdweather.com/species/25/CommonChaffinch-png200-ced617224ab07c316109e2d0e9078f2e.png","WfgJDwKGhIbAbHimmnhluHh2tv25ZoAD",11554301741,"https://media.birdweather.com/soundscapes/6891/6891-20260508-084420.flac",0,3,"birdnetpi"
7555624710,6891,"2026-05-08T10:43:52.000+02:00",1,0.991870403289795,9.92715175545779,"almost_certain","2p4",NA,51.5647,6.0037,FALSE,25,"Common Chaffinch","Fringilla coelebs","#fb7eff","avian","https://media.birdweather.com/species/25/CommonChaffinch-standard-d8edb223d1ec828ee0cda788e8f5f209.jpg","https://media.birdweather.com/species/25/CommonChaffinch-thumbnail-7ba0a46bb0cd7efdb3215242f9528140.jpg","https://media.birdweather.com/species/25/CommonChaffinch-png200-ced617224ab07c316109e2d0e9078f2e.png","WfgJDwKGhIbAbHimmnhluHh2tv25ZoAD",11554289509,"https://media.birdweather.com/soundscapes/6891/6891-20260508-084352.flac",0,3,"birdnetpi"
7555618517,6891,"2026-05-08T10:43:19.000+02:00",0.97,0.419734984636307,8.70749849545602,"almost_certain","2p4",NA,51.5669,6.0017,FALSE,119,"Common House-Martin","Delichon urbicum","#53b1ff","avian","https://media.birdweather.com/species/119/CommonHouse-Martin-standard-9ffbcc688c51210fb136a162c84d82ad.jpg","https://media.birdweather.com/species/119/CommonHouse-Martin-thumbnail-dd7059ca6235347c3097e7a66f04df95.jpg","https://media.birdweather.com/species/119/CommonHouse-Martin-png200-a73a8953ce2af50676da81e70b2746b2.png","YhgKDwKJd4iIiHd/h5h5d4mIeQqVllAH",11554277686,"https://media.birdweather.com/soundscapes/6891/6891-20260508-084319.flac",0,3,"birdnetpi"
7555604863,6891,"2026-05-08T10:42:23.000+02:00",0.99,0.672991514205933,9.38253533008261,"almost_certain","2p4",NA,51.5642,6.0081,FALSE,44,"Dunnock","Prunella modularis","#fea614","avian","https://media.birdweather.com/species/44/Dunnock-standard-a705d7131240cedd1c407b5a19989591.jpg","https://media.birdweather.com/species/44/Dunnock-thumbnail-1036624855b82c96db4ad23d1ed9d702.jpg","https://media.birdweather.com/species/44/Dunnock-png200-951bb2cdb9ec585716907d8eac83882e.png","lQgGDwB9pneQhHlwWjeK2ZK6d/kdFaUA",11554251695,"https://media.birdweather.com/soundscapes/6891/6891-20260508-084223.flac",0,3,"birdnetpi"
7555587979,6891,"2026-05-08T10:41:10.000+02:00",0.99,0.824159979820251,9.65645692647849,"almost_certain","2p4",NA,51.5621,6.0069,FALSE,5,"Eurasian Wren","Troglodytes troglodytes","#871aa2","avian","https://media.birdweather.com/species/5/EurasianWren-standard-9c09f98281df1112cec97e5b2520b7ac.jpg","https://media.birdweather.com/species/5/EurasianWren-thumbnail-7ee2ceda5807a63f70243cd666e8e3c8.jpg","https://media.birdweather.com/species/5/EurasianWren-png200-a33056cab50c84c6025cfd25b6f18c19.png","JwgGDwDcVHlfhXmJhXiXWJiJaEAXA5IC",11554219690,"https://media.birdweather.com/soundscapes/6891/6891-20260508-084110.flac",0,3,"birdnetpi"
7555562776,6891,"2026-05-08T10:39:26.000+02:00",0.89,0.824159979820251,9.44195731333108,"almost_certain","2p4",NA,51.5643,6.0045,FALSE,5,"Eurasian Wren","Troglodytes troglodytes","#871aa2","avian","https://media.birdweather.com/species/5/EurasianWren-standard-9c09f98281df1112cec97e5b2520b7ac.jpg","https://media.birdweather.com/species/5/EurasianWren-thumbnail-7ee2ceda5807a63f70243cd666e8e3c8.jpg","https://media.birdweather.com/species/5/EurasianWren-png200-a33056cab50c84c6025cfd25b6f18c19.png","JwgGDwDcVHlfhXmJhXiXWJiJaEAXA5IC",11554171817,"https://media.birdweather.com/soundscapes/6891/6891-20260508-083926.flac",0,3,"birdnetpi"
7555558255,6891,"2026-05-08T10:39:07.000+02:00",0.9,0.419734984636307,8.55632165713467,"almost_certain","2p4",NA,51.5692,6.0039,FALSE,119,"Common House-Martin","Delichon urbicum","#53b1ff","avian","https://media.birdweather.com/species/119/CommonHouse-Martin-standard-9ffbcc688c51210fb136a162c84d82ad.jpg","https://media.birdweather.com/species/119/CommonHouse-Martin-thumbnail-dd7059ca6235347c3097e7a66f04df95.jpg","https://media.birdweather.com/species/119/CommonHouse-Martin-png200-a73a8953ce2af50676da81e70b2746b2.png","YhgKDwKJd4iIiHd/h5h5d4mIeQqVllAH",11554163157,"https://media.birdweather.com/soundscapes/6891/6891-20260508-083907.flac",0,3,"birdnetpi"
7555549957,6891,"2026-05-08T10:38:33.000+02:00",0.91,0.419734984636307,8.57896680080783,"almost_certain","2p4",NA,51.5669,6.003,FALSE,119,"Common House-Martin","Delichon urbicum","#53b1ff","avian","https://media.birdweather.com/species/119/CommonHouse-Martin-standard-9ffbcc688c51210fb136a162c84d82ad.jpg","https://media.birdweather.com/species/119/CommonHouse-Martin-thumbnail-dd7059ca6235347c3097e7a66f04df95.jpg","https://media.birdweather.com/species/119/CommonHouse-Martin-png200-a73a8953ce2af50676da81e70b2746b2.png","YhgKDwKJd4iIiHd/h5h5d4mIeQqVllAH",11554147408,"https://media.birdweather.com/soundscapes/6891/6891-20260508-083833.flac",0,3,"birdnetpi"
7555526308,6891,"2026-05-08T10:36:55.000+02:00",0.93,0.622888922691345,9.1535271106764,"almost_certain","2p4",NA,51.5657,6.0048,FALSE,76,"Eurasian Jackdaw","Corvus monedula","#f36f1b","avian","https://media.birdweather.com/species/76/EurasianJackdaw-standard-55cbd4006f743c538a3264a1fb86d41c.jpg","https://media.birdweather.com/species/76/EurasianJackdaw-thumbnail-80ecf23afe76ea22483b4f8043e19339.jpg","https://media.birdweather.com/species/76/EurasianJackdaw-png200-862dbf9b3725619bb5532ba255c32118.png","4AgKDwL2i2d1homOY0modph5OL/1qHAJ",11554101428,"https://media.birdweather.com/soundscapes/6891/6891-20260508-083655.flac",0,3,"birdnetpi"
7555514990,6891,"2026-05-08T10:36:04.000+02:00",0.84,0.824159979820251,9.3206391589733,"almost_certain","2p4",NA,51.5658,6.0032,FALSE,5,"Eurasian Wren","Troglodytes troglodytes","#871aa2","avian","https://media.birdweather.com/species/5/EurasianWren-standard-9c09f98281df1112cec97e5b2520b7ac.jpg","https://media.birdweather.com/species/5/EurasianWren-thumbnail-7ee2ceda5807a63f70243cd666e8e3c8.jpg","https://media.birdweather.com/species/5/EurasianWren-png200-a33056cab50c84c6025cfd25b6f18c19.png","JwgGDwDcVHlfhXmJhXiXWJiJaEAXA5IC",11554079090,"https://media.birdweather.com/soundscapes/6891/6891-20260508-083604.flac",0,3,"birdnetpi"
7555507713,6891,"2026-05-08T10:35:33.000+02:00",0.9,0.824159979820251,9.46498306542452,"almost_certain","2p4",NA,51.5703,6.0071,FALSE,5,"Eurasian Wren","Troglodytes troglodytes","#871aa2","avian","https://media.birdweather.com/species/5/EurasianWren-standard-9c09f98281df1112cec97e5b2520b7ac.jpg","https://media.birdweather.com/species/5/EurasianWren-thumbnail-7ee2ceda5807a63f70243cd666e8e3c8.jpg","https://media.birdweather.com/species/5/EurasianWren-png200-a33056cab50c84c6025cfd25b6f18c19.png","JwgGDwDcVHlfhXmJhXiXWJiJaEAXA5IC",11554065000,"https://media.birdweather.com/soundscapes/6891/6891-20260508-083533.flac",0,3,"birdnetpi"
7555505867,6891,"2026-05-08T10:35:26.000+02:00",0.8,0.622888922691345,8.83690405295656,"almost_certain","2p4",NA,51.5675,6.0046,FALSE,76,"Eurasian Jackdaw","Corvus monedula","#f36f1b","avian","https://media.birdweather.com/species/76/EurasianJackdaw-standard-55cbd4006f743c538a3264a1fb86d41c.jpg","https://media.birdweather.com/species/76/EurasianJackdaw-thumbnail-80ecf23afe76ea22483b4f8043e19339.jpg","https://media.birdweather.com/species/76/EurasianJackdaw-png200-862dbf9b3725619bb5532ba255c32118.png","4AgKDwL2i2d1homOY0modph5OL/1qHAJ",11554061330,"https://media.birdweather.com/soundscapes/6891/6891-20260508-083526.flac",0,3,"birdnetpi"
7555501156,6891,"2026-05-08T10:35:04.000+02:00",0.95,0.622888922691345,9.19634309527702,"almost_certain","2p4",NA,51.5652,6.0069,FALSE,76,"Eurasian Jackdaw","Corvus monedula","#f36f1b","avian","https://media.birdweather.com/species/76/EurasianJackdaw-standard-55cbd4006f743c538a3264a1fb86d41c.jpg","https://media.birdweather.com/species/76/EurasianJackdaw-thumbnail-80ecf23afe76ea22483b4f8043e19339.jpg","https://media.birdweather.com/species/76/EurasianJackdaw-png200-862dbf9b3725619bb5532ba255c32118.png","4AgKDwL2i2d1homOY0modph5OL/1qHAJ",11554052214,"https://media.birdweather.com/soundscapes/6891/6891-20260508-083504.flac",0,3,"birdnetpi"
7555481687,6891,"2026-05-08T10:33:39.000+02:00",0.96,0.236734092235565,7.92674183283731,"almost_certain","2p4",NA,51.5664,6.0065,FALSE,20,"Black Redstart","Phoenicurus ochruros","#c8ce2d","avian","https://media.birdweather.com/species/20/BlackRedstart-standard-4255c9b712ecb46ea7d3df8d556c18e7.jpg","https://media.birdweather.com/species/20/BlackRedstart-thumbnail-2fee59acc1ecc6be7238da194869e940.jpg","https://media.birdweather.com/species/20/BlackRedstart-png200-cbc0625b8b4889aeec1da754ad906efd.png","2QgGFwT8epa+l3ZlZ5hntnh4Z/6oyZ8I",11554013999,"https://media.birdweather.com/soundscapes/6891/6891-20260508-083339.flac",0,3,"birdnetpi"
7555480578,6891,"2026-05-08T10:33:35.000+02:00",0.79,0.933696985244751,9.35655531141709,"almost_certain","2p4",NA,51.5664,6.0007,FALSE,53,"European Starling","Sturnus vulgaris","#96038f","avian","https://media.birdweather.com/species/53/EuropeanStarling-standard-ff3a9beb497795d3bd4205bd86cf1652.jpg","https://media.birdweather.com/species/53/EuropeanStarling-thumbnail-974e70e3ea84a4be254312c2dfe527d5.jpg","https://media.birdweather.com/species/53/EuropeanStarling-png200-c81072eef7cc54f4bd51dcb88ed45765.png","FQgGBwD4dnmbZHhapUenmGh16HWAvzoO",11554011702,"https://media.birdweather.com/soundscapes/6891/6891-20260508-083335.flac",0,3,"birdnetpi"
7555465122,6891,"2026-05-08T10:32:29.000+02:00",0.93,0.419734984636307,8.62316418204679,"almost_certain","2p4",NA,51.562,6.0076,FALSE,119,"Common House-Martin","Delichon urbicum","#53b1ff","avian","https://media.birdweather.com/species/119/CommonHouse-Martin-standard-9ffbcc688c51210fb136a162c84d82ad.jpg","https://media.birdweather.com/species/119/CommonHouse-Martin-thumbnail-dd7059ca6235347c3097e7a66f04df95.jpg","https://media.birdweather.com/species/119/CommonHouse-Martin-png200-a73a8953ce2af50676da81e70b2746b2.png","YhgKDwKJd4iIiHd/h5h5d4mIeQqVllAH",11553981340,"https://media.birdweather.com/soundscapes/6891/6891-20260508-083229.flac",0,3,"birdnetpi"
7555457631,6891,"2026-05-08T10:31:58.000+02:00",1,0.672991514205933,9.40224790039199,"almost_certain","2p4",NA,51.568,6.0094,FALSE,44,"Dunnock","Prunella modularis","#fea614","avian","https://media.birdweather.com/species/44/Dunnock-standard-a705d7131240cedd1c407b5a19989591.jpg","https://media.birdweather.com/species/44/Dunnock-thumbnail-1036624855b82c96db4ad23d1ed9d702.jpg","https://media.birdweather.com/species/44/Dunnock-png200-951bb2cdb9ec585716907d8eac83882e.png","lQgGDwB9pneQhHlwWjeK2ZK6d/kdFaUA",11553966756,"https://media.birdweather.com/soundscapes/6891/6891-20260508-083158.flac",0,3,"birdnetpi"
7555454029,6891,"2026-05-08T10:31:39.000+02:00",0.99,0.824159979820251,9.65645692647849,"almost_certain","2p4",NA,51.5669,6.0038,FALSE,5,"Eurasian Wren","Troglodytes troglodytes","#871aa2","avian","https://media.birdweather.com/species/5/EurasianWren-standard-9c09f98281df1112cec97e5b2520b7ac.jpg","https://media.birdweather.com/species/5/EurasianWren-thumbnail-7ee2ceda5807a63f70243cd666e8e3c8.jpg","https://media.birdweather.com/species/5/EurasianWren-png200-a33056cab50c84c6025cfd25b6f18c19.png","JwgGDwDcVHlfhXmJhXiXWJiJaEAXA5IC",11553959531,"https://media.birdweather.com/soundscapes/6891/6891-20260508-083139.flac",0,3,"birdnetpi"
7555449458,6891,"2026-05-08T10:31:18.000+02:00",0.97,0.824159979820251,9.61615990374587,"almost_certain","2p4",NA,51.5669,6.0076,FALSE,5,"Eurasian Wren","Troglodytes troglodytes","#871aa2","avian","https://media.birdweather.com/species/5/EurasianWren-standard-9c09f98281df1112cec97e5b2520b7ac.jpg","https://media.birdweather.com/species/5/EurasianWren-thumbnail-7ee2ceda5807a63f70243cd666e8e3c8.jpg","https://media.birdweather.com/species/5/EurasianWren-png200-a33056cab50c84c6025cfd25b6f18c19.png","JwgGDwDcVHlfhXmJhXiXWJiJaEAXA5IC",11553950412,"https://media.birdweather.com/soundscapes/6891/6891-20260508-083118.flac",0,3,"birdnetpi"
7555445619,6891,"2026-05-08T10:31:03.000+02:00",0.92,0.931612968444824,9.67590682029297,"almost_certain","2p4",NA,51.5643,6.0085,FALSE,66,"Eurasian Blue Tit","Cyanistes caeruleus","#4b8900","avian","https://media.birdweather.com/species/66/EurasianBlueTit-standard-4ec8e45d78b2908d0f41ae495ae07571.jpg","https://media.birdweather.com/species/66/EurasianBlueTit-thumbnail-4d9abc54a3abc3fb12e78e603cbe6784.jpg","https://media.birdweather.com/species/66/EurasianBlueTit-png200-49adab92304ba7a74e93ac43e38e62d3.png","EfgJBwAKhHiEm2ZheGllqXeZhi/ze3EP",11553942735,"https://media.birdweather.com/soundscapes/6891/6891-20260508-083103.flac",0,3,"birdnetpi"
7555433365,6891,"2026-05-08T10:30:08.000+02:00",0.99,0.824159979820251,9.65645692647849,"almost_certain","2p4",NA,51.5651,6.0064,FALSE,5,"Eurasian Wren","Troglodytes troglodytes","#871aa2","avian","https://media.birdweather.com/species/5/EurasianWren-standard-9c09f98281df1112cec97e5b2520b7ac.jpg","https://media.birdweather.com/species/5/EurasianWren-thumbnail-7ee2ceda5807a63f70243cd666e8e3c8.jpg","https://media.birdweather.com/species/5/EurasianWren-png200-a33056cab50c84c6025cfd25b6f18c19.png","JwgGDwDcVHlfhXmJhXiXWJiJaEAXA5IC",11553917994,"https://media.birdweather.com/soundscapes/6891/6891-20260508-083008.flac",0,3,"birdnetpi"
7555429418,6891,"2026-05-08T10:29:50.000+02:00",0.98,0.824159979820251,9.63645657127151,"almost_certain","2p4",NA,51.5673,6.0029,FALSE,5,"Eurasian Wren","Troglodytes troglodytes","#871aa2","avian","https://media.birdweather.com/species/5/EurasianWren-standard-9c09f98281df1112cec97e5b2520b7ac.jpg","https://media.birdweather.com/species/5/EurasianWren-thumbnail-7ee2ceda5807a63f70243cd666e8e3c8.jpg","https://media.birdweather.com/species/5/EurasianWren-png200-a33056cab50c84c6025cfd25b6f18c19.png","JwgGDwDcVHlfhXmJhXiXWJiJaEAXA5IC",11553909812,"https://media.birdweather.com/soundscapes/6891/6891-20260508-082950.flac",0,3,"birdnetpi"
7555427566,6891,"2026-05-08T10:29:40.000+02:00",0.95,0.931612968444824,9.74064327253822,"almost_certain","2p4",NA,51.564,6.001,FALSE,66,"Eurasian Blue Tit","Cyanistes caeruleus","#4b8900","avian","https://media.birdweather.com/species/66/EurasianBlueTit-standard-4ec8e45d78b2908d0f41ae495ae07571.jpg","https://media.birdweather.com/species/66/EurasianBlueTit-thumbnail-4d9abc54a3abc3fb12e78e603cbe6784.jpg","https://media.birdweather.com/species/66/EurasianBlueTit-png200-49adab92304ba7a74e93ac43e38e62d3.png","EfgJBwAKhHiEm2ZheGllqXeZhi/ze3EP",11553905739,"https://media.birdweather.com/soundscapes/6891/6891-20260508-082940.flac",0,3,"birdnetpi"
7555422991,6891,"2026-05-08T10:29:22.000+02:00",0.91,0.824159979820251,9.48762820909768,"almost_certain","2p4",NA,51.564,6.0048,FALSE,5,"Eurasian Wren","Troglodytes troglodytes","#871aa2","avian","https://media.birdweather.com/species/5/EurasianWren-standard-9c09f98281df1112cec97e5b2520b7ac.jpg","https://media.birdweather.com/species/5/EurasianWren-thumbnail-7ee2ceda5807a63f70243cd666e8e3c8.jpg","https://media.birdweather.com/species/5/EurasianWren-png200-a33056cab50c84c6025cfd25b6f18c19.png","JwgGDwDcVHlfhXmJhXiXWJiJaEAXA5IC",11553896566,"https://media.birdweather.com/soundscapes/6891/6891-20260508-082922.flac",0,3,"birdnetpi"
7555410673,6891,"2026-05-08T10:28:26.000+02:00",0.77,0.839938700199127,9.15610569128147,"almost_certain","2p4",NA,51.57,6.002,FALSE,1,"House Sparrow","Passer domesticus","#d16ff8","avian","https://media.birdweather.com/species/1/HouseSparrow-standard-b861184cf45c092cdb45fd689dd676ef.jpg","https://media.birdweather.com/species/1/HouseSparrow-thumbnail-e9cbc91763a1579de8ef04880678b5e3.jpg","https://media.birdweather.com/species/1/HouseSparrow-png200-125e8603e1efe9d7a18316b94f06a65e.png","XAgCDwD8qpukuHiqtLZ9mImnmPFcDO4E",11553871422,"https://media.birdweather.com/soundscapes/6891/6891-20260508-082826.flac",0,3,"birdnetpi"
7555391020,6891,"2026-05-08T10:27:00.000+02:00",0.95,0.824159979820251,9.57464157493727,"almost_certain","2p4",NA,51.5673,6.0007,FALSE,5,"Eurasian Wren","Troglodytes troglodytes","#871aa2","avian","https://media.birdweather.com/species/5/EurasianWren-standard-9c09f98281df1112cec97e5b2520b7ac.jpg","https://media.birdweather.com/species/5/EurasianWren-thumbnail-7ee2ceda5807a63f70243cd666e8e3c8.jpg","https://media.birdweather.com/species/5/EurasianWren-png200-a33056cab50c84c6025cfd25b6f18c19.png","JwgGDwDcVHlfhXmJhXiXWJiJaEAXA5IC",11553831520,"https://media.birdweather.com/soundscapes/6891/6891-20260508-082700.flac",0,3,"birdnetpi"
7555380473,6891,"2026-05-08T10:26:13.000+02:00",0.95,0.824159979820251,9.57464157493727,"almost_certain","2p4",NA,51.568,6.0008,FALSE,5,"Eurasian Wren","Troglodytes troglodytes","#871aa2","avian","https://media.birdweather.com/species/5/EurasianWren-standard-9c09f98281df1112cec97e5b2520b7ac.jpg","https://media.birdweather.com/species/5/EurasianWren-thumbnail-7ee2ceda5807a63f70243cd666e8e3c8.jpg","https://media.birdweather.com/species/5/EurasianWren-png200-a33056cab50c84c6025cfd25b6f18c19.png","JwgGDwDcVHlfhXmJhXiXWJiJaEAXA5IC",11553810037,"https://media.birdweather.com/soundscapes/6891/6891-20260508-082613.flac",0,3,"birdnetpi"
7555375375,6891,"2026-05-08T10:25:49.000+02:00",0.97,0.824159979820251,9.61615990374587,"almost_certain","2p4",NA,51.5675,6.0031,FALSE,5,"Eurasian Wren","Troglodytes troglodytes","#871aa2","avian","https://media.birdweather.com/species/5/EurasianWren-standard-9c09f98281df1112cec97e5b2520b7ac.jpg","https://media.birdweather.com/species/5/EurasianWren-thumbnail-7ee2ceda5807a63f70243cd666e8e3c8.jpg","https://media.birdweather.com/species/5/EurasianWren-png200-a33056cab50c84c6025cfd25b6f18c19.png","JwgGDwDcVHlfhXmJhXiXWJiJaEAXA5IC",11553799856,"https://media.birdweather.com/soundscapes/6891/6891-20260508-082549.flac",0,3,"birdnetpi"
7555370055,6891,"2026-05-08T10:25:28.000+02:00",0.94,0.824159979820251,9.55340083938299,"almost_certain","2p4",NA,51.5681,6.0067,FALSE,5,"Eurasian Wren","Troglodytes troglodytes","#871aa2","avian","https://media.birdweather.com/species/5/EurasianWren-standard-9c09f98281df1112cec97e5b2520b7ac.jpg","https://media.birdweather.com/species/5/EurasianWren-thumbnail-7ee2ceda5807a63f70243cd666e8e3c8.jpg","https://media.birdweather.com/species/5/EurasianWren-png200-a33056cab50c84c6025cfd25b6f18c19.png","JwgGDwDcVHlfhXmJhXiXWJiJaEAXA5IC",11553788889,"https://media.birdweather.com/soundscapes/6891/6891-20260508-082528.flac",0,3,"birdnetpi"
7555354238,6891,"2026-05-08T10:24:17.000+02:00",1,0.824159979820251,9.67616949678787,"almost_certain","2p4",NA,51.5668,6.0055,FALSE,5,"Eurasian Wren","Troglodytes troglodytes","#871aa2","avian","https://media.birdweather.com/species/5/EurasianWren-standard-9c09f98281df1112cec97e5b2520b7ac.jpg","https://media.birdweather.com/species/5/EurasianWren-thumbnail-7ee2ceda5807a63f70243cd666e8e3c8.jpg","https://media.birdweather.com/species/5/EurasianWren-png200-a33056cab50c84c6025cfd25b6f18c19.png","JwgGDwDcVHlfhXmJhXiXWJiJaEAXA5IC",11553756780,"https://media.birdweather.com/soundscapes/6891/6891-20260508-082417.flac",0,3,"birdnetpi"
7555338867,6891,"2026-05-08T10:23:08.000+02:00",0.99,0.824159979820251,9.65645692647849,"almost_certain","2p4",NA,51.5699,6.0025,FALSE,5,"Eurasian Wren","Troglodytes troglodytes","#871aa2","avian","https://media.birdweather.com/species/5/EurasianWren-standard-9c09f98281df1112cec97e5b2520b7ac.jpg","https://media.birdweather.com/species/5/EurasianWren-thumbnail-7ee2ceda5807a63f70243cd666e8e3c8.jpg","https://media.birdweather.com/species/5/EurasianWren-png200-a33056cab50c84c6025cfd25b6f18c19.png","JwgGDwDcVHlfhXmJhXiXWJiJaEAXA5IC",11553725238,"https://media.birdweather.com/soundscapes/6891/6891-20260508-082308.flac",0,3,"birdnetpi"
7555331019,6891,"2026-05-08T10:22:31.000+02:00",0.92,0.824159979820251,9.50990512269202,"almost_certain","2p4",NA,51.5679,6.0051,FALSE,5,"Eurasian Wren","Troglodytes troglodytes","#871aa2","avian","https://media.birdweather.com/species/5/EurasianWren-standard-9c09f98281df1112cec97e5b2520b7ac.jpg","https://media.birdweather.com/species/5/EurasianWren-thumbnail-7ee2ceda5807a63f70243cd666e8e3c8.jpg","https://media.birdweather.com/species/5/EurasianWren-png200-a33056cab50c84c6025cfd25b6f18c19.png","JwgGDwDcVHlfhXmJhXiXWJiJaEAXA5IC",11553709140,"https://media.birdweather.com/soundscapes/6891/6891-20260508-082231.flac",0,3,"birdnetpi"
7555313653,6891,"2026-05-08T10:21:15.000+02:00",0.92,0.419734984636307,8.60124371440217,"almost_certain","2p4",NA,51.5628,6.004,FALSE,119,"Common House-Martin","Delichon urbicum","#53b1ff","avian","https://media.birdweather.com/species/119/CommonHouse-Martin-standard-9ffbcc688c51210fb136a162c84d82ad.jpg","https://media.birdweather.com/species/119/CommonHouse-Martin-thumbnail-dd7059ca6235347c3097e7a66f04df95.jpg","https://media.birdweather.com/species/119/CommonHouse-Martin-png200-a73a8953ce2af50676da81e70b2746b2.png","YhgKDwKJd4iIiHd/h5h5d4mIeQqVllAH",11553673575,"https://media.birdweather.com/soundscapes/6891/6891-20260508-082115.flac",0,3,"birdnetpi"
7555301850,6891,"2026-05-08T10:20:20.000+02:00",0.99,0.824159979820251,9.65645692647849,"almost_certain","2p4",NA,51.5694,6.0059,FALSE,5,"Eurasian Wren","Troglodytes troglodytes","#871aa2","avian","https://media.birdweather.com/species/5/EurasianWren-standard-9c09f98281df1112cec97e5b2520b7ac.jpg","https://media.birdweather.com/species/5/EurasianWren-thumbnail-7ee2ceda5807a63f70243cd666e8e3c8.jpg","https://media.birdweather.com/species/5/EurasianWren-png200-a33056cab50c84c6025cfd25b6f18c19.png","JwgGDwDcVHlfhXmJhXiXWJiJaEAXA5IC",11553649322,"https://media.birdweather.com/soundscapes/6891/6891-20260508-082020.flac",0,3,"birdnetpi"
7555296820,6891,"2026-05-08T10:20:01.000+02:00",0.94,0.991870403289795,9.80438309805292,"almost_certain","2p4",NA,51.5657,6.007,FALSE,25,"Common Chaffinch","Fringilla coelebs","#fb7eff","avian","https://media.birdweather.com/species/25/CommonChaffinch-standard-d8edb223d1ec828ee0cda788e8f5f209.jpg","https://media.birdweather.com/species/25/CommonChaffinch-thumbnail-7ba0a46bb0cd7efdb3215242f9528140.jpg","https://media.birdweather.com/species/25/CommonChaffinch-png200-ced617224ab07c316109e2d0e9078f2e.png","WfgJDwKGhIbAbHimmnhluHh2tv25ZoAD",11553639265,"https://media.birdweather.com/soundscapes/6891/6891-20260508-082001.flac",0,3,"birdnetpi"
7555291580,6891,"2026-05-08T10:19:41.000+02:00",0.93,0.991870403289795,9.78280784900657,"almost_certain","2p4",NA,51.5659,6.0022,FALSE,25,"Common Chaffinch","Fringilla coelebs","#fb7eff","avian","https://media.birdweather.com/species/25/CommonChaffinch-standard-d8edb223d1ec828ee0cda788e8f5f209.jpg","https://media.birdweather.com/species/25/CommonChaffinch-thumbnail-7ba0a46bb0cd7efdb3215242f9528140.jpg","https://media.birdweather.com/species/25/CommonChaffinch-png200-ced617224ab07c316109e2d0e9078f2e.png","WfgJDwKGhIbAbHimmnhluHh2tv25ZoAD",11553628711,"https://media.birdweather.com/soundscapes/6891/6891-20260508-081941.flac",0,3,"birdnetpi"
7555284840,6891,"2026-05-08T10:19:09.000+02:00",0.99,0.991870403289795,9.90743918514842,"almost_certain","2p4",NA,51.569,6.0053,FALSE,25,"Common Chaffinch","Fringilla coelebs","#fb7eff","avian","https://media.birdweather.com/species/25/CommonChaffinch-standard-d8edb223d1ec828ee0cda788e8f5f209.jpg","https://media.birdweather.com/species/25/CommonChaffinch-thumbnail-7ba0a46bb0cd7efdb3215242f9528140.jpg","https://media.birdweather.com/species/25/CommonChaffinch-png200-ced617224ab07c316109e2d0e9078f2e.png","WfgJDwKGhIbAbHimmnhluHh2tv25ZoAD",11553614915,"https://media.birdweather.com/soundscapes/6891/6891-20260508-081909.flac",0,3,"birdnetpi"
7555281138,6891,"2026-05-08T10:18:56.000+02:00",0.98,0.991870403289795,9.88743882994144,"almost_certain","2p4",NA,51.5687,6.0042,FALSE,25,"Common Chaffinch","Fringilla coelebs","#fb7eff","avian","https://media.birdweather.com/species/25/CommonChaffinch-standard-d8edb223d1ec828ee0cda788e8f5f209.jpg","https://media.birdweather.com/species/25/CommonChaffinch-thumbnail-7ba0a46bb0cd7efdb3215242f9528140.jpg","https://media.birdweather.com/species/25/CommonChaffinch-png200-ced617224ab07c316109e2d0e9078f2e.png","WfgJDwKGhIbAbHimmnhluHh2tv25ZoAD",11553607184,"https://media.birdweather.com/soundscapes/6891/6891-20260508-081856.flac",0,3,"birdnetpi"
7555272539,6891,"2026-05-08T10:18:09.000+02:00",0.93,0.991870403289795,9.78280784900657,"almost_certain","2p4",NA,51.5678,6.0075,FALSE,25,"Common Chaffinch","Fringilla coelebs","#fb7eff","avian","https://media.birdweather.com/species/25/CommonChaffinch-standard-d8edb223d1ec828ee0cda788e8f5f209.jpg","https://media.birdweather.com/species/25/CommonChaffinch-thumbnail-7ba0a46bb0cd7efdb3215242f9528140.jpg","https://media.birdweather.com/species/25/CommonChaffinch-png200-ced617224ab07c316109e2d0e9078f2e.png","WfgJDwKGhIbAbHimmnhluHh2tv25ZoAD",11553589340,"https://media.birdweather.com/soundscapes/6891/6891-20260508-081809.flac",0,3,"birdnetpi"
7555265970,6891,"2026-05-08T10:17:39.000+02:00",1,0.824159979820251,9.67616949678787,"almost_certain","2p4",NA,51.569,6.0057,FALSE,5,"Eurasian Wren","Troglodytes troglodytes","#871aa2","avian","https://media.birdweather.com/species/5/EurasianWren-standard-9c09f98281df1112cec97e5b2520b7ac.jpg","https://media.birdweather.com/species/5/EurasianWren-thumbnail-7ee2ceda5807a63f70243cd666e8e3c8.jpg","https://media.birdweather.com/species/5/EurasianWren-png200-a33056cab50c84c6025cfd25b6f18c19.png","JwgGDwDcVHlfhXmJhXiXWJiJaEAXA5IC",11553575604,"https://media.birdweather.com/soundscapes/6891/6891-20260508-081739.flac",0,3,"birdnetpi"
7555260587,6891,"2026-05-08T10:17:16.000+02:00",1,0.824159979820251,9.67616949678787,"almost_certain","2p4",NA,51.5626,6.008,FALSE,5,"Eurasian Wren","Troglodytes troglodytes","#871aa2","avian","https://media.birdweather.com/species/5/EurasianWren-standard-9c09f98281df1112cec97e5b2520b7ac.jpg","https://media.birdweather.com/species/5/EurasianWren-thumbnail-7ee2ceda5807a63f70243cd666e8e3c8.jpg","https://media.birdweather.com/species/5/EurasianWren-png200-a33056cab50c84c6025cfd25b6f18c19.png","JwgGDwDcVHlfhXmJhXiXWJiJaEAXA5IC",11553564532,"https://media.birdweather.com/soundscapes/6891/6891-20260508-081716.flac",0,3,"birdnetpi"
7555252296,6891,"2026-05-08T10:16:46.000+02:00",0.91,0.991870403289795,9.73861046776761,"almost_certain","2p4",NA,51.5657,6.0043,FALSE,25,"Common Chaffinch","Fringilla coelebs","#fb7eff","avian","https://media.birdweather.com/species/25/CommonChaffinch-standard-d8edb223d1ec828ee0cda788e8f5f209.jpg","https://media.birdweather.com/species/25/CommonChaffinch-thumbnail-7ba0a46bb0cd7efdb3215242f9528140.jpg","https://media.birdweather.com/species/25/CommonChaffinch-png200-ced617224ab07c316109e2d0e9078f2e.png","WfgJDwKGhIbAbHimmnhluHh2tv25ZoAD",11553547246,"https://media.birdweather.com/soundscapes/6891/6891-20260508-081646.flac",0,3,"birdnetpi"
7555250526,6891,"2026-05-08T10:16:34.000+02:00",0.99,0.672991514205933,9.38253533008261,"almost_certain","2p4",NA,51.5656,6.0079,FALSE,44,"Dunnock","Prunella modularis","#fea614","avian","https://media.birdweather.com/species/44/Dunnock-standard-a705d7131240cedd1c407b5a19989591.jpg","https://media.birdweather.com/species/44/Dunnock-thumbnail-1036624855b82c96db4ad23d1ed9d702.jpg","https://media.birdweather.com/species/44/Dunnock-png200-951bb2cdb9ec585716907d8eac83882e.png","lQgGDwB9pneQhHlwWjeK2ZK6d/kdFaUA",11553543536,"https://media.birdweather.com/soundscapes/6891/6891-20260508-081634.flac",0,3,"birdnetpi"
7555245791,6891,"2026-05-08T10:16:08.000+02:00",0.95,0.672991514205933,9.30071997854139,"almost_certain","2p4",NA,51.5648,6.0048,FALSE,44,"Dunnock","Prunella modularis","#fea614","avian","https://media.birdweather.com/species/44/Dunnock-standard-a705d7131240cedd1c407b5a19989591.jpg","https://media.birdweather.com/species/44/Dunnock-thumbnail-1036624855b82c96db4ad23d1ed9d702.jpg","https://media.birdweather.com/species/44/Dunnock-png200-951bb2cdb9ec585716907d8eac83882e.png","lQgGDwB9pneQhHlwWjeK2ZK6d/kdFaUA",11553533946,"https://media.birdweather.com/soundscapes/6891/6891-20260508-081608.flac",0,3,"birdnetpi"
7555242418,6891,"2026-05-08T10:15:58.000+02:00",0.98,0.991870403289795,9.88743882994144,"almost_certain","2p4",NA,51.5635,6.0062,FALSE,25,"Common Chaffinch","Fringilla coelebs","#fb7eff","avian","https://media.birdweather.com/species/25/CommonChaffinch-standard-d8edb223d1ec828ee0cda788e8f5f209.jpg","https://media.birdweather.com/species/25/CommonChaffinch-thumbnail-7ba0a46bb0cd7efdb3215242f9528140.jpg","https://media.birdweather.com/species/25/CommonChaffinch-png200-ced617224ab07c316109e2d0e9078f2e.png","WfgJDwKGhIbAbHimmnhluHh2tv25ZoAD",11553527051,"https://media.birdweather.com/soundscapes/6891/6891-20260508-081558.flac",0,3,"birdnetpi"
7555236910,6891,"2026-05-08T10:15:28.000+02:00",0.92,0.991870403289795,9.76088738136195,"almost_certain","2p4",NA,51.5631,6.003,FALSE,25,"Common Chaffinch","Fringilla coelebs","#fb7eff","avian","https://media.birdweather.com/species/25/CommonChaffinch-standard-d8edb223d1ec828ee0cda788e8f5f209.jpg","https://media.birdweather.com/species/25/CommonChaffinch-thumbnail-7ba0a46bb0cd7efdb3215242f9528140.jpg","https://media.birdweather.com/species/25/CommonChaffinch-png200-ced617224ab07c316109e2d0e9078f2e.png","WfgJDwKGhIbAbHimmnhluHh2tv25ZoAD",11553515703,"https://media.birdweather.com/soundscapes/6891/6891-20260508-081528.flac",0,3,"birdnetpi"
7555231190,6891,"2026-05-08T10:15:05.000+02:00",0.89,0.991870403289795,9.69293957200101,"almost_certain","2p4",NA,51.5691,6.0047,FALSE,25,"Common Chaffinch","Fringilla coelebs","#fb7eff","avian","https://media.birdweather.com/species/25/CommonChaffinch-standard-d8edb223d1ec828ee0cda788e8f5f209.jpg","https://media.birdweather.com/species/25/CommonChaffinch-thumbnail-7ba0a46bb0cd7efdb3215242f9528140.jpg","https://media.birdweather.com/species/25/CommonChaffinch-png200-ced617224ab07c316109e2d0e9078f2e.png","WfgJDwKGhIbAbHimmnhluHh2tv25ZoAD",11553504121,"https://media.birdweather.com/soundscapes/6891/6891-20260508-081505.flac",0,3,"birdnetpi"
7555226360,6891,"2026-05-08T10:14:42.000+02:00",0.9,0.991870403289795,9.71596532409445,"almost_certain","2p4",NA,51.5636,6.007,FALSE,25,"Common Chaffinch","Fringilla coelebs","#fb7eff","avian","https://media.birdweather.com/species/25/CommonChaffinch-standard-d8edb223d1ec828ee0cda788e8f5f209.jpg","https://media.birdweather.com/species/25/CommonChaffinch-thumbnail-7ba0a46bb0cd7efdb3215242f9528140.jpg","https://media.birdweather.com/species/25/CommonChaffinch-png200-ced617224ab07c316109e2d0e9078f2e.png","WfgJDwKGhIbAbHimmnhluHh2tv25ZoAD",11553494543,"https://media.birdweather.com/soundscapes/6891/6891-20260508-081442.flac",0,3,"birdnetpi"
7555220731,6891,"2026-05-08T10:14:24.000+02:00",0.97,0.991870403289795,9.86714216241579,"almost_certain","2p4",NA,51.5681,6.0027,FALSE,25,"Common Chaffinch","Fringilla coelebs","#fb7eff","avian","https://media.birdweather.com/species/25/CommonChaffinch-standard-d8edb223d1ec828ee0cda788e8f5f209.jpg","https://media.birdweather.com/species/25/CommonChaffinch-thumbnail-7ba0a46bb0cd7efdb3215242f9528140.jpg","https://media.birdweather.com/species/25/CommonChaffinch-png200-ced617224ab07c316109e2d0e9078f2e.png","WfgJDwKGhIbAbHimmnhluHh2tv25ZoAD",11553483043,"https://media.birdweather.com/soundscapes/6891/6891-20260508-081424.flac",0,3,"birdnetpi"
7555215129,6891,"2026-05-08T10:13:53.000+02:00",0.96,0.991870403289795,9.84654027042637,"almost_certain","2p4",NA,51.5664,6.0089,FALSE,25,"Common Chaffinch","Fringilla coelebs","#fb7eff","avian","https://media.birdweather.com/species/25/CommonChaffinch-standard-d8edb223d1ec828ee0cda788e8f5f209.jpg","https://media.birdweather.com/species/25/CommonChaffinch-thumbnail-7ba0a46bb0cd7efdb3215242f9528140.jpg","https://media.birdweather.com/species/25/CommonChaffinch-png200-ced617224ab07c316109e2d0e9078f2e.png","WfgJDwKGhIbAbHimmnhluHh2tv25ZoAD",11553471577,"https://media.birdweather.com/soundscapes/6891/6891-20260508-081353.flac",0,3,"birdnetpi"
7555209770,6891,"2026-05-08T10:13:35.000+02:00",0.95,0.991870403289795,9.82562383360719,"almost_certain","2p4",NA,51.5644,6.0077,FALSE,25,"Common Chaffinch","Fringilla coelebs","#fb7eff","avian","https://media.birdweather.com/species/25/CommonChaffinch-standard-d8edb223d1ec828ee0cda788e8f5f209.jpg","https://media.birdweather.com/species/25/CommonChaffinch-thumbnail-7ba0a46bb0cd7efdb3215242f9528140.jpg","https://media.birdweather.com/species/25/CommonChaffinch-png200-ced617224ab07c316109e2d0e9078f2e.png","WfgJDwKGhIbAbHimmnhluHh2tv25ZoAD",11553460507,"https://media.birdweather.com/soundscapes/6891/6891-20260508-081335.flac",0,3,"birdnetpi"
7555206449,6891,"2026-05-08T10:13:13.000+02:00",0.85,0.622888922691345,8.96747899928848,"almost_certain","2p4",NA,51.5685,6.0051,FALSE,76,"Eurasian Jackdaw","Corvus monedula","#f36f1b","avian","https://media.birdweather.com/species/76/EurasianJackdaw-standard-55cbd4006f743c538a3264a1fb86d41c.jpg","https://media.birdweather.com/species/76/EurasianJackdaw-thumbnail-80ecf23afe76ea22483b4f8043e19339.jpg","https://media.birdweather.com/species/76/EurasianJackdaw-png200-862dbf9b3725619bb5532ba255c32118.png","4AgKDwL2i2d1homOY0modph5OL/1qHAJ",11553453606,"https://media.birdweather.com/soundscapes/6891/6891-20260508-081313.flac",0,3,"birdnetpi"
7555201064,6891,"2026-05-08T10:12:48.000+02:00",0.97,0.991870403289795,9.86714216241579,"almost_certain","2p4",NA,51.5639,6.0043,FALSE,25,"Common Chaffinch","Fringilla coelebs","#fb7eff","avian","https://media.birdweather.com/species/25/CommonChaffinch-standard-d8edb223d1ec828ee0cda788e8f5f209.jpg","https://media.birdweather.com/species/25/CommonChaffinch-thumbnail-7ba0a46bb0cd7efdb3215242f9528140.jpg","https://media.birdweather.com/species/25/CommonChaffinch-png200-ced617224ab07c316109e2d0e9078f2e.png","WfgJDwKGhIbAbHimmnhluHh2tv25ZoAD",11553442171,"https://media.birdweather.com/soundscapes/6891/6891-20260508-081248.flac",0,3,"birdnetpi"
7555195974,6891,"2026-05-08T10:12:30.000+02:00",0.98,0.991870403289795,9.88743882994144,"almost_certain","2p4",NA,51.5674,6.0017,FALSE,25,"Common Chaffinch","Fringilla coelebs","#fb7eff","avian","https://media.birdweather.com/species/25/CommonChaffinch-standard-d8edb223d1ec828ee0cda788e8f5f209.jpg","https://media.birdweather.com/species/25/CommonChaffinch-thumbnail-7ba0a46bb0cd7efdb3215242f9528140.jpg","https://media.birdweather.com/species/25/CommonChaffinch-png200-ced617224ab07c316109e2d0e9078f2e.png","WfgJDwKGhIbAbHimmnhluHh2tv25ZoAD",11553431622,"https://media.birdweather.com/soundscapes/6891/6891-20260508-081230.flac",0,3,"birdnetpi"
7555190703,6891,"2026-05-08T10:12:07.000+02:00",0.86,0.991870403289795,9.62144509015732,"almost_certain","2p4",NA,51.5676,6.0054,FALSE,25,"Common Chaffinch","Fringilla coelebs","#fb7eff","avian","https://media.birdweather.com/species/25/CommonChaffinch-standard-d8edb223d1ec828ee0cda788e8f5f209.jpg","https://media.birdweather.com/species/25/CommonChaffinch-thumbnail-7ba0a46bb0cd7efdb3215242f9528140.jpg","https://media.birdweather.com/species/25/CommonChaffinch-png200-ced617224ab07c316109e2d0e9078f2e.png","WfgJDwKGhIbAbHimmnhluHh2tv25ZoAD",11553420607,"https://media.birdweather.com/soundscapes/6891/6891-20260508-081207.flac",0,3,"birdnetpi"
7555187280,6891,"2026-05-08T10:11:48.000+02:00",0.97,0.991870403289795,9.86714216241579,"almost_certain","2p4",NA,51.5669,6.0057,FALSE,25,"Common Chaffinch","Fringilla coelebs","#fb7eff","avian","https://media.birdweather.com/species/25/CommonChaffinch-standard-d8edb223d1ec828ee0cda788e8f5f209.jpg","https://media.birdweather.com/species/25/CommonChaffinch-thumbnail-7ba0a46bb0cd7efdb3215242f9528140.jpg","https://media.birdweather.com/species/25/CommonChaffinch-png200-ced617224ab07c316109e2d0e9078f2e.png","WfgJDwKGhIbAbHimmnhluHh2tv25ZoAD",11553413705,"https://media.birdweather.com/soundscapes/6891/6891-20260508-081148.flac",0,3,"birdnetpi"
7555181973,6891,"2026-05-08T10:11:33.000+02:00",0.9,0.622888922691345,9.08668458576428,"almost_certain","2p4",NA,51.5673,6.005,FALSE,76,"Eurasian Jackdaw","Corvus monedula","#f36f1b","avian","https://media.birdweather.com/species/76/EurasianJackdaw-standard-55cbd4006f743c538a3264a1fb86d41c.jpg","https://media.birdweather.com/species/76/EurasianJackdaw-thumbnail-80ecf23afe76ea22483b4f8043e19339.jpg","https://media.birdweather.com/species/76/EurasianJackdaw-png200-862dbf9b3725619bb5532ba255c32118.png","4AgKDwL2i2d1homOY0modph5OL/1qHAJ",11553402794,"https://media.birdweather.com/soundscapes/6891/6891-20260508-081133.flac",0,3,"birdnetpi"
7555160602,6891,"2026-05-08T10:09:49.000+02:00",0.94,0.698269486427307,9.32926807975868,"almost_certain","2p4",NA,51.5621,6.0053,FALSE,30,"Common Buzzard","Buteo buteo","#37e188","avian","https://media.birdweather.com/species/30/CommonBuzzard-standard-624dd5ff44ca4409c2692d7ec2eec597.jpg","https://media.birdweather.com/species/30/CommonBuzzard-thumbnail-781fb553c5eb2032627994238a1027c5.jpg","https://media.birdweather.com/species/30/CommonBuzzard-png200-dcecf7087fca9c5bd3977532471c052a.png","XwkGDwKDmYifVWWAmFZnmqiIer/ICGME",11553359508,"https://media.birdweather.com/soundscapes/6891/6891-20260508-080949.flac",0,3,"birdnetpi"
7555145623,6891,"2026-05-08T10:08:42.000+02:00",0.98,0.698269486427307,9.41232381164719,"almost_certain","2p4",NA,51.563,6.0074,FALSE,30,"Common Buzzard","Buteo buteo","#37e188","avian","https://media.birdweather.com/species/30/CommonBuzzard-standard-624dd5ff44ca4409c2692d7ec2eec597.jpg","https://media.birdweather.com/species/30/CommonBuzzard-thumbnail-781fb553c5eb2032627994238a1027c5.jpg","https://media.birdweather.com/species/30/CommonBuzzard-png200-dcecf7087fca9c5bd3977532471c052a.png","XwkGDwKDmYifVWWAmFZnmqiIer/ICGME",11553329272,"https://media.birdweather.com/soundscapes/6891/6891-20260508-080842.flac",0,3,"birdnetpi"
7555121163,6891,"2026-05-08T10:06:53.000+02:00",0.88,0.698269486427307,9.19440518000452,"almost_certain","2p4",NA,51.5619,6.004,FALSE,30,"Common Buzzard","Buteo buteo","#37e188","avian","https://media.birdweather.com/species/30/CommonBuzzard-standard-624dd5ff44ca4409c2692d7ec2eec597.jpg","https://media.birdweather.com/species/30/CommonBuzzard-thumbnail-781fb553c5eb2032627994238a1027c5.jpg","https://media.birdweather.com/species/30/CommonBuzzard-png200-dcecf7087fca9c5bd3977532471c052a.png","XwkGDwKDmYifVWWAmFZnmqiIer/ICGME",11553278760,"https://media.birdweather.com/soundscapes/6891/6891-20260508-080653.flac",0,3,"birdnetpi"
7555103601,6891,"2026-05-08T10:05:41.000+02:00",0.96,0.999183833599091,9.85650463986908,"almost_certain","2p4",NA,51.5687,6.0031,FALSE,35,"Eurasian Blackbird","Turdus merula","#ff65df","avian","https://media.birdweather.com/species/35/EurasianBlackbird-standard-618b3a5132c7c359fb2a2884c39deb39.jpg","https://media.birdweather.com/species/35/EurasianBlackbird-thumbnail-276878929bed08167d1fd9bf34d63d40.jpg","https://media.birdweather.com/species/35/EurasianBlackbird-png200-ba5a1b43225da4611cac429c52a52c81.png","GfkFFwKRmrx2ZYiaaQe69nlzScn3T7IA",11553243365,"https://media.birdweather.com/soundscapes/6891/6891-20260508-080541.flac",0,3,"birdnetpi"
7555100963,6891,"2026-05-08T10:05:25.000+02:00",0.93,0.940908372402191,9.71128531935161,"almost_certain","2p4",NA,51.5636,6.0044,FALSE,397,"Barn Swallow","Hirundo rustica","#c85500","avian","https://media.birdweather.com/species/397/BarnSwallow-standard-66c9cb8916403efe633a420fe54e3bc6.jpg","https://media.birdweather.com/species/397/BarnSwallow-thumbnail-418cddeb212e9e1ce5d35f61a3040433.jpg","https://media.birdweather.com/species/397/BarnSwallow-png200-317c812ebfcec488fad1824feff99dbc.png","IAgKHwKLhnmThXdPl1i3p3ll51f4jngP",11553237862,"https://media.birdweather.com/soundscapes/6891/6891-20260508-080525.flac",0,3,"birdnetpi"
7555089434,6891,"2026-05-08T10:04:36.000+02:00",0.92,0.999183833599091,9.77085175080465,"almost_certain","2p4",NA,51.5615,6.0083,FALSE,35,"Eurasian Blackbird","Turdus merula","#ff65df","avian","https://media.birdweather.com/species/35/EurasianBlackbird-standard-618b3a5132c7c359fb2a2884c39deb39.jpg","https://media.birdweather.com/species/35/EurasianBlackbird-thumbnail-276878929bed08167d1fd9bf34d63d40.jpg","https://media.birdweather.com/species/35/EurasianBlackbird-png200-ba5a1b43225da4611cac429c52a52c81.png","GfkFFwKRmrx2ZYiaaQe69nlzScn3T7IA",11553214513,"https://media.birdweather.com/soundscapes/6891/6891-20260508-080436.flac",0,3,"birdnetpi"
7555027452,6891,"2026-05-08T09:59:57.000+02:00",0.97,0.672991514205933,9.34223830734999,"almost_certain","2p4",NA,51.5645,6.0075,FALSE,44,"Dunnock","Prunella modularis","#fea614","avian","https://media.birdweather.com/species/44/Dunnock-standard-a705d7131240cedd1c407b5a19989591.jpg","https://media.birdweather.com/species/44/Dunnock-thumbnail-1036624855b82c96db4ad23d1ed9d702.jpg","https://media.birdweather.com/species/44/Dunnock-png200-951bb2cdb9ec585716907d8eac83882e.png","lQgGDwB9pneQhHlwWjeK2ZK6d/kdFaUA",11553087794,"https://media.birdweather.com/soundscapes/6891/6891-20260508-075957.flac",0,3,"birdnetpi"
7554956365,6891,"2026-05-08T09:54:42.000+02:00",0.71,0.839938700199127,8.96899720832359,"almost_certain","2p4",NA,51.5615,6.0041,FALSE,1,"House Sparrow","Passer domesticus","#d16ff8","avian","https://media.birdweather.com/species/1/HouseSparrow-standard-b861184cf45c092cdb45fd689dd676ef.jpg","https://media.birdweather.com/species/1/HouseSparrow-thumbnail-e9cbc91763a1579de8ef04880678b5e3.jpg","https://media.birdweather.com/species/1/HouseSparrow-png200-125e8603e1efe9d7a18316b94f06a65e.png","XAgCDwD8qpukuHiqtLZ9mImnmPFcDO4E",11552942271,"https://media.birdweather.com/soundscapes/6891/6891-20260508-075442.flac",0,3,"birdnetpi"
7554952986,6891,"2026-05-08T09:54:33.000+02:00",0.83,0.839938700199127,9.3207033985051,"almost_certain","2p4",NA,51.5625,6.008,FALSE,1,"House Sparrow","Passer domesticus","#d16ff8","avian","https://media.birdweather.com/species/1/HouseSparrow-standard-b861184cf45c092cdb45fd689dd676ef.jpg","https://media.birdweather.com/species/1/HouseSparrow-thumbnail-e9cbc91763a1579de8ef04880678b5e3.jpg","https://media.birdweather.com/species/1/HouseSparrow-png200-125e8603e1efe9d7a18316b94f06a65e.png","XAgCDwD8qpukuHiqtLZ9mImnmPFcDO4E",11552935513,"https://media.birdweather.com/soundscapes/6891/6891-20260508-075433.flac",0,3,"birdnetpi"
7554933666,6891,"2026-05-08T09:53:00.000+02:00",0.96,0.419734984636307,8.68689660346659,"almost_certain","2p4",NA,51.5658,6.0047,FALSE,119,"Common House-Martin","Delichon urbicum","#53b1ff","avian","https://media.birdweather.com/species/119/CommonHouse-Martin-standard-9ffbcc688c51210fb136a162c84d82ad.jpg","https://media.birdweather.com/species/119/CommonHouse-Martin-thumbnail-dd7059ca6235347c3097e7a66f04df95.jpg","https://media.birdweather.com/species/119/CommonHouse-Martin-png200-a73a8953ce2af50676da81e70b2746b2.png","YhgKDwKJd4iIiHd/h5h5d4mIeQqVllAH",11552895417,"https://media.birdweather.com/soundscapes/6891/6891-20260508-075300.flac",0,3,"birdnetpi"
7554926697,6891,"2026-05-08T09:52:26.000+02:00",0.75,0.992669761180878,9.32293352482172,"almost_certain","2p4",NA,51.5702,6.0008,FALSE,58,"Carrion Crow","Corvus corone","#01a85a","avian","https://media.birdweather.com/species/58/CarrionCrow-standard-ed24da07616d0cd7c5ef9cd2892ec869.jpg","https://media.birdweather.com/species/58/CarrionCrow-thumbnail-38cc6285bbd8f8340f32fa4dc3f58a69.jpg","https://media.birdweather.com/species/58/CarrionCrow-png200-5ec2904f61f6588853b296f54d8d0cb6.png","nggODwDDmZlqdoiPdLeIWIiYaK6A1gMK",11552880363,"https://media.birdweather.com/soundscapes/6891/6891-20260508-075226.flac",0,3,"birdnetpi"
7554919877,6891,"2026-05-08T09:52:02.000+02:00",0.99,0.672991514205933,9.38253533008261,"almost_certain","2p4",NA,51.5646,6.0076,FALSE,44,"Dunnock","Prunella modularis","#fea614","avian","https://media.birdweather.com/species/44/Dunnock-standard-a705d7131240cedd1c407b5a19989591.jpg","https://media.birdweather.com/species/44/Dunnock-thumbnail-1036624855b82c96db4ad23d1ed9d702.jpg","https://media.birdweather.com/species/44/Dunnock-png200-951bb2cdb9ec585716907d8eac83882e.png","lQgGDwB9pneQhHlwWjeK2ZK6d/kdFaUA",11552866523,"https://media.birdweather.com/soundscapes/6891/6891-20260508-075202.flac",0,3,"birdnetpi"
7554914477,6891,"2026-05-08T09:51:34.000+02:00",1,0.672991514205933,9.40224790039199,"almost_certain","2p4",NA,51.5691,6.0022,FALSE,44,"Dunnock","Prunella modularis","#fea614","avian","https://media.birdweather.com/species/44/Dunnock-standard-a705d7131240cedd1c407b5a19989591.jpg","https://media.birdweather.com/species/44/Dunnock-thumbnail-1036624855b82c96db4ad23d1ed9d702.jpg","https://media.birdweather.com/species/44/Dunnock-png200-951bb2cdb9ec585716907d8eac83882e.png","lQgGDwB9pneQhHlwWjeK2ZK6d/kdFaUA",11552855994,"https://media.birdweather.com/soundscapes/6891/6891-20260508-075134.flac",0,3,"birdnetpi"
7554879288,6891,"2026-05-08T09:48:58.000+02:00",1,0.672991514205933,9.40224790039199,"almost_certain","2p4",NA,51.5666,6.0029,FALSE,44,"Dunnock","Prunella modularis","#fea614","avian","https://media.birdweather.com/species/44/Dunnock-standard-a705d7131240cedd1c407b5a19989591.jpg","https://media.birdweather.com/species/44/Dunnock-thumbnail-1036624855b82c96db4ad23d1ed9d702.jpg","https://media.birdweather.com/species/44/Dunnock-png200-951bb2cdb9ec585716907d8eac83882e.png","lQgGDwB9pneQhHlwWjeK2ZK6d/kdFaUA",11552784585,"https://media.birdweather.com/soundscapes/6891/6891-20260508-074858.flac",0,3,"birdnetpi"
7554873961,6891,"2026-05-08T09:48:33.000+02:00",0.99,0.672991514205933,9.38253533008261,"almost_certain","2p4",NA,51.5654,6.0011,FALSE,44,"Dunnock","Prunella modularis","#fea614","avian","https://media.birdweather.com/species/44/Dunnock-standard-a705d7131240cedd1c407b5a19989591.jpg","https://media.birdweather.com/species/44/Dunnock-thumbnail-1036624855b82c96db4ad23d1ed9d702.jpg","https://media.birdweather.com/species/44/Dunnock-png200-951bb2cdb9ec585716907d8eac83882e.png","lQgGDwB9pneQhHlwWjeK2ZK6d/kdFaUA",11552773747,"https://media.birdweather.com/soundscapes/6891/6891-20260508-074833.flac",0,3,"birdnetpi"
7554825518,6891,"2026-05-08T09:45:03.000+02:00",0.95,0.836401343345642,9.59460034039744,"almost_certain","2p4",NA,51.5619,6.0088,FALSE,95,"White Wagtail","Motacilla alba","#457700","avian","https://media.birdweather.com/species/95/WhiteWagtail-standard-c3e712d95481fd4c30012b3afc4ee61f.jpg","https://media.birdweather.com/species/95/WhiteWagtail-thumbnail-645080e5b8667eaccbc9a938f781f907.jpg","https://media.birdweather.com/species/95/WhiteWagtail-png200-38e3473b44d59c0f49a722ef0b7250cd.png","2PcFJwZKpplweXdymnZouGiofwaoZ4AL",11552676178,"https://media.birdweather.com/soundscapes/6891/6891-20260508-074503.flac",0,3,"birdnetpi"
7554763365,6891,"2026-05-08T09:40:27.000+02:00",0.82,0.824159979820251,9.2689349096368,"almost_certain","2p4",NA,51.5692,6.0047,FALSE,5,"Eurasian Wren","Troglodytes troglodytes","#871aa2","avian","https://media.birdweather.com/species/5/EurasianWren-standard-9c09f98281df1112cec97e5b2520b7ac.jpg","https://media.birdweather.com/species/5/EurasianWren-thumbnail-7ee2ceda5807a63f70243cd666e8e3c8.jpg","https://media.birdweather.com/species/5/EurasianWren-png200-a33056cab50c84c6025cfd25b6f18c19.png","JwgGDwDcVHlfhXmJhXiXWJiJaEAXA5IC",11552550112,"https://media.birdweather.com/soundscapes/6891/6891-20260508-074027.flac",0,3,"birdnetpi"
7554641412,6891,"2026-05-08T09:31:45.000+02:00",1,0.991870403289795,9.92715175545779,"almost_certain","2p4",NA,51.5619,6.0039,FALSE,25,"Common Chaffinch","Fringilla coelebs","#fb7eff","avian","https://media.birdweather.com/species/25/CommonChaffinch-standard-d8edb223d1ec828ee0cda788e8f5f209.jpg","https://media.birdweather.com/species/25/CommonChaffinch-thumbnail-7ba0a46bb0cd7efdb3215242f9528140.jpg","https://media.birdweather.com/species/25/CommonChaffinch-png200-ced617224ab07c316109e2d0e9078f2e.png","WfgJDwKGhIbAbHimmnhluHh2tv25ZoAD",11552305941,"https://media.birdweather.com/soundscapes/6891/6891-20260508-073145.flac",0,3,"birdnetpi"
7554635930,6891,"2026-05-08T09:31:15.000+02:00",0.99,0.991870403289795,9.90743918514842,"almost_certain","2p4",NA,51.5665,6.0038,FALSE,25,"Common Chaffinch","Fringilla coelebs","#fb7eff","avian","https://media.birdweather.com/species/25/CommonChaffinch-standard-d8edb223d1ec828ee0cda788e8f5f209.jpg","https://media.birdweather.com/species/25/CommonChaffinch-thumbnail-7ba0a46bb0cd7efdb3215242f9528140.jpg","https://media.birdweather.com/species/25/CommonChaffinch-png200-ced617224ab07c316109e2d0e9078f2e.png","WfgJDwKGhIbAbHimmnhluHh2tv25ZoAD",11552294904,"https://media.birdweather.com/soundscapes/6891/6891-20260508-073115.flac",0,3,"birdnetpi"
7554630579,6891,"2026-05-08T09:30:57.000+02:00",1,0.991870403289795,9.92715175545779,"almost_certain","2p4",NA,51.5681,6.0019,FALSE,25,"Common Chaffinch","Fringilla coelebs","#fb7eff","avian","https://media.birdweather.com/species/25/CommonChaffinch-standard-d8edb223d1ec828ee0cda788e8f5f209.jpg","https://media.birdweather.com/species/25/CommonChaffinch-thumbnail-7ba0a46bb0cd7efdb3215242f9528140.jpg","https://media.birdweather.com/species/25/CommonChaffinch-png200-ced617224ab07c316109e2d0e9078f2e.png","WfgJDwKGhIbAbHimmnhluHh2tv25ZoAD",11552284382,"https://media.birdweather.com/soundscapes/6891/6891-20260508-073057.flac",0,3,"birdnetpi"
7554624995,6891,"2026-05-08T09:30:33.000+02:00",1,0.991870403289795,9.92715175545779,"almost_certain","2p4",NA,51.5626,6.007,FALSE,25,"Common Chaffinch","Fringilla coelebs","#fb7eff","avian","https://media.birdweather.com/species/25/CommonChaffinch-standard-d8edb223d1ec828ee0cda788e8f5f209.jpg","https://media.birdweather.com/species/25/CommonChaffinch-thumbnail-7ba0a46bb0cd7efdb3215242f9528140.jpg","https://media.birdweather.com/species/25/CommonChaffinch-png200-ced617224ab07c316109e2d0e9078f2e.png","WfgJDwKGhIbAbHimmnhluHh2tv25ZoAD",11552273301,"https://media.birdweather.com/soundscapes/6891/6891-20260508-073033.flac",0,3,"birdnetpi"
7554619149,6891,"2026-05-08T09:30:00.000+02:00",0.98,0.991870403289795,9.88743882994144,"almost_certain","2p4",NA,51.5675,6.0044,FALSE,25,"Common Chaffinch","Fringilla coelebs","#fb7eff","avian","https://media.birdweather.com/species/25/CommonChaffinch-standard-d8edb223d1ec828ee0cda788e8f5f209.jpg","https://media.birdweather.com/species/25/CommonChaffinch-thumbnail-7ba0a46bb0cd7efdb3215242f9528140.jpg","https://media.birdweather.com/species/25/CommonChaffinch-png200-ced617224ab07c316109e2d0e9078f2e.png","WfgJDwKGhIbAbHimmnhluHh2tv25ZoAD",11552261807,"https://media.birdweather.com/soundscapes/6891/6891-20260508-073000.flac",0,3,"birdnetpi"
7554613701,6891,"2026-05-08T09:29:36.000+02:00",0.99,0.991870403289795,9.90743918514842,"almost_certain","2p4",NA,51.5657,6.0085,FALSE,25,"Common Chaffinch","Fringilla coelebs","#fb7eff","avian","https://media.birdweather.com/species/25/CommonChaffinch-standard-d8edb223d1ec828ee0cda788e8f5f209.jpg","https://media.birdweather.com/species/25/CommonChaffinch-thumbnail-7ba0a46bb0cd7efdb3215242f9528140.jpg","https://media.birdweather.com/species/25/CommonChaffinch-png200-ced617224ab07c316109e2d0e9078f2e.png","WfgJDwKGhIbAbHimmnhluHh2tv25ZoAD",11552250900,"https://media.birdweather.com/soundscapes/6891/6891-20260508-072936.flac",0,3,"birdnetpi"
7554608548,6891,"2026-05-08T09:29:21.000+02:00",1,0.991870403289795,9.92715175545779,"almost_certain","2p4",NA,51.5675,6.006,FALSE,25,"Common Chaffinch","Fringilla coelebs","#fb7eff","avian","https://media.birdweather.com/species/25/CommonChaffinch-standard-d8edb223d1ec828ee0cda788e8f5f209.jpg","https://media.birdweather.com/species/25/CommonChaffinch-thumbnail-7ba0a46bb0cd7efdb3215242f9528140.jpg","https://media.birdweather.com/species/25/CommonChaffinch-png200-ced617224ab07c316109e2d0e9078f2e.png","WfgJDwKGhIbAbHimmnhluHh2tv25ZoAD",11552240680,"https://media.birdweather.com/soundscapes/6891/6891-20260508-072921.flac",0,3,"birdnetpi"
7554603629,6891,"2026-05-08T09:29:02.000+02:00",1,0.991870403289795,9.92715175545779,"almost_certain","2p4",NA,51.5684,6.003,FALSE,25,"Common Chaffinch","Fringilla coelebs","#fb7eff","avian","https://media.birdweather.com/species/25/CommonChaffinch-standard-d8edb223d1ec828ee0cda788e8f5f209.jpg","https://media.birdweather.com/species/25/CommonChaffinch-thumbnail-7ba0a46bb0cd7efdb3215242f9528140.jpg","https://media.birdweather.com/species/25/CommonChaffinch-png200-ced617224ab07c316109e2d0e9078f2e.png","WfgJDwKGhIbAbHimmnhluHh2tv25ZoAD",11552231156,"https://media.birdweather.com/soundscapes/6891/6891-20260508-072902.flac",0,3,"birdnetpi"
7554597797,6891,"2026-05-08T09:28:31.000+02:00",1,0.991870403289795,9.92715175545779,"almost_certain","2p4",NA,51.5662,6.0015,FALSE,25,"Common Chaffinch","Fringilla coelebs","#fb7eff","avian","https://media.birdweather.com/species/25/CommonChaffinch-standard-d8edb223d1ec828ee0cda788e8f5f209.jpg","https://media.birdweather.com/species/25/CommonChaffinch-thumbnail-7ba0a46bb0cd7efdb3215242f9528140.jpg","https://media.birdweather.com/species/25/CommonChaffinch-png200-ced617224ab07c316109e2d0e9078f2e.png","WfgJDwKGhIbAbHimmnhluHh2tv25ZoAD",11552219689,"https://media.birdweather.com/soundscapes/6891/6891-20260508-072831.flac",0,3,"birdnetpi"
7554592345,6891,"2026-05-08T09:28:11.000+02:00",0.98,0.991870403289795,9.88743882994144,"almost_certain","2p4",NA,51.5643,6.0086,FALSE,25,"Common Chaffinch","Fringilla coelebs","#fb7eff","avian","https://media.birdweather.com/species/25/CommonChaffinch-standard-d8edb223d1ec828ee0cda788e8f5f209.jpg","https://media.birdweather.com/species/25/CommonChaffinch-thumbnail-7ba0a46bb0cd7efdb3215242f9528140.jpg","https://media.birdweather.com/species/25/CommonChaffinch-png200-ced617224ab07c316109e2d0e9078f2e.png","WfgJDwKGhIbAbHimmnhluHh2tv25ZoAD",11552208690,"https://media.birdweather.com/soundscapes/6891/6891-20260508-072811.flac",0,3,"birdnetpi"
7554586307,6891,"2026-05-08T09:27:46.000+02:00",0.99,0.991870403289795,9.90743918514842,"almost_certain","2p4",NA,51.5658,6.0023,FALSE,25,"Common Chaffinch","Fringilla coelebs","#fb7eff","avian","https://media.birdweather.com/species/25/CommonChaffinch-standard-d8edb223d1ec828ee0cda788e8f5f209.jpg","https://media.birdweather.com/species/25/CommonChaffinch-thumbnail-7ba0a46bb0cd7efdb3215242f9528140.jpg","https://media.birdweather.com/species/25/CommonChaffinch-png200-ced617224ab07c316109e2d0e9078f2e.png","WfgJDwKGhIbAbHimmnhluHh2tv25ZoAD",11552196802,"https://media.birdweather.com/soundscapes/6891/6891-20260508-072746.flac",0,3,"birdnetpi"
7554583718,6891,"2026-05-08T09:27:29.000+02:00",0.94,0.672991514205933,9.27947924298712,"almost_certain","2p4",NA,51.5656,6.0029,FALSE,44,"Dunnock","Prunella modularis","#fea614","avian","https://media.birdweather.com/species/44/Dunnock-standard-a705d7131240cedd1c407b5a19989591.jpg","https://media.birdweather.com/species/44/Dunnock-thumbnail-1036624855b82c96db4ad23d1ed9d702.jpg","https://media.birdweather.com/species/44/Dunnock-png200-951bb2cdb9ec585716907d8eac83882e.png","lQgGDwB9pneQhHlwWjeK2ZK6d/kdFaUA",11552191755,"https://media.birdweather.com/soundscapes/6891/6891-20260508-072729.flac",0,3,"birdnetpi"
7554579385,6891,"2026-05-08T09:27:18.000+02:00",1,0.991870403289795,9.92715175545779,"almost_certain","2p4",NA,51.5652,6.0069,FALSE,25,"Common Chaffinch","Fringilla coelebs","#fb7eff","avian","https://media.birdweather.com/species/25/CommonChaffinch-standard-d8edb223d1ec828ee0cda788e8f5f209.jpg","https://media.birdweather.com/species/25/CommonChaffinch-thumbnail-7ba0a46bb0cd7efdb3215242f9528140.jpg","https://media.birdweather.com/species/25/CommonChaffinch-png200-ced617224ab07c316109e2d0e9078f2e.png","WfgJDwKGhIbAbHimmnhluHh2tv25ZoAD",11552183477,"https://media.birdweather.com/soundscapes/6891/6891-20260508-072718.flac",0,3,"birdnetpi"
7554577026,6891,"2026-05-08T09:26:59.000+02:00",0.82,0.672991514205933,8.99501331324092,"almost_certain","2p4",NA,51.5636,6.0052,FALSE,44,"Dunnock","Prunella modularis","#fea614","avian","https://media.birdweather.com/species/44/Dunnock-standard-a705d7131240cedd1c407b5a19989591.jpg","https://media.birdweather.com/species/44/Dunnock-thumbnail-1036624855b82c96db4ad23d1ed9d702.jpg","https://media.birdweather.com/species/44/Dunnock-png200-951bb2cdb9ec585716907d8eac83882e.png","lQgGDwB9pneQhHlwWjeK2ZK6d/kdFaUA",11552178990,"https://media.birdweather.com/soundscapes/6891/6891-20260508-072659.flac",0,3,"birdnetpi"
7554575708,6891,"2026-05-08T09:26:54.000+02:00",0.95,0.991870403289795,9.82562383360719,"almost_certain","2p4",NA,51.5651,6.005,FALSE,25,"Common Chaffinch","Fringilla coelebs","#fb7eff","avian","https://media.birdweather.com/species/25/CommonChaffinch-standard-d8edb223d1ec828ee0cda788e8f5f209.jpg","https://media.birdweather.com/species/25/CommonChaffinch-thumbnail-7ba0a46bb0cd7efdb3215242f9528140.jpg","https://media.birdweather.com/species/25/CommonChaffinch-png200-ced617224ab07c316109e2d0e9078f2e.png","WfgJDwKGhIbAbHimmnhluHh2tv25ZoAD",11552176342,"https://media.birdweather.com/soundscapes/6891/6891-20260508-072654.flac",0,3,"birdnetpi"
7554570931,6891,"2026-05-08T09:26:42.000+02:00",0.98,0.672991514205933,9.36253497487563,"almost_certain","2p4",NA,51.565,6.0027,FALSE,44,"Dunnock","Prunella modularis","#fea614","avian","https://media.birdweather.com/species/44/Dunnock-standard-a705d7131240cedd1c407b5a19989591.jpg","https://media.birdweather.com/species/44/Dunnock-thumbnail-1036624855b82c96db4ad23d1ed9d702.jpg","https://media.birdweather.com/species/44/Dunnock-png200-951bb2cdb9ec585716907d8eac83882e.png","lQgGDwB9pneQhHlwWjeK2ZK6d/kdFaUA",11552167174,"https://media.birdweather.com/soundscapes/6891/6891-20260508-072642.flac",0,3,"birdnetpi"
7554560031,6891,"2026-05-08T09:25:52.000+02:00",1,0.672991514205933,9.40224790039199,"almost_certain","2p4",NA,51.5668,6.005,FALSE,44,"Dunnock","Prunella modularis","#fea614","avian","https://media.birdweather.com/species/44/Dunnock-standard-a705d7131240cedd1c407b5a19989591.jpg","https://media.birdweather.com/species/44/Dunnock-thumbnail-1036624855b82c96db4ad23d1ed9d702.jpg","https://media.birdweather.com/species/44/Dunnock-png200-951bb2cdb9ec585716907d8eac83882e.png","lQgGDwB9pneQhHlwWjeK2ZK6d/kdFaUA",11552146028,"https://media.birdweather.com/soundscapes/6891/6891-20260508-072552.flac",0,3,"birdnetpi"
7554554668,6891,"2026-05-08T09:25:27.000+02:00",1,0.672991514205933,9.40224790039199,"almost_certain","2p4",NA,51.5683,6.0082,FALSE,44,"Dunnock","Prunella modularis","#fea614","avian","https://media.birdweather.com/species/44/Dunnock-standard-a705d7131240cedd1c407b5a19989591.jpg","https://media.birdweather.com/species/44/Dunnock-thumbnail-1036624855b82c96db4ad23d1ed9d702.jpg","https://media.birdweather.com/species/44/Dunnock-png200-951bb2cdb9ec585716907d8eac83882e.png","lQgGDwB9pneQhHlwWjeK2ZK6d/kdFaUA",11552135827,"https://media.birdweather.com/soundscapes/6891/6891-20260508-072527.flac",0,3,"birdnetpi"
7554528274,6891,"2026-05-08T09:23:40.000+02:00",0.99,0.991870403289795,9.90743918514842,"almost_certain","2p4",NA,51.5678,6.0015,FALSE,25,"Common Chaffinch","Fringilla coelebs","#fb7eff","avian","https://media.birdweather.com/species/25/CommonChaffinch-standard-d8edb223d1ec828ee0cda788e8f5f209.jpg","https://media.birdweather.com/species/25/CommonChaffinch-thumbnail-7ba0a46bb0cd7efdb3215242f9528140.jpg","https://media.birdweather.com/species/25/CommonChaffinch-png200-ced617224ab07c316109e2d0e9078f2e.png","WfgJDwKGhIbAbHimmnhluHh2tv25ZoAD",11552084272,"https://media.birdweather.com/soundscapes/6891/6891-20260508-072340.flac",0,3,"birdnetpi"
7554522218,6891,"2026-05-08T09:23:08.000+02:00",0.98,0.991870403289795,9.88743882994144,"almost_certain","2p4",NA,51.5664,6.0016,FALSE,25,"Common Chaffinch","Fringilla coelebs","#fb7eff","avian","https://media.birdweather.com/species/25/CommonChaffinch-standard-d8edb223d1ec828ee0cda788e8f5f209.jpg","https://media.birdweather.com/species/25/CommonChaffinch-thumbnail-7ba0a46bb0cd7efdb3215242f9528140.jpg","https://media.birdweather.com/species/25/CommonChaffinch-png200-ced617224ab07c316109e2d0e9078f2e.png","WfgJDwKGhIbAbHimmnhluHh2tv25ZoAD",11552072371,"https://media.birdweather.com/soundscapes/6891/6891-20260508-072308.flac",0,3,"birdnetpi"
7554518494,6891,"2026-05-08T09:22:50.000+02:00",0.97,0.999183833599091,9.8771065318585,"almost_certain","2p4",NA,51.5661,6.0078,FALSE,35,"Eurasian Blackbird","Turdus merula","#ff65df","avian","https://media.birdweather.com/species/35/EurasianBlackbird-standard-618b3a5132c7c359fb2a2884c39deb39.jpg","https://media.birdweather.com/species/35/EurasianBlackbird-thumbnail-276878929bed08167d1fd9bf34d63d40.jpg","https://media.birdweather.com/species/35/EurasianBlackbird-png200-ba5a1b43225da4611cac429c52a52c81.png","GfkFFwKRmrx2ZYiaaQe69nlzScn3T7IA",11552065093,"https://media.birdweather.com/soundscapes/6891/6891-20260508-072250.flac",0,3,"birdnetpi"
7554515304,6891,"2026-05-08T09:22:36.000+02:00",0.83,0.991870403289795,9.54601319541658,"almost_certain","2p4",NA,51.5627,6.0083,FALSE,25,"Common Chaffinch","Fringilla coelebs","#fb7eff","avian","https://media.birdweather.com/species/25/CommonChaffinch-standard-d8edb223d1ec828ee0cda788e8f5f209.jpg","https://media.birdweather.com/species/25/CommonChaffinch-thumbnail-7ba0a46bb0cd7efdb3215242f9528140.jpg","https://media.birdweather.com/species/25/CommonChaffinch-png200-ced617224ab07c316109e2d0e9078f2e.png","WfgJDwKGhIbAbHimmnhluHh2tv25ZoAD",11552058755,"https://media.birdweather.com/soundscapes/6891/6891-20260508-072236.flac",0,3,"birdnetpi"
7554512240,6891,"2026-05-08T09:22:23.000+02:00",0.99,0.999183833599091,9.91740355459112,"almost_certain","2p4",NA,51.5628,6.0078,FALSE,35,"Eurasian Blackbird","Turdus merula","#ff65df","avian","https://media.birdweather.com/species/35/EurasianBlackbird-standard-618b3a5132c7c359fb2a2884c39deb39.jpg","https://media.birdweather.com/species/35/EurasianBlackbird-thumbnail-276878929bed08167d1fd9bf34d63d40.jpg","https://media.birdweather.com/species/35/EurasianBlackbird-png200-ba5a1b43225da4611cac429c52a52c81.png","GfkFFwKRmrx2ZYiaaQe69nlzScn3T7IA",11552052662,"https://media.birdweather.com/soundscapes/6891/6891-20260508-072223.flac",0,3,"birdnetpi"
7554506545,6891,"2026-05-08T09:22:05.000+02:00",0.96,0.999183833599091,9.85650463986908,"almost_certain","2p4",NA,51.5624,6.0092,FALSE,35,"Eurasian Blackbird","Turdus merula","#ff65df","avian","https://media.birdweather.com/species/35/EurasianBlackbird-standard-618b3a5132c7c359fb2a2884c39deb39.jpg","https://media.birdweather.com/species/35/EurasianBlackbird-thumbnail-276878929bed08167d1fd9bf34d63d40.jpg","https://media.birdweather.com/species/35/EurasianBlackbird-png200-ba5a1b43225da4611cac429c52a52c81.png","GfkFFwKRmrx2ZYiaaQe69nlzScn3T7IA",11552041647,"https://media.birdweather.com/soundscapes/6891/6891-20260508-072205.flac",0,3,"birdnetpi"
7554503041,6891,"2026-05-08T09:21:53.000+02:00",0.95,0.999183833599091,9.8355882030499,"almost_certain","2p4",NA,51.5655,6.0094,FALSE,35,"Eurasian Blackbird","Turdus merula","#ff65df","avian","https://media.birdweather.com/species/35/EurasianBlackbird-standard-618b3a5132c7c359fb2a2884c39deb39.jpg","https://media.birdweather.com/species/35/EurasianBlackbird-thumbnail-276878929bed08167d1fd9bf34d63d40.jpg","https://media.birdweather.com/species/35/EurasianBlackbird-png200-ba5a1b43225da4611cac429c52a52c81.png","GfkFFwKRmrx2ZYiaaQe69nlzScn3T7IA",11552034462,"https://media.birdweather.com/soundscapes/6891/6891-20260508-072153.flac",0,3,"birdnetpi"
7554499044,6891,"2026-05-08T09:21:35.000+02:00",0.89,0.999183833599091,9.70290394144371,"almost_certain","2p4",NA,51.5622,6.001,FALSE,35,"Eurasian Blackbird","Turdus merula","#ff65df","avian","https://media.birdweather.com/species/35/EurasianBlackbird-standard-618b3a5132c7c359fb2a2884c39deb39.jpg","https://media.birdweather.com/species/35/EurasianBlackbird-thumbnail-276878929bed08167d1fd9bf34d63d40.jpg","https://media.birdweather.com/species/35/EurasianBlackbird-png200-ba5a1b43225da4611cac429c52a52c81.png","GfkFFwKRmrx2ZYiaaQe69nlzScn3T7IA",11552027517,"https://media.birdweather.com/soundscapes/6891/6891-20260508-072135.flac",0,3,"birdnetpi"
7554487697,6891,"2026-05-08T09:20:37.000+02:00",0.91,0.961844444274902,9.69692386069247,"almost_certain","2p4",NA,51.564,6.0046,FALSE,51,"Common Chiffchaff","Phylloscopus collybita","#234bb2","avian","https://media.birdweather.com/species/51/CommonChiffchaff-standard-51b65ae67159c1d7e6b40d2e5032b8bc.jpg","https://media.birdweather.com/species/51/CommonChiffchaff-thumbnail-db7cc6cc80c51cac95a6cceb51a0a66f.jpg","https://media.birdweather.com/species/51/CommonChiffchaff-png200-e06677bd5f83c96ea17aab076a5e64dd.png","HSkCDwJplXeiMFilxTzIyVZplYf32ZcA",11552005059,"https://media.birdweather.com/soundscapes/6891/6891-20260508-072037.flac",0,3,"birdnetpi"
7554482734,6891,"2026-05-08T09:20:15.000+02:00",0.93,0.961844444274902,9.74112124193144,"almost_certain","2p4",NA,51.5676,6.0066,FALSE,51,"Common Chiffchaff","Phylloscopus collybita","#234bb2","avian","https://media.birdweather.com/species/51/CommonChiffchaff-standard-51b65ae67159c1d7e6b40d2e5032b8bc.jpg","https://media.birdweather.com/species/51/CommonChiffchaff-thumbnail-db7cc6cc80c51cac95a6cceb51a0a66f.jpg","https://media.birdweather.com/species/51/CommonChiffchaff-png200-e06677bd5f83c96ea17aab076a5e64dd.png","HSkCDwJplXeiMFilxTzIyVZplYf32ZcA",11551995278,"https://media.birdweather.com/soundscapes/6891/6891-20260508-072015.flac",0,3,"birdnetpi"
7554477195,6891,"2026-05-08T09:20:00.000+02:00",0.9,0.961844444274902,9.67427871701932,"almost_certain","2p4",NA,51.5645,6.0016,FALSE,51,"Common Chiffchaff","Phylloscopus collybita","#234bb2","avian","https://media.birdweather.com/species/51/CommonChiffchaff-standard-51b65ae67159c1d7e6b40d2e5032b8bc.jpg","https://media.birdweather.com/species/51/CommonChiffchaff-thumbnail-db7cc6cc80c51cac95a6cceb51a0a66f.jpg","https://media.birdweather.com/species/51/CommonChiffchaff-png200-e06677bd5f83c96ea17aab076a5e64dd.png","HSkCDwJplXeiMFilxTzIyVZplYf32ZcA",11551984680,"https://media.birdweather.com/soundscapes/6891/6891-20260508-072000.flac",0,3,"birdnetpi"
7554461618,6891,"2026-05-08T09:18:44.000+02:00",0.97,0.961844444274902,9.82545555534066,"almost_certain","2p4",NA,51.5652,6.0033,FALSE,51,"Common Chiffchaff","Phylloscopus collybita","#234bb2","avian","https://media.birdweather.com/species/51/CommonChiffchaff-standard-51b65ae67159c1d7e6b40d2e5032b8bc.jpg","https://media.birdweather.com/species/51/CommonChiffchaff-thumbnail-db7cc6cc80c51cac95a6cceb51a0a66f.jpg","https://media.birdweather.com/species/51/CommonChiffchaff-png200-e06677bd5f83c96ea17aab076a5e64dd.png","HSkCDwJplXeiMFilxTzIyVZplYf32ZcA",11551953832,"https://media.birdweather.com/soundscapes/6891/6891-20260508-071844.flac",0,3,"birdnetpi"
7554451867,6891,"2026-05-08T09:18:02.000+02:00",0.81,0.991870403289795,9.4933143906825,"almost_certain","2p4",NA,51.562,6.0069,FALSE,25,"Common Chaffinch","Fringilla coelebs","#fb7eff","avian","https://media.birdweather.com/species/25/CommonChaffinch-standard-d8edb223d1ec828ee0cda788e8f5f209.jpg","https://media.birdweather.com/species/25/CommonChaffinch-thumbnail-7ba0a46bb0cd7efdb3215242f9528140.jpg","https://media.birdweather.com/species/25/CommonChaffinch-png200-ced617224ab07c316109e2d0e9078f2e.png","WfgJDwKGhIbAbHimmnhluHh2tv25ZoAD",11551934188,"https://media.birdweather.com/soundscapes/6891/6891-20260508-071802.flac",0,3,"birdnetpi"
7554445923,6891,"2026-05-08T09:17:44.000+02:00",0.98,0.991870403289795,9.88743882994144,"almost_certain","2p4",NA,51.5692,6.0012,FALSE,25,"Common Chaffinch","Fringilla coelebs","#fb7eff","avian","https://media.birdweather.com/species/25/CommonChaffinch-standard-d8edb223d1ec828ee0cda788e8f5f209.jpg","https://media.birdweather.com/species/25/CommonChaffinch-thumbnail-7ba0a46bb0cd7efdb3215242f9528140.jpg","https://media.birdweather.com/species/25/CommonChaffinch-png200-ced617224ab07c316109e2d0e9078f2e.png","WfgJDwKGhIbAbHimmnhluHh2tv25ZoAD",11551922300,"https://media.birdweather.com/soundscapes/6891/6891-20260508-071744.flac",0,3,"birdnetpi"
7554446713,6891,"2026-05-08T09:17:39.000+02:00",0.84,0.961844444274902,9.52993481056809,"almost_certain","2p4",NA,51.5694,6.008,FALSE,51,"Common Chiffchaff","Phylloscopus collybita","#234bb2","avian","https://media.birdweather.com/species/51/CommonChiffchaff-standard-51b65ae67159c1d7e6b40d2e5032b8bc.jpg","https://media.birdweather.com/species/51/CommonChiffchaff-thumbnail-db7cc6cc80c51cac95a6cceb51a0a66f.jpg","https://media.birdweather.com/species/51/CommonChiffchaff-png200-e06677bd5f83c96ea17aab076a5e64dd.png","HSkCDwJplXeiMFilxTzIyVZplYf32ZcA",11551924055,"https://media.birdweather.com/soundscapes/6891/6891-20260508-071739.flac",0,3,"birdnetpi"
7554439981,6891,"2026-05-08T09:17:11.000+02:00",0.92,0.961844444274902,9.71920077428681,"almost_certain","2p4",NA,51.5618,6.0045,FALSE,51,"Common Chiffchaff","Phylloscopus collybita","#234bb2","avian","https://media.birdweather.com/species/51/CommonChiffchaff-standard-51b65ae67159c1d7e6b40d2e5032b8bc.jpg","https://media.birdweather.com/species/51/CommonChiffchaff-thumbnail-db7cc6cc80c51cac95a6cceb51a0a66f.jpg","https://media.birdweather.com/species/51/CommonChiffchaff-png200-e06677bd5f83c96ea17aab076a5e64dd.png","HSkCDwJplXeiMFilxTzIyVZplYf32ZcA",11551910733,"https://media.birdweather.com/soundscapes/6891/6891-20260508-071711.flac",0,3,"birdnetpi"
7554424348,6891,"2026-05-08T09:16:06.000+02:00",0.89,0.961844444274902,9.65125296492587,"almost_certain","2p4",NA,51.5674,6.0034,FALSE,51,"Common Chiffchaff","Phylloscopus collybita","#234bb2","avian","https://media.birdweather.com/species/51/CommonChiffchaff-standard-51b65ae67159c1d7e6b40d2e5032b8bc.jpg","https://media.birdweather.com/species/51/CommonChiffchaff-thumbnail-db7cc6cc80c51cac95a6cceb51a0a66f.jpg","https://media.birdweather.com/species/51/CommonChiffchaff-png200-e06677bd5f83c96ea17aab076a5e64dd.png","HSkCDwJplXeiMFilxTzIyVZplYf32ZcA",11551879642,"https://media.birdweather.com/soundscapes/6891/6891-20260508-071606.flac",0,3,"birdnetpi"
7554418661,6891,"2026-05-08T09:15:39.000+02:00",0.82,0.961844444274902,9.47823056123159,"almost_certain","2p4",NA,51.5653,6.0013,FALSE,51,"Common Chiffchaff","Phylloscopus collybita","#234bb2","avian","https://media.birdweather.com/species/51/CommonChiffchaff-standard-51b65ae67159c1d7e6b40d2e5032b8bc.jpg","https://media.birdweather.com/species/51/CommonChiffchaff-thumbnail-db7cc6cc80c51cac95a6cceb51a0a66f.jpg","https://media.birdweather.com/species/51/CommonChiffchaff-png200-e06677bd5f83c96ea17aab076a5e64dd.png","HSkCDwJplXeiMFilxTzIyVZplYf32ZcA",11551868731,"https://media.birdweather.com/soundscapes/6891/6891-20260508-071539.flac",0,3,"birdnetpi"
7554408404,6891,"2026-05-08T09:15:01.000+02:00",0.72,0.991870403289795,9.22732065089838,"almost_certain","2p4",NA,51.5675,6.0085,FALSE,25,"Common Chaffinch","Fringilla coelebs","#fb7eff","avian","https://media.birdweather.com/species/25/CommonChaffinch-standard-d8edb223d1ec828ee0cda788e8f5f209.jpg","https://media.birdweather.com/species/25/CommonChaffinch-thumbnail-7ba0a46bb0cd7efdb3215242f9528140.jpg","https://media.birdweather.com/species/25/CommonChaffinch-png200-ced617224ab07c316109e2d0e9078f2e.png","WfgJDwKGhIbAbHimmnhluHh2tv25ZoAD",11551848074,"https://media.birdweather.com/soundscapes/6891/6891-20260508-071501.flac",0,3,"birdnetpi"
7554404289,6891,"2026-05-08T09:14:36.000+02:00",0.9,0.931612968444824,9.63098476302548,"almost_certain","2p4",NA,51.5662,6.0009,FALSE,66,"Eurasian Blue Tit","Cyanistes caeruleus","#4b8900","avian","https://media.birdweather.com/species/66/EurasianBlueTit-standard-4ec8e45d78b2908d0f41ae495ae07571.jpg","https://media.birdweather.com/species/66/EurasianBlueTit-thumbnail-4d9abc54a3abc3fb12e78e603cbe6784.jpg","https://media.birdweather.com/species/66/EurasianBlueTit-png200-49adab92304ba7a74e93ac43e38e62d3.png","EfgJBwAKhHiEm2ZheGllqXeZhi/ze3EP",11551839823,"https://media.birdweather.com/soundscapes/6891/6891-20260508-071436.flac",0,3,"birdnetpi"
7554399029,6891,"2026-05-08T09:14:13.000+02:00",0.83,0.961844444274902,9.50432658834144,"almost_certain","2p4",NA,51.5658,6.0011,FALSE,51,"Common Chiffchaff","Phylloscopus collybita","#234bb2","avian","https://media.birdweather.com/species/51/CommonChiffchaff-standard-51b65ae67159c1d7e6b40d2e5032b8bc.jpg","https://media.birdweather.com/species/51/CommonChiffchaff-thumbnail-db7cc6cc80c51cac95a6cceb51a0a66f.jpg","https://media.birdweather.com/species/51/CommonChiffchaff-png200-e06677bd5f83c96ea17aab076a5e64dd.png","HSkCDwJplXeiMFilxTzIyVZplYf32ZcA",11551829371,"https://media.birdweather.com/soundscapes/6891/6891-20260508-071413.flac",0,3,"birdnetpi"
7554368871,6891,"2026-05-08T09:12:03.000+02:00",1,0.148204311728477,7.39849257871076,"almost_certain","2p4",NA,51.566,6.0032,FALSE,143,"Eurasian Oystercatcher","Haematopus ostralegus","#ca8600","avian","https://media.birdweather.com/species/143/EurasianOystercatcher-standard-de054f6108c9ec46b2430e18a3a05899.jpg","https://media.birdweather.com/species/143/EurasianOystercatcher-thumbnail-30dda908d192acf9a6ba366e2d58599a.jpg","https://media.birdweather.com/species/143/EurasianOystercatcher-png200-eaade4c821880831fc0130856cf4cad3.png","3vcRFwKHd4mAiHeCdth4eIeIhYD5CocK",11551769862,"https://media.birdweather.com/soundscapes/6891/6891-20260508-071203.flac",0,3,"birdnetpi"
7554319198,6891,"2026-05-08T09:08:32.000+02:00",0.93,0.940908372402191,9.71128531935161,"almost_certain","2p4",NA,51.5698,6.009,FALSE,397,"Barn Swallow","Hirundo rustica","#c85500","avian","https://media.birdweather.com/species/397/BarnSwallow-standard-66c9cb8916403efe633a420fe54e3bc6.jpg","https://media.birdweather.com/species/397/BarnSwallow-thumbnail-418cddeb212e9e1ce5d35f61a3040433.jpg","https://media.birdweather.com/species/397/BarnSwallow-png200-317c812ebfcec488fad1824feff99dbc.png","IAgKHwKLhnmThXdPl1i3p3ll51f4jngP",11551673371,"https://media.birdweather.com/soundscapes/6891/6891-20260508-070832.flac",0,3,"birdnetpi"
7554306917,6891,"2026-05-08T09:07:39.000+02:00",1,0.622888922691345,9.29787101712762,"almost_certain","2p4",NA,51.5622,6.0032,FALSE,76,"Eurasian Jackdaw","Corvus monedula","#f36f1b","avian","https://media.birdweather.com/species/76/EurasianJackdaw-standard-55cbd4006f743c538a3264a1fb86d41c.jpg","https://media.birdweather.com/species/76/EurasianJackdaw-thumbnail-80ecf23afe76ea22483b4f8043e19339.jpg","https://media.birdweather.com/species/76/EurasianJackdaw-png200-862dbf9b3725619bb5532ba255c32118.png","4AgKDwL2i2d1homOY0modph5OL/1qHAJ",11551649831,"https://media.birdweather.com/soundscapes/6891/6891-20260508-070739.flac",0,3,"birdnetpi"
7554258146,6891,"2026-05-08T09:04:16.000+02:00",0.83,0.236734092235565,7.62621475782751,"almost_certain","2p4",NA,51.5654,6.0076,FALSE,20,"Black Redstart","Phoenicurus ochruros","#c8ce2d","avian","https://media.birdweather.com/species/20/BlackRedstart-standard-4255c9b712ecb46ea7d3df8d556c18e7.jpg","https://media.birdweather.com/species/20/BlackRedstart-thumbnail-2fee59acc1ecc6be7238da194869e940.jpg","https://media.birdweather.com/species/20/BlackRedstart-png200-cbc0625b8b4889aeec1da754ad906efd.png","2QgGFwT8epa+l3ZlZ5hntnh4Z/6oyZ8I",11551556786,"https://media.birdweather.com/soundscapes/6891/6891-20260508-070416.flac",0,3,"birdnetpi"
7554249748,6891,"2026-05-08T09:03:39.000+02:00",0.92,0.236734092235565,7.84108894377288,"almost_certain","2p4",NA,51.5672,6.007,FALSE,20,"Black Redstart","Phoenicurus ochruros","#c8ce2d","avian","https://media.birdweather.com/species/20/BlackRedstart-standard-4255c9b712ecb46ea7d3df8d556c18e7.jpg","https://media.birdweather.com/species/20/BlackRedstart-thumbnail-2fee59acc1ecc6be7238da194869e940.jpg","https://media.birdweather.com/species/20/BlackRedstart-png200-cbc0625b8b4889aeec1da754ad906efd.png","2QgGFwT8epa+l3ZlZ5hntnh4Z/6oyZ8I",11551540180,"https://media.birdweather.com/soundscapes/6891/6891-20260508-070339.flac",0,3,"birdnetpi"
7554218471,6891,"2026-05-08T09:01:27.000+02:00",0.87,0.961844444274902,9.60400690370837,"almost_certain","2p4",NA,51.5689,6.0031,FALSE,51,"Common Chiffchaff","Phylloscopus collybita","#234bb2","avian","https://media.birdweather.com/species/51/CommonChiffchaff-standard-51b65ae67159c1d7e6b40d2e5032b8bc.jpg","https://media.birdweather.com/species/51/CommonChiffchaff-thumbnail-db7cc6cc80c51cac95a6cceb51a0a66f.jpg","https://media.birdweather.com/species/51/CommonChiffchaff-png200-e06677bd5f83c96ea17aab076a5e64dd.png","HSkCDwJplXeiMFilxTzIyVZplYf32ZcA",11551478616,"https://media.birdweather.com/soundscapes/6891/6891-20260508-070127.flac",0,3,"birdnetpi"
7554212958,6891,"2026-05-08T09:01:06.000+02:00",0.88,0.961844444274902,9.62783359122363,"almost_certain","2p4",NA,51.5657,6.007,FALSE,51,"Common Chiffchaff","Phylloscopus collybita","#234bb2","avian","https://media.birdweather.com/species/51/CommonChiffchaff-standard-51b65ae67159c1d7e6b40d2e5032b8bc.jpg","https://media.birdweather.com/species/51/CommonChiffchaff-thumbnail-db7cc6cc80c51cac95a6cceb51a0a66f.jpg","https://media.birdweather.com/species/51/CommonChiffchaff-png200-e06677bd5f83c96ea17aab076a5e64dd.png","HSkCDwJplXeiMFilxTzIyVZplYf32ZcA",11551467653,"https://media.birdweather.com/soundscapes/6891/6891-20260508-070106.flac",0,3,"birdnetpi"
7554203093,6891,"2026-05-08T09:00:26.000+02:00",0.77,0.961844444274902,9.33972888111782,"almost_certain","2p4",NA,51.5664,6.0057,FALSE,51,"Common Chiffchaff","Phylloscopus collybita","#234bb2","avian","https://media.birdweather.com/species/51/CommonChiffchaff-standard-51b65ae67159c1d7e6b40d2e5032b8bc.jpg","https://media.birdweather.com/species/51/CommonChiffchaff-thumbnail-db7cc6cc80c51cac95a6cceb51a0a66f.jpg","https://media.birdweather.com/species/51/CommonChiffchaff-png200-e06677bd5f83c96ea17aab076a5e64dd.png","HSkCDwJplXeiMFilxTzIyVZplYf32ZcA",11551448914,"https://media.birdweather.com/soundscapes/6891/6891-20260508-070026.flac",0,3,"birdnetpi"
7554196757,6891,"2026-05-08T08:59:53.000+02:00",0.97,0.991870403289795,9.86714216241579,"almost_certain","2p4",NA,51.5682,6.0017,FALSE,25,"Common Chaffinch","Fringilla coelebs","#fb7eff","avian","https://media.birdweather.com/species/25/CommonChaffinch-standard-d8edb223d1ec828ee0cda788e8f5f209.jpg","https://media.birdweather.com/species/25/CommonChaffinch-thumbnail-7ba0a46bb0cd7efdb3215242f9528140.jpg","https://media.birdweather.com/species/25/CommonChaffinch-png200-ced617224ab07c316109e2d0e9078f2e.png","WfgJDwKGhIbAbHimmnhluHh2tv25ZoAD",11551436898,"https://media.birdweather.com/soundscapes/6891/6891-20260508-065953.flac",0,3,"birdnetpi"
7554190019,6891,"2026-05-08T08:59:25.000+02:00",0.97,0.991870403289795,9.86714216241579,"almost_certain","2p4",NA,51.5691,6.0093,FALSE,25,"Common Chaffinch","Fringilla coelebs","#fb7eff","avian","https://media.birdweather.com/species/25/CommonChaffinch-standard-d8edb223d1ec828ee0cda788e8f5f209.jpg","https://media.birdweather.com/species/25/CommonChaffinch-thumbnail-7ba0a46bb0cd7efdb3215242f9528140.jpg","https://media.birdweather.com/species/25/CommonChaffinch-png200-ced617224ab07c316109e2d0e9078f2e.png","WfgJDwKGhIbAbHimmnhluHh2tv25ZoAD",11551423671,"https://media.birdweather.com/soundscapes/6891/6891-20260508-065925.flac",0,3,"birdnetpi"
7554183752,6891,"2026-05-08T08:59:05.000+02:00",0.76,0.991870403289795,9.35195198704023,"almost_certain","2p4",NA,51.565,6.0083,FALSE,25,"Common Chaffinch","Fringilla coelebs","#fb7eff","avian","https://media.birdweather.com/species/25/CommonChaffinch-standard-d8edb223d1ec828ee0cda788e8f5f209.jpg","https://media.birdweather.com/species/25/CommonChaffinch-thumbnail-7ba0a46bb0cd7efdb3215242f9528140.jpg","https://media.birdweather.com/species/25/CommonChaffinch-png200-ced617224ab07c316109e2d0e9078f2e.png","WfgJDwKGhIbAbHimmnhluHh2tv25ZoAD",11551411286,"https://media.birdweather.com/soundscapes/6891/6891-20260508-065905.flac",0,3,"birdnetpi"
7554176786,6891,"2026-05-08T08:58:29.000+02:00",0.79,0.991870403289795,9.43850708226173,"almost_certain","2p4",NA,51.565,6.0053,FALSE,25,"Common Chaffinch","Fringilla coelebs","#fb7eff","avian","https://media.birdweather.com/species/25/CommonChaffinch-standard-d8edb223d1ec828ee0cda788e8f5f209.jpg","https://media.birdweather.com/species/25/CommonChaffinch-thumbnail-7ba0a46bb0cd7efdb3215242f9528140.jpg","https://media.birdweather.com/species/25/CommonChaffinch-png200-ced617224ab07c316109e2d0e9078f2e.png","WfgJDwKGhIbAbHimmnhluHh2tv25ZoAD",11551397812,"https://media.birdweather.com/soundscapes/6891/6891-20260508-065829.flac",0,3,"birdnetpi"
7554170727,6891,"2026-05-08T08:58:02.000+02:00",0.93,0.991870403289795,9.78280784900657,"almost_certain","2p4",NA,51.5653,6.0037,FALSE,25,"Common Chaffinch","Fringilla coelebs","#fb7eff","avian","https://media.birdweather.com/species/25/CommonChaffinch-standard-d8edb223d1ec828ee0cda788e8f5f209.jpg","https://media.birdweather.com/species/25/CommonChaffinch-thumbnail-7ba0a46bb0cd7efdb3215242f9528140.jpg","https://media.birdweather.com/species/25/CommonChaffinch-png200-ced617224ab07c316109e2d0e9078f2e.png","WfgJDwKGhIbAbHimmnhluHh2tv25ZoAD",11551385511,"https://media.birdweather.com/soundscapes/6891/6891-20260508-065802.flac",0,3,"birdnetpi"
7554164166,6891,"2026-05-08T08:57:33.000+02:00",1,0.991870403289795,9.92715175545779,"almost_certain","2p4",NA,51.562,6.0057,FALSE,25,"Common Chaffinch","Fringilla coelebs","#fb7eff","avian","https://media.birdweather.com/species/25/CommonChaffinch-standard-d8edb223d1ec828ee0cda788e8f5f209.jpg","https://media.birdweather.com/species/25/CommonChaffinch-thumbnail-7ba0a46bb0cd7efdb3215242f9528140.jpg","https://media.birdweather.com/species/25/CommonChaffinch-png200-ced617224ab07c316109e2d0e9078f2e.png","WfgJDwKGhIbAbHimmnhluHh2tv25ZoAD",11551372655,"https://media.birdweather.com/soundscapes/6891/6891-20260508-065733.flac",0,3,"birdnetpi"
7554155933,6891,"2026-05-08T08:57:00.000+02:00",0.99,0.991870403289795,9.90743918514842,"almost_certain","2p4",NA,51.5653,6.0035,FALSE,25,"Common Chaffinch","Fringilla coelebs","#fb7eff","avian","https://media.birdweather.com/species/25/CommonChaffinch-standard-d8edb223d1ec828ee0cda788e8f5f209.jpg","https://media.birdweather.com/species/25/CommonChaffinch-thumbnail-7ba0a46bb0cd7efdb3215242f9528140.jpg","https://media.birdweather.com/species/25/CommonChaffinch-png200-ced617224ab07c316109e2d0e9078f2e.png","WfgJDwKGhIbAbHimmnhluHh2tv25ZoAD",11551356589,"https://media.birdweather.com/soundscapes/6891/6891-20260508-065700.flac",0,3,"birdnetpi"
7554149530,6891,"2026-05-08T08:56:31.000+02:00",0.99,0.991870403289795,9.90743918514842,"almost_certain","2p4",NA,51.5618,6.0055,FALSE,25,"Common Chaffinch","Fringilla coelebs","#fb7eff","avian","https://media.birdweather.com/species/25/CommonChaffinch-standard-d8edb223d1ec828ee0cda788e8f5f209.jpg","https://media.birdweather.com/species/25/CommonChaffinch-thumbnail-7ba0a46bb0cd7efdb3215242f9528140.jpg","https://media.birdweather.com/species/25/CommonChaffinch-png200-ced617224ab07c316109e2d0e9078f2e.png","WfgJDwKGhIbAbHimmnhluHh2tv25ZoAD",11551343766,"https://media.birdweather.com/soundscapes/6891/6891-20260508-065631.flac",0,3,"birdnetpi"
7554145697,6891,"2026-05-08T08:56:16.000+02:00",1,0.991870403289795,9.92715175545779,"almost_certain","2p4",NA,51.5655,6.0025,FALSE,25,"Common Chaffinch","Fringilla coelebs","#fb7eff","avian","https://media.birdweather.com/species/25/CommonChaffinch-standard-d8edb223d1ec828ee0cda788e8f5f209.jpg","https://media.birdweather.com/species/25/CommonChaffinch-thumbnail-7ba0a46bb0cd7efdb3215242f9528140.jpg","https://media.birdweather.com/species/25/CommonChaffinch-png200-ced617224ab07c316109e2d0e9078f2e.png","WfgJDwKGhIbAbHimmnhluHh2tv25ZoAD",11551336419,"https://media.birdweather.com/soundscapes/6891/6891-20260508-065616.flac",0,3,"birdnetpi"
7554140850,6891,"2026-05-08T08:55:53.000+02:00",1,0.991870403289795,9.92715175545779,"almost_certain","2p4",NA,51.5685,6.0048,FALSE,25,"Common Chaffinch","Fringilla coelebs","#fb7eff","avian","https://media.birdweather.com/species/25/CommonChaffinch-standard-d8edb223d1ec828ee0cda788e8f5f209.jpg","https://media.birdweather.com/species/25/CommonChaffinch-thumbnail-7ba0a46bb0cd7efdb3215242f9528140.jpg","https://media.birdweather.com/species/25/CommonChaffinch-png200-ced617224ab07c316109e2d0e9078f2e.png","WfgJDwKGhIbAbHimmnhluHh2tv25ZoAD",11551326563,"https://media.birdweather.com/soundscapes/6891/6891-20260508-065553.flac",0,3,"birdnetpi"
7554100840,6891,"2026-05-08T08:53:02.000+02:00",1,0.991870403289795,9.92715175545779,"almost_certain","2p4",NA,51.5655,6.0039,FALSE,25,"Common Chaffinch","Fringilla coelebs","#fb7eff","avian","https://media.birdweather.com/species/25/CommonChaffinch-standard-d8edb223d1ec828ee0cda788e8f5f209.jpg","https://media.birdweather.com/species/25/CommonChaffinch-thumbnail-7ba0a46bb0cd7efdb3215242f9528140.jpg","https://media.birdweather.com/species/25/CommonChaffinch-png200-ced617224ab07c316109e2d0e9078f2e.png","WfgJDwKGhIbAbHimmnhluHh2tv25ZoAD",11551247397,"https://media.birdweather.com/soundscapes/6891/6891-20260508-065302.flac",0,3,"birdnetpi"
7554094751,6891,"2026-05-08T08:52:34.000+02:00",0.74,0.991870403289795,9.29105307231819,"almost_certain","2p4",NA,51.5629,6.0017,FALSE,25,"Common Chaffinch","Fringilla coelebs","#fb7eff","avian","https://media.birdweather.com/species/25/CommonChaffinch-standard-d8edb223d1ec828ee0cda788e8f5f209.jpg","https://media.birdweather.com/species/25/CommonChaffinch-thumbnail-7ba0a46bb0cd7efdb3215242f9528140.jpg","https://media.birdweather.com/species/25/CommonChaffinch-png200-ced617224ab07c316109e2d0e9078f2e.png","WfgJDwKGhIbAbHimmnhluHh2tv25ZoAD",11551235528,"https://media.birdweather.com/soundscapes/6891/6891-20260508-065234.flac",0,3,"birdnetpi"
7554090967,6891,"2026-05-08T08:52:19.000+02:00",0.96,0.991870403289795,9.84654027042637,"almost_certain","2p4",NA,51.5662,6.0072,FALSE,25,"Common Chaffinch","Fringilla coelebs","#fb7eff","avian","https://media.birdweather.com/species/25/CommonChaffinch-standard-d8edb223d1ec828ee0cda788e8f5f209.jpg","https://media.birdweather.com/species/25/CommonChaffinch-thumbnail-7ba0a46bb0cd7efdb3215242f9528140.jpg","https://media.birdweather.com/species/25/CommonChaffinch-png200-ced617224ab07c316109e2d0e9078f2e.png","WfgJDwKGhIbAbHimmnhluHh2tv25ZoAD",11551228249,"https://media.birdweather.com/soundscapes/6891/6891-20260508-065219.flac",0,3,"birdnetpi"
7554084839,6891,"2026-05-08T08:51:58.000+02:00",0.83,0.991870403289795,9.54601319541658,"almost_certain","2p4",NA,51.5644,6.0036,FALSE,25,"Common Chaffinch","Fringilla coelebs","#fb7eff","avian","https://media.birdweather.com/species/25/CommonChaffinch-standard-d8edb223d1ec828ee0cda788e8f5f209.jpg","https://media.birdweather.com/species/25/CommonChaffinch-thumbnail-7ba0a46bb0cd7efdb3215242f9528140.jpg","https://media.birdweather.com/species/25/CommonChaffinch-png200-ced617224ab07c316109e2d0e9078f2e.png","WfgJDwKGhIbAbHimmnhluHh2tv25ZoAD",11551216363,"https://media.birdweather.com/soundscapes/6891/6891-20260508-065158.flac",0,3,"birdnetpi"
7554083235,6891,"2026-05-08T08:51:48.000+02:00",0.95,0.672991514205933,9.30071997854139,"almost_certain","2p4",NA,51.5659,6.0015,FALSE,44,"Dunnock","Prunella modularis","#fea614","avian","https://media.birdweather.com/species/44/Dunnock-standard-a705d7131240cedd1c407b5a19989591.jpg","https://media.birdweather.com/species/44/Dunnock-thumbnail-1036624855b82c96db4ad23d1ed9d702.jpg","https://media.birdweather.com/species/44/Dunnock-png200-951bb2cdb9ec585716907d8eac83882e.png","lQgGDwB9pneQhHlwWjeK2ZK6d/kdFaUA",11551213158,"https://media.birdweather.com/soundscapes/6891/6891-20260508-065148.flac",0,3,"birdnetpi"
7554077109,6891,"2026-05-08T08:51:21.000+02:00",0.96,0.991870403289795,9.84654027042637,"almost_certain","2p4",NA,51.5644,6.0077,FALSE,25,"Common Chaffinch","Fringilla coelebs","#fb7eff","avian","https://media.birdweather.com/species/25/CommonChaffinch-standard-d8edb223d1ec828ee0cda788e8f5f209.jpg","https://media.birdweather.com/species/25/CommonChaffinch-thumbnail-7ba0a46bb0cd7efdb3215242f9528140.jpg","https://media.birdweather.com/species/25/CommonChaffinch-png200-ced617224ab07c316109e2d0e9078f2e.png","WfgJDwKGhIbAbHimmnhluHh2tv25ZoAD",11551201220,"https://media.birdweather.com/soundscapes/6891/6891-20260508-065121.flac",0,3,"birdnetpi"
7554070098,6891,"2026-05-08T08:50:58.000+02:00",0.97,0.991870403289795,9.86714216241579,"almost_certain","2p4",NA,51.5696,6.0072,FALSE,25,"Common Chaffinch","Fringilla coelebs","#fb7eff","avian","https://media.birdweather.com/species/25/CommonChaffinch-standard-d8edb223d1ec828ee0cda788e8f5f209.jpg","https://media.birdweather.com/species/25/CommonChaffinch-thumbnail-7ba0a46bb0cd7efdb3215242f9528140.jpg","https://media.birdweather.com/species/25/CommonChaffinch-png200-ced617224ab07c316109e2d0e9078f2e.png","WfgJDwKGhIbAbHimmnhluHh2tv25ZoAD",11551187513,"https://media.birdweather.com/soundscapes/6891/6891-20260508-065058.flac",0,3,"birdnetpi"
7554065168,6891,"2026-05-08T08:50:38.000+02:00",0.95,0.933696985244751,9.74367206276255,"almost_certain","2p4",NA,51.5657,6.0032,FALSE,53,"European Starling","Sturnus vulgaris","#96038f","avian","https://media.birdweather.com/species/53/EuropeanStarling-standard-ff3a9beb497795d3bd4205bd86cf1652.jpg","https://media.birdweather.com/species/53/EuropeanStarling-thumbnail-974e70e3ea84a4be254312c2dfe527d5.jpg","https://media.birdweather.com/species/53/EuropeanStarling-png200-c81072eef7cc54f4bd51dcb88ed45765.png","FQgGBwD4dnmbZHhapUenmGh16HWAvzoO",11551177845,"https://media.birdweather.com/soundscapes/6891/6891-20260508-065038.flac",0,3,"birdnetpi"
7554061747,6891,"2026-05-08T08:50:14.000+02:00",0.99,0.991870403289795,9.90743918514842,"almost_certain","2p4",NA,51.5675,6.0042,FALSE,25,"Common Chaffinch","Fringilla coelebs","#fb7eff","avian","https://media.birdweather.com/species/25/CommonChaffinch-standard-d8edb223d1ec828ee0cda788e8f5f209.jpg","https://media.birdweather.com/species/25/CommonChaffinch-thumbnail-7ba0a46bb0cd7efdb3215242f9528140.jpg","https://media.birdweather.com/species/25/CommonChaffinch-png200-ced617224ab07c316109e2d0e9078f2e.png","WfgJDwKGhIbAbHimmnhluHh2tv25ZoAD",11551171035,"https://media.birdweather.com/soundscapes/6891/6891-20260508-065014.flac",0,3,"birdnetpi"
7554054926,6891,"2026-05-08T08:49:53.000+02:00",0.97,0.991870403289795,9.86714216241579,"almost_certain","2p4",NA,51.5638,6.0073,FALSE,25,"Common Chaffinch","Fringilla coelebs","#fb7eff","avian","https://media.birdweather.com/species/25/CommonChaffinch-standard-d8edb223d1ec828ee0cda788e8f5f209.jpg","https://media.birdweather.com/species/25/CommonChaffinch-thumbnail-7ba0a46bb0cd7efdb3215242f9528140.jpg","https://media.birdweather.com/species/25/CommonChaffinch-png200-ced617224ab07c316109e2d0e9078f2e.png","WfgJDwKGhIbAbHimmnhluHh2tv25ZoAD",11551157658,"https://media.birdweather.com/soundscapes/6891/6891-20260508-064953.flac",0,3,"birdnetpi"
7554048498,6891,"2026-05-08T08:49:26.000+02:00",1,0.991870403289795,9.92715175545779,"almost_certain","2p4",NA,51.5636,6.0094,FALSE,25,"Common Chaffinch","Fringilla coelebs","#fb7eff","avian","https://media.birdweather.com/species/25/CommonChaffinch-standard-d8edb223d1ec828ee0cda788e8f5f209.jpg","https://media.birdweather.com/species/25/CommonChaffinch-thumbnail-7ba0a46bb0cd7efdb3215242f9528140.jpg","https://media.birdweather.com/species/25/CommonChaffinch-png200-ced617224ab07c316109e2d0e9078f2e.png","WfgJDwKGhIbAbHimmnhluHh2tv25ZoAD",11551145212,"https://media.birdweather.com/soundscapes/6891/6891-20260508-064926.flac",0,3,"birdnetpi"
7554043114,6891,"2026-05-08T08:48:56.000+02:00",0.86,0.991870403289795,9.62144509015732,"almost_certain","2p4",NA,51.5626,6.0023,FALSE,25,"Common Chaffinch","Fringilla coelebs","#fb7eff","avian","https://media.birdweather.com/species/25/CommonChaffinch-standard-d8edb223d1ec828ee0cda788e8f5f209.jpg","https://media.birdweather.com/species/25/CommonChaffinch-thumbnail-7ba0a46bb0cd7efdb3215242f9528140.jpg","https://media.birdweather.com/species/25/CommonChaffinch-png200-ced617224ab07c316109e2d0e9078f2e.png","WfgJDwKGhIbAbHimmnhluHh2tv25ZoAD",11551134847,"https://media.birdweather.com/soundscapes/6891/6891-20260508-064856.flac",0,3,"birdnetpi"
7553970858,6891,"2026-05-08T08:43:44.000+02:00",0.7,0.933696985244751,9.07852635514162,"almost_certain","2p4",NA,51.5675,6.0034,FALSE,53,"European Starling","Sturnus vulgaris","#96038f","avian","https://media.birdweather.com/species/53/EuropeanStarling-standard-ff3a9beb497795d3bd4205bd86cf1652.jpg","https://media.birdweather.com/species/53/EuropeanStarling-thumbnail-974e70e3ea84a4be254312c2dfe527d5.jpg","https://media.birdweather.com/species/53/EuropeanStarling-png200-c81072eef7cc54f4bd51dcb88ed45765.png","FQgGBwD4dnmbZHhapUenmGh16HWAvzoO",11550992905,"https://media.birdweather.com/soundscapes/6891/6891-20260508-064344.flac",0,3,"birdnetpi"
7553926749,6891,"2026-05-08T08:40:38.000+02:00",0.97,0.991870403289795,9.86714216241579,"almost_certain","2p4",NA,51.5632,6.0068,FALSE,25,"Common Chaffinch","Fringilla coelebs","#fb7eff","avian","https://media.birdweather.com/species/25/CommonChaffinch-standard-d8edb223d1ec828ee0cda788e8f5f209.jpg","https://media.birdweather.com/species/25/CommonChaffinch-thumbnail-7ba0a46bb0cd7efdb3215242f9528140.jpg","https://media.birdweather.com/species/25/CommonChaffinch-png200-ced617224ab07c316109e2d0e9078f2e.png","WfgJDwKGhIbAbHimmnhluHh2tv25ZoAD",11550906841,"https://media.birdweather.com/soundscapes/6891/6891-20260508-064038.flac",0,3,"birdnetpi"
7553921239,6891,"2026-05-08T08:40:14.000+02:00",0.97,0.991870403289795,9.86714216241579,"almost_certain","2p4",NA,51.5675,6.001,FALSE,25,"Common Chaffinch","Fringilla coelebs","#fb7eff","avian","https://media.birdweather.com/species/25/CommonChaffinch-standard-d8edb223d1ec828ee0cda788e8f5f209.jpg","https://media.birdweather.com/species/25/CommonChaffinch-thumbnail-7ba0a46bb0cd7efdb3215242f9528140.jpg","https://media.birdweather.com/species/25/CommonChaffinch-png200-ced617224ab07c316109e2d0e9078f2e.png","WfgJDwKGhIbAbHimmnhluHh2tv25ZoAD",11550896331,"https://media.birdweather.com/soundscapes/6891/6891-20260508-064014.flac",0,3,"birdnetpi"
7553914273,6891,"2026-05-08T08:39:51.000+02:00",0.94,0.991870403289795,9.80438309805292,"almost_certain","2p4",NA,51.5691,6.0059,FALSE,25,"Common Chaffinch","Fringilla coelebs","#fb7eff","avian","https://media.birdweather.com/species/25/CommonChaffinch-standard-d8edb223d1ec828ee0cda788e8f5f209.jpg","https://media.birdweather.com/species/25/CommonChaffinch-thumbnail-7ba0a46bb0cd7efdb3215242f9528140.jpg","https://media.birdweather.com/species/25/CommonChaffinch-png200-ced617224ab07c316109e2d0e9078f2e.png","WfgJDwKGhIbAbHimmnhluHh2tv25ZoAD",11550883026,"https://media.birdweather.com/soundscapes/6891/6891-20260508-063951.flac",0,3,"birdnetpi"
7553913123,6891,"2026-05-08T08:39:41.000+02:00",0.89,0.419734984636307,8.53329590504123,"almost_certain","2p4",NA,51.5665,6.0014,FALSE,119,"Common House-Martin","Delichon urbicum","#53b1ff","avian","https://media.birdweather.com/species/119/CommonHouse-Martin-standard-9ffbcc688c51210fb136a162c84d82ad.jpg","https://media.birdweather.com/species/119/CommonHouse-Martin-thumbnail-dd7059ca6235347c3097e7a66f04df95.jpg","https://media.birdweather.com/species/119/CommonHouse-Martin-png200-a73a8953ce2af50676da81e70b2746b2.png","YhgKDwKJd4iIiHd/h5h5d4mIeQqVllAH",11550880690,"https://media.birdweather.com/soundscapes/6891/6891-20260508-063941.flac",0,3,"birdnetpi"
7553910495,6891,"2026-05-08T08:39:35.000+02:00",0.99,0.991870403289795,9.90743918514842,"almost_certain","2p4",NA,51.5668,6.0023,FALSE,25,"Common Chaffinch","Fringilla coelebs","#fb7eff","avian","https://media.birdweather.com/species/25/CommonChaffinch-standard-d8edb223d1ec828ee0cda788e8f5f209.jpg","https://media.birdweather.com/species/25/CommonChaffinch-thumbnail-7ba0a46bb0cd7efdb3215242f9528140.jpg","https://media.birdweather.com/species/25/CommonChaffinch-png200-ced617224ab07c316109e2d0e9078f2e.png","WfgJDwKGhIbAbHimmnhluHh2tv25ZoAD",11550875672,"https://media.birdweather.com/soundscapes/6891/6891-20260508-063935.flac",0,3,"birdnetpi"
7553905099,6891,"2026-05-08T08:39:15.000+02:00",0.99,0.991870403289795,9.90743918514842,"almost_certain","2p4",NA,51.5649,6.0074,FALSE,25,"Common Chaffinch","Fringilla coelebs","#fb7eff","avian","https://media.birdweather.com/species/25/CommonChaffinch-standard-d8edb223d1ec828ee0cda788e8f5f209.jpg","https://media.birdweather.com/species/25/CommonChaffinch-thumbnail-7ba0a46bb0cd7efdb3215242f9528140.jpg","https://media.birdweather.com/species/25/CommonChaffinch-png200-ced617224ab07c316109e2d0e9078f2e.png","WfgJDwKGhIbAbHimmnhluHh2tv25ZoAD",11550865558,"https://media.birdweather.com/soundscapes/6891/6891-20260508-063915.flac",0,3,"birdnetpi"
7553899067,6891,"2026-05-08T08:38:42.000+02:00",0.99,0.991870403289795,9.90743918514842,"almost_certain","2p4",NA,51.5642,6.0019,FALSE,25,"Common Chaffinch","Fringilla coelebs","#fb7eff","avian","https://media.birdweather.com/species/25/CommonChaffinch-standard-d8edb223d1ec828ee0cda788e8f5f209.jpg","https://media.birdweather.com/species/25/CommonChaffinch-thumbnail-7ba0a46bb0cd7efdb3215242f9528140.jpg","https://media.birdweather.com/species/25/CommonChaffinch-png200-ced617224ab07c316109e2d0e9078f2e.png","WfgJDwKGhIbAbHimmnhluHh2tv25ZoAD",11550853750,"https://media.birdweather.com/soundscapes/6891/6891-20260508-063842.flac",0,3,"birdnetpi"
7553893147,6891,"2026-05-08T08:38:21.000+02:00",0.99,0.991870403289795,9.90743918514842,"almost_certain","2p4",NA,51.5677,6.0085,FALSE,25,"Common Chaffinch","Fringilla coelebs","#fb7eff","avian","https://media.birdweather.com/species/25/CommonChaffinch-standard-d8edb223d1ec828ee0cda788e8f5f209.jpg","https://media.birdweather.com/species/25/CommonChaffinch-thumbnail-7ba0a46bb0cd7efdb3215242f9528140.jpg","https://media.birdweather.com/species/25/CommonChaffinch-png200-ced617224ab07c316109e2d0e9078f2e.png","WfgJDwKGhIbAbHimmnhluHh2tv25ZoAD",11550842285,"https://media.birdweather.com/soundscapes/6891/6891-20260508-063821.flac",0,3,"birdnetpi"
7553886433,6891,"2026-05-08T08:37:48.000+02:00",1,0.991870403289795,9.92715175545779,"almost_certain","2p4",NA,51.5657,6.0029,FALSE,25,"Common Chaffinch","Fringilla coelebs","#fb7eff","avian","https://media.birdweather.com/species/25/CommonChaffinch-standard-d8edb223d1ec828ee0cda788e8f5f209.jpg","https://media.birdweather.com/species/25/CommonChaffinch-thumbnail-7ba0a46bb0cd7efdb3215242f9528140.jpg","https://media.birdweather.com/species/25/CommonChaffinch-png200-ced617224ab07c316109e2d0e9078f2e.png","WfgJDwKGhIbAbHimmnhluHh2tv25ZoAD",11550829163,"https://media.birdweather.com/soundscapes/6891/6891-20260508-063748.flac",0,3,"birdnetpi"
7553881114,6891,"2026-05-08T08:37:25.000+02:00",0.97,0.991870403289795,9.86714216241579,"almost_certain","2p4",NA,51.5698,6.0012,FALSE,25,"Common Chaffinch","Fringilla coelebs","#fb7eff","avian","https://media.birdweather.com/species/25/CommonChaffinch-standard-d8edb223d1ec828ee0cda788e8f5f209.jpg","https://media.birdweather.com/species/25/CommonChaffinch-thumbnail-7ba0a46bb0cd7efdb3215242f9528140.jpg","https://media.birdweather.com/species/25/CommonChaffinch-png200-ced617224ab07c316109e2d0e9078f2e.png","WfgJDwKGhIbAbHimmnhluHh2tv25ZoAD",11550818534,"https://media.birdweather.com/soundscapes/6891/6891-20260508-063725.flac",0,3,"birdnetpi"
7553853517,6891,"2026-05-08T08:35:25.000+02:00",0.87,0.999183833599091,9.65565788022621,"almost_certain","2p4",NA,51.5681,6.0064,FALSE,35,"Eurasian Blackbird","Turdus merula","#ff65df","avian","https://media.birdweather.com/species/35/EurasianBlackbird-standard-618b3a5132c7c359fb2a2884c39deb39.jpg","https://media.birdweather.com/species/35/EurasianBlackbird-thumbnail-276878929bed08167d1fd9bf34d63d40.jpg","https://media.birdweather.com/species/35/EurasianBlackbird-png200-ba5a1b43225da4611cac429c52a52c81.png","GfkFFwKRmrx2ZYiaaQe69nlzScn3T7IA",11550763978,"https://media.birdweather.com/soundscapes/6891/6891-20260508-063525.flac",0,3,"birdnetpi"
7553847794,6891,"2026-05-08T08:35:09.000+02:00",0.91,0.999183833599091,9.74857483721031,"almost_certain","2p4",NA,51.5695,6.0065,FALSE,35,"Eurasian Blackbird","Turdus merula","#ff65df","avian","https://media.birdweather.com/species/35/EurasianBlackbird-standard-618b3a5132c7c359fb2a2884c39deb39.jpg","https://media.birdweather.com/species/35/EurasianBlackbird-thumbnail-276878929bed08167d1fd9bf34d63d40.jpg","https://media.birdweather.com/species/35/EurasianBlackbird-png200-ba5a1b43225da4611cac429c52a52c81.png","GfkFFwKRmrx2ZYiaaQe69nlzScn3T7IA",11550752555,"https://media.birdweather.com/soundscapes/6891/6891-20260508-063509.flac",0,3,"birdnetpi"
7553848347,6891,"2026-05-08T08:35:03.000+02:00",0.93,0.672991514205933,9.25790399394077,"almost_certain","2p4",NA,51.5652,6.0013,FALSE,44,"Dunnock","Prunella modularis","#fea614","avian","https://media.birdweather.com/species/44/Dunnock-standard-a705d7131240cedd1c407b5a19989591.jpg","https://media.birdweather.com/species/44/Dunnock-thumbnail-1036624855b82c96db4ad23d1ed9d702.jpg","https://media.birdweather.com/species/44/Dunnock-png200-951bb2cdb9ec585716907d8eac83882e.png","lQgGDwB9pneQhHlwWjeK2ZK6d/kdFaUA",11550753881,"https://media.birdweather.com/soundscapes/6891/6891-20260508-063503.flac",0,3,"birdnetpi"
7553831503,6891,"2026-05-08T08:33:51.000+02:00",0.71,0.999183833599091,9.20427137467778,"almost_certain","2p4",NA,51.569,6.0054,FALSE,35,"Eurasian Blackbird","Turdus merula","#ff65df","avian","https://media.birdweather.com/species/35/EurasianBlackbird-standard-618b3a5132c7c359fb2a2884c39deb39.jpg","https://media.birdweather.com/species/35/EurasianBlackbird-thumbnail-276878929bed08167d1fd9bf34d63d40.jpg","https://media.birdweather.com/species/35/EurasianBlackbird-png200-ba5a1b43225da4611cac429c52a52c81.png","GfkFFwKRmrx2ZYiaaQe69nlzScn3T7IA",11550720902,"https://media.birdweather.com/soundscapes/6891/6891-20260508-063351.flac",0,3,"birdnetpi"
7553824051,6891,"2026-05-08T08:33:19.000+02:00",0.91,0.991870403289795,9.73861046776761,"almost_certain","2p4",NA,51.5684,6.0011,FALSE,25,"Common Chaffinch","Fringilla coelebs","#fb7eff","avian","https://media.birdweather.com/species/25/CommonChaffinch-standard-d8edb223d1ec828ee0cda788e8f5f209.jpg","https://media.birdweather.com/species/25/CommonChaffinch-thumbnail-7ba0a46bb0cd7efdb3215242f9528140.jpg","https://media.birdweather.com/species/25/CommonChaffinch-png200-ced617224ab07c316109e2d0e9078f2e.png","WfgJDwKGhIbAbHimmnhluHh2tv25ZoAD",11550706445,"https://media.birdweather.com/soundscapes/6891/6891-20260508-063319.flac",0,3,"birdnetpi"
7553801929,6891,"2026-05-08T08:31:44.000+02:00",0.99,0.991870403289795,9.90743918514842,"almost_certain","2p4",NA,51.5657,6.0081,FALSE,25,"Common Chaffinch","Fringilla coelebs","#fb7eff","avian","https://media.birdweather.com/species/25/CommonChaffinch-standard-d8edb223d1ec828ee0cda788e8f5f209.jpg","https://media.birdweather.com/species/25/CommonChaffinch-thumbnail-7ba0a46bb0cd7efdb3215242f9528140.jpg","https://media.birdweather.com/species/25/CommonChaffinch-png200-ced617224ab07c316109e2d0e9078f2e.png","WfgJDwKGhIbAbHimmnhluHh2tv25ZoAD",11550663287,"https://media.birdweather.com/soundscapes/6891/6891-20260508-063144.flac",0,3,"birdnetpi"
7553794762,6891,"2026-05-08T08:31:14.000+02:00",0.86,0.991870403289795,9.62144509015732,"almost_certain","2p4",NA,51.5622,6.0048,FALSE,25,"Common Chaffinch","Fringilla coelebs","#fb7eff","avian","https://media.birdweather.com/species/25/CommonChaffinch-standard-d8edb223d1ec828ee0cda788e8f5f209.jpg","https://media.birdweather.com/species/25/CommonChaffinch-thumbnail-7ba0a46bb0cd7efdb3215242f9528140.jpg","https://media.birdweather.com/species/25/CommonChaffinch-png200-ced617224ab07c316109e2d0e9078f2e.png","WfgJDwKGhIbAbHimmnhluHh2tv25ZoAD",11550649096,"https://media.birdweather.com/soundscapes/6891/6891-20260508-063114.flac",0,3,"birdnetpi"
7553790700,6891,"2026-05-08T08:30:59.000+02:00",0.98,0.991870403289795,9.88743882994144,"almost_certain","2p4",NA,51.5622,6.0065,FALSE,25,"Common Chaffinch","Fringilla coelebs","#fb7eff","avian","https://media.birdweather.com/species/25/CommonChaffinch-standard-d8edb223d1ec828ee0cda788e8f5f209.jpg","https://media.birdweather.com/species/25/CommonChaffinch-thumbnail-7ba0a46bb0cd7efdb3215242f9528140.jpg","https://media.birdweather.com/species/25/CommonChaffinch-png200-ced617224ab07c316109e2d0e9078f2e.png","WfgJDwKGhIbAbHimmnhluHh2tv25ZoAD",11550641328,"https://media.birdweather.com/soundscapes/6891/6891-20260508-063059.flac",0,3,"birdnetpi"
7553784557,6891,"2026-05-08T08:30:39.000+02:00",0.96,0.991870403289795,9.84654027042637,"almost_certain","2p4",NA,51.5683,6.0037,FALSE,25,"Common Chaffinch","Fringilla coelebs","#fb7eff","avian","https://media.birdweather.com/species/25/CommonChaffinch-standard-d8edb223d1ec828ee0cda788e8f5f209.jpg","https://media.birdweather.com/species/25/CommonChaffinch-thumbnail-7ba0a46bb0cd7efdb3215242f9528140.jpg","https://media.birdweather.com/species/25/CommonChaffinch-png200-ced617224ab07c316109e2d0e9078f2e.png","WfgJDwKGhIbAbHimmnhluHh2tv25ZoAD",11550629699,"https://media.birdweather.com/soundscapes/6891/6891-20260508-063039.flac",0,3,"birdnetpi"
7553774357,6891,"2026-05-08T08:29:48.000+02:00",0.99,0.991870403289795,9.90743918514842,"almost_certain","2p4",NA,51.566,6.0088,FALSE,25,"Common Chaffinch","Fringilla coelebs","#fb7eff","avian","https://media.birdweather.com/species/25/CommonChaffinch-standard-d8edb223d1ec828ee0cda788e8f5f209.jpg","https://media.birdweather.com/species/25/CommonChaffinch-thumbnail-7ba0a46bb0cd7efdb3215242f9528140.jpg","https://media.birdweather.com/species/25/CommonChaffinch-png200-ced617224ab07c316109e2d0e9078f2e.png","WfgJDwKGhIbAbHimmnhluHh2tv25ZoAD",11550609846,"https://media.birdweather.com/soundscapes/6891/6891-20260508-062948.flac",0,3,"birdnetpi"
7553768565,6891,"2026-05-08T08:29:29.000+02:00",0.99,0.991870403289795,9.90743918514842,"almost_certain","2p4",NA,51.5635,6.0058,FALSE,25,"Common Chaffinch","Fringilla coelebs","#fb7eff","avian","https://media.birdweather.com/species/25/CommonChaffinch-standard-d8edb223d1ec828ee0cda788e8f5f209.jpg","https://media.birdweather.com/species/25/CommonChaffinch-thumbnail-7ba0a46bb0cd7efdb3215242f9528140.jpg","https://media.birdweather.com/species/25/CommonChaffinch-png200-ced617224ab07c316109e2d0e9078f2e.png","WfgJDwKGhIbAbHimmnhluHh2tv25ZoAD",11550598225,"https://media.birdweather.com/soundscapes/6891/6891-20260508-062929.flac",0,3,"birdnetpi"
7553765158,6891,"2026-05-08T08:29:17.000+02:00",0.99,0.991870403289795,9.90743918514842,"almost_certain","2p4",NA,51.5664,6.0027,FALSE,25,"Common Chaffinch","Fringilla coelebs","#fb7eff","avian","https://media.birdweather.com/species/25/CommonChaffinch-standard-d8edb223d1ec828ee0cda788e8f5f209.jpg","https://media.birdweather.com/species/25/CommonChaffinch-thumbnail-7ba0a46bb0cd7efdb3215242f9528140.jpg","https://media.birdweather.com/species/25/CommonChaffinch-png200-ced617224ab07c316109e2d0e9078f2e.png","WfgJDwKGhIbAbHimmnhluHh2tv25ZoAD",11550591358,"https://media.birdweather.com/soundscapes/6891/6891-20260508-062917.flac",0,3,"birdnetpi"
7553756702,6891,"2026-05-08T08:28:31.000+02:00",0.71,0.672991514205933,8.66940315016927,"almost_certain","2p4",NA,51.5674,6.0054,FALSE,44,"Dunnock","Prunella modularis","#fea614","avian","https://media.birdweather.com/species/44/Dunnock-standard-a705d7131240cedd1c407b5a19989591.jpg","https://media.birdweather.com/species/44/Dunnock-thumbnail-1036624855b82c96db4ad23d1ed9d702.jpg","https://media.birdweather.com/species/44/Dunnock-png200-951bb2cdb9ec585716907d8eac83882e.png","lQgGDwB9pneQhHlwWjeK2ZK6d/kdFaUA",11550574320,"https://media.birdweather.com/soundscapes/6891/6891-20260508-062831.flac",0,3,"birdnetpi"
7553753356,6891,"2026-05-08T08:28:16.000+02:00",0.97,0.672991514205933,9.34223830734999,"almost_certain","2p4",NA,51.5665,6.006,FALSE,44,"Dunnock","Prunella modularis","#fea614","avian","https://media.birdweather.com/species/44/Dunnock-standard-a705d7131240cedd1c407b5a19989591.jpg","https://media.birdweather.com/species/44/Dunnock-thumbnail-1036624855b82c96db4ad23d1ed9d702.jpg","https://media.birdweather.com/species/44/Dunnock-png200-951bb2cdb9ec585716907d8eac83882e.png","lQgGDwB9pneQhHlwWjeK2ZK6d/kdFaUA",11550567702,"https://media.birdweather.com/soundscapes/6891/6891-20260508-062816.flac",0,3,"birdnetpi"
7553712403,6891,"2026-05-08T08:25:15.000+02:00",0.75,0.933696985244751,9.23988911399087,"almost_certain","2p4",NA,51.5642,6.0013,FALSE,53,"European Starling","Sturnus vulgaris","#96038f","avian","https://media.birdweather.com/species/53/EuropeanStarling-standard-ff3a9beb497795d3bd4205bd86cf1652.jpg","https://media.birdweather.com/species/53/EuropeanStarling-thumbnail-974e70e3ea84a4be254312c2dfe527d5.jpg","https://media.birdweather.com/species/53/EuropeanStarling-png200-c81072eef7cc54f4bd51dcb88ed45765.png","FQgGBwD4dnmbZHhapUenmGh16HWAvzoO",11550486802,"https://media.birdweather.com/soundscapes/6891/6891-20260508-062515.flac",0,3,"birdnetpi"
7553696269,6891,"2026-05-08T08:24:15.000+02:00",0.98,0.931612968444824,9.80245826887247,"almost_certain","2p4",NA,51.5647,6.0083,FALSE,66,"Eurasian Blue Tit","Cyanistes caeruleus","#4b8900","avian","https://media.birdweather.com/species/66/EurasianBlueTit-standard-4ec8e45d78b2908d0f41ae495ae07571.jpg","https://media.birdweather.com/species/66/EurasianBlueTit-thumbnail-4d9abc54a3abc3fb12e78e603cbe6784.jpg","https://media.birdweather.com/species/66/EurasianBlueTit-png200-49adab92304ba7a74e93ac43e38e62d3.png","EfgJBwAKhHiEm2ZheGllqXeZhi/ze3EP",11550455906,"https://media.birdweather.com/soundscapes/6891/6891-20260508-062415.flac",0,3,"birdnetpi"
7553662113,6891,"2026-05-08T08:21:47.000+02:00",0.95,0.236734092235565,7.90582539601813,"almost_certain","2p4",NA,51.5662,6.0093,FALSE,20,"Black Redstart","Phoenicurus ochruros","#c8ce2d","avian","https://media.birdweather.com/species/20/BlackRedstart-standard-4255c9b712ecb46ea7d3df8d556c18e7.jpg","https://media.birdweather.com/species/20/BlackRedstart-thumbnail-2fee59acc1ecc6be7238da194869e940.jpg","https://media.birdweather.com/species/20/BlackRedstart-png200-cbc0625b8b4889aeec1da754ad906efd.png","2QgGFwT8epa+l3ZlZ5hntnh4Z/6oyZ8I",11550390113,"https://media.birdweather.com/soundscapes/6891/6891-20260508-062147.flac",0,3,"birdnetpi"
7553651689,6891,"2026-05-08T08:21:09.000+02:00",0.87,0.962032496929169,9.60427197412686,"almost_certain","2p4",NA,51.5703,6.0071,FALSE,11,"Great Tit","Parus major","#7a41c7","avian","https://media.birdweather.com/species/11/GreatTit-standard-0058e4dcd148acb2e0cb8a7b7c6ad3b2.jpg","https://media.birdweather.com/species/11/GreatTit-thumbnail-6910d0adae4550c5e6f2396322ee64c4.jpg","https://media.birdweather.com/species/11/GreatTit-png200-9f3394faf07d12f615112c10cb9d7f02.png","ImkCDwTFxox9pZloaIaeZLsJp9r1yG4P",11550370596,"https://media.birdweather.com/soundscapes/6891/6891-20260508-062109.flac",0,3,"birdnetpi"
7553611499,6891,"2026-05-08T08:18:13.000+02:00",0.87,0.991870403289795,9.64569351078351,"almost_certain","2p4",NA,51.5693,6.007,FALSE,25,"Common Chaffinch","Fringilla coelebs","#fb7eff","avian","https://media.birdweather.com/species/25/CommonChaffinch-standard-d8edb223d1ec828ee0cda788e8f5f209.jpg","https://media.birdweather.com/species/25/CommonChaffinch-thumbnail-7ba0a46bb0cd7efdb3215242f9528140.jpg","https://media.birdweather.com/species/25/CommonChaffinch-png200-ced617224ab07c316109e2d0e9078f2e.png","WfgJDwKGhIbAbHimmnhluHh2tv25ZoAD",11550293056,"https://media.birdweather.com/soundscapes/6891/6891-20260508-061813.flac",0,3,"birdnetpi"
7553606167,6891,"2026-05-08T08:17:58.000+02:00",0.74,0.991870403289795,9.29105307231819,"almost_certain","2p4",NA,51.5692,6.0041,FALSE,25,"Common Chaffinch","Fringilla coelebs","#fb7eff","avian","https://media.birdweather.com/species/25/CommonChaffinch-standard-d8edb223d1ec828ee0cda788e8f5f209.jpg","https://media.birdweather.com/species/25/CommonChaffinch-thumbnail-7ba0a46bb0cd7efdb3215242f9528140.jpg","https://media.birdweather.com/species/25/CommonChaffinch-png200-ced617224ab07c316109e2d0e9078f2e.png","WfgJDwKGhIbAbHimmnhluHh2tv25ZoAD",11550282847,"https://media.birdweather.com/soundscapes/6891/6891-20260508-061758.flac",0,3,"birdnetpi"
7553597584,6891,"2026-05-08T08:17:14.000+02:00",0.8,0.991870403289795,9.46618479128673,"almost_certain","2p4",NA,51.565,6.0069,FALSE,25,"Common Chaffinch","Fringilla coelebs","#fb7eff","avian","https://media.birdweather.com/species/25/CommonChaffinch-standard-d8edb223d1ec828ee0cda788e8f5f209.jpg","https://media.birdweather.com/species/25/CommonChaffinch-thumbnail-7ba0a46bb0cd7efdb3215242f9528140.jpg","https://media.birdweather.com/species/25/CommonChaffinch-png200-ced617224ab07c316109e2d0e9078f2e.png","WfgJDwKGhIbAbHimmnhluHh2tv25ZoAD",11550266305,"https://media.birdweather.com/soundscapes/6891/6891-20260508-061714.flac",0,3,"birdnetpi"
7553588959,6891,"2026-05-08T08:16:38.000+02:00",0.93,0.991870403289795,9.78280784900657,"almost_certain","2p4",NA,51.565,6.0027,FALSE,25,"Common Chaffinch","Fringilla coelebs","#fb7eff","avian","https://media.birdweather.com/species/25/CommonChaffinch-standard-d8edb223d1ec828ee0cda788e8f5f209.jpg","https://media.birdweather.com/species/25/CommonChaffinch-thumbnail-7ba0a46bb0cd7efdb3215242f9528140.jpg","https://media.birdweather.com/species/25/CommonChaffinch-png200-ced617224ab07c316109e2d0e9078f2e.png","WfgJDwKGhIbAbHimmnhluHh2tv25ZoAD",11550249882,"https://media.birdweather.com/soundscapes/6891/6891-20260508-061638.flac",0,3,"birdnetpi"
7553583012,6891,"2026-05-08T08:16:12.000+02:00",0.7,0.991870403289795,9.16047812598626,"almost_certain","2p4",NA,51.5662,6.0058,FALSE,25,"Common Chaffinch","Fringilla coelebs","#fb7eff","avian","https://media.birdweather.com/species/25/CommonChaffinch-standard-d8edb223d1ec828ee0cda788e8f5f209.jpg","https://media.birdweather.com/species/25/CommonChaffinch-thumbnail-7ba0a46bb0cd7efdb3215242f9528140.jpg","https://media.birdweather.com/species/25/CommonChaffinch-png200-ced617224ab07c316109e2d0e9078f2e.png","WfgJDwKGhIbAbHimmnhluHh2tv25ZoAD",11550238026,"https://media.birdweather.com/soundscapes/6891/6891-20260508-061612.flac",0,3,"birdnetpi"
7553572852,6891,"2026-05-08T08:15:29.000+02:00",0.89,0.991870403289795,9.69293957200101,"almost_certain","2p4",NA,51.5634,6.0044,FALSE,25,"Common Chaffinch","Fringilla coelebs","#fb7eff","avian","https://media.birdweather.com/species/25/CommonChaffinch-standard-d8edb223d1ec828ee0cda788e8f5f209.jpg","https://media.birdweather.com/species/25/CommonChaffinch-thumbnail-7ba0a46bb0cd7efdb3215242f9528140.jpg","https://media.birdweather.com/species/25/CommonChaffinch-png200-ced617224ab07c316109e2d0e9078f2e.png","WfgJDwKGhIbAbHimmnhluHh2tv25ZoAD",11550218347,"https://media.birdweather.com/soundscapes/6891/6891-20260508-061529.flac",0,3,"birdnetpi"
7553564400,6891,"2026-05-08T08:14:53.000+02:00",0.85,0.991870403289795,9.59675973761866,"almost_certain","2p4",NA,51.567,6.0068,FALSE,25,"Common Chaffinch","Fringilla coelebs","#fb7eff","avian","https://media.birdweather.com/species/25/CommonChaffinch-standard-d8edb223d1ec828ee0cda788e8f5f209.jpg","https://media.birdweather.com/species/25/CommonChaffinch-thumbnail-7ba0a46bb0cd7efdb3215242f9528140.jpg","https://media.birdweather.com/species/25/CommonChaffinch-png200-ced617224ab07c316109e2d0e9078f2e.png","WfgJDwKGhIbAbHimmnhluHh2tv25ZoAD",11550201739,"https://media.birdweather.com/soundscapes/6891/6891-20260508-061453.flac",0,3,"birdnetpi"
7553560070,6891,"2026-05-08T08:14:35.000+02:00",0.79,0.991870403289795,9.43850708226173,"almost_certain","2p4",NA,51.567,6.0053,FALSE,25,"Common Chaffinch","Fringilla coelebs","#fb7eff","avian","https://media.birdweather.com/species/25/CommonChaffinch-standard-d8edb223d1ec828ee0cda788e8f5f209.jpg","https://media.birdweather.com/species/25/CommonChaffinch-thumbnail-7ba0a46bb0cd7efdb3215242f9528140.jpg","https://media.birdweather.com/species/25/CommonChaffinch-png200-ced617224ab07c316109e2d0e9078f2e.png","WfgJDwKGhIbAbHimmnhluHh2tv25ZoAD",11550193530,"https://media.birdweather.com/soundscapes/6891/6891-20260508-061435.flac",0,3,"birdnetpi"
7553555866,6891,"2026-05-08T08:14:16.000+02:00",0.75,0.991870403289795,9.32184088483551,"almost_certain","2p4",NA,51.5621,6.0057,FALSE,25,"Common Chaffinch","Fringilla coelebs","#fb7eff","avian","https://media.birdweather.com/species/25/CommonChaffinch-standard-d8edb223d1ec828ee0cda788e8f5f209.jpg","https://media.birdweather.com/species/25/CommonChaffinch-thumbnail-7ba0a46bb0cd7efdb3215242f9528140.jpg","https://media.birdweather.com/species/25/CommonChaffinch-png200-ced617224ab07c316109e2d0e9078f2e.png","WfgJDwKGhIbAbHimmnhluHh2tv25ZoAD",11550185345,"https://media.birdweather.com/soundscapes/6891/6891-20260508-061416.flac",0,3,"birdnetpi"
7553550104,6891,"2026-05-08T08:13:52.000+02:00",0.91,0.991870403289795,9.73861046776761,"almost_certain","2p4",NA,51.5656,6.0031,FALSE,25,"Common Chaffinch","Fringilla coelebs","#fb7eff","avian","https://media.birdweather.com/species/25/CommonChaffinch-standard-d8edb223d1ec828ee0cda788e8f5f209.jpg","https://media.birdweather.com/species/25/CommonChaffinch-thumbnail-7ba0a46bb0cd7efdb3215242f9528140.jpg","https://media.birdweather.com/species/25/CommonChaffinch-png200-ced617224ab07c316109e2d0e9078f2e.png","WfgJDwKGhIbAbHimmnhluHh2tv25ZoAD",11550174329,"https://media.birdweather.com/soundscapes/6891/6891-20260508-061352.flac",0,3,"birdnetpi"
7553490805,6891,"2026-05-08T08:09:51.000+02:00",0.83,0.991870403289795,9.54601319541658,"almost_certain","2p4",NA,51.5623,6.0027,FALSE,25,"Common Chaffinch","Fringilla coelebs","#fb7eff","avian","https://media.birdweather.com/species/25/CommonChaffinch-standard-d8edb223d1ec828ee0cda788e8f5f209.jpg","https://media.birdweather.com/species/25/CommonChaffinch-thumbnail-7ba0a46bb0cd7efdb3215242f9528140.jpg","https://media.birdweather.com/species/25/CommonChaffinch-png200-ced617224ab07c316109e2d0e9078f2e.png","WfgJDwKGhIbAbHimmnhluHh2tv25ZoAD",11550060091,"https://media.birdweather.com/soundscapes/6891/6891-20260508-060951.flac",0,3,"birdnetpi"
7553480092,6891,"2026-05-08T08:09:01.000+02:00",0.7,0.836401343345642,8.92945463277651,"almost_certain","2p4",NA,51.5697,6.0056,FALSE,95,"White Wagtail","Motacilla alba","#457700","avian","https://media.birdweather.com/species/95/WhiteWagtail-standard-c3e712d95481fd4c30012b3afc4ee61f.jpg","https://media.birdweather.com/species/95/WhiteWagtail-thumbnail-645080e5b8667eaccbc9a938f781f907.jpg","https://media.birdweather.com/species/95/WhiteWagtail-png200-38e3473b44d59c0f49a722ef0b7250cd.png","2PcFJwZKpplweXdymnZouGiofwaoZ4AL",11550039920,"https://media.birdweather.com/soundscapes/6891/6891-20260508-060901.flac",0,3,"birdnetpi"
7553466044,6891,"2026-05-08T08:08:08.000+02:00",0.93,0.991870403289795,9.78280784900657,"almost_certain","2p4",NA,51.5628,6.0091,FALSE,25,"Common Chaffinch","Fringilla coelebs","#fb7eff","avian","https://media.birdweather.com/species/25/CommonChaffinch-standard-d8edb223d1ec828ee0cda788e8f5f209.jpg","https://media.birdweather.com/species/25/CommonChaffinch-thumbnail-7ba0a46bb0cd7efdb3215242f9528140.jpg","https://media.birdweather.com/species/25/CommonChaffinch-png200-ced617224ab07c316109e2d0e9078f2e.png","WfgJDwKGhIbAbHimmnhluHh2tv25ZoAD",11550013366,"https://media.birdweather.com/soundscapes/6891/6891-20260508-060808.flac",0,3,"birdnetpi"
7553459596,6891,"2026-05-08T08:07:41.000+02:00",0.91,0.991870403289795,9.73861046776761,"almost_certain","2p4",NA,51.5703,6.0053,FALSE,25,"Common Chaffinch","Fringilla coelebs","#fb7eff","avian","https://media.birdweather.com/species/25/CommonChaffinch-standard-d8edb223d1ec828ee0cda788e8f5f209.jpg","https://media.birdweather.com/species/25/CommonChaffinch-thumbnail-7ba0a46bb0cd7efdb3215242f9528140.jpg","https://media.birdweather.com/species/25/CommonChaffinch-png200-ced617224ab07c316109e2d0e9078f2e.png","WfgJDwKGhIbAbHimmnhluHh2tv25ZoAD",11550001116,"https://media.birdweather.com/soundscapes/6891/6891-20260508-060741.flac",0,3,"birdnetpi"
7553455268,6891,"2026-05-08T08:07:19.000+02:00",0.95,0.991870403289795,9.82562383360719,"almost_certain","2p4",NA,51.5654,6.0052,FALSE,25,"Common Chaffinch","Fringilla coelebs","#fb7eff","avian","https://media.birdweather.com/species/25/CommonChaffinch-standard-d8edb223d1ec828ee0cda788e8f5f209.jpg","https://media.birdweather.com/species/25/CommonChaffinch-thumbnail-7ba0a46bb0cd7efdb3215242f9528140.jpg","https://media.birdweather.com/species/25/CommonChaffinch-png200-ced617224ab07c316109e2d0e9078f2e.png","WfgJDwKGhIbAbHimmnhluHh2tv25ZoAD",11549992877,"https://media.birdweather.com/soundscapes/6891/6891-20260508-060719.flac",0,3,"birdnetpi"
7553449092,6891,"2026-05-08T08:06:58.000+02:00",0.98,0.991870403289795,9.88743882994144,"almost_certain","2p4",NA,51.5619,6.0064,FALSE,25,"Common Chaffinch","Fringilla coelebs","#fb7eff","avian","https://media.birdweather.com/species/25/CommonChaffinch-standard-d8edb223d1ec828ee0cda788e8f5f209.jpg","https://media.birdweather.com/species/25/CommonChaffinch-thumbnail-7ba0a46bb0cd7efdb3215242f9528140.jpg","https://media.birdweather.com/species/25/CommonChaffinch-png200-ced617224ab07c316109e2d0e9078f2e.png","WfgJDwKGhIbAbHimmnhluHh2tv25ZoAD",11549981005,"https://media.birdweather.com/soundscapes/6891/6891-20260508-060658.flac",0,3,"birdnetpi"
7553442523,6891,"2026-05-08T08:06:23.000+02:00",0.9,0.991870403289795,9.71596532409445,"almost_certain","2p4",NA,51.5647,6.0075,FALSE,25,"Common Chaffinch","Fringilla coelebs","#fb7eff","avian","https://media.birdweather.com/species/25/CommonChaffinch-standard-d8edb223d1ec828ee0cda788e8f5f209.jpg","https://media.birdweather.com/species/25/CommonChaffinch-thumbnail-7ba0a46bb0cd7efdb3215242f9528140.jpg","https://media.birdweather.com/species/25/CommonChaffinch-png200-ced617224ab07c316109e2d0e9078f2e.png","WfgJDwKGhIbAbHimmnhluHh2tv25ZoAD",11549968760,"https://media.birdweather.com/soundscapes/6891/6891-20260508-060623.flac",0,3,"birdnetpi"
7553409974,6891,"2026-05-08T08:04:18.000+02:00",0.97,0.991870403289795,9.86714216241579,"almost_certain","2p4",NA,51.5678,6.0038,FALSE,25,"Common Chaffinch","Fringilla coelebs","#fb7eff","avian","https://media.birdweather.com/species/25/CommonChaffinch-standard-d8edb223d1ec828ee0cda788e8f5f209.jpg","https://media.birdweather.com/species/25/CommonChaffinch-thumbnail-7ba0a46bb0cd7efdb3215242f9528140.jpg","https://media.birdweather.com/species/25/CommonChaffinch-png200-ced617224ab07c316109e2d0e9078f2e.png","WfgJDwKGhIbAbHimmnhluHh2tv25ZoAD",11549907822,"https://media.birdweather.com/soundscapes/6891/6891-20260508-060418.flac",0,3,"birdnetpi"
7553406341,6891,"2026-05-08T08:04:04.000+02:00",0.93,0.991870403289795,9.78280784900657,"almost_certain","2p4",NA,51.5628,6.0046,FALSE,25,"Common Chaffinch","Fringilla coelebs","#fb7eff","avian","https://media.birdweather.com/species/25/CommonChaffinch-standard-d8edb223d1ec828ee0cda788e8f5f209.jpg","https://media.birdweather.com/species/25/CommonChaffinch-thumbnail-7ba0a46bb0cd7efdb3215242f9528140.jpg","https://media.birdweather.com/species/25/CommonChaffinch-png200-ced617224ab07c316109e2d0e9078f2e.png","WfgJDwKGhIbAbHimmnhluHh2tv25ZoAD",11549901099,"https://media.birdweather.com/soundscapes/6891/6891-20260508-060404.flac",0,3,"birdnetpi"
7553305529,6891,"2026-05-08T07:57:03.000+02:00",0.82,0.991870403289795,9.51991716830673,"almost_certain","2p4",NA,51.5661,6.0062,FALSE,25,"Common Chaffinch","Fringilla coelebs","#fb7eff","avian","https://media.birdweather.com/species/25/CommonChaffinch-standard-d8edb223d1ec828ee0cda788e8f5f209.jpg","https://media.birdweather.com/species/25/CommonChaffinch-thumbnail-7ba0a46bb0cd7efdb3215242f9528140.jpg","https://media.birdweather.com/species/25/CommonChaffinch-png200-ced617224ab07c316109e2d0e9078f2e.png","WfgJDwKGhIbAbHimmnhluHh2tv25ZoAD",11549709704,"https://media.birdweather.com/soundscapes/6891/6891-20260508-055703.flac",0,3,"birdnetpi"
7553298459,6891,"2026-05-08T07:56:32.000+02:00",1,0.672991514205933,9.40224790039199,"almost_certain","2p4",NA,51.564,6.0078,FALSE,44,"Dunnock","Prunella modularis","#fea614","avian","https://media.birdweather.com/species/44/Dunnock-standard-a705d7131240cedd1c407b5a19989591.jpg","https://media.birdweather.com/species/44/Dunnock-thumbnail-1036624855b82c96db4ad23d1ed9d702.jpg","https://media.birdweather.com/species/44/Dunnock-png200-951bb2cdb9ec585716907d8eac83882e.png","lQgGDwB9pneQhHlwWjeK2ZK6d/kdFaUA",11549696584,"https://media.birdweather.com/soundscapes/6891/6891-20260508-055632.flac",0,3,"birdnetpi"
7553293438,6891,"2026-05-08T07:56:05.000+02:00",1,0.672991514205933,9.40224790039199,"almost_certain","2p4",NA,51.5696,6.0034,FALSE,44,"Dunnock","Prunella modularis","#fea614","avian","https://media.birdweather.com/species/44/Dunnock-standard-a705d7131240cedd1c407b5a19989591.jpg","https://media.birdweather.com/species/44/Dunnock-thumbnail-1036624855b82c96db4ad23d1ed9d702.jpg","https://media.birdweather.com/species/44/Dunnock-png200-951bb2cdb9ec585716907d8eac83882e.png","lQgGDwB9pneQhHlwWjeK2ZK6d/kdFaUA",11549687251,"https://media.birdweather.com/soundscapes/6891/6891-20260508-055605.flac",0,3,"birdnetpi"
7553232198,6891,"2026-05-08T07:51:51.000+02:00",0.78,0.991870403289795,9.41025865879398,"almost_certain","2p4",NA,51.5623,6.0042,FALSE,25,"Common Chaffinch","Fringilla coelebs","#fb7eff","avian","https://media.birdweather.com/species/25/CommonChaffinch-standard-d8edb223d1ec828ee0cda788e8f5f209.jpg","https://media.birdweather.com/species/25/CommonChaffinch-thumbnail-7ba0a46bb0cd7efdb3215242f9528140.jpg","https://media.birdweather.com/species/25/CommonChaffinch-png200-ced617224ab07c316109e2d0e9078f2e.png","WfgJDwKGhIbAbHimmnhluHh2tv25ZoAD",11549572621,"https://media.birdweather.com/soundscapes/6891/6891-20260508-055151.flac",0,3,"birdnetpi"
7553217527,6891,"2026-05-08T07:50:49.000+02:00",0.95,0.236734092235565,7.90582539601813,"almost_certain","2p4",NA,51.5702,6.0036,FALSE,20,"Black Redstart","Phoenicurus ochruros","#c8ce2d","avian","https://media.birdweather.com/species/20/BlackRedstart-standard-4255c9b712ecb46ea7d3df8d556c18e7.jpg","https://media.birdweather.com/species/20/BlackRedstart-thumbnail-2fee59acc1ecc6be7238da194869e940.jpg","https://media.birdweather.com/species/20/BlackRedstart-png200-cbc0625b8b4889aeec1da754ad906efd.png","2QgGFwT8epa+l3ZlZ5hntnh4Z/6oyZ8I",11549544977,"https://media.birdweather.com/soundscapes/6891/6891-20260508-055049.flac",0,3,"birdnetpi"
7553207832,6891,"2026-05-08T07:50:09.000+02:00",0.83,0.236734092235565,7.62621475782751,"almost_certain","2p4",NA,51.568,6.008,FALSE,20,"Black Redstart","Phoenicurus ochruros","#c8ce2d","avian","https://media.birdweather.com/species/20/BlackRedstart-standard-4255c9b712ecb46ea7d3df8d556c18e7.jpg","https://media.birdweather.com/species/20/BlackRedstart-thumbnail-2fee59acc1ecc6be7238da194869e940.jpg","https://media.birdweather.com/species/20/BlackRedstart-png200-cbc0625b8b4889aeec1da754ad906efd.png","2QgGFwT8epa+l3ZlZ5hntnh4Z/6oyZ8I",11549526783,"https://media.birdweather.com/soundscapes/6891/6891-20260508-055009.flac",0,3,"birdnetpi"
7553202240,6891,"2026-05-08T07:49:48.000+02:00",0.96,0.991870403289795,9.84654027042637,"almost_certain","2p4",NA,51.5681,6.0087,FALSE,25,"Common Chaffinch","Fringilla coelebs","#fb7eff","avian","https://media.birdweather.com/species/25/CommonChaffinch-standard-d8edb223d1ec828ee0cda788e8f5f209.jpg","https://media.birdweather.com/species/25/CommonChaffinch-thumbnail-7ba0a46bb0cd7efdb3215242f9528140.jpg","https://media.birdweather.com/species/25/CommonChaffinch-png200-ced617224ab07c316109e2d0e9078f2e.png","WfgJDwKGhIbAbHimmnhluHh2tv25ZoAD",11549516283,"https://media.birdweather.com/soundscapes/6891/6891-20260508-054948.flac",0,3,"birdnetpi"
7553195415,6891,"2026-05-08T07:49:19.000+02:00",0.82,0.991870403289795,9.51991716830673,"almost_certain","2p4",NA,51.565,6.0036,FALSE,25,"Common Chaffinch","Fringilla coelebs","#fb7eff","avian","https://media.birdweather.com/species/25/CommonChaffinch-standard-d8edb223d1ec828ee0cda788e8f5f209.jpg","https://media.birdweather.com/species/25/CommonChaffinch-thumbnail-7ba0a46bb0cd7efdb3215242f9528140.jpg","https://media.birdweather.com/species/25/CommonChaffinch-png200-ced617224ab07c316109e2d0e9078f2e.png","WfgJDwKGhIbAbHimmnhluHh2tv25ZoAD",11549504121,"https://media.birdweather.com/soundscapes/6891/6891-20260508-054919.flac",0,3,"birdnetpi"
7553187334,6891,"2026-05-08T07:48:56.000+02:00",0.93,0.991870403289795,9.78280784900657,"almost_certain","2p4",NA,51.5668,6.0028,FALSE,25,"Common Chaffinch","Fringilla coelebs","#fb7eff","avian","https://media.birdweather.com/species/25/CommonChaffinch-standard-d8edb223d1ec828ee0cda788e8f5f209.jpg","https://media.birdweather.com/species/25/CommonChaffinch-thumbnail-7ba0a46bb0cd7efdb3215242f9528140.jpg","https://media.birdweather.com/species/25/CommonChaffinch-png200-ced617224ab07c316109e2d0e9078f2e.png","WfgJDwKGhIbAbHimmnhluHh2tv25ZoAD",11549489081,"https://media.birdweather.com/soundscapes/6891/6891-20260508-054856.flac",0,3,"birdnetpi"
7553181762,6891,"2026-05-08T07:48:25.000+02:00",0.91,0.991870403289795,9.73861046776761,"almost_certain","2p4",NA,51.5674,6.0017,FALSE,25,"Common Chaffinch","Fringilla coelebs","#fb7eff","avian","https://media.birdweather.com/species/25/CommonChaffinch-standard-d8edb223d1ec828ee0cda788e8f5f209.jpg","https://media.birdweather.com/species/25/CommonChaffinch-thumbnail-7ba0a46bb0cd7efdb3215242f9528140.jpg","https://media.birdweather.com/species/25/CommonChaffinch-png200-ced617224ab07c316109e2d0e9078f2e.png","WfgJDwKGhIbAbHimmnhluHh2tv25ZoAD",11549478737,"https://media.birdweather.com/soundscapes/6891/6891-20260508-054825.flac",0,3,"birdnetpi"
7553177418,6891,"2026-05-08T07:48:06.000+02:00",0.9,0.991870403289795,9.71596532409445,"almost_certain","2p4",NA,51.563,6.0068,FALSE,25,"Common Chaffinch","Fringilla coelebs","#fb7eff","avian","https://media.birdweather.com/species/25/CommonChaffinch-standard-d8edb223d1ec828ee0cda788e8f5f209.jpg","https://media.birdweather.com/species/25/CommonChaffinch-thumbnail-7ba0a46bb0cd7efdb3215242f9528140.jpg","https://media.birdweather.com/species/25/CommonChaffinch-png200-ced617224ab07c316109e2d0e9078f2e.png","WfgJDwKGhIbAbHimmnhluHh2tv25ZoAD",11549470679,"https://media.birdweather.com/soundscapes/6891/6891-20260508-054806.flac",0,3,"birdnetpi"
7553172330,6891,"2026-05-08T07:47:45.000+02:00",0.85,0.991870403289795,9.59675973761866,"almost_certain","2p4",NA,51.5642,6.0032,FALSE,25,"Common Chaffinch","Fringilla coelebs","#fb7eff","avian","https://media.birdweather.com/species/25/CommonChaffinch-standard-d8edb223d1ec828ee0cda788e8f5f209.jpg","https://media.birdweather.com/species/25/CommonChaffinch-thumbnail-7ba0a46bb0cd7efdb3215242f9528140.jpg","https://media.birdweather.com/species/25/CommonChaffinch-png200-ced617224ab07c316109e2d0e9078f2e.png","WfgJDwKGhIbAbHimmnhluHh2tv25ZoAD",11549461394,"https://media.birdweather.com/soundscapes/6891/6891-20260508-054745.flac",0,3,"birdnetpi"
7553168637,6891,"2026-05-08T07:47:36.000+02:00",0.87,0.991870403289795,9.64569351078351,"almost_certain","2p4",NA,51.5633,6.0048,FALSE,25,"Common Chaffinch","Fringilla coelebs","#fb7eff","avian","https://media.birdweather.com/species/25/CommonChaffinch-standard-d8edb223d1ec828ee0cda788e8f5f209.jpg","https://media.birdweather.com/species/25/CommonChaffinch-thumbnail-7ba0a46bb0cd7efdb3215242f9528140.jpg","https://media.birdweather.com/species/25/CommonChaffinch-png200-ced617224ab07c316109e2d0e9078f2e.png","WfgJDwKGhIbAbHimmnhluHh2tv25ZoAD",11549454519,"https://media.birdweather.com/soundscapes/6891/6891-20260508-054736.flac",0,3,"birdnetpi"
7553163936,6891,"2026-05-08T07:47:18.000+02:00",0.83,0.991870403289795,9.54601319541658,"almost_certain","2p4",NA,51.5703,6.0016,FALSE,25,"Common Chaffinch","Fringilla coelebs","#fb7eff","avian","https://media.birdweather.com/species/25/CommonChaffinch-standard-d8edb223d1ec828ee0cda788e8f5f209.jpg","https://media.birdweather.com/species/25/CommonChaffinch-thumbnail-7ba0a46bb0cd7efdb3215242f9528140.jpg","https://media.birdweather.com/species/25/CommonChaffinch-png200-ced617224ab07c316109e2d0e9078f2e.png","WfgJDwKGhIbAbHimmnhluHh2tv25ZoAD",11549445818,"https://media.birdweather.com/soundscapes/6891/6891-20260508-054718.flac",0,3,"birdnetpi"
7553164417,6891,"2026-05-08T07:47:15.000+02:00",0.7,0.672991514205933,8.63557427092046,"almost_certain","2p4",NA,51.5671,6.0056,FALSE,44,"Dunnock","Prunella modularis","#fea614","avian","https://media.birdweather.com/species/44/Dunnock-standard-a705d7131240cedd1c407b5a19989591.jpg","https://media.birdweather.com/species/44/Dunnock-thumbnail-1036624855b82c96db4ad23d1ed9d702.jpg","https://media.birdweather.com/species/44/Dunnock-png200-951bb2cdb9ec585716907d8eac83882e.png","lQgGDwB9pneQhHlwWjeK2ZK6d/kdFaUA",11549446712,"https://media.birdweather.com/soundscapes/6891/6891-20260508-054715.flac",0,3,"birdnetpi"
7553156793,6891,"2026-05-08T07:46:42.000+02:00",0.98,0.504944443702698,8.97561489405345,"almost_certain","2p4",NA,51.563,6.005,FALSE,19,"Eurasian Linnet","Linaria cannabina","#5d70fb","avian","https://media.birdweather.com/species/19/EurasianLinnet-standard-db445f9e3f3ea7d63bb08af82073d56c.jpg","https://media.birdweather.com/species/19/EurasianLinnet-thumbnail-38d5dde728c8c71bcdaaee61e1e0bef9.jpg","https://media.birdweather.com/species/19/EurasianLinnet-png200-d5663df5590f0df1c6ffe1afaabc8351.png","5AgGFwKnenaWZ4eKVgh3eYeId/d4WGQA",11549432678,"https://media.birdweather.com/soundscapes/6891/6891-20260508-054642.flac",0,3,"birdnetpi"
7553151082,6891,"2026-05-08T07:46:27.000+02:00",0.98,0.991870403289795,9.88743882994144,"almost_certain","2p4",NA,51.5644,6.0044,FALSE,25,"Common Chaffinch","Fringilla coelebs","#fb7eff","avian","https://media.birdweather.com/species/25/CommonChaffinch-standard-d8edb223d1ec828ee0cda788e8f5f209.jpg","https://media.birdweather.com/species/25/CommonChaffinch-thumbnail-7ba0a46bb0cd7efdb3215242f9528140.jpg","https://media.birdweather.com/species/25/CommonChaffinch-png200-ced617224ab07c316109e2d0e9078f2e.png","WfgJDwKGhIbAbHimmnhluHh2tv25ZoAD",11549422426,"https://media.birdweather.com/soundscapes/6891/6891-20260508-054627.flac",0,3,"birdnetpi"
7553144408,6891,"2026-05-08T07:46:01.000+02:00",0.92,0.991870403289795,9.76088738136195,"almost_certain","2p4",NA,51.5662,6.0073,FALSE,25,"Common Chaffinch","Fringilla coelebs","#fb7eff","avian","https://media.birdweather.com/species/25/CommonChaffinch-standard-d8edb223d1ec828ee0cda788e8f5f209.jpg","https://media.birdweather.com/species/25/CommonChaffinch-thumbnail-7ba0a46bb0cd7efdb3215242f9528140.jpg","https://media.birdweather.com/species/25/CommonChaffinch-png200-ced617224ab07c316109e2d0e9078f2e.png","WfgJDwKGhIbAbHimmnhluHh2tv25ZoAD",11549410056,"https://media.birdweather.com/soundscapes/6891/6891-20260508-054601.flac",0,3,"birdnetpi"
7553143473,6891,"2026-05-08T07:45:58.000+02:00",0.74,0.236734092235565,7.37125463472912,"almost_certain","2p4",NA,51.5658,6.0039,FALSE,20,"Black Redstart","Phoenicurus ochruros","#c8ce2d","avian","https://media.birdweather.com/species/20/BlackRedstart-standard-4255c9b712ecb46ea7d3df8d556c18e7.jpg","https://media.birdweather.com/species/20/BlackRedstart-thumbnail-2fee59acc1ecc6be7238da194869e940.jpg","https://media.birdweather.com/species/20/BlackRedstart-png200-cbc0625b8b4889aeec1da754ad906efd.png","2QgGFwT8epa+l3ZlZ5hntnh4Z/6oyZ8I",11549408273,"https://media.birdweather.com/soundscapes/6891/6891-20260508-054558.flac",0,3,"birdnetpi"
7553127723,6891,"2026-05-08T07:44:44.000+02:00",0.97,0.236734092235565,7.94734372482673,"almost_certain","2p4",NA,51.5689,6.005,FALSE,20,"Black Redstart","Phoenicurus ochruros","#c8ce2d","avian","https://media.birdweather.com/species/20/BlackRedstart-standard-4255c9b712ecb46ea7d3df8d556c18e7.jpg","https://media.birdweather.com/species/20/BlackRedstart-thumbnail-2fee59acc1ecc6be7238da194869e940.jpg","https://media.birdweather.com/species/20/BlackRedstart-png200-cbc0625b8b4889aeec1da754ad906efd.png","2QgGFwT8epa+l3ZlZ5hntnh4Z/6oyZ8I",11549379134,"https://media.birdweather.com/soundscapes/6891/6891-20260508-054444.flac",0,3,"birdnetpi"
7553110621,6891,"2026-05-08T07:43:38.000+02:00",0.92,0.933696985244751,9.67893561051731,"almost_certain","2p4",NA,51.5639,6.0016,FALSE,53,"European Starling","Sturnus vulgaris","#96038f","avian","https://media.birdweather.com/species/53/EuropeanStarling-standard-ff3a9beb497795d3bd4205bd86cf1652.jpg","https://media.birdweather.com/species/53/EuropeanStarling-thumbnail-974e70e3ea84a4be254312c2dfe527d5.jpg","https://media.birdweather.com/species/53/EuropeanStarling-png200-c81072eef7cc54f4bd51dcb88ed45765.png","FQgGBwD4dnmbZHhapUenmGh16HWAvzoO",11549347979,"https://media.birdweather.com/soundscapes/6891/6891-20260508-054338.flac",0,3,"birdnetpi"
7553107775,6891,"2026-05-08T07:43:23.000+02:00",0.95,0.236734092235565,7.90582539601813,"almost_certain","2p4",NA,51.5687,6.0015,FALSE,20,"Black Redstart","Phoenicurus ochruros","#c8ce2d","avian","https://media.birdweather.com/species/20/BlackRedstart-standard-4255c9b712ecb46ea7d3df8d556c18e7.jpg","https://media.birdweather.com/species/20/BlackRedstart-thumbnail-2fee59acc1ecc6be7238da194869e940.jpg","https://media.birdweather.com/species/20/BlackRedstart-png200-cbc0625b8b4889aeec1da754ad906efd.png","2QgGFwT8epa+l3ZlZ5hntnh4Z/6oyZ8I",11549342754,"https://media.birdweather.com/soundscapes/6891/6891-20260508-054323.flac",0,3,"birdnetpi"
7553084703,6891,"2026-05-08T07:41:56.000+02:00",0.78,0.962032496929169,9.36883712213734,"almost_certain","2p4",NA,51.5674,6.0072,FALSE,11,"Great Tit","Parus major","#7a41c7","avian","https://media.birdweather.com/species/11/GreatTit-standard-0058e4dcd148acb2e0cb8a7b7c6ad3b2.jpg","https://media.birdweather.com/species/11/GreatTit-thumbnail-6910d0adae4550c5e6f2396322ee64c4.jpg","https://media.birdweather.com/species/11/GreatTit-png200-9f3394faf07d12f615112c10cb9d7f02.png","ImkCDwTFxox9pZloaIaeZLsJp9r1yG4P",11549300448,"https://media.birdweather.com/soundscapes/6891/6891-20260508-054156.flac",0,3,"birdnetpi"
7553076849,6891,"2026-05-08T07:41:25.000+02:00",0.74,0.839938700199127,9.06574327540671,"almost_certain","2p4",NA,51.5687,6.0087,FALSE,1,"House Sparrow","Passer domesticus","#d16ff8","avian","https://media.birdweather.com/species/1/HouseSparrow-standard-b861184cf45c092cdb45fd689dd676ef.jpg","https://media.birdweather.com/species/1/HouseSparrow-thumbnail-e9cbc91763a1579de8ef04880678b5e3.jpg","https://media.birdweather.com/species/1/HouseSparrow-png200-125e8603e1efe9d7a18316b94f06a65e.png","XAgCDwD8qpukuHiqtLZ9mImnmPFcDO4E",11549285561,"https://media.birdweather.com/soundscapes/6891/6891-20260508-054125.flac",0,3,"birdnetpi"
7553070439,6891,"2026-05-08T07:40:52.000+02:00",0.72,0.839938700199127,9.0020108539869,"almost_certain","2p4",NA,51.5638,6.0069,FALSE,1,"House Sparrow","Passer domesticus","#d16ff8","avian","https://media.birdweather.com/species/1/HouseSparrow-standard-b861184cf45c092cdb45fd689dd676ef.jpg","https://media.birdweather.com/species/1/HouseSparrow-thumbnail-e9cbc91763a1579de8ef04880678b5e3.jpg","https://media.birdweather.com/species/1/HouseSparrow-png200-125e8603e1efe9d7a18316b94f06a65e.png","XAgCDwD8qpukuHiqtLZ9mImnmPFcDO4E",11549273435,"https://media.birdweather.com/soundscapes/6891/6891-20260508-054052.flac",0,3,"birdnetpi"
7553063413,6891,"2026-05-08T07:40:24.000+02:00",0.97,0.991870403289795,9.86714216241579,"almost_certain","2p4",NA,51.57,6.0089,FALSE,25,"Common Chaffinch","Fringilla coelebs","#fb7eff","avian","https://media.birdweather.com/species/25/CommonChaffinch-standard-d8edb223d1ec828ee0cda788e8f5f209.jpg","https://media.birdweather.com/species/25/CommonChaffinch-thumbnail-7ba0a46bb0cd7efdb3215242f9528140.jpg","https://media.birdweather.com/species/25/CommonChaffinch-png200-ced617224ab07c316109e2d0e9078f2e.png","WfgJDwKGhIbAbHimmnhluHh2tv25ZoAD",11549259706,"https://media.birdweather.com/soundscapes/6891/6891-20260508-054024.flac",0,3,"birdnetpi"
7553052918,6891,"2026-05-08T07:39:46.000+02:00",0.85,0.991870403289795,9.59675973761866,"almost_certain","2p4",NA,51.5648,6.0068,FALSE,25,"Common Chaffinch","Fringilla coelebs","#fb7eff","avian","https://media.birdweather.com/species/25/CommonChaffinch-standard-d8edb223d1ec828ee0cda788e8f5f209.jpg","https://media.birdweather.com/species/25/CommonChaffinch-thumbnail-7ba0a46bb0cd7efdb3215242f9528140.jpg","https://media.birdweather.com/species/25/CommonChaffinch-png200-ced617224ab07c316109e2d0e9078f2e.png","WfgJDwKGhIbAbHimmnhluHh2tv25ZoAD",11549239737,"https://media.birdweather.com/soundscapes/6891/6891-20260508-053946.flac",0,3,"birdnetpi"
7553048732,6891,"2026-05-08T07:39:20.000+02:00",0.88,0.236734092235565,7.7497217607097,"almost_certain","2p4",NA,51.5662,6.0017,FALSE,20,"Black Redstart","Phoenicurus ochruros","#c8ce2d","avian","https://media.birdweather.com/species/20/BlackRedstart-standard-4255c9b712ecb46ea7d3df8d556c18e7.jpg","https://media.birdweather.com/species/20/BlackRedstart-thumbnail-2fee59acc1ecc6be7238da194869e940.jpg","https://media.birdweather.com/species/20/BlackRedstart-png200-cbc0625b8b4889aeec1da754ad906efd.png","2QgGFwT8epa+l3ZlZ5hntnh4Z/6oyZ8I",11549231780,"https://media.birdweather.com/soundscapes/6891/6891-20260508-053920.flac",0,3,"birdnetpi"
7552990502,6891,"2026-05-08T07:35:25.000+02:00",0.97,0.991870403289795,9.86714216241579,"almost_certain","2p4",NA,51.5697,6.0051,FALSE,25,"Common Chaffinch","Fringilla coelebs","#fb7eff","avian","https://media.birdweather.com/species/25/CommonChaffinch-standard-d8edb223d1ec828ee0cda788e8f5f209.jpg","https://media.birdweather.com/species/25/CommonChaffinch-thumbnail-7ba0a46bb0cd7efdb3215242f9528140.jpg","https://media.birdweather.com/species/25/CommonChaffinch-png200-ced617224ab07c316109e2d0e9078f2e.png","WfgJDwKGhIbAbHimmnhluHh2tv25ZoAD",11549124790,"https://media.birdweather.com/soundscapes/6891/6891-20260508-053525.flac",0,3,"birdnetpi"
7552984409,6891,"2026-05-08T07:35:08.000+02:00",0.99,0.991870403289795,9.90743918514842,"almost_certain","2p4",NA,51.5684,6.0081,FALSE,25,"Common Chaffinch","Fringilla coelebs","#fb7eff","avian","https://media.birdweather.com/species/25/CommonChaffinch-standard-d8edb223d1ec828ee0cda788e8f5f209.jpg","https://media.birdweather.com/species/25/CommonChaffinch-thumbnail-7ba0a46bb0cd7efdb3215242f9528140.jpg","https://media.birdweather.com/species/25/CommonChaffinch-png200-ced617224ab07c316109e2d0e9078f2e.png","WfgJDwKGhIbAbHimmnhluHh2tv25ZoAD",11549113975,"https://media.birdweather.com/soundscapes/6891/6891-20260508-053508.flac",0,3,"birdnetpi"
7552980403,6891,"2026-05-08T07:34:53.000+02:00",0.99,0.991870403289795,9.90743918514842,"almost_certain","2p4",NA,51.5703,6.0026,FALSE,25,"Common Chaffinch","Fringilla coelebs","#fb7eff","avian","https://media.birdweather.com/species/25/CommonChaffinch-standard-d8edb223d1ec828ee0cda788e8f5f209.jpg","https://media.birdweather.com/species/25/CommonChaffinch-thumbnail-7ba0a46bb0cd7efdb3215242f9528140.jpg","https://media.birdweather.com/species/25/CommonChaffinch-png200-ced617224ab07c316109e2d0e9078f2e.png","WfgJDwKGhIbAbHimmnhluHh2tv25ZoAD",11549106832,"https://media.birdweather.com/soundscapes/6891/6891-20260508-053453.flac",0,3,"birdnetpi"
7552976439,6891,"2026-05-08T07:34:29.000+02:00",0.98,0.991870403289795,9.88743882994144,"almost_certain","2p4",NA,51.5663,6.009,FALSE,25,"Common Chaffinch","Fringilla coelebs","#fb7eff","avian","https://media.birdweather.com/species/25/CommonChaffinch-standard-d8edb223d1ec828ee0cda788e8f5f209.jpg","https://media.birdweather.com/species/25/CommonChaffinch-thumbnail-7ba0a46bb0cd7efdb3215242f9528140.jpg","https://media.birdweather.com/species/25/CommonChaffinch-png200-ced617224ab07c316109e2d0e9078f2e.png","WfgJDwKGhIbAbHimmnhluHh2tv25ZoAD",11549099522,"https://media.birdweather.com/soundscapes/6891/6891-20260508-053429.flac",0,3,"birdnetpi"
7552971328,6891,"2026-05-08T07:34:16.000+02:00",0.98,0.991870403289795,9.88743882994144,"almost_certain","2p4",NA,51.5672,6.0072,FALSE,25,"Common Chaffinch","Fringilla coelebs","#fb7eff","avian","https://media.birdweather.com/species/25/CommonChaffinch-standard-d8edb223d1ec828ee0cda788e8f5f209.jpg","https://media.birdweather.com/species/25/CommonChaffinch-thumbnail-7ba0a46bb0cd7efdb3215242f9528140.jpg","https://media.birdweather.com/species/25/CommonChaffinch-png200-ced617224ab07c316109e2d0e9078f2e.png","WfgJDwKGhIbAbHimmnhluHh2tv25ZoAD",11549090010,"https://media.birdweather.com/soundscapes/6891/6891-20260508-053416.flac",0,3,"birdnetpi"
7552967444,6891,"2026-05-08T07:33:51.000+02:00",0.97,0.991870403289795,9.86714216241579,"almost_certain","2p4",NA,51.5663,6.007,FALSE,25,"Common Chaffinch","Fringilla coelebs","#fb7eff","avian","https://media.birdweather.com/species/25/CommonChaffinch-standard-d8edb223d1ec828ee0cda788e8f5f209.jpg","https://media.birdweather.com/species/25/CommonChaffinch-thumbnail-7ba0a46bb0cd7efdb3215242f9528140.jpg","https://media.birdweather.com/species/25/CommonChaffinch-png200-ced617224ab07c316109e2d0e9078f2e.png","WfgJDwKGhIbAbHimmnhluHh2tv25ZoAD",11549083090,"https://media.birdweather.com/soundscapes/6891/6891-20260508-053351.flac",0,3,"birdnetpi"
7552866353,6891,"2026-05-08T07:27:04.000+02:00",1,0.672991514205933,9.40224790039199,"almost_certain","2p4",NA,51.567,6.0046,FALSE,44,"Dunnock","Prunella modularis","#fea614","avian","https://media.birdweather.com/species/44/Dunnock-standard-a705d7131240cedd1c407b5a19989591.jpg","https://media.birdweather.com/species/44/Dunnock-thumbnail-1036624855b82c96db4ad23d1ed9d702.jpg","https://media.birdweather.com/species/44/Dunnock-png200-951bb2cdb9ec585716907d8eac83882e.png","lQgGDwB9pneQhHlwWjeK2ZK6d/kdFaUA",11548899262,"https://media.birdweather.com/soundscapes/6891/6891-20260508-052704.flac",0,3,"birdnetpi"
7552862177,6891,"2026-05-08T07:26:49.000+02:00",1,0.672991514205933,9.40224790039199,"almost_certain","2p4",NA,51.5703,6.0046,FALSE,44,"Dunnock","Prunella modularis","#fea614","avian","https://media.birdweather.com/species/44/Dunnock-standard-a705d7131240cedd1c407b5a19989591.jpg","https://media.birdweather.com/species/44/Dunnock-thumbnail-1036624855b82c96db4ad23d1ed9d702.jpg","https://media.birdweather.com/species/44/Dunnock-png200-951bb2cdb9ec585716907d8eac83882e.png","lQgGDwB9pneQhHlwWjeK2ZK6d/kdFaUA",11548891968,"https://media.birdweather.com/soundscapes/6891/6891-20260508-052649.flac",0,3,"birdnetpi"
7552859173,6891,"2026-05-08T07:26:36.000+02:00",0.99,0.148204311728477,7.37878000840138,"almost_certain","2p4",NA,51.5622,6.0042,FALSE,143,"Eurasian Oystercatcher","Haematopus ostralegus","#ca8600","avian","https://media.birdweather.com/species/143/EurasianOystercatcher-standard-de054f6108c9ec46b2430e18a3a05899.jpg","https://media.birdweather.com/species/143/EurasianOystercatcher-thumbnail-30dda908d192acf9a6ba366e2d58599a.jpg","https://media.birdweather.com/species/143/EurasianOystercatcher-png200-eaade4c821880831fc0130856cf4cad3.png","3vcRFwKHd4mAiHeCdth4eIeIhYD5CocK",11548886472,"https://media.birdweather.com/soundscapes/6891/6891-20260508-052636.flac",0,3,"birdnetpi"
7552854414,6891,"2026-05-08T07:26:21.000+02:00",1,0.672991514205933,9.40224790039199,"almost_certain","2p4",NA,51.565,6.0078,FALSE,44,"Dunnock","Prunella modularis","#fea614","avian","https://media.birdweather.com/species/44/Dunnock-standard-a705d7131240cedd1c407b5a19989591.jpg","https://media.birdweather.com/species/44/Dunnock-thumbnail-1036624855b82c96db4ad23d1ed9d702.jpg","https://media.birdweather.com/species/44/Dunnock-png200-951bb2cdb9ec585716907d8eac83882e.png","lQgGDwB9pneQhHlwWjeK2ZK6d/kdFaUA",11548877897,"https://media.birdweather.com/soundscapes/6891/6891-20260508-052621.flac",0,3,"birdnetpi"
7552852899,6891,"2026-05-08T07:26:13.000+02:00",0.88,0.148204311728477,7.14086102155173,"almost_certain","2p4",NA,51.5644,6.004,FALSE,143,"Eurasian Oystercatcher","Haematopus ostralegus","#ca8600","avian","https://media.birdweather.com/species/143/EurasianOystercatcher-standard-de054f6108c9ec46b2430e18a3a05899.jpg","https://media.birdweather.com/species/143/EurasianOystercatcher-thumbnail-30dda908d192acf9a6ba366e2d58599a.jpg","https://media.birdweather.com/species/143/EurasianOystercatcher-png200-eaade4c821880831fc0130856cf4cad3.png","3vcRFwKHd4mAiHeCdth4eIeIhYD5CocK",11548874884,"https://media.birdweather.com/soundscapes/6891/6891-20260508-052613.flac",0,3,"birdnetpi"
7552806176,6891,"2026-05-08T07:23:03.000+02:00",0.98,0.236734092235565,7.96764039235237,"almost_certain","2p4",NA,51.5629,6.0063,FALSE,20,"Black Redstart","Phoenicurus ochruros","#c8ce2d","avian","https://media.birdweather.com/species/20/BlackRedstart-standard-4255c9b712ecb46ea7d3df8d556c18e7.jpg","https://media.birdweather.com/species/20/BlackRedstart-thumbnail-2fee59acc1ecc6be7238da194869e940.jpg","https://media.birdweather.com/species/20/BlackRedstart-png200-cbc0625b8b4889aeec1da754ad906efd.png","2QgGFwT8epa+l3ZlZ5hntnh4Z/6oyZ8I",11548790433,"https://media.birdweather.com/soundscapes/6891/6891-20260508-052303.flac",0,3,"birdnetpi"
7552770978,6891,"2026-05-08T07:20:44.000+02:00",0.98,0.672991514205933,9.36253497487563,"almost_certain","2p4",NA,51.562,6.0065,FALSE,44,"Dunnock","Prunella modularis","#fea614","avian","https://media.birdweather.com/species/44/Dunnock-standard-a705d7131240cedd1c407b5a19989591.jpg","https://media.birdweather.com/species/44/Dunnock-thumbnail-1036624855b82c96db4ad23d1ed9d702.jpg","https://media.birdweather.com/species/44/Dunnock-png200-951bb2cdb9ec585716907d8eac83882e.png","lQgGDwB9pneQhHlwWjeK2ZK6d/kdFaUA",11548727391,"https://media.birdweather.com/soundscapes/6891/6891-20260508-052044.flac",0,3,"birdnetpi"
7552734929,6891,"2026-05-08T07:18:23.000+02:00",0.99,0.622888922691345,9.27815844681824,"almost_certain","2p4",NA,51.5627,6.0079,FALSE,76,"Eurasian Jackdaw","Corvus monedula","#f36f1b","avian","https://media.birdweather.com/species/76/EurasianJackdaw-standard-55cbd4006f743c538a3264a1fb86d41c.jpg","https://media.birdweather.com/species/76/EurasianJackdaw-thumbnail-80ecf23afe76ea22483b4f8043e19339.jpg","https://media.birdweather.com/species/76/EurasianJackdaw-png200-862dbf9b3725619bb5532ba255c32118.png","4AgKDwL2i2d1homOY0modph5OL/1qHAJ",11548662062,"https://media.birdweather.com/soundscapes/6891/6891-20260508-051823.flac",0,3,"birdnetpi"
7552708201,6891,"2026-05-08T07:16:33.000+02:00",0.83,0.622888922691345,8.91673245708641,"almost_certain","2p4",NA,51.5642,6.0029,FALSE,76,"Eurasian Jackdaw","Corvus monedula","#f36f1b","avian","https://media.birdweather.com/species/76/EurasianJackdaw-standard-55cbd4006f743c538a3264a1fb86d41c.jpg","https://media.birdweather.com/species/76/EurasianJackdaw-thumbnail-80ecf23afe76ea22483b4f8043e19339.jpg","https://media.birdweather.com/species/76/EurasianJackdaw-png200-862dbf9b3725619bb5532ba255c32118.png","4AgKDwL2i2d1homOY0modph5OL/1qHAJ",11548613924,"https://media.birdweather.com/soundscapes/6891/6891-20260508-051633.flac",0,3,"birdnetpi"
7552660333,6891,"2026-05-08T07:13:22.000+02:00",0.82,0.236734092235565,7.60011873071766,"almost_certain","2p4",NA,51.5693,6.0087,FALSE,20,"Black Redstart","Phoenicurus ochruros","#c8ce2d","avian","https://media.birdweather.com/species/20/BlackRedstart-standard-4255c9b712ecb46ea7d3df8d556c18e7.jpg","https://media.birdweather.com/species/20/BlackRedstart-thumbnail-2fee59acc1ecc6be7238da194869e940.jpg","https://media.birdweather.com/species/20/BlackRedstart-png200-cbc0625b8b4889aeec1da754ad906efd.png","2QgGFwT8epa+l3ZlZ5hntnh4Z/6oyZ8I",11548528708,"https://media.birdweather.com/soundscapes/6891/6891-20260508-051322.flac",0,3,"birdnetpi"
7552653235,6891,"2026-05-08T07:12:56.000+02:00",0.99,0.991870403289795,9.90743918514842,"almost_certain","2p4",NA,51.5697,6.0018,FALSE,25,"Common Chaffinch","Fringilla coelebs","#fb7eff","avian","https://media.birdweather.com/species/25/CommonChaffinch-standard-d8edb223d1ec828ee0cda788e8f5f209.jpg","https://media.birdweather.com/species/25/CommonChaffinch-thumbnail-7ba0a46bb0cd7efdb3215242f9528140.jpg","https://media.birdweather.com/species/25/CommonChaffinch-png200-ced617224ab07c316109e2d0e9078f2e.png","WfgJDwKGhIbAbHimmnhluHh2tv25ZoAD",11548515701,"https://media.birdweather.com/soundscapes/6891/6891-20260508-051256.flac",0,3,"birdnetpi"
7552648300,6891,"2026-05-08T07:12:36.000+02:00",0.99,0.991870403289795,9.90743918514842,"almost_certain","2p4",NA,51.5662,6.0052,FALSE,25,"Common Chaffinch","Fringilla coelebs","#fb7eff","avian","https://media.birdweather.com/species/25/CommonChaffinch-standard-d8edb223d1ec828ee0cda788e8f5f209.jpg","https://media.birdweather.com/species/25/CommonChaffinch-thumbnail-7ba0a46bb0cd7efdb3215242f9528140.jpg","https://media.birdweather.com/species/25/CommonChaffinch-png200-ced617224ab07c316109e2d0e9078f2e.png","WfgJDwKGhIbAbHimmnhluHh2tv25ZoAD",11548508369,"https://media.birdweather.com/soundscapes/6891/6891-20260508-051236.flac",0,3,"birdnetpi"
7552645065,6891,"2026-05-08T07:12:19.000+02:00",0.99,0.991870403289795,9.90743918514842,"almost_certain","2p4",NA,51.5655,6.0049,FALSE,25,"Common Chaffinch","Fringilla coelebs","#fb7eff","avian","https://media.birdweather.com/species/25/CommonChaffinch-standard-d8edb223d1ec828ee0cda788e8f5f209.jpg","https://media.birdweather.com/species/25/CommonChaffinch-thumbnail-7ba0a46bb0cd7efdb3215242f9528140.jpg","https://media.birdweather.com/species/25/CommonChaffinch-png200-ced617224ab07c316109e2d0e9078f2e.png","WfgJDwKGhIbAbHimmnhluHh2tv25ZoAD",11548501647,"https://media.birdweather.com/soundscapes/6891/6891-20260508-051219.flac",0,3,"birdnetpi"
7552640900,6891,"2026-05-08T07:12:04.000+02:00",0.89,0.991870403289795,9.69293957200101,"almost_certain","2p4",NA,51.5687,6.0074,FALSE,25,"Common Chaffinch","Fringilla coelebs","#fb7eff","avian","https://media.birdweather.com/species/25/CommonChaffinch-standard-d8edb223d1ec828ee0cda788e8f5f209.jpg","https://media.birdweather.com/species/25/CommonChaffinch-thumbnail-7ba0a46bb0cd7efdb3215242f9528140.jpg","https://media.birdweather.com/species/25/CommonChaffinch-png200-ced617224ab07c316109e2d0e9078f2e.png","WfgJDwKGhIbAbHimmnhluHh2tv25ZoAD",11548494392,"https://media.birdweather.com/soundscapes/6891/6891-20260508-051204.flac",0,3,"birdnetpi"
7552636517,6891,"2026-05-08T07:11:38.000+02:00",0.86,0.991870403289795,9.62144509015732,"almost_certain","2p4",NA,51.5615,6.0065,FALSE,25,"Common Chaffinch","Fringilla coelebs","#fb7eff","avian","https://media.birdweather.com/species/25/CommonChaffinch-standard-d8edb223d1ec828ee0cda788e8f5f209.jpg","https://media.birdweather.com/species/25/CommonChaffinch-thumbnail-7ba0a46bb0cd7efdb3215242f9528140.jpg","https://media.birdweather.com/species/25/CommonChaffinch-png200-ced617224ab07c316109e2d0e9078f2e.png","WfgJDwKGhIbAbHimmnhluHh2tv25ZoAD",11548486323,"https://media.birdweather.com/soundscapes/6891/6891-20260508-051138.flac",0,3,"birdnetpi"
7552605165,6891,"2026-05-08T07:09:36.000+02:00",0.99,0.236734092235565,7.98764074755935,"almost_certain","2p4",NA,51.5695,6.0047,FALSE,20,"Black Redstart","Phoenicurus ochruros","#c8ce2d","avian","https://media.birdweather.com/species/20/BlackRedstart-standard-4255c9b712ecb46ea7d3df8d556c18e7.jpg","https://media.birdweather.com/species/20/BlackRedstart-thumbnail-2fee59acc1ecc6be7238da194869e940.jpg","https://media.birdweather.com/species/20/BlackRedstart-png200-cbc0625b8b4889aeec1da754ad906efd.png","2QgGFwT8epa+l3ZlZ5hntnh4Z/6oyZ8I",11548429948,"https://media.birdweather.com/soundscapes/6891/6891-20260508-050936.flac",0,3,"birdnetpi"
7552595685,6891,"2026-05-08T07:08:59.000+02:00",1,0.236734092235565,8.00735331786873,"almost_certain","2p4",NA,51.5635,6.0034,FALSE,20,"Black Redstart","Phoenicurus ochruros","#c8ce2d","avian","https://media.birdweather.com/species/20/BlackRedstart-standard-4255c9b712ecb46ea7d3df8d556c18e7.jpg","https://media.birdweather.com/species/20/BlackRedstart-thumbnail-2fee59acc1ecc6be7238da194869e940.jpg","https://media.birdweather.com/species/20/BlackRedstart-png200-cbc0625b8b4889aeec1da754ad906efd.png","2QgGFwT8epa+l3ZlZ5hntnh4Z/6oyZ8I",11548412815,"https://media.birdweather.com/soundscapes/6891/6891-20260508-050859.flac",0,3,"birdnetpi"
7552591983,6891,"2026-05-08T07:08:42.000+02:00",0.84,0.999183833599091,9.58158578708593,"almost_certain","2p4",NA,51.5616,6.0013,FALSE,35,"Eurasian Blackbird","Turdus merula","#ff65df","avian","https://media.birdweather.com/species/35/EurasianBlackbird-standard-618b3a5132c7c359fb2a2884c39deb39.jpg","https://media.birdweather.com/species/35/EurasianBlackbird-thumbnail-276878929bed08167d1fd9bf34d63d40.jpg","https://media.birdweather.com/species/35/EurasianBlackbird-png200-ba5a1b43225da4611cac429c52a52c81.png","GfkFFwKRmrx2ZYiaaQe69nlzScn3T7IA",11548405989,"https://media.birdweather.com/soundscapes/6891/6891-20260508-050842.flac",0,3,"birdnetpi"
7552587841,6891,"2026-05-08T07:08:33.000+02:00",0.82,0.999183833599091,9.52988153774943,"almost_certain","2p4",NA,51.5672,6.0046,FALSE,35,"Eurasian Blackbird","Turdus merula","#ff65df","avian","https://media.birdweather.com/species/35/EurasianBlackbird-standard-618b3a5132c7c359fb2a2884c39deb39.jpg","https://media.birdweather.com/species/35/EurasianBlackbird-thumbnail-276878929bed08167d1fd9bf34d63d40.jpg","https://media.birdweather.com/species/35/EurasianBlackbird-png200-ba5a1b43225da4611cac429c52a52c81.png","GfkFFwKRmrx2ZYiaaQe69nlzScn3T7IA",11548398740,"https://media.birdweather.com/soundscapes/6891/6891-20260508-050833.flac",0,3,"birdnetpi"
7552585847,6891,"2026-05-08T07:08:18.000+02:00",0.99,0.236734092235565,7.98764074755935,"almost_certain","2p4",NA,51.5616,6.0059,FALSE,20,"Black Redstart","Phoenicurus ochruros","#c8ce2d","avian","https://media.birdweather.com/species/20/BlackRedstart-standard-4255c9b712ecb46ea7d3df8d556c18e7.jpg","https://media.birdweather.com/species/20/BlackRedstart-thumbnail-2fee59acc1ecc6be7238da194869e940.jpg","https://media.birdweather.com/species/20/BlackRedstart-png200-cbc0625b8b4889aeec1da754ad906efd.png","2QgGFwT8epa+l3ZlZ5hntnh4Z/6oyZ8I",11548395094,"https://media.birdweather.com/soundscapes/6891/6891-20260508-050818.flac",0,3,"birdnetpi"
7552579989,6891,"2026-05-08T07:07:54.000+02:00",0.75,0.999183833599091,9.33180525427821,"almost_certain","2p4",NA,51.5681,6.0045,FALSE,35,"Eurasian Blackbird","Turdus merula","#ff65df","avian","https://media.birdweather.com/species/35/EurasianBlackbird-standard-618b3a5132c7c359fb2a2884c39deb39.jpg","https://media.birdweather.com/species/35/EurasianBlackbird-thumbnail-276878929bed08167d1fd9bf34d63d40.jpg","https://media.birdweather.com/species/35/EurasianBlackbird-png200-ba5a1b43225da4611cac429c52a52c81.png","GfkFFwKRmrx2ZYiaaQe69nlzScn3T7IA",11548384743,"https://media.birdweather.com/soundscapes/6891/6891-20260508-050754.flac",0,3,"birdnetpi"
7552570183,6891,"2026-05-08T07:07:16.000+02:00",0.83,0.999183833599091,9.55597756485928,"almost_certain","2p4",NA,51.5659,6.0053,FALSE,35,"Eurasian Blackbird","Turdus merula","#ff65df","avian","https://media.birdweather.com/species/35/EurasianBlackbird-standard-618b3a5132c7c359fb2a2884c39deb39.jpg","https://media.birdweather.com/species/35/EurasianBlackbird-thumbnail-276878929bed08167d1fd9bf34d63d40.jpg","https://media.birdweather.com/species/35/EurasianBlackbird-png200-ba5a1b43225da4611cac429c52a52c81.png","GfkFFwKRmrx2ZYiaaQe69nlzScn3T7IA",11548367123,"https://media.birdweather.com/soundscapes/6891/6891-20260508-050716.flac",0,3,"birdnetpi"
7552563572,6891,"2026-05-08T07:06:55.000+02:00",0.77,0.999183833599091,9.39137985763565,"almost_certain","2p4",NA,51.565,6.0046,FALSE,35,"Eurasian Blackbird","Turdus merula","#ff65df","avian","https://media.birdweather.com/species/35/EurasianBlackbird-standard-618b3a5132c7c359fb2a2884c39deb39.jpg","https://media.birdweather.com/species/35/EurasianBlackbird-thumbnail-276878929bed08167d1fd9bf34d63d40.jpg","https://media.birdweather.com/species/35/EurasianBlackbird-png200-ba5a1b43225da4611cac429c52a52c81.png","GfkFFwKRmrx2ZYiaaQe69nlzScn3T7IA",11548355344,"https://media.birdweather.com/soundscapes/6891/6891-20260508-050655.flac",0,3,"birdnetpi"
7552557710,6891,"2026-05-08T07:06:29.000+02:00",0.74,0.999183833599091,9.30101744176089,"almost_certain","2p4",NA,51.5652,6.0076,FALSE,35,"Eurasian Blackbird","Turdus merula","#ff65df","avian","https://media.birdweather.com/species/35/EurasianBlackbird-standard-618b3a5132c7c359fb2a2884c39deb39.jpg","https://media.birdweather.com/species/35/EurasianBlackbird-thumbnail-276878929bed08167d1fd9bf34d63d40.jpg","https://media.birdweather.com/species/35/EurasianBlackbird-png200-ba5a1b43225da4611cac429c52a52c81.png","GfkFFwKRmrx2ZYiaaQe69nlzScn3T7IA",11548344930,"https://media.birdweather.com/soundscapes/6891/6891-20260508-050629.flac",0,3,"birdnetpi"
7552551779,6891,"2026-05-08T07:06:01.000+02:00",0.81,0.999183833599091,9.5032787601252,"almost_certain","2p4",NA,51.5679,6.0033,FALSE,35,"Eurasian Blackbird","Turdus merula","#ff65df","avian","https://media.birdweather.com/species/35/EurasianBlackbird-standard-618b3a5132c7c359fb2a2884c39deb39.jpg","https://media.birdweather.com/species/35/EurasianBlackbird-thumbnail-276878929bed08167d1fd9bf34d63d40.jpg","https://media.birdweather.com/species/35/EurasianBlackbird-png200-ba5a1b43225da4611cac429c52a52c81.png","GfkFFwKRmrx2ZYiaaQe69nlzScn3T7IA",11548334244,"https://media.birdweather.com/soundscapes/6891/6891-20260508-050601.flac",0,3,"birdnetpi"
7552510585,6891,"2026-05-08T07:03:22.000+02:00",0.84,0.236734092235565,7.65182298005416,"almost_certain","2p4",NA,51.5624,6.0035,FALSE,20,"Black Redstart","Phoenicurus ochruros","#c8ce2d","avian","https://media.birdweather.com/species/20/BlackRedstart-standard-4255c9b712ecb46ea7d3df8d556c18e7.jpg","https://media.birdweather.com/species/20/BlackRedstart-thumbnail-2fee59acc1ecc6be7238da194869e940.jpg","https://media.birdweather.com/species/20/BlackRedstart-png200-cbc0625b8b4889aeec1da754ad906efd.png","2QgGFwT8epa+l3ZlZ5hntnh4Z/6oyZ8I",11548261492,"https://media.birdweather.com/soundscapes/6891/6891-20260508-050322.flac",0,3,"birdnetpi"
7552504236,6891,"2026-05-08T07:02:58.000+02:00",0.84,0.236734092235565,7.65182298005416,"almost_certain","2p4",NA,51.5642,6.0084,FALSE,20,"Black Redstart","Phoenicurus ochruros","#c8ce2d","avian","https://media.birdweather.com/species/20/BlackRedstart-standard-4255c9b712ecb46ea7d3df8d556c18e7.jpg","https://media.birdweather.com/species/20/BlackRedstart-thumbnail-2fee59acc1ecc6be7238da194869e940.jpg","https://media.birdweather.com/species/20/BlackRedstart-png200-cbc0625b8b4889aeec1da754ad906efd.png","2QgGFwT8epa+l3ZlZ5hntnh4Z/6oyZ8I",11548250108,"https://media.birdweather.com/soundscapes/6891/6891-20260508-050258.flac",0,3,"birdnetpi"
7552501119,6891,"2026-05-08T07:02:45.000+02:00",0.81,0.999183833599091,9.5032787601252,"almost_certain","2p4",NA,51.5634,6.0083,FALSE,35,"Eurasian Blackbird","Turdus merula","#ff65df","avian","https://media.birdweather.com/species/35/EurasianBlackbird-standard-618b3a5132c7c359fb2a2884c39deb39.jpg","https://media.birdweather.com/species/35/EurasianBlackbird-thumbnail-276878929bed08167d1fd9bf34d63d40.jpg","https://media.birdweather.com/species/35/EurasianBlackbird-png200-ba5a1b43225da4611cac429c52a52c81.png","GfkFFwKRmrx2ZYiaaQe69nlzScn3T7IA",11548244650,"https://media.birdweather.com/soundscapes/6891/6891-20260508-050245.flac",0,3,"birdnetpi"
7552403247,6891,"2026-05-08T06:56:31.000+02:00",0.87,0.999183833599091,9.65565788022621,"almost_certain","2p4",NA,51.5671,6.004,FALSE,35,"Eurasian Blackbird","Turdus merula","#ff65df","avian","https://media.birdweather.com/species/35/EurasianBlackbird-standard-618b3a5132c7c359fb2a2884c39deb39.jpg","https://media.birdweather.com/species/35/EurasianBlackbird-thumbnail-276878929bed08167d1fd9bf34d63d40.jpg","https://media.birdweather.com/species/35/EurasianBlackbird-png200-ba5a1b43225da4611cac429c52a52c81.png","GfkFFwKRmrx2ZYiaaQe69nlzScn3T7IA",11548072082,"https://media.birdweather.com/soundscapes/6891/6891-20260508-045631.flac",0,3,"birdnetpi"
7552382698,6891,"2026-05-08T06:55:12.000+02:00",1,0.672991514205933,9.40224790039199,"almost_certain","2p4",NA,51.5621,6.0043,FALSE,44,"Dunnock","Prunella modularis","#fea614","avian","https://media.birdweather.com/species/44/Dunnock-standard-a705d7131240cedd1c407b5a19989591.jpg","https://media.birdweather.com/species/44/Dunnock-thumbnail-1036624855b82c96db4ad23d1ed9d702.jpg","https://media.birdweather.com/species/44/Dunnock-png200-951bb2cdb9ec585716907d8eac83882e.png","lQgGDwB9pneQhHlwWjeK2ZK6d/kdFaUA",11548036180,"https://media.birdweather.com/soundscapes/6891/6891-20260508-045512.flac",0,3,"birdnetpi"
7552376618,6891,"2026-05-08T06:54:48.000+02:00",0.85,0.999183833599091,9.60672410706136,"almost_certain","2p4",NA,51.5622,6.0083,FALSE,35,"Eurasian Blackbird","Turdus merula","#ff65df","avian","https://media.birdweather.com/species/35/EurasianBlackbird-standard-618b3a5132c7c359fb2a2884c39deb39.jpg","https://media.birdweather.com/species/35/EurasianBlackbird-thumbnail-276878929bed08167d1fd9bf34d63d40.jpg","https://media.birdweather.com/species/35/EurasianBlackbird-png200-ba5a1b43225da4611cac429c52a52c81.png","GfkFFwKRmrx2ZYiaaQe69nlzScn3T7IA",11548025611,"https://media.birdweather.com/soundscapes/6891/6891-20260508-045448.flac",0,3,"birdnetpi"
7552360664,6891,"2026-05-08T06:53:51.000+02:00",0.94,0.236734092235565,7.88458466046386,"almost_certain","2p4",NA,51.5693,6.0038,FALSE,20,"Black Redstart","Phoenicurus ochruros","#c8ce2d","avian","https://media.birdweather.com/species/20/BlackRedstart-standard-4255c9b712ecb46ea7d3df8d556c18e7.jpg","https://media.birdweather.com/species/20/BlackRedstart-thumbnail-2fee59acc1ecc6be7238da194869e940.jpg","https://media.birdweather.com/species/20/BlackRedstart-png200-cbc0625b8b4889aeec1da754ad906efd.png","2QgGFwT8epa+l3ZlZ5hntnh4Z/6oyZ8I",11547997251,"https://media.birdweather.com/soundscapes/6891/6891-20260508-045351.flac",0,3,"birdnetpi"
7552352180,6891,"2026-05-08T06:53:15.000+02:00",0.88,0.622888922691345,9.04023945996859,"almost_certain","2p4",NA,51.5632,6.0008,FALSE,76,"Eurasian Jackdaw","Corvus monedula","#f36f1b","avian","https://media.birdweather.com/species/76/EurasianJackdaw-standard-55cbd4006f743c538a3264a1fb86d41c.jpg","https://media.birdweather.com/species/76/EurasianJackdaw-thumbnail-80ecf23afe76ea22483b4f8043e19339.jpg","https://media.birdweather.com/species/76/EurasianJackdaw-png200-862dbf9b3725619bb5532ba255c32118.png","4AgKDwL2i2d1homOY0modph5OL/1qHAJ",11547982573,"https://media.birdweather.com/soundscapes/6891/6891-20260508-045315.flac",0,3,"birdnetpi"
7552339537,6891,"2026-05-08T06:52:29.000+02:00",0.78,0.999183833599091,9.42022302823668,"almost_certain","2p4",NA,51.5663,6.007,FALSE,35,"Eurasian Blackbird","Turdus merula","#ff65df","avian","https://media.birdweather.com/species/35/EurasianBlackbird-standard-618b3a5132c7c359fb2a2884c39deb39.jpg","https://media.birdweather.com/species/35/EurasianBlackbird-thumbnail-276878929bed08167d1fd9bf34d63d40.jpg","https://media.birdweather.com/species/35/EurasianBlackbird-png200-ba5a1b43225da4611cac429c52a52c81.png","GfkFFwKRmrx2ZYiaaQe69nlzScn3T7IA",11547960008,"https://media.birdweather.com/soundscapes/6891/6891-20260508-045229.flac",0,3,"birdnetpi"
7552328934,6891,"2026-05-08T06:51:46.000+02:00",0.76,0.999183833599091,9.36191635648293,"almost_certain","2p4",NA,51.5615,6.0087,FALSE,35,"Eurasian Blackbird","Turdus merula","#ff65df","avian","https://media.birdweather.com/species/35/EurasianBlackbird-standard-618b3a5132c7c359fb2a2884c39deb39.jpg","https://media.birdweather.com/species/35/EurasianBlackbird-thumbnail-276878929bed08167d1fd9bf34d63d40.jpg","https://media.birdweather.com/species/35/EurasianBlackbird-png200-ba5a1b43225da4611cac429c52a52c81.png","GfkFFwKRmrx2ZYiaaQe69nlzScn3T7IA",11547940688,"https://media.birdweather.com/soundscapes/6891/6891-20260508-045146.flac",0,3,"birdnetpi"
7552315107,6891,"2026-05-08T06:50:51.000+02:00",0.75,0.999183833599091,9.33180525427821,"almost_certain","2p4",NA,51.5646,6.0066,FALSE,35,"Eurasian Blackbird","Turdus merula","#ff65df","avian","https://media.birdweather.com/species/35/EurasianBlackbird-standard-618b3a5132c7c359fb2a2884c39deb39.jpg","https://media.birdweather.com/species/35/EurasianBlackbird-thumbnail-276878929bed08167d1fd9bf34d63d40.jpg","https://media.birdweather.com/species/35/EurasianBlackbird-png200-ba5a1b43225da4611cac429c52a52c81.png","GfkFFwKRmrx2ZYiaaQe69nlzScn3T7IA",11547916345,"https://media.birdweather.com/soundscapes/6891/6891-20260508-045051.flac",0,3,"birdnetpi"
7552297213,6891,"2026-05-08T06:49:44.000+02:00",0.7,0.999183833599091,9.17044249542897,"almost_certain","2p4",NA,51.5648,6.0028,FALSE,35,"Eurasian Blackbird","Turdus merula","#ff65df","avian","https://media.birdweather.com/species/35/EurasianBlackbird-standard-618b3a5132c7c359fb2a2884c39deb39.jpg","https://media.birdweather.com/species/35/EurasianBlackbird-thumbnail-276878929bed08167d1fd9bf34d63d40.jpg","https://media.birdweather.com/species/35/EurasianBlackbird-png200-ba5a1b43225da4611cac429c52a52c81.png","GfkFFwKRmrx2ZYiaaQe69nlzScn3T7IA",11547885649,"https://media.birdweather.com/soundscapes/6891/6891-20260508-044944.flac",0,3,"birdnetpi"
7552293907,6891,"2026-05-08T06:49:30.000+02:00",1,0.148204311728477,7.39849257871076,"almost_certain","2p4",NA,51.562,6.0088,FALSE,143,"Eurasian Oystercatcher","Haematopus ostralegus","#ca8600","avian","https://media.birdweather.com/species/143/EurasianOystercatcher-standard-de054f6108c9ec46b2430e18a3a05899.jpg","https://media.birdweather.com/species/143/EurasianOystercatcher-thumbnail-30dda908d192acf9a6ba366e2d58599a.jpg","https://media.birdweather.com/species/143/EurasianOystercatcher-png200-eaade4c821880831fc0130856cf4cad3.png","3vcRFwKHd4mAiHeCdth4eIeIhYD5CocK",11547879831,"https://media.birdweather.com/soundscapes/6891/6891-20260508-044930.flac",0,3,"birdnetpi"
7552267218,6891,"2026-05-08T06:47:49.000+02:00",0.8,0.236734092235565,7.54638635369767,"almost_certain","2p4",NA,51.5637,6.0012,FALSE,20,"Black Redstart","Phoenicurus ochruros","#c8ce2d","avian","https://media.birdweather.com/species/20/BlackRedstart-standard-4255c9b712ecb46ea7d3df8d556c18e7.jpg","https://media.birdweather.com/species/20/BlackRedstart-thumbnail-2fee59acc1ecc6be7238da194869e940.jpg","https://media.birdweather.com/species/20/BlackRedstart-png200-cbc0625b8b4889aeec1da754ad906efd.png","2QgGFwT8epa+l3ZlZ5hntnh4Z/6oyZ8I",11547833205,"https://media.birdweather.com/soundscapes/6891/6891-20260508-044749.flac",0,3,"birdnetpi"
7552253612,6891,"2026-05-08T06:47:04.000+02:00",0.99,0.236734092235565,7.98764074755935,"almost_certain","2p4",NA,51.5694,6.0057,FALSE,20,"Black Redstart","Phoenicurus ochruros","#c8ce2d","avian","https://media.birdweather.com/species/20/BlackRedstart-standard-4255c9b712ecb46ea7d3df8d556c18e7.jpg","https://media.birdweather.com/species/20/BlackRedstart-thumbnail-2fee59acc1ecc6be7238da194869e940.jpg","https://media.birdweather.com/species/20/BlackRedstart-png200-cbc0625b8b4889aeec1da754ad906efd.png","2QgGFwT8epa+l3ZlZ5hntnh4Z/6oyZ8I",11547809863,"https://media.birdweather.com/soundscapes/6891/6891-20260508-044704.flac",0,3,"birdnetpi"
7552219326,6891,"2026-05-08T06:44:52.000+02:00",0.8,0.836401343345642,9.23516129807698,"almost_certain","2p4",NA,51.5653,6.0079,FALSE,95,"White Wagtail","Motacilla alba","#457700","avian","https://media.birdweather.com/species/95/WhiteWagtail-standard-c3e712d95481fd4c30012b3afc4ee61f.jpg","https://media.birdweather.com/species/95/WhiteWagtail-thumbnail-645080e5b8667eaccbc9a938f781f907.jpg","https://media.birdweather.com/species/95/WhiteWagtail-png200-38e3473b44d59c0f49a722ef0b7250cd.png","2PcFJwZKpplweXdymnZouGiofwaoZ4AL",11547751272,"https://media.birdweather.com/soundscapes/6891/6891-20260508-044452.flac",0,3,"birdnetpi"
7552212889,6891,"2026-05-08T06:44:28.000+02:00",0.98,0.836401343345642,9.65641533673168,"almost_certain","2p4",NA,51.5686,6.0062,FALSE,95,"White Wagtail","Motacilla alba","#457700","avian","https://media.birdweather.com/species/95/WhiteWagtail-standard-c3e712d95481fd4c30012b3afc4ee61f.jpg","https://media.birdweather.com/species/95/WhiteWagtail-thumbnail-645080e5b8667eaccbc9a938f781f907.jpg","https://media.birdweather.com/species/95/WhiteWagtail-png200-38e3473b44d59c0f49a722ef0b7250cd.png","2PcFJwZKpplweXdymnZouGiofwaoZ4AL",11547740219,"https://media.birdweather.com/soundscapes/6891/6891-20260508-044428.flac",0,3,"birdnetpi"
7552199715,6891,"2026-05-08T06:43:39.000+02:00",0.9,0.672991514205933,9.19106146902864,"almost_certain","2p4",NA,51.5637,6.0076,FALSE,44,"Dunnock","Prunella modularis","#fea614","avian","https://media.birdweather.com/species/44/Dunnock-standard-a705d7131240cedd1c407b5a19989591.jpg","https://media.birdweather.com/species/44/Dunnock-thumbnail-1036624855b82c96db4ad23d1ed9d702.jpg","https://media.birdweather.com/species/44/Dunnock-png200-951bb2cdb9ec585716907d8eac83882e.png","lQgGDwB9pneQhHlwWjeK2ZK6d/kdFaUA",11547717709,"https://media.birdweather.com/soundscapes/6891/6891-20260508-044339.flac",0,3,"birdnetpi"
7552192483,6891,"2026-05-08T06:43:13.000+02:00",0.73,0.672991514205933,8.73465357728455,"almost_certain","2p4",NA,51.5634,6.0019,FALSE,44,"Dunnock","Prunella modularis","#fea614","avian","https://media.birdweather.com/species/44/Dunnock-standard-a705d7131240cedd1c407b5a19989591.jpg","https://media.birdweather.com/species/44/Dunnock-thumbnail-1036624855b82c96db4ad23d1ed9d702.jpg","https://media.birdweather.com/species/44/Dunnock-png200-951bb2cdb9ec585716907d8eac83882e.png","lQgGDwB9pneQhHlwWjeK2ZK6d/kdFaUA",11547705253,"https://media.birdweather.com/soundscapes/6891/6891-20260508-044313.flac",0,3,"birdnetpi"
7552184256,6891,"2026-05-08T06:42:40.000+02:00",0.91,0.672991514205933,9.2137066127018,"almost_certain","2p4",NA,51.5703,6.0081,FALSE,44,"Dunnock","Prunella modularis","#fea614","avian","https://media.birdweather.com/species/44/Dunnock-standard-a705d7131240cedd1c407b5a19989591.jpg","https://media.birdweather.com/species/44/Dunnock-thumbnail-1036624855b82c96db4ad23d1ed9d702.jpg","https://media.birdweather.com/species/44/Dunnock-png200-951bb2cdb9ec585716907d8eac83882e.png","lQgGDwB9pneQhHlwWjeK2ZK6d/kdFaUA",11547691260,"https://media.birdweather.com/soundscapes/6891/6891-20260508-044240.flac",0,3,"birdnetpi"
7552024971,6891,"2026-05-08T06:32:59.000+02:00",0.82,0.999183833599091,9.52988153774943,"almost_certain","2p4",NA,51.5628,6.0027,FALSE,35,"Eurasian Blackbird","Turdus merula","#ff65df","avian","https://media.birdweather.com/species/35/EurasianBlackbird-standard-618b3a5132c7c359fb2a2884c39deb39.jpg","https://media.birdweather.com/species/35/EurasianBlackbird-thumbnail-276878929bed08167d1fd9bf34d63d40.jpg","https://media.birdweather.com/species/35/EurasianBlackbird-png200-ba5a1b43225da4611cac429c52a52c81.png","GfkFFwKRmrx2ZYiaaQe69nlzScn3T7IA",11547420489,"https://media.birdweather.com/soundscapes/6891/6891-20260508-043259.flac",0,3,"birdnetpi"
7551992690,6891,"2026-05-08T06:30:53.000+02:00",0.86,0.999183833599091,9.63140945960003,"almost_certain","2p4",NA,51.5641,6.008,FALSE,35,"Eurasian Blackbird","Turdus merula","#ff65df","avian","https://media.birdweather.com/species/35/EurasianBlackbird-standard-618b3a5132c7c359fb2a2884c39deb39.jpg","https://media.birdweather.com/species/35/EurasianBlackbird-thumbnail-276878929bed08167d1fd9bf34d63d40.jpg","https://media.birdweather.com/species/35/EurasianBlackbird-png200-ba5a1b43225da4611cac429c52a52c81.png","GfkFFwKRmrx2ZYiaaQe69nlzScn3T7IA",11547365480,"https://media.birdweather.com/soundscapes/6891/6891-20260508-043053.flac",0,3,"birdnetpi"
7551799308,6891,"2026-05-08T06:18:55.000+02:00",0.86,0.991870403289795,9.62144509015732,"almost_certain","2p4",NA,51.5678,6.0021,FALSE,25,"Common Chaffinch","Fringilla coelebs","#fb7eff","avian","https://media.birdweather.com/species/25/CommonChaffinch-standard-d8edb223d1ec828ee0cda788e8f5f209.jpg","https://media.birdweather.com/species/25/CommonChaffinch-thumbnail-7ba0a46bb0cd7efdb3215242f9528140.jpg","https://media.birdweather.com/species/25/CommonChaffinch-png200-ced617224ab07c316109e2d0e9078f2e.png","WfgJDwKGhIbAbHimmnhluHh2tv25ZoAD",11547036731,"https://media.birdweather.com/soundscapes/6891/6891-20260508-041855.flac",0,3,"birdnetpi"
7551786310,6891,"2026-05-08T06:18:08.000+02:00",0.85,0.991870403289795,9.59675973761866,"almost_certain","2p4",NA,51.5657,6.003,FALSE,25,"Common Chaffinch","Fringilla coelebs","#fb7eff","avian","https://media.birdweather.com/species/25/CommonChaffinch-standard-d8edb223d1ec828ee0cda788e8f5f209.jpg","https://media.birdweather.com/species/25/CommonChaffinch-thumbnail-7ba0a46bb0cd7efdb3215242f9528140.jpg","https://media.birdweather.com/species/25/CommonChaffinch-png200-ced617224ab07c316109e2d0e9078f2e.png","WfgJDwKGhIbAbHimmnhluHh2tv25ZoAD",11547015114,"https://media.birdweather.com/soundscapes/6891/6891-20260508-041808.flac",0,3,"birdnetpi"
7551779697,6891,"2026-05-08T06:17:49.000+02:00",0.7,0.991870403289795,9.16047812598626,"almost_certain","2p4",NA,51.5694,6.0046,FALSE,25,"Common Chaffinch","Fringilla coelebs","#fb7eff","avian","https://media.birdweather.com/species/25/CommonChaffinch-standard-d8edb223d1ec828ee0cda788e8f5f209.jpg","https://media.birdweather.com/species/25/CommonChaffinch-thumbnail-7ba0a46bb0cd7efdb3215242f9528140.jpg","https://media.birdweather.com/species/25/CommonChaffinch-png200-ced617224ab07c316109e2d0e9078f2e.png","WfgJDwKGhIbAbHimmnhluHh2tv25ZoAD",11547004041,"https://media.birdweather.com/soundscapes/6891/6891-20260508-041749.flac",0,3,"birdnetpi"
7551777274,6891,"2026-05-08T06:17:41.000+02:00",0.97,0.622888922691345,9.23786142408562,"almost_certain","2p4",NA,51.5688,6.0055,FALSE,76,"Eurasian Jackdaw","Corvus monedula","#f36f1b","avian","https://media.birdweather.com/species/76/EurasianJackdaw-standard-55cbd4006f743c538a3264a1fb86d41c.jpg","https://media.birdweather.com/species/76/EurasianJackdaw-thumbnail-80ecf23afe76ea22483b4f8043e19339.jpg","https://media.birdweather.com/species/76/EurasianJackdaw-png200-862dbf9b3725619bb5532ba255c32118.png","4AgKDwL2i2d1homOY0modph5OL/1qHAJ",11546999983,"https://media.birdweather.com/soundscapes/6891/6891-20260508-041741.flac",0,3,"birdnetpi"
7551764562,6891,"2026-05-08T06:16:51.000+02:00",0.87,0.991870403289795,9.64569351078351,"almost_certain","2p4",NA,51.5644,6.0083,FALSE,25,"Common Chaffinch","Fringilla coelebs","#fb7eff","avian","https://media.birdweather.com/species/25/CommonChaffinch-standard-d8edb223d1ec828ee0cda788e8f5f209.jpg","https://media.birdweather.com/species/25/CommonChaffinch-thumbnail-7ba0a46bb0cd7efdb3215242f9528140.jpg","https://media.birdweather.com/species/25/CommonChaffinch-png200-ced617224ab07c316109e2d0e9078f2e.png","WfgJDwKGhIbAbHimmnhluHh2tv25ZoAD",11546980021,"https://media.birdweather.com/soundscapes/6891/6891-20260508-041651.flac",0,3,"birdnetpi"
7551713754,6891,"2026-05-08T06:13:56.000+02:00",0.88,0.672991514205933,9.14461634323296,"almost_certain","2p4",NA,51.5685,6.0073,FALSE,44,"Dunnock","Prunella modularis","#fea614","avian","https://media.birdweather.com/species/44/Dunnock-standard-a705d7131240cedd1c407b5a19989591.jpg","https://media.birdweather.com/species/44/Dunnock-thumbnail-1036624855b82c96db4ad23d1ed9d702.jpg","https://media.birdweather.com/species/44/Dunnock-png200-951bb2cdb9ec585716907d8eac83882e.png","lQgGDwB9pneQhHlwWjeK2ZK6d/kdFaUA",11546895492,"https://media.birdweather.com/soundscapes/6891/6891-20260508-041356.flac",0,3,"birdnetpi"
7551542207,6891,"2026-05-08T06:03:41.000+02:00",0.89,0.997795641422272,9.70101812792296,"almost_certain","2p4",NA,51.5691,6.0039,FALSE,407,"Common Wood-Pigeon","Columba palumbus","#028fb2","avian","https://media.birdweather.com/species/407/CommonWood-Pigeon-standard-5558900260c92622ceef8a812b06518e.jpg","https://media.birdweather.com/species/407/CommonWood-Pigeon-thumbnail-4b86c907c8b82c8af31d566b811dee05.jpg","https://media.birdweather.com/species/407/CommonWood-Pigeon-png200-533b13201573be3895fcec3e61e861b5.png","2ukFHwIHiYeWxnZUiniYZ3h5h6+rCIQH",11546616946,"https://media.birdweather.com/soundscapes/6891/6891-20260508-040341.flac",0,3,"birdnetpi"
7551487283,6891,"2026-05-08T06:00:32.000+02:00",0.76,0.622888922691345,8.72267124871006,"almost_certain","2p4",NA,51.5669,6.0015,FALSE,76,"Eurasian Jackdaw","Corvus monedula","#f36f1b","avian","https://media.birdweather.com/species/76/EurasianJackdaw-standard-55cbd4006f743c538a3264a1fb86d41c.jpg","https://media.birdweather.com/species/76/EurasianJackdaw-thumbnail-80ecf23afe76ea22483b4f8043e19339.jpg","https://media.birdweather.com/species/76/EurasianJackdaw-png200-862dbf9b3725619bb5532ba255c32118.png","4AgKDwL2i2d1homOY0modph5OL/1qHAJ",11546527313,"https://media.birdweather.com/soundscapes/6891/6891-20260508-040032.flac",0,3,"birdnetpi"
7551484736,6891,"2026-05-08T06:00:17.000+02:00",0.72,0.836401343345642,8.99629715768863,"almost_certain","2p4",NA,51.5633,6.006,FALSE,95,"White Wagtail","Motacilla alba","#457700","avian","https://media.birdweather.com/species/95/WhiteWagtail-standard-c3e712d95481fd4c30012b3afc4ee61f.jpg","https://media.birdweather.com/species/95/WhiteWagtail-thumbnail-645080e5b8667eaccbc9a938f781f907.jpg","https://media.birdweather.com/species/95/WhiteWagtail-png200-38e3473b44d59c0f49a722ef0b7250cd.png","2PcFJwZKpplweXdymnZouGiofwaoZ4AL",11546523320,"https://media.birdweather.com/soundscapes/6891/6891-20260508-040017.flac",0,3,"birdnetpi"
7551458270,6891,"2026-05-08T05:58:53.000+02:00",0.73,0.999183833599091,9.26952180179305,"almost_certain","2p4",NA,51.565,6.0036,FALSE,35,"Eurasian Blackbird","Turdus merula","#ff65df","avian","https://media.birdweather.com/species/35/EurasianBlackbird-standard-618b3a5132c7c359fb2a2884c39deb39.jpg","https://media.birdweather.com/species/35/EurasianBlackbird-thumbnail-276878929bed08167d1fd9bf34d63d40.jpg","https://media.birdweather.com/species/35/EurasianBlackbird-png200-ba5a1b43225da4611cac429c52a52c81.png","GfkFFwKRmrx2ZYiaaQe69nlzScn3T7IA",11546480668,"https://media.birdweather.com/soundscapes/6891/6891-20260508-035853.flac",0,3,"birdnetpi"
7551411287,6891,"2026-05-08T05:56:00.000+02:00",0.71,0.999183833599091,9.20427137467778,"almost_certain","2p4",NA,51.5659,6.005,FALSE,35,"Eurasian Blackbird","Turdus merula","#ff65df","avian","https://media.birdweather.com/species/35/EurasianBlackbird-standard-618b3a5132c7c359fb2a2884c39deb39.jpg","https://media.birdweather.com/species/35/EurasianBlackbird-thumbnail-276878929bed08167d1fd9bf34d63d40.jpg","https://media.birdweather.com/species/35/EurasianBlackbird-png200-ba5a1b43225da4611cac429c52a52c81.png","GfkFFwKRmrx2ZYiaaQe69nlzScn3T7IA",11546405183,"https://media.birdweather.com/soundscapes/6891/6891-20260508-035600.flac",0,3,"birdnetpi"
7551364297,6891,"2026-05-08T05:53:24.000+02:00",0.98,0.716157495975494,9.44649472988157,"almost_certain","2p4",NA,51.5625,6.0027,FALSE,201,"Graylag Goose","Anser anser","#844800","avian","https://media.birdweather.com/species/201/GraylagGoose-standard-5235ddd797e4ea12096e170348c7ba78.jpg","https://media.birdweather.com/species/201/GraylagGoose-thumbnail-dcbb525def2966bd14949956147c5dba.jpg","https://media.birdweather.com/species/201/GraylagGoose-png200-40b0bbf2cd8e268c481e679711a36bb6.png","GtkFHwTASHhwaYe4ZomGWWSKiJ74ZlQA",11546330552,"https://media.birdweather.com/soundscapes/6891/6891-20260508-035324.flac",0,3,"birdnetpi"
7551351613,6891,"2026-05-08T05:52:33.000+02:00",0.98,0.716157495975494,9.44649472988157,"almost_certain","2p4",NA,51.5616,6.0008,FALSE,201,"Graylag Goose","Anser anser","#844800","avian","https://media.birdweather.com/species/201/GraylagGoose-standard-5235ddd797e4ea12096e170348c7ba78.jpg","https://media.birdweather.com/species/201/GraylagGoose-thumbnail-dcbb525def2966bd14949956147c5dba.jpg","https://media.birdweather.com/species/201/GraylagGoose-png200-40b0bbf2cd8e268c481e679711a36bb6.png","GtkFHwTASHhwaYe4ZomGWWSKiJ74ZlQA",11546310182,"https://media.birdweather.com/soundscapes/6891/6891-20260508-035233.flac",0,3,"birdnetpi"
7551343916,6891,"2026-05-08T05:52:13.000+02:00",0.85,0.716157495975494,9.15581563755879,"almost_certain","2p4",NA,51.5647,6.0071,FALSE,201,"Graylag Goose","Anser anser","#844800","avian","https://media.birdweather.com/species/201/GraylagGoose-standard-5235ddd797e4ea12096e170348c7ba78.jpg","https://media.birdweather.com/species/201/GraylagGoose-thumbnail-dcbb525def2966bd14949956147c5dba.jpg","https://media.birdweather.com/species/201/GraylagGoose-png200-40b0bbf2cd8e268c481e679711a36bb6.png","GtkFHwTASHhwaYe4ZomGWWSKiJ74ZlQA",11546297740,"https://media.birdweather.com/soundscapes/6891/6891-20260508-035213.flac",0,3,"birdnetpi"
7551338040,6891,"2026-05-08T05:51:48.000+02:00",0.98,0.672991514205933,9.36253497487563,"almost_certain","2p4",NA,51.566,6.0037,FALSE,44,"Dunnock","Prunella modularis","#fea614","avian","https://media.birdweather.com/species/44/Dunnock-standard-a705d7131240cedd1c407b5a19989591.jpg","https://media.birdweather.com/species/44/Dunnock-thumbnail-1036624855b82c96db4ad23d1ed9d702.jpg","https://media.birdweather.com/species/44/Dunnock-png200-951bb2cdb9ec585716907d8eac83882e.png","lQgGDwB9pneQhHlwWjeK2ZK6d/kdFaUA",11546288182,"https://media.birdweather.com/soundscapes/6891/6891-20260508-035148.flac",0,3,"birdnetpi"
7551330433,6891,"2026-05-08T05:51:22.000+02:00",0.96,0.236734092235565,7.92674183283731,"almost_certain","2p4",NA,51.5621,6.0069,FALSE,20,"Black Redstart","Phoenicurus ochruros","#c8ce2d","avian","https://media.birdweather.com/species/20/BlackRedstart-standard-4255c9b712ecb46ea7d3df8d556c18e7.jpg","https://media.birdweather.com/species/20/BlackRedstart-thumbnail-2fee59acc1ecc6be7238da194869e940.jpg","https://media.birdweather.com/species/20/BlackRedstart-png200-cbc0625b8b4889aeec1da754ad906efd.png","2QgGFwT8epa+l3ZlZ5hntnh4Z/6oyZ8I",11546276068,"https://media.birdweather.com/soundscapes/6891/6891-20260508-035122.flac",0,3,"birdnetpi"
7551323485,6891,"2026-05-08T05:50:58.000+02:00",1,0.236734092235565,8.00735331786873,"almost_certain","2p4",NA,51.5662,6.0074,FALSE,20,"Black Redstart","Phoenicurus ochruros","#c8ce2d","avian","https://media.birdweather.com/species/20/BlackRedstart-standard-4255c9b712ecb46ea7d3df8d556c18e7.jpg","https://media.birdweather.com/species/20/BlackRedstart-thumbnail-2fee59acc1ecc6be7238da194869e940.jpg","https://media.birdweather.com/species/20/BlackRedstart-png200-cbc0625b8b4889aeec1da754ad906efd.png","2QgGFwT8epa+l3ZlZ5hntnh4Z/6oyZ8I",11546265072,"https://media.birdweather.com/soundscapes/6891/6891-20260508-035058.flac",0,3,"birdnetpi"
7551271232,6891,"2026-05-08T05:47:58.000+02:00",0.74,0.622888922691345,8.66177233398802,"almost_certain","2p4",NA,51.568,6.0057,FALSE,76,"Eurasian Jackdaw","Corvus monedula","#f36f1b","avian","https://media.birdweather.com/species/76/EurasianJackdaw-standard-55cbd4006f743c538a3264a1fb86d41c.jpg","https://media.birdweather.com/species/76/EurasianJackdaw-thumbnail-80ecf23afe76ea22483b4f8043e19339.jpg","https://media.birdweather.com/species/76/EurasianJackdaw-png200-862dbf9b3725619bb5532ba255c32118.png","4AgKDwL2i2d1homOY0modph5OL/1qHAJ",11546182876,"https://media.birdweather.com/soundscapes/6891/6891-20260508-034758.flac",0,3,"birdnetpi"
7551265034,6891,"2026-05-08T05:47:37.000+02:00",0.91,0.622888922691345,9.10932972943744,"almost_certain","2p4",NA,51.5649,6.0012,FALSE,76,"Eurasian Jackdaw","Corvus monedula","#f36f1b","avian","https://media.birdweather.com/species/76/EurasianJackdaw-standard-55cbd4006f743c538a3264a1fb86d41c.jpg","https://media.birdweather.com/species/76/EurasianJackdaw-thumbnail-80ecf23afe76ea22483b4f8043e19339.jpg","https://media.birdweather.com/species/76/EurasianJackdaw-png200-862dbf9b3725619bb5532ba255c32118.png","4AgKDwL2i2d1homOY0modph5OL/1qHAJ",11546173240,"https://media.birdweather.com/soundscapes/6891/6891-20260508-034737.flac",0,3,"birdnetpi"
7551224732,6891,"2026-05-08T05:45:25.000+02:00",0.75,0.622888922691345,8.69256014650534,"almost_certain","2p4",NA,51.569,6.0008,FALSE,76,"Eurasian Jackdaw","Corvus monedula","#f36f1b","avian","https://media.birdweather.com/species/76/EurasianJackdaw-standard-55cbd4006f743c538a3264a1fb86d41c.jpg","https://media.birdweather.com/species/76/EurasianJackdaw-thumbnail-80ecf23afe76ea22483b4f8043e19339.jpg","https://media.birdweather.com/species/76/EurasianJackdaw-png200-862dbf9b3725619bb5532ba255c32118.png","4AgKDwL2i2d1homOY0modph5OL/1qHAJ",11546110390,"https://media.birdweather.com/soundscapes/6891/6891-20260508-034525.flac",0,3,"birdnetpi"
7551212124,6891,"2026-05-08T05:44:38.000+02:00",0.94,0.622888922691345,9.17510235972275,"almost_certain","2p4",NA,51.5641,6.0086,FALSE,76,"Eurasian Jackdaw","Corvus monedula","#f36f1b","avian","https://media.birdweather.com/species/76/EurasianJackdaw-standard-55cbd4006f743c538a3264a1fb86d41c.jpg","https://media.birdweather.com/species/76/EurasianJackdaw-thumbnail-80ecf23afe76ea22483b4f8043e19339.jpg","https://media.birdweather.com/species/76/EurasianJackdaw-png200-862dbf9b3725619bb5532ba255c32118.png","4AgKDwL2i2d1homOY0modph5OL/1qHAJ",11546090107,"https://media.birdweather.com/soundscapes/6891/6891-20260508-034438.flac",0,3,"birdnetpi"
7551199475,6891,"2026-05-08T05:43:54.000+02:00",0.91,0.716157495975494,9.29766636770774,"almost_certain","2p4",NA,51.5618,6.0093,FALSE,201,"Graylag Goose","Anser anser","#844800","avian","https://media.birdweather.com/species/201/GraylagGoose-standard-5235ddd797e4ea12096e170348c7ba78.jpg","https://media.birdweather.com/species/201/GraylagGoose-thumbnail-dcbb525def2966bd14949956147c5dba.jpg","https://media.birdweather.com/species/201/GraylagGoose-png200-40b0bbf2cd8e268c481e679711a36bb6.png","GtkFHwTASHhwaYe4ZomGWWSKiJ74ZlQA",11546070611,"https://media.birdweather.com/soundscapes/6891/6891-20260508-034354.flac",0,3,"birdnetpi"
7551193388,6891,"2026-05-08T05:43:41.000+02:00",1,0.716157495975494,9.48620765539792,"almost_certain","2p4",NA,51.5632,6.0064,FALSE,201,"Graylag Goose","Anser anser","#844800","avian","https://media.birdweather.com/species/201/GraylagGoose-standard-5235ddd797e4ea12096e170348c7ba78.jpg","https://media.birdweather.com/species/201/GraylagGoose-thumbnail-dcbb525def2966bd14949956147c5dba.jpg","https://media.birdweather.com/species/201/GraylagGoose-png200-40b0bbf2cd8e268c481e679711a36bb6.png","GtkFHwTASHhwaYe4ZomGWWSKiJ74ZlQA",11546060978,"https://media.birdweather.com/soundscapes/6891/6891-20260508-034341.flac",0,3,"birdnetpi"
7551191062,6891,"2026-05-08T05:43:25.000+02:00",0.85,0.999183833599091,9.60672410706136,"almost_certain","2p4",NA,51.5702,6.0027,FALSE,35,"Eurasian Blackbird","Turdus merula","#ff65df","avian","https://media.birdweather.com/species/35/EurasianBlackbird-standard-618b3a5132c7c359fb2a2884c39deb39.jpg","https://media.birdweather.com/species/35/EurasianBlackbird-thumbnail-276878929bed08167d1fd9bf34d63d40.jpg","https://media.birdweather.com/species/35/EurasianBlackbird-png200-ba5a1b43225da4611cac429c52a52c81.png","GfkFFwKRmrx2ZYiaaQe69nlzScn3T7IA",11546057306,"https://media.birdweather.com/soundscapes/6891/6891-20260508-034325.flac",0,3,"birdnetpi"
7551147737,6891,"2026-05-08T05:40:58.000+02:00",0.92,0.999183833599091,9.77085175080465,"almost_certain","2p4",NA,51.5619,6.0085,FALSE,35,"Eurasian Blackbird","Turdus merula","#ff65df","avian","https://media.birdweather.com/species/35/EurasianBlackbird-standard-618b3a5132c7c359fb2a2884c39deb39.jpg","https://media.birdweather.com/species/35/EurasianBlackbird-thumbnail-276878929bed08167d1fd9bf34d63d40.jpg","https://media.birdweather.com/species/35/EurasianBlackbird-png200-ba5a1b43225da4611cac429c52a52c81.png","GfkFFwKRmrx2ZYiaaQe69nlzScn3T7IA",11545989535,"https://media.birdweather.com/soundscapes/6891/6891-20260508-034058.flac",0,3,"birdnetpi"
7551085188,6891,"2026-05-08T05:37:24.000+02:00",0.74,0.716157495975494,8.85010897225832,"almost_certain","2p4",NA,51.5644,6.0039,FALSE,201,"Graylag Goose","Anser anser","#844800","avian","https://media.birdweather.com/species/201/GraylagGoose-standard-5235ddd797e4ea12096e170348c7ba78.jpg","https://media.birdweather.com/species/201/GraylagGoose-thumbnail-dcbb525def2966bd14949956147c5dba.jpg","https://media.birdweather.com/species/201/GraylagGoose-png200-40b0bbf2cd8e268c481e679711a36bb6.png","GtkFHwTASHhwaYe4ZomGWWSKiJ74ZlQA",11545890500,"https://media.birdweather.com/soundscapes/6891/6891-20260508-033724.flac",0,3,"birdnetpi"
7551048865,6891,"2026-05-08T05:35:20.000+02:00",0.97,0.999183833599091,9.8771065318585,"almost_certain","2p4",NA,51.5669,6.0056,FALSE,35,"Eurasian Blackbird","Turdus merula","#ff65df","avian","https://media.birdweather.com/species/35/EurasianBlackbird-standard-618b3a5132c7c359fb2a2884c39deb39.jpg","https://media.birdweather.com/species/35/EurasianBlackbird-thumbnail-276878929bed08167d1fd9bf34d63d40.jpg","https://media.birdweather.com/species/35/EurasianBlackbird-png200-ba5a1b43225da4611cac429c52a52c81.png","GfkFFwKRmrx2ZYiaaQe69nlzScn3T7IA",11545832951,"https://media.birdweather.com/soundscapes/6891/6891-20260508-033520.flac",0,3,"birdnetpi"
7551041608,6891,"2026-05-08T05:34:59.000+02:00",1,0.999183833599091,9.93711612490049,"almost_certain","2p4",NA,51.564,6.0008,FALSE,35,"Eurasian Blackbird","Turdus merula","#ff65df","avian","https://media.birdweather.com/species/35/EurasianBlackbird-standard-618b3a5132c7c359fb2a2884c39deb39.jpg","https://media.birdweather.com/species/35/EurasianBlackbird-thumbnail-276878929bed08167d1fd9bf34d63d40.jpg","https://media.birdweather.com/species/35/EurasianBlackbird-png200-ba5a1b43225da4611cac429c52a52c81.png","GfkFFwKRmrx2ZYiaaQe69nlzScn3T7IA",11545821409,"https://media.birdweather.com/soundscapes/6891/6891-20260508-033459.flac",0,3,"birdnetpi"
7551034436,6891,"2026-05-08T05:34:36.000+02:00",0.99,0.999183833599091,9.91740355459112,"almost_certain","2p4",NA,51.5642,6.0035,FALSE,35,"Eurasian Blackbird","Turdus merula","#ff65df","avian","https://media.birdweather.com/species/35/EurasianBlackbird-standard-618b3a5132c7c359fb2a2884c39deb39.jpg","https://media.birdweather.com/species/35/EurasianBlackbird-thumbnail-276878929bed08167d1fd9bf34d63d40.jpg","https://media.birdweather.com/species/35/EurasianBlackbird-png200-ba5a1b43225da4611cac429c52a52c81.png","GfkFFwKRmrx2ZYiaaQe69nlzScn3T7IA",11545810067,"https://media.birdweather.com/soundscapes/6891/6891-20260508-033436.flac",0,3,"birdnetpi"
7551006042,6891,"2026-05-08T05:32:49.000+02:00",0.98,0.148204311728477,7.3587796531944,"almost_certain","2p4",NA,51.5692,6.006,FALSE,143,"Eurasian Oystercatcher","Haematopus ostralegus","#ca8600","avian","https://media.birdweather.com/species/143/EurasianOystercatcher-standard-de054f6108c9ec46b2430e18a3a05899.jpg","https://media.birdweather.com/species/143/EurasianOystercatcher-thumbnail-30dda908d192acf9a6ba366e2d58599a.jpg","https://media.birdweather.com/species/143/EurasianOystercatcher-png200-eaade4c821880831fc0130856cf4cad3.png","3vcRFwKHd4mAiHeCdth4eIeIhYD5CocK",11545764203,"https://media.birdweather.com/soundscapes/6891/6891-20260508-033249.flac",0,3,"birdnetpi"
7550963942,6891,"2026-05-08T05:30:24.000+02:00",0.9,0.672991514205933,9.19106146902864,"almost_certain","2p4",NA,51.5629,6.0032,FALSE,44,"Dunnock","Prunella modularis","#fea614","avian","https://media.birdweather.com/species/44/Dunnock-standard-a705d7131240cedd1c407b5a19989591.jpg","https://media.birdweather.com/species/44/Dunnock-thumbnail-1036624855b82c96db4ad23d1ed9d702.jpg","https://media.birdweather.com/species/44/Dunnock-png200-951bb2cdb9ec585716907d8eac83882e.png","lQgGDwB9pneQhHlwWjeK2ZK6d/kdFaUA",11545697648,"https://media.birdweather.com/soundscapes/6891/6891-20260508-033024.flac",0,3,"birdnetpi"
7550941305,6891,"2026-05-08T05:29:12.000+02:00",0.98,0.999183833599091,9.89740319938414,"almost_certain","2p4",NA,51.5647,6.0075,FALSE,35,"Eurasian Blackbird","Turdus merula","#ff65df","avian","https://media.birdweather.com/species/35/EurasianBlackbird-standard-618b3a5132c7c359fb2a2884c39deb39.jpg","https://media.birdweather.com/species/35/EurasianBlackbird-thumbnail-276878929bed08167d1fd9bf34d63d40.jpg","https://media.birdweather.com/species/35/EurasianBlackbird-png200-ba5a1b43225da4611cac429c52a52c81.png","GfkFFwKRmrx2ZYiaaQe69nlzScn3T7IA",11545662039,"https://media.birdweather.com/soundscapes/6891/6891-20260508-032912.flac",0,3,"birdnetpi"
7550934854,6891,"2026-05-08T05:28:52.000+02:00",0.88,0.999183833599091,9.67948456774147,"almost_certain","2p4",NA,51.5621,6.0064,FALSE,35,"Eurasian Blackbird","Turdus merula","#ff65df","avian","https://media.birdweather.com/species/35/EurasianBlackbird-standard-618b3a5132c7c359fb2a2884c39deb39.jpg","https://media.birdweather.com/species/35/EurasianBlackbird-thumbnail-276878929bed08167d1fd9bf34d63d40.jpg","https://media.birdweather.com/species/35/EurasianBlackbird-png200-ba5a1b43225da4611cac429c52a52c81.png","GfkFFwKRmrx2ZYiaaQe69nlzScn3T7IA",11545651653,"https://media.birdweather.com/soundscapes/6891/6891-20260508-032852.flac",0,3,"birdnetpi"
7550927822,6891,"2026-05-08T05:28:19.000+02:00",0.9,0.999183833599091,9.72592969353715,"almost_certain","2p4",NA,51.562,6.0049,FALSE,35,"Eurasian Blackbird","Turdus merula","#ff65df","avian","https://media.birdweather.com/species/35/EurasianBlackbird-standard-618b3a5132c7c359fb2a2884c39deb39.jpg","https://media.birdweather.com/species/35/EurasianBlackbird-thumbnail-276878929bed08167d1fd9bf34d63d40.jpg","https://media.birdweather.com/species/35/EurasianBlackbird-png200-ba5a1b43225da4611cac429c52a52c81.png","GfkFFwKRmrx2ZYiaaQe69nlzScn3T7IA",11545640662,"https://media.birdweather.com/soundscapes/6891/6891-20260508-032819.flac",0,3,"birdnetpi"
7550921687,6891,"2026-05-08T05:28:07.000+02:00",0.92,0.999183833599091,9.77085175080465,"almost_certain","2p4",NA,51.5695,6.0085,FALSE,35,"Eurasian Blackbird","Turdus merula","#ff65df","avian","https://media.birdweather.com/species/35/EurasianBlackbird-standard-618b3a5132c7c359fb2a2884c39deb39.jpg","https://media.birdweather.com/species/35/EurasianBlackbird-thumbnail-276878929bed08167d1fd9bf34d63d40.jpg","https://media.birdweather.com/species/35/EurasianBlackbird-png200-ba5a1b43225da4611cac429c52a52c81.png","GfkFFwKRmrx2ZYiaaQe69nlzScn3T7IA",11545630914,"https://media.birdweather.com/soundscapes/6891/6891-20260508-032807.flac",0,3,"birdnetpi"
7550915199,6891,"2026-05-08T05:27:37.000+02:00",0.93,0.999183833599091,9.79277221844927,"almost_certain","2p4",NA,51.5683,6.0091,FALSE,35,"Eurasian Blackbird","Turdus merula","#ff65df","avian","https://media.birdweather.com/species/35/EurasianBlackbird-standard-618b3a5132c7c359fb2a2884c39deb39.jpg","https://media.birdweather.com/species/35/EurasianBlackbird-thumbnail-276878929bed08167d1fd9bf34d63d40.jpg","https://media.birdweather.com/species/35/EurasianBlackbird-png200-ba5a1b43225da4611cac429c52a52c81.png","GfkFFwKRmrx2ZYiaaQe69nlzScn3T7IA",11545620739,"https://media.birdweather.com/soundscapes/6891/6891-20260508-032737.flac",0,3,"birdnetpi"
7550910263,6891,"2026-05-08T05:27:29.000+02:00",0.94,0.999183833599091,9.81434746749562,"almost_certain","2p4",NA,51.5643,6.0007,FALSE,35,"Eurasian Blackbird","Turdus merula","#ff65df","avian","https://media.birdweather.com/species/35/EurasianBlackbird-standard-618b3a5132c7c359fb2a2884c39deb39.jpg","https://media.birdweather.com/species/35/EurasianBlackbird-thumbnail-276878929bed08167d1fd9bf34d63d40.jpg","https://media.birdweather.com/species/35/EurasianBlackbird-png200-ba5a1b43225da4611cac429c52a52c81.png","GfkFFwKRmrx2ZYiaaQe69nlzScn3T7IA",11545613084,"https://media.birdweather.com/soundscapes/6891/6891-20260508-032729.flac",0,3,"birdnetpi"
7550903497,6891,"2026-05-08T05:27:02.000+02:00",0.83,0.999183833599091,9.55597756485928,"almost_certain","2p4",NA,51.5619,6.0084,FALSE,35,"Eurasian Blackbird","Turdus merula","#ff65df","avian","https://media.birdweather.com/species/35/EurasianBlackbird-standard-618b3a5132c7c359fb2a2884c39deb39.jpg","https://media.birdweather.com/species/35/EurasianBlackbird-thumbnail-276878929bed08167d1fd9bf34d63d40.jpg","https://media.birdweather.com/species/35/EurasianBlackbird-png200-ba5a1b43225da4611cac429c52a52c81.png","GfkFFwKRmrx2ZYiaaQe69nlzScn3T7IA",11545602448,"https://media.birdweather.com/soundscapes/6891/6891-20260508-032702.flac",0,3,"birdnetpi"
7550898879,6891,"2026-05-08T05:26:46.000+02:00",0.87,0.999183833599091,9.65565788022621,"almost_certain","2p4",NA,51.5656,6.0066,FALSE,35,"Eurasian Blackbird","Turdus merula","#ff65df","avian","https://media.birdweather.com/species/35/EurasianBlackbird-standard-618b3a5132c7c359fb2a2884c39deb39.jpg","https://media.birdweather.com/species/35/EurasianBlackbird-thumbnail-276878929bed08167d1fd9bf34d63d40.jpg","https://media.birdweather.com/species/35/EurasianBlackbird-png200-ba5a1b43225da4611cac429c52a52c81.png","GfkFFwKRmrx2ZYiaaQe69nlzScn3T7IA",11545595656,"https://media.birdweather.com/soundscapes/6891/6891-20260508-032646.flac",0,3,"birdnetpi"
7550892428,6891,"2026-05-08T05:26:20.000+02:00",1,0.999183833599091,9.93711612490049,"almost_certain","2p4",NA,51.5625,6.0067,FALSE,35,"Eurasian Blackbird","Turdus merula","#ff65df","avian","https://media.birdweather.com/species/35/EurasianBlackbird-standard-618b3a5132c7c359fb2a2884c39deb39.jpg","https://media.birdweather.com/species/35/EurasianBlackbird-thumbnail-276878929bed08167d1fd9bf34d63d40.jpg","https://media.birdweather.com/species/35/EurasianBlackbird-png200-ba5a1b43225da4611cac429c52a52c81.png","GfkFFwKRmrx2ZYiaaQe69nlzScn3T7IA",11545585329,"https://media.birdweather.com/soundscapes/6891/6891-20260508-032620.flac",0,3,"birdnetpi"
7550885299,6891,"2026-05-08T05:25:56.000+02:00",0.89,0.999183833599091,9.70290394144371,"almost_certain","2p4",NA,51.5693,6.0049,FALSE,35,"Eurasian Blackbird","Turdus merula","#ff65df","avian","https://media.birdweather.com/species/35/EurasianBlackbird-standard-618b3a5132c7c359fb2a2884c39deb39.jpg","https://media.birdweather.com/species/35/EurasianBlackbird-thumbnail-276878929bed08167d1fd9bf34d63d40.jpg","https://media.birdweather.com/species/35/EurasianBlackbird-png200-ba5a1b43225da4611cac429c52a52c81.png","GfkFFwKRmrx2ZYiaaQe69nlzScn3T7IA",11545574449,"https://media.birdweather.com/soundscapes/6891/6891-20260508-032556.flac",0,3,"birdnetpi"
7550878370,6891,"2026-05-08T05:25:29.000+02:00",0.8,0.999183833599091,9.47614916072943,"almost_certain","2p4",NA,51.5687,6.0062,FALSE,35,"Eurasian Blackbird","Turdus merula","#ff65df","avian","https://media.birdweather.com/species/35/EurasianBlackbird-standard-618b3a5132c7c359fb2a2884c39deb39.jpg","https://media.birdweather.com/species/35/EurasianBlackbird-thumbnail-276878929bed08167d1fd9bf34d63d40.jpg","https://media.birdweather.com/species/35/EurasianBlackbird-png200-ba5a1b43225da4611cac429c52a52c81.png","GfkFFwKRmrx2ZYiaaQe69nlzScn3T7IA",11545563516,"https://media.birdweather.com/soundscapes/6891/6891-20260508-032529.flac",0,3,"birdnetpi"
7550870096,6891,"2026-05-08T05:25:08.000+02:00",0.96,0.999183833599091,9.85650463986908,"almost_certain","2p4",NA,51.5627,6.0041,FALSE,35,"Eurasian Blackbird","Turdus merula","#ff65df","avian","https://media.birdweather.com/species/35/EurasianBlackbird-standard-618b3a5132c7c359fb2a2884c39deb39.jpg","https://media.birdweather.com/species/35/EurasianBlackbird-thumbnail-276878929bed08167d1fd9bf34d63d40.jpg","https://media.birdweather.com/species/35/EurasianBlackbird-png200-ba5a1b43225da4611cac429c52a52c81.png","GfkFFwKRmrx2ZYiaaQe69nlzScn3T7IA",11545550974,"https://media.birdweather.com/soundscapes/6891/6891-20260508-032508.flac",0,3,"birdnetpi"
7550863702,6891,"2026-05-08T05:24:48.000+02:00",1,0.999183833599091,9.93711612490049,"almost_certain","2p4",NA,51.5696,6.0017,FALSE,35,"Eurasian Blackbird","Turdus merula","#ff65df","avian","https://media.birdweather.com/species/35/EurasianBlackbird-standard-618b3a5132c7c359fb2a2884c39deb39.jpg","https://media.birdweather.com/species/35/EurasianBlackbird-thumbnail-276878929bed08167d1fd9bf34d63d40.jpg","https://media.birdweather.com/species/35/EurasianBlackbird-png200-ba5a1b43225da4611cac429c52a52c81.png","GfkFFwKRmrx2ZYiaaQe69nlzScn3T7IA",11545541446,"https://media.birdweather.com/soundscapes/6891/6891-20260508-032448.flac",0,3,"birdnetpi"
7550812683,6891,"2026-05-08T05:21:53.000+02:00",0.89,0.999183833599091,9.70290394144371,"almost_certain","2p4",NA,51.5699,6.0081,FALSE,35,"Eurasian Blackbird","Turdus merula","#ff65df","avian","https://media.birdweather.com/species/35/EurasianBlackbird-standard-618b3a5132c7c359fb2a2884c39deb39.jpg","https://media.birdweather.com/species/35/EurasianBlackbird-thumbnail-276878929bed08167d1fd9bf34d63d40.jpg","https://media.birdweather.com/species/35/EurasianBlackbird-png200-ba5a1b43225da4611cac429c52a52c81.png","GfkFFwKRmrx2ZYiaaQe69nlzScn3T7IA",11545463787,"https://media.birdweather.com/soundscapes/6891/6891-20260508-032153.flac",0,3,"birdnetpi"
7550807724,6891,"2026-05-08T05:21:37.000+02:00",0.91,0.672991514205933,9.2137066127018,"almost_certain","2p4",NA,51.5666,6.0055,FALSE,44,"Dunnock","Prunella modularis","#fea614","avian","https://media.birdweather.com/species/44/Dunnock-standard-a705d7131240cedd1c407b5a19989591.jpg","https://media.birdweather.com/species/44/Dunnock-thumbnail-1036624855b82c96db4ad23d1ed9d702.jpg","https://media.birdweather.com/species/44/Dunnock-png200-951bb2cdb9ec585716907d8eac83882e.png","lQgGDwB9pneQhHlwWjeK2ZK6d/kdFaUA",11545456012,"https://media.birdweather.com/soundscapes/6891/6891-20260508-032137.flac",0,3,"birdnetpi"
7550777267,6891,"2026-05-08T05:19:59.000+02:00",0.93,0.236734092235565,7.86300941141751,"almost_certain","2p4",NA,51.565,6.0077,FALSE,20,"Black Redstart","Phoenicurus ochruros","#c8ce2d","avian","https://media.birdweather.com/species/20/BlackRedstart-standard-4255c9b712ecb46ea7d3df8d556c18e7.jpg","https://media.birdweather.com/species/20/BlackRedstart-thumbnail-2fee59acc1ecc6be7238da194869e940.jpg","https://media.birdweather.com/species/20/BlackRedstart-png200-cbc0625b8b4889aeec1da754ad906efd.png","2QgGFwT8epa+l3ZlZ5hntnh4Z/6oyZ8I",11545410114,"https://media.birdweather.com/soundscapes/6891/6891-20260508-031959.flac",0,3,"birdnetpi"
7550751725,6891,"2026-05-08T05:18:31.000+02:00",0.97,0.999183833599091,9.8771065318585,"almost_certain","2p4",NA,51.5682,6.0035,FALSE,35,"Eurasian Blackbird","Turdus merula","#ff65df","avian","https://media.birdweather.com/species/35/EurasianBlackbird-standard-618b3a5132c7c359fb2a2884c39deb39.jpg","https://media.birdweather.com/species/35/EurasianBlackbird-thumbnail-276878929bed08167d1fd9bf34d63d40.jpg","https://media.birdweather.com/species/35/EurasianBlackbird-png200-ba5a1b43225da4611cac429c52a52c81.png","GfkFFwKRmrx2ZYiaaQe69nlzScn3T7IA",11545370857,"https://media.birdweather.com/soundscapes/6891/6891-20260508-031831.flac",0,3,"birdnetpi"
7550745113,6891,"2026-05-08T05:18:13.000+02:00",0.97,0.999183833599091,9.8771065318585,"almost_certain","2p4",NA,51.5675,6.0011,FALSE,35,"Eurasian Blackbird","Turdus merula","#ff65df","avian","https://media.birdweather.com/species/35/EurasianBlackbird-standard-618b3a5132c7c359fb2a2884c39deb39.jpg","https://media.birdweather.com/species/35/EurasianBlackbird-thumbnail-276878929bed08167d1fd9bf34d63d40.jpg","https://media.birdweather.com/species/35/EurasianBlackbird-png200-ba5a1b43225da4611cac429c52a52c81.png","GfkFFwKRmrx2ZYiaaQe69nlzScn3T7IA",11545360773,"https://media.birdweather.com/soundscapes/6891/6891-20260508-031813.flac",0,3,"birdnetpi"
7550738029,6891,"2026-05-08T05:17:53.000+02:00",0.99,0.999183833599091,9.91740355459112,"almost_certain","2p4",NA,51.564,6.0034,FALSE,35,"Eurasian Blackbird","Turdus merula","#ff65df","avian","https://media.birdweather.com/species/35/EurasianBlackbird-standard-618b3a5132c7c359fb2a2884c39deb39.jpg","https://media.birdweather.com/species/35/EurasianBlackbird-thumbnail-276878929bed08167d1fd9bf34d63d40.jpg","https://media.birdweather.com/species/35/EurasianBlackbird-png200-ba5a1b43225da4611cac429c52a52c81.png","GfkFFwKRmrx2ZYiaaQe69nlzScn3T7IA",11545349876,"https://media.birdweather.com/soundscapes/6891/6891-20260508-031753.flac",0,3,"birdnetpi"
7550729966,6891,"2026-05-08T05:17:23.000+02:00",0.91,0.999183833599091,9.74857483721031,"almost_certain","2p4",NA,51.5628,6.0033,FALSE,35,"Eurasian Blackbird","Turdus merula","#ff65df","avian","https://media.birdweather.com/species/35/EurasianBlackbird-standard-618b3a5132c7c359fb2a2884c39deb39.jpg","https://media.birdweather.com/species/35/EurasianBlackbird-thumbnail-276878929bed08167d1fd9bf34d63d40.jpg","https://media.birdweather.com/species/35/EurasianBlackbird-png200-ba5a1b43225da4611cac429c52a52c81.png","GfkFFwKRmrx2ZYiaaQe69nlzScn3T7IA",11545337505,"https://media.birdweather.com/soundscapes/6891/6891-20260508-031723.flac",0,3,"birdnetpi"
7550722821,6891,"2026-05-08T05:16:55.000+02:00",0.98,0.999183833599091,9.89740319938414,"almost_certain","2p4",NA,51.5653,6.003,FALSE,35,"Eurasian Blackbird","Turdus merula","#ff65df","avian","https://media.birdweather.com/species/35/EurasianBlackbird-standard-618b3a5132c7c359fb2a2884c39deb39.jpg","https://media.birdweather.com/species/35/EurasianBlackbird-thumbnail-276878929bed08167d1fd9bf34d63d40.jpg","https://media.birdweather.com/species/35/EurasianBlackbird-png200-ba5a1b43225da4611cac429c52a52c81.png","GfkFFwKRmrx2ZYiaaQe69nlzScn3T7IA",11545327013,"https://media.birdweather.com/soundscapes/6891/6891-20260508-031655.flac",0,3,"birdnetpi"
7550716606,6891,"2026-05-08T05:16:38.000+02:00",1,0.999183833599091,9.93711612490049,"almost_certain","2p4",NA,51.562,6.0061,FALSE,35,"Eurasian Blackbird","Turdus merula","#ff65df","avian","https://media.birdweather.com/species/35/EurasianBlackbird-standard-618b3a5132c7c359fb2a2884c39deb39.jpg","https://media.birdweather.com/species/35/EurasianBlackbird-thumbnail-276878929bed08167d1fd9bf34d63d40.jpg","https://media.birdweather.com/species/35/EurasianBlackbird-png200-ba5a1b43225da4611cac429c52a52c81.png","GfkFFwKRmrx2ZYiaaQe69nlzScn3T7IA",11545316961,"https://media.birdweather.com/soundscapes/6891/6891-20260508-031638.flac",0,3,"birdnetpi"
7550709868,6891,"2026-05-08T05:16:14.000+02:00",1,0.999183833599091,9.93711612490049,"almost_certain","2p4",NA,51.5667,6.0065,FALSE,35,"Eurasian Blackbird","Turdus merula","#ff65df","avian","https://media.birdweather.com/species/35/EurasianBlackbird-standard-618b3a5132c7c359fb2a2884c39deb39.jpg","https://media.birdweather.com/species/35/EurasianBlackbird-thumbnail-276878929bed08167d1fd9bf34d63d40.jpg","https://media.birdweather.com/species/35/EurasianBlackbird-png200-ba5a1b43225da4611cac429c52a52c81.png","GfkFFwKRmrx2ZYiaaQe69nlzScn3T7IA",11545305983,"https://media.birdweather.com/soundscapes/6891/6891-20260508-031614.flac",0,3,"birdnetpi"
7550703141,6891,"2026-05-08T05:15:50.000+02:00",1,0.999183833599091,9.93711612490049,"almost_certain","2p4",NA,51.5634,6.005,FALSE,35,"Eurasian Blackbird","Turdus merula","#ff65df","avian","https://media.birdweather.com/species/35/EurasianBlackbird-standard-618b3a5132c7c359fb2a2884c39deb39.jpg","https://media.birdweather.com/species/35/EurasianBlackbird-thumbnail-276878929bed08167d1fd9bf34d63d40.jpg","https://media.birdweather.com/species/35/EurasianBlackbird-png200-ba5a1b43225da4611cac429c52a52c81.png","GfkFFwKRmrx2ZYiaaQe69nlzScn3T7IA",11545295483,"https://media.birdweather.com/soundscapes/6891/6891-20260508-031550.flac",0,3,"birdnetpi"
7550698325,6891,"2026-05-08T05:15:38.000+02:00",0.74,0.724174022674561,8.86515042244915,"almost_certain","2p4",NA,51.5688,6.0088,FALSE,61,"Song Thrush","Turdus philomelos","#c20085","avian","https://media.birdweather.com/species/61/SongThrush-standard-8821482383a2449437975b6fbfa9a7f6.jpg","https://media.birdweather.com/species/61/SongThrush-thumbnail-313c4d63857e61b1b3f25e96ea42e23f.jpg","https://media.birdweather.com/species/61/SongThrush-png200-3465dc5f927896e1259256dce5b082db.png","o7kBDwSvRolEmXhKoypqeKlbk272BnsA",11545288183,"https://media.birdweather.com/soundscapes/6891/6891-20260508-031538.flac",0,3,"birdnetpi"
7550696667,6891,"2026-05-08T05:15:23.000+02:00",1,0.999183833599091,9.93711612490049,"almost_certain","2p4",NA,51.5637,6.0082,FALSE,35,"Eurasian Blackbird","Turdus merula","#ff65df","avian","https://media.birdweather.com/species/35/EurasianBlackbird-standard-618b3a5132c7c359fb2a2884c39deb39.jpg","https://media.birdweather.com/species/35/EurasianBlackbird-thumbnail-276878929bed08167d1fd9bf34d63d40.jpg","https://media.birdweather.com/species/35/EurasianBlackbird-png200-ba5a1b43225da4611cac429c52a52c81.png","GfkFFwKRmrx2ZYiaaQe69nlzScn3T7IA",11545285415,"https://media.birdweather.com/soundscapes/6891/6891-20260508-031523.flac",0,3,"birdnetpi"
7550689729,6891,"2026-05-08T05:15:09.000+02:00",0.99,0.999183833599091,9.91740355459112,"almost_certain","2p4",NA,51.5647,6.0022,FALSE,35,"Eurasian Blackbird","Turdus merula","#ff65df","avian","https://media.birdweather.com/species/35/EurasianBlackbird-standard-618b3a5132c7c359fb2a2884c39deb39.jpg","https://media.birdweather.com/species/35/EurasianBlackbird-thumbnail-276878929bed08167d1fd9bf34d63d40.jpg","https://media.birdweather.com/species/35/EurasianBlackbird-png200-ba5a1b43225da4611cac429c52a52c81.png","GfkFFwKRmrx2ZYiaaQe69nlzScn3T7IA",11545274859,"https://media.birdweather.com/soundscapes/6891/6891-20260508-031509.flac",0,3,"birdnetpi"
7550682988,6891,"2026-05-08T05:14:42.000+02:00",1,0.999183833599091,9.93711612490049,"almost_certain","2p4",NA,51.5685,6.0052,FALSE,35,"Eurasian Blackbird","Turdus merula","#ff65df","avian","https://media.birdweather.com/species/35/EurasianBlackbird-standard-618b3a5132c7c359fb2a2884c39deb39.jpg","https://media.birdweather.com/species/35/EurasianBlackbird-thumbnail-276878929bed08167d1fd9bf34d63d40.jpg","https://media.birdweather.com/species/35/EurasianBlackbird-png200-ba5a1b43225da4611cac429c52a52c81.png","GfkFFwKRmrx2ZYiaaQe69nlzScn3T7IA",11545264470,"https://media.birdweather.com/soundscapes/6891/6891-20260508-031442.flac",0,3,"birdnetpi"
7550675860,6891,"2026-05-08T05:14:21.000+02:00",0.98,0.999183833599091,9.89740319938414,"almost_certain","2p4",NA,51.5626,6.0045,FALSE,35,"Eurasian Blackbird","Turdus merula","#ff65df","avian","https://media.birdweather.com/species/35/EurasianBlackbird-standard-618b3a5132c7c359fb2a2884c39deb39.jpg","https://media.birdweather.com/species/35/EurasianBlackbird-thumbnail-276878929bed08167d1fd9bf34d63d40.jpg","https://media.birdweather.com/species/35/EurasianBlackbird-png200-ba5a1b43225da4611cac429c52a52c81.png","GfkFFwKRmrx2ZYiaaQe69nlzScn3T7IA",11545253530,"https://media.birdweather.com/soundscapes/6891/6891-20260508-031421.flac",0,3,"birdnetpi"
7550668653,6891,"2026-05-08T05:13:58.000+02:00",1,0.999183833599091,9.93711612490049,"almost_certain","2p4",NA,51.5669,6.0078,FALSE,35,"Eurasian Blackbird","Turdus merula","#ff65df","avian","https://media.birdweather.com/species/35/EurasianBlackbird-standard-618b3a5132c7c359fb2a2884c39deb39.jpg","https://media.birdweather.com/species/35/EurasianBlackbird-thumbnail-276878929bed08167d1fd9bf34d63d40.jpg","https://media.birdweather.com/species/35/EurasianBlackbird-png200-ba5a1b43225da4611cac429c52a52c81.png","GfkFFwKRmrx2ZYiaaQe69nlzScn3T7IA",11545242555,"https://media.birdweather.com/soundscapes/6891/6891-20260508-031358.flac",0,3,"birdnetpi"
7550661802,6891,"2026-05-08T05:13:33.000+02:00",1,0.999183833599091,9.93711612490049,"almost_certain","2p4",NA,51.5693,6.0084,FALSE,35,"Eurasian Blackbird","Turdus merula","#ff65df","avian","https://media.birdweather.com/species/35/EurasianBlackbird-standard-618b3a5132c7c359fb2a2884c39deb39.jpg","https://media.birdweather.com/species/35/EurasianBlackbird-thumbnail-276878929bed08167d1fd9bf34d63d40.jpg","https://media.birdweather.com/species/35/EurasianBlackbird-png200-ba5a1b43225da4611cac429c52a52c81.png","GfkFFwKRmrx2ZYiaaQe69nlzScn3T7IA",11545232050,"https://media.birdweather.com/soundscapes/6891/6891-20260508-031333.flac",0,3,"birdnetpi"
7550654657,6891,"2026-05-08T05:13:01.000+02:00",1,0.999183833599091,9.93711612490049,"almost_certain","2p4",NA,51.562,6.0034,FALSE,35,"Eurasian Blackbird","Turdus merula","#ff65df","avian","https://media.birdweather.com/species/35/EurasianBlackbird-standard-618b3a5132c7c359fb2a2884c39deb39.jpg","https://media.birdweather.com/species/35/EurasianBlackbird-thumbnail-276878929bed08167d1fd9bf34d63d40.jpg","https://media.birdweather.com/species/35/EurasianBlackbird-png200-ba5a1b43225da4611cac429c52a52c81.png","GfkFFwKRmrx2ZYiaaQe69nlzScn3T7IA",11545221005,"https://media.birdweather.com/soundscapes/6891/6891-20260508-031301.flac",0,3,"birdnetpi"
7550647634,6891,"2026-05-08T05:12:37.000+02:00",1,0.999183833599091,9.93711612490049,"almost_certain","2p4",NA,51.5649,6.0038,FALSE,35,"Eurasian Blackbird","Turdus merula","#ff65df","avian","https://media.birdweather.com/species/35/EurasianBlackbird-standard-618b3a5132c7c359fb2a2884c39deb39.jpg","https://media.birdweather.com/species/35/EurasianBlackbird-thumbnail-276878929bed08167d1fd9bf34d63d40.jpg","https://media.birdweather.com/species/35/EurasianBlackbird-png200-ba5a1b43225da4611cac429c52a52c81.png","GfkFFwKRmrx2ZYiaaQe69nlzScn3T7IA",11545210048,"https://media.birdweather.com/soundscapes/6891/6891-20260508-031237.flac",0,3,"birdnetpi"
7550641153,6891,"2026-05-08T05:12:14.000+02:00",1,0.999183833599091,9.93711612490049,"almost_certain","2p4",NA,51.5664,6.0018,FALSE,35,"Eurasian Blackbird","Turdus merula","#ff65df","avian","https://media.birdweather.com/species/35/EurasianBlackbird-standard-618b3a5132c7c359fb2a2884c39deb39.jpg","https://media.birdweather.com/species/35/EurasianBlackbird-thumbnail-276878929bed08167d1fd9bf34d63d40.jpg","https://media.birdweather.com/species/35/EurasianBlackbird-png200-ba5a1b43225da4611cac429c52a52c81.png","GfkFFwKRmrx2ZYiaaQe69nlzScn3T7IA",11545199530,"https://media.birdweather.com/soundscapes/6891/6891-20260508-031214.flac",0,3,"birdnetpi"
7550634871,6891,"2026-05-08T05:11:54.000+02:00",1,0.999183833599091,9.93711612490049,"almost_certain","2p4",NA,51.5656,6.0068,FALSE,35,"Eurasian Blackbird","Turdus merula","#ff65df","avian","https://media.birdweather.com/species/35/EurasianBlackbird-standard-618b3a5132c7c359fb2a2884c39deb39.jpg","https://media.birdweather.com/species/35/EurasianBlackbird-thumbnail-276878929bed08167d1fd9bf34d63d40.jpg","https://media.birdweather.com/species/35/EurasianBlackbird-png200-ba5a1b43225da4611cac429c52a52c81.png","GfkFFwKRmrx2ZYiaaQe69nlzScn3T7IA",11545189936,"https://media.birdweather.com/soundscapes/6891/6891-20260508-031154.flac",0,3,"birdnetpi"
7550627621,6891,"2026-05-08T05:11:35.000+02:00",1,0.999183833599091,9.93711612490049,"almost_certain","2p4",NA,51.5647,6.0032,FALSE,35,"Eurasian Blackbird","Turdus merula","#ff65df","avian","https://media.birdweather.com/species/35/EurasianBlackbird-standard-618b3a5132c7c359fb2a2884c39deb39.jpg","https://media.birdweather.com/species/35/EurasianBlackbird-thumbnail-276878929bed08167d1fd9bf34d63d40.jpg","https://media.birdweather.com/species/35/EurasianBlackbird-png200-ba5a1b43225da4611cac429c52a52c81.png","GfkFFwKRmrx2ZYiaaQe69nlzScn3T7IA",11545178991,"https://media.birdweather.com/soundscapes/6891/6891-20260508-031135.flac",0,3,"birdnetpi"
7550623240,6891,"2026-05-08T05:11:23.000+02:00",1,0.999183833599091,9.93711612490049,"almost_certain","2p4",NA,51.5678,6.0041,FALSE,35,"Eurasian Blackbird","Turdus merula","#ff65df","avian","https://media.birdweather.com/species/35/EurasianBlackbird-standard-618b3a5132c7c359fb2a2884c39deb39.jpg","https://media.birdweather.com/species/35/EurasianBlackbird-thumbnail-276878929bed08167d1fd9bf34d63d40.jpg","https://media.birdweather.com/species/35/EurasianBlackbird-png200-ba5a1b43225da4611cac429c52a52c81.png","GfkFFwKRmrx2ZYiaaQe69nlzScn3T7IA",11545172126,"https://media.birdweather.com/soundscapes/6891/6891-20260508-031123.flac",0,3,"birdnetpi"
7550616205,6891,"2026-05-08T05:10:54.000+02:00",1,0.999183833599091,9.93711612490049,"almost_certain","2p4",NA,51.5698,6.0072,FALSE,35,"Eurasian Blackbird","Turdus merula","#ff65df","avian","https://media.birdweather.com/species/35/EurasianBlackbird-standard-618b3a5132c7c359fb2a2884c39deb39.jpg","https://media.birdweather.com/species/35/EurasianBlackbird-thumbnail-276878929bed08167d1fd9bf34d63d40.jpg","https://media.birdweather.com/species/35/EurasianBlackbird-png200-ba5a1b43225da4611cac429c52a52c81.png","GfkFFwKRmrx2ZYiaaQe69nlzScn3T7IA",11545161278,"https://media.birdweather.com/soundscapes/6891/6891-20260508-031054.flac",0,3,"birdnetpi"
7550609249,6891,"2026-05-08T05:10:35.000+02:00",1,0.999183833599091,9.93711612490049,"almost_certain","2p4",NA,51.563,6.0042,FALSE,35,"Eurasian Blackbird","Turdus merula","#ff65df","avian","https://media.birdweather.com/species/35/EurasianBlackbird-standard-618b3a5132c7c359fb2a2884c39deb39.jpg","https://media.birdweather.com/species/35/EurasianBlackbird-thumbnail-276878929bed08167d1fd9bf34d63d40.jpg","https://media.birdweather.com/species/35/EurasianBlackbird-png200-ba5a1b43225da4611cac429c52a52c81.png","GfkFFwKRmrx2ZYiaaQe69nlzScn3T7IA",11545150765,"https://media.birdweather.com/soundscapes/6891/6891-20260508-031035.flac",0,3,"birdnetpi"
7550602272,6891,"2026-05-08T05:10:11.000+02:00",1,0.999183833599091,9.93711612490049,"almost_certain","2p4",NA,51.5674,6.0071,FALSE,35,"Eurasian Blackbird","Turdus merula","#ff65df","avian","https://media.birdweather.com/species/35/EurasianBlackbird-standard-618b3a5132c7c359fb2a2884c39deb39.jpg","https://media.birdweather.com/species/35/EurasianBlackbird-thumbnail-276878929bed08167d1fd9bf34d63d40.jpg","https://media.birdweather.com/species/35/EurasianBlackbird-png200-ba5a1b43225da4611cac429c52a52c81.png","GfkFFwKRmrx2ZYiaaQe69nlzScn3T7IA",11545139972,"https://media.birdweather.com/soundscapes/6891/6891-20260508-031011.flac",0,3,"birdnetpi"
7550595591,6891,"2026-05-08T05:09:40.000+02:00",0.99,0.999183833599091,9.91740355459112,"almost_certain","2p4",NA,51.569,6.009,FALSE,35,"Eurasian Blackbird","Turdus merula","#ff65df","avian","https://media.birdweather.com/species/35/EurasianBlackbird-standard-618b3a5132c7c359fb2a2884c39deb39.jpg","https://media.birdweather.com/species/35/EurasianBlackbird-thumbnail-276878929bed08167d1fd9bf34d63d40.jpg","https://media.birdweather.com/species/35/EurasianBlackbird-png200-ba5a1b43225da4611cac429c52a52c81.png","GfkFFwKRmrx2ZYiaaQe69nlzScn3T7IA",11545128990,"https://media.birdweather.com/soundscapes/6891/6891-20260508-030940.flac",0,3,"birdnetpi"
7550588700,6891,"2026-05-08T05:09:19.000+02:00",1,0.999183833599091,9.93711612490049,"almost_certain","2p4",NA,51.5631,6.0081,FALSE,35,"Eurasian Blackbird","Turdus merula","#ff65df","avian","https://media.birdweather.com/species/35/EurasianBlackbird-standard-618b3a5132c7c359fb2a2884c39deb39.jpg","https://media.birdweather.com/species/35/EurasianBlackbird-thumbnail-276878929bed08167d1fd9bf34d63d40.jpg","https://media.birdweather.com/species/35/EurasianBlackbird-png200-ba5a1b43225da4611cac429c52a52c81.png","GfkFFwKRmrx2ZYiaaQe69nlzScn3T7IA",11545118029,"https://media.birdweather.com/soundscapes/6891/6891-20260508-030919.flac",0,3,"birdnetpi"
7550582101,6891,"2026-05-08T05:08:58.000+02:00",1,0.999183833599091,9.93711612490049,"almost_certain","2p4",NA,51.5672,6.0077,FALSE,35,"Eurasian Blackbird","Turdus merula","#ff65df","avian","https://media.birdweather.com/species/35/EurasianBlackbird-standard-618b3a5132c7c359fb2a2884c39deb39.jpg","https://media.birdweather.com/species/35/EurasianBlackbird-thumbnail-276878929bed08167d1fd9bf34d63d40.jpg","https://media.birdweather.com/species/35/EurasianBlackbird-png200-ba5a1b43225da4611cac429c52a52c81.png","GfkFFwKRmrx2ZYiaaQe69nlzScn3T7IA",11545107685,"https://media.birdweather.com/soundscapes/6891/6891-20260508-030858.flac",0,3,"birdnetpi"
7550576159,6891,"2026-05-08T05:08:36.000+02:00",1,0.999183833599091,9.93711612490049,"almost_certain","2p4",NA,51.566,6.0091,FALSE,35,"Eurasian Blackbird","Turdus merula","#ff65df","avian","https://media.birdweather.com/species/35/EurasianBlackbird-standard-618b3a5132c7c359fb2a2884c39deb39.jpg","https://media.birdweather.com/species/35/EurasianBlackbird-thumbnail-276878929bed08167d1fd9bf34d63d40.jpg","https://media.birdweather.com/species/35/EurasianBlackbird-png200-ba5a1b43225da4611cac429c52a52c81.png","GfkFFwKRmrx2ZYiaaQe69nlzScn3T7IA",11545098019,"https://media.birdweather.com/soundscapes/6891/6891-20260508-030836.flac",0,3,"birdnetpi"
7550569229,6891,"2026-05-08T05:08:16.000+02:00",1,0.999183833599091,9.93711612490049,"almost_certain","2p4",NA,51.5651,6.005,FALSE,35,"Eurasian Blackbird","Turdus merula","#ff65df","avian","https://media.birdweather.com/species/35/EurasianBlackbird-standard-618b3a5132c7c359fb2a2884c39deb39.jpg","https://media.birdweather.com/species/35/EurasianBlackbird-thumbnail-276878929bed08167d1fd9bf34d63d40.jpg","https://media.birdweather.com/species/35/EurasianBlackbird-png200-ba5a1b43225da4611cac429c52a52c81.png","GfkFFwKRmrx2ZYiaaQe69nlzScn3T7IA",11545087087,"https://media.birdweather.com/soundscapes/6891/6891-20260508-030816.flac",0,3,"birdnetpi"
7550562351,6891,"2026-05-08T05:07:49.000+02:00",0.99,0.999183833599091,9.91740355459112,"almost_certain","2p4",NA,51.5643,6.0021,FALSE,35,"Eurasian Blackbird","Turdus merula","#ff65df","avian","https://media.birdweather.com/species/35/EurasianBlackbird-standard-618b3a5132c7c359fb2a2884c39deb39.jpg","https://media.birdweather.com/species/35/EurasianBlackbird-thumbnail-276878929bed08167d1fd9bf34d63d40.jpg","https://media.birdweather.com/species/35/EurasianBlackbird-png200-ba5a1b43225da4611cac429c52a52c81.png","GfkFFwKRmrx2ZYiaaQe69nlzScn3T7IA",11545076204,"https://media.birdweather.com/soundscapes/6891/6891-20260508-030749.flac",0,3,"birdnetpi"
7550556290,6891,"2026-05-08T05:07:25.000+02:00",1,0.999183833599091,9.93711612490049,"almost_certain","2p4",NA,51.5674,6.0058,FALSE,35,"Eurasian Blackbird","Turdus merula","#ff65df","avian","https://media.birdweather.com/species/35/EurasianBlackbird-standard-618b3a5132c7c359fb2a2884c39deb39.jpg","https://media.birdweather.com/species/35/EurasianBlackbird-thumbnail-276878929bed08167d1fd9bf34d63d40.jpg","https://media.birdweather.com/species/35/EurasianBlackbird-png200-ba5a1b43225da4611cac429c52a52c81.png","GfkFFwKRmrx2ZYiaaQe69nlzScn3T7IA",11545066549,"https://media.birdweather.com/soundscapes/6891/6891-20260508-030725.flac",0,3,"birdnetpi"
7550548880,6891,"2026-05-08T05:06:58.000+02:00",0.99,0.999183833599091,9.91740355459112,"almost_certain","2p4",NA,51.5619,6.009,FALSE,35,"Eurasian Blackbird","Turdus merula","#ff65df","avian","https://media.birdweather.com/species/35/EurasianBlackbird-standard-618b3a5132c7c359fb2a2884c39deb39.jpg","https://media.birdweather.com/species/35/EurasianBlackbird-thumbnail-276878929bed08167d1fd9bf34d63d40.jpg","https://media.birdweather.com/species/35/EurasianBlackbird-png200-ba5a1b43225da4611cac429c52a52c81.png","GfkFFwKRmrx2ZYiaaQe69nlzScn3T7IA",11545054703,"https://media.birdweather.com/soundscapes/6891/6891-20260508-030658.flac",0,3,"birdnetpi"
7550544643,6891,"2026-05-08T05:06:50.000+02:00",1,0.999183833599091,9.93711612490049,"almost_certain","2p4",NA,51.5642,6.0022,FALSE,35,"Eurasian Blackbird","Turdus merula","#ff65df","avian","https://media.birdweather.com/species/35/EurasianBlackbird-standard-618b3a5132c7c359fb2a2884c39deb39.jpg","https://media.birdweather.com/species/35/EurasianBlackbird-thumbnail-276878929bed08167d1fd9bf34d63d40.jpg","https://media.birdweather.com/species/35/EurasianBlackbird-png200-ba5a1b43225da4611cac429c52a52c81.png","GfkFFwKRmrx2ZYiaaQe69nlzScn3T7IA",11545047864,"https://media.birdweather.com/soundscapes/6891/6891-20260508-030650.flac",0,3,"birdnetpi"
7550543211,6891,"2026-05-08T05:06:38.000+02:00",0.98,0.236734092235565,7.96764039235237,"almost_certain","2p4",NA,51.5633,6.0092,FALSE,20,"Black Redstart","Phoenicurus ochruros","#c8ce2d","avian","https://media.birdweather.com/species/20/BlackRedstart-standard-4255c9b712ecb46ea7d3df8d556c18e7.jpg","https://media.birdweather.com/species/20/BlackRedstart-thumbnail-2fee59acc1ecc6be7238da194869e940.jpg","https://media.birdweather.com/species/20/BlackRedstart-png200-cbc0625b8b4889aeec1da754ad906efd.png","2QgGFwT8epa+l3ZlZ5hntnh4Z/6oyZ8I",11545045627,"https://media.birdweather.com/soundscapes/6891/6891-20260508-030638.flac",0,3,"birdnetpi"
7550533127,6891,"2026-05-08T05:06:11.000+02:00",0.89,0.236734092235565,7.77314113441194,"almost_certain","2p4",NA,51.5674,6.0076,FALSE,20,"Black Redstart","Phoenicurus ochruros","#c8ce2d","avian","https://media.birdweather.com/species/20/BlackRedstart-standard-4255c9b712ecb46ea7d3df8d556c18e7.jpg","https://media.birdweather.com/species/20/BlackRedstart-thumbnail-2fee59acc1ecc6be7238da194869e940.jpg","https://media.birdweather.com/species/20/BlackRedstart-png200-cbc0625b8b4889aeec1da754ad906efd.png","2QgGFwT8epa+l3ZlZ5hntnh4Z/6oyZ8I",11545029730,"https://media.birdweather.com/soundscapes/6891/6891-20260508-030611.flac",0,3,"birdnetpi"
7550528745,6891,"2026-05-08T05:05:51.000+02:00",0.84,0.999183833599091,9.58158578708593,"almost_certain","2p4",NA,51.5657,6.0076,FALSE,35,"Eurasian Blackbird","Turdus merula","#ff65df","avian","https://media.birdweather.com/species/35/EurasianBlackbird-standard-618b3a5132c7c359fb2a2884c39deb39.jpg","https://media.birdweather.com/species/35/EurasianBlackbird-thumbnail-276878929bed08167d1fd9bf34d63d40.jpg","https://media.birdweather.com/species/35/EurasianBlackbird-png200-ba5a1b43225da4611cac429c52a52c81.png","GfkFFwKRmrx2ZYiaaQe69nlzScn3T7IA",11545022449,"https://media.birdweather.com/soundscapes/6891/6891-20260508-030551.flac",0,3,"birdnetpi"
7550526188,6891,"2026-05-08T05:05:41.000+02:00",0.91,0.236734092235565,7.81881203017854,"almost_certain","2p4",NA,51.5639,6.0077,FALSE,20,"Black Redstart","Phoenicurus ochruros","#c8ce2d","avian","https://media.birdweather.com/species/20/BlackRedstart-standard-4255c9b712ecb46ea7d3df8d556c18e7.jpg","https://media.birdweather.com/species/20/BlackRedstart-thumbnail-2fee59acc1ecc6be7238da194869e940.jpg","https://media.birdweather.com/species/20/BlackRedstart-png200-cbc0625b8b4889aeec1da754ad906efd.png","2QgGFwT8epa+l3ZlZ5hntnh4Z/6oyZ8I",11545018303,"https://media.birdweather.com/soundscapes/6891/6891-20260508-030541.flac",0,3,"birdnetpi"
7550518360,6891,"2026-05-08T05:05:10.000+02:00",0.84,0.999183833599091,9.58158578708593,"almost_certain","2p4",NA,51.5658,6.0021,FALSE,35,"Eurasian Blackbird","Turdus merula","#ff65df","avian","https://media.birdweather.com/species/35/EurasianBlackbird-standard-618b3a5132c7c359fb2a2884c39deb39.jpg","https://media.birdweather.com/species/35/EurasianBlackbird-thumbnail-276878929bed08167d1fd9bf34d63d40.jpg","https://media.birdweather.com/species/35/EurasianBlackbird-png200-ba5a1b43225da4611cac429c52a52c81.png","GfkFFwKRmrx2ZYiaaQe69nlzScn3T7IA",11545006007,"https://media.birdweather.com/soundscapes/6891/6891-20260508-030510.flac",0,3,"birdnetpi"
7550516768,6891,"2026-05-08T05:05:03.000+02:00",0.8,0.236734092235565,7.54638635369767,"almost_certain","2p4",NA,51.5696,6.0088,FALSE,20,"Black Redstart","Phoenicurus ochruros","#c8ce2d","avian","https://media.birdweather.com/species/20/BlackRedstart-standard-4255c9b712ecb46ea7d3df8d556c18e7.jpg","https://media.birdweather.com/species/20/BlackRedstart-thumbnail-2fee59acc1ecc6be7238da194869e940.jpg","https://media.birdweather.com/species/20/BlackRedstart-png200-cbc0625b8b4889aeec1da754ad906efd.png","2QgGFwT8epa+l3ZlZ5hntnh4Z/6oyZ8I",11545003281,"https://media.birdweather.com/soundscapes/6891/6891-20260508-030503.flac",0,3,"birdnetpi"
7550512883,6891,"2026-05-08T05:04:49.000+02:00",0.84,0.999183833599091,9.58158578708593,"almost_certain","2p4",NA,51.566,6.0073,FALSE,35,"Eurasian Blackbird","Turdus merula","#ff65df","avian","https://media.birdweather.com/species/35/EurasianBlackbird-standard-618b3a5132c7c359fb2a2884c39deb39.jpg","https://media.birdweather.com/species/35/EurasianBlackbird-thumbnail-276878929bed08167d1fd9bf34d63d40.jpg","https://media.birdweather.com/species/35/EurasianBlackbird-png200-ba5a1b43225da4611cac429c52a52c81.png","GfkFFwKRmrx2ZYiaaQe69nlzScn3T7IA",11544996860,"https://media.birdweather.com/soundscapes/6891/6891-20260508-030449.flac",0,3,"birdnetpi"
7550505334,6891,"2026-05-08T05:04:22.000+02:00",0.83,0.236734092235565,7.62621475782751,"almost_certain","2p4",NA,51.5674,6.0023,FALSE,20,"Black Redstart","Phoenicurus ochruros","#c8ce2d","avian","https://media.birdweather.com/species/20/BlackRedstart-standard-4255c9b712ecb46ea7d3df8d556c18e7.jpg","https://media.birdweather.com/species/20/BlackRedstart-thumbnail-2fee59acc1ecc6be7238da194869e940.jpg","https://media.birdweather.com/species/20/BlackRedstart-png200-cbc0625b8b4889aeec1da754ad906efd.png","2QgGFwT8epa+l3ZlZ5hntnh4Z/6oyZ8I",11544984657,"https://media.birdweather.com/soundscapes/6891/6891-20260508-030422.flac",0,3,"birdnetpi"
7550500381,6891,"2026-05-08T05:04:07.000+02:00",0.96,0.999183833599091,9.85650463986908,"almost_certain","2p4",NA,51.5639,6.0034,FALSE,35,"Eurasian Blackbird","Turdus merula","#ff65df","avian","https://media.birdweather.com/species/35/EurasianBlackbird-standard-618b3a5132c7c359fb2a2884c39deb39.jpg","https://media.birdweather.com/species/35/EurasianBlackbird-thumbnail-276878929bed08167d1fd9bf34d63d40.jpg","https://media.birdweather.com/species/35/EurasianBlackbird-png200-ba5a1b43225da4611cac429c52a52c81.png","GfkFFwKRmrx2ZYiaaQe69nlzScn3T7IA",11544976917,"https://media.birdweather.com/soundscapes/6891/6891-20260508-030407.flac",0,3,"birdnetpi"
7550498375,6891,"2026-05-08T05:03:58.000+02:00",0.76,0.236734092235565,7.43215354945117,"almost_certain","2p4",NA,51.5656,6.004,FALSE,20,"Black Redstart","Phoenicurus ochruros","#c8ce2d","avian","https://media.birdweather.com/species/20/BlackRedstart-standard-4255c9b712ecb46ea7d3df8d556c18e7.jpg","https://media.birdweather.com/species/20/BlackRedstart-thumbnail-2fee59acc1ecc6be7238da194869e940.jpg","https://media.birdweather.com/species/20/BlackRedstart-png200-cbc0625b8b4889aeec1da754ad906efd.png","2QgGFwT8epa+l3ZlZ5hntnh4Z/6oyZ8I",11544973771,"https://media.birdweather.com/soundscapes/6891/6891-20260508-030358.flac",0,3,"birdnetpi"
7550493313,6891,"2026-05-08T05:03:40.000+02:00",0.81,0.999183833599091,9.5032787601252,"almost_certain","2p4",NA,51.5699,6.0094,FALSE,35,"Eurasian Blackbird","Turdus merula","#ff65df","avian","https://media.birdweather.com/species/35/EurasianBlackbird-standard-618b3a5132c7c359fb2a2884c39deb39.jpg","https://media.birdweather.com/species/35/EurasianBlackbird-thumbnail-276878929bed08167d1fd9bf34d63d40.jpg","https://media.birdweather.com/species/35/EurasianBlackbird-png200-ba5a1b43225da4611cac429c52a52c81.png","GfkFFwKRmrx2ZYiaaQe69nlzScn3T7IA",11544965581,"https://media.birdweather.com/soundscapes/6891/6891-20260508-030340.flac",0,3,"birdnetpi"
7550485950,6891,"2026-05-08T05:03:14.000+02:00",0.73,0.999183833599091,9.26952180179305,"almost_certain","2p4",NA,51.5643,6.0067,FALSE,35,"Eurasian Blackbird","Turdus merula","#ff65df","avian","https://media.birdweather.com/species/35/EurasianBlackbird-standard-618b3a5132c7c359fb2a2884c39deb39.jpg","https://media.birdweather.com/species/35/EurasianBlackbird-thumbnail-276878929bed08167d1fd9bf34d63d40.jpg","https://media.birdweather.com/species/35/EurasianBlackbird-png200-ba5a1b43225da4611cac429c52a52c81.png","GfkFFwKRmrx2ZYiaaQe69nlzScn3T7IA",11544953634,"https://media.birdweather.com/soundscapes/6891/6891-20260508-030314.flac",0,3,"birdnetpi"
7550478273,6891,"2026-05-08T05:02:49.000+02:00",0.89,0.999183833599091,9.70290394144371,"almost_certain","2p4",NA,51.5688,6.0008,FALSE,35,"Eurasian Blackbird","Turdus merula","#ff65df","avian","https://media.birdweather.com/species/35/EurasianBlackbird-standard-618b3a5132c7c359fb2a2884c39deb39.jpg","https://media.birdweather.com/species/35/EurasianBlackbird-thumbnail-276878929bed08167d1fd9bf34d63d40.jpg","https://media.birdweather.com/species/35/EurasianBlackbird-png200-ba5a1b43225da4611cac429c52a52c81.png","GfkFFwKRmrx2ZYiaaQe69nlzScn3T7IA",11544941372,"https://media.birdweather.com/soundscapes/6891/6891-20260508-030249.flac",0,3,"birdnetpi"
7550475169,6891,"2026-05-08T05:02:38.000+02:00",0.98,0.236734092235565,7.96764039235237,"almost_certain","2p4",NA,51.5667,6.0078,FALSE,20,"Black Redstart","Phoenicurus ochruros","#c8ce2d","avian","https://media.birdweather.com/species/20/BlackRedstart-standard-4255c9b712ecb46ea7d3df8d556c18e7.jpg","https://media.birdweather.com/species/20/BlackRedstart-thumbnail-2fee59acc1ecc6be7238da194869e940.jpg","https://media.birdweather.com/species/20/BlackRedstart-png200-cbc0625b8b4889aeec1da754ad906efd.png","2QgGFwT8epa+l3ZlZ5hntnh4Z/6oyZ8I",11544936346,"https://media.birdweather.com/soundscapes/6891/6891-20260508-030238.flac",0,3,"birdnetpi"
7550473135,6891,"2026-05-08T05:02:37.000+02:00",0.8,0.999183833599091,9.47614916072943,"almost_certain","2p4",NA,51.5697,6.0076,FALSE,35,"Eurasian Blackbird","Turdus merula","#ff65df","avian","https://media.birdweather.com/species/35/EurasianBlackbird-standard-618b3a5132c7c359fb2a2884c39deb39.jpg","https://media.birdweather.com/species/35/EurasianBlackbird-thumbnail-276878929bed08167d1fd9bf34d63d40.jpg","https://media.birdweather.com/species/35/EurasianBlackbird-png200-ba5a1b43225da4611cac429c52a52c81.png","GfkFFwKRmrx2ZYiaaQe69nlzScn3T7IA",11544932847,"https://media.birdweather.com/soundscapes/6891/6891-20260508-030237.flac",0,3,"birdnetpi"
7550469368,6891,"2026-05-08T05:02:20.000+02:00",0.98,0.236734092235565,7.96764039235237,"almost_certain","2p4",NA,51.5643,6.0088,FALSE,20,"Black Redstart","Phoenicurus ochruros","#c8ce2d","avian","https://media.birdweather.com/species/20/BlackRedstart-standard-4255c9b712ecb46ea7d3df8d556c18e7.jpg","https://media.birdweather.com/species/20/BlackRedstart-thumbnail-2fee59acc1ecc6be7238da194869e940.jpg","https://media.birdweather.com/species/20/BlackRedstart-png200-cbc0625b8b4889aeec1da754ad906efd.png","2QgGFwT8epa+l3ZlZ5hntnh4Z/6oyZ8I",11544926794,"https://media.birdweather.com/soundscapes/6891/6891-20260508-030220.flac",0,3,"birdnetpi"
7550462947,6891,"2026-05-08T05:01:57.000+02:00",0.98,0.999183833599091,9.89740319938414,"almost_certain","2p4",NA,51.5697,6.0081,FALSE,35,"Eurasian Blackbird","Turdus merula","#ff65df","avian","https://media.birdweather.com/species/35/EurasianBlackbird-standard-618b3a5132c7c359fb2a2884c39deb39.jpg","https://media.birdweather.com/species/35/EurasianBlackbird-thumbnail-276878929bed08167d1fd9bf34d63d40.jpg","https://media.birdweather.com/species/35/EurasianBlackbird-png200-ba5a1b43225da4611cac429c52a52c81.png","GfkFFwKRmrx2ZYiaaQe69nlzScn3T7IA",11544916873,"https://media.birdweather.com/soundscapes/6891/6891-20260508-030157.flac",0,3,"birdnetpi"
7550459741,6891,"2026-05-08T05:01:50.000+02:00",1,0.236734092235565,8.00735331786873,"almost_certain","2p4",NA,51.5635,6.0025,FALSE,20,"Black Redstart","Phoenicurus ochruros","#c8ce2d","avian","https://media.birdweather.com/species/20/BlackRedstart-standard-4255c9b712ecb46ea7d3df8d556c18e7.jpg","https://media.birdweather.com/species/20/BlackRedstart-thumbnail-2fee59acc1ecc6be7238da194869e940.jpg","https://media.birdweather.com/species/20/BlackRedstart-png200-cbc0625b8b4889aeec1da754ad906efd.png","2QgGFwT8epa+l3ZlZ5hntnh4Z/6oyZ8I",11544911452,"https://media.birdweather.com/soundscapes/6891/6891-20260508-030150.flac",0,3,"birdnetpi"
7550455798,6891,"2026-05-08T05:01:27.000+02:00",0.89,0.999183833599091,9.70290394144371,"almost_certain","2p4",NA,51.5682,6.0036,FALSE,35,"Eurasian Blackbird","Turdus merula","#ff65df","avian","https://media.birdweather.com/species/35/EurasianBlackbird-standard-618b3a5132c7c359fb2a2884c39deb39.jpg","https://media.birdweather.com/species/35/EurasianBlackbird-thumbnail-276878929bed08167d1fd9bf34d63d40.jpg","https://media.birdweather.com/species/35/EurasianBlackbird-png200-ba5a1b43225da4611cac429c52a52c81.png","GfkFFwKRmrx2ZYiaaQe69nlzScn3T7IA",11544904962,"https://media.birdweather.com/soundscapes/6891/6891-20260508-030127.flac",0,3,"birdnetpi"
7550448535,6891,"2026-05-08T05:01:09.000+02:00",0.85,0.999183833599091,9.60672410706136,"almost_certain","2p4",NA,51.5683,6.0037,FALSE,35,"Eurasian Blackbird","Turdus merula","#ff65df","avian","https://media.birdweather.com/species/35/EurasianBlackbird-standard-618b3a5132c7c359fb2a2884c39deb39.jpg","https://media.birdweather.com/species/35/EurasianBlackbird-thumbnail-276878929bed08167d1fd9bf34d63d40.jpg","https://media.birdweather.com/species/35/EurasianBlackbird-png200-ba5a1b43225da4611cac429c52a52c81.png","GfkFFwKRmrx2ZYiaaQe69nlzScn3T7IA",11544893193,"https://media.birdweather.com/soundscapes/6891/6891-20260508-030109.flac",0,3,"birdnetpi"
7550441089,6891,"2026-05-08T05:00:42.000+02:00",0.93,0.999183833599091,9.79277221844927,"almost_certain","2p4",NA,51.563,6.0081,FALSE,35,"Eurasian Blackbird","Turdus merula","#ff65df","avian","https://media.birdweather.com/species/35/EurasianBlackbird-standard-618b3a5132c7c359fb2a2884c39deb39.jpg","https://media.birdweather.com/species/35/EurasianBlackbird-thumbnail-276878929bed08167d1fd9bf34d63d40.jpg","https://media.birdweather.com/species/35/EurasianBlackbird-png200-ba5a1b43225da4611cac429c52a52c81.png","GfkFFwKRmrx2ZYiaaQe69nlzScn3T7IA",11544880916,"https://media.birdweather.com/soundscapes/6891/6891-20260508-030042.flac",0,3,"birdnetpi"
7550433743,6891,"2026-05-08T05:00:18.000+02:00",0.93,0.999183833599091,9.79277221844927,"almost_certain","2p4",NA,51.562,6.0079,FALSE,35,"Eurasian Blackbird","Turdus merula","#ff65df","avian","https://media.birdweather.com/species/35/EurasianBlackbird-standard-618b3a5132c7c359fb2a2884c39deb39.jpg","https://media.birdweather.com/species/35/EurasianBlackbird-thumbnail-276878929bed08167d1fd9bf34d63d40.jpg","https://media.birdweather.com/species/35/EurasianBlackbird-png200-ba5a1b43225da4611cac429c52a52c81.png","GfkFFwKRmrx2ZYiaaQe69nlzScn3T7IA",11544869075,"https://media.birdweather.com/soundscapes/6891/6891-20260508-030018.flac",0,3,"birdnetpi"
7550429485,6891,"2026-05-08T04:59:57.000+02:00",1,0.236734092235565,8.00735331786873,"almost_certain","2p4",NA,51.5704,6.0044,FALSE,20,"Black Redstart","Phoenicurus ochruros","#c8ce2d","avian","https://media.birdweather.com/species/20/BlackRedstart-standard-4255c9b712ecb46ea7d3df8d556c18e7.jpg","https://media.birdweather.com/species/20/BlackRedstart-thumbnail-2fee59acc1ecc6be7238da194869e940.jpg","https://media.birdweather.com/species/20/BlackRedstart-png200-cbc0625b8b4889aeec1da754ad906efd.png","2QgGFwT8epa+l3ZlZ5hntnh4Z/6oyZ8I",11544862302,"https://media.birdweather.com/soundscapes/6891/6891-20260508-025957.flac",0,3,"birdnetpi"
7550426079,6891,"2026-05-08T04:59:48.000+02:00",0.87,0.999183833599091,9.65565788022621,"almost_certain","2p4",NA,51.5668,6.0046,FALSE,35,"Eurasian Blackbird","Turdus merula","#ff65df","avian","https://media.birdweather.com/species/35/EurasianBlackbird-standard-618b3a5132c7c359fb2a2884c39deb39.jpg","https://media.birdweather.com/species/35/EurasianBlackbird-thumbnail-276878929bed08167d1fd9bf34d63d40.jpg","https://media.birdweather.com/species/35/EurasianBlackbird-png200-ba5a1b43225da4611cac429c52a52c81.png","GfkFFwKRmrx2ZYiaaQe69nlzScn3T7IA",11544856311,"https://media.birdweather.com/soundscapes/6891/6891-20260508-025948.flac",0,3,"birdnetpi"
7550419377,6891,"2026-05-08T04:59:22.000+02:00",0.9,0.999183833599091,9.72592969353715,"almost_certain","2p4",NA,51.565,6.0067,FALSE,35,"Eurasian Blackbird","Turdus merula","#ff65df","avian","https://media.birdweather.com/species/35/EurasianBlackbird-standard-618b3a5132c7c359fb2a2884c39deb39.jpg","https://media.birdweather.com/species/35/EurasianBlackbird-thumbnail-276878929bed08167d1fd9bf34d63d40.jpg","https://media.birdweather.com/species/35/EurasianBlackbird-png200-ba5a1b43225da4611cac429c52a52c81.png","GfkFFwKRmrx2ZYiaaQe69nlzScn3T7IA",11544845483,"https://media.birdweather.com/soundscapes/6891/6891-20260508-025922.flac",0,3,"birdnetpi"
7550412240,6891,"2026-05-08T04:58:58.000+02:00",0.98,0.999183833599091,9.89740319938414,"almost_certain","2p4",NA,51.5658,6.0006,FALSE,35,"Eurasian Blackbird","Turdus merula","#ff65df","avian","https://media.birdweather.com/species/35/EurasianBlackbird-standard-618b3a5132c7c359fb2a2884c39deb39.jpg","https://media.birdweather.com/species/35/EurasianBlackbird-thumbnail-276878929bed08167d1fd9bf34d63d40.jpg","https://media.birdweather.com/species/35/EurasianBlackbird-png200-ba5a1b43225da4611cac429c52a52c81.png","GfkFFwKRmrx2ZYiaaQe69nlzScn3T7IA",11544833713,"https://media.birdweather.com/soundscapes/6891/6891-20260508-025858.flac",0,3,"birdnetpi"
7550406235,6891,"2026-05-08T04:58:31.000+02:00",0.85,0.999183833599091,9.60672410706136,"almost_certain","2p4",NA,51.5638,6.0061,FALSE,35,"Eurasian Blackbird","Turdus merula","#ff65df","avian","https://media.birdweather.com/species/35/EurasianBlackbird-standard-618b3a5132c7c359fb2a2884c39deb39.jpg","https://media.birdweather.com/species/35/EurasianBlackbird-thumbnail-276878929bed08167d1fd9bf34d63d40.jpg","https://media.birdweather.com/species/35/EurasianBlackbird-png200-ba5a1b43225da4611cac429c52a52c81.png","GfkFFwKRmrx2ZYiaaQe69nlzScn3T7IA",11544823691,"https://media.birdweather.com/soundscapes/6891/6891-20260508-025831.flac",0,3,"birdnetpi"
7550399732,6891,"2026-05-08T04:58:11.000+02:00",0.96,0.999183833599091,9.85650463986908,"almost_certain","2p4",NA,51.5679,6.0044,FALSE,35,"Eurasian Blackbird","Turdus merula","#ff65df","avian","https://media.birdweather.com/species/35/EurasianBlackbird-standard-618b3a5132c7c359fb2a2884c39deb39.jpg","https://media.birdweather.com/species/35/EurasianBlackbird-thumbnail-276878929bed08167d1fd9bf34d63d40.jpg","https://media.birdweather.com/species/35/EurasianBlackbird-png200-ba5a1b43225da4611cac429c52a52c81.png","GfkFFwKRmrx2ZYiaaQe69nlzScn3T7IA",11544812781,"https://media.birdweather.com/soundscapes/6891/6891-20260508-025811.flac",0,3,"birdnetpi"
7550390934,6891,"2026-05-08T04:57:33.000+02:00",0.84,0.999183833599091,9.58158578708593,"almost_certain","2p4",NA,51.5704,6.0093,FALSE,35,"Eurasian Blackbird","Turdus merula","#ff65df","avian","https://media.birdweather.com/species/35/EurasianBlackbird-standard-618b3a5132c7c359fb2a2884c39deb39.jpg","https://media.birdweather.com/species/35/EurasianBlackbird-thumbnail-276878929bed08167d1fd9bf34d63d40.jpg","https://media.birdweather.com/species/35/EurasianBlackbird-png200-ba5a1b43225da4611cac429c52a52c81.png","GfkFFwKRmrx2ZYiaaQe69nlzScn3T7IA",11544798227,"https://media.birdweather.com/soundscapes/6891/6891-20260508-025733.flac",0,3,"birdnetpi"
7550382707,6891,"2026-05-08T04:57:09.000+02:00",0.95,0.999183833599091,9.8355882030499,"almost_certain","2p4",NA,51.5699,6.0087,FALSE,35,"Eurasian Blackbird","Turdus merula","#ff65df","avian","https://media.birdweather.com/species/35/EurasianBlackbird-standard-618b3a5132c7c359fb2a2884c39deb39.jpg","https://media.birdweather.com/species/35/EurasianBlackbird-thumbnail-276878929bed08167d1fd9bf34d63d40.jpg","https://media.birdweather.com/species/35/EurasianBlackbird-png200-ba5a1b43225da4611cac429c52a52c81.png","GfkFFwKRmrx2ZYiaaQe69nlzScn3T7IA",11544784619,"https://media.birdweather.com/soundscapes/6891/6891-20260508-025709.flac",0,3,"birdnetpi"
7550383748,6891,"2026-05-08T04:57:06.000+02:00",0.97,0.236734092235565,7.94734372482673,"almost_certain","2p4",NA,51.5615,6.0086,FALSE,20,"Black Redstart","Phoenicurus ochruros","#c8ce2d","avian","https://media.birdweather.com/species/20/BlackRedstart-standard-4255c9b712ecb46ea7d3df8d556c18e7.jpg","https://media.birdweather.com/species/20/BlackRedstart-thumbnail-2fee59acc1ecc6be7238da194869e940.jpg","https://media.birdweather.com/species/20/BlackRedstart-png200-cbc0625b8b4889aeec1da754ad906efd.png","2QgGFwT8epa+l3ZlZ5hntnh4Z/6oyZ8I",11544786417,"https://media.birdweather.com/soundscapes/6891/6891-20260508-025706.flac",0,3,"birdnetpi"
7550377551,6891,"2026-05-08T04:56:53.000+02:00",0.96,0.236734092235565,7.92674183283731,"almost_certain","2p4",NA,51.5661,6.009,FALSE,20,"Black Redstart","Phoenicurus ochruros","#c8ce2d","avian","https://media.birdweather.com/species/20/BlackRedstart-standard-4255c9b712ecb46ea7d3df8d556c18e7.jpg","https://media.birdweather.com/species/20/BlackRedstart-thumbnail-2fee59acc1ecc6be7238da194869e940.jpg","https://media.birdweather.com/species/20/BlackRedstart-png200-cbc0625b8b4889aeec1da754ad906efd.png","2QgGFwT8epa+l3ZlZ5hntnh4Z/6oyZ8I",11544776483,"https://media.birdweather.com/soundscapes/6891/6891-20260508-025653.flac",0,3,"birdnetpi"
7550372793,6891,"2026-05-08T04:56:27.000+02:00",1,0.236734092235565,8.00735331786873,"almost_certain","2p4",NA,51.5659,6.0039,FALSE,20,"Black Redstart","Phoenicurus ochruros","#c8ce2d","avian","https://media.birdweather.com/species/20/BlackRedstart-standard-4255c9b712ecb46ea7d3df8d556c18e7.jpg","https://media.birdweather.com/species/20/BlackRedstart-thumbnail-2fee59acc1ecc6be7238da194869e940.jpg","https://media.birdweather.com/species/20/BlackRedstart-png200-cbc0625b8b4889aeec1da754ad906efd.png","2QgGFwT8epa+l3ZlZ5hntnh4Z/6oyZ8I",11544768720,"https://media.birdweather.com/soundscapes/6891/6891-20260508-025627.flac",0,3,"birdnetpi"
7550370398,6891,"2026-05-08T04:56:26.000+02:00",0.96,0.999183833599091,9.85650463986908,"almost_certain","2p4",NA,51.5704,6.0087,FALSE,35,"Eurasian Blackbird","Turdus merula","#ff65df","avian","https://media.birdweather.com/species/35/EurasianBlackbird-standard-618b3a5132c7c359fb2a2884c39deb39.jpg","https://media.birdweather.com/species/35/EurasianBlackbird-thumbnail-276878929bed08167d1fd9bf34d63d40.jpg","https://media.birdweather.com/species/35/EurasianBlackbird-png200-ba5a1b43225da4611cac429c52a52c81.png","GfkFFwKRmrx2ZYiaaQe69nlzScn3T7IA",11544764596,"https://media.birdweather.com/soundscapes/6891/6891-20260508-025626.flac",0,3,"birdnetpi"
7550359974,6891,"2026-05-08T04:55:49.000+02:00",0.85,0.999183833599091,9.60672410706136,"almost_certain","2p4",NA,51.5621,6.0052,FALSE,35,"Eurasian Blackbird","Turdus merula","#ff65df","avian","https://media.birdweather.com/species/35/EurasianBlackbird-standard-618b3a5132c7c359fb2a2884c39deb39.jpg","https://media.birdweather.com/species/35/EurasianBlackbird-thumbnail-276878929bed08167d1fd9bf34d63d40.jpg","https://media.birdweather.com/species/35/EurasianBlackbird-png200-ba5a1b43225da4611cac429c52a52c81.png","GfkFFwKRmrx2ZYiaaQe69nlzScn3T7IA",11544747286,"https://media.birdweather.com/soundscapes/6891/6891-20260508-025549.flac",0,3,"birdnetpi"
7550353170,6891,"2026-05-08T04:55:15.000+02:00",0.8,0.999183833599091,9.47614916072943,"almost_certain","2p4",NA,51.5687,6.0052,FALSE,35,"Eurasian Blackbird","Turdus merula","#ff65df","avian","https://media.birdweather.com/species/35/EurasianBlackbird-standard-618b3a5132c7c359fb2a2884c39deb39.jpg","https://media.birdweather.com/species/35/EurasianBlackbird-thumbnail-276878929bed08167d1fd9bf34d63d40.jpg","https://media.birdweather.com/species/35/EurasianBlackbird-png200-ba5a1b43225da4611cac429c52a52c81.png","GfkFFwKRmrx2ZYiaaQe69nlzScn3T7IA",11544736017,"https://media.birdweather.com/soundscapes/6891/6891-20260508-025515.flac",0,3,"birdnetpi"
7550348597,6891,"2026-05-08T04:54:58.000+02:00",0.96,0.999183833599091,9.85650463986908,"almost_certain","2p4",NA,51.5619,6.0032,FALSE,35,"Eurasian Blackbird","Turdus merula","#ff65df","avian","https://media.birdweather.com/species/35/EurasianBlackbird-standard-618b3a5132c7c359fb2a2884c39deb39.jpg","https://media.birdweather.com/species/35/EurasianBlackbird-thumbnail-276878929bed08167d1fd9bf34d63d40.jpg","https://media.birdweather.com/species/35/EurasianBlackbird-png200-ba5a1b43225da4611cac429c52a52c81.png","GfkFFwKRmrx2ZYiaaQe69nlzScn3T7IA",11544728281,"https://media.birdweather.com/soundscapes/6891/6891-20260508-025458.flac",0,3,"birdnetpi"
7550337575,6891,"2026-05-08T04:54:17.000+02:00",0.87,0.999183833599091,9.65565788022621,"almost_certain","2p4",NA,51.5693,6.0089,FALSE,35,"Eurasian Blackbird","Turdus merula","#ff65df","avian","https://media.birdweather.com/species/35/EurasianBlackbird-standard-618b3a5132c7c359fb2a2884c39deb39.jpg","https://media.birdweather.com/species/35/EurasianBlackbird-thumbnail-276878929bed08167d1fd9bf34d63d40.jpg","https://media.birdweather.com/species/35/EurasianBlackbird-png200-ba5a1b43225da4611cac429c52a52c81.png","GfkFFwKRmrx2ZYiaaQe69nlzScn3T7IA",11544709660,"https://media.birdweather.com/soundscapes/6891/6891-20260508-025417.flac",0,3,"birdnetpi"
7550323349,6891,"2026-05-08T04:53:28.000+02:00",0.84,0.999183833599091,9.58158578708593,"almost_certain","2p4",NA,51.5674,6.0035,FALSE,35,"Eurasian Blackbird","Turdus merula","#ff65df","avian","https://media.birdweather.com/species/35/EurasianBlackbird-standard-618b3a5132c7c359fb2a2884c39deb39.jpg","https://media.birdweather.com/species/35/EurasianBlackbird-thumbnail-276878929bed08167d1fd9bf34d63d40.jpg","https://media.birdweather.com/species/35/EurasianBlackbird-png200-ba5a1b43225da4611cac429c52a52c81.png","GfkFFwKRmrx2ZYiaaQe69nlzScn3T7IA",11544686378,"https://media.birdweather.com/soundscapes/6891/6891-20260508-025328.flac",0,3,"birdnetpi"
7550298644,6891,"2026-05-08T04:51:54.000+02:00",0.85,0.999183833599091,9.60672410706136,"almost_certain","2p4",NA,51.5633,6.0064,FALSE,35,"Eurasian Blackbird","Turdus merula","#ff65df","avian","https://media.birdweather.com/species/35/EurasianBlackbird-standard-618b3a5132c7c359fb2a2884c39deb39.jpg","https://media.birdweather.com/species/35/EurasianBlackbird-thumbnail-276878929bed08167d1fd9bf34d63d40.jpg","https://media.birdweather.com/species/35/EurasianBlackbird-png200-ba5a1b43225da4611cac429c52a52c81.png","GfkFFwKRmrx2ZYiaaQe69nlzScn3T7IA",11544644604,"https://media.birdweather.com/soundscapes/6891/6891-20260508-025154.flac",0,3,"birdnetpi"
7550185743,6891,"2026-05-08T04:44:35.000+02:00",0.93,0.236734092235565,7.86300941141751,"almost_certain","2p4",NA,51.5618,6.0071,FALSE,20,"Black Redstart","Phoenicurus ochruros","#c8ce2d","avian","https://media.birdweather.com/species/20/BlackRedstart-standard-4255c9b712ecb46ea7d3df8d556c18e7.jpg","https://media.birdweather.com/species/20/BlackRedstart-thumbnail-2fee59acc1ecc6be7238da194869e940.jpg","https://media.birdweather.com/species/20/BlackRedstart-png200-cbc0625b8b4889aeec1da754ad906efd.png","2QgGFwT8epa+l3ZlZ5hntnh4Z/6oyZ8I",11544446377,"https://media.birdweather.com/soundscapes/6891/6891-20260508-024435.flac",0,3,"birdnetpi"
7550180057,6891,"2026-05-08T04:44:14.000+02:00",1,0.236734092235565,8.00735331786873,"almost_certain","2p4",NA,51.5677,6.0058,FALSE,20,"Black Redstart","Phoenicurus ochruros","#c8ce2d","avian","https://media.birdweather.com/species/20/BlackRedstart-standard-4255c9b712ecb46ea7d3df8d556c18e7.jpg","https://media.birdweather.com/species/20/BlackRedstart-thumbnail-2fee59acc1ecc6be7238da194869e940.jpg","https://media.birdweather.com/species/20/BlackRedstart-png200-cbc0625b8b4889aeec1da754ad906efd.png","2QgGFwT8epa+l3ZlZ5hntnh4Z/6oyZ8I",11544435958,"https://media.birdweather.com/soundscapes/6891/6891-20260508-024414.flac",0,3,"birdnetpi"
7549679055,6891,"2026-05-08T04:08:45.000+02:00",0.82,0.0172744393348694,4.58288384345418,"almost_certain","2p4",NA,51.5617,6.0084,FALSE,186,"Tawny Owl","Strix aluco","#ff81c2","avian","https://media.birdweather.com/species/186/TawnyOwl-standard-a880387489a3d9307eaa5193225ffd9d.jpg","https://media.birdweather.com/species/186/TawnyOwl-thumbnail-f1a9d78408877a4e4f011b228882ac2a.jpg","https://media.birdweather.com/species/186/TawnyOwl-png200-fc157b30e3acffca0c2aeeb821667e40.png","TggKDwIIh4mUanhjmoh3eIiIWFBKBZID",11543481449,"https://media.birdweather.com/soundscapes/6891/6891-20260508-020845.flac",0,3,"birdnetpi"
7549016794,6891,"2026-05-08T03:22:36.000+02:00",0.96,0.763472735881805,9.49207535681816,"almost_certain","2p4",NA,51.5637,6.0021,FALSE,106,"Eurasian Coot","Fulica atra","#ff3f73","avian","https://media.birdweather.com/species/106/EurasianCoot-standard-2a8d0e9921cc5b25806667422f3bea55.jpg","https://media.birdweather.com/species/106/EurasianCoot-thumbnail-2d0f437522ce59f1064ef9e7b3772b25.jpg","https://media.birdweather.com/species/106/EurasianCoot-png200-16bf8dd1cedfac1d8f2887bb06137dda.png","2xgGDwKFt4aWZ2mfd6eIeHZod0z5tpQP",11542242823,"https://media.birdweather.com/soundscapes/6891/6891-20260508-012236.flac",0,3,"birdnetpi"
7548939758,6891,"2026-05-08T03:17:38.000+02:00",1,0.00815452821552753,4.43248738890313,"almost_certain","2p4",NA,51.562,6.0012,FALSE,242,"Barn Owl","Tyto alba","#c57e94","avian","https://media.birdweather.com/species/242/BarnOwl-standard-8bec9306e3928726cbb18b498dd33c03.jpg","https://media.birdweather.com/species/242/BarnOwl-thumbnail-f2dc3ee81bc91e5f2214d7a2b7be6eef.jpg","https://media.birdweather.com/species/242/BarnOwl-png200-fe95e07244e391ae77d98d1c722d7699.png","4PgFFwKCFGWPgIlpq2aJdXiHiQRFCWME",11542109616,"https://media.birdweather.com/soundscapes/6891/6891-20260508-011738.flac",0,3,"birdnetpi"
7548813707,6891,"2026-05-08T03:09:38.000+02:00",0.98,0.689138293266296,9.39454657559416,"almost_certain","2p4",NA,51.5666,6.0018,FALSE,90,"Gray Heron","Ardea cinerea","#a70076","avian","https://media.birdweather.com/species/90/GrayHeron-standard-e3f0fccd9ae9722e5e8fbb19dbaf13d5.jpg","https://media.birdweather.com/species/90/GrayHeron-thumbnail-48938163008079f2a083eb422453fe97.jpg","https://media.birdweather.com/species/90/GrayHeron-png200-17ea141f1d862a12d8e4f1d98638157f.png","LOcJDwKIeId/h3iBh8eIR2iKpgfXaYAN",11541894650,"https://media.birdweather.com/soundscapes/6891/6891-20260508-010938.flac",0,3,"birdnetpi"
7548809505,6891,"2026-05-08T03:09:29.000+02:00",0.98,0.689138293266296,9.39454657559416,"almost_certain","2p4",NA,51.5676,6.001,FALSE,90,"Gray Heron","Ardea cinerea","#a70076","avian","https://media.birdweather.com/species/90/GrayHeron-standard-e3f0fccd9ae9722e5e8fbb19dbaf13d5.jpg","https://media.birdweather.com/species/90/GrayHeron-thumbnail-48938163008079f2a083eb422453fe97.jpg","https://media.birdweather.com/species/90/GrayHeron-png200-17ea141f1d862a12d8e4f1d98638157f.png","LOcJDwKIeId/h3iBh8eIR2iKpgfXaYAN",11541887557,"https://media.birdweather.com/soundscapes/6891/6891-20260508-010929.flac",0,3,"birdnetpi"
