"id","ref","stationId","timestamp","confidence","probability","score","certainty","algorithm","metadata","lat","lon","favorite","species.id","species.commonName","species.scientificName","species.color","species.classification","species.imageUrl","species.thumbnailUrl","species.pngUrl","species.thumbhash","soundscape.id","soundscape.url","soundscape.startTime","soundscape.endTime","soundscape.mode"
11612496838,"1791408396-11612496838",6891,"2026-10-07T23:26:36.000+02:00",0.79,0.013139626942575,4.27624113281054,"almost_certain","2p4",NA,51.5662,6.0073,FALSE,46,"Little Owl","Athene noctua","#b0ae00","avian","https://media.birdweather.com/species/46/LittleOwl-standard-f2cff2a2b2f38eb0d9b119ca1cb31433.jpg","https://media.birdweather.com/species/46/LittleOwl-thumbnail-dc4a3ab0d115888ba2e987e8e30a8fa3.jpg","https://media.birdweather.com/species/46/LittleOwl-png200-44c03d9b44930f908f8bdcad52112c56.png","YgkGFwL0XnOqRJabZGu2eXh3Z9+4h7AJ",17887709311,"https://media.birdweather.com/soundscapes/6891/6891-20261007-212636.flac",0,3,"birdnetpi"
11610919089,"1791402162-11610919089",6891,"2026-10-07T21:42:42.000+02:00",0.99,0.013139626942575,4.74517323569722,"almost_certain","2p4",NA,51.5622,6.0042,FALSE,46,"Little Owl","Athene noctua","#b0ae00","avian","https://media.birdweather.com/species/46/LittleOwl-standard-f2cff2a2b2f38eb0d9b119ca1cb31433.jpg","https://media.birdweather.com/species/46/LittleOwl-thumbnail-dc4a3ab0d115888ba2e987e8e30a8fa3.jpg","https://media.birdweather.com/species/46/LittleOwl-png200-44c03d9b44930f908f8bdcad52112c56.png","YgkGFwL0XnOqRJabZGu2eXh3Z9+4h7AJ",17884536145,"https://media.birdweather.com/soundscapes/6891/6891-20261007-194242.flac",0,3,"birdnetpi"
11610870360,"1791401970-11610870360",6891,"2026-10-07T21:39:30.000+02:00",0.99,0.013139626942575,4.74517323569722,"almost_certain","2p4",NA,51.562,6.0088,FALSE,46,"Little Owl","Athene noctua","#b0ae00","avian","https://media.birdweather.com/species/46/LittleOwl-standard-f2cff2a2b2f38eb0d9b119ca1cb31433.jpg","https://media.birdweather.com/species/46/LittleOwl-thumbnail-dc4a3ab0d115888ba2e987e8e30a8fa3.jpg","https://media.birdweather.com/species/46/LittleOwl-png200-44c03d9b44930f908f8bdcad52112c56.png","YgkGFwL0XnOqRJabZGu2eXh3Z9+4h7AJ",17884439485,"https://media.birdweather.com/soundscapes/6891/6891-20261007-193930.flac",0,3,"birdnetpi"
11610809407,"1791401725-11610809407",6891,"2026-10-07T21:35:25.000+02:00",0.86,0.013139626942575,4.45917914070613,"almost_certain","2p4",NA,51.5619,6.0088,FALSE,46,"Little Owl","Athene noctua","#b0ae00","avian","https://media.birdweather.com/species/46/LittleOwl-standard-f2cff2a2b2f38eb0d9b119ca1cb31433.jpg","https://media.birdweather.com/species/46/LittleOwl-thumbnail-dc4a3ab0d115888ba2e987e8e30a8fa3.jpg","https://media.birdweather.com/species/46/LittleOwl-png200-44c03d9b44930f908f8bdcad52112c56.png","YgkGFwL0XnOqRJabZGu2eXh3Z9+4h7AJ",17884317775,"https://media.birdweather.com/soundscapes/6891/6891-20261007-193525.flac",0,3,"birdnetpi"
11610799929,"1791401682-11610799929",6891,"2026-10-07T21:34:42.000+02:00",0.95,0.013139626942575,4.663357884156,"almost_certain","2p4",NA,51.5702,6.0059,FALSE,46,"Little Owl","Athene noctua","#b0ae00","avian","https://media.birdweather.com/species/46/LittleOwl-standard-f2cff2a2b2f38eb0d9b119ca1cb31433.jpg","https://media.birdweather.com/species/46/LittleOwl-thumbnail-dc4a3ab0d115888ba2e987e8e30a8fa3.jpg","https://media.birdweather.com/species/46/LittleOwl-png200-44c03d9b44930f908f8bdcad52112c56.png","YgkGFwL0XnOqRJabZGu2eXh3Z9+4h7AJ",17884299187,"https://media.birdweather.com/soundscapes/6891/6891-20261007-193442.flac",0,3,"birdnetpi"
11609580332,"1791396780-11609580332",6891,"2026-10-07T20:13:00.000+02:00",0.81,0.0296178534626961,5.06774300989454,"almost_certain","2p4",NA,51.5662,6.0043,FALSE,186,"Tawny Owl","Strix aluco","#ff81c2","avian","https://media.birdweather.com/species/186/TawnyOwl-standard-a880387489a3d9307eaa5193225ffd9d.jpg","https://media.birdweather.com/species/186/TawnyOwl-thumbnail-f1a9d78408877a4e4f011b228882ac2a.jpg","https://media.birdweather.com/species/186/TawnyOwl-png200-fc157b30e3acffca0c2aeeb821667e40.png","TggKDwIIh4mUanhjmoh3eIiIWFBKBZID",17881843378,"https://media.birdweather.com/soundscapes/6891/6891-20261007-181300.flac",0,3,"birdnetpi"
11608889432,"1791394050-11608889432",6891,"2026-10-07T19:27:30.000+02:00",0.8,0.91447514295578,9.35603984392919,"almost_certain","2p4",NA,51.5663,6.0072,FALSE,35,"Eurasian Blackbird","Turdus merula","#ff65df","avian","https://media.birdweather.com/species/35/EurasianBlackbird-standard-618b3a5132c7c359fb2a2884c39deb39.jpg","https://media.birdweather.com/species/35/EurasianBlackbird-thumbnail-276878929bed08167d1fd9bf34d63d40.jpg","https://media.birdweather.com/species/35/EurasianBlackbird-png200-ba5a1b43225da4611cac429c52a52c81.png","GfkFFwKRmrx2ZYiaaQe69nlzScn3T7IA",17880464651,"https://media.birdweather.com/soundscapes/6891/6891-20261007-172730.flac",0,3,"birdnetpi"
11608870704,"1791393987-11608870704",6891,"2026-10-07T19:26:27.000+02:00",0.88,0.938396036624908,9.59437328699549,"almost_certain","2p4",NA,51.5637,6.0069,FALSE,6,"European Robin","Erithacus rubecula","#93d436","avian","https://media.birdweather.com/species/6/EuropeanRobin-standard-6802f21dc9c4b056c0c15b0a4ad01a9a.jpg","https://media.birdweather.com/species/6/EuropeanRobin-thumbnail-3afd51da2d7daf4db7f4ed43af30ed2d.jpg","https://media.birdweather.com/species/6/EuropeanRobin-png200-ac96bfc6bbb72a9e2528d5544937cebd.png","YxgKFwJnWYePd3iMd5h4Z4eHp6cMG8gA",17880429797,"https://media.birdweather.com/soundscapes/6891/6891-20261007-172627.flac",0,3,"birdnetpi"
11608866238,"1791393981-11608866238",6891,"2026-10-07T19:26:21.000+02:00",0.9,0.938396036624908,9.64081841279117,"almost_certain","2p4",NA,51.5704,6.0042,FALSE,6,"European Robin","Erithacus rubecula","#93d436","avian","https://media.birdweather.com/species/6/EuropeanRobin-standard-6802f21dc9c4b056c0c15b0a4ad01a9a.jpg","https://media.birdweather.com/species/6/EuropeanRobin-thumbnail-3afd51da2d7daf4db7f4ed43af30ed2d.jpg","https://media.birdweather.com/species/6/EuropeanRobin-png200-ac96bfc6bbb72a9e2528d5544937cebd.png","YxgKFwJnWYePd3iMd5h4Z4eHp6cMG8gA",17880421394,"https://media.birdweather.com/soundscapes/6891/6891-20261007-172621.flac",0,3,"birdnetpi"
11608857281,"1791393954-11608857281",6891,"2026-10-07T19:25:54.000+02:00",0.98,0.938396036624908,9.81229191863816,"almost_certain","2p4",NA,51.5654,6.0035,FALSE,6,"European Robin","Erithacus rubecula","#93d436","avian","https://media.birdweather.com/species/6/EuropeanRobin-standard-6802f21dc9c4b056c0c15b0a4ad01a9a.jpg","https://media.birdweather.com/species/6/EuropeanRobin-thumbnail-3afd51da2d7daf4db7f4ed43af30ed2d.jpg","https://media.birdweather.com/species/6/EuropeanRobin-png200-ac96bfc6bbb72a9e2528d5544937cebd.png","YxgKFwJnWYePd3iMd5h4Z4eHp6cMG8gA",17880404846,"https://media.birdweather.com/soundscapes/6891/6891-20261007-172554.flac",0,3,"birdnetpi"
11608848766,"1791393915-11608848766",6891,"2026-10-07T19:25:15.000+02:00",0.95,0.938396036624908,9.75047692230391,"almost_certain","2p4",NA,51.5625,6.0028,FALSE,6,"European Robin","Erithacus rubecula","#93d436","avian","https://media.birdweather.com/species/6/EuropeanRobin-standard-6802f21dc9c4b056c0c15b0a4ad01a9a.jpg","https://media.birdweather.com/species/6/EuropeanRobin-thumbnail-3afd51da2d7daf4db7f4ed43af30ed2d.jpg","https://media.birdweather.com/species/6/EuropeanRobin-png200-ac96bfc6bbb72a9e2528d5544937cebd.png","YxgKFwJnWYePd3iMd5h4Z4eHp6cMG8gA",17880390028,"https://media.birdweather.com/soundscapes/6891/6891-20261007-172515.flac",0,3,"birdnetpi"
11608830622,"1791393855-11608830622",6891,"2026-10-07T19:24:15.000+02:00",0.95,0.938396036624908,9.75047692230391,"almost_certain","2p4",NA,51.5668,6.0042,FALSE,6,"European Robin","Erithacus rubecula","#93d436","avian","https://media.birdweather.com/species/6/EuropeanRobin-standard-6802f21dc9c4b056c0c15b0a4ad01a9a.jpg","https://media.birdweather.com/species/6/EuropeanRobin-thumbnail-3afd51da2d7daf4db7f4ed43af30ed2d.jpg","https://media.birdweather.com/species/6/EuropeanRobin-png200-ac96bfc6bbb72a9e2528d5544937cebd.png","YxgKFwJnWYePd3iMd5h4Z4eHp6cMG8gA",17880356910,"https://media.birdweather.com/soundscapes/6891/6891-20261007-172415.flac",0,3,"birdnetpi"
11608728918,"1791393508-11608728918",6891,"2026-10-07T19:18:28.000+02:00",0.78,0.938396036624908,9.3351117474907,"almost_certain","2p4",NA,51.5665,6.0034,FALSE,6,"European Robin","Erithacus rubecula","#93d436","avian","https://media.birdweather.com/species/6/EuropeanRobin-standard-6802f21dc9c4b056c0c15b0a4ad01a9a.jpg","https://media.birdweather.com/species/6/EuropeanRobin-thumbnail-3afd51da2d7daf4db7f4ed43af30ed2d.jpg","https://media.birdweather.com/species/6/EuropeanRobin-png200-ac96bfc6bbb72a9e2528d5544937cebd.png","YxgKFwJnWYePd3iMd5h4Z4eHp6cMG8gA",17880177026,"https://media.birdweather.com/soundscapes/6891/6891-20261007-171828.flac",0,3,"birdnetpi"
11608713896,"1791393457-11608713896",6891,"2026-10-07T19:17:37.000+02:00",0.74,0.938396036624908,9.21590616101491,"almost_certain","2p4",NA,51.5671,6.0006,FALSE,6,"European Robin","Erithacus rubecula","#93d436","avian","https://media.birdweather.com/species/6/EuropeanRobin-standard-6802f21dc9c4b056c0c15b0a4ad01a9a.jpg","https://media.birdweather.com/species/6/EuropeanRobin-thumbnail-3afd51da2d7daf4db7f4ed43af30ed2d.jpg","https://media.birdweather.com/species/6/EuropeanRobin-png200-ac96bfc6bbb72a9e2528d5544937cebd.png","YxgKFwJnWYePd3iMd5h4Z4eHp6cMG8gA",17880149379,"https://media.birdweather.com/soundscapes/6891/6891-20261007-171737.flac",0,3,"birdnetpi"
11608680457,"1791393351-11608680457",6891,"2026-10-07T19:15:51.000+02:00",0.82,0.938396036624908,9.44477025700345,"almost_certain","2p4",NA,51.567,6.0057,FALSE,6,"European Robin","Erithacus rubecula","#93d436","avian","https://media.birdweather.com/species/6/EuropeanRobin-standard-6802f21dc9c4b056c0c15b0a4ad01a9a.jpg","https://media.birdweather.com/species/6/EuropeanRobin-thumbnail-3afd51da2d7daf4db7f4ed43af30ed2d.jpg","https://media.birdweather.com/species/6/EuropeanRobin-png200-ac96bfc6bbb72a9e2528d5544937cebd.png","YxgKFwJnWYePd3iMd5h4Z4eHp6cMG8gA",17880090301,"https://media.birdweather.com/soundscapes/6891/6891-20261007-171551.flac",0,3,"birdnetpi"
11608673145,"1791393336-11608673145",6891,"2026-10-07T19:15:36.000+02:00",0.75,0.938396036624908,9.24669397353223,"almost_certain","2p4",NA,51.5622,6.0061,FALSE,6,"European Robin","Erithacus rubecula","#93d436","avian","https://media.birdweather.com/species/6/EuropeanRobin-standard-6802f21dc9c4b056c0c15b0a4ad01a9a.jpg","https://media.birdweather.com/species/6/EuropeanRobin-thumbnail-3afd51da2d7daf4db7f4ed43af30ed2d.jpg","https://media.birdweather.com/species/6/EuropeanRobin-png200-ac96bfc6bbb72a9e2528d5544937cebd.png","YxgKFwJnWYePd3iMd5h4Z4eHp6cMG8gA",17880077552,"https://media.birdweather.com/soundscapes/6891/6891-20261007-171536.flac",0,3,"birdnetpi"
11608653834,"1791393265-11608653834",6891,"2026-10-07T19:14:25.000+02:00",0.77,0.938396036624908,9.30626857688967,"almost_certain","2p4",NA,51.5671,6.0045,FALSE,6,"European Robin","Erithacus rubecula","#93d436","avian","https://media.birdweather.com/species/6/EuropeanRobin-standard-6802f21dc9c4b056c0c15b0a4ad01a9a.jpg","https://media.birdweather.com/species/6/EuropeanRobin-thumbnail-3afd51da2d7daf4db7f4ed43af30ed2d.jpg","https://media.birdweather.com/species/6/EuropeanRobin-png200-ac96bfc6bbb72a9e2528d5544937cebd.png","YxgKFwJnWYePd3iMd5h4Z4eHp6cMG8gA",17880042827,"https://media.birdweather.com/soundscapes/6891/6891-20261007-171425.flac",0,3,"birdnetpi"
11608613742,"1791393136-11608613742",6891,"2026-10-07T19:12:16.000+02:00",0.91,0.938396036624908,9.66346355646433,"almost_certain","2p4",NA,51.5663,6.0019,FALSE,6,"European Robin","Erithacus rubecula","#93d436","avian","https://media.birdweather.com/species/6/EuropeanRobin-standard-6802f21dc9c4b056c0c15b0a4ad01a9a.jpg","https://media.birdweather.com/species/6/EuropeanRobin-thumbnail-3afd51da2d7daf4db7f4ed43af30ed2d.jpg","https://media.birdweather.com/species/6/EuropeanRobin-png200-ac96bfc6bbb72a9e2528d5544937cebd.png","YxgKFwJnWYePd3iMd5h4Z4eHp6cMG8gA",17879971293,"https://media.birdweather.com/soundscapes/6891/6891-20261007-171216.flac",0,3,"birdnetpi"
11608602219,"1791393112-11608602219",6891,"2026-10-07T19:11:52.000+02:00",0.99,0.938396036624908,9.83229227384514,"almost_certain","2p4",NA,51.5632,6.0076,FALSE,6,"European Robin","Erithacus rubecula","#93d436","avian","https://media.birdweather.com/species/6/EuropeanRobin-standard-6802f21dc9c4b056c0c15b0a4ad01a9a.jpg","https://media.birdweather.com/species/6/EuropeanRobin-thumbnail-3afd51da2d7daf4db7f4ed43af30ed2d.jpg","https://media.birdweather.com/species/6/EuropeanRobin-png200-ac96bfc6bbb72a9e2528d5544937cebd.png","YxgKFwJnWYePd3iMd5h4Z4eHp6cMG8gA",17879951813,"https://media.birdweather.com/soundscapes/6891/6891-20261007-171152.flac",0,3,"birdnetpi"
11608581539,"1791393043-11608581539",6891,"2026-10-07T19:10:43.000+02:00",1,0.938396036624908,9.85200484415451,"almost_certain","2p4",NA,51.5669,6.0006,FALSE,6,"European Robin","Erithacus rubecula","#93d436","avian","https://media.birdweather.com/species/6/EuropeanRobin-standard-6802f21dc9c4b056c0c15b0a4ad01a9a.jpg","https://media.birdweather.com/species/6/EuropeanRobin-thumbnail-3afd51da2d7daf4db7f4ed43af30ed2d.jpg","https://media.birdweather.com/species/6/EuropeanRobin-png200-ac96bfc6bbb72a9e2528d5544937cebd.png","YxgKFwJnWYePd3iMd5h4Z4eHp6cMG8gA",17879914348,"https://media.birdweather.com/soundscapes/6891/6891-20261007-171043.flac",0,3,"birdnetpi"
11608568262,"1791392989-11608568262",6891,"2026-10-07T19:09:49.000+02:00",0.98,0.938396036624908,9.81229191863816,"almost_certain","2p4",NA,51.568,6.0041,FALSE,6,"European Robin","Erithacus rubecula","#93d436","avian","https://media.birdweather.com/species/6/EuropeanRobin-standard-6802f21dc9c4b056c0c15b0a4ad01a9a.jpg","https://media.birdweather.com/species/6/EuropeanRobin-thumbnail-3afd51da2d7daf4db7f4ed43af30ed2d.jpg","https://media.birdweather.com/species/6/EuropeanRobin-png200-ac96bfc6bbb72a9e2528d5544937cebd.png","YxgKFwJnWYePd3iMd5h4Z4eHp6cMG8gA",17879890784,"https://media.birdweather.com/soundscapes/6891/6891-20261007-170949.flac",0,3,"birdnetpi"
11608558306,"1791392956-11608558306",6891,"2026-10-07T19:09:16.000+02:00",0.97,0.938396036624908,9.79199525111251,"almost_certain","2p4",NA,51.565,6.0072,FALSE,6,"European Robin","Erithacus rubecula","#93d436","avian","https://media.birdweather.com/species/6/EuropeanRobin-standard-6802f21dc9c4b056c0c15b0a4ad01a9a.jpg","https://media.birdweather.com/species/6/EuropeanRobin-thumbnail-3afd51da2d7daf4db7f4ed43af30ed2d.jpg","https://media.birdweather.com/species/6/EuropeanRobin-png200-ac96bfc6bbb72a9e2528d5544937cebd.png","YxgKFwJnWYePd3iMd5h4Z4eHp6cMG8gA",17879873514,"https://media.birdweather.com/soundscapes/6891/6891-20261007-170916.flac",0,3,"birdnetpi"
11608550646,"1791392940-11608550646",6891,"2026-10-07T19:09:00.000+02:00",1,0.938396036624908,9.85200484415451,"almost_certain","2p4",NA,51.5632,6.0018,FALSE,6,"European Robin","Erithacus rubecula","#93d436","avian","https://media.birdweather.com/species/6/EuropeanRobin-standard-6802f21dc9c4b056c0c15b0a4ad01a9a.jpg","https://media.birdweather.com/species/6/EuropeanRobin-thumbnail-3afd51da2d7daf4db7f4ed43af30ed2d.jpg","https://media.birdweather.com/species/6/EuropeanRobin-png200-ac96bfc6bbb72a9e2528d5544937cebd.png","YxgKFwJnWYePd3iMd5h4Z4eHp6cMG8gA",17879859761,"https://media.birdweather.com/soundscapes/6891/6891-20261007-170900.flac",0,3,"birdnetpi"
11608395922,"1791392409-11608395922",6891,"2026-10-07T19:00:09.000+02:00",0.91,0.938396036624908,9.66346355646433,"almost_certain","2p4",NA,51.5691,6.0056,FALSE,6,"European Robin","Erithacus rubecula","#93d436","avian","https://media.birdweather.com/species/6/EuropeanRobin-standard-6802f21dc9c4b056c0c15b0a4ad01a9a.jpg","https://media.birdweather.com/species/6/EuropeanRobin-thumbnail-3afd51da2d7daf4db7f4ed43af30ed2d.jpg","https://media.birdweather.com/species/6/EuropeanRobin-png200-ac96bfc6bbb72a9e2528d5544937cebd.png","YxgKFwJnWYePd3iMd5h4Z4eHp6cMG8gA",17879586558,"https://media.birdweather.com/soundscapes/6891/6891-20261007-170009.flac",0,3,"birdnetpi"
11608390957,"1791392386-11608390957",6891,"2026-10-07T18:59:46.000+02:00",0.79,0.938396036624908,9.36336017095845,"almost_certain","2p4",NA,51.5656,6.0089,FALSE,6,"European Robin","Erithacus rubecula","#93d436","avian","https://media.birdweather.com/species/6/EuropeanRobin-standard-6802f21dc9c4b056c0c15b0a4ad01a9a.jpg","https://media.birdweather.com/species/6/EuropeanRobin-thumbnail-3afd51da2d7daf4db7f4ed43af30ed2d.jpg","https://media.birdweather.com/species/6/EuropeanRobin-png200-ac96bfc6bbb72a9e2528d5544937cebd.png","YxgKFwJnWYePd3iMd5h4Z4eHp6cMG8gA",17879577912,"https://media.birdweather.com/soundscapes/6891/6891-20261007-165946.flac",0,3,"birdnetpi"
11608383206,"1791392367-11608383206",6891,"2026-10-07T18:59:27.000+02:00",0.81,0.938396036624908,9.41816747937922,"almost_certain","2p4",NA,51.5701,6.0062,FALSE,6,"European Robin","Erithacus rubecula","#93d436","avian","https://media.birdweather.com/species/6/EuropeanRobin-standard-6802f21dc9c4b056c0c15b0a4ad01a9a.jpg","https://media.birdweather.com/species/6/EuropeanRobin-thumbnail-3afd51da2d7daf4db7f4ed43af30ed2d.jpg","https://media.birdweather.com/species/6/EuropeanRobin-png200-ac96bfc6bbb72a9e2528d5544937cebd.png","YxgKFwJnWYePd3iMd5h4Z4eHp6cMG8gA",17879564067,"https://media.birdweather.com/soundscapes/6891/6891-20261007-165927.flac",0,3,"birdnetpi"
11608378513,"1791392343-11608378513",6891,"2026-10-07T18:59:03.000+02:00",0.76,0.938396036624908,9.27680507573695,"almost_certain","2p4",NA,51.5621,6.0064,FALSE,6,"European Robin","Erithacus rubecula","#93d436","avian","https://media.birdweather.com/species/6/EuropeanRobin-standard-6802f21dc9c4b056c0c15b0a4ad01a9a.jpg","https://media.birdweather.com/species/6/EuropeanRobin-thumbnail-3afd51da2d7daf4db7f4ed43af30ed2d.jpg","https://media.birdweather.com/species/6/EuropeanRobin-png200-ac96bfc6bbb72a9e2528d5544937cebd.png","YxgKFwJnWYePd3iMd5h4Z4eHp6cMG8gA",17879555990,"https://media.birdweather.com/soundscapes/6891/6891-20261007-165903.flac",0,3,"birdnetpi"
11608159956,"1791391612-11608159956",6891,"2026-10-07T18:46:52.000+02:00",0.91,0.0828576683998108,6.47998866318769,"almost_certain","2p4",NA,51.5665,6.006,FALSE,87,"Greater White-fronted Goose","Anser albifrons","#52ddb0","avian","https://media.birdweather.com/species/87/GreaterWhite-frontedGoose-standard-86685d8ce62f64de6b45d96269dc94a7.jpg","https://media.birdweather.com/species/87/GreaterWhite-frontedGoose-thumbnail-ddd5332925bbf51792063ce23342b10c.jpg","https://media.birdweather.com/species/87/GreaterWhite-frontedGoose-png200-26a9e9e98afb143b06ce267e8869dc60.png","XfkFFwKCaIlomIimd/l7lXeSTMz3FWAC",17879182559,"https://media.birdweather.com/soundscapes/6891/6891-20261007-164652.flac",0,3,"birdnetpi"
11608128463,"1791391506-11608128463",6891,"2026-10-07T18:45:06.000+02:00",0.92,0.197665438055992,7.60492438003405,"almost_certain","2p4",NA,51.5644,6.0048,FALSE,84,"Marsh Tit","Poecile palustris","#f82b58","avian","https://media.birdweather.com/species/84/MarshTit-standard-178f6d798ca9ac090a26e71e2ed77d7e.jpg","https://media.birdweather.com/species/84/MarshTit-thumbnail-dd71d29956761582f3a61a5171d14e35.jpg","https://media.birdweather.com/species/84/MarshTit-png200-9d2884367472f82bb821174fc789e659.png","WikGDwBXl6yJh4hAurh4t1loBauIsIkL",17879128111,"https://media.birdweather.com/soundscapes/6891/6891-20261007-164506.flac",0,3,"birdnetpi"
11608011519,"1791391110-11608011519",6891,"2026-10-07T18:38:30.000+02:00",0.91,0.938396036624908,9.66346355646433,"almost_certain","2p4",NA,51.5682,6.0075,FALSE,6,"European Robin","Erithacus rubecula","#93d436","avian","https://media.birdweather.com/species/6/EuropeanRobin-standard-6802f21dc9c4b056c0c15b0a4ad01a9a.jpg","https://media.birdweather.com/species/6/EuropeanRobin-thumbnail-3afd51da2d7daf4db7f4ed43af30ed2d.jpg","https://media.birdweather.com/species/6/EuropeanRobin-png200-ac96bfc6bbb72a9e2528d5544937cebd.png","YxgKFwJnWYePd3iMd5h4Z4eHp6cMG8gA",17878926873,"https://media.birdweather.com/soundscapes/6891/6891-20261007-163830.flac",0,3,"birdnetpi"
11608000787,"1791391074-11608000787",6891,"2026-10-07T18:37:54.000+02:00",0.99,0.938396036624908,9.83229227384514,"almost_certain","2p4",NA,51.5691,6.0041,FALSE,6,"European Robin","Erithacus rubecula","#93d436","avian","https://media.birdweather.com/species/6/EuropeanRobin-standard-6802f21dc9c4b056c0c15b0a4ad01a9a.jpg","https://media.birdweather.com/species/6/EuropeanRobin-thumbnail-3afd51da2d7daf4db7f4ed43af30ed2d.jpg","https://media.birdweather.com/species/6/EuropeanRobin-png200-ac96bfc6bbb72a9e2528d5544937cebd.png","YxgKFwJnWYePd3iMd5h4Z4eHp6cMG8gA",17878908550,"https://media.birdweather.com/soundscapes/6891/6891-20261007-163754.flac",0,3,"birdnetpi"
11607985698,"1791391021-11607985698",6891,"2026-10-07T18:37:01.000+02:00",0.75,0.295793175697327,7.6960413920627,"almost_certain","2p4",NA,51.5667,6.0035,FALSE,2,"Short-toed Treecreeper","Certhia brachydactyla","#66dd57","avian","https://media.birdweather.com/species/2/Short-toedTreecreeper-standard-7bbb76fb215629d251262575c97eb338.jpg","https://media.birdweather.com/species/2/Short-toedTreecreeper-thumbnail-fab8f3fcc7962cfbf3bdbde5dc2a415d.jpg","https://media.birdweather.com/species/2/Short-toedTreecreeper-png200-9ed36805c2a6923b35a860f2814cdd8c.png","IRkGHwS/1aqJXad3ialWmph5+Yx4z3gI",17878882148,"https://media.birdweather.com/soundscapes/6891/6891-20261007-163701.flac",0,3,"birdnetpi"
11607980907,"1791391005-11607980907",6891,"2026-10-07T18:36:45.000+02:00",0.71,0.295793175697327,7.56850751246226,"almost_certain","2p4",NA,51.5658,6.005,FALSE,2,"Short-toed Treecreeper","Certhia brachydactyla","#66dd57","avian","https://media.birdweather.com/species/2/Short-toedTreecreeper-standard-7bbb76fb215629d251262575c97eb338.jpg","https://media.birdweather.com/species/2/Short-toedTreecreeper-thumbnail-fab8f3fcc7962cfbf3bdbde5dc2a415d.jpg","https://media.birdweather.com/species/2/Short-toedTreecreeper-png200-9ed36805c2a6923b35a860f2814cdd8c.png","IRkGHwS/1aqJXad3ialWmph5+Yx4z3gI",17878873689,"https://media.birdweather.com/soundscapes/6891/6891-20261007-163645.flac",0,3,"birdnetpi"
11607803809,"1791390424-11607803809",6891,"2026-10-07T18:27:04.000+02:00",0.81,0.99047464132309,9.49140443594294,"almost_certain","2p4",NA,51.5694,6.0045,FALSE,58,"Carrion Crow","Corvus corone","#01a85a","avian","https://media.birdweather.com/species/58/CarrionCrow-standard-ed24da07616d0cd7c5ef9cd2892ec869.jpg","https://media.birdweather.com/species/58/CarrionCrow-thumbnail-38cc6285bbd8f8340f32fa4dc3f58a69.jpg","https://media.birdweather.com/species/58/CarrionCrow-png200-5ec2904f61f6588853b296f54d8d0cb6.png","nggODwDDmZlqdoiPdLeIWIiYaK6A1gMK",17878572322,"https://media.birdweather.com/soundscapes/6891/6891-20261007-162704.flac",0,3,"birdnetpi"
11607782758,"1791390352-11607782758",6891,"2026-10-07T18:25:52.000+02:00",0.75,0.99047464132309,9.31993093009595,"almost_certain","2p4",NA,51.5679,6.008,FALSE,58,"Carrion Crow","Corvus corone","#01a85a","avian","https://media.birdweather.com/species/58/CarrionCrow-standard-ed24da07616d0cd7c5ef9cd2892ec869.jpg","https://media.birdweather.com/species/58/CarrionCrow-thumbnail-38cc6285bbd8f8340f32fa4dc3f58a69.jpg","https://media.birdweather.com/species/58/CarrionCrow-png200-5ec2904f61f6588853b296f54d8d0cb6.png","nggODwDDmZlqdoiPdLeIWIiYaK6A1gMK",17878536021,"https://media.birdweather.com/soundscapes/6891/6891-20261007-162552.flac",0,3,"birdnetpi"
11607776437,"1791390321-11607776437",6891,"2026-10-07T18:25:21.000+02:00",0.75,0.938396036624908,9.24669397353223,"almost_certain","2p4",NA,51.563,6.0094,FALSE,6,"European Robin","Erithacus rubecula","#93d436","avian","https://media.birdweather.com/species/6/EuropeanRobin-standard-6802f21dc9c4b056c0c15b0a4ad01a9a.jpg","https://media.birdweather.com/species/6/EuropeanRobin-thumbnail-3afd51da2d7daf4db7f4ed43af30ed2d.jpg","https://media.birdweather.com/species/6/EuropeanRobin-png200-ac96bfc6bbb72a9e2528d5544937cebd.png","YxgKFwJnWYePd3iMd5h4Z4eHp6cMG8gA",17878525353,"https://media.birdweather.com/soundscapes/6891/6891-20261007-162521.flac",0,3,"birdnetpi"
11607769415,"1791390298-11607769415",6891,"2026-10-07T18:24:58.000+02:00",0.7,0.99047464132309,9.1585681712467,"almost_certain","2p4",NA,51.562,6.0027,FALSE,58,"Carrion Crow","Corvus corone","#01a85a","avian","https://media.birdweather.com/species/58/CarrionCrow-standard-ed24da07616d0cd7c5ef9cd2892ec869.jpg","https://media.birdweather.com/species/58/CarrionCrow-thumbnail-38cc6285bbd8f8340f32fa4dc3f58a69.jpg","https://media.birdweather.com/species/58/CarrionCrow-png200-5ec2904f61f6588853b296f54d8d0cb6.png","nggODwDDmZlqdoiPdLeIWIiYaK6A1gMK",17878513518,"https://media.birdweather.com/soundscapes/6891/6891-20261007-162458.flac",0,3,"birdnetpi"
11607763116,"1791390276-11607763116",6891,"2026-10-07T18:24:36.000+02:00",0.86,0.99047464132309,9.61953513541776,"almost_certain","2p4",NA,51.5688,6.0009,FALSE,58,"Carrion Crow","Corvus corone","#01a85a","avian","https://media.birdweather.com/species/58/CarrionCrow-standard-ed24da07616d0cd7c5ef9cd2892ec869.jpg","https://media.birdweather.com/species/58/CarrionCrow-thumbnail-38cc6285bbd8f8340f32fa4dc3f58a69.jpg","https://media.birdweather.com/species/58/CarrionCrow-png200-5ec2904f61f6588853b296f54d8d0cb6.png","nggODwDDmZlqdoiPdLeIWIiYaK6A1gMK",17878502470,"https://media.birdweather.com/soundscapes/6891/6891-20261007-162436.flac",0,3,"birdnetpi"
11607404681,"1791389100-11607404681",6891,"2026-10-07T18:05:00.000+02:00",0.79,0.99047464132309,9.43659712752217,"almost_certain","2p4",NA,51.5654,6.0077,FALSE,58,"Carrion Crow","Corvus corone","#01a85a","avian","https://media.birdweather.com/species/58/CarrionCrow-standard-ed24da07616d0cd7c5ef9cd2892ec869.jpg","https://media.birdweather.com/species/58/CarrionCrow-thumbnail-38cc6285bbd8f8340f32fa4dc3f58a69.jpg","https://media.birdweather.com/species/58/CarrionCrow-png200-5ec2904f61f6588853b296f54d8d0cb6.png","nggODwDDmZlqdoiPdLeIWIiYaK6A1gMK",17877901373,"https://media.birdweather.com/soundscapes/6891/6891-20261007-160500.flac",0,3,"birdnetpi"
11607371803,"1791388992-11607371803",6891,"2026-10-07T18:03:12.000+02:00",0.98,0.295793175697327,8.26163933716862,"almost_certain","2p4",NA,51.5689,6.005,FALSE,2,"Short-toed Treecreeper","Certhia brachydactyla","#66dd57","avian","https://media.birdweather.com/species/2/Short-toedTreecreeper-standard-7bbb76fb215629d251262575c97eb338.jpg","https://media.birdweather.com/species/2/Short-toedTreecreeper-thumbnail-fab8f3fcc7962cfbf3bdbde5dc2a415d.jpg","https://media.birdweather.com/species/2/Short-toedTreecreeper-png200-9ed36805c2a6923b35a860f2814cdd8c.png","IRkGHwS/1aqJXad3ialWmph5+Yx4z3gI",17877846834,"https://media.birdweather.com/soundscapes/6891/6891-20261007-160312.flac",0,3,"birdnetpi"
11607321568,"1791388832-11607321568",6891,"2026-10-07T18:00:32.000+02:00",0.84,0.295793175697327,7.94582192487041,"almost_certain","2p4",NA,51.5632,6.0022,FALSE,2,"Short-toed Treecreeper","Certhia brachydactyla","#66dd57","avian","https://media.birdweather.com/species/2/Short-toedTreecreeper-standard-7bbb76fb215629d251262575c97eb338.jpg","https://media.birdweather.com/species/2/Short-toedTreecreeper-thumbnail-fab8f3fcc7962cfbf3bdbde5dc2a415d.jpg","https://media.birdweather.com/species/2/Short-toedTreecreeper-png200-9ed36805c2a6923b35a860f2814cdd8c.png","IRkGHwS/1aqJXad3ialWmph5+Yx4z3gI",17877765209,"https://media.birdweather.com/soundscapes/6891/6891-20261007-160032.flac",0,3,"birdnetpi"
11607274057,"1791388693-11607274057",6891,"2026-10-07T17:58:13.000+02:00",0.95,0.295793175697327,8.19982434083438,"almost_certain","2p4",NA,51.5687,6.0025,FALSE,2,"Short-toed Treecreeper","Certhia brachydactyla","#66dd57","avian","https://media.birdweather.com/species/2/Short-toedTreecreeper-standard-7bbb76fb215629d251262575c97eb338.jpg","https://media.birdweather.com/species/2/Short-toedTreecreeper-thumbnail-fab8f3fcc7962cfbf3bdbde5dc2a415d.jpg","https://media.birdweather.com/species/2/Short-toedTreecreeper-png200-9ed36805c2a6923b35a860f2814cdd8c.png","IRkGHwS/1aqJXad3ialWmph5+Yx4z3gI",17877690973,"https://media.birdweather.com/soundscapes/6891/6891-20261007-155813.flac",0,3,"birdnetpi"
11607259960,"1791388653-11607259960",6891,"2026-10-07T17:57:33.000+02:00",0.89,0.938677608966827,9.61819934402513,"almost_certain","2p4",NA,51.5648,6.0049,FALSE,11,"Great Tit","Parus major","#7a41c7","avian","https://media.birdweather.com/species/11/GreatTit-standard-0058e4dcd148acb2e0cb8a7b7c6ad3b2.jpg","https://media.birdweather.com/species/11/GreatTit-thumbnail-6910d0adae4550c5e6f2396322ee64c4.jpg","https://media.birdweather.com/species/11/GreatTit-png200-9f3394faf07d12f615112c10cb9d7f02.png","ImkCDwTFxox9pZloaIaeZLsJp9r1yG4P",17877668585,"https://media.birdweather.com/soundscapes/6891/6891-20261007-155733.flac",0,3,"birdnetpi"
11607217687,"1791388521-11607217687",6891,"2026-10-07T17:55:21.000+02:00",0.71,0.938677608966827,9.1195667772592,"almost_certain","2p4",NA,51.5704,6.0066,FALSE,11,"Great Tit","Parus major","#7a41c7","avian","https://media.birdweather.com/species/11/GreatTit-standard-0058e4dcd148acb2e0cb8a7b7c6ad3b2.jpg","https://media.birdweather.com/species/11/GreatTit-thumbnail-6910d0adae4550c5e6f2396322ee64c4.jpg","https://media.birdweather.com/species/11/GreatTit-png200-9f3394faf07d12f615112c10cb9d7f02.png","ImkCDwTFxox9pZloaIaeZLsJp9r1yG4P",17877600769,"https://media.birdweather.com/soundscapes/6891/6891-20261007-155521.flac",0,3,"birdnetpi"
11606822887,"1791387245-11606822887",6891,"2026-10-07T17:34:05.000+02:00",0.71,0.938677608966827,9.1195667772592,"almost_certain","2p4",NA,51.562,6.0053,FALSE,11,"Great Tit","Parus major","#7a41c7","avian","https://media.birdweather.com/species/11/GreatTit-standard-0058e4dcd148acb2e0cb8a7b7c6ad3b2.jpg","https://media.birdweather.com/species/11/GreatTit-thumbnail-6910d0adae4550c5e6f2396322ee64c4.jpg","https://media.birdweather.com/species/11/GreatTit-png200-9f3394faf07d12f615112c10cb9d7f02.png","ImkCDwTFxox9pZloaIaeZLsJp9r1yG4P",17876949623,"https://media.birdweather.com/soundscapes/6891/6891-20261007-153405.flac",0,3,"birdnetpi"
11606814660,"1791387219-11606814660",6891,"2026-10-07T17:33:39.000+02:00",0.7,0.454288482666016,8.10678667651439,"almost_certain","2p4",NA,51.5633,6.0077,FALSE,44,"Dunnock","Prunella modularis","#fea614","avian","https://media.birdweather.com/species/44/Dunnock-standard-a705d7131240cedd1c407b5a19989591.jpg","https://media.birdweather.com/species/44/Dunnock-thumbnail-1036624855b82c96db4ad23d1ed9d702.jpg","https://media.birdweather.com/species/44/Dunnock-png200-951bb2cdb9ec585716907d8eac83882e.png","lQgGDwB9pneQhHlwWjeK2ZK6d/kdFaUA",17876936298,"https://media.birdweather.com/soundscapes/6891/6891-20261007-153339.flac",0,3,"birdnetpi"
11606806217,"1791387202-11606806217",6891,"2026-10-07T17:33:22.000+02:00",0.99,0.454288482666016,8.85374773567655,"almost_certain","2p4",NA,51.5659,6.0072,FALSE,44,"Dunnock","Prunella modularis","#fea614","avian","https://media.birdweather.com/species/44/Dunnock-standard-a705d7131240cedd1c407b5a19989591.jpg","https://media.birdweather.com/species/44/Dunnock-thumbnail-1036624855b82c96db4ad23d1ed9d702.jpg","https://media.birdweather.com/species/44/Dunnock-png200-951bb2cdb9ec585716907d8eac83882e.png","lQgGDwB9pneQhHlwWjeK2ZK6d/kdFaUA",17876922492,"https://media.birdweather.com/soundscapes/6891/6891-20261007-153322.flac",0,3,"birdnetpi"
11606797378,"1791387167-11606797378",6891,"2026-10-07T17:32:47.000+02:00",0.99,0.454288482666016,8.85374773567655,"almost_certain","2p4",NA,51.5629,6.0012,FALSE,44,"Dunnock","Prunella modularis","#fea614","avian","https://media.birdweather.com/species/44/Dunnock-standard-a705d7131240cedd1c407b5a19989591.jpg","https://media.birdweather.com/species/44/Dunnock-thumbnail-1036624855b82c96db4ad23d1ed9d702.jpg","https://media.birdweather.com/species/44/Dunnock-png200-951bb2cdb9ec585716907d8eac83882e.png","lQgGDwB9pneQhHlwWjeK2ZK6d/kdFaUA",17876908217,"https://media.birdweather.com/soundscapes/6891/6891-20261007-153247.flac",0,3,"birdnetpi"
11606784197,"1791387130-11606784197",6891,"2026-10-07T17:32:10.000+02:00",0.88,0.454288482666016,8.6158287488269,"almost_certain","2p4",NA,51.5673,6.0052,FALSE,44,"Dunnock","Prunella modularis","#fea614","avian","https://media.birdweather.com/species/44/Dunnock-standard-a705d7131240cedd1c407b5a19989591.jpg","https://media.birdweather.com/species/44/Dunnock-thumbnail-1036624855b82c96db4ad23d1ed9d702.jpg","https://media.birdweather.com/species/44/Dunnock-png200-951bb2cdb9ec585716907d8eac83882e.png","lQgGDwB9pneQhHlwWjeK2ZK6d/kdFaUA",17876886899,"https://media.birdweather.com/soundscapes/6891/6891-20261007-153210.flac",0,3,"birdnetpi"
11606774879,"1791387093-11606774879",6891,"2026-10-07T17:31:33.000+02:00",0.97,0.454288482666016,8.81345071294393,"almost_certain","2p4",NA,51.5618,6.0076,FALSE,44,"Dunnock","Prunella modularis","#fea614","avian","https://media.birdweather.com/species/44/Dunnock-standard-a705d7131240cedd1c407b5a19989591.jpg","https://media.birdweather.com/species/44/Dunnock-thumbnail-1036624855b82c96db4ad23d1ed9d702.jpg","https://media.birdweather.com/species/44/Dunnock-png200-951bb2cdb9ec585716907d8eac83882e.png","lQgGDwB9pneQhHlwWjeK2ZK6d/kdFaUA",17876872093,"https://media.birdweather.com/soundscapes/6891/6891-20261007-153133.flac",0,3,"birdnetpi"
11606750491,"1791387016-11606750491",6891,"2026-10-07T17:30:16.000+02:00",0.97,0.0828576683998108,6.60852035783588,"almost_certain","2p4",NA,51.5696,6.0033,FALSE,87,"Greater White-fronted Goose","Anser albifrons","#52ddb0","avian","https://media.birdweather.com/species/87/GreaterWhite-frontedGoose-standard-86685d8ce62f64de6b45d96269dc94a7.jpg","https://media.birdweather.com/species/87/GreaterWhite-frontedGoose-thumbnail-ddd5332925bbf51792063ce23342b10c.jpg","https://media.birdweather.com/species/87/GreaterWhite-frontedGoose-png200-26a9e9e98afb143b06ce267e8869dc60.png","XfkFFwKCaIlomIimd/l7lXeSTMz3FWAC",17876832167,"https://media.birdweather.com/soundscapes/6891/6891-20261007-153016.flac",0,3,"birdnetpi"
11606568473,"1791386447-11606568473",6891,"2026-10-07T17:20:47.000+02:00",0.82,0.938396036624908,9.44477025700345,"almost_certain","2p4",NA,51.5617,6.0089,FALSE,6,"European Robin","Erithacus rubecula","#93d436","avian","https://media.birdweather.com/species/6/EuropeanRobin-standard-6802f21dc9c4b056c0c15b0a4ad01a9a.jpg","https://media.birdweather.com/species/6/EuropeanRobin-thumbnail-3afd51da2d7daf4db7f4ed43af30ed2d.jpg","https://media.birdweather.com/species/6/EuropeanRobin-png200-ac96bfc6bbb72a9e2528d5544937cebd.png","YxgKFwJnWYePd3iMd5h4Z4eHp6cMG8gA",17876541987,"https://media.birdweather.com/soundscapes/6891/6891-20261007-152047.flac",0,3,"birdnetpi"
11606560596,"1791386421-11606560596",6891,"2026-10-07T17:20:21.000+02:00",0.86,0.938396036624908,9.54629817885404,"almost_certain","2p4",NA,51.5647,6.006,FALSE,6,"European Robin","Erithacus rubecula","#93d436","avian","https://media.birdweather.com/species/6/EuropeanRobin-standard-6802f21dc9c4b056c0c15b0a4ad01a9a.jpg","https://media.birdweather.com/species/6/EuropeanRobin-thumbnail-3afd51da2d7daf4db7f4ed43af30ed2d.jpg","https://media.birdweather.com/species/6/EuropeanRobin-png200-ac96bfc6bbb72a9e2528d5544937cebd.png","YxgKFwJnWYePd3iMd5h4Z4eHp6cMG8gA",17876529732,"https://media.birdweather.com/soundscapes/6891/6891-20261007-152021.flac",0,3,"birdnetpi"
11606549853,"1791386388-11606549853",6891,"2026-10-07T17:19:48.000+02:00",0.87,0.938677608966827,9.57095328280763,"almost_certain","2p4",NA,51.5631,6.0017,FALSE,11,"Great Tit","Parus major","#7a41c7","avian","https://media.birdweather.com/species/11/GreatTit-standard-0058e4dcd148acb2e0cb8a7b7c6ad3b2.jpg","https://media.birdweather.com/species/11/GreatTit-thumbnail-6910d0adae4550c5e6f2396322ee64c4.jpg","https://media.birdweather.com/species/11/GreatTit-png200-9f3394faf07d12f615112c10cb9d7f02.png","ImkCDwTFxox9pZloaIaeZLsJp9r1yG4P",17876512460,"https://media.birdweather.com/soundscapes/6891/6891-20261007-151948.flac",0,3,"birdnetpi"
11606549833,"1791386386-11606549833",6891,"2026-10-07T17:19:46.000+02:00",0.78,0.295793175697327,7.78445916602117,"almost_certain","2p4",NA,51.5657,6.0025,FALSE,2,"Short-toed Treecreeper","Certhia brachydactyla","#66dd57","avian","https://media.birdweather.com/species/2/Short-toedTreecreeper-standard-7bbb76fb215629d251262575c97eb338.jpg","https://media.birdweather.com/species/2/Short-toedTreecreeper-thumbnail-fab8f3fcc7962cfbf3bdbde5dc2a415d.jpg","https://media.birdweather.com/species/2/Short-toedTreecreeper-png200-9ed36805c2a6923b35a860f2814cdd8c.png","IRkGHwS/1aqJXad3ialWmph5+Yx4z3gI",17876512437,"https://media.birdweather.com/soundscapes/6891/6891-20261007-151946.flac",0,3,"birdnetpi"
11606538754,"1791386352-11606538754",6891,"2026-10-07T17:19:12.000+02:00",0.84,0.938396036624908,9.49647450633995,"almost_certain","2p4",NA,51.5662,6.0063,FALSE,6,"European Robin","Erithacus rubecula","#93d436","avian","https://media.birdweather.com/species/6/EuropeanRobin-standard-6802f21dc9c4b056c0c15b0a4ad01a9a.jpg","https://media.birdweather.com/species/6/EuropeanRobin-thumbnail-3afd51da2d7daf4db7f4ed43af30ed2d.jpg","https://media.birdweather.com/species/6/EuropeanRobin-png200-ac96bfc6bbb72a9e2528d5544937cebd.png","YxgKFwJnWYePd3iMd5h4Z4eHp6cMG8gA",17876494587,"https://media.birdweather.com/soundscapes/6891/6891-20261007-151912.flac",0,3,"birdnetpi"
11606526008,"1791386318-11606526008",6891,"2026-10-07T17:18:38.000+02:00",0.82,0.938396036624908,9.44477025700345,"almost_certain","2p4",NA,51.5638,6.0047,FALSE,6,"European Robin","Erithacus rubecula","#93d436","avian","https://media.birdweather.com/species/6/EuropeanRobin-standard-6802f21dc9c4b056c0c15b0a4ad01a9a.jpg","https://media.birdweather.com/species/6/EuropeanRobin-thumbnail-3afd51da2d7daf4db7f4ed43af30ed2d.jpg","https://media.birdweather.com/species/6/EuropeanRobin-png200-ac96bfc6bbb72a9e2528d5544937cebd.png","YxgKFwJnWYePd3iMd5h4Z4eHp6cMG8gA",17876474549,"https://media.birdweather.com/soundscapes/6891/6891-20261007-151838.flac",0,3,"birdnetpi"
11606525700,"1791386312-11606525700",6891,"2026-10-07T17:18:32.000+02:00",0.71,0.295793175697327,7.56850751246226,"almost_certain","2p4",NA,51.5654,6.0009,FALSE,2,"Short-toed Treecreeper","Certhia brachydactyla","#66dd57","avian","https://media.birdweather.com/species/2/Short-toedTreecreeper-standard-7bbb76fb215629d251262575c97eb338.jpg","https://media.birdweather.com/species/2/Short-toedTreecreeper-thumbnail-fab8f3fcc7962cfbf3bdbde5dc2a415d.jpg","https://media.birdweather.com/species/2/Short-toedTreecreeper-png200-9ed36805c2a6923b35a860f2814cdd8c.png","IRkGHwS/1aqJXad3ialWmph5+Yx4z3gI",17876474147,"https://media.birdweather.com/soundscapes/6891/6891-20261007-151832.flac",0,3,"birdnetpi"
11606521955,"1791386301-11606521955",6891,"2026-10-07T17:18:21.000+02:00",0.92,0.938677608966827,9.68614715338607,"almost_certain","2p4",NA,51.5621,6.0015,FALSE,11,"Great Tit","Parus major","#7a41c7","avian","https://media.birdweather.com/species/11/GreatTit-standard-0058e4dcd148acb2e0cb8a7b7c6ad3b2.jpg","https://media.birdweather.com/species/11/GreatTit-thumbnail-6910d0adae4550c5e6f2396322ee64c4.jpg","https://media.birdweather.com/species/11/GreatTit-png200-9f3394faf07d12f615112c10cb9d7f02.png","ImkCDwTFxox9pZloaIaeZLsJp9r1yG4P",17876468167,"https://media.birdweather.com/soundscapes/6891/6891-20261007-151821.flac",0,3,"birdnetpi"
11606354095,"1791385785-11606354095",6891,"2026-10-07T17:09:45.000+02:00",0.75,0.844611883163452,9.1040430699845,"almost_certain","2p4",NA,51.5691,6.0052,FALSE,52,"Eurasian Magpie","Pica pica","#d9c845","avian","https://media.birdweather.com/species/52/EurasianMagpie-standard-918a15076b13e00f4b99a7d5416ca730.jpg","https://media.birdweather.com/species/52/EurasianMagpie-thumbnail-d9fbe854e7c8607465886068aaae11f9.jpg","https://media.birdweather.com/species/52/EurasianMagpie-png200-5c239aeda607c9e0851a39f804982091.png","FggGDwAf+FnWW5aUV4SFiZZ7ehr4bvIM",17876205641,"https://media.birdweather.com/soundscapes/6891/6891-20261007-150945.flac",0,3,"birdnetpi"
11606321303,"1791385682-11606321303",6891,"2026-10-07T17:08:02.000+02:00",0.78,0.938677608966827,9.33551843081811,"almost_certain","2p4",NA,51.5624,6.0026,FALSE,11,"Great Tit","Parus major","#7a41c7","avian","https://media.birdweather.com/species/11/GreatTit-standard-0058e4dcd148acb2e0cb8a7b7c6ad3b2.jpg","https://media.birdweather.com/species/11/GreatTit-thumbnail-6910d0adae4550c5e6f2396322ee64c4.jpg","https://media.birdweather.com/species/11/GreatTit-png200-9f3394faf07d12f615112c10cb9d7f02.png","ImkCDwTFxox9pZloaIaeZLsJp9r1yG4P",17876153099,"https://media.birdweather.com/soundscapes/6891/6891-20261007-150802.flac",0,3,"birdnetpi"
11606250979,"1791385467-11606250979",6891,"2026-10-07T17:04:27.000+02:00",0.87,0.938677608966827,9.57095328280763,"almost_certain","2p4",NA,51.5639,6.0054,FALSE,11,"Great Tit","Parus major","#7a41c7","avian","https://media.birdweather.com/species/11/GreatTit-standard-0058e4dcd148acb2e0cb8a7b7c6ad3b2.jpg","https://media.birdweather.com/species/11/GreatTit-thumbnail-6910d0adae4550c5e6f2396322ee64c4.jpg","https://media.birdweather.com/species/11/GreatTit-png200-9f3394faf07d12f615112c10cb9d7f02.png","ImkCDwTFxox9pZloaIaeZLsJp9r1yG4P",17876043336,"https://media.birdweather.com/soundscapes/6891/6891-20261007-150427.flac",0,3,"birdnetpi"
11604218878,"1791379455-11604218878",6891,"2026-10-07T15:24:15.000+02:00",1,0.454288482666016,8.87346030598592,"almost_certain","2p4",NA,51.5624,6.0081,FALSE,44,"Dunnock","Prunella modularis","#fea614","avian","https://media.birdweather.com/species/44/Dunnock-standard-a705d7131240cedd1c407b5a19989591.jpg","https://media.birdweather.com/species/44/Dunnock-thumbnail-1036624855b82c96db4ad23d1ed9d702.jpg","https://media.birdweather.com/species/44/Dunnock-png200-951bb2cdb9ec585716907d8eac83882e.png","lQgGDwB9pneQhHlwWjeK2ZK6d/kdFaUA",17872975381,"https://media.birdweather.com/soundscapes/6891/6891-20261007-132415.flac",0,3,"birdnetpi"
11603131033,"1791375984-11603131033",6891,"2026-10-07T14:26:24.000+02:00",0.93,0.928480803966522,9.6932625482761,"almost_certain","2p4",NA,51.5651,6.0086,FALSE,66,"Eurasian Blue Tit","Cyanistes caeruleus","#4b8900","avian","https://media.birdweather.com/species/66/EurasianBlueTit-standard-4ec8e45d78b2908d0f41ae495ae07571.jpg","https://media.birdweather.com/species/66/EurasianBlueTit-thumbnail-4d9abc54a3abc3fb12e78e603cbe6784.jpg","https://media.birdweather.com/species/66/EurasianBlueTit-png200-49adab92304ba7a74e93ac43e38e62d3.png","EfgJBwAKhHiEm2ZheGllqXeZhi/ze3EP",17871213252,"https://media.birdweather.com/soundscapes/6891/6891-20261007-122624.flac",0,3,"birdnetpi"
11602647314,"1791374435-11602647314",6891,"2026-10-07T14:00:35.000+02:00",0.83,0.454288482666016,8.49232174594471,"almost_certain","2p4",NA,51.57,6.0089,FALSE,44,"Dunnock","Prunella modularis","#fea614","avian","https://media.birdweather.com/species/44/Dunnock-standard-a705d7131240cedd1c407b5a19989591.jpg","https://media.birdweather.com/species/44/Dunnock-thumbnail-1036624855b82c96db4ad23d1ed9d702.jpg","https://media.birdweather.com/species/44/Dunnock-png200-951bb2cdb9ec585716907d8eac83882e.png","lQgGDwB9pneQhHlwWjeK2ZK6d/kdFaUA",17870431159,"https://media.birdweather.com/soundscapes/6891/6891-20261007-120035.flac",0,3,"birdnetpi"
11602641707,"1791374423-11602641707",6891,"2026-10-07T14:00:23.000+02:00",0.96,0.454288482666016,8.79284882095451,"almost_certain","2p4",NA,51.565,6.0049,FALSE,44,"Dunnock","Prunella modularis","#fea614","avian","https://media.birdweather.com/species/44/Dunnock-standard-a705d7131240cedd1c407b5a19989591.jpg","https://media.birdweather.com/species/44/Dunnock-thumbnail-1036624855b82c96db4ad23d1ed9d702.jpg","https://media.birdweather.com/species/44/Dunnock-png200-951bb2cdb9ec585716907d8eac83882e.png","lQgGDwB9pneQhHlwWjeK2ZK6d/kdFaUA",17870422083,"https://media.birdweather.com/soundscapes/6891/6891-20261007-120023.flac",0,3,"birdnetpi"
11601643705,"1791370796-11601643705",6891,"2026-10-07T12:59:56.000+02:00",0.7,0.928480803966522,9.07093282525579,"almost_certain","2p4",NA,51.563,6.0068,FALSE,66,"Eurasian Blue Tit","Cyanistes caeruleus","#4b8900","avian","https://media.birdweather.com/species/66/EurasianBlueTit-standard-4ec8e45d78b2908d0f41ae495ae07571.jpg","https://media.birdweather.com/species/66/EurasianBlueTit-thumbnail-4d9abc54a3abc3fb12e78e603cbe6784.jpg","https://media.birdweather.com/species/66/EurasianBlueTit-png200-49adab92304ba7a74e93ac43e38e62d3.png","EfgJBwAKhHiEm2ZheGllqXeZhi/ze3EP",17868601138,"https://media.birdweather.com/soundscapes/6891/6891-20261007-105956.flac",0,3,"birdnetpi"
11601637584,"1791370779-11601637584",6891,"2026-10-07T12:59:39.000+02:00",0.95,0.295793175697327,8.19982434083438,"almost_certain","2p4",NA,51.5628,6.0078,FALSE,2,"Short-toed Treecreeper","Certhia brachydactyla","#66dd57","avian","https://media.birdweather.com/species/2/Short-toedTreecreeper-standard-7bbb76fb215629d251262575c97eb338.jpg","https://media.birdweather.com/species/2/Short-toedTreecreeper-thumbnail-fab8f3fcc7962cfbf3bdbde5dc2a415d.jpg","https://media.birdweather.com/species/2/Short-toedTreecreeper-png200-9ed36805c2a6923b35a860f2814cdd8c.png","IRkGHwS/1aqJXad3ialWmph5+Yx4z3gI",17868587666,"https://media.birdweather.com/soundscapes/6891/6891-20261007-105939.flac",0,3,"birdnetpi"
11601617734,"1791370682-11601617734",6891,"2026-10-07T12:58:02.000+02:00",0.94,0.938396036624908,9.72923618674964,"almost_certain","2p4",NA,51.5676,6.0067,FALSE,6,"European Robin","Erithacus rubecula","#93d436","avian","https://media.birdweather.com/species/6/EuropeanRobin-standard-6802f21dc9c4b056c0c15b0a4ad01a9a.jpg","https://media.birdweather.com/species/6/EuropeanRobin-thumbnail-3afd51da2d7daf4db7f4ed43af30ed2d.jpg","https://media.birdweather.com/species/6/EuropeanRobin-png200-ac96bfc6bbb72a9e2528d5544937cebd.png","YxgKFwJnWYePd3iMd5h4Z4eHp6cMG8gA",17868544230,"https://media.birdweather.com/soundscapes/6891/6891-20261007-105802.flac",0,3,"birdnetpi"
11601613105,"1791370661-11601613105",6891,"2026-10-07T12:57:41.000+02:00",0.78,0.938396036624908,9.3351117474907,"almost_certain","2p4",NA,51.5626,6.0094,FALSE,6,"European Robin","Erithacus rubecula","#93d436","avian","https://media.birdweather.com/species/6/EuropeanRobin-standard-6802f21dc9c4b056c0c15b0a4ad01a9a.jpg","https://media.birdweather.com/species/6/EuropeanRobin-thumbnail-3afd51da2d7daf4db7f4ed43af30ed2d.jpg","https://media.birdweather.com/species/6/EuropeanRobin-png200-ac96bfc6bbb72a9e2528d5544937cebd.png","YxgKFwJnWYePd3iMd5h4Z4eHp6cMG8gA",17868533756,"https://media.birdweather.com/soundscapes/6891/6891-20261007-105741.flac",0,3,"birdnetpi"
11601609406,"1791370644-11601609406",6891,"2026-10-07T12:57:24.000+02:00",0.96,0.938396036624908,9.77139335912309,"almost_certain","2p4",NA,51.5626,6.0012,FALSE,6,"European Robin","Erithacus rubecula","#93d436","avian","https://media.birdweather.com/species/6/EuropeanRobin-standard-6802f21dc9c4b056c0c15b0a4ad01a9a.jpg","https://media.birdweather.com/species/6/EuropeanRobin-thumbnail-3afd51da2d7daf4db7f4ed43af30ed2d.jpg","https://media.birdweather.com/species/6/EuropeanRobin-png200-ac96bfc6bbb72a9e2528d5544937cebd.png","YxgKFwJnWYePd3iMd5h4Z4eHp6cMG8gA",17868525347,"https://media.birdweather.com/soundscapes/6891/6891-20261007-105724.flac",0,3,"birdnetpi"
11601599828,"1791370601-11601599828",6891,"2026-10-07T12:56:41.000+02:00",0.86,0.938396036624908,9.54629817885404,"almost_certain","2p4",NA,51.5617,6.0039,FALSE,6,"European Robin","Erithacus rubecula","#93d436","avian","https://media.birdweather.com/species/6/EuropeanRobin-standard-6802f21dc9c4b056c0c15b0a4ad01a9a.jpg","https://media.birdweather.com/species/6/EuropeanRobin-thumbnail-3afd51da2d7daf4db7f4ed43af30ed2d.jpg","https://media.birdweather.com/species/6/EuropeanRobin-png200-ac96bfc6bbb72a9e2528d5544937cebd.png","YxgKFwJnWYePd3iMd5h4Z4eHp6cMG8gA",17868503924,"https://media.birdweather.com/soundscapes/6891/6891-20261007-105641.flac",0,3,"birdnetpi"
11601381381,"1791369519-11601381381",6891,"2026-10-07T12:38:39.000+02:00",0.84,0.0828576683998108,6.31299961306331,"almost_certain","2p4",NA,51.5678,6.0044,FALSE,87,"Greater White-fronted Goose","Anser albifrons","#52ddb0","avian","https://media.birdweather.com/species/87/GreaterWhite-frontedGoose-standard-86685d8ce62f64de6b45d96269dc94a7.jpg","https://media.birdweather.com/species/87/GreaterWhite-frontedGoose-thumbnail-ddd5332925bbf51792063ce23342b10c.jpg","https://media.birdweather.com/species/87/GreaterWhite-frontedGoose-png200-26a9e9e98afb143b06ce267e8869dc60.png","XfkFFwKCaIlomIimd/l7lXeSTMz3FWAC",17867966436,"https://media.birdweather.com/soundscapes/6891/6891-20261007-103839.flac",0,3,"birdnetpi"
11601231716,"1791368612-11601231716",6891,"2026-10-07T12:23:32.000+02:00",0.7,0.928480803966522,9.07093282525579,"almost_certain","2p4",NA,51.5682,6.0085,FALSE,66,"Eurasian Blue Tit","Cyanistes caeruleus","#4b8900","avian","https://media.birdweather.com/species/66/EurasianBlueTit-standard-4ec8e45d78b2908d0f41ae495ae07571.jpg","https://media.birdweather.com/species/66/EurasianBlueTit-thumbnail-4d9abc54a3abc3fb12e78e603cbe6784.jpg","https://media.birdweather.com/species/66/EurasianBlueTit-png200-49adab92304ba7a74e93ac43e38e62d3.png","EfgJBwAKhHiEm2ZheGllqXeZhi/ze3EP",17867518473,"https://media.birdweather.com/soundscapes/6891/6891-20261007-102332.flac",0,3,"birdnetpi"
11601197949,"1791368376-11601197949",6891,"2026-10-07T12:19:36.000+02:00",0.9,0.619479060173035,9.07928337934094,"almost_certain","2p4",NA,51.5631,6.0034,FALSE,1,"House Sparrow","Passer domesticus","#d16ff8","avian","https://media.birdweather.com/species/1/HouseSparrow-standard-b861184cf45c092cdb45fd689dd676ef.jpg","https://media.birdweather.com/species/1/HouseSparrow-thumbnail-e9cbc91763a1579de8ef04880678b5e3.jpg","https://media.birdweather.com/species/1/HouseSparrow-png200-125e8603e1efe9d7a18316b94f06a65e.png","XAgCDwD8qpukuHiqtLZ9mImnmPFcDO4E",17867402095,"https://media.birdweather.com/soundscapes/6891/6891-20261007-101936.flac",0,3,"birdnetpi"
11601177536,"1791368228-11601177536",6891,"2026-10-07T12:17:08.000+02:00",0.91,0.619479060173035,9.1019285230141,"almost_certain","2p4",NA,51.5634,6.0026,FALSE,1,"House Sparrow","Passer domesticus","#d16ff8","avian","https://media.birdweather.com/species/1/HouseSparrow-standard-b861184cf45c092cdb45fd689dd676ef.jpg","https://media.birdweather.com/species/1/HouseSparrow-thumbnail-e9cbc91763a1579de8ef04880678b5e3.jpg","https://media.birdweather.com/species/1/HouseSparrow-png200-125e8603e1efe9d7a18316b94f06a65e.png","XAgCDwD8qpukuHiqtLZ9mImnmPFcDO4E",17867329173,"https://media.birdweather.com/soundscapes/6891/6891-20261007-101708.flac",0,3,"birdnetpi"
11601173305,"1791368196-11601173305",6891,"2026-10-07T12:16:36.000+02:00",0.76,0.619479060173035,8.71527004228672,"almost_certain","2p4",NA,51.5682,6.0082,FALSE,1,"House Sparrow","Passer domesticus","#d16ff8","avian","https://media.birdweather.com/species/1/HouseSparrow-standard-b861184cf45c092cdb45fd689dd676ef.jpg","https://media.birdweather.com/species/1/HouseSparrow-thumbnail-e9cbc91763a1579de8ef04880678b5e3.jpg","https://media.birdweather.com/species/1/HouseSparrow-png200-125e8603e1efe9d7a18316b94f06a65e.png","XAgCDwD8qpukuHiqtLZ9mImnmPFcDO4E",17867314112,"https://media.birdweather.com/soundscapes/6891/6891-20261007-101636.flac",0,3,"birdnetpi"
11601150784,"1791368036-11601150784",6891,"2026-10-07T12:13:56.000+02:00",0.87,0.619479060173035,9.00901156603,"almost_certain","2p4",NA,51.5633,6.0059,FALSE,1,"House Sparrow","Passer domesticus","#d16ff8","avian","https://media.birdweather.com/species/1/HouseSparrow-standard-b861184cf45c092cdb45fd689dd676ef.jpg","https://media.birdweather.com/species/1/HouseSparrow-thumbnail-e9cbc91763a1579de8ef04880678b5e3.jpg","https://media.birdweather.com/species/1/HouseSparrow-png200-125e8603e1efe9d7a18316b94f06a65e.png","XAgCDwD8qpukuHiqtLZ9mImnmPFcDO4E",17867233900,"https://media.birdweather.com/soundscapes/6891/6891-20261007-101356.flac",0,3,"birdnetpi"
11601136916,"1791367943-11601136916",6891,"2026-10-07T12:12:23.000+02:00",0.95,0.619479060173035,9.18894188885369,"almost_certain","2p4",NA,51.5687,6.0031,FALSE,1,"House Sparrow","Passer domesticus","#d16ff8","avian","https://media.birdweather.com/species/1/HouseSparrow-standard-b861184cf45c092cdb45fd689dd676ef.jpg","https://media.birdweather.com/species/1/HouseSparrow-thumbnail-e9cbc91763a1579de8ef04880678b5e3.jpg","https://media.birdweather.com/species/1/HouseSparrow-png200-125e8603e1efe9d7a18316b94f06a65e.png","XAgCDwD8qpukuHiqtLZ9mImnmPFcDO4E",17867184638,"https://media.birdweather.com/soundscapes/6891/6891-20261007-101223.flac",0,3,"birdnetpi"
11601122936,"1791367832-11601122936",6891,"2026-10-07T12:10:32.000+02:00",0.77,0.938396036624908,9.30626857688967,"almost_certain","2p4",NA,51.5694,6.0039,FALSE,6,"European Robin","Erithacus rubecula","#93d436","avian","https://media.birdweather.com/species/6/EuropeanRobin-standard-6802f21dc9c4b056c0c15b0a4ad01a9a.jpg","https://media.birdweather.com/species/6/EuropeanRobin-thumbnail-3afd51da2d7daf4db7f4ed43af30ed2d.jpg","https://media.birdweather.com/species/6/EuropeanRobin-png200-ac96bfc6bbb72a9e2528d5544937cebd.png","YxgKFwJnWYePd3iMd5h4Z4eHp6cMG8gA",17867134330,"https://media.birdweather.com/soundscapes/6891/6891-20261007-101032.flac",0,3,"birdnetpi"
11601115985,"1791367781-11601115985",6891,"2026-10-07T12:09:41.000+02:00",0.7,0.938396036624908,9.08533121468298,"almost_certain","2p4",NA,51.5654,6.0093,FALSE,6,"European Robin","Erithacus rubecula","#93d436","avian","https://media.birdweather.com/species/6/EuropeanRobin-standard-6802f21dc9c4b056c0c15b0a4ad01a9a.jpg","https://media.birdweather.com/species/6/EuropeanRobin-thumbnail-3afd51da2d7daf4db7f4ed43af30ed2d.jpg","https://media.birdweather.com/species/6/EuropeanRobin-png200-ac96bfc6bbb72a9e2528d5544937cebd.png","YxgKFwJnWYePd3iMd5h4Z4eHp6cMG8gA",17867109353,"https://media.birdweather.com/soundscapes/6891/6891-20261007-100941.flac",0,3,"birdnetpi"
11601095395,"1791367629-11601095395",6891,"2026-10-07T12:07:09.000+02:00",0.72,0.619479060173035,8.59063870614488,"almost_certain","2p4",NA,51.5682,6.0051,FALSE,1,"House Sparrow","Passer domesticus","#d16ff8","avian","https://media.birdweather.com/species/1/HouseSparrow-standard-b861184cf45c092cdb45fd689dd676ef.jpg","https://media.birdweather.com/species/1/HouseSparrow-thumbnail-e9cbc91763a1579de8ef04880678b5e3.jpg","https://media.birdweather.com/species/1/HouseSparrow-png200-125e8603e1efe9d7a18316b94f06a65e.png","XAgCDwD8qpukuHiqtLZ9mImnmPFcDO4E",17867035046,"https://media.birdweather.com/soundscapes/6891/6891-20261007-100709.flac",0,3,"birdnetpi"
11601086009,"1791367563-11601086009",6891,"2026-10-07T12:06:03.000+02:00",0.82,0.619479060173035,8.88323522355322,"almost_certain","2p4",NA,51.5641,6.0079,FALSE,1,"House Sparrow","Passer domesticus","#d16ff8","avian","https://media.birdweather.com/species/1/HouseSparrow-standard-b861184cf45c092cdb45fd689dd676ef.jpg","https://media.birdweather.com/species/1/HouseSparrow-thumbnail-e9cbc91763a1579de8ef04880678b5e3.jpg","https://media.birdweather.com/species/1/HouseSparrow-png200-125e8603e1efe9d7a18316b94f06a65e.png","XAgCDwD8qpukuHiqtLZ9mImnmPFcDO4E",17867002192,"https://media.birdweather.com/soundscapes/6891/6891-20261007-100603.flac",0,3,"birdnetpi"
11601078275,"1791367508-11601078275",6891,"2026-10-07T12:05:08.000+02:00",0.94,0.619479060173035,9.16770115329941,"almost_certain","2p4",NA,51.5642,6.0049,FALSE,1,"House Sparrow","Passer domesticus","#d16ff8","avian","https://media.birdweather.com/species/1/HouseSparrow-standard-b861184cf45c092cdb45fd689dd676ef.jpg","https://media.birdweather.com/species/1/HouseSparrow-thumbnail-e9cbc91763a1579de8ef04880678b5e3.jpg","https://media.birdweather.com/species/1/HouseSparrow-png200-125e8603e1efe9d7a18316b94f06a65e.png","XAgCDwD8qpukuHiqtLZ9mImnmPFcDO4E",17866973303,"https://media.birdweather.com/soundscapes/6891/6891-20261007-100508.flac",0,3,"birdnetpi"
11601074773,"1791367488-11601074773",6891,"2026-10-07T12:04:48.000+02:00",0.96,0.619479060173035,9.20985832567287,"almost_certain","2p4",NA,51.5669,6.0051,FALSE,1,"House Sparrow","Passer domesticus","#d16ff8","avian","https://media.birdweather.com/species/1/HouseSparrow-standard-b861184cf45c092cdb45fd689dd676ef.jpg","https://media.birdweather.com/species/1/HouseSparrow-thumbnail-e9cbc91763a1579de8ef04880678b5e3.jpg","https://media.birdweather.com/species/1/HouseSparrow-png200-125e8603e1efe9d7a18316b94f06a65e.png","XAgCDwD8qpukuHiqtLZ9mImnmPFcDO4E",17866960634,"https://media.birdweather.com/soundscapes/6891/6891-20261007-100448.flac",0,3,"birdnetpi"
11601059089,"1791367364-11601059089",6891,"2026-10-07T12:02:44.000+02:00",0.87,0.116879537701607,6.81474493607724,"almost_certain","2p4",NA,51.5638,6.0036,FALSE,232,"Green Sandpiper","Tringa ochropus","#b27aa1","avian","https://media.birdweather.com/species/232/GreenSandpiper-standard-b34cf866a9e791dedc8295d5cd1029db.jpg","https://media.birdweather.com/species/232/GreenSandpiper-thumbnail-3cdf5e1b050dd0e0e32364120ba6b347.jpg","https://media.birdweather.com/species/232/GreenSandpiper-png200-e4b8d8bf418be90c12e3e9a544b19754.png","XggKDwKZd4h9eIePhrd4eIiGigsWmHAF",17866904610,"https://media.birdweather.com/soundscapes/6891/6891-20261007-100244.flac",0,3,"birdnetpi"
11601041860,"1791367251-11601041860",6891,"2026-10-07T12:00:51.000+02:00",0.97,0.619479060173035,9.23046021766229,"almost_certain","2p4",NA,51.5617,6.009,FALSE,1,"House Sparrow","Passer domesticus","#d16ff8","avian","https://media.birdweather.com/species/1/HouseSparrow-standard-b861184cf45c092cdb45fd689dd676ef.jpg","https://media.birdweather.com/species/1/HouseSparrow-thumbnail-e9cbc91763a1579de8ef04880678b5e3.jpg","https://media.birdweather.com/species/1/HouseSparrow-png200-125e8603e1efe9d7a18316b94f06a65e.png","XAgCDwD8qpukuHiqtLZ9mImnmPFcDO4E",17866843589,"https://media.birdweather.com/soundscapes/6891/6891-20261007-100051.flac",0,3,"birdnetpi"
11601038250,"1791367221-11601038250",6891,"2026-10-07T12:00:21.000+02:00",0.99,0.619479060173035,9.27075724039491,"almost_certain","2p4",NA,51.5649,6.0011,FALSE,1,"House Sparrow","Passer domesticus","#d16ff8","avian","https://media.birdweather.com/species/1/HouseSparrow-standard-b861184cf45c092cdb45fd689dd676ef.jpg","https://media.birdweather.com/species/1/HouseSparrow-thumbnail-e9cbc91763a1579de8ef04880678b5e3.jpg","https://media.birdweather.com/species/1/HouseSparrow-png200-125e8603e1efe9d7a18316b94f06a65e.png","XAgCDwD8qpukuHiqtLZ9mImnmPFcDO4E",17866830846,"https://media.birdweather.com/soundscapes/6891/6891-20261007-100021.flac",0,3,"birdnetpi"
11601036035,"1791367205-11601036035",6891,"2026-10-07T12:00:05.000+02:00",0.99,0.619479060173035,9.27075724039491,"almost_certain","2p4",NA,51.5656,6.0072,FALSE,1,"House Sparrow","Passer domesticus","#d16ff8","avian","https://media.birdweather.com/species/1/HouseSparrow-standard-b861184cf45c092cdb45fd689dd676ef.jpg","https://media.birdweather.com/species/1/HouseSparrow-thumbnail-e9cbc91763a1579de8ef04880678b5e3.jpg","https://media.birdweather.com/species/1/HouseSparrow-png200-125e8603e1efe9d7a18316b94f06a65e.png","XAgCDwD8qpukuHiqtLZ9mImnmPFcDO4E",17866822971,"https://media.birdweather.com/soundscapes/6891/6891-20261007-100005.flac",0,3,"birdnetpi"
11601032955,"1791367187-11601032955",6891,"2026-10-07T11:59:47.000+02:00",0.87,0.938396036624908,9.57054659948023,"almost_certain","2p4",NA,51.5656,6.0069,FALSE,6,"European Robin","Erithacus rubecula","#93d436","avian","https://media.birdweather.com/species/6/EuropeanRobin-standard-6802f21dc9c4b056c0c15b0a4ad01a9a.jpg","https://media.birdweather.com/species/6/EuropeanRobin-thumbnail-3afd51da2d7daf4db7f4ed43af30ed2d.jpg","https://media.birdweather.com/species/6/EuropeanRobin-png200-ac96bfc6bbb72a9e2528d5544937cebd.png","YxgKFwJnWYePd3iMd5h4Z4eHp6cMG8gA",17866811650,"https://media.birdweather.com/soundscapes/6891/6891-20261007-095947.flac",0,3,"birdnetpi"
11601032394,"1791367172-11601032394",6891,"2026-10-07T11:59:32.000+02:00",0.97,0.619479060173035,9.23046021766229,"almost_certain","2p4",NA,51.5675,6.0072,FALSE,1,"House Sparrow","Passer domesticus","#d16ff8","avian","https://media.birdweather.com/species/1/HouseSparrow-standard-b861184cf45c092cdb45fd689dd676ef.jpg","https://media.birdweather.com/species/1/HouseSparrow-thumbnail-e9cbc91763a1579de8ef04880678b5e3.jpg","https://media.birdweather.com/species/1/HouseSparrow-png200-125e8603e1efe9d7a18316b94f06a65e.png","XAgCDwD8qpukuHiqtLZ9mImnmPFcDO4E",17866809739,"https://media.birdweather.com/soundscapes/6891/6891-20261007-095932.flac",0,3,"birdnetpi"
11601029731,"1791367161-11601029731",6891,"2026-10-07T11:59:21.000+02:00",0.98,0.619479060173035,9.25075688518793,"almost_certain","2p4",NA,51.5656,6.0032,FALSE,1,"House Sparrow","Passer domesticus","#d16ff8","avian","https://media.birdweather.com/species/1/HouseSparrow-standard-b861184cf45c092cdb45fd689dd676ef.jpg","https://media.birdweather.com/species/1/HouseSparrow-thumbnail-e9cbc91763a1579de8ef04880678b5e3.jpg","https://media.birdweather.com/species/1/HouseSparrow-png200-125e8603e1efe9d7a18316b94f06a65e.png","XAgCDwD8qpukuHiqtLZ9mImnmPFcDO4E",17866800378,"https://media.birdweather.com/soundscapes/6891/6891-20261007-095921.flac",0,3,"birdnetpi"
11601023593,"1791367116-11601023593",6891,"2026-10-07T11:58:36.000+02:00",0.79,0.619479060173035,8.80182513750822,"almost_certain","2p4",NA,51.5633,6.0032,FALSE,1,"House Sparrow","Passer domesticus","#d16ff8","avian","https://media.birdweather.com/species/1/HouseSparrow-standard-b861184cf45c092cdb45fd689dd676ef.jpg","https://media.birdweather.com/species/1/HouseSparrow-thumbnail-e9cbc91763a1579de8ef04880678b5e3.jpg","https://media.birdweather.com/species/1/HouseSparrow-png200-125e8603e1efe9d7a18316b94f06a65e.png","XAgCDwD8qpukuHiqtLZ9mImnmPFcDO4E",17866779224,"https://media.birdweather.com/soundscapes/6891/6891-20261007-095836.flac",0,3,"birdnetpi"
11601014626,"1791367046-11601014626",6891,"2026-10-07T11:57:26.000+02:00",0.75,0.619479060173035,8.685158940082,"almost_certain","2p4",NA,51.5663,6.0056,FALSE,1,"House Sparrow","Passer domesticus","#d16ff8","avian","https://media.birdweather.com/species/1/HouseSparrow-standard-b861184cf45c092cdb45fd689dd676ef.jpg","https://media.birdweather.com/species/1/HouseSparrow-thumbnail-e9cbc91763a1579de8ef04880678b5e3.jpg","https://media.birdweather.com/species/1/HouseSparrow-png200-125e8603e1efe9d7a18316b94f06a65e.png","XAgCDwD8qpukuHiqtLZ9mImnmPFcDO4E",17866748218,"https://media.birdweather.com/soundscapes/6891/6891-20261007-095726.flac",0,3,"birdnetpi"
11601011568,"1791367023-11601011568",6891,"2026-10-07T11:57:03.000+02:00",0.7,0.619479060173035,8.52379618123275,"almost_certain","2p4",NA,51.5702,6.0034,FALSE,1,"House Sparrow","Passer domesticus","#d16ff8","avian","https://media.birdweather.com/species/1/HouseSparrow-standard-b861184cf45c092cdb45fd689dd676ef.jpg","https://media.birdweather.com/species/1/HouseSparrow-thumbnail-e9cbc91763a1579de8ef04880678b5e3.jpg","https://media.birdweather.com/species/1/HouseSparrow-png200-125e8603e1efe9d7a18316b94f06a65e.png","XAgCDwD8qpukuHiqtLZ9mImnmPFcDO4E",17866737443,"https://media.birdweather.com/soundscapes/6891/6891-20261007-095703.flac",0,3,"birdnetpi"
11601009178,"1791367007-11601009178",6891,"2026-10-07T11:56:47.000+02:00",0.9,0.619479060173035,9.07928337934094,"almost_certain","2p4",NA,51.5637,6.0076,FALSE,1,"House Sparrow","Passer domesticus","#d16ff8","avian","https://media.birdweather.com/species/1/HouseSparrow-standard-b861184cf45c092cdb45fd689dd676ef.jpg","https://media.birdweather.com/species/1/HouseSparrow-thumbnail-e9cbc91763a1579de8ef04880678b5e3.jpg","https://media.birdweather.com/species/1/HouseSparrow-png200-125e8603e1efe9d7a18316b94f06a65e.png","XAgCDwD8qpukuHiqtLZ9mImnmPFcDO4E",17866729082,"https://media.birdweather.com/soundscapes/6891/6891-20261007-095647.flac",0,3,"birdnetpi"
11601006640,"1791366992-11601006640",6891,"2026-10-07T11:56:32.000+02:00",0.91,0.619479060173035,9.1019285230141,"almost_certain","2p4",NA,51.5672,6.006,FALSE,1,"House Sparrow","Passer domesticus","#d16ff8","avian","https://media.birdweather.com/species/1/HouseSparrow-standard-b861184cf45c092cdb45fd689dd676ef.jpg","https://media.birdweather.com/species/1/HouseSparrow-thumbnail-e9cbc91763a1579de8ef04880678b5e3.jpg","https://media.birdweather.com/species/1/HouseSparrow-png200-125e8603e1efe9d7a18316b94f06a65e.png","XAgCDwD8qpukuHiqtLZ9mImnmPFcDO4E",17866720212,"https://media.birdweather.com/soundscapes/6891/6891-20261007-095632.flac",0,3,"birdnetpi"
11601004422,"1791366975-11601004422",6891,"2026-10-07T11:56:15.000+02:00",0.83,0.619479060173035,8.90933125066307,"almost_certain","2p4",NA,51.567,6.0027,FALSE,1,"House Sparrow","Passer domesticus","#d16ff8","avian","https://media.birdweather.com/species/1/HouseSparrow-standard-b861184cf45c092cdb45fd689dd676ef.jpg","https://media.birdweather.com/species/1/HouseSparrow-thumbnail-e9cbc91763a1579de8ef04880678b5e3.jpg","https://media.birdweather.com/species/1/HouseSparrow-png200-125e8603e1efe9d7a18316b94f06a65e.png","XAgCDwD8qpukuHiqtLZ9mImnmPFcDO4E",17866712925,"https://media.birdweather.com/soundscapes/6891/6891-20261007-095615.flac",0,3,"birdnetpi"
11600970024,"1791366737-11600970024",6891,"2026-10-07T11:52:17.000+02:00",0.9,0.619479060173035,9.07928337934094,"almost_certain","2p4",NA,51.57,6.0025,FALSE,1,"House Sparrow","Passer domesticus","#d16ff8","avian","https://media.birdweather.com/species/1/HouseSparrow-standard-b861184cf45c092cdb45fd689dd676ef.jpg","https://media.birdweather.com/species/1/HouseSparrow-thumbnail-e9cbc91763a1579de8ef04880678b5e3.jpg","https://media.birdweather.com/species/1/HouseSparrow-png200-125e8603e1efe9d7a18316b94f06a65e.png","XAgCDwD8qpukuHiqtLZ9mImnmPFcDO4E",17866591589,"https://media.birdweather.com/soundscapes/6891/6891-20261007-095217.flac",0,3,"birdnetpi"
11600967592,"1791366716-11600967592",6891,"2026-10-07T11:51:56.000+02:00",0.79,0.619479060173035,8.80182513750822,"almost_certain","2p4",NA,51.5617,6.0091,FALSE,1,"House Sparrow","Passer domesticus","#d16ff8","avian","https://media.birdweather.com/species/1/HouseSparrow-standard-b861184cf45c092cdb45fd689dd676ef.jpg","https://media.birdweather.com/species/1/HouseSparrow-thumbnail-e9cbc91763a1579de8ef04880678b5e3.jpg","https://media.birdweather.com/species/1/HouseSparrow-png200-125e8603e1efe9d7a18316b94f06a65e.png","XAgCDwD8qpukuHiqtLZ9mImnmPFcDO4E",17866583178,"https://media.birdweather.com/soundscapes/6891/6891-20261007-095156.flac",0,3,"birdnetpi"
11600965018,"1791366693-11600965018",6891,"2026-10-07T11:51:33.000+02:00",0.97,0.619479060173035,9.23046021766229,"almost_certain","2p4",NA,51.5621,6.0094,FALSE,1,"House Sparrow","Passer domesticus","#d16ff8","avian","https://media.birdweather.com/species/1/HouseSparrow-standard-b861184cf45c092cdb45fd689dd676ef.jpg","https://media.birdweather.com/species/1/HouseSparrow-thumbnail-e9cbc91763a1579de8ef04880678b5e3.jpg","https://media.birdweather.com/species/1/HouseSparrow-png200-125e8603e1efe9d7a18316b94f06a65e.png","XAgCDwD8qpukuHiqtLZ9mImnmPFcDO4E",17866574381,"https://media.birdweather.com/soundscapes/6891/6891-20261007-095133.flac",0,3,"birdnetpi"
11600960735,"1791366669-11600960735",6891,"2026-10-07T11:51:09.000+02:00",0.89,0.619479060173035,9.0562576272475,"almost_certain","2p4",NA,51.5663,6.0075,FALSE,1,"House Sparrow","Passer domesticus","#d16ff8","avian","https://media.birdweather.com/species/1/HouseSparrow-standard-b861184cf45c092cdb45fd689dd676ef.jpg","https://media.birdweather.com/species/1/HouseSparrow-thumbnail-e9cbc91763a1579de8ef04880678b5e3.jpg","https://media.birdweather.com/species/1/HouseSparrow-png200-125e8603e1efe9d7a18316b94f06a65e.png","XAgCDwD8qpukuHiqtLZ9mImnmPFcDO4E",17866559072,"https://media.birdweather.com/soundscapes/6891/6891-20261007-095109.flac",0,3,"birdnetpi"
11600959218,"1791366651-11600959218",6891,"2026-10-07T11:50:51.000+02:00",0.76,0.295793175697327,7.72615249426742,"almost_certain","2p4",NA,51.5616,6.0094,FALSE,2,"Short-toed Treecreeper","Certhia brachydactyla","#66dd57","avian","https://media.birdweather.com/species/2/Short-toedTreecreeper-standard-7bbb76fb215629d251262575c97eb338.jpg","https://media.birdweather.com/species/2/Short-toedTreecreeper-thumbnail-fab8f3fcc7962cfbf3bdbde5dc2a415d.jpg","https://media.birdweather.com/species/2/Short-toedTreecreeper-png200-9ed36805c2a6923b35a860f2814cdd8c.png","IRkGHwS/1aqJXad3ialWmph5+Yx4z3gI",17866553682,"https://media.birdweather.com/soundscapes/6891/6891-20261007-095051.flac",0,3,"birdnetpi"
11600958019,"1791366641-11600958019",6891,"2026-10-07T11:50:41.000+02:00",0.88,0.619479060173035,9.03283825354526,"almost_certain","2p4",NA,51.5643,6.0037,FALSE,1,"House Sparrow","Passer domesticus","#d16ff8","avian","https://media.birdweather.com/species/1/HouseSparrow-standard-b861184cf45c092cdb45fd689dd676ef.jpg","https://media.birdweather.com/species/1/HouseSparrow-thumbnail-e9cbc91763a1579de8ef04880678b5e3.jpg","https://media.birdweather.com/species/1/HouseSparrow-png200-125e8603e1efe9d7a18316b94f06a65e.png","XAgCDwD8qpukuHiqtLZ9mImnmPFcDO4E",17866549281,"https://media.birdweather.com/soundscapes/6891/6891-20261007-095041.flac",0,3,"birdnetpi"
11600949639,"1791366584-11600949639",6891,"2026-10-07T11:49:44.000+02:00",0.92,0.619479060173035,9.12420543660844,"almost_certain","2p4",NA,51.5677,6.0018,FALSE,1,"House Sparrow","Passer domesticus","#d16ff8","avian","https://media.birdweather.com/species/1/HouseSparrow-standard-b861184cf45c092cdb45fd689dd676ef.jpg","https://media.birdweather.com/species/1/HouseSparrow-thumbnail-e9cbc91763a1579de8ef04880678b5e3.jpg","https://media.birdweather.com/species/1/HouseSparrow-png200-125e8603e1efe9d7a18316b94f06a65e.png","XAgCDwD8qpukuHiqtLZ9mImnmPFcDO4E",17866520670,"https://media.birdweather.com/soundscapes/6891/6891-20261007-094944.flac",0,3,"birdnetpi"
11600945488,"1791366564-11600945488",6891,"2026-10-07T11:49:24.000+02:00",0.95,0.619479060173035,9.18894188885369,"almost_certain","2p4",NA,51.5689,6.0016,FALSE,1,"House Sparrow","Passer domesticus","#d16ff8","avian","https://media.birdweather.com/species/1/HouseSparrow-standard-b861184cf45c092cdb45fd689dd676ef.jpg","https://media.birdweather.com/species/1/HouseSparrow-thumbnail-e9cbc91763a1579de8ef04880678b5e3.jpg","https://media.birdweather.com/species/1/HouseSparrow-png200-125e8603e1efe9d7a18316b94f06a65e.png","XAgCDwD8qpukuHiqtLZ9mImnmPFcDO4E",17866506358,"https://media.birdweather.com/soundscapes/6891/6891-20261007-094924.flac",0,3,"birdnetpi"
11600942904,"1791366536-11600942904",6891,"2026-10-07T11:48:56.000+02:00",0.93,0.619479060173035,9.14612590425306,"almost_certain","2p4",NA,51.5699,6.0058,FALSE,1,"House Sparrow","Passer domesticus","#d16ff8","avian","https://media.birdweather.com/species/1/HouseSparrow-standard-b861184cf45c092cdb45fd689dd676ef.jpg","https://media.birdweather.com/species/1/HouseSparrow-thumbnail-e9cbc91763a1579de8ef04880678b5e3.jpg","https://media.birdweather.com/species/1/HouseSparrow-png200-125e8603e1efe9d7a18316b94f06a65e.png","XAgCDwD8qpukuHiqtLZ9mImnmPFcDO4E",17866497541,"https://media.birdweather.com/soundscapes/6891/6891-20261007-094856.flac",0,3,"birdnetpi"
11600939861,"1791366524-11600939861",6891,"2026-10-07T11:48:44.000+02:00",0.82,0.619479060173035,8.88323522355322,"almost_certain","2p4",NA,51.5698,6.0081,FALSE,1,"House Sparrow","Passer domesticus","#d16ff8","avian","https://media.birdweather.com/species/1/HouseSparrow-standard-b861184cf45c092cdb45fd689dd676ef.jpg","https://media.birdweather.com/species/1/HouseSparrow-thumbnail-e9cbc91763a1579de8ef04880678b5e3.jpg","https://media.birdweather.com/species/1/HouseSparrow-png200-125e8603e1efe9d7a18316b94f06a65e.png","XAgCDwD8qpukuHiqtLZ9mImnmPFcDO4E",17866487148,"https://media.birdweather.com/soundscapes/6891/6891-20261007-094844.flac",0,3,"birdnetpi"
11600935501,"1791366485-11600935501",6891,"2026-10-07T11:48:05.000+02:00",0.88,0.619479060173035,9.03283825354526,"almost_certain","2p4",NA,51.5678,6.0018,FALSE,1,"House Sparrow","Passer domesticus","#d16ff8","avian","https://media.birdweather.com/species/1/HouseSparrow-standard-b861184cf45c092cdb45fd689dd676ef.jpg","https://media.birdweather.com/species/1/HouseSparrow-thumbnail-e9cbc91763a1579de8ef04880678b5e3.jpg","https://media.birdweather.com/species/1/HouseSparrow-png200-125e8603e1efe9d7a18316b94f06a65e.png","XAgCDwD8qpukuHiqtLZ9mImnmPFcDO4E",17866472435,"https://media.birdweather.com/soundscapes/6891/6891-20261007-094805.flac",0,3,"birdnetpi"
11600933337,"1791366476-11600933337",6891,"2026-10-07T11:47:56.000+02:00",0.75,0.619479060173035,8.685158940082,"almost_certain","2p4",NA,51.5638,6.008,FALSE,1,"House Sparrow","Passer domesticus","#d16ff8","avian","https://media.birdweather.com/species/1/HouseSparrow-standard-b861184cf45c092cdb45fd689dd676ef.jpg","https://media.birdweather.com/species/1/HouseSparrow-thumbnail-e9cbc91763a1579de8ef04880678b5e3.jpg","https://media.birdweather.com/species/1/HouseSparrow-png200-125e8603e1efe9d7a18316b94f06a65e.png","XAgCDwD8qpukuHiqtLZ9mImnmPFcDO4E",17866465139,"https://media.birdweather.com/soundscapes/6891/6891-20261007-094756.flac",0,3,"birdnetpi"
11600887798,"1791366146-11600887798",6891,"2026-10-07T11:42:26.000+02:00",0.82,0.619479060173035,8.88323522355322,"almost_certain","2p4",NA,51.5691,6.002,FALSE,1,"House Sparrow","Passer domesticus","#d16ff8","avian","https://media.birdweather.com/species/1/HouseSparrow-standard-b861184cf45c092cdb45fd689dd676ef.jpg","https://media.birdweather.com/species/1/HouseSparrow-thumbnail-e9cbc91763a1579de8ef04880678b5e3.jpg","https://media.birdweather.com/species/1/HouseSparrow-png200-125e8603e1efe9d7a18316b94f06a65e.png","XAgCDwD8qpukuHiqtLZ9mImnmPFcDO4E",17866305485,"https://media.birdweather.com/soundscapes/6891/6891-20261007-094226.flac",0,3,"birdnetpi"
11600883012,"1791366111-11600883012",6891,"2026-10-07T11:41:51.000+02:00",0.79,0.619479060173035,8.80182513750822,"almost_certain","2p4",NA,51.57,6.0069,FALSE,1,"House Sparrow","Passer domesticus","#d16ff8","avian","https://media.birdweather.com/species/1/HouseSparrow-standard-b861184cf45c092cdb45fd689dd676ef.jpg","https://media.birdweather.com/species/1/HouseSparrow-thumbnail-e9cbc91763a1579de8ef04880678b5e3.jpg","https://media.birdweather.com/species/1/HouseSparrow-png200-125e8603e1efe9d7a18316b94f06a65e.png","XAgCDwD8qpukuHiqtLZ9mImnmPFcDO4E",17866288807,"https://media.birdweather.com/soundscapes/6891/6891-20261007-094151.flac",0,3,"birdnetpi"
11600864066,"1791365976-11600864066",6891,"2026-10-07T11:39:36.000+02:00",0.83,0.619479060173035,8.90933125066307,"almost_certain","2p4",NA,51.5628,6.005,FALSE,1,"House Sparrow","Passer domesticus","#d16ff8","avian","https://media.birdweather.com/species/1/HouseSparrow-standard-b861184cf45c092cdb45fd689dd676ef.jpg","https://media.birdweather.com/species/1/HouseSparrow-thumbnail-e9cbc91763a1579de8ef04880678b5e3.jpg","https://media.birdweather.com/species/1/HouseSparrow-png200-125e8603e1efe9d7a18316b94f06a65e.png","XAgCDwD8qpukuHiqtLZ9mImnmPFcDO4E",17866222253,"https://media.birdweather.com/soundscapes/6891/6891-20261007-093936.flac",0,3,"birdnetpi"
11600859120,"1791365940-11600859120",6891,"2026-10-07T11:39:00.000+02:00",0.81,0.619479060173035,8.85663244592899,"almost_certain","2p4",NA,51.5647,6.0025,FALSE,1,"House Sparrow","Passer domesticus","#d16ff8","avian","https://media.birdweather.com/species/1/HouseSparrow-standard-b861184cf45c092cdb45fd689dd676ef.jpg","https://media.birdweather.com/species/1/HouseSparrow-thumbnail-e9cbc91763a1579de8ef04880678b5e3.jpg","https://media.birdweather.com/species/1/HouseSparrow-png200-125e8603e1efe9d7a18316b94f06a65e.png","XAgCDwD8qpukuHiqtLZ9mImnmPFcDO4E",17866204544,"https://media.birdweather.com/soundscapes/6891/6891-20261007-093900.flac",0,3,"birdnetpi"
11600855261,"1791365919-11600855261",6891,"2026-10-07T11:38:39.000+02:00",0.94,0.619479060173035,9.16770115329941,"almost_certain","2p4",NA,51.5632,6.0018,FALSE,1,"House Sparrow","Passer domesticus","#d16ff8","avian","https://media.birdweather.com/species/1/HouseSparrow-standard-b861184cf45c092cdb45fd689dd676ef.jpg","https://media.birdweather.com/species/1/HouseSparrow-thumbnail-e9cbc91763a1579de8ef04880678b5e3.jpg","https://media.birdweather.com/species/1/HouseSparrow-png200-125e8603e1efe9d7a18316b94f06a65e.png","XAgCDwD8qpukuHiqtLZ9mImnmPFcDO4E",17866191253,"https://media.birdweather.com/soundscapes/6891/6891-20261007-093839.flac",0,3,"birdnetpi"
11600851630,"1791365897-11600851630",6891,"2026-10-07T11:38:17.000+02:00",0.86,0.619479060173035,8.98476314540382,"almost_certain","2p4",NA,51.5657,6.0008,FALSE,1,"House Sparrow","Passer domesticus","#d16ff8","avian","https://media.birdweather.com/species/1/HouseSparrow-standard-b861184cf45c092cdb45fd689dd676ef.jpg","https://media.birdweather.com/species/1/HouseSparrow-thumbnail-e9cbc91763a1579de8ef04880678b5e3.jpg","https://media.birdweather.com/species/1/HouseSparrow-png200-125e8603e1efe9d7a18316b94f06a65e.png","XAgCDwD8qpukuHiqtLZ9mImnmPFcDO4E",17866178392,"https://media.birdweather.com/soundscapes/6891/6891-20261007-093817.flac",0,3,"birdnetpi"
11600848051,"1791365871-11600848051",6891,"2026-10-07T11:37:51.000+02:00",0.98,0.619479060173035,9.25075688518793,"almost_certain","2p4",NA,51.5663,6.0054,FALSE,1,"House Sparrow","Passer domesticus","#d16ff8","avian","https://media.birdweather.com/species/1/HouseSparrow-standard-b861184cf45c092cdb45fd689dd676ef.jpg","https://media.birdweather.com/species/1/HouseSparrow-thumbnail-e9cbc91763a1579de8ef04880678b5e3.jpg","https://media.birdweather.com/species/1/HouseSparrow-png200-125e8603e1efe9d7a18316b94f06a65e.png","XAgCDwD8qpukuHiqtLZ9mImnmPFcDO4E",17866165149,"https://media.birdweather.com/soundscapes/6891/6891-20261007-093751.flac",0,3,"birdnetpi"
11600844246,"1791365840-11600844246",6891,"2026-10-07T11:37:20.000+02:00",0.87,0.619479060173035,9.00901156603,"almost_certain","2p4",NA,51.5689,6.0037,FALSE,1,"House Sparrow","Passer domesticus","#d16ff8","avian","https://media.birdweather.com/species/1/HouseSparrow-standard-b861184cf45c092cdb45fd689dd676ef.jpg","https://media.birdweather.com/species/1/HouseSparrow-thumbnail-e9cbc91763a1579de8ef04880678b5e3.jpg","https://media.birdweather.com/species/1/HouseSparrow-png200-125e8603e1efe9d7a18316b94f06a65e.png","XAgCDwD8qpukuHiqtLZ9mImnmPFcDO4E",17866151851,"https://media.birdweather.com/soundscapes/6891/6891-20261007-093720.flac",0,3,"birdnetpi"
11600842042,"1791365817-11600842042",6891,"2026-10-07T11:36:57.000+02:00",0.86,0.619479060173035,8.98476314540382,"almost_certain","2p4",NA,51.5626,6.0073,FALSE,1,"House Sparrow","Passer domesticus","#d16ff8","avian","https://media.birdweather.com/species/1/HouseSparrow-standard-b861184cf45c092cdb45fd689dd676ef.jpg","https://media.birdweather.com/species/1/HouseSparrow-thumbnail-e9cbc91763a1579de8ef04880678b5e3.jpg","https://media.birdweather.com/species/1/HouseSparrow-png200-125e8603e1efe9d7a18316b94f06a65e.png","XAgCDwD8qpukuHiqtLZ9mImnmPFcDO4E",17866143985,"https://media.birdweather.com/soundscapes/6891/6891-20261007-093657.flac",0,3,"birdnetpi"
11600837861,"1791365791-11600837861",6891,"2026-10-07T11:36:31.000+02:00",0.89,0.619479060173035,9.0562576272475,"almost_certain","2p4",NA,51.5649,6.0072,FALSE,1,"House Sparrow","Passer domesticus","#d16ff8","avian","https://media.birdweather.com/species/1/HouseSparrow-standard-b861184cf45c092cdb45fd689dd676ef.jpg","https://media.birdweather.com/species/1/HouseSparrow-thumbnail-e9cbc91763a1579de8ef04880678b5e3.jpg","https://media.birdweather.com/species/1/HouseSparrow-png200-125e8603e1efe9d7a18316b94f06a65e.png","XAgCDwD8qpukuHiqtLZ9mImnmPFcDO4E",17866129698,"https://media.birdweather.com/soundscapes/6891/6891-20261007-093631.flac",0,3,"birdnetpi"
11600834208,"1791365769-11600834208",6891,"2026-10-07T11:36:09.000+02:00",0.74,0.619479060173035,8.65437112756468,"almost_certain","2p4",NA,51.5659,6.0056,FALSE,1,"House Sparrow","Passer domesticus","#d16ff8","avian","https://media.birdweather.com/species/1/HouseSparrow-standard-b861184cf45c092cdb45fd689dd676ef.jpg","https://media.birdweather.com/species/1/HouseSparrow-thumbnail-e9cbc91763a1579de8ef04880678b5e3.jpg","https://media.birdweather.com/species/1/HouseSparrow-png200-125e8603e1efe9d7a18316b94f06a65e.png","XAgCDwD8qpukuHiqtLZ9mImnmPFcDO4E",17866116944,"https://media.birdweather.com/soundscapes/6891/6891-20261007-093609.flac",0,3,"birdnetpi"
11600831859,"1791365747-11600831859",6891,"2026-10-07T11:35:47.000+02:00",0.9,0.619479060173035,9.07928337934094,"almost_certain","2p4",NA,51.5634,6.0015,FALSE,1,"House Sparrow","Passer domesticus","#d16ff8","avian","https://media.birdweather.com/species/1/HouseSparrow-standard-b861184cf45c092cdb45fd689dd676ef.jpg","https://media.birdweather.com/species/1/HouseSparrow-thumbnail-e9cbc91763a1579de8ef04880678b5e3.jpg","https://media.birdweather.com/species/1/HouseSparrow-png200-125e8603e1efe9d7a18316b94f06a65e.png","XAgCDwD8qpukuHiqtLZ9mImnmPFcDO4E",17866109073,"https://media.birdweather.com/soundscapes/6891/6891-20261007-093547.flac",0,3,"birdnetpi"
11600829040,"1791365727-11600829040",6891,"2026-10-07T11:35:27.000+02:00",0.88,0.619479060173035,9.03283825354526,"almost_certain","2p4",NA,51.5654,6.0038,FALSE,1,"House Sparrow","Passer domesticus","#d16ff8","avian","https://media.birdweather.com/species/1/HouseSparrow-standard-b861184cf45c092cdb45fd689dd676ef.jpg","https://media.birdweather.com/species/1/HouseSparrow-thumbnail-e9cbc91763a1579de8ef04880678b5e3.jpg","https://media.birdweather.com/species/1/HouseSparrow-png200-125e8603e1efe9d7a18316b94f06a65e.png","XAgCDwD8qpukuHiqtLZ9mImnmPFcDO4E",17866099298,"https://media.birdweather.com/soundscapes/6891/6891-20261007-093527.flac",0,3,"birdnetpi"
11600758228,"1791365231-11600758228",6891,"2026-10-07T11:27:11.000+02:00",0.78,0.619479060173035,8.77357671404047,"almost_certain","2p4",NA,51.5636,6.0066,FALSE,1,"House Sparrow","Passer domesticus","#d16ff8","avian","https://media.birdweather.com/species/1/HouseSparrow-standard-b861184cf45c092cdb45fd689dd676ef.jpg","https://media.birdweather.com/species/1/HouseSparrow-thumbnail-e9cbc91763a1579de8ef04880678b5e3.jpg","https://media.birdweather.com/species/1/HouseSparrow-png200-125e8603e1efe9d7a18316b94f06a65e.png","XAgCDwD8qpukuHiqtLZ9mImnmPFcDO4E",17865855188,"https://media.birdweather.com/soundscapes/6891/6891-20261007-092711.flac",0,3,"birdnetpi"
11600749062,"1791365168-11600749062",6891,"2026-10-07T11:26:08.000+02:00",0.83,0.619479060173035,8.90933125066307,"almost_certain","2p4",NA,51.5647,6.0071,FALSE,1,"House Sparrow","Passer domesticus","#d16ff8","avian","https://media.birdweather.com/species/1/HouseSparrow-standard-b861184cf45c092cdb45fd689dd676ef.jpg","https://media.birdweather.com/species/1/HouseSparrow-thumbnail-e9cbc91763a1579de8ef04880678b5e3.jpg","https://media.birdweather.com/species/1/HouseSparrow-png200-125e8603e1efe9d7a18316b94f06a65e.png","XAgCDwD8qpukuHiqtLZ9mImnmPFcDO4E",17865824320,"https://media.birdweather.com/soundscapes/6891/6891-20261007-092608.flac",0,3,"birdnetpi"
11600738663,"1791365108-11600738663",6891,"2026-10-07T11:25:08.000+02:00",0.9,0.619479060173035,9.07928337934094,"almost_certain","2p4",NA,51.5682,6.0008,FALSE,1,"House Sparrow","Passer domesticus","#d16ff8","avian","https://media.birdweather.com/species/1/HouseSparrow-standard-b861184cf45c092cdb45fd689dd676ef.jpg","https://media.birdweather.com/species/1/HouseSparrow-thumbnail-e9cbc91763a1579de8ef04880678b5e3.jpg","https://media.birdweather.com/species/1/HouseSparrow-png200-125e8603e1efe9d7a18316b94f06a65e.png","XAgCDwD8qpukuHiqtLZ9mImnmPFcDO4E",17865790293,"https://media.birdweather.com/soundscapes/6891/6891-20261007-092508.flac",0,3,"birdnetpi"
11600727372,"1791365022-11600727372",6891,"2026-10-07T11:23:42.000+02:00",0.76,0.0926948115229607,6.23128058083104,"almost_certain","2p4",NA,51.5644,6.0034,FALSE,143,"Eurasian Oystercatcher","Haematopus ostralegus","#ca8600","avian","https://media.birdweather.com/species/143/EurasianOystercatcher-standard-de054f6108c9ec46b2430e18a3a05899.jpg","https://media.birdweather.com/species/143/EurasianOystercatcher-thumbnail-30dda908d192acf9a6ba366e2d58599a.jpg","https://media.birdweather.com/species/143/EurasianOystercatcher-png200-eaade4c821880831fc0130856cf4cad3.png","3vcRFwKHd4mAiHeCdth4eIeIhYD5CocK",17865753032,"https://media.birdweather.com/soundscapes/6891/6891-20261007-092342.flac",0,3,"birdnetpi"
11600706629,"1791364887-11600706629",6891,"2026-10-07T11:21:27.000+02:00",0.7,0.619479060173035,8.52379618123275,"almost_certain","2p4",NA,51.5683,6.008,FALSE,1,"House Sparrow","Passer domesticus","#d16ff8","avian","https://media.birdweather.com/species/1/HouseSparrow-standard-b861184cf45c092cdb45fd689dd676ef.jpg","https://media.birdweather.com/species/1/HouseSparrow-thumbnail-e9cbc91763a1579de8ef04880678b5e3.jpg","https://media.birdweather.com/species/1/HouseSparrow-png200-125e8603e1efe9d7a18316b94f06a65e.png","XAgCDwD8qpukuHiqtLZ9mImnmPFcDO4E",17865685661,"https://media.birdweather.com/soundscapes/6891/6891-20261007-092127.flac",0,3,"birdnetpi"
11600703798,"1791364872-11600703798",6891,"2026-10-07T11:21:12.000+02:00",0.76,0.619479060173035,8.71527004228672,"almost_certain","2p4",NA,51.5636,6.0056,FALSE,1,"House Sparrow","Passer domesticus","#d16ff8","avian","https://media.birdweather.com/species/1/HouseSparrow-standard-b861184cf45c092cdb45fd689dd676ef.jpg","https://media.birdweather.com/species/1/HouseSparrow-thumbnail-e9cbc91763a1579de8ef04880678b5e3.jpg","https://media.birdweather.com/species/1/HouseSparrow-png200-125e8603e1efe9d7a18316b94f06a65e.png","XAgCDwD8qpukuHiqtLZ9mImnmPFcDO4E",17865676470,"https://media.birdweather.com/soundscapes/6891/6891-20261007-092112.flac",0,3,"birdnetpi"
11600501025,"1791363551-11600501025",6891,"2026-10-07T10:59:11.000+02:00",0.83,0.938396036624908,9.4708662841133,"almost_certain","2p4",NA,51.5622,6.0036,FALSE,6,"European Robin","Erithacus rubecula","#93d436","avian","https://media.birdweather.com/species/6/EuropeanRobin-standard-6802f21dc9c4b056c0c15b0a4ad01a9a.jpg","https://media.birdweather.com/species/6/EuropeanRobin-thumbnail-3afd51da2d7daf4db7f4ed43af30ed2d.jpg","https://media.birdweather.com/species/6/EuropeanRobin-png200-ac96bfc6bbb72a9e2528d5544937cebd.png","YxgKFwJnWYePd3iMd5h4Z4eHp6cMG8gA",17865029348,"https://media.birdweather.com/soundscapes/6891/6891-20261007-085911.flac",0,3,"birdnetpi"
11600470078,"1791363360-11600470078",6891,"2026-10-07T10:56:00.000+02:00",0.72,0.938396036624908,9.1521737395951,"almost_certain","2p4",NA,51.5674,6.0087,FALSE,6,"European Robin","Erithacus rubecula","#93d436","avian","https://media.birdweather.com/species/6/EuropeanRobin-standard-6802f21dc9c4b056c0c15b0a4ad01a9a.jpg","https://media.birdweather.com/species/6/EuropeanRobin-thumbnail-3afd51da2d7daf4db7f4ed43af30ed2d.jpg","https://media.birdweather.com/species/6/EuropeanRobin-png200-ac96bfc6bbb72a9e2528d5544937cebd.png","YxgKFwJnWYePd3iMd5h4Z4eHp6cMG8gA",17864935640,"https://media.birdweather.com/soundscapes/6891/6891-20261007-085600.flac",0,3,"birdnetpi"
11600442266,"1791363187-11600442266",6891,"2026-10-07T10:53:07.000+02:00",0.7,0.619479060173035,8.52379618123275,"almost_certain","2p4",NA,51.5632,6.0075,FALSE,1,"House Sparrow","Passer domesticus","#d16ff8","avian","https://media.birdweather.com/species/1/HouseSparrow-standard-b861184cf45c092cdb45fd689dd676ef.jpg","https://media.birdweather.com/species/1/HouseSparrow-thumbnail-e9cbc91763a1579de8ef04880678b5e3.jpg","https://media.birdweather.com/species/1/HouseSparrow-png200-125e8603e1efe9d7a18316b94f06a65e.png","XAgCDwD8qpukuHiqtLZ9mImnmPFcDO4E",17864849787,"https://media.birdweather.com/soundscapes/6891/6891-20261007-085307.flac",0,3,"birdnetpi"
11600406425,"1791362963-11600406425",6891,"2026-10-07T10:49:23.000+02:00",0.82,0.454288482666016,8.46622571883486,"almost_certain","2p4",NA,51.5675,6.0088,FALSE,44,"Dunnock","Prunella modularis","#fea614","avian","https://media.birdweather.com/species/44/Dunnock-standard-a705d7131240cedd1c407b5a19989591.jpg","https://media.birdweather.com/species/44/Dunnock-thumbnail-1036624855b82c96db4ad23d1ed9d702.jpg","https://media.birdweather.com/species/44/Dunnock-png200-951bb2cdb9ec585716907d8eac83882e.png","lQgGDwB9pneQhHlwWjeK2ZK6d/kdFaUA",17864739256,"https://media.birdweather.com/soundscapes/6891/6891-20261007-084923.flac",0,3,"birdnetpi"
11600403388,"1791362945-11600403388",6891,"2026-10-07T10:49:05.000+02:00",0.92,0.454288482666016,8.70719593189008,"almost_certain","2p4",NA,51.5672,6.002,FALSE,44,"Dunnock","Prunella modularis","#fea614","avian","https://media.birdweather.com/species/44/Dunnock-standard-a705d7131240cedd1c407b5a19989591.jpg","https://media.birdweather.com/species/44/Dunnock-thumbnail-1036624855b82c96db4ad23d1ed9d702.jpg","https://media.birdweather.com/species/44/Dunnock-png200-951bb2cdb9ec585716907d8eac83882e.png","lQgGDwB9pneQhHlwWjeK2ZK6d/kdFaUA",17864729960,"https://media.birdweather.com/soundscapes/6891/6891-20261007-084905.flac",0,3,"birdnetpi"
11600370318,"1791362742-11600370318",6891,"2026-10-07T10:45:42.000+02:00",0.94,0.938677608966827,9.72964287007705,"almost_certain","2p4",NA,51.5679,6.0054,FALSE,11,"Great Tit","Parus major","#7a41c7","avian","https://media.birdweather.com/species/11/GreatTit-standard-0058e4dcd148acb2e0cb8a7b7c6ad3b2.jpg","https://media.birdweather.com/species/11/GreatTit-thumbnail-6910d0adae4550c5e6f2396322ee64c4.jpg","https://media.birdweather.com/species/11/GreatTit-png200-9f3394faf07d12f615112c10cb9d7f02.png","ImkCDwTFxox9pZloaIaeZLsJp9r1yG4P",17864630632,"https://media.birdweather.com/soundscapes/6891/6891-20261007-084542.flac",0,3,"birdnetpi"
11600366887,"1791362724-11600366887",6891,"2026-10-07T10:45:24.000+02:00",0.99,0.938677608966827,9.83269895717254,"almost_certain","2p4",NA,51.5662,6.002,FALSE,11,"Great Tit","Parus major","#7a41c7","avian","https://media.birdweather.com/species/11/GreatTit-standard-0058e4dcd148acb2e0cb8a7b7c6ad3b2.jpg","https://media.birdweather.com/species/11/GreatTit-thumbnail-6910d0adae4550c5e6f2396322ee64c4.jpg","https://media.birdweather.com/species/11/GreatTit-png200-9f3394faf07d12f615112c10cb9d7f02.png","ImkCDwTFxox9pZloaIaeZLsJp9r1yG4P",17864620205,"https://media.birdweather.com/soundscapes/6891/6891-20261007-084524.flac",0,3,"birdnetpi"
11600358104,"1791362674-11600358104",6891,"2026-10-07T10:44:34.000+02:00",0.76,0.938677608966827,9.27721175906436,"almost_certain","2p4",NA,51.5687,6.0087,FALSE,11,"Great Tit","Parus major","#7a41c7","avian","https://media.birdweather.com/species/11/GreatTit-standard-0058e4dcd148acb2e0cb8a7b7c6ad3b2.jpg","https://media.birdweather.com/species/11/GreatTit-thumbnail-6910d0adae4550c5e6f2396322ee64c4.jpg","https://media.birdweather.com/species/11/GreatTit-png200-9f3394faf07d12f615112c10cb9d7f02.png","ImkCDwTFxox9pZloaIaeZLsJp9r1yG4P",17864593552,"https://media.birdweather.com/soundscapes/6891/6891-20261007-084434.flac",0,3,"birdnetpi"
11600352761,"1791362648-11600352761",6891,"2026-10-07T10:44:08.000+02:00",0.93,0.938396036624908,9.70766093770329,"almost_certain","2p4",NA,51.5636,6.0013,FALSE,6,"European Robin","Erithacus rubecula","#93d436","avian","https://media.birdweather.com/species/6/EuropeanRobin-standard-6802f21dc9c4b056c0c15b0a4ad01a9a.jpg","https://media.birdweather.com/species/6/EuropeanRobin-thumbnail-3afd51da2d7daf4db7f4ed43af30ed2d.jpg","https://media.birdweather.com/species/6/EuropeanRobin-png200-ac96bfc6bbb72a9e2528d5544937cebd.png","YxgKFwJnWYePd3iMd5h4Z4eHp6cMG8gA",17864577681,"https://media.birdweather.com/soundscapes/6891/6891-20261007-084408.flac",0,3,"birdnetpi"
11600350277,"1791362621-11600350277",6891,"2026-10-07T10:43:41.000+02:00",0.7,0.938396036624908,9.08533121468298,"almost_certain","2p4",NA,51.5666,6.0022,FALSE,6,"European Robin","Erithacus rubecula","#93d436","avian","https://media.birdweather.com/species/6/EuropeanRobin-standard-6802f21dc9c4b056c0c15b0a4ad01a9a.jpg","https://media.birdweather.com/species/6/EuropeanRobin-thumbnail-3afd51da2d7daf4db7f4ed43af30ed2d.jpg","https://media.birdweather.com/species/6/EuropeanRobin-png200-ac96bfc6bbb72a9e2528d5544937cebd.png","YxgKFwJnWYePd3iMd5h4Z4eHp6cMG8gA",17864570289,"https://media.birdweather.com/soundscapes/6891/6891-20261007-084341.flac",0,3,"birdnetpi"
11600346162,"1791362597-11600346162",6891,"2026-10-07T10:43:17.000+02:00",0.7,0.938396036624908,9.08533121468298,"almost_certain","2p4",NA,51.5685,6.0016,FALSE,6,"European Robin","Erithacus rubecula","#93d436","avian","https://media.birdweather.com/species/6/EuropeanRobin-standard-6802f21dc9c4b056c0c15b0a4ad01a9a.jpg","https://media.birdweather.com/species/6/EuropeanRobin-thumbnail-3afd51da2d7daf4db7f4ed43af30ed2d.jpg","https://media.birdweather.com/species/6/EuropeanRobin-png200-ac96bfc6bbb72a9e2528d5544937cebd.png","YxgKFwJnWYePd3iMd5h4Z4eHp6cMG8gA",17864558397,"https://media.birdweather.com/soundscapes/6891/6891-20261007-084317.flac",0,3,"birdnetpi"
11600344712,"1791362588-11600344712",6891,"2026-10-07T10:43:08.000+02:00",0.79,0.938677608966827,9.36376685428586,"almost_certain","2p4",NA,51.5671,6.0038,FALSE,11,"Great Tit","Parus major","#7a41c7","avian","https://media.birdweather.com/species/11/GreatTit-standard-0058e4dcd148acb2e0cb8a7b7c6ad3b2.jpg","https://media.birdweather.com/species/11/GreatTit-thumbnail-6910d0adae4550c5e6f2396322ee64c4.jpg","https://media.birdweather.com/species/11/GreatTit-png200-9f3394faf07d12f615112c10cb9d7f02.png","ImkCDwTFxox9pZloaIaeZLsJp9r1yG4P",17864554013,"https://media.birdweather.com/soundscapes/6891/6891-20261007-084308.flac",0,3,"birdnetpi"
11600338391,"1791362549-11600338391",6891,"2026-10-07T10:42:29.000+02:00",0.85,0.938396036624908,9.52161282631538,"almost_certain","2p4",NA,51.5622,6.0055,FALSE,6,"European Robin","Erithacus rubecula","#93d436","avian","https://media.birdweather.com/species/6/EuropeanRobin-standard-6802f21dc9c4b056c0c15b0a4ad01a9a.jpg","https://media.birdweather.com/species/6/EuropeanRobin-thumbnail-3afd51da2d7daf4db7f4ed43af30ed2d.jpg","https://media.birdweather.com/species/6/EuropeanRobin-png200-ac96bfc6bbb72a9e2528d5544937cebd.png","YxgKFwJnWYePd3iMd5h4Z4eHp6cMG8gA",17864534865,"https://media.birdweather.com/soundscapes/6891/6891-20261007-084229.flac",0,3,"birdnetpi"
11600332739,"1791362515-11600332739",6891,"2026-10-07T10:41:55.000+02:00",0.85,0.938396036624908,9.52161282631538,"almost_certain","2p4",NA,51.5645,6.0081,FALSE,6,"European Robin","Erithacus rubecula","#93d436","avian","https://media.birdweather.com/species/6/EuropeanRobin-standard-6802f21dc9c4b056c0c15b0a4ad01a9a.jpg","https://media.birdweather.com/species/6/EuropeanRobin-thumbnail-3afd51da2d7daf4db7f4ed43af30ed2d.jpg","https://media.birdweather.com/species/6/EuropeanRobin-png200-ac96bfc6bbb72a9e2528d5544937cebd.png","YxgKFwJnWYePd3iMd5h4Z4eHp6cMG8gA",17864517988,"https://media.birdweather.com/soundscapes/6891/6891-20261007-084155.flac",0,3,"birdnetpi"
11600332282,"1791362511-11600332282",6891,"2026-10-07T10:41:51.000+02:00",0.79,0.938677608966827,9.36376685428586,"almost_certain","2p4",NA,51.5668,6.0076,FALSE,11,"Great Tit","Parus major","#7a41c7","avian","https://media.birdweather.com/species/11/GreatTit-standard-0058e4dcd148acb2e0cb8a7b7c6ad3b2.jpg","https://media.birdweather.com/species/11/GreatTit-thumbnail-6910d0adae4550c5e6f2396322ee64c4.jpg","https://media.birdweather.com/species/11/GreatTit-png200-9f3394faf07d12f615112c10cb9d7f02.png","ImkCDwTFxox9pZloaIaeZLsJp9r1yG4P",17864516551,"https://media.birdweather.com/soundscapes/6891/6891-20261007-084151.flac",0,3,"birdnetpi"
11600329917,"1791362504-11600329917",6891,"2026-10-07T10:41:44.000+02:00",0.85,0.938396036624908,9.52161282631538,"almost_certain","2p4",NA,51.5699,6.0086,FALSE,6,"European Robin","Erithacus rubecula","#93d436","avian","https://media.birdweather.com/species/6/EuropeanRobin-standard-6802f21dc9c4b056c0c15b0a4ad01a9a.jpg","https://media.birdweather.com/species/6/EuropeanRobin-thumbnail-3afd51da2d7daf4db7f4ed43af30ed2d.jpg","https://media.birdweather.com/species/6/EuropeanRobin-png200-ac96bfc6bbb72a9e2528d5544937cebd.png","YxgKFwJnWYePd3iMd5h4Z4eHp6cMG8gA",17864509615,"https://media.birdweather.com/soundscapes/6891/6891-20261007-084144.flac",0,3,"birdnetpi"
11600325828,"1791362479-11600325828",6891,"2026-10-07T10:41:19.000+02:00",0.88,0.938396036624908,9.59437328699549,"almost_certain","2p4",NA,51.5662,6.0023,FALSE,6,"European Robin","Erithacus rubecula","#93d436","avian","https://media.birdweather.com/species/6/EuropeanRobin-standard-6802f21dc9c4b056c0c15b0a4ad01a9a.jpg","https://media.birdweather.com/species/6/EuropeanRobin-thumbnail-3afd51da2d7daf4db7f4ed43af30ed2d.jpg","https://media.birdweather.com/species/6/EuropeanRobin-png200-ac96bfc6bbb72a9e2528d5544937cebd.png","YxgKFwJnWYePd3iMd5h4Z4eHp6cMG8gA",17864497758,"https://media.birdweather.com/soundscapes/6891/6891-20261007-084119.flac",0,3,"birdnetpi"
11600322728,"1791362456-11600322728",6891,"2026-10-07T10:40:56.000+02:00",0.83,0.844611883163452,9.32821538056557,"almost_certain","2p4",NA,51.5687,6.0059,FALSE,52,"Eurasian Magpie","Pica pica","#d9c845","avian","https://media.birdweather.com/species/52/EurasianMagpie-standard-918a15076b13e00f4b99a7d5416ca730.jpg","https://media.birdweather.com/species/52/EurasianMagpie-thumbnail-d9fbe854e7c8607465886068aaae11f9.jpg","https://media.birdweather.com/species/52/EurasianMagpie-png200-5c239aeda607c9e0851a39f804982091.png","FggGDwAf+FnWW5aUV4SFiZZ7ehr4bvIM",17864488757,"https://media.birdweather.com/soundscapes/6891/6891-20261007-084056.flac",0,3,"birdnetpi"
11600321656,"1791362450-11600321656",6891,"2026-10-07T10:40:50.000+02:00",0.95,0.938396036624908,9.75047692230391,"almost_certain","2p4",NA,51.5658,6.0079,FALSE,6,"European Robin","Erithacus rubecula","#93d436","avian","https://media.birdweather.com/species/6/EuropeanRobin-standard-6802f21dc9c4b056c0c15b0a4ad01a9a.jpg","https://media.birdweather.com/species/6/EuropeanRobin-thumbnail-3afd51da2d7daf4db7f4ed43af30ed2d.jpg","https://media.birdweather.com/species/6/EuropeanRobin-png200-ac96bfc6bbb72a9e2528d5544937cebd.png","YxgKFwJnWYePd3iMd5h4Z4eHp6cMG8gA",17864485870,"https://media.birdweather.com/soundscapes/6891/6891-20261007-084050.flac",0,3,"birdnetpi"
11600316450,"1791362420-11600316450",6891,"2026-10-07T10:40:20.000+02:00",0.8,0.938396036624908,9.39103787998345,"almost_certain","2p4",NA,51.565,6.0045,FALSE,6,"European Robin","Erithacus rubecula","#93d436","avian","https://media.birdweather.com/species/6/EuropeanRobin-standard-6802f21dc9c4b056c0c15b0a4ad01a9a.jpg","https://media.birdweather.com/species/6/EuropeanRobin-thumbnail-3afd51da2d7daf4db7f4ed43af30ed2d.jpg","https://media.birdweather.com/species/6/EuropeanRobin-png200-ac96bfc6bbb72a9e2528d5544937cebd.png","YxgKFwJnWYePd3iMd5h4Z4eHp6cMG8gA",17864470950,"https://media.birdweather.com/soundscapes/6891/6891-20261007-084020.flac",0,3,"birdnetpi"
11600310066,"1791362384-11600310066",6891,"2026-10-07T10:39:44.000+02:00",0.73,0.938677608966827,9.18481720437448,"almost_certain","2p4",NA,51.5622,6.0009,FALSE,11,"Great Tit","Parus major","#7a41c7","avian","https://media.birdweather.com/species/11/GreatTit-standard-0058e4dcd148acb2e0cb8a7b7c6ad3b2.jpg","https://media.birdweather.com/species/11/GreatTit-thumbnail-6910d0adae4550c5e6f2396322ee64c4.jpg","https://media.birdweather.com/species/11/GreatTit-png200-9f3394faf07d12f615112c10cb9d7f02.png","ImkCDwTFxox9pZloaIaeZLsJp9r1yG4P",17864453285,"https://media.birdweather.com/soundscapes/6891/6891-20261007-083944.flac",0,3,"birdnetpi"
11600293417,"1791362288-11600293417",6891,"2026-10-07T10:38:08.000+02:00",0.99,0.938396036624908,9.83229227384514,"almost_certain","2p4",NA,51.5703,6.0012,FALSE,6,"European Robin","Erithacus rubecula","#93d436","avian","https://media.birdweather.com/species/6/EuropeanRobin-standard-6802f21dc9c4b056c0c15b0a4ad01a9a.jpg","https://media.birdweather.com/species/6/EuropeanRobin-thumbnail-3afd51da2d7daf4db7f4ed43af30ed2d.jpg","https://media.birdweather.com/species/6/EuropeanRobin-png200-ac96bfc6bbb72a9e2528d5544937cebd.png","YxgKFwJnWYePd3iMd5h4Z4eHp6cMG8gA",17864405224,"https://media.birdweather.com/soundscapes/6891/6891-20261007-083808.flac",0,3,"birdnetpi"
11600288875,"1791362261-11600288875",6891,"2026-10-07T10:37:41.000+02:00",0.95,0.938396036624908,9.75047692230391,"almost_certain","2p4",NA,51.565,6.009,FALSE,6,"European Robin","Erithacus rubecula","#93d436","avian","https://media.birdweather.com/species/6/EuropeanRobin-standard-6802f21dc9c4b056c0c15b0a4ad01a9a.jpg","https://media.birdweather.com/species/6/EuropeanRobin-thumbnail-3afd51da2d7daf4db7f4ed43af30ed2d.jpg","https://media.birdweather.com/species/6/EuropeanRobin-png200-ac96bfc6bbb72a9e2528d5544937cebd.png","YxgKFwJnWYePd3iMd5h4Z4eHp6cMG8gA",17864391847,"https://media.birdweather.com/soundscapes/6891/6891-20261007-083741.flac",0,3,"birdnetpi"
11600283909,"1791362232-11600283909",6891,"2026-10-07T10:37:12.000+02:00",0.84,0.938396036624908,9.49647450633995,"almost_certain","2p4",NA,51.5703,6.0039,FALSE,6,"European Robin","Erithacus rubecula","#93d436","avian","https://media.birdweather.com/species/6/EuropeanRobin-standard-6802f21dc9c4b056c0c15b0a4ad01a9a.jpg","https://media.birdweather.com/species/6/EuropeanRobin-thumbnail-3afd51da2d7daf4db7f4ed43af30ed2d.jpg","https://media.birdweather.com/species/6/EuropeanRobin-png200-ac96bfc6bbb72a9e2528d5544937cebd.png","YxgKFwJnWYePd3iMd5h4Z4eHp6cMG8gA",17864377434,"https://media.birdweather.com/soundscapes/6891/6891-20261007-083712.flac",0,3,"birdnetpi"
11600280782,"1791362213-11600280782",6891,"2026-10-07T10:36:53.000+02:00",0.82,0.938396036624908,9.44477025700345,"almost_certain","2p4",NA,51.5649,6.0085,FALSE,6,"European Robin","Erithacus rubecula","#93d436","avian","https://media.birdweather.com/species/6/EuropeanRobin-standard-6802f21dc9c4b056c0c15b0a4ad01a9a.jpg","https://media.birdweather.com/species/6/EuropeanRobin-thumbnail-3afd51da2d7daf4db7f4ed43af30ed2d.jpg","https://media.birdweather.com/species/6/EuropeanRobin-png200-ac96bfc6bbb72a9e2528d5544937cebd.png","YxgKFwJnWYePd3iMd5h4Z4eHp6cMG8gA",17864368475,"https://media.birdweather.com/soundscapes/6891/6891-20261007-083653.flac",0,3,"birdnetpi"
11600277041,"1791362201-11600277041",6891,"2026-10-07T10:36:41.000+02:00",0.89,0.938396036624908,9.61779266069773,"almost_certain","2p4",NA,51.5628,6.0063,FALSE,6,"European Robin","Erithacus rubecula","#93d436","avian","https://media.birdweather.com/species/6/EuropeanRobin-standard-6802f21dc9c4b056c0c15b0a4ad01a9a.jpg","https://media.birdweather.com/species/6/EuropeanRobin-thumbnail-3afd51da2d7daf4db7f4ed43af30ed2d.jpg","https://media.birdweather.com/species/6/EuropeanRobin-png200-ac96bfc6bbb72a9e2528d5544937cebd.png","YxgKFwJnWYePd3iMd5h4Z4eHp6cMG8gA",17864357651,"https://media.birdweather.com/soundscapes/6891/6891-20261007-083641.flac",0,3,"birdnetpi"
11600273768,"1791362171-11600273768",6891,"2026-10-07T10:36:11.000+02:00",0.79,0.938396036624908,9.36336017095845,"almost_certain","2p4",NA,51.568,6.0082,FALSE,6,"European Robin","Erithacus rubecula","#93d436","avian","https://media.birdweather.com/species/6/EuropeanRobin-standard-6802f21dc9c4b056c0c15b0a4ad01a9a.jpg","https://media.birdweather.com/species/6/EuropeanRobin-thumbnail-3afd51da2d7daf4db7f4ed43af30ed2d.jpg","https://media.birdweather.com/species/6/EuropeanRobin-png200-ac96bfc6bbb72a9e2528d5544937cebd.png","YxgKFwJnWYePd3iMd5h4Z4eHp6cMG8gA",17864347744,"https://media.birdweather.com/soundscapes/6891/6891-20261007-083611.flac",0,3,"birdnetpi"
11600256628,"1791362068-11600256628",6891,"2026-10-07T10:34:28.000+02:00",0.73,0.91447514295578,9.1494124849928,"almost_certain","2p4",NA,51.568,6.0091,FALSE,35,"Eurasian Blackbird","Turdus merula","#ff65df","avian","https://media.birdweather.com/species/35/EurasianBlackbird-standard-618b3a5132c7c359fb2a2884c39deb39.jpg","https://media.birdweather.com/species/35/EurasianBlackbird-thumbnail-276878929bed08167d1fd9bf34d63d40.jpg","https://media.birdweather.com/species/35/EurasianBlackbird-png200-ba5a1b43225da4611cac429c52a52c81.png","GfkFFwKRmrx2ZYiaaQe69nlzScn3T7IA",17864296836,"https://media.birdweather.com/soundscapes/6891/6891-20261007-083428.flac",0,3,"birdnetpi"
11600220814,"1791361864-11600220814",6891,"2026-10-07T10:31:04.000+02:00",0.86,0.0754079669713974,6.24825225838447,"almost_certain","2p4",NA,51.5658,6.0032,FALSE,200,"Crested Tit","Lophophanes cristatus","#978bc0","avian","https://media.birdweather.com/species/200/CrestedTit-standard-d7c103d91bd400efebb99e4434781aa8.jpg","https://media.birdweather.com/species/200/CrestedTit-thumbnail-eedf0b776d47ac3c2f208a6be4869380.jpg","https://media.birdweather.com/species/200/CrestedTit-png200-cdc01b1b068f7c9fa8726346a578e0c4.png","HBkCDwB1Uboxq1cCtYq2l3toKJ/UlwgI",17864194703,"https://media.birdweather.com/soundscapes/6891/6891-20261007-083104.flac",0,3,"birdnetpi"
11600210666,"1791361804-11600210666",6891,"2026-10-07T10:30:04.000+02:00",0.95,0.938396036624908,9.75047692230391,"almost_certain","2p4",NA,51.5631,6.0044,FALSE,6,"European Robin","Erithacus rubecula","#93d436","avian","https://media.birdweather.com/species/6/EuropeanRobin-standard-6802f21dc9c4b056c0c15b0a4ad01a9a.jpg","https://media.birdweather.com/species/6/EuropeanRobin-thumbnail-3afd51da2d7daf4db7f4ed43af30ed2d.jpg","https://media.birdweather.com/species/6/EuropeanRobin-png200-ac96bfc6bbb72a9e2528d5544937cebd.png","YxgKFwJnWYePd3iMd5h4Z4eHp6cMG8gA",17864165988,"https://media.birdweather.com/soundscapes/6891/6891-20261007-083004.flac",0,3,"birdnetpi"
11600199999,"1791361745-11600199999",6891,"2026-10-07T10:29:05.000+02:00",0.98,0.938396036624908,9.81229191863816,"almost_certain","2p4",NA,51.5691,6.0087,FALSE,6,"European Robin","Erithacus rubecula","#93d436","avian","https://media.birdweather.com/species/6/EuropeanRobin-standard-6802f21dc9c4b056c0c15b0a4ad01a9a.jpg","https://media.birdweather.com/species/6/EuropeanRobin-thumbnail-3afd51da2d7daf4db7f4ed43af30ed2d.jpg","https://media.birdweather.com/species/6/EuropeanRobin-png200-ac96bfc6bbb72a9e2528d5544937cebd.png","YxgKFwJnWYePd3iMd5h4Z4eHp6cMG8gA",17864136742,"https://media.birdweather.com/soundscapes/6891/6891-20261007-082905.flac",0,3,"birdnetpi"
11600196778,"1791361728-11600196778",6891,"2026-10-07T10:28:48.000+02:00",1,0.938396036624908,9.85200484415451,"almost_certain","2p4",NA,51.5693,6.0063,FALSE,6,"European Robin","Erithacus rubecula","#93d436","avian","https://media.birdweather.com/species/6/EuropeanRobin-standard-6802f21dc9c4b056c0c15b0a4ad01a9a.jpg","https://media.birdweather.com/species/6/EuropeanRobin-thumbnail-3afd51da2d7daf4db7f4ed43af30ed2d.jpg","https://media.birdweather.com/species/6/EuropeanRobin-png200-ac96bfc6bbb72a9e2528d5544937cebd.png","YxgKFwJnWYePd3iMd5h4Z4eHp6cMG8gA",17864127712,"https://media.birdweather.com/soundscapes/6891/6891-20261007-082848.flac",0,3,"birdnetpi"
11600189322,"1791361685-11600189322",6891,"2026-10-07T10:28:05.000+02:00",0.94,0.619479060173035,9.16770115329941,"almost_certain","2p4",NA,51.5626,6.0065,FALSE,1,"House Sparrow","Passer domesticus","#d16ff8","avian","https://media.birdweather.com/species/1/HouseSparrow-standard-b861184cf45c092cdb45fd689dd676ef.jpg","https://media.birdweather.com/species/1/HouseSparrow-thumbnail-e9cbc91763a1579de8ef04880678b5e3.jpg","https://media.birdweather.com/species/1/HouseSparrow-png200-125e8603e1efe9d7a18316b94f06a65e.png","XAgCDwD8qpukuHiqtLZ9mImnmPFcDO4E",17864106913,"https://media.birdweather.com/soundscapes/6891/6891-20261007-082805.flac",0,3,"birdnetpi"
11600184525,"1791361667-11600184525",6891,"2026-10-07T10:27:47.000+02:00",0.9,0.619479060173035,9.07928337934094,"almost_certain","2p4",NA,51.5647,6.0033,FALSE,1,"House Sparrow","Passer domesticus","#d16ff8","avian","https://media.birdweather.com/species/1/HouseSparrow-standard-b861184cf45c092cdb45fd689dd676ef.jpg","https://media.birdweather.com/species/1/HouseSparrow-thumbnail-e9cbc91763a1579de8ef04880678b5e3.jpg","https://media.birdweather.com/species/1/HouseSparrow-png200-125e8603e1efe9d7a18316b94f06a65e.png","XAgCDwD8qpukuHiqtLZ9mImnmPFcDO4E",17864093582,"https://media.birdweather.com/soundscapes/6891/6891-20261007-082747.flac",0,3,"birdnetpi"
11600169407,"1791361573-11600169407",6891,"2026-10-07T10:26:13.000+02:00",0.93,0.938396036624908,9.70766093770329,"almost_certain","2p4",NA,51.5645,6.0073,FALSE,6,"European Robin","Erithacus rubecula","#93d436","avian","https://media.birdweather.com/species/6/EuropeanRobin-standard-6802f21dc9c4b056c0c15b0a4ad01a9a.jpg","https://media.birdweather.com/species/6/EuropeanRobin-thumbnail-3afd51da2d7daf4db7f4ed43af30ed2d.jpg","https://media.birdweather.com/species/6/EuropeanRobin-png200-ac96bfc6bbb72a9e2528d5544937cebd.png","YxgKFwJnWYePd3iMd5h4Z4eHp6cMG8gA",17864050406,"https://media.birdweather.com/soundscapes/6891/6891-20261007-082613.flac",0,3,"birdnetpi"
11600167293,"1791361568-11600167293",6891,"2026-10-07T10:26:08.000+02:00",0.79,0.619479060173035,8.80182513750822,"almost_certain","2p4",NA,51.57,6.0038,FALSE,1,"House Sparrow","Passer domesticus","#d16ff8","avian","https://media.birdweather.com/species/1/HouseSparrow-standard-b861184cf45c092cdb45fd689dd676ef.jpg","https://media.birdweather.com/species/1/HouseSparrow-thumbnail-e9cbc91763a1579de8ef04880678b5e3.jpg","https://media.birdweather.com/species/1/HouseSparrow-png200-125e8603e1efe9d7a18316b94f06a65e.png","XAgCDwD8qpukuHiqtLZ9mImnmPFcDO4E",17864044466,"https://media.birdweather.com/soundscapes/6891/6891-20261007-082608.flac",0,3,"birdnetpi"
11600161015,"1791361522-11600161015",6891,"2026-10-07T10:25:22.000+02:00",0.73,0.454288482666016,8.20586598287848,"almost_certain","2p4",NA,51.5664,6.0013,FALSE,44,"Dunnock","Prunella modularis","#fea614","avian","https://media.birdweather.com/species/44/Dunnock-standard-a705d7131240cedd1c407b5a19989591.jpg","https://media.birdweather.com/species/44/Dunnock-thumbnail-1036624855b82c96db4ad23d1ed9d702.jpg","https://media.birdweather.com/species/44/Dunnock-png200-951bb2cdb9ec585716907d8eac83882e.png","lQgGDwB9pneQhHlwWjeK2ZK6d/kdFaUA",17864026133,"https://media.birdweather.com/soundscapes/6891/6891-20261007-082522.flac",0,3,"birdnetpi"
11600157696,"1791361502-11600157696",6891,"2026-10-07T10:25:02.000+02:00",0.99,0.938396036624908,9.83229227384514,"almost_certain","2p4",NA,51.5633,6.0026,FALSE,6,"European Robin","Erithacus rubecula","#93d436","avian","https://media.birdweather.com/species/6/EuropeanRobin-standard-6802f21dc9c4b056c0c15b0a4ad01a9a.jpg","https://media.birdweather.com/species/6/EuropeanRobin-thumbnail-3afd51da2d7daf4db7f4ed43af30ed2d.jpg","https://media.birdweather.com/species/6/EuropeanRobin-png200-ac96bfc6bbb72a9e2528d5544937cebd.png","YxgKFwJnWYePd3iMd5h4Z4eHp6cMG8gA",17864016249,"https://media.birdweather.com/soundscapes/6891/6891-20261007-082502.flac",0,3,"birdnetpi"
11600148476,"1791361451-11600148476",6891,"2026-10-07T10:24:11.000+02:00",0.75,0.938677608966827,9.24710065685963,"almost_certain","2p4",NA,51.5615,6.0049,FALSE,11,"Great Tit","Parus major","#7a41c7","avian","https://media.birdweather.com/species/11/GreatTit-standard-0058e4dcd148acb2e0cb8a7b7c6ad3b2.jpg","https://media.birdweather.com/species/11/GreatTit-thumbnail-6910d0adae4550c5e6f2396322ee64c4.jpg","https://media.birdweather.com/species/11/GreatTit-png200-9f3394faf07d12f615112c10cb9d7f02.png","ImkCDwTFxox9pZloaIaeZLsJp9r1yG4P",17863989638,"https://media.birdweather.com/soundscapes/6891/6891-20261007-082411.flac",0,3,"birdnetpi"
11600124465,"1791361312-11600124465",6891,"2026-10-07T10:21:52.000+02:00",0.98,0.295793175697327,8.26163933716862,"almost_certain","2p4",NA,51.5644,6.0033,FALSE,2,"Short-toed Treecreeper","Certhia brachydactyla","#66dd57","avian","https://media.birdweather.com/species/2/Short-toedTreecreeper-standard-7bbb76fb215629d251262575c97eb338.jpg","https://media.birdweather.com/species/2/Short-toedTreecreeper-thumbnail-fab8f3fcc7962cfbf3bdbde5dc2a415d.jpg","https://media.birdweather.com/species/2/Short-toedTreecreeper-png200-9ed36805c2a6923b35a860f2814cdd8c.png","IRkGHwS/1aqJXad3ialWmph5+Yx4z3gI",17863920867,"https://media.birdweather.com/soundscapes/6891/6891-20261007-082152.flac",0,3,"birdnetpi"
11600112474,"1791361251-11600112474",6891,"2026-10-07T10:20:51.000+02:00",0.94,0.295793175697327,8.17858360528011,"almost_certain","2p4",NA,51.5659,6.0009,FALSE,2,"Short-toed Treecreeper","Certhia brachydactyla","#66dd57","avian","https://media.birdweather.com/species/2/Short-toedTreecreeper-standard-7bbb76fb215629d251262575c97eb338.jpg","https://media.birdweather.com/species/2/Short-toedTreecreeper-thumbnail-fab8f3fcc7962cfbf3bdbde5dc2a415d.jpg","https://media.birdweather.com/species/2/Short-toedTreecreeper-png200-9ed36805c2a6923b35a860f2814cdd8c.png","IRkGHwS/1aqJXad3ialWmph5+Yx4z3gI",17863887504,"https://media.birdweather.com/soundscapes/6891/6891-20261007-082051.flac",0,3,"birdnetpi"
11600105554,"1791361210-11600105554",6891,"2026-10-07T10:20:10.000+02:00",0.99,0.938396036624908,9.83229227384514,"almost_certain","2p4",NA,51.5677,6.0092,FALSE,6,"European Robin","Erithacus rubecula","#93d436","avian","https://media.birdweather.com/species/6/EuropeanRobin-standard-6802f21dc9c4b056c0c15b0a4ad01a9a.jpg","https://media.birdweather.com/species/6/EuropeanRobin-thumbnail-3afd51da2d7daf4db7f4ed43af30ed2d.jpg","https://media.birdweather.com/species/6/EuropeanRobin-png200-ac96bfc6bbb72a9e2528d5544937cebd.png","YxgKFwJnWYePd3iMd5h4Z4eHp6cMG8gA",17863868098,"https://media.birdweather.com/soundscapes/6891/6891-20261007-082010.flac",0,3,"birdnetpi"
11600106063,"1791361207-11600106063",6891,"2026-10-07T10:20:07.000+02:00",0.82,0.295793175697327,7.89411767553391,"almost_certain","2p4",NA,51.5674,6.0031,FALSE,2,"Short-toed Treecreeper","Certhia brachydactyla","#66dd57","avian","https://media.birdweather.com/species/2/Short-toedTreecreeper-standard-7bbb76fb215629d251262575c97eb338.jpg","https://media.birdweather.com/species/2/Short-toedTreecreeper-thumbnail-fab8f3fcc7962cfbf3bdbde5dc2a415d.jpg","https://media.birdweather.com/species/2/Short-toedTreecreeper-png200-9ed36805c2a6923b35a860f2814cdd8c.png","IRkGHwS/1aqJXad3ialWmph5+Yx4z3gI",17863869628,"https://media.birdweather.com/soundscapes/6891/6891-20261007-082007.flac",0,3,"birdnetpi"
11600102498,"1791361196-11600102498",6891,"2026-10-07T10:19:56.000+02:00",1,0.295793175697327,8.30135226268498,"almost_certain","2p4",NA,51.5669,6.0053,FALSE,2,"Short-toed Treecreeper","Certhia brachydactyla","#66dd57","avian","https://media.birdweather.com/species/2/Short-toedTreecreeper-standard-7bbb76fb215629d251262575c97eb338.jpg","https://media.birdweather.com/species/2/Short-toedTreecreeper-thumbnail-fab8f3fcc7962cfbf3bdbde5dc2a415d.jpg","https://media.birdweather.com/species/2/Short-toedTreecreeper-png200-9ed36805c2a6923b35a860f2814cdd8c.png","IRkGHwS/1aqJXad3ialWmph5+Yx4z3gI",17863859628,"https://media.birdweather.com/soundscapes/6891/6891-20261007-081956.flac",0,3,"birdnetpi"
11600092736,"1791361133-11600092736",6891,"2026-10-07T10:18:53.000+02:00",0.94,0.295793175697327,8.17858360528011,"almost_certain","2p4",NA,51.5666,6.0015,FALSE,2,"Short-toed Treecreeper","Certhia brachydactyla","#66dd57","avian","https://media.birdweather.com/species/2/Short-toedTreecreeper-standard-7bbb76fb215629d251262575c97eb338.jpg","https://media.birdweather.com/species/2/Short-toedTreecreeper-thumbnail-fab8f3fcc7962cfbf3bdbde5dc2a415d.jpg","https://media.birdweather.com/species/2/Short-toedTreecreeper-png200-9ed36805c2a6923b35a860f2814cdd8c.png","IRkGHwS/1aqJXad3ialWmph5+Yx4z3gI",17863832731,"https://media.birdweather.com/soundscapes/6891/6891-20261007-081853.flac",0,3,"birdnetpi"
11600078416,"1791361055-11600078416",6891,"2026-10-07T10:17:35.000+02:00",0.84,0.938396036624908,9.49647450633995,"almost_certain","2p4",NA,51.5681,6.0073,FALSE,6,"European Robin","Erithacus rubecula","#93d436","avian","https://media.birdweather.com/species/6/EuropeanRobin-standard-6802f21dc9c4b056c0c15b0a4ad01a9a.jpg","https://media.birdweather.com/species/6/EuropeanRobin-thumbnail-3afd51da2d7daf4db7f4ed43af30ed2d.jpg","https://media.birdweather.com/species/6/EuropeanRobin-png200-ac96bfc6bbb72a9e2528d5544937cebd.png","YxgKFwJnWYePd3iMd5h4Z4eHp6cMG8gA",17863793480,"https://media.birdweather.com/soundscapes/6891/6891-20261007-081735.flac",0,3,"birdnetpi"
11600063751,"1791360974-11600063751",6891,"2026-10-07T10:16:14.000+02:00",1,0.938396036624908,9.85200484415451,"almost_certain","2p4",NA,51.5617,6.0089,FALSE,6,"European Robin","Erithacus rubecula","#93d436","avian","https://media.birdweather.com/species/6/EuropeanRobin-standard-6802f21dc9c4b056c0c15b0a4ad01a9a.jpg","https://media.birdweather.com/species/6/EuropeanRobin-thumbnail-3afd51da2d7daf4db7f4ed43af30ed2d.jpg","https://media.birdweather.com/species/6/EuropeanRobin-png200-ac96bfc6bbb72a9e2528d5544937cebd.png","YxgKFwJnWYePd3iMd5h4Z4eHp6cMG8gA",17863753226,"https://media.birdweather.com/soundscapes/6891/6891-20261007-081614.flac",0,3,"birdnetpi"
11600058148,"1791360942-11600058148",6891,"2026-10-07T10:15:42.000+02:00",0.82,0.938396036624908,9.44477025700345,"almost_certain","2p4",NA,51.5682,6.0075,FALSE,6,"European Robin","Erithacus rubecula","#93d436","avian","https://media.birdweather.com/species/6/EuropeanRobin-standard-6802f21dc9c4b056c0c15b0a4ad01a9a.jpg","https://media.birdweather.com/species/6/EuropeanRobin-thumbnail-3afd51da2d7daf4db7f4ed43af30ed2d.jpg","https://media.birdweather.com/species/6/EuropeanRobin-png200-ac96bfc6bbb72a9e2528d5544937cebd.png","YxgKFwJnWYePd3iMd5h4Z4eHp6cMG8gA",17863738283,"https://media.birdweather.com/soundscapes/6891/6891-20261007-081542.flac",0,3,"birdnetpi"
11600056697,"1791360935-11600056697",6891,"2026-10-07T10:15:35.000+02:00",0.78,0.938677608966827,9.33551843081811,"almost_certain","2p4",NA,51.5689,6.0034,FALSE,11,"Great Tit","Parus major","#7a41c7","avian","https://media.birdweather.com/species/11/GreatTit-standard-0058e4dcd148acb2e0cb8a7b7c6ad3b2.jpg","https://media.birdweather.com/species/11/GreatTit-thumbnail-6910d0adae4550c5e6f2396322ee64c4.jpg","https://media.birdweather.com/species/11/GreatTit-png200-9f3394faf07d12f615112c10cb9d7f02.png","ImkCDwTFxox9pZloaIaeZLsJp9r1yG4P",17863734346,"https://media.birdweather.com/soundscapes/6891/6891-20261007-081535.flac",0,3,"birdnetpi"
11600055592,"1791360929-11600055592",6891,"2026-10-07T10:15:29.000+02:00",0.85,0.295793175697327,7.97096024484584,"almost_certain","2p4",NA,51.5633,6.0062,FALSE,2,"Short-toed Treecreeper","Certhia brachydactyla","#66dd57","avian","https://media.birdweather.com/species/2/Short-toedTreecreeper-standard-7bbb76fb215629d251262575c97eb338.jpg","https://media.birdweather.com/species/2/Short-toedTreecreeper-thumbnail-fab8f3fcc7962cfbf3bdbde5dc2a415d.jpg","https://media.birdweather.com/species/2/Short-toedTreecreeper-png200-9ed36805c2a6923b35a860f2814cdd8c.png","IRkGHwS/1aqJXad3ialWmph5+Yx4z3gI",17863731394,"https://media.birdweather.com/soundscapes/6891/6891-20261007-081529.flac",0,3,"birdnetpi"
11600053883,"1791360920-11600053883",6891,"2026-10-07T10:15:20.000+02:00",0.8,0.928480803966522,9.37663949055626,"almost_certain","2p4",NA,51.5702,6.0041,FALSE,66,"Eurasian Blue Tit","Cyanistes caeruleus","#4b8900","avian","https://media.birdweather.com/species/66/EurasianBlueTit-standard-4ec8e45d78b2908d0f41ae495ae07571.jpg","https://media.birdweather.com/species/66/EurasianBlueTit-thumbnail-4d9abc54a3abc3fb12e78e603cbe6784.jpg","https://media.birdweather.com/species/66/EurasianBlueTit-png200-49adab92304ba7a74e93ac43e38e62d3.png","EfgJBwAKhHiEm2ZheGllqXeZhi/ze3EP",17863726423,"https://media.birdweather.com/soundscapes/6891/6891-20261007-081520.flac",0,3,"birdnetpi"
11600049590,"1791360897-11600049590",6891,"2026-10-07T10:14:57.000+02:00",0.89,0.938396036624908,9.61779266069773,"almost_certain","2p4",NA,51.5661,6.0058,FALSE,6,"European Robin","Erithacus rubecula","#93d436","avian","https://media.birdweather.com/species/6/EuropeanRobin-standard-6802f21dc9c4b056c0c15b0a4ad01a9a.jpg","https://media.birdweather.com/species/6/EuropeanRobin-thumbnail-3afd51da2d7daf4db7f4ed43af30ed2d.jpg","https://media.birdweather.com/species/6/EuropeanRobin-png200-ac96bfc6bbb72a9e2528d5544937cebd.png","YxgKFwJnWYePd3iMd5h4Z4eHp6cMG8gA",17863714971,"https://media.birdweather.com/soundscapes/6891/6891-20261007-081457.flac",0,3,"birdnetpi"
11600042567,"1791360863-11600042567",6891,"2026-10-07T10:14:23.000+02:00",0.99,0.938396036624908,9.83229227384514,"almost_certain","2p4",NA,51.563,6.0059,FALSE,6,"European Robin","Erithacus rubecula","#93d436","avian","https://media.birdweather.com/species/6/EuropeanRobin-standard-6802f21dc9c4b056c0c15b0a4ad01a9a.jpg","https://media.birdweather.com/species/6/EuropeanRobin-thumbnail-3afd51da2d7daf4db7f4ed43af30ed2d.jpg","https://media.birdweather.com/species/6/EuropeanRobin-png200-ac96bfc6bbb72a9e2528d5544937cebd.png","YxgKFwJnWYePd3iMd5h4Z4eHp6cMG8gA",17863695602,"https://media.birdweather.com/soundscapes/6891/6891-20261007-081423.flac",0,3,"birdnetpi"
11600037940,"1791360831-11600037940",6891,"2026-10-07T10:13:51.000+02:00",0.85,0.938677608966827,9.52201950964278,"almost_certain","2p4",NA,51.5654,6.0047,FALSE,11,"Great Tit","Parus major","#7a41c7","avian","https://media.birdweather.com/species/11/GreatTit-standard-0058e4dcd148acb2e0cb8a7b7c6ad3b2.jpg","https://media.birdweather.com/species/11/GreatTit-thumbnail-6910d0adae4550c5e6f2396322ee64c4.jpg","https://media.birdweather.com/species/11/GreatTit-png200-9f3394faf07d12f615112c10cb9d7f02.png","ImkCDwTFxox9pZloaIaeZLsJp9r1yG4P",17863683209,"https://media.birdweather.com/soundscapes/6891/6891-20261007-081351.flac",0,3,"birdnetpi"
11600029617,"1791360787-11600029617",6891,"2026-10-07T10:13:07.000+02:00",0.78,0.928480803966522,9.32071335806351,"almost_certain","2p4",NA,51.5668,6.0071,FALSE,66,"Eurasian Blue Tit","Cyanistes caeruleus","#4b8900","avian","https://media.birdweather.com/species/66/EurasianBlueTit-standard-4ec8e45d78b2908d0f41ae495ae07571.jpg","https://media.birdweather.com/species/66/EurasianBlueTit-thumbnail-4d9abc54a3abc3fb12e78e603cbe6784.jpg","https://media.birdweather.com/species/66/EurasianBlueTit-png200-49adab92304ba7a74e93ac43e38e62d3.png","EfgJBwAKhHiEm2ZheGllqXeZhi/ze3EP",17863660010,"https://media.birdweather.com/soundscapes/6891/6891-20261007-081307.flac",0,3,"birdnetpi"
11600009835,"1791360679-11600009835",6891,"2026-10-07T10:11:19.000+02:00",0.98,0.938396036624908,9.81229191863816,"almost_certain","2p4",NA,51.5667,6.0051,FALSE,6,"European Robin","Erithacus rubecula","#93d436","avian","https://media.birdweather.com/species/6/EuropeanRobin-standard-6802f21dc9c4b056c0c15b0a4ad01a9a.jpg","https://media.birdweather.com/species/6/EuropeanRobin-thumbnail-3afd51da2d7daf4db7f4ed43af30ed2d.jpg","https://media.birdweather.com/species/6/EuropeanRobin-png200-ac96bfc6bbb72a9e2528d5544937cebd.png","YxgKFwJnWYePd3iMd5h4Z4eHp6cMG8gA",17863606118,"https://media.birdweather.com/soundscapes/6891/6891-20261007-081119.flac",0,3,"birdnetpi"
11600006436,"1791360658-11600006436",6891,"2026-10-07T10:10:58.000+02:00",0.91,0.938396036624908,9.66346355646433,"almost_certain","2p4",NA,51.5677,6.0051,FALSE,6,"European Robin","Erithacus rubecula","#93d436","avian","https://media.birdweather.com/species/6/EuropeanRobin-standard-6802f21dc9c4b056c0c15b0a4ad01a9a.jpg","https://media.birdweather.com/species/6/EuropeanRobin-thumbnail-3afd51da2d7daf4db7f4ed43af30ed2d.jpg","https://media.birdweather.com/species/6/EuropeanRobin-png200-ac96bfc6bbb72a9e2528d5544937cebd.png","YxgKFwJnWYePd3iMd5h4Z4eHp6cMG8gA",17863596648,"https://media.birdweather.com/soundscapes/6891/6891-20261007-081058.flac",0,3,"birdnetpi"
11600001207,"1791360629-11600001207",6891,"2026-10-07T10:10:29.000+02:00",0.79,0.938677608966827,9.36376685428586,"almost_certain","2p4",NA,51.5624,6.0027,FALSE,11,"Great Tit","Parus major","#7a41c7","avian","https://media.birdweather.com/species/11/GreatTit-standard-0058e4dcd148acb2e0cb8a7b7c6ad3b2.jpg","https://media.birdweather.com/species/11/GreatTit-thumbnail-6910d0adae4550c5e6f2396322ee64c4.jpg","https://media.birdweather.com/species/11/GreatTit-png200-9f3394faf07d12f615112c10cb9d7f02.png","ImkCDwTFxox9pZloaIaeZLsJp9r1yG4P",17863582285,"https://media.birdweather.com/soundscapes/6891/6891-20261007-081029.flac",0,3,"birdnetpi"
11599995614,"1791360599-11599995614",6891,"2026-10-07T10:09:59.000+02:00",0.81,0.938396036624908,9.41816747937922,"almost_certain","2p4",NA,51.5701,6.0027,FALSE,6,"European Robin","Erithacus rubecula","#93d436","avian","https://media.birdweather.com/species/6/EuropeanRobin-standard-6802f21dc9c4b056c0c15b0a4ad01a9a.jpg","https://media.birdweather.com/species/6/EuropeanRobin-thumbnail-3afd51da2d7daf4db7f4ed43af30ed2d.jpg","https://media.birdweather.com/species/6/EuropeanRobin-png200-ac96bfc6bbb72a9e2528d5544937cebd.png","YxgKFwJnWYePd3iMd5h4Z4eHp6cMG8gA",17863567230,"https://media.birdweather.com/soundscapes/6891/6891-20261007-080959.flac",0,3,"birdnetpi"
11599992765,"1791360590-11599992765",6891,"2026-10-07T10:09:50.000+02:00",0.97,0.938396036624908,9.79199525111251,"almost_certain","2p4",NA,51.569,6.0012,FALSE,6,"European Robin","Erithacus rubecula","#93d436","avian","https://media.birdweather.com/species/6/EuropeanRobin-standard-6802f21dc9c4b056c0c15b0a4ad01a9a.jpg","https://media.birdweather.com/species/6/EuropeanRobin-thumbnail-3afd51da2d7daf4db7f4ed43af30ed2d.jpg","https://media.birdweather.com/species/6/EuropeanRobin-png200-ac96bfc6bbb72a9e2528d5544937cebd.png","YxgKFwJnWYePd3iMd5h4Z4eHp6cMG8gA",17863559352,"https://media.birdweather.com/soundscapes/6891/6891-20261007-080950.flac",0,3,"birdnetpi"
11599987276,"1791360565-11599987276",6891,"2026-10-07T10:09:25.000+02:00",0.97,0.938396036624908,9.79199525111251,"almost_certain","2p4",NA,51.5656,6.0037,FALSE,6,"European Robin","Erithacus rubecula","#93d436","avian","https://media.birdweather.com/species/6/EuropeanRobin-standard-6802f21dc9c4b056c0c15b0a4ad01a9a.jpg","https://media.birdweather.com/species/6/EuropeanRobin-thumbnail-3afd51da2d7daf4db7f4ed43af30ed2d.jpg","https://media.birdweather.com/species/6/EuropeanRobin-png200-ac96bfc6bbb72a9e2528d5544937cebd.png","YxgKFwJnWYePd3iMd5h4Z4eHp6cMG8gA",17863544876,"https://media.birdweather.com/soundscapes/6891/6891-20261007-080925.flac",0,3,"birdnetpi"
11599982113,"1791360527-11599982113",6891,"2026-10-07T10:08:47.000+02:00",0.96,0.938396036624908,9.77139335912309,"almost_certain","2p4",NA,51.5645,6.0064,FALSE,6,"European Robin","Erithacus rubecula","#93d436","avian","https://media.birdweather.com/species/6/EuropeanRobin-standard-6802f21dc9c4b056c0c15b0a4ad01a9a.jpg","https://media.birdweather.com/species/6/EuropeanRobin-thumbnail-3afd51da2d7daf4db7f4ed43af30ed2d.jpg","https://media.birdweather.com/species/6/EuropeanRobin-png200-ac96bfc6bbb72a9e2528d5544937cebd.png","YxgKFwJnWYePd3iMd5h4Z4eHp6cMG8gA",17863531398,"https://media.birdweather.com/soundscapes/6891/6891-20261007-080847.flac",0,3,"birdnetpi"
11599980234,"1791360517-11599980234",6891,"2026-10-07T10:08:37.000+02:00",0.73,0.938677608966827,9.18481720437448,"almost_certain","2p4",NA,51.5678,6.0048,FALSE,11,"Great Tit","Parus major","#7a41c7","avian","https://media.birdweather.com/species/11/GreatTit-standard-0058e4dcd148acb2e0cb8a7b7c6ad3b2.jpg","https://media.birdweather.com/species/11/GreatTit-thumbnail-6910d0adae4550c5e6f2396322ee64c4.jpg","https://media.birdweather.com/species/11/GreatTit-png200-9f3394faf07d12f615112c10cb9d7f02.png","ImkCDwTFxox9pZloaIaeZLsJp9r1yG4P",17863526453,"https://media.birdweather.com/soundscapes/6891/6891-20261007-080837.flac",0,3,"birdnetpi"
11599977036,"1791360508-11599977036",6891,"2026-10-07T10:08:28.000+02:00",0.98,0.938396036624908,9.81229191863816,"almost_certain","2p4",NA,51.5658,6.0009,FALSE,6,"European Robin","Erithacus rubecula","#93d436","avian","https://media.birdweather.com/species/6/EuropeanRobin-standard-6802f21dc9c4b056c0c15b0a4ad01a9a.jpg","https://media.birdweather.com/species/6/EuropeanRobin-thumbnail-3afd51da2d7daf4db7f4ed43af30ed2d.jpg","https://media.birdweather.com/species/6/EuropeanRobin-png200-ac96bfc6bbb72a9e2528d5544937cebd.png","YxgKFwJnWYePd3iMd5h4Z4eHp6cMG8gA",17863517976,"https://media.birdweather.com/soundscapes/6891/6891-20261007-080828.flac",0,3,"birdnetpi"
11599971946,"1791360482-11599971946",6891,"2026-10-07T10:08:02.000+02:00",0.98,0.938396036624908,9.81229191863816,"almost_certain","2p4",NA,51.5631,6.0049,FALSE,6,"European Robin","Erithacus rubecula","#93d436","avian","https://media.birdweather.com/species/6/EuropeanRobin-standard-6802f21dc9c4b056c0c15b0a4ad01a9a.jpg","https://media.birdweather.com/species/6/EuropeanRobin-thumbnail-3afd51da2d7daf4db7f4ed43af30ed2d.jpg","https://media.birdweather.com/species/6/EuropeanRobin-png200-ac96bfc6bbb72a9e2528d5544937cebd.png","YxgKFwJnWYePd3iMd5h4Z4eHp6cMG8gA",17863504618,"https://media.birdweather.com/soundscapes/6891/6891-20261007-080802.flac",0,3,"birdnetpi"
11599952739,"1791360370-11599952739",6891,"2026-10-07T10:06:10.000+02:00",0.83,0.938396036624908,9.4708662841133,"almost_certain","2p4",NA,51.5699,6.0024,FALSE,6,"European Robin","Erithacus rubecula","#93d436","avian","https://media.birdweather.com/species/6/EuropeanRobin-standard-6802f21dc9c4b056c0c15b0a4ad01a9a.jpg","https://media.birdweather.com/species/6/EuropeanRobin-thumbnail-3afd51da2d7daf4db7f4ed43af30ed2d.jpg","https://media.birdweather.com/species/6/EuropeanRobin-png200-ac96bfc6bbb72a9e2528d5544937cebd.png","YxgKFwJnWYePd3iMd5h4Z4eHp6cMG8gA",17863452407,"https://media.birdweather.com/soundscapes/6891/6891-20261007-080610.flac",0,3,"birdnetpi"
11599948276,"1791360344-11599948276",6891,"2026-10-07T10:05:44.000+02:00",0.93,0.938396036624908,9.70766093770329,"almost_certain","2p4",NA,51.563,6.0061,FALSE,6,"European Robin","Erithacus rubecula","#93d436","avian","https://media.birdweather.com/species/6/EuropeanRobin-standard-6802f21dc9c4b056c0c15b0a4ad01a9a.jpg","https://media.birdweather.com/species/6/EuropeanRobin-thumbnail-3afd51da2d7daf4db7f4ed43af30ed2d.jpg","https://media.birdweather.com/species/6/EuropeanRobin-png200-ac96bfc6bbb72a9e2528d5544937cebd.png","YxgKFwJnWYePd3iMd5h4Z4eHp6cMG8gA",17863440542,"https://media.birdweather.com/soundscapes/6891/6891-20261007-080544.flac",0,3,"birdnetpi"
11599943206,"1791360315-11599943206",6891,"2026-10-07T10:05:15.000+02:00",0.93,0.938396036624908,9.70766093770329,"almost_certain","2p4",NA,51.5641,6.0067,FALSE,6,"European Robin","Erithacus rubecula","#93d436","avian","https://media.birdweather.com/species/6/EuropeanRobin-standard-6802f21dc9c4b056c0c15b0a4ad01a9a.jpg","https://media.birdweather.com/species/6/EuropeanRobin-thumbnail-3afd51da2d7daf4db7f4ed43af30ed2d.jpg","https://media.birdweather.com/species/6/EuropeanRobin-png200-ac96bfc6bbb72a9e2528d5544937cebd.png","YxgKFwJnWYePd3iMd5h4Z4eHp6cMG8gA",17863426588,"https://media.birdweather.com/soundscapes/6891/6891-20261007-080515.flac",0,3,"birdnetpi"
11599931875,"1791360256-11599931875",6891,"2026-10-07T10:04:16.000+02:00",0.98,0.938396036624908,9.81229191863816,"almost_certain","2p4",NA,51.5659,6.0006,FALSE,6,"European Robin","Erithacus rubecula","#93d436","avian","https://media.birdweather.com/species/6/EuropeanRobin-standard-6802f21dc9c4b056c0c15b0a4ad01a9a.jpg","https://media.birdweather.com/species/6/EuropeanRobin-thumbnail-3afd51da2d7daf4db7f4ed43af30ed2d.jpg","https://media.birdweather.com/species/6/EuropeanRobin-png200-ac96bfc6bbb72a9e2528d5544937cebd.png","YxgKFwJnWYePd3iMd5h4Z4eHp6cMG8gA",17863395744,"https://media.birdweather.com/soundscapes/6891/6891-20261007-080416.flac",0,3,"birdnetpi"
11599927442,"1791360232-11599927442",6891,"2026-10-07T10:03:52.000+02:00",0.99,0.938396036624908,9.83229227384514,"almost_certain","2p4",NA,51.5634,6.0037,FALSE,6,"European Robin","Erithacus rubecula","#93d436","avian","https://media.birdweather.com/species/6/EuropeanRobin-standard-6802f21dc9c4b056c0c15b0a4ad01a9a.jpg","https://media.birdweather.com/species/6/EuropeanRobin-thumbnail-3afd51da2d7daf4db7f4ed43af30ed2d.jpg","https://media.birdweather.com/species/6/EuropeanRobin-png200-ac96bfc6bbb72a9e2528d5544937cebd.png","YxgKFwJnWYePd3iMd5h4Z4eHp6cMG8gA",17863383773,"https://media.birdweather.com/soundscapes/6891/6891-20261007-080352.flac",0,3,"birdnetpi"
11599924402,"1791360220-11599924402",6891,"2026-10-07T10:03:40.000+02:00",0.99,0.938396036624908,9.83229227384514,"almost_certain","2p4",NA,51.5643,6.0063,FALSE,6,"European Robin","Erithacus rubecula","#93d436","avian","https://media.birdweather.com/species/6/EuropeanRobin-standard-6802f21dc9c4b056c0c15b0a4ad01a9a.jpg","https://media.birdweather.com/species/6/EuropeanRobin-thumbnail-3afd51da2d7daf4db7f4ed43af30ed2d.jpg","https://media.birdweather.com/species/6/EuropeanRobin-png200-ac96bfc6bbb72a9e2528d5544937cebd.png","YxgKFwJnWYePd3iMd5h4Z4eHp6cMG8gA",17863375815,"https://media.birdweather.com/soundscapes/6891/6891-20261007-080340.flac",0,3,"birdnetpi"
11599919440,"1791360188-11599919440",6891,"2026-10-07T10:03:08.000+02:00",1,0.938396036624908,9.85200484415451,"almost_certain","2p4",NA,51.5677,6.0087,FALSE,6,"European Robin","Erithacus rubecula","#93d436","avian","https://media.birdweather.com/species/6/EuropeanRobin-standard-6802f21dc9c4b056c0c15b0a4ad01a9a.jpg","https://media.birdweather.com/species/6/EuropeanRobin-thumbnail-3afd51da2d7daf4db7f4ed43af30ed2d.jpg","https://media.birdweather.com/species/6/EuropeanRobin-png200-ac96bfc6bbb72a9e2528d5544937cebd.png","YxgKFwJnWYePd3iMd5h4Z4eHp6cMG8gA",17863362314,"https://media.birdweather.com/soundscapes/6891/6891-20261007-080308.flac",0,3,"birdnetpi"
11599916788,"1791360173-11599916788",6891,"2026-10-07T10:02:53.000+02:00",0.91,0.938396036624908,9.66346355646433,"almost_certain","2p4",NA,51.5691,6.0022,FALSE,6,"European Robin","Erithacus rubecula","#93d436","avian","https://media.birdweather.com/species/6/EuropeanRobin-standard-6802f21dc9c4b056c0c15b0a4ad01a9a.jpg","https://media.birdweather.com/species/6/EuropeanRobin-thumbnail-3afd51da2d7daf4db7f4ed43af30ed2d.jpg","https://media.birdweather.com/species/6/EuropeanRobin-png200-ac96bfc6bbb72a9e2528d5544937cebd.png","YxgKFwJnWYePd3iMd5h4Z4eHp6cMG8gA",17863354968,"https://media.birdweather.com/soundscapes/6891/6891-20261007-080253.flac",0,3,"birdnetpi"
11599911020,"1791360152-11599911020",6891,"2026-10-07T10:02:32.000+02:00",1,0.938396036624908,9.85200484415451,"almost_certain","2p4",NA,51.5705,6.0049,FALSE,6,"European Robin","Erithacus rubecula","#93d436","avian","https://media.birdweather.com/species/6/EuropeanRobin-standard-6802f21dc9c4b056c0c15b0a4ad01a9a.jpg","https://media.birdweather.com/species/6/EuropeanRobin-thumbnail-3afd51da2d7daf4db7f4ed43af30ed2d.jpg","https://media.birdweather.com/species/6/EuropeanRobin-png200-ac96bfc6bbb72a9e2528d5544937cebd.png","YxgKFwJnWYePd3iMd5h4Z4eHp6cMG8gA",17863338996,"https://media.birdweather.com/soundscapes/6891/6891-20261007-080232.flac",0,3,"birdnetpi"
11599905911,"1791360112-11599905911",6891,"2026-10-07T10:01:52.000+02:00",0.99,0.938396036624908,9.83229227384514,"almost_certain","2p4",NA,51.5629,6.0027,FALSE,6,"European Robin","Erithacus rubecula","#93d436","avian","https://media.birdweather.com/species/6/EuropeanRobin-standard-6802f21dc9c4b056c0c15b0a4ad01a9a.jpg","https://media.birdweather.com/species/6/EuropeanRobin-thumbnail-3afd51da2d7daf4db7f4ed43af30ed2d.jpg","https://media.birdweather.com/species/6/EuropeanRobin-png200-ac96bfc6bbb72a9e2528d5544937cebd.png","YxgKFwJnWYePd3iMd5h4Z4eHp6cMG8gA",17863325024,"https://media.birdweather.com/soundscapes/6891/6891-20261007-080152.flac",0,3,"birdnetpi"
11599900976,"1791360086-11599900976",6891,"2026-10-07T10:01:26.000+02:00",0.98,0.938396036624908,9.81229191863816,"almost_certain","2p4",NA,51.5667,6.0028,FALSE,6,"European Robin","Erithacus rubecula","#93d436","avian","https://media.birdweather.com/species/6/EuropeanRobin-standard-6802f21dc9c4b056c0c15b0a4ad01a9a.jpg","https://media.birdweather.com/species/6/EuropeanRobin-thumbnail-3afd51da2d7daf4db7f4ed43af30ed2d.jpg","https://media.birdweather.com/species/6/EuropeanRobin-png200-ac96bfc6bbb72a9e2528d5544937cebd.png","YxgKFwJnWYePd3iMd5h4Z4eHp6cMG8gA",17863311621,"https://media.birdweather.com/soundscapes/6891/6891-20261007-080126.flac",0,3,"birdnetpi"
11599896159,"1791360061-11599896159",6891,"2026-10-07T10:01:01.000+02:00",0.99,0.938396036624908,9.83229227384514,"almost_certain","2p4",NA,51.5622,6.0036,FALSE,6,"European Robin","Erithacus rubecula","#93d436","avian","https://media.birdweather.com/species/6/EuropeanRobin-standard-6802f21dc9c4b056c0c15b0a4ad01a9a.jpg","https://media.birdweather.com/species/6/EuropeanRobin-thumbnail-3afd51da2d7daf4db7f4ed43af30ed2d.jpg","https://media.birdweather.com/species/6/EuropeanRobin-png200-ac96bfc6bbb72a9e2528d5544937cebd.png","YxgKFwJnWYePd3iMd5h4Z4eHp6cMG8gA",17863298723,"https://media.birdweather.com/soundscapes/6891/6891-20261007-080101.flac",0,3,"birdnetpi"
11599890767,"1791360029-11599890767",6891,"2026-10-07T10:00:29.000+02:00",1,0.938396036624908,9.85200484415451,"almost_certain","2p4",NA,51.5672,6.0052,FALSE,6,"European Robin","Erithacus rubecula","#93d436","avian","https://media.birdweather.com/species/6/EuropeanRobin-standard-6802f21dc9c4b056c0c15b0a4ad01a9a.jpg","https://media.birdweather.com/species/6/EuropeanRobin-thumbnail-3afd51da2d7daf4db7f4ed43af30ed2d.jpg","https://media.birdweather.com/species/6/EuropeanRobin-png200-ac96bfc6bbb72a9e2528d5544937cebd.png","YxgKFwJnWYePd3iMd5h4Z4eHp6cMG8gA",17863283874,"https://media.birdweather.com/soundscapes/6891/6891-20261007-080029.flac",0,3,"birdnetpi"
11599884895,"1791359996-11599884895",6891,"2026-10-07T09:59:56.000+02:00",0.77,0.928480803966522,9.29187018746248,"almost_certain","2p4",NA,51.5643,6.0012,FALSE,66,"Eurasian Blue Tit","Cyanistes caeruleus","#4b8900","avian","https://media.birdweather.com/species/66/EurasianBlueTit-standard-4ec8e45d78b2908d0f41ae495ae07571.jpg","https://media.birdweather.com/species/66/EurasianBlueTit-thumbnail-4d9abc54a3abc3fb12e78e603cbe6784.jpg","https://media.birdweather.com/species/66/EurasianBlueTit-png200-49adab92304ba7a74e93ac43e38e62d3.png","EfgJBwAKhHiEm2ZheGllqXeZhi/ze3EP",17863267618,"https://media.birdweather.com/soundscapes/6891/6891-20261007-075956.flac",0,3,"birdnetpi"
11599843769,"1791359779-11599843769",6891,"2026-10-07T09:56:19.000+02:00",0.74,0.938677608966827,9.21631284434232,"almost_certain","2p4",NA,51.5621,6.008,FALSE,11,"Great Tit","Parus major","#7a41c7","avian","https://media.birdweather.com/species/11/GreatTit-standard-0058e4dcd148acb2e0cb8a7b7c6ad3b2.jpg","https://media.birdweather.com/species/11/GreatTit-thumbnail-6910d0adae4550c5e6f2396322ee64c4.jpg","https://media.birdweather.com/species/11/GreatTit-png200-9f3394faf07d12f615112c10cb9d7f02.png","ImkCDwTFxox9pZloaIaeZLsJp9r1yG4P",17863155311,"https://media.birdweather.com/soundscapes/6891/6891-20261007-075619.flac",0,3,"birdnetpi"
11599844680,"1791359776-11599844680",6891,"2026-10-07T09:56:16.000+02:00",0.84,0.295793175697327,7.94582192487041,"almost_certain","2p4",NA,51.5637,6.0058,FALSE,2,"Short-toed Treecreeper","Certhia brachydactyla","#66dd57","avian","https://media.birdweather.com/species/2/Short-toedTreecreeper-standard-7bbb76fb215629d251262575c97eb338.jpg","https://media.birdweather.com/species/2/Short-toedTreecreeper-thumbnail-fab8f3fcc7962cfbf3bdbde5dc2a415d.jpg","https://media.birdweather.com/species/2/Short-toedTreecreeper-png200-9ed36805c2a6923b35a860f2814cdd8c.png","IRkGHwS/1aqJXad3ialWmph5+Yx4z3gI",17863157791,"https://media.birdweather.com/soundscapes/6891/6891-20261007-075616.flac",0,3,"birdnetpi"
11599841456,"1791359759-11599841456",6891,"2026-10-07T09:55:59.000+02:00",0.77,0.295793175697327,7.75561599542014,"almost_certain","2p4",NA,51.568,6.0075,FALSE,2,"Short-toed Treecreeper","Certhia brachydactyla","#66dd57","avian","https://media.birdweather.com/species/2/Short-toedTreecreeper-standard-7bbb76fb215629d251262575c97eb338.jpg","https://media.birdweather.com/species/2/Short-toedTreecreeper-thumbnail-fab8f3fcc7962cfbf3bdbde5dc2a415d.jpg","https://media.birdweather.com/species/2/Short-toedTreecreeper-png200-9ed36805c2a6923b35a860f2814cdd8c.png","IRkGHwS/1aqJXad3ialWmph5+Yx4z3gI",17863149317,"https://media.birdweather.com/soundscapes/6891/6891-20261007-075559.flac",0,3,"birdnetpi"
11599838470,"1791359744-11599838470",6891,"2026-10-07T09:55:44.000+02:00",0.79,0.938677608966827,9.36376685428586,"almost_certain","2p4",NA,51.5691,6.0019,FALSE,11,"Great Tit","Parus major","#7a41c7","avian","https://media.birdweather.com/species/11/GreatTit-standard-0058e4dcd148acb2e0cb8a7b7c6ad3b2.jpg","https://media.birdweather.com/species/11/GreatTit-thumbnail-6910d0adae4550c5e6f2396322ee64c4.jpg","https://media.birdweather.com/species/11/GreatTit-png200-9f3394faf07d12f615112c10cb9d7f02.png","ImkCDwTFxox9pZloaIaeZLsJp9r1yG4P",17863141814,"https://media.birdweather.com/soundscapes/6891/6891-20261007-075544.flac",0,3,"birdnetpi"
11599787056,"1791359480-11599787056",6891,"2026-10-07T09:51:20.000+02:00",0.96,0.454288482666016,8.79284882095451,"almost_certain","2p4",NA,51.5636,6.0054,FALSE,44,"Dunnock","Prunella modularis","#fea614","avian","https://media.birdweather.com/species/44/Dunnock-standard-a705d7131240cedd1c407b5a19989591.jpg","https://media.birdweather.com/species/44/Dunnock-thumbnail-1036624855b82c96db4ad23d1ed9d702.jpg","https://media.birdweather.com/species/44/Dunnock-png200-951bb2cdb9ec585716907d8eac83882e.png","lQgGDwB9pneQhHlwWjeK2ZK6d/kdFaUA",17863006989,"https://media.birdweather.com/soundscapes/6891/6891-20261007-075120.flac",0,3,"birdnetpi"
11599782221,"1791359461-11599782221",6891,"2026-10-07T09:51:01.000+02:00",0.91,0.938396036624908,9.66346355646433,"almost_certain","2p4",NA,51.5701,6.007,FALSE,6,"European Robin","Erithacus rubecula","#93d436","avian","https://media.birdweather.com/species/6/EuropeanRobin-standard-6802f21dc9c4b056c0c15b0a4ad01a9a.jpg","https://media.birdweather.com/species/6/EuropeanRobin-thumbnail-3afd51da2d7daf4db7f4ed43af30ed2d.jpg","https://media.birdweather.com/species/6/EuropeanRobin-png200-ac96bfc6bbb72a9e2528d5544937cebd.png","YxgKFwJnWYePd3iMd5h4Z4eHp6cMG8gA",17862994529,"https://media.birdweather.com/soundscapes/6891/6891-20261007-075101.flac",0,3,"birdnetpi"
11599779488,"1791359435-11599779488",6891,"2026-10-07T09:50:35.000+02:00",0.87,0.938677608966827,9.57095328280763,"almost_certain","2p4",NA,51.5693,6.0055,FALSE,11,"Great Tit","Parus major","#7a41c7","avian","https://media.birdweather.com/species/11/GreatTit-standard-0058e4dcd148acb2e0cb8a7b7c6ad3b2.jpg","https://media.birdweather.com/species/11/GreatTit-thumbnail-6910d0adae4550c5e6f2396322ee64c4.jpg","https://media.birdweather.com/species/11/GreatTit-png200-9f3394faf07d12f615112c10cb9d7f02.png","ImkCDwTFxox9pZloaIaeZLsJp9r1yG4P",17862987556,"https://media.birdweather.com/soundscapes/6891/6891-20261007-075035.flac",0,3,"birdnetpi"
11599777619,"1791359431-11599777619",6891,"2026-10-07T09:50:31.000+02:00",0.87,0.938396036624908,9.57054659948023,"almost_certain","2p4",NA,51.5636,6.0028,FALSE,6,"European Robin","Erithacus rubecula","#93d436","avian","https://media.birdweather.com/species/6/EuropeanRobin-standard-6802f21dc9c4b056c0c15b0a4ad01a9a.jpg","https://media.birdweather.com/species/6/EuropeanRobin-thumbnail-3afd51da2d7daf4db7f4ed43af30ed2d.jpg","https://media.birdweather.com/species/6/EuropeanRobin-png200-ac96bfc6bbb72a9e2528d5544937cebd.png","YxgKFwJnWYePd3iMd5h4Z4eHp6cMG8gA",17862983011,"https://media.birdweather.com/soundscapes/6891/6891-20261007-075031.flac",0,3,"birdnetpi"
11599765684,"1791359361-11599765684",6891,"2026-10-07T09:49:21.000+02:00",0.96,0.938396036624908,9.77139335912309,"almost_certain","2p4",NA,51.5625,6.0015,FALSE,6,"European Robin","Erithacus rubecula","#93d436","avian","https://media.birdweather.com/species/6/EuropeanRobin-standard-6802f21dc9c4b056c0c15b0a4ad01a9a.jpg","https://media.birdweather.com/species/6/EuropeanRobin-thumbnail-3afd51da2d7daf4db7f4ed43af30ed2d.jpg","https://media.birdweather.com/species/6/EuropeanRobin-png200-ac96bfc6bbb72a9e2528d5544937cebd.png","YxgKFwJnWYePd3iMd5h4Z4eHp6cMG8gA",17862950983,"https://media.birdweather.com/soundscapes/6891/6891-20261007-074921.flac",0,3,"birdnetpi"
11599761832,"1791359342-11599761832",6891,"2026-10-07T09:49:02.000+02:00",0.9,0.938677608966827,9.64122509611857,"almost_certain","2p4",NA,51.57,6.009,FALSE,11,"Great Tit","Parus major","#7a41c7","avian","https://media.birdweather.com/species/11/GreatTit-standard-0058e4dcd148acb2e0cb8a7b7c6ad3b2.jpg","https://media.birdweather.com/species/11/GreatTit-thumbnail-6910d0adae4550c5e6f2396322ee64c4.jpg","https://media.birdweather.com/species/11/GreatTit-png200-9f3394faf07d12f615112c10cb9d7f02.png","ImkCDwTFxox9pZloaIaeZLsJp9r1yG4P",17862941043,"https://media.birdweather.com/soundscapes/6891/6891-20261007-074902.flac",0,3,"birdnetpi"
11599758451,"1791359330-11599758451",6891,"2026-10-07T09:48:50.000+02:00",0.98,0.938396036624908,9.81229191863816,"almost_certain","2p4",NA,51.5635,6.0009,FALSE,6,"European Robin","Erithacus rubecula","#93d436","avian","https://media.birdweather.com/species/6/EuropeanRobin-standard-6802f21dc9c4b056c0c15b0a4ad01a9a.jpg","https://media.birdweather.com/species/6/EuropeanRobin-thumbnail-3afd51da2d7daf4db7f4ed43af30ed2d.jpg","https://media.birdweather.com/species/6/EuropeanRobin-png200-ac96bfc6bbb72a9e2528d5544937cebd.png","YxgKFwJnWYePd3iMd5h4Z4eHp6cMG8gA",17862931972,"https://media.birdweather.com/soundscapes/6891/6891-20261007-074850.flac",0,3,"birdnetpi"
11599750924,"1791359290-11599750924",6891,"2026-10-07T09:48:10.000+02:00",0.99,0.938396036624908,9.83229227384514,"almost_certain","2p4",NA,51.5619,6.0093,FALSE,6,"European Robin","Erithacus rubecula","#93d436","avian","https://media.birdweather.com/species/6/EuropeanRobin-standard-6802f21dc9c4b056c0c15b0a4ad01a9a.jpg","https://media.birdweather.com/species/6/EuropeanRobin-thumbnail-3afd51da2d7daf4db7f4ed43af30ed2d.jpg","https://media.birdweather.com/species/6/EuropeanRobin-png200-ac96bfc6bbb72a9e2528d5544937cebd.png","YxgKFwJnWYePd3iMd5h4Z4eHp6cMG8gA",17862912040,"https://media.birdweather.com/soundscapes/6891/6891-20261007-074810.flac",0,3,"birdnetpi"
11599749895,"1791359279-11599749895",6891,"2026-10-07T09:47:59.000+02:00",0.76,0.454288482666016,8.29826053756836,"almost_certain","2p4",NA,51.5667,6.0084,FALSE,44,"Dunnock","Prunella modularis","#fea614","avian","https://media.birdweather.com/species/44/Dunnock-standard-a705d7131240cedd1c407b5a19989591.jpg","https://media.birdweather.com/species/44/Dunnock-thumbnail-1036624855b82c96db4ad23d1ed9d702.jpg","https://media.birdweather.com/species/44/Dunnock-png200-951bb2cdb9ec585716907d8eac83882e.png","lQgGDwB9pneQhHlwWjeK2ZK6d/kdFaUA",17862909500,"https://media.birdweather.com/soundscapes/6891/6891-20261007-074759.flac",0,3,"birdnetpi"
11599747481,"1791359275-11599747481",6891,"2026-10-07T09:47:55.000+02:00",0.97,0.938396036624908,9.79199525111251,"almost_certain","2p4",NA,51.5615,6.0027,FALSE,6,"European Robin","Erithacus rubecula","#93d436","avian","https://media.birdweather.com/species/6/EuropeanRobin-standard-6802f21dc9c4b056c0c15b0a4ad01a9a.jpg","https://media.birdweather.com/species/6/EuropeanRobin-thumbnail-3afd51da2d7daf4db7f4ed43af30ed2d.jpg","https://media.birdweather.com/species/6/EuropeanRobin-png200-ac96bfc6bbb72a9e2528d5544937cebd.png","YxgKFwJnWYePd3iMd5h4Z4eHp6cMG8gA",17862903018,"https://media.birdweather.com/soundscapes/6891/6891-20261007-074755.flac",0,3,"birdnetpi"
11599742062,"1791359237-11599742062",6891,"2026-10-07T09:47:17.000+02:00",0.97,0.938396036624908,9.79199525111251,"almost_certain","2p4",NA,51.5641,6.0081,FALSE,6,"European Robin","Erithacus rubecula","#93d436","avian","https://media.birdweather.com/species/6/EuropeanRobin-standard-6802f21dc9c4b056c0c15b0a4ad01a9a.jpg","https://media.birdweather.com/species/6/EuropeanRobin-thumbnail-3afd51da2d7daf4db7f4ed43af30ed2d.jpg","https://media.birdweather.com/species/6/EuropeanRobin-png200-ac96bfc6bbb72a9e2528d5544937cebd.png","YxgKFwJnWYePd3iMd5h4Z4eHp6cMG8gA",17862888530,"https://media.birdweather.com/soundscapes/6891/6891-20261007-074717.flac",0,3,"birdnetpi"
11599738022,"1791359216-11599738022",6891,"2026-10-07T09:46:56.000+02:00",0.98,0.938396036624908,9.81229191863816,"almost_certain","2p4",NA,51.5685,6.0049,FALSE,6,"European Robin","Erithacus rubecula","#93d436","avian","https://media.birdweather.com/species/6/EuropeanRobin-standard-6802f21dc9c4b056c0c15b0a4ad01a9a.jpg","https://media.birdweather.com/species/6/EuropeanRobin-thumbnail-3afd51da2d7daf4db7f4ed43af30ed2d.jpg","https://media.birdweather.com/species/6/EuropeanRobin-png200-ac96bfc6bbb72a9e2528d5544937cebd.png","YxgKFwJnWYePd3iMd5h4Z4eHp6cMG8gA",17862877947,"https://media.birdweather.com/soundscapes/6891/6891-20261007-074656.flac",0,3,"birdnetpi"
11599735106,"1791359200-11599735106",6891,"2026-10-07T09:46:40.000+02:00",0.75,0.938677608966827,9.24710065685963,"almost_certain","2p4",NA,51.5638,6.0042,FALSE,11,"Great Tit","Parus major","#7a41c7","avian","https://media.birdweather.com/species/11/GreatTit-standard-0058e4dcd148acb2e0cb8a7b7c6ad3b2.jpg","https://media.birdweather.com/species/11/GreatTit-thumbnail-6910d0adae4550c5e6f2396322ee64c4.jpg","https://media.birdweather.com/species/11/GreatTit-png200-9f3394faf07d12f615112c10cb9d7f02.png","ImkCDwTFxox9pZloaIaeZLsJp9r1yG4P",17862869991,"https://media.birdweather.com/soundscapes/6891/6891-20261007-074640.flac",0,3,"birdnetpi"
11599732376,"1791359186-11599732376",6891,"2026-10-07T09:46:26.000+02:00",0.98,0.938396036624908,9.81229191863816,"almost_certain","2p4",NA,51.5661,6.0036,FALSE,6,"European Robin","Erithacus rubecula","#93d436","avian","https://media.birdweather.com/species/6/EuropeanRobin-standard-6802f21dc9c4b056c0c15b0a4ad01a9a.jpg","https://media.birdweather.com/species/6/EuropeanRobin-thumbnail-3afd51da2d7daf4db7f4ed43af30ed2d.jpg","https://media.birdweather.com/species/6/EuropeanRobin-png200-ac96bfc6bbb72a9e2528d5544937cebd.png","YxgKFwJnWYePd3iMd5h4Z4eHp6cMG8gA",17862862953,"https://media.birdweather.com/soundscapes/6891/6891-20261007-074626.flac",0,3,"birdnetpi"
11599711400,"1791359080-11599711400",6891,"2026-10-07T09:44:40.000+02:00",0.97,0.938677608966827,9.79240193443992,"almost_certain","2p4",NA,51.5641,6.0092,FALSE,11,"Great Tit","Parus major","#7a41c7","avian","https://media.birdweather.com/species/11/GreatTit-standard-0058e4dcd148acb2e0cb8a7b7c6ad3b2.jpg","https://media.birdweather.com/species/11/GreatTit-thumbnail-6910d0adae4550c5e6f2396322ee64c4.jpg","https://media.birdweather.com/species/11/GreatTit-png200-9f3394faf07d12f615112c10cb9d7f02.png","ImkCDwTFxox9pZloaIaeZLsJp9r1yG4P",17862809022,"https://media.birdweather.com/soundscapes/6891/6891-20261007-074440.flac",0,3,"birdnetpi"
11599710086,"1791359071-11599710086",6891,"2026-10-07T09:44:31.000+02:00",0.73,0.938396036624908,9.18441052104707,"almost_certain","2p4",NA,51.5666,6.0048,FALSE,6,"European Robin","Erithacus rubecula","#93d436","avian","https://media.birdweather.com/species/6/EuropeanRobin-standard-6802f21dc9c4b056c0c15b0a4ad01a9a.jpg","https://media.birdweather.com/species/6/EuropeanRobin-thumbnail-3afd51da2d7daf4db7f4ed43af30ed2d.jpg","https://media.birdweather.com/species/6/EuropeanRobin-png200-ac96bfc6bbb72a9e2528d5544937cebd.png","YxgKFwJnWYePd3iMd5h4Z4eHp6cMG8gA",17862805486,"https://media.birdweather.com/soundscapes/6891/6891-20261007-074431.flac",0,3,"birdnetpi"
11599706661,"1791359053-11599706661",6891,"2026-10-07T09:44:13.000+02:00",0.95,0.938396036624908,9.75047692230391,"almost_certain","2p4",NA,51.5635,6.004,FALSE,6,"European Robin","Erithacus rubecula","#93d436","avian","https://media.birdweather.com/species/6/EuropeanRobin-standard-6802f21dc9c4b056c0c15b0a4ad01a9a.jpg","https://media.birdweather.com/species/6/EuropeanRobin-thumbnail-3afd51da2d7daf4db7f4ed43af30ed2d.jpg","https://media.birdweather.com/species/6/EuropeanRobin-png200-ac96bfc6bbb72a9e2528d5544937cebd.png","YxgKFwJnWYePd3iMd5h4Z4eHp6cMG8gA",17862796560,"https://media.birdweather.com/soundscapes/6891/6891-20261007-074413.flac",0,3,"birdnetpi"
11599699913,"1791359018-11599699913",6891,"2026-10-07T09:43:38.000+02:00",0.91,0.938396036624908,9.66346355646433,"almost_certain","2p4",NA,51.5638,6.0053,FALSE,6,"European Robin","Erithacus rubecula","#93d436","avian","https://media.birdweather.com/species/6/EuropeanRobin-standard-6802f21dc9c4b056c0c15b0a4ad01a9a.jpg","https://media.birdweather.com/species/6/EuropeanRobin-thumbnail-3afd51da2d7daf4db7f4ed43af30ed2d.jpg","https://media.birdweather.com/species/6/EuropeanRobin-png200-ac96bfc6bbb72a9e2528d5544937cebd.png","YxgKFwJnWYePd3iMd5h4Z4eHp6cMG8gA",17862779102,"https://media.birdweather.com/soundscapes/6891/6891-20261007-074338.flac",0,3,"birdnetpi"
11599696436,"1791359009-11599696436",6891,"2026-10-07T09:43:29.000+02:00",0.96,0.938396036624908,9.77139335912309,"almost_certain","2p4",NA,51.57,6.0041,FALSE,6,"European Robin","Erithacus rubecula","#93d436","avian","https://media.birdweather.com/species/6/EuropeanRobin-standard-6802f21dc9c4b056c0c15b0a4ad01a9a.jpg","https://media.birdweather.com/species/6/EuropeanRobin-thumbnail-3afd51da2d7daf4db7f4ed43af30ed2d.jpg","https://media.birdweather.com/species/6/EuropeanRobin-png200-ac96bfc6bbb72a9e2528d5544937cebd.png","YxgKFwJnWYePd3iMd5h4Z4eHp6cMG8gA",17862770035,"https://media.birdweather.com/soundscapes/6891/6891-20261007-074329.flac",0,3,"birdnetpi"
11599692245,"1791358979-11599692245",6891,"2026-10-07T09:42:59.000+02:00",0.97,0.938396036624908,9.79199525111251,"almost_certain","2p4",NA,51.5654,6.0006,FALSE,6,"European Robin","Erithacus rubecula","#93d436","avian","https://media.birdweather.com/species/6/EuropeanRobin-standard-6802f21dc9c4b056c0c15b0a4ad01a9a.jpg","https://media.birdweather.com/species/6/EuropeanRobin-thumbnail-3afd51da2d7daf4db7f4ed43af30ed2d.jpg","https://media.birdweather.com/species/6/EuropeanRobin-png200-ac96bfc6bbb72a9e2528d5544937cebd.png","YxgKFwJnWYePd3iMd5h4Z4eHp6cMG8gA",17862759076,"https://media.birdweather.com/soundscapes/6891/6891-20261007-074259.flac",0,3,"birdnetpi"
11599687977,"1791358964-11599687977",6891,"2026-10-07T09:42:44.000+02:00",0.95,0.938396036624908,9.75047692230391,"almost_certain","2p4",NA,51.5665,6.0043,FALSE,6,"European Robin","Erithacus rubecula","#93d436","avian","https://media.birdweather.com/species/6/EuropeanRobin-standard-6802f21dc9c4b056c0c15b0a4ad01a9a.jpg","https://media.birdweather.com/species/6/EuropeanRobin-thumbnail-3afd51da2d7daf4db7f4ed43af30ed2d.jpg","https://media.birdweather.com/species/6/EuropeanRobin-png200-ac96bfc6bbb72a9e2528d5544937cebd.png","YxgKFwJnWYePd3iMd5h4Z4eHp6cMG8gA",17862747591,"https://media.birdweather.com/soundscapes/6891/6891-20261007-074244.flac",0,3,"birdnetpi"
11599682606,"1791358933-11599682606",6891,"2026-10-07T09:42:13.000+02:00",0.98,0.938396036624908,9.81229191863816,"almost_certain","2p4",NA,51.5624,6.0024,FALSE,6,"European Robin","Erithacus rubecula","#93d436","avian","https://media.birdweather.com/species/6/EuropeanRobin-standard-6802f21dc9c4b056c0c15b0a4ad01a9a.jpg","https://media.birdweather.com/species/6/EuropeanRobin-thumbnail-3afd51da2d7daf4db7f4ed43af30ed2d.jpg","https://media.birdweather.com/species/6/EuropeanRobin-png200-ac96bfc6bbb72a9e2528d5544937cebd.png","YxgKFwJnWYePd3iMd5h4Z4eHp6cMG8gA",17862733595,"https://media.birdweather.com/soundscapes/6891/6891-20261007-074213.flac",0,3,"birdnetpi"
11599681992,"1791358925-11599681992",6891,"2026-10-07T09:42:05.000+02:00",0.97,0.844611883163452,9.64934434756479,"almost_certain","2p4",NA,51.5691,6.0034,FALSE,52,"Eurasian Magpie","Pica pica","#d9c845","avian","https://media.birdweather.com/species/52/EurasianMagpie-standard-918a15076b13e00f4b99a7d5416ca730.jpg","https://media.birdweather.com/species/52/EurasianMagpie-thumbnail-d9fbe854e7c8607465886068aaae11f9.jpg","https://media.birdweather.com/species/52/EurasianMagpie-png200-5c239aeda607c9e0851a39f804982091.png","FggGDwAf+FnWW5aUV4SFiZZ7ehr4bvIM",17862732076,"https://media.birdweather.com/soundscapes/6891/6891-20261007-074205.flac",0,3,"birdnetpi"
11599679147,"1791358912-11599679147",6891,"2026-10-07T09:41:52.000+02:00",0.99,0.938396036624908,9.83229227384514,"almost_certain","2p4",NA,51.5643,6.0064,FALSE,6,"European Robin","Erithacus rubecula","#93d436","avian","https://media.birdweather.com/species/6/EuropeanRobin-standard-6802f21dc9c4b056c0c15b0a4ad01a9a.jpg","https://media.birdweather.com/species/6/EuropeanRobin-thumbnail-3afd51da2d7daf4db7f4ed43af30ed2d.jpg","https://media.birdweather.com/species/6/EuropeanRobin-png200-ac96bfc6bbb72a9e2528d5544937cebd.png","YxgKFwJnWYePd3iMd5h4Z4eHp6cMG8gA",17862725039,"https://media.birdweather.com/soundscapes/6891/6891-20261007-074152.flac",0,3,"birdnetpi"
11599673242,"1791358882-11599673242",6891,"2026-10-07T09:41:22.000+02:00",1,0.938396036624908,9.85200484415451,"almost_certain","2p4",NA,51.5685,6.0046,FALSE,6,"European Robin","Erithacus rubecula","#93d436","avian","https://media.birdweather.com/species/6/EuropeanRobin-standard-6802f21dc9c4b056c0c15b0a4ad01a9a.jpg","https://media.birdweather.com/species/6/EuropeanRobin-thumbnail-3afd51da2d7daf4db7f4ed43af30ed2d.jpg","https://media.birdweather.com/species/6/EuropeanRobin-png200-ac96bfc6bbb72a9e2528d5544937cebd.png","YxgKFwJnWYePd3iMd5h4Z4eHp6cMG8gA",17862710108,"https://media.birdweather.com/soundscapes/6891/6891-20261007-074122.flac",0,3,"birdnetpi"
11599666920,"1791358847-11599666920",6891,"2026-10-07T09:40:47.000+02:00",0.83,0.938396036624908,9.4708662841133,"almost_certain","2p4",NA,51.5689,6.004,FALSE,6,"European Robin","Erithacus rubecula","#93d436","avian","https://media.birdweather.com/species/6/EuropeanRobin-standard-6802f21dc9c4b056c0c15b0a4ad01a9a.jpg","https://media.birdweather.com/species/6/EuropeanRobin-thumbnail-3afd51da2d7daf4db7f4ed43af30ed2d.jpg","https://media.birdweather.com/species/6/EuropeanRobin-png200-ac96bfc6bbb72a9e2528d5544937cebd.png","YxgKFwJnWYePd3iMd5h4Z4eHp6cMG8gA",17862693651,"https://media.birdweather.com/soundscapes/6891/6891-20261007-074047.flac",0,3,"birdnetpi"
11599663295,"1791358831-11599663295",6891,"2026-10-07T09:40:31.000+02:00",1,0.938396036624908,9.85200484415451,"almost_certain","2p4",NA,51.5696,6.0008,FALSE,6,"European Robin","Erithacus rubecula","#93d436","avian","https://media.birdweather.com/species/6/EuropeanRobin-standard-6802f21dc9c4b056c0c15b0a4ad01a9a.jpg","https://media.birdweather.com/species/6/EuropeanRobin-thumbnail-3afd51da2d7daf4db7f4ed43af30ed2d.jpg","https://media.birdweather.com/species/6/EuropeanRobin-png200-ac96bfc6bbb72a9e2528d5544937cebd.png","YxgKFwJnWYePd3iMd5h4Z4eHp6cMG8gA",17862684682,"https://media.birdweather.com/soundscapes/6891/6891-20261007-074031.flac",0,3,"birdnetpi"
11599660406,"1791358814-11599660406",6891,"2026-10-07T09:40:14.000+02:00",0.98,0.938396036624908,9.81229191863816,"almost_certain","2p4",NA,51.5665,6.0017,FALSE,6,"European Robin","Erithacus rubecula","#93d436","avian","https://media.birdweather.com/species/6/EuropeanRobin-standard-6802f21dc9c4b056c0c15b0a4ad01a9a.jpg","https://media.birdweather.com/species/6/EuropeanRobin-thumbnail-3afd51da2d7daf4db7f4ed43af30ed2d.jpg","https://media.birdweather.com/species/6/EuropeanRobin-png200-ac96bfc6bbb72a9e2528d5544937cebd.png","YxgKFwJnWYePd3iMd5h4Z4eHp6cMG8gA",17862677204,"https://media.birdweather.com/soundscapes/6891/6891-20261007-074014.flac",0,3,"birdnetpi"
11599651793,"1791358777-11599651793",6891,"2026-10-07T09:39:37.000+02:00",0.98,0.938396036624908,9.81229191863816,"almost_certain","2p4",NA,51.57,6.0025,FALSE,6,"European Robin","Erithacus rubecula","#93d436","avian","https://media.birdweather.com/species/6/EuropeanRobin-standard-6802f21dc9c4b056c0c15b0a4ad01a9a.jpg","https://media.birdweather.com/species/6/EuropeanRobin-thumbnail-3afd51da2d7daf4db7f4ed43af30ed2d.jpg","https://media.birdweather.com/species/6/EuropeanRobin-png200-ac96bfc6bbb72a9e2528d5544937cebd.png","YxgKFwJnWYePd3iMd5h4Z4eHp6cMG8gA",17862654326,"https://media.birdweather.com/soundscapes/6891/6891-20261007-073937.flac",0,3,"birdnetpi"
11599646203,"1791358745-11599646203",6891,"2026-10-07T09:39:05.000+02:00",0.95,0.938396036624908,9.75047692230391,"almost_certain","2p4",NA,51.5639,6.0065,FALSE,6,"European Robin","Erithacus rubecula","#93d436","avian","https://media.birdweather.com/species/6/EuropeanRobin-standard-6802f21dc9c4b056c0c15b0a4ad01a9a.jpg","https://media.birdweather.com/species/6/EuropeanRobin-thumbnail-3afd51da2d7daf4db7f4ed43af30ed2d.jpg","https://media.birdweather.com/species/6/EuropeanRobin-png200-ac96bfc6bbb72a9e2528d5544937cebd.png","YxgKFwJnWYePd3iMd5h4Z4eHp6cMG8gA",17862639350,"https://media.birdweather.com/soundscapes/6891/6891-20261007-073905.flac",0,3,"birdnetpi"
11599644095,"1791358729-11599644095",6891,"2026-10-07T09:38:49.000+02:00",0.93,0.295793175697327,8.15700835623376,"almost_certain","2p4",NA,51.5668,6.0052,FALSE,2,"Short-toed Treecreeper","Certhia brachydactyla","#66dd57","avian","https://media.birdweather.com/species/2/Short-toedTreecreeper-standard-7bbb76fb215629d251262575c97eb338.jpg","https://media.birdweather.com/species/2/Short-toedTreecreeper-thumbnail-fab8f3fcc7962cfbf3bdbde5dc2a415d.jpg","https://media.birdweather.com/species/2/Short-toedTreecreeper-png200-9ed36805c2a6923b35a860f2814cdd8c.png","IRkGHwS/1aqJXad3ialWmph5+Yx4z3gI",17862633866,"https://media.birdweather.com/soundscapes/6891/6891-20261007-073849.flac",0,3,"birdnetpi"
11599640996,"1791358723-11599640996",6891,"2026-10-07T09:38:43.000+02:00",0.86,0.938396036624908,9.54629817885404,"almost_certain","2p4",NA,51.5618,6.0068,FALSE,6,"European Robin","Erithacus rubecula","#93d436","avian","https://media.birdweather.com/species/6/EuropeanRobin-standard-6802f21dc9c4b056c0c15b0a4ad01a9a.jpg","https://media.birdweather.com/species/6/EuropeanRobin-thumbnail-3afd51da2d7daf4db7f4ed43af30ed2d.jpg","https://media.birdweather.com/species/6/EuropeanRobin-png200-ac96bfc6bbb72a9e2528d5544937cebd.png","YxgKFwJnWYePd3iMd5h4Z4eHp6cMG8gA",17862626335,"https://media.birdweather.com/soundscapes/6891/6891-20261007-073843.flac",0,3,"birdnetpi"
11599639697,"1791358705-11599639697",6891,"2026-10-07T09:38:25.000+02:00",0.81,0.454288482666016,8.43962294121063,"almost_certain","2p4",NA,51.5615,6.0058,FALSE,44,"Dunnock","Prunella modularis","#fea614","avian","https://media.birdweather.com/species/44/Dunnock-standard-a705d7131240cedd1c407b5a19989591.jpg","https://media.birdweather.com/species/44/Dunnock-thumbnail-1036624855b82c96db4ad23d1ed9d702.jpg","https://media.birdweather.com/species/44/Dunnock-png200-951bb2cdb9ec585716907d8eac83882e.png","lQgGDwB9pneQhHlwWjeK2ZK6d/kdFaUA",17862622858,"https://media.birdweather.com/soundscapes/6891/6891-20261007-073825.flac",0,3,"birdnetpi"
11599638112,"1791358699-11599638112",6891,"2026-10-07T09:38:19.000+02:00",0.97,0.844611883163452,9.64934434756479,"almost_certain","2p4",NA,51.5696,6.0013,FALSE,52,"Eurasian Magpie","Pica pica","#d9c845","avian","https://media.birdweather.com/species/52/EurasianMagpie-standard-918a15076b13e00f4b99a7d5416ca730.jpg","https://media.birdweather.com/species/52/EurasianMagpie-thumbnail-d9fbe854e7c8607465886068aaae11f9.jpg","https://media.birdweather.com/species/52/EurasianMagpie-png200-5c239aeda607c9e0851a39f804982091.png","FggGDwAf+FnWW5aUV4SFiZZ7ehr4bvIM",17862618870,"https://media.birdweather.com/soundscapes/6891/6891-20261007-073819.flac",0,3,"birdnetpi"
11599627831,"1791358645-11599627831",6891,"2026-10-07T09:37:25.000+02:00",0.99,0.938396036624908,9.83229227384514,"almost_certain","2p4",NA,51.5658,6.005,FALSE,6,"European Robin","Erithacus rubecula","#93d436","avian","https://media.birdweather.com/species/6/EuropeanRobin-standard-6802f21dc9c4b056c0c15b0a4ad01a9a.jpg","https://media.birdweather.com/species/6/EuropeanRobin-thumbnail-3afd51da2d7daf4db7f4ed43af30ed2d.jpg","https://media.birdweather.com/species/6/EuropeanRobin-png200-ac96bfc6bbb72a9e2528d5544937cebd.png","YxgKFwJnWYePd3iMd5h4Z4eHp6cMG8gA",17862591982,"https://media.birdweather.com/soundscapes/6891/6891-20261007-073725.flac",0,3,"birdnetpi"
11599620915,"1791358609-11599620915",6891,"2026-10-07T09:36:49.000+02:00",0.96,0.938396036624908,9.77139335912309,"almost_certain","2p4",NA,51.5667,6.0091,FALSE,6,"European Robin","Erithacus rubecula","#93d436","avian","https://media.birdweather.com/species/6/EuropeanRobin-standard-6802f21dc9c4b056c0c15b0a4ad01a9a.jpg","https://media.birdweather.com/species/6/EuropeanRobin-thumbnail-3afd51da2d7daf4db7f4ed43af30ed2d.jpg","https://media.birdweather.com/species/6/EuropeanRobin-png200-ac96bfc6bbb72a9e2528d5544937cebd.png","YxgKFwJnWYePd3iMd5h4Z4eHp6cMG8gA",17862574067,"https://media.birdweather.com/soundscapes/6891/6891-20261007-073649.flac",0,3,"birdnetpi"
11599615848,"1791358591-11599615848",6891,"2026-10-07T09:36:31.000+02:00",0.94,0.938396036624908,9.72923618674964,"almost_certain","2p4",NA,51.5663,6.0091,FALSE,6,"European Robin","Erithacus rubecula","#93d436","avian","https://media.birdweather.com/species/6/EuropeanRobin-standard-6802f21dc9c4b056c0c15b0a4ad01a9a.jpg","https://media.birdweather.com/species/6/EuropeanRobin-thumbnail-3afd51da2d7daf4db7f4ed43af30ed2d.jpg","https://media.birdweather.com/species/6/EuropeanRobin-png200-ac96bfc6bbb72a9e2528d5544937cebd.png","YxgKFwJnWYePd3iMd5h4Z4eHp6cMG8gA",17862561569,"https://media.birdweather.com/soundscapes/6891/6891-20261007-073631.flac",0,3,"birdnetpi"
11599609516,"1791358550-11599609516",6891,"2026-10-07T09:35:50.000+02:00",0.98,0.938396036624908,9.81229191863816,"almost_certain","2p4",NA,51.5692,6.0047,FALSE,6,"European Robin","Erithacus rubecula","#93d436","avian","https://media.birdweather.com/species/6/EuropeanRobin-standard-6802f21dc9c4b056c0c15b0a4ad01a9a.jpg","https://media.birdweather.com/species/6/EuropeanRobin-thumbnail-3afd51da2d7daf4db7f4ed43af30ed2d.jpg","https://media.birdweather.com/species/6/EuropeanRobin-png200-ac96bfc6bbb72a9e2528d5544937cebd.png","YxgKFwJnWYePd3iMd5h4Z4eHp6cMG8gA",17862545631,"https://media.birdweather.com/soundscapes/6891/6891-20261007-073550.flac",0,3,"birdnetpi"
11599606046,"1791358534-11599606046",6891,"2026-10-07T09:35:34.000+02:00",0.99,0.938396036624908,9.83229227384514,"almost_certain","2p4",NA,51.5624,6.0022,FALSE,6,"European Robin","Erithacus rubecula","#93d436","avian","https://media.birdweather.com/species/6/EuropeanRobin-standard-6802f21dc9c4b056c0c15b0a4ad01a9a.jpg","https://media.birdweather.com/species/6/EuropeanRobin-thumbnail-3afd51da2d7daf4db7f4ed43af30ed2d.jpg","https://media.birdweather.com/species/6/EuropeanRobin-png200-ac96bfc6bbb72a9e2528d5544937cebd.png","YxgKFwJnWYePd3iMd5h4Z4eHp6cMG8gA",17862536646,"https://media.birdweather.com/soundscapes/6891/6891-20261007-073534.flac",0,3,"birdnetpi"
11599602890,"1791358517-11599602890",6891,"2026-10-07T09:35:17.000+02:00",0.98,0.938396036624908,9.81229191863816,"almost_certain","2p4",NA,51.5641,6.001,FALSE,6,"European Robin","Erithacus rubecula","#93d436","avian","https://media.birdweather.com/species/6/EuropeanRobin-standard-6802f21dc9c4b056c0c15b0a4ad01a9a.jpg","https://media.birdweather.com/species/6/EuropeanRobin-thumbnail-3afd51da2d7daf4db7f4ed43af30ed2d.jpg","https://media.birdweather.com/species/6/EuropeanRobin-png200-ac96bfc6bbb72a9e2528d5544937cebd.png","YxgKFwJnWYePd3iMd5h4Z4eHp6cMG8gA",17862528680,"https://media.birdweather.com/soundscapes/6891/6891-20261007-073517.flac",0,3,"birdnetpi"
11599597196,"1791358487-11599597196",6891,"2026-10-07T09:34:47.000+02:00",0.94,0.938396036624908,9.72923618674964,"almost_certain","2p4",NA,51.5685,6.0088,FALSE,6,"European Robin","Erithacus rubecula","#93d436","avian","https://media.birdweather.com/species/6/EuropeanRobin-standard-6802f21dc9c4b056c0c15b0a4ad01a9a.jpg","https://media.birdweather.com/species/6/EuropeanRobin-thumbnail-3afd51da2d7daf4db7f4ed43af30ed2d.jpg","https://media.birdweather.com/species/6/EuropeanRobin-png200-ac96bfc6bbb72a9e2528d5544937cebd.png","YxgKFwJnWYePd3iMd5h4Z4eHp6cMG8gA",17862514164,"https://media.birdweather.com/soundscapes/6891/6891-20261007-073447.flac",0,3,"birdnetpi"
11599593828,"1791358471-11599593828",6891,"2026-10-07T09:34:31.000+02:00",0.74,0.938396036624908,9.21590616101491,"almost_certain","2p4",NA,51.5665,6.0033,FALSE,6,"European Robin","Erithacus rubecula","#93d436","avian","https://media.birdweather.com/species/6/EuropeanRobin-standard-6802f21dc9c4b056c0c15b0a4ad01a9a.jpg","https://media.birdweather.com/species/6/EuropeanRobin-thumbnail-3afd51da2d7daf4db7f4ed43af30ed2d.jpg","https://media.birdweather.com/species/6/EuropeanRobin-png200-ac96bfc6bbb72a9e2528d5544937cebd.png","YxgKFwJnWYePd3iMd5h4Z4eHp6cMG8gA",17862505189,"https://media.birdweather.com/soundscapes/6891/6891-20261007-073431.flac",0,3,"birdnetpi"
11599590721,"1791358460-11599590721",6891,"2026-10-07T09:34:20.000+02:00",0.98,0.938396036624908,9.81229191863816,"almost_certain","2p4",NA,51.5698,6.001,FALSE,6,"European Robin","Erithacus rubecula","#93d436","avian","https://media.birdweather.com/species/6/EuropeanRobin-standard-6802f21dc9c4b056c0c15b0a4ad01a9a.jpg","https://media.birdweather.com/species/6/EuropeanRobin-thumbnail-3afd51da2d7daf4db7f4ed43af30ed2d.jpg","https://media.birdweather.com/species/6/EuropeanRobin-png200-ac96bfc6bbb72a9e2528d5544937cebd.png","YxgKFwJnWYePd3iMd5h4Z4eHp6cMG8gA",17862497235,"https://media.birdweather.com/soundscapes/6891/6891-20261007-073420.flac",0,3,"birdnetpi"
11599586824,"1791358444-11599586824",6891,"2026-10-07T09:34:04.000+02:00",1,0.938396036624908,9.85200484415451,"almost_certain","2p4",NA,51.5654,6.0037,FALSE,6,"European Robin","Erithacus rubecula","#93d436","avian","https://media.birdweather.com/species/6/EuropeanRobin-standard-6802f21dc9c4b056c0c15b0a4ad01a9a.jpg","https://media.birdweather.com/species/6/EuropeanRobin-thumbnail-3afd51da2d7daf4db7f4ed43af30ed2d.jpg","https://media.birdweather.com/species/6/EuropeanRobin-png200-ac96bfc6bbb72a9e2528d5544937cebd.png","YxgKFwJnWYePd3iMd5h4Z4eHp6cMG8gA",17862487167,"https://media.birdweather.com/soundscapes/6891/6891-20261007-073404.flac",0,3,"birdnetpi"
11599583132,"1791358424-11599583132",6891,"2026-10-07T09:33:44.000+02:00",0.97,0.938396036624908,9.79199525111251,"almost_certain","2p4",NA,51.5683,6.0018,FALSE,6,"European Robin","Erithacus rubecula","#93d436","avian","https://media.birdweather.com/species/6/EuropeanRobin-standard-6802f21dc9c4b056c0c15b0a4ad01a9a.jpg","https://media.birdweather.com/species/6/EuropeanRobin-thumbnail-3afd51da2d7daf4db7f4ed43af30ed2d.jpg","https://media.birdweather.com/species/6/EuropeanRobin-png200-ac96bfc6bbb72a9e2528d5544937cebd.png","YxgKFwJnWYePd3iMd5h4Z4eHp6cMG8gA",17862477709,"https://media.birdweather.com/soundscapes/6891/6891-20261007-073344.flac",0,3,"birdnetpi"
11599584498,"1791358421-11599584498",6891,"2026-10-07T09:33:41.000+02:00",0.82,0.938677608966827,9.44517694033085,"almost_certain","2p4",NA,51.5673,6.0091,FALSE,11,"Great Tit","Parus major","#7a41c7","avian","https://media.birdweather.com/species/11/GreatTit-standard-0058e4dcd148acb2e0cb8a7b7c6ad3b2.jpg","https://media.birdweather.com/species/11/GreatTit-thumbnail-6910d0adae4550c5e6f2396322ee64c4.jpg","https://media.birdweather.com/species/11/GreatTit-png200-9f3394faf07d12f615112c10cb9d7f02.png","ImkCDwTFxox9pZloaIaeZLsJp9r1yG4P",17862481242,"https://media.birdweather.com/soundscapes/6891/6891-20261007-073341.flac",0,3,"birdnetpi"
11599579866,"1791358406-11599579866",6891,"2026-10-07T09:33:26.000+02:00",0.88,0.938396036624908,9.59437328699549,"almost_certain","2p4",NA,51.5702,6.0023,FALSE,6,"European Robin","Erithacus rubecula","#93d436","avian","https://media.birdweather.com/species/6/EuropeanRobin-standard-6802f21dc9c4b056c0c15b0a4ad01a9a.jpg","https://media.birdweather.com/species/6/EuropeanRobin-thumbnail-3afd51da2d7daf4db7f4ed43af30ed2d.jpg","https://media.birdweather.com/species/6/EuropeanRobin-png200-ac96bfc6bbb72a9e2528d5544937cebd.png","YxgKFwJnWYePd3iMd5h4Z4eHp6cMG8gA",17862469236,"https://media.birdweather.com/soundscapes/6891/6891-20261007-073326.flac",0,3,"birdnetpi"
11599576777,"1791358381-11599576777",6891,"2026-10-07T09:33:01.000+02:00",0.93,0.938396036624908,9.70766093770329,"almost_certain","2p4",NA,51.563,6.0051,FALSE,6,"European Robin","Erithacus rubecula","#93d436","avian","https://media.birdweather.com/species/6/EuropeanRobin-standard-6802f21dc9c4b056c0c15b0a4ad01a9a.jpg","https://media.birdweather.com/species/6/EuropeanRobin-thumbnail-3afd51da2d7daf4db7f4ed43af30ed2d.jpg","https://media.birdweather.com/species/6/EuropeanRobin-png200-ac96bfc6bbb72a9e2528d5544937cebd.png","YxgKFwJnWYePd3iMd5h4Z4eHp6cMG8gA",17862461233,"https://media.birdweather.com/soundscapes/6891/6891-20261007-073301.flac",0,3,"birdnetpi"
11599569165,"1791358342-11599569165",6891,"2026-10-07T09:32:22.000+02:00",0.99,0.454288482666016,8.85374773567655,"almost_certain","2p4",NA,51.567,6.0053,FALSE,44,"Dunnock","Prunella modularis","#fea614","avian","https://media.birdweather.com/species/44/Dunnock-standard-a705d7131240cedd1c407b5a19989591.jpg","https://media.birdweather.com/species/44/Dunnock-thumbnail-1036624855b82c96db4ad23d1ed9d702.jpg","https://media.birdweather.com/species/44/Dunnock-png200-951bb2cdb9ec585716907d8eac83882e.png","lQgGDwB9pneQhHlwWjeK2ZK6d/kdFaUA",17862441817,"https://media.birdweather.com/soundscapes/6891/6891-20261007-073222.flac",0,3,"birdnetpi"
11599510900,"1791358046-11599510900",6891,"2026-10-07T09:27:26.000+02:00",0.85,0.619479060173035,8.96007779286515,"almost_certain","2p4",NA,51.5694,6.0079,FALSE,1,"House Sparrow","Passer domesticus","#d16ff8","avian","https://media.birdweather.com/species/1/HouseSparrow-standard-b861184cf45c092cdb45fd689dd676ef.jpg","https://media.birdweather.com/species/1/HouseSparrow-thumbnail-e9cbc91763a1579de8ef04880678b5e3.jpg","https://media.birdweather.com/species/1/HouseSparrow-png200-125e8603e1efe9d7a18316b94f06a65e.png","XAgCDwD8qpukuHiqtLZ9mImnmPFcDO4E",17862294182,"https://media.birdweather.com/soundscapes/6891/6891-20261007-072726.flac",0,3,"birdnetpi"
11599506692,"1791358025-11599506692",6891,"2026-10-07T09:27:05.000+02:00",0.83,0.454288482666016,8.49232174594471,"almost_certain","2p4",NA,51.5699,6.0019,FALSE,44,"Dunnock","Prunella modularis","#fea614","avian","https://media.birdweather.com/species/44/Dunnock-standard-a705d7131240cedd1c407b5a19989591.jpg","https://media.birdweather.com/species/44/Dunnock-thumbnail-1036624855b82c96db4ad23d1ed9d702.jpg","https://media.birdweather.com/species/44/Dunnock-png200-951bb2cdb9ec585716907d8eac83882e.png","lQgGDwB9pneQhHlwWjeK2ZK6d/kdFaUA",17862283683,"https://media.birdweather.com/soundscapes/6891/6891-20261007-072705.flac",0,3,"birdnetpi"
11599506162,"1791358022-11599506162",6891,"2026-10-07T09:27:02.000+02:00",0.7,0.938396036624908,9.08533121468298,"almost_certain","2p4",NA,51.5674,6.0007,FALSE,6,"European Robin","Erithacus rubecula","#93d436","avian","https://media.birdweather.com/species/6/EuropeanRobin-standard-6802f21dc9c4b056c0c15b0a4ad01a9a.jpg","https://media.birdweather.com/species/6/EuropeanRobin-thumbnail-3afd51da2d7daf4db7f4ed43af30ed2d.jpg","https://media.birdweather.com/species/6/EuropeanRobin-png200-ac96bfc6bbb72a9e2528d5544937cebd.png","YxgKFwJnWYePd3iMd5h4Z4eHp6cMG8gA",17862282172,"https://media.birdweather.com/soundscapes/6891/6891-20261007-072702.flac",0,3,"birdnetpi"
11599503156,"1791358007-11599503156",6891,"2026-10-07T09:26:47.000+02:00",0.94,0.454288482666016,8.75069164858105,"almost_certain","2p4",NA,51.5643,6.0022,FALSE,44,"Dunnock","Prunella modularis","#fea614","avian","https://media.birdweather.com/species/44/Dunnock-standard-a705d7131240cedd1c407b5a19989591.jpg","https://media.birdweather.com/species/44/Dunnock-thumbnail-1036624855b82c96db4ad23d1ed9d702.jpg","https://media.birdweather.com/species/44/Dunnock-png200-951bb2cdb9ec585716907d8eac83882e.png","lQgGDwB9pneQhHlwWjeK2ZK6d/kdFaUA",17862274733,"https://media.birdweather.com/soundscapes/6891/6891-20261007-072647.flac",0,3,"birdnetpi"
11599502434,"1791358003-11599502434",6891,"2026-10-07T09:26:43.000+02:00",0.85,0.938396036624908,9.52161282631538,"almost_certain","2p4",NA,51.5623,6.0042,FALSE,6,"European Robin","Erithacus rubecula","#93d436","avian","https://media.birdweather.com/species/6/EuropeanRobin-standard-6802f21dc9c4b056c0c15b0a4ad01a9a.jpg","https://media.birdweather.com/species/6/EuropeanRobin-thumbnail-3afd51da2d7daf4db7f4ed43af30ed2d.jpg","https://media.birdweather.com/species/6/EuropeanRobin-png200-ac96bfc6bbb72a9e2528d5544937cebd.png","YxgKFwJnWYePd3iMd5h4Z4eHp6cMG8gA",17862272840,"https://media.birdweather.com/soundscapes/6891/6891-20261007-072643.flac",0,3,"birdnetpi"
11599483707,"1791357910-11599483707",6891,"2026-10-07T09:25:10.000+02:00",0.75,0.938396036624908,9.24669397353223,"almost_certain","2p4",NA,51.5641,6.0018,FALSE,6,"European Robin","Erithacus rubecula","#93d436","avian","https://media.birdweather.com/species/6/EuropeanRobin-standard-6802f21dc9c4b056c0c15b0a4ad01a9a.jpg","https://media.birdweather.com/species/6/EuropeanRobin-thumbnail-3afd51da2d7daf4db7f4ed43af30ed2d.jpg","https://media.birdweather.com/species/6/EuropeanRobin-png200-ac96bfc6bbb72a9e2528d5544937cebd.png","YxgKFwJnWYePd3iMd5h4Z4eHp6cMG8gA",17862226187,"https://media.birdweather.com/soundscapes/6891/6891-20261007-072510.flac",0,3,"birdnetpi"
11599483129,"1791357907-11599483129",6891,"2026-10-07T09:25:07.000+02:00",0.75,0.619479060173035,8.685158940082,"almost_certain","2p4",NA,51.5662,6.0075,FALSE,1,"House Sparrow","Passer domesticus","#d16ff8","avian","https://media.birdweather.com/species/1/HouseSparrow-standard-b861184cf45c092cdb45fd689dd676ef.jpg","https://media.birdweather.com/species/1/HouseSparrow-thumbnail-e9cbc91763a1579de8ef04880678b5e3.jpg","https://media.birdweather.com/species/1/HouseSparrow-png200-125e8603e1efe9d7a18316b94f06a65e.png","XAgCDwD8qpukuHiqtLZ9mImnmPFcDO4E",17862224738,"https://media.birdweather.com/soundscapes/6891/6891-20261007-072507.flac",0,3,"birdnetpi"
11599477392,"1791357887-11599477392",6891,"2026-10-07T09:24:47.000+02:00",0.74,0.938396036624908,9.21590616101491,"almost_certain","2p4",NA,51.5624,6.0063,FALSE,6,"European Robin","Erithacus rubecula","#93d436","avian","https://media.birdweather.com/species/6/EuropeanRobin-standard-6802f21dc9c4b056c0c15b0a4ad01a9a.jpg","https://media.birdweather.com/species/6/EuropeanRobin-thumbnail-3afd51da2d7daf4db7f4ed43af30ed2d.jpg","https://media.birdweather.com/species/6/EuropeanRobin-png200-ac96bfc6bbb72a9e2528d5544937cebd.png","YxgKFwJnWYePd3iMd5h4Z4eHp6cMG8gA",17862210248,"https://media.birdweather.com/soundscapes/6891/6891-20261007-072447.flac",0,3,"birdnetpi"
11599478367,"1791357883-11599478367",6891,"2026-10-07T09:24:43.000+02:00",0.95,0.454288482666016,8.77193238413533,"almost_certain","2p4",NA,51.5686,6.0054,FALSE,44,"Dunnock","Prunella modularis","#fea614","avian","https://media.birdweather.com/species/44/Dunnock-standard-a705d7131240cedd1c407b5a19989591.jpg","https://media.birdweather.com/species/44/Dunnock-thumbnail-1036624855b82c96db4ad23d1ed9d702.jpg","https://media.birdweather.com/species/44/Dunnock-png200-951bb2cdb9ec585716907d8eac83882e.png","lQgGDwB9pneQhHlwWjeK2ZK6d/kdFaUA",17862212793,"https://media.birdweather.com/soundscapes/6891/6891-20261007-072443.flac",0,3,"birdnetpi"
11599473951,"1791357872-11599473951",6891,"2026-10-07T09:24:32.000+02:00",0.78,0.619479060173035,8.77357671404047,"almost_certain","2p4",NA,51.5642,6.0031,FALSE,1,"House Sparrow","Passer domesticus","#d16ff8","avian","https://media.birdweather.com/species/1/HouseSparrow-standard-b861184cf45c092cdb45fd689dd676ef.jpg","https://media.birdweather.com/species/1/HouseSparrow-thumbnail-e9cbc91763a1579de8ef04880678b5e3.jpg","https://media.birdweather.com/species/1/HouseSparrow-png200-125e8603e1efe9d7a18316b94f06a65e.png","XAgCDwD8qpukuHiqtLZ9mImnmPFcDO4E",17862201275,"https://media.birdweather.com/soundscapes/6891/6891-20261007-072432.flac",0,3,"birdnetpi"
11599472758,"1791357863-11599472758",6891,"2026-10-07T09:24:23.000+02:00",0.74,0.454288482666016,8.23736162284632,"almost_certain","2p4",NA,51.5658,6.0038,FALSE,44,"Dunnock","Prunella modularis","#fea614","avian","https://media.birdweather.com/species/44/Dunnock-standard-a705d7131240cedd1c407b5a19989591.jpg","https://media.birdweather.com/species/44/Dunnock-thumbnail-1036624855b82c96db4ad23d1ed9d702.jpg","https://media.birdweather.com/species/44/Dunnock-png200-951bb2cdb9ec585716907d8eac83882e.png","lQgGDwB9pneQhHlwWjeK2ZK6d/kdFaUA",17862198218,"https://media.birdweather.com/soundscapes/6891/6891-20261007-072423.flac",0,3,"birdnetpi"
11599470999,"1791357845-11599470999",6891,"2026-10-07T09:24:05.000+02:00",0.78,0.619479060173035,8.77357671404047,"almost_certain","2p4",NA,51.5657,6.0046,FALSE,1,"House Sparrow","Passer domesticus","#d16ff8","avian","https://media.birdweather.com/species/1/HouseSparrow-standard-b861184cf45c092cdb45fd689dd676ef.jpg","https://media.birdweather.com/species/1/HouseSparrow-thumbnail-e9cbc91763a1579de8ef04880678b5e3.jpg","https://media.birdweather.com/species/1/HouseSparrow-png200-125e8603e1efe9d7a18316b94f06a65e.png","XAgCDwD8qpukuHiqtLZ9mImnmPFcDO4E",17862193780,"https://media.birdweather.com/soundscapes/6891/6891-20261007-072405.flac",0,3,"birdnetpi"
11599469230,"1791357838-11599469230",6891,"2026-10-07T09:23:58.000+02:00",0.97,0.454288482666016,8.81345071294393,"almost_certain","2p4",NA,51.5677,6.0073,FALSE,44,"Dunnock","Prunella modularis","#fea614","avian","https://media.birdweather.com/species/44/Dunnock-standard-a705d7131240cedd1c407b5a19989591.jpg","https://media.birdweather.com/species/44/Dunnock-thumbnail-1036624855b82c96db4ad23d1ed9d702.jpg","https://media.birdweather.com/species/44/Dunnock-png200-951bb2cdb9ec585716907d8eac83882e.png","lQgGDwB9pneQhHlwWjeK2ZK6d/kdFaUA",17862189260,"https://media.birdweather.com/soundscapes/6891/6891-20261007-072358.flac",0,3,"birdnetpi"
11599467449,"1791357827-11599467449",6891,"2026-10-07T09:23:47.000+02:00",0.77,0.619479060173035,8.74473354343944,"almost_certain","2p4",NA,51.565,6.0052,FALSE,1,"House Sparrow","Passer domesticus","#d16ff8","avian","https://media.birdweather.com/species/1/HouseSparrow-standard-b861184cf45c092cdb45fd689dd676ef.jpg","https://media.birdweather.com/species/1/HouseSparrow-thumbnail-e9cbc91763a1579de8ef04880678b5e3.jpg","https://media.birdweather.com/species/1/HouseSparrow-png200-125e8603e1efe9d7a18316b94f06a65e.png","XAgCDwD8qpukuHiqtLZ9mImnmPFcDO4E",17862184735,"https://media.birdweather.com/soundscapes/6891/6891-20261007-072347.flac",0,3,"birdnetpi"
11599463179,"1791357818-11599463179",6891,"2026-10-07T09:23:38.000+02:00",0.99,0.454288482666016,8.85374773567655,"almost_certain","2p4",NA,51.5686,6.0067,FALSE,44,"Dunnock","Prunella modularis","#fea614","avian","https://media.birdweather.com/species/44/Dunnock-standard-a705d7131240cedd1c407b5a19989591.jpg","https://media.birdweather.com/species/44/Dunnock-thumbnail-1036624855b82c96db4ad23d1ed9d702.jpg","https://media.birdweather.com/species/44/Dunnock-png200-951bb2cdb9ec585716907d8eac83882e.png","lQgGDwB9pneQhHlwWjeK2ZK6d/kdFaUA",17862174264,"https://media.birdweather.com/soundscapes/6891/6891-20261007-072338.flac",0,3,"birdnetpi"
11599462388,"1791357802-11599462388",6891,"2026-10-07T09:23:22.000+02:00",0.71,0.938396036624908,9.11916009393179,"almost_certain","2p4",NA,51.5693,6.0082,FALSE,6,"European Robin","Erithacus rubecula","#93d436","avian","https://media.birdweather.com/species/6/EuropeanRobin-standard-6802f21dc9c4b056c0c15b0a4ad01a9a.jpg","https://media.birdweather.com/species/6/EuropeanRobin-thumbnail-3afd51da2d7daf4db7f4ed43af30ed2d.jpg","https://media.birdweather.com/species/6/EuropeanRobin-png200-ac96bfc6bbb72a9e2528d5544937cebd.png","YxgKFwJnWYePd3iMd5h4Z4eHp6cMG8gA",17862172280,"https://media.birdweather.com/soundscapes/6891/6891-20261007-072322.flac",0,3,"birdnetpi"
11599460027,"1791357791-11599460027",6891,"2026-10-07T09:23:11.000+02:00",1,0.454288482666016,8.87346030598592,"almost_certain","2p4",NA,51.5616,6.0034,FALSE,44,"Dunnock","Prunella modularis","#fea614","avian","https://media.birdweather.com/species/44/Dunnock-standard-a705d7131240cedd1c407b5a19989591.jpg","https://media.birdweather.com/species/44/Dunnock-thumbnail-1036624855b82c96db4ad23d1ed9d702.jpg","https://media.birdweather.com/species/44/Dunnock-png200-951bb2cdb9ec585716907d8eac83882e.png","lQgGDwB9pneQhHlwWjeK2ZK6d/kdFaUA",17862166239,"https://media.birdweather.com/soundscapes/6891/6891-20261007-072311.flac",0,3,"birdnetpi"
11599457863,"1791357779-11599457863",6891,"2026-10-07T09:22:59.000+02:00",0.76,0.938396036624908,9.27680507573695,"almost_certain","2p4",NA,51.5684,6.0022,FALSE,6,"European Robin","Erithacus rubecula","#93d436","avian","https://media.birdweather.com/species/6/EuropeanRobin-standard-6802f21dc9c4b056c0c15b0a4ad01a9a.jpg","https://media.birdweather.com/species/6/EuropeanRobin-thumbnail-3afd51da2d7daf4db7f4ed43af30ed2d.jpg","https://media.birdweather.com/species/6/EuropeanRobin-png200-ac96bfc6bbb72a9e2528d5544937cebd.png","YxgKFwJnWYePd3iMd5h4Z4eHp6cMG8gA",17862160748,"https://media.birdweather.com/soundscapes/6891/6891-20261007-072259.flac",0,3,"birdnetpi"
11599454562,"1791357775-11599454562",6891,"2026-10-07T09:22:55.000+02:00",0.98,0.454288482666016,8.83374738046957,"almost_certain","2p4",NA,51.5638,6.0046,FALSE,44,"Dunnock","Prunella modularis","#fea614","avian","https://media.birdweather.com/species/44/Dunnock-standard-a705d7131240cedd1c407b5a19989591.jpg","https://media.birdweather.com/species/44/Dunnock-thumbnail-1036624855b82c96db4ad23d1ed9d702.jpg","https://media.birdweather.com/species/44/Dunnock-png200-951bb2cdb9ec585716907d8eac83882e.png","lQgGDwB9pneQhHlwWjeK2ZK6d/kdFaUA",17862152774,"https://media.birdweather.com/soundscapes/6891/6891-20261007-072255.flac",0,3,"birdnetpi"
11599443677,"1791357706-11599443677",6891,"2026-10-07T09:21:46.000+02:00",0.9,0.454288482666016,8.66227387462258,"almost_certain","2p4",NA,51.57,6.0077,FALSE,44,"Dunnock","Prunella modularis","#fea614","avian","https://media.birdweather.com/species/44/Dunnock-standard-a705d7131240cedd1c407b5a19989591.jpg","https://media.birdweather.com/species/44/Dunnock-thumbnail-1036624855b82c96db4ad23d1ed9d702.jpg","https://media.birdweather.com/species/44/Dunnock-png200-951bb2cdb9ec585716907d8eac83882e.png","lQgGDwB9pneQhHlwWjeK2ZK6d/kdFaUA",17862124372,"https://media.birdweather.com/soundscapes/6891/6891-20261007-072146.flac",0,3,"birdnetpi"
11599440764,"1791357691-11599440764",6891,"2026-10-07T09:21:31.000+02:00",0.77,0.454288482666016,8.32772403872108,"almost_certain","2p4",NA,51.5681,6.0061,FALSE,44,"Dunnock","Prunella modularis","#fea614","avian","https://media.birdweather.com/species/44/Dunnock-standard-a705d7131240cedd1c407b5a19989591.jpg","https://media.birdweather.com/species/44/Dunnock-thumbnail-1036624855b82c96db4ad23d1ed9d702.jpg","https://media.birdweather.com/species/44/Dunnock-png200-951bb2cdb9ec585716907d8eac83882e.png","lQgGDwB9pneQhHlwWjeK2ZK6d/kdFaUA",17862116748,"https://media.birdweather.com/soundscapes/6891/6891-20261007-072131.flac",0,3,"birdnetpi"
11599433976,"1791357664-11599433976",6891,"2026-10-07T09:21:04.000+02:00",0.88,0.454288482666016,8.6158287488269,"almost_certain","2p4",NA,51.5696,6.0039,FALSE,44,"Dunnock","Prunella modularis","#fea614","avian","https://media.birdweather.com/species/44/Dunnock-standard-a705d7131240cedd1c407b5a19989591.jpg","https://media.birdweather.com/species/44/Dunnock-thumbnail-1036624855b82c96db4ad23d1ed9d702.jpg","https://media.birdweather.com/species/44/Dunnock-png200-951bb2cdb9ec585716907d8eac83882e.png","lQgGDwB9pneQhHlwWjeK2ZK6d/kdFaUA",17862099257,"https://media.birdweather.com/soundscapes/6891/6891-20261007-072104.flac",0,3,"birdnetpi"
11599430474,"1791357638-11599430474",6891,"2026-10-07T09:20:38.000+02:00",0.96,0.454288482666016,8.79284882095451,"almost_certain","2p4",NA,51.565,6.0064,FALSE,44,"Dunnock","Prunella modularis","#fea614","avian","https://media.birdweather.com/species/44/Dunnock-standard-a705d7131240cedd1c407b5a19989591.jpg","https://media.birdweather.com/species/44/Dunnock-thumbnail-1036624855b82c96db4ad23d1ed9d702.jpg","https://media.birdweather.com/species/44/Dunnock-png200-951bb2cdb9ec585716907d8eac83882e.png","lQgGDwB9pneQhHlwWjeK2ZK6d/kdFaUA",17862090279,"https://media.birdweather.com/soundscapes/6891/6891-20261007-072038.flac",0,3,"birdnetpi"
11599426835,"1791357622-11599426835",6891,"2026-10-07T09:20:22.000+02:00",0.73,0.454288482666016,8.20586598287848,"almost_certain","2p4",NA,51.5656,6.0012,FALSE,44,"Dunnock","Prunella modularis","#fea614","avian","https://media.birdweather.com/species/44/Dunnock-standard-a705d7131240cedd1c407b5a19989591.jpg","https://media.birdweather.com/species/44/Dunnock-thumbnail-1036624855b82c96db4ad23d1ed9d702.jpg","https://media.birdweather.com/species/44/Dunnock-png200-951bb2cdb9ec585716907d8eac83882e.png","lQgGDwB9pneQhHlwWjeK2ZK6d/kdFaUA",17862081241,"https://media.birdweather.com/soundscapes/6891/6891-20261007-072022.flac",0,3,"birdnetpi"
11599408519,"1791357530-11599408519",6891,"2026-10-07T09:18:50.000+02:00",0.78,0.619479060173035,8.77357671404047,"almost_certain","2p4",NA,51.5696,6.0025,FALSE,1,"House Sparrow","Passer domesticus","#d16ff8","avian","https://media.birdweather.com/species/1/HouseSparrow-standard-b861184cf45c092cdb45fd689dd676ef.jpg","https://media.birdweather.com/species/1/HouseSparrow-thumbnail-e9cbc91763a1579de8ef04880678b5e3.jpg","https://media.birdweather.com/species/1/HouseSparrow-png200-125e8603e1efe9d7a18316b94f06a65e.png","XAgCDwD8qpukuHiqtLZ9mImnmPFcDO4E",17862036187,"https://media.birdweather.com/soundscapes/6891/6891-20261007-071850.flac",0,3,"birdnetpi"
11599403706,"1791357511-11599403706",6891,"2026-10-07T09:18:31.000+02:00",0.76,0.454288482666016,8.29826053756836,"almost_certain","2p4",NA,51.5665,6.0066,FALSE,44,"Dunnock","Prunella modularis","#fea614","avian","https://media.birdweather.com/species/44/Dunnock-standard-a705d7131240cedd1c407b5a19989591.jpg","https://media.birdweather.com/species/44/Dunnock-thumbnail-1036624855b82c96db4ad23d1ed9d702.jpg","https://media.birdweather.com/species/44/Dunnock-png200-951bb2cdb9ec585716907d8eac83882e.png","lQgGDwB9pneQhHlwWjeK2ZK6d/kdFaUA",17862024112,"https://media.birdweather.com/soundscapes/6891/6891-20261007-071831.flac",0,3,"birdnetpi"
11599400605,"1791357490-11599400605",6891,"2026-10-07T09:18:10.000+02:00",0.91,0.454288482666016,8.68491901829574,"almost_certain","2p4",NA,51.5701,6.004,FALSE,44,"Dunnock","Prunella modularis","#fea614","avian","https://media.birdweather.com/species/44/Dunnock-standard-a705d7131240cedd1c407b5a19989591.jpg","https://media.birdweather.com/species/44/Dunnock-thumbnail-1036624855b82c96db4ad23d1ed9d702.jpg","https://media.birdweather.com/species/44/Dunnock-png200-951bb2cdb9ec585716907d8eac83882e.png","lQgGDwB9pneQhHlwWjeK2ZK6d/kdFaUA",17862016169,"https://media.birdweather.com/soundscapes/6891/6891-20261007-071810.flac",0,3,"birdnetpi"
11599397058,"1791357472-11599397058",6891,"2026-10-07T09:17:52.000+02:00",0.9,0.928480803966522,9.62642002336398,"almost_certain","2p4",NA,51.565,6.0012,FALSE,66,"Eurasian Blue Tit","Cyanistes caeruleus","#4b8900","avian","https://media.birdweather.com/species/66/EurasianBlueTit-standard-4ec8e45d78b2908d0f41ae495ae07571.jpg","https://media.birdweather.com/species/66/EurasianBlueTit-thumbnail-4d9abc54a3abc3fb12e78e603cbe6784.jpg","https://media.birdweather.com/species/66/EurasianBlueTit-png200-49adab92304ba7a74e93ac43e38e62d3.png","EfgJBwAKhHiEm2ZheGllqXeZhi/ze3EP",17862007103,"https://media.birdweather.com/soundscapes/6891/6891-20261007-071752.flac",0,3,"birdnetpi"
11599394656,"1791357460-11599394656",6891,"2026-10-07T09:17:40.000+02:00",0.83,0.454288482666016,8.49232174594471,"almost_certain","2p4",NA,51.5665,6.0059,FALSE,44,"Dunnock","Prunella modularis","#fea614","avian","https://media.birdweather.com/species/44/Dunnock-standard-a705d7131240cedd1c407b5a19989591.jpg","https://media.birdweather.com/species/44/Dunnock-thumbnail-1036624855b82c96db4ad23d1ed9d702.jpg","https://media.birdweather.com/species/44/Dunnock-png200-951bb2cdb9ec585716907d8eac83882e.png","lQgGDwB9pneQhHlwWjeK2ZK6d/kdFaUA",17862001095,"https://media.birdweather.com/soundscapes/6891/6891-20261007-071740.flac",0,3,"birdnetpi"
11599391080,"1791357443-11599391080",6891,"2026-10-07T09:17:23.000+02:00",0.95,0.454288482666016,8.77193238413533,"almost_certain","2p4",NA,51.5634,6.007,FALSE,44,"Dunnock","Prunella modularis","#fea614","avian","https://media.birdweather.com/species/44/Dunnock-standard-a705d7131240cedd1c407b5a19989591.jpg","https://media.birdweather.com/species/44/Dunnock-thumbnail-1036624855b82c96db4ad23d1ed9d702.jpg","https://media.birdweather.com/species/44/Dunnock-png200-951bb2cdb9ec585716907d8eac83882e.png","lQgGDwB9pneQhHlwWjeK2ZK6d/kdFaUA",17861992161,"https://media.birdweather.com/soundscapes/6891/6891-20261007-071723.flac",0,3,"birdnetpi"
11599388319,"1791357428-11599388319",6891,"2026-10-07T09:17:08.000+02:00",0.92,0.938396036624908,9.68574047005867,"almost_certain","2p4",NA,51.5621,6.005,FALSE,6,"European Robin","Erithacus rubecula","#93d436","avian","https://media.birdweather.com/species/6/EuropeanRobin-standard-6802f21dc9c4b056c0c15b0a4ad01a9a.jpg","https://media.birdweather.com/species/6/EuropeanRobin-thumbnail-3afd51da2d7daf4db7f4ed43af30ed2d.jpg","https://media.birdweather.com/species/6/EuropeanRobin-png200-ac96bfc6bbb72a9e2528d5544937cebd.png","YxgKFwJnWYePd3iMd5h4Z4eHp6cMG8gA",17861985177,"https://media.birdweather.com/soundscapes/6891/6891-20261007-071708.flac",0,3,"birdnetpi"
11599386897,"1791357421-11599386897",6891,"2026-10-07T09:17:01.000+02:00",0.72,0.938677608966827,9.15258042292251,"almost_certain","2p4",NA,51.5621,6.0024,FALSE,11,"Great Tit","Parus major","#7a41c7","avian","https://media.birdweather.com/species/11/GreatTit-standard-0058e4dcd148acb2e0cb8a7b7c6ad3b2.jpg","https://media.birdweather.com/species/11/GreatTit-thumbnail-6910d0adae4550c5e6f2396322ee64c4.jpg","https://media.birdweather.com/species/11/GreatTit-png200-9f3394faf07d12f615112c10cb9d7f02.png","ImkCDwTFxox9pZloaIaeZLsJp9r1yG4P",17861981638,"https://media.birdweather.com/soundscapes/6891/6891-20261007-071701.flac",0,3,"birdnetpi"
11599385933,"1791357416-11599385933",6891,"2026-10-07T09:16:56.000+02:00",0.82,0.454288482666016,8.46622571883486,"almost_certain","2p4",NA,51.5635,6.0045,FALSE,44,"Dunnock","Prunella modularis","#fea614","avian","https://media.birdweather.com/species/44/Dunnock-standard-a705d7131240cedd1c407b5a19989591.jpg","https://media.birdweather.com/species/44/Dunnock-thumbnail-1036624855b82c96db4ad23d1ed9d702.jpg","https://media.birdweather.com/species/44/Dunnock-png200-951bb2cdb9ec585716907d8eac83882e.png","lQgGDwB9pneQhHlwWjeK2ZK6d/kdFaUA",17861979131,"https://media.birdweather.com/soundscapes/6891/6891-20261007-071656.flac",0,3,"birdnetpi"
11599384540,"1791357409-11599384540",6891,"2026-10-07T09:16:49.000+02:00",0.74,0.295793175697327,7.66525357954538,"almost_certain","2p4",NA,51.5686,6.0017,FALSE,2,"Short-toed Treecreeper","Certhia brachydactyla","#66dd57","avian","https://media.birdweather.com/species/2/Short-toedTreecreeper-standard-7bbb76fb215629d251262575c97eb338.jpg","https://media.birdweather.com/species/2/Short-toedTreecreeper-thumbnail-fab8f3fcc7962cfbf3bdbde5dc2a415d.jpg","https://media.birdweather.com/species/2/Short-toedTreecreeper-png200-9ed36805c2a6923b35a860f2814cdd8c.png","IRkGHwS/1aqJXad3ialWmph5+Yx4z3gI",17861975672,"https://media.birdweather.com/soundscapes/6891/6891-20261007-071649.flac",0,3,"birdnetpi"
11599382969,"1791357407-11599382969",6891,"2026-10-07T09:16:47.000+02:00",1,0.454288482666016,8.87346030598592,"almost_certain","2p4",NA,51.5691,6.0046,FALSE,44,"Dunnock","Prunella modularis","#fea614","avian","https://media.birdweather.com/species/44/Dunnock-standard-a705d7131240cedd1c407b5a19989591.jpg","https://media.birdweather.com/species/44/Dunnock-thumbnail-1036624855b82c96db4ad23d1ed9d702.jpg","https://media.birdweather.com/species/44/Dunnock-png200-951bb2cdb9ec585716907d8eac83882e.png","lQgGDwB9pneQhHlwWjeK2ZK6d/kdFaUA",17861971685,"https://media.birdweather.com/soundscapes/6891/6891-20261007-071647.flac",0,3,"birdnetpi"
11599383498,"1791357404-11599383498",6891,"2026-10-07T09:16:44.000+02:00",0.86,0.938677608966827,9.54670486218145,"almost_certain","2p4",NA,51.5623,6.008,FALSE,11,"Great Tit","Parus major","#7a41c7","avian","https://media.birdweather.com/species/11/GreatTit-standard-0058e4dcd148acb2e0cb8a7b7c6ad3b2.jpg","https://media.birdweather.com/species/11/GreatTit-thumbnail-6910d0adae4550c5e6f2396322ee64c4.jpg","https://media.birdweather.com/species/11/GreatTit-png200-9f3394faf07d12f615112c10cb9d7f02.png","ImkCDwTFxox9pZloaIaeZLsJp9r1yG4P",17861973149,"https://media.birdweather.com/soundscapes/6891/6891-20261007-071644.flac",0,3,"birdnetpi"
11599380559,"1791357389-11599380559",6891,"2026-10-07T09:16:29.000+02:00",0.83,0.938396036624908,9.4708662841133,"almost_certain","2p4",NA,51.5681,6.0038,FALSE,6,"European Robin","Erithacus rubecula","#93d436","avian","https://media.birdweather.com/species/6/EuropeanRobin-standard-6802f21dc9c4b056c0c15b0a4ad01a9a.jpg","https://media.birdweather.com/species/6/EuropeanRobin-thumbnail-3afd51da2d7daf4db7f4ed43af30ed2d.jpg","https://media.birdweather.com/species/6/EuropeanRobin-png200-ac96bfc6bbb72a9e2528d5544937cebd.png","YxgKFwJnWYePd3iMd5h4Z4eHp6cMG8gA",17861965695,"https://media.birdweather.com/soundscapes/6891/6891-20261007-071629.flac",0,3,"birdnetpi"
11599377930,"1791357376-11599377930",6891,"2026-10-07T09:16:16.000+02:00",0.83,0.619479060173035,8.90933125066307,"almost_certain","2p4",NA,51.5619,6.004,FALSE,1,"House Sparrow","Passer domesticus","#d16ff8","avian","https://media.birdweather.com/species/1/HouseSparrow-standard-b861184cf45c092cdb45fd689dd676ef.jpg","https://media.birdweather.com/species/1/HouseSparrow-thumbnail-e9cbc91763a1579de8ef04880678b5e3.jpg","https://media.birdweather.com/species/1/HouseSparrow-png200-125e8603e1efe9d7a18316b94f06a65e.png","XAgCDwD8qpukuHiqtLZ9mImnmPFcDO4E",17861959130,"https://media.birdweather.com/soundscapes/6891/6891-20261007-071616.flac",0,3,"birdnetpi"
11599374467,"1791357371-11599374467",6891,"2026-10-07T09:16:11.000+02:00",0.78,0.619479060173035,8.77357671404047,"almost_certain","2p4",NA,51.5619,6.0066,FALSE,1,"House Sparrow","Passer domesticus","#d16ff8","avian","https://media.birdweather.com/species/1/HouseSparrow-standard-b861184cf45c092cdb45fd689dd676ef.jpg","https://media.birdweather.com/species/1/HouseSparrow-thumbnail-e9cbc91763a1579de8ef04880678b5e3.jpg","https://media.birdweather.com/species/1/HouseSparrow-png200-125e8603e1efe9d7a18316b94f06a65e.png","XAgCDwD8qpukuHiqtLZ9mImnmPFcDO4E",17861950646,"https://media.birdweather.com/soundscapes/6891/6891-20261007-071611.flac",0,3,"birdnetpi"
11599367255,"1791357323-11599367255",6891,"2026-10-07T09:15:23.000+02:00",0.91,0.619479060173035,9.1019285230141,"almost_certain","2p4",NA,51.5642,6.0052,FALSE,1,"House Sparrow","Passer domesticus","#d16ff8","avian","https://media.birdweather.com/species/1/HouseSparrow-standard-b861184cf45c092cdb45fd689dd676ef.jpg","https://media.birdweather.com/species/1/HouseSparrow-thumbnail-e9cbc91763a1579de8ef04880678b5e3.jpg","https://media.birdweather.com/species/1/HouseSparrow-png200-125e8603e1efe9d7a18316b94f06a65e.png","XAgCDwD8qpukuHiqtLZ9mImnmPFcDO4E",17861932618,"https://media.birdweather.com/soundscapes/6891/6891-20261007-071523.flac",0,3,"birdnetpi"
11599362435,"1791357308-11599362435",6891,"2026-10-07T09:15:08.000+02:00",0.71,0.619479060173035,8.55762506048156,"almost_certain","2p4",NA,51.5649,6.0094,FALSE,1,"House Sparrow","Passer domesticus","#d16ff8","avian","https://media.birdweather.com/species/1/HouseSparrow-standard-b861184cf45c092cdb45fd689dd676ef.jpg","https://media.birdweather.com/species/1/HouseSparrow-thumbnail-e9cbc91763a1579de8ef04880678b5e3.jpg","https://media.birdweather.com/species/1/HouseSparrow-png200-125e8603e1efe9d7a18316b94f06a65e.png","XAgCDwD8qpukuHiqtLZ9mImnmPFcDO4E",17861920152,"https://media.birdweather.com/soundscapes/6891/6891-20261007-071508.flac",0,3,"birdnetpi"
11599357344,"1791357283-11599357344",6891,"2026-10-07T09:14:43.000+02:00",0.97,0.619479060173035,9.23046021766229,"almost_certain","2p4",NA,51.5681,6.0092,FALSE,1,"House Sparrow","Passer domesticus","#d16ff8","avian","https://media.birdweather.com/species/1/HouseSparrow-standard-b861184cf45c092cdb45fd689dd676ef.jpg","https://media.birdweather.com/species/1/HouseSparrow-thumbnail-e9cbc91763a1579de8ef04880678b5e3.jpg","https://media.birdweather.com/species/1/HouseSparrow-png200-125e8603e1efe9d7a18316b94f06a65e.png","XAgCDwD8qpukuHiqtLZ9mImnmPFcDO4E",17861906699,"https://media.birdweather.com/soundscapes/6891/6891-20261007-071443.flac",0,3,"birdnetpi"
11599350765,"1791357244-11599350765",6891,"2026-10-07T09:14:04.000+02:00",0.95,0.619479060173035,9.18894188885369,"almost_certain","2p4",NA,51.5628,6.0012,FALSE,1,"House Sparrow","Passer domesticus","#d16ff8","avian","https://media.birdweather.com/species/1/HouseSparrow-standard-b861184cf45c092cdb45fd689dd676ef.jpg","https://media.birdweather.com/species/1/HouseSparrow-thumbnail-e9cbc91763a1579de8ef04880678b5e3.jpg","https://media.birdweather.com/species/1/HouseSparrow-png200-125e8603e1efe9d7a18316b94f06a65e.png","XAgCDwD8qpukuHiqtLZ9mImnmPFcDO4E",17861890242,"https://media.birdweather.com/soundscapes/6891/6891-20261007-071404.flac",0,3,"birdnetpi"
11599330701,"1791357149-11599330701",6891,"2026-10-07T09:12:29.000+02:00",0.92,0.619479060173035,9.12420543660844,"almost_certain","2p4",NA,51.5697,6.0085,FALSE,1,"House Sparrow","Passer domesticus","#d16ff8","avian","https://media.birdweather.com/species/1/HouseSparrow-standard-b861184cf45c092cdb45fd689dd676ef.jpg","https://media.birdweather.com/species/1/HouseSparrow-thumbnail-e9cbc91763a1579de8ef04880678b5e3.jpg","https://media.birdweather.com/species/1/HouseSparrow-png200-125e8603e1efe9d7a18316b94f06a65e.png","XAgCDwD8qpukuHiqtLZ9mImnmPFcDO4E",17861839541,"https://media.birdweather.com/soundscapes/6891/6891-20261007-071229.flac",0,3,"birdnetpi"
11599327097,"1791357118-11599327097",6891,"2026-10-07T09:11:58.000+02:00",0.81,0.619479060173035,8.85663244592899,"almost_certain","2p4",NA,51.566,6.0084,FALSE,1,"House Sparrow","Passer domesticus","#d16ff8","avian","https://media.birdweather.com/species/1/HouseSparrow-standard-b861184cf45c092cdb45fd689dd676ef.jpg","https://media.birdweather.com/species/1/HouseSparrow-thumbnail-e9cbc91763a1579de8ef04880678b5e3.jpg","https://media.birdweather.com/species/1/HouseSparrow-png200-125e8603e1efe9d7a18316b94f06a65e.png","XAgCDwD8qpukuHiqtLZ9mImnmPFcDO4E",17861830031,"https://media.birdweather.com/soundscapes/6891/6891-20261007-071158.flac",0,3,"birdnetpi"
11599317174,"1791357067-11599317174",6891,"2026-10-07T09:11:07.000+02:00",0.83,0.938396036624908,9.4708662841133,"almost_certain","2p4",NA,51.5648,6.0023,FALSE,6,"European Robin","Erithacus rubecula","#93d436","avian","https://media.birdweather.com/species/6/EuropeanRobin-standard-6802f21dc9c4b056c0c15b0a4ad01a9a.jpg","https://media.birdweather.com/species/6/EuropeanRobin-thumbnail-3afd51da2d7daf4db7f4ed43af30ed2d.jpg","https://media.birdweather.com/species/6/EuropeanRobin-png200-ac96bfc6bbb72a9e2528d5544937cebd.png","YxgKFwJnWYePd3iMd5h4Z4eHp6cMG8gA",17861804541,"https://media.birdweather.com/soundscapes/6891/6891-20261007-071107.flac",0,3,"birdnetpi"
11599305459,"1791357007-11599305459",6891,"2026-10-07T09:10:07.000+02:00",0.87,0.938396036624908,9.57054659948023,"almost_certain","2p4",NA,51.5687,6.0072,FALSE,6,"European Robin","Erithacus rubecula","#93d436","avian","https://media.birdweather.com/species/6/EuropeanRobin-standard-6802f21dc9c4b056c0c15b0a4ad01a9a.jpg","https://media.birdweather.com/species/6/EuropeanRobin-thumbnail-3afd51da2d7daf4db7f4ed43af30ed2d.jpg","https://media.birdweather.com/species/6/EuropeanRobin-png200-ac96bfc6bbb72a9e2528d5544937cebd.png","YxgKFwJnWYePd3iMd5h4Z4eHp6cMG8gA",17861774568,"https://media.birdweather.com/soundscapes/6891/6891-20261007-071007.flac",0,3,"birdnetpi"
11599303320,"1791356996-11599303320",6891,"2026-10-07T09:09:56.000+02:00",0.84,0.323492109775543,8.06461493889414,"almost_certain","2p4",NA,51.5656,6.0007,FALSE,61,"Song Thrush","Turdus philomelos","#c20085","avian","https://media.birdweather.com/species/61/SongThrush-standard-8821482383a2449437975b6fbfa9a7f6.jpg","https://media.birdweather.com/species/61/SongThrush-thumbnail-313c4d63857e61b1b3f25e96ea42e23f.jpg","https://media.birdweather.com/species/61/SongThrush-png200-3465dc5f927896e1259256dce5b082db.png","o7kBDwSvRolEmXhKoypqeKlbk272BnsA",17861769057,"https://media.birdweather.com/soundscapes/6891/6891-20261007-070956.flac",0,3,"birdnetpi"
11599301521,"1791356987-11599301521",6891,"2026-10-07T09:09:47.000+02:00",0.99,0.938396036624908,9.83229227384514,"almost_certain","2p4",NA,51.5647,6.0036,FALSE,6,"European Robin","Erithacus rubecula","#93d436","avian","https://media.birdweather.com/species/6/EuropeanRobin-standard-6802f21dc9c4b056c0c15b0a4ad01a9a.jpg","https://media.birdweather.com/species/6/EuropeanRobin-thumbnail-3afd51da2d7daf4db7f4ed43af30ed2d.jpg","https://media.birdweather.com/species/6/EuropeanRobin-png200-ac96bfc6bbb72a9e2528d5544937cebd.png","YxgKFwJnWYePd3iMd5h4Z4eHp6cMG8gA",17861764573,"https://media.birdweather.com/soundscapes/6891/6891-20261007-070947.flac",0,3,"birdnetpi"
11599295803,"1791356960-11599295803",6891,"2026-10-07T09:09:20.000+02:00",0.95,0.938396036624908,9.75047692230391,"almost_certain","2p4",NA,51.5617,6.0091,FALSE,6,"European Robin","Erithacus rubecula","#93d436","avian","https://media.birdweather.com/species/6/EuropeanRobin-standard-6802f21dc9c4b056c0c15b0a4ad01a9a.jpg","https://media.birdweather.com/species/6/EuropeanRobin-thumbnail-3afd51da2d7daf4db7f4ed43af30ed2d.jpg","https://media.birdweather.com/species/6/EuropeanRobin-png200-ac96bfc6bbb72a9e2528d5544937cebd.png","YxgKFwJnWYePd3iMd5h4Z4eHp6cMG8gA",17861750526,"https://media.birdweather.com/soundscapes/6891/6891-20261007-070920.flac",0,3,"birdnetpi"
11599290541,"1791356933-11599290541",6891,"2026-10-07T09:08:53.000+02:00",0.98,0.938396036624908,9.81229191863816,"almost_certain","2p4",NA,51.5668,6.0047,FALSE,6,"European Robin","Erithacus rubecula","#93d436","avian","https://media.birdweather.com/species/6/EuropeanRobin-standard-6802f21dc9c4b056c0c15b0a4ad01a9a.jpg","https://media.birdweather.com/species/6/EuropeanRobin-thumbnail-3afd51da2d7daf4db7f4ed43af30ed2d.jpg","https://media.birdweather.com/species/6/EuropeanRobin-png200-ac96bfc6bbb72a9e2528d5544937cebd.png","YxgKFwJnWYePd3iMd5h4Z4eHp6cMG8gA",17861737496,"https://media.birdweather.com/soundscapes/6891/6891-20261007-070853.flac",0,3,"birdnetpi"
11599284856,"1791356904-11599284856",6891,"2026-10-07T09:08:24.000+02:00",0.91,0.938396036624908,9.66346355646433,"almost_certain","2p4",NA,51.5698,6.0064,FALSE,6,"European Robin","Erithacus rubecula","#93d436","avian","https://media.birdweather.com/species/6/EuropeanRobin-standard-6802f21dc9c4b056c0c15b0a4ad01a9a.jpg","https://media.birdweather.com/species/6/EuropeanRobin-thumbnail-3afd51da2d7daf4db7f4ed43af30ed2d.jpg","https://media.birdweather.com/species/6/EuropeanRobin-png200-ac96bfc6bbb72a9e2528d5544937cebd.png","YxgKFwJnWYePd3iMd5h4Z4eHp6cMG8gA",17861723611,"https://media.birdweather.com/soundscapes/6891/6891-20261007-070824.flac",0,3,"birdnetpi"
11599253981,"1791356750-11599253981",6891,"2026-10-07T09:05:50.000+02:00",0.97,0.938396036624908,9.79199525111251,"almost_certain","2p4",NA,51.566,6.0073,FALSE,6,"European Robin","Erithacus rubecula","#93d436","avian","https://media.birdweather.com/species/6/EuropeanRobin-standard-6802f21dc9c4b056c0c15b0a4ad01a9a.jpg","https://media.birdweather.com/species/6/EuropeanRobin-thumbnail-3afd51da2d7daf4db7f4ed43af30ed2d.jpg","https://media.birdweather.com/species/6/EuropeanRobin-png200-ac96bfc6bbb72a9e2528d5544937cebd.png","YxgKFwJnWYePd3iMd5h4Z4eHp6cMG8gA",17861645891,"https://media.birdweather.com/soundscapes/6891/6891-20261007-070550.flac",0,3,"birdnetpi"
11599251438,"1791356738-11599251438",6891,"2026-10-07T09:05:38.000+02:00",0.97,0.619591295719147,9.2307044656471,"almost_certain","2p4",NA,51.5687,6.0031,FALSE,40,"Great Spotted Woodpecker","Dendrocopos major","#e7c421","avian","https://media.birdweather.com/species/40/GreatSpottedWoodpecker-standard-4aa3dad67e1c219cca5162102b1dab05.jpg","https://media.birdweather.com/species/40/GreatSpottedWoodpecker-thumbnail-4c1b2ae5187a446439291ea1b70c27b7.jpg","https://media.birdweather.com/species/40/GreatSpottedWoodpecker-png200-a23ad507b9a4d779b73e124553d8afce.png","j9gFDwQIU4dsZXhniWeXaId5Gv74f3YD",17861639398,"https://media.birdweather.com/soundscapes/6891/6891-20261007-070538.flac",0,3,"birdnetpi"
11599250416,"1791356732-11599250416",6891,"2026-10-07T09:05:32.000+02:00",0.86,0.938396036624908,9.54629817885404,"almost_certain","2p4",NA,51.5618,6.0089,FALSE,6,"European Robin","Erithacus rubecula","#93d436","avian","https://media.birdweather.com/species/6/EuropeanRobin-standard-6802f21dc9c4b056c0c15b0a4ad01a9a.jpg","https://media.birdweather.com/species/6/EuropeanRobin-thumbnail-3afd51da2d7daf4db7f4ed43af30ed2d.jpg","https://media.birdweather.com/species/6/EuropeanRobin-png200-ac96bfc6bbb72a9e2528d5544937cebd.png","YxgKFwJnWYePd3iMd5h4Z4eHp6cMG8gA",17861636879,"https://media.birdweather.com/soundscapes/6891/6891-20261007-070532.flac",0,3,"birdnetpi"
11599246429,"1791356719-11599246429",6891,"2026-10-07T09:05:19.000+02:00",0.94,0.938396036624908,9.72923618674964,"almost_certain","2p4",NA,51.5685,6.0016,FALSE,6,"European Robin","Erithacus rubecula","#93d436","avian","https://media.birdweather.com/species/6/EuropeanRobin-standard-6802f21dc9c4b056c0c15b0a4ad01a9a.jpg","https://media.birdweather.com/species/6/EuropeanRobin-thumbnail-3afd51da2d7daf4db7f4ed43af30ed2d.jpg","https://media.birdweather.com/species/6/EuropeanRobin-png200-ac96bfc6bbb72a9e2528d5544937cebd.png","YxgKFwJnWYePd3iMd5h4Z4eHp6cMG8gA",17861626424,"https://media.birdweather.com/soundscapes/6891/6891-20261007-070519.flac",0,3,"birdnetpi"
11599242317,"1791356692-11599242317",6891,"2026-10-07T09:04:52.000+02:00",0.95,0.938396036624908,9.75047692230391,"almost_certain","2p4",NA,51.5619,6.0086,FALSE,6,"European Robin","Erithacus rubecula","#93d436","avian","https://media.birdweather.com/species/6/EuropeanRobin-standard-6802f21dc9c4b056c0c15b0a4ad01a9a.jpg","https://media.birdweather.com/species/6/EuropeanRobin-thumbnail-3afd51da2d7daf4db7f4ed43af30ed2d.jpg","https://media.birdweather.com/species/6/EuropeanRobin-png200-ac96bfc6bbb72a9e2528d5544937cebd.png","YxgKFwJnWYePd3iMd5h4Z4eHp6cMG8gA",17861615942,"https://media.birdweather.com/soundscapes/6891/6891-20261007-070452.flac",0,3,"birdnetpi"
11599237982,"1791356668-11599237982",6891,"2026-10-07T09:04:28.000+02:00",0.85,0.938396036624908,9.52161282631538,"almost_certain","2p4",NA,51.5684,6.0046,FALSE,6,"European Robin","Erithacus rubecula","#93d436","avian","https://media.birdweather.com/species/6/EuropeanRobin-standard-6802f21dc9c4b056c0c15b0a4ad01a9a.jpg","https://media.birdweather.com/species/6/EuropeanRobin-thumbnail-3afd51da2d7daf4db7f4ed43af30ed2d.jpg","https://media.birdweather.com/species/6/EuropeanRobin-png200-ac96bfc6bbb72a9e2528d5544937cebd.png","YxgKFwJnWYePd3iMd5h4Z4eHp6cMG8gA",17861604876,"https://media.birdweather.com/soundscapes/6891/6891-20261007-070428.flac",0,3,"birdnetpi"
11599234744,"1791356660-11599234744",6891,"2026-10-07T09:04:20.000+02:00",0.98,0.938396036624908,9.81229191863816,"almost_certain","2p4",NA,51.5648,6.0017,FALSE,6,"European Robin","Erithacus rubecula","#93d436","avian","https://media.birdweather.com/species/6/EuropeanRobin-standard-6802f21dc9c4b056c0c15b0a4ad01a9a.jpg","https://media.birdweather.com/species/6/EuropeanRobin-thumbnail-3afd51da2d7daf4db7f4ed43af30ed2d.jpg","https://media.birdweather.com/species/6/EuropeanRobin-png200-ac96bfc6bbb72a9e2528d5544937cebd.png","YxgKFwJnWYePd3iMd5h4Z4eHp6cMG8gA",17861596418,"https://media.birdweather.com/soundscapes/6891/6891-20261007-070420.flac",0,3,"birdnetpi"
11599223033,"1791356593-11599223033",6891,"2026-10-07T09:03:13.000+02:00",0.86,0.295793175697327,7.99564559738451,"almost_certain","2p4",NA,51.57,6.0045,FALSE,2,"Short-toed Treecreeper","Certhia brachydactyla","#66dd57","avian","https://media.birdweather.com/species/2/Short-toedTreecreeper-standard-7bbb76fb215629d251262575c97eb338.jpg","https://media.birdweather.com/species/2/Short-toedTreecreeper-thumbnail-fab8f3fcc7962cfbf3bdbde5dc2a415d.jpg","https://media.birdweather.com/species/2/Short-toedTreecreeper-png200-9ed36805c2a6923b35a860f2814cdd8c.png","IRkGHwS/1aqJXad3ialWmph5+Yx4z3gI",17861567429,"https://media.birdweather.com/soundscapes/6891/6891-20261007-070313.flac",0,3,"birdnetpi"
11599210327,"1791356530-11599210327",6891,"2026-10-07T09:02:10.000+02:00",0.7,0.619479060173035,8.52379618123275,"almost_certain","2p4",NA,51.5675,6.0053,FALSE,1,"House Sparrow","Passer domesticus","#d16ff8","avian","https://media.birdweather.com/species/1/HouseSparrow-standard-b861184cf45c092cdb45fd689dd676ef.jpg","https://media.birdweather.com/species/1/HouseSparrow-thumbnail-e9cbc91763a1579de8ef04880678b5e3.jpg","https://media.birdweather.com/species/1/HouseSparrow-png200-125e8603e1efe9d7a18316b94f06a65e.png","XAgCDwD8qpukuHiqtLZ9mImnmPFcDO4E",17861535983,"https://media.birdweather.com/soundscapes/6891/6891-20261007-070210.flac",0,3,"birdnetpi"
11599206139,"1791356521-11599206139",6891,"2026-10-07T09:02:01.000+02:00",0.92,0.619479060173035,9.12420543660844,"almost_certain","2p4",NA,51.5646,6.0081,FALSE,1,"House Sparrow","Passer domesticus","#d16ff8","avian","https://media.birdweather.com/species/1/HouseSparrow-standard-b861184cf45c092cdb45fd689dd676ef.jpg","https://media.birdweather.com/species/1/HouseSparrow-thumbnail-e9cbc91763a1579de8ef04880678b5e3.jpg","https://media.birdweather.com/species/1/HouseSparrow-png200-125e8603e1efe9d7a18316b94f06a65e.png","XAgCDwD8qpukuHiqtLZ9mImnmPFcDO4E",17861525488,"https://media.birdweather.com/soundscapes/6891/6891-20261007-070201.flac",0,3,"birdnetpi"
11599202724,"1791356492-11599202724",6891,"2026-10-07T09:01:32.000+02:00",0.91,0.619479060173035,9.1019285230141,"almost_certain","2p4",NA,51.5661,6.0025,FALSE,1,"House Sparrow","Passer domesticus","#d16ff8","avian","https://media.birdweather.com/species/1/HouseSparrow-standard-b861184cf45c092cdb45fd689dd676ef.jpg","https://media.birdweather.com/species/1/HouseSparrow-thumbnail-e9cbc91763a1579de8ef04880678b5e3.jpg","https://media.birdweather.com/species/1/HouseSparrow-png200-125e8603e1efe9d7a18316b94f06a65e.png","XAgCDwD8qpukuHiqtLZ9mImnmPFcDO4E",17861517027,"https://media.birdweather.com/soundscapes/6891/6891-20261007-070132.flac",0,3,"birdnetpi"
11599199523,"1791356479-11599199523",6891,"2026-10-07T09:01:19.000+02:00",0.76,0.619479060173035,8.71527004228672,"almost_certain","2p4",NA,51.5639,6.001,FALSE,1,"House Sparrow","Passer domesticus","#d16ff8","avian","https://media.birdweather.com/species/1/HouseSparrow-standard-b861184cf45c092cdb45fd689dd676ef.jpg","https://media.birdweather.com/species/1/HouseSparrow-thumbnail-e9cbc91763a1579de8ef04880678b5e3.jpg","https://media.birdweather.com/species/1/HouseSparrow-png200-125e8603e1efe9d7a18316b94f06a65e.png","XAgCDwD8qpukuHiqtLZ9mImnmPFcDO4E",17861509024,"https://media.birdweather.com/soundscapes/6891/6891-20261007-070119.flac",0,3,"birdnetpi"
11599192273,"1791356449-11599192273",6891,"2026-10-07T09:00:49.000+02:00",0.88,0.619479060173035,9.03283825354526,"almost_certain","2p4",NA,51.5695,6.0068,FALSE,1,"House Sparrow","Passer domesticus","#d16ff8","avian","https://media.birdweather.com/species/1/HouseSparrow-standard-b861184cf45c092cdb45fd689dd676ef.jpg","https://media.birdweather.com/species/1/HouseSparrow-thumbnail-e9cbc91763a1579de8ef04880678b5e3.jpg","https://media.birdweather.com/species/1/HouseSparrow-png200-125e8603e1efe9d7a18316b94f06a65e.png","XAgCDwD8qpukuHiqtLZ9mImnmPFcDO4E",17861490997,"https://media.birdweather.com/soundscapes/6891/6891-20261007-070049.flac",0,3,"birdnetpi"
11599189154,"1791356429-11599189154",6891,"2026-10-07T09:00:29.000+02:00",0.74,0.619479060173035,8.65437112756468,"almost_certain","2p4",NA,51.5629,6.0051,FALSE,1,"House Sparrow","Passer domesticus","#d16ff8","avian","https://media.birdweather.com/species/1/HouseSparrow-standard-b861184cf45c092cdb45fd689dd676ef.jpg","https://media.birdweather.com/species/1/HouseSparrow-thumbnail-e9cbc91763a1579de8ef04880678b5e3.jpg","https://media.birdweather.com/species/1/HouseSparrow-png200-125e8603e1efe9d7a18316b94f06a65e.png","XAgCDwD8qpukuHiqtLZ9mImnmPFcDO4E",17861483528,"https://media.birdweather.com/soundscapes/6891/6891-20261007-070029.flac",0,3,"birdnetpi"
11599182647,"1791356398-11599182647",6891,"2026-10-07T08:59:58.000+02:00",0.75,0.619479060173035,8.685158940082,"almost_certain","2p4",NA,51.567,6.0024,FALSE,1,"House Sparrow","Passer domesticus","#d16ff8","avian","https://media.birdweather.com/species/1/HouseSparrow-standard-b861184cf45c092cdb45fd689dd676ef.jpg","https://media.birdweather.com/species/1/HouseSparrow-thumbnail-e9cbc91763a1579de8ef04880678b5e3.jpg","https://media.birdweather.com/species/1/HouseSparrow-png200-125e8603e1efe9d7a18316b94f06a65e.png","XAgCDwD8qpukuHiqtLZ9mImnmPFcDO4E",17861467497,"https://media.birdweather.com/soundscapes/6891/6891-20261007-065958.flac",0,3,"birdnetpi"
11599178182,"1791356371-11599178182",6891,"2026-10-07T08:59:31.000+02:00",0.87,0.619479060173035,9.00901156603,"almost_certain","2p4",NA,51.5626,6.0056,FALSE,1,"House Sparrow","Passer domesticus","#d16ff8","avian","https://media.birdweather.com/species/1/HouseSparrow-standard-b861184cf45c092cdb45fd689dd676ef.jpg","https://media.birdweather.com/species/1/HouseSparrow-thumbnail-e9cbc91763a1579de8ef04880678b5e3.jpg","https://media.birdweather.com/species/1/HouseSparrow-png200-125e8603e1efe9d7a18316b94f06a65e.png","XAgCDwD8qpukuHiqtLZ9mImnmPFcDO4E",17861456438,"https://media.birdweather.com/soundscapes/6891/6891-20261007-065931.flac",0,3,"birdnetpi"
11599171508,"1791356341-11599171508",6891,"2026-10-07T08:59:01.000+02:00",0.88,0.619479060173035,9.03283825354526,"almost_certain","2p4",NA,51.5648,6.0025,FALSE,1,"House Sparrow","Passer domesticus","#d16ff8","avian","https://media.birdweather.com/species/1/HouseSparrow-standard-b861184cf45c092cdb45fd689dd676ef.jpg","https://media.birdweather.com/species/1/HouseSparrow-thumbnail-e9cbc91763a1579de8ef04880678b5e3.jpg","https://media.birdweather.com/species/1/HouseSparrow-png200-125e8603e1efe9d7a18316b94f06a65e.png","XAgCDwD8qpukuHiqtLZ9mImnmPFcDO4E",17861439945,"https://media.birdweather.com/soundscapes/6891/6891-20261007-065901.flac",0,3,"birdnetpi"
11599165343,"1791356318-11599165343",6891,"2026-10-07T08:58:38.000+02:00",0.83,0.619479060173035,8.90933125066307,"almost_certain","2p4",NA,51.566,6.0056,FALSE,1,"House Sparrow","Passer domesticus","#d16ff8","avian","https://media.birdweather.com/species/1/HouseSparrow-standard-b861184cf45c092cdb45fd689dd676ef.jpg","https://media.birdweather.com/species/1/HouseSparrow-thumbnail-e9cbc91763a1579de8ef04880678b5e3.jpg","https://media.birdweather.com/species/1/HouseSparrow-png200-125e8603e1efe9d7a18316b94f06a65e.png","XAgCDwD8qpukuHiqtLZ9mImnmPFcDO4E",17861424817,"https://media.birdweather.com/soundscapes/6891/6891-20261007-065838.flac",0,3,"birdnetpi"
11599161617,"1791356291-11599161617",6891,"2026-10-07T08:58:11.000+02:00",0.87,0.619479060173035,9.00901156603,"almost_certain","2p4",NA,51.5669,6.0018,FALSE,1,"House Sparrow","Passer domesticus","#d16ff8","avian","https://media.birdweather.com/species/1/HouseSparrow-standard-b861184cf45c092cdb45fd689dd676ef.jpg","https://media.birdweather.com/species/1/HouseSparrow-thumbnail-e9cbc91763a1579de8ef04880678b5e3.jpg","https://media.birdweather.com/species/1/HouseSparrow-png200-125e8603e1efe9d7a18316b94f06a65e.png","XAgCDwD8qpukuHiqtLZ9mImnmPFcDO4E",17861415836,"https://media.birdweather.com/soundscapes/6891/6891-20261007-065811.flac",0,3,"birdnetpi"
11599156803,"1791356279-11599156803",6891,"2026-10-07T08:57:59.000+02:00",0.98,0.938396036624908,9.81229191863816,"almost_certain","2p4",NA,51.5702,6.0083,FALSE,6,"European Robin","Erithacus rubecula","#93d436","avian","https://media.birdweather.com/species/6/EuropeanRobin-standard-6802f21dc9c4b056c0c15b0a4ad01a9a.jpg","https://media.birdweather.com/species/6/EuropeanRobin-thumbnail-3afd51da2d7daf4db7f4ed43af30ed2d.jpg","https://media.birdweather.com/species/6/EuropeanRobin-png200-ac96bfc6bbb72a9e2528d5544937cebd.png","YxgKFwJnWYePd3iMd5h4Z4eHp6cMG8gA",17861404218,"https://media.birdweather.com/soundscapes/6891/6891-20261007-065759.flac",0,3,"birdnetpi"
11599157848,"1791356272-11599157848",6891,"2026-10-07T08:57:52.000+02:00",0.92,0.619479060173035,9.12420543660844,"almost_certain","2p4",NA,51.5637,6.0023,FALSE,1,"House Sparrow","Passer domesticus","#d16ff8","avian","https://media.birdweather.com/species/1/HouseSparrow-standard-b861184cf45c092cdb45fd689dd676ef.jpg","https://media.birdweather.com/species/1/HouseSparrow-thumbnail-e9cbc91763a1579de8ef04880678b5e3.jpg","https://media.birdweather.com/species/1/HouseSparrow-png200-125e8603e1efe9d7a18316b94f06a65e.png","XAgCDwD8qpukuHiqtLZ9mImnmPFcDO4E",17861406703,"https://media.birdweather.com/soundscapes/6891/6891-20261007-065752.flac",0,3,"birdnetpi"
11599154438,"1791356260-11599154438",6891,"2026-10-07T08:57:40.000+02:00",0.88,0.619479060173035,9.03283825354526,"almost_certain","2p4",NA,51.5691,6.002,FALSE,1,"House Sparrow","Passer domesticus","#d16ff8","avian","https://media.birdweather.com/species/1/HouseSparrow-standard-b861184cf45c092cdb45fd689dd676ef.jpg","https://media.birdweather.com/species/1/HouseSparrow-thumbnail-e9cbc91763a1579de8ef04880678b5e3.jpg","https://media.birdweather.com/species/1/HouseSparrow-png200-125e8603e1efe9d7a18316b94f06a65e.png","XAgCDwD8qpukuHiqtLZ9mImnmPFcDO4E",17861398219,"https://media.birdweather.com/soundscapes/6891/6891-20261007-065740.flac",0,3,"birdnetpi"
11599151397,"1791356240-11599151397",6891,"2026-10-07T08:57:20.000+02:00",0.82,0.619479060173035,8.88323522355322,"almost_certain","2p4",NA,51.5699,6.0069,FALSE,1,"House Sparrow","Passer domesticus","#d16ff8","avian","https://media.birdweather.com/species/1/HouseSparrow-standard-b861184cf45c092cdb45fd689dd676ef.jpg","https://media.birdweather.com/species/1/HouseSparrow-thumbnail-e9cbc91763a1579de8ef04880678b5e3.jpg","https://media.birdweather.com/species/1/HouseSparrow-png200-125e8603e1efe9d7a18316b94f06a65e.png","XAgCDwD8qpukuHiqtLZ9mImnmPFcDO4E",17861390693,"https://media.birdweather.com/soundscapes/6891/6891-20261007-065720.flac",0,3,"birdnetpi"
11599150818,"1791356237-11599150818",6891,"2026-10-07T08:57:17.000+02:00",0.71,0.260639727115631,7.40120248111374,"almost_certain","2p4",NA,51.567,6.0079,FALSE,70,"Eurasian Siskin","Spinus spinus","#ed8000","avian","https://media.birdweather.com/species/70/EurasianSiskin-standard-20ecd2222f50940d538a6f3b77e95979.jpg","https://media.birdweather.com/species/70/EurasianSiskin-thumbnail-d4d8e5c6b650daca2e1f235f0d021694.jpg","https://media.birdweather.com/species/70/EurasianSiskin-png200-659e4027b64263af2c3196d169d48280.png","nSkKFwJrd3hch3efd1iHZ3aIl/eWqnsP",17861389208,"https://media.birdweather.com/soundscapes/6891/6891-20261007-065717.flac",0,3,"birdnetpi"
11599144625,"1791356210-11599144625",6891,"2026-10-07T08:56:50.000+02:00",0.93,0.619479060173035,9.14612590425306,"almost_certain","2p4",NA,51.5627,6.0021,FALSE,1,"House Sparrow","Passer domesticus","#d16ff8","avian","https://media.birdweather.com/species/1/HouseSparrow-standard-b861184cf45c092cdb45fd689dd676ef.jpg","https://media.birdweather.com/species/1/HouseSparrow-thumbnail-e9cbc91763a1579de8ef04880678b5e3.jpg","https://media.birdweather.com/species/1/HouseSparrow-png200-125e8603e1efe9d7a18316b94f06a65e.png","XAgCDwD8qpukuHiqtLZ9mImnmPFcDO4E",17861373685,"https://media.birdweather.com/soundscapes/6891/6891-20261007-065650.flac",0,3,"birdnetpi"
11599135640,"1791356165-11599135640",6891,"2026-10-07T08:56:05.000+02:00",0.9,0.619479060173035,9.07928337934094,"almost_certain","2p4",NA,51.5662,6.0062,FALSE,1,"House Sparrow","Passer domesticus","#d16ff8","avian","https://media.birdweather.com/species/1/HouseSparrow-standard-b861184cf45c092cdb45fd689dd676ef.jpg","https://media.birdweather.com/species/1/HouseSparrow-thumbnail-e9cbc91763a1579de8ef04880678b5e3.jpg","https://media.birdweather.com/species/1/HouseSparrow-png200-125e8603e1efe9d7a18316b94f06a65e.png","XAgCDwD8qpukuHiqtLZ9mImnmPFcDO4E",17861351103,"https://media.birdweather.com/soundscapes/6891/6891-20261007-065605.flac",0,3,"birdnetpi"
11599125116,"1791356123-11599125116",6891,"2026-10-07T08:55:23.000+02:00",0.93,0.938396036624908,9.70766093770329,"almost_certain","2p4",NA,51.5646,6.006,FALSE,6,"European Robin","Erithacus rubecula","#93d436","avian","https://media.birdweather.com/species/6/EuropeanRobin-standard-6802f21dc9c4b056c0c15b0a4ad01a9a.jpg","https://media.birdweather.com/species/6/EuropeanRobin-thumbnail-3afd51da2d7daf4db7f4ed43af30ed2d.jpg","https://media.birdweather.com/species/6/EuropeanRobin-png200-ac96bfc6bbb72a9e2528d5544937cebd.png","YxgKFwJnWYePd3iMd5h4Z4eHp6cMG8gA",17861325972,"https://media.birdweather.com/soundscapes/6891/6891-20261007-065523.flac",0,3,"birdnetpi"
11599115777,"1791356072-11599115777",6891,"2026-10-07T08:54:32.000+02:00",0.93,0.619479060173035,9.14612590425306,"almost_certain","2p4",NA,51.5703,6.0066,FALSE,1,"House Sparrow","Passer domesticus","#d16ff8","avian","https://media.birdweather.com/species/1/HouseSparrow-standard-b861184cf45c092cdb45fd689dd676ef.jpg","https://media.birdweather.com/species/1/HouseSparrow-thumbnail-e9cbc91763a1579de8ef04880678b5e3.jpg","https://media.birdweather.com/species/1/HouseSparrow-png200-125e8603e1efe9d7a18316b94f06a65e.png","XAgCDwD8qpukuHiqtLZ9mImnmPFcDO4E",17861302845,"https://media.birdweather.com/soundscapes/6891/6891-20261007-065432.flac",0,3,"birdnetpi"
11599114040,"1791356057-11599114040",6891,"2026-10-07T08:54:17.000+02:00",0.91,0.938396036624908,9.66346355646433,"almost_certain","2p4",NA,51.5623,6.0068,FALSE,6,"European Robin","Erithacus rubecula","#93d436","avian","https://media.birdweather.com/species/6/EuropeanRobin-standard-6802f21dc9c4b056c0c15b0a4ad01a9a.jpg","https://media.birdweather.com/species/6/EuropeanRobin-thumbnail-3afd51da2d7daf4db7f4ed43af30ed2d.jpg","https://media.birdweather.com/species/6/EuropeanRobin-png200-ac96bfc6bbb72a9e2528d5544937cebd.png","YxgKFwJnWYePd3iMd5h4Z4eHp6cMG8gA",17861298335,"https://media.birdweather.com/soundscapes/6891/6891-20261007-065417.flac",0,3,"birdnetpi"
11599112324,"1791356050-11599112324",6891,"2026-10-07T08:54:10.000+02:00",0.82,0.619479060173035,8.88323522355322,"almost_certain","2p4",NA,51.5633,6.0078,FALSE,1,"House Sparrow","Passer domesticus","#d16ff8","avian","https://media.birdweather.com/species/1/HouseSparrow-standard-b861184cf45c092cdb45fd689dd676ef.jpg","https://media.birdweather.com/species/1/HouseSparrow-thumbnail-e9cbc91763a1579de8ef04880678b5e3.jpg","https://media.birdweather.com/species/1/HouseSparrow-png200-125e8603e1efe9d7a18316b94f06a65e.png","XAgCDwD8qpukuHiqtLZ9mImnmPFcDO4E",17861294283,"https://media.birdweather.com/soundscapes/6891/6891-20261007-065410.flac",0,3,"birdnetpi"
11599108534,"1791356032-11599108534",6891,"2026-10-07T08:53:52.000+02:00",0.84,0.619479060173035,8.93493947288972,"almost_certain","2p4",NA,51.5663,6.005,FALSE,1,"House Sparrow","Passer domesticus","#d16ff8","avian","https://media.birdweather.com/species/1/HouseSparrow-standard-b861184cf45c092cdb45fd689dd676ef.jpg","https://media.birdweather.com/species/1/HouseSparrow-thumbnail-e9cbc91763a1579de8ef04880678b5e3.jpg","https://media.birdweather.com/species/1/HouseSparrow-png200-125e8603e1efe9d7a18316b94f06a65e.png","XAgCDwD8qpukuHiqtLZ9mImnmPFcDO4E",17861285244,"https://media.birdweather.com/soundscapes/6891/6891-20261007-065352.flac",0,3,"birdnetpi"
11599106501,"1791356020-11599106501",6891,"2026-10-07T08:53:40.000+02:00",0.87,0.938396036624908,9.57054659948023,"almost_certain","2p4",NA,51.5649,6.0035,FALSE,6,"European Robin","Erithacus rubecula","#93d436","avian","https://media.birdweather.com/species/6/EuropeanRobin-standard-6802f21dc9c4b056c0c15b0a4ad01a9a.jpg","https://media.birdweather.com/species/6/EuropeanRobin-thumbnail-3afd51da2d7daf4db7f4ed43af30ed2d.jpg","https://media.birdweather.com/species/6/EuropeanRobin-png200-ac96bfc6bbb72a9e2528d5544937cebd.png","YxgKFwJnWYePd3iMd5h4Z4eHp6cMG8gA",17861280308,"https://media.birdweather.com/soundscapes/6891/6891-20261007-065340.flac",0,3,"birdnetpi"
11599078225,"1791355883-11599078225",6891,"2026-10-07T08:51:23.000+02:00",0.97,0.454288482666016,8.81345071294393,"almost_certain","2p4",NA,51.57,6.0034,FALSE,44,"Dunnock","Prunella modularis","#fea614","avian","https://media.birdweather.com/species/44/Dunnock-standard-a705d7131240cedd1c407b5a19989591.jpg","https://media.birdweather.com/species/44/Dunnock-thumbnail-1036624855b82c96db4ad23d1ed9d702.jpg","https://media.birdweather.com/species/44/Dunnock-png200-951bb2cdb9ec585716907d8eac83882e.png","lQgGDwB9pneQhHlwWjeK2ZK6d/kdFaUA",17861211343,"https://media.birdweather.com/soundscapes/6891/6891-20261007-065123.flac",0,3,"birdnetpi"
11599075281,"1791355868-11599075281",6891,"2026-10-07T08:51:08.000+02:00",0.88,0.454288482666016,8.6158287488269,"almost_certain","2p4",NA,51.5623,6.0031,FALSE,44,"Dunnock","Prunella modularis","#fea614","avian","https://media.birdweather.com/species/44/Dunnock-standard-a705d7131240cedd1c407b5a19989591.jpg","https://media.birdweather.com/species/44/Dunnock-thumbnail-1036624855b82c96db4ad23d1ed9d702.jpg","https://media.birdweather.com/species/44/Dunnock-png200-951bb2cdb9ec585716907d8eac83882e.png","lQgGDwB9pneQhHlwWjeK2ZK6d/kdFaUA",17861203846,"https://media.birdweather.com/soundscapes/6891/6891-20261007-065108.flac",0,3,"birdnetpi"
11599074712,"1791355865-11599074712",6891,"2026-10-07T08:51:05.000+02:00",0.85,0.619479060173035,8.96007779286515,"almost_certain","2p4",NA,51.5622,6.0076,FALSE,1,"House Sparrow","Passer domesticus","#d16ff8","avian","https://media.birdweather.com/species/1/HouseSparrow-standard-b861184cf45c092cdb45fd689dd676ef.jpg","https://media.birdweather.com/species/1/HouseSparrow-thumbnail-e9cbc91763a1579de8ef04880678b5e3.jpg","https://media.birdweather.com/species/1/HouseSparrow-png200-125e8603e1efe9d7a18316b94f06a65e.png","XAgCDwD8qpukuHiqtLZ9mImnmPFcDO4E",17861202365,"https://media.birdweather.com/soundscapes/6891/6891-20261007-065105.flac",0,3,"birdnetpi"
11599070435,"1791355849-11599070435",6891,"2026-10-07T08:50:49.000+02:00",0.83,0.619479060173035,8.90933125066307,"almost_certain","2p4",NA,51.562,6.0021,FALSE,1,"House Sparrow","Passer domesticus","#d16ff8","avian","https://media.birdweather.com/species/1/HouseSparrow-standard-b861184cf45c092cdb45fd689dd676ef.jpg","https://media.birdweather.com/species/1/HouseSparrow-thumbnail-e9cbc91763a1579de8ef04880678b5e3.jpg","https://media.birdweather.com/species/1/HouseSparrow-png200-125e8603e1efe9d7a18316b94f06a65e.png","XAgCDwD8qpukuHiqtLZ9mImnmPFcDO4E",17861191780,"https://media.birdweather.com/soundscapes/6891/6891-20261007-065049.flac",0,3,"birdnetpi"
11599065960,"1791355823-11599065960",6891,"2026-10-07T08:50:23.000+02:00",0.85,0.619479060173035,8.96007779286515,"almost_certain","2p4",NA,51.5644,6.0085,FALSE,1,"House Sparrow","Passer domesticus","#d16ff8","avian","https://media.birdweather.com/species/1/HouseSparrow-standard-b861184cf45c092cdb45fd689dd676ef.jpg","https://media.birdweather.com/species/1/HouseSparrow-thumbnail-e9cbc91763a1579de8ef04880678b5e3.jpg","https://media.birdweather.com/species/1/HouseSparrow-png200-125e8603e1efe9d7a18316b94f06a65e.png","XAgCDwD8qpukuHiqtLZ9mImnmPFcDO4E",17861180724,"https://media.birdweather.com/soundscapes/6891/6891-20261007-065023.flac",0,3,"birdnetpi"
11599060589,"1791355798-11599060589",6891,"2026-10-07T08:49:58.000+02:00",1,0.938396036624908,9.85200484415451,"almost_certain","2p4",NA,51.5687,6.0007,FALSE,6,"European Robin","Erithacus rubecula","#93d436","avian","https://media.birdweather.com/species/6/EuropeanRobin-standard-6802f21dc9c4b056c0c15b0a4ad01a9a.jpg","https://media.birdweather.com/species/6/EuropeanRobin-thumbnail-3afd51da2d7daf4db7f4ed43af30ed2d.jpg","https://media.birdweather.com/species/6/EuropeanRobin-png200-ac96bfc6bbb72a9e2528d5544937cebd.png","YxgKFwJnWYePd3iMd5h4Z4eHp6cMG8gA",17861167600,"https://media.birdweather.com/soundscapes/6891/6891-20261007-064958.flac",0,3,"birdnetpi"
11599053496,"1791355762-11599053496",6891,"2026-10-07T08:49:22.000+02:00",0.72,0.938396036624908,9.1521737395951,"almost_certain","2p4",NA,51.5633,6.0039,FALSE,6,"European Robin","Erithacus rubecula","#93d436","avian","https://media.birdweather.com/species/6/EuropeanRobin-standard-6802f21dc9c4b056c0c15b0a4ad01a9a.jpg","https://media.birdweather.com/species/6/EuropeanRobin-thumbnail-3afd51da2d7daf4db7f4ed43af30ed2d.jpg","https://media.birdweather.com/species/6/EuropeanRobin-png200-ac96bfc6bbb72a9e2528d5544937cebd.png","YxgKFwJnWYePd3iMd5h4Z4eHp6cMG8gA",17861150539,"https://media.birdweather.com/soundscapes/6891/6891-20261007-064922.flac",0,3,"birdnetpi"
11599049433,"1791355742-11599049433",6891,"2026-10-07T08:49:02.000+02:00",0.96,0.938396036624908,9.77139335912309,"almost_certain","2p4",NA,51.5636,6.0078,FALSE,6,"European Robin","Erithacus rubecula","#93d436","avian","https://media.birdweather.com/species/6/EuropeanRobin-standard-6802f21dc9c4b056c0c15b0a4ad01a9a.jpg","https://media.birdweather.com/species/6/EuropeanRobin-thumbnail-3afd51da2d7daf4db7f4ed43af30ed2d.jpg","https://media.birdweather.com/species/6/EuropeanRobin-png200-ac96bfc6bbb72a9e2528d5544937cebd.png","YxgKFwJnWYePd3iMd5h4Z4eHp6cMG8gA",17861140408,"https://media.birdweather.com/soundscapes/6891/6891-20261007-064902.flac",0,3,"birdnetpi"
11599045527,"1791355726-11599045527",6891,"2026-10-07T08:48:46.000+02:00",0.74,0.0841870754957199,6.05190594905963,"almost_certain","2p4",NA,51.5628,6.005,FALSE,56,"Hawfinch","Coccothraustes coccothraustes","#009135","avian","https://media.birdweather.com/species/56/Hawfinch-standard-f2fd54227598b155aeb69fb18024453c.jpg","https://media.birdweather.com/species/56/Hawfinch-thumbnail-2f25542de0973f7daac6127debea1661.jpg","https://media.birdweather.com/species/56/Hawfinch-png200-a69e6ce36567512aebe7edd3498f3923.png","XOgBDwKvYWRQ62V5hIx4g2aGae/HK6AF",17861130984,"https://media.birdweather.com/soundscapes/6891/6891-20261007-064846.flac",0,3,"birdnetpi"
11599023118,"1791355619-11599023118",6891,"2026-10-07T08:46:59.000+02:00",0.9,0.938396036624908,9.64081841279117,"almost_certain","2p4",NA,51.5665,6.005,FALSE,6,"European Robin","Erithacus rubecula","#93d436","avian","https://media.birdweather.com/species/6/EuropeanRobin-standard-6802f21dc9c4b056c0c15b0a4ad01a9a.jpg","https://media.birdweather.com/species/6/EuropeanRobin-thumbnail-3afd51da2d7daf4db7f4ed43af30ed2d.jpg","https://media.birdweather.com/species/6/EuropeanRobin-png200-ac96bfc6bbb72a9e2528d5544937cebd.png","YxgKFwJnWYePd3iMd5h4Z4eHp6cMG8gA",17861076628,"https://media.birdweather.com/soundscapes/6891/6891-20261007-064659.flac",0,3,"birdnetpi"
11599002963,"1791355517-11599002963",6891,"2026-10-07T08:45:17.000+02:00",0.9,0.310407847166061,8.15412528095042,"almost_certain","2p4",NA,51.5703,6.0045,FALSE,8,"Long-tailed Tit","Aegithalos caudatus","#bdc706","avian","https://media.birdweather.com/species/8/Long-tailedTit-standard-f8bdec5e2df87ccaa32a7b13a292f078.jpg","https://media.birdweather.com/species/8/Long-tailedTit-thumbnail-652dd0fa7d32953de84a85963165fb57.jpg","https://media.birdweather.com/species/8/Long-tailedTit-png200-aba8917f8bf81c61c1bc7e2fe9f8aa63.png","5okGFwRveYeOd2d5d1h1V3qGmYn1mFoP",17861027213,"https://media.birdweather.com/soundscapes/6891/6891-20261007-064517.flac",0,3,"birdnetpi"
11598987349,"1791355442-11598987349",6891,"2026-10-07T08:44:02.000+02:00",0.71,0.938396036624908,9.11916009393179,"almost_certain","2p4",NA,51.5652,6.0087,FALSE,6,"European Robin","Erithacus rubecula","#93d436","avian","https://media.birdweather.com/species/6/EuropeanRobin-standard-6802f21dc9c4b056c0c15b0a4ad01a9a.jpg","https://media.birdweather.com/species/6/EuropeanRobin-thumbnail-3afd51da2d7daf4db7f4ed43af30ed2d.jpg","https://media.birdweather.com/species/6/EuropeanRobin-png200-ac96bfc6bbb72a9e2528d5544937cebd.png","YxgKFwJnWYePd3iMd5h4Z4eHp6cMG8gA",17860989538,"https://media.birdweather.com/soundscapes/6891/6891-20261007-064402.flac",0,3,"birdnetpi"
11598977172,"1791355393-11598977172",6891,"2026-10-07T08:43:13.000+02:00",0.75,0.454288482666016,8.26814943536364,"almost_certain","2p4",NA,51.5697,6.007,FALSE,44,"Dunnock","Prunella modularis","#fea614","avian","https://media.birdweather.com/species/44/Dunnock-standard-a705d7131240cedd1c407b5a19989591.jpg","https://media.birdweather.com/species/44/Dunnock-thumbnail-1036624855b82c96db4ad23d1ed9d702.jpg","https://media.birdweather.com/species/44/Dunnock-png200-951bb2cdb9ec585716907d8eac83882e.png","lQgGDwB9pneQhHlwWjeK2ZK6d/kdFaUA",17860964958,"https://media.birdweather.com/soundscapes/6891/6891-20261007-064313.flac",0,3,"birdnetpi"
11598975559,"1791355385-11598975559",6891,"2026-10-07T08:43:05.000+02:00",0.79,0.938396036624908,9.36336017095845,"almost_certain","2p4",NA,51.5669,6.0006,FALSE,6,"European Robin","Erithacus rubecula","#93d436","avian","https://media.birdweather.com/species/6/EuropeanRobin-standard-6802f21dc9c4b056c0c15b0a4ad01a9a.jpg","https://media.birdweather.com/species/6/EuropeanRobin-thumbnail-3afd51da2d7daf4db7f4ed43af30ed2d.jpg","https://media.birdweather.com/species/6/EuropeanRobin-png200-ac96bfc6bbb72a9e2528d5544937cebd.png","YxgKFwJnWYePd3iMd5h4Z4eHp6cMG8gA",17860961075,"https://media.birdweather.com/soundscapes/6891/6891-20261007-064305.flac",0,3,"birdnetpi"
11598868215,"1791354871-11598868215",6891,"2026-10-07T08:34:31.000+02:00",0.79,0.928480803966522,9.34896178153126,"almost_certain","2p4",NA,51.5685,6.0011,FALSE,66,"Eurasian Blue Tit","Cyanistes caeruleus","#4b8900","avian","https://media.birdweather.com/species/66/EurasianBlueTit-standard-4ec8e45d78b2908d0f41ae495ae07571.jpg","https://media.birdweather.com/species/66/EurasianBlueTit-thumbnail-4d9abc54a3abc3fb12e78e603cbe6784.jpg","https://media.birdweather.com/species/66/EurasianBlueTit-png200-49adab92304ba7a74e93ac43e38e62d3.png","EfgJBwAKhHiEm2ZheGllqXeZhi/ze3EP",17860702732,"https://media.birdweather.com/soundscapes/6891/6891-20261007-063431.flac",0,3,"birdnetpi"
11598856412,"1791354814-11598856412",6891,"2026-10-07T08:33:34.000+02:00",0.7,0.928480803966522,9.07093282525579,"almost_certain","2p4",NA,51.5638,6.0005,FALSE,66,"Eurasian Blue Tit","Cyanistes caeruleus","#4b8900","avian","https://media.birdweather.com/species/66/EurasianBlueTit-standard-4ec8e45d78b2908d0f41ae495ae07571.jpg","https://media.birdweather.com/species/66/EurasianBlueTit-thumbnail-4d9abc54a3abc3fb12e78e603cbe6784.jpg","https://media.birdweather.com/species/66/EurasianBlueTit-png200-49adab92304ba7a74e93ac43e38e62d3.png","EfgJBwAKhHiEm2ZheGllqXeZhi/ze3EP",17860674068,"https://media.birdweather.com/soundscapes/6891/6891-20261007-063334.flac",0,3,"birdnetpi"
11598848430,"1791354778-11598848430",6891,"2026-10-07T08:32:58.000+02:00",0.91,0.938396036624908,9.66346355646433,"almost_certain","2p4",NA,51.5669,6.0012,FALSE,6,"European Robin","Erithacus rubecula","#93d436","avian","https://media.birdweather.com/species/6/EuropeanRobin-standard-6802f21dc9c4b056c0c15b0a4ad01a9a.jpg","https://media.birdweather.com/species/6/EuropeanRobin-thumbnail-3afd51da2d7daf4db7f4ed43af30ed2d.jpg","https://media.birdweather.com/species/6/EuropeanRobin-png200-ac96bfc6bbb72a9e2528d5544937cebd.png","YxgKFwJnWYePd3iMd5h4Z4eHp6cMG8gA",17860654942,"https://media.birdweather.com/soundscapes/6891/6891-20261007-063258.flac",0,3,"birdnetpi"
11598842324,"1791354749-11598842324",6891,"2026-10-07T08:32:29.000+02:00",0.99,0.938396036624908,9.83229227384514,"almost_certain","2p4",NA,51.5654,6.0051,FALSE,6,"European Robin","Erithacus rubecula","#93d436","avian","https://media.birdweather.com/species/6/EuropeanRobin-standard-6802f21dc9c4b056c0c15b0a4ad01a9a.jpg","https://media.birdweather.com/species/6/EuropeanRobin-thumbnail-3afd51da2d7daf4db7f4ed43af30ed2d.jpg","https://media.birdweather.com/species/6/EuropeanRobin-png200-ac96bfc6bbb72a9e2528d5544937cebd.png","YxgKFwJnWYePd3iMd5h4Z4eHp6cMG8gA",17860640770,"https://media.birdweather.com/soundscapes/6891/6891-20261007-063229.flac",0,3,"birdnetpi"
11598837975,"1791354728-11598837975",6891,"2026-10-07T08:32:08.000+02:00",0.98,0.938396036624908,9.81229191863816,"almost_certain","2p4",NA,51.5684,6.0057,FALSE,6,"European Robin","Erithacus rubecula","#93d436","avian","https://media.birdweather.com/species/6/EuropeanRobin-standard-6802f21dc9c4b056c0c15b0a4ad01a9a.jpg","https://media.birdweather.com/species/6/EuropeanRobin-thumbnail-3afd51da2d7daf4db7f4ed43af30ed2d.jpg","https://media.birdweather.com/species/6/EuropeanRobin-png200-ac96bfc6bbb72a9e2528d5544937cebd.png","YxgKFwJnWYePd3iMd5h4Z4eHp6cMG8gA",17860630289,"https://media.birdweather.com/soundscapes/6891/6891-20261007-063208.flac",0,3,"birdnetpi"
11598833563,"1791354706-11598833563",6891,"2026-10-07T08:31:46.000+02:00",0.9,0.938396036624908,9.64081841279117,"almost_certain","2p4",NA,51.5618,6.0034,FALSE,6,"European Robin","Erithacus rubecula","#93d436","avian","https://media.birdweather.com/species/6/EuropeanRobin-standard-6802f21dc9c4b056c0c15b0a4ad01a9a.jpg","https://media.birdweather.com/species/6/EuropeanRobin-thumbnail-3afd51da2d7daf4db7f4ed43af30ed2d.jpg","https://media.birdweather.com/species/6/EuropeanRobin-png200-ac96bfc6bbb72a9e2528d5544937cebd.png","YxgKFwJnWYePd3iMd5h4Z4eHp6cMG8gA",17860619661,"https://media.birdweather.com/soundscapes/6891/6891-20261007-063146.flac",0,3,"birdnetpi"
11598829495,"1791354697-11598829495",6891,"2026-10-07T08:31:37.000+02:00",0.95,0.938396036624908,9.75047692230391,"almost_certain","2p4",NA,51.5654,6.0051,FALSE,6,"European Robin","Erithacus rubecula","#93d436","avian","https://media.birdweather.com/species/6/EuropeanRobin-standard-6802f21dc9c4b056c0c15b0a4ad01a9a.jpg","https://media.birdweather.com/species/6/EuropeanRobin-thumbnail-3afd51da2d7daf4db7f4ed43af30ed2d.jpg","https://media.birdweather.com/species/6/EuropeanRobin-png200-ac96bfc6bbb72a9e2528d5544937cebd.png","YxgKFwJnWYePd3iMd5h4Z4eHp6cMG8gA",17860609754,"https://media.birdweather.com/soundscapes/6891/6891-20261007-063137.flac",0,3,"birdnetpi"
11598792588,"1791354509-11598792588",6891,"2026-10-07T08:28:29.000+02:00",0.87,0.00411596661433578,3.80631868027826,"very_likely","2p4",NA,51.5683,6.0083,FALSE,242,"Barn Owl","Tyto alba","#c57e94","avian","https://media.birdweather.com/species/242/BarnOwl-standard-8bec9306e3928726cbb18b498dd33c03.jpg","https://media.birdweather.com/species/242/BarnOwl-thumbnail-f2dc3ee81bc91e5f2214d7a2b7be6eef.jpg","https://media.birdweather.com/species/242/BarnOwl-png200-fe95e07244e391ae77d98d1c722d7699.png","4PgFFwKCFGWPgIlpq2aJdXiHiQRFCWME",17860521216,"https://media.birdweather.com/soundscapes/6891/6891-20261007-062829.flac",0,3,"birdnetpi"
11598780517,"1791354463-11598780517",6891,"2026-10-07T08:27:43.000+02:00",0.87,0.295793175697327,8.01989401801069,"almost_certain","2p4",NA,51.5628,6.0085,FALSE,2,"Short-toed Treecreeper","Certhia brachydactyla","#66dd57","avian","https://media.birdweather.com/species/2/Short-toedTreecreeper-standard-7bbb76fb215629d251262575c97eb338.jpg","https://media.birdweather.com/species/2/Short-toedTreecreeper-thumbnail-fab8f3fcc7962cfbf3bdbde5dc2a415d.jpg","https://media.birdweather.com/species/2/Short-toedTreecreeper-png200-9ed36805c2a6923b35a860f2814cdd8c.png","IRkGHwS/1aqJXad3ialWmph5+Yx4z3gI",17860493565,"https://media.birdweather.com/soundscapes/6891/6891-20261007-062743.flac",0,3,"birdnetpi"
11598750986,"1791354316-11598750986",6891,"2026-10-07T08:25:16.000+02:00",0.95,0.938396036624908,9.75047692230391,"almost_certain","2p4",NA,51.564,6.002,FALSE,6,"European Robin","Erithacus rubecula","#93d436","avian","https://media.birdweather.com/species/6/EuropeanRobin-standard-6802f21dc9c4b056c0c15b0a4ad01a9a.jpg","https://media.birdweather.com/species/6/EuropeanRobin-thumbnail-3afd51da2d7daf4db7f4ed43af30ed2d.jpg","https://media.birdweather.com/species/6/EuropeanRobin-png200-ac96bfc6bbb72a9e2528d5544937cebd.png","YxgKFwJnWYePd3iMd5h4Z4eHp6cMG8gA",17860423744,"https://media.birdweather.com/soundscapes/6891/6891-20261007-062516.flac",0,3,"birdnetpi"
11598719287,"1791354167-11598719287",6891,"2026-10-07T08:22:47.000+02:00",0.96,0.938396036624908,9.77139335912309,"almost_certain","2p4",NA,51.5628,6.0065,FALSE,6,"European Robin","Erithacus rubecula","#93d436","avian","https://media.birdweather.com/species/6/EuropeanRobin-standard-6802f21dc9c4b056c0c15b0a4ad01a9a.jpg","https://media.birdweather.com/species/6/EuropeanRobin-thumbnail-3afd51da2d7daf4db7f4ed43af30ed2d.jpg","https://media.birdweather.com/species/6/EuropeanRobin-png200-ac96bfc6bbb72a9e2528d5544937cebd.png","YxgKFwJnWYePd3iMd5h4Z4eHp6cMG8gA",17860348254,"https://media.birdweather.com/soundscapes/6891/6891-20261007-062247.flac",0,3,"birdnetpi"
11598718946,"1791354164-11598718946",6891,"2026-10-07T08:22:44.000+02:00",0.89,0.0841870754957199,6.45379244874245,"almost_certain","2p4",NA,51.5641,6.0084,FALSE,56,"Hawfinch","Coccothraustes coccothraustes","#009135","avian","https://media.birdweather.com/species/56/Hawfinch-standard-f2fd54227598b155aeb69fb18024453c.jpg","https://media.birdweather.com/species/56/Hawfinch-thumbnail-2f25542de0973f7daac6127debea1661.jpg","https://media.birdweather.com/species/56/Hawfinch-png200-a69e6ce36567512aebe7edd3498f3923.png","XOgBDwKvYWRQ62V5hIx4g2aGae/HK6AF",17860347349,"https://media.birdweather.com/soundscapes/6891/6891-20261007-062244.flac",0,3,"birdnetpi"
11598686990,"1791354019-11598686990",6891,"2026-10-07T08:20:19.000+02:00",0.76,0.938396036624908,9.27680507573695,"almost_certain","2p4",NA,51.5623,6.0022,FALSE,6,"European Robin","Erithacus rubecula","#93d436","avian","https://media.birdweather.com/species/6/EuropeanRobin-standard-6802f21dc9c4b056c0c15b0a4ad01a9a.jpg","https://media.birdweather.com/species/6/EuropeanRobin-thumbnail-3afd51da2d7daf4db7f4ed43af30ed2d.jpg","https://media.birdweather.com/species/6/EuropeanRobin-png200-ac96bfc6bbb72a9e2528d5544937cebd.png","YxgKFwJnWYePd3iMd5h4Z4eHp6cMG8gA",17860271361,"https://media.birdweather.com/soundscapes/6891/6891-20261007-062019.flac",0,3,"birdnetpi"
11598680032,"1791353989-11598680032",6891,"2026-10-07T08:19:49.000+02:00",0.93,0.938396036624908,9.70766093770329,"almost_certain","2p4",NA,51.5699,6.0093,FALSE,6,"European Robin","Erithacus rubecula","#93d436","avian","https://media.birdweather.com/species/6/EuropeanRobin-standard-6802f21dc9c4b056c0c15b0a4ad01a9a.jpg","https://media.birdweather.com/species/6/EuropeanRobin-thumbnail-3afd51da2d7daf4db7f4ed43af30ed2d.jpg","https://media.birdweather.com/species/6/EuropeanRobin-png200-ac96bfc6bbb72a9e2528d5544937cebd.png","YxgKFwJnWYePd3iMd5h4Z4eHp6cMG8gA",17860254822,"https://media.birdweather.com/soundscapes/6891/6891-20261007-061949.flac",0,3,"birdnetpi"
11598670378,"1791353936-11598670378",6891,"2026-10-07T08:18:56.000+02:00",0.97,0.938396036624908,9.79199525111251,"almost_certain","2p4",NA,51.5692,6.0074,FALSE,6,"European Robin","Erithacus rubecula","#93d436","avian","https://media.birdweather.com/species/6/EuropeanRobin-standard-6802f21dc9c4b056c0c15b0a4ad01a9a.jpg","https://media.birdweather.com/species/6/EuropeanRobin-thumbnail-3afd51da2d7daf4db7f4ed43af30ed2d.jpg","https://media.birdweather.com/species/6/EuropeanRobin-png200-ac96bfc6bbb72a9e2528d5544937cebd.png","YxgKFwJnWYePd3iMd5h4Z4eHp6cMG8gA",17860232725,"https://media.birdweather.com/soundscapes/6891/6891-20261007-061856.flac",0,3,"birdnetpi"
11598666719,"1791353923-11598666719",6891,"2026-10-07T08:18:43.000+02:00",0.97,0.938396036624908,9.79199525111251,"almost_certain","2p4",NA,51.5704,6.0056,FALSE,6,"European Robin","Erithacus rubecula","#93d436","avian","https://media.birdweather.com/species/6/EuropeanRobin-standard-6802f21dc9c4b056c0c15b0a4ad01a9a.jpg","https://media.birdweather.com/species/6/EuropeanRobin-thumbnail-3afd51da2d7daf4db7f4ed43af30ed2d.jpg","https://media.birdweather.com/species/6/EuropeanRobin-png200-ac96bfc6bbb72a9e2528d5544937cebd.png","YxgKFwJnWYePd3iMd5h4Z4eHp6cMG8gA",17860224673,"https://media.birdweather.com/soundscapes/6891/6891-20261007-061843.flac",0,3,"birdnetpi"
11598663026,"1791353912-11598663026",6891,"2026-10-07T08:18:32.000+02:00",0.96,0.938396036624908,9.77139335912309,"almost_certain","2p4",NA,51.5622,6.0042,FALSE,6,"European Robin","Erithacus rubecula","#93d436","avian","https://media.birdweather.com/species/6/EuropeanRobin-standard-6802f21dc9c4b056c0c15b0a4ad01a9a.jpg","https://media.birdweather.com/species/6/EuropeanRobin-thumbnail-3afd51da2d7daf4db7f4ed43af30ed2d.jpg","https://media.birdweather.com/species/6/EuropeanRobin-png200-ac96bfc6bbb72a9e2528d5544937cebd.png","YxgKFwJnWYePd3iMd5h4Z4eHp6cMG8gA",17860216067,"https://media.birdweather.com/soundscapes/6891/6891-20261007-061832.flac",0,3,"birdnetpi"
11598659604,"1791353896-11598659604",6891,"2026-10-07T08:18:16.000+02:00",0.96,0.938396036624908,9.77139335912309,"almost_certain","2p4",NA,51.5661,6.0011,FALSE,6,"European Robin","Erithacus rubecula","#93d436","avian","https://media.birdweather.com/species/6/EuropeanRobin-standard-6802f21dc9c4b056c0c15b0a4ad01a9a.jpg","https://media.birdweather.com/species/6/EuropeanRobin-thumbnail-3afd51da2d7daf4db7f4ed43af30ed2d.jpg","https://media.birdweather.com/species/6/EuropeanRobin-png200-ac96bfc6bbb72a9e2528d5544937cebd.png","YxgKFwJnWYePd3iMd5h4Z4eHp6cMG8gA",17860208066,"https://media.birdweather.com/soundscapes/6891/6891-20261007-061816.flac",0,3,"birdnetpi"
11598656389,"1791353879-11598656389",6891,"2026-10-07T08:17:59.000+02:00",0.98,0.938396036624908,9.81229191863816,"almost_certain","2p4",NA,51.5696,6.0087,FALSE,6,"European Robin","Erithacus rubecula","#93d436","avian","https://media.birdweather.com/species/6/EuropeanRobin-standard-6802f21dc9c4b056c0c15b0a4ad01a9a.jpg","https://media.birdweather.com/species/6/EuropeanRobin-thumbnail-3afd51da2d7daf4db7f4ed43af30ed2d.jpg","https://media.birdweather.com/species/6/EuropeanRobin-png200-ac96bfc6bbb72a9e2528d5544937cebd.png","YxgKFwJnWYePd3iMd5h4Z4eHp6cMG8gA",17860200530,"https://media.birdweather.com/soundscapes/6891/6891-20261007-061759.flac",0,3,"birdnetpi"
11598650642,"1791353857-11598650642",6891,"2026-10-07T08:17:37.000+02:00",0.96,0.938396036624908,9.77139335912309,"almost_certain","2p4",NA,51.5694,6.0061,FALSE,6,"European Robin","Erithacus rubecula","#93d436","avian","https://media.birdweather.com/species/6/EuropeanRobin-standard-6802f21dc9c4b056c0c15b0a4ad01a9a.jpg","https://media.birdweather.com/species/6/EuropeanRobin-thumbnail-3afd51da2d7daf4db7f4ed43af30ed2d.jpg","https://media.birdweather.com/species/6/EuropeanRobin-png200-ac96bfc6bbb72a9e2528d5544937cebd.png","YxgKFwJnWYePd3iMd5h4Z4eHp6cMG8gA",17860187006,"https://media.birdweather.com/soundscapes/6891/6891-20261007-061737.flac",0,3,"birdnetpi"
11598645420,"1791353822-11598645420",6891,"2026-10-07T08:17:02.000+02:00",0.97,0.938396036624908,9.79199525111251,"almost_certain","2p4",NA,51.5628,6.006,FALSE,6,"European Robin","Erithacus rubecula","#93d436","avian","https://media.birdweather.com/species/6/EuropeanRobin-standard-6802f21dc9c4b056c0c15b0a4ad01a9a.jpg","https://media.birdweather.com/species/6/EuropeanRobin-thumbnail-3afd51da2d7daf4db7f4ed43af30ed2d.jpg","https://media.birdweather.com/species/6/EuropeanRobin-png200-ac96bfc6bbb72a9e2528d5544937cebd.png","YxgKFwJnWYePd3iMd5h4Z4eHp6cMG8gA",17860175441,"https://media.birdweather.com/soundscapes/6891/6891-20261007-061702.flac",0,3,"birdnetpi"
11598641195,"1791353803-11598641195",6891,"2026-10-07T08:16:43.000+02:00",0.82,0.938396036624908,9.44477025700345,"almost_certain","2p4",NA,51.5679,6.0061,FALSE,6,"European Robin","Erithacus rubecula","#93d436","avian","https://media.birdweather.com/species/6/EuropeanRobin-standard-6802f21dc9c4b056c0c15b0a4ad01a9a.jpg","https://media.birdweather.com/species/6/EuropeanRobin-thumbnail-3afd51da2d7daf4db7f4ed43af30ed2d.jpg","https://media.birdweather.com/species/6/EuropeanRobin-png200-ac96bfc6bbb72a9e2528d5544937cebd.png","YxgKFwJnWYePd3iMd5h4Z4eHp6cMG8gA",17860165902,"https://media.birdweather.com/soundscapes/6891/6891-20261007-061643.flac",0,3,"birdnetpi"
11598635145,"1791353777-11598635145",6891,"2026-10-07T08:16:17.000+02:00",0.98,0.938396036624908,9.81229191863816,"almost_certain","2p4",NA,51.569,6.008,FALSE,6,"European Robin","Erithacus rubecula","#93d436","avian","https://media.birdweather.com/species/6/EuropeanRobin-standard-6802f21dc9c4b056c0c15b0a4ad01a9a.jpg","https://media.birdweather.com/species/6/EuropeanRobin-thumbnail-3afd51da2d7daf4db7f4ed43af30ed2d.jpg","https://media.birdweather.com/species/6/EuropeanRobin-png200-ac96bfc6bbb72a9e2528d5544937cebd.png","YxgKFwJnWYePd3iMd5h4Z4eHp6cMG8gA",17860152315,"https://media.birdweather.com/soundscapes/6891/6891-20261007-061617.flac",0,3,"birdnetpi"
11598630584,"1791353762-11598630584",6891,"2026-10-07T08:16:02.000+02:00",0.88,0.938396036624908,9.59437328699549,"almost_certain","2p4",NA,51.5668,6.0031,FALSE,6,"European Robin","Erithacus rubecula","#93d436","avian","https://media.birdweather.com/species/6/EuropeanRobin-standard-6802f21dc9c4b056c0c15b0a4ad01a9a.jpg","https://media.birdweather.com/species/6/EuropeanRobin-thumbnail-3afd51da2d7daf4db7f4ed43af30ed2d.jpg","https://media.birdweather.com/species/6/EuropeanRobin-png200-ac96bfc6bbb72a9e2528d5544937cebd.png","YxgKFwJnWYePd3iMd5h4Z4eHp6cMG8gA",17860141745,"https://media.birdweather.com/soundscapes/6891/6891-20261007-061602.flac",0,3,"birdnetpi"
11598625549,"1791353732-11598625549",6891,"2026-10-07T08:15:32.000+02:00",1,0.938396036624908,9.85200484415451,"almost_certain","2p4",NA,51.5672,6.0008,FALSE,6,"European Robin","Erithacus rubecula","#93d436","avian","https://media.birdweather.com/species/6/EuropeanRobin-standard-6802f21dc9c4b056c0c15b0a4ad01a9a.jpg","https://media.birdweather.com/species/6/EuropeanRobin-thumbnail-3afd51da2d7daf4db7f4ed43af30ed2d.jpg","https://media.birdweather.com/species/6/EuropeanRobin-png200-ac96bfc6bbb72a9e2528d5544937cebd.png","YxgKFwJnWYePd3iMd5h4Z4eHp6cMG8gA",17860130211,"https://media.birdweather.com/soundscapes/6891/6891-20261007-061532.flac",0,3,"birdnetpi"
11598618473,"1791353699-11598618473",6891,"2026-10-07T08:14:59.000+02:00",0.84,0.295793175697327,7.94582192487041,"almost_certain","2p4",NA,51.5668,6.0039,FALSE,2,"Short-toed Treecreeper","Certhia brachydactyla","#66dd57","avian","https://media.birdweather.com/species/2/Short-toedTreecreeper-standard-7bbb76fb215629d251262575c97eb338.jpg","https://media.birdweather.com/species/2/Short-toedTreecreeper-thumbnail-fab8f3fcc7962cfbf3bdbde5dc2a415d.jpg","https://media.birdweather.com/species/2/Short-toedTreecreeper-png200-9ed36805c2a6923b35a860f2814cdd8c.png","IRkGHwS/1aqJXad3ialWmph5+Yx4z3gI",17860113622,"https://media.birdweather.com/soundscapes/6891/6891-20261007-061459.flac",0,3,"birdnetpi"
11598612334,"1791353671-11598612334",6891,"2026-10-07T08:14:31.000+02:00",0.76,0.938677608966827,9.27721175906436,"almost_certain","2p4",NA,51.5664,6.0013,FALSE,11,"Great Tit","Parus major","#7a41c7","avian","https://media.birdweather.com/species/11/GreatTit-standard-0058e4dcd148acb2e0cb8a7b7c6ad3b2.jpg","https://media.birdweather.com/species/11/GreatTit-thumbnail-6910d0adae4550c5e6f2396322ee64c4.jpg","https://media.birdweather.com/species/11/GreatTit-png200-9f3394faf07d12f615112c10cb9d7f02.png","ImkCDwTFxox9pZloaIaeZLsJp9r1yG4P",17860099501,"https://media.birdweather.com/soundscapes/6891/6891-20261007-061431.flac",0,3,"birdnetpi"
11598604717,"1791353636-11598604717",6891,"2026-10-07T08:13:56.000+02:00",0.78,0.816760241985321,9.14706906135483,"almost_certain","2p4",NA,51.5616,6.0044,FALSE,51,"Common Chiffchaff","Phylloscopus collybita","#234bb2","avian","https://media.birdweather.com/species/51/CommonChiffchaff-standard-51b65ae67159c1d7e6b40d2e5032b8bc.jpg","https://media.birdweather.com/species/51/CommonChiffchaff-thumbnail-db7cc6cc80c51cac95a6cceb51a0a66f.jpg","https://media.birdweather.com/species/51/CommonChiffchaff-png200-e06677bd5f83c96ea17aab076a5e64dd.png","HSkCDwJplXeiMFilxTzIyVZplYf32ZcA",17860081917,"https://media.birdweather.com/soundscapes/6891/6891-20261007-061356.flac",0,3,"birdnetpi"
11598602164,"1791353626-11598602164",6891,"2026-10-07T08:13:46.000+02:00",0.84,0.938677608966827,9.49688118966735,"almost_certain","2p4",NA,51.568,6.0026,FALSE,11,"Great Tit","Parus major","#7a41c7","avian","https://media.birdweather.com/species/11/GreatTit-standard-0058e4dcd148acb2e0cb8a7b7c6ad3b2.jpg","https://media.birdweather.com/species/11/GreatTit-thumbnail-6910d0adae4550c5e6f2396322ee64c4.jpg","https://media.birdweather.com/species/11/GreatTit-png200-9f3394faf07d12f615112c10cb9d7f02.png","ImkCDwTFxox9pZloaIaeZLsJp9r1yG4P",17860076020,"https://media.birdweather.com/soundscapes/6891/6891-20261007-061346.flac",0,3,"birdnetpi"
11598581238,"1791353528-11598581238",6891,"2026-10-07T08:12:08.000+02:00",0.87,0.938396036624908,9.57054659948023,"almost_certain","2p4",NA,51.5647,6.0089,FALSE,6,"European Robin","Erithacus rubecula","#93d436","avian","https://media.birdweather.com/species/6/EuropeanRobin-standard-6802f21dc9c4b056c0c15b0a4ad01a9a.jpg","https://media.birdweather.com/species/6/EuropeanRobin-thumbnail-3afd51da2d7daf4db7f4ed43af30ed2d.jpg","https://media.birdweather.com/species/6/EuropeanRobin-png200-ac96bfc6bbb72a9e2528d5544937cebd.png","YxgKFwJnWYePd3iMd5h4Z4eHp6cMG8gA",17860027181,"https://media.birdweather.com/soundscapes/6891/6891-20261007-061208.flac",0,3,"birdnetpi"
11598577110,"1791353513-11598577110",6891,"2026-10-07T08:11:53.000+02:00",0.85,0.938396036624908,9.52161282631538,"almost_certain","2p4",NA,51.5658,6.0012,FALSE,6,"European Robin","Erithacus rubecula","#93d436","avian","https://media.birdweather.com/species/6/EuropeanRobin-standard-6802f21dc9c4b056c0c15b0a4ad01a9a.jpg","https://media.birdweather.com/species/6/EuropeanRobin-thumbnail-3afd51da2d7daf4db7f4ed43af30ed2d.jpg","https://media.birdweather.com/species/6/EuropeanRobin-png200-ac96bfc6bbb72a9e2528d5544937cebd.png","YxgKFwJnWYePd3iMd5h4Z4eHp6cMG8gA",17860017279,"https://media.birdweather.com/soundscapes/6891/6891-20261007-061153.flac",0,3,"birdnetpi"
11598549522,"1791353381-11598549522",6891,"2026-10-07T08:09:41.000+02:00",0.99,0.938396036624908,9.83229227384514,"almost_certain","2p4",NA,51.5615,6.0028,FALSE,6,"European Robin","Erithacus rubecula","#93d436","avian","https://media.birdweather.com/species/6/EuropeanRobin-standard-6802f21dc9c4b056c0c15b0a4ad01a9a.jpg","https://media.birdweather.com/species/6/EuropeanRobin-thumbnail-3afd51da2d7daf4db7f4ed43af30ed2d.jpg","https://media.birdweather.com/species/6/EuropeanRobin-png200-ac96bfc6bbb72a9e2528d5544937cebd.png","YxgKFwJnWYePd3iMd5h4Z4eHp6cMG8gA",17859953242,"https://media.birdweather.com/soundscapes/6891/6891-20261007-060941.flac",0,3,"birdnetpi"
11598545827,"1791353363-11598545827",6891,"2026-10-07T08:09:23.000+02:00",0.89,0.938396036624908,9.61779266069773,"almost_certain","2p4",NA,51.5656,6.0018,FALSE,6,"European Robin","Erithacus rubecula","#93d436","avian","https://media.birdweather.com/species/6/EuropeanRobin-standard-6802f21dc9c4b056c0c15b0a4ad01a9a.jpg","https://media.birdweather.com/species/6/EuropeanRobin-thumbnail-3afd51da2d7daf4db7f4ed43af30ed2d.jpg","https://media.birdweather.com/species/6/EuropeanRobin-png200-ac96bfc6bbb72a9e2528d5544937cebd.png","YxgKFwJnWYePd3iMd5h4Z4eHp6cMG8gA",17859944783,"https://media.birdweather.com/soundscapes/6891/6891-20261007-060923.flac",0,3,"birdnetpi"
11598534251,"1791353308-11598534251",6891,"2026-10-07T08:08:28.000+02:00",0.91,0.295793175697327,8.11281097499479,"almost_certain","2p4",NA,51.5684,6.0064,FALSE,2,"Short-toed Treecreeper","Certhia brachydactyla","#66dd57","avian","https://media.birdweather.com/species/2/Short-toedTreecreeper-standard-7bbb76fb215629d251262575c97eb338.jpg","https://media.birdweather.com/species/2/Short-toedTreecreeper-thumbnail-fab8f3fcc7962cfbf3bdbde5dc2a415d.jpg","https://media.birdweather.com/species/2/Short-toedTreecreeper-png200-9ed36805c2a6923b35a860f2814cdd8c.png","IRkGHwS/1aqJXad3ialWmph5+Yx4z3gI",17859917170,"https://media.birdweather.com/soundscapes/6891/6891-20261007-060828.flac",0,3,"birdnetpi"
11598523654,"1791353260-11598523654",6891,"2026-10-07T08:07:40.000+02:00",0.76,0.816760241985321,9.08876238960107,"almost_certain","2p4",NA,51.566,6.0034,FALSE,51,"Common Chiffchaff","Phylloscopus collybita","#234bb2","avian","https://media.birdweather.com/species/51/CommonChiffchaff-standard-51b65ae67159c1d7e6b40d2e5032b8bc.jpg","https://media.birdweather.com/species/51/CommonChiffchaff-thumbnail-db7cc6cc80c51cac95a6cceb51a0a66f.jpg","https://media.birdweather.com/species/51/CommonChiffchaff-png200-e06677bd5f83c96ea17aab076a5e64dd.png","HSkCDwJplXeiMFilxTzIyVZplYf32ZcA",17859891660,"https://media.birdweather.com/soundscapes/6891/6891-20261007-060740.flac",0,3,"birdnetpi"
11598503781,"1791353165-11598503781",6891,"2026-10-07T08:06:05.000+02:00",0.9,0.938677608966827,9.64122509611857,"almost_certain","2p4",NA,51.5644,6.0034,FALSE,11,"Great Tit","Parus major","#7a41c7","avian","https://media.birdweather.com/species/11/GreatTit-standard-0058e4dcd148acb2e0cb8a7b7c6ad3b2.jpg","https://media.birdweather.com/species/11/GreatTit-thumbnail-6910d0adae4550c5e6f2396322ee64c4.jpg","https://media.birdweather.com/species/11/GreatTit-png200-9f3394faf07d12f615112c10cb9d7f02.png","ImkCDwTFxox9pZloaIaeZLsJp9r1yG4P",17859845081,"https://media.birdweather.com/soundscapes/6891/6891-20261007-060605.flac",0,3,"birdnetpi"
11598503756,"1791353165-11598503756",6891,"2026-10-07T08:06:05.000+02:00",0.85,0.295793175697327,7.97096024484584,"almost_certain","2p4",NA,51.5638,6.0012,FALSE,2,"Short-toed Treecreeper","Certhia brachydactyla","#66dd57","avian","https://media.birdweather.com/species/2/Short-toedTreecreeper-standard-7bbb76fb215629d251262575c97eb338.jpg","https://media.birdweather.com/species/2/Short-toedTreecreeper-thumbnail-fab8f3fcc7962cfbf3bdbde5dc2a415d.jpg","https://media.birdweather.com/species/2/Short-toedTreecreeper-png200-9ed36805c2a6923b35a860f2814cdd8c.png","IRkGHwS/1aqJXad3ialWmph5+Yx4z3gI",17859845047,"https://media.birdweather.com/soundscapes/6891/6891-20261007-060605.flac",0,3,"birdnetpi"
11598496601,"1791353144-11598496601",6891,"2026-10-07T08:05:44.000+02:00",0.95,0.938396036624908,9.75047692230391,"almost_certain","2p4",NA,51.5658,6.0061,FALSE,6,"European Robin","Erithacus rubecula","#93d436","avian","https://media.birdweather.com/species/6/EuropeanRobin-standard-6802f21dc9c4b056c0c15b0a4ad01a9a.jpg","https://media.birdweather.com/species/6/EuropeanRobin-thumbnail-3afd51da2d7daf4db7f4ed43af30ed2d.jpg","https://media.birdweather.com/species/6/EuropeanRobin-png200-ac96bfc6bbb72a9e2528d5544937cebd.png","YxgKFwJnWYePd3iMd5h4Z4eHp6cMG8gA",17859828410,"https://media.birdweather.com/soundscapes/6891/6891-20261007-060544.flac",0,3,"birdnetpi"
11598487969,"1791353095-11598487969",6891,"2026-10-07T08:04:55.000+02:00",0.85,0.938396036624908,9.52161282631538,"almost_certain","2p4",NA,51.5619,6.0026,FALSE,6,"European Robin","Erithacus rubecula","#93d436","avian","https://media.birdweather.com/species/6/EuropeanRobin-standard-6802f21dc9c4b056c0c15b0a4ad01a9a.jpg","https://media.birdweather.com/species/6/EuropeanRobin-thumbnail-3afd51da2d7daf4db7f4ed43af30ed2d.jpg","https://media.birdweather.com/species/6/EuropeanRobin-png200-ac96bfc6bbb72a9e2528d5544937cebd.png","YxgKFwJnWYePd3iMd5h4Z4eHp6cMG8gA",17859808779,"https://media.birdweather.com/soundscapes/6891/6891-20261007-060455.flac",0,3,"birdnetpi"
11598482877,"1791353080-11598482877",6891,"2026-10-07T08:04:40.000+02:00",0.95,0.938396036624908,9.75047692230391,"almost_certain","2p4",NA,51.5639,6.0076,FALSE,6,"European Robin","Erithacus rubecula","#93d436","avian","https://media.birdweather.com/species/6/EuropeanRobin-standard-6802f21dc9c4b056c0c15b0a4ad01a9a.jpg","https://media.birdweather.com/species/6/EuropeanRobin-thumbnail-3afd51da2d7daf4db7f4ed43af30ed2d.jpg","https://media.birdweather.com/species/6/EuropeanRobin-png200-ac96bfc6bbb72a9e2528d5544937cebd.png","YxgKFwJnWYePd3iMd5h4Z4eHp6cMG8gA",17859796732,"https://media.birdweather.com/soundscapes/6891/6891-20261007-060440.flac",0,3,"birdnetpi"
11598478777,"1791353050-11598478777",6891,"2026-10-07T08:04:10.000+02:00",0.86,0.938396036624908,9.54629817885404,"almost_certain","2p4",NA,51.569,6.0048,FALSE,6,"European Robin","Erithacus rubecula","#93d436","avian","https://media.birdweather.com/species/6/EuropeanRobin-standard-6802f21dc9c4b056c0c15b0a4ad01a9a.jpg","https://media.birdweather.com/species/6/EuropeanRobin-thumbnail-3afd51da2d7daf4db7f4ed43af30ed2d.jpg","https://media.birdweather.com/species/6/EuropeanRobin-png200-ac96bfc6bbb72a9e2528d5544937cebd.png","YxgKFwJnWYePd3iMd5h4Z4eHp6cMG8gA",17859787207,"https://media.birdweather.com/soundscapes/6891/6891-20261007-060410.flac",0,3,"birdnetpi"
11598474504,"1791353030-11598474504",6891,"2026-10-07T08:03:50.000+02:00",0.87,0.938396036624908,9.57054659948023,"almost_certain","2p4",NA,51.5646,6.0088,FALSE,6,"European Robin","Erithacus rubecula","#93d436","avian","https://media.birdweather.com/species/6/EuropeanRobin-standard-6802f21dc9c4b056c0c15b0a4ad01a9a.jpg","https://media.birdweather.com/species/6/EuropeanRobin-thumbnail-3afd51da2d7daf4db7f4ed43af30ed2d.jpg","https://media.birdweather.com/species/6/EuropeanRobin-png200-ac96bfc6bbb72a9e2528d5544937cebd.png","YxgKFwJnWYePd3iMd5h4Z4eHp6cMG8gA",17859777127,"https://media.birdweather.com/soundscapes/6891/6891-20261007-060350.flac",0,3,"birdnetpi"
11598470409,"1791353012-11598470409",6891,"2026-10-07T08:03:32.000+02:00",0.96,0.938396036624908,9.77139335912309,"almost_certain","2p4",NA,51.5684,6.0051,FALSE,6,"European Robin","Erithacus rubecula","#93d436","avian","https://media.birdweather.com/species/6/EuropeanRobin-standard-6802f21dc9c4b056c0c15b0a4ad01a9a.jpg","https://media.birdweather.com/species/6/EuropeanRobin-thumbnail-3afd51da2d7daf4db7f4ed43af30ed2d.jpg","https://media.birdweather.com/species/6/EuropeanRobin-png200-ac96bfc6bbb72a9e2528d5544937cebd.png","YxgKFwJnWYePd3iMd5h4Z4eHp6cMG8gA",17859767580,"https://media.birdweather.com/soundscapes/6891/6891-20261007-060332.flac",0,3,"birdnetpi"
11598450863,"1791352921-11598450863",6891,"2026-10-07T08:02:01.000+02:00",0.83,0.844611883163452,9.32821538056557,"almost_certain","2p4",NA,51.5636,6.007,FALSE,52,"Eurasian Magpie","Pica pica","#d9c845","avian","https://media.birdweather.com/species/52/EurasianMagpie-standard-918a15076b13e00f4b99a7d5416ca730.jpg","https://media.birdweather.com/species/52/EurasianMagpie-thumbnail-d9fbe854e7c8607465886068aaae11f9.jpg","https://media.birdweather.com/species/52/EurasianMagpie-png200-5c239aeda607c9e0851a39f804982091.png","FggGDwAf+FnWW5aUV4SFiZZ7ehr4bvIM",17859722297,"https://media.birdweather.com/soundscapes/6891/6891-20261007-060201.flac",0,3,"birdnetpi"
11598420492,"1791352781-11598420492",6891,"2026-10-07T07:59:41.000+02:00",0.89,0.938396036624908,9.61779266069773,"almost_certain","2p4",NA,51.5664,6.0093,FALSE,6,"European Robin","Erithacus rubecula","#93d436","avian","https://media.birdweather.com/species/6/EuropeanRobin-standard-6802f21dc9c4b056c0c15b0a4ad01a9a.jpg","https://media.birdweather.com/species/6/EuropeanRobin-thumbnail-3afd51da2d7daf4db7f4ed43af30ed2d.jpg","https://media.birdweather.com/species/6/EuropeanRobin-png200-ac96bfc6bbb72a9e2528d5544937cebd.png","YxgKFwJnWYePd3iMd5h4Z4eHp6cMG8gA",17859651392,"https://media.birdweather.com/soundscapes/6891/6891-20261007-055941.flac",0,3,"birdnetpi"
11598339191,"1791352408-11598339191",6891,"2026-10-07T07:53:28.000+02:00",0.97,0.938396036624908,9.79199525111251,"almost_certain","2p4",NA,51.5701,6.0078,FALSE,6,"European Robin","Erithacus rubecula","#93d436","avian","https://media.birdweather.com/species/6/EuropeanRobin-standard-6802f21dc9c4b056c0c15b0a4ad01a9a.jpg","https://media.birdweather.com/species/6/EuropeanRobin-thumbnail-3afd51da2d7daf4db7f4ed43af30ed2d.jpg","https://media.birdweather.com/species/6/EuropeanRobin-png200-ac96bfc6bbb72a9e2528d5544937cebd.png","YxgKFwJnWYePd3iMd5h4Z4eHp6cMG8gA",17859462837,"https://media.birdweather.com/soundscapes/6891/6891-20261007-055328.flac",0,3,"birdnetpi"
11598329173,"1791352361-11598329173",6891,"2026-10-07T07:52:41.000+02:00",0.86,0.938396036624908,9.54629817885404,"almost_certain","2p4",NA,51.563,6.0028,FALSE,6,"European Robin","Erithacus rubecula","#93d436","avian","https://media.birdweather.com/species/6/EuropeanRobin-standard-6802f21dc9c4b056c0c15b0a4ad01a9a.jpg","https://media.birdweather.com/species/6/EuropeanRobin-thumbnail-3afd51da2d7daf4db7f4ed43af30ed2d.jpg","https://media.birdweather.com/species/6/EuropeanRobin-png200-ac96bfc6bbb72a9e2528d5544937cebd.png","YxgKFwJnWYePd3iMd5h4Z4eHp6cMG8gA",17859440207,"https://media.birdweather.com/soundscapes/6891/6891-20261007-055241.flac",0,3,"birdnetpi"
11598325130,"1791352354-11598325130",6891,"2026-10-07T07:52:34.000+02:00",0.94,0.938396036624908,9.72923618674964,"almost_certain","2p4",NA,51.5642,6.0061,FALSE,6,"European Robin","Erithacus rubecula","#93d436","avian","https://media.birdweather.com/species/6/EuropeanRobin-standard-6802f21dc9c4b056c0c15b0a4ad01a9a.jpg","https://media.birdweather.com/species/6/EuropeanRobin-thumbnail-3afd51da2d7daf4db7f4ed43af30ed2d.jpg","https://media.birdweather.com/species/6/EuropeanRobin-png200-ac96bfc6bbb72a9e2528d5544937cebd.png","YxgKFwJnWYePd3iMd5h4Z4eHp6cMG8gA",17859430646,"https://media.birdweather.com/soundscapes/6891/6891-20261007-055234.flac",0,3,"birdnetpi"
11598316153,"1791352300-11598316153",6891,"2026-10-07T07:51:40.000+02:00",0.8,0.938396036624908,9.39103787998345,"almost_certain","2p4",NA,51.5678,6.0031,FALSE,6,"European Robin","Erithacus rubecula","#93d436","avian","https://media.birdweather.com/species/6/EuropeanRobin-standard-6802f21dc9c4b056c0c15b0a4ad01a9a.jpg","https://media.birdweather.com/species/6/EuropeanRobin-thumbnail-3afd51da2d7daf4db7f4ed43af30ed2d.jpg","https://media.birdweather.com/species/6/EuropeanRobin-png200-ac96bfc6bbb72a9e2528d5544937cebd.png","YxgKFwJnWYePd3iMd5h4Z4eHp6cMG8gA",17859409581,"https://media.birdweather.com/soundscapes/6891/6891-20261007-055140.flac",0,3,"birdnetpi"
11598280367,"1791352141-11598280367",6891,"2026-10-07T07:49:01.000+02:00",0.72,0.938396036624908,9.1521737395951,"almost_certain","2p4",NA,51.562,6.0093,FALSE,6,"European Robin","Erithacus rubecula","#93d436","avian","https://media.birdweather.com/species/6/EuropeanRobin-standard-6802f21dc9c4b056c0c15b0a4ad01a9a.jpg","https://media.birdweather.com/species/6/EuropeanRobin-thumbnail-3afd51da2d7daf4db7f4ed43af30ed2d.jpg","https://media.birdweather.com/species/6/EuropeanRobin-png200-ac96bfc6bbb72a9e2528d5544937cebd.png","YxgKFwJnWYePd3iMd5h4Z4eHp6cMG8gA",17859327699,"https://media.birdweather.com/soundscapes/6891/6891-20261007-054901.flac",0,3,"birdnetpi"
11598273862,"1791352109-11598273862",6891,"2026-10-07T07:48:29.000+02:00",0.91,0.938396036624908,9.66346355646433,"almost_certain","2p4",NA,51.5667,6.0009,FALSE,6,"European Robin","Erithacus rubecula","#93d436","avian","https://media.birdweather.com/species/6/EuropeanRobin-standard-6802f21dc9c4b056c0c15b0a4ad01a9a.jpg","https://media.birdweather.com/species/6/EuropeanRobin-thumbnail-3afd51da2d7daf4db7f4ed43af30ed2d.jpg","https://media.birdweather.com/species/6/EuropeanRobin-png200-ac96bfc6bbb72a9e2528d5544937cebd.png","YxgKFwJnWYePd3iMd5h4Z4eHp6cMG8gA",17859313068,"https://media.birdweather.com/soundscapes/6891/6891-20261007-054829.flac",0,3,"birdnetpi"
11598269308,"1791352094-11598269308",6891,"2026-10-07T07:48:14.000+02:00",0.96,0.938396036624908,9.77139335912309,"almost_certain","2p4",NA,51.5696,6.0068,FALSE,6,"European Robin","Erithacus rubecula","#93d436","avian","https://media.birdweather.com/species/6/EuropeanRobin-standard-6802f21dc9c4b056c0c15b0a4ad01a9a.jpg","https://media.birdweather.com/species/6/EuropeanRobin-thumbnail-3afd51da2d7daf4db7f4ed43af30ed2d.jpg","https://media.birdweather.com/species/6/EuropeanRobin-png200-ac96bfc6bbb72a9e2528d5544937cebd.png","YxgKFwJnWYePd3iMd5h4Z4eHp6cMG8gA",17859302565,"https://media.birdweather.com/soundscapes/6891/6891-20261007-054814.flac",0,3,"birdnetpi"
11598263369,"1791352061-11598263369",6891,"2026-10-07T07:47:41.000+02:00",0.98,0.938396036624908,9.81229191863816,"almost_certain","2p4",NA,51.5663,6.0081,FALSE,6,"European Robin","Erithacus rubecula","#93d436","avian","https://media.birdweather.com/species/6/EuropeanRobin-standard-6802f21dc9c4b056c0c15b0a4ad01a9a.jpg","https://media.birdweather.com/species/6/EuropeanRobin-thumbnail-3afd51da2d7daf4db7f4ed43af30ed2d.jpg","https://media.birdweather.com/species/6/EuropeanRobin-png200-ac96bfc6bbb72a9e2528d5544937cebd.png","YxgKFwJnWYePd3iMd5h4Z4eHp6cMG8gA",17859288999,"https://media.birdweather.com/soundscapes/6891/6891-20261007-054741.flac",0,3,"birdnetpi"
11598257470,"1791352037-11598257470",6891,"2026-10-07T07:47:17.000+02:00",0.99,0.938396036624908,9.83229227384514,"almost_certain","2p4",NA,51.5635,6.0073,FALSE,6,"European Robin","Erithacus rubecula","#93d436","avian","https://media.birdweather.com/species/6/EuropeanRobin-standard-6802f21dc9c4b056c0c15b0a4ad01a9a.jpg","https://media.birdweather.com/species/6/EuropeanRobin-thumbnail-3afd51da2d7daf4db7f4ed43af30ed2d.jpg","https://media.birdweather.com/species/6/EuropeanRobin-png200-ac96bfc6bbb72a9e2528d5544937cebd.png","YxgKFwJnWYePd3iMd5h4Z4eHp6cMG8gA",17859275357,"https://media.birdweather.com/soundscapes/6891/6891-20261007-054717.flac",0,3,"birdnetpi"
11598251332,"1791352007-11598251332",6891,"2026-10-07T07:46:47.000+02:00",0.98,0.938396036624908,9.81229191863816,"almost_certain","2p4",NA,51.5638,6.009,FALSE,6,"European Robin","Erithacus rubecula","#93d436","avian","https://media.birdweather.com/species/6/EuropeanRobin-standard-6802f21dc9c4b056c0c15b0a4ad01a9a.jpg","https://media.birdweather.com/species/6/EuropeanRobin-thumbnail-3afd51da2d7daf4db7f4ed43af30ed2d.jpg","https://media.birdweather.com/species/6/EuropeanRobin-png200-ac96bfc6bbb72a9e2528d5544937cebd.png","YxgKFwJnWYePd3iMd5h4Z4eHp6cMG8gA",17859261254,"https://media.birdweather.com/soundscapes/6891/6891-20261007-054647.flac",0,3,"birdnetpi"
11598244933,"1791351988-11598244933",6891,"2026-10-07T07:46:28.000+02:00",0.98,0.938396036624908,9.81229191863816,"almost_certain","2p4",NA,51.5662,6.0034,FALSE,6,"European Robin","Erithacus rubecula","#93d436","avian","https://media.birdweather.com/species/6/EuropeanRobin-standard-6802f21dc9c4b056c0c15b0a4ad01a9a.jpg","https://media.birdweather.com/species/6/EuropeanRobin-thumbnail-3afd51da2d7daf4db7f4ed43af30ed2d.jpg","https://media.birdweather.com/species/6/EuropeanRobin-png200-ac96bfc6bbb72a9e2528d5544937cebd.png","YxgKFwJnWYePd3iMd5h4Z4eHp6cMG8gA",17859246232,"https://media.birdweather.com/soundscapes/6891/6891-20261007-054628.flac",0,3,"birdnetpi"
11598239208,"1791351956-11598239208",6891,"2026-10-07T07:45:56.000+02:00",0.95,0.938396036624908,9.75047692230391,"almost_certain","2p4",NA,51.5615,6.0092,FALSE,6,"European Robin","Erithacus rubecula","#93d436","avian","https://media.birdweather.com/species/6/EuropeanRobin-standard-6802f21dc9c4b056c0c15b0a4ad01a9a.jpg","https://media.birdweather.com/species/6/EuropeanRobin-thumbnail-3afd51da2d7daf4db7f4ed43af30ed2d.jpg","https://media.birdweather.com/species/6/EuropeanRobin-png200-ac96bfc6bbb72a9e2528d5544937cebd.png","YxgKFwJnWYePd3iMd5h4Z4eHp6cMG8gA",17859232673,"https://media.birdweather.com/soundscapes/6891/6891-20261007-054556.flac",0,3,"birdnetpi"
11598236016,"1791351937-11598236016",6891,"2026-10-07T07:45:37.000+02:00",0.99,0.938396036624908,9.83229227384514,"almost_certain","2p4",NA,51.567,6.0008,FALSE,6,"European Robin","Erithacus rubecula","#93d436","avian","https://media.birdweather.com/species/6/EuropeanRobin-standard-6802f21dc9c4b056c0c15b0a4ad01a9a.jpg","https://media.birdweather.com/species/6/EuropeanRobin-thumbnail-3afd51da2d7daf4db7f4ed43af30ed2d.jpg","https://media.birdweather.com/species/6/EuropeanRobin-png200-ac96bfc6bbb72a9e2528d5544937cebd.png","YxgKFwJnWYePd3iMd5h4Z4eHp6cMG8gA",17859225101,"https://media.birdweather.com/soundscapes/6891/6891-20261007-054537.flac",0,3,"birdnetpi"
11598229732,"1791351908-11598229732",6891,"2026-10-07T07:45:08.000+02:00",0.98,0.938396036624908,9.81229191863816,"almost_certain","2p4",NA,51.5659,6.0038,FALSE,6,"European Robin","Erithacus rubecula","#93d436","avian","https://media.birdweather.com/species/6/EuropeanRobin-standard-6802f21dc9c4b056c0c15b0a4ad01a9a.jpg","https://media.birdweather.com/species/6/EuropeanRobin-thumbnail-3afd51da2d7daf4db7f4ed43af30ed2d.jpg","https://media.birdweather.com/species/6/EuropeanRobin-png200-ac96bfc6bbb72a9e2528d5544937cebd.png","YxgKFwJnWYePd3iMd5h4Z4eHp6cMG8gA",17859210487,"https://media.birdweather.com/soundscapes/6891/6891-20261007-054508.flac",0,3,"birdnetpi"
11598223865,"1791351884-11598223865",6891,"2026-10-07T07:44:44.000+02:00",0.98,0.938396036624908,9.81229191863816,"almost_certain","2p4",NA,51.5615,6.005,FALSE,6,"European Robin","Erithacus rubecula","#93d436","avian","https://media.birdweather.com/species/6/EuropeanRobin-standard-6802f21dc9c4b056c0c15b0a4ad01a9a.jpg","https://media.birdweather.com/species/6/EuropeanRobin-thumbnail-3afd51da2d7daf4db7f4ed43af30ed2d.jpg","https://media.birdweather.com/species/6/EuropeanRobin-png200-ac96bfc6bbb72a9e2528d5544937cebd.png","YxgKFwJnWYePd3iMd5h4Z4eHp6cMG8gA",17859196925,"https://media.birdweather.com/soundscapes/6891/6891-20261007-054444.flac",0,3,"birdnetpi"
11598218091,"1791351860-11598218091",6891,"2026-10-07T07:44:20.000+02:00",0.87,0.938396036624908,9.57054659948023,"almost_certain","2p4",NA,51.569,6.0082,FALSE,6,"European Robin","Erithacus rubecula","#93d436","avian","https://media.birdweather.com/species/6/EuropeanRobin-standard-6802f21dc9c4b056c0c15b0a4ad01a9a.jpg","https://media.birdweather.com/species/6/EuropeanRobin-thumbnail-3afd51da2d7daf4db7f4ed43af30ed2d.jpg","https://media.birdweather.com/species/6/EuropeanRobin-png200-ac96bfc6bbb72a9e2528d5544937cebd.png","YxgKFwJnWYePd3iMd5h4Z4eHp6cMG8gA",17859183386,"https://media.birdweather.com/soundscapes/6891/6891-20261007-054420.flac",0,3,"birdnetpi"
11598205181,"1791351800-11598205181",6891,"2026-10-07T07:43:20.000+02:00",0.92,0.938396036624908,9.68574047005867,"almost_certain","2p4",NA,51.5691,6.0033,FALSE,6,"European Robin","Erithacus rubecula","#93d436","avian","https://media.birdweather.com/species/6/EuropeanRobin-standard-6802f21dc9c4b056c0c15b0a4ad01a9a.jpg","https://media.birdweather.com/species/6/EuropeanRobin-thumbnail-3afd51da2d7daf4db7f4ed43af30ed2d.jpg","https://media.birdweather.com/species/6/EuropeanRobin-png200-ac96bfc6bbb72a9e2528d5544937cebd.png","YxgKFwJnWYePd3iMd5h4Z4eHp6cMG8gA",17859154143,"https://media.birdweather.com/soundscapes/6891/6891-20261007-054320.flac",0,3,"birdnetpi"
11598205823,"1791351796-11598205823",6891,"2026-10-07T07:43:16.000+02:00",0.76,0.0841870754957199,6.11280486378167,"almost_certain","2p4",NA,51.5702,6.0071,FALSE,56,"Hawfinch","Coccothraustes coccothraustes","#009135","avian","https://media.birdweather.com/species/56/Hawfinch-standard-f2fd54227598b155aeb69fb18024453c.jpg","https://media.birdweather.com/species/56/Hawfinch-thumbnail-2f25542de0973f7daac6127debea1661.jpg","https://media.birdweather.com/species/56/Hawfinch-png200-a69e6ce36567512aebe7edd3498f3923.png","XOgBDwKvYWRQ62V5hIx4g2aGae/HK6AF",17859155631,"https://media.birdweather.com/soundscapes/6891/6891-20261007-054316.flac",0,3,"birdnetpi"
11598201438,"1791351776-11598201438",6891,"2026-10-07T07:42:56.000+02:00",0.7,0.0841870754957199,5.92133100272771,"almost_certain","2p4",NA,51.564,6.0054,FALSE,56,"Hawfinch","Coccothraustes coccothraustes","#009135","avian","https://media.birdweather.com/species/56/Hawfinch-standard-f2fd54227598b155aeb69fb18024453c.jpg","https://media.birdweather.com/species/56/Hawfinch-thumbnail-2f25542de0973f7daac6127debea1661.jpg","https://media.birdweather.com/species/56/Hawfinch-png200-a69e6ce36567512aebe7edd3498f3923.png","XOgBDwKvYWRQ62V5hIx4g2aGae/HK6AF",17859145555,"https://media.birdweather.com/soundscapes/6891/6891-20261007-054256.flac",0,3,"birdnetpi"
11598198272,"1791351770-11598198272",6891,"2026-10-07T07:42:50.000+02:00",0.99,0.938396036624908,9.83229227384514,"almost_certain","2p4",NA,51.5655,6.0093,FALSE,6,"European Robin","Erithacus rubecula","#93d436","avian","https://media.birdweather.com/species/6/EuropeanRobin-standard-6802f21dc9c4b056c0c15b0a4ad01a9a.jpg","https://media.birdweather.com/species/6/EuropeanRobin-thumbnail-3afd51da2d7daf4db7f4ed43af30ed2d.jpg","https://media.birdweather.com/species/6/EuropeanRobin-png200-ac96bfc6bbb72a9e2528d5544937cebd.png","YxgKFwJnWYePd3iMd5h4Z4eHp6cMG8gA",17859138007,"https://media.birdweather.com/soundscapes/6891/6891-20261007-054250.flac",0,3,"birdnetpi"
11598135081,"1791351472-11598135081",6891,"2026-10-07T07:37:52.000+02:00",0.96,0.938396036624908,9.77139335912309,"almost_certain","2p4",NA,51.5619,6.0051,FALSE,6,"European Robin","Erithacus rubecula","#93d436","avian","https://media.birdweather.com/species/6/EuropeanRobin-standard-6802f21dc9c4b056c0c15b0a4ad01a9a.jpg","https://media.birdweather.com/species/6/EuropeanRobin-thumbnail-3afd51da2d7daf4db7f4ed43af30ed2d.jpg","https://media.birdweather.com/species/6/EuropeanRobin-png200-ac96bfc6bbb72a9e2528d5544937cebd.png","YxgKFwJnWYePd3iMd5h4Z4eHp6cMG8gA",17858991773,"https://media.birdweather.com/soundscapes/6891/6891-20261007-053752.flac",0,3,"birdnetpi"
11598132275,"1791351457-11598132275",6891,"2026-10-07T07:37:37.000+02:00",0.7,0.0828576683998108,5.90185632140635,"almost_certain","2p4",NA,51.5699,6.0089,FALSE,87,"Greater White-fronted Goose","Anser albifrons","#52ddb0","avian","https://media.birdweather.com/species/87/GreaterWhite-frontedGoose-standard-86685d8ce62f64de6b45d96269dc94a7.jpg","https://media.birdweather.com/species/87/GreaterWhite-frontedGoose-thumbnail-ddd5332925bbf51792063ce23342b10c.jpg","https://media.birdweather.com/species/87/GreaterWhite-frontedGoose-png200-26a9e9e98afb143b06ce267e8869dc60.png","XfkFFwKCaIlomIimd/l7lXeSTMz3FWAC",17858985225,"https://media.birdweather.com/soundscapes/6891/6891-20261007-053737.flac",0,3,"birdnetpi"
11598129840,"1791351446-11598129840",6891,"2026-10-07T07:37:26.000+02:00",0.97,0.938396036624908,9.79199525111251,"almost_certain","2p4",NA,51.566,6.0047,FALSE,6,"European Robin","Erithacus rubecula","#93d436","avian","https://media.birdweather.com/species/6/EuropeanRobin-standard-6802f21dc9c4b056c0c15b0a4ad01a9a.jpg","https://media.birdweather.com/species/6/EuropeanRobin-thumbnail-3afd51da2d7daf4db7f4ed43af30ed2d.jpg","https://media.birdweather.com/species/6/EuropeanRobin-png200-ac96bfc6bbb72a9e2528d5544937cebd.png","YxgKFwJnWYePd3iMd5h4Z4eHp6cMG8gA",17858979215,"https://media.birdweather.com/soundscapes/6891/6891-20261007-053726.flac",0,3,"birdnetpi"
11598117786,"1791351388-11598117786",6891,"2026-10-07T07:36:28.000+02:00",0.91,0.938396036624908,9.66346355646433,"almost_certain","2p4",NA,51.5648,6.0067,FALSE,6,"European Robin","Erithacus rubecula","#93d436","avian","https://media.birdweather.com/species/6/EuropeanRobin-standard-6802f21dc9c4b056c0c15b0a4ad01a9a.jpg","https://media.birdweather.com/species/6/EuropeanRobin-thumbnail-3afd51da2d7daf4db7f4ed43af30ed2d.jpg","https://media.birdweather.com/species/6/EuropeanRobin-png200-ac96bfc6bbb72a9e2528d5544937cebd.png","YxgKFwJnWYePd3iMd5h4Z4eHp6cMG8gA",17858950598,"https://media.birdweather.com/soundscapes/6891/6891-20261007-053628.flac",0,3,"birdnetpi"
11598113910,"1791351370-11598113910",6891,"2026-10-07T07:36:10.000+02:00",0.75,0.938396036624908,9.24669397353223,"almost_certain","2p4",NA,51.5666,6.0017,FALSE,6,"European Robin","Erithacus rubecula","#93d436","avian","https://media.birdweather.com/species/6/EuropeanRobin-standard-6802f21dc9c4b056c0c15b0a4ad01a9a.jpg","https://media.birdweather.com/species/6/EuropeanRobin-thumbnail-3afd51da2d7daf4db7f4ed43af30ed2d.jpg","https://media.birdweather.com/species/6/EuropeanRobin-png200-ac96bfc6bbb72a9e2528d5544937cebd.png","YxgKFwJnWYePd3iMd5h4Z4eHp6cMG8gA",17858941527,"https://media.birdweather.com/soundscapes/6891/6891-20261007-053610.flac",0,3,"birdnetpi"
11598110435,"1791351361-11598110435",6891,"2026-10-07T07:36:01.000+02:00",0.79,0.938396036624908,9.36336017095845,"almost_certain","2p4",NA,51.5617,6.0022,FALSE,6,"European Robin","Erithacus rubecula","#93d436","avian","https://media.birdweather.com/species/6/EuropeanRobin-standard-6802f21dc9c4b056c0c15b0a4ad01a9a.jpg","https://media.birdweather.com/species/6/EuropeanRobin-thumbnail-3afd51da2d7daf4db7f4ed43af30ed2d.jpg","https://media.birdweather.com/species/6/EuropeanRobin-png200-ac96bfc6bbb72a9e2528d5544937cebd.png","YxgKFwJnWYePd3iMd5h4Z4eHp6cMG8gA",17858932956,"https://media.birdweather.com/soundscapes/6891/6891-20261007-053601.flac",0,3,"birdnetpi"
11598107189,"1791351337-11598107189",6891,"2026-10-07T07:35:37.000+02:00",0.88,0.938396036624908,9.59437328699549,"almost_certain","2p4",NA,51.5625,6.0055,FALSE,6,"European Robin","Erithacus rubecula","#93d436","avian","https://media.birdweather.com/species/6/EuropeanRobin-standard-6802f21dc9c4b056c0c15b0a4ad01a9a.jpg","https://media.birdweather.com/species/6/EuropeanRobin-thumbnail-3afd51da2d7daf4db7f4ed43af30ed2d.jpg","https://media.birdweather.com/species/6/EuropeanRobin-png200-ac96bfc6bbb72a9e2528d5544937cebd.png","YxgKFwJnWYePd3iMd5h4Z4eHp6cMG8gA",17858925061,"https://media.birdweather.com/soundscapes/6891/6891-20261007-053537.flac",0,3,"birdnetpi"
11598104062,"1791351329-11598104062",6891,"2026-10-07T07:35:29.000+02:00",0.98,0.938396036624908,9.81229191863816,"almost_certain","2p4",NA,51.5646,6.0042,FALSE,6,"European Robin","Erithacus rubecula","#93d436","avian","https://media.birdweather.com/species/6/EuropeanRobin-standard-6802f21dc9c4b056c0c15b0a4ad01a9a.jpg","https://media.birdweather.com/species/6/EuropeanRobin-thumbnail-3afd51da2d7daf4db7f4ed43af30ed2d.jpg","https://media.birdweather.com/species/6/EuropeanRobin-png200-ac96bfc6bbb72a9e2528d5544937cebd.png","YxgKFwJnWYePd3iMd5h4Z4eHp6cMG8gA",17858917511,"https://media.birdweather.com/soundscapes/6891/6891-20261007-053529.flac",0,3,"birdnetpi"
11598096699,"1791351296-11598096699",6891,"2026-10-07T07:34:56.000+02:00",0.83,0.938396036624908,9.4708662841133,"almost_certain","2p4",NA,51.5701,6.005,FALSE,6,"European Robin","Erithacus rubecula","#93d436","avian","https://media.birdweather.com/species/6/EuropeanRobin-standard-6802f21dc9c4b056c0c15b0a4ad01a9a.jpg","https://media.birdweather.com/species/6/EuropeanRobin-thumbnail-3afd51da2d7daf4db7f4ed43af30ed2d.jpg","https://media.birdweather.com/species/6/EuropeanRobin-png200-ac96bfc6bbb72a9e2528d5544937cebd.png","YxgKFwJnWYePd3iMd5h4Z4eHp6cMG8gA",17858899591,"https://media.birdweather.com/soundscapes/6891/6891-20261007-053456.flac",0,3,"birdnetpi"
11598077921,"1791351193-11598077921",6891,"2026-10-07T07:33:13.000+02:00",0.81,0.454288482666016,8.43962294121063,"almost_certain","2p4",NA,51.564,6.001,FALSE,44,"Dunnock","Prunella modularis","#fea614","avian","https://media.birdweather.com/species/44/Dunnock-standard-a705d7131240cedd1c407b5a19989591.jpg","https://media.birdweather.com/species/44/Dunnock-thumbnail-1036624855b82c96db4ad23d1ed9d702.jpg","https://media.birdweather.com/species/44/Dunnock-png200-951bb2cdb9ec585716907d8eac83882e.png","lQgGDwB9pneQhHlwWjeK2ZK6d/kdFaUA",17858852860,"https://media.birdweather.com/soundscapes/6891/6891-20261007-053313.flac",0,3,"birdnetpi"
11598032904,"1791350975-11598032904",6891,"2026-10-07T07:29:35.000+02:00",0.81,0.0841870754957199,6.25416726742394,"almost_certain","2p4",NA,51.5646,6.0021,FALSE,56,"Hawfinch","Coccothraustes coccothraustes","#009135","avian","https://media.birdweather.com/species/56/Hawfinch-standard-f2fd54227598b155aeb69fb18024453c.jpg","https://media.birdweather.com/species/56/Hawfinch-thumbnail-2f25542de0973f7daac6127debea1661.jpg","https://media.birdweather.com/species/56/Hawfinch-png200-a69e6ce36567512aebe7edd3498f3923.png","XOgBDwKvYWRQ62V5hIx4g2aGae/HK6AF",17858743788,"https://media.birdweather.com/soundscapes/6891/6891-20261007-052935.flac",0,3,"birdnetpi"
11598016865,"1791350899-11598016865",6891,"2026-10-07T07:28:19.000+02:00",0.95,0.0841870754957199,6.58647671034864,"almost_certain","2p4",NA,51.5627,6.005,FALSE,56,"Hawfinch","Coccothraustes coccothraustes","#009135","avian","https://media.birdweather.com/species/56/Hawfinch-standard-f2fd54227598b155aeb69fb18024453c.jpg","https://media.birdweather.com/species/56/Hawfinch-thumbnail-2f25542de0973f7daac6127debea1661.jpg","https://media.birdweather.com/species/56/Hawfinch-png200-a69e6ce36567512aebe7edd3498f3923.png","XOgBDwKvYWRQ62V5hIx4g2aGae/HK6AF",17858705653,"https://media.birdweather.com/soundscapes/6891/6891-20261007-052819.flac",0,3,"birdnetpi"
11598009531,"1791350866-11598009531",6891,"2026-10-07T07:27:46.000+02:00",1,0.938396036624908,9.85200484415451,"almost_certain","2p4",NA,51.5673,6.0091,FALSE,6,"European Robin","Erithacus rubecula","#93d436","avian","https://media.birdweather.com/species/6/EuropeanRobin-standard-6802f21dc9c4b056c0c15b0a4ad01a9a.jpg","https://media.birdweather.com/species/6/EuropeanRobin-thumbnail-3afd51da2d7daf4db7f4ed43af30ed2d.jpg","https://media.birdweather.com/species/6/EuropeanRobin-png200-ac96bfc6bbb72a9e2528d5544937cebd.png","YxgKFwJnWYePd3iMd5h4Z4eHp6cMG8gA",17858688071,"https://media.birdweather.com/soundscapes/6891/6891-20261007-052746.flac",0,3,"birdnetpi"
11598002477,"1791350834-11598002477",6891,"2026-10-07T07:27:14.000+02:00",1,0.938396036624908,9.85200484415451,"almost_certain","2p4",NA,51.563,6.0042,FALSE,6,"European Robin","Erithacus rubecula","#93d436","avian","https://media.birdweather.com/species/6/EuropeanRobin-standard-6802f21dc9c4b056c0c15b0a4ad01a9a.jpg","https://media.birdweather.com/species/6/EuropeanRobin-thumbnail-3afd51da2d7daf4db7f4ed43af30ed2d.jpg","https://media.birdweather.com/species/6/EuropeanRobin-png200-ac96bfc6bbb72a9e2528d5544937cebd.png","YxgKFwJnWYePd3iMd5h4Z4eHp6cMG8gA",17858671594,"https://media.birdweather.com/soundscapes/6891/6891-20261007-052714.flac",0,3,"birdnetpi"
11597999094,"1791350815-11597999094",6891,"2026-10-07T07:26:55.000+02:00",0.98,0.938396036624908,9.81229191863816,"almost_certain","2p4",NA,51.5684,6.0036,FALSE,6,"European Robin","Erithacus rubecula","#93d436","avian","https://media.birdweather.com/species/6/EuropeanRobin-standard-6802f21dc9c4b056c0c15b0a4ad01a9a.jpg","https://media.birdweather.com/species/6/EuropeanRobin-thumbnail-3afd51da2d7daf4db7f4ed43af30ed2d.jpg","https://media.birdweather.com/species/6/EuropeanRobin-png200-ac96bfc6bbb72a9e2528d5544937cebd.png","YxgKFwJnWYePd3iMd5h4Z4eHp6cMG8gA",17858663563,"https://media.birdweather.com/soundscapes/6891/6891-20261007-052655.flac",0,3,"birdnetpi"
11597992016,"1791350783-11597992016",6891,"2026-10-07T07:26:23.000+02:00",0.99,0.938396036624908,9.83229227384514,"almost_certain","2p4",NA,51.5686,6.0073,FALSE,6,"European Robin","Erithacus rubecula","#93d436","avian","https://media.birdweather.com/species/6/EuropeanRobin-standard-6802f21dc9c4b056c0c15b0a4ad01a9a.jpg","https://media.birdweather.com/species/6/EuropeanRobin-thumbnail-3afd51da2d7daf4db7f4ed43af30ed2d.jpg","https://media.birdweather.com/species/6/EuropeanRobin-png200-ac96bfc6bbb72a9e2528d5544937cebd.png","YxgKFwJnWYePd3iMd5h4Z4eHp6cMG8gA",17858646029,"https://media.birdweather.com/soundscapes/6891/6891-20261007-052623.flac",0,3,"birdnetpi"
11597988336,"1791350773-11597988336",6891,"2026-10-07T07:26:13.000+02:00",1,0.938396036624908,9.85200484415451,"almost_certain","2p4",NA,51.5668,6.0021,FALSE,6,"European Robin","Erithacus rubecula","#93d436","avian","https://media.birdweather.com/species/6/EuropeanRobin-standard-6802f21dc9c4b056c0c15b0a4ad01a9a.jpg","https://media.birdweather.com/species/6/EuropeanRobin-thumbnail-3afd51da2d7daf4db7f4ed43af30ed2d.jpg","https://media.birdweather.com/species/6/EuropeanRobin-png200-ac96bfc6bbb72a9e2528d5544937cebd.png","YxgKFwJnWYePd3iMd5h4Z4eHp6cMG8gA",17858637082,"https://media.birdweather.com/soundscapes/6891/6891-20261007-052613.flac",0,3,"birdnetpi"
11597982765,"1791350747-11597982765",6891,"2026-10-07T07:25:47.000+02:00",1,0.938396036624908,9.85200484415451,"almost_certain","2p4",NA,51.5692,6.0033,FALSE,6,"European Robin","Erithacus rubecula","#93d436","avian","https://media.birdweather.com/species/6/EuropeanRobin-standard-6802f21dc9c4b056c0c15b0a4ad01a9a.jpg","https://media.birdweather.com/species/6/EuropeanRobin-thumbnail-3afd51da2d7daf4db7f4ed43af30ed2d.jpg","https://media.birdweather.com/species/6/EuropeanRobin-png200-ac96bfc6bbb72a9e2528d5544937cebd.png","YxgKFwJnWYePd3iMd5h4Z4eHp6cMG8gA",17858623515,"https://media.birdweather.com/soundscapes/6891/6891-20261007-052547.flac",0,3,"birdnetpi"
11597977105,"1791350708-11597977105",6891,"2026-10-07T07:25:08.000+02:00",0.73,0.938396036624908,9.18441052104707,"almost_certain","2p4",NA,51.5658,6.008,FALSE,6,"European Robin","Erithacus rubecula","#93d436","avian","https://media.birdweather.com/species/6/EuropeanRobin-standard-6802f21dc9c4b056c0c15b0a4ad01a9a.jpg","https://media.birdweather.com/species/6/EuropeanRobin-thumbnail-3afd51da2d7daf4db7f4ed43af30ed2d.jpg","https://media.birdweather.com/species/6/EuropeanRobin-png200-ac96bfc6bbb72a9e2528d5544937cebd.png","YxgKFwJnWYePd3iMd5h4Z4eHp6cMG8gA",17858609974,"https://media.birdweather.com/soundscapes/6891/6891-20261007-052508.flac",0,3,"birdnetpi"
11597970349,"1791350675-11597970349",6891,"2026-10-07T07:24:35.000+02:00",0.76,0.938396036624908,9.27680507573695,"almost_certain","2p4",NA,51.5664,6.0053,FALSE,6,"European Robin","Erithacus rubecula","#93d436","avian","https://media.birdweather.com/species/6/EuropeanRobin-standard-6802f21dc9c4b056c0c15b0a4ad01a9a.jpg","https://media.birdweather.com/species/6/EuropeanRobin-thumbnail-3afd51da2d7daf4db7f4ed43af30ed2d.jpg","https://media.birdweather.com/species/6/EuropeanRobin-png200-ac96bfc6bbb72a9e2528d5544937cebd.png","YxgKFwJnWYePd3iMd5h4Z4eHp6cMG8gA",17858593614,"https://media.birdweather.com/soundscapes/6891/6891-20261007-052435.flac",0,3,"birdnetpi"
11597929402,"1791350483-11597929402",6891,"2026-10-07T07:21:23.000+02:00",0.83,0.938396036624908,9.4708662841133,"almost_certain","2p4",NA,51.5637,6.0009,FALSE,6,"European Robin","Erithacus rubecula","#93d436","avian","https://media.birdweather.com/species/6/EuropeanRobin-standard-6802f21dc9c4b056c0c15b0a4ad01a9a.jpg","https://media.birdweather.com/species/6/EuropeanRobin-thumbnail-3afd51da2d7daf4db7f4ed43af30ed2d.jpg","https://media.birdweather.com/species/6/EuropeanRobin-png200-ac96bfc6bbb72a9e2528d5544937cebd.png","YxgKFwJnWYePd3iMd5h4Z4eHp6cMG8gA",17858493106,"https://media.birdweather.com/soundscapes/6891/6891-20261007-052123.flac",0,3,"birdnetpi"
11597926099,"1791350458-11597926099",6891,"2026-10-07T07:20:58.000+02:00",0.95,0.938396036624908,9.75047692230391,"almost_certain","2p4",NA,51.5699,6.009,FALSE,6,"European Robin","Erithacus rubecula","#93d436","avian","https://media.birdweather.com/species/6/EuropeanRobin-standard-6802f21dc9c4b056c0c15b0a4ad01a9a.jpg","https://media.birdweather.com/species/6/EuropeanRobin-thumbnail-3afd51da2d7daf4db7f4ed43af30ed2d.jpg","https://media.birdweather.com/species/6/EuropeanRobin-png200-ac96bfc6bbb72a9e2528d5544937cebd.png","YxgKFwJnWYePd3iMd5h4Z4eHp6cMG8gA",17858485109,"https://media.birdweather.com/soundscapes/6891/6891-20261007-052058.flac",0,3,"birdnetpi"
11597921906,"1791350447-11597921906",6891,"2026-10-07T07:20:47.000+02:00",0.97,0.938396036624908,9.79199525111251,"almost_certain","2p4",NA,51.5688,6.0017,FALSE,6,"European Robin","Erithacus rubecula","#93d436","avian","https://media.birdweather.com/species/6/EuropeanRobin-standard-6802f21dc9c4b056c0c15b0a4ad01a9a.jpg","https://media.birdweather.com/species/6/EuropeanRobin-thumbnail-3afd51da2d7daf4db7f4ed43af30ed2d.jpg","https://media.birdweather.com/species/6/EuropeanRobin-png200-ac96bfc6bbb72a9e2528d5544937cebd.png","YxgKFwJnWYePd3iMd5h4Z4eHp6cMG8gA",17858474628,"https://media.birdweather.com/soundscapes/6891/6891-20261007-052047.flac",0,3,"birdnetpi"
11597917252,"1791350416-11597917252",6891,"2026-10-07T07:20:16.000+02:00",0.99,0.938396036624908,9.83229227384514,"almost_certain","2p4",NA,51.5624,6.0038,FALSE,6,"European Robin","Erithacus rubecula","#93d436","avian","https://media.birdweather.com/species/6/EuropeanRobin-standard-6802f21dc9c4b056c0c15b0a4ad01a9a.jpg","https://media.birdweather.com/species/6/EuropeanRobin-thumbnail-3afd51da2d7daf4db7f4ed43af30ed2d.jpg","https://media.birdweather.com/species/6/EuropeanRobin-png200-ac96bfc6bbb72a9e2528d5544937cebd.png","YxgKFwJnWYePd3iMd5h4Z4eHp6cMG8gA",17858463203,"https://media.birdweather.com/soundscapes/6891/6891-20261007-052016.flac",0,3,"birdnetpi"
11597913377,"1791350407-11597913377",6891,"2026-10-07T07:20:07.000+02:00",0.88,0.938396036624908,9.59437328699549,"almost_certain","2p4",NA,51.567,6.0012,FALSE,6,"European Robin","Erithacus rubecula","#93d436","avian","https://media.birdweather.com/species/6/EuropeanRobin-standard-6802f21dc9c4b056c0c15b0a4ad01a9a.jpg","https://media.birdweather.com/species/6/EuropeanRobin-thumbnail-3afd51da2d7daf4db7f4ed43af30ed2d.jpg","https://media.birdweather.com/species/6/EuropeanRobin-png200-ac96bfc6bbb72a9e2528d5544937cebd.png","YxgKFwJnWYePd3iMd5h4Z4eHp6cMG8gA",17858453674,"https://media.birdweather.com/soundscapes/6891/6891-20261007-052007.flac",0,3,"birdnetpi"
11597909146,"1791350386-11597909146",6891,"2026-10-07T07:19:46.000+02:00",0.91,0.938396036624908,9.66346355646433,"almost_certain","2p4",NA,51.5688,6.0015,FALSE,6,"European Robin","Erithacus rubecula","#93d436","avian","https://media.birdweather.com/species/6/EuropeanRobin-standard-6802f21dc9c4b056c0c15b0a4ad01a9a.jpg","https://media.birdweather.com/species/6/EuropeanRobin-thumbnail-3afd51da2d7daf4db7f4ed43af30ed2d.jpg","https://media.birdweather.com/species/6/EuropeanRobin-png200-ac96bfc6bbb72a9e2528d5544937cebd.png","YxgKFwJnWYePd3iMd5h4Z4eHp6cMG8gA",17858443156,"https://media.birdweather.com/soundscapes/6891/6891-20261007-051946.flac",0,3,"birdnetpi"
11597902393,"1791350353-11597902393",6891,"2026-10-07T07:19:13.000+02:00",1,0.938396036624908,9.85200484415451,"almost_certain","2p4",NA,51.5695,6.0011,FALSE,6,"European Robin","Erithacus rubecula","#93d436","avian","https://media.birdweather.com/species/6/EuropeanRobin-standard-6802f21dc9c4b056c0c15b0a4ad01a9a.jpg","https://media.birdweather.com/species/6/EuropeanRobin-thumbnail-3afd51da2d7daf4db7f4ed43af30ed2d.jpg","https://media.birdweather.com/species/6/EuropeanRobin-png200-ac96bfc6bbb72a9e2528d5544937cebd.png","YxgKFwJnWYePd3iMd5h4Z4eHp6cMG8gA",17858426696,"https://media.birdweather.com/soundscapes/6891/6891-20261007-051913.flac",0,3,"birdnetpi"
11597900589,"1791350332-11597900589",6891,"2026-10-07T07:18:52.000+02:00",0.7,0.116879537701607,6.32952955128,"almost_certain","2p4",NA,51.5696,6.0039,FALSE,232,"Green Sandpiper","Tringa ochropus","#b27aa1","avian","https://media.birdweather.com/species/232/GreenSandpiper-standard-b34cf866a9e791dedc8295d5cd1029db.jpg","https://media.birdweather.com/species/232/GreenSandpiper-thumbnail-3cdf5e1b050dd0e0e32364120ba6b347.jpg","https://media.birdweather.com/species/232/GreenSandpiper-png200-e4b8d8bf418be90c12e3e9a544b19754.png","XggKDwKZd4h9eIePhrd4eIiGigsWmHAF",17858422151,"https://media.birdweather.com/soundscapes/6891/6891-20261007-051852.flac",0,3,"birdnetpi"
11597887225,"1791350278-11597887225",6891,"2026-10-07T07:17:58.000+02:00",0.9,0.938396036624908,9.64081841279117,"almost_certain","2p4",NA,51.567,6.0085,FALSE,6,"European Robin","Erithacus rubecula","#93d436","avian","https://media.birdweather.com/species/6/EuropeanRobin-standard-6802f21dc9c4b056c0c15b0a4ad01a9a.jpg","https://media.birdweather.com/species/6/EuropeanRobin-thumbnail-3afd51da2d7daf4db7f4ed43af30ed2d.jpg","https://media.birdweather.com/species/6/EuropeanRobin-png200-ac96bfc6bbb72a9e2528d5544937cebd.png","YxgKFwJnWYePd3iMd5h4Z4eHp6cMG8gA",17858389729,"https://media.birdweather.com/soundscapes/6891/6891-20261007-051758.flac",0,3,"birdnetpi"
11597881695,"1791350248-11597881695",6891,"2026-10-07T07:17:28.000+02:00",0.84,0.938396036624908,9.49647450633995,"almost_certain","2p4",NA,51.5616,6.006,FALSE,6,"European Robin","Erithacus rubecula","#93d436","avian","https://media.birdweather.com/species/6/EuropeanRobin-standard-6802f21dc9c4b056c0c15b0a4ad01a9a.jpg","https://media.birdweather.com/species/6/EuropeanRobin-thumbnail-3afd51da2d7daf4db7f4ed43af30ed2d.jpg","https://media.birdweather.com/species/6/EuropeanRobin-png200-ac96bfc6bbb72a9e2528d5544937cebd.png","YxgKFwJnWYePd3iMd5h4Z4eHp6cMG8gA",17858376273,"https://media.birdweather.com/soundscapes/6891/6891-20261007-051728.flac",0,3,"birdnetpi"
11597868780,"1791350179-11597868780",6891,"2026-10-07T07:16:19.000+02:00",0.8,0.938396036624908,9.39103787998345,"almost_certain","2p4",NA,51.5677,6.006,FALSE,6,"European Robin","Erithacus rubecula","#93d436","avian","https://media.birdweather.com/species/6/EuropeanRobin-standard-6802f21dc9c4b056c0c15b0a4ad01a9a.jpg","https://media.birdweather.com/species/6/EuropeanRobin-thumbnail-3afd51da2d7daf4db7f4ed43af30ed2d.jpg","https://media.birdweather.com/species/6/EuropeanRobin-png200-ac96bfc6bbb72a9e2528d5544937cebd.png","YxgKFwJnWYePd3iMd5h4Z4eHp6cMG8gA",17858345933,"https://media.birdweather.com/soundscapes/6891/6891-20261007-051619.flac",0,3,"birdnetpi"
11597860354,"1791350138-11597860354",6891,"2026-10-07T07:15:38.000+02:00",0.89,0.938396036624908,9.61779266069773,"almost_certain","2p4",NA,51.5635,6.0038,FALSE,6,"European Robin","Erithacus rubecula","#93d436","avian","https://media.birdweather.com/species/6/EuropeanRobin-standard-6802f21dc9c4b056c0c15b0a4ad01a9a.jpg","https://media.birdweather.com/species/6/EuropeanRobin-thumbnail-3afd51da2d7daf4db7f4ed43af30ed2d.jpg","https://media.birdweather.com/species/6/EuropeanRobin-png200-ac96bfc6bbb72a9e2528d5544937cebd.png","YxgKFwJnWYePd3iMd5h4Z4eHp6cMG8gA",17858325639,"https://media.birdweather.com/soundscapes/6891/6891-20261007-051538.flac",0,3,"birdnetpi"
11597817943,"1791349934-11597817943",6891,"2026-10-07T07:12:14.000+02:00",0.75,0.938396036624908,9.24669397353223,"almost_certain","2p4",NA,51.5665,6.0076,FALSE,6,"European Robin","Erithacus rubecula","#93d436","avian","https://media.birdweather.com/species/6/EuropeanRobin-standard-6802f21dc9c4b056c0c15b0a4ad01a9a.jpg","https://media.birdweather.com/species/6/EuropeanRobin-thumbnail-3afd51da2d7daf4db7f4ed43af30ed2d.jpg","https://media.birdweather.com/species/6/EuropeanRobin-png200-ac96bfc6bbb72a9e2528d5544937cebd.png","YxgKFwJnWYePd3iMd5h4Z4eHp6cMG8gA",17858223904,"https://media.birdweather.com/soundscapes/6891/6891-20261007-051214.flac",0,3,"birdnetpi"
11597805365,"1791349873-11597805365",6891,"2026-10-07T07:11:13.000+02:00",0.91,0.938396036624908,9.66346355646433,"almost_certain","2p4",NA,51.565,6.0036,FALSE,6,"European Robin","Erithacus rubecula","#93d436","avian","https://media.birdweather.com/species/6/EuropeanRobin-standard-6802f21dc9c4b056c0c15b0a4ad01a9a.jpg","https://media.birdweather.com/species/6/EuropeanRobin-thumbnail-3afd51da2d7daf4db7f4ed43af30ed2d.jpg","https://media.birdweather.com/species/6/EuropeanRobin-png200-ac96bfc6bbb72a9e2528d5544937cebd.png","YxgKFwJnWYePd3iMd5h4Z4eHp6cMG8gA",17858193541,"https://media.birdweather.com/soundscapes/6891/6891-20261007-051113.flac",0,3,"birdnetpi"
11597800096,"1791349847-11597800096",6891,"2026-10-07T07:10:47.000+02:00",0.7,0.938396036624908,9.08533121468298,"almost_certain","2p4",NA,51.564,6.0035,FALSE,6,"European Robin","Erithacus rubecula","#93d436","avian","https://media.birdweather.com/species/6/EuropeanRobin-standard-6802f21dc9c4b056c0c15b0a4ad01a9a.jpg","https://media.birdweather.com/species/6/EuropeanRobin-thumbnail-3afd51da2d7daf4db7f4ed43af30ed2d.jpg","https://media.birdweather.com/species/6/EuropeanRobin-png200-ac96bfc6bbb72a9e2528d5544937cebd.png","YxgKFwJnWYePd3iMd5h4Z4eHp6cMG8gA",17858180119,"https://media.birdweather.com/soundscapes/6891/6891-20261007-051047.flac",0,3,"birdnetpi"
11597764013,"1791349667-11597764013",6891,"2026-10-07T07:07:47.000+02:00",0.96,0.938396036624908,9.77139335912309,"almost_certain","2p4",NA,51.5641,6.0035,FALSE,6,"European Robin","Erithacus rubecula","#93d436","avian","https://media.birdweather.com/species/6/EuropeanRobin-standard-6802f21dc9c4b056c0c15b0a4ad01a9a.jpg","https://media.birdweather.com/species/6/EuropeanRobin-thumbnail-3afd51da2d7daf4db7f4ed43af30ed2d.jpg","https://media.birdweather.com/species/6/EuropeanRobin-png200-ac96bfc6bbb72a9e2528d5544937cebd.png","YxgKFwJnWYePd3iMd5h4Z4eHp6cMG8gA",17858090697,"https://media.birdweather.com/soundscapes/6891/6891-20261007-050747.flac",0,3,"birdnetpi"
11597763221,"1791349663-11597763221",6891,"2026-10-07T07:07:43.000+02:00",0.72,0.0841870754957199,5.98817352763983,"almost_certain","2p4",NA,51.5682,6.0046,FALSE,56,"Hawfinch","Coccothraustes coccothraustes","#009135","avian","https://media.birdweather.com/species/56/Hawfinch-standard-f2fd54227598b155aeb69fb18024453c.jpg","https://media.birdweather.com/species/56/Hawfinch-thumbnail-2f25542de0973f7daac6127debea1661.jpg","https://media.birdweather.com/species/56/Hawfinch-png200-a69e6ce36567512aebe7edd3498f3923.png","XOgBDwKvYWRQ62V5hIx4g2aGae/HK6AF",17858088712,"https://media.birdweather.com/soundscapes/6891/6891-20261007-050743.flac",0,3,"birdnetpi"
11597758613,"1791349648-11597758613",6891,"2026-10-07T07:07:28.000+02:00",1,0.938396036624908,9.85200484415451,"almost_certain","2p4",NA,51.5699,6.0076,FALSE,6,"European Robin","Erithacus rubecula","#93d436","avian","https://media.birdweather.com/species/6/EuropeanRobin-standard-6802f21dc9c4b056c0c15b0a4ad01a9a.jpg","https://media.birdweather.com/species/6/EuropeanRobin-thumbnail-3afd51da2d7daf4db7f4ed43af30ed2d.jpg","https://media.birdweather.com/species/6/EuropeanRobin-png200-ac96bfc6bbb72a9e2528d5544937cebd.png","YxgKFwJnWYePd3iMd5h4Z4eHp6cMG8gA",17858077304,"https://media.birdweather.com/soundscapes/6891/6891-20261007-050728.flac",0,3,"birdnetpi"
11597753881,"1791349616-11597753881",6891,"2026-10-07T07:06:56.000+02:00",0.95,0.938396036624908,9.75047692230391,"almost_certain","2p4",NA,51.5627,6.0048,FALSE,6,"European Robin","Erithacus rubecula","#93d436","avian","https://media.birdweather.com/species/6/EuropeanRobin-standard-6802f21dc9c4b056c0c15b0a4ad01a9a.jpg","https://media.birdweather.com/species/6/EuropeanRobin-thumbnail-3afd51da2d7daf4db7f4ed43af30ed2d.jpg","https://media.birdweather.com/species/6/EuropeanRobin-png200-ac96bfc6bbb72a9e2528d5544937cebd.png","YxgKFwJnWYePd3iMd5h4Z4eHp6cMG8gA",17858065737,"https://media.birdweather.com/soundscapes/6891/6891-20261007-050656.flac",0,3,"birdnetpi"
11597751130,"1791349603-11597751130",6891,"2026-10-07T07:06:43.000+02:00",0.83,0.91447514295578,9.43586824805903,"almost_certain","2p4",NA,51.5691,6.0056,FALSE,35,"Eurasian Blackbird","Turdus merula","#ff65df","avian","https://media.birdweather.com/species/35/EurasianBlackbird-standard-618b3a5132c7c359fb2a2884c39deb39.jpg","https://media.birdweather.com/species/35/EurasianBlackbird-thumbnail-276878929bed08167d1fd9bf34d63d40.jpg","https://media.birdweather.com/species/35/EurasianBlackbird-png200-ba5a1b43225da4611cac429c52a52c81.png","GfkFFwKRmrx2ZYiaaQe69nlzScn3T7IA",17858058803,"https://media.birdweather.com/soundscapes/6891/6891-20261007-050643.flac",0,3,"birdnetpi"
11597748443,"1791349600-11597748443",6891,"2026-10-07T07:06:40.000+02:00",1,0.938396036624908,9.85200484415451,"almost_certain","2p4",NA,51.5647,6.0029,FALSE,6,"European Robin","Erithacus rubecula","#93d436","avian","https://media.birdweather.com/species/6/EuropeanRobin-standard-6802f21dc9c4b056c0c15b0a4ad01a9a.jpg","https://media.birdweather.com/species/6/EuropeanRobin-thumbnail-3afd51da2d7daf4db7f4ed43af30ed2d.jpg","https://media.birdweather.com/species/6/EuropeanRobin-png200-ac96bfc6bbb72a9e2528d5544937cebd.png","YxgKFwJnWYePd3iMd5h4Z4eHp6cMG8gA",17858051901,"https://media.birdweather.com/soundscapes/6891/6891-20261007-050640.flac",0,3,"birdnetpi"
11597749460,"1791349594-11597749460",6891,"2026-10-07T07:06:34.000+02:00",0.84,0.0841870754957199,6.33247429438467,"almost_certain","2p4",NA,51.5672,6.0067,FALSE,56,"Hawfinch","Coccothraustes coccothraustes","#009135","avian","https://media.birdweather.com/species/56/Hawfinch-standard-f2fd54227598b155aeb69fb18024453c.jpg","https://media.birdweather.com/species/56/Hawfinch-thumbnail-2f25542de0973f7daac6127debea1661.jpg","https://media.birdweather.com/species/56/Hawfinch-png200-a69e6ce36567512aebe7edd3498f3923.png","XOgBDwKvYWRQ62V5hIx4g2aGae/HK6AF",17858054368,"https://media.birdweather.com/soundscapes/6891/6891-20261007-050634.flac",0,3,"birdnetpi"
11597739460,"1791349544-11597739460",6891,"2026-10-07T07:05:44.000+02:00",0.97,0.938396036624908,9.79199525111251,"almost_certain","2p4",NA,51.5669,6.009,FALSE,6,"European Robin","Erithacus rubecula","#93d436","avian","https://media.birdweather.com/species/6/EuropeanRobin-standard-6802f21dc9c4b056c0c15b0a4ad01a9a.jpg","https://media.birdweather.com/species/6/EuropeanRobin-thumbnail-3afd51da2d7daf4db7f4ed43af30ed2d.jpg","https://media.birdweather.com/species/6/EuropeanRobin-png200-ac96bfc6bbb72a9e2528d5544937cebd.png","YxgKFwJnWYePd3iMd5h4Z4eHp6cMG8gA",17858029023,"https://media.birdweather.com/soundscapes/6891/6891-20261007-050544.flac",0,3,"birdnetpi"
11597734214,"1791349525-11597734214",6891,"2026-10-07T07:05:25.000+02:00",0.88,0.938396036624908,9.59437328699549,"almost_certain","2p4",NA,51.5686,6.0056,FALSE,6,"European Robin","Erithacus rubecula","#93d436","avian","https://media.birdweather.com/species/6/EuropeanRobin-standard-6802f21dc9c4b056c0c15b0a4ad01a9a.jpg","https://media.birdweather.com/species/6/EuropeanRobin-thumbnail-3afd51da2d7daf4db7f4ed43af30ed2d.jpg","https://media.birdweather.com/species/6/EuropeanRobin-png200-ac96bfc6bbb72a9e2528d5544937cebd.png","YxgKFwJnWYePd3iMd5h4Z4eHp6cMG8gA",17858015619,"https://media.birdweather.com/soundscapes/6891/6891-20261007-050525.flac",0,3,"birdnetpi"
11597729791,"1791349493-11597729791",6891,"2026-10-07T07:04:53.000+02:00",0.85,0.938396036624908,9.52161282631538,"almost_certain","2p4",NA,51.5673,6.0062,FALSE,6,"European Robin","Erithacus rubecula","#93d436","avian","https://media.birdweather.com/species/6/EuropeanRobin-standard-6802f21dc9c4b056c0c15b0a4ad01a9a.jpg","https://media.birdweather.com/species/6/EuropeanRobin-thumbnail-3afd51da2d7daf4db7f4ed43af30ed2d.jpg","https://media.birdweather.com/species/6/EuropeanRobin-png200-ac96bfc6bbb72a9e2528d5544937cebd.png","YxgKFwJnWYePd3iMd5h4Z4eHp6cMG8gA",17858004183,"https://media.birdweather.com/soundscapes/6891/6891-20261007-050453.flac",0,3,"birdnetpi"
11597726649,"1791349477-11597726649",6891,"2026-10-07T07:04:37.000+02:00",0.8,0.938396036624908,9.39103787998345,"almost_certain","2p4",NA,51.5629,6.0087,FALSE,6,"European Robin","Erithacus rubecula","#93d436","avian","https://media.birdweather.com/species/6/EuropeanRobin-standard-6802f21dc9c4b056c0c15b0a4ad01a9a.jpg","https://media.birdweather.com/species/6/EuropeanRobin-thumbnail-3afd51da2d7daf4db7f4ed43af30ed2d.jpg","https://media.birdweather.com/species/6/EuropeanRobin-png200-ac96bfc6bbb72a9e2528d5544937cebd.png","YxgKFwJnWYePd3iMd5h4Z4eHp6cMG8gA",17857996345,"https://media.birdweather.com/soundscapes/6891/6891-20261007-050437.flac",0,3,"birdnetpi"
11597707184,"1791349388-11597707184",6891,"2026-10-07T07:03:08.000+02:00",0.82,0.938396036624908,9.44477025700345,"almost_certain","2p4",NA,51.5664,6.0062,FALSE,6,"European Robin","Erithacus rubecula","#93d436","avian","https://media.birdweather.com/species/6/EuropeanRobin-standard-6802f21dc9c4b056c0c15b0a4ad01a9a.jpg","https://media.birdweather.com/species/6/EuropeanRobin-thumbnail-3afd51da2d7daf4db7f4ed43af30ed2d.jpg","https://media.birdweather.com/species/6/EuropeanRobin-png200-ac96bfc6bbb72a9e2528d5544937cebd.png","YxgKFwJnWYePd3iMd5h4Z4eHp6cMG8gA",17857947040,"https://media.birdweather.com/soundscapes/6891/6891-20261007-050308.flac",0,3,"birdnetpi"
11597700060,"1791349342-11597700060",6891,"2026-10-07T07:02:22.000+02:00",0.72,0.938396036624908,9.1521737395951,"almost_certain","2p4",NA,51.5703,6.0033,FALSE,6,"European Robin","Erithacus rubecula","#93d436","avian","https://media.birdweather.com/species/6/EuropeanRobin-standard-6802f21dc9c4b056c0c15b0a4ad01a9a.jpg","https://media.birdweather.com/species/6/EuropeanRobin-thumbnail-3afd51da2d7daf4db7f4ed43af30ed2d.jpg","https://media.birdweather.com/species/6/EuropeanRobin-png200-ac96bfc6bbb72a9e2528d5544937cebd.png","YxgKFwJnWYePd3iMd5h4Z4eHp6cMG8gA",17857928664,"https://media.birdweather.com/soundscapes/6891/6891-20261007-050222.flac",0,3,"birdnetpi"
11597694714,"1791349312-11597694714",6891,"2026-10-07T07:01:52.000+02:00",0.79,0.938396036624908,9.36336017095845,"almost_certain","2p4",NA,51.5699,6.0084,FALSE,6,"European Robin","Erithacus rubecula","#93d436","avian","https://media.birdweather.com/species/6/EuropeanRobin-standard-6802f21dc9c4b056c0c15b0a4ad01a9a.jpg","https://media.birdweather.com/species/6/EuropeanRobin-thumbnail-3afd51da2d7daf4db7f4ed43af30ed2d.jpg","https://media.birdweather.com/species/6/EuropeanRobin-png200-ac96bfc6bbb72a9e2528d5544937cebd.png","YxgKFwJnWYePd3iMd5h4Z4eHp6cMG8gA",17857914250,"https://media.birdweather.com/soundscapes/6891/6891-20261007-050152.flac",0,3,"birdnetpi"
11597678284,"1791349222-11597678284",6891,"2026-10-07T07:00:22.000+02:00",0.72,0.938396036624908,9.1521737395951,"almost_certain","2p4",NA,51.5681,6.0063,FALSE,6,"European Robin","Erithacus rubecula","#93d436","avian","https://media.birdweather.com/species/6/EuropeanRobin-standard-6802f21dc9c4b056c0c15b0a4ad01a9a.jpg","https://media.birdweather.com/species/6/EuropeanRobin-thumbnail-3afd51da2d7daf4db7f4ed43af30ed2d.jpg","https://media.birdweather.com/species/6/EuropeanRobin-png200-ac96bfc6bbb72a9e2528d5544937cebd.png","YxgKFwJnWYePd3iMd5h4Z4eHp6cMG8gA",17857869747,"https://media.birdweather.com/soundscapes/6891/6891-20261007-050022.flac",0,3,"birdnetpi"
11597438820,"1791347737-11597438820",6891,"2026-10-07T06:35:37.000+02:00",0.88,0.756672143936157,9.30295658977082,"almost_certain","2p4",NA,51.5652,6.0074,FALSE,18,"Eurasian Jay","Garrulus glandarius","#a0d744","avian","https://media.birdweather.com/species/18/EurasianJay-standard-3cd5403b683fc176f7690defb189aa79.jpg","https://media.birdweather.com/species/18/EurasianJay-thumbnail-c77a71fdd86361404b9cf9b9338e8df6.jpg","https://media.birdweather.com/species/18/EurasianJay-png200-0a033554afbc5f41c648dfbe092f89fa.png","l/gFDwJLV5h2pYhQqWiqdoiHiA5sCIQA",17857137882,"https://media.birdweather.com/soundscapes/6891/6891-20261007-043537.flac",0,3,"birdnetpi"
11596763294,"1791342547-11596763294",6891,"2026-10-07T05:09:07.000+02:00",0.86,0.0296178534626961,5.19587370936936,"almost_certain","2p4",NA,51.5689,6.0092,FALSE,186,"Tawny Owl","Strix aluco","#ff81c2","avian","https://media.birdweather.com/species/186/TawnyOwl-standard-a880387489a3d9307eaa5193225ffd9d.jpg","https://media.birdweather.com/species/186/TawnyOwl-thumbnail-f1a9d78408877a4e4f011b228882ac2a.jpg","https://media.birdweather.com/species/186/TawnyOwl-png200-fc157b30e3acffca0c2aeeb821667e40.png","TggKDwIIh4mUanhjmoh3eIiIWFBKBZID",17854618522,"https://media.birdweather.com/soundscapes/6891/6891-20261007-030907.flac",0,3,"birdnetpi"
11596358571,"1791339379-11596358571",6891,"2026-10-07T04:16:19.000+02:00",0.95,0.0296178534626961,5.40005245281923,"almost_certain","2p4",NA,51.5698,6.0034,FALSE,186,"Tawny Owl","Strix aluco","#ff81c2","avian","https://media.birdweather.com/species/186/TawnyOwl-standard-a880387489a3d9307eaa5193225ffd9d.jpg","https://media.birdweather.com/species/186/TawnyOwl-thumbnail-f1a9d78408877a4e4f011b228882ac2a.jpg","https://media.birdweather.com/species/186/TawnyOwl-png200-fc157b30e3acffca0c2aeeb821667e40.png","TggKDwIIh4mUanhjmoh3eIiIWFBKBZID",17853081917,"https://media.birdweather.com/soundscapes/6891/6891-20261007-021619.flac",0,3,"birdnetpi"
11596355971,"1791339359-11596355971",6891,"2026-10-07T04:15:59.000+02:00",0.94,0.0296178534626961,5.37881171726496,"almost_certain","2p4",NA,51.5633,6.003,FALSE,186,"Tawny Owl","Strix aluco","#ff81c2","avian","https://media.birdweather.com/species/186/TawnyOwl-standard-a880387489a3d9307eaa5193225ffd9d.jpg","https://media.birdweather.com/species/186/TawnyOwl-thumbnail-f1a9d78408877a4e4f011b228882ac2a.jpg","https://media.birdweather.com/species/186/TawnyOwl-png200-fc157b30e3acffca0c2aeeb821667e40.png","TggKDwIIh4mUanhjmoh3eIiIWFBKBZID",17853072178,"https://media.birdweather.com/soundscapes/6891/6891-20261007-021559.flac",0,3,"birdnetpi"
11596351631,"1791339323-11596351631",6891,"2026-10-07T04:15:23.000+02:00",0.88,0.0296178534626961,5.2439488175108,"almost_certain","2p4",NA,51.5661,6.0092,FALSE,186,"Tawny Owl","Strix aluco","#ff81c2","avian","https://media.birdweather.com/species/186/TawnyOwl-standard-a880387489a3d9307eaa5193225ffd9d.jpg","https://media.birdweather.com/species/186/TawnyOwl-thumbnail-f1a9d78408877a4e4f011b228882ac2a.jpg","https://media.birdweather.com/species/186/TawnyOwl-png200-fc157b30e3acffca0c2aeeb821667e40.png","TggKDwIIh4mUanhjmoh3eIiIWFBKBZID",17853055678,"https://media.birdweather.com/soundscapes/6891/6891-20261007-021523.flac",0,3,"birdnetpi"
11596347459,"1791339292-11596347459",6891,"2026-10-07T04:14:52.000+02:00",0.96,0.0296178534626961,5.42096888963841,"almost_certain","2p4",NA,51.5626,6.0015,FALSE,186,"Tawny Owl","Strix aluco","#ff81c2","avian","https://media.birdweather.com/species/186/TawnyOwl-standard-a880387489a3d9307eaa5193225ffd9d.jpg","https://media.birdweather.com/species/186/TawnyOwl-thumbnail-f1a9d78408877a4e4f011b228882ac2a.jpg","https://media.birdweather.com/species/186/TawnyOwl-png200-fc157b30e3acffca0c2aeeb821667e40.png","TggKDwIIh4mUanhjmoh3eIiIWFBKBZID",17853040118,"https://media.birdweather.com/soundscapes/6891/6891-20261007-021452.flac",0,3,"birdnetpi"
11596344354,"1791339271-11596344354",6891,"2026-10-07T04:14:31.000+02:00",0.81,0.0296178534626961,5.06774300989454,"almost_certain","2p4",NA,51.5693,6.0018,FALSE,186,"Tawny Owl","Strix aluco","#ff81c2","avian","https://media.birdweather.com/species/186/TawnyOwl-standard-a880387489a3d9307eaa5193225ffd9d.jpg","https://media.birdweather.com/species/186/TawnyOwl-thumbnail-f1a9d78408877a4e4f011b228882ac2a.jpg","https://media.birdweather.com/species/186/TawnyOwl-png200-fc157b30e3acffca0c2aeeb821667e40.png","TggKDwIIh4mUanhjmoh3eIiIWFBKBZID",17853028012,"https://media.birdweather.com/soundscapes/6891/6891-20261007-021431.flac",0,3,"birdnetpi"
11596333800,"1791339184-11596333800",6891,"2026-10-07T04:13:04.000+02:00",0.83,0.0296178534626961,5.12044181462862,"almost_certain","2p4",NA,51.5633,6.0017,FALSE,186,"Tawny Owl","Strix aluco","#ff81c2","avian","https://media.birdweather.com/species/186/TawnyOwl-standard-a880387489a3d9307eaa5193225ffd9d.jpg","https://media.birdweather.com/species/186/TawnyOwl-thumbnail-f1a9d78408877a4e4f011b228882ac2a.jpg","https://media.birdweather.com/species/186/TawnyOwl-png200-fc157b30e3acffca0c2aeeb821667e40.png","TggKDwIIh4mUanhjmoh3eIiIWFBKBZID",17852987290,"https://media.birdweather.com/soundscapes/6891/6891-20261007-021304.flac",0,3,"birdnetpi"
11596329381,"1791339149-11596329381",6891,"2026-10-07T04:12:29.000+02:00",0.95,0.0296178534626961,5.40005245281923,"almost_certain","2p4",NA,51.5691,6.0006,FALSE,186,"Tawny Owl","Strix aluco","#ff81c2","avian","https://media.birdweather.com/species/186/TawnyOwl-standard-a880387489a3d9307eaa5193225ffd9d.jpg","https://media.birdweather.com/species/186/TawnyOwl-thumbnail-f1a9d78408877a4e4f011b228882ac2a.jpg","https://media.birdweather.com/species/186/TawnyOwl-png200-fc157b30e3acffca0c2aeeb821667e40.png","TggKDwIIh4mUanhjmoh3eIiIWFBKBZID",17852971236,"https://media.birdweather.com/soundscapes/6891/6891-20261007-021229.flac",0,3,"birdnetpi"
11596324270,"1791339112-11596324270",6891,"2026-10-07T04:11:52.000+02:00",0.81,0.0296178534626961,5.06774300989454,"almost_certain","2p4",NA,51.5645,6.0045,FALSE,186,"Tawny Owl","Strix aluco","#ff81c2","avian","https://media.birdweather.com/species/186/TawnyOwl-standard-a880387489a3d9307eaa5193225ffd9d.jpg","https://media.birdweather.com/species/186/TawnyOwl-thumbnail-f1a9d78408877a4e4f011b228882ac2a.jpg","https://media.birdweather.com/species/186/TawnyOwl-png200-fc157b30e3acffca0c2aeeb821667e40.png","TggKDwIIh4mUanhjmoh3eIiIWFBKBZID",17852952342,"https://media.birdweather.com/soundscapes/6891/6891-20261007-021152.flac",0,3,"birdnetpi"
11596314059,"1791339035-11596314059",6891,"2026-10-07T04:10:35.000+02:00",0.87,0.0296178534626961,5.22012212999554,"almost_certain","2p4",NA,51.5642,6.0079,FALSE,186,"Tawny Owl","Strix aluco","#ff81c2","avian","https://media.birdweather.com/species/186/TawnyOwl-standard-a880387489a3d9307eaa5193225ffd9d.jpg","https://media.birdweather.com/species/186/TawnyOwl-thumbnail-f1a9d78408877a4e4f011b228882ac2a.jpg","https://media.birdweather.com/species/186/TawnyOwl-png200-fc157b30e3acffca0c2aeeb821667e40.png","TggKDwIIh4mUanhjmoh3eIiIWFBKBZID",17852914923,"https://media.birdweather.com/soundscapes/6891/6891-20261007-021035.flac",0,3,"birdnetpi"
11596311905,"1791339019-11596311905",6891,"2026-10-07T04:10:19.000+02:00",0.88,0.0296178534626961,5.2439488175108,"almost_certain","2p4",NA,51.5619,6.0044,FALSE,186,"Tawny Owl","Strix aluco","#ff81c2","avian","https://media.birdweather.com/species/186/TawnyOwl-standard-a880387489a3d9307eaa5193225ffd9d.jpg","https://media.birdweather.com/species/186/TawnyOwl-thumbnail-f1a9d78408877a4e4f011b228882ac2a.jpg","https://media.birdweather.com/species/186/TawnyOwl-png200-fc157b30e3acffca0c2aeeb821667e40.png","TggKDwIIh4mUanhjmoh3eIiIWFBKBZID",17852907132,"https://media.birdweather.com/soundscapes/6891/6891-20261007-021019.flac",0,3,"birdnetpi"
11596308781,"1791338994-11596308781",6891,"2026-10-07T04:09:54.000+02:00",0.88,0.0296178534626961,5.2439488175108,"almost_certain","2p4",NA,51.5631,6.0077,FALSE,186,"Tawny Owl","Strix aluco","#ff81c2","avian","https://media.birdweather.com/species/186/TawnyOwl-standard-a880387489a3d9307eaa5193225ffd9d.jpg","https://media.birdweather.com/species/186/TawnyOwl-thumbnail-f1a9d78408877a4e4f011b228882ac2a.jpg","https://media.birdweather.com/species/186/TawnyOwl-png200-fc157b30e3acffca0c2aeeb821667e40.png","TggKDwIIh4mUanhjmoh3eIiIWFBKBZID",17852895509,"https://media.birdweather.com/soundscapes/6891/6891-20261007-020954.flac",0,3,"birdnetpi"
11596302547,"1791338948-11596302547",6891,"2026-10-07T04:09:08.000+02:00",0.93,0.0296178534626961,5.35723646821861,"almost_certain","2p4",NA,51.563,6.0072,FALSE,186,"Tawny Owl","Strix aluco","#ff81c2","avian","https://media.birdweather.com/species/186/TawnyOwl-standard-a880387489a3d9307eaa5193225ffd9d.jpg","https://media.birdweather.com/species/186/TawnyOwl-thumbnail-f1a9d78408877a4e4f011b228882ac2a.jpg","https://media.birdweather.com/species/186/TawnyOwl-png200-fc157b30e3acffca0c2aeeb821667e40.png","TggKDwIIh4mUanhjmoh3eIiIWFBKBZID",17852872601,"https://media.birdweather.com/soundscapes/6891/6891-20261007-020908.flac",0,3,"birdnetpi"
11596299650,"1791338924-11596299650",6891,"2026-10-07T04:08:44.000+02:00",0.87,0.0296178534626961,5.22012212999554,"almost_certain","2p4",NA,51.5691,6.0068,FALSE,186,"Tawny Owl","Strix aluco","#ff81c2","avian","https://media.birdweather.com/species/186/TawnyOwl-standard-a880387489a3d9307eaa5193225ffd9d.jpg","https://media.birdweather.com/species/186/TawnyOwl-thumbnail-f1a9d78408877a4e4f011b228882ac2a.jpg","https://media.birdweather.com/species/186/TawnyOwl-png200-fc157b30e3acffca0c2aeeb821667e40.png","TggKDwIIh4mUanhjmoh3eIiIWFBKBZID",17852861915,"https://media.birdweather.com/soundscapes/6891/6891-20261007-020844.flac",0,3,"birdnetpi"
11596296244,"1791338899-11596296244",6891,"2026-10-07T04:08:19.000+02:00",0.84,0.0296178534626961,5.14605003685527,"almost_certain","2p4",NA,51.5634,6.0018,FALSE,186,"Tawny Owl","Strix aluco","#ff81c2","avian","https://media.birdweather.com/species/186/TawnyOwl-standard-a880387489a3d9307eaa5193225ffd9d.jpg","https://media.birdweather.com/species/186/TawnyOwl-thumbnail-f1a9d78408877a4e4f011b228882ac2a.jpg","https://media.birdweather.com/species/186/TawnyOwl-png200-fc157b30e3acffca0c2aeeb821667e40.png","TggKDwIIh4mUanhjmoh3eIiIWFBKBZID",17852849264,"https://media.birdweather.com/soundscapes/6891/6891-20261007-020819.flac",0,3,"birdnetpi"
11596290804,"1791338856-11596290804",6891,"2026-10-07T04:07:36.000+02:00",0.96,0.0296178534626961,5.42096888963841,"almost_certain","2p4",NA,51.5677,6.0067,FALSE,186,"Tawny Owl","Strix aluco","#ff81c2","avian","https://media.birdweather.com/species/186/TawnyOwl-standard-a880387489a3d9307eaa5193225ffd9d.jpg","https://media.birdweather.com/species/186/TawnyOwl-thumbnail-f1a9d78408877a4e4f011b228882ac2a.jpg","https://media.birdweather.com/species/186/TawnyOwl-png200-fc157b30e3acffca0c2aeeb821667e40.png","TggKDwIIh4mUanhjmoh3eIiIWFBKBZID",17852828404,"https://media.birdweather.com/soundscapes/6891/6891-20261007-020736.flac",0,3,"birdnetpi"
11596285776,"1791338818-11596285776",6891,"2026-10-07T04:06:58.000+02:00",0.72,0.0296178534626961,4.80174927011042,"almost_certain","2p4",NA,51.5698,6.0023,FALSE,186,"Tawny Owl","Strix aluco","#ff81c2","avian","https://media.birdweather.com/species/186/TawnyOwl-standard-a880387489a3d9307eaa5193225ffd9d.jpg","https://media.birdweather.com/species/186/TawnyOwl-thumbnail-f1a9d78408877a4e4f011b228882ac2a.jpg","https://media.birdweather.com/species/186/TawnyOwl-png200-fc157b30e3acffca0c2aeeb821667e40.png","TggKDwIIh4mUanhjmoh3eIiIWFBKBZID",17852809504,"https://media.birdweather.com/soundscapes/6891/6891-20261007-020658.flac",0,3,"birdnetpi"
11596114163,"1791337611-11596114163",6891,"2026-10-07T03:46:51.000+02:00",0.89,0.00411596661433578,3.85356474149577,"very_likely","2p4",NA,51.5679,6.0048,FALSE,242,"Barn Owl","Tyto alba","#c57e94","avian","https://media.birdweather.com/species/242/BarnOwl-standard-8bec9306e3928726cbb18b498dd33c03.jpg","https://media.birdweather.com/species/242/BarnOwl-thumbnail-f2dc3ee81bc91e5f2214d7a2b7be6eef.jpg","https://media.birdweather.com/species/242/BarnOwl-png200-fe95e07244e391ae77d98d1c722d7699.png","4PgFFwKCFGWPgIlpq2aJdXiHiQRFCWME",17852209254,"https://media.birdweather.com/soundscapes/6891/6891-20261007-014651.flac",0,3,"birdnetpi"
11595921965,"1791336367-11595921965",6891,"2026-10-07T03:26:07.000+02:00",0.77,0.0296178534626961,4.95584410740499,"almost_certain","2p4",NA,51.5623,6.0013,FALSE,186,"Tawny Owl","Strix aluco","#ff81c2","avian","https://media.birdweather.com/species/186/TawnyOwl-standard-a880387489a3d9307eaa5193225ffd9d.jpg","https://media.birdweather.com/species/186/TawnyOwl-thumbnail-f1a9d78408877a4e4f011b228882ac2a.jpg","https://media.birdweather.com/species/186/TawnyOwl-png200-fc157b30e3acffca0c2aeeb821667e40.png","TggKDwIIh4mUanhjmoh3eIiIWFBKBZID",17851594447,"https://media.birdweather.com/soundscapes/6891/6891-20261007-012607.flac",0,3,"birdnetpi"
11595904684,"1791336283-11595904684",6891,"2026-10-07T03:24:43.000+02:00",0.78,0.0296178534626961,4.98468727800602,"almost_certain","2p4",NA,51.5625,6.0052,FALSE,186,"Tawny Owl","Strix aluco","#ff81c2","avian","https://media.birdweather.com/species/186/TawnyOwl-standard-a880387489a3d9307eaa5193225ffd9d.jpg","https://media.birdweather.com/species/186/TawnyOwl-thumbnail-f1a9d78408877a4e4f011b228882ac2a.jpg","https://media.birdweather.com/species/186/TawnyOwl-png200-fc157b30e3acffca0c2aeeb821667e40.png","TggKDwIIh4mUanhjmoh3eIiIWFBKBZID",17851548361,"https://media.birdweather.com/soundscapes/6891/6891-20261007-012443.flac",0,3,"birdnetpi"
11595898878,"1791336251-11595898878",6891,"2026-10-07T03:24:11.000+02:00",0.83,0.0296178534626961,5.12044181462862,"almost_certain","2p4",NA,51.5689,6.0066,FALSE,186,"Tawny Owl","Strix aluco","#ff81c2","avian","https://media.birdweather.com/species/186/TawnyOwl-standard-a880387489a3d9307eaa5193225ffd9d.jpg","https://media.birdweather.com/species/186/TawnyOwl-thumbnail-f1a9d78408877a4e4f011b228882ac2a.jpg","https://media.birdweather.com/species/186/TawnyOwl-png200-fc157b30e3acffca0c2aeeb821667e40.png","TggKDwIIh4mUanhjmoh3eIiIWFBKBZID",17851530840,"https://media.birdweather.com/soundscapes/6891/6891-20261007-012411.flac",0,3,"birdnetpi"
11595894249,"1791336225-11595894249",6891,"2026-10-07T03:23:45.000+02:00",0.91,0.0296178534626961,5.31303908697965,"almost_certain","2p4",NA,51.5625,6.0017,FALSE,186,"Tawny Owl","Strix aluco","#ff81c2","avian","https://media.birdweather.com/species/186/TawnyOwl-standard-a880387489a3d9307eaa5193225ffd9d.jpg","https://media.birdweather.com/species/186/TawnyOwl-thumbnail-f1a9d78408877a4e4f011b228882ac2a.jpg","https://media.birdweather.com/species/186/TawnyOwl-png200-fc157b30e3acffca0c2aeeb821667e40.png","TggKDwIIh4mUanhjmoh3eIiIWFBKBZID",17851517742,"https://media.birdweather.com/soundscapes/6891/6891-20261007-012345.flac",0,3,"birdnetpi"
11595825091,"1791335818-11595825091",6891,"2026-10-07T03:16:58.000+02:00",0.79,0.0296178534626961,5.01293570147377,"almost_certain","2p4",NA,51.5689,6.0069,FALSE,186,"Tawny Owl","Strix aluco","#ff81c2","avian","https://media.birdweather.com/species/186/TawnyOwl-standard-a880387489a3d9307eaa5193225ffd9d.jpg","https://media.birdweather.com/species/186/TawnyOwl-thumbnail-f1a9d78408877a4e4f011b228882ac2a.jpg","https://media.birdweather.com/species/186/TawnyOwl-png200-fc157b30e3acffca0c2aeeb821667e40.png","TggKDwIIh4mUanhjmoh3eIiIWFBKBZID",17851311322,"https://media.birdweather.com/soundscapes/6891/6891-20261007-011658.flac",0,3,"birdnetpi"
11595317800,"1791332967-11595317800",6891,"2026-10-07T02:29:27.000+02:00",0.87,0.0828576683998108,6.38707170620359,"almost_certain","2p4",NA,51.5703,6.0063,FALSE,87,"Greater White-fronted Goose","Anser albifrons","#52ddb0","avian","https://media.birdweather.com/species/87/GreaterWhite-frontedGoose-standard-86685d8ce62f64de6b45d96269dc94a7.jpg","https://media.birdweather.com/species/87/GreaterWhite-frontedGoose-thumbnail-ddd5332925bbf51792063ce23342b10c.jpg","https://media.birdweather.com/species/87/GreaterWhite-frontedGoose-png200-26a9e9e98afb143b06ce267e8869dc60.png","XfkFFwKCaIlomIimd/l7lXeSTMz3FWAC",17849870973,"https://media.birdweather.com/soundscapes/6891/6891-20261007-002927.flac",0,3,"birdnetpi"
11595179594,"1791332173-11595179594",6891,"2026-10-07T02:16:13.000+02:00",0.99,0.0296178534626961,5.48186780436045,"almost_certain","2p4",NA,51.5665,6.0031,FALSE,186,"Tawny Owl","Strix aluco","#ff81c2","avian","https://media.birdweather.com/species/186/TawnyOwl-standard-a880387489a3d9307eaa5193225ffd9d.jpg","https://media.birdweather.com/species/186/TawnyOwl-thumbnail-f1a9d78408877a4e4f011b228882ac2a.jpg","https://media.birdweather.com/species/186/TawnyOwl-png200-fc157b30e3acffca0c2aeeb821667e40.png","TggKDwIIh4mUanhjmoh3eIiIWFBKBZID",17849476935,"https://media.birdweather.com/soundscapes/6891/6891-20261007-001613.flac",0,3,"birdnetpi"
